TxnID,TxnDate,TxnType,WarehouseID,ProductID,QtyChange,Reference,EmployeeID
TXN-000001,2024-07-04,RECEIPT,WH-IBD,PRD-0079,67,PO-2024-00004,EMP-007
TXN-000002,2024-07-05,RECEIPT,WH-IBD,PRD-0145,84,PO-2024-00008,EMP-002
TXN-000003,2024-07-06,RECEIPT,WH-LAG2,PRD-0083,191,PO-2024-00005,EMP-016
TXN-000004,2024-07-07,RECEIPT,WH-PHC,PRD-0059,68,PO-2024-00002,EMP-019
TXN-000005,2024-07-10,TRANSFER_OUT,WH-LAG1,PRD-0028,-15,TRF-00001,EMP-010
TXN-000006,2024-07-10,TRANSFER_IN,WH-IBD,PRD-0028,15,TRF-00001,EMP-022
TXN-000007,2024-07-11,RECEIPT,WH-PHC,PRD-0024,31,PO-2024-00001,EMP-004
TXN-000008,2024-07-11,RECEIPT,WH-IBD,PRD-0018,87,PO-2024-00017,EMP-037
TXN-000009,2024-07-11,RECEIPT,WH-LAG2,PRD-0081,54,PO-2024-00029,EMP-016
TXN-000010,2024-07-11,RECEIPT,WH-LAG1,PRD-0158,47,PO-2024-00057,EMP-025
TXN-000011,2024-07-12,RECEIPT,WH-LAG1,PRD-0159,72,PO-2024-00010,EMP-040
TXN-000012,2024-07-12,RECEIPT,WH-IBD,PRD-0087,24,PO-2024-00031,EMP-032
TXN-000013,2024-07-12,RECEIPT,WH-ABJ,PRD-0104,35,PO-2024-00034,EMP-033
TXN-000014,2024-07-12,RECEIPT,WH-ABJ,PRD-0116,63,PO-2024-00041,EMP-018
TXN-000015,2024-07-13,RECEIPT,WH-PHC,PRD-0130,40,PO-2024-00007,EMP-009
TXN-000016,2024-07-13,RECEIPT,WH-LAG1,PRD-0030,31,PO-2024-00022,EMP-025
TXN-000017,2024-07-13,RECEIPT,WH-PHC,PRD-0166,152,PO-2024-00059,EMP-029
TXN-000018,2024-07-14,RECEIPT,WH-LAG2,PRD-0154,48,PO-2024-00009,EMP-016
TXN-000019,2024-07-14,RECEIPT,WH-LAG1,PRD-0111,126,PO-2024-00037,EMP-025
TXN-000020,2024-07-15,RECEIPT,WH-LAG2,PRD-0004,231,PO-2024-00014,EMP-021
TXN-000021,2024-07-15,RECEIPT,WH-PHC,PRD-0011,109,PO-2024-00016,EMP-029
TXN-000022,2024-07-15,RECEIPT,WH-LAG1,PRD-0059,93,PO-2024-00026,EMP-035
TXN-000023,2024-07-15,RECEIPT,WH-PHC,PRD-0132,54,PO-2024-00050,EMP-024
TXN-000024,2024-07-15,RECEIPT,WH-ABJ,PRD-0136,80,PO-2024-00051,EMP-023
TXN-000025,2024-07-15,RECEIPT,WH-IBD,PRD-0143,52,PO-2024-00052,EMP-032
TXN-000026,2024-07-16,RECEIPT,WH-PHC,PRD-0112,21,PO-2024-00039,EMP-039
TXN-000027,2024-07-16,RECEIPT,WH-LAG2,PRD-0146,44,PO-2024-00053,EMP-016
TXN-000028,2024-07-17,RECEIPT,WH-IBD,PRD-0029,34,PO-2024-00021,EMP-017
TXN-000029,2024-07-17,RECEIPT,WH-ABJ,PRD-0105,40,PO-2024-00035,EMP-018
TXN-000030,2024-07-17,RECEIPT,WH-IBD,PRD-0120,132,PO-2024-00044,EMP-002
TXN-000031,2024-07-18,RECEIPT,WH-LAG1,PRD-0021,78,PO-2024-00018,EMP-030
TXN-000032,2024-07-18,RECEIPT,WH-ABJ,PRD-0109,90,PO-2024-00036,EMP-013
TXN-000033,2024-07-18,RECEIPT,WH-IBD,PRD-0011,95,PO-2024-00065,EMP-022
TXN-000034,2024-07-18,RECEIPT,WH-LAG2,PRD-0018,99,PO-2024-00067,EMP-031
TXN-000035,2024-07-18,RECEIPT,WH-LAG1,PRD-0138,169,PO-2024-00130,EMP-030
TXN-000036,2024-07-19,RECEIPT,WH-ABJ,PRD-0148,53,PO-2024-00054,EMP-003
TXN-000037,2024-07-19,RECEIPT,WH-LAG2,PRD-0152,59,PO-2024-00055,EMP-006
TXN-000038,2024-07-19,RECEIPT,WH-IBD,PRD-0031,84,PO-2024-00073,EMP-017
TXN-000039,2024-07-19,RECEIPT,WH-LAG2,PRD-0039,146,PO-2024-00080,EMP-036
TXN-000040,2024-07-19,RECEIPT,WH-PHC,PRD-0097,29,PO-2024-00108,EMP-004
TXN-000041,2024-07-19,RECEIPT,WH-IBD,PRD-0157,47,PO-2024-00143,EMP-012
TXN-000042,2024-07-20,RECEIPT,WH-LAG2,PRD-0085,70,PO-2024-00030,EMP-006
TXN-000043,2024-07-20,RECEIPT,WH-ABJ,PRD-0111,107,PO-2024-00038,EMP-013
TXN-000044,2024-07-20,RECEIPT,WH-PHC,PRD-0126,55,PO-2024-00048,EMP-004
TXN-000045,2024-07-20,RECEIPT,WH-IBD,PRD-0004,137,PO-2024-00061,EMP-032
TXN-000046,2024-07-20,RECEIPT,WH-LAG1,PRD-0068,206,PO-2024-00099,EMP-005
TXN-000047,2024-07-20,RECEIPT,WH-LAG2,PRD-0079,46,PO-2024-00105,EMP-031
TXN-000048,2024-07-21,RECEIPT,WH-LAG2,PRD-0070,47,PO-2024-00003,EMP-026
TXN-000049,2024-07-21,RECEIPT,WH-ABJ,PRD-0093,138,PO-2024-00033,EMP-013
TXN-000050,2024-07-21,RECEIPT,WH-ABJ,PRD-0117,85,PO-2024-00042,EMP-008
TXN-000051,2024-07-21,RECEIPT,WH-LAG2,PRD-0162,60,PO-2024-00058,EMP-026
TXN-000052,2024-07-21,RECEIPT,WH-ABJ,PRD-0018,101,PO-2024-00068,EMP-008
TXN-000053,2024-07-21,RECEIPT,WH-PHC,PRD-0035,67,PO-2024-00077,EMP-024
TXN-000054,2024-07-21,RECEIPT,WH-ABJ,PRD-0039,210,PO-2024-00081,EMP-018
TXN-000055,2024-07-21,RECEIPT,WH-LAG1,PRD-0053,30,PO-2024-00088,EMP-030
TXN-000056,2024-07-21,RECEIPT,WH-LAG2,PRD-0060,105,PO-2024-00094,EMP-006
TXN-000057,2024-07-21,RECEIPT,WH-PHC,PRD-0062,126,PO-2024-00095,EMP-039
TXN-000058,2024-07-21,RECEIPT,WH-IBD,PRD-0063,67,PO-2024-00096,EMP-012
TXN-000059,2024-07-21,RECEIPT,WH-LAG1,PRD-0105,55,PO-2024-00112,EMP-020
TXN-000060,2024-07-21,RECEIPT,WH-LAG1,PRD-0170,124,PO-2024-00149,EMP-035
TXN-000061,2024-07-22,RECEIPT,WH-LAG1,PRD-0124,85,PO-2024-00006,EMP-020
TXN-000062,2024-07-22,RECEIPT,WH-LAG2,PRD-0121,167,PO-2024-00045,EMP-006
TXN-000063,2024-07-22,RECEIPT,WH-LAG1,PRD-0130,56,PO-2024-00049,EMP-030
TXN-000064,2024-07-22,RECEIPT,WH-LAG1,PRD-0154,102,PO-2024-00056,EMP-020
TXN-000065,2024-07-22,RECEIPT,WH-PHC,PRD-0008,53,PO-2024-00063,EMP-004
TXN-000066,2024-07-22,RECEIPT,WH-IBD,PRD-0040,50,PO-2024-00082,EMP-037
TXN-000067,2024-07-22,RECEIPT,WH-ABJ,PRD-0049,63,PO-2024-00086,EMP-003
TXN-000068,2024-07-22,RECEIPT,WH-IBD,PRD-0059,65,PO-2024-00093,EMP-037
TXN-000069,2024-07-22,RECEIPT,WH-PHC,PRD-0067,77,PO-2024-00098,EMP-009
TXN-000070,2024-07-22,RECEIPT,WH-LAG2,PRD-0103,60,PO-2024-00111,EMP-001
TXN-000071,2024-07-22,RECEIPT,WH-IBD,PRD-0137,90,PO-2024-00129,EMP-022
TXN-000072,2024-07-22,RECEIPT,WH-IBD,PRD-0138,78,PO-2024-00131,EMP-037
TXN-000073,2024-07-22,RECEIPT,WH-PHC,PRD-0138,85,PO-2024-00132,EMP-034
TXN-000074,2024-07-23,RECEIPT,WH-LAG2,PRD-0078,104,PO-2024-00028,EMP-021
TXN-000075,2024-07-23,RECEIPT,WH-ABJ,PRD-0114,25,PO-2024-00040,EMP-008
TXN-000076,2024-07-23,RECEIPT,WH-PHC,PRD-0029,34,PO-2024-00072,EMP-019
TXN-000077,2024-07-23,RECEIPT,WH-IBD,PRD-0075,20,PO-2024-00103,EMP-037
TXN-000078,2024-07-23,RECEIPT,WH-IBD,PRD-0101,21,PO-2024-00110,EMP-037
TXN-000079,2024-07-23,RECEIPT,WH-PHC,PRD-0117,73,PO-2024-00118,EMP-004
TXN-000080,2024-07-23,RECEIPT,WH-ABJ,PRD-0143,52,PO-2024-00135,EMP-008
TXN-000081,2024-07-23,RECEIPT,WH-LAG2,PRD-0161,227,PO-2024-00145,EMP-006
TXN-000082,2024-07-23,RECEIPT,WH-IBD,PRD-0162,51,PO-2024-00146,EMP-007
TXN-000083,2024-07-23,RECEIPT,WH-PHC,PRD-0170,58,PO-2024-00150,EMP-009
TXN-000084,2024-07-24,RECEIPT,WH-LAG1,PRD-0079,101,PO-2024-00104,EMP-020
TXN-000085,2024-07-24,RECEIPT,WH-PHC,PRD-0105,33,PO-2024-00113,EMP-004
TXN-000086,2024-07-24,RECEIPT,WH-IBD,PRD-0111,107,PO-2024-00114,EMP-002
TXN-000087,2024-07-24,RECEIPT,WH-LAG1,PRD-0141,115,PO-2024-00134,EMP-040
TXN-000088,2024-07-24,RECEIPT,WH-PHC,PRD-0143,36,PO-2024-00136,EMP-024
TXN-000089,2024-07-24,RECEIPT,WH-LAG2,PRD-0157,49,PO-2024-00142,EMP-026
TXN-000090,2024-07-24,RECEIPT,WH-LAG1,PRD-0167,113,PO-2024-00148,EMP-040
TXN-000091,2024-07-25,RECEIPT,WH-ABJ,PRD-0088,59,PO-2024-00032,EMP-023
TXN-000092,2024-07-25,RECEIPT,WH-ABJ,PRD-0035,90,PO-2024-00076,EMP-023
TXN-000093,2024-07-25,RECEIPT,WH-PHC,PRD-0040,61,PO-2024-00083,EMP-029
TXN-000094,2024-07-25,RECEIPT,WH-LAG2,PRD-0116,52,PO-2024-00117,EMP-016
TXN-000095,2024-07-25,RECEIPT,WH-PHC,PRD-0148,43,PO-2024-00137,EMP-019
TXN-000096,2024-07-25,RECEIPT,WH-PHC,PRD-0156,176,PO-2024-00141,EMP-039
TXN-000097,2024-07-25,RECEIPT,WH-ABJ,PRD-0007,112,PO-2024-00152,EMP-028
TXN-000098,2024-07-25,RECEIPT,WH-LAG2,PRD-0035,75,PO-2024-00165,EMP-011
TXN-000099,2024-07-25,RECEIPT,WH-ABJ,PRD-0081,95,PO-2024-00187,EMP-003
TXN-000100,2024-07-25,RECEIPT,WH-ABJ,PRD-0164,60,PO-2024-00229,EMP-008
TXN-000101,2024-07-25,RECEIPT,WH-ABJ,PRD-0166,141,PO-2024-00232,EMP-028
TXN-000102,2024-07-26,RECEIPT,WH-LAG2,PRD-0118,121,PO-2024-00043,EMP-026
TXN-000103,2024-07-26,RECEIPT,WH-IBD,PRD-0125,328,PO-2024-00123,EMP-022
TXN-000104,2024-07-26,RECEIPT,WH-ABJ,PRD-0126,52,PO-2024-00124,EMP-003
TXN-000105,2024-07-26,RECEIPT,WH-LAG1,PRD-0135,286,PO-2024-00127,EMP-010
TXN-000106,2024-07-26,RECEIPT,WH-IBD,PRD-0135,154,PO-2024-00128,EMP-022
TXN-000107,2024-07-26,RECEIPT,WH-LAG1,PRD-0139,131,PO-2024-00133,EMP-005
TXN-000108,2024-07-26,RECEIPT,WH-LAG1,PRD-0150,141,PO-2024-00139,EMP-030
TXN-000109,2024-07-26,RECEIPT,WH-LAG2,PRD-0011,91,PO-2024-00154,EMP-031
TXN-000110,2024-07-26,RECEIPT,WH-IBD,PRD-0103,79,PO-2024-00200,EMP-027
TXN-000111,2024-07-26,RECEIPT,WH-LAG2,PRD-0145,79,PO-2024-00216,EMP-001
TXN-000112,2024-07-26,RECEIPT,WH-PHC,PRD-0164,52,PO-2024-00230,EMP-014
TXN-000113,2024-07-27,RECEIPT,WH-LAG1,PRD-0024,58,PO-2024-00020,EMP-025
TXN-000114,2024-07-27,RECEIPT,WH-LAG2,PRD-0038,27,PO-2024-00023,EMP-006
TXN-000115,2024-07-27,RECEIPT,WH-PHC,PRD-0056,55,PO-2024-00091,EMP-024
TXN-000116,2024-07-27,RECEIPT,WH-LAG1,PRD-0120,251,PO-2024-00120,EMP-035
TXN-000117,2024-07-27,RECEIPT,WH-ABJ,PRD-0128,82,PO-2024-00125,EMP-028
TXN-000118,2024-07-27,RECEIPT,WH-LAG2,PRD-0163,58,PO-2024-00147,EMP-026
TXN-000119,2024-07-27,RECEIPT,WH-IBD,PRD-0060,106,PO-2024-00175,EMP-022
TXN-000120,2024-07-27,RECEIPT,WH-LAG2,PRD-0075,27,PO-2024-00182,EMP-026
TXN-000121,2024-07-27,RECEIPT,WH-IBD,PRD-0083,103,PO-2024-00188,EMP-007
TXN-000122,2024-07-27,RECEIPT,WH-PHC,PRD-0110,25,PO-2024-00204,EMP-014
TXN-000123,2024-07-27,RECEIPT,WH-LAG2,PRD-0156,153,PO-2024-00223,EMP-016
TXN-000124,2024-07-27,RECEIPT,WH-ABJ,PRD-0170,90,PO-2024-00233,EMP-018
TXN-000125,2024-07-28,RECEIPT,WH-IBD,PRD-0121,154,PO-2024-00046,EMP-012
TXN-000126,2024-07-28,RECEIPT,WH-LAG1,PRD-0093,229,PO-2024-00107,EMP-015
TXN-000127,2024-07-28,RECEIPT,WH-LAG1,PRD-0115,162,PO-2024-00116,EMP-015
TXN-000128,2024-07-28,RECEIPT,WH-IBD,PRD-0160,145,PO-2024-00144,EMP-002
TXN-000129,2024-07-28,RECEIPT,WH-ABJ,PRD-0004,201,PO-2024-00151,EMP-013
TXN-000130,2024-07-28,RECEIPT,WH-LAG2,PRD-0053,18,PO-2024-00172,EMP-021
TXN-000131,2024-07-28,RECEIPT,WH-PHC,PRD-0060,121,PO-2024-00176,EMP-009
TXN-000132,2024-07-28,RECEIPT,WH-LAG2,PRD-0105,34,PO-2024-00201,EMP-036
TXN-000133,2024-07-28,RECEIPT,WH-LAG1,PRD-0136,97,PO-2024-00210,EMP-035
TXN-000134,2024-07-29,RECEIPT,WH-LAG2,PRD-0001,36,PO-2024-00011,EMP-021
TXN-000135,2024-07-29,RECEIPT,WH-ABJ,PRD-0002,39,PO-2024-00013,EMP-033
TXN-000136,2024-07-29,RECEIPT,WH-IBD,PRD-0010,20,PO-2024-00015,EMP-017
TXN-000137,2024-07-29,RECEIPT,WH-LAG1,PRD-0033,90,PO-2024-00074,EMP-035
TXN-000138,2024-07-29,RECEIPT,WH-ABJ,PRD-0033,67,PO-2024-00075,EMP-018
TXN-000139,2024-07-29,RECEIPT,WH-LAG2,PRD-0132,65,PO-2024-00126,EMP-001
TXN-000140,2024-07-29,RECEIPT,WH-ABJ,PRD-0149,30,PO-2024-00138,EMP-028
TXN-000141,2024-07-29,RECEIPT,WH-LAG2,PRD-0153,137,PO-2024-00140,EMP-021
TXN-000142,2024-07-29,RECEIPT,WH-LAG1,PRD-0031,210,PO-2024-00164,EMP-035
TXN-000143,2024-07-29,RECEIPT,WH-IBD,PRD-0039,124,PO-2024-00167,EMP-002
TXN-000144,2024-07-29,RECEIPT,WH-IBD,PRD-0062,126,PO-2024-00178,EMP-037
TXN-000145,2024-07-29,RECEIPT,WH-LAG1,PRD-0143,75,PO-2024-00215,EMP-005
TXN-000146,2024-07-29,RECEIPT,WH-LAG1,PRD-0165,319,PO-2024-00231,EMP-025
TXN-000147,2024-07-30,RECEIPT,WH-ABJ,PRD-0124,68,PO-2024-00047,EMP-023
TXN-000148,2024-07-30,RECEIPT,WH-LAG2,PRD-0037,125,PO-2024-00079,EMP-016
TXN-000149,2024-07-30,RECEIPT,WH-LAG2,PRD-0098,161,PO-2024-00109,EMP-001
TXN-000150,2024-07-30,RECEIPT,WH-LAG2,PRD-0062,100,PO-2024-00177,EMP-031
TXN-000151,2024-07-30,RECEIPT,WH-IBD,PRD-0136,70,PO-2024-00211,EMP-012
TXN-000152,2024-07-30,RECEIPT,WH-LAG2,PRD-0150,57,PO-2024-00218,EMP-036
TXN-000153,2024-07-30,RECEIPT,WH-PHC,PRD-0161,326,PO-2024-00226,EMP-019
TXN-000154,2024-07-30,TRANSFER_OUT,WH-PHC,PRD-0161,-107,TRF-00002,EMP-004
TXN-000155,2024-07-30,TRANSFER_IN,WH-IBD,PRD-0161,107,TRF-00002,EMP-007
TXN-000156,2024-07-31,RECEIPT,WH-IBD,PRD-0017,42,PO-2024-00066,EMP-007
TXN-000157,2024-07-31,RECEIPT,WH-ABJ,PRD-0113,117,PO-2024-00115,EMP-038
TXN-000158,2024-07-31,RECEIPT,WH-ABJ,PRD-0008,44,PO-2024-00153,EMP-013
TXN-000159,2024-07-31,RECEIPT,WH-PHC,PRD-0083,121,PO-2024-00189,EMP-009
TXN-000160,2024-07-31,RECEIPT,WH-LAG1,PRD-0108,319,PO-2024-00202,EMP-020
TXN-000161,2024-07-31,RECEIPT,WH-LAG1,PRD-0163,113,PO-2024-00227,EMP-020
TXN-000162,2024-07-31,ADJUSTMENT,WH-LAG1,PRD-0094,-2,SHRINKAGE,EMP-035
TXN-000163,2024-07-31,ADJUSTMENT,WH-LAG1,PRD-0102,-1,EXPIRY,EMP-040
TXN-000164,2024-07-31,ADJUSTMENT,WH-LAG1,PRD-0021,-1,DAMAGE,EMP-015
TXN-000165,2024-07-31,ADJUSTMENT,WH-LAG1,PRD-0012,-2,DAMAGE,EMP-020
TXN-000166,2024-07-31,ADJUSTMENT,WH-LAG1,PRD-0091,-2,SHRINKAGE,EMP-040
TXN-000167,2024-07-31,ADJUSTMENT,WH-LAG1,PRD-0159,-2,EXPIRY,EMP-040
TXN-000168,2024-07-31,ADJUSTMENT,WH-LAG1,PRD-0081,-2,SHRINKAGE,EMP-030
TXN-000169,2024-07-31,ADJUSTMENT,WH-LAG1,PRD-0108,-5,SHRINKAGE,EMP-035
TXN-000170,2024-07-31,ADJUSTMENT,WH-LAG1,PRD-0127,-2,SHRINKAGE,EMP-040
TXN-000171,2024-07-31,ADJUSTMENT,WH-LAG2,PRD-0024,-1,SHRINKAGE,EMP-006
TXN-000172,2024-07-31,ADJUSTMENT,WH-LAG2,PRD-0101,-2,DAMAGE,EMP-016
TXN-000173,2024-07-31,ADJUSTMENT,WH-LAG2,PRD-0043,-2,DAMAGE,EMP-011
TXN-000174,2024-07-31,ADJUSTMENT,WH-LAG2,PRD-0029,-2,EXPIRY,EMP-021
TXN-000175,2024-07-31,ADJUSTMENT,WH-LAG2,PRD-0091,-1,EXPIRY,EMP-011
TXN-000176,2024-07-31,ADJUSTMENT,WH-IBD,PRD-0073,-2,EXPIRY,EMP-012
TXN-000177,2024-07-31,ADJUSTMENT,WH-IBD,PRD-0031,-2,SHRINKAGE,EMP-007
TXN-000178,2024-07-31,ADJUSTMENT,WH-IBD,PRD-0004,-1,SHRINKAGE,EMP-017
TXN-000179,2024-07-31,ADJUSTMENT,WH-IBD,PRD-0081,-1,DAMAGE,EMP-027
TXN-000180,2024-07-31,ADJUSTMENT,WH-IBD,PRD-0129,-1,EXPIRY,EMP-017
TXN-000181,2024-07-31,ADJUSTMENT,WH-IBD,PRD-0094,-1,SHRINKAGE,EMP-032
TXN-000182,2024-07-31,ADJUSTMENT,WH-IBD,PRD-0149,-1,SHRINKAGE,EMP-007
TXN-000183,2024-07-31,ADJUSTMENT,WH-IBD,PRD-0138,-1,SHRINKAGE,EMP-032
TXN-000184,2024-07-31,ADJUSTMENT,WH-ABJ,PRD-0053,-2,EXPIRY,EMP-003
TXN-000185,2024-07-31,ADJUSTMENT,WH-ABJ,PRD-0083,-2,EXPIRY,EMP-018
TXN-000186,2024-07-31,ADJUSTMENT,WH-ABJ,PRD-0024,-1,EXPIRY,EMP-003
TXN-000187,2024-07-31,ADJUSTMENT,WH-ABJ,PRD-0128,-2,DAMAGE,EMP-028
TXN-000188,2024-07-31,ADJUSTMENT,WH-PHC,PRD-0169,-1,SHRINKAGE,EMP-024
TXN-000189,2024-07-31,ADJUSTMENT,WH-PHC,PRD-0096,-1,DAMAGE,EMP-034
TXN-000190,2024-07-31,ADJUSTMENT,WH-PHC,PRD-0071,-1,DAMAGE,EMP-024
TXN-000191,2024-08-01,RECEIPT,WH-LAG1,PRD-0055,77,PO-2024-00024,EMP-040
TXN-000192,2024-08-01,RECEIPT,WH-ABJ,PRD-0065,126,PO-2024-00097,EMP-018
TXN-000193,2024-08-01,RECEIPT,WH-LAG1,PRD-0013,44,PO-2024-00155,EMP-005
TXN-000194,2024-08-01,RECEIPT,WH-LAG1,PRD-0022,38,PO-2024-00157,EMP-005
TXN-000195,2024-08-01,RECEIPT,WH-IBD,PRD-0024,32,PO-2024-00158,EMP-032
TXN-000196,2024-08-01,RECEIPT,WH-LAG2,PRD-0025,42,PO-2024-00159,EMP-001
TXN-000197,2024-08-01,RECEIPT,WH-PHC,PRD-0098,122,PO-2024-00194,EMP-019
TXN-000198,2024-08-01,RECEIPT,WH-LAG1,PRD-0103,152,PO-2024-00199,EMP-015
TXN-000199,2024-08-01,RECEIPT,WH-IBD,PRD-0110,23,PO-2024-00203,EMP-037
TXN-000200,2024-08-01,RECEIPT,WH-LAG2,PRD-0142,140,PO-2024-00214,EMP-026
TXN-000201,2024-08-01,RECEIPT,WH-PHC,PRD-0146,53,PO-2024-00217,EMP-039
TXN-000202,2024-08-01,RECEIPT,WH-IBD,PRD-0153,123,PO-2024-00221,EMP-017
TXN-000203,2024-08-01,RECEIPT,WH-LAG1,PRD-0011,130,PO-2024-00240,EMP-040
TXN-000204,2024-08-02,RECEIPT,WH-ABJ,PRD-0041,63,PO-2024-00084,EMP-028
TXN-000205,2024-08-02,RECEIPT,WH-ABJ,PRD-0123,91,PO-2024-00122,EMP-033
TXN-000206,2024-08-02,RECEIPT,WH-LAG2,PRD-0139,82,PO-2024-00212,EMP-016
TXN-000207,2024-08-02,RECEIPT,WH-ABJ,PRD-0156,152,PO-2024-00224,EMP-003
TXN-000208,2024-08-02,RECEIPT,WH-LAG2,PRD-0164,48,PO-2024-00228,EMP-021
TXN-000209,2024-08-02,RECEIPT,WH-PHC,PRD-0004,178,PO-2024-00235,EMP-004
TXN-000210,2024-08-02,RECEIPT,WH-PHC,PRD-0063,77,PO-2024-00268,EMP-024
TXN-000211,2024-08-02,RECEIPT,WH-LAG1,PRD-0075,58,PO-2024-00273,EMP-025
TXN-000212,2024-08-02,RECEIPT,WH-ABJ,PRD-0151,838,PO-2024-00313,EMP-008
TXN-000213,2024-08-03,RECEIPT,WH-LAG2,PRD-0023,72,PO-2024-00019,EMP-021
TXN-000214,2024-08-03,RECEIPT,WH-IBD,PRD-0086,238,PO-2024-00106,EMP-002
TXN-000215,2024-08-03,RECEIPT,WH-LAG2,PRD-0125,233,PO-2024-00207,EMP-001
TXN-000216,2024-08-03,RECEIPT,WH-LAG2,PRD-0133,46,PO-2024-00209,EMP-001
TXN-000217,2024-08-03,RECEIPT,WH-ABJ,PRD-0150,105,PO-2024-00219,EMP-033
TXN-000218,2024-08-03,RECEIPT,WH-ABJ,PRD-0154,58,PO-2024-00222,EMP-013
TXN-000219,2024-08-03,RECEIPT,WH-ABJ,PRD-0012,52,PO-2024-00241,EMP-028
TXN-000220,2024-08-03,RECEIPT,WH-PHC,PRD-0039,167,PO-2024-00256,EMP-004
TXN-000221,2024-08-03,RECEIPT,WH-PHC,PRD-0155,62,PO-2024-00314,EMP-024
TXN-000222,2024-08-04,RECEIPT,WH-IBD,PRD-0064,61,PO-2024-00179,EMP-012
TXN-000223,2024-08-04,RECEIPT,WH-LAG1,PRD-0114,32,PO-2024-00205,EMP-035
TXN-000224,2024-08-04,RECEIPT,WH-LAG1,PRD-0007,119,PO-2024-00237,EMP-010
TXN-000225,2024-08-04,RECEIPT,WH-IBD,PRD-0007,82,PO-2024-00238,EMP-027
TXN-000226,2024-08-04,RECEIPT,WH-LAG2,PRD-0068,110,PO-2024-00269,EMP-006
TXN-000227,2024-08-04,RECEIPT,WH-PHC,PRD-0075,22,PO-2024-00274,EMP-029
TXN-000228,2024-08-04,RECEIPT,WH-PHC,PRD-0084,119,PO-2024-00277,EMP-034
TXN-000229,2024-08-04,RECEIPT,WH-ABJ,PRD-0101,27,PO-2024-00288,EMP-038
TXN-000230,2024-08-04,RECEIPT,WH-LAG1,PRD-0128,151,PO-2024-00306,EMP-025
TXN-000231,2024-08-04,RECEIPT,WH-ABJ,PRD-0169,71,PO-2024-00323,EMP-003
TXN-000232,2024-08-05,RECEIPT,WH-LAG2,PRD-0002,28,PO-2024-00012,EMP-011
TXN-000233,2024-08-05,RECEIPT,WH-ABJ,PRD-0056,51,PO-2024-00025,EMP-038
TXN-000234,2024-08-05,RECEIPT,WH-PHC,PRD-0064,93,PO-2024-00027,EMP-039
TXN-000235,2024-08-05,RECEIPT,WH-IBD,PRD-0074,74,PO-2024-00102,EMP-007
TXN-000236,2024-08-05,RECEIPT,WH-IBD,PRD-0118,128,PO-2024-00119,EMP-022
TXN-000237,2024-08-05,RECEIPT,WH-IBD,PRD-0123,85,PO-2024-00121,EMP-007
TXN-000238,2024-08-05,RECEIPT,WH-LAG1,PRD-0074,185,PO-2024-00181,EMP-005
TXN-000239,2024-08-05,RECEIPT,WH-LAG2,PRD-0076,92,PO-2024-00184,EMP-021
TXN-000240,2024-08-05,RECEIPT,WH-LAG1,PRD-0080,131,PO-2024-00186,EMP-030
TXN-000241,2024-08-05,RECEIPT,WH-ABJ,PRD-0139,83,PO-2024-00213,EMP-013
TXN-000242,2024-08-05,RECEIPT,WH-LAG2,PRD-0159,59,PO-2024-00225,EMP-036
TXN-000243,2024-08-05,RECEIPT,WH-LAG1,PRD-0035,158,PO-2024-00252,EMP-035
TXN-000244,2024-08-05,RECEIPT,WH-ABJ,PRD-0045,93,PO-2024-00260,EMP-023
TXN-000245,2024-08-05,RECEIPT,WH-PHC,PRD-0045,50,PO-2024-00261,EMP-034
TXN-000246,2024-08-05,RECEIPT,WH-LAG1,PRD-0060,231,PO-2024-00265,EMP-005
TXN-000247,2024-08-05,RECEIPT,WH-PHC,PRD-0082,62,PO-2024-00276,EMP-004
TXN-000248,2024-08-05,RECEIPT,WH-ABJ,PRD-0157,59,PO-2024-00315,EMP-023
TXN-000249,2024-08-05,RECEIPT,WH-LAG1,PRD-0164,71,PO-2024-00320,EMP-030
TXN-000250,2024-08-06,RECEIPT,WH-PHC,PRD-0025,64,PO-2024-00161,EMP-019
TXN-000251,2024-08-06,RECEIPT,WH-ABJ,PRD-0028,76,PO-2024-00163,EMP-013
TXN-000252,2024-08-06,RECEIPT,WH-PHC,PRD-0047,54,PO-2024-00169,EMP-034
TXN-000253,2024-08-06,RECEIPT,WH-LAG1,PRD-0057,251,PO-2024-00174,EMP-030
TXN-000254,2024-08-06,RECEIPT,WH-ABJ,PRD-0130,55,PO-2024-00208,EMP-003
TXN-000255,2024-08-06,RECEIPT,WH-LAG1,PRD-0153,342,PO-2024-00220,EMP-005
TXN-000256,2024-08-06,RECEIPT,WH-IBD,PRD-0035,76,PO-2024-00253,EMP-007
TXN-000257,2024-08-06,RECEIPT,WH-ABJ,PRD-0037,94,PO-2024-00255,EMP-013
TXN-000258,2024-08-06,RECEIPT,WH-IBD,PRD-0096,20,PO-2024-00284,EMP-007
TXN-000259,2024-08-06,RECEIPT,WH-PHC,PRD-0109,81,PO-2024-00295,EMP-024
TXN-000260,2024-08-06,RECEIPT,WH-PHC,PRD-0145,94,PO-2024-00311,EMP-019
TXN-000261,2024-08-07,RECEIPT,WH-LAG2,PRD-0055,69,PO-2024-00089,EMP-001
TXN-000262,2024-08-07,RECEIPT,WH-LAG2,PRD-0056,41,PO-2024-00090,EMP-031
TXN-000263,2024-08-07,RECEIPT,WH-LAG1,PRD-0036,68,PO-2024-00166,EMP-005
TXN-000264,2024-08-07,RECEIPT,WH-IBD,PRD-0048,46,PO-2024-00170,EMP-027
TXN-000265,2024-08-07,RECEIPT,WH-LAG1,PRD-0086,574,PO-2024-00190,EMP-005
TXN-000266,2024-08-07,RECEIPT,WH-LAG2,PRD-0091,67,PO-2024-00193,EMP-016
TXN-000267,2024-08-07,RECEIPT,WH-ABJ,PRD-0022,27,PO-2024-00246,EMP-018
TXN-000268,2024-08-07,RECEIPT,WH-LAG2,PRD-0045,59,PO-2024-00258,EMP-026
TXN-000269,2024-08-07,RECEIPT,WH-IBD,PRD-0109,68,PO-2024-00294,EMP-007
TXN-000270,2024-08-07,RECEIPT,WH-LAG1,PRD-0117,111,PO-2024-00297,EMP-010
TXN-000271,2024-08-08,RECEIPT,WH-ABJ,PRD-0010,23,PO-2024-00064,EMP-038
TXN-000272,2024-08-08,RECEIPT,WH-LAG2,PRD-0027,23,PO-2024-00071,EMP-026
TXN-000273,2024-08-08,RECEIPT,WH-IBD,PRD-0046,49,PO-2024-00085,EMP-012
TXN-000274,2024-08-08,RECEIPT,WH-LAG2,PRD-0057,159,PO-2024-00092,EMP-006
TXN-000275,2024-08-08,RECEIPT,WH-ABJ,PRD-0072,51,PO-2024-00101,EMP-033
TXN-000276,2024-08-08,RECEIPT,WH-LAG1,PRD-0017,85,PO-2024-00156,EMP-020
TXN-000277,2024-08-08,RECEIPT,WH-LAG2,PRD-0086,223,PO-2024-00191,EMP-026
TXN-000278,2024-08-08,RECEIPT,WH-IBD,PRD-0037,109,PO-2024-00254,EMP-012
TXN-000279,2024-08-08,RECEIPT,WH-IBD,PRD-0045,52,PO-2024-00259,EMP-022
TXN-000280,2024-08-08,RECEIPT,WH-IBD,PRD-0052,12,PO-2024-00263,EMP-022
TXN-000281,2024-08-08,RECEIPT,WH-LAG1,PRD-0104,51,PO-2024-00289,EMP-025
TXN-000282,2024-08-08,RECEIPT,WH-LAG1,PRD-0125,644,PO-2024-00303,EMP-030
TXN-000283,2024-08-08,RECEIPT,WH-LAG1,PRD-0161,573,PO-2024-00318,EMP-005
TXN-000284,2024-08-08,RECEIPT,WH-IBD,PRD-0168,30,PO-2024-00322,EMP-037
TXN-000285,2024-08-08,RECEIPT,WH-ABJ,PRD-0031,89,PO-2024-00344,EMP-033
TXN-000286,2024-08-08,RECEIPT,WH-LAG1,PRD-0147,84,PO-2024-00404,EMP-030
TXN-000287,2024-08-09,RECEIPT,WH-PHC,PRD-0036,50,PO-2024-00078,EMP-019
TXN-000288,2024-08-09,RECEIPT,WH-IBD,PRD-0100,259,PO-2024-00196,EMP-022
TXN-000289,2024-08-09,RECEIPT,WH-ABJ,PRD-0102,105,PO-2024-00198,EMP-023
TXN-000290,2024-08-09,RECEIPT,WH-LAG1,PRD-0016,159,PO-2024-00245,EMP-040
TXN-000291,2024-08-09,RECEIPT,WH-IBD,PRD-0095,24,PO-2024-00283,EMP-037
TXN-000292,2024-08-09,RECEIPT,WH-LAG1,PRD-0131,156,PO-2024-00308,EMP-010
TXN-000293,2024-08-09,RECEIPT,WH-ABJ,PRD-0165,175,PO-2024-00321,EMP-023
TXN-000294,2024-08-09,RECEIPT,WH-LAG2,PRD-0067,67,PO-2024-00361,EMP-031
TXN-000295,2024-08-09,RECEIPT,WH-ABJ,PRD-0083,181,PO-2024-00371,EMP-038
TXN-000296,2024-08-09,RECEIPT,WH-ABJ,PRD-0092,35,PO-2024-00379,EMP-018
TXN-000297,2024-08-10,RECEIPT,WH-LAG2,PRD-0026,44,PO-2024-00070,EMP-031
TXN-000298,2024-08-10,RECEIPT,WH-LAG1,PRD-0071,28,PO-2024-00100,EMP-010
TXN-000299,2024-08-10,RECEIPT,WH-PHC,PRD-0048,65,PO-2024-00171,EMP-009
TXN-000300,2024-08-10,RECEIPT,WH-IBD,PRD-0102,54,PO-2024-00197,EMP-027
TXN-000301,2024-08-10,RECEIPT,WH-LAG2,PRD-0123,75,PO-2024-00206,EMP-036
TXN-000302,2024-08-10,RECEIPT,WH-IBD,PRD-0013,25,PO-2024-00242,EMP-037
TXN-000303,2024-08-10,RECEIPT,WH-ABJ,PRD-0013,36,PO-2024-00243,EMP-038
TXN-000304,2024-08-10,RECEIPT,WH-ABJ,PRD-0025,59,PO-2024-00249,EMP-033
TXN-000305,2024-08-10,RECEIPT,WH-IBD,PRD-0108,183,PO-2024-00292,EMP-022
TXN-000306,2024-08-10,RECEIPT,WH-ABJ,PRD-0108,244,PO-2024-00293,EMP-013
TXN-000307,2024-08-10,RECEIPT,WH-ABJ,PRD-0122,119,PO-2024-00301,EMP-018
TXN-000308,2024-08-10,RECEIPT,WH-LAG1,PRD-0149,42,PO-2024-00312,EMP-040
TXN-000309,2024-08-10,RECEIPT,WH-LAG2,PRD-0160,249,PO-2024-00316,EMP-026
TXN-000310,2024-08-10,RECEIPT,WH-LAG1,PRD-0162,112,PO-2024-00319,EMP-005
TXN-000311,2024-08-10,RECEIPT,WH-LAG1,PRD-0018,186,PO-2024-00334,EMP-040
TXN-000312,2024-08-10,RECEIPT,WH-IBD,PRD-0021,68,PO-2024-00338,EMP-002
TXN-000313,2024-08-10,RECEIPT,WH-ABJ,PRD-0051,141,PO-2024-00352,EMP-023
TXN-000314,2024-08-10,RECEIPT,WH-LAG2,PRD-0077,247,PO-2024-00367,EMP-036
TXN-000315,2024-08-10,RECEIPT,WH-IBD,PRD-0077,232,PO-2024-00368,EMP-027
TXN-000316,2024-08-10,RECEIPT,WH-IBD,PRD-0082,71,PO-2024-00370,EMP-027
TXN-000317,2024-08-10,RECEIPT,WH-LAG2,PRD-0084,127,PO-2024-00372,EMP-011
TXN-000318,2024-08-10,RECEIPT,WH-ABJ,PRD-0103,84,PO-2024-00385,EMP-018
TXN-000319,2024-08-10,RECEIPT,WH-LAG2,PRD-0111,109,PO-2024-00388,EMP-001
TXN-000320,2024-08-10,RECEIPT,WH-IBD,PRD-0142,122,PO-2024-00401,EMP-017
TXN-000321,2024-08-10,RECEIPT,WH-PHC,PRD-0151,390,PO-2024-00409,EMP-019
TXN-000322,2024-08-10,TRANSFER_OUT,WH-PHC,PRD-0145,-27,TRF-00003,EMP-029
TXN-000323,2024-08-10,TRANSFER_IN,WH-ABJ,PRD-0145,27,TRF-00003,EMP-033
TXN-000324,2024-08-11,RECEIPT,WH-LAG1,PRD-0001,77,PO-2024-00060,EMP-030
TXN-000325,2024-08-11,RECEIPT,WH-LAG2,PRD-0006,28,PO-2024-00062,EMP-021
TXN-000326,2024-08-11,RECEIPT,WH-LAG1,PRD-0028,88,PO-2024-00162,EMP-030
TXN-000327,2024-08-11,RECEIPT,WH-LAG2,PRD-0100,262,PO-2024-00195,EMP-011
TXN-000328,2024-08-11,RECEIPT,WH-IBD,PRD-0033,63,PO-2024-00251,EMP-037
TXN-000329,2024-08-11,RECEIPT,WH-IBD,PRD-0041,62,PO-2024-00257,EMP-017
TXN-000330,2024-08-11,RECEIPT,WH-ABJ,PRD-0120,171,PO-2024-00299,EMP-038
TXN-000331,2024-08-11,RECEIPT,WH-PHC,PRD-0125,292,PO-2024-00304,EMP-014
TXN-000332,2024-08-11,RECEIPT,WH-IBD,PRD-0008,41,PO-2024-00329,EMP-002
TXN-000333,2024-08-11,RECEIPT,WH-IBD,PRD-0058,53,PO-2024-00355,EMP-022
TXN-000334,2024-08-11,RECEIPT,WH-LAG2,PRD-0141,66,PO-2024-00399,EMP-006
TXN-000335,2024-08-11,RECEIPT,WH-PHC,PRD-0158,34,PO-2024-00411,EMP-034
TXN-000336,2024-08-12,RECEIPT,WH-IBD,PRD-0020,111,PO-2024-00069,EMP-027
TXN-000337,2024-08-12,RECEIPT,WH-IBD,PRD-0072,36,PO-2024-00180,EMP-027
TXN-000338,2024-08-12,RECEIPT,WH-IBD,PRD-0023,60,PO-2024-00247,EMP-022
TXN-000339,2024-08-12,RECEIPT,WH-LAG1,PRD-0095,40,PO-2024-00282,EMP-005
TXN-000340,2024-08-12,RECEIPT,WH-LAG1,PRD-0106,42,PO-2024-00290,EMP-020
TXN-000341,2024-08-12,RECEIPT,WH-LAG2,PRD-0130,44,PO-2024-00307,EMP-021
TXN-000342,2024-08-12,RECEIPT,WH-LAG1,PRD-0144,98,PO-2024-00310,EMP-020
TXN-000343,2024-08-12,RECEIPT,WH-PHC,PRD-0160,158,PO-2024-00317,EMP-034
TXN-000344,2024-08-12,RECEIPT,WH-LAG1,PRD-0039,203,PO-2024-00346,EMP-035
TXN-000345,2024-08-12,RECEIPT,WH-LAG1,PRD-0058,92,PO-2024-00354,EMP-010
TXN-000346,2024-08-12,RECEIPT,WH-PHC,PRD-0058,49,PO-2024-00356,EMP-024
TXN-000347,2024-08-12,RECEIPT,WH-LAG1,PRD-0077,513,PO-2024-00366,EMP-005
TXN-000348,2024-08-12,RECEIPT,WH-LAG2,PRD-0087,24,PO-2024-00374,EMP-016
TXN-000349,2024-08-12,RECEIPT,WH-PHC,PRD-0116,54,PO-2024-00391,EMP-004
TXN-000350,2024-08-12,RECEIPT,WH-LAG1,PRD-0142,198,PO-2024-00400,EMP-035
TXN-000351,2024-08-12,RECEIPT,WH-LAG1,PRD-0151,1303,PO-2024-00407,EMP-035
TXN-000352,2024-08-12,RECEIPT,WH-IBD,PRD-0151,548,PO-2024-00408,EMP-027
TXN-000353,2024-08-13,RECEIPT,WH-ABJ,PRD-0057,228,PO-2024-00264,EMP-008
TXN-000354,2024-08-13,RECEIPT,WH-LAG1,PRD-0119,27,PO-2024-00298,EMP-015
TXN-000355,2024-08-13,RECEIPT,WH-LAG2,PRD-0040,61,PO-2024-00347,EMP-006
TXN-000356,2024-08-13,RECEIPT,WH-ABJ,PRD-0097,24,PO-2024-00381,EMP-003
TXN-000357,2024-08-13,TRANSFER_OUT,WH-ABJ,PRD-0122,-36,TRF-00004,EMP-038
TXN-000358,2024-08-13,TRANSFER_IN,WH-PHC,PRD-0122,36,TRF-00004,EMP-034
TXN-000359,2024-08-14,RECEIPT,WH-ABJ,PRD-0052,14,PO-2024-00087,EMP-023
TXN-000360,2024-08-14,RECEIPT,WH-LAG1,PRD-0042,29,PO-2024-00168,EMP-025
TXN-000361,2024-08-14,RECEIPT,WH-LAG1,PRD-0126,70,PO-2024-00305,EMP-020
TXN-000362,2024-08-14,RECEIPT,WH-PHC,PRD-0135,138,PO-2024-00309,EMP-014
TXN-000363,2024-08-14,RECEIPT,WH-PHC,PRD-0022,20,PO-2024-00339,EMP-014
TXN-000364,2024-08-14,RECEIPT,WH-IBD,PRD-0152,57,PO-2024-00410,EMP-017
TXN-000365,2024-08-15,RECEIPT,WH-IBD,PRD-0025,54,PO-2024-00160,EMP-012
TXN-000366,2024-08-15,RECEIPT,WH-PHC,PRD-0001,37,PO-2024-00234,EMP-019
TXN-000367,2024-08-15,RECEIPT,WH-LAG1,PRD-0073,29,PO-2024-00271,EMP-010
TXN-000368,2024-08-15,RECEIPT,WH-LAG1,PRD-0078,140,PO-2024-00275,EMP-020
TXN-000369,2024-08-15,RECEIPT,WH-PHC,PRD-0100,335,PO-2024-00287,EMP-009
TXN-000370,2024-08-15,RECEIPT,WH-LAG1,PRD-0008,73,PO-2024-00328,EMP-040
TXN-000371,2024-08-15,RECEIPT,WH-ABJ,PRD-0020,143,PO-2024-00337,EMP-008
TXN-000372,2024-08-15,RECEIPT,WH-LAG1,PRD-0025,125,PO-2024-00342,EMP-015
TXN-000373,2024-08-15,RECEIPT,WH-IBD,PRD-0071,18,PO-2024-00362,EMP-017
TXN-000374,2024-08-15,RECEIPT,WH-ABJ,PRD-0086,307,PO-2024-00373,EMP-003
TXN-000375,2024-08-15,RECEIPT,WH-LAG1,PRD-0092,48,PO-2024-00378,EMP-035
TXN-000376,2024-08-15,RECEIPT,WH-ABJ,PRD-0142,148,PO-2024-00402,EMP-028
TXN-000377,2024-08-15,RECEIPT,WH-LAG1,PRD-0146,62,PO-2024-00403,EMP-030
TXN-000378,2024-08-15,RECEIPT,WH-LAG2,PRD-0148,49,PO-2024-00405,EMP-016
TXN-000379,2024-08-15,RECEIPT,WH-LAG1,PRD-0051,277,PO-2024-00432,EMP-020
TXN-000380,2024-08-15,RECEIPT,WH-IBD,PRD-0067,53,PO-2024-00444,EMP-027
TXN-000381,2024-08-15,RECEIPT,WH-ABJ,PRD-0089,50,PO-2024-00456,EMP-008
TXN-000382,2024-08-16,RECEIPT,WH-ABJ,PRD-0014,17,PO-2024-00244,EMP-023
TXN-000383,2024-08-16,RECEIPT,WH-LAG2,PRD-0046,53,PO-2024-00349,EMP-026
TXN-000384,2024-08-16,RECEIPT,WH-ABJ,PRD-0098,199,PO-2024-00383,EMP-033
TXN-000385,2024-08-16,RECEIPT,WH-PHC,PRD-0108,211,PO-2024-00387,EMP-034
TXN-000386,2024-08-16,RECEIPT,WH-LAG2,PRD-0007,74,PO-2024-00416,EMP-001
TXN-000387,2024-08-16,RECEIPT,WH-LAG1,PRD-0067,164,PO-2024-00443,EMP-020
TXN-000388,2024-08-16,RECEIPT,WH-LAG2,PRD-0082,83,PO-2024-00454,EMP-026
TXN-000389,2024-08-17,RECEIPT,WH-LAG1,PRD-0076,168,PO-2024-00183,EMP-020
TXN-000390,2024-08-17,RECEIPT,WH-PHC,PRD-0023,94,PO-2024-00248,EMP-039
TXN-000391,2024-08-17,RECEIPT,WH-ABJ,PRD-0100,406,PO-2024-00286,EMP-038
TXN-000392,2024-08-17,RECEIPT,WH-PHC,PRD-0096,23,PO-2024-00380,EMP-014
TXN-000393,2024-08-17,RECEIPT,WH-IBD,PRD-0128,59,PO-2024-00396,EMP-032
TXN-000394,2024-08-17,RECEIPT,WH-LAG2,PRD-0135,139,PO-2024-00397,EMP-006
TXN-000395,2024-08-17,RECEIPT,WH-PHC,PRD-0139,84,PO-2024-00398,EMP-034
TXN-000396,2024-08-17,RECEIPT,WH-ABJ,PRD-0161,465,PO-2024-00412,EMP-038
TXN-000397,2024-08-17,RECEIPT,WH-PHC,PRD-0167,68,PO-2024-00413,EMP-009
TXN-000398,2024-08-17,RECEIPT,WH-LAG1,PRD-0004,299,PO-2024-00414,EMP-035
TXN-000399,2024-08-17,RECEIPT,WH-LAG1,PRD-0082,114,PO-2024-00453,EMP-040
TXN-000400,2024-08-17,RECEIPT,WH-LAG1,PRD-0083,344,PO-2024-00455,EMP-040
TXN-000401,2024-08-17,RECEIPT,WH-IBD,PRD-0105,29,PO-2024-00466,EMP-027
TXN-000402,2024-08-18,RECEIPT,WH-LAG1,PRD-0056,62,PO-2024-00173,EMP-025
TXN-000403,2024-08-18,RECEIPT,WH-PHC,PRD-0091,99,PO-2024-00281,EMP-039
TXN-000404,2024-08-18,RECEIPT,WH-LAG2,PRD-0113,119,PO-2024-00296,EMP-036
TXN-000405,2024-08-18,RECEIPT,WH-LAG2,PRD-0005,67,PO-2024-00326,EMP-001
TXN-000406,2024-08-18,RECEIPT,WH-PHC,PRD-0061,117,PO-2024-00358,EMP-039
TXN-000407,2024-08-18,RECEIPT,WH-LAG1,PRD-0098,316,PO-2024-00382,EMP-025
TXN-000408,2024-08-18,RECEIPT,WH-IBD,PRD-0117,65,PO-2024-00392,EMP-032
TXN-000409,2024-08-18,RECEIPT,WH-LAG1,PRD-0122,194,PO-2024-00395,EMP-040
TXN-000410,2024-08-18,RECEIPT,WH-LAG2,PRD-0063,77,PO-2024-00438,EMP-021
TXN-000411,2024-08-18,RECEIPT,WH-LAG1,PRD-0081,148,PO-2024-00452,EMP-005
TXN-000412,2024-08-18,RECEIPT,WH-ABJ,PRD-0138,123,PO-2024-00481,EMP-003
TXN-000413,2024-08-18,RECEIPT,WH-PHC,PRD-0165,189,PO-2024-00489,EMP-034
TXN-000414,2024-08-19,RECEIPT,WH-LAG2,PRD-0061,109,PO-2024-00266,EMP-011
TXN-000415,2024-08-19,RECEIPT,WH-LAG1,PRD-0100,516,PO-2024-00285,EMP-025
TXN-000416,2024-08-19,RECEIPT,WH-LAG2,PRD-0107,25,PO-2024-00291,EMP-036
TXN-000417,2024-08-19,RECEIPT,WH-LAG1,PRD-0121,310,PO-2024-00300,EMP-015
TXN-000418,2024-08-19,RECEIPT,WH-LAG1,PRD-0123,98,PO-2024-00302,EMP-005
TXN-000419,2024-08-19,RECEIPT,WH-IBD,PRD-0006,30,PO-2024-00327,EMP-007
TXN-000420,2024-08-19,RECEIPT,WH-IBD,PRD-0014,17,PO-2024-00332,EMP-037
TXN-000421,2024-08-19,RECEIPT,WH-ABJ,PRD-0034,33,PO-2024-00345,EMP-013
TXN-000422,2024-08-19,RECEIPT,WH-PHC,PRD-0074,83,PO-2024-00364,EMP-039
TXN-000423,2024-08-19,RECEIPT,WH-IBD,PRD-0115,95,PO-2024-00390,EMP-027
TXN-000424,2024-08-19,RECEIPT,WH-LAG2,PRD-0120,126,PO-2024-00394,EMP-026
TXN-000425,2024-08-19,RECEIPT,WH-PHC,PRD-0007,79,PO-2024-00417,EMP-014
TXN-000426,2024-08-19,RECEIPT,WH-LAG1,PRD-0037,138,PO-2024-00425,EMP-030
TXN-000427,2024-08-19,RECEIPT,WH-LAG1,PRD-0040,74,PO-2024-00426,EMP-020
TXN-000428,2024-08-19,RECEIPT,WH-LAG1,PRD-0049,89,PO-2024-00430,EMP-025
TXN-000429,2024-08-19,RECEIPT,WH-LAG2,PRD-0059,70,PO-2024-00436,EMP-011
TXN-000430,2024-08-19,RECEIPT,WH-ABJ,PRD-0059,67,PO-2024-00437,EMP-028
TXN-000431,2024-08-19,RECEIPT,WH-ABJ,PRD-0067,101,PO-2024-00445,EMP-033
TXN-000432,2024-08-19,RECEIPT,WH-PHC,PRD-0077,188,PO-2024-00450,EMP-014
TXN-000433,2024-08-19,RECEIPT,WH-LAG1,PRD-0101,50,PO-2024-00463,EMP-020
TXN-000434,2024-08-19,RECEIPT,WH-LAG1,PRD-0127,70,PO-2024-00476,EMP-040
TXN-000435,2024-08-19,RECEIPT,WH-LAG1,PRD-0169,121,PO-2024-00491,EMP-025
TXN-000436,2024-08-20,RECEIPT,WH-PHC,PRD-0086,244,PO-2024-00192,EMP-014
TXN-000437,2024-08-20,RECEIPT,WH-LAG1,PRD-0085,143,PO-2024-00278,EMP-010
TXN-000438,2024-08-20,RECEIPT,WH-PHC,PRD-0019,98,PO-2024-00336,EMP-024
TXN-000439,2024-08-20,RECEIPT,WH-LAG2,PRD-0101,29,PO-2024-00464,EMP-031
TXN-000440,2024-08-20,RECEIPT,WH-LAG2,PRD-0109,71,PO-2024-00468,EMP-001
TXN-000441,2024-08-20,RECEIPT,WH-PHC,PRD-0115,92,PO-2024-00470,EMP-039
TXN-000442,2024-08-20,RECEIPT,WH-ABJ,PRD-0129,20,PO-2024-00477,EMP-038
TXN-000443,2024-08-20,RECEIPT,WH-PHC,PRD-0152,60,PO-2024-00485,EMP-009
TXN-000444,2024-08-21,RECEIPT,WH-IBD,PRD-0078,96,PO-2024-00185,EMP-037
TXN-000445,2024-08-21,RECEIPT,WH-ABJ,PRD-0074,90,PO-2024-00272,EMP-028
TXN-000446,2024-08-21,RECEIPT,WH-PHC,PRD-0013,27,PO-2024-00331,EMP-034
TXN-000447,2024-08-21,RECEIPT,WH-IBD,PRD-0149,22,PO-2024-00406,EMP-002
TXN-000448,2024-08-21,RECEIPT,WH-LAG1,PRD-0045,97,PO-2024-00427,EMP-030
TXN-000449,2024-08-21,RECEIPT,WH-PHC,PRD-0103,60,PO-2024-00465,EMP-034
TXN-000450,2024-08-21,RECEIPT,WH-IBD,PRD-0131,98,PO-2024-00479,EMP-012
TXN-000451,2024-08-21,RECEIPT,WH-ABJ,PRD-0162,64,PO-2024-00488,EMP-003
TXN-000452,2024-08-22,RECEIPT,WH-ABJ,PRD-0061,178,PO-2024-00267,EMP-018
TXN-000453,2024-08-22,RECEIPT,WH-LAG1,PRD-0090,1524,PO-2024-00279,EMP-005
TXN-000454,2024-08-22,RECEIPT,WH-PHC,PRD-0049,39,PO-2024-00431,EMP-009
TXN-000455,2024-08-22,RECEIPT,WH-ABJ,PRD-0090,788,PO-2024-00457,EMP-023
TXN-000456,2024-08-22,RECEIPT,WH-LAG2,PRD-0131,113,PO-2024-00478,EMP-021
TXN-000457,2024-08-22,RECEIPT,WH-LAG1,PRD-0152,84,PO-2024-00484,EMP-030
TXN-000458,2024-08-22,RECEIPT,WH-LAG2,PRD-0051,133,PO-2024-00509,EMP-001
TXN-000459,2024-08-22,RECEIPT,WH-IBD,PRD-0156,106,PO-2024-00529,EMP-012
TXN-000460,2024-08-22,RECEIPT,WH-PHC,PRD-0170,60,PO-2024-00533,EMP-029
TXN-000461,2024-08-22,TRANSFER_OUT,WH-LAG1,PRD-0082,-37,TRF-00005,EMP-035
TXN-000462,2024-08-22,TRANSFER_IN,WH-ABJ,PRD-0082,37,TRF-00005,EMP-033
TXN-000463,2024-08-23,RECEIPT,WH-PHC,PRD-0009,33,PO-2024-00239,EMP-034
TXN-000464,2024-08-23,RECEIPT,WH-IBD,PRD-0047,62,PO-2024-00351,EMP-037
TXN-000465,2024-08-23,RECEIPT,WH-IBD,PRD-0076,89,PO-2024-00365,EMP-032
TXN-000466,2024-08-23,RECEIPT,WH-LAG2,PRD-0013,31,PO-2024-00418,EMP-026
TXN-000467,2024-08-23,RECEIPT,WH-IBD,PRD-0093,87,PO-2024-00459,EMP-032
TXN-000468,2024-08-23,RECEIPT,WH-PHC,PRD-0095,22,PO-2024-00461,EMP-024
TXN-000469,2024-08-23,RECEIPT,WH-PHC,PRD-0122,127,PO-2024-00473,EMP-004
TXN-000470,2024-08-23,RECEIPT,WH-LAG1,PRD-0156,339,PO-2024-00528,EMP-035
TXN-000471,2024-08-24,RECEIPT,WH-LAG1,PRD-0005,127,PO-2024-00236,EMP-035
TXN-000472,2024-08-24,RECEIPT,WH-LAG2,PRD-0028,66,PO-2024-00250,EMP-016
TXN-000473,2024-08-24,RECEIPT,WH-PHC,PRD-0070,33,PO-2024-00270,EMP-004
TXN-000474,2024-08-24,RECEIPT,WH-LAG1,PRD-0046,104,PO-2024-00348,EMP-010
TXN-000475,2024-08-24,RECEIPT,WH-ABJ,PRD-0080,94,PO-2024-00369,EMP-013
TXN-000476,2024-08-24,RECEIPT,WH-LAG2,PRD-0102,58,PO-2024-00384,EMP-006
TXN-000477,2024-08-24,RECEIPT,WH-ABJ,PRD-0047,94,PO-2024-00428,EMP-033
TXN-000478,2024-08-24,RECEIPT,WH-LAG2,PRD-0108,131,PO-2024-00467,EMP-036
TXN-000479,2024-08-24,RECEIPT,WH-IBD,PRD-0167,67,PO-2024-00490,EMP-017
TXN-000480,2024-08-24,RECEIPT,WH-ABJ,PRD-0021,71,PO-2024-00498,EMP-038
TXN-000481,2024-08-24,RECEIPT,WH-IBD,PRD-0068,72,PO-2024-00512,EMP-007
TXN-000482,2024-08-24,RECEIPT,WH-PHC,PRD-0068,99,PO-2024-00513,EMP-014
TXN-000483,2024-08-24,RECEIPT,WH-IBD,PRD-0166,147,PO-2024-00531,EMP-032
TXN-000484,2024-08-24,RECEIPT,WH-LAG2,PRD-0170,66,PO-2024-00532,EMP-016
TXN-000485,2024-08-24,TRANSFER_OUT,WH-ABJ,PRD-0088,-14,TRF-00006,EMP-038
TXN-000486,2024-08-24,TRANSFER_IN,WH-PHC,PRD-0088,14,TRF-00006,EMP-039
TXN-000487,2024-08-25,RECEIPT,WH-LAG1,PRD-0009,48,PO-2024-00330,EMP-035
TXN-000488,2024-08-25,RECEIPT,WH-ABJ,PRD-0073,28,PO-2024-00363,EMP-008
TXN-000489,2024-08-25,RECEIPT,WH-ABJ,PRD-0107,38,PO-2024-00386,EMP-013
TXN-000490,2024-08-25,RECEIPT,WH-LAG1,PRD-0118,331,PO-2024-00393,EMP-035
TXN-000491,2024-08-25,RECEIPT,WH-LAG1,PRD-0014,20,PO-2024-00419,EMP-005
TXN-000492,2024-08-25,RECEIPT,WH-LAG1,PRD-0134,55,PO-2024-00480,EMP-005
TXN-000493,2024-08-25,RECEIPT,WH-LAG1,PRD-0148,66,PO-2024-00483,EMP-020
TXN-000494,2024-08-26,RECEIPT,WH-IBD,PRD-0090,756,PO-2024-00280,EMP-037
TXN-000495,2024-08-26,RECEIPT,WH-ABJ,PRD-0027,26,PO-2024-00343,EMP-018
TXN-000496,2024-08-26,RECEIPT,WH-IBD,PRD-0064,112,PO-2024-00441,EMP-002
TXN-000497,2024-08-26,RECEIPT,WH-IBD,PRD-0144,43,PO-2024-00482,EMP-007
TXN-000498,2024-08-26,RECEIPT,WH-PHC,PRD-0153,146,PO-2024-00486,EMP-014
TXN-000499,2024-08-26,RECEIPT,WH-LAG1,PRD-0160,452,PO-2024-00487,EMP-020
TXN-000500,2024-08-26,RECEIPT,WH-LAG1,PRD-0012,64,PO-2024-00494,EMP-010
TXN-000501,2024-08-27,RECEIPT,WH-PHC,PRD-0088,51,PO-2024-00375,EMP-014
TXN-000502,2024-08-27,RECEIPT,WH-LAG1,PRD-0113,153,PO-2024-00389,EMP-015
TXN-000503,2024-08-27,RECEIPT,WH-ABJ,PRD-0056,54,PO-2024-00433,EMP-023
TXN-000504,2024-08-27,RECEIPT,WH-PHC,PRD-0093,79,PO-2024-00460,EMP-029
TXN-000505,2024-08-27,RECEIPT,WH-IBD,PRD-0098,142,PO-2024-00462,EMP-027
TXN-000506,2024-08-27,RECEIPT,WH-ABJ,PRD-0125,400,PO-2024-00475,EMP-013
TXN-000507,2024-08-27,RECEIPT,WH-ABJ,PRD-0040,64,PO-2024-00506,EMP-038
TXN-000508,2024-08-27,RECEIPT,WH-IBD,PRD-0051,120,PO-2024-00510,EMP-037
TXN-000509,2024-08-28,RECEIPT,WH-LAG1,PRD-0047,94,PO-2024-00262,EMP-005
TXN-000510,2024-08-28,RECEIPT,WH-LAG1,PRD-0023,123,PO-2024-00340,EMP-015
TXN-000511,2024-08-28,RECEIPT,WH-ABJ,PRD-0115,107,PO-2024-00469,EMP-013
TXN-000512,2024-08-28,RECEIPT,WH-ABJ,PRD-0016,157,PO-2024-00496,EMP-023
TXN-000513,2024-08-28,RECEIPT,WH-PHC,PRD-0101,30,PO-2024-00520,EMP-024
TXN-000514,2024-08-28,RECEIPT,WH-LAG2,PRD-0137,87,PO-2024-00524,EMP-026
TXN-000515,2024-08-28,RECEIPT,WH-PHC,PRD-0141,54,PO-2024-00526,EMP-009
TXN-000516,2024-08-28,TRANSFER_OUT,WH-LAG1,PRD-0169,-34,TRF-00007,EMP-010
TXN-000517,2024-08-28,TRANSFER_IN,WH-IBD,PRD-0169,34,TRF-00007,EMP-002
TXN-000518,2024-08-29,RECEIPT,WH-ABJ,PRD-0015,70,PO-2024-00333,EMP-028
TXN-000519,2024-08-29,RECEIPT,WH-PHC,PRD-0046,64,PO-2024-00350,EMP-039
TXN-000520,2024-08-29,RECEIPT,WH-ABJ,PRD-0091,89,PO-2024-00377,EMP-003
TXN-000521,2024-08-29,RECEIPT,WH-LAG2,PRD-0029,39,PO-2024-00502,EMP-001
TXN-000522,2024-08-29,RECEIPT,WH-ABJ,PRD-0029,36,PO-2024-00503,EMP-023
TXN-000523,2024-08-29,RECEIPT,WH-LAG1,PRD-0034,41,PO-2024-00504,EMP-030
TXN-000524,2024-08-29,RECEIPT,WH-ABJ,PRD-0141,88,PO-2024-00525,EMP-018
TXN-000525,2024-08-29,RECEIPT,WH-IBD,PRD-0143,38,PO-2024-00527,EMP-022
TXN-000526,2024-08-29,RECEIPT,WH-ABJ,PRD-0018,79,PO-2024-00536,EMP-008
TXN-000527,2024-08-29,RECEIPT,WH-ABJ,PRD-0068,170,PO-2024-00546,EMP-033
TXN-000528,2024-08-29,RECEIPT,WH-ABJ,PRD-0084,92,PO-2024-00552,EMP-008
TXN-000529,2024-08-29,RECEIPT,WH-LAG1,PRD-0166,308,PO-2024-00583,EMP-040
TXN-000530,2024-08-30,RECEIPT,WH-LAG1,PRD-0003,36,PO-2024-00324,EMP-035
TXN-000531,2024-08-30,RECEIPT,WH-ABJ,PRD-0019,103,PO-2024-00335,EMP-033
TXN-000532,2024-08-30,RECEIPT,WH-LAG2,PRD-0052,16,PO-2024-00353,EMP-001
TXN-000533,2024-08-30,RECEIPT,WH-LAG1,PRD-0006,46,PO-2024-00415,EMP-030
TXN-000534,2024-08-30,RECEIPT,WH-PHC,PRD-0020,117,PO-2024-00422,EMP-034
TXN-000535,2024-08-30,RECEIPT,WH-LAG1,PRD-0064,226,PO-2024-00439,EMP-015
TXN-000536,2024-08-30,RECEIPT,WH-IBD,PRD-0085,96,PO-2024-00517,EMP-027
TXN-000537,2024-08-30,RECEIPT,WH-IBD,PRD-0122,117,PO-2024-00522,EMP-017
TXN-000538,2024-08-30,RECEIPT,WH-ABJ,PRD-0135,180,PO-2024-00523,EMP-023
TXN-000539,2024-08-30,RECEIPT,WH-LAG1,PRD-0062,180,PO-2024-00542,EMP-030
TXN-000540,2024-08-30,RECEIPT,WH-LAG2,PRD-0138,107,PO-2024-00574,EMP-031
TXN-000541,2024-08-30,RECEIPT,WH-IBD,PRD-0158,32,PO-2024-00581,EMP-032
TXN-000542,2024-08-31,RECEIPT,WH-ABJ,PRD-0003,27,PO-2024-00325,EMP-018
TXN-000543,2024-08-31,RECEIPT,WH-LAG2,PRD-0024,34,PO-2024-00341,EMP-036
TXN-000544,2024-08-31,RECEIPT,WH-IBD,PRD-0065,92,PO-2024-00360,EMP-007
TXN-000545,2024-08-31,RECEIPT,WH-LAG2,PRD-0064,110,PO-2024-00440,EMP-006
TXN-000546,2024-08-31,RECEIPT,WH-LAG2,PRD-0074,85,PO-2024-00449,EMP-021
TXN-000547,2024-08-31,RECEIPT,WH-IBD,PRD-0005,57,PO-2024-00492,EMP-037
TXN-000548,2024-08-31,RECEIPT,WH-ABJ,PRD-0069,22,PO-2024-00547,EMP-038
TXN-000549,2024-08-31,RECEIPT,WH-IBD,PRD-0084,81,PO-2024-00551,EMP-032
TXN-000550,2024-08-31,RECEIPT,WH-LAG1,PRD-0157,106,PO-2024-00580,EMP-035
TXN-000551,2024-08-31,ADJUSTMENT,WH-LAG1,PRD-0047,-2,EXPIRY,EMP-030
TXN-000552,2024-08-31,ADJUSTMENT,WH-LAG1,PRD-0031,-2,SHRINKAGE,EMP-030
TXN-000553,2024-08-31,ADJUSTMENT,WH-LAG1,PRD-0130,-2,DAMAGE,EMP-035
TXN-000554,2024-08-31,ADJUSTMENT,WH-LAG1,PRD-0054,-2,EXPIRY,EMP-035
TXN-000555,2024-08-31,ADJUSTMENT,WH-LAG2,PRD-0150,-2,SHRINKAGE,EMP-006
TXN-000556,2024-08-31,ADJUSTMENT,WH-LAG2,PRD-0089,-1,DAMAGE,EMP-001
TXN-000557,2024-08-31,ADJUSTMENT,WH-LAG2,PRD-0018,-1,DAMAGE,EMP-011
TXN-000558,2024-08-31,ADJUSTMENT,WH-LAG2,PRD-0143,-2,EXPIRY,EMP-016
TXN-000559,2024-08-31,ADJUSTMENT,WH-LAG2,PRD-0007,-2,SHRINKAGE,EMP-016
TXN-000560,2024-08-31,ADJUSTMENT,WH-IBD,PRD-0117,-2,EXPIRY,EMP-007
TXN-000561,2024-08-31,ADJUSTMENT,WH-IBD,PRD-0009,-1,DAMAGE,EMP-022
TXN-000562,2024-08-31,ADJUSTMENT,WH-IBD,PRD-0123,-1,SHRINKAGE,EMP-017
TXN-000563,2024-08-31,ADJUSTMENT,WH-IBD,PRD-0082,-2,SHRINKAGE,EMP-032
TXN-000564,2024-08-31,ADJUSTMENT,WH-IBD,PRD-0009,-1,DAMAGE,EMP-017
TXN-000565,2024-08-31,ADJUSTMENT,WH-IBD,PRD-0086,-1,SHRINKAGE,EMP-037
TXN-000566,2024-08-31,ADJUSTMENT,WH-IBD,PRD-0013,-1,SHRINKAGE,EMP-037
TXN-000567,2024-08-31,ADJUSTMENT,WH-ABJ,PRD-0059,-2,SHRINKAGE,EMP-028
TXN-000568,2024-08-31,ADJUSTMENT,WH-ABJ,PRD-0136,-1,SHRINKAGE,EMP-008
TXN-000569,2024-08-31,ADJUSTMENT,WH-ABJ,PRD-0155,-2,DAMAGE,EMP-018
TXN-000570,2024-08-31,ADJUSTMENT,WH-ABJ,PRD-0165,-4,DAMAGE,EMP-018
TXN-000571,2024-08-31,ADJUSTMENT,WH-ABJ,PRD-0053,-2,DAMAGE,EMP-003
TXN-000572,2024-08-31,ADJUSTMENT,WH-ABJ,PRD-0146,-2,SHRINKAGE,EMP-008
TXN-000573,2024-08-31,ADJUSTMENT,WH-ABJ,PRD-0113,-2,EXPIRY,EMP-038
TXN-000574,2024-08-31,ADJUSTMENT,WH-PHC,PRD-0099,-2,DAMAGE,EMP-039
TXN-000575,2024-08-31,ADJUSTMENT,WH-PHC,PRD-0154,-2,DAMAGE,EMP-014
TXN-000576,2024-08-31,ADJUSTMENT,WH-PHC,PRD-0163,-1,DAMAGE,EMP-004
TXN-000577,2024-09-01,RECEIPT,WH-IBD,PRD-0061,104,PO-2024-00357,EMP-037
TXN-000578,2024-09-01,RECEIPT,WH-PHC,PRD-0017,53,PO-2024-00421,EMP-004
TXN-000579,2024-09-01,RECEIPT,WH-LAG1,PRD-0070,74,PO-2024-00446,EMP-010
TXN-000580,2024-09-01,RECEIPT,WH-PHC,PRD-0071,16,PO-2024-00447,EMP-019
TXN-000581,2024-09-01,RECEIPT,WH-ABJ,PRD-0121,175,PO-2024-00472,EMP-018
TXN-000582,2024-09-01,RECEIPT,WH-LAG1,PRD-0026,121,PO-2024-00500,EMP-030
TXN-000583,2024-09-01,RECEIPT,WH-LAG2,PRD-0093,103,PO-2024-00518,EMP-001
TXN-000584,2024-09-01,RECEIPT,WH-ABJ,PRD-0160,183,PO-2024-00530,EMP-033
TXN-000585,2024-09-01,RECEIPT,WH-IBD,PRD-0127,36,PO-2024-00565,EMP-037
TXN-000586,2024-09-01,RECEIPT,WH-ABJ,PRD-0131,129,PO-2024-00568,EMP-033
TXN-000587,2024-09-01,RECEIPT,WH-PHC,PRD-0131,120,PO-2024-00569,EMP-024
TXN-000588,2024-09-02,RECEIPT,WH-IBD,PRD-0057,160,PO-2024-00434,EMP-037
TXN-000589,2024-09-02,RECEIPT,WH-PHC,PRD-0090,809,PO-2024-00458,EMP-009
TXN-000590,2024-09-02,RECEIPT,WH-ABJ,PRD-0118,199,PO-2024-00471,EMP-023
TXN-000591,2024-09-02,RECEIPT,WH-PHC,PRD-0123,79,PO-2024-00474,EMP-034
TXN-000592,2024-09-02,RECEIPT,WH-LAG1,PRD-0041,113,PO-2024-00507,EMP-040
TXN-000593,2024-09-02,RECEIPT,WH-ABJ,PRD-0134,49,PO-2024-00571,EMP-023
TXN-000594,2024-09-02,RECEIPT,WH-PHC,PRD-0136,68,PO-2024-00572,EMP-009
TXN-000595,2024-09-02,RECEIPT,WH-PHC,PRD-0137,94,PO-2024-00573,EMP-004
TXN-000596,2024-09-02,RECEIPT,WH-LAG2,PRD-0147,58,PO-2024-00578,EMP-026
TXN-000597,2024-09-02,RECEIPT,WH-IBD,PRD-0155,49,PO-2024-00579,EMP-002
TXN-000598,2024-09-02,RECEIPT,WH-IBD,PRD-0169,78,PO-2024-00584,EMP-027
TXN-000599,2024-09-03,RECEIPT,WH-ABJ,PRD-0017,42,PO-2024-00420,EMP-038
TXN-000600,2024-09-03,RECEIPT,WH-PHC,PRD-0057,197,PO-2024-00435,EMP-009
TXN-000601,2024-09-03,RECEIPT,WH-PHC,PRD-0078,68,PO-2024-00451,EMP-039
TXN-000602,2024-09-03,RECEIPT,WH-IBD,PRD-0097,22,PO-2024-00558,EMP-017
TXN-000603,2024-09-03,RECEIPT,WH-ABJ,PRD-0127,57,PO-2024-00566,EMP-038
TXN-000604,2024-09-03,RECEIPT,WH-IBD,PRD-0164,60,PO-2024-00582,EMP-022
TXN-000605,2024-09-03,TRANSFER_OUT,WH-LAG1,PRD-0021,-21,TRF-00008,EMP-025
TXN-000606,2024-09-03,TRANSFER_IN,WH-LAG2,PRD-0021,21,TRF-00008,EMP-021
TXN-000607,2024-09-04,RECEIPT,WH-ABJ,PRD-0064,136,PO-2024-00359,EMP-033
TXN-000608,2024-09-04,RECEIPT,WH-LAG2,PRD-0090,1188,PO-2024-00376,EMP-031
TXN-000609,2024-09-04,RECEIPT,WH-ABJ,PRD-0036,58,PO-2024-00505,EMP-023
TXN-000610,2024-09-04,RECEIPT,WH-IBD,PRD-0099,33,PO-2024-00519,EMP-022
TXN-000611,2024-09-04,RECEIPT,WH-ABJ,PRD-0063,87,PO-2024-00543,EMP-028
TXN-000612,2024-09-04,RECEIPT,WH-LAG1,PRD-0112,40,PO-2024-00561,EMP-020
TXN-000613,2024-09-04,RECEIPT,WH-IBD,PRD-0141,49,PO-2024-00575,EMP-037
TXN-000614,2024-09-05,RECEIPT,WH-LAG2,PRD-0096,21,PO-2024-00557,EMP-021
TXN-000615,2024-09-05,RECEIPT,WH-LAG2,PRD-0012,53,PO-2024-00588,EMP-006
TXN-000616,2024-09-05,RECEIPT,WH-PHC,PRD-0089,53,PO-2024-00603,EMP-014
TXN-000617,2024-09-05,RECEIPT,WH-PHC,PRD-0111,105,PO-2024-00607,EMP-024
TXN-000618,2024-09-05,TRANSFER_OUT,WH-LAG1,PRD-0135,-59,TRF-00009,EMP-010
TXN-000619,2024-09-05,TRANSFER_IN,WH-PHC,PRD-0135,59,TRF-00009,EMP-004
TXN-000620,2024-09-06,RECEIPT,WH-LAG1,PRD-0027,43,PO-2024-00423,EMP-030
TXN-000621,2024-09-06,RECEIPT,WH-PHC,PRD-0065,104,PO-2024-00442,EMP-039
TXN-000622,2024-09-06,RECEIPT,WH-PHC,PRD-0076,62,PO-2024-00514,EMP-009
TXN-000623,2024-09-06,RECEIPT,WH-LAG2,PRD-0115,89,PO-2024-00563,EMP-026
TXN-000624,2024-09-06,RECEIPT,WH-PHC,PRD-0144,50,PO-2024-00577,EMP-019
TXN-000625,2024-09-06,RECEIPT,WH-PHC,PRD-0138,102,PO-2024-00612,EMP-014
TXN-000626,2024-09-06,RECEIPT,WH-LAG1,PRD-0155,101,PO-2024-00618,EMP-030
TXN-000627,2024-09-07,RECEIPT,WH-ABJ,PRD-0005,84,PO-2024-00493,EMP-018
TXN-000628,2024-09-07,RECEIPT,WH-PHC,PRD-0027,26,PO-2024-00501,EMP-039
TXN-000629,2024-09-07,RECEIPT,WH-LAG2,PRD-0072,51,PO-2024-00548,EMP-001
TXN-000630,2024-09-07,RECEIPT,WH-LAG1,PRD-0109,193,PO-2024-00560,EMP-035
TXN-000631,2024-09-07,RECEIPT,WH-LAG2,PRD-0151,666,PO-2024-00617,EMP-021
TXN-000632,2024-09-08,RECEIPT,WH-ABJ,PRD-0028,70,PO-2024-00424,EMP-013
TXN-000633,2024-09-08,RECEIPT,WH-IBD,PRD-0031,79,PO-2024-00594,EMP-007
TXN-000634,2024-09-08,RECEIPT,WH-LAG2,PRD-0166,177,PO-2024-00621,EMP-001
TXN-000635,2024-09-09,RECEIPT,WH-LAG1,PRD-0072,115,PO-2024-00448,EMP-010
TXN-000636,2024-09-09,RECEIPT,WH-LAG1,PRD-0107,36,PO-2024-00521,EMP-020
TXN-000637,2024-09-09,RECEIPT,WH-PHC,PRD-0016,85,PO-2024-00535,EMP-004
TXN-000638,2024-09-09,RECEIPT,WH-IBD,PRD-0119,23,PO-2024-00564,EMP-027
TXN-000639,2024-09-09,RECEIPT,WH-LAG2,PRD-0144,66,PO-2024-00576,EMP-001
TXN-000640,2024-09-09,RECEIPT,WH-ABJ,PRD-0011,121,PO-2024-00587,EMP-033
TXN-000641,2024-09-09,RECEIPT,WH-IBD,PRD-0089,49,PO-2024-00602,EMP-037
TXN-000642,2024-09-09,TRANSFER_OUT,WH-LAG2,PRD-0024,-11,TRF-00010,EMP-011
TXN-000643,2024-09-09,TRANSFER_IN,WH-ABJ,PRD-0024,11,TRF-00010,EMP-038
TXN-000644,2024-09-10,RECEIPT,WH-LAG2,PRD-0017,46,PO-2024-00497,EMP-016
TXN-000645,2024-09-10,RECEIPT,WH-LAG1,PRD-0050,82,PO-2024-00508,EMP-040
TXN-000646,2024-09-10,RECEIPT,WH-LAG2,PRD-0041,46,PO-2024-00540,EMP-006
TXN-000647,2024-09-10,RECEIPT,WH-LAG1,PRD-0133,53,PO-2024-00570,EMP-015
TXN-000648,2024-09-10,RECEIPT,WH-LAG2,PRD-0016,124,PO-2024-00590,EMP-016
TXN-000649,2024-09-10,RECEIPT,WH-PHC,PRD-0142,84,PO-2024-00613,EMP-009
TXN-000650,2024-09-10,RECEIPT,WH-LAG2,PRD-0165,188,PO-2024-00619,EMP-016
TXN-000651,2024-09-11,RECEIPT,WH-LAG2,PRD-0048,75,PO-2024-00429,EMP-006
TXN-000652,2024-09-11,RECEIPT,WH-LAG1,PRD-0145,149,PO-2024-00615,EMP-005
TXN-000653,2024-09-11,RECEIPT,WH-IBD,PRD-0165,166,PO-2024-00620,EMP-017
TXN-000654,2024-09-11,RECEIPT,WH-ABJ,PRD-0167,82,PO-2024-00622,EMP-003
TXN-000655,2024-09-12,RECEIPT,WH-LAG1,PRD-0015,83,PO-2024-00495,EMP-035
TXN-000656,2024-09-12,RECEIPT,WH-PHC,PRD-0080,57,PO-2024-00516,EMP-039
TXN-000657,2024-09-12,RECEIPT,WH-IBD,PRD-0091,65,PO-2024-00556,EMP-012
TXN-000658,2024-09-12,RECEIPT,WH-PHC,PRD-0113,98,PO-2024-00562,EMP-019
TXN-000659,2024-09-12,RECEIPT,WH-IBD,PRD-0015,63,PO-2024-00589,EMP-017
TXN-000660,2024-09-12,RECEIPT,WH-LAG2,PRD-0126,57,PO-2024-00609,EMP-006
TXN-000661,2024-09-12,RECEIPT,WH-LAG2,PRD-0169,77,PO-2024-00623,EMP-026
TXN-000662,2024-09-12,RECEIPT,WH-LAG1,PRD-0054,62,PO-2024-00638,EMP-030
TXN-000663,2024-09-12,TRANSFER_OUT,WH-PHC,PRD-0088,-16,TRF-00011,EMP-019
TXN-000664,2024-09-12,TRANSFER_IN,WH-LAG2,PRD-0088,16,TRF-00011,EMP-036
TXN-000665,2024-09-13,RECEIPT,WH-IBD,PRD-0080,58,PO-2024-00515,EMP-037
TXN-000666,2024-09-13,RECEIPT,WH-LAG2,PRD-0065,104,PO-2024-00545,EMP-001
TXN-000667,2024-09-13,RECEIPT,WH-ABJ,PRD-0128,93,PO-2024-00567,EMP-008
TXN-000668,2024-09-13,RECEIPT,WH-LAG2,PRD-0080,59,PO-2024-00601,EMP-006
TXN-000669,2024-09-13,RECEIPT,WH-LAG1,PRD-0132,90,PO-2024-00611,EMP-040
TXN-000670,2024-09-13,RECEIPT,WH-LAG1,PRD-0137,144,PO-2024-00660,EMP-035
TXN-000671,2024-09-13,TRANSFER_OUT,WH-LAG1,PRD-0083,-75,TRF-00012,EMP-010
TXN-000672,2024-09-13,TRANSFER_IN,WH-PHC,PRD-0083,75,TRF-00012,EMP-034
TXN-000673,2024-09-14,RECEIPT,WH-PHC,PRD-0102,68,PO-2024-00559,EMP-014
TXN-000674,2024-09-14,RECEIPT,WH-LAG1,PRD-0038,31,PO-2024-00595,EMP-025
TXN-000675,2024-09-14,RECEIPT,WH-LAG1,PRD-0048,93,PO-2024-00596,EMP-005
TXN-000676,2024-09-14,RECEIPT,WH-PHC,PRD-0130,46,PO-2024-00610,EMP-039
TXN-000677,2024-09-14,RECEIPT,WH-LAG1,PRD-0079,89,PO-2024-00643,EMP-020
TXN-000678,2024-09-14,RECEIPT,WH-ABJ,PRD-0147,50,PO-2024-00663,EMP-028
TXN-000679,2024-09-14,RECEIPT,WH-IBD,PRD-0157,51,PO-2024-00669,EMP-032
TXN-000680,2024-09-14,RECEIPT,WH-IBD,PRD-0170,58,PO-2024-00674,EMP-002
TXN-000681,2024-09-15,RECEIPT,WH-ABJ,PRD-0024,47,PO-2024-00499,EMP-008
TXN-000682,2024-09-15,RECEIPT,WH-PHC,PRD-0024,27,PO-2024-00539,EMP-019
TXN-000683,2024-09-15,RECEIPT,WH-LAG1,PRD-0091,174,PO-2024-00555,EMP-040
TXN-000684,2024-09-15,RECEIPT,WH-IBD,PRD-0016,119,PO-2024-00591,EMP-022
TXN-000685,2024-09-15,RECEIPT,WH-ABJ,PRD-0095,30,PO-2024-00604,EMP-033
TXN-000686,2024-09-15,RECEIPT,WH-ABJ,PRD-0058,53,PO-2024-00639,EMP-033
TXN-000687,2024-09-15,RECEIPT,WH-ABJ,PRD-0079,90,PO-2024-00644,EMP-013
TXN-000688,2024-09-15,RECEIPT,WH-IBD,PRD-0147,51,PO-2024-00662,EMP-027
TXN-000689,2024-09-16,RECEIPT,WH-ABJ,PRD-0144,65,PO-2024-00614,EMP-023
TXN-000690,2024-09-16,RECEIPT,WH-LAG2,PRD-0149,19,PO-2024-00616,EMP-016
TXN-000691,2024-09-16,RECEIPT,WH-PHC,PRD-0051,95,PO-2024-00637,EMP-014
TXN-000692,2024-09-17,RECEIPT,WH-PHC,PRD-0052,18,PO-2024-00511,EMP-019
TXN-000693,2024-09-17,RECEIPT,WH-PHC,PRD-0006,34,PO-2024-00534,EMP-039
TXN-000694,2024-09-17,RECEIPT,WH-LAG2,PRD-0066,8,PO-2024-00599,EMP-006
TXN-000695,2024-09-17,RECEIPT,WH-LAG1,PRD-0089,69,PO-2024-00646,EMP-025
TXN-000696,2024-09-17,RECEIPT,WH-LAG1,PRD-0092,66,PO-2024-00647,EMP-025
TXN-000697,2024-09-17,RECEIPT,WH-IBD,PRD-0110,31,PO-2024-00652,EMP-012
TXN-000698,2024-09-17,RECEIPT,WH-IBD,PRD-0152,60,PO-2024-00666,EMP-032
TXN-000699,2024-09-17,RECEIPT,WH-ABJ,PRD-0155,69,PO-2024-00668,EMP-023
TXN-000700,2024-09-18,RECEIPT,WH-PHC,PRD-0072,46,PO-2024-00549,EMP-029
TXN-000701,2024-09-18,RECEIPT,WH-IBD,PRD-0092,32,PO-2024-00648,EMP-032
TXN-000702,2024-09-18,RECEIPT,WH-PHC,PRD-0120,106,PO-2024-00654,EMP-034
TXN-000703,2024-09-18,RECEIPT,WH-LAG2,PRD-0143,48,PO-2024-00661,EMP-006
TXN-000704,2024-09-18,RECEIPT,WH-PHC,PRD-0147,59,PO-2024-00664,EMP-024
TXN-000705,2024-09-18,RECEIPT,WH-PHC,PRD-0169,79,PO-2024-00673,EMP-034
TXN-000706,2024-09-18,TRANSFER_OUT,WH-LAG1,PRD-0083,-48,TRF-00013,EMP-020
TXN-000707,2024-09-18,TRANSFER_IN,WH-IBD,PRD-0083,48,TRF-00013,EMP-022
TXN-000708,2024-09-19,RECEIPT,WH-LAG1,PRD-0065,199,PO-2024-00544,EMP-015
TXN-000709,2024-09-19,RECEIPT,WH-PHC,PRD-0085,70,PO-2024-00554,EMP-019
TXN-000710,2024-09-19,RECEIPT,WH-LAG2,PRD-0099,33,PO-2024-00605,EMP-021
TXN-000711,2024-09-19,RECEIPT,WH-LAG2,PRD-0015,60,PO-2024-00628,EMP-026
TXN-000712,2024-09-19,RECEIPT,WH-LAG2,PRD-0129,16,PO-2024-00658,EMP-016
TXN-000713,2024-09-19,RECEIPT,WH-LAG1,PRD-0069,33,PO-2024-00686,EMP-010
TXN-000714,2024-09-19,RECEIPT,WH-ABJ,PRD-0077,260,PO-2024-00689,EMP-023
TXN-000715,2024-09-20,RECEIPT,WH-LAG2,PRD-0020,92,PO-2024-00538,EMP-021
TXN-000716,2024-09-20,RECEIPT,WH-ABJ,PRD-0001,52,PO-2024-00585,EMP-023
TXN-000717,2024-09-20,RECEIPT,WH-PHC,PRD-0010,22,PO-2024-00586,EMP-024
TXN-000718,2024-09-20,RECEIPT,WH-ABJ,PRD-0035,64,PO-2024-00633,EMP-013
TXN-000719,2024-09-20,RECEIPT,WH-ABJ,PRD-0048,62,PO-2024-00636,EMP-008
TXN-000720,2024-09-20,RECEIPT,WH-IBD,PRD-0093,106,PO-2024-00649,EMP-017
TXN-000721,2024-09-20,RECEIPT,WH-PHC,PRD-0098,192,PO-2024-00650,EMP-034
TXN-000722,2024-09-20,RECEIPT,WH-IBD,PRD-0149,24,PO-2024-00665,EMP-037
TXN-000723,2024-09-20,TRANSFER_OUT,WH-PHC,PRD-0040,-16,TRF-00014,EMP-029
TXN-000724,2024-09-20,TRANSFER_IN,WH-LAG1,PRD-0040,16,TRF-00014,EMP-030
TXN-000725,2024-09-21,RECEIPT,WH-IBD,PRD-0070,33,PO-2024-00600,EMP-022
TXN-000726,2024-09-21,RECEIPT,WH-LAG1,PRD-0119,29,PO-2024-00653,EMP-015
TXN-000727,2024-09-21,RECEIPT,WH-ABJ,PRD-0153,218,PO-2024-00667,EMP-018
TXN-000728,2024-09-21,RECEIPT,WH-LAG2,PRD-0089,52,PO-2024-00690,EMP-001
TXN-000729,2024-09-21,RECEIPT,WH-ABJ,PRD-0137,108,PO-2024-00698,EMP-008
TXN-000730,2024-09-22,RECEIPT,WH-ABJ,PRD-0085,113,PO-2024-00553,EMP-013
TXN-000731,2024-09-22,RECEIPT,WH-LAG1,PRD-0102,121,PO-2024-00606,EMP-010
TXN-000732,2024-09-22,RECEIPT,WH-ABJ,PRD-0076,132,PO-2024-00642,EMP-018
TXN-000733,2024-09-22,RECEIPT,WH-IBD,PRD-0101,26,PO-2024-00651,EMP-032
TXN-000734,2024-09-22,RECEIPT,WH-PHC,PRD-0128,52,PO-2024-00657,EMP-019
TXN-000735,2024-09-22,RECEIPT,WH-IBD,PRD-0134,50,PO-2024-00659,EMP-032
TXN-000736,2024-09-22,RECEIPT,WH-ABJ,PRD-0163,64,PO-2024-00670,EMP-013
TXN-000737,2024-09-22,RECEIPT,WH-ABJ,PRD-0152,66,PO-2024-00700,EMP-033
TXN-000738,2024-09-22,TRANSFER_OUT,WH-PHC,PRD-0123,-21,TRF-00015,EMP-014
TXN-000739,2024-09-22,TRANSFER_IN,WH-LAG2,PRD-0123,21,TRF-00015,EMP-031
TXN-000740,2024-09-23,RECEIPT,WH-ABJ,PRD-0078,108,PO-2024-00550,EMP-018
TXN-000741,2024-09-23,RECEIPT,WH-ABJ,PRD-0014,20,PO-2024-00627,EMP-028
TXN-000742,2024-09-23,RECEIPT,WH-ABJ,PRD-0168,29,PO-2024-00671,EMP-008
TXN-000743,2024-09-23,RECEIPT,WH-PHC,PRD-0168,28,PO-2024-00672,EMP-029
TXN-000744,2024-09-23,RECEIPT,WH-LAG1,PRD-0014,21,PO-2024-00677,EMP-040
TXN-000745,2024-09-23,RECEIPT,WH-LAG1,PRD-0068,163,PO-2024-00685,EMP-025
TXN-000746,2024-09-23,RECEIPT,WH-LAG2,PRD-0069,20,PO-2024-00687,EMP-026
TXN-000747,2024-09-23,RECEIPT,WH-PHC,PRD-0075,31,PO-2024-00688,EMP-034
TXN-000748,2024-09-24,RECEIPT,WH-IBD,PRD-0019,76,PO-2024-00537,EMP-002
TXN-000749,2024-09-24,RECEIPT,WH-ABJ,PRD-0052,16,PO-2024-00541,EMP-028
TXN-000750,2024-09-24,RECEIPT,WH-ABJ,PRD-0026,69,PO-2024-00592,EMP-013
TXN-000751,2024-09-24,RECEIPT,WH-ABJ,PRD-0055,60,PO-2024-00597,EMP-018
TXN-000752,2024-09-24,RECEIPT,WH-ABJ,PRD-0023,107,PO-2024-00630,EMP-008
TXN-000753,2024-09-24,RECEIPT,WH-IBD,PRD-0126,51,PO-2024-00656,EMP-002
TXN-000754,2024-09-24,RECEIPT,WH-LAG1,PRD-0116,79,PO-2024-00694,EMP-020
TXN-000755,2024-09-25,RECEIPT,WH-LAG1,PRD-0061,192,PO-2024-00598,EMP-030
TXN-000756,2024-09-25,RECEIPT,WH-PHC,PRD-0118,149,PO-2024-00608,EMP-029
TXN-000757,2024-09-25,RECEIPT,WH-ABJ,PRD-0092,49,PO-2024-00691,EMP-028
TXN-000758,2024-09-26,RECEIPT,WH-LAG1,PRD-0019,103,PO-2024-00629,EMP-040
TXN-000759,2024-09-26,RECEIPT,WH-ABJ,PRD-0070,40,PO-2024-00641,EMP-028
TXN-000760,2024-09-26,RECEIPT,WH-LAG2,PRD-0088,51,PO-2024-00645,EMP-026
TXN-000761,2024-09-26,RECEIPT,WH-LAG2,PRD-0032,28,PO-2024-00679,EMP-016
TXN-000762,2024-09-26,RECEIPT,WH-IBD,PRD-0039,159,PO-2024-00683,EMP-017
TXN-000763,2024-09-26,RECEIPT,WH-PHC,PRD-0004,148,PO-2024-00703,EMP-014
TXN-000764,2024-09-26,RECEIPT,WH-LAG2,PRD-0058,41,PO-2024-00718,EMP-011
TXN-000765,2024-09-26,RECEIPT,WH-ABJ,PRD-0082,84,PO-2024-00720,EMP-033
TXN-000766,2024-09-26,RECEIPT,WH-LAG1,PRD-0140,59,PO-2024-00731,EMP-015
TXN-000767,2024-09-27,RECEIPT,WH-IBD,PRD-0139,75,PO-2024-00699,EMP-017
TXN-000768,2024-09-27,RECEIPT,WH-IBD,PRD-0012,46,PO-2024-00704,EMP-027
TXN-000769,2024-09-27,RECEIPT,WH-PHC,PRD-0031,86,PO-2024-00709,EMP-039
TXN-000770,2024-09-28,RECEIPT,WH-PHC,PRD-0003,25,PO-2024-00624,EMP-034
TXN-000771,2024-09-28,RECEIPT,WH-PHC,PRD-0005,56,PO-2024-00625,EMP-019
TXN-000772,2024-09-28,RECEIPT,WH-PHC,PRD-0121,128,PO-2024-00655,EMP-009
TXN-000773,2024-09-28,RECEIPT,WH-IBD,PRD-0034,24,PO-2024-00680,EMP-027
TXN-000774,2024-09-28,RECEIPT,WH-ABJ,PRD-0030,22,PO-2024-00708,EMP-008
TXN-000775,2024-09-28,RECEIPT,WH-LAG2,PRD-0079,67,PO-2024-00719,EMP-021
TXN-000776,2024-09-28,RECEIPT,WH-ABJ,PRD-0145,117,PO-2024-00732,EMP-003
TXN-000777,2024-09-29,RECEIPT,WH-LAG2,PRD-0122,123,PO-2024-00695,EMP-036
TXN-000778,2024-09-29,RECEIPT,WH-LAG1,PRD-0103,146,PO-2024-00724,EMP-010
TXN-000779,2024-09-29,TRANSFER_OUT,WH-LAG1,PRD-0075,-15,TRF-00016,EMP-015
TXN-000780,2024-09-29,TRANSFER_IN,WH-IBD,PRD-0075,15,TRF-00016,EMP-012
TXN-000781,2024-09-30,RECEIPT,WH-PHC,PRD-0034,26,PO-2024-00681,EMP-039
TXN-000782,2024-09-30,RECEIPT,WH-PHC,PRD-0037,106,PO-2024-00682,EMP-004
TXN-000783,2024-09-30,RECEIPT,WH-ABJ,PRD-0159,57,PO-2024-00701,EMP-028
TXN-000784,2024-09-30,TRANSFER_OUT,WH-LAG1,PRD-0160,-114,TRF-00017,EMP-020
TXN-000785,2024-09-30,TRANSFER_IN,WH-IBD,PRD-0160,114,TRF-00017,EMP-022
TXN-000786,2024-09-30,ADJUSTMENT,WH-LAG1,PRD-0001,-2,DAMAGE,EMP-005
TXN-000787,2024-09-30,ADJUSTMENT,WH-LAG1,PRD-0084,-2,EXPIRY,EMP-040
TXN-000788,2024-09-30,ADJUSTMENT,WH-LAG1,PRD-0146,-2,DAMAGE,EMP-040
TXN-000789,2024-09-30,ADJUSTMENT,WH-LAG1,PRD-0152,-2,SHRINKAGE,EMP-020
TXN-000790,2024-09-30,ADJUSTMENT,WH-LAG1,PRD-0159,-1,SHRINKAGE,EMP-025
TXN-000791,2024-09-30,ADJUSTMENT,WH-LAG2,PRD-0082,-1,DAMAGE,EMP-036
TXN-000792,2024-09-30,ADJUSTMENT,WH-LAG2,PRD-0073,-1,SHRINKAGE,EMP-036
TXN-000793,2024-09-30,ADJUSTMENT,WH-LAG2,PRD-0021,-2,SHRINKAGE,EMP-036
TXN-000794,2024-09-30,ADJUSTMENT,WH-LAG2,PRD-0028,-1,SHRINKAGE,EMP-031
TXN-000795,2024-09-30,ADJUSTMENT,WH-LAG2,PRD-0090,-23,EXPIRY,EMP-006
TXN-000796,2024-09-30,ADJUSTMENT,WH-LAG2,PRD-0037,-1,DAMAGE,EMP-036
TXN-000797,2024-09-30,ADJUSTMENT,WH-LAG2,PRD-0170,-1,SHRINKAGE,EMP-011
TXN-000798,2024-09-30,ADJUSTMENT,WH-LAG2,PRD-0140,-2,SHRINKAGE,EMP-016
TXN-000799,2024-09-30,ADJUSTMENT,WH-IBD,PRD-0077,-1,EXPIRY,EMP-032
TXN-000800,2024-09-30,ADJUSTMENT,WH-IBD,PRD-0029,-2,DAMAGE,EMP-032
TXN-000801,2024-09-30,ADJUSTMENT,WH-IBD,PRD-0162,-2,DAMAGE,EMP-012
TXN-000802,2024-09-30,ADJUSTMENT,WH-IBD,PRD-0036,-1,SHRINKAGE,EMP-037
TXN-000803,2024-09-30,ADJUSTMENT,WH-IBD,PRD-0017,-1,EXPIRY,EMP-032
TXN-000804,2024-09-30,ADJUSTMENT,WH-ABJ,PRD-0091,-2,EXPIRY,EMP-038
TXN-000805,2024-09-30,ADJUSTMENT,WH-ABJ,PRD-0080,-2,EXPIRY,EMP-008
TXN-000806,2024-09-30,ADJUSTMENT,WH-ABJ,PRD-0105,-2,SHRINKAGE,EMP-018
TXN-000807,2024-09-30,ADJUSTMENT,WH-ABJ,PRD-0035,-1,EXPIRY,EMP-033
TXN-000808,2024-09-30,ADJUSTMENT,WH-ABJ,PRD-0140,-2,DAMAGE,EMP-013
TXN-000809,2024-09-30,ADJUSTMENT,WH-ABJ,PRD-0113,-1,EXPIRY,EMP-033
TXN-000810,2024-09-30,ADJUSTMENT,WH-PHC,PRD-0138,-1,EXPIRY,EMP-024
TXN-000811,2024-09-30,ADJUSTMENT,WH-PHC,PRD-0148,-1,DAMAGE,EMP-014
TXN-000812,2024-09-30,ADJUSTMENT,WH-PHC,PRD-0096,-2,DAMAGE,EMP-039
TXN-000813,2024-09-30,ADJUSTMENT,WH-PHC,PRD-0169,-2,EXPIRY,EMP-039
TXN-000814,2024-09-30,ADJUSTMENT,WH-PHC,PRD-0161,-3,EXPIRY,EMP-019
TXN-000815,2024-10-01,RECEIPT,WH-LAG2,PRD-0167,74,PO-2024-00702,EMP-031
TXN-000816,2024-10-01,RECEIPT,WH-PHC,PRD-0154,63,PO-2024-00734,EMP-009
TXN-000817,2024-10-01,RECEIPT,WH-LAG2,PRD-0162,54,PO-2024-00735,EMP-016
TXN-000818,2024-10-02,RECEIPT,WH-PHC,PRD-0028,44,PO-2024-00593,EMP-014
TXN-000819,2024-10-02,RECEIPT,WH-IBD,PRD-0009,26,PO-2024-00626,EMP-022
TXN-000820,2024-10-02,RECEIPT,WH-IBD,PRD-0002,25,PO-2024-00675,EMP-032
TXN-000821,2024-10-02,RECEIPT,WH-ABJ,PRD-0132,69,PO-2024-00697,EMP-033
TXN-000822,2024-10-03,RECEIPT,WH-PHC,PRD-0047,74,PO-2024-00635,EMP-019
TXN-000823,2024-10-03,RECEIPT,WH-ABJ,PRD-0066,9,PO-2024-00640,EMP-018
TXN-000824,2024-10-03,RECEIPT,WH-ABJ,PRD-0050,66,PO-2024-00684,EMP-023
TXN-000825,2024-10-03,RECEIPT,WH-LAG1,PRD-0097,35,PO-2024-00722,EMP-015
TXN-000826,2024-10-03,RECEIPT,WH-IBD,PRD-0105,23,PO-2024-00725,EMP-017
TXN-000827,2024-10-03,RECEIPT,WH-LAG2,PRD-0110,25,PO-2024-00726,EMP-026
TXN-000828,2024-10-03,RECEIPT,WH-LAG1,PRD-0004,295,PO-2024-00738,EMP-020
TXN-000829,2024-10-03,RECEIPT,WH-IBD,PRD-0004,163,PO-2024-00739,EMP-007
TXN-000830,2024-10-04,RECEIPT,WH-LAG2,PRD-0125,345,PO-2024-00728,EMP-021
TXN-000831,2024-10-04,RECEIPT,WH-ABJ,PRD-0075,24,PO-2024-00751,EMP-003
TXN-000832,2024-10-04,TRANSFER_OUT,WH-LAG2,PRD-0080,-18,TRF-00018,EMP-031
TXN-000833,2024-10-04,TRANSFER_IN,WH-LAG1,PRD-0080,18,TRF-00018,EMP-020
TXN-000834,2024-10-05,RECEIPT,WH-LAG2,PRD-0047,49,PO-2024-00634,EMP-036
TXN-000835,2024-10-05,RECEIPT,WH-LAG1,PRD-0016,183,PO-2024-00705,EMP-005
TXN-000836,2024-10-05,RECEIPT,WH-LAG1,PRD-0033,83,PO-2024-00710,EMP-010
TXN-000837,2024-10-05,RECEIPT,WH-PHC,PRD-0033,64,PO-2024-00711,EMP-019
TXN-000838,2024-10-05,RECEIPT,WH-LAG2,PRD-0034,29,PO-2024-00712,EMP-011
TXN-000839,2024-10-05,RECEIPT,WH-LAG2,PRD-0043,73,PO-2024-00748,EMP-006
TXN-000840,2024-10-05,RECEIPT,WH-LAG1,PRD-0082,175,PO-2024-00753,EMP-035
TXN-000841,2024-10-05,TRANSFER_OUT,WH-LAG2,PRD-0043,-18,TRF-00019,EMP-031
TXN-000842,2024-10-05,TRANSFER_IN,WH-ABJ,PRD-0043,18,TRF-00019,EMP-003
TXN-000843,2024-10-06,RECEIPT,WH-PHC,PRD-0026,57,PO-2024-00631,EMP-024
TXN-000844,2024-10-07,RECEIPT,WH-IBD,PRD-0027,21,PO-2024-00632,EMP-022
TXN-000845,2024-10-07,RECEIPT,WH-PHC,PRD-0002,27,PO-2024-00676,EMP-019
TXN-000846,2024-10-07,RECEIPT,WH-LAG1,PRD-0099,47,PO-2024-00692,EMP-015
TXN-000847,2024-10-07,RECEIPT,WH-PHC,PRD-0124,68,PO-2024-00696,EMP-034
TXN-000848,2024-10-07,RECEIPT,WH-IBD,PRD-0150,54,PO-2024-00733,EMP-027
TXN-000849,2024-10-07,RECEIPT,WH-LAG1,PRD-0168,61,PO-2024-00736,EMP-025
TXN-000850,2024-10-07,RECEIPT,WH-LAG1,PRD-0008,87,PO-2024-00742,EMP-020
TXN-000851,2024-10-07,RECEIPT,WH-PHC,PRD-0012,41,PO-2024-00745,EMP-034
TXN-000852,2024-10-07,RECEIPT,WH-LAG1,PRD-0106,51,PO-2024-00755,EMP-005
TXN-000853,2024-10-08,RECEIPT,WH-LAG2,PRD-0050,45,PO-2024-00715,EMP-021
TXN-000854,2024-10-08,RECEIPT,WH-LAG2,PRD-0128,72,PO-2024-00729,EMP-011
TXN-000855,2024-10-08,RECEIPT,WH-IBD,PRD-0132,57,PO-2024-00730,EMP-012
TXN-000856,2024-10-08,TRANSFER_OUT,WH-LAG1,PRD-0016,-56,TRF-00020,EMP-030
TXN-000857,2024-10-08,TRANSFER_IN,WH-PHC,PRD-0016,56,TRF-00020,EMP-019
TXN-000858,2024-10-09,RECEIPT,WH-LAG2,PRD-0102,54,PO-2024-00693,EMP-006
TXN-000859,2024-10-09,RECEIPT,WH-PHC,PRD-0095,25,PO-2024-00721,EMP-014
TXN-000860,2024-10-09,RECEIPT,WH-ABJ,PRD-0008,47,PO-2024-00743,EMP-018
TXN-000861,2024-10-09,RECEIPT,WH-LAG1,PRD-0034,52,PO-2024-00747,EMP-025
TXN-000862,2024-10-10,RECEIPT,WH-IBD,PRD-0038,27,PO-2024-00713,EMP-032
TXN-000863,2024-10-10,RECEIPT,WH-ABJ,PRD-0053,27,PO-2024-00770,EMP-023
TXN-000864,2024-10-10,RECEIPT,WH-PHC,PRD-0079,59,PO-2024-00775,EMP-004
TXN-000865,2024-10-10,RECEIPT,WH-LAG2,PRD-0140,53,PO-2024-00792,EMP-031
TXN-000866,2024-10-11,RECEIPT,WH-LAG1,PRD-0056,60,PO-2024-00716,EMP-030
TXN-000867,2024-10-11,RECEIPT,WH-ABJ,PRD-0099,40,PO-2024-00723,EMP-038
TXN-000868,2024-10-11,RECEIPT,WH-LAG1,PRD-0080,167,PO-2024-00752,EMP-035
TXN-000869,2024-10-11,RECEIPT,WH-PHC,PRD-0018,73,PO-2024-00763,EMP-004
TXN-000870,2024-10-11,RECEIPT,WH-IBD,PRD-0081,56,PO-2024-00777,EMP-012
TXN-000871,2024-10-11,RECEIPT,WH-IBD,PRD-0155,52,PO-2024-00797,EMP-007
TXN-000872,2024-10-11,RECEIPT,WH-LAG2,PRD-0157,68,PO-2024-00798,EMP-011
TXN-000873,2024-10-11,TRANSFER_OUT,WH-LAG1,PRD-0048,-27,TRF-00021,EMP-040
TXN-000874,2024-10-11,TRANSFER_IN,WH-IBD,PRD-0048,27,TRF-00021,EMP-017
TXN-000875,2024-10-12,RECEIPT,WH-ABJ,PRD-0025,82,PO-2024-00707,EMP-018
TXN-000876,2024-10-12,RECEIPT,WH-LAG2,PRD-0035,77,PO-2024-00765,EMP-026
TXN-000877,2024-10-12,RECEIPT,WH-PHC,PRD-0151,572,PO-2024-00795,EMP-014
TXN-000878,2024-10-13,RECEIPT,WH-IBD,PRD-0048,48,PO-2024-00714,EMP-002
TXN-000879,2024-10-13,RECEIPT,WH-ABJ,PRD-0006,30,PO-2024-00741,EMP-028
TXN-000880,2024-10-13,RECEIPT,WH-LAG2,PRD-0018,64,PO-2024-00762,EMP-006
TXN-000881,2024-10-14,RECEIPT,WH-IBD,PRD-0056,47,PO-2024-00717,EMP-032
TXN-000882,2024-10-14,RECEIPT,WH-LAG2,PRD-0118,172,PO-2024-00727,EMP-036
TXN-000883,2024-10-14,RECEIPT,WH-LAG1,PRD-0006,45,PO-2024-00740,EMP-025
TXN-000884,2024-10-14,RECEIPT,WH-ABJ,PRD-0046,54,PO-2024-00749,EMP-008
TXN-000885,2024-10-14,RECEIPT,WH-LAG2,PRD-0117,70,PO-2024-00757,EMP-011
TXN-000886,2024-10-14,RECEIPT,WH-LAG1,PRD-0149,55,PO-2024-00758,EMP-025
TXN-000887,2024-10-14,RECEIPT,WH-LAG1,PRD-0053,33,PO-2024-00769,EMP-010
TXN-000888,2024-10-14,RECEIPT,WH-ABJ,PRD-0062,131,PO-2024-00772,EMP-003
TXN-000889,2024-10-14,RECEIPT,WH-PHC,PRD-0068,109,PO-2024-00774,EMP-019
TXN-000890,2024-10-14,RECEIPT,WH-LAG2,PRD-0081,55,PO-2024-00776,EMP-006
TXN-000891,2024-10-14,RECEIPT,WH-LAG2,PRD-0092,28,PO-2024-00779,EMP-031
TXN-000892,2024-10-14,RECEIPT,WH-LAG2,PRD-0136,73,PO-2024-00790,EMP-021
TXN-000893,2024-10-15,RECEIPT,WH-LAG2,PRD-0023,84,PO-2024-00678,EMP-001
TXN-000894,2024-10-15,RECEIPT,WH-LAG2,PRD-0009,25,PO-2024-00744,EMP-011
TXN-000895,2024-10-15,RECEIPT,WH-ABJ,PRD-0112,28,PO-2024-00785,EMP-028
TXN-000896,2024-10-17,RECEIPT,WH-LAG2,PRD-0001,52,PO-2024-00737,EMP-031
TXN-000897,2024-10-17,RECEIPT,WH-PHC,PRD-0107,25,PO-2024-00756,EMP-004
TXN-000898,2024-10-17,RECEIPT,WH-IBD,PRD-0008,50,PO-2024-00760,EMP-037
TXN-000899,2024-10-17,RECEIPT,WH-PHC,PRD-0104,34,PO-2024-00782,EMP-034
TXN-000900,2024-10-17,RECEIPT,WH-ABJ,PRD-0110,27,PO-2024-00784,EMP-028
TXN-000901,2024-10-17,RECEIPT,WH-PHC,PRD-0150,65,PO-2024-00794,EMP-014
TXN-000902,2024-10-17,RECEIPT,WH-ABJ,PRD-0031,117,PO-2024-00805,EMP-033
TXN-000903,2024-10-17,RECEIPT,WH-ABJ,PRD-0060,117,PO-2024-00811,EMP-008
TXN-000904,2024-10-17,TRANSFER_OUT,WH-LAG1,PRD-0080,-52,TRF-00022,EMP-015
TXN-000905,2024-10-17,TRANSFER_IN,WH-ABJ,PRD-0080,52,TRF-00022,EMP-028
TXN-000906,2024-10-18,RECEIPT,WH-LAG1,PRD-0020,143,PO-2024-00706,EMP-025
TXN-000907,2024-10-18,RECEIPT,WH-LAG2,PRD-0008,55,PO-2024-00759,EMP-031
TXN-000908,2024-10-18,RECEIPT,WH-LAG2,PRD-0057,162,PO-2024-00771,EMP-026
TXN-000909,2024-10-18,RECEIPT,WH-IBD,PRD-0142,111,PO-2024-00793,EMP-022
TXN-000910,2024-10-18,RECEIPT,WH-IBD,PRD-0154,49,PO-2024-00796,EMP-012
TXN-000911,2024-10-18,RECEIPT,WH-IBD,PRD-0163,58,PO-2024-00799,EMP-017
TXN-000912,2024-10-18,RECEIPT,WH-PHC,PRD-0082,90,PO-2024-00817,EMP-034
TXN-000913,2024-10-18,RECEIPT,WH-ABJ,PRD-0158,40,PO-2024-00838,EMP-013
TXN-000914,2024-10-18,TRANSFER_OUT,WH-LAG1,PRD-0061,-53,TRF-00023,EMP-005
TXN-000915,2024-10-18,TRANSFER_IN,WH-IBD,PRD-0061,53,TRF-00023,EMP-007
TXN-000916,2024-10-19,RECEIPT,WH-LAG2,PRD-0097,29,PO-2024-00780,EMP-026
TXN-000917,2024-10-19,RECEIPT,WH-LAG2,PRD-0105,29,PO-2024-00783,EMP-021
TXN-000918,2024-10-19,RECEIPT,WH-IBD,PRD-0130,38,PO-2024-00788,EMP-007
TXN-000919,2024-10-19,RECEIPT,WH-LAG1,PRD-0139,107,PO-2024-00791,EMP-040
TXN-000920,2024-10-19,RECEIPT,WH-ABJ,PRD-0166,141,PO-2024-00844,EMP-003
TXN-000921,2024-10-20,RECEIPT,WH-LAG2,PRD-0091,78,PO-2024-00754,EMP-011
TXN-000922,2024-10-20,RECEIPT,WH-LAG1,PRD-0037,170,PO-2024-00766,EMP-025
TXN-000923,2024-10-20,RECEIPT,WH-LAG1,PRD-0130,55,PO-2024-00787,EMP-005
TXN-000924,2024-10-20,RECEIPT,WH-LAG1,PRD-0063,126,PO-2024-00812,EMP-015
TXN-000925,2024-10-20,RECEIPT,WH-IBD,PRD-0120,147,PO-2024-00828,EMP-002
TXN-000926,2024-10-20,RECEIPT,WH-LAG2,PRD-0127,34,PO-2024-00829,EMP-031
TXN-000927,2024-10-20,RECEIPT,WH-IBD,PRD-0156,100,PO-2024-00836,EMP-007
TXN-000928,2024-10-20,TRANSFER_OUT,WH-LAG2,PRD-0059,-17,TRF-00024,EMP-011
TXN-000929,2024-10-20,TRANSFER_IN,WH-LAG1,PRD-0059,17,TRF-00024,EMP-020
TXN-000930,2024-10-21,RECEIPT,WH-LAG2,PRD-0031,99,PO-2024-00804,EMP-026
TXN-000931,2024-10-21,RECEIPT,WH-PHC,PRD-0081,87,PO-2024-00816,EMP-039
TXN-000932,2024-10-21,RECEIPT,WH-LAG1,PRD-0104,41,PO-2024-00823,EMP-025
TXN-000933,2024-10-21,TRANSFER_OUT,WH-LAG1,PRD-0058,-31,TRF-00025,EMP-035
TXN-000934,2024-10-21,TRANSFER_IN,WH-ABJ,PRD-0058,31,TRF-00025,EMP-023
TXN-000935,2024-10-22,RECEIPT,WH-IBD,PRD-0072,39,PO-2024-00750,EMP-017
TXN-000936,2024-10-22,RECEIPT,WH-LAG1,PRD-0010,28,PO-2024-00761,EMP-035
TXN-000937,2024-10-22,RECEIPT,WH-LAG1,PRD-0007,176,PO-2024-00800,EMP-030
TXN-000938,2024-10-22,RECEIPT,WH-LAG2,PRD-0022,26,PO-2024-00803,EMP-031
TXN-000939,2024-10-22,RECEIPT,WH-LAG1,PRD-0040,104,PO-2024-00806,EMP-025
TXN-000940,2024-10-22,RECEIPT,WH-LAG1,PRD-0045,94,PO-2024-00809,EMP-030
TXN-000941,2024-10-22,RECEIPT,WH-LAG1,PRD-0111,182,PO-2024-00825,EMP-030
TXN-000942,2024-10-22,RECEIPT,WH-PHC,PRD-0127,37,PO-2024-00830,EMP-014
TXN-000943,2024-10-22,RECEIPT,WH-PHC,PRD-0162,48,PO-2024-00842,EMP-029
TXN-000944,2024-10-22,RECEIPT,WH-LAG1,PRD-0164,110,PO-2024-00843,EMP-010
TXN-000945,2024-10-23,RECEIPT,WH-ABJ,PRD-0065,126,PO-2024-00773,EMP-028
TXN-000946,2024-10-23,RECEIPT,WH-IBD,PRD-0068,122,PO-2024-00813,EMP-007
TXN-000947,2024-10-23,RECEIPT,WH-LAG2,PRD-0150,84,PO-2024-00835,EMP-021
TXN-000948,2024-10-23,RECEIPT,WH-PHC,PRD-0157,66,PO-2024-00837,EMP-019
TXN-000949,2024-10-23,TRANSFER_OUT,WH-PHC,PRD-0135,-33,TRF-00026,EMP-039
TXN-000950,2024-10-23,TRANSFER_IN,WH-LAG1,PRD-0135,33,TRF-00026,EMP-030
TXN-000951,2024-10-24,RECEIPT,WH-LAG1,PRD-0135,287,PO-2024-00789,EMP-025
TXN-000952,2024-10-24,RECEIPT,WH-LAG2,PRD-0007,104,PO-2024-00801,EMP-011
TXN-000953,2024-10-24,RECEIPT,WH-ABJ,PRD-0040,52,PO-2024-00807,EMP-038
TXN-000954,2024-10-24,RECEIPT,WH-LAG1,PRD-0090,1637,PO-2024-00818,EMP-030
TXN-000955,2024-10-24,RECEIPT,WH-LAG1,PRD-0094,38,PO-2024-00820,EMP-025
TXN-000956,2024-10-24,RECEIPT,WH-ABJ,PRD-0103,117,PO-2024-00822,EMP-003
TXN-000957,2024-10-24,RECEIPT,WH-IBD,PRD-0128,74,PO-2024-00831,EMP-037
TXN-000958,2024-10-24,RECEIPT,WH-PHC,PRD-0145,108,PO-2024-00833,EMP-024
TXN-000959,2024-10-24,RECEIPT,WH-IBD,PRD-0159,55,PO-2024-00839,EMP-022
TXN-000960,2024-10-24,RECEIPT,WH-ABJ,PRD-0081,79,PO-2024-00869,EMP-013
TXN-000961,2024-10-25,RECEIPT,WH-LAG2,PRD-0099,32,PO-2024-00781,EMP-011
TXN-000962,2024-10-25,RECEIPT,WH-LAG1,PRD-0108,256,PO-2024-00824,EMP-030
TXN-000963,2024-10-25,RECEIPT,WH-LAG2,PRD-0112,24,PO-2024-00876,EMP-011
TXN-000964,2024-10-26,RECEIPT,WH-IBD,PRD-0026,60,PO-2024-00746,EMP-007
TXN-000965,2024-10-26,RECEIPT,WH-IBD,PRD-0091,81,PO-2024-00778,EMP-012
TXN-000966,2024-10-26,RECEIPT,WH-LAG1,PRD-0098,261,PO-2024-00821,EMP-025
TXN-000967,2024-10-26,RECEIPT,WH-PHC,PRD-0161,321,PO-2024-00841,EMP-014
TXN-000968,2024-10-26,RECEIPT,WH-LAG1,PRD-0031,153,PO-2024-00852,EMP-025
TXN-000969,2024-10-26,RECEIPT,WH-ABJ,PRD-0058,48,PO-2024-00862,EMP-018
TXN-000970,2024-10-26,RECEIPT,WH-ABJ,PRD-0140,59,PO-2024-00882,EMP-033
TXN-000971,2024-10-27,RECEIPT,WH-LAG2,PRD-0123,72,PO-2024-00786,EMP-031
TXN-000972,2024-10-27,RECEIPT,WH-PHC,PRD-0015,62,PO-2024-00802,EMP-004
TXN-000973,2024-10-27,RECEIPT,WH-ABJ,PRD-0160,203,PO-2024-00840,EMP-028
TXN-000974,2024-10-27,RECEIPT,WH-ABJ,PRD-0004,180,PO-2024-00845,EMP-013
TXN-000975,2024-10-27,RECEIPT,WH-PHC,PRD-0004,177,PO-2024-00846,EMP-014
TXN-000976,2024-10-27,RECEIPT,WH-LAG1,PRD-0142,211,PO-2024-00883,EMP-020
TXN-000977,2024-10-27,RECEIPT,WH-LAG1,PRD-0145,185,PO-2024-00885,EMP-030
TXN-000978,2024-10-28,RECEIPT,WH-PHC,PRD-0144,46,PO-2024-00832,EMP-024
TXN-000979,2024-10-28,RECEIPT,WH-ABJ,PRD-0149,21,PO-2024-00834,EMP-028
TXN-000980,2024-10-28,RECEIPT,WH-ABJ,PRD-0007,100,PO-2024-00849,EMP-018
TXN-000981,2024-10-28,RECEIPT,WH-LAG1,PRD-0049,118,PO-2024-00860,EMP-025
TXN-000982,2024-10-28,RECEIPT,WH-IBD,PRD-0067,56,PO-2024-00864,EMP-037
TXN-000983,2024-10-28,RECEIPT,WH-LAG1,PRD-0068,258,PO-2024-00865,EMP-015
TXN-000984,2024-10-28,RECEIPT,WH-LAG2,PRD-0077,188,PO-2024-00868,EMP-011
TXN-000985,2024-10-28,RECEIPT,WH-LAG1,PRD-0129,25,PO-2024-00881,EMP-035
TXN-000986,2024-10-28,RECEIPT,WH-LAG2,PRD-0142,153,PO-2024-00884,EMP-031
TXN-000987,2024-10-28,RECEIPT,WH-LAG1,PRD-0147,84,PO-2024-00887,EMP-010
TXN-000988,2024-10-29,RECEIPT,WH-IBD,PRD-0031,79,PO-2024-00853,EMP-037
TXN-000989,2024-10-29,RECEIPT,WH-IBD,PRD-0049,40,PO-2024-00861,EMP-012
TXN-000990,2024-10-29,TRANSFER_OUT,WH-IBD,PRD-0134,-13,TRF-00027,EMP-037
TXN-000991,2024-10-29,TRANSFER_IN,WH-PHC,PRD-0134,13,TRF-00027,EMP-019
TXN-000992,2024-10-30,RECEIPT,WH-LAG2,PRD-0019,94,PO-2024-00764,EMP-011
TXN-000993,2024-10-30,RECEIPT,WH-ABJ,PRD-0113,137,PO-2024-00826,EMP-018
TXN-000994,2024-10-30,RECEIPT,WH-IBD,PRD-0007,63,PO-2024-00848,EMP-002
TXN-000995,2024-10-30,RECEIPT,WH-LAG1,PRD-0126,87,PO-2024-00880,EMP-020
TXN-000996,2024-10-30,RECEIPT,WH-LAG1,PRD-0161,777,PO-2024-00888,EMP-030
TXN-000997,2024-10-31,RECEIPT,WH-LAG2,PRD-0039,114,PO-2024-00858,EMP-001
TXN-000998,2024-10-31,RECEIPT,WH-LAG1,PRD-0043,84,PO-2024-00859,EMP-030
TXN-000999,2024-10-31,RECEIPT,WH-LAG1,PRD-0120,218,PO-2024-00878,EMP-015
TXN-001000,2024-10-31,RECEIPT,WH-LAG1,PRD-0146,75,PO-2024-00886,EMP-005
TXN-001001,2024-10-31,RECEIPT,WH-PHC,PRD-0058,39,PO-2024-00906,EMP-009
TXN-001002,2024-10-31,RECEIPT,WH-LAG1,PRD-0084,145,PO-2024-00913,EMP-040
TXN-001003,2024-10-31,RECEIPT,WH-ABJ,PRD-0084,104,PO-2024-00914,EMP-023
TXN-001004,2024-10-31,RECEIPT,WH-IBD,PRD-0138,92,PO-2024-00925,EMP-037
TXN-001005,2024-10-31,ADJUSTMENT,WH-LAG1,PRD-0139,-3,EXPIRY,EMP-030
TXN-001006,2024-10-31,ADJUSTMENT,WH-LAG1,PRD-0127,-1,DAMAGE,EMP-015
TXN-001007,2024-10-31,ADJUSTMENT,WH-LAG1,PRD-0090,-18,EXPIRY,EMP-025
TXN-001008,2024-10-31,ADJUSTMENT,WH-LAG1,PRD-0080,-4,SHRINKAGE,EMP-025
TXN-001009,2024-10-31,ADJUSTMENT,WH-LAG1,PRD-0072,-1,EXPIRY,EMP-020
TXN-001010,2024-10-31,ADJUSTMENT,WH-LAG2,PRD-0043,-1,DAMAGE,EMP-026
TXN-001011,2024-10-31,ADJUSTMENT,WH-LAG2,PRD-0118,-1,EXPIRY,EMP-011
TXN-001012,2024-10-31,ADJUSTMENT,WH-LAG2,PRD-0079,-2,DAMAGE,EMP-021
TXN-001013,2024-10-31,ADJUSTMENT,WH-LAG2,PRD-0161,-2,EXPIRY,EMP-031
TXN-001014,2024-10-31,ADJUSTMENT,WH-LAG2,PRD-0059,-2,DAMAGE,EMP-016
TXN-001015,2024-10-31,ADJUSTMENT,WH-LAG2,PRD-0153,-1,SHRINKAGE,EMP-031
TXN-001016,2024-10-31,ADJUSTMENT,WH-LAG2,PRD-0026,-2,DAMAGE,EMP-001
TXN-001017,2024-10-31,ADJUSTMENT,WH-LAG2,PRD-0134,-2,EXPIRY,EMP-031
TXN-001018,2024-10-31,ADJUSTMENT,WH-IBD,PRD-0028,-2,SHRINKAGE,EMP-017
TXN-001019,2024-10-31,ADJUSTMENT,WH-IBD,PRD-0011,-1,SHRINKAGE,EMP-017
TXN-001020,2024-10-31,ADJUSTMENT,WH-IBD,PRD-0136,-2,EXPIRY,EMP-007
TXN-001021,2024-10-31,ADJUSTMENT,WH-IBD,PRD-0125,-3,DAMAGE,EMP-027
TXN-001022,2024-10-31,ADJUSTMENT,WH-IBD,PRD-0046,-1,DAMAGE,EMP-027
TXN-001023,2024-10-31,ADJUSTMENT,WH-IBD,PRD-0027,-1,SHRINKAGE,EMP-022
TXN-001024,2024-10-31,ADJUSTMENT,WH-ABJ,PRD-0121,-1,EXPIRY,EMP-003
TXN-001025,2024-10-31,ADJUSTMENT,WH-ABJ,PRD-0164,-2,DAMAGE,EMP-023
TXN-001026,2024-10-31,ADJUSTMENT,WH-ABJ,PRD-0008,-1,DAMAGE,EMP-033
TXN-001027,2024-10-31,ADJUSTMENT,WH-ABJ,PRD-0159,-1,SHRINKAGE,EMP-033
TXN-001028,2024-10-31,ADJUSTMENT,WH-ABJ,PRD-0055,-2,DAMAGE,EMP-013
TXN-001029,2024-10-31,ADJUSTMENT,WH-ABJ,PRD-0048,-2,SHRINKAGE,EMP-008
TXN-001030,2024-10-31,ADJUSTMENT,WH-ABJ,PRD-0085,-3,SHRINKAGE,EMP-028
TXN-001031,2024-10-31,ADJUSTMENT,WH-PHC,PRD-0096,-1,DAMAGE,EMP-004
TXN-001032,2024-10-31,ADJUSTMENT,WH-PHC,PRD-0044,-2,DAMAGE,EMP-039
TXN-001033,2024-10-31,ADJUSTMENT,WH-PHC,PRD-0040,-1,EXPIRY,EMP-024
TXN-001034,2024-10-31,ADJUSTMENT,WH-PHC,PRD-0161,-1,SHRINKAGE,EMP-024
TXN-001035,2024-10-31,ADJUSTMENT,WH-PHC,PRD-0145,-2,EXPIRY,EMP-004
TXN-001036,2024-10-31,ADJUSTMENT,WH-PHC,PRD-0115,-1,SHRINKAGE,EMP-034
TXN-001037,2024-11-01,RECEIPT,WH-LAG1,PRD-0044,15,PO-2024-00767,EMP-005
TXN-001038,2024-11-01,RECEIPT,WH-ABJ,PRD-0106,32,PO-2024-00875,EMP-038
TXN-001039,2024-11-01,RECEIPT,WH-IBD,PRD-0113,115,PO-2024-00877,EMP-032
TXN-001040,2024-11-01,RECEIPT,WH-IBD,PRD-0054,47,PO-2024-00904,EMP-027
TXN-001041,2024-11-02,RECEIPT,WH-IBD,PRD-0090,837,PO-2024-00819,EMP-002
TXN-001042,2024-11-02,RECEIPT,WH-PHC,PRD-0064,88,PO-2024-00863,EMP-024
TXN-001043,2024-11-02,RECEIPT,WH-LAG1,PRD-0062,209,PO-2024-00908,EMP-020
TXN-001044,2024-11-03,RECEIPT,WH-ABJ,PRD-0035,84,PO-2024-00855,EMP-003
TXN-001045,2024-11-03,RECEIPT,WH-PHC,PRD-0076,104,PO-2024-00867,EMP-039
TXN-001046,2024-11-03,RECEIPT,WH-LAG1,PRD-0018,145,PO-2024-00893,EMP-035
TXN-001047,2024-11-04,RECEIPT,WH-IBD,PRD-0073,22,PO-2024-00814,EMP-027
TXN-001048,2024-11-04,RECEIPT,WH-IBD,PRD-0118,143,PO-2024-00827,EMP-002
TXN-001049,2024-11-04,RECEIPT,WH-ABJ,PRD-0033,78,PO-2024-00854,EMP-003
TXN-001050,2024-11-04,RECEIPT,WH-ABJ,PRD-0037,105,PO-2024-00857,EMP-003
TXN-001051,2024-11-04,RECEIPT,WH-LAG2,PRD-0124,59,PO-2024-00879,EMP-031
TXN-001052,2024-11-04,RECEIPT,WH-PHC,PRD-0163,65,PO-2024-00889,EMP-034
TXN-001053,2024-11-04,RECEIPT,WH-LAG2,PRD-0051,75,PO-2024-00901,EMP-001
TXN-001054,2024-11-04,RECEIPT,WH-ABJ,PRD-0075,26,PO-2024-00910,EMP-038
TXN-001055,2024-11-04,RECEIPT,WH-LAG1,PRD-0079,103,PO-2024-00911,EMP-015
TXN-001056,2024-11-04,RECEIPT,WH-LAG1,PRD-0110,46,PO-2024-00920,EMP-035
TXN-001057,2024-11-05,RECEIPT,WH-LAG1,PRD-0046,91,PO-2024-00768,EMP-010
TXN-001058,2024-11-05,RECEIPT,WH-PHC,PRD-0042,21,PO-2024-00808,EMP-004
TXN-001059,2024-11-05,RECEIPT,WH-PHC,PRD-0149,19,PO-2024-00927,EMP-014
TXN-001060,2024-11-05,RECEIPT,WH-LAG2,PRD-0161,285,PO-2024-00930,EMP-011
TXN-001061,2024-11-06,RECEIPT,WH-PHC,PRD-0050,50,PO-2024-00810,EMP-029
TXN-001062,2024-11-06,RECEIPT,WH-IBD,PRD-0023,50,PO-2024-00851,EMP-002
TXN-001063,2024-11-06,RECEIPT,WH-IBD,PRD-0088,50,PO-2024-00871,EMP-027
TXN-001064,2024-11-06,RECEIPT,WH-PHC,PRD-0021,67,PO-2024-00894,EMP-019
TXN-001065,2024-11-06,RECEIPT,WH-IBD,PRD-0141,69,PO-2024-00926,EMP-007
TXN-001066,2024-11-06,TRANSFER_OUT,WH-LAG1,PRD-0039,-35,TRF-00028,EMP-020
TXN-001067,2024-11-06,TRANSFER_IN,WH-PHC,PRD-0039,35,TRF-00028,EMP-024
TXN-001068,2024-11-07,RECEIPT,WH-ABJ,PRD-0010,26,PO-2024-00891,EMP-038
TXN-001069,2024-11-07,RECEIPT,WH-ABJ,PRD-0110,39,PO-2024-00921,EMP-033
TXN-001070,2024-11-07,RECEIPT,WH-PHC,PRD-0156,135,PO-2024-00928,EMP-009
TXN-001071,2024-11-07,TRANSFER_OUT,WH-ABJ,PRD-0154,-12,TRF-00029,EMP-003
TXN-001072,2024-11-07,TRANSFER_IN,WH-LAG2,PRD-0154,12,TRF-00029,EMP-006
TXN-001073,2024-11-08,RECEIPT,WH-LAG1,PRD-0005,108,PO-2024-00847,EMP-025
TXN-001074,2024-11-08,RECEIPT,WH-IBD,PRD-0036,47,PO-2024-00856,EMP-017
TXN-001075,2024-11-08,RECEIPT,WH-ABJ,PRD-0102,68,PO-2024-00874,EMP-018
TXN-001076,2024-11-08,RECEIPT,WH-LAG2,PRD-0037,96,PO-2024-00898,EMP-021
TXN-001077,2024-11-08,RECEIPT,WH-LAG2,PRD-0108,176,PO-2024-00919,EMP-031
TXN-001078,2024-11-08,RECEIPT,WH-LAG1,PRD-0011,188,PO-2024-00932,EMP-035
TXN-001079,2024-11-08,RECEIPT,WH-ABJ,PRD-0018,106,PO-2024-00934,EMP-008
TXN-001080,2024-11-08,TRANSFER_OUT,WH-LAG1,PRD-0160,-63,TRF-00030,EMP-005
TXN-001081,2024-11-08,TRANSFER_IN,WH-LAG2,PRD-0160,63,TRF-00030,EMP-021
TXN-001082,2024-11-09,RECEIPT,WH-LAG1,PRD-0100,628,PO-2024-00872,EMP-035
TXN-001083,2024-11-09,RECEIPT,WH-LAG2,PRD-0005,58,PO-2024-00890,EMP-016
TXN-001084,2024-11-09,RECEIPT,WH-LAG2,PRD-0033,67,PO-2024-00896,EMP-026
TXN-001085,2024-11-09,RECEIPT,WH-ABJ,PRD-0052,22,PO-2024-00903,EMP-023
TXN-001086,2024-11-09,RECEIPT,WH-PHC,PRD-0061,141,PO-2024-00907,EMP-019
TXN-001087,2024-11-09,RECEIPT,WH-LAG1,PRD-0097,33,PO-2024-00917,EMP-040
TXN-001088,2024-11-09,RECEIPT,WH-ABJ,PRD-0119,28,PO-2024-00922,EMP-033
TXN-001089,2024-11-09,TRANSFER_OUT,WH-LAG1,PRD-0162,-13,TRF-00031,EMP-025
TXN-001090,2024-11-09,TRANSFER_IN,WH-ABJ,PRD-0162,13,TRF-00031,EMP-003
TXN-001091,2024-11-10,RECEIPT,WH-LAG1,PRD-0076,205,PO-2024-00815,EMP-040
TXN-001092,2024-11-10,RECEIPT,WH-LAG1,PRD-0052,38,PO-2024-00902,EMP-030
TXN-001093,2024-11-10,RECEIPT,WH-IBD,PRD-0125,230,PO-2024-00924,EMP-037
TXN-001094,2024-11-10,RECEIPT,WH-PHC,PRD-0077,221,PO-2024-00949,EMP-009
TXN-001095,2024-11-10,RECEIPT,WH-IBD,PRD-0148,42,PO-2024-00964,EMP-002
TXN-001096,2024-11-10,TRANSFER_OUT,WH-PHC,PRD-0089,-13,TRF-00032,EMP-014
TXN-001097,2024-11-10,TRANSFER_IN,WH-ABJ,PRD-0089,13,TRF-00032,EMP-033
TXN-001098,2024-11-11,RECEIPT,WH-ABJ,PRD-0086,230,PO-2024-00870,EMP-033
TXN-001099,2024-11-11,RECEIPT,WH-PHC,PRD-0070,42,PO-2024-00909,EMP-014
TXN-001100,2024-11-11,RECEIPT,WH-PHC,PRD-0090,953,PO-2024-00915,EMP-024
TXN-001101,2024-11-11,RECEIPT,WH-PHC,PRD-0093,98,PO-2024-00916,EMP-039
TXN-001102,2024-11-11,RECEIPT,WH-LAG2,PRD-0160,248,PO-2024-00929,EMP-026
TXN-001103,2024-11-11,RECEIPT,WH-PHC,PRD-0043,73,PO-2024-00936,EMP-019
TXN-001104,2024-11-11,RECEIPT,WH-LAG2,PRD-0103,86,PO-2024-00955,EMP-026
TXN-001105,2024-11-11,RECEIPT,WH-IBD,PRD-0151,433,PO-2024-00965,EMP-012
TXN-001106,2024-11-11,TRANSFER_OUT,WH-LAG2,PRD-0136,-18,TRF-00033,EMP-031
TXN-001107,2024-11-11,TRANSFER_IN,WH-IBD,PRD-0136,18,TRF-00033,EMP-002
TXN-001108,2024-11-12,RECEIPT,WH-LAG2,PRD-0073,19,PO-2024-00866,EMP-006
TXN-001109,2024-11-12,RECEIPT,WH-ABJ,PRD-0093,87,PO-2024-00953,EMP-023
TXN-001110,2024-11-12,RECEIPT,WH-ABJ,PRD-0143,54,PO-2024-00961,EMP-028
TXN-001111,2024-11-12,TRANSFER_OUT,WH-LAG1,PRD-0046,-23,TRF-00034,EMP-040
TXN-001112,2024-11-12,TRANSFER_IN,WH-LAG2,PRD-0046,23,TRF-00034,EMP-031
TXN-001113,2024-11-13,RECEIPT,WH-LAG1,PRD-0143,109,PO-2024-00960,EMP-030
TXN-001114,2024-11-14,RECEIPT,WH-IBD,PRD-0045,48,PO-2024-00937,EMP-002
TXN-001115,2024-11-14,RECEIPT,WH-IBD,PRD-0047,66,PO-2024-00938,EMP-027
TXN-001116,2024-11-14,RECEIPT,WH-LAG2,PRD-0098,123,PO-2024-00954,EMP-026
TXN-001117,2024-11-14,RECEIPT,WH-LAG1,PRD-0128,143,PO-2024-00958,EMP-015
TXN-001118,2024-11-14,RECEIPT,WH-IBD,PRD-0153,189,PO-2024-00966,EMP-037
TXN-001119,2024-11-14,RECEIPT,WH-LAG2,PRD-0011,75,PO-2024-00970,EMP-036
TXN-001120,2024-11-14,RECEIPT,WH-LAG1,PRD-0083,356,PO-2024-00988,EMP-025
TXN-001121,2024-11-14,RECEIPT,WH-ABJ,PRD-0083,204,PO-2024-00989,EMP-008
TXN-001122,2024-11-14,TRANSFER_OUT,WH-LAG1,PRD-0068,-65,TRF-00035,EMP-035
TXN-001123,2024-11-14,TRANSFER_IN,WH-LAG2,PRD-0068,65,TRF-00035,EMP-026
TXN-001124,2024-11-15,RECEIPT,WH-LAG2,PRD-0100,353,PO-2024-00873,EMP-036
TXN-001125,2024-11-15,RECEIPT,WH-LAG2,PRD-0036,54,PO-2024-00897,EMP-006
TXN-001126,2024-11-15,RECEIPT,WH-LAG1,PRD-0056,86,PO-2024-00905,EMP-030
TXN-001127,2024-11-15,RECEIPT,WH-LAG1,PRD-0035,97,PO-2024-00935,EMP-035
TXN-001128,2024-11-15,RECEIPT,WH-LAG2,PRD-0072,61,PO-2024-00947,EMP-036
TXN-001129,2024-11-15,RECEIPT,WH-PHC,PRD-0128,67,PO-2024-00959,EMP-039
TXN-001130,2024-11-15,TRANSFER_OUT,WH-LAG1,PRD-0146,-21,TRF-00036,EMP-040
TXN-001131,2024-11-15,TRANSFER_IN,WH-ABJ,PRD-0146,21,TRF-00036,EMP-013
TXN-001132,2024-11-16,RECEIPT,WH-ABJ,PRD-0009,39,PO-2024-00850,EMP-013
TXN-001133,2024-11-16,RECEIPT,WH-PHC,PRD-0057,210,PO-2024-00940,EMP-024
TXN-001134,2024-11-16,RECEIPT,WH-ABJ,PRD-0064,132,PO-2024-00941,EMP-028
TXN-001135,2024-11-16,RECEIPT,WH-LAG2,PRD-0051,116,PO-2024-00977,EMP-006
TXN-001136,2024-11-16,RECEIPT,WH-LAG1,PRD-0067,139,PO-2024-00982,EMP-040
TXN-001137,2024-11-16,RECEIPT,WH-LAG2,PRD-0068,129,PO-2024-00983,EMP-006
TXN-001138,2024-11-16,RECEIPT,WH-LAG2,PRD-0155,48,PO-2024-01013,EMP-006
TXN-001139,2024-11-17,RECEIPT,WH-LAG2,PRD-0065,107,PO-2024-00942,EMP-021
TXN-001140,2024-11-17,RECEIPT,WH-LAG1,PRD-0072,110,PO-2024-00946,EMP-025
TXN-001141,2024-11-17,RECEIPT,WH-IBD,PRD-0144,50,PO-2024-00962,EMP-012
TXN-001142,2024-11-17,RECEIPT,WH-LAG2,PRD-0062,110,PO-2024-00980,EMP-011
TXN-001143,2024-11-18,RECEIPT,WH-PHC,PRD-0099,33,PO-2024-00918,EMP-039
TXN-001144,2024-11-18,RECEIPT,WH-LAG1,PRD-0016,276,PO-2024-00933,EMP-030
TXN-001145,2024-11-18,RECEIPT,WH-LAG1,PRD-0093,194,PO-2024-00952,EMP-015
TXN-001146,2024-11-18,RECEIPT,WH-ABJ,PRD-0144,81,PO-2024-00963,EMP-038
TXN-001147,2024-11-18,RECEIPT,WH-LAG2,PRD-0049,49,PO-2024-00976,EMP-026
TXN-001148,2024-11-18,RECEIPT,WH-ABJ,PRD-0094,22,PO-2024-00994,EMP-018
TXN-001149,2024-11-18,RECEIPT,WH-ABJ,PRD-0142,179,PO-2024-01007,EMP-008
TXN-001150,2024-11-18,RECEIPT,WH-PHC,PRD-0143,36,PO-2024-01008,EMP-019
TXN-001151,2024-11-18,RECEIPT,WH-LAG1,PRD-0165,246,PO-2024-01016,EMP-025
TXN-001152,2024-11-19,RECEIPT,WH-LAG2,PRD-0070,48,PO-2024-00943,EMP-006
TXN-001153,2024-11-19,RECEIPT,WH-LAG2,PRD-0071,18,PO-2024-00944,EMP-036
TXN-001154,2024-11-19,RECEIPT,WH-ABJ,PRD-0122,137,PO-2024-00957,EMP-038
TXN-001155,2024-11-19,RECEIPT,WH-IBD,PRD-0135,152,PO-2024-01005,EMP-017
TXN-001156,2024-11-20,RECEIPT,WH-LAG2,PRD-0121,120,PO-2024-00923,EMP-021
TXN-001157,2024-11-20,RECEIPT,WH-ABJ,PRD-0091,111,PO-2024-00951,EMP-033
TXN-001158,2024-11-20,RECEIPT,WH-PHC,PRD-0007,83,PO-2024-00969,EMP-004
TXN-001159,2024-11-20,RECEIPT,WH-LAG1,PRD-0039,307,PO-2024-00974,EMP-010
TXN-001160,2024-11-20,RECEIPT,WH-LAG2,PRD-0104,33,PO-2024-00998,EMP-026
TXN-001161,2024-11-21,RECEIPT,WH-PHC,PRD-0103,63,PO-2024-00997,EMP-014
TXN-001162,2024-11-21,RECEIPT,WH-PHC,PRD-0154,57,PO-2024-01012,EMP-019
TXN-001163,2024-11-21,RECEIPT,WH-PHC,PRD-0160,246,PO-2024-01014,EMP-004
TXN-001164,2024-11-21,RECEIPT,WH-LAG1,PRD-0021,75,PO-2024-01022,EMP-025
TXN-001165,2024-11-21,RECEIPT,WH-PHC,PRD-0053,23,PO-2024-01028,EMP-004
TXN-001166,2024-11-21,RECEIPT,WH-LAG2,PRD-0082,61,PO-2024-01037,EMP-006
TXN-001167,2024-11-21,TRANSFER_OUT,WH-LAG1,PRD-0080,-32,TRF-00037,EMP-020
TXN-001168,2024-11-21,TRANSFER_IN,WH-LAG2,PRD-0080,32,TRF-00037,EMP-021
TXN-001169,2024-11-22,RECEIPT,WH-LAG2,PRD-0080,85,PO-2024-00912,EMP-031
TXN-001170,2024-11-22,RECEIPT,WH-ABJ,PRD-0074,73,PO-2024-00948,EMP-023
TXN-001171,2024-11-22,RECEIPT,WH-LAG1,PRD-0121,199,PO-2024-00956,EMP-040
TXN-001172,2024-11-22,RECEIPT,WH-PHC,PRD-0073,22,PO-2024-00985,EMP-029
TXN-001173,2024-11-22,RECEIPT,WH-LAG1,PRD-0077,557,PO-2024-00987,EMP-035
TXN-001174,2024-11-22,RECEIPT,WH-ABJ,PRD-0126,48,PO-2024-01003,EMP-028
TXN-001175,2024-11-22,RECEIPT,WH-PHC,PRD-0140,54,PO-2024-01006,EMP-029
TXN-001176,2024-11-22,RECEIPT,WH-LAG2,PRD-0149,22,PO-2024-01010,EMP-031
TXN-001177,2024-11-22,RECEIPT,WH-LAG2,PRD-0067,87,PO-2024-01034,EMP-031
TXN-001178,2024-11-23,RECEIPT,WH-ABJ,PRD-0042,23,PO-2024-00899,EMP-028
TXN-001179,2024-11-23,RECEIPT,WH-ABJ,PRD-0047,60,PO-2024-00900,EMP-013
TXN-001180,2024-11-23,RECEIPT,WH-LAG2,PRD-0075,27,PO-2024-01035,EMP-011
TXN-001181,2024-11-23,RECEIPT,WH-IBD,PRD-0082,80,PO-2024-01038,EMP-012
TXN-001182,2024-11-23,RECEIPT,WH-LAG1,PRD-0151,1128,PO-2024-01051,EMP-020
TXN-001183,2024-11-24,RECEIPT,WH-LAG1,PRD-0023,123,PO-2024-00895,EMP-020
TXN-001184,2024-11-24,RECEIPT,WH-IBD,PRD-0133,42,PO-2024-01004,EMP-012
TXN-001185,2024-11-24,RECEIPT,WH-PHC,PRD-0062,125,PO-2024-01033,EMP-024
TXN-001186,2024-11-24,RECEIPT,WH-LAG2,PRD-0109,59,PO-2024-01046,EMP-001
TXN-001187,2024-11-24,RECEIPT,WH-LAG1,PRD-0156,272,PO-2024-01053,EMP-020
TXN-001188,2024-11-24,RECEIPT,WH-LAG2,PRD-0158,33,PO-2024-01054,EMP-031
TXN-001189,2024-11-24,RECEIPT,WH-PHC,PRD-0166,183,PO-2024-01058,EMP-024
TXN-001190,2024-11-24,RECEIPT,WH-ABJ,PRD-0170,88,PO-2024-01059,EMP-033
TXN-001191,2024-11-24,TRANSFER_OUT,WH-ABJ,PRD-0158,-11,TRF-00038,EMP-003
TXN-001192,2024-11-24,TRANSFER_IN,WH-PHC,PRD-0158,11,TRF-00038,EMP-004
TXN-001193,2024-11-25,RECEIPT,WH-PHC,PRD-0010,23,PO-2024-00892,EMP-004
TXN-001194,2024-11-25,RECEIPT,WH-ABJ,PRD-0016,114,PO-2024-00971,EMP-018
TXN-001195,2024-11-25,RECEIPT,WH-PHC,PRD-0085,81,PO-2024-00990,EMP-029
TXN-001196,2024-11-25,RECEIPT,WH-LAG2,PRD-0163,59,PO-2024-01015,EMP-031
TXN-001197,2024-11-25,RECEIPT,WH-LAG2,PRD-0004,142,PO-2024-01019,EMP-031
TXN-001198,2024-11-25,RECEIPT,WH-PHC,PRD-0054,48,PO-2024-01029,EMP-024
TXN-001199,2024-11-25,RECEIPT,WH-IBD,PRD-0143,34,PO-2024-01050,EMP-027
TXN-001200,2024-11-25,RECEIPT,WH-PHC,PRD-0165,154,PO-2024-01057,EMP-004
TXN-001201,2024-11-26,RECEIPT,WH-ABJ,PRD-0071,20,PO-2024-00945,EMP-013
TXN-001202,2024-11-26,RECEIPT,WH-LAG1,PRD-0066,14,PO-2024-00981,EMP-030
TXN-001203,2024-11-26,RECEIPT,WH-LAG2,PRD-0095,23,PO-2024-00995,EMP-011
TXN-001204,2024-11-26,RECEIPT,WH-LAG1,PRD-0144,118,PO-2024-01009,EMP-020
TXN-001205,2024-11-26,RECEIPT,WH-LAG1,PRD-0153,241,PO-2024-01011,EMP-025
TXN-001206,2024-11-26,RECEIPT,WH-LAG2,PRD-0168,31,PO-2024-01017,EMP-001
TXN-001207,2024-11-26,RECEIPT,WH-PHC,PRD-0092,32,PO-2024-01039,EMP-034
TXN-001208,2024-11-27,RECEIPT,WH-LAG1,PRD-0008,70,PO-2024-01020,EMP-035
TXN-001209,2024-11-27,RECEIPT,WH-LAG1,PRD-0162,93,PO-2024-01056,EMP-005
TXN-001210,2024-11-28,RECEIPT,WH-LAG1,PRD-0009,37,PO-2024-00931,EMP-035
TXN-001211,2024-11-28,RECEIPT,WH-LAG1,PRD-0047,112,PO-2024-00975,EMP-040
TXN-001212,2024-11-28,RECEIPT,WH-PHC,PRD-0055,61,PO-2024-00978,EMP-039
TXN-001213,2024-11-28,RECEIPT,WH-PHC,PRD-0037,103,PO-2024-01025,EMP-019
TXN-001214,2024-11-28,RECEIPT,WH-PHC,PRD-0105,37,PO-2024-01042,EMP-014
TXN-001215,2024-11-28,RECEIPT,WH-IBD,PRD-0011,63,PO-2024-01062,EMP-027
TXN-001216,2024-11-28,RECEIPT,WH-PHC,PRD-0067,74,PO-2024-01073,EMP-039
TXN-001217,2024-11-29,RECEIPT,WH-PHC,PRD-0041,45,PO-2024-01026,EMP-009
TXN-001218,2024-11-29,RECEIPT,WH-LAG1,PRD-0125,521,PO-2024-01048,EMP-020
TXN-001219,2024-11-29,RECEIPT,WH-IBD,PRD-0126,50,PO-2024-01049,EMP-007
TXN-001220,2024-11-29,RECEIPT,WH-PHC,PRD-0060,145,PO-2024-01071,EMP-009
TXN-001221,2024-11-29,TRANSFER_OUT,WH-ABJ,PRD-0166,-39,TRF-00039,EMP-008
TXN-001222,2024-11-29,TRANSFER_IN,WH-IBD,PRD-0166,39,TRF-00039,EMP-032
TXN-001223,2024-11-30,RECEIPT,WH-ABJ,PRD-0001,60,PO-2024-00967,EMP-023
TXN-001224,2024-11-30,RECEIPT,WH-ABJ,PRD-0100,273,PO-2024-00996,EMP-033
TXN-001225,2024-11-30,RECEIPT,WH-IBD,PRD-0123,66,PO-2024-01001,EMP-022
TXN-001226,2024-11-30,RECEIPT,WH-ABJ,PRD-0123,109,PO-2024-01002,EMP-018
TXN-001227,2024-11-30,RECEIPT,WH-IBD,PRD-0161,317,PO-2024-01055,EMP-017
TXN-001228,2024-11-30,RECEIPT,WH-IBD,PRD-0018,97,PO-2024-01065,EMP-032
TXN-001229,2024-11-30,RECEIPT,WH-ABJ,PRD-0041,75,PO-2024-01069,EMP-003
TXN-001230,2024-11-30,ADJUSTMENT,WH-LAG1,PRD-0124,-2,SHRINKAGE,EMP-035
TXN-001231,2024-11-30,ADJUSTMENT,WH-LAG1,PRD-0094,-1,SHRINKAGE,EMP-035
TXN-001232,2024-11-30,ADJUSTMENT,WH-LAG1,PRD-0075,-1,EXPIRY,EMP-005
TXN-001233,2024-11-30,ADJUSTMENT,WH-LAG1,PRD-0130,-2,EXPIRY,EMP-030
TXN-001234,2024-11-30,ADJUSTMENT,WH-LAG2,PRD-0156,-2,EXPIRY,EMP-036
TXN-001235,2024-11-30,ADJUSTMENT,WH-LAG2,PRD-0147,-2,DAMAGE,EMP-016
TXN-001236,2024-11-30,ADJUSTMENT,WH-LAG2,PRD-0154,-1,EXPIRY,EMP-016
TXN-001237,2024-11-30,ADJUSTMENT,WH-LAG2,PRD-0125,-2,EXPIRY,EMP-001
TXN-001238,2024-11-30,ADJUSTMENT,WH-LAG2,PRD-0055,-2,EXPIRY,EMP-021
TXN-001239,2024-11-30,ADJUSTMENT,WH-LAG2,PRD-0096,-1,SHRINKAGE,EMP-031
TXN-001240,2024-11-30,ADJUSTMENT,WH-LAG2,PRD-0112,-1,EXPIRY,EMP-036
TXN-001241,2024-11-30,ADJUSTMENT,WH-IBD,PRD-0019,-1,DAMAGE,EMP-037
TXN-001242,2024-11-30,ADJUSTMENT,WH-IBD,PRD-0128,-2,EXPIRY,EMP-032
TXN-001243,2024-11-30,ADJUSTMENT,WH-IBD,PRD-0060,-2,DAMAGE,EMP-002
TXN-001244,2024-11-30,ADJUSTMENT,WH-IBD,PRD-0103,-1,SHRINKAGE,EMP-007
TXN-001245,2024-11-30,ADJUSTMENT,WH-IBD,PRD-0017,-1,SHRINKAGE,EMP-007
TXN-001246,2024-11-30,ADJUSTMENT,WH-IBD,PRD-0058,-1,DAMAGE,EMP-032
TXN-001247,2024-11-30,ADJUSTMENT,WH-IBD,PRD-0152,-2,DAMAGE,EMP-007
TXN-001248,2024-11-30,ADJUSTMENT,WH-IBD,PRD-0044,-1,EXPIRY,EMP-007
TXN-001249,2024-11-30,ADJUSTMENT,WH-ABJ,PRD-0121,-2,EXPIRY,EMP-023
TXN-001250,2024-11-30,ADJUSTMENT,WH-ABJ,PRD-0064,-1,DAMAGE,EMP-018
TXN-001251,2024-11-30,ADJUSTMENT,WH-ABJ,PRD-0067,-1,SHRINKAGE,EMP-008
TXN-001252,2024-11-30,ADJUSTMENT,WH-ABJ,PRD-0073,-1,SHRINKAGE,EMP-028
TXN-001253,2024-11-30,ADJUSTMENT,WH-ABJ,PRD-0150,-1,SHRINKAGE,EMP-038
TXN-001254,2024-11-30,ADJUSTMENT,WH-ABJ,PRD-0007,-1,EXPIRY,EMP-008
TXN-001255,2024-11-30,ADJUSTMENT,WH-ABJ,PRD-0058,-1,DAMAGE,EMP-018
TXN-001256,2024-11-30,ADJUSTMENT,WH-PHC,PRD-0083,-1,EXPIRY,EMP-039
TXN-001257,2024-11-30,ADJUSTMENT,WH-PHC,PRD-0048,-2,SHRINKAGE,EMP-004
TXN-001258,2024-11-30,ADJUSTMENT,WH-PHC,PRD-0133,-2,DAMAGE,EMP-009
TXN-001259,2024-11-30,ADJUSTMENT,WH-PHC,PRD-0156,-4,EXPIRY,EMP-039
TXN-001260,2024-11-30,ADJUSTMENT,WH-PHC,PRD-0078,-1,SHRINKAGE,EMP-034
TXN-001261,2024-12-01,RECEIPT,WH-IBD,PRD-0121,157,PO-2024-01000,EMP-022
TXN-001262,2024-12-01,RECEIPT,WH-LAG2,PRD-0013,22,PO-2024-01021,EMP-031
TXN-001263,2024-12-01,RECEIPT,WH-LAG2,PRD-0023,88,PO-2024-01023,EMP-021
TXN-001264,2024-12-01,RECEIPT,WH-IBD,PRD-0098,119,PO-2024-01040,EMP-007
TXN-001265,2024-12-01,RECEIPT,WH-IBD,PRD-0164,52,PO-2024-01100,EMP-022
TXN-001266,2024-12-01,TRANSFER_OUT,WH-ABJ,PRD-0064,-26,TRF-00040,EMP-018
TXN-001267,2024-12-01,TRANSFER_IN,WH-LAG2,PRD-0064,26,TRF-00040,EMP-036
TXN-001268,2024-12-02,RECEIPT,WH-PHC,PRD-0091,64,PO-2024-00993,EMP-029
TXN-001269,2024-12-02,RECEIPT,WH-IBD,PRD-0118,157,PO-2024-00999,EMP-022
TXN-001270,2024-12-02,RECEIPT,WH-LAG1,PRD-0048,153,PO-2024-01027,EMP-025
TXN-001271,2024-12-02,RECEIPT,WH-PHC,PRD-0004,179,PO-2024-01060,EMP-004
TXN-001272,2024-12-02,RECEIPT,WH-PHC,PRD-0012,54,PO-2024-01063,EMP-004
TXN-001273,2024-12-02,RECEIPT,WH-IBD,PRD-0051,75,PO-2024-01070,EMP-032
TXN-001274,2024-12-02,RECEIPT,WH-ABJ,PRD-0096,24,PO-2024-01081,EMP-018
TXN-001275,2024-12-02,RECEIPT,WH-LAG1,PRD-0108,366,PO-2024-01084,EMP-015
TXN-001276,2024-12-02,RECEIPT,WH-ABJ,PRD-0151,608,PO-2024-01096,EMP-023
TXN-001277,2024-12-02,TRANSFER_OUT,WH-LAG2,PRD-0118,-40,TRF-00041,EMP-031
TXN-001278,2024-12-02,TRANSFER_IN,WH-PHC,PRD-0118,40,TRF-00041,EMP-014
TXN-001279,2024-12-03,RECEIPT,WH-LAG2,PRD-0086,206,PO-2024-00950,EMP-001
TXN-001280,2024-12-03,RECEIPT,WH-PHC,PRD-0025,42,PO-2024-00972,EMP-004
TXN-001281,2024-12-03,RECEIPT,WH-PHC,PRD-0074,91,PO-2024-00986,EMP-014
TXN-001282,2024-12-03,TRANSFER_OUT,WH-LAG1,PRD-0020,-23,TRF-00042,EMP-040
TXN-001283,2024-12-03,TRANSFER_IN,WH-ABJ,PRD-0020,23,TRF-00042,EMP-003
TXN-001284,2024-12-04,RECEIPT,WH-ABJ,PRD-0055,69,PO-2024-00939,EMP-008
TXN-001285,2024-12-04,RECEIPT,WH-LAG2,PRD-0154,64,PO-2024-01052,EMP-011
TXN-001286,2024-12-04,RECEIPT,WH-LAG2,PRD-0018,83,PO-2024-01064,EMP-001
TXN-001287,2024-12-04,RECEIPT,WH-LAG1,PRD-0129,24,PO-2024-01092,EMP-010
TXN-001288,2024-12-04,RECEIPT,WH-LAG1,PRD-0152,82,PO-2024-01097,EMP-005
TXN-001289,2024-12-05,RECEIPT,WH-ABJ,PRD-0027,26,PO-2024-00973,EMP-008
TXN-001290,2024-12-05,RECEIPT,WH-LAG2,PRD-0107,26,PO-2024-01044,EMP-001
TXN-001291,2024-12-05,RECEIPT,WH-IBD,PRD-0109,58,PO-2024-01085,EMP-037
TXN-001292,2024-12-05,RECEIPT,WH-ABJ,PRD-0120,136,PO-2024-01088,EMP-028
TXN-001293,2024-12-05,RECEIPT,WH-LAG2,PRD-0134,47,PO-2024-01094,EMP-026
TXN-001294,2024-12-05,RECEIPT,WH-ABJ,PRD-0069,26,PO-2024-01113,EMP-038
TXN-001295,2024-12-06,RECEIPT,WH-IBD,PRD-0086,219,PO-2024-00991,EMP-027
TXN-001296,2024-12-06,RECEIPT,WH-ABJ,PRD-0002,28,PO-2024-01018,EMP-023
TXN-001297,2024-12-06,RECEIPT,WH-LAG2,PRD-0041,55,PO-2024-01068,EMP-006
TXN-001298,2024-12-06,RECEIPT,WH-PHC,PRD-0112,24,PO-2024-01087,EMP-024
TXN-001299,2024-12-06,RECEIPT,WH-PHC,PRD-0150,88,PO-2024-01095,EMP-029
TXN-001300,2024-12-06,RECEIPT,WH-ABJ,PRD-0004,182,PO-2024-01101,EMP-003
TXN-001301,2024-12-06,RECEIPT,WH-LAG1,PRD-0051,206,PO-2024-01110,EMP-020
TXN-001302,2024-12-06,TRANSFER_OUT,WH-ABJ,PRD-0025,-17,TRF-00043,EMP-028
TXN-001303,2024-12-06,TRANSFER_IN,WH-LAG1,PRD-0025,17,TRF-00043,EMP-015
TXN-001304,2024-12-07,RECEIPT,WH-LAG1,PRD-0057,437,PO-2024-01030,EMP-010
TXN-001305,2024-12-07,RECEIPT,WH-ABJ,PRD-0057,154,PO-2024-01031,EMP-033
TXN-001306,2024-12-07,RECEIPT,WH-PHC,PRD-0100,280,PO-2024-01041,EMP-034
TXN-001307,2024-12-07,RECEIPT,WH-PHC,PRD-0109,76,PO-2024-01086,EMP-004
TXN-001308,2024-12-07,RECEIPT,WH-LAG2,PRD-0153,174,PO-2024-01098,EMP-031
TXN-001309,2024-12-07,RECEIPT,WH-IBD,PRD-0156,113,PO-2024-01138,EMP-002
TXN-001310,2024-12-08,RECEIPT,WH-PHC,PRD-0078,103,PO-2024-01036,EMP-024
TXN-001311,2024-12-08,RECEIPT,WH-IBD,PRD-0107,22,PO-2024-01045,EMP-002
TXN-001312,2024-12-08,RECEIPT,WH-LAG2,PRD-0031,76,PO-2024-01109,EMP-026
TXN-001313,2024-12-08,RECEIPT,WH-LAG1,PRD-0157,137,PO-2024-01140,EMP-005
TXN-001314,2024-12-08,RECEIPT,WH-ABJ,PRD-0165,217,PO-2024-01142,EMP-003
TXN-001315,2024-12-09,RECEIPT,WH-LAG1,PRD-0107,51,PO-2024-01043,EMP-015
TXN-001316,2024-12-09,RECEIPT,WH-IBD,PRD-0033,57,PO-2024-01067,EMP-032
TXN-001317,2024-12-09,RECEIPT,WH-PHC,PRD-0125,427,PO-2024-01091,EMP-019
TXN-001318,2024-12-09,RECEIPT,WH-ABJ,PRD-0133,49,PO-2024-01093,EMP-033
TXN-001319,2024-12-09,RECEIPT,WH-PHC,PRD-0153,182,PO-2024-01099,EMP-029
TXN-001320,2024-12-10,RECEIPT,WH-IBD,PRD-0057,122,PO-2024-00979,EMP-007
TXN-001321,2024-12-10,RECEIPT,WH-ABJ,PRD-0072,62,PO-2024-00984,EMP-038
TXN-001322,2024-12-10,RECEIPT,WH-LAG2,PRD-0061,159,PO-2024-01032,EMP-001
TXN-001323,2024-12-10,RECEIPT,WH-LAG1,PRD-0113,157,PO-2024-01047,EMP-030
TXN-001324,2024-12-10,RECEIPT,WH-LAG2,PRD-0085,99,PO-2024-01079,EMP-036
TXN-001325,2024-12-10,RECEIPT,WH-PHC,PRD-0144,49,PO-2024-01136,EMP-014
TXN-001326,2024-12-11,RECEIPT,WH-LAG1,PRD-0002,48,PO-2024-00968,EMP-035
TXN-001327,2024-12-11,RECEIPT,WH-ABJ,PRD-0090,1182,PO-2024-00992,EMP-003
TXN-001328,2024-12-11,RECEIPT,WH-LAG1,PRD-0071,29,PO-2024-01075,EMP-015
TXN-001329,2024-12-11,RECEIPT,WH-LAG2,PRD-0074,79,PO-2024-01077,EMP-036
TXN-001330,2024-12-11,RECEIPT,WH-ABJ,PRD-0111,112,PO-2024-01125,EMP-018
TXN-001331,2024-12-11,RECEIPT,WH-LAG1,PRD-0122,149,PO-2024-01129,EMP-005
TXN-001332,2024-12-11,RECEIPT,WH-ABJ,PRD-0127,57,PO-2024-01134,EMP-018
TXN-001333,2024-12-12,RECEIPT,WH-LAG1,PRD-0028,119,PO-2024-01066,EMP-005
TXN-001334,2024-12-12,RECEIPT,WH-IBD,PRD-0102,68,PO-2024-01083,EMP-027
TXN-001335,2024-12-12,RECEIPT,WH-IBD,PRD-0104,36,PO-2024-01122,EMP-002
TXN-001336,2024-12-12,RECEIPT,WH-PHC,PRD-0106,26,PO-2024-01124,EMP-004
TXN-001337,2024-12-12,RECEIPT,WH-ABJ,PRD-0125,365,PO-2024-01132,EMP-018
TXN-001338,2024-12-12,RECEIPT,WH-LAG1,PRD-0148,71,PO-2024-01137,EMP-025
TXN-001339,2024-12-12,RECEIPT,WH-ABJ,PRD-0156,137,PO-2024-01139,EMP-028
TXN-001340,2024-12-12,RECEIPT,WH-LAG2,PRD-0164,62,PO-2024-01141,EMP-021
TXN-001341,2024-12-13,RECEIPT,WH-LAG1,PRD-0074,160,PO-2024-01076,EMP-025
TXN-001342,2024-12-13,RECEIPT,WH-IBD,PRD-0106,28,PO-2024-01123,EMP-032
TXN-001343,2024-12-13,RECEIPT,WH-ABJ,PRD-0119,21,PO-2024-01127,EMP-003
TXN-001344,2024-12-13,RECEIPT,WH-IBD,PRD-0008,44,PO-2024-01145,EMP-017
TXN-001345,2024-12-13,RECEIPT,WH-ABJ,PRD-0082,106,PO-2024-01162,EMP-013
TXN-001346,2024-12-14,RECEIPT,WH-LAG1,PRD-0123,138,PO-2024-01089,EMP-030
TXN-001347,2024-12-14,RECEIPT,WH-ABJ,PRD-0066,10,PO-2024-01112,EMP-023
TXN-001348,2024-12-14,RECEIPT,WH-ABJ,PRD-0076,88,PO-2024-01115,EMP-033
TXN-001349,2024-12-14,RECEIPT,WH-PHC,PRD-0126,54,PO-2024-01133,EMP-004
TXN-001350,2024-12-14,RECEIPT,WH-PHC,PRD-0084,84,PO-2024-01164,EMP-029
TXN-001351,2024-12-14,TRANSFER_OUT,WH-LAG1,PRD-0113,-39,TRF-00044,EMP-030
TXN-001352,2024-12-14,TRANSFER_IN,WH-LAG2,PRD-0113,39,TRF-00044,EMP-036
TXN-001353,2024-12-15,RECEIPT,WH-LAG1,PRD-0085,194,PO-2024-01078,EMP-025
TXN-001354,2024-12-15,RECEIPT,WH-PHC,PRD-0086,200,PO-2024-01080,EMP-009
TXN-001355,2024-12-15,RECEIPT,WH-LAG1,PRD-0102,157,PO-2024-01082,EMP-035
TXN-001356,2024-12-15,RECEIPT,WH-IBD,PRD-0124,63,PO-2024-01090,EMP-017
TXN-001357,2024-12-15,RECEIPT,WH-PHC,PRD-0013,28,PO-2024-01102,EMP-029
TXN-001358,2024-12-15,RECEIPT,WH-PHC,PRD-0157,58,PO-2024-01178,EMP-039
TXN-001359,2024-12-15,TRANSFER_OUT,WH-LAG2,PRD-0115,-18,TRF-00045,EMP-006
TXN-001360,2024-12-15,TRANSFER_IN,WH-PHC,PRD-0115,18,TRF-00045,EMP-024
TXN-001361,2024-12-16,RECEIPT,WH-ABJ,PRD-0117,75,PO-2024-01126,EMP-038
TXN-001362,2024-12-16,RECEIPT,WH-PHC,PRD-0120,111,PO-2024-01128,EMP-029
TXN-001363,2024-12-16,RECEIPT,WH-LAG2,PRD-0125,363,PO-2024-01131,EMP-026
TXN-001364,2024-12-16,RECEIPT,WH-ABJ,PRD-0128,92,PO-2024-01135,EMP-028
TXN-001365,2024-12-16,RECEIPT,WH-LAG1,PRD-0004,352,PO-2024-01144,EMP-005
TXN-001366,2024-12-16,RECEIPT,WH-ABJ,PRD-0067,108,PO-2024-01160,EMP-023
TXN-001367,2024-12-16,RECEIPT,WH-PHC,PRD-0083,147,PO-2024-01163,EMP-034
TXN-001368,2024-12-16,TRANSFER_OUT,WH-LAG1,PRD-0077,-123,TRF-00046,EMP-025
TXN-001369,2024-12-16,TRANSFER_IN,WH-ABJ,PRD-0077,123,TRF-00046,EMP-018
TXN-001370,2024-12-17,RECEIPT,WH-LAG1,PRD-0025,120,PO-2024-01104,EMP-025
TXN-001371,2024-12-17,RECEIPT,WH-LAG1,PRD-0027,44,PO-2024-01106,EMP-015
TXN-001372,2024-12-17,RECEIPT,WH-PHC,PRD-0049,41,PO-2024-01156,EMP-029
TXN-001373,2024-12-17,RECEIPT,WH-PHC,PRD-0051,133,PO-2024-01157,EMP-004
TXN-001374,2024-12-17,RECEIPT,WH-ABJ,PRD-0112,22,PO-2024-01170,EMP-008
TXN-001375,2024-12-18,RECEIPT,WH-LAG2,PRD-0027,22,PO-2024-01024,EMP-006
TXN-001376,2024-12-18,RECEIPT,WH-PHC,PRD-0026,64,PO-2024-01105,EMP-029
TXN-001377,2024-12-18,RECEIPT,WH-IBD,PRD-0100,317,PO-2024-01121,EMP-037
TXN-001378,2024-12-18,RECEIPT,WH-LAG1,PRD-0141,95,PO-2024-01177,EMP-015
TXN-001379,2024-12-19,RECEIPT,WH-ABJ,PRD-0070,43,PO-2024-01074,EMP-013
TXN-001380,2024-12-19,RECEIPT,WH-ABJ,PRD-0017,67,PO-2024-01103,EMP-008
TXN-001381,2024-12-19,RECEIPT,WH-IBD,PRD-0064,68,PO-2024-01111,EMP-012
TXN-001382,2024-12-19,RECEIPT,WH-PHC,PRD-0072,44,PO-2024-01114,EMP-029
TXN-001383,2024-12-19,RECEIPT,WH-LAG1,PRD-0086,327,PO-2024-01117,EMP-020
TXN-001384,2024-12-19,RECEIPT,WH-IBD,PRD-0099,32,PO-2024-01120,EMP-022
TXN-001385,2024-12-19,RECEIPT,WH-LAG1,PRD-0019,131,PO-2024-01148,EMP-040
TXN-001386,2024-12-19,RECEIPT,WH-LAG1,PRD-0029,58,PO-2024-01152,EMP-015
TXN-001387,2024-12-19,RECEIPT,WH-LAG1,PRD-0036,65,PO-2024-01153,EMP-025
TXN-001388,2024-12-19,RECEIPT,WH-LAG1,PRD-0045,96,PO-2024-01155,EMP-010
TXN-001389,2024-12-19,RECEIPT,WH-LAG2,PRD-0114,18,PO-2024-01171,EMP-006
TXN-001390,2024-12-19,RECEIPT,WH-ABJ,PRD-0161,312,PO-2024-01180,EMP-023
TXN-001391,2024-12-19,RECEIPT,WH-ABJ,PRD-0018,103,PO-2024-01185,EMP-003
TXN-001392,2024-12-19,RECEIPT,WH-IBD,PRD-0030,22,PO-2024-01192,EMP-002
TXN-001393,2024-12-19,RECEIPT,WH-PHC,PRD-0137,80,PO-2024-01223,EMP-029
TXN-001394,2024-12-19,RECEIPT,WH-IBD,PRD-0157,67,PO-2024-01229,EMP-022
TXN-001395,2024-12-19,TRANSFER_OUT,WH-LAG2,PRD-0061,-31,TRF-00047,EMP-026
TXN-001396,2024-12-19,TRANSFER_IN,WH-LAG1,PRD-0061,31,TRF-00047,EMP-015
TXN-001397,2024-12-20,RECEIPT,WH-LAG2,PRD-0090,819,PO-2024-01119,EMP-026
TXN-001398,2024-12-20,RECEIPT,WH-LAG1,PRD-0112,41,PO-2024-01169,EMP-030
TXN-001399,2024-12-20,RECEIPT,WH-ABJ,PRD-0040,69,PO-2024-01195,EMP-023
TXN-001400,2024-12-20,RECEIPT,WH-LAG1,PRD-0053,27,PO-2024-01198,EMP-010
TXN-001401,2024-12-20,RECEIPT,WH-ABJ,PRD-0079,90,PO-2024-01207,EMP-023
TXN-001402,2024-12-20,RECEIPT,WH-LAG2,PRD-0097,28,PO-2024-01212,EMP-021
TXN-001403,2024-12-20,RECEIPT,WH-LAG1,PRD-0166,241,PO-2024-01231,EMP-015
TXN-001404,2024-12-21,RECEIPT,WH-LAG1,PRD-0013,45,PO-2024-01146,EMP-030
TXN-001405,2024-12-21,RECEIPT,WH-PHC,PRD-0135,145,PO-2024-01176,EMP-039
TXN-001406,2024-12-21,RECEIPT,WH-LAG1,PRD-0081,128,PO-2024-01208,EMP-030
TXN-001407,2024-12-21,RECEIPT,WH-IBD,PRD-0110,27,PO-2024-01218,EMP-017
TXN-001408,2024-12-21,RECEIPT,WH-IBD,PRD-0166,146,PO-2024-01232,EMP-022
TXN-001409,2024-12-22,RECEIPT,WH-ABJ,PRD-0005,99,PO-2024-01061,EMP-023
TXN-001410,2024-12-22,RECEIPT,WH-LAG1,PRD-0041,114,PO-2024-01154,EMP-025
TXN-001411,2024-12-22,RECEIPT,WH-IBD,PRD-0093,94,PO-2024-01168,EMP-002
TXN-001412,2024-12-22,RECEIPT,WH-IBD,PRD-0146,39,PO-2024-01224,EMP-012
TXN-001413,2024-12-22,TRANSFER_OUT,WH-ABJ,PRD-0018,-34,TRF-00048,EMP-003
TXN-001414,2024-12-22,TRANSFER_IN,WH-PHC,PRD-0018,34,TRF-00048,EMP-034
TXN-001415,2024-12-23,RECEIPT,WH-LAG2,PRD-0064,84,PO-2024-01072,EMP-026
TXN-001416,2024-12-23,RECEIPT,WH-LAG2,PRD-0123,77,PO-2024-01130,EMP-016
TXN-001417,2024-12-23,RECEIPT,WH-IBD,PRD-0001,39,PO-2024-01143,EMP-012
TXN-001418,2024-12-23,RECEIPT,WH-LAG1,PRD-0088,63,PO-2024-01165,EMP-020
TXN-001419,2024-12-23,RECEIPT,WH-PHC,PRD-0031,107,PO-2024-01193,EMP-009
TXN-001420,2024-12-23,RECEIPT,WH-LAG2,PRD-0039,143,PO-2024-01194,EMP-006
TXN-001421,2024-12-23,RECEIPT,WH-LAG2,PRD-0075,21,PO-2024-01204,EMP-021
TXN-001422,2024-12-23,RECEIPT,WH-LAG1,PRD-0095,43,PO-2024-01211,EMP-040
TXN-001423,2024-12-23,TRANSFER_OUT,WH-LAG1,PRD-0018,-26,TRF-00049,EMP-025
TXN-001424,2024-12-23,TRANSFER_IN,WH-PHC,PRD-0018,26,TRF-00049,EMP-009
TXN-001425,2024-12-24,RECEIPT,WH-LAG1,PRD-0160,455,PO-2024-01179,EMP-010
TXN-001426,2024-12-24,RECEIPT,WH-IBD,PRD-0022,24,PO-2024-01187,EMP-017
TXN-001427,2024-12-24,RECEIPT,WH-IBD,PRD-0060,119,PO-2024-01199,EMP-012
TXN-001428,2024-12-24,RECEIPT,WH-LAG1,PRD-0094,29,PO-2024-01209,EMP-025
TXN-001429,2024-12-24,RECEIPT,WH-ABJ,PRD-0097,28,PO-2024-01213,EMP-003
TXN-001430,2024-12-24,RECEIPT,WH-LAG1,PRD-0106,38,PO-2024-01214,EMP-035
TXN-001431,2024-12-24,RECEIPT,WH-LAG1,PRD-0116,96,PO-2024-01220,EMP-025
TXN-001432,2024-12-24,TRANSFER_OUT,WH-LAG1,PRD-0040,-26,TRF-00050,EMP-025
TXN-001433,2024-12-24,TRANSFER_IN,WH-PHC,PRD-0040,26,TRF-00050,EMP-004
TXN-001434,2024-12-25,RECEIPT,WH-LAG2,PRD-0128,58,PO-2024-01174,EMP-011
TXN-001435,2024-12-25,RECEIPT,WH-ABJ,PRD-0135,161,PO-2024-01175,EMP-018
TXN-001436,2024-12-25,RECEIPT,WH-LAG1,PRD-0007,172,PO-2024-01183,EMP-015
TXN-001437,2024-12-25,TRANSFER_OUT,WH-LAG1,PRD-0062,-29,TRF-00051,EMP-025
TXN-001438,2024-12-25,TRANSFER_IN,WH-ABJ,PRD-0062,29,TRF-00051,EMP-038
TXN-001439,2024-12-26,RECEIPT,WH-IBD,PRD-0028,51,PO-2024-01108,EMP-027
TXN-001440,2024-12-26,RECEIPT,WH-IBD,PRD-0094,23,PO-2024-01210,EMP-007
TXN-001441,2024-12-26,RECEIPT,WH-IBD,PRD-0111,84,PO-2024-01219,EMP-002
TXN-001442,2024-12-26,RECEIPT,WH-ABJ,PRD-0053,25,PO-2024-01252,EMP-008
TXN-001443,2024-12-26,RECEIPT,WH-LAG2,PRD-0138,105,PO-2024-01286,EMP-021
TXN-001444,2024-12-27,RECEIPT,WH-ABJ,PRD-0086,365,PO-2024-01118,EMP-008
TXN-001445,2024-12-27,RECEIPT,WH-LAG2,PRD-0091,104,PO-2024-01167,EMP-036
TXN-001446,2024-12-27,RECEIPT,WH-ABJ,PRD-0108,187,PO-2024-01217,EMP-023
TXN-001447,2024-12-27,RECEIPT,WH-LAG1,PRD-0150,159,PO-2024-01225,EMP-010
TXN-001448,2024-12-27,RECEIPT,WH-IBD,PRD-0150,60,PO-2024-01226,EMP-012
TXN-001449,2024-12-27,RECEIPT,WH-ABJ,PRD-0039,127,PO-2024-01245,EMP-018
TXN-001450,2024-12-27,RECEIPT,WH-PHC,PRD-0082,59,PO-2024-01266,EMP-034
TXN-001451,2024-12-27,RECEIPT,WH-ABJ,PRD-0162,70,PO-2024-01295,EMP-033
TXN-001452,2024-12-28,RECEIPT,WH-ABJ,PRD-0080,69,PO-2024-01116,EMP-003
TXN-001453,2024-12-28,RECEIPT,WH-LAG2,PRD-0078,84,PO-2024-01161,EMP-036
TXN-001454,2024-12-28,RECEIPT,WH-ABJ,PRD-0006,39,PO-2024-01182,EMP-003
TXN-001455,2024-12-28,RECEIPT,WH-IBD,PRD-0013,22,PO-2024-01184,EMP-032
TXN-001456,2024-12-28,RECEIPT,WH-IBD,PRD-0128,81,PO-2024-01222,EMP-037
TXN-001457,2024-12-28,RECEIPT,WH-LAG2,PRD-0083,190,PO-2024-01267,EMP-021
TXN-001458,2024-12-28,RECEIPT,WH-LAG2,PRD-0111,109,PO-2024-01279,EMP-031
TXN-001459,2024-12-28,RECEIPT,WH-LAG2,PRD-0165,179,PO-2024-01297,EMP-011
TXN-001460,2024-12-29,RECEIPT,WH-LAG1,PRD-0020,164,PO-2024-01186,EMP-030
TXN-001461,2024-12-29,RECEIPT,WH-LAG2,PRD-0076,92,PO-2024-01205,EMP-026
TXN-001462,2024-12-29,RECEIPT,WH-LAG2,PRD-0108,197,PO-2024-01215,EMP-011
TXN-001463,2024-12-29,RECEIPT,WH-IBD,PRD-0108,174,PO-2024-01216,EMP-032
TXN-001464,2024-12-29,RECEIPT,WH-LAG1,PRD-0154,103,PO-2024-01228,EMP-030
TXN-001465,2024-12-29,RECEIPT,WH-IBD,PRD-0051,101,PO-2024-01250,EMP-037
TXN-001466,2024-12-29,RECEIPT,WH-ABJ,PRD-0062,145,PO-2024-01254,EMP-003
TXN-001467,2024-12-29,RECEIPT,WH-LAG1,PRD-0068,289,PO-2024-01257,EMP-020
TXN-001468,2024-12-29,RECEIPT,WH-ABJ,PRD-0145,123,PO-2024-01289,EMP-008
TXN-001469,2024-12-29,RECEIPT,WH-LAG1,PRD-0164,97,PO-2024-01296,EMP-010
TXN-001470,2024-12-30,RECEIPT,WH-LAG2,PRD-0028,52,PO-2024-01107,EMP-021
TXN-001471,2024-12-30,RECEIPT,WH-LAG1,PRD-0061,184,PO-2024-01158,EMP-015
TXN-001472,2024-12-30,RECEIPT,WH-LAG1,PRD-0091,151,PO-2024-01166,EMP-010
TXN-001473,2024-12-30,RECEIPT,WH-LAG1,PRD-0118,359,PO-2024-01172,EMP-030
TXN-001474,2024-12-30,RECEIPT,WH-ABJ,PRD-0121,210,PO-2024-01173,EMP-028
TXN-001475,2024-12-30,RECEIPT,WH-ABJ,PRD-0024,43,PO-2024-01189,EMP-033
TXN-001476,2024-12-30,RECEIPT,WH-ABJ,PRD-0150,96,PO-2024-01227,EMP-008
TXN-001477,2024-12-30,RECEIPT,WH-LAG1,PRD-0163,132,PO-2024-01230,EMP-025
TXN-001478,2024-12-30,RECEIPT,WH-LAG1,PRD-0031,175,PO-2024-01243,EMP-010
TXN-001479,2024-12-30,RECEIPT,WH-ABJ,PRD-0051,98,PO-2024-01251,EMP-018
TXN-001480,2024-12-30,RECEIPT,WH-IBD,PRD-0083,166,PO-2024-01268,EMP-017
TXN-001481,2024-12-30,RECEIPT,WH-PHC,PRD-0130,45,PO-2024-01284,EMP-019
TXN-001482,2024-12-30,TRANSFER_OUT,WH-LAG1,PRD-0076,-28,TRF-00052,EMP-020
TXN-001483,2024-12-30,TRANSFER_IN,WH-IBD,PRD-0076,28,TRF-00052,EMP-022
TXN-001484,2024-12-31,RECEIPT,WH-LAG1,PRD-0017,80,PO-2024-01147,EMP-035
TXN-001485,2024-12-31,RECEIPT,WH-LAG1,PRD-0024,70,PO-2024-01188,EMP-020
TXN-001486,2024-12-31,RECEIPT,WH-IBD,PRD-0070,38,PO-2024-01201,EMP-037
TXN-001487,2024-12-31,RECEIPT,WH-IBD,PRD-0037,110,PO-2024-01244,EMP-017
TXN-001488,2024-12-31,RECEIPT,WH-IBD,PRD-0079,52,PO-2024-01263,EMP-037
TXN-001489,2024-12-31,RECEIPT,WH-LAG2,PRD-0092,38,PO-2024-01271,EMP-016
TXN-001490,2024-12-31,RECEIPT,WH-LAG1,PRD-0096,27,PO-2024-01273,EMP-020
TXN-001491,2024-12-31,RECEIPT,WH-LAG1,PRD-0156,300,PO-2024-01293,EMP-040
TXN-001492,2024-12-31,ADJUSTMENT,WH-LAG1,PRD-0091,-1,SHRINKAGE,EMP-040
TXN-001493,2024-12-31,ADJUSTMENT,WH-LAG1,PRD-0067,-1,EXPIRY,EMP-035
TXN-001494,2024-12-31,ADJUSTMENT,WH-LAG1,PRD-0134,-2,DAMAGE,EMP-040
TXN-001495,2024-12-31,ADJUSTMENT,WH-LAG1,PRD-0095,-1,EXPIRY,EMP-005
TXN-001496,2024-12-31,ADJUSTMENT,WH-LAG1,PRD-0148,-2,DAMAGE,EMP-010
TXN-001497,2024-12-31,ADJUSTMENT,WH-LAG1,PRD-0155,-1,SHRINKAGE,EMP-025
TXN-001498,2024-12-31,ADJUSTMENT,WH-LAG2,PRD-0023,-2,EXPIRY,EMP-016
TXN-001499,2024-12-31,ADJUSTMENT,WH-LAG2,PRD-0154,-1,EXPIRY,EMP-036
TXN-001500,2024-12-31,ADJUSTMENT,WH-LAG2,PRD-0104,-2,DAMAGE,EMP-036
TXN-001501,2024-12-31,ADJUSTMENT,WH-LAG2,PRD-0065,-2,SHRINKAGE,EMP-026
TXN-001502,2024-12-31,ADJUSTMENT,WH-LAG2,PRD-0069,-1,DAMAGE,EMP-016
TXN-001503,2024-12-31,ADJUSTMENT,WH-LAG2,PRD-0063,-1,EXPIRY,EMP-011
TXN-001504,2024-12-31,ADJUSTMENT,WH-LAG2,PRD-0087,-2,EXPIRY,EMP-021
TXN-001505,2024-12-31,ADJUSTMENT,WH-LAG2,PRD-0150,-1,SHRINKAGE,EMP-026
TXN-001506,2024-12-31,ADJUSTMENT,WH-IBD,PRD-0076,-2,DAMAGE,EMP-037
TXN-001507,2024-12-31,ADJUSTMENT,WH-IBD,PRD-0052,-2,EXPIRY,EMP-027
TXN-001508,2024-12-31,ADJUSTMENT,WH-IBD,PRD-0029,-1,EXPIRY,EMP-017
TXN-001509,2024-12-31,ADJUSTMENT,WH-IBD,PRD-0103,-2,EXPIRY,EMP-032
TXN-001510,2024-12-31,ADJUSTMENT,WH-ABJ,PRD-0084,-2,SHRINKAGE,EMP-038
TXN-001511,2024-12-31,ADJUSTMENT,WH-ABJ,PRD-0016,-2,SHRINKAGE,EMP-013
TXN-001512,2024-12-31,ADJUSTMENT,WH-ABJ,PRD-0106,-1,EXPIRY,EMP-023
TXN-001513,2024-12-31,ADJUSTMENT,WH-ABJ,PRD-0053,-2,EXPIRY,EMP-028
TXN-001514,2024-12-31,ADJUSTMENT,WH-ABJ,PRD-0106,-1,EXPIRY,EMP-033
TXN-001515,2024-12-31,ADJUSTMENT,WH-PHC,PRD-0107,-1,SHRINKAGE,EMP-009
TXN-001516,2024-12-31,ADJUSTMENT,WH-PHC,PRD-0025,-2,DAMAGE,EMP-014
TXN-001517,2024-12-31,ADJUSTMENT,WH-PHC,PRD-0151,-2,EXPIRY,EMP-009
TXN-001518,2024-12-31,ADJUSTMENT,WH-PHC,PRD-0017,-1,SHRINKAGE,EMP-004
TXN-001519,2025-01-01,RECEIPT,WH-LAG2,PRD-0024,39,PO-2024-01150,EMP-011
TXN-001520,2025-01-01,RECEIPT,WH-PHC,PRD-0028,51,PO-2024-01151,EMP-029
TXN-001521,2025-01-01,RECEIPT,WH-LAG1,PRD-0066,11,PO-2024-01159,EMP-040
TXN-001522,2025-01-01,RECEIPT,WH-ABJ,PRD-0155,55,PO-2024-01292,EMP-008
TXN-001523,2025-01-01,RECEIPT,WH-LAG2,PRD-0156,112,PO-2024-01294,EMP-036
TXN-001524,2025-01-02,RECEIPT,WH-ABJ,PRD-0023,99,PO-2024-01149,EMP-033
TXN-001525,2025-01-02,RECEIPT,WH-LAG1,PRD-0046,122,PO-2024-01246,EMP-015
TXN-001526,2025-01-02,RECEIPT,WH-LAG1,PRD-0104,43,PO-2024-01277,EMP-010
TXN-001527,2025-01-02,RECEIPT,WH-LAG2,PRD-0143,38,PO-2024-01287,EMP-011
TXN-001528,2025-01-02,RECEIPT,WH-ABJ,PRD-0012,48,PO-2024-01300,EMP-028
TXN-001529,2025-01-02,RECEIPT,WH-LAG1,PRD-0058,118,PO-2024-01313,EMP-005
TXN-001530,2025-01-02,RECEIPT,WH-PHC,PRD-0068,136,PO-2024-01318,EMP-009
TXN-001531,2025-01-02,RECEIPT,WH-LAG1,PRD-0109,197,PO-2024-01335,EMP-040
TXN-001532,2025-01-02,RECEIPT,WH-LAG1,PRD-0170,86,PO-2024-01350,EMP-035
TXN-001533,2025-01-03,RECEIPT,WH-ABJ,PRD-0013,32,PO-2024-01239,EMP-013
TXN-001534,2025-01-03,RECEIPT,WH-LAG2,PRD-0119,25,PO-2024-01282,EMP-001
TXN-001535,2025-01-03,RECEIPT,WH-LAG1,PRD-0131,160,PO-2024-01285,EMP-040
TXN-001536,2025-01-03,RECEIPT,WH-ABJ,PRD-0081,81,PO-2024-01320,EMP-013
TXN-001537,2025-01-03,RECEIPT,WH-PHC,PRD-0081,89,PO-2024-01321,EMP-029
TXN-001538,2025-01-03,RECEIPT,WH-IBD,PRD-0084,86,PO-2024-01322,EMP-032
TXN-001539,2025-01-03,RECEIPT,WH-LAG1,PRD-0087,26,PO-2024-01324,EMP-040
TXN-001540,2025-01-03,RECEIPT,WH-LAG2,PRD-0101,27,PO-2024-01331,EMP-036
TXN-001541,2025-01-04,RECEIPT,WH-IBD,PRD-0025,54,PO-2024-01191,EMP-002
TXN-001542,2025-01-04,RECEIPT,WH-IBD,PRD-0046,63,PO-2024-01196,EMP-017
TXN-001543,2025-01-04,RECEIPT,WH-LAG1,PRD-0064,222,PO-2024-01200,EMP-020
TXN-001544,2025-01-04,RECEIPT,WH-LAG1,PRD-0006,41,PO-2024-01236,EMP-030
TXN-001545,2025-01-04,RECEIPT,WH-LAG1,PRD-0009,45,PO-2024-01237,EMP-035
TXN-001546,2025-01-04,RECEIPT,WH-LAG1,PRD-0078,142,PO-2024-01261,EMP-005
TXN-001547,2025-01-04,RECEIPT,WH-LAG1,PRD-0098,454,PO-2024-01274,EMP-030
TXN-001548,2025-01-04,RECEIPT,WH-ABJ,PRD-0098,204,PO-2024-01275,EMP-018
TXN-001549,2025-01-04,RECEIPT,WH-ABJ,PRD-0110,40,PO-2024-01278,EMP-018
TXN-001550,2025-01-04,RECEIPT,WH-LAG1,PRD-0051,251,PO-2024-01312,EMP-020
TXN-001551,2025-01-05,RECEIPT,WH-LAG1,PRD-0090,2281,PO-2024-01270,EMP-040
TXN-001552,2025-01-05,RECEIPT,WH-PHC,PRD-0045,78,PO-2024-01310,EMP-024
TXN-001553,2025-01-05,RECEIPT,WH-LAG1,PRD-0103,189,PO-2024-01333,EMP-040
TXN-001554,2025-01-06,RECEIPT,WH-PHC,PRD-0024,34,PO-2024-01190,EMP-004
TXN-001555,2025-01-06,RECEIPT,WH-PHC,PRD-0121,118,PO-2024-01221,EMP-004
TXN-001556,2025-01-06,RECEIPT,WH-ABJ,PRD-0065,103,PO-2024-01255,EMP-018
TXN-001557,2025-01-06,RECEIPT,WH-LAG1,PRD-0070,99,PO-2024-01258,EMP-015
TXN-001558,2025-01-06,RECEIPT,WH-LAG2,PRD-0093,80,PO-2024-01272,EMP-036
TXN-001559,2025-01-06,RECEIPT,WH-LAG1,PRD-0119,41,PO-2024-01281,EMP-020
TXN-001560,2025-01-06,RECEIPT,WH-LAG1,PRD-0120,182,PO-2024-01283,EMP-030
TXN-001561,2025-01-06,RECEIPT,WH-LAG2,PRD-0144,58,PO-2024-01288,EMP-011
TXN-001562,2025-01-06,RECEIPT,WH-LAG2,PRD-0149,24,PO-2024-01290,EMP-021
TXN-001563,2025-01-06,RECEIPT,WH-ABJ,PRD-0149,29,PO-2024-01291,EMP-003
TXN-001564,2025-01-06,RECEIPT,WH-IBD,PRD-0114,20,PO-2024-01336,EMP-017
TXN-001565,2025-01-06,RECEIPT,WH-PHC,PRD-0151,640,PO-2024-01346,EMP-034
TXN-001566,2025-01-06,RECEIPT,WH-IBD,PRD-0165,121,PO-2024-01349,EMP-002
TXN-001567,2025-01-07,RECEIPT,WH-IBD,PRD-0073,22,PO-2024-01202,EMP-017
TXN-001568,2025-01-07,RECEIPT,WH-ABJ,PRD-0078,79,PO-2024-01206,EMP-008
TXN-001569,2025-01-07,RECEIPT,WH-ABJ,PRD-0003,22,PO-2024-01235,EMP-008
TXN-001570,2025-01-07,RECEIPT,WH-IBD,PRD-0076,66,PO-2024-01260,EMP-032
TXN-001571,2025-01-07,RECEIPT,WH-LAG2,PRD-0008,49,PO-2024-01298,EMP-021
TXN-001572,2025-01-07,RECEIPT,WH-ABJ,PRD-0084,109,PO-2024-01323,EMP-013
TXN-001573,2025-01-08,RECEIPT,WH-PHC,PRD-0065,110,PO-2024-01256,EMP-014
TXN-001574,2025-01-08,RECEIPT,WH-LAG1,PRD-0114,25,PO-2024-01280,EMP-035
TXN-001575,2025-01-08,RECEIPT,WH-PHC,PRD-0011,79,PO-2024-01299,EMP-004
TXN-001576,2025-01-08,RECEIPT,WH-LAG1,PRD-0033,92,PO-2024-01307,EMP-035
TXN-001577,2025-01-08,RECEIPT,WH-ABJ,PRD-0045,88,PO-2024-01309,EMP-033
TXN-001578,2025-01-08,RECEIPT,WH-LAG1,PRD-0092,72,PO-2024-01326,EMP-035
TXN-001579,2025-01-08,RECEIPT,WH-IBD,PRD-0097,26,PO-2024-01329,EMP-017
TXN-001580,2025-01-09,RECEIPT,WH-IBD,PRD-0043,70,PO-2024-01308,EMP-032
TXN-001581,2025-01-09,RECEIPT,WH-PHC,PRD-0096,20,PO-2024-01328,EMP-034
TXN-001582,2025-01-09,RECEIPT,WH-IBD,PRD-0127,30,PO-2024-01341,EMP-032
TXN-001583,2025-01-09,RECEIPT,WH-IBD,PRD-0145,77,PO-2024-01343,EMP-027
TXN-001584,2025-01-09,RECEIPT,WH-ABJ,PRD-0146,58,PO-2024-01344,EMP-008
TXN-001585,2025-01-10,RECEIPT,WH-IBD,PRD-0074,82,PO-2024-01203,EMP-012
TXN-001586,2025-01-10,RECEIPT,WH-PHC,PRD-0023,91,PO-2024-01242,EMP-014
TXN-001587,2025-01-10,RECEIPT,WH-ABJ,PRD-0126,44,PO-2024-01340,EMP-028
TXN-001588,2025-01-10,RECEIPT,WH-ABJ,PRD-0160,187,PO-2024-01347,EMP-033
TXN-001589,2025-01-10,RECEIPT,WH-LAG1,PRD-0094,42,PO-2025-01368,EMP-010
TXN-001590,2025-01-11,RECEIPT,WH-ABJ,PRD-0002,36,PO-2024-01234,EMP-023
TXN-001591,2025-01-11,RECEIPT,WH-PHC,PRD-0047,82,PO-2024-01248,EMP-019
TXN-001592,2025-01-11,RECEIPT,WH-PHC,PRD-0080,59,PO-2024-01265,EMP-039
TXN-001593,2025-01-11,RECEIPT,WH-LAG1,PRD-0099,52,PO-2024-01276,EMP-005
TXN-001594,2025-01-11,RECEIPT,WH-PHC,PRD-0141,70,PO-2024-01342,EMP-019
TXN-001595,2025-01-11,RECEIPT,WH-PHC,PRD-0149,18,PO-2024-01345,EMP-014
TXN-001596,2025-01-11,RECEIPT,WH-PHC,PRD-0161,264,PO-2024-01348,EMP-039
TXN-001597,2025-01-11,RECEIPT,WH-LAG2,PRD-0062,118,PO-2025-01360,EMP-006
TXN-001598,2025-01-12,RECEIPT,WH-ABJ,PRD-0016,101,PO-2024-01302,EMP-008
TXN-001599,2025-01-12,RECEIPT,WH-ABJ,PRD-0019,88,PO-2024-01303,EMP-018
TXN-001600,2025-01-12,RECEIPT,WH-LAG2,PRD-0050,58,PO-2024-01311,EMP-016
TXN-001601,2025-01-12,RECEIPT,WH-LAG1,PRD-0075,52,PO-2025-01362,EMP-030
TXN-001602,2025-01-12,RECEIPT,WH-PHC,PRD-0077,247,PO-2025-01364,EMP-024
TXN-001603,2025-01-12,RECEIPT,WH-LAG1,PRD-0137,114,PO-2025-01375,EMP-005
TXN-001604,2025-01-12,RECEIPT,WH-ABJ,PRD-0147,47,PO-2025-01379,EMP-028
TXN-001605,2025-01-13,RECEIPT,WH-IBD,PRD-0078,91,PO-2024-01262,EMP-002
TXN-001606,2025-01-13,RECEIPT,WH-ABJ,PRD-0093,125,PO-2024-01327,EMP-013
TXN-001607,2025-01-13,RECEIPT,WH-PHC,PRD-0108,173,PO-2024-01334,EMP-004
TXN-001608,2025-01-13,RECEIPT,WH-LAG1,PRD-0018,214,PO-2025-01352,EMP-015
TXN-001609,2025-01-13,RECEIPT,WH-PHC,PRD-0030,22,PO-2025-01355,EMP-014
TXN-001610,2025-01-13,RECEIPT,WH-ABJ,PRD-0077,275,PO-2025-01363,EMP-033
TXN-001611,2025-01-13,RECEIPT,WH-LAG1,PRD-0084,219,PO-2025-01365,EMP-035
TXN-001612,2025-01-13,RECEIPT,WH-ABJ,PRD-0140,58,PO-2025-01376,EMP-023
TXN-001613,2025-01-13,RECEIPT,WH-IBD,PRD-0170,73,PO-2025-01389,EMP-007
TXN-001614,2025-01-13,TRANSFER_OUT,WH-ABJ,PRD-0016,-33,TRF-00053,EMP-038
TXN-001615,2025-01-13,TRANSFER_IN,WH-IBD,PRD-0016,33,TRF-00053,EMP-002
TXN-001616,2025-01-14,RECEIPT,WH-LAG2,PRD-0003,21,PO-2024-01181,EMP-026
TXN-001617,2025-01-14,RECEIPT,WH-LAG2,PRD-0047,54,PO-2024-01197,EMP-031
TXN-001618,2025-01-14,RECEIPT,WH-IBD,PRD-0019,84,PO-2024-01240,EMP-012
TXN-001619,2025-01-14,RECEIPT,WH-ABJ,PRD-0061,140,PO-2024-01314,EMP-003
TXN-001620,2025-01-14,RECEIPT,WH-IBD,PRD-0072,42,PO-2024-01319,EMP-027
TXN-001621,2025-01-14,RECEIPT,WH-PHC,PRD-0008,36,PO-2025-01351,EMP-019
TXN-001622,2025-01-14,RECEIPT,WH-LAG1,PRD-0101,54,PO-2025-01370,EMP-030
TXN-001623,2025-01-14,RECEIPT,WH-IBD,PRD-0151,320,PO-2025-01381,EMP-027
TXN-001624,2025-01-15,RECEIPT,WH-ABJ,PRD-0047,65,PO-2024-01247,EMP-028
TXN-001625,2025-01-15,RECEIPT,WH-ABJ,PRD-0085,91,PO-2024-01269,EMP-018
TXN-001626,2025-01-15,RECEIPT,WH-LAG2,PRD-0098,171,PO-2024-01330,EMP-006
TXN-001627,2025-01-15,RECEIPT,WH-PHC,PRD-0142,136,PO-2025-01378,EMP-019
TXN-001628,2025-01-16,RECEIPT,WH-LAG2,PRD-0048,76,PO-2024-01249,EMP-011
TXN-001629,2025-01-16,RECEIPT,WH-IBD,PRD-0080,56,PO-2024-01264,EMP-032
TXN-001630,2025-01-16,RECEIPT,WH-LAG1,PRD-0015,80,PO-2024-01301,EMP-015
TXN-001631,2025-01-16,RECEIPT,WH-PHC,PRD-0118,101,PO-2024-01337,EMP-034
TXN-001632,2025-01-16,RECEIPT,WH-LAG1,PRD-0072,94,PO-2025-01361,EMP-035
TXN-001633,2025-01-16,RECEIPT,WH-LAG1,PRD-0105,40,PO-2025-01371,EMP-015
TXN-001634,2025-01-16,RECEIPT,WH-IBD,PRD-0105,26,PO-2025-01372,EMP-022
TXN-001635,2025-01-16,RECEIPT,WH-LAG2,PRD-0110,35,PO-2025-01373,EMP-011
TXN-001636,2025-01-16,RECEIPT,WH-LAG1,PRD-0142,314,PO-2025-01377,EMP-025
TXN-001637,2025-01-16,RECEIPT,WH-IBD,PRD-0156,130,PO-2025-01384,EMP-037
TXN-001638,2025-01-16,RECEIPT,WH-ABJ,PRD-0164,67,PO-2025-01386,EMP-018
TXN-001639,2025-01-16,RECEIPT,WH-ABJ,PRD-0138,103,PO-2025-01424,EMP-003
TXN-001640,2025-01-16,RECEIPT,WH-IBD,PRD-0140,56,PO-2025-01425,EMP-012
TXN-001641,2025-01-17,RECEIPT,WH-LAG2,PRD-0102,51,PO-2024-01332,EMP-031
TXN-001642,2025-01-17,RECEIPT,WH-PHC,PRD-0025,63,PO-2025-01354,EMP-009
TXN-001643,2025-01-17,RECEIPT,WH-LAG2,PRD-0031,119,PO-2025-01396,EMP-001
TXN-001644,2025-01-17,RECEIPT,WH-LAG2,PRD-0058,60,PO-2025-01406,EMP-026
TXN-001645,2025-01-17,RECEIPT,WH-LAG2,PRD-0077,150,PO-2025-01410,EMP-011
TXN-001646,2025-01-17,TRANSFER_OUT,WH-LAG1,PRD-0109,-48,TRF-00054,EMP-040
TXN-001647,2025-01-17,TRANSFER_IN,WH-IBD,PRD-0109,48,TRF-00054,EMP-012
TXN-001648,2025-01-18,RECEIPT,WH-LAG2,PRD-0010,19,PO-2024-01238,EMP-036
TXN-001649,2025-01-18,RECEIPT,WH-LAG1,PRD-0121,344,PO-2024-01338,EMP-005
TXN-001650,2025-01-18,RECEIPT,WH-PHC,PRD-0123,68,PO-2024-01339,EMP-014
TXN-001651,2025-01-18,RECEIPT,WH-LAG2,PRD-0035,63,PO-2025-01398,EMP-001
TXN-001652,2025-01-18,RECEIPT,WH-IBD,PRD-0039,110,PO-2025-01400,EMP-002
TXN-001653,2025-01-18,RECEIPT,WH-LAG2,PRD-0079,62,PO-2025-01411,EMP-001
TXN-001654,2025-01-18,RECEIPT,WH-IBD,PRD-0148,39,PO-2025-01427,EMP-027
TXN-001655,2025-01-19,RECEIPT,WH-PHC,PRD-0056,47,PO-2024-01253,EMP-014
TXN-001656,2025-01-19,RECEIPT,WH-IBD,PRD-0041,54,PO-2025-01357,EMP-037
TXN-001657,2025-01-19,RECEIPT,WH-ABJ,PRD-0153,179,PO-2025-01383,EMP-033
TXN-001658,2025-01-19,RECEIPT,WH-ABJ,PRD-0163,66,PO-2025-01385,EMP-028
TXN-001659,2025-01-19,RECEIPT,WH-IBD,PRD-0068,97,PO-2025-01408,EMP-027
TXN-001660,2025-01-19,RECEIPT,WH-ABJ,PRD-0166,150,PO-2025-01429,EMP-038
TXN-001661,2025-01-20,RECEIPT,WH-LAG1,PRD-0071,22,PO-2024-01259,EMP-010
TXN-001662,2025-01-20,RECEIPT,WH-LAG2,PRD-0025,59,PO-2024-01305,EMP-006
TXN-001663,2025-01-20,RECEIPT,WH-LAG1,PRD-0065,230,PO-2024-01316,EMP-015
TXN-001664,2025-01-20,RECEIPT,WH-ABJ,PRD-0088,58,PO-2024-01325,EMP-023
TXN-001665,2025-01-20,RECEIPT,WH-LAG1,PRD-0149,38,PO-2025-01380,EMP-010
TXN-001666,2025-01-20,RECEIPT,WH-LAG1,PRD-0153,237,PO-2025-01382,EMP-010
TXN-001667,2025-01-20,RECEIPT,WH-IBD,PRD-0168,25,PO-2025-01388,EMP-002
TXN-001668,2025-01-20,RECEIPT,WH-PHC,PRD-0039,152,PO-2025-01401,EMP-034
TXN-001669,2025-01-20,RECEIPT,WH-LAG2,PRD-0049,50,PO-2025-01405,EMP-016
TXN-001670,2025-01-20,RECEIPT,WH-IBD,PRD-0109,61,PO-2025-01415,EMP-037
TXN-001671,2025-01-20,RECEIPT,WH-LAG1,PRD-0138,186,PO-2025-01423,EMP-035
TXN-001672,2025-01-20,RECEIPT,WH-LAG2,PRD-0170,68,PO-2025-01430,EMP-001
TXN-001673,2025-01-21,RECEIPT,WH-LAG1,PRD-0026,124,PO-2024-01306,EMP-015
TXN-001674,2025-01-21,RECEIPT,WH-PHC,PRD-0066,7,PO-2024-01317,EMP-029
TXN-001675,2025-01-21,RECEIPT,WH-IBD,PRD-0090,585,PO-2025-01367,EMP-002
TXN-001676,2025-01-21,RECEIPT,WH-LAG1,PRD-0130,70,PO-2025-01374,EMP-010
TXN-001677,2025-01-21,RECEIPT,WH-ABJ,PRD-0167,64,PO-2025-01387,EMP-033
TXN-001678,2025-01-21,RECEIPT,WH-IBD,PRD-0092,32,PO-2025-01413,EMP-037
TXN-001679,2025-01-21,RECEIPT,WH-LAG1,PRD-0147,93,PO-2025-01426,EMP-020
TXN-001680,2025-01-22,RECEIPT,WH-LAG1,PRD-0001,93,PO-2024-01233,EMP-040
TXN-001681,2025-01-22,RECEIPT,WH-LAG2,PRD-0020,114,PO-2024-01241,EMP-026
TXN-001682,2025-01-22,RECEIPT,WH-PHC,PRD-0098,168,PO-2025-01414,EMP-019
TXN-001683,2025-01-22,RECEIPT,WH-LAG2,PRD-0151,646,PO-2025-01428,EMP-036
TXN-001684,2025-01-23,RECEIPT,WH-LAG1,PRD-0050,78,PO-2025-01359,EMP-005
TXN-001685,2025-01-23,RECEIPT,WH-LAG1,PRD-0032,34,PO-2025-01397,EMP-020
TXN-001686,2025-01-23,RECEIPT,WH-PHC,PRD-0035,69,PO-2025-01399,EMP-039
TXN-001687,2025-01-23,RECEIPT,WH-LAG1,PRD-0111,141,PO-2025-01416,EMP-025
TXN-001688,2025-01-23,RECEIPT,WH-LAG2,PRD-0122,121,PO-2025-01418,EMP-021
TXN-001689,2025-01-23,RECEIPT,WH-LAG2,PRD-0051,112,PO-2025-01435,EMP-001
TXN-001690,2025-01-23,RECEIPT,WH-ABJ,PRD-0151,565,PO-2025-01460,EMP-013
TXN-001691,2025-01-23,RECEIPT,WH-ABJ,PRD-0156,173,PO-2025-01461,EMP-033
TXN-001692,2025-01-24,RECEIPT,WH-ABJ,PRD-0020,111,PO-2024-01304,EMP-028
TXN-001693,2025-01-24,RECEIPT,WH-ABJ,PRD-0063,74,PO-2025-01439,EMP-008
TXN-001694,2025-01-24,RECEIPT,WH-ABJ,PRD-0082,78,PO-2025-01447,EMP-018
TXN-001695,2025-01-24,TRANSFER_OUT,WH-LAG1,PRD-0157,-24,TRF-00055,EMP-015
TXN-001696,2025-01-24,TRANSFER_IN,WH-ABJ,PRD-0157,24,TRF-00055,EMP-013
TXN-001697,2025-01-25,RECEIPT,WH-ABJ,PRD-0064,150,PO-2024-01315,EMP-033
TXN-001698,2025-01-25,RECEIPT,WH-ABJ,PRD-0034,29,PO-2025-01356,EMP-018
TXN-001699,2025-01-25,RECEIPT,WH-PHC,PRD-0064,81,PO-2025-01407,EMP-029
TXN-001700,2025-01-25,RECEIPT,WH-PHC,PRD-0132,56,PO-2025-01421,EMP-039
TXN-001701,2025-01-25,RECEIPT,WH-LAG2,PRD-0082,88,PO-2025-01446,EMP-031
TXN-001702,2025-01-26,RECEIPT,WH-LAG1,PRD-0135,226,PO-2025-01422,EMP-015
TXN-001703,2025-01-27,RECEIPT,WH-LAG1,PRD-0100,618,PO-2025-01369,EMP-025
TXN-001704,2025-01-27,RECEIPT,WH-ABJ,PRD-0048,70,PO-2025-01404,EMP-028
TXN-001705,2025-01-27,RECEIPT,WH-PHC,PRD-0122,113,PO-2025-01419,EMP-029
TXN-001706,2025-01-27,RECEIPT,WH-LAG1,PRD-0128,143,PO-2025-01420,EMP-015
TXN-001707,2025-01-27,RECEIPT,WH-LAG1,PRD-0059,99,PO-2025-01436,EMP-010
TXN-001708,2025-01-27,RECEIPT,WH-LAG1,PRD-0079,114,PO-2025-01444,EMP-030
TXN-001709,2025-01-27,RECEIPT,WH-PHC,PRD-0079,43,PO-2025-01445,EMP-024
TXN-001710,2025-01-27,RECEIPT,WH-ABJ,PRD-0157,91,PO-2025-01462,EMP-038
TXN-001711,2025-01-27,RECEIPT,WH-LAG1,PRD-0162,81,PO-2025-01463,EMP-025
TXN-001712,2025-01-27,TRANSFER_OUT,WH-LAG2,PRD-0136,-12,TRF-00056,EMP-031
TXN-001713,2025-01-27,TRANSFER_IN,WH-IBD,PRD-0136,12,TRF-00056,EMP-037
TXN-001714,2025-01-28,RECEIPT,WH-LAG1,PRD-0047,144,PO-2025-01403,EMP-010
TXN-001715,2025-01-28,RECEIPT,WH-LAG1,PRD-0143,82,PO-2025-01456,EMP-035
TXN-001716,2025-01-29,RECEIPT,WH-PHC,PRD-0046,59,PO-2025-01402,EMP-004
TXN-001717,2025-01-29,RECEIPT,WH-IBD,PRD-0131,80,PO-2025-01455,EMP-027
TXN-001718,2025-01-29,RECEIPT,WH-PHC,PRD-0143,39,PO-2025-01457,EMP-039
TXN-001719,2025-01-30,RECEIPT,WH-ABJ,PRD-0118,226,PO-2025-01417,EMP-028
TXN-001720,2025-01-30,RECEIPT,WH-PHC,PRD-0103,78,PO-2025-01450,EMP-004
TXN-001721,2025-01-30,RECEIPT,WH-LAG2,PRD-0145,71,PO-2025-01458,EMP-026
TXN-001722,2025-01-30,RECEIPT,WH-PHC,PRD-0146,42,PO-2025-01459,EMP-004
TXN-001723,2025-01-31,RECEIPT,WH-LAG2,PRD-0033,57,PO-2025-01432,EMP-021
TXN-001724,2025-01-31,RECEIPT,WH-LAG2,PRD-0034,32,PO-2025-01433,EMP-001
TXN-001725,2025-01-31,RECEIPT,WH-PHC,PRD-0096,18,PO-2025-01449,EMP-034
TXN-001726,2025-01-31,RECEIPT,WH-LAG1,PRD-0082,203,PO-2025-01474,EMP-010
TXN-001727,2025-01-31,ADJUSTMENT,WH-LAG1,PRD-0123,-1,DAMAGE,EMP-040
TXN-001728,2025-01-31,ADJUSTMENT,WH-LAG1,PRD-0092,-1,EXPIRY,EMP-015
TXN-001729,2025-01-31,ADJUSTMENT,WH-LAG1,PRD-0086,-1,SHRINKAGE,EMP-020
TXN-001730,2025-01-31,ADJUSTMENT,WH-LAG1,PRD-0095,-2,EXPIRY,EMP-025
TXN-001731,2025-01-31,ADJUSTMENT,WH-LAG1,PRD-0057,-2,SHRINKAGE,EMP-015
TXN-001732,2025-01-31,ADJUSTMENT,WH-LAG2,PRD-0010,-1,EXPIRY,EMP-021
TXN-001733,2025-01-31,ADJUSTMENT,WH-LAG2,PRD-0015,-1,EXPIRY,EMP-016
TXN-001734,2025-01-31,ADJUSTMENT,WH-LAG2,PRD-0052,-2,DAMAGE,EMP-011
TXN-001735,2025-01-31,ADJUSTMENT,WH-IBD,PRD-0093,-1,SHRINKAGE,EMP-032
TXN-001736,2025-01-31,ADJUSTMENT,WH-IBD,PRD-0081,-1,SHRINKAGE,EMP-002
TXN-001737,2025-01-31,ADJUSTMENT,WH-IBD,PRD-0158,-1,SHRINKAGE,EMP-017
TXN-001738,2025-01-31,ADJUSTMENT,WH-IBD,PRD-0133,-1,SHRINKAGE,EMP-027
TXN-001739,2025-01-31,ADJUSTMENT,WH-IBD,PRD-0120,-2,EXPIRY,EMP-032
TXN-001740,2025-01-31,ADJUSTMENT,WH-IBD,PRD-0122,-1,DAMAGE,EMP-012
TXN-001741,2025-01-31,ADJUSTMENT,WH-IBD,PRD-0162,-2,SHRINKAGE,EMP-002
TXN-001742,2025-01-31,ADJUSTMENT,WH-IBD,PRD-0081,-1,DAMAGE,EMP-037
TXN-001743,2025-01-31,ADJUSTMENT,WH-ABJ,PRD-0038,-2,DAMAGE,EMP-038
TXN-001744,2025-01-31,ADJUSTMENT,WH-ABJ,PRD-0048,-1,DAMAGE,EMP-028
TXN-001745,2025-01-31,ADJUSTMENT,WH-ABJ,PRD-0061,-2,EXPIRY,EMP-038
TXN-001746,2025-01-31,ADJUSTMENT,WH-ABJ,PRD-0137,-1,DAMAGE,EMP-023
TXN-001747,2025-01-31,ADJUSTMENT,WH-ABJ,PRD-0043,-2,SHRINKAGE,EMP-023
TXN-001748,2025-01-31,ADJUSTMENT,WH-PHC,PRD-0162,-2,EXPIRY,EMP-014
TXN-001749,2025-01-31,ADJUSTMENT,WH-PHC,PRD-0043,-2,EXPIRY,EMP-039
TXN-001750,2025-01-31,ADJUSTMENT,WH-PHC,PRD-0109,-1,SHRINKAGE,EMP-039
TXN-001751,2025-01-31,ADJUSTMENT,WH-PHC,PRD-0049,-2,EXPIRY,EMP-019
TXN-001752,2025-01-31,ADJUSTMENT,WH-PHC,PRD-0058,-1,EXPIRY,EMP-034
TXN-001753,2025-01-31,ADJUSTMENT,WH-PHC,PRD-0024,-2,SHRINKAGE,EMP-029
TXN-001754,2025-02-01,RECEIPT,WH-PHC,PRD-0048,47,PO-2025-01358,EMP-034
TXN-001755,2025-02-01,RECEIPT,WH-LAG1,PRD-0027,32,PO-2025-01394,EMP-030
TXN-001756,2025-02-01,RECEIPT,WH-LAG1,PRD-0080,166,PO-2025-01412,EMP-025
TXN-001757,2025-02-01,RECEIPT,WH-IBD,PRD-0061,111,PO-2025-01438,EMP-017
TXN-001758,2025-02-01,RECEIPT,WH-LAG1,PRD-0093,179,PO-2025-01448,EMP-025
TXN-001759,2025-02-01,RECEIPT,WH-PHC,PRD-0075,23,PO-2025-01472,EMP-019
TXN-001760,2025-02-02,RECEIPT,WH-LAG2,PRD-0061,133,PO-2025-01437,EMP-036
TXN-001761,2025-02-02,RECEIPT,WH-PHC,PRD-0155,63,PO-2025-01485,EMP-009
TXN-001762,2025-02-02,TRANSFER_OUT,WH-LAG1,PRD-0131,-33,TRF-00057,EMP-025
TXN-001763,2025-02-02,TRANSFER_IN,WH-PHC,PRD-0131,33,TRF-00057,EMP-029
TXN-001764,2025-02-03,RECEIPT,WH-LAG1,PRD-0086,546,PO-2025-01366,EMP-040
TXN-001765,2025-02-03,RECEIPT,WH-IBD,PRD-0005,55,PO-2025-01391,EMP-027
TXN-001766,2025-02-03,RECEIPT,WH-LAG2,PRD-0006,33,PO-2025-01393,EMP-031
TXN-001767,2025-02-03,RECEIPT,WH-ABJ,PRD-0127,40,PO-2025-01454,EMP-028
TXN-001768,2025-02-03,RECEIPT,WH-LAG2,PRD-0168,37,PO-2025-01464,EMP-021
TXN-001769,2025-02-03,RECEIPT,WH-LAG1,PRD-0062,150,PO-2025-01470,EMP-015
TXN-001770,2025-02-03,RECEIPT,WH-LAG1,PRD-0127,95,PO-2025-01481,EMP-025
TXN-001771,2025-02-04,RECEIPT,WH-PHC,PRD-0070,51,PO-2025-01409,EMP-019
TXN-001772,2025-02-04,RECEIPT,WH-LAG2,PRD-0071,20,PO-2025-01441,EMP-006
TXN-001773,2025-02-04,RECEIPT,WH-LAG1,PRD-0115,161,PO-2025-01452,EMP-025
TXN-001774,2025-02-04,RECEIPT,WH-ABJ,PRD-0067,97,PO-2025-01471,EMP-008
TXN-001775,2025-02-04,RECEIPT,WH-PHC,PRD-0116,60,PO-2025-01479,EMP-004
TXN-001776,2025-02-04,RECEIPT,WH-LAG2,PRD-0127,35,PO-2025-01482,EMP-001
TXN-001777,2025-02-04,RECEIPT,WH-IBD,PRD-0143,49,PO-2025-01483,EMP-037
TXN-001778,2025-02-05,RECEIPT,WH-LAG2,PRD-0019,99,PO-2025-01353,EMP-026
TXN-001779,2025-02-05,RECEIPT,WH-IBD,PRD-0002,26,PO-2025-01390,EMP-012
TXN-001780,2025-02-05,RECEIPT,WH-LAG1,PRD-0074,177,PO-2025-01442,EMP-005
TXN-001781,2025-02-05,RECEIPT,WH-IBD,PRD-0162,60,PO-2025-01486,EMP-017
TXN-001782,2025-02-06,RECEIPT,WH-ABJ,PRD-0027,31,PO-2025-01467,EMP-028
TXN-001783,2025-02-06,RECEIPT,WH-PHC,PRD-0040,50,PO-2025-01468,EMP-024
TXN-001784,2025-02-06,RECEIPT,WH-IBD,PRD-0103,78,PO-2025-01477,EMP-032
TXN-001785,2025-02-06,RECEIPT,WH-IBD,PRD-0116,49,PO-2025-01478,EMP-037
TXN-001786,2025-02-06,RECEIPT,WH-LAG1,PRD-0067,117,PO-2025-01505,EMP-040
TXN-001787,2025-02-06,RECEIPT,WH-ABJ,PRD-0136,70,PO-2025-01523,EMP-018
TXN-001788,2025-02-07,RECEIPT,WH-PHC,PRD-0074,82,PO-2025-01443,EMP-009
TXN-001789,2025-02-08,RECEIPT,WH-LAG1,PRD-0125,561,PO-2025-01453,EMP-025
TXN-001790,2025-02-08,RECEIPT,WH-ABJ,PRD-0148,56,PO-2025-01484,EMP-003
TXN-001791,2025-02-08,RECEIPT,WH-LAG1,PRD-0035,107,PO-2025-01498,EMP-015
TXN-001792,2025-02-08,RECEIPT,WH-LAG2,PRD-0053,14,PO-2025-01503,EMP-001
TXN-001793,2025-02-08,RECEIPT,WH-LAG1,PRD-0081,166,PO-2025-01508,EMP-020
TXN-001794,2025-02-08,RECEIPT,WH-LAG1,PRD-0145,132,PO-2025-01527,EMP-035
TXN-001795,2025-02-09,RECEIPT,WH-PHC,PRD-0005,68,PO-2025-01392,EMP-034
TXN-001796,2025-02-09,RECEIPT,WH-LAG2,PRD-0064,82,PO-2025-01440,EMP-011
TXN-001797,2025-02-09,RECEIPT,WH-IBD,PRD-0107,30,PO-2025-01451,EMP-012
TXN-001798,2025-02-09,RECEIPT,WH-PHC,PRD-0167,76,PO-2025-01487,EMP-014
TXN-001799,2025-02-09,RECEIPT,WH-LAG1,PRD-0037,155,PO-2025-01499,EMP-005
TXN-001800,2025-02-09,RECEIPT,WH-PHC,PRD-0041,46,PO-2025-01501,EMP-009
TXN-001801,2025-02-09,RECEIPT,WH-IBD,PRD-0142,91,PO-2025-01525,EMP-007
TXN-001802,2025-02-09,RECEIPT,WH-LAG2,PRD-0166,145,PO-2025-01533,EMP-011
TXN-001803,2025-02-09,TRANSFER_OUT,WH-PHC,PRD-0077,-68,TRF-00058,EMP-014
TXN-001804,2025-02-09,TRANSFER_IN,WH-IBD,PRD-0077,68,TRF-00058,EMP-002
TXN-001805,2025-02-10,RECEIPT,WH-ABJ,PRD-0028,73,PO-2025-01395,EMP-008
TXN-001806,2025-02-10,RECEIPT,WH-LAG1,PRD-0005,145,PO-2025-01431,EMP-020
TXN-001807,2025-02-10,RECEIPT,WH-PHC,PRD-0120,148,PO-2025-01480,EMP-009
TXN-001808,2025-02-10,RECEIPT,WH-LAG1,PRD-0039,349,PO-2025-01500,EMP-020
TXN-001809,2025-02-10,RECEIPT,WH-PHC,PRD-0165,194,PO-2025-01532,EMP-029
TXN-001810,2025-02-11,RECEIPT,WH-ABJ,PRD-0046,76,PO-2025-01469,EMP-028
TXN-001811,2025-02-11,RECEIPT,WH-ABJ,PRD-0076,120,PO-2025-01473,EMP-023
TXN-001812,2025-02-11,RECEIPT,WH-LAG2,PRD-0045,72,PO-2025-01502,EMP-016
TXN-001813,2025-02-12,RECEIPT,WH-IBD,PRD-0048,39,PO-2025-01434,EMP-037
TXN-001814,2025-02-13,RECEIPT,WH-IBD,PRD-0096,23,PO-2025-01510,EMP-022
TXN-001815,2025-02-13,RECEIPT,WH-PHC,PRD-0101,29,PO-2025-01511,EMP-039
TXN-001816,2025-02-13,RECEIPT,WH-ABJ,PRD-0125,353,PO-2025-01518,EMP-003
TXN-001817,2025-02-13,RECEIPT,WH-LAG2,PRD-0143,51,PO-2025-01526,EMP-036
TXN-001818,2025-02-13,RECEIPT,WH-LAG1,PRD-0146,78,PO-2025-01528,EMP-025
TXN-001819,2025-02-13,TRANSFER_OUT,WH-LAG2,PRD-0113,-20,TRF-00059,EMP-011
TXN-001820,2025-02-13,TRANSFER_IN,WH-LAG1,PRD-0113,20,TRF-00059,EMP-035
TXN-001821,2025-02-14,RECEIPT,WH-PHC,PRD-0033,65,PO-2025-01497,EMP-009
TXN-001822,2025-02-14,RECEIPT,WH-ABJ,PRD-0104,40,PO-2025-01512,EMP-018
TXN-001823,2025-02-14,RECEIPT,WH-LAG2,PRD-0139,90,PO-2025-01524,EMP-031
TXN-001824,2025-02-14,RECEIPT,WH-LAG1,PRD-0165,242,PO-2025-01531,EMP-020
TXN-001825,2025-02-14,RECEIPT,WH-LAG1,PRD-0077,407,PO-2025-01548,EMP-035
TXN-001826,2025-02-15,RECEIPT,WH-PHC,PRD-0001,52,PO-2025-01465,EMP-009
TXN-001827,2025-02-15,RECEIPT,WH-PHC,PRD-0090,849,PO-2025-01475,EMP-024
TXN-001828,2025-02-15,RECEIPT,WH-IBD,PRD-0126,33,PO-2025-01519,EMP-022
TXN-001829,2025-02-15,RECEIPT,WH-ABJ,PRD-0128,114,PO-2025-01520,EMP-013
TXN-001830,2025-02-15,RECEIPT,WH-LAG2,PRD-0132,53,PO-2025-01521,EMP-036
TXN-001831,2025-02-15,RECEIPT,WH-ABJ,PRD-0154,67,PO-2025-01529,EMP-013
TXN-001832,2025-02-15,RECEIPT,WH-LAG1,PRD-0161,728,PO-2025-01530,EMP-030
TXN-001833,2025-02-15,RECEIPT,WH-LAG1,PRD-0012,82,PO-2025-01537,EMP-005
TXN-001834,2025-02-15,RECEIPT,WH-IBD,PRD-0049,41,PO-2025-01539,EMP-022
TXN-001835,2025-02-15,RECEIPT,WH-IBD,PRD-0155,36,PO-2025-01565,EMP-017
TXN-001836,2025-02-15,TRANSFER_OUT,WH-LAG1,PRD-0143,-25,TRF-00060,EMP-015
TXN-001837,2025-02-15,TRANSFER_IN,WH-ABJ,PRD-0143,25,TRF-00060,EMP-038
TXN-001838,2025-02-16,RECEIPT,WH-PHC,PRD-0100,322,PO-2025-01476,EMP-019
TXN-001839,2025-02-16,RECEIPT,WH-LAG1,PRD-0016,157,PO-2025-01492,EMP-025
TXN-001840,2025-02-16,RECEIPT,WH-LAG2,PRD-0017,55,PO-2025-01493,EMP-036
TXN-001841,2025-02-16,RECEIPT,WH-LAG1,PRD-0055,88,PO-2025-01504,EMP-030
TXN-001842,2025-02-16,RECEIPT,WH-IBD,PRD-0086,185,PO-2025-01509,EMP-007
TXN-001843,2025-02-16,RECEIPT,WH-LAG2,PRD-0135,161,PO-2025-01522,EMP-001
TXN-001844,2025-02-16,RECEIPT,WH-LAG2,PRD-0004,224,PO-2025-01534,EMP-036
TXN-001845,2025-02-17,RECEIPT,WH-PHC,PRD-0020,95,PO-2025-01495,EMP-004
TXN-001846,2025-02-17,RECEIPT,WH-IBD,PRD-0115,86,PO-2025-01514,EMP-022
TXN-001847,2025-02-17,RECEIPT,WH-LAG2,PRD-0120,101,PO-2025-01515,EMP-026
TXN-001848,2025-02-17,RECEIPT,WH-IBD,PRD-0122,91,PO-2025-01516,EMP-037
TXN-001849,2025-02-17,RECEIPT,WH-PHC,PRD-0049,36,PO-2025-01540,EMP-034
TXN-001850,2025-02-17,RECEIPT,WH-LAG1,PRD-0060,243,PO-2025-01546,EMP-035
TXN-001851,2025-02-17,RECEIPT,WH-IBD,PRD-0081,49,PO-2025-01550,EMP-007
TXN-001852,2025-02-17,RECEIPT,WH-LAG1,PRD-0151,1515,PO-2025-01563,EMP-020
TXN-001853,2025-02-17,TRANSFER_OUT,WH-LAG1,PRD-0086,-128,TRF-00061,EMP-015
TXN-001854,2025-02-17,TRANSFER_IN,WH-LAG2,PRD-0086,128,TRF-00061,EMP-026
TXN-001855,2025-02-19,RECEIPT,WH-PHC,PRD-0004,240,PO-2025-01535,EMP-014
TXN-001856,2025-02-19,RECEIPT,WH-LAG1,PRD-0126,91,PO-2025-01560,EMP-020
TXN-001857,2025-02-19,RECEIPT,WH-PHC,PRD-0156,128,PO-2025-01566,EMP-019
TXN-001858,2025-02-19,TRANSFER_OUT,WH-LAG2,PRD-0008,-11,TRF-00062,EMP-011
TXN-001859,2025-02-19,TRANSFER_IN,WH-LAG1,PRD-0008,11,TRF-00062,EMP-015
TXN-001860,2025-02-20,RECEIPT,WH-LAG1,PRD-0008,92,PO-2025-01536,EMP-035
TXN-001861,2025-02-20,RECEIPT,WH-IBD,PRD-0085,96,PO-2025-01551,EMP-007
TXN-001862,2025-02-20,RECEIPT,WH-LAG2,PRD-0109,83,PO-2025-01555,EMP-001
TXN-001863,2025-02-20,RECEIPT,WH-LAG2,PRD-0115,101,PO-2025-01556,EMP-036
TXN-001864,2025-02-21,RECEIPT,WH-ABJ,PRD-0003,27,PO-2025-01466,EMP-018
TXN-001865,2025-02-22,RECEIPT,WH-LAG1,PRD-0009,51,PO-2025-01489,EMP-030
TXN-001866,2025-02-22,RECEIPT,WH-LAG2,PRD-0009,23,PO-2025-01490,EMP-031
TXN-001867,2025-02-22,RECEIPT,WH-ABJ,PRD-0016,162,PO-2025-01538,EMP-028
TXN-001868,2025-02-22,RECEIPT,WH-IBD,PRD-0125,296,PO-2025-01559,EMP-037
TXN-001869,2025-02-22,RECEIPT,WH-PHC,PRD-0168,29,PO-2025-01569,EMP-019
TXN-001870,2025-02-22,RECEIPT,WH-IBD,PRD-0004,144,PO-2025-01570,EMP-002
TXN-001871,2025-02-22,RECEIPT,WH-IBD,PRD-0035,68,PO-2025-01574,EMP-022
TXN-001872,2025-02-23,RECEIPT,WH-IBD,PRD-0017,40,PO-2025-01494,EMP-022
TXN-001873,2025-02-23,RECEIPT,WH-LAG1,PRD-0139,128,PO-2025-01561,EMP-030
TXN-001874,2025-02-23,RECEIPT,WH-PHC,PRD-0144,67,PO-2025-01562,EMP-024
TXN-001875,2025-02-23,RECEIPT,WH-IBD,PRD-0167,59,PO-2025-01567,EMP-012
TXN-001876,2025-02-23,RECEIPT,WH-LAG1,PRD-0168,57,PO-2025-01568,EMP-030
TXN-001877,2025-02-23,RECEIPT,WH-ABJ,PRD-0011,102,PO-2025-01571,EMP-033
TXN-001878,2025-02-23,RECEIPT,WH-PHC,PRD-0058,61,PO-2025-01580,EMP-029
TXN-001879,2025-02-23,RECEIPT,WH-ABJ,PRD-0109,113,PO-2025-01590,EMP-023
TXN-001880,2025-02-24,RECEIPT,WH-LAG1,PRD-0113,144,PO-2025-01513,EMP-005
TXN-001881,2025-02-24,RECEIPT,WH-LAG1,PRD-0056,85,PO-2025-01542,EMP-035
TXN-001882,2025-02-24,RECEIPT,WH-ABJ,PRD-0120,165,PO-2025-01557,EMP-033
TXN-001883,2025-02-24,RECEIPT,WH-LAG1,PRD-0122,167,PO-2025-01558,EMP-020
TXN-001884,2025-02-24,RECEIPT,WH-LAG2,PRD-0154,49,PO-2025-01564,EMP-021
TXN-001885,2025-02-24,RECEIPT,WH-ABJ,PRD-0039,211,PO-2025-01576,EMP-008
TXN-001886,2025-02-24,RECEIPT,WH-ABJ,PRD-0054,52,PO-2025-01579,EMP-028
TXN-001887,2025-02-24,TRANSFER_OUT,WH-IBD,PRD-0021,-16,TRF-00063,EMP-027
TXN-001888,2025-02-24,TRANSFER_IN,WH-ABJ,PRD-0021,16,TRF-00063,EMP-018
TXN-001889,2025-02-25,RECEIPT,WH-PHC,PRD-0022,25,PO-2025-01572,EMP-009
TXN-001890,2025-02-25,RECEIPT,WH-ABJ,PRD-0103,107,PO-2025-01589,EMP-033
TXN-001891,2025-02-25,RECEIPT,WH-LAG2,PRD-0110,25,PO-2025-01591,EMP-016
TXN-001892,2025-02-25,RECEIPT,WH-LAG2,PRD-0141,61,PO-2025-01596,EMP-021
TXN-001893,2025-02-25,RECEIPT,WH-PHC,PRD-0163,70,PO-2025-01599,EMP-014
TXN-001894,2025-02-26,RECEIPT,WH-LAG2,PRD-0057,152,PO-2025-01543,EMP-036
TXN-001895,2025-02-26,RECEIPT,WH-ABJ,PRD-0083,159,PO-2025-01586,EMP-013
TXN-001896,2025-02-26,RECEIPT,WH-LAG2,PRD-0128,65,PO-2025-01595,EMP-006
TXN-001897,2025-02-26,TRANSFER_OUT,WH-ABJ,PRD-0046,-18,TRF-00064,EMP-038
TXN-001898,2025-02-26,TRANSFER_IN,WH-LAG2,PRD-0046,18,TRF-00064,EMP-021
TXN-001899,2025-02-27,RECEIPT,WH-IBD,PRD-0055,63,PO-2025-01541,EMP-037
TXN-001900,2025-02-27,RECEIPT,WH-LAG1,PRD-0076,178,PO-2025-01547,EMP-025
TXN-001901,2025-02-27,RECEIPT,WH-ABJ,PRD-0035,99,PO-2025-01575,EMP-038
TXN-001902,2025-02-27,RECEIPT,WH-LAG1,PRD-0073,41,PO-2025-01583,EMP-040
TXN-001903,2025-02-27,RECEIPT,WH-ABJ,PRD-0119,24,PO-2025-01592,EMP-003
TXN-001904,2025-02-27,RECEIPT,WH-PHC,PRD-0084,83,PO-2025-01611,EMP-039
TXN-001905,2025-02-28,RECEIPT,WH-LAG1,PRD-0010,29,PO-2025-01491,EMP-025
TXN-001906,2025-02-28,RECEIPT,WH-LAG1,PRD-0023,124,PO-2025-01496,EMP-010
TXN-001907,2025-02-28,RECEIPT,WH-LAG2,PRD-0072,44,PO-2025-01507,EMP-026
TXN-001908,2025-02-28,RECEIPT,WH-LAG1,PRD-0124,85,PO-2025-01517,EMP-030
TXN-001909,2025-02-28,RECEIPT,WH-LAG2,PRD-0058,42,PO-2025-01607,EMP-001
TXN-001910,2025-02-28,TRANSFER_OUT,WH-ABJ,PRD-0152,-14,TRF-00065,EMP-013
TXN-001911,2025-02-28,TRANSFER_IN,WH-IBD,PRD-0152,14,TRF-00065,EMP-032
TXN-001912,2025-02-28,ADJUSTMENT,WH-LAG1,PRD-0158,-2,EXPIRY,EMP-005
TXN-001913,2025-02-28,ADJUSTMENT,WH-LAG1,PRD-0041,-2,DAMAGE,EMP-030
TXN-001914,2025-02-28,ADJUSTMENT,WH-LAG1,PRD-0106,-1,DAMAGE,EMP-010
TXN-001915,2025-02-28,ADJUSTMENT,WH-LAG1,PRD-0167,-1,EXPIRY,EMP-010
TXN-001916,2025-02-28,ADJUSTMENT,WH-LAG1,PRD-0033,-1,SHRINKAGE,EMP-040
TXN-001917,2025-02-28,ADJUSTMENT,WH-LAG1,PRD-0044,-2,EXPIRY,EMP-020
TXN-001918,2025-02-28,ADJUSTMENT,WH-LAG2,PRD-0057,-3,DAMAGE,EMP-031
TXN-001919,2025-02-28,ADJUSTMENT,WH-LAG2,PRD-0002,-1,SHRINKAGE,EMP-026
TXN-001920,2025-02-28,ADJUSTMENT,WH-LAG2,PRD-0050,-2,EXPIRY,EMP-036
TXN-001921,2025-02-28,ADJUSTMENT,WH-LAG2,PRD-0021,-2,DAMAGE,EMP-026
TXN-001922,2025-02-28,ADJUSTMENT,WH-LAG2,PRD-0052,-1,SHRINKAGE,EMP-026
TXN-001923,2025-02-28,ADJUSTMENT,WH-LAG2,PRD-0156,-2,DAMAGE,EMP-036
TXN-001924,2025-02-28,ADJUSTMENT,WH-LAG2,PRD-0113,-2,SHRINKAGE,EMP-001
TXN-001925,2025-02-28,ADJUSTMENT,WH-LAG2,PRD-0108,-1,EXPIRY,EMP-026
TXN-001926,2025-02-28,ADJUSTMENT,WH-LAG2,PRD-0147,-2,SHRINKAGE,EMP-011
TXN-001927,2025-02-28,ADJUSTMENT,WH-IBD,PRD-0044,-1,EXPIRY,EMP-007
TXN-001928,2025-02-28,ADJUSTMENT,WH-IBD,PRD-0102,-2,EXPIRY,EMP-027
TXN-001929,2025-02-28,ADJUSTMENT,WH-IBD,PRD-0089,-1,EXPIRY,EMP-032
TXN-001930,2025-02-28,ADJUSTMENT,WH-IBD,PRD-0093,-1,SHRINKAGE,EMP-007
TXN-001931,2025-02-28,ADJUSTMENT,WH-ABJ,PRD-0077,-3,SHRINKAGE,EMP-033
TXN-001932,2025-02-28,ADJUSTMENT,WH-ABJ,PRD-0058,-1,SHRINKAGE,EMP-038
TXN-001933,2025-02-28,ADJUSTMENT,WH-ABJ,PRD-0164,-2,DAMAGE,EMP-013
TXN-001934,2025-02-28,ADJUSTMENT,WH-ABJ,PRD-0124,-2,SHRINKAGE,EMP-033
TXN-001935,2025-02-28,ADJUSTMENT,WH-ABJ,PRD-0139,-2,DAMAGE,EMP-018
TXN-001936,2025-02-28,ADJUSTMENT,WH-PHC,PRD-0045,-2,SHRINKAGE,EMP-014
TXN-001937,2025-02-28,ADJUSTMENT,WH-PHC,PRD-0145,-2,DAMAGE,EMP-014
TXN-001938,2025-02-28,ADJUSTMENT,WH-PHC,PRD-0001,-1,EXPIRY,EMP-009
TXN-001939,2025-02-28,ADJUSTMENT,WH-PHC,PRD-0163,-1,EXPIRY,EMP-019
TXN-001940,2025-02-28,ADJUSTMENT,WH-PHC,PRD-0068,-3,EXPIRY,EMP-024
TXN-001941,2025-02-28,ADJUSTMENT,WH-PHC,PRD-0068,-3,DAMAGE,EMP-014
TXN-001942,2025-02-28,ADJUSTMENT,WH-PHC,PRD-0010,-1,SHRINKAGE,EMP-004
TXN-001943,2025-02-28,ADJUSTMENT,WH-PHC,PRD-0158,-2,DAMAGE,EMP-009
TXN-001944,2025-02-28,ADJUSTMENT,WH-PHC,PRD-0150,-2,SHRINKAGE,EMP-009
TXN-001945,2025-03-01,RECEIPT,WH-LAG1,PRD-0141,93,PO-2025-01629,EMP-035
TXN-001946,2025-03-01,RECEIPT,WH-PHC,PRD-0162,47,PO-2025-01633,EMP-024
TXN-001947,2025-03-02,RECEIPT,WH-LAG1,PRD-0107,44,PO-2025-01554,EMP-005
TXN-001948,2025-03-02,RECEIPT,WH-LAG2,PRD-0150,76,PO-2025-01597,EMP-021
TXN-001949,2025-03-02,RECEIPT,WH-ABJ,PRD-0161,468,PO-2025-01598,EMP-023
TXN-001950,2025-03-03,RECEIPT,WH-PHC,PRD-0071,17,PO-2025-01506,EMP-014
TXN-001951,2025-03-03,RECEIPT,WH-IBD,PRD-0057,186,PO-2025-01544,EMP-017
TXN-001952,2025-03-03,RECEIPT,WH-PHC,PRD-0076,66,PO-2025-01584,EMP-014
TXN-001953,2025-03-03,RECEIPT,WH-ABJ,PRD-0090,1204,PO-2025-01587,EMP-033
TXN-001954,2025-03-03,RECEIPT,WH-LAG2,PRD-0148,47,PO-2025-01631,EMP-031
TXN-001955,2025-03-04,RECEIPT,WH-PHC,PRD-0102,76,PO-2025-01553,EMP-039
TXN-001956,2025-03-04,RECEIPT,WH-ABJ,PRD-0131,106,PO-2025-01626,EMP-003
TXN-001957,2025-03-04,RECEIPT,WH-LAG2,PRD-0142,88,PO-2025-01630,EMP-011
TXN-001958,2025-03-05,RECEIPT,WH-LAG2,PRD-0005,52,PO-2025-01488,EMP-031
TXN-001959,2025-03-05,RECEIPT,WH-ABJ,PRD-0105,35,PO-2025-01615,EMP-033
TXN-001960,2025-03-05,RECEIPT,WH-LAG2,PRD-0131,84,PO-2025-01625,EMP-026
TXN-001961,2025-03-05,TRANSFER_OUT,WH-LAG1,PRD-0077,-116,TRF-00066,EMP-025
TXN-001962,2025-03-05,TRANSFER_IN,WH-LAG2,PRD-0077,116,TRF-00066,EMP-031
TXN-001963,2025-03-06,RECEIPT,WH-LAG2,PRD-0026,45,PO-2025-01573,EMP-016
TXN-001964,2025-03-06,RECEIPT,WH-LAG1,PRD-0119,30,PO-2025-01620,EMP-025
TXN-001965,2025-03-06,RECEIPT,WH-IBD,PRD-0120,142,PO-2025-01621,EMP-037
TXN-001966,2025-03-06,RECEIPT,WH-IBD,PRD-0031,102,PO-2025-01641,EMP-027
TXN-001967,2025-03-06,RECEIPT,WH-LAG1,PRD-0067,134,PO-2025-01643,EMP-035
TXN-001968,2025-03-06,RECEIPT,WH-PHC,PRD-0069,20,PO-2025-01646,EMP-014
TXN-001969,2025-03-06,TRANSFER_OUT,WH-LAG1,PRD-0070,-21,TRF-00067,EMP-030
TXN-001970,2025-03-06,TRANSFER_IN,WH-ABJ,PRD-0070,21,TRF-00067,EMP-013
TXN-001971,2025-03-07,RECEIPT,WH-ABJ,PRD-0061,132,PO-2025-01609,EMP-008
TXN-001972,2025-03-07,RECEIPT,WH-PHC,PRD-0126,54,PO-2025-01623,EMP-019
TXN-001973,2025-03-07,RECEIPT,WH-LAG2,PRD-0161,391,PO-2025-01632,EMP-011
TXN-001974,2025-03-08,RECEIPT,WH-LAG2,PRD-0121,143,PO-2025-01593,EMP-021
TXN-001975,2025-03-08,RECEIPT,WH-LAG1,PRD-0134,61,PO-2025-01627,EMP-025
TXN-001976,2025-03-08,RECEIPT,WH-ABJ,PRD-0134,51,PO-2025-01628,EMP-013
TXN-001977,2025-03-08,RECEIPT,WH-IBD,PRD-0069,21,PO-2025-01645,EMP-012
TXN-001978,2025-03-09,RECEIPT,WH-IBD,PRD-0123,82,PO-2025-01594,EMP-037
TXN-001979,2025-03-09,RECEIPT,WH-ABJ,PRD-0037,137,PO-2025-01604,EMP-008
TXN-001980,2025-03-09,RECEIPT,WH-IBD,PRD-0128,63,PO-2025-01624,EMP-022
TXN-001981,2025-03-09,RECEIPT,WH-ABJ,PRD-0068,178,PO-2025-01644,EMP-033
TXN-001982,2025-03-09,RECEIPT,WH-LAG1,PRD-0083,249,PO-2025-01650,EMP-020
TXN-001983,2025-03-09,RECEIPT,WH-IBD,PRD-0170,60,PO-2025-01663,EMP-022
TXN-001984,2025-03-10,RECEIPT,WH-LAG2,PRD-0086,263,PO-2025-01552,EMP-001
TXN-001985,2025-03-10,RECEIPT,WH-LAG2,PRD-0102,73,PO-2025-01588,EMP-021
TXN-001986,2025-03-10,RECEIPT,WH-LAG2,PRD-0010,24,PO-2025-01600,EMP-031
TXN-001987,2025-03-10,RECEIPT,WH-PHC,PRD-0014,17,PO-2025-01601,EMP-029
TXN-001988,2025-03-10,RECEIPT,WH-LAG2,PRD-0041,51,PO-2025-01605,EMP-011
TXN-001989,2025-03-10,RECEIPT,WH-IBD,PRD-0090,566,PO-2025-01613,EMP-017
TXN-001990,2025-03-10,RECEIPT,WH-IBD,PRD-0098,157,PO-2025-01614,EMP-037
TXN-001991,2025-03-10,RECEIPT,WH-LAG1,PRD-0108,252,PO-2025-01617,EMP-035
TXN-001992,2025-03-10,RECEIPT,WH-LAG1,PRD-0117,108,PO-2025-01619,EMP-010
TXN-001993,2025-03-10,RECEIPT,WH-LAG2,PRD-0081,82,PO-2025-01649,EMP-006
TXN-001994,2025-03-10,TRANSFER_OUT,WH-LAG2,PRD-0004,-67,TRF-00068,EMP-006
TXN-001995,2025-03-10,TRANSFER_IN,WH-ABJ,PRD-0004,67,TRF-00068,EMP-013
TXN-001996,2025-03-12,RECEIPT,WH-ABJ,PRD-0057,164,PO-2025-01545,EMP-018
TXN-001997,2025-03-12,RECEIPT,WH-ABJ,PRD-0080,89,PO-2025-01549,EMP-008
TXN-001998,2025-03-12,RECEIPT,WH-LAG1,PRD-0066,10,PO-2025-01581,EMP-035
TXN-001999,2025-03-12,RECEIPT,WH-PHC,PRD-0107,24,PO-2025-01616,EMP-029
TXN-002000,2025-03-12,RECEIPT,WH-ABJ,PRD-0007,120,PO-2025-01636,EMP-023
TXN-002001,2025-03-12,RECEIPT,WH-IBD,PRD-0029,35,PO-2025-01640,EMP-032
TXN-002002,2025-03-12,RECEIPT,WH-LAG2,PRD-0144,58,PO-2025-01659,EMP-001
TXN-002003,2025-03-13,RECEIPT,WH-ABJ,PRD-0078,100,PO-2025-01610,EMP-028
TXN-002004,2025-03-13,RECEIPT,WH-LAG2,PRD-0002,28,PO-2025-01634,EMP-006
TXN-002005,2025-03-13,RECEIPT,WH-IBD,PRD-0052,16,PO-2025-01642,EMP-007
TXN-002006,2025-03-13,RECEIPT,WH-LAG2,PRD-0156,157,PO-2025-01662,EMP-036
TXN-002007,2025-03-13,RECEIPT,WH-ABJ,PRD-0004,206,PO-2025-01664,EMP-023
TXN-002008,2025-03-13,RECEIPT,WH-PHC,PRD-0069,22,PO-2025-01676,EMP-034
TXN-002009,2025-03-13,TRANSFER_OUT,WH-LAG2,PRD-0086,-85,TRF-00069,EMP-001
TXN-002010,2025-03-13,TRANSFER_IN,WH-PHC,PRD-0086,85,TRF-00069,EMP-014
TXN-002011,2025-03-14,RECEIPT,WH-LAG1,PRD-0019,108,PO-2025-01602,EMP-025
TXN-002012,2025-03-14,RECEIPT,WH-LAG2,PRD-0090,828,PO-2025-01612,EMP-026
TXN-002013,2025-03-14,RECEIPT,WH-LAG1,PRD-0123,132,PO-2025-01622,EMP-005
TXN-002014,2025-03-14,RECEIPT,WH-ABJ,PRD-0074,84,PO-2025-01648,EMP-018
TXN-002015,2025-03-14,RECEIPT,WH-PHC,PRD-0129,18,PO-2025-01656,EMP-014
TXN-002016,2025-03-14,RECEIPT,WH-ABJ,PRD-0142,191,PO-2025-01658,EMP-028
TXN-002017,2025-03-14,RECEIPT,WH-IBD,PRD-0150,48,PO-2025-01660,EMP-017
TXN-002018,2025-03-14,RECEIPT,WH-PHC,PRD-0157,74,PO-2025-01691,EMP-039
TXN-002019,2025-03-15,RECEIPT,WH-PHC,PRD-0113,115,PO-2025-01618,EMP-039
TXN-002020,2025-03-15,RECEIPT,WH-IBD,PRD-0003,21,PO-2025-01635,EMP-012
TXN-002021,2025-03-15,RECEIPT,WH-IBD,PRD-0093,101,PO-2025-01654,EMP-037
TXN-002022,2025-03-15,RECEIPT,WH-LAG1,PRD-0011,205,PO-2025-01666,EMP-005
TXN-002023,2025-03-15,RECEIPT,WH-IBD,PRD-0011,95,PO-2025-01667,EMP-032
TXN-002024,2025-03-16,RECEIPT,WH-LAG2,PRD-0046,57,PO-2025-01577,EMP-006
TXN-002025,2025-03-16,RECEIPT,WH-IBD,PRD-0050,43,PO-2025-01578,EMP-012
TXN-002026,2025-03-16,RECEIPT,WH-PHC,PRD-0078,72,PO-2025-01585,EMP-029
TXN-002027,2025-03-16,RECEIPT,WH-ABJ,PRD-0025,53,PO-2025-01603,EMP-018
TXN-002028,2025-03-16,RECEIPT,WH-PHC,PRD-0011,90,PO-2025-01668,EMP-024
TXN-002029,2025-03-16,RECEIPT,WH-ABJ,PRD-0081,63,PO-2025-01677,EMP-003
TXN-002030,2025-03-16,RECEIPT,WH-PHC,PRD-0127,33,PO-2025-01684,EMP-004
TXN-002031,2025-03-16,RECEIPT,WH-IBD,PRD-0147,51,PO-2025-01689,EMP-012
TXN-002032,2025-03-17,RECEIPT,WH-ABJ,PRD-0070,51,PO-2025-01582,EMP-013
TXN-002033,2025-03-17,RECEIPT,WH-LAG1,PRD-0052,31,PO-2025-01606,EMP-035
TXN-002034,2025-03-17,RECEIPT,WH-IBD,PRD-0135,162,PO-2025-01657,EMP-032
TXN-002035,2025-03-17,RECEIPT,WH-LAG1,PRD-0030,34,PO-2025-01671,EMP-015
TXN-002036,2025-03-17,RECEIPT,WH-ABJ,PRD-0116,65,PO-2025-01680,EMP-028
TXN-002037,2025-03-17,TRANSFER_OUT,WH-ABJ,PRD-0054,-14,TRF-00070,EMP-013
TXN-002038,2025-03-17,TRANSFER_IN,WH-LAG2,PRD-0054,14,TRF-00070,EMP-036
TXN-002039,2025-03-18,RECEIPT,WH-LAG2,PRD-0039,112,PO-2025-01673,EMP-011
TXN-002040,2025-03-18,RECEIPT,WH-LAG1,PRD-0131,143,PO-2025-01686,EMP-030
TXN-002041,2025-03-18,RECEIPT,WH-ABJ,PRD-0135,201,PO-2025-01687,EMP-033
TXN-002042,2025-03-19,RECEIPT,WH-PHC,PRD-0091,76,PO-2025-01653,EMP-014
TXN-002043,2025-03-19,RECEIPT,WH-IBD,PRD-0153,161,PO-2025-01661,EMP-007
TXN-002044,2025-03-19,RECEIPT,WH-LAG1,PRD-0097,52,PO-2025-01678,EMP-005
TXN-002045,2025-03-19,RECEIPT,WH-ABJ,PRD-0150,82,PO-2025-01690,EMP-038
TXN-002046,2025-03-19,TRANSFER_OUT,WH-LAG1,PRD-0130,-16,TRF-00071,EMP-020
TXN-002047,2025-03-19,TRANSFER_IN,WH-IBD,PRD-0130,16,TRF-00071,EMP-012
TXN-002048,2025-03-20,RECEIPT,WH-ABJ,PRD-0008,57,PO-2025-01665,EMP-008
TXN-002049,2025-03-20,RECEIPT,WH-PHC,PRD-0049,52,PO-2025-01708,EMP-014
TXN-002050,2025-03-20,TRANSFER_OUT,WH-LAG1,PRD-0008,-27,TRF-00072,EMP-005
TXN-002051,2025-03-20,TRANSFER_IN,WH-LAG2,PRD-0008,27,TRF-00072,EMP-036
TXN-002052,2025-03-21,RECEIPT,WH-LAG1,PRD-0034,40,PO-2025-01672,EMP-010
TXN-002053,2025-03-21,RECEIPT,WH-LAG2,PRD-0012,48,PO-2025-01696,EMP-011
TXN-002054,2025-03-21,RECEIPT,WH-ABJ,PRD-0043,74,PO-2025-01704,EMP-038
TXN-002055,2025-03-22,RECEIPT,WH-LAG1,PRD-0061,207,PO-2025-01608,EMP-030
TXN-002056,2025-03-22,RECEIPT,WH-ABJ,PRD-0023,112,PO-2025-01670,EMP-023
TXN-002057,2025-03-22,RECEIPT,WH-ABJ,PRD-0144,77,PO-2025-01688,EMP-033
TXN-002058,2025-03-22,RECEIPT,WH-ABJ,PRD-0160,280,PO-2025-01693,EMP-013
TXN-002059,2025-03-22,RECEIPT,WH-IBD,PRD-0018,96,PO-2025-01698,EMP-022
TXN-002060,2025-03-22,RECEIPT,WH-LAG2,PRD-0060,122,PO-2025-01710,EMP-021
TXN-002061,2025-03-22,RECEIPT,WH-LAG1,PRD-0084,185,PO-2025-01714,EMP-020
TXN-002062,2025-03-22,RECEIPT,WH-PHC,PRD-0146,45,PO-2025-01732,EMP-019
TXN-002063,2025-03-23,RECEIPT,WH-IBD,PRD-0091,63,PO-2025-01652,EMP-002
TXN-002064,2025-03-23,RECEIPT,WH-IBD,PRD-0121,113,PO-2025-01655,EMP-017
TXN-002065,2025-03-23,RECEIPT,WH-ABJ,PRD-0108,200,PO-2025-01679,EMP-018
TXN-002066,2025-03-23,RECEIPT,WH-ABJ,PRD-0129,22,PO-2025-01685,EMP-033
TXN-002067,2025-03-23,RECEIPT,WH-IBD,PRD-0160,188,PO-2025-01692,EMP-032
TXN-002068,2025-03-23,TRANSFER_OUT,WH-LAG1,PRD-0162,-15,TRF-00073,EMP-015
TXN-002069,2025-03-23,TRANSFER_IN,WH-LAG2,PRD-0162,15,TRF-00073,EMP-031
TXN-002070,2025-03-24,RECEIPT,WH-LAG2,PRD-0074,71,PO-2025-01647,EMP-016
TXN-002071,2025-03-24,RECEIPT,WH-ABJ,PRD-0066,9,PO-2025-01675,EMP-003
TXN-002072,2025-03-24,RECEIPT,WH-LAG1,PRD-0120,239,PO-2025-01683,EMP-010
TXN-002073,2025-03-24,RECEIPT,WH-LAG1,PRD-0004,502,PO-2025-01695,EMP-005
TXN-002074,2025-03-24,RECEIPT,WH-LAG1,PRD-0051,171,PO-2025-01709,EMP-035
TXN-002075,2025-03-24,RECEIPT,WH-PHC,PRD-0150,73,PO-2025-01733,EMP-009
TXN-002076,2025-03-24,RECEIPT,WH-LAG2,PRD-0155,60,PO-2025-01734,EMP-036
TXN-002077,2025-03-25,RECEIPT,WH-LAG1,PRD-0028,106,PO-2025-01639,EMP-040
TXN-002078,2025-03-25,RECEIPT,WH-LAG2,PRD-0085,85,PO-2025-01651,EMP-021
TXN-002079,2025-03-25,TRANSFER_OUT,WH-PHC,PRD-0113,-32,TRF-00074,EMP-029
TXN-002080,2025-03-25,TRANSFER_IN,WH-ABJ,PRD-0113,32,TRF-00074,EMP-008
TXN-002081,2025-03-26,TRANSFER_OUT,WH-LAG1,PRD-0009,-14,TRF-00075,EMP-010
TXN-002082,2025-03-26,TRANSFER_IN,WH-IBD,PRD-0009,14,TRF-00075,EMP-022
TXN-002083,2025-03-27,RECEIPT,WH-ABJ,PRD-0049,51,PO-2025-01707,EMP-008
TXN-002084,2025-03-27,RECEIPT,WH-IBD,PRD-0101,27,PO-2025-01722,EMP-002
TXN-002085,2025-03-27,RECEIPT,WH-LAG1,PRD-0109,113,PO-2025-01725,EMP-030
TXN-002086,2025-03-27,RECEIPT,WH-PHC,PRD-0110,32,PO-2025-01726,EMP-024
TXN-002087,2025-03-27,RECEIPT,WH-IBD,PRD-0145,90,PO-2025-01731,EMP-012
TXN-002088,2025-03-27,RECEIPT,WH-LAG1,PRD-0167,113,PO-2025-01736,EMP-010
TXN-002089,2025-03-27,RECEIPT,WH-ABJ,PRD-0031,87,PO-2025-01745,EMP-028
TXN-002090,2025-03-27,RECEIPT,WH-LAG2,PRD-0157,52,PO-2025-01773,EMP-016
TXN-002091,2025-03-27,TRANSFER_OUT,WH-LAG1,PRD-0033,-16,TRF-00076,EMP-025
TXN-002092,2025-03-27,TRANSFER_IN,WH-IBD,PRD-0033,16,TRF-00076,EMP-012
TXN-002093,2025-03-28,RECEIPT,WH-LAG1,PRD-0118,228,PO-2025-01681,EMP-010
TXN-002094,2025-03-28,RECEIPT,WH-LAG2,PRD-0118,155,PO-2025-01682,EMP-011
TXN-002095,2025-03-28,RECEIPT,WH-PHC,PRD-0037,115,PO-2025-01702,EMP-034
TXN-002096,2025-03-28,RECEIPT,WH-LAG2,PRD-0084,104,PO-2025-01756,EMP-011
TXN-002097,2025-03-28,RECEIPT,WH-LAG1,PRD-0145,182,PO-2025-01767,EMP-005
TXN-002098,2025-03-28,RECEIPT,WH-LAG1,PRD-0158,52,PO-2025-01774,EMP-015
TXN-002099,2025-03-29,RECEIPT,WH-IBD,PRD-0161,324,PO-2025-01735,EMP-022
TXN-002100,2025-03-29,RECEIPT,WH-IBD,PRD-0082,76,PO-2025-01755,EMP-002
TXN-002101,2025-03-29,RECEIPT,WH-PHC,PRD-0166,144,PO-2025-01778,EMP-004
TXN-002102,2025-03-30,RECEIPT,WH-ABJ,PRD-0026,53,PO-2025-01638,EMP-028
TXN-002103,2025-03-30,RECEIPT,WH-PHC,PRD-0041,68,PO-2025-01703,EMP-039
TXN-002104,2025-03-31,RECEIPT,WH-LAG2,PRD-0024,42,PO-2025-01637,EMP-021
TXN-002105,2025-03-31,RECEIPT,WH-PHC,PRD-0013,23,PO-2025-01697,EMP-029
TXN-002106,2025-03-31,RECEIPT,WH-PHC,PRD-0093,124,PO-2025-01719,EMP-024
TXN-002107,2025-03-31,RECEIPT,WH-PHC,PRD-0007,63,PO-2025-01739,EMP-014
TXN-002108,2025-03-31,RECEIPT,WH-ABJ,PRD-0030,22,PO-2025-01744,EMP-008
TXN-002109,2025-03-31,RECEIPT,WH-LAG1,PRD-0143,72,PO-2025-01766,EMP-035
TXN-002110,2025-03-31,RECEIPT,WH-LAG2,PRD-0165,182,PO-2025-01777,EMP-021
TXN-002111,2025-03-31,ADJUSTMENT,WH-LAG1,PRD-0074,-3,SHRINKAGE,EMP-005
TXN-002112,2025-03-31,ADJUSTMENT,WH-LAG1,PRD-0061,-2,SHRINKAGE,EMP-020
TXN-002113,2025-03-31,ADJUSTMENT,WH-LAG1,PRD-0112,-2,EXPIRY,EMP-040
TXN-002114,2025-03-31,ADJUSTMENT,WH-LAG1,PRD-0135,-3,SHRINKAGE,EMP-025
TXN-002115,2025-03-31,ADJUSTMENT,WH-LAG1,PRD-0044,-1,DAMAGE,EMP-005
TXN-002116,2025-03-31,ADJUSTMENT,WH-LAG2,PRD-0029,-2,EXPIRY,EMP-016
TXN-002117,2025-03-31,ADJUSTMENT,WH-LAG2,PRD-0049,-2,EXPIRY,EMP-026
TXN-002118,2025-03-31,ADJUSTMENT,WH-LAG2,PRD-0148,-1,EXPIRY,EMP-026
TXN-002119,2025-03-31,ADJUSTMENT,WH-LAG2,PRD-0123,-1,SHRINKAGE,EMP-011
TXN-002120,2025-03-31,ADJUSTMENT,WH-IBD,PRD-0084,-2,EXPIRY,EMP-022
TXN-002121,2025-03-31,ADJUSTMENT,WH-IBD,PRD-0057,-1,DAMAGE,EMP-002
TXN-002122,2025-03-31,ADJUSTMENT,WH-IBD,PRD-0074,-2,SHRINKAGE,EMP-032
TXN-002123,2025-03-31,ADJUSTMENT,WH-IBD,PRD-0046,-1,DAMAGE,EMP-012
TXN-002124,2025-03-31,ADJUSTMENT,WH-ABJ,PRD-0155,-1,SHRINKAGE,EMP-038
TXN-002125,2025-03-31,ADJUSTMENT,WH-ABJ,PRD-0112,-2,EXPIRY,EMP-028
TXN-002126,2025-03-31,ADJUSTMENT,WH-ABJ,PRD-0166,-2,EXPIRY,EMP-003
TXN-002127,2025-03-31,ADJUSTMENT,WH-ABJ,PRD-0003,-2,DAMAGE,EMP-013
TXN-002128,2025-03-31,ADJUSTMENT,WH-ABJ,PRD-0129,-2,SHRINKAGE,EMP-018
TXN-002129,2025-03-31,ADJUSTMENT,WH-ABJ,PRD-0151,-11,DAMAGE,EMP-038
TXN-002130,2025-03-31,ADJUSTMENT,WH-ABJ,PRD-0152,-1,SHRINKAGE,EMP-013
TXN-002131,2025-03-31,ADJUSTMENT,WH-ABJ,PRD-0036,-1,DAMAGE,EMP-023
TXN-002132,2025-03-31,ADJUSTMENT,WH-PHC,PRD-0016,-2,EXPIRY,EMP-024
TXN-002133,2025-03-31,ADJUSTMENT,WH-PHC,PRD-0139,-1,SHRINKAGE,EMP-034
TXN-002134,2025-03-31,ADJUSTMENT,WH-PHC,PRD-0071,-1,EXPIRY,EMP-029
TXN-002135,2025-03-31,ADJUSTMENT,WH-PHC,PRD-0004,-4,DAMAGE,EMP-014
TXN-002136,2025-03-31,ADJUSTMENT,WH-PHC,PRD-0004,-1,EXPIRY,EMP-009
TXN-002137,2025-04-01,RECEIPT,WH-LAG2,PRD-0106,22,PO-2025-01723,EMP-031
TXN-002138,2025-04-01,RECEIPT,WH-PHC,PRD-0119,24,PO-2025-01728,EMP-014
TXN-002139,2025-04-02,RECEIPT,WH-ABJ,PRD-0050,58,PO-2025-01674,EMP-038
TXN-002140,2025-04-02,RECEIPT,WH-IBD,PRD-0026,44,PO-2025-01700,EMP-002
TXN-002141,2025-04-02,RECEIPT,WH-LAG1,PRD-0007,142,PO-2025-01738,EMP-005
TXN-002142,2025-04-02,RECEIPT,WH-LAG1,PRD-0045,91,PO-2025-01748,EMP-015
TXN-002143,2025-04-02,RECEIPT,WH-ABJ,PRD-0101,30,PO-2025-01759,EMP-013
TXN-002144,2025-04-02,RECEIPT,WH-LAG2,PRD-0103,58,PO-2025-01760,EMP-016
TXN-002145,2025-04-02,RECEIPT,WH-PHC,PRD-0131,116,PO-2025-01764,EMP-014
TXN-002146,2025-04-02,RECEIPT,WH-LAG2,PRD-0145,85,PO-2025-01768,EMP-036
TXN-002147,2025-04-02,TRANSFER_OUT,WH-LAG1,PRD-0007,-51,TRF-00077,EMP-035
TXN-002148,2025-04-02,TRANSFER_IN,WH-IBD,PRD-0007,51,TRF-00077,EMP-007
TXN-002149,2025-04-03,RECEIPT,WH-LAG1,PRD-0003,34,PO-2025-01694,EMP-015
TXN-002150,2025-04-03,RECEIPT,WH-LAG1,PRD-0025,104,PO-2025-01699,EMP-010
TXN-002151,2025-04-03,RECEIPT,WH-LAG1,PRD-0086,466,PO-2025-01716,EMP-020
TXN-002152,2025-04-03,RECEIPT,WH-LAG2,PRD-0107,30,PO-2025-01724,EMP-036
TXN-002153,2025-04-03,RECEIPT,WH-ABJ,PRD-0121,223,PO-2025-01729,EMP-008
TXN-002154,2025-04-03,RECEIPT,WH-PHC,PRD-0029,36,PO-2025-01743,EMP-019
TXN-002155,2025-04-03,RECEIPT,WH-IBD,PRD-0148,47,PO-2025-01769,EMP-027
TXN-002156,2025-04-03,RECEIPT,WH-PHC,PRD-0081,55,PO-2025-01797,EMP-004
TXN-002157,2025-04-04,RECEIPT,WH-IBD,PRD-0033,65,PO-2025-01701,EMP-012
TXN-002158,2025-04-04,RECEIPT,WH-LAG1,PRD-0091,157,PO-2025-01718,EMP-030
TXN-002159,2025-04-04,RECEIPT,WH-ABJ,PRD-0100,306,PO-2025-01721,EMP-013
TXN-002160,2025-04-04,RECEIPT,WH-ABJ,PRD-0113,114,PO-2025-01727,EMP-038
TXN-002161,2025-04-04,RECEIPT,WH-PHC,PRD-0121,139,PO-2025-01730,EMP-034
TXN-002162,2025-04-04,RECEIPT,WH-ABJ,PRD-0053,20,PO-2025-01790,EMP-013
TXN-002163,2025-04-04,RECEIPT,WH-ABJ,PRD-0060,128,PO-2025-01792,EMP-028
TXN-002164,2025-04-04,RECEIPT,WH-IBD,PRD-0079,58,PO-2025-01796,EMP-032
TXN-002165,2025-04-04,RECEIPT,WH-ABJ,PRD-0084,117,PO-2025-01798,EMP-003
TXN-002166,2025-04-05,RECEIPT,WH-ABJ,PRD-0017,62,PO-2025-01669,EMP-008
TXN-002167,2025-04-05,RECEIPT,WH-PHC,PRD-0085,102,PO-2025-01715,EMP-039
TXN-002168,2025-04-05,RECEIPT,WH-LAG1,PRD-0150,111,PO-2025-01772,EMP-015
TXN-002169,2025-04-05,RECEIPT,WH-ABJ,PRD-0163,76,PO-2025-01776,EMP-038
TXN-002170,2025-04-05,RECEIPT,WH-LAG1,PRD-0137,128,PO-2025-01808,EMP-035
TXN-002171,2025-04-05,RECEIPT,WH-ABJ,PRD-0165,158,PO-2025-01814,EMP-013
TXN-002172,2025-04-06,RECEIPT,WH-LAG1,PRD-0064,263,PO-2025-01711,EMP-005
TXN-002173,2025-04-06,RECEIPT,WH-ABJ,PRD-0099,41,PO-2025-01720,EMP-033
TXN-002174,2025-04-06,RECEIPT,WH-IBD,PRD-0149,21,PO-2025-01770,EMP-017
TXN-002175,2025-04-06,RECEIPT,WH-ABJ,PRD-0149,29,PO-2025-01771,EMP-028
TXN-002176,2025-04-06,RECEIPT,WH-ABJ,PRD-0018,124,PO-2025-01782,EMP-038
TXN-002177,2025-04-06,RECEIPT,WH-LAG2,PRD-0053,23,PO-2025-01789,EMP-026
TXN-002178,2025-04-06,RECEIPT,WH-LAG2,PRD-0087,25,PO-2025-01799,EMP-011
TXN-002179,2025-04-06,RECEIPT,WH-LAG1,PRD-0155,101,PO-2025-01811,EMP-010
TXN-002180,2025-04-07,RECEIPT,WH-PHC,PRD-0016,95,PO-2025-01740,EMP-029
TXN-002181,2025-04-07,RECEIPT,WH-ABJ,PRD-0033,77,PO-2025-01746,EMP-003
TXN-002182,2025-04-07,RECEIPT,WH-IBD,PRD-0108,165,PO-2025-01761,EMP-022
TXN-002183,2025-04-07,RECEIPT,WH-ABJ,PRD-0115,100,PO-2025-01762,EMP-033
TXN-002184,2025-04-07,RECEIPT,WH-PHC,PRD-0135,153,PO-2025-01765,EMP-009
TXN-002185,2025-04-07,RECEIPT,WH-LAG2,PRD-0163,69,PO-2025-01775,EMP-021
TXN-002186,2025-04-07,RECEIPT,WH-ABJ,PRD-0077,285,PO-2025-01795,EMP-008
TXN-002187,2025-04-07,RECEIPT,WH-LAG1,PRD-0144,75,PO-2025-01809,EMP-025
TXN-002188,2025-04-08,RECEIPT,WH-LAG2,PRD-0007,107,PO-2025-01779,EMP-031
TXN-002189,2025-04-08,RECEIPT,WH-ABJ,PRD-0029,45,PO-2025-01783,EMP-028
TXN-002190,2025-04-08,RECEIPT,WH-IBD,PRD-0069,19,PO-2025-01793,EMP-037
TXN-002191,2025-04-08,RECEIPT,WH-LAG2,PRD-0109,80,PO-2025-01801,EMP-016
TXN-002192,2025-04-08,TRANSFER_OUT,WH-LAG2,PRD-0072,-13,TRF-00078,EMP-031
TXN-002193,2025-04-08,TRANSFER_IN,WH-IBD,PRD-0072,13,TRF-00078,EMP-027
TXN-002194,2025-04-09,RECEIPT,WH-LAG1,PRD-0046,119,PO-2025-01705,EMP-020
TXN-002195,2025-04-09,RECEIPT,WH-LAG2,PRD-0070,48,PO-2025-01713,EMP-006
TXN-002196,2025-04-09,RECEIPT,WH-PHC,PRD-0050,50,PO-2025-01750,EMP-024
TXN-002197,2025-04-09,RECEIPT,WH-IBD,PRD-0007,95,PO-2025-01780,EMP-032
TXN-002198,2025-04-09,RECEIPT,WH-IBD,PRD-0165,122,PO-2025-01813,EMP-012
TXN-002199,2025-04-10,RECEIPT,WH-IBD,PRD-0064,103,PO-2025-01712,EMP-037
TXN-002200,2025-04-10,RECEIPT,WH-PHC,PRD-0064,72,PO-2025-01752,EMP-014
TXN-002201,2025-04-10,RECEIPT,WH-LAG2,PRD-0016,77,PO-2025-01781,EMP-031
TXN-002202,2025-04-10,RECEIPT,WH-LAG2,PRD-0034,31,PO-2025-01785,EMP-031
TXN-002203,2025-04-10,RECEIPT,WH-ABJ,PRD-0122,97,PO-2025-01804,EMP-013
TXN-002204,2025-04-10,RECEIPT,WH-PHC,PRD-0170,77,PO-2025-01850,EMP-019
TXN-002205,2025-04-11,RECEIPT,WH-LAG2,PRD-0050,45,PO-2025-01749,EMP-006
TXN-002206,2025-04-11,RECEIPT,WH-LAG2,PRD-0100,282,PO-2025-01758,EMP-011
TXN-002207,2025-04-11,RECEIPT,WH-IBD,PRD-0118,156,PO-2025-01763,EMP-032
TXN-002208,2025-04-11,RECEIPT,WH-ABJ,PRD-0117,70,PO-2025-01802,EMP-008
TXN-002209,2025-04-11,RECEIPT,WH-PHC,PRD-0125,367,PO-2025-01806,EMP-034
TXN-002210,2025-04-11,RECEIPT,WH-LAG1,PRD-0157,90,PO-2025-01843,EMP-020
TXN-002211,2025-04-12,RECEIPT,WH-LAG1,PRD-0038,35,PO-2025-01747,EMP-020
TXN-002212,2025-04-12,RECEIPT,WH-LAG1,PRD-0035,111,PO-2025-01786,EMP-025
TXN-002213,2025-04-12,RECEIPT,WH-LAG2,PRD-0068,111,PO-2025-01826,EMP-016
TXN-002214,2025-04-12,RECEIPT,WH-LAG1,PRD-0077,412,PO-2025-01829,EMP-025
TXN-002215,2025-04-12,TRANSFER_OUT,WH-LAG1,PRD-0116,-21,TRF-00079,EMP-035
TXN-002216,2025-04-12,TRANSFER_IN,WH-LAG2,PRD-0116,21,TRF-00079,EMP-036
TXN-002217,2025-04-13,RECEIPT,WH-IBD,PRD-0024,24,PO-2025-01742,EMP-027
TXN-002218,2025-04-13,RECEIPT,WH-LAG2,PRD-0073,23,PO-2025-01753,EMP-021
TXN-002219,2025-04-13,RECEIPT,WH-LAG2,PRD-0125,296,PO-2025-01805,EMP-011
TXN-002220,2025-04-13,RECEIPT,WH-IBD,PRD-0163,64,PO-2025-01812,EMP-017
TXN-002221,2025-04-13,RECEIPT,WH-ABJ,PRD-0022,25,PO-2025-01820,EMP-023
TXN-002222,2025-04-13,RECEIPT,WH-LAG2,PRD-0137,81,PO-2025-01839,EMP-021
TXN-002223,2025-04-13,RECEIPT,WH-ABJ,PRD-0138,95,PO-2025-01840,EMP-018
TXN-002224,2025-04-14,RECEIPT,WH-LAG1,PRD-0132,69,PO-2025-01807,EMP-015
TXN-002225,2025-04-14,RECEIPT,WH-PHC,PRD-0068,132,PO-2025-01827,EMP-039
TXN-002226,2025-04-14,RECEIPT,WH-IBD,PRD-0112,24,PO-2025-01834,EMP-017
TXN-002227,2025-04-14,RECEIPT,WH-LAG1,PRD-0162,102,PO-2025-01846,EMP-035
TXN-002228,2025-04-15,RECEIPT,WH-LAG2,PRD-0047,67,PO-2025-01706,EMP-031
TXN-002229,2025-04-15,RECEIPT,WH-ABJ,PRD-0086,344,PO-2025-01717,EMP-023
TXN-002230,2025-04-15,RECEIPT,WH-PHC,PRD-0099,36,PO-2025-01757,EMP-029
TXN-002231,2025-04-15,RECEIPT,WH-ABJ,PRD-0041,72,PO-2025-01788,EMP-033
TXN-002232,2025-04-15,RECEIPT,WH-LAG1,PRD-0129,28,PO-2025-01837,EMP-035
TXN-002233,2025-04-15,RECEIPT,WH-LAG1,PRD-0169,115,PO-2025-01849,EMP-020
TXN-002234,2025-04-15,TRANSFER_OUT,WH-LAG1,PRD-0047,-30,TRF-00080,EMP-020
TXN-002235,2025-04-15,TRANSFER_IN,WH-IBD,PRD-0047,30,TRF-00080,EMP-007
TXN-002236,2025-04-16,RECEIPT,WH-LAG2,PRD-0037,101,PO-2025-01787,EMP-011
TXN-002237,2025-04-16,RECEIPT,WH-LAG2,PRD-0164,55,PO-2025-01847,EMP-031
TXN-002238,2025-04-17,RECEIPT,WH-PHC,PRD-0118,110,PO-2025-01803,EMP-039
TXN-002239,2025-04-17,RECEIPT,WH-PHC,PRD-0153,208,PO-2025-01810,EMP-009
TXN-002240,2025-04-17,RECEIPT,WH-ABJ,PRD-0094,32,PO-2025-01831,EMP-003
TXN-002241,2025-04-17,RECEIPT,WH-ABJ,PRD-0069,21,PO-2025-01866,EMP-003
TXN-002242,2025-04-17,RECEIPT,WH-IBD,PRD-0077,205,PO-2025-01868,EMP-002
TXN-002243,2025-04-17,RECEIPT,WH-PHC,PRD-0081,75,PO-2025-01871,EMP-019
TXN-002244,2025-04-17,RECEIPT,WH-ABJ,PRD-0082,124,PO-2025-01872,EMP-028
TXN-002245,2025-04-17,TRANSFER_OUT,WH-ABJ,PRD-0088,-15,TRF-00081,EMP-008
TXN-002246,2025-04-17,TRANSFER_IN,WH-LAG2,PRD-0088,15,TRF-00081,EMP-026
TXN-002247,2025-04-18,RECEIPT,WH-PHC,PRD-0052,13,PO-2025-01751,EMP-039
TXN-002248,2025-04-18,RECEIPT,WH-PHC,PRD-0132,59,PO-2025-01838,EMP-029
TXN-002249,2025-04-18,RECEIPT,WH-IBD,PRD-0141,64,PO-2025-01841,EMP-022
TXN-002250,2025-04-18,RECEIPT,WH-LAG1,PRD-0156,340,PO-2025-01842,EMP-030
TXN-002251,2025-04-18,RECEIPT,WH-IBD,PRD-0084,79,PO-2025-01873,EMP-012
TXN-002252,2025-04-19,RECEIPT,WH-LAG2,PRD-0013,27,PO-2025-01817,EMP-031
TXN-002253,2025-04-19,RECEIPT,WH-LAG1,PRD-0128,111,PO-2025-01835,EMP-040
TXN-002254,2025-04-19,RECEIPT,WH-LAG2,PRD-0127,51,PO-2025-01884,EMP-031
TXN-002255,2025-04-20,RECEIPT,WH-IBD,PRD-0020,104,PO-2025-01741,EMP-017
TXN-002256,2025-04-20,RECEIPT,WH-LAG1,PRD-0102,166,PO-2025-01800,EMP-035
TXN-002257,2025-04-20,RECEIPT,WH-PHC,PRD-0161,305,PO-2025-01845,EMP-039
TXN-002258,2025-04-20,RECEIPT,WH-ABJ,PRD-0151,740,PO-2025-01890,EMP-018
TXN-002259,2025-04-20,RECEIPT,WH-PHC,PRD-0158,32,PO-2025-01894,EMP-019
TXN-002260,2025-04-21,RECEIPT,WH-ABJ,PRD-0002,38,PO-2025-01737,EMP-003
TXN-002261,2025-04-21,RECEIPT,WH-ABJ,PRD-0047,71,PO-2025-01823,EMP-033
TXN-002262,2025-04-21,RECEIPT,WH-LAG1,PRD-0095,36,PO-2025-01832,EMP-025
TXN-002263,2025-04-21,RECEIPT,WH-IBD,PRD-0128,73,PO-2025-01836,EMP-007
TXN-002264,2025-04-21,RECEIPT,WH-PHC,PRD-0160,216,PO-2025-01844,EMP-019
TXN-002265,2025-04-21,RECEIPT,WH-ABJ,PRD-0167,90,PO-2025-01848,EMP-013
TXN-002266,2025-04-21,RECEIPT,WH-IBD,PRD-0049,45,PO-2025-01861,EMP-027
TXN-002267,2025-04-21,RECEIPT,WH-ABJ,PRD-0051,107,PO-2025-01862,EMP-033
TXN-002268,2025-04-21,RECEIPT,WH-LAG2,PRD-0058,44,PO-2025-01863,EMP-036
TXN-002269,2025-04-21,RECEIPT,WH-PHC,PRD-0067,76,PO-2025-01865,EMP-034
TXN-002270,2025-04-22,RECEIPT,WH-LAG1,PRD-0072,104,PO-2025-01794,EMP-040
TXN-002271,2025-04-22,RECEIPT,WH-IBD,PRD-0013,23,PO-2025-01818,EMP-007
TXN-002272,2025-04-22,RECEIPT,WH-LAG2,PRD-0057,189,PO-2025-01824,EMP-001
TXN-002273,2025-04-23,RECEIPT,WH-IBD,PRD-0074,57,PO-2025-01754,EMP-037
TXN-002274,2025-04-23,RECEIPT,WH-ABJ,PRD-0032,28,PO-2025-01784,EMP-008
TXN-002275,2025-04-23,RECEIPT,WH-IBD,PRD-0016,68,PO-2025-01852,EMP-012
TXN-002276,2025-04-23,RECEIPT,WH-LAG1,PRD-0031,148,PO-2025-01854,EMP-015
TXN-002277,2025-04-23,RECEIPT,WH-LAG1,PRD-0135,209,PO-2025-01886,EMP-040
TXN-002278,2025-04-24,RECEIPT,WH-IBD,PRD-0017,40,PO-2025-01819,EMP-037
TXN-002279,2025-04-24,RECEIPT,WH-ABJ,PRD-0098,169,PO-2025-01876,EMP-003
TXN-002280,2025-04-24,RECEIPT,WH-PHC,PRD-0059,61,PO-2025-01905,EMP-034
TXN-002281,2025-04-24,RECEIPT,WH-LAG1,PRD-0062,175,PO-2025-01907,EMP-030
TXN-002282,2025-04-24,RECEIPT,WH-LAG1,PRD-0136,99,PO-2025-01922,EMP-025
TXN-002283,2025-04-24,RECEIPT,WH-IBD,PRD-0170,73,PO-2025-01929,EMP-002
TXN-002284,2025-04-24,TRANSFER_OUT,WH-PHC,PRD-0124,-16,TRF-00082,EMP-014
TXN-002285,2025-04-24,TRANSFER_IN,WH-ABJ,PRD-0124,16,TRF-00082,EMP-038
TXN-002286,2025-04-25,RECEIPT,WH-IBD,PRD-0100,208,PO-2025-01833,EMP-012
TXN-002287,2025-04-25,RECEIPT,WH-LAG2,PRD-0035,62,PO-2025-01856,EMP-016
TXN-002288,2025-04-25,RECEIPT,WH-LAG1,PRD-0122,214,PO-2025-01880,EMP-005
TXN-002289,2025-04-25,RECEIPT,WH-LAG2,PRD-0126,41,PO-2025-01882,EMP-011
TXN-002290,2025-04-25,RECEIPT,WH-LAG2,PRD-0153,202,PO-2025-01891,EMP-011
TXN-002291,2025-04-25,RECEIPT,WH-ABJ,PRD-0011,88,PO-2025-01899,EMP-003
TXN-002292,2025-04-25,RECEIPT,WH-ABJ,PRD-0062,117,PO-2025-01908,EMP-028
TXN-002293,2025-04-25,TRANSFER_OUT,WH-LAG1,PRD-0011,-40,TRF-00083,EMP-025
TXN-002294,2025-04-25,TRANSFER_IN,WH-IBD,PRD-0011,40,TRF-00083,EMP-032
TXN-002295,2025-04-26,RECEIPT,WH-ABJ,PRD-0034,28,PO-2025-01855,EMP-033
TXN-002296,2025-04-26,RECEIPT,WH-ABJ,PRD-0038,32,PO-2025-01857,EMP-003
TXN-002297,2025-04-26,RECEIPT,WH-ABJ,PRD-0131,125,PO-2025-01885,EMP-013
TXN-002298,2025-04-26,RECEIPT,WH-PHC,PRD-0139,81,PO-2025-01887,EMP-029
TXN-002299,2025-04-26,RECEIPT,WH-IBD,PRD-0150,59,PO-2025-01889,EMP-022
TXN-002300,2025-04-26,RECEIPT,WH-PHC,PRD-0154,55,PO-2025-01893,EMP-039
TXN-002301,2025-04-26,RECEIPT,WH-LAG1,PRD-0029,61,PO-2025-01902,EMP-015
TXN-002302,2025-04-26,RECEIPT,WH-LAG2,PRD-0077,173,PO-2025-01909,EMP-011
TXN-002303,2025-04-26,RECEIPT,WH-LAG2,PRD-0094,23,PO-2025-01916,EMP-001
TXN-002304,2025-04-26,RECEIPT,WH-IBD,PRD-0157,48,PO-2025-01926,EMP-002
TXN-002305,2025-04-27,RECEIPT,WH-IBD,PRD-0042,17,PO-2025-01822,EMP-022
TXN-002306,2025-04-27,RECEIPT,WH-LAG2,PRD-0098,212,PO-2025-01875,EMP-006
TXN-002307,2025-04-27,RECEIPT,WH-PHC,PRD-0115,88,PO-2025-01879,EMP-014
TXN-002308,2025-04-27,RECEIPT,WH-ABJ,PRD-0126,45,PO-2025-01883,EMP-013
TXN-002309,2025-04-27,RECEIPT,WH-ABJ,PRD-0153,191,PO-2025-01892,EMP-003
TXN-002310,2025-04-27,RECEIPT,WH-LAG1,PRD-0082,200,PO-2025-01913,EMP-010
TXN-002311,2025-04-27,RECEIPT,WH-PHC,PRD-0083,181,PO-2025-01914,EMP-014
TXN-002312,2025-04-27,RECEIPT,WH-IBD,PRD-0151,535,PO-2025-01925,EMP-032
TXN-002313,2025-04-27,RECEIPT,WH-ABJ,PRD-0166,140,PO-2025-01927,EMP-033
TXN-002314,2025-04-28,RECEIPT,WH-ABJ,PRD-0124,68,PO-2025-01881,EMP-038
TXN-002315,2025-04-28,RECEIPT,WH-PHC,PRD-0149,23,PO-2025-01888,EMP-014
TXN-002316,2025-04-28,RECEIPT,WH-LAG2,PRD-0030,24,PO-2025-01903,EMP-031
TXN-002317,2025-04-29,RECEIPT,WH-LAG1,PRD-0093,239,PO-2025-01874,EMP-025
TXN-002318,2025-04-29,RECEIPT,WH-LAG2,PRD-0169,77,PO-2025-01928,EMP-026
TXN-002319,2025-04-30,RECEIPT,WH-LAG1,PRD-0057,394,PO-2025-01791,EMP-035
TXN-002320,2025-04-30,RECEIPT,WH-PHC,PRD-0090,686,PO-2025-01830,EMP-024
TXN-002321,2025-04-30,RECEIPT,WH-IBD,PRD-0008,44,PO-2025-01897,EMP-007
TXN-002322,2025-04-30,ADJUSTMENT,WH-LAG1,PRD-0167,-1,SHRINKAGE,EMP-005
TXN-002323,2025-04-30,ADJUSTMENT,WH-LAG1,PRD-0095,-1,DAMAGE,EMP-040
TXN-002324,2025-04-30,ADJUSTMENT,WH-LAG1,PRD-0044,-1,SHRINKAGE,EMP-025
TXN-002325,2025-04-30,ADJUSTMENT,WH-LAG1,PRD-0066,-2,DAMAGE,EMP-015
TXN-002326,2025-04-30,ADJUSTMENT,WH-LAG1,PRD-0093,-7,DAMAGE,EMP-030
TXN-002327,2025-04-30,ADJUSTMENT,WH-LAG1,PRD-0170,-1,DAMAGE,EMP-015
TXN-002328,2025-04-30,ADJUSTMENT,WH-LAG1,PRD-0004,-7,EXPIRY,EMP-040
TXN-002329,2025-04-30,ADJUSTMENT,WH-LAG1,PRD-0090,-13,EXPIRY,EMP-025
TXN-002330,2025-04-30,ADJUSTMENT,WH-LAG2,PRD-0027,-2,SHRINKAGE,EMP-031
TXN-002331,2025-04-30,ADJUSTMENT,WH-LAG2,PRD-0032,-2,SHRINKAGE,EMP-036
TXN-002332,2025-04-30,ADJUSTMENT,WH-LAG2,PRD-0118,-2,SHRINKAGE,EMP-036
TXN-002333,2025-04-30,ADJUSTMENT,WH-LAG2,PRD-0028,-2,SHRINKAGE,EMP-021
TXN-002334,2025-04-30,ADJUSTMENT,WH-LAG2,PRD-0059,-1,DAMAGE,EMP-021
TXN-002335,2025-04-30,ADJUSTMENT,WH-LAG2,PRD-0028,-1,DAMAGE,EMP-036
TXN-002336,2025-04-30,ADJUSTMENT,WH-IBD,PRD-0005,-1,DAMAGE,EMP-007
TXN-002337,2025-04-30,ADJUSTMENT,WH-IBD,PRD-0114,-1,SHRINKAGE,EMP-027
TXN-002338,2025-04-30,ADJUSTMENT,WH-IBD,PRD-0063,-2,EXPIRY,EMP-022
TXN-002339,2025-04-30,ADJUSTMENT,WH-IBD,PRD-0012,-1,DAMAGE,EMP-027
TXN-002340,2025-04-30,ADJUSTMENT,WH-IBD,PRD-0055,-2,EXPIRY,EMP-002
TXN-002341,2025-04-30,ADJUSTMENT,WH-IBD,PRD-0119,-2,SHRINKAGE,EMP-032
TXN-002342,2025-04-30,ADJUSTMENT,WH-ABJ,PRD-0134,-1,EXPIRY,EMP-018
TXN-002343,2025-04-30,ADJUSTMENT,WH-ABJ,PRD-0077,-4,DAMAGE,EMP-038
TXN-002344,2025-04-30,ADJUSTMENT,WH-ABJ,PRD-0048,-2,EXPIRY,EMP-028
TXN-002345,2025-04-30,ADJUSTMENT,WH-ABJ,PRD-0045,-2,DAMAGE,EMP-003
TXN-002346,2025-04-30,ADJUSTMENT,WH-ABJ,PRD-0025,-2,DAMAGE,EMP-023
TXN-002347,2025-04-30,ADJUSTMENT,WH-ABJ,PRD-0127,-2,EXPIRY,EMP-003
TXN-002348,2025-04-30,ADJUSTMENT,WH-ABJ,PRD-0043,-1,DAMAGE,EMP-018
TXN-002349,2025-04-30,ADJUSTMENT,WH-ABJ,PRD-0159,-2,SHRINKAGE,EMP-003
TXN-002350,2025-04-30,ADJUSTMENT,WH-PHC,PRD-0162,-2,EXPIRY,EMP-019
TXN-002351,2025-04-30,ADJUSTMENT,WH-PHC,PRD-0099,-1,EXPIRY,EMP-009
TXN-002352,2025-04-30,ADJUSTMENT,WH-PHC,PRD-0160,-6,DAMAGE,EMP-004
TXN-002353,2025-05-01,RECEIPT,WH-IBD,PRD-0047,67,PO-2025-01859,EMP-007
TXN-002354,2025-05-01,RECEIPT,WH-ABJ,PRD-0103,104,PO-2025-01918,EMP-003
TXN-002355,2025-05-01,RECEIPT,WH-IBD,PRD-0062,99,PO-2025-01941,EMP-027
TXN-002356,2025-05-01,RECEIPT,WH-PHC,PRD-0136,67,PO-2025-01964,EMP-004
TXN-002357,2025-05-01,RECEIPT,WH-PHC,PRD-0151,673,PO-2025-01970,EMP-004
TXN-002358,2025-05-02,RECEIPT,WH-PHC,PRD-0038,29,PO-2025-01821,EMP-019
TXN-002359,2025-05-02,RECEIPT,WH-ABJ,PRD-0079,60,PO-2025-01948,EMP-018
TXN-002360,2025-05-03,RECEIPT,WH-LAG1,PRD-0076,150,PO-2025-01867,EMP-030
TXN-002361,2025-05-03,RECEIPT,WH-IBD,PRD-0080,72,PO-2025-01869,EMP-022
TXN-002362,2025-05-03,RECEIPT,WH-ABJ,PRD-0093,145,PO-2025-01915,EMP-018
TXN-002363,2025-05-03,RECEIPT,WH-LAG2,PRD-0105,30,PO-2025-01919,EMP-026
TXN-002364,2025-05-03,RECEIPT,WH-PHC,PRD-0119,23,PO-2025-01921,EMP-019
TXN-002365,2025-05-03,RECEIPT,WH-LAG2,PRD-0142,145,PO-2025-01923,EMP-021
TXN-002366,2025-05-03,RECEIPT,WH-PHC,PRD-0045,48,PO-2025-01938,EMP-034
TXN-002367,2025-05-03,RECEIPT,WH-LAG2,PRD-0083,158,PO-2025-01949,EMP-006
TXN-002368,2025-05-04,RECEIPT,WH-IBD,PRD-0098,116,PO-2025-01917,EMP-007
TXN-002369,2025-05-04,RECEIPT,WH-LAG1,PRD-0110,54,PO-2025-01959,EMP-040
TXN-002370,2025-05-04,TRANSFER_OUT,WH-ABJ,PRD-0148,-12,TRF-00084,EMP-003
TXN-002371,2025-05-04,TRANSFER_IN,WH-PHC,PRD-0148,12,TRF-00084,EMP-039
TXN-002372,2025-05-05,RECEIPT,WH-IBD,PRD-0001,32,PO-2025-01815,EMP-027
TXN-002373,2025-05-05,RECEIPT,WH-ABJ,PRD-0005,67,PO-2025-01816,EMP-003
TXN-002374,2025-05-05,RECEIPT,WH-LAG1,PRD-0099,55,PO-2025-01877,EMP-025
TXN-002375,2025-05-05,RECEIPT,WH-PHC,PRD-0108,135,PO-2025-01920,EMP-004
TXN-002376,2025-05-05,RECEIPT,WH-LAG1,PRD-0149,32,PO-2025-01924,EMP-015
TXN-002377,2025-05-05,RECEIPT,WH-LAG2,PRD-0039,114,PO-2025-01936,EMP-001
TXN-002378,2025-05-05,RECEIPT,WH-ABJ,PRD-0075,26,PO-2025-01945,EMP-038
TXN-002379,2025-05-05,RECEIPT,WH-LAG1,PRD-0092,50,PO-2025-01954,EMP-020
TXN-002380,2025-05-05,RECEIPT,WH-IBD,PRD-0146,45,PO-2025-01968,EMP-037
TXN-002381,2025-05-05,RECEIPT,WH-PHC,PRD-0156,166,PO-2025-01971,EMP-024
TXN-002382,2025-05-05,TRANSFER_OUT,WH-LAG1,PRD-0115,-37,TRF-00085,EMP-015
TXN-002383,2025-05-05,TRANSFER_IN,WH-IBD,PRD-0115,37,TRF-00085,EMP-002
TXN-002384,2025-05-06,RECEIPT,WH-IBD,PRD-0065,76,PO-2025-01825,EMP-002
TXN-002385,2025-05-06,RECEIPT,WH-PHC,PRD-0009,31,PO-2025-01851,EMP-004
TXN-002386,2025-05-06,RECEIPT,WH-PHC,PRD-0080,70,PO-2025-01870,EMP-004
TXN-002387,2025-05-06,RECEIPT,WH-LAG2,PRD-0078,73,PO-2025-01911,EMP-031
TXN-002388,2025-05-06,RECEIPT,WH-PHC,PRD-0109,96,PO-2025-01958,EMP-024
TXN-002389,2025-05-06,TRANSFER_OUT,WH-LAG1,PRD-0062,-52,TRF-00086,EMP-005
TXN-002390,2025-05-06,TRANSFER_IN,WH-LAG2,PRD-0062,52,TRF-00086,EMP-011
TXN-002391,2025-05-07,RECEIPT,WH-LAG2,PRD-0076,84,PO-2025-01828,EMP-016
TXN-002392,2025-05-07,RECEIPT,WH-LAG1,PRD-0027,37,PO-2025-01853,EMP-005
TXN-002393,2025-05-07,RECEIPT,WH-IBD,PRD-0102,55,PO-2025-01878,EMP-017
TXN-002394,2025-05-07,RECEIPT,WH-PHC,PRD-0077,226,PO-2025-01946,EMP-019
TXN-002395,2025-05-07,RECEIPT,WH-IBD,PRD-0143,52,PO-2025-01966,EMP-017
TXN-002396,2025-05-07,RECEIPT,WH-ABJ,PRD-0147,60,PO-2025-01969,EMP-013
TXN-002397,2025-05-08,RECEIPT,WH-ABJ,PRD-0092,42,PO-2025-01955,EMP-003
TXN-002398,2025-05-08,RECEIPT,WH-LAG1,PRD-0098,290,PO-2025-01956,EMP-020
TXN-002399,2025-05-08,RECEIPT,WH-LAG2,PRD-0134,46,PO-2025-01963,EMP-021
TXN-002400,2025-05-08,RECEIPT,WH-ABJ,PRD-0164,50,PO-2025-01972,EMP-008
TXN-002401,2025-05-08,RECEIPT,WH-PHC,PRD-0060,120,PO-2025-01984,EMP-014
TXN-002402,2025-05-08,RECEIPT,WH-ABJ,PRD-0084,155,PO-2025-01989,EMP-018
TXN-002403,2025-05-08,TRANSFER_OUT,WH-LAG1,PRD-0135,-49,TRF-00087,EMP-015
TXN-002404,2025-05-08,TRANSFER_IN,WH-LAG2,PRD-0135,49,TRF-00087,EMP-031
TXN-002405,2025-05-09,RECEIPT,WH-LAG2,PRD-0042,21,PO-2025-01858,EMP-036
TXN-002406,2025-05-09,RECEIPT,WH-IBD,PRD-0048,41,PO-2025-01860,EMP-012
TXN-002407,2025-05-09,RECEIPT,WH-ABJ,PRD-0130,42,PO-2025-01962,EMP-003
TXN-002408,2025-05-09,RECEIPT,WH-ABJ,PRD-0139,96,PO-2025-01965,EMP-018
TXN-002409,2025-05-09,TRANSFER_OUT,WH-LAG1,PRD-0020,-26,TRF-00088,EMP-010
TXN-002410,2025-05-09,TRANSFER_IN,WH-ABJ,PRD-0020,26,TRF-00088,EMP-013
TXN-002411,2025-05-10,RECEIPT,WH-LAG2,PRD-0001,37,PO-2025-01895,EMP-016
TXN-002412,2025-05-10,RECEIPT,WH-ABJ,PRD-0009,39,PO-2025-01898,EMP-008
TXN-002413,2025-05-10,RECEIPT,WH-IBD,PRD-0078,91,PO-2025-01912,EMP-022
TXN-002414,2025-05-10,RECEIPT,WH-LAG1,PRD-0014,27,PO-2025-01931,EMP-030
TXN-002415,2025-05-10,RECEIPT,WH-LAG1,PRD-0042,24,PO-2025-01937,EMP-030
TXN-002416,2025-05-10,RECEIPT,WH-IBD,PRD-0040,60,PO-2025-01982,EMP-032
TXN-002417,2025-05-10,RECEIPT,WH-ABJ,PRD-0112,29,PO-2025-01996,EMP-003
TXN-002418,2025-05-10,RECEIPT,WH-LAG2,PRD-0152,58,PO-2025-02007,EMP-026
TXN-002419,2025-05-10,RECEIPT,WH-ABJ,PRD-0156,123,PO-2025-02009,EMP-038
TXN-002420,2025-05-11,RECEIPT,WH-LAG2,PRD-0143,44,PO-2025-02006,EMP-016
TXN-002421,2025-05-12,RECEIPT,WH-LAG1,PRD-0078,220,PO-2025-01910,EMP-005
TXN-002422,2025-05-12,RECEIPT,WH-PHC,PRD-0071,16,PO-2025-01943,EMP-009
TXN-002423,2025-05-12,RECEIPT,WH-LAG2,PRD-0108,186,PO-2025-01957,EMP-031
TXN-002424,2025-05-12,RECEIPT,WH-PHC,PRD-0035,79,PO-2025-01979,EMP-039
TXN-002425,2025-05-12,RECEIPT,WH-LAG2,PRD-0062,105,PO-2025-01985,EMP-006
TXN-002426,2025-05-12,RECEIPT,WH-LAG1,PRD-0079,104,PO-2025-01988,EMP-040
TXN-002427,2025-05-12,RECEIPT,WH-LAG1,PRD-0096,36,PO-2025-01994,EMP-040
TXN-002428,2025-05-12,RECEIPT,WH-LAG1,PRD-0112,30,PO-2025-01995,EMP-015
TXN-002429,2025-05-12,RECEIPT,WH-ABJ,PRD-0127,45,PO-2025-02002,EMP-018
TXN-002430,2025-05-12,RECEIPT,WH-IBD,PRD-0138,77,PO-2025-02004,EMP-027
TXN-002431,2025-05-13,RECEIPT,WH-PHC,PRD-0061,155,PO-2025-01864,EMP-029
TXN-002432,2025-05-13,RECEIPT,WH-PHC,PRD-0034,28,PO-2025-01934,EMP-034
TXN-002433,2025-05-13,TRANSFER_OUT,WH-LAG1,PRD-0028,-18,TRF-00089,EMP-025
TXN-002434,2025-05-13,TRANSFER_IN,WH-PHC,PRD-0028,18,TRF-00089,EMP-009
TXN-002435,2025-05-14,RECEIPT,WH-IBD,PRD-0028,56,PO-2025-01901,EMP-007
TXN-002436,2025-05-14,RECEIPT,WH-PHC,PRD-0094,23,PO-2025-01993,EMP-009
TXN-002437,2025-05-14,RECEIPT,WH-LAG1,PRD-0165,223,PO-2025-02014,EMP-025
TXN-002438,2025-05-14,TRANSFER_OUT,WH-LAG1,PRD-0026,-20,TRF-00090,EMP-005
TXN-002439,2025-05-14,TRANSFER_IN,WH-LAG2,PRD-0026,20,TRF-00090,EMP-036
TXN-002440,2025-05-15,RECEIPT,WH-IBD,PRD-0023,73,PO-2025-01900,EMP-017
TXN-002441,2025-05-15,RECEIPT,WH-ABJ,PRD-0036,50,PO-2025-01935,EMP-018
TXN-002442,2025-05-15,RECEIPT,WH-LAG2,PRD-0091,61,PO-2025-01953,EMP-036
TXN-002443,2025-05-15,RECEIPT,WH-PHC,PRD-0144,57,PO-2025-01967,EMP-024
TXN-002444,2025-05-15,RECEIPT,WH-LAG2,PRD-0015,65,PO-2025-01974,EMP-021
TXN-002445,2025-05-15,RECEIPT,WH-LAG1,PRD-0040,108,PO-2025-01981,EMP-025
TXN-002446,2025-05-15,RECEIPT,WH-LAG1,PRD-0142,250,PO-2025-02005,EMP-015
TXN-002447,2025-05-15,RECEIPT,WH-PHC,PRD-0018,78,PO-2025-02020,EMP-039
TXN-002448,2025-05-15,RECEIPT,WH-IBD,PRD-0039,143,PO-2025-02025,EMP-012
TXN-002449,2025-05-15,RECEIPT,WH-ABJ,PRD-0155,78,PO-2025-02052,EMP-033
TXN-002450,2025-05-16,RECEIPT,WH-LAG2,PRD-0093,102,PO-2025-01992,EMP-031
TXN-002451,2025-05-16,RECEIPT,WH-ABJ,PRD-0125,372,PO-2025-02001,EMP-038
TXN-002452,2025-05-16,RECEIPT,WH-LAG1,PRD-0153,308,PO-2025-02008,EMP-030
TXN-002453,2025-05-16,RECEIPT,WH-LAG1,PRD-0163,120,PO-2025-02013,EMP-035
TXN-002454,2025-05-16,RECEIPT,WH-LAG2,PRD-0018,90,PO-2025-02019,EMP-021
TXN-002455,2025-05-16,RECEIPT,WH-LAG2,PRD-0021,67,PO-2025-02021,EMP-001
TXN-002456,2025-05-16,RECEIPT,WH-IBD,PRD-0058,33,PO-2025-02030,EMP-032
TXN-002457,2025-05-16,RECEIPT,WH-LAG2,PRD-0156,146,PO-2025-02053,EMP-036
TXN-002458,2025-05-17,RECEIPT,WH-LAG2,PRD-0028,56,PO-2025-01933,EMP-001
TXN-002459,2025-05-17,RECEIPT,WH-PHC,PRD-0123,67,PO-2025-01961,EMP-019
TXN-002460,2025-05-17,RECEIPT,WH-IBD,PRD-0081,80,PO-2025-02032,EMP-012
TXN-002461,2025-05-17,RECEIPT,WH-IBD,PRD-0127,32,PO-2025-02044,EMP-007
TXN-002462,2025-05-17,RECEIPT,WH-LAG2,PRD-0162,52,PO-2025-02055,EMP-006
TXN-002463,2025-05-17,TRANSFER_OUT,WH-LAG1,PRD-0127,-24,TRF-00091,EMP-035
TXN-002464,2025-05-17,TRANSFER_IN,WH-PHC,PRD-0127,24,TRF-00091,EMP-009
TXN-002465,2025-05-18,RECEIPT,WH-LAG2,PRD-0113,107,PO-2025-01960,EMP-001
TXN-002466,2025-05-18,RECEIPT,WH-LAG1,PRD-0125,518,PO-2025-02000,EMP-020
TXN-002467,2025-05-18,RECEIPT,WH-ABJ,PRD-0012,50,PO-2025-02018,EMP-003
TXN-002468,2025-05-18,RECEIPT,WH-ABJ,PRD-0045,85,PO-2025-02028,EMP-018
TXN-002469,2025-05-18,RECEIPT,WH-LAG1,PRD-0111,159,PO-2025-02040,EMP-040
TXN-002470,2025-05-19,RECEIPT,WH-IBD,PRD-0052,13,PO-2025-01904,EMP-022
TXN-002471,2025-05-19,RECEIPT,WH-IBD,PRD-0046,65,PO-2025-01939,EMP-027
TXN-002472,2025-05-19,RECEIPT,WH-ABJ,PRD-0048,78,PO-2025-01940,EMP-028
TXN-002473,2025-05-19,RECEIPT,WH-LAG2,PRD-0016,80,PO-2025-01975,EMP-026
TXN-002474,2025-05-19,RECEIPT,WH-IBD,PRD-0034,24,PO-2025-01978,EMP-002
TXN-002475,2025-05-19,RECEIPT,WH-ABJ,PRD-0120,152,PO-2025-01998,EMP-008
TXN-002476,2025-05-19,RECEIPT,WH-ABJ,PRD-0132,68,PO-2025-02003,EMP-008
TXN-002477,2025-05-19,RECEIPT,WH-PHC,PRD-0159,60,PO-2025-02011,EMP-029
TXN-002478,2025-05-19,RECEIPT,WH-LAG2,PRD-0160,166,PO-2025-02012,EMP-016
TXN-002479,2025-05-19,RECEIPT,WH-LAG1,PRD-0049,76,PO-2025-02029,EMP-025
TXN-002480,2025-05-19,RECEIPT,WH-LAG2,PRD-0146,52,PO-2025-02049,EMP-001
TXN-002481,2025-05-19,TRANSFER_OUT,WH-LAG1,PRD-0153,-90,TRF-00092,EMP-015
TXN-002482,2025-05-19,TRANSFER_IN,WH-IBD,PRD-0153,90,TRF-00092,EMP-032
TXN-002483,2025-05-20,RECEIPT,WH-IBD,PRD-0061,105,PO-2025-01906,EMP-037
TXN-002484,2025-05-20,RECEIPT,WH-PHC,PRD-0078,108,PO-2025-01947,EMP-039
TXN-002485,2025-05-20,RECEIPT,WH-LAG2,PRD-0117,68,PO-2025-01997,EMP-026
TXN-002486,2025-05-20,RECEIPT,WH-ABJ,PRD-0159,61,PO-2025-02010,EMP-018
TXN-002487,2025-05-20,RECEIPT,WH-PHC,PRD-0082,101,PO-2025-02033,EMP-029
TXN-002488,2025-05-20,RECEIPT,WH-ABJ,PRD-0111,132,PO-2025-02041,EMP-033
TXN-002489,2025-05-20,RECEIPT,WH-LAG1,PRD-0126,94,PO-2025-02043,EMP-025
TXN-002490,2025-05-20,RECEIPT,WH-PHC,PRD-0138,110,PO-2025-02046,EMP-024
TXN-002491,2025-05-20,RECEIPT,WH-LAG1,PRD-0149,43,PO-2025-02051,EMP-020
TXN-002492,2025-05-21,RECEIPT,WH-ABJ,PRD-0006,35,PO-2025-01896,EMP-028
TXN-002493,2025-05-21,RECEIPT,WH-LAG1,PRD-0006,40,PO-2025-01930,EMP-005
TXN-002494,2025-05-21,RECEIPT,WH-LAG1,PRD-0147,73,PO-2025-02050,EMP-025
TXN-002495,2025-05-21,RECEIPT,WH-LAG1,PRD-0160,357,PO-2025-02054,EMP-015
TXN-002496,2025-05-22,RECEIPT,WH-PHC,PRD-0072,62,PO-2025-01944,EMP-029
TXN-002497,2025-05-22,RECEIPT,WH-LAG1,PRD-0090,2382,PO-2025-01951,EMP-035
TXN-002498,2025-05-22,RECEIPT,WH-ABJ,PRD-0028,64,PO-2025-02023,EMP-008
TXN-002499,2025-05-22,RECEIPT,WH-PHC,PRD-0120,131,PO-2025-02042,EMP-029
TXN-002500,2025-05-22,RECEIPT,WH-PHC,PRD-0145,79,PO-2025-02048,EMP-004
TXN-002501,2025-05-22,RECEIPT,WH-LAG2,PRD-0151,462,PO-2025-02079,EMP-036
TXN-002502,2025-05-23,RECEIPT,WH-LAG1,PRD-0017,77,PO-2025-01932,EMP-025
TXN-002503,2025-05-23,RECEIPT,WH-PHC,PRD-0041,55,PO-2025-02026,EMP-019
TXN-002504,2025-05-23,RECEIPT,WH-LAG1,PRD-0143,107,PO-2025-02047,EMP-035
TXN-002505,2025-05-24,RECEIPT,WH-LAG2,PRD-0045,55,PO-2025-02027,EMP-021
TXN-002506,2025-05-24,RECEIPT,WH-LAG1,PRD-0069,28,PO-2025-02070,EMP-035
TXN-002507,2025-05-24,RECEIPT,WH-ABJ,PRD-0145,109,PO-2025-02078,EMP-028
TXN-002508,2025-05-24,TRANSFER_OUT,WH-PHC,PRD-0041,-18,TRF-00093,EMP-039
TXN-002509,2025-05-24,TRANSFER_IN,WH-LAG1,PRD-0041,18,TRF-00093,EMP-005
TXN-002510,2025-05-25,RECEIPT,WH-LAG1,PRD-0005,123,PO-2025-01973,EMP-025
TXN-002511,2025-05-25,RECEIPT,WH-IBD,PRD-0076,68,PO-2025-01987,EMP-037
TXN-002512,2025-05-25,RECEIPT,WH-LAG1,PRD-0061,282,PO-2025-02031,EMP-020
TXN-002513,2025-05-25,RECEIPT,WH-LAG2,PRD-0086,270,PO-2025-02035,EMP-036
TXN-002514,2025-05-25,RECEIPT,WH-ABJ,PRD-0128,100,PO-2025-02045,EMP-028
TXN-002515,2025-05-25,RECEIPT,WH-LAG2,PRD-0051,101,PO-2025-02066,EMP-011
TXN-002516,2025-05-25,TRANSFER_OUT,WH-LAG1,PRD-0161,-78,TRF-00094,EMP-030
TXN-002517,2025-05-25,TRANSFER_IN,WH-IBD,PRD-0161,78,TRF-00094,EMP-007
TXN-002518,2025-05-26,RECEIPT,WH-LAG2,PRD-0090,730,PO-2025-01952,EMP-026
TXN-002519,2025-05-26,RECEIPT,WH-LAG1,PRD-0024,74,PO-2025-01976,EMP-030
TXN-002520,2025-05-26,RECEIPT,WH-IBD,PRD-0121,152,PO-2025-01999,EMP-002
TXN-002521,2025-05-26,RECEIPT,WH-LAG1,PRD-0009,44,PO-2025-02016,EMP-035
TXN-002522,2025-05-26,RECEIPT,WH-LAG1,PRD-0108,326,PO-2025-02039,EMP-030
TXN-002523,2025-05-26,RECEIPT,WH-LAG2,PRD-0138,100,PO-2025-02075,EMP-031
TXN-002524,2025-05-26,TRANSFER_OUT,WH-LAG1,PRD-0142,-72,TRF-00095,EMP-040
TXN-002525,2025-05-26,TRANSFER_IN,WH-IBD,PRD-0142,72,TRF-00095,EMP-012
TXN-002526,2025-05-27,RECEIPT,WH-PHC,PRD-0070,53,PO-2025-01942,EMP-024
TXN-002527,2025-05-27,RECEIPT,WH-PHC,PRD-0086,172,PO-2025-01950,EMP-029
TXN-002528,2025-05-27,RECEIPT,WH-ABJ,PRD-0141,77,PO-2025-02076,EMP-023
TXN-002529,2025-05-28,RECEIPT,WH-IBD,PRD-0009,24,PO-2025-02017,EMP-007
TXN-002530,2025-05-28,RECEIPT,WH-LAG2,PRD-0026,62,PO-2025-02022,EMP-001
TXN-002531,2025-05-28,RECEIPT,WH-LAG1,PRD-0033,125,PO-2025-02062,EMP-005
TXN-002532,2025-05-28,RECEIPT,WH-LAG1,PRD-0035,157,PO-2025-02064,EMP-025
TXN-002533,2025-05-28,RECEIPT,WH-LAG1,PRD-0132,87,PO-2025-02074,EMP-030
TXN-002534,2025-05-28,TRANSFER_OUT,WH-ABJ,PRD-0157,-25,TRF-00096,EMP-008
TXN-002535,2025-05-28,TRANSFER_IN,WH-LAG2,PRD-0157,25,TRF-00096,EMP-021
TXN-002536,2025-05-29,RECEIPT,WH-ABJ,PRD-0065,108,PO-2025-01986,EMP-018
TXN-002537,2025-05-29,RECEIPT,WH-IBD,PRD-0072,55,PO-2025-02071,EMP-017
TXN-002538,2025-05-29,RECEIPT,WH-IBD,PRD-0110,25,PO-2025-02073,EMP-022
TXN-002539,2025-05-29,RECEIPT,WH-LAG1,PRD-0053,42,PO-2025-02092,EMP-030
TXN-002540,2025-05-29,RECEIPT,WH-ABJ,PRD-0081,89,PO-2025-02102,EMP-023
TXN-002541,2025-05-30,RECEIPT,WH-LAG1,PRD-0036,65,PO-2025-01980,EMP-035
TXN-002542,2025-05-30,RECEIPT,WH-IBD,PRD-0090,767,PO-2025-01991,EMP-002
TXN-002543,2025-05-30,RECEIPT,WH-ABJ,PRD-0102,86,PO-2025-02037,EMP-028
TXN-002544,2025-05-30,RECEIPT,WH-ABJ,PRD-0025,75,PO-2025-02061,EMP-008
TXN-002545,2025-05-30,RECEIPT,WH-IBD,PRD-0060,135,PO-2025-02095,EMP-002
TXN-002546,2025-05-30,RECEIPT,WH-ABJ,PRD-0067,99,PO-2025-02097,EMP-023
TXN-002547,2025-05-30,RECEIPT,WH-IBD,PRD-0103,55,PO-2025-02110,EMP-037
TXN-002548,2025-05-30,TRANSFER_OUT,WH-ABJ,PRD-0008,-16,TRF-00097,EMP-038
TXN-002549,2025-05-30,TRANSFER_IN,WH-PHC,PRD-0008,16,TRF-00097,EMP-024
TXN-002550,2025-05-31,RECEIPT,WH-IBD,PRD-0086,266,PO-2025-01990,EMP-027
TXN-002551,2025-05-31,RECEIPT,WH-ABJ,PRD-0013,25,PO-2025-02057,EMP-038
TXN-002552,2025-05-31,RECEIPT,WH-LAG1,PRD-0016,184,PO-2025-02058,EMP-035
TXN-002553,2025-05-31,RECEIPT,WH-PHC,PRD-0007,73,PO-2025-02083,EMP-034
TXN-002554,2025-05-31,RECEIPT,WH-PHC,PRD-0062,126,PO-2025-02096,EMP-009
TXN-002555,2025-05-31,RECEIPT,WH-PHC,PRD-0127,48,PO-2025-02118,EMP-034
TXN-002556,2025-05-31,RECEIPT,WH-ABJ,PRD-0150,106,PO-2025-02125,EMP-033
TXN-002557,2025-05-31,ADJUSTMENT,WH-LAG1,PRD-0131,-1,DAMAGE,EMP-040
TXN-002558,2025-05-31,ADJUSTMENT,WH-LAG1,PRD-0138,-3,EXPIRY,EMP-020
TXN-002559,2025-05-31,ADJUSTMENT,WH-LAG1,PRD-0144,-2,DAMAGE,EMP-030
TXN-002560,2025-05-31,ADJUSTMENT,WH-LAG1,PRD-0006,-1,DAMAGE,EMP-010
TXN-002561,2025-05-31,ADJUSTMENT,WH-LAG1,PRD-0131,-2,DAMAGE,EMP-010
TXN-002562,2025-05-31,ADJUSTMENT,WH-LAG1,PRD-0065,-1,DAMAGE,EMP-010
TXN-002563,2025-05-31,ADJUSTMENT,WH-LAG1,PRD-0144,-1,EXPIRY,EMP-015
TXN-002564,2025-05-31,ADJUSTMENT,WH-LAG1,PRD-0103,-1,DAMAGE,EMP-040
TXN-002565,2025-05-31,ADJUSTMENT,WH-LAG1,PRD-0112,-2,SHRINKAGE,EMP-040
TXN-002566,2025-05-31,ADJUSTMENT,WH-LAG2,PRD-0163,-1,SHRINKAGE,EMP-026
TXN-002567,2025-05-31,ADJUSTMENT,WH-LAG2,PRD-0113,-1,SHRINKAGE,EMP-036
TXN-002568,2025-05-31,ADJUSTMENT,WH-LAG2,PRD-0067,-2,EXPIRY,EMP-026
TXN-002569,2025-05-31,ADJUSTMENT,WH-LAG2,PRD-0165,-3,SHRINKAGE,EMP-036
TXN-002570,2025-05-31,ADJUSTMENT,WH-LAG2,PRD-0005,-1,DAMAGE,EMP-031
TXN-002571,2025-05-31,ADJUSTMENT,WH-IBD,PRD-0010,-1,EXPIRY,EMP-037
TXN-002572,2025-05-31,ADJUSTMENT,WH-IBD,PRD-0050,-1,DAMAGE,EMP-002
TXN-002573,2025-05-31,ADJUSTMENT,WH-IBD,PRD-0147,-1,DAMAGE,EMP-022
TXN-002574,2025-05-31,ADJUSTMENT,WH-IBD,PRD-0134,-1,SHRINKAGE,EMP-037
TXN-002575,2025-05-31,ADJUSTMENT,WH-ABJ,PRD-0055,-2,DAMAGE,EMP-028
TXN-002576,2025-05-31,ADJUSTMENT,WH-ABJ,PRD-0011,-1,DAMAGE,EMP-038
TXN-002577,2025-05-31,ADJUSTMENT,WH-ABJ,PRD-0135,-1,SHRINKAGE,EMP-013
TXN-002578,2025-05-31,ADJUSTMENT,WH-ABJ,PRD-0002,-1,SHRINKAGE,EMP-018
TXN-002579,2025-05-31,ADJUSTMENT,WH-PHC,PRD-0127,-2,DAMAGE,EMP-004
TXN-002580,2025-05-31,ADJUSTMENT,WH-PHC,PRD-0050,-2,SHRINKAGE,EMP-004
TXN-002581,2025-05-31,ADJUSTMENT,WH-PHC,PRD-0132,-2,DAMAGE,EMP-014
TXN-002582,2025-05-31,ADJUSTMENT,WH-PHC,PRD-0080,-2,DAMAGE,EMP-039
TXN-002583,2025-05-31,ADJUSTMENT,WH-PHC,PRD-0042,-1,EXPIRY,EMP-019
TXN-002584,2025-05-31,ADJUSTMENT,WH-PHC,PRD-0016,-2,SHRINKAGE,EMP-009
TXN-002585,2025-06-01,RECEIPT,WH-PHC,PRD-0027,25,PO-2025-01977,EMP-004
TXN-002586,2025-06-01,RECEIPT,WH-IBD,PRD-0053,12,PO-2025-02093,EMP-027
TXN-002587,2025-06-01,RECEIPT,WH-ABJ,PRD-0068,163,PO-2025-02098,EMP-033
TXN-002588,2025-06-01,RECEIPT,WH-IBD,PRD-0156,159,PO-2025-02127,EMP-022
TXN-002589,2025-06-01,RECEIPT,WH-PHC,PRD-0164,65,PO-2025-02129,EMP-024
TXN-002590,2025-06-02,RECEIPT,WH-LAG1,PRD-0044,15,PO-2025-01983,EMP-020
TXN-002591,2025-06-02,RECEIPT,WH-PHC,PRD-0102,76,PO-2025-02038,EMP-009
TXN-002592,2025-06-02,RECEIPT,WH-PHC,PRD-0033,72,PO-2025-02063,EMP-004
TXN-002593,2025-06-02,RECEIPT,WH-IBD,PRD-0144,52,PO-2025-02077,EMP-002
TXN-002594,2025-06-02,RECEIPT,WH-LAG1,PRD-0159,68,PO-2025-02080,EMP-005
TXN-002595,2025-06-02,RECEIPT,WH-PHC,PRD-0012,47,PO-2025-02085,EMP-014
TXN-002596,2025-06-02,RECEIPT,WH-ABJ,PRD-0018,133,PO-2025-02087,EMP-023
TXN-002597,2025-06-02,RECEIPT,WH-PHC,PRD-0069,19,PO-2025-02099,EMP-029
TXN-002598,2025-06-02,RECEIPT,WH-LAG1,PRD-0105,52,PO-2025-02111,EMP-030
TXN-002599,2025-06-02,RECEIPT,WH-LAG2,PRD-0116,63,PO-2025-02115,EMP-031
TXN-002600,2025-06-02,RECEIPT,WH-LAG1,PRD-0134,59,PO-2025-02121,EMP-020
TXN-002601,2025-06-02,RECEIPT,WH-ABJ,PRD-0137,95,PO-2025-02122,EMP-018
TXN-002602,2025-06-02,RECEIPT,WH-IBD,PRD-0168,27,PO-2025-02132,EMP-007
TXN-002603,2025-06-02,TRANSFER_OUT,WH-LAG2,PRD-0086,-82,TRF-00098,EMP-001
TXN-002604,2025-06-02,TRANSFER_IN,WH-LAG1,PRD-0086,82,TRF-00098,EMP-010
TXN-002605,2025-06-03,RECEIPT,WH-ABJ,PRD-0091,100,PO-2025-02036,EMP-038
TXN-002606,2025-06-03,RECEIPT,WH-LAG2,PRD-0131,94,PO-2025-02120,EMP-021
TXN-002607,2025-06-04,RECEIPT,WH-IBD,PRD-0005,54,PO-2025-02015,EMP-027
TXN-002608,2025-06-04,RECEIPT,WH-PHC,PRD-0165,142,PO-2025-02130,EMP-039
TXN-002609,2025-06-05,RECEIPT,WH-PHC,PRD-0093,124,PO-2025-02104,EMP-004
TXN-002610,2025-06-05,RECEIPT,WH-LAG2,PRD-0096,18,PO-2025-02105,EMP-016
TXN-002611,2025-06-05,RECEIPT,WH-ABJ,PRD-0101,33,PO-2025-02108,EMP-028
TXN-002612,2025-06-05,RECEIPT,WH-LAG1,PRD-0109,144,PO-2025-02113,EMP-040
TXN-002613,2025-06-05,RECEIPT,WH-ABJ,PRD-0168,38,PO-2025-02133,EMP-038
TXN-002614,2025-06-05,RECEIPT,WH-IBD,PRD-0063,76,PO-2025-02150,EMP-022
TXN-002615,2025-06-05,RECEIPT,WH-PHC,PRD-0063,71,PO-2025-02151,EMP-004
TXN-002616,2025-06-05,RECEIPT,WH-IBD,PRD-0083,124,PO-2025-02160,EMP-007
TXN-002617,2025-06-05,RECEIPT,WH-IBD,PRD-0155,52,PO-2025-02177,EMP-037
TXN-002618,2025-06-06,RECEIPT,WH-LAG2,PRD-0065,80,PO-2025-02069,EMP-036
TXN-002619,2025-06-06,RECEIPT,WH-LAG2,PRD-0080,68,PO-2025-02072,EMP-001
TXN-002620,2025-06-06,RECEIPT,WH-ABJ,PRD-0037,109,PO-2025-02091,EMP-033
TXN-002621,2025-06-06,RECEIPT,WH-ABJ,PRD-0154,61,PO-2025-02126,EMP-013
TXN-002622,2025-06-07,RECEIPT,WH-PHC,PRD-0028,68,PO-2025-02024,EMP-004
TXN-002623,2025-06-07,RECEIPT,WH-ABJ,PRD-0064,144,PO-2025-02068,EMP-033
TXN-002624,2025-06-07,RECEIPT,WH-IBD,PRD-0149,19,PO-2025-02123,EMP-002
TXN-002625,2025-06-07,RECEIPT,WH-LAG1,PRD-0083,242,PO-2025-02159,EMP-020
TXN-002626,2025-06-08,RECEIPT,WH-LAG2,PRD-0005,53,PO-2025-02082,EMP-036
TXN-002627,2025-06-08,RECEIPT,WH-LAG1,PRD-0008,72,PO-2025-02084,EMP-035
TXN-002628,2025-06-08,RECEIPT,WH-PHC,PRD-0017,34,PO-2025-02086,EMP-024
TXN-002629,2025-06-08,RECEIPT,WH-PHC,PRD-0019,85,PO-2025-02088,EMP-024
TXN-002630,2025-06-08,RECEIPT,WH-ABJ,PRD-0074,92,PO-2025-02100,EMP-018
TXN-002631,2025-06-08,RECEIPT,WH-LAG1,PRD-0113,200,PO-2025-02114,EMP-020
TXN-002632,2025-06-08,RECEIPT,WH-PHC,PRD-0166,156,PO-2025-02180,EMP-039
TXN-002633,2025-06-08,TRANSFER_OUT,WH-LAG2,PRD-0070,-14,TRF-00099,EMP-026
TXN-002634,2025-06-08,TRANSFER_IN,WH-LAG1,PRD-0070,14,TRF-00099,EMP-020
TXN-002635,2025-06-09,RECEIPT,WH-PHC,PRD-0168,25,PO-2025-02134,EMP-024
TXN-002636,2025-06-09,RECEIPT,WH-LAG1,PRD-0067,149,PO-2025-02152,EMP-015
TXN-002637,2025-06-09,RECEIPT,WH-LAG1,PRD-0147,95,PO-2025-02172,EMP-035
TXN-002638,2025-06-10,RECEIPT,WH-ABJ,PRD-0085,124,PO-2025-02034,EMP-008
TXN-002639,2025-06-10,RECEIPT,WH-PHC,PRD-0005,52,PO-2025-02056,EMP-004
TXN-002640,2025-06-10,RECEIPT,WH-IBD,PRD-0150,53,PO-2025-02124,EMP-017
TXN-002641,2025-06-10,RECEIPT,WH-LAG1,PRD-0075,42,PO-2025-02156,EMP-020
TXN-002642,2025-06-10,RECEIPT,WH-LAG1,PRD-0146,71,PO-2025-02171,EMP-020
TXN-002643,2025-06-10,RECEIPT,WH-ABJ,PRD-0148,56,PO-2025-02174,EMP-018
TXN-002644,2025-06-10,TRANSFER_OUT,WH-ABJ,PRD-0150,-31,TRF-00100,EMP-023
TXN-002645,2025-06-10,TRANSFER_IN,WH-LAG1,PRD-0150,31,TRF-00100,EMP-030
TXN-002646,2025-06-11,RECEIPT,WH-PHC,PRD-0026,56,PO-2025-02089,EMP-009
TXN-002647,2025-06-11,RECEIPT,WH-LAG1,PRD-0128,109,PO-2025-02119,EMP-025
TXN-002648,2025-06-11,RECEIPT,WH-LAG2,PRD-0168,29,PO-2025-02131,EMP-026
TXN-002649,2025-06-11,RECEIPT,WH-ABJ,PRD-0034,33,PO-2025-02141,EMP-018
TXN-002650,2025-06-11,RECEIPT,WH-LAG2,PRD-0040,59,PO-2025-02143,EMP-031
TXN-002651,2025-06-11,RECEIPT,WH-LAG1,PRD-0103,159,PO-2025-02164,EMP-030
TXN-002652,2025-06-11,RECEIPT,WH-LAG2,PRD-0147,46,PO-2025-02173,EMP-026
TXN-002653,2025-06-11,RECEIPT,WH-ABJ,PRD-0156,210,PO-2025-02178,EMP-008
TXN-002654,2025-06-11,RECEIPT,WH-ABJ,PRD-0169,78,PO-2025-02181,EMP-033
TXN-002655,2025-06-12,RECEIPT,WH-LAG1,PRD-0086,413,PO-2025-02103,EMP-025
TXN-002656,2025-06-12,RECEIPT,WH-PHC,PRD-0045,63,PO-2025-02144,EMP-024
TXN-002657,2025-06-12,RECEIPT,WH-LAG1,PRD-0098,391,PO-2025-02163,EMP-005
TXN-002658,2025-06-12,RECEIPT,WH-LAG1,PRD-0129,25,PO-2025-02169,EMP-025
TXN-002659,2025-06-12,RECEIPT,WH-LAG1,PRD-0018,130,PO-2025-02189,EMP-035
TXN-002660,2025-06-12,RECEIPT,WH-LAG1,PRD-0030,36,PO-2025-02194,EMP-020
TXN-002661,2025-06-12,RECEIPT,WH-PHC,PRD-0039,134,PO-2025-02195,EMP-034
TXN-002662,2025-06-12,RECEIPT,WH-LAG1,PRD-0151,1297,PO-2025-02213,EMP-030
TXN-002663,2025-06-13,RECEIPT,WH-LAG1,PRD-0019,119,PO-2025-02059,EMP-025
TXN-002664,2025-06-13,RECEIPT,WH-LAG2,PRD-0123,82,PO-2025-02117,EMP-006
TXN-002665,2025-06-13,RECEIPT,WH-ABJ,PRD-0163,83,PO-2025-02128,EMP-013
TXN-002666,2025-06-13,RECEIPT,WH-LAG2,PRD-0011,75,PO-2025-02186,EMP-021
TXN-002667,2025-06-13,TRANSFER_OUT,WH-LAG1,PRD-0145,-27,TRF-00101,EMP-030
TXN-002668,2025-06-13,TRANSFER_IN,WH-PHC,PRD-0145,27,TRF-00101,EMP-004
TXN-002669,2025-06-14,RECEIPT,WH-PHC,PRD-0024,24,PO-2025-02060,EMP-029
TXN-002670,2025-06-14,RECEIPT,WH-IBD,PRD-0100,281,PO-2025-02106,EMP-012
TXN-002671,2025-06-14,RECEIPT,WH-LAG1,PRD-0037,179,PO-2025-02142,EMP-015
TXN-002672,2025-06-14,RECEIPT,WH-IBD,PRD-0122,102,PO-2025-02166,EMP-037
TXN-002673,2025-06-14,RECEIPT,WH-LAG1,PRD-0051,186,PO-2025-02197,EMP-005
TXN-002674,2025-06-15,RECEIPT,WH-LAG1,PRD-0121,293,PO-2025-02116,EMP-015
TXN-002675,2025-06-15,RECEIPT,WH-IBD,PRD-0027,21,PO-2025-02140,EMP-037
TXN-002676,2025-06-15,RECEIPT,WH-LAG1,PRD-0161,510,PO-2025-02179,EMP-035
TXN-002677,2025-06-15,RECEIPT,WH-LAG2,PRD-0004,171,PO-2025-02183,EMP-001
TXN-002678,2025-06-15,RECEIPT,WH-LAG1,PRD-0094,32,PO-2025-02203,EMP-040
TXN-002679,2025-06-15,RECEIPT,WH-ABJ,PRD-0109,94,PO-2025-02205,EMP-008
TXN-002680,2025-06-15,RECEIPT,WH-LAG1,PRD-0170,103,PO-2025-02216,EMP-010
TXN-002681,2025-06-15,TRANSFER_OUT,WH-PHC,PRD-0043,-16,TRF-00102,EMP-034
TXN-002682,2025-06-15,TRANSFER_IN,WH-LAG2,PRD-0043,16,TRF-00102,EMP-016
TXN-002683,2025-06-16,RECEIPT,WH-ABJ,PRD-0100,446,PO-2025-02107,EMP-023
TXN-002684,2025-06-16,RECEIPT,WH-IBD,PRD-0102,64,PO-2025-02109,EMP-007
TXN-002685,2025-06-16,RECEIPT,WH-ABJ,PRD-0107,31,PO-2025-02112,EMP-013
TXN-002686,2025-06-16,RECEIPT,WH-LAG1,PRD-0055,100,PO-2025-02147,EMP-030
TXN-002687,2025-06-16,RECEIPT,WH-ABJ,PRD-0095,33,PO-2025-02162,EMP-038
TXN-002688,2025-06-16,RECEIPT,WH-PHC,PRD-0122,121,PO-2025-02167,EMP-004
TXN-002689,2025-06-16,RECEIPT,WH-LAG1,PRD-0150,152,PO-2025-02175,EMP-040
TXN-002690,2025-06-16,RECEIPT,WH-LAG2,PRD-0150,61,PO-2025-02176,EMP-031
TXN-002691,2025-06-16,RECEIPT,WH-PHC,PRD-0011,108,PO-2025-02187,EMP-034
TXN-002692,2025-06-16,RECEIPT,WH-IBD,PRD-0018,98,PO-2025-02190,EMP-032
TXN-002693,2025-06-16,RECEIPT,WH-LAG2,PRD-0029,36,PO-2025-02193,EMP-016
TXN-002694,2025-06-16,RECEIPT,WH-LAG1,PRD-0079,95,PO-2025-02199,EMP-035
TXN-002695,2025-06-16,RECEIPT,WH-ABJ,PRD-0162,52,PO-2025-02214,EMP-003
TXN-002696,2025-06-17,RECEIPT,WH-ABJ,PRD-0046,71,PO-2025-02065,EMP-023
TXN-002697,2025-06-17,RECEIPT,WH-LAG1,PRD-0123,131,PO-2025-02168,EMP-040
TXN-002698,2025-06-17,RECEIPT,WH-ABJ,PRD-0007,103,PO-2025-02185,EMP-013
TXN-002699,2025-06-17,RECEIPT,WH-LAG1,PRD-0022,42,PO-2025-02191,EMP-005
TXN-002700,2025-06-17,RECEIPT,WH-IBD,PRD-0131,90,PO-2025-02209,EMP-012
TXN-002701,2025-06-17,RECEIPT,WH-IBD,PRD-0164,51,PO-2025-02215,EMP-037
TXN-002702,2025-06-18,RECEIPT,WH-ABJ,PRD-0056,50,PO-2025-02067,EMP-038
TXN-002703,2025-06-18,RECEIPT,WH-LAG1,PRD-0001,70,PO-2025-02081,EMP-005
TXN-002704,2025-06-18,RECEIPT,WH-LAG2,PRD-0055,57,PO-2025-02148,EMP-001
TXN-002705,2025-06-18,RECEIPT,WH-LAG1,PRD-0133,53,PO-2025-02170,EMP-010
TXN-002706,2025-06-19,RECEIPT,WH-PHC,PRD-0057,170,PO-2025-02094,EMP-009
TXN-002707,2025-06-19,RECEIPT,WH-PHC,PRD-0134,46,PO-2025-02210,EMP-039
TXN-002708,2025-06-19,RECEIPT,WH-IBD,PRD-0067,57,PO-2025-02234,EMP-012
TXN-002709,2025-06-20,RECEIPT,WH-LAG1,PRD-0076,199,PO-2025-02157,EMP-040
TXN-002710,2025-06-20,RECEIPT,WH-IBD,PRD-0091,65,PO-2025-02161,EMP-007
TXN-002711,2025-06-20,RECEIPT,WH-LAG1,PRD-0130,58,PO-2025-02208,EMP-015
TXN-002712,2025-06-20,RECEIPT,WH-IBD,PRD-0051,112,PO-2025-02228,EMP-012
TXN-002713,2025-06-21,RECEIPT,WH-LAG1,PRD-0028,121,PO-2025-02090,EMP-015
TXN-002714,2025-06-21,RECEIPT,WH-IBD,PRD-0080,84,PO-2025-02158,EMP-032
TXN-002715,2025-06-21,RECEIPT,WH-LAG1,PRD-0144,101,PO-2025-02211,EMP-040
TXN-002716,2025-06-21,RECEIPT,WH-PHC,PRD-0150,52,PO-2025-02212,EMP-009
TXN-002717,2025-06-21,RECEIPT,WH-IBD,PRD-0004,176,PO-2025-02217,EMP-007
TXN-002718,2025-06-21,RECEIPT,WH-LAG1,PRD-0059,85,PO-2025-02233,EMP-005
TXN-002719,2025-06-21,RECEIPT,WH-LAG2,PRD-0166,146,PO-2025-02253,EMP-021
TXN-002720,2025-06-21,TRANSFER_OUT,WH-LAG1,PRD-0053,-13,TRF-00103,EMP-025
TXN-002721,2025-06-21,TRANSFER_IN,WH-IBD,PRD-0053,13,TRF-00103,EMP-027
TXN-002722,2025-06-22,RECEIPT,WH-PHC,PRD-0047,72,PO-2025-02145,EMP-019
TXN-002723,2025-06-22,RECEIPT,WH-LAG1,PRD-0050,88,PO-2025-02146,EMP-040
TXN-002724,2025-06-22,RECEIPT,WH-LAG1,PRD-0070,83,PO-2025-02153,EMP-005
TXN-002725,2025-06-22,RECEIPT,WH-LAG2,PRD-0072,44,PO-2025-02155,EMP-011
TXN-002726,2025-06-22,RECEIPT,WH-PHC,PRD-0108,218,PO-2025-02204,EMP-004
TXN-002727,2025-06-22,RECEIPT,WH-IBD,PRD-0068,75,PO-2025-02236,EMP-002
TXN-002728,2025-06-22,RECEIPT,WH-PHC,PRD-0147,45,PO-2025-02251,EMP-029
TXN-002729,2025-06-23,RECEIPT,WH-LAG2,PRD-0025,57,PO-2025-02139,EMP-036
TXN-002730,2025-06-23,RECEIPT,WH-LAG2,PRD-0041,45,PO-2025-02196,EMP-026
TXN-002731,2025-06-23,RECEIPT,WH-ABJ,PRD-0049,47,PO-2025-02227,EMP-008
TXN-002732,2025-06-23,RECEIPT,WH-PHC,PRD-0051,119,PO-2025-02229,EMP-009
TXN-002733,2025-06-23,RECEIPT,WH-ABJ,PRD-0058,66,PO-2025-02232,EMP-038
TXN-002734,2025-06-23,RECEIPT,WH-LAG2,PRD-0068,84,PO-2025-02235,EMP-001
TXN-002735,2025-06-24,RECEIPT,WH-ABJ,PRD-0078,123,PO-2025-02101,EMP-028
TXN-002736,2025-06-24,RECEIPT,WH-PHC,PRD-0023,63,PO-2025-02138,EMP-009
TXN-002737,2025-06-24,RECEIPT,WH-LAG2,PRD-0037,90,PO-2025-02223,EMP-021
TXN-002738,2025-06-24,RECEIPT,WH-LAG1,PRD-0097,49,PO-2025-02242,EMP-020
TXN-002739,2025-06-24,RECEIPT,WH-LAG1,PRD-0131,195,PO-2025-02248,EMP-025
TXN-002740,2025-06-24,RECEIPT,WH-LAG2,PRD-0162,66,PO-2025-02252,EMP-026
TXN-002741,2025-06-24,TRANSFER_OUT,WH-LAG1,PRD-0076,-49,TRF-00104,EMP-010
TXN-002742,2025-06-24,TRANSFER_IN,WH-ABJ,PRD-0076,49,TRF-00104,EMP-033
TXN-002743,2025-06-25,RECEIPT,WH-LAG1,PRD-0023,126,PO-2025-02136,EMP-015
TXN-002744,2025-06-25,RECEIPT,WH-IBD,PRD-0107,27,PO-2025-02165,EMP-007
TXN-002745,2025-06-25,RECEIPT,WH-LAG2,PRD-0061,157,PO-2025-02198,EMP-001
TXN-002746,2025-06-25,RECEIPT,WH-LAG1,PRD-0080,108,PO-2025-02200,EMP-030
TXN-002747,2025-06-25,RECEIPT,WH-ABJ,PRD-0122,106,PO-2025-02246,EMP-033
TXN-002748,2025-06-25,TRANSFER_OUT,WH-LAG1,PRD-0031,-35,TRF-00105,EMP-005
TXN-002749,2025-06-25,TRANSFER_IN,WH-ABJ,PRD-0031,35,TRF-00105,EMP-018
TXN-002750,2025-06-26,RECEIPT,WH-PHC,PRD-0071,18,PO-2025-02154,EMP-034
TXN-002751,2025-06-26,RECEIPT,WH-LAG1,PRD-0007,113,PO-2025-02218,EMP-015
TXN-002752,2025-06-26,RECEIPT,WH-LAG1,PRD-0013,35,PO-2025-02219,EMP-020
TXN-002753,2025-06-26,RECEIPT,WH-ABJ,PRD-0135,193,PO-2025-02249,EMP-013
TXN-002754,2025-06-26,RECEIPT,WH-ABJ,PRD-0146,42,PO-2025-02250,EMP-013
TXN-002755,2025-06-26,RECEIPT,WH-ABJ,PRD-0031,124,PO-2025-02262,EMP-033
TXN-002756,2025-06-26,RECEIPT,WH-IBD,PRD-0045,50,PO-2025-02265,EMP-027
TXN-002757,2025-06-26,RECEIPT,WH-PHC,PRD-0079,68,PO-2025-02273,EMP-009
TXN-002758,2025-06-26,RECEIPT,WH-PHC,PRD-0155,40,PO-2025-02292,EMP-004
TXN-002759,2025-06-27,RECEIPT,WH-ABJ,PRD-0017,49,PO-2025-02188,EMP-023
TXN-002760,2025-06-27,RECEIPT,WH-PHC,PRD-0091,100,PO-2025-02202,EMP-024
TXN-002761,2025-06-27,RECEIPT,WH-ABJ,PRD-0123,92,PO-2025-02207,EMP-008
TXN-002762,2025-06-27,RECEIPT,WH-PHC,PRD-0046,62,PO-2025-02225,EMP-009
TXN-002763,2025-06-27,RECEIPT,WH-IBD,PRD-0095,21,PO-2025-02241,EMP-012
TXN-002764,2025-06-27,RECEIPT,WH-IBD,PRD-0126,37,PO-2025-02247,EMP-037
TXN-002765,2025-06-27,RECEIPT,WH-LAG1,PRD-0039,284,PO-2025-02263,EMP-015
TXN-002766,2025-06-28,RECEIPT,WH-ABJ,PRD-0090,1470,PO-2025-02201,EMP-018
TXN-002767,2025-06-28,RECEIPT,WH-LAG1,PRD-0118,335,PO-2025-02206,EMP-020
TXN-002768,2025-06-28,RECEIPT,WH-IBD,PRD-0026,41,PO-2025-02222,EMP-012
TXN-002769,2025-06-28,RECEIPT,WH-ABJ,PRD-0155,78,PO-2025-02291,EMP-028
TXN-002770,2025-06-28,TRANSFER_OUT,WH-LAG1,PRD-0055,-23,TRF-00106,EMP-025
TXN-002771,2025-06-28,TRANSFER_IN,WH-ABJ,PRD-0055,23,TRF-00106,EMP-008
TXN-002772,2025-06-29,RECEIPT,WH-LAG2,PRD-0056,56,PO-2025-02149,EMP-036
TXN-002773,2025-06-29,RECEIPT,WH-ABJ,PRD-0016,116,PO-2025-02220,EMP-028
TXN-002774,2025-06-29,RECEIPT,WH-PHC,PRD-0097,25,PO-2025-02277,EMP-024
TXN-002775,2025-06-30,RECEIPT,WH-IBD,PRD-0017,48,PO-2025-02135,EMP-027
TXN-002776,2025-06-30,RECEIPT,WH-ABJ,PRD-0023,84,PO-2025-02137,EMP-038
TXN-002777,2025-06-30,RECEIPT,WH-IBD,PRD-0114,17,PO-2025-02244,EMP-012
TXN-002778,2025-06-30,RECEIPT,WH-ABJ,PRD-0117,78,PO-2025-02245,EMP-033
TXN-002779,2025-06-30,RECEIPT,WH-LAG2,PRD-0049,53,PO-2025-02266,EMP-016
TXN-002780,2025-06-30,RECEIPT,WH-LAG2,PRD-0084,119,PO-2025-02274,EMP-011
TXN-002781,2025-06-30,ADJUSTMENT,WH-LAG1,PRD-0147,-2,EXPIRY,EMP-035
TXN-002782,2025-06-30,ADJUSTMENT,WH-LAG1,PRD-0031,-1,SHRINKAGE,EMP-005
TXN-002783,2025-06-30,ADJUSTMENT,WH-LAG1,PRD-0159,-2,SHRINKAGE,EMP-040
TXN-002784,2025-06-30,ADJUSTMENT,WH-LAG1,PRD-0145,-2,SHRINKAGE,EMP-005
TXN-002785,2025-06-30,ADJUSTMENT,WH-LAG1,PRD-0110,-1,DAMAGE,EMP-015
TXN-002786,2025-06-30,ADJUSTMENT,WH-LAG1,PRD-0147,-2,SHRINKAGE,EMP-035
TXN-002787,2025-06-30,ADJUSTMENT,WH-LAG1,PRD-0084,-2,EXPIRY,EMP-035
TXN-002788,2025-06-30,ADJUSTMENT,WH-LAG1,PRD-0154,-1,DAMAGE,EMP-030
TXN-002789,2025-06-30,ADJUSTMENT,WH-LAG1,PRD-0132,-1,DAMAGE,EMP-030
TXN-002790,2025-06-30,ADJUSTMENT,WH-LAG2,PRD-0108,-2,EXPIRY,EMP-036
TXN-002791,2025-06-30,ADJUSTMENT,WH-LAG2,PRD-0035,-2,DAMAGE,EMP-016
TXN-002792,2025-06-30,ADJUSTMENT,WH-LAG2,PRD-0095,-1,EXPIRY,EMP-036
TXN-002793,2025-06-30,ADJUSTMENT,WH-LAG2,PRD-0170,-2,SHRINKAGE,EMP-016
TXN-002794,2025-06-30,ADJUSTMENT,WH-LAG2,PRD-0130,-2,DAMAGE,EMP-016
TXN-002795,2025-06-30,ADJUSTMENT,WH-LAG2,PRD-0123,-1,DAMAGE,EMP-011
TXN-002796,2025-06-30,ADJUSTMENT,WH-LAG2,PRD-0106,-2,EXPIRY,EMP-031
TXN-002797,2025-06-30,ADJUSTMENT,WH-IBD,PRD-0122,-2,DAMAGE,EMP-017
TXN-002798,2025-06-30,ADJUSTMENT,WH-IBD,PRD-0100,-3,EXPIRY,EMP-027
TXN-002799,2025-06-30,ADJUSTMENT,WH-IBD,PRD-0080,-2,DAMAGE,EMP-032
TXN-002800,2025-06-30,ADJUSTMENT,WH-IBD,PRD-0035,-2,SHRINKAGE,EMP-037
TXN-002801,2025-06-30,ADJUSTMENT,WH-IBD,PRD-0111,-2,SHRINKAGE,EMP-022
TXN-002802,2025-06-30,ADJUSTMENT,WH-IBD,PRD-0084,-2,DAMAGE,EMP-027
TXN-002803,2025-06-30,ADJUSTMENT,WH-IBD,PRD-0024,-2,SHRINKAGE,EMP-012
TXN-002804,2025-06-30,ADJUSTMENT,WH-IBD,PRD-0008,-2,EXPIRY,EMP-022
TXN-002805,2025-06-30,ADJUSTMENT,WH-IBD,PRD-0092,-1,DAMAGE,EMP-037
TXN-002806,2025-06-30,ADJUSTMENT,WH-ABJ,PRD-0030,-2,EXPIRY,EMP-033
TXN-002807,2025-06-30,ADJUSTMENT,WH-ABJ,PRD-0101,-1,DAMAGE,EMP-033
TXN-002808,2025-06-30,ADJUSTMENT,WH-ABJ,PRD-0099,-2,EXPIRY,EMP-023
TXN-002809,2025-06-30,ADJUSTMENT,WH-PHC,PRD-0165,-3,DAMAGE,EMP-004
TXN-002810,2025-06-30,ADJUSTMENT,WH-PHC,PRD-0100,-1,EXPIRY,EMP-034
TXN-002811,2025-06-30,ADJUSTMENT,WH-PHC,PRD-0151,-11,SHRINKAGE,EMP-004
TXN-002812,2025-06-30,ADJUSTMENT,WH-PHC,PRD-0156,-1,SHRINKAGE,EMP-014
TXN-002813,2025-06-30,ADJUSTMENT,WH-PHC,PRD-0053,-1,SHRINKAGE,EMP-014
TXN-002814,2025-07-01,RECEIPT,WH-ABJ,PRD-0119,25,PO-2025-02282,EMP-008
TXN-002815,2025-07-01,RECEIPT,WH-PHC,PRD-0141,51,PO-2025-02289,EMP-009
TXN-002816,2025-07-02,RECEIPT,WH-LAG2,PRD-0024,29,PO-2025-02192,EMP-011
TXN-002817,2025-07-03,RECEIPT,WH-ABJ,PRD-0080,99,PO-2025-02239,EMP-018
TXN-002818,2025-07-03,RECEIPT,WH-IBD,PRD-0108,154,PO-2025-02279,EMP-032
TXN-002819,2025-07-03,RECEIPT,WH-IBD,PRD-0125,244,PO-2025-02285,EMP-022
TXN-002820,2025-07-03,RECEIPT,WH-LAG2,PRD-0145,85,PO-2025-02290,EMP-026
TXN-002821,2025-07-03,RECEIPT,WH-LAG1,PRD-0058,90,PO-2025-02302,EMP-015
TXN-002822,2025-07-04,RECEIPT,WH-LAG2,PRD-0100,197,PO-2025-02243,EMP-036
TXN-002823,2025-07-04,RECEIPT,WH-LAG2,PRD-0069,23,PO-2025-02305,EMP-011
TXN-002824,2025-07-04,TRANSFER_OUT,WH-LAG1,PRD-0049,-24,TRF-00107,EMP-020
TXN-002825,2025-07-04,TRANSFER_IN,WH-PHC,PRD-0049,24,TRF-00107,EMP-039
TXN-002826,2025-07-05,RECEIPT,WH-IBD,PRD-0041,61,PO-2025-02264,EMP-012
TXN-002827,2025-07-05,RECEIPT,WH-LAG2,PRD-0122,103,PO-2025-02284,EMP-006
TXN-002828,2025-07-05,RECEIPT,WH-LAG1,PRD-0135,315,PO-2025-02286,EMP-030
TXN-002829,2025-07-05,RECEIPT,WH-LAG1,PRD-0141,88,PO-2025-02288,EMP-020
TXN-002830,2025-07-05,RECEIPT,WH-LAG1,PRD-0011,139,PO-2025-02297,EMP-030
TXN-002831,2025-07-05,RECEIPT,WH-ABJ,PRD-0097,30,PO-2025-02311,EMP-003
TXN-002832,2025-07-06,RECEIPT,WH-ABJ,PRD-0001,51,PO-2025-02182,EMP-008
TXN-002833,2025-07-06,RECEIPT,WH-LAG2,PRD-0167,62,PO-2025-02293,EMP-001
TXN-002834,2025-07-06,RECEIPT,WH-PHC,PRD-0007,81,PO-2025-02294,EMP-039
TXN-002835,2025-07-07,RECEIPT,WH-IBD,PRD-0085,74,PO-2025-02240,EMP-007
TXN-002836,2025-07-07,RECEIPT,WH-PHC,PRD-0117,65,PO-2025-02280,EMP-009
TXN-002837,2025-07-07,RECEIPT,WH-IBD,PRD-0139,76,PO-2025-02287,EMP-007
TXN-002838,2025-07-07,RECEIPT,WH-LAG2,PRD-0077,220,PO-2025-02308,EMP-031
TXN-002839,2025-07-07,RECEIPT,WH-PHC,PRD-0152,67,PO-2025-02325,EMP-024
TXN-002840,2025-07-08,RECEIPT,WH-LAG1,PRD-0048,107,PO-2025-02226,EMP-035
TXN-002841,2025-07-08,RECEIPT,WH-PHC,PRD-0010,22,PO-2025-02257,EMP-034
TXN-002842,2025-07-08,RECEIPT,WH-LAG1,PRD-0045,152,PO-2025-02299,EMP-040
TXN-002843,2025-07-08,RECEIPT,WH-ABJ,PRD-0094,29,PO-2025-02310,EMP-028
TXN-002844,2025-07-08,RECEIPT,WH-IBD,PRD-0111,103,PO-2025-02315,EMP-032
TXN-002845,2025-07-09,RECEIPT,WH-LAG1,PRD-0006,47,PO-2025-02184,EMP-030
TXN-002846,2025-07-09,RECEIPT,WH-PHC,PRD-0073,19,PO-2025-02238,EMP-009
TXN-002847,2025-07-09,RECEIPT,WH-LAG2,PRD-0121,183,PO-2025-02283,EMP-021
TXN-002848,2025-07-09,RECEIPT,WH-LAG2,PRD-0112,24,PO-2025-02316,EMP-021
TXN-002849,2025-07-09,RECEIPT,WH-ABJ,PRD-0142,112,PO-2025-02323,EMP-018
TXN-002850,2025-07-09,RECEIPT,WH-PHC,PRD-0169,70,PO-2025-02331,EMP-004
TXN-002851,2025-07-10,RECEIPT,WH-LAG1,PRD-0044,17,PO-2025-02224,EMP-015
TXN-002852,2025-07-10,RECEIPT,WH-LAG1,PRD-0052,31,PO-2025-02230,EMP-040
TXN-002853,2025-07-10,RECEIPT,WH-LAG2,PRD-0013,26,PO-2025-02258,EMP-011
TXN-002854,2025-07-10,RECEIPT,WH-LAG1,PRD-0020,145,PO-2025-02259,EMP-005
TXN-002855,2025-07-10,RECEIPT,WH-LAG2,PRD-0091,76,PO-2025-02276,EMP-011
TXN-002856,2025-07-10,RECEIPT,WH-PHC,PRD-0098,118,PO-2025-02312,EMP-024
TXN-002857,2025-07-10,RECEIPT,WH-ABJ,PRD-0143,64,PO-2025-02324,EMP-028
TXN-002858,2025-07-10,RECEIPT,WH-LAG2,PRD-0031,112,PO-2025-02339,EMP-021
TXN-002859,2025-07-10,RECEIPT,WH-LAG2,PRD-0058,37,PO-2025-02342,EMP-031
TXN-002860,2025-07-10,RECEIPT,WH-LAG2,PRD-0164,56,PO-2025-02366,EMP-006
TXN-002861,2025-07-11,RECEIPT,WH-LAG1,PRD-0072,123,PO-2025-02237,EMP-030
TXN-002862,2025-07-11,RECEIPT,WH-LAG2,PRD-0050,42,PO-2025-02267,EMP-016
TXN-002863,2025-07-11,RECEIPT,WH-ABJ,PRD-0076,102,PO-2025-02271,EMP-003
TXN-002864,2025-07-11,RECEIPT,WH-ABJ,PRD-0118,210,PO-2025-02281,EMP-038
TXN-002865,2025-07-11,RECEIPT,WH-LAG2,PRD-0008,48,PO-2025-02295,EMP-011
TXN-002866,2025-07-11,RECEIPT,WH-PHC,PRD-0163,73,PO-2025-02328,EMP-009
TXN-002867,2025-07-12,RECEIPT,WH-IBD,PRD-0003,21,PO-2025-02255,EMP-027
TXN-002868,2025-07-12,RECEIPT,WH-LAG1,PRD-0056,77,PO-2025-02268,EMP-030
TXN-002869,2025-07-12,RECEIPT,WH-LAG1,PRD-0047,118,PO-2025-02301,EMP-035
TXN-002870,2025-07-12,RECEIPT,WH-LAG1,PRD-0115,108,PO-2025-02319,EMP-025
TXN-002871,2025-07-12,RECEIPT,WH-ABJ,PRD-0161,450,PO-2025-02327,EMP-013
TXN-002872,2025-07-12,RECEIPT,WH-ABJ,PRD-0167,76,PO-2025-02329,EMP-008
TXN-002873,2025-07-12,RECEIPT,WH-LAG2,PRD-0018,69,PO-2025-02336,EMP-026
TXN-002874,2025-07-12,RECEIPT,WH-ABJ,PRD-0040,57,PO-2025-02340,EMP-003
TXN-002875,2025-07-12,RECEIPT,WH-IBD,PRD-0109,76,PO-2025-02355,EMP-017
TXN-002876,2025-07-13,RECEIPT,WH-LAG1,PRD-0041,111,PO-2025-02298,EMP-015
TXN-002877,2025-07-13,RECEIPT,WH-IBD,PRD-0154,50,PO-2025-02363,EMP-037
TXN-002878,2025-07-14,RECEIPT,WH-ABJ,PRD-0019,102,PO-2025-02221,EMP-013
TXN-002879,2025-07-14,RECEIPT,WH-ABJ,PRD-0057,141,PO-2025-02231,EMP-023
TXN-002880,2025-07-14,RECEIPT,WH-PHC,PRD-0026,56,PO-2025-02261,EMP-034
TXN-002881,2025-07-14,RECEIPT,WH-PHC,PRD-0125,273,PO-2025-02321,EMP-009
TXN-002882,2025-07-14,RECEIPT,WH-IBD,PRD-0160,172,PO-2025-02326,EMP-002
TXN-002883,2025-07-14,RECEIPT,WH-PHC,PRD-0168,26,PO-2025-02330,EMP-039
TXN-002884,2025-07-14,RECEIPT,WH-LAG1,PRD-0031,186,PO-2025-02338,EMP-030
TXN-002885,2025-07-14,RECEIPT,WH-PHC,PRD-0058,55,PO-2025-02343,EMP-024
TXN-002886,2025-07-14,RECEIPT,WH-ABJ,PRD-0077,217,PO-2025-02346,EMP-013
TXN-002887,2025-07-14,RECEIPT,WH-ABJ,PRD-0103,83,PO-2025-02351,EMP-023
TXN-002888,2025-07-15,RECEIPT,WH-LAG2,PRD-0078,91,PO-2025-02272,EMP-006
TXN-002889,2025-07-15,RECEIPT,WH-LAG1,PRD-0099,43,PO-2025-02278,EMP-030
TXN-002890,2025-07-15,RECEIPT,WH-LAG1,PRD-0009,42,PO-2025-02296,EMP-015
TXN-002891,2025-07-15,RECEIPT,WH-ABJ,PRD-0063,91,PO-2025-02344,EMP-033
TXN-002892,2025-07-15,RECEIPT,WH-PHC,PRD-0103,82,PO-2025-02352,EMP-009
TXN-002893,2025-07-15,RECEIPT,WH-LAG2,PRD-0130,49,PO-2025-02359,EMP-006
TXN-002894,2025-07-15,RECEIPT,WH-ABJ,PRD-0165,220,PO-2025-02367,EMP-038
TXN-002895,2025-07-16,RECEIPT,WH-LAG1,PRD-0026,113,PO-2025-02260,EMP-035
TXN-002896,2025-07-16,RECEIPT,WH-PHC,PRD-0076,68,PO-2025-02307,EMP-029
TXN-002897,2025-07-16,RECEIPT,WH-IBD,PRD-0128,65,PO-2025-02322,EMP-012
TXN-002898,2025-07-16,RECEIPT,WH-LAG2,PRD-0016,104,PO-2025-02334,EMP-026
TXN-002899,2025-07-16,TRANSFER_OUT,WH-LAG2,PRD-0084,-34,TRF-00108,EMP-011
TXN-002900,2025-07-16,TRANSFER_IN,WH-IBD,PRD-0084,34,TRF-00108,EMP-032
TXN-002901,2025-07-17,RECEIPT,WH-LAG1,PRD-0003,36,PO-2025-02254,EMP-025
TXN-002902,2025-07-17,RECEIPT,WH-ABJ,PRD-0113,119,PO-2025-02318,EMP-028
TXN-002903,2025-07-17,RECEIPT,WH-LAG2,PRD-0007,86,PO-2025-02333,EMP-006
TXN-002904,2025-07-17,RECEIPT,WH-LAG1,PRD-0088,57,PO-2025-02349,EMP-020
TXN-002905,2025-07-17,RECEIPT,WH-IBD,PRD-0110,27,PO-2025-02356,EMP-007
TXN-002906,2025-07-17,RECEIPT,WH-LAG2,PRD-0156,112,PO-2025-02364,EMP-026
TXN-002907,2025-07-17,RECEIPT,WH-ABJ,PRD-0051,143,PO-2025-02380,EMP-033
TXN-002908,2025-07-17,RECEIPT,WH-ABJ,PRD-0059,74,PO-2025-02382,EMP-013
TXN-002909,2025-07-17,RECEIPT,WH-LAG1,PRD-0157,152,PO-2025-02403,EMP-005
TXN-002910,2025-07-18,RECEIPT,WH-LAG1,PRD-0065,123,PO-2025-02270,EMP-030
TXN-002911,2025-07-18,RECEIPT,WH-LAG1,PRD-0064,158,PO-2025-02303,EMP-025
TXN-002912,2025-07-18,RECEIPT,WH-LAG2,PRD-0076,66,PO-2025-02306,EMP-006
TXN-002913,2025-07-18,RECEIPT,WH-IBD,PRD-0113,112,PO-2025-02317,EMP-037
TXN-002914,2025-07-18,RECEIPT,WH-PHC,PRD-0118,186,PO-2025-02320,EMP-014
TXN-002915,2025-07-18,RECEIPT,WH-ABJ,PRD-0108,170,PO-2025-02354,EMP-028
TXN-002916,2025-07-18,RECEIPT,WH-LAG1,PRD-0138,182,PO-2025-02400,EMP-025
TXN-002917,2025-07-19,RECEIPT,WH-LAG2,PRD-0064,95,PO-2025-02269,EMP-016
TXN-002918,2025-07-19,RECEIPT,WH-LAG1,PRD-0091,147,PO-2025-02309,EMP-035
TXN-002919,2025-07-19,RECEIPT,WH-LAG1,PRD-0100,743,PO-2025-02313,EMP-005
TXN-002920,2025-07-19,RECEIPT,WH-LAG1,PRD-0107,56,PO-2025-02314,EMP-035
TXN-002921,2025-07-19,RECEIPT,WH-ABJ,PRD-0024,50,PO-2025-02337,EMP-028
TXN-002922,2025-07-19,RECEIPT,WH-PHC,PRD-0130,40,PO-2025-02360,EMP-019
TXN-002923,2025-07-20,RECEIPT,WH-LAG2,PRD-0090,849,PO-2025-02275,EMP-006
TXN-002924,2025-07-20,RECEIPT,WH-LAG2,PRD-0133,43,PO-2025-02361,EMP-016
TXN-002925,2025-07-20,RECEIPT,WH-LAG2,PRD-0161,264,PO-2025-02365,EMP-006
TXN-002926,2025-07-20,RECEIPT,WH-LAG2,PRD-0060,132,PO-2025-02384,EMP-011
TXN-002927,2025-07-21,RECEIPT,WH-LAG1,PRD-0010,38,PO-2025-02256,EMP-025
TXN-002928,2025-07-21,RECEIPT,WH-LAG2,PRD-0108,181,PO-2025-02353,EMP-001
TXN-002929,2025-07-21,RECEIPT,WH-LAG2,PRD-0114,20,PO-2025-02357,EMP-001
TXN-002930,2025-07-21,RECEIPT,WH-ABJ,PRD-0008,53,PO-2025-02369,EMP-003
TXN-002931,2025-07-21,RECEIPT,WH-LAG2,PRD-0011,83,PO-2025-02371,EMP-031
TXN-002932,2025-07-21,RECEIPT,WH-ABJ,PRD-0039,136,PO-2025-02377,EMP-028
TXN-002933,2025-07-21,RECEIPT,WH-PHC,PRD-0132,53,PO-2025-02399,EMP-039
TXN-002934,2025-07-21,TRANSFER_OUT,WH-LAG1,PRD-0170,-26,TRF-00109,EMP-005
TXN-002935,2025-07-21,TRANSFER_IN,WH-ABJ,PRD-0170,26,TRF-00109,EMP-003
TXN-002936,2025-07-22,RECEIPT,WH-LAG1,PRD-0060,193,PO-2025-02383,EMP-025
TXN-002937,2025-07-22,RECEIPT,WH-PHC,PRD-0069,21,PO-2025-02386,EMP-039
TXN-002938,2025-07-22,RECEIPT,WH-IBD,PRD-0116,56,PO-2025-02395,EMP-017
TXN-002939,2025-07-22,RECEIPT,WH-LAG1,PRD-0127,82,PO-2025-02396,EMP-015
TXN-002940,2025-07-22,TRANSFER_OUT,WH-LAG1,PRD-0067,-35,TRF-00110,EMP-040
TXN-002941,2025-07-22,TRANSFER_IN,WH-LAG2,PRD-0067,35,TRF-00110,EMP-006
TXN-002942,2025-07-23,RECEIPT,WH-LAG2,PRD-0048,55,PO-2025-02341,EMP-016
TXN-002943,2025-07-23,RECEIPT,WH-LAG2,PRD-0111,86,PO-2025-02394,EMP-001
TXN-002944,2025-07-24,RECEIPT,WH-LAG2,PRD-0154,67,PO-2025-02362,EMP-031
TXN-002945,2025-07-24,RECEIPT,WH-LAG2,PRD-0139,76,PO-2025-02401,EMP-006
TXN-002946,2025-07-24,RECEIPT,WH-LAG1,PRD-0155,73,PO-2025-02424,EMP-020
TXN-002947,2025-07-24,RECEIPT,WH-LAG2,PRD-0157,77,PO-2025-02425,EMP-016
TXN-002948,2025-07-25,RECEIPT,WH-PHC,PRD-0074,55,PO-2025-02389,EMP-004
TXN-002949,2025-07-25,RECEIPT,WH-PHC,PRD-0128,91,PO-2025-02397,EMP-009
TXN-002950,2025-07-25,RECEIPT,WH-LAG2,PRD-0131,79,PO-2025-02398,EMP-026
TXN-002951,2025-07-26,RECEIPT,WH-PHC,PRD-0064,76,PO-2025-02304,EMP-034
TXN-002952,2025-07-26,RECEIPT,WH-PHC,PRD-0013,26,PO-2025-02372,EMP-024
TXN-002953,2025-07-26,RECEIPT,WH-LAG2,PRD-0014,16,PO-2025-02373,EMP-016
TXN-002954,2025-07-26,RECEIPT,WH-ABJ,PRD-0041,61,PO-2025-02378,EMP-008
TXN-002955,2025-07-26,RECEIPT,WH-PHC,PRD-0050,48,PO-2025-02379,EMP-009
TXN-002956,2025-07-26,RECEIPT,WH-LAG2,PRD-0147,55,PO-2025-02422,EMP-021
TXN-002957,2025-07-27,RECEIPT,WH-LAG2,PRD-0046,52,PO-2025-02300,EMP-036
TXN-002958,2025-07-27,RECEIPT,WH-PHC,PRD-0025,43,PO-2025-02376,EMP-019
TXN-002959,2025-07-27,RECEIPT,WH-ABJ,PRD-0022,25,PO-2025-02406,EMP-023
TXN-002960,2025-07-27,RECEIPT,WH-LAG2,PRD-0081,78,PO-2025-02417,EMP-006
TXN-002961,2025-07-28,RECEIPT,WH-LAG2,PRD-0009,31,PO-2025-02370,EMP-026
TXN-002962,2025-07-28,RECEIPT,WH-ABJ,PRD-0016,149,PO-2025-02374,EMP-023
TXN-002963,2025-07-28,RECEIPT,WH-LAG2,PRD-0085,107,PO-2025-02390,EMP-006
TXN-002964,2025-07-28,RECEIPT,WH-ABJ,PRD-0098,219,PO-2025-02392,EMP-038
TXN-002965,2025-07-28,RECEIPT,WH-ABJ,PRD-0144,59,PO-2025-02402,EMP-013
TXN-002966,2025-07-28,RECEIPT,WH-LAG1,PRD-0053,34,PO-2025-02412,EMP-035
TXN-002967,2025-07-28,RECEIPT,WH-PHC,PRD-0077,231,PO-2025-02415,EMP-014
TXN-002968,2025-07-28,RECEIPT,WH-LAG1,PRD-0140,60,PO-2025-02421,EMP-015
TXN-002969,2025-07-29,RECEIPT,WH-PHC,PRD-0006,26,PO-2025-02368,EMP-029
TXN-002970,2025-07-29,RECEIPT,WH-IBD,PRD-0011,85,PO-2025-02404,EMP-022
TXN-002971,2025-07-29,RECEIPT,WH-PHC,PRD-0016,137,PO-2025-02405,EMP-014
TXN-002972,2025-07-30,RECEIPT,WH-LAG1,PRD-0085,146,PO-2025-02348,EMP-025
TXN-002973,2025-07-30,RECEIPT,WH-PHC,PRD-0090,988,PO-2025-02350,EMP-039
TXN-002974,2025-07-30,RECEIPT,WH-ABJ,PRD-0045,76,PO-2025-02410,EMP-028
TXN-002975,2025-07-31,RECEIPT,WH-IBD,PRD-0017,46,PO-2025-02335,EMP-017
TXN-002976,2025-07-31,RECEIPT,WH-PHC,PRD-0107,27,PO-2025-02393,EMP-014
TXN-002977,2025-07-31,RECEIPT,WH-LAG2,PRD-0109,84,PO-2025-02419,EMP-016
TXN-002978,2025-07-31,ADJUSTMENT,WH-LAG1,PRD-0078,-3,EXPIRY,EMP-030
TXN-002979,2025-07-31,ADJUSTMENT,WH-LAG1,PRD-0098,-6,EXPIRY,EMP-035
TXN-002980,2025-07-31,ADJUSTMENT,WH-LAG1,PRD-0034,-1,EXPIRY,EMP-040
TXN-002981,2025-07-31,ADJUSTMENT,WH-LAG1,PRD-0148,-1,SHRINKAGE,EMP-015
TXN-002982,2025-07-31,ADJUSTMENT,WH-LAG1,PRD-0065,-2,EXPIRY,EMP-020
TXN-002983,2025-07-31,ADJUSTMENT,WH-LAG1,PRD-0158,-1,SHRINKAGE,EMP-020
TXN-002984,2025-07-31,ADJUSTMENT,WH-LAG1,PRD-0038,-2,EXPIRY,EMP-010
TXN-002985,2025-07-31,ADJUSTMENT,WH-LAG2,PRD-0114,-2,DAMAGE,EMP-001
TXN-002986,2025-07-31,ADJUSTMENT,WH-LAG2,PRD-0029,-1,EXPIRY,EMP-016
TXN-002987,2025-07-31,ADJUSTMENT,WH-LAG2,PRD-0076,-1,EXPIRY,EMP-016
TXN-002988,2025-07-31,ADJUSTMENT,WH-LAG2,PRD-0024,-2,DAMAGE,EMP-021
TXN-002989,2025-07-31,ADJUSTMENT,WH-LAG2,PRD-0126,-1,DAMAGE,EMP-036
TXN-002990,2025-07-31,ADJUSTMENT,WH-LAG2,PRD-0153,-2,EXPIRY,EMP-001
TXN-002991,2025-07-31,ADJUSTMENT,WH-LAG2,PRD-0016,-1,DAMAGE,EMP-011
TXN-002992,2025-07-31,ADJUSTMENT,WH-IBD,PRD-0070,-1,DAMAGE,EMP-032
TXN-002993,2025-07-31,ADJUSTMENT,WH-IBD,PRD-0026,-2,EXPIRY,EMP-022
TXN-002994,2025-07-31,ADJUSTMENT,WH-IBD,PRD-0101,-1,SHRINKAGE,EMP-007
TXN-002995,2025-07-31,ADJUSTMENT,WH-IBD,PRD-0004,-3,SHRINKAGE,EMP-037
TXN-002996,2025-07-31,ADJUSTMENT,WH-IBD,PRD-0062,-2,SHRINKAGE,EMP-037
TXN-002997,2025-07-31,ADJUSTMENT,WH-IBD,PRD-0156,-4,SHRINKAGE,EMP-022
TXN-002998,2025-07-31,ADJUSTMENT,WH-IBD,PRD-0036,-1,EXPIRY,EMP-027
TXN-002999,2025-07-31,ADJUSTMENT,WH-IBD,PRD-0098,-1,DAMAGE,EMP-002
TXN-003000,2025-07-31,ADJUSTMENT,WH-ABJ,PRD-0021,-2,SHRINKAGE,EMP-013
TXN-003001,2025-07-31,ADJUSTMENT,WH-ABJ,PRD-0035,-1,DAMAGE,EMP-038
TXN-003002,2025-07-31,ADJUSTMENT,WH-ABJ,PRD-0068,-1,EXPIRY,EMP-033
TXN-003003,2025-07-31,ADJUSTMENT,WH-ABJ,PRD-0099,-2,DAMAGE,EMP-023
TXN-003004,2025-07-31,ADJUSTMENT,WH-PHC,PRD-0003,-1,DAMAGE,EMP-024
TXN-003005,2025-07-31,ADJUSTMENT,WH-PHC,PRD-0027,-2,EXPIRY,EMP-009
TXN-003006,2025-07-31,ADJUSTMENT,WH-PHC,PRD-0132,-2,EXPIRY,EMP-024
TXN-003007,2025-07-31,ADJUSTMENT,WH-PHC,PRD-0099,-1,SHRINKAGE,EMP-024
TXN-003008,2025-08-01,RECEIPT,WH-LAG2,PRD-0118,140,PO-2025-02358,EMP-026
TXN-003009,2025-08-01,RECEIPT,WH-LAG1,PRD-0025,76,PO-2025-02375,EMP-030
TXN-003010,2025-08-01,RECEIPT,WH-LAG2,PRD-0106,31,PO-2025-02418,EMP-001
TXN-003011,2025-08-01,RECEIPT,WH-LAG2,PRD-0126,39,PO-2025-02420,EMP-036
TXN-003012,2025-08-01,RECEIPT,WH-LAG2,PRD-0149,19,PO-2025-02423,EMP-026
TXN-003013,2025-08-01,RECEIPT,WH-LAG2,PRD-0155,46,PO-2025-02463,EMP-011
TXN-003014,2025-08-02,RECEIPT,WH-PHC,PRD-0070,40,PO-2025-02345,EMP-029
TXN-003015,2025-08-02,RECEIPT,WH-ABJ,PRD-0072,56,PO-2025-02387,EMP-003
TXN-003016,2025-08-02,RECEIPT,WH-IBD,PRD-0088,51,PO-2025-02391,EMP-027
TXN-003017,2025-08-02,RECEIPT,WH-ABJ,PRD-0011,86,PO-2025-02431,EMP-008
TXN-003018,2025-08-02,RECEIPT,WH-LAG1,PRD-0035,150,PO-2025-02435,EMP-035
TXN-003019,2025-08-02,RECEIPT,WH-LAG2,PRD-0151,380,PO-2025-02462,EMP-026
TXN-003020,2025-08-03,RECEIPT,WH-LAG2,PRD-0074,80,PO-2025-02414,EMP-031
TXN-003021,2025-08-03,RECEIPT,WH-LAG2,PRD-0039,104,PO-2025-02436,EMP-021
TXN-003022,2025-08-03,RECEIPT,WH-LAG2,PRD-0068,119,PO-2025-02440,EMP-031
TXN-003023,2025-08-03,RECEIPT,WH-LAG2,PRD-0165,141,PO-2025-02467,EMP-016
TXN-003024,2025-08-03,TRANSFER_OUT,WH-LAG1,PRD-0123,-14,TRF-00111,EMP-030
TXN-003025,2025-08-03,TRANSFER_IN,WH-LAG2,PRD-0123,14,TRF-00111,EMP-006
TXN-003026,2025-08-04,RECEIPT,WH-PHC,PRD-0035,67,PO-2025-02408,EMP-029
TXN-003027,2025-08-04,RECEIPT,WH-PHC,PRD-0037,84,PO-2025-02409,EMP-014
TXN-003028,2025-08-04,RECEIPT,WH-ABJ,PRD-0160,206,PO-2025-02426,EMP-008
TXN-003029,2025-08-04,RECEIPT,WH-LAG1,PRD-0079,103,PO-2025-02441,EMP-025
TXN-003030,2025-08-04,RECEIPT,WH-LAG2,PRD-0082,76,PO-2025-02444,EMP-031
TXN-003031,2025-08-04,RECEIPT,WH-LAG1,PRD-0129,22,PO-2025-02458,EMP-030
TXN-003032,2025-08-04,RECEIPT,WH-PHC,PRD-0156,132,PO-2025-02464,EMP-004
TXN-003033,2025-08-05,RECEIPT,WH-ABJ,PRD-0005,99,PO-2025-02332,EMP-038
TXN-003034,2025-08-05,RECEIPT,WH-ABJ,PRD-0110,34,PO-2025-02454,EMP-018
TXN-003035,2025-08-06,RECEIPT,WH-LAG1,PRD-0080,146,PO-2025-02347,EMP-015
TXN-003036,2025-08-06,RECEIPT,WH-LAG1,PRD-0062,232,PO-2025-02439,EMP-020
TXN-003037,2025-08-06,RECEIPT,WH-LAG2,PRD-0097,28,PO-2025-02449,EMP-026
TXN-003038,2025-08-06,RECEIPT,WH-ABJ,PRD-0146,46,PO-2025-02461,EMP-033
TXN-003039,2025-08-06,RECEIPT,WH-LAG2,PRD-0160,166,PO-2025-02465,EMP-021
TXN-003040,2025-08-06,TRANSFER_OUT,WH-LAG1,PRD-0023,-29,TRF-00112,EMP-005
TXN-003041,2025-08-06,TRANSFER_IN,WH-PHC,PRD-0023,29,TRF-00112,EMP-009
TXN-003042,2025-08-07,RECEIPT,WH-LAG1,PRD-0007,209,PO-2025-02429,EMP-030
TXN-003043,2025-08-07,RECEIPT,WH-ABJ,PRD-0020,115,PO-2025-02433,EMP-018
TXN-003044,2025-08-07,RECEIPT,WH-ABJ,PRD-0127,61,PO-2025-02457,EMP-023
TXN-003045,2025-08-07,RECEIPT,WH-LAG1,PRD-0166,313,PO-2025-02495,EMP-040
TXN-003046,2025-08-08,RECEIPT,WH-ABJ,PRD-0050,47,PO-2025-02411,EMP-008
TXN-003047,2025-08-08,RECEIPT,WH-IBD,PRD-0008,35,PO-2025-02430,EMP-027
TXN-003048,2025-08-08,RECEIPT,WH-LAG1,PRD-0145,214,PO-2025-02460,EMP-010
TXN-003049,2025-08-09,RECEIPT,WH-LAG2,PRD-0095,28,PO-2025-02448,EMP-026
TXN-003050,2025-08-10,RECEIPT,WH-LAG2,PRD-0001,44,PO-2025-02427,EMP-001
TXN-003051,2025-08-10,RECEIPT,WH-IBD,PRD-0098,117,PO-2025-02450,EMP-027
TXN-003052,2025-08-10,RECEIPT,WH-ABJ,PRD-0125,497,PO-2025-02456,EMP-033
TXN-003053,2025-08-10,RECEIPT,WH-PHC,PRD-0137,91,PO-2025-02459,EMP-009
TXN-003054,2025-08-10,RECEIPT,WH-ABJ,PRD-0083,205,PO-2025-02478,EMP-008
TXN-003055,2025-08-10,RECEIPT,WH-ABJ,PRD-0157,54,PO-2025-02491,EMP-008
TXN-003056,2025-08-11,RECEIPT,WH-PHC,PRD-0052,12,PO-2025-02381,EMP-039
TXN-003057,2025-08-11,RECEIPT,WH-ABJ,PRD-0066,8,PO-2025-02385,EMP-008
TXN-003058,2025-08-11,RECEIPT,WH-PHC,PRD-0078,103,PO-2025-02416,EMP-019
TXN-003059,2025-08-11,RECEIPT,WH-LAG1,PRD-0068,199,PO-2025-02476,EMP-025
TXN-003060,2025-08-11,RECEIPT,WH-LAG1,PRD-0084,244,PO-2025-02479,EMP-020
TXN-003061,2025-08-12,RECEIPT,WH-IBD,PRD-0074,68,PO-2025-02388,EMP-002
TXN-003062,2025-08-12,RECEIPT,WH-ABJ,PRD-0037,111,PO-2025-02471,EMP-008
TXN-003063,2025-08-12,RECEIPT,WH-LAG1,PRD-0142,187,PO-2025-02490,EMP-025
TXN-003064,2025-08-13,RECEIPT,WH-PHC,PRD-0161,352,PO-2025-02466,EMP-014
TXN-003065,2025-08-13,TRANSFER_OUT,WH-IBD,PRD-0111,-27,TRF-00113,EMP-032
TXN-003066,2025-08-13,TRANSFER_IN,WH-PHC,PRD-0111,27,TRF-00113,EMP-034
TXN-003067,2025-08-14,RECEIPT,WH-IBD,PRD-0001,44,PO-2025-02428,EMP-017
TXN-003068,2025-08-14,RECEIPT,WH-ABJ,PRD-0061,152,PO-2025-02438,EMP-028
TXN-003069,2025-08-14,RECEIPT,WH-LAG2,PRD-0022,26,PO-2025-02468,EMP-026
TXN-003070,2025-08-14,RECEIPT,WH-ABJ,PRD-0035,77,PO-2025-02470,EMP-028
TXN-003071,2025-08-14,RECEIPT,WH-LAG1,PRD-0120,243,PO-2025-02486,EMP-005
TXN-003072,2025-08-14,RECEIPT,WH-LAG1,PRD-0012,63,PO-2025-02497,EMP-035
TXN-003073,2025-08-14,RECEIPT,WH-LAG1,PRD-0077,436,PO-2025-02510,EMP-010
TXN-003074,2025-08-14,RECEIPT,WH-IBD,PRD-0105,30,PO-2025-02517,EMP-037
TXN-003075,2025-08-14,RECEIPT,WH-IBD,PRD-0151,491,PO-2025-02529,EMP-007
TXN-003076,2025-08-15,RECEIPT,WH-LAG1,PRD-0160,481,PO-2025-02492,EMP-020
TXN-003077,2025-08-15,RECEIPT,WH-IBD,PRD-0162,53,PO-2025-02493,EMP-007
TXN-003078,2025-08-15,RECEIPT,WH-LAG1,PRD-0163,82,PO-2025-02494,EMP-010
TXN-003079,2025-08-15,RECEIPT,WH-PHC,PRD-0004,173,PO-2025-02496,EMP-034
TXN-003080,2025-08-16,RECEIPT,WH-PHC,PRD-0023,58,PO-2025-02407,EMP-024
TXN-003081,2025-08-16,RECEIPT,WH-ABJ,PRD-0025,82,PO-2025-02434,EMP-033
TXN-003082,2025-08-16,RECEIPT,WH-LAG2,PRD-0120,155,PO-2025-02487,EMP-031
TXN-003083,2025-08-16,RECEIPT,WH-LAG2,PRD-0135,147,PO-2025-02489,EMP-026
TXN-003084,2025-08-16,TRANSFER_OUT,WH-LAG1,PRD-0150,-39,TRF-00114,EMP-020
TXN-003085,2025-08-16,TRANSFER_IN,WH-PHC,PRD-0150,39,TRF-00114,EMP-019
TXN-003086,2025-08-17,RECEIPT,WH-LAG1,PRD-0102,144,PO-2025-02452,EMP-025
TXN-003087,2025-08-17,RECEIPT,WH-PHC,PRD-0123,67,PO-2025-02455,EMP-004
TXN-003088,2025-08-17,RECEIPT,WH-PHC,PRD-0092,28,PO-2025-02514,EMP-034
TXN-003089,2025-08-17,RECEIPT,WH-PHC,PRD-0109,57,PO-2025-02518,EMP-004
TXN-003090,2025-08-17,RECEIPT,WH-LAG1,PRD-0165,312,PO-2025-02533,EMP-015
TXN-003091,2025-08-17,TRANSFER_OUT,WH-LAG1,PRD-0163,-28,TRF-00115,EMP-010
TXN-003092,2025-08-17,TRANSFER_IN,WH-LAG2,PRD-0163,28,TRF-00115,EMP-026
TXN-003093,2025-08-18,RECEIPT,WH-PHC,PRD-0066,9,PO-2025-02413,EMP-019
TXN-003094,2025-08-18,RECEIPT,WH-ABJ,PRD-0107,37,PO-2025-02453,EMP-003
TXN-003095,2025-08-18,RECEIPT,WH-PHC,PRD-0106,25,PO-2025-02483,EMP-039
TXN-003096,2025-08-18,RECEIPT,WH-LAG1,PRD-0108,380,PO-2025-02484,EMP-005
TXN-003097,2025-08-18,RECEIPT,WH-LAG1,PRD-0018,193,PO-2025-02499,EMP-025
TXN-003098,2025-08-18,RECEIPT,WH-LAG1,PRD-0049,110,PO-2025-02505,EMP-040
TXN-003099,2025-08-18,RECEIPT,WH-ABJ,PRD-0082,122,PO-2025-02512,EMP-028
TXN-003100,2025-08-18,RECEIPT,WH-ABJ,PRD-0092,41,PO-2025-02513,EMP-003
TXN-003101,2025-08-18,RECEIPT,WH-LAG2,PRD-0141,72,PO-2025-02528,EMP-006
TXN-003102,2025-08-18,RECEIPT,WH-PHC,PRD-0157,59,PO-2025-02531,EMP-009
TXN-003103,2025-08-18,RECEIPT,WH-IBD,PRD-0166,113,PO-2025-02534,EMP-037
TXN-003104,2025-08-18,TRANSFER_OUT,WH-LAG1,PRD-0007,-55,TRF-00116,EMP-040
TXN-003105,2025-08-18,TRANSFER_IN,WH-ABJ,PRD-0007,55,TRF-00116,EMP-033
TXN-003106,2025-08-19,RECEIPT,WH-IBD,PRD-0099,37,PO-2025-02451,EMP-027
TXN-003107,2025-08-19,TRANSFER_OUT,WH-LAG1,PRD-0023,-21,TRF-00117,EMP-010
TXN-003108,2025-08-19,TRANSFER_IN,WH-LAG2,PRD-0023,21,TRF-00117,EMP-036
TXN-003109,2025-08-20,RECEIPT,WH-LAG1,PRD-0046,108,PO-2025-02437,EMP-015
TXN-003110,2025-08-20,RECEIPT,WH-PHC,PRD-0080,92,PO-2025-02443,EMP-009
TXN-003111,2025-08-20,RECEIPT,WH-PHC,PRD-0085,67,PO-2025-02445,EMP-034
TXN-003112,2025-08-20,RECEIPT,WH-LAG2,PRD-0044,15,PO-2025-02472,EMP-001
TXN-003113,2025-08-20,RECEIPT,WH-ABJ,PRD-0065,112,PO-2025-02475,EMP-038
TXN-003114,2025-08-20,RECEIPT,WH-LAG1,PRD-0082,192,PO-2025-02511,EMP-010
TXN-003115,2025-08-20,RECEIPT,WH-IBD,PRD-0101,25,PO-2025-02515,EMP-037
TXN-003116,2025-08-20,RECEIPT,WH-LAG1,PRD-0125,777,PO-2025-02522,EMP-030
TXN-003117,2025-08-21,RECEIPT,WH-ABJ,PRD-0086,232,PO-2025-02446,EMP-038
TXN-003118,2025-08-21,RECEIPT,WH-LAG2,PRD-0125,296,PO-2025-02523,EMP-001
TXN-003119,2025-08-21,RECEIPT,WH-ABJ,PRD-0131,128,PO-2025-02525,EMP-018
TXN-003120,2025-08-21,RECEIPT,WH-ABJ,PRD-0152,70,PO-2025-02530,EMP-028
TXN-003121,2025-08-21,RECEIPT,WH-LAG1,PRD-0004,391,PO-2025-02536,EMP-010
TXN-003122,2025-08-21,RECEIPT,WH-PHC,PRD-0075,33,PO-2025-02553,EMP-034
TXN-003123,2025-08-21,RECEIPT,WH-ABJ,PRD-0084,116,PO-2025-02556,EMP-033
TXN-003124,2025-08-21,TRANSFER_OUT,WH-LAG1,PRD-0166,-92,TRF-00118,EMP-030
TXN-003125,2025-08-21,TRANSFER_IN,WH-PHC,PRD-0166,92,TRF-00118,EMP-034
TXN-003126,2025-08-22,RECEIPT,WH-LAG1,PRD-0016,228,PO-2025-02498,EMP-005
TXN-003127,2025-08-22,RECEIPT,WH-LAG1,PRD-0110,48,PO-2025-02519,EMP-025
TXN-003128,2025-08-22,RECEIPT,WH-IBD,PRD-0012,37,PO-2025-02538,EMP-007
TXN-003129,2025-08-22,RECEIPT,WH-LAG1,PRD-0081,121,PO-2025-02554,EMP-015
TXN-003130,2025-08-23,RECEIPT,WH-PHC,PRD-0100,215,PO-2025-02481,EMP-009
TXN-003131,2025-08-23,RECEIPT,WH-LAG2,PRD-0102,50,PO-2025-02482,EMP-016
TXN-003132,2025-08-23,RECEIPT,WH-LAG2,PRD-0113,112,PO-2025-02485,EMP-016
TXN-003133,2025-08-23,RECEIPT,WH-PHC,PRD-0048,45,PO-2025-02504,EMP-004
TXN-003134,2025-08-24,RECEIPT,WH-LAG2,PRD-0080,74,PO-2025-02442,EMP-036
TXN-003135,2025-08-24,RECEIPT,WH-PHC,PRD-0032,28,PO-2025-02501,EMP-034
TXN-003136,2025-08-24,RECEIPT,WH-LAG1,PRD-0034,56,PO-2025-02502,EMP-010
TXN-003137,2025-08-24,RECEIPT,WH-IBD,PRD-0075,23,PO-2025-02552,EMP-037
TXN-003138,2025-08-24,RECEIPT,WH-PHC,PRD-0082,82,PO-2025-02555,EMP-004
TXN-003139,2025-08-24,RECEIPT,WH-ABJ,PRD-0151,735,PO-2025-02563,EMP-008
TXN-003140,2025-08-24,TRANSFER_OUT,WH-ABJ,PRD-0086,-74,TRF-00119,EMP-038
TXN-003141,2025-08-24,TRANSFER_IN,WH-PHC,PRD-0086,74,TRF-00119,EMP-029
TXN-003142,2025-08-25,RECEIPT,WH-LAG1,PRD-0017,85,PO-2025-02432,EMP-040
TXN-003143,2025-08-25,RECEIPT,WH-PHC,PRD-0072,63,PO-2025-02477,EMP-029
TXN-003144,2025-08-25,RECEIPT,WH-ABJ,PRD-0121,149,PO-2025-02488,EMP-018
TXN-003145,2025-08-25,RECEIPT,WH-PHC,PRD-0120,160,PO-2025-02520,EMP-014
TXN-003146,2025-08-25,RECEIPT,WH-LAG1,PRD-0128,156,PO-2025-02524,EMP-030
TXN-003147,2025-08-25,RECEIPT,WH-IBD,PRD-0135,114,PO-2025-02526,EMP-007
TXN-003148,2025-08-25,RECEIPT,WH-LAG1,PRD-0139,121,PO-2025-02527,EMP-030
TXN-003149,2025-08-25,RECEIPT,WH-IBD,PRD-0161,273,PO-2025-02532,EMP-017
TXN-003150,2025-08-25,RECEIPT,WH-LAG2,PRD-0031,76,PO-2025-02540,EMP-011
TXN-003151,2025-08-25,TRANSFER_OUT,WH-ABJ,PRD-0031,-47,TRF-00120,EMP-018
TXN-003152,2025-08-25,TRANSFER_IN,WH-PHC,PRD-0031,47,TRF-00120,EMP-024
TXN-003153,2025-08-26,RECEIPT,WH-ABJ,PRD-0026,77,PO-2025-02500,EMP-033
TXN-003154,2025-08-26,RECEIPT,WH-LAG1,PRD-0104,51,PO-2025-02559,EMP-040
TXN-003155,2025-08-27,RECEIPT,WH-IBD,PRD-0090,859,PO-2025-02447,EMP-027
TXN-003156,2025-08-27,RECEIPT,WH-PHC,PRD-0086,307,PO-2025-02480,EMP-004
TXN-003157,2025-08-27,RECEIPT,WH-ABJ,PRD-0057,237,PO-2025-02506,EMP-008
TXN-003158,2025-08-27,RECEIPT,WH-IBD,PRD-0065,75,PO-2025-02507,EMP-032
TXN-003159,2025-08-27,RECEIPT,WH-LAG2,PRD-0008,50,PO-2025-02537,EMP-016
TXN-003160,2025-08-28,RECEIPT,WH-LAG1,PRD-0154,80,PO-2025-02565,EMP-030
TXN-003161,2025-08-28,RECEIPT,WH-IBD,PRD-0165,158,PO-2025-02567,EMP-022
TXN-003162,2025-08-28,RECEIPT,WH-ABJ,PRD-0004,298,PO-2025-02569,EMP-008
TXN-003163,2025-08-28,RECEIPT,WH-ABJ,PRD-0136,70,PO-2025-02593,EMP-033
TXN-003164,2025-08-28,RECEIPT,WH-LAG2,PRD-0170,79,PO-2025-02597,EMP-021
TXN-003165,2025-08-29,RECEIPT,WH-ABJ,PRD-0052,17,PO-2025-02546,EMP-018
TXN-003166,2025-08-29,RECEIPT,WH-PHC,PRD-0055,61,PO-2025-02547,EMP-009
TXN-003167,2025-08-29,RECEIPT,WH-LAG1,PRD-0162,78,PO-2025-02566,EMP-040
TXN-003168,2025-08-29,RECEIPT,WH-PHC,PRD-0031,99,PO-2025-02578,EMP-019
TXN-003169,2025-08-29,RECEIPT,WH-LAG1,PRD-0067,122,PO-2025-02585,EMP-015
TXN-003170,2025-08-29,TRANSFER_OUT,WH-LAG1,PRD-0142,-60,TRF-00121,EMP-015
TXN-003171,2025-08-29,TRANSFER_IN,WH-IBD,PRD-0142,60,TRF-00121,EMP-032
TXN-003172,2025-08-30,RECEIPT,WH-ABJ,PRD-0056,59,PO-2025-02473,EMP-013
TXN-003173,2025-08-30,RECEIPT,WH-LAG2,PRD-0098,222,PO-2025-02557,EMP-001
TXN-003174,2025-08-30,RECEIPT,WH-IBD,PRD-0039,107,PO-2025-02580,EMP-007
TXN-003175,2025-08-30,RECEIPT,WH-PHC,PRD-0053,18,PO-2025-02583,EMP-014
TXN-003176,2025-08-30,RECEIPT,WH-LAG2,PRD-0110,24,PO-2025-02589,EMP-001
TXN-003177,2025-08-30,TRANSFER_OUT,WH-LAG2,PRD-0167,-16,TRF-00122,EMP-031
TXN-003178,2025-08-30,TRANSFER_IN,WH-IBD,PRD-0167,16,TRF-00122,EMP-032
TXN-003179,2025-08-31,RECEIPT,WH-LAG2,PRD-0057,162,PO-2025-02549,EMP-031
TXN-003180,2025-08-31,RECEIPT,WH-ABJ,PRD-0122,114,PO-2025-02560,EMP-003
TXN-003181,2025-08-31,RECEIPT,WH-LAG2,PRD-0153,210,PO-2025-02564,EMP-031
TXN-003182,2025-08-31,ADJUSTMENT,WH-LAG1,PRD-0077,-8,SHRINKAGE,EMP-040
TXN-003183,2025-08-31,ADJUSTMENT,WH-LAG1,PRD-0133,-1,DAMAGE,EMP-020
TXN-003184,2025-08-31,ADJUSTMENT,WH-LAG1,PRD-0037,-1,DAMAGE,EMP-040
TXN-003185,2025-08-31,ADJUSTMENT,WH-LAG1,PRD-0100,-15,DAMAGE,EMP-030
TXN-003186,2025-08-31,ADJUSTMENT,WH-LAG1,PRD-0046,-3,DAMAGE,EMP-010
TXN-003187,2025-08-31,ADJUSTMENT,WH-LAG1,PRD-0147,-1,EXPIRY,EMP-030
TXN-003188,2025-08-31,ADJUSTMENT,WH-LAG1,PRD-0118,-1,SHRINKAGE,EMP-025
TXN-003189,2025-08-31,ADJUSTMENT,WH-LAG1,PRD-0021,-2,DAMAGE,EMP-015
TXN-003190,2025-08-31,ADJUSTMENT,WH-LAG1,PRD-0032,-1,DAMAGE,EMP-015
TXN-003191,2025-08-31,ADJUSTMENT,WH-LAG2,PRD-0050,-1,SHRINKAGE,EMP-006
TXN-003192,2025-08-31,ADJUSTMENT,WH-LAG2,PRD-0018,-1,EXPIRY,EMP-001
TXN-003193,2025-08-31,ADJUSTMENT,WH-LAG2,PRD-0096,-2,EXPIRY,EMP-021
TXN-003194,2025-08-31,ADJUSTMENT,WH-LAG2,PRD-0150,-1,SHRINKAGE,EMP-036
TXN-003195,2025-08-31,ADJUSTMENT,WH-LAG2,PRD-0167,-1,DAMAGE,EMP-021
TXN-003196,2025-08-31,ADJUSTMENT,WH-LAG2,PRD-0074,-2,EXPIRY,EMP-011
TXN-003197,2025-08-31,ADJUSTMENT,WH-LAG2,PRD-0083,-2,EXPIRY,EMP-026
TXN-003198,2025-08-31,ADJUSTMENT,WH-IBD,PRD-0111,-1,EXPIRY,EMP-027
TXN-003199,2025-08-31,ADJUSTMENT,WH-IBD,PRD-0049,-2,EXPIRY,EMP-027
TXN-003200,2025-08-31,ADJUSTMENT,WH-IBD,PRD-0086,-1,EXPIRY,EMP-027
TXN-003201,2025-08-31,ADJUSTMENT,WH-IBD,PRD-0069,-1,SHRINKAGE,EMP-012
TXN-003202,2025-08-31,ADJUSTMENT,WH-IBD,PRD-0164,-2,SHRINKAGE,EMP-022
TXN-003203,2025-08-31,ADJUSTMENT,WH-IBD,PRD-0164,-1,DAMAGE,EMP-027
TXN-003204,2025-08-31,ADJUSTMENT,WH-IBD,PRD-0167,-1,DAMAGE,EMP-022
TXN-003205,2025-08-31,ADJUSTMENT,WH-IBD,PRD-0021,-1,SHRINKAGE,EMP-032
TXN-003206,2025-08-31,ADJUSTMENT,WH-IBD,PRD-0029,-1,EXPIRY,EMP-007
TXN-003207,2025-08-31,ADJUSTMENT,WH-ABJ,PRD-0156,-2,DAMAGE,EMP-008
TXN-003208,2025-08-31,ADJUSTMENT,WH-ABJ,PRD-0054,-2,DAMAGE,EMP-023
TXN-003209,2025-08-31,ADJUSTMENT,WH-ABJ,PRD-0040,-2,SHRINKAGE,EMP-018
TXN-003210,2025-08-31,ADJUSTMENT,WH-ABJ,PRD-0025,-1,SHRINKAGE,EMP-038
TXN-003211,2025-08-31,ADJUSTMENT,WH-ABJ,PRD-0009,-1,DAMAGE,EMP-018
TXN-003212,2025-08-31,ADJUSTMENT,WH-PHC,PRD-0020,-1,SHRINKAGE,EMP-014
TXN-003213,2025-08-31,ADJUSTMENT,WH-PHC,PRD-0141,-2,DAMAGE,EMP-019
TXN-003214,2025-08-31,ADJUSTMENT,WH-PHC,PRD-0147,-1,EXPIRY,EMP-004
TXN-003215,2025-08-31,ADJUSTMENT,WH-PHC,PRD-0113,-2,DAMAGE,EMP-029
TXN-003216,2025-09-01,RECEIPT,WH-IBD,PRD-0064,68,PO-2025-02474,EMP-007
TXN-003217,2025-09-01,RECEIPT,WH-PHC,PRD-0121,157,PO-2025-02521,EMP-029
TXN-003218,2025-09-01,RECEIPT,WH-PHC,PRD-0017,54,PO-2025-02539,EMP-009
TXN-003219,2025-09-01,RECEIPT,WH-ABJ,PRD-0130,56,PO-2025-02561,EMP-023
TXN-003220,2025-09-01,RECEIPT,WH-ABJ,PRD-0150,97,PO-2025-02562,EMP-023
TXN-003221,2025-09-01,RECEIPT,WH-ABJ,PRD-0103,94,PO-2025-02588,EMP-028
TXN-003222,2025-09-01,RECEIPT,WH-ABJ,PRD-0143,66,PO-2025-02594,EMP-008
TXN-003223,2025-09-01,RECEIPT,WH-ABJ,PRD-0148,56,PO-2025-02595,EMP-038
TXN-003224,2025-09-02,RECEIPT,WH-PHC,PRD-0127,43,PO-2025-02591,EMP-039
TXN-003225,2025-09-03,RECEIPT,WH-LAG2,PRD-0024,26,PO-2025-02469,EMP-016
TXN-003226,2025-09-03,RECEIPT,WH-ABJ,PRD-0042,22,PO-2025-02503,EMP-023
TXN-003227,2025-09-03,RECEIPT,WH-IBD,PRD-0102,63,PO-2025-02516,EMP-032
TXN-003228,2025-09-03,RECEIPT,WH-IBD,PRD-0057,160,PO-2025-02550,EMP-007
TXN-003229,2025-09-03,RECEIPT,WH-PHC,PRD-0022,26,PO-2025-02574,EMP-019
TXN-003230,2025-09-04,RECEIPT,WH-ABJ,PRD-0048,69,PO-2025-02544,EMP-008
TXN-003231,2025-09-04,RECEIPT,WH-LAG1,PRD-0065,173,PO-2025-02551,EMP-020
TXN-003232,2025-09-04,RECEIPT,WH-LAG2,PRD-0002,29,PO-2025-02568,EMP-036
TXN-003233,2025-09-04,RECEIPT,WH-IBD,PRD-0005,48,PO-2025-02570,EMP-032
TXN-003234,2025-09-04,RECEIPT,WH-ABJ,PRD-0129,18,PO-2025-02592,EMP-013
TXN-003235,2025-09-04,RECEIPT,WH-PHC,PRD-0151,704,PO-2025-02629,EMP-009
TXN-003236,2025-09-05,RECEIPT,WH-PHC,PRD-0065,82,PO-2025-02508,EMP-039
TXN-003237,2025-09-05,RECEIPT,WH-ABJ,PRD-0047,85,PO-2025-02542,EMP-028
TXN-003238,2025-09-05,RECEIPT,WH-PHC,PRD-0021,71,PO-2025-02602,EMP-014
TXN-003239,2025-09-05,RECEIPT,WH-IBD,PRD-0077,185,PO-2025-02611,EMP-017
TXN-003240,2025-09-05,RECEIPT,WH-LAG2,PRD-0136,68,PO-2025-02623,EMP-031
TXN-003241,2025-09-06,RECEIPT,WH-IBD,PRD-0048,46,PO-2025-02543,EMP-027
TXN-003242,2025-09-06,RECEIPT,WH-PHC,PRD-0096,20,PO-2025-02587,EMP-019
TXN-003243,2025-09-06,RECEIPT,WH-IBD,PRD-0167,62,PO-2025-02596,EMP-027
TXN-003244,2025-09-06,RECEIPT,WH-LAG2,PRD-0069,24,PO-2025-02609,EMP-016
TXN-003245,2025-09-06,RECEIPT,WH-LAG1,PRD-0101,39,PO-2025-02616,EMP-020
TXN-003246,2025-09-06,RECEIPT,WH-ABJ,PRD-0162,71,PO-2025-02634,EMP-008
TXN-003247,2025-09-07,RECEIPT,WH-LAG2,PRD-0017,35,PO-2025-02573,EMP-016
TXN-003248,2025-09-07,RECEIPT,WH-LAG1,PRD-0041,103,PO-2025-02581,EMP-010
TXN-003249,2025-09-08,RECEIPT,WH-LAG1,PRD-0156,268,PO-2025-02631,EMP-015
TXN-003250,2025-09-09,RECEIPT,WH-IBD,PRD-0076,87,PO-2025-02509,EMP-012
TXN-003251,2025-09-09,RECEIPT,WH-ABJ,PRD-0099,40,PO-2025-02558,EMP-033
TXN-003252,2025-09-09,RECEIPT,WH-ABJ,PRD-0006,44,PO-2025-02572,EMP-013
TXN-003253,2025-09-09,RECEIPT,WH-ABJ,PRD-0033,82,PO-2025-02579,EMP-018
TXN-003254,2025-09-09,RECEIPT,WH-ABJ,PRD-0138,95,PO-2025-02624,EMP-023
TXN-003255,2025-09-09,RECEIPT,WH-ABJ,PRD-0156,183,PO-2025-02632,EMP-003
TXN-003256,2025-09-09,TRANSFER_OUT,WH-IBD,PRD-0089,-11,TRF-00123,EMP-027
TXN-003257,2025-09-09,TRANSFER_IN,WH-LAG1,PRD-0089,11,TRF-00123,EMP-005
TXN-003258,2025-09-10,RECEIPT,WH-LAG1,PRD-0051,197,PO-2025-02606,EMP-015
TXN-003259,2025-09-10,RECEIPT,WH-IBD,PRD-0150,67,PO-2025-02628,EMP-007
TXN-003260,2025-09-10,TRANSFER_OUT,WH-PHC,PRD-0134,-12,TRF-00124,EMP-004
TXN-003261,2025-09-10,TRANSFER_IN,WH-IBD,PRD-0134,12,TRF-00124,EMP-027
TXN-003262,2025-09-11,RECEIPT,WH-LAG2,PRD-0103,87,PO-2025-02617,EMP-011
TXN-003263,2025-09-11,RECEIPT,WH-LAG1,PRD-0141,105,PO-2025-02625,EMP-025
TXN-003264,2025-09-11,RECEIPT,WH-IBD,PRD-0145,83,PO-2025-02627,EMP-037
TXN-003265,2025-09-11,RECEIPT,WH-LAG1,PRD-0169,114,PO-2025-02635,EMP-015
TXN-003266,2025-09-11,RECEIPT,WH-LAG2,PRD-0083,171,PO-2025-02653,EMP-001
TXN-003267,2025-09-12,RECEIPT,WH-PHC,PRD-0024,25,PO-2025-02576,EMP-024
TXN-003268,2025-09-12,RECEIPT,WH-LAG2,PRD-0142,99,PO-2025-02626,EMP-006
TXN-003269,2025-09-12,RECEIPT,WH-IBD,PRD-0079,43,PO-2025-02651,EMP-002
TXN-003270,2025-09-12,RECEIPT,WH-PHC,PRD-0084,103,PO-2025-02654,EMP-039
TXN-003271,2025-09-12,RECEIPT,WH-ABJ,PRD-0142,111,PO-2025-02666,EMP-013
TXN-003272,2025-09-12,RECEIPT,WH-LAG2,PRD-0155,57,PO-2025-02669,EMP-036
TXN-003273,2025-09-13,RECEIPT,WH-IBD,PRD-0052,11,PO-2025-02545,EMP-032
TXN-003274,2025-09-13,RECEIPT,WH-IBD,PRD-0056,40,PO-2025-02548,EMP-017
TXN-003275,2025-09-13,RECEIPT,WH-PHC,PRD-0005,81,PO-2025-02571,EMP-034
TXN-003276,2025-09-13,RECEIPT,WH-LAG1,PRD-0044,16,PO-2025-02582,EMP-010
TXN-003277,2025-09-13,RECEIPT,WH-IBD,PRD-0016,69,PO-2025-02601,EMP-027
TXN-003278,2025-09-13,RECEIPT,WH-LAG1,PRD-0093,187,PO-2025-02613,EMP-035
TXN-003279,2025-09-13,RECEIPT,WH-IBD,PRD-0094,20,PO-2025-02615,EMP-027
TXN-003280,2025-09-13,RECEIPT,WH-PHC,PRD-0115,87,PO-2025-02620,EMP-034
TXN-003281,2025-09-13,RECEIPT,WH-PHC,PRD-0119,24,PO-2025-02621,EMP-029
TXN-003282,2025-09-13,RECEIPT,WH-LAG1,PRD-0161,565,PO-2025-02633,EMP-010
TXN-003283,2025-09-13,RECEIPT,WH-LAG2,PRD-0075,31,PO-2025-02648,EMP-031
TXN-003284,2025-09-13,TRANSFER_OUT,WH-LAG1,PRD-0033,-22,TRF-00125,EMP-025
TXN-003285,2025-09-13,TRANSFER_IN,WH-LAG2,PRD-0033,22,TRF-00125,EMP-021
TXN-003286,2025-09-14,RECEIPT,WH-LAG1,PRD-0123,115,PO-2025-02590,EMP-030
TXN-003287,2025-09-14,RECEIPT,WH-PHC,PRD-0026,51,PO-2025-02603,EMP-039
TXN-003288,2025-09-14,RECEIPT,WH-IBD,PRD-0035,62,PO-2025-02640,EMP-007
TXN-003289,2025-09-14,RECEIPT,WH-LAG2,PRD-0045,52,PO-2025-02642,EMP-021
TXN-003290,2025-09-14,RECEIPT,WH-LAG2,PRD-0082,68,PO-2025-02652,EMP-016
TXN-003291,2025-09-14,RECEIPT,WH-IBD,PRD-0131,104,PO-2025-02664,EMP-007
TXN-003292,2025-09-14,TRANSFER_OUT,WH-LAG1,PRD-0056,-22,TRF-00126,EMP-020
TXN-003293,2025-09-14,TRANSFER_IN,WH-PHC,PRD-0056,22,TRF-00126,EMP-019
TXN-003294,2025-09-15,RECEIPT,WH-PHC,PRD-0001,39,PO-2025-02535,EMP-004
TXN-003295,2025-09-15,RECEIPT,WH-LAG1,PRD-0042,24,PO-2025-02541,EMP-025
TXN-003296,2025-09-15,RECEIPT,WH-ABJ,PRD-0015,71,PO-2025-02600,EMP-018
TXN-003297,2025-09-15,RECEIPT,WH-IBD,PRD-0093,72,PO-2025-02614,EMP-002
TXN-003298,2025-09-15,RECEIPT,WH-LAG1,PRD-0106,45,PO-2025-02618,EMP-035
TXN-003299,2025-09-15,RECEIPT,WH-IBD,PRD-0121,138,PO-2025-02622,EMP-032
TXN-003300,2025-09-15,RECEIPT,WH-LAG1,PRD-0153,350,PO-2025-02630,EMP-020
TXN-003301,2025-09-15,RECEIPT,WH-LAG2,PRD-0094,25,PO-2025-02657,EMP-021
TXN-003302,2025-09-15,RECEIPT,WH-ABJ,PRD-0119,23,PO-2025-02660,EMP-003
TXN-003303,2025-09-15,RECEIPT,WH-IBD,PRD-0127,33,PO-2025-02662,EMP-022
TXN-003304,2025-09-15,RECEIPT,WH-ABJ,PRD-0147,58,PO-2025-02667,EMP-038
TXN-003305,2025-09-16,RECEIPT,WH-PHC,PRD-0064,91,PO-2025-02608,EMP-004
TXN-003306,2025-09-16,RECEIPT,WH-ABJ,PRD-0072,55,PO-2025-02610,EMP-038
TXN-003307,2025-09-16,RECEIPT,WH-ABJ,PRD-0114,23,PO-2025-02619,EMP-018
TXN-003308,2025-09-16,RECEIPT,WH-LAG2,PRD-0004,174,PO-2025-02636,EMP-006
TXN-003309,2025-09-16,RECEIPT,WH-PHC,PRD-0062,136,PO-2025-02645,EMP-004
TXN-003310,2025-09-16,TRANSFER_OUT,WH-ABJ,PRD-0005,-23,TRF-00127,EMP-028
TXN-003311,2025-09-16,TRANSFER_IN,WH-LAG1,PRD-0005,23,TRF-00127,EMP-035
TXN-003312,2025-09-17,RECEIPT,WH-IBD,PRD-0086,197,PO-2025-02612,EMP-007
TXN-003313,2025-09-17,TRANSFER_OUT,WH-ABJ,PRD-0012,-11,TRF-00128,EMP-008
TXN-003314,2025-09-17,TRANSFER_IN,WH-LAG1,PRD-0012,11,TRF-00128,EMP-010
TXN-003315,2025-09-18,RECEIPT,WH-LAG1,PRD-0086,458,PO-2025-02655,EMP-030
TXN-003316,2025-09-18,RECEIPT,WH-LAG1,PRD-0149,37,PO-2025-02668,EMP-010
TXN-003317,2025-09-18,RECEIPT,WH-ABJ,PRD-0053,25,PO-2025-02675,EMP-003
TXN-003318,2025-09-18,RECEIPT,WH-PHC,PRD-0083,125,PO-2025-02678,EMP-034
TXN-003319,2025-09-18,TRANSFER_OUT,WH-LAG1,PRD-0031,-35,TRF-00129,EMP-035
TXN-003320,2025-09-18,TRANSFER_IN,WH-IBD,PRD-0031,35,TRF-00129,EMP-017
TXN-003321,2025-09-19,RECEIPT,WH-PHC,PRD-0045,48,PO-2025-02643,EMP-029
TXN-003322,2025-09-19,RECEIPT,WH-LAG1,PRD-0070,94,PO-2025-02646,EMP-010
TXN-003323,2025-09-19,RECEIPT,WH-LAG2,PRD-0128,77,PO-2025-02663,EMP-016
TXN-003324,2025-09-19,RECEIPT,WH-IBD,PRD-0129,16,PO-2025-02684,EMP-017
TXN-003325,2025-09-20,RECEIPT,WH-LAG1,PRD-0055,104,PO-2025-02584,EMP-010
TXN-003326,2025-09-20,RECEIPT,WH-PHC,PRD-0076,100,PO-2025-02650,EMP-019
TXN-003327,2025-09-20,RECEIPT,WH-LAG1,PRD-0167,101,PO-2025-02670,EMP-005
TXN-003328,2025-09-20,RECEIPT,WH-LAG1,PRD-0043,83,PO-2025-02672,EMP-015
TXN-003329,2025-09-20,RECEIPT,WH-IBD,PRD-0049,39,PO-2025-02673,EMP-002
TXN-003330,2025-09-20,RECEIPT,WH-ABJ,PRD-0051,156,PO-2025-02674,EMP-018
TXN-003331,2025-09-21,RECEIPT,WH-IBD,PRD-0023,71,PO-2025-02575,EMP-017
TXN-003332,2025-09-21,RECEIPT,WH-LAG1,PRD-0027,37,PO-2025-02577,EMP-005
TXN-003333,2025-09-21,RECEIPT,WH-LAG1,PRD-0002,46,PO-2025-02598,EMP-005
TXN-003334,2025-09-21,RECEIPT,WH-IBD,PRD-0050,40,PO-2025-02605,EMP-017
TXN-003335,2025-09-21,RECEIPT,WH-LAG1,PRD-0076,182,PO-2025-02649,EMP-040
TXN-003336,2025-09-21,RECEIPT,WH-LAG2,PRD-0059,70,PO-2025-02676,EMP-016
TXN-003337,2025-09-21,RECEIPT,WH-LAG1,PRD-0143,86,PO-2025-02686,EMP-015
TXN-003338,2025-09-22,RECEIPT,WH-ABJ,PRD-0041,60,PO-2025-02641,EMP-038
TXN-003339,2025-09-22,RECEIPT,WH-IBD,PRD-0106,23,PO-2025-02659,EMP-022
TXN-003340,2025-09-22,RECEIPT,WH-LAG1,PRD-0122,249,PO-2025-02661,EMP-035
TXN-003341,2025-09-22,RECEIPT,WH-PHC,PRD-0133,46,PO-2025-02665,EMP-019
TXN-003342,2025-09-22,RECEIPT,WH-PHC,PRD-0094,20,PO-2025-02680,EMP-034
TXN-003343,2025-09-22,RECEIPT,WH-ABJ,PRD-0166,182,PO-2025-02693,EMP-013
TXN-003344,2025-09-23,RECEIPT,WH-LAG2,PRD-0086,279,PO-2025-02586,EMP-026
TXN-003345,2025-09-23,RECEIPT,WH-LAG1,PRD-0098,439,PO-2025-02658,EMP-030
TXN-003346,2025-09-23,RECEIPT,WH-LAG1,PRD-0109,151,PO-2025-02681,EMP-020
TXN-003347,2025-09-24,RECEIPT,WH-ABJ,PRD-0002,39,PO-2025-02599,EMP-003
TXN-003348,2025-09-24,TRANSFER_OUT,WH-LAG2,PRD-0130,-12,TRF-00130,EMP-001
TXN-003349,2025-09-24,TRANSFER_IN,WH-LAG1,PRD-0130,12,TRF-00130,EMP-025
TXN-003350,2025-09-25,RECEIPT,WH-ABJ,PRD-0158,33,PO-2025-02690,EMP-038
TXN-003351,2025-09-25,RECEIPT,WH-LAG2,PRD-0161,303,PO-2025-02691,EMP-036
TXN-003352,2025-09-26,RECEIPT,WH-LAG1,PRD-0111,201,PO-2025-02682,EMP-035
TXN-003353,2025-09-26,RECEIPT,WH-PHC,PRD-0131,113,PO-2025-02685,EMP-029
TXN-003354,2025-09-26,RECEIPT,WH-ABJ,PRD-0018,119,PO-2025-02700,EMP-033
TXN-003355,2025-09-26,TRANSFER_OUT,WH-ABJ,PRD-0025,-17,TRF-00131,EMP-028
TXN-003356,2025-09-26,TRANSFER_IN,WH-LAG2,PRD-0025,17,TRF-00131,EMP-031
TXN-003357,2025-09-27,RECEIPT,WH-LAG1,PRD-0148,73,PO-2025-02688,EMP-020
TXN-003358,2025-09-27,RECEIPT,WH-PHC,PRD-0163,66,PO-2025-02692,EMP-014
TXN-003359,2025-09-28,RECEIPT,WH-LAG1,PRD-0005,91,PO-2025-02637,EMP-005
TXN-003360,2025-09-28,RECEIPT,WH-PHC,PRD-0145,109,PO-2025-02729,EMP-009
TXN-003361,2025-09-29,RECEIPT,WH-ABJ,PRD-0153,251,PO-2025-02689,EMP-008
TXN-003362,2025-09-29,RECEIPT,WH-LAG1,PRD-0053,38,PO-2025-02708,EMP-035
TXN-003363,2025-09-29,RECEIPT,WH-IBD,PRD-0136,65,PO-2025-02726,EMP-037
TXN-003364,2025-09-30,RECEIPT,WH-PHC,PRD-0144,66,PO-2025-02687,EMP-009
TXN-003365,2025-09-30,RECEIPT,WH-ABJ,PRD-0081,94,PO-2025-02715,EMP-023
TXN-003366,2025-09-30,RECEIPT,WH-IBD,PRD-0137,70,PO-2025-02727,EMP-017
TXN-003367,2025-09-30,ADJUSTMENT,WH-LAG1,PRD-0052,-1,SHRINKAGE,EMP-025
TXN-003368,2025-09-30,ADJUSTMENT,WH-LAG1,PRD-0022,-2,DAMAGE,EMP-025
TXN-003369,2025-09-30,ADJUSTMENT,WH-LAG1,PRD-0087,-2,DAMAGE,EMP-010
TXN-003370,2025-09-30,ADJUSTMENT,WH-LAG1,PRD-0049,-2,EXPIRY,EMP-010
TXN-003371,2025-09-30,ADJUSTMENT,WH-LAG2,PRD-0064,-1,DAMAGE,EMP-031
TXN-003372,2025-09-30,ADJUSTMENT,WH-LAG2,PRD-0057,-1,EXPIRY,EMP-006
TXN-003373,2025-09-30,ADJUSTMENT,WH-LAG2,PRD-0156,-1,SHRINKAGE,EMP-011
TXN-003374,2025-09-30,ADJUSTMENT,WH-LAG2,PRD-0051,-1,SHRINKAGE,EMP-001
TXN-003375,2025-09-30,ADJUSTMENT,WH-LAG2,PRD-0098,-3,DAMAGE,EMP-026
TXN-003376,2025-09-30,ADJUSTMENT,WH-LAG2,PRD-0128,-2,SHRINKAGE,EMP-006
TXN-003377,2025-09-30,ADJUSTMENT,WH-LAG2,PRD-0094,-2,SHRINKAGE,EMP-011
TXN-003378,2025-09-30,ADJUSTMENT,WH-LAG2,PRD-0141,-2,DAMAGE,EMP-036
TXN-003379,2025-09-30,ADJUSTMENT,WH-LAG2,PRD-0160,-2,DAMAGE,EMP-026
TXN-003380,2025-09-30,ADJUSTMENT,WH-IBD,PRD-0042,-2,EXPIRY,EMP-032
TXN-003381,2025-09-30,ADJUSTMENT,WH-IBD,PRD-0084,-2,EXPIRY,EMP-012
TXN-003382,2025-09-30,ADJUSTMENT,WH-IBD,PRD-0133,-2,SHRINKAGE,EMP-007
TXN-003383,2025-09-30,ADJUSTMENT,WH-IBD,PRD-0067,-1,SHRINKAGE,EMP-037
TXN-003384,2025-09-30,ADJUSTMENT,WH-IBD,PRD-0054,-2,EXPIRY,EMP-027
TXN-003385,2025-09-30,ADJUSTMENT,WH-IBD,PRD-0025,-1,SHRINKAGE,EMP-017
TXN-003386,2025-09-30,ADJUSTMENT,WH-IBD,PRD-0031,-1,EXPIRY,EMP-002
TXN-003387,2025-09-30,ADJUSTMENT,WH-ABJ,PRD-0096,-2,DAMAGE,EMP-008
TXN-003388,2025-09-30,ADJUSTMENT,WH-ABJ,PRD-0137,-2,EXPIRY,EMP-003
TXN-003389,2025-09-30,ADJUSTMENT,WH-ABJ,PRD-0139,-1,EXPIRY,EMP-023
TXN-003390,2025-09-30,ADJUSTMENT,WH-ABJ,PRD-0018,-3,EXPIRY,EMP-003
TXN-003391,2025-09-30,ADJUSTMENT,WH-ABJ,PRD-0047,-2,SHRINKAGE,EMP-033
TXN-003392,2025-09-30,ADJUSTMENT,WH-ABJ,PRD-0015,-2,SHRINKAGE,EMP-038
TXN-003393,2025-09-30,ADJUSTMENT,WH-PHC,PRD-0157,-1,SHRINKAGE,EMP-024
TXN-003394,2025-09-30,ADJUSTMENT,WH-PHC,PRD-0009,-1,DAMAGE,EMP-004
TXN-003395,2025-09-30,ADJUSTMENT,WH-PHC,PRD-0039,-2,EXPIRY,EMP-014
TXN-003396,2025-09-30,ADJUSTMENT,WH-PHC,PRD-0149,-2,EXPIRY,EMP-039
TXN-003397,2025-09-30,ADJUSTMENT,WH-PHC,PRD-0115,-2,EXPIRY,EMP-029
TXN-003398,2025-09-30,ADJUSTMENT,WH-PHC,PRD-0074,-1,SHRINKAGE,EMP-014
TXN-003399,2025-09-30,ADJUSTMENT,WH-PHC,PRD-0135,-1,SHRINKAGE,EMP-034
TXN-003400,2025-09-30,ADJUSTMENT,WH-PHC,PRD-0146,-2,EXPIRY,EMP-034
TXN-003401,2025-10-01,RECEIPT,WH-PHC,PRD-0048,75,PO-2025-02604,EMP-034
TXN-003402,2025-10-01,RECEIPT,WH-LAG1,PRD-0057,439,PO-2025-02607,EMP-025
TXN-003403,2025-10-01,RECEIPT,WH-LAG2,PRD-0046,59,PO-2025-02644,EMP-001
TXN-003404,2025-10-01,RECEIPT,WH-LAG1,PRD-0090,2039,PO-2025-02656,EMP-005
TXN-003405,2025-10-01,RECEIPT,WH-LAG2,PRD-0007,61,PO-2025-02697,EMP-036
TXN-003406,2025-10-01,RECEIPT,WH-IBD,PRD-0037,85,PO-2025-02702,EMP-012
TXN-003407,2025-10-01,RECEIPT,WH-LAG2,PRD-0101,25,PO-2025-02721,EMP-036
TXN-003408,2025-10-01,RECEIPT,WH-PHC,PRD-0109,67,PO-2025-02723,EMP-019
TXN-003409,2025-10-01,RECEIPT,WH-ABJ,PRD-0110,27,PO-2025-02724,EMP-003
TXN-003410,2025-10-01,RECEIPT,WH-PHC,PRD-0150,51,PO-2025-02734,EMP-004
TXN-003411,2025-10-01,TRANSFER_OUT,WH-IBD,PRD-0023,-23,TRF-00132,EMP-032
TXN-003412,2025-10-01,TRANSFER_IN,WH-ABJ,PRD-0023,23,TRF-00132,EMP-013
TXN-003413,2025-10-02,RECEIPT,WH-PHC,PRD-0003,22,PO-2025-02696,EMP-014
TXN-003414,2025-10-02,RECEIPT,WH-ABJ,PRD-0008,51,PO-2025-02698,EMP-018
TXN-003415,2025-10-02,RECEIPT,WH-LAG2,PRD-0097,26,PO-2025-02718,EMP-016
TXN-003416,2025-10-02,RECEIPT,WH-IBD,PRD-0147,51,PO-2025-02730,EMP-027
TXN-003417,2025-10-02,RECEIPT,WH-LAG1,PRD-0031,206,PO-2025-02741,EMP-030
TXN-003418,2025-10-02,RECEIPT,WH-IBD,PRD-0083,163,PO-2025-02752,EMP-027
TXN-003419,2025-10-02,RECEIPT,WH-LAG1,PRD-0110,58,PO-2025-02760,EMP-015
TXN-003420,2025-10-02,RECEIPT,WH-ABJ,PRD-0129,22,PO-2025-02768,EMP-033
TXN-003421,2025-10-03,RECEIPT,WH-PHC,PRD-0113,118,PO-2025-02683,EMP-009
TXN-003422,2025-10-03,RECEIPT,WH-LAG1,PRD-0001,69,PO-2025-02694,EMP-010
TXN-003423,2025-10-03,RECEIPT,WH-IBD,PRD-0070,39,PO-2025-02710,EMP-022
TXN-003424,2025-10-03,RECEIPT,WH-LAG1,PRD-0012,84,PO-2025-02735,EMP-015
TXN-003425,2025-10-03,RECEIPT,WH-IBD,PRD-0109,63,PO-2025-02759,EMP-022
TXN-003426,2025-10-03,RECEIPT,WH-LAG2,PRD-0143,59,PO-2025-02771,EMP-021
TXN-003427,2025-10-03,TRANSFER_OUT,WH-IBD,PRD-0037,-26,TRF-00133,EMP-027
TXN-003428,2025-10-03,TRANSFER_IN,WH-LAG1,PRD-0037,26,TRF-00133,EMP-005
TXN-003429,2025-10-04,RECEIPT,WH-IBD,PRD-0010,23,PO-2025-02638,EMP-017
TXN-003430,2025-10-04,RECEIPT,WH-LAG1,PRD-0074,185,PO-2025-02647,EMP-005
TXN-003431,2025-10-04,RECEIPT,WH-LAG2,PRD-0071,16,PO-2025-02712,EMP-011
TXN-003432,2025-10-04,RECEIPT,WH-LAG2,PRD-0150,49,PO-2025-02733,EMP-021
TXN-003433,2025-10-04,RECEIPT,WH-PHC,PRD-0018,99,PO-2025-02737,EMP-024
TXN-003434,2025-10-04,TRANSFER_OUT,WH-ABJ,PRD-0132,-17,TRF-00134,EMP-028
TXN-003435,2025-10-04,TRANSFER_IN,WH-IBD,PRD-0132,17,TRF-00134,EMP-037
TXN-003436,2025-10-05,RECEIPT,WH-PHC,PRD-0041,52,PO-2025-02703,EMP-029
TXN-003437,2025-10-05,RECEIPT,WH-LAG1,PRD-0071,29,PO-2025-02711,EMP-020
TXN-003438,2025-10-05,RECEIPT,WH-LAG1,PRD-0164,101,PO-2025-02777,EMP-015
TXN-003439,2025-10-05,RECEIPT,WH-ABJ,PRD-0170,66,PO-2025-02780,EMP-003
TXN-003440,2025-10-06,RECEIPT,WH-ABJ,PRD-0017,64,PO-2025-02671,EMP-023
TXN-003441,2025-10-06,RECEIPT,WH-ABJ,PRD-0108,238,PO-2025-02722,EMP-028
TXN-003442,2025-10-06,RECEIPT,WH-LAG1,PRD-0130,70,PO-2025-02725,EMP-035
TXN-003443,2025-10-06,RECEIPT,WH-IBD,PRD-0149,17,PO-2025-02731,EMP-027
TXN-003444,2025-10-06,RECEIPT,WH-LAG1,PRD-0150,181,PO-2025-02732,EMP-025
TXN-003445,2025-10-06,RECEIPT,WH-ABJ,PRD-0060,166,PO-2025-02745,EMP-018
TXN-003446,2025-10-06,RECEIPT,WH-PHC,PRD-0101,24,PO-2025-02757,EMP-034
TXN-003447,2025-10-06,TRANSFER_OUT,WH-LAG1,PRD-0079,-16,TRF-00135,EMP-025
TXN-003448,2025-10-06,TRANSFER_IN,WH-LAG2,PRD-0079,16,TRF-00135,EMP-036
TXN-003449,2025-10-07,RECEIPT,WH-LAG1,PRD-0023,146,PO-2025-02639,EMP-015
TXN-003450,2025-10-07,RECEIPT,WH-LAG1,PRD-0047,152,PO-2025-02705,EMP-025
TXN-003451,2025-10-07,RECEIPT,WH-LAG2,PRD-0070,52,PO-2025-02709,EMP-011
TXN-003452,2025-10-07,RECEIPT,WH-LAG2,PRD-0162,50,PO-2025-02776,EMP-021
TXN-003453,2025-10-07,TRANSFER_OUT,WH-LAG1,PRD-0034,-10,TRF-00136,EMP-035
TXN-003454,2025-10-07,TRANSFER_IN,WH-LAG2,PRD-0034,10,TRF-00136,EMP-036
TXN-003455,2025-10-08,RECEIPT,WH-ABJ,PRD-0023,103,PO-2025-02701,EMP-038
TXN-003456,2025-10-08,RECEIPT,WH-IBD,PRD-0144,44,PO-2025-02728,EMP-012
TXN-003457,2025-10-08,RECEIPT,WH-PHC,PRD-0033,64,PO-2025-02742,EMP-039
TXN-003458,2025-10-08,RECEIPT,WH-IBD,PRD-0125,271,PO-2025-02765,EMP-002
TXN-003459,2025-10-08,RECEIPT,WH-PHC,PRD-0142,98,PO-2025-02770,EMP-039
TXN-003460,2025-10-08,RECEIPT,WH-LAG1,PRD-0152,77,PO-2025-02773,EMP-010
TXN-003461,2025-10-09,RECEIPT,WH-LAG2,PRD-0093,106,PO-2025-02717,EMP-026
TXN-003462,2025-10-09,RECEIPT,WH-IBD,PRD-0052,16,PO-2025-02743,EMP-002
TXN-003463,2025-10-09,RECEIPT,WH-ABJ,PRD-0164,51,PO-2025-02778,EMP-013
TXN-003464,2025-10-09,RECEIPT,WH-LAG1,PRD-0039,345,PO-2025-02785,EMP-025
TXN-003465,2025-10-09,RECEIPT,WH-LAG2,PRD-0039,169,PO-2025-02786,EMP-006
TXN-003466,2025-10-09,RECEIPT,WH-ABJ,PRD-0068,100,PO-2025-02795,EMP-008
TXN-003467,2025-10-09,TRANSFER_OUT,WH-LAG1,PRD-0068,-40,TRF-00137,EMP-015
TXN-003468,2025-10-09,TRANSFER_IN,WH-IBD,PRD-0068,40,TRF-00137,EMP-032
TXN-003469,2025-10-10,RECEIPT,WH-IBD,PRD-0085,76,PO-2025-02679,EMP-002
TXN-003470,2025-10-10,RECEIPT,WH-LAG2,PRD-0099,34,PO-2025-02719,EMP-001
TXN-003471,2025-10-10,RECEIPT,WH-LAG1,PRD-0026,129,PO-2025-02739,EMP-020
TXN-003472,2025-10-10,RECEIPT,WH-PHC,PRD-0135,168,PO-2025-02769,EMP-009
TXN-003473,2025-10-10,RECEIPT,WH-PHC,PRD-0060,109,PO-2025-02791,EMP-034
TXN-003474,2025-10-10,RECEIPT,WH-PHC,PRD-0089,47,PO-2025-02802,EMP-024
TXN-003475,2025-10-10,RECEIPT,WH-LAG1,PRD-0092,71,PO-2025-02804,EMP-035
TXN-003476,2025-10-11,RECEIPT,WH-LAG1,PRD-0126,100,PO-2025-02766,EMP-035
TXN-003477,2025-10-11,RECEIPT,WH-ABJ,PRD-0126,42,PO-2025-02767,EMP-018
TXN-003478,2025-10-12,RECEIPT,WH-LAG1,PRD-0009,52,PO-2025-02699,EMP-030
TXN-003479,2025-10-12,RECEIPT,WH-IBD,PRD-0100,191,PO-2025-02720,EMP-032
TXN-003480,2025-10-12,RECEIPT,WH-LAG2,PRD-0074,86,PO-2025-02749,EMP-006
TXN-003481,2025-10-12,RECEIPT,WH-ABJ,PRD-0154,69,PO-2025-02775,EMP-008
TXN-003482,2025-10-12,RECEIPT,WH-LAG1,PRD-0058,102,PO-2025-02790,EMP-020
TXN-003483,2025-10-12,RECEIPT,WH-PHC,PRD-0116,64,PO-2025-02814,EMP-004
TXN-003484,2025-10-12,RECEIPT,WH-PHC,PRD-0164,66,PO-2025-02823,EMP-009
TXN-003485,2025-10-13,RECEIPT,WH-LAG1,PRD-0048,127,PO-2025-02706,EMP-010
TXN-003486,2025-10-13,RECEIPT,WH-ABJ,PRD-0073,22,PO-2025-02714,EMP-018
TXN-003487,2025-10-13,RECEIPT,WH-ABJ,PRD-0120,134,PO-2025-02763,EMP-018
TXN-003488,2025-10-13,RECEIPT,WH-LAG2,PRD-0149,19,PO-2025-02772,EMP-011
TXN-003489,2025-10-13,RECEIPT,WH-IBD,PRD-0153,149,PO-2025-02774,EMP-022
TXN-003490,2025-10-13,RECEIPT,WH-ABJ,PRD-0039,175,PO-2025-02787,EMP-003
TXN-003491,2025-10-13,RECEIPT,WH-LAG2,PRD-0079,54,PO-2025-02799,EMP-016
TXN-003492,2025-10-13,RECEIPT,WH-IBD,PRD-0082,82,PO-2025-02800,EMP-017
TXN-003493,2025-10-13,RECEIPT,WH-ABJ,PRD-0109,86,PO-2025-02810,EMP-023
TXN-003494,2025-10-13,RECEIPT,WH-ABJ,PRD-0128,66,PO-2025-02818,EMP-018
TXN-003495,2025-10-13,TRANSFER_OUT,WH-PHC,PRD-0116,-18,TRF-00138,EMP-014
TXN-003496,2025-10-13,TRANSFER_IN,WH-LAG2,PRD-0116,18,TRF-00138,EMP-036
TXN-003497,2025-10-14,RECEIPT,WH-LAG2,PRD-0048,61,PO-2025-02707,EMP-031
TXN-003498,2025-10-14,RECEIPT,WH-LAG1,PRD-0078,219,PO-2025-02751,EMP-040
TXN-003499,2025-10-14,RECEIPT,WH-ABJ,PRD-0168,35,PO-2025-02779,EMP-003
TXN-003500,2025-10-14,RECEIPT,WH-PHC,PRD-0053,15,PO-2025-02788,EMP-009
TXN-003501,2025-10-14,RECEIPT,WH-LAG2,PRD-0127,47,PO-2025-02817,EMP-011
TXN-003502,2025-10-15,RECEIPT,WH-LAG2,PRD-0065,64,PO-2025-02677,EMP-021
TXN-003503,2025-10-15,RECEIPT,WH-LAG1,PRD-0095,44,PO-2025-02805,EMP-040
TXN-003504,2025-10-15,RECEIPT,WH-ABJ,PRD-0144,62,PO-2025-02819,EMP-018
TXN-003505,2025-10-16,RECEIPT,WH-ABJ,PRD-0052,18,PO-2025-02744,EMP-003
TXN-003506,2025-10-16,RECEIPT,WH-IBD,PRD-0061,144,PO-2025-02746,EMP-032
TXN-003507,2025-10-16,RECEIPT,WH-ABJ,PRD-0091,118,PO-2025-02755,EMP-033
TXN-003508,2025-10-16,RECEIPT,WH-ABJ,PRD-0003,28,PO-2025-02781,EMP-003
TXN-003509,2025-10-16,RECEIPT,WH-IBD,PRD-0068,106,PO-2025-02794,EMP-017
TXN-003510,2025-10-16,RECEIPT,WH-IBD,PRD-0095,23,PO-2025-02806,EMP-027
TXN-003511,2025-10-16,RECEIPT,WH-LAG1,PRD-0096,32,PO-2025-02807,EMP-005
TXN-003512,2025-10-16,RECEIPT,WH-IBD,PRD-0163,55,PO-2025-02822,EMP-037
TXN-003513,2025-10-16,RECEIPT,WH-PHC,PRD-0011,86,PO-2025-02827,EMP-024
TXN-003514,2025-10-16,RECEIPT,WH-PHC,PRD-0077,218,PO-2025-02847,EMP-029
TXN-003515,2025-10-17,RECEIPT,WH-LAG2,PRD-0090,823,PO-2025-02716,EMP-001
TXN-003516,2025-10-17,RECEIPT,WH-LAG2,PRD-0100,257,PO-2025-02756,EMP-016
TXN-003517,2025-10-17,RECEIPT,WH-PHC,PRD-0107,27,PO-2025-02758,EMP-009
TXN-003518,2025-10-17,RECEIPT,WH-LAG2,PRD-0119,25,PO-2025-02762,EMP-011
TXN-003519,2025-10-17,RECEIPT,WH-LAG1,PRD-0013,33,PO-2025-02782,EMP-030
TXN-003520,2025-10-17,RECEIPT,WH-ABJ,PRD-0160,238,PO-2025-02821,EMP-008
TXN-003521,2025-10-18,RECEIPT,WH-ABJ,PRD-0044,17,PO-2025-02704,EMP-013
TXN-003522,2025-10-18,RECEIPT,WH-PHC,PRD-0108,150,PO-2025-02809,EMP-009
TXN-003523,2025-10-18,RECEIPT,WH-LAG2,PRD-0115,81,PO-2025-02813,EMP-021
TXN-003524,2025-10-18,RECEIPT,WH-LAG1,PRD-0117,118,PO-2025-02815,EMP-025
TXN-003525,2025-10-18,RECEIPT,WH-ABJ,PRD-0062,138,PO-2025-02842,EMP-008
TXN-003526,2025-10-18,RECEIPT,WH-PHC,PRD-0075,23,PO-2025-02846,EMP-009
TXN-003527,2025-10-18,TRANSFER_OUT,WH-LAG1,PRD-0018,-35,TRF-00139,EMP-010
TXN-003528,2025-10-18,TRANSFER_IN,WH-IBD,PRD-0018,35,TRF-00139,EMP-022
TXN-003529,2025-10-19,RECEIPT,WH-LAG1,PRD-0073,42,PO-2025-02713,EMP-040
TXN-003530,2025-10-19,RECEIPT,WH-LAG1,PRD-0028,106,PO-2025-02740,EMP-005
TXN-003531,2025-10-19,RECEIPT,WH-IBD,PRD-0072,35,PO-2025-02797,EMP-032
TXN-003532,2025-10-19,RECEIPT,WH-IBD,PRD-0018,95,PO-2025-02828,EMP-002
TXN-003533,2025-10-19,RECEIPT,WH-IBD,PRD-0051,69,PO-2025-02838,EMP-032
TXN-003534,2025-10-20,RECEIPT,WH-ABJ,PRD-0064,81,PO-2025-02748,EMP-018
TXN-003535,2025-10-20,RECEIPT,WH-IBD,PRD-0091,73,PO-2025-02754,EMP-002
TXN-003536,2025-10-20,RECEIPT,WH-LAG1,PRD-0118,350,PO-2025-02761,EMP-035
TXN-003537,2025-10-20,RECEIPT,WH-PHC,PRD-0106,28,PO-2025-02808,EMP-014
TXN-003538,2025-10-20,RECEIPT,WH-LAG1,PRD-0112,44,PO-2025-02811,EMP-010
TXN-003539,2025-10-20,RECEIPT,WH-PHC,PRD-0039,181,PO-2025-02833,EMP-019
TXN-003540,2025-10-20,RECEIPT,WH-LAG2,PRD-0041,55,PO-2025-02834,EMP-006
TXN-003541,2025-10-20,RECEIPT,WH-PHC,PRD-0051,125,PO-2025-02839,EMP-029
TXN-003542,2025-10-20,RECEIPT,WH-PHC,PRD-0079,65,PO-2025-02849,EMP-019
TXN-003543,2025-10-20,TRANSFER_OUT,WH-LAG1,PRD-0126,-30,TRF-00140,EMP-020
TXN-003544,2025-10-20,TRANSFER_IN,WH-LAG2,PRD-0126,30,TRF-00140,EMP-016
TXN-003545,2025-10-21,RECEIPT,WH-LAG2,PRD-0002,32,PO-2025-02695,EMP-011
TXN-003546,2025-10-21,RECEIPT,WH-IBD,PRD-0020,108,PO-2025-02738,EMP-027
TXN-003547,2025-10-21,RECEIPT,WH-IBD,PRD-0055,55,PO-2025-02789,EMP-012
TXN-003548,2025-10-21,RECEIPT,WH-LAG1,PRD-0045,140,PO-2025-02835,EMP-020
TXN-003549,2025-10-21,RECEIPT,WH-LAG2,PRD-0063,70,PO-2025-02843,EMP-006
TXN-003550,2025-10-21,RECEIPT,WH-LAG1,PRD-0079,153,PO-2025-02848,EMP-005
TXN-003551,2025-10-21,TRANSFER_OUT,WH-ABJ,PRD-0151,-173,TRF-00141,EMP-008
TXN-003552,2025-10-21,TRANSFER_IN,WH-LAG2,PRD-0151,173,TRF-00141,EMP-036
TXN-003553,2025-10-22,RECEIPT,WH-LAG2,PRD-0066,7,PO-2025-02793,EMP-001
TXN-003554,2025-10-22,RECEIPT,WH-LAG1,PRD-0115,149,PO-2025-02812,EMP-035
TXN-003555,2025-10-22,RECEIPT,WH-LAG1,PRD-0103,161,PO-2025-02853,EMP-035
TXN-003556,2025-10-22,RECEIPT,WH-ABJ,PRD-0105,33,PO-2025-02854,EMP-023
TXN-003557,2025-10-22,RECEIPT,WH-LAG2,PRD-0108,195,PO-2025-02855,EMP-021
TXN-003558,2025-10-23,RECEIPT,WH-LAG1,PRD-0015,81,PO-2025-02783,EMP-035
TXN-003559,2025-10-23,RECEIPT,WH-LAG2,PRD-0036,50,PO-2025-02784,EMP-006
TXN-003560,2025-10-23,RECEIPT,WH-ABJ,PRD-0074,104,PO-2025-02798,EMP-013
TXN-003561,2025-10-23,RECEIPT,WH-PHC,PRD-0111,87,PO-2025-02856,EMP-014
TXN-003562,2025-10-23,RECEIPT,WH-ABJ,PRD-0145,107,PO-2025-02862,EMP-028
TXN-003563,2025-10-23,RECEIPT,WH-LAG2,PRD-0156,152,PO-2025-02863,EMP-006
TXN-003564,2025-10-23,RECEIPT,WH-LAG1,PRD-0054,59,PO-2025-02879,EMP-010
TXN-003565,2025-10-23,RECEIPT,WH-ABJ,PRD-0087,23,PO-2025-02887,EMP-028
TXN-003566,2025-10-23,RECEIPT,WH-LAG2,PRD-0151,564,PO-2025-02899,EMP-026
TXN-003567,2025-10-24,RECEIPT,WH-LAG1,PRD-0064,241,PO-2025-02747,EMP-005
TXN-003568,2025-10-24,RECEIPT,WH-LAG2,PRD-0047,50,PO-2025-02836,EMP-031
TXN-003569,2025-10-24,RECEIPT,WH-PHC,PRD-0130,42,PO-2025-02858,EMP-039
TXN-003570,2025-10-24,RECEIPT,WH-LAG2,PRD-0084,128,PO-2025-02885,EMP-026
TXN-003571,2025-10-24,TRANSFER_OUT,WH-LAG1,PRD-0035,-23,TRF-00142,EMP-010
TXN-003572,2025-10-24,TRANSFER_IN,WH-LAG2,PRD-0035,23,TRF-00142,EMP-021
TXN-003573,2025-10-25,RECEIPT,WH-ABJ,PRD-0123,94,PO-2025-02764,EMP-013
TXN-003574,2025-10-25,RECEIPT,WH-PHC,PRD-0154,56,PO-2025-02820,EMP-004
TXN-003575,2025-10-25,RECEIPT,WH-LAG1,PRD-0132,83,PO-2025-02859,EMP-030
TXN-003576,2025-10-25,RECEIPT,WH-IBD,PRD-0143,34,PO-2025-02861,EMP-017
TXN-003577,2025-10-26,RECEIPT,WH-LAG1,PRD-0017,60,PO-2025-02736,EMP-030
TXN-003578,2025-10-26,RECEIPT,WH-LAG2,PRD-0076,73,PO-2025-02750,EMP-031
TXN-003579,2025-10-26,RECEIPT,WH-ABJ,PRD-0086,372,PO-2025-02753,EMP-018
TXN-003580,2025-10-26,RECEIPT,WH-PHC,PRD-0091,74,PO-2025-02803,EMP-039
TXN-003581,2025-10-26,RECEIPT,WH-LAG2,PRD-0049,44,PO-2025-02878,EMP-021
TXN-003582,2025-10-26,RECEIPT,WH-LAG1,PRD-0089,57,PO-2025-02888,EMP-035
TXN-003583,2025-10-26,RECEIPT,WH-ABJ,PRD-0157,73,PO-2025-02902,EMP-013
TXN-003584,2025-10-26,TRANSFER_OUT,WH-LAG1,PRD-0072,-13,TRF-00143,EMP-010
TXN-003585,2025-10-26,TRANSFER_IN,WH-IBD,PRD-0072,13,TRF-00143,EMP-032
TXN-003586,2025-10-27,RECEIPT,WH-LAG1,PRD-0061,176,PO-2025-02792,EMP-020
TXN-003587,2025-10-27,RECEIPT,WH-LAG1,PRD-0137,114,PO-2025-02860,EMP-020
TXN-003588,2025-10-27,RECEIPT,WH-PHC,PRD-0035,76,PO-2025-02873,EMP-024
TXN-003589,2025-10-27,RECEIPT,WH-LAG2,PRD-0068,127,PO-2025-02882,EMP-006
TXN-003590,2025-10-27,RECEIPT,WH-IBD,PRD-0103,64,PO-2025-02890,EMP-002
TXN-003591,2025-10-28,RECEIPT,WH-PHC,PRD-0124,61,PO-2025-02816,EMP-039
TXN-003592,2025-10-28,RECEIPT,WH-IBD,PRD-0009,24,PO-2025-02826,EMP-002
TXN-003593,2025-10-28,RECEIPT,WH-LAG1,PRD-0021,77,PO-2025-02868,EMP-010
TXN-003594,2025-10-28,TRANSFER_OUT,WH-LAG2,PRD-0170,-20,TRF-00144,EMP-011
TXN-003595,2025-10-28,TRANSFER_IN,WH-PHC,PRD-0170,20,TRF-00144,EMP-019
TXN-003596,2025-10-29,RECEIPT,WH-LAG2,PRD-0032,28,PO-2025-02832,EMP-031
TXN-003597,2025-10-29,RECEIPT,WH-ABJ,PRD-0048,91,PO-2025-02837,EMP-028
TXN-003598,2025-10-29,RECEIPT,WH-LAG2,PRD-0035,53,PO-2025-02872,EMP-001
TXN-003599,2025-10-29,RECEIPT,WH-LAG1,PRD-0069,35,PO-2025-02883,EMP-005
TXN-003600,2025-10-29,RECEIPT,WH-IBD,PRD-0148,46,PO-2025-02897,EMP-012
TXN-003601,2025-10-29,RECEIPT,WH-PHC,PRD-0165,139,PO-2025-02903,EMP-014
TXN-003602,2025-10-29,TRANSFER_OUT,WH-LAG1,PRD-0065,-31,TRF-00145,EMP-010
TXN-003603,2025-10-29,TRANSFER_IN,WH-PHC,PRD-0065,31,TRF-00145,EMP-014
TXN-003604,2025-10-30,RECEIPT,WH-LAG1,PRD-0085,150,PO-2025-02801,EMP-025
TXN-003605,2025-10-30,RECEIPT,WH-ABJ,PRD-0098,157,PO-2025-02851,EMP-003
TXN-003606,2025-10-30,RECEIPT,WH-ABJ,PRD-0022,28,PO-2025-02869,EMP-018
TXN-003607,2025-10-30,RECEIPT,WH-PHC,PRD-0074,94,PO-2025-02884,EMP-019
TXN-003608,2025-10-30,RECEIPT,WH-PHC,PRD-0085,106,PO-2025-02886,EMP-024
TXN-003609,2025-10-30,RECEIPT,WH-LAG1,PRD-0142,249,PO-2025-02895,EMP-015
TXN-003610,2025-10-30,RECEIPT,WH-IBD,PRD-0168,26,PO-2025-02904,EMP-017
TXN-003611,2025-10-31,RECEIPT,WH-PHC,PRD-0023,89,PO-2025-02830,EMP-014
TXN-003612,2025-10-31,RECEIPT,WH-LAG2,PRD-0091,66,PO-2025-02850,EMP-011
TXN-003613,2025-10-31,RECEIPT,WH-IBD,PRD-0008,34,PO-2025-02866,EMP-037
TXN-003614,2025-10-31,RECEIPT,WH-LAG2,PRD-0013,30,PO-2025-02867,EMP-016
TXN-003615,2025-10-31,RECEIPT,WH-IBD,PRD-0150,67,PO-2025-02898,EMP-007
TXN-003616,2025-10-31,RECEIPT,WH-ABJ,PRD-0156,226,PO-2025-02901,EMP-038
TXN-003617,2025-10-31,RECEIPT,WH-LAG2,PRD-0077,145,PO-2025-02917,EMP-016
TXN-003618,2025-10-31,RECEIPT,WH-PHC,PRD-0110,27,PO-2025-02926,EMP-039
TXN-003619,2025-10-31,ADJUSTMENT,WH-LAG1,PRD-0109,-4,DAMAGE,EMP-015
TXN-003620,2025-10-31,ADJUSTMENT,WH-LAG1,PRD-0103,-3,SHRINKAGE,EMP-015
TXN-003621,2025-10-31,ADJUSTMENT,WH-LAG1,PRD-0045,-4,EXPIRY,EMP-040
TXN-003622,2025-10-31,ADJUSTMENT,WH-LAG1,PRD-0041,-1,SHRINKAGE,EMP-035
TXN-003623,2025-10-31,ADJUSTMENT,WH-LAG1,PRD-0134,-1,EXPIRY,EMP-020
TXN-003624,2025-10-31,ADJUSTMENT,WH-LAG1,PRD-0075,-2,SHRINKAGE,EMP-025
TXN-003625,2025-10-31,ADJUSTMENT,WH-LAG1,PRD-0165,-4,DAMAGE,EMP-005
TXN-003626,2025-10-31,ADJUSTMENT,WH-LAG2,PRD-0100,-1,DAMAGE,EMP-026
TXN-003627,2025-10-31,ADJUSTMENT,WH-LAG2,PRD-0065,-2,SHRINKAGE,EMP-016
TXN-003628,2025-10-31,ADJUSTMENT,WH-LAG2,PRD-0055,-1,SHRINKAGE,EMP-016
TXN-003629,2025-10-31,ADJUSTMENT,WH-LAG2,PRD-0105,-2,EXPIRY,EMP-006
TXN-003630,2025-10-31,ADJUSTMENT,WH-IBD,PRD-0117,-1,DAMAGE,EMP-022
TXN-003631,2025-10-31,ADJUSTMENT,WH-IBD,PRD-0074,-1,DAMAGE,EMP-032
TXN-003632,2025-10-31,ADJUSTMENT,WH-IBD,PRD-0143,-1,SHRINKAGE,EMP-002
TXN-003633,2025-10-31,ADJUSTMENT,WH-IBD,PRD-0126,-1,EXPIRY,EMP-007
TXN-003634,2025-10-31,ADJUSTMENT,WH-IBD,PRD-0068,-3,SHRINKAGE,EMP-037
TXN-003635,2025-10-31,ADJUSTMENT,WH-IBD,PRD-0123,-2,SHRINKAGE,EMP-002
TXN-003636,2025-10-31,ADJUSTMENT,WH-ABJ,PRD-0044,-2,SHRINKAGE,EMP-028
TXN-003637,2025-10-31,ADJUSTMENT,WH-ABJ,PRD-0085,-2,EXPIRY,EMP-013
TXN-003638,2025-10-31,ADJUSTMENT,WH-ABJ,PRD-0156,-4,DAMAGE,EMP-003
TXN-003639,2025-10-31,ADJUSTMENT,WH-ABJ,PRD-0029,-1,SHRINKAGE,EMP-018
TXN-003640,2025-10-31,ADJUSTMENT,WH-ABJ,PRD-0076,-1,DAMAGE,EMP-018
TXN-003641,2025-10-31,ADJUSTMENT,WH-ABJ,PRD-0044,-2,EXPIRY,EMP-013
TXN-003642,2025-10-31,ADJUSTMENT,WH-ABJ,PRD-0123,-3,EXPIRY,EMP-038
TXN-003643,2025-10-31,ADJUSTMENT,WH-ABJ,PRD-0012,-2,EXPIRY,EMP-023
TXN-003644,2025-10-31,ADJUSTMENT,WH-ABJ,PRD-0155,-1,DAMAGE,EMP-018
TXN-003645,2025-10-31,ADJUSTMENT,WH-PHC,PRD-0123,-2,EXPIRY,EMP-024
TXN-003646,2025-10-31,ADJUSTMENT,WH-PHC,PRD-0160,-1,DAMAGE,EMP-014
TXN-003647,2025-10-31,ADJUSTMENT,WH-PHC,PRD-0017,-2,DAMAGE,EMP-034
TXN-003648,2025-10-31,ADJUSTMENT,WH-PHC,PRD-0046,-1,EXPIRY,EMP-024
TXN-003649,2025-11-01,RECEIPT,WH-PHC,PRD-0093,95,PO-2025-02889,EMP-009
TXN-003650,2025-11-01,RECEIPT,WH-LAG1,PRD-0143,74,PO-2025-02896,EMP-025
TXN-003651,2025-11-01,RECEIPT,WH-LAG2,PRD-0051,95,PO-2025-02914,EMP-036
TXN-003652,2025-11-01,TRANSFER_OUT,WH-IBD,PRD-0072,-10,TRF-00146,EMP-037
TXN-003653,2025-11-01,TRANSFER_IN,WH-PHC,PRD-0072,10,TRF-00146,EMP-009
TXN-003654,2025-11-02,RECEIPT,WH-LAG1,PRD-0007,143,PO-2025-02906,EMP-015
TXN-003655,2025-11-02,RECEIPT,WH-IBD,PRD-0060,131,PO-2025-02915,EMP-012
TXN-003656,2025-11-02,RECEIPT,WH-PHC,PRD-0142,92,PO-2025-02933,EMP-039
TXN-003657,2025-11-02,RECEIPT,WH-LAG1,PRD-0166,311,PO-2025-02938,EMP-030
TXN-003658,2025-11-02,TRANSFER_OUT,WH-LAG1,PRD-0167,-17,TRF-00147,EMP-025
TXN-003659,2025-11-02,TRANSFER_IN,WH-PHC,PRD-0167,17,TRF-00147,EMP-024
TXN-003660,2025-11-03,RECEIPT,WH-ABJ,PRD-0100,415,PO-2025-02852,EMP-013
TXN-003661,2025-11-03,RECEIPT,WH-ABJ,PRD-0113,126,PO-2025-02857,EMP-003
TXN-003662,2025-11-03,RECEIPT,WH-LAG1,PRD-0037,225,PO-2025-02874,EMP-005
TXN-003663,2025-11-03,RECEIPT,WH-IBD,PRD-0154,62,PO-2025-02900,EMP-022
TXN-003664,2025-11-03,RECEIPT,WH-IBD,PRD-0004,192,PO-2025-02905,EMP-037
TXN-003665,2025-11-03,RECEIPT,WH-LAG2,PRD-0007,82,PO-2025-02907,EMP-021
TXN-003666,2025-11-03,RECEIPT,WH-IBD,PRD-0084,99,PO-2025-02918,EMP-027
TXN-003667,2025-11-03,RECEIPT,WH-LAG1,PRD-0105,53,PO-2025-02925,EMP-005
TXN-003668,2025-11-03,RECEIPT,WH-LAG1,PRD-0147,89,PO-2025-02934,EMP-015
TXN-003669,2025-11-04,RECEIPT,WH-ABJ,PRD-0071,22,PO-2025-02796,EMP-013
TXN-003670,2025-11-04,RECEIPT,WH-ABJ,PRD-0070,42,PO-2025-02845,EMP-028
TXN-003671,2025-11-04,RECEIPT,WH-LAG1,PRD-0033,114,PO-2025-02911,EMP-030
TXN-003672,2025-11-04,RECEIPT,WH-IBD,PRD-0034,31,PO-2025-02912,EMP-012
TXN-003673,2025-11-04,RECEIPT,WH-LAG1,PRD-0068,242,PO-2025-02916,EMP-020
TXN-003674,2025-11-04,RECEIPT,WH-LAG2,PRD-0163,76,PO-2025-02937,EMP-001
TXN-003675,2025-11-05,RECEIPT,WH-LAG1,PRD-0006,55,PO-2025-02824,EMP-030
TXN-003676,2025-11-05,RECEIPT,WH-IBD,PRD-0002,22,PO-2025-02864,EMP-032
TXN-003677,2025-11-05,RECEIPT,WH-PHC,PRD-0042,18,PO-2025-02875,EMP-024
TXN-003678,2025-11-05,RECEIPT,WH-IBD,PRD-0048,59,PO-2025-02877,EMP-017
TXN-003679,2025-11-05,RECEIPT,WH-LAG1,PRD-0131,203,PO-2025-02930,EMP-025
TXN-003680,2025-11-05,TRANSFER_OUT,WH-LAG2,PRD-0163,-20,TRF-00148,EMP-021
TXN-003681,2025-11-05,TRANSFER_IN,WH-LAG1,PRD-0163,20,TRF-00148,EMP-040
TXN-003682,2025-11-06,RECEIPT,WH-ABJ,PRD-0035,107,PO-2025-02913,EMP-003
TXN-003683,2025-11-06,RECEIPT,WH-ABJ,PRD-0137,89,PO-2025-02931,EMP-008
TXN-003684,2025-11-06,RECEIPT,WH-IBD,PRD-0142,75,PO-2025-02932,EMP-032
TXN-003685,2025-11-06,RECEIPT,WH-PHC,PRD-0058,44,PO-2025-02952,EMP-009
TXN-003686,2025-11-06,RECEIPT,WH-ABJ,PRD-0067,98,PO-2025-02953,EMP-008
TXN-003687,2025-11-06,RECEIPT,WH-PHC,PRD-0068,80,PO-2025-02954,EMP-004
TXN-003688,2025-11-06,RECEIPT,WH-IBD,PRD-0077,169,PO-2025-02956,EMP-027
TXN-003689,2025-11-06,RECEIPT,WH-LAG1,PRD-0151,1520,PO-2025-02969,EMP-005
TXN-003690,2025-11-06,TRANSFER_OUT,WH-LAG1,PRD-0061,-48,TRF-00149,EMP-030
TXN-003691,2025-11-06,TRANSFER_IN,WH-LAG2,PRD-0061,48,TRF-00149,EMP-001
TXN-003692,2025-11-07,RECEIPT,WH-PHC,PRD-0002,27,PO-2025-02865,EMP-034
TXN-003693,2025-11-07,RECEIPT,WH-IBD,PRD-0047,60,PO-2025-02876,EMP-022
TXN-003694,2025-11-07,RECEIPT,WH-PHC,PRD-0065,88,PO-2025-02881,EMP-024
TXN-003695,2025-11-07,RECEIPT,WH-ABJ,PRD-0121,213,PO-2025-02894,EMP-038
TXN-003696,2025-11-07,RECEIPT,WH-LAG2,PRD-0023,58,PO-2025-02909,EMP-016
TXN-003697,2025-11-07,RECEIPT,WH-IBD,PRD-0156,130,PO-2025-02935,EMP-007
TXN-003698,2025-11-07,RECEIPT,WH-LAG2,PRD-0031,119,PO-2025-02947,EMP-021
TXN-003699,2025-11-07,RECEIPT,WH-LAG1,PRD-0040,90,PO-2025-02948,EMP-005
TXN-003700,2025-11-07,RECEIPT,WH-LAG1,PRD-0077,319,PO-2025-02955,EMP-015
TXN-003701,2025-11-07,RECEIPT,WH-PHC,PRD-0084,89,PO-2025-02959,EMP-039
TXN-003702,2025-11-08,RECEIPT,WH-PHC,PRD-0020,111,PO-2025-02829,EMP-039
TXN-003703,2025-11-08,RECEIPT,WH-LAG2,PRD-0028,53,PO-2025-02831,EMP-011
TXN-003704,2025-11-08,RECEIPT,WH-IBD,PRD-0118,153,PO-2025-02892,EMP-017
TXN-003705,2025-11-08,RECEIPT,WH-PHC,PRD-0120,162,PO-2025-02927,EMP-039
TXN-003706,2025-11-08,RECEIPT,WH-PHC,PRD-0162,48,PO-2025-02936,EMP-019
TXN-003707,2025-11-09,RECEIPT,WH-LAG2,PRD-0061,131,PO-2025-02841,EMP-026
TXN-003708,2025-11-09,RECEIPT,WH-PHC,PRD-0057,179,PO-2025-02880,EMP-029
TXN-003709,2025-11-09,RECEIPT,WH-PHC,PRD-0126,41,PO-2025-02929,EMP-004
TXN-003710,2025-11-09,RECEIPT,WH-IBD,PRD-0012,42,PO-2025-02942,EMP-012
TXN-003711,2025-11-09,TRANSFER_OUT,WH-LAG1,PRD-0068,-69,TRF-00150,EMP-010
TXN-003712,2025-11-09,TRANSFER_IN,WH-ABJ,PRD-0068,69,TRF-00150,EMP-008
TXN-003713,2025-11-10,RECEIPT,WH-LAG2,PRD-0118,110,PO-2025-02891,EMP-006
TXN-003714,2025-11-10,RECEIPT,WH-LAG1,PRD-0121,333,PO-2025-02893,EMP-020
TXN-003715,2025-11-10,RECEIPT,WH-LAG1,PRD-0016,188,PO-2025-02908,EMP-035
TXN-003716,2025-11-10,RECEIPT,WH-PHC,PRD-0098,159,PO-2025-02922,EMP-039
TXN-003717,2025-11-10,RECEIPT,WH-LAG2,PRD-0125,411,PO-2025-02928,EMP-011
TXN-003718,2025-11-10,RECEIPT,WH-LAG2,PRD-0058,51,PO-2025-02951,EMP-006
TXN-003719,2025-11-10,RECEIPT,WH-ABJ,PRD-0077,345,PO-2025-02957,EMP-038
TXN-003720,2025-11-10,RECEIPT,WH-LAG1,PRD-0081,178,PO-2025-02958,EMP-010
TXN-003721,2025-11-11,RECEIPT,WH-PHC,PRD-0006,26,PO-2025-02825,EMP-014
TXN-003722,2025-11-12,RECEIPT,WH-LAG1,PRD-0052,28,PO-2025-02840,EMP-015
TXN-003723,2025-11-12,RECEIPT,WH-LAG2,PRD-0064,95,PO-2025-02844,EMP-016
TXN-003724,2025-11-12,RECEIPT,WH-LAG2,PRD-0094,24,PO-2025-02962,EMP-021
TXN-003725,2025-11-13,RECEIPT,WH-ABJ,PRD-0001,54,PO-2025-02939,EMP-023
TXN-003726,2025-11-13,RECEIPT,WH-IBD,PRD-0094,20,PO-2025-02963,EMP-007
TXN-003727,2025-11-13,RECEIPT,WH-PHC,PRD-0127,45,PO-2025-02965,EMP-024
TXN-003728,2025-11-13,RECEIPT,WH-IBD,PRD-0141,51,PO-2025-02967,EMP-007
TXN-003729,2025-11-13,RECEIPT,WH-LAG1,PRD-0060,215,PO-2025-02986,EMP-020
TXN-003730,2025-11-13,RECEIPT,WH-ABJ,PRD-0079,80,PO-2025-02993,EMP-033
TXN-003731,2025-11-13,TRANSFER_OUT,WH-LAG2,PRD-0155,-14,TRF-00151,EMP-021
TXN-003732,2025-11-13,TRANSFER_IN,WH-PHC,PRD-0155,14,TRF-00151,EMP-014
TXN-003733,2025-11-14,RECEIPT,WH-LAG1,PRD-0020,142,PO-2025-02945,EMP-030
TXN-003734,2025-11-14,RECEIPT,WH-LAG1,PRD-0093,251,PO-2025-02961,EMP-010
TXN-003735,2025-11-14,RECEIPT,WH-LAG2,PRD-0166,127,PO-2025-03019,EMP-021
TXN-003736,2025-11-15,RECEIPT,WH-LAG2,PRD-0025,58,PO-2025-02871,EMP-031
TXN-003737,2025-11-15,RECEIPT,WH-ABJ,PRD-0030,28,PO-2025-02946,EMP-018
TXN-003738,2025-11-15,RECEIPT,WH-LAG2,PRD-0128,84,PO-2025-02966,EMP-006
TXN-003739,2025-11-15,RECEIPT,WH-PHC,PRD-0004,173,PO-2025-02971,EMP-009
TXN-003740,2025-11-15,RECEIPT,WH-IBD,PRD-0081,69,PO-2025-02995,EMP-027
TXN-003741,2025-11-15,RECEIPT,WH-PHC,PRD-0157,57,PO-2025-03013,EMP-014
TXN-003742,2025-11-15,RECEIPT,WH-ABJ,PRD-0158,35,PO-2025-03014,EMP-028
TXN-003743,2025-11-16,RECEIPT,WH-LAG1,PRD-0100,509,PO-2025-02923,EMP-040
TXN-003744,2025-11-16,RECEIPT,WH-LAG2,PRD-0102,66,PO-2025-02924,EMP-001
TXN-003745,2025-11-16,RECEIPT,WH-LAG1,PRD-0011,176,PO-2025-02975,EMP-035
TXN-003746,2025-11-16,RECEIPT,WH-PHC,PRD-0067,89,PO-2025-02990,EMP-004
TXN-003747,2025-11-17,RECEIPT,WH-LAG2,PRD-0024,40,PO-2025-02870,EMP-026
TXN-003748,2025-11-17,RECEIPT,WH-LAG2,PRD-0014,15,PO-2025-02943,EMP-006
TXN-003749,2025-11-17,RECEIPT,WH-IBD,PRD-0007,70,PO-2025-02973,EMP-012
TXN-003750,2025-11-17,RECEIPT,WH-PHC,PRD-0094,23,PO-2025-02997,EMP-009
TXN-003751,2025-11-18,RECEIPT,WH-IBD,PRD-0019,78,PO-2025-02944,EMP-022
TXN-003752,2025-11-18,RECEIPT,WH-LAG1,PRD-0124,77,PO-2025-02964,EMP-010
TXN-003753,2025-11-18,RECEIPT,WH-LAG2,PRD-0150,57,PO-2025-02968,EMP-001
TXN-003754,2025-11-18,RECEIPT,WH-LAG1,PRD-0163,108,PO-2025-02970,EMP-035
TXN-003755,2025-11-18,RECEIPT,WH-PHC,PRD-0146,45,PO-2025-03011,EMP-014
TXN-003756,2025-11-18,RECEIPT,WH-PHC,PRD-0147,42,PO-2025-03012,EMP-004
TXN-003757,2025-11-18,TRANSFER_OUT,WH-LAG1,PRD-0036,-12,TRF-00152,EMP-015
TXN-003758,2025-11-18,TRANSFER_IN,WH-PHC,PRD-0036,12,TRF-00152,EMP-029
TXN-003759,2025-11-19,RECEIPT,WH-ABJ,PRD-0085,121,PO-2025-02919,EMP-018
TXN-003760,2025-11-19,RECEIPT,WH-IBD,PRD-0111,111,PO-2025-03004,EMP-037
TXN-003761,2025-11-19,RECEIPT,WH-LAG2,PRD-0142,153,PO-2025-03010,EMP-031
TXN-003762,2025-11-19,TRANSFER_OUT,WH-LAG1,PRD-0055,-17,TRF-00153,EMP-025
TXN-003763,2025-11-19,TRANSFER_IN,WH-LAG2,PRD-0055,17,TRF-00153,EMP-026
TXN-003764,2025-11-20,RECEIPT,WH-LAG1,PRD-0042,26,PO-2025-02949,EMP-040
TXN-003765,2025-11-20,RECEIPT,WH-IBD,PRD-0011,79,PO-2025-02976,EMP-007
TXN-003766,2025-11-20,RECEIPT,WH-LAG1,PRD-0048,139,PO-2025-02983,EMP-010
TXN-003767,2025-11-20,RECEIPT,WH-LAG1,PRD-0050,65,PO-2025-02984,EMP-020
TXN-003768,2025-11-20,RECEIPT,WH-LAG1,PRD-0067,98,PO-2025-02989,EMP-020
TXN-003769,2025-11-20,RECEIPT,WH-IBD,PRD-0161,241,PO-2025-03016,EMP-012
TXN-003770,2025-11-20,RECEIPT,WH-ABJ,PRD-0142,114,PO-2025-03071,EMP-033
TXN-003771,2025-11-20,RECEIPT,WH-IBD,PRD-0166,168,PO-2025-03081,EMP-022
TXN-003772,2025-11-20,TRANSFER_OUT,WH-ABJ,PRD-0170,-17,TRF-00154,EMP-038
TXN-003773,2025-11-20,TRANSFER_IN,WH-IBD,PRD-0170,17,TRF-00154,EMP-027
TXN-003774,2025-11-21,RECEIPT,WH-ABJ,PRD-0106,25,PO-2025-03000,EMP-038
TXN-003775,2025-11-21,RECEIPT,WH-LAG1,PRD-0133,58,PO-2025-03008,EMP-025
TXN-003776,2025-11-21,RECEIPT,WH-LAG1,PRD-0162,104,PO-2025-03018,EMP-025
TXN-003777,2025-11-21,RECEIPT,WH-LAG1,PRD-0083,291,PO-2025-03058,EMP-025
TXN-003778,2025-11-21,RECEIPT,WH-IBD,PRD-0151,486,PO-2025-03075,EMP-012
TXN-003779,2025-11-21,RECEIPT,WH-LAG1,PRD-0155,114,PO-2025-03077,EMP-030
TXN-003780,2025-11-21,TRANSFER_OUT,WH-ABJ,PRD-0124,-19,TRF-00155,EMP-013
TXN-003781,2025-11-21,TRANSFER_IN,WH-LAG2,PRD-0124,19,TRF-00155,EMP-026
TXN-003782,2025-11-22,RECEIPT,WH-LAG2,PRD-0104,35,PO-2025-02999,EMP-006
TXN-003783,2025-11-22,RECEIPT,WH-LAG1,PRD-0108,362,PO-2025-03002,EMP-020
TXN-003784,2025-11-22,RECEIPT,WH-PHC,PRD-0139,79,PO-2025-03009,EMP-014
TXN-003785,2025-11-22,RECEIPT,WH-LAG2,PRD-0091,340,PO-2025-03021,EMP-031
TXN-003786,2025-11-22,RECEIPT,WH-LAG2,PRD-0092,112,PO-2025-03022,EMP-011
TXN-003787,2025-11-22,RECEIPT,WH-LAG2,PRD-0093,401,PO-2025-03023,EMP-011
TXN-003788,2025-11-22,RECEIPT,WH-LAG2,PRD-0094,57,PO-2025-03024,EMP-021
TXN-003789,2025-11-22,RECEIPT,WH-LAG2,PRD-0095,60,PO-2025-03025,EMP-011
TXN-003790,2025-11-22,RECEIPT,WH-LAG2,PRD-0096,45,PO-2025-03026,EMP-006
TXN-003791,2025-11-22,RECEIPT,WH-LAG2,PRD-0097,69,PO-2025-03027,EMP-021
TXN-003792,2025-11-22,RECEIPT,WH-LAG2,PRD-0098,741,PO-2025-03028,EMP-026
TXN-003793,2025-11-22,RECEIPT,WH-LAG2,PRD-0099,56,PO-2025-03029,EMP-011
TXN-003794,2025-11-22,RECEIPT,WH-LAG2,PRD-0100,1189,PO-2025-03030,EMP-036
TXN-003795,2025-11-22,RECEIPT,WH-LAG2,PRD-0101,74,PO-2025-03031,EMP-021
TXN-003796,2025-11-22,RECEIPT,WH-LAG2,PRD-0102,266,PO-2025-03032,EMP-031
TXN-003797,2025-11-22,RECEIPT,WH-LAG2,PRD-0103,298,PO-2025-03033,EMP-011
TXN-003798,2025-11-22,RECEIPT,WH-LAG2,PRD-0104,49,PO-2025-03034,EMP-016
TXN-003799,2025-11-22,RECEIPT,WH-LAG2,PRD-0105,92,PO-2025-03035,EMP-021
TXN-003800,2025-11-22,RECEIPT,WH-LAG2,PRD-0106,68,PO-2025-03036,EMP-021
TXN-003801,2025-11-22,RECEIPT,WH-LAG2,PRD-0107,76,PO-2025-03037,EMP-006
TXN-003802,2025-11-22,RECEIPT,WH-LAG2,PRD-0108,740,PO-2025-03038,EMP-006
TXN-003803,2025-11-22,RECEIPT,WH-ABJ,PRD-0053,19,PO-2025-03050,EMP-038
TXN-003804,2025-11-22,RECEIPT,WH-IBD,PRD-0067,70,PO-2025-03053,EMP-027
TXN-003805,2025-11-22,RECEIPT,WH-PHC,PRD-0081,56,PO-2025-03056,EMP-029
TXN-003806,2025-11-22,RECEIPT,WH-LAG1,PRD-0082,145,PO-2025-03057,EMP-035
TXN-003807,2025-11-22,RECEIPT,WH-PHC,PRD-0092,33,PO-2025-03059,EMP-009
TXN-003808,2025-11-22,RECEIPT,WH-LAG2,PRD-0157,63,PO-2025-03079,EMP-031
TXN-003809,2025-11-22,RECEIPT,WH-LAG1,PRD-0170,103,PO-2025-03083,EMP-030
TXN-003810,2025-11-23,RECEIPT,WH-LAG2,PRD-0027,24,PO-2025-02910,EMP-016
TXN-003811,2025-11-23,RECEIPT,WH-PHC,PRD-0036,54,PO-2025-02982,EMP-004
TXN-003812,2025-11-23,RECEIPT,WH-IBD,PRD-0108,154,PO-2025-03003,EMP-012
TXN-003813,2025-11-23,RECEIPT,WH-LAG2,PRD-0130,48,PO-2025-03007,EMP-006
TXN-003814,2025-11-23,RECEIPT,WH-PHC,PRD-0160,234,PO-2025-03015,EMP-024
TXN-003815,2025-11-23,RECEIPT,WH-LAG1,PRD-0168,63,PO-2025-03020,EMP-040
TXN-003816,2025-11-23,RECEIPT,WH-LAG1,PRD-0004,321,PO-2025-03040,EMP-040
TXN-003817,2025-11-23,TRANSFER_OUT,WH-LAG1,PRD-0152,-18,TRF-00156,EMP-035
TXN-003818,2025-11-23,TRANSFER_IN,WH-LAG2,PRD-0152,18,TRF-00156,EMP-031
TXN-003819,2025-11-24,RECEIPT,WH-ABJ,PRD-0090,1437,PO-2025-02920,EMP-008
TXN-003820,2025-11-24,RECEIPT,WH-PHC,PRD-0090,632,PO-2025-02921,EMP-004
TXN-003821,2025-11-24,RECEIPT,WH-LAG1,PRD-0024,77,PO-2025-02980,EMP-040
TXN-003822,2025-11-24,RECEIPT,WH-PHC,PRD-0161,292,PO-2025-03017,EMP-024
TXN-003823,2025-11-24,RECEIPT,WH-ABJ,PRD-0127,54,PO-2025-03068,EMP-033
TXN-003824,2025-11-24,TRANSFER_OUT,WH-LAG1,PRD-0076,-39,TRF-00157,EMP-020
TXN-003825,2025-11-24,TRANSFER_IN,WH-IBD,PRD-0076,39,TRF-00157,EMP-022
TXN-003826,2025-11-25,RECEIPT,WH-IBD,PRD-0033,50,PO-2025-02981,EMP-007
TXN-003827,2025-11-25,RECEIPT,WH-PHC,PRD-0125,310,PO-2025-03006,EMP-024
TXN-003828,2025-11-25,RECEIPT,WH-ABJ,PRD-0037,111,PO-2025-03045,EMP-003
TXN-003829,2025-11-26,RECEIPT,WH-LAG1,PRD-0113,191,PO-2025-03005,EMP-020
TXN-003830,2025-11-26,RECEIPT,WH-PHC,PRD-0156,146,PO-2025-03078,EMP-004
TXN-003831,2025-11-27,RECEIPT,WH-ABJ,PRD-0052,14,PO-2025-02950,EMP-023
TXN-003832,2025-11-27,RECEIPT,WH-LAG2,PRD-0072,51,PO-2025-02992,EMP-011
TXN-003833,2025-11-27,RECEIPT,WH-LAG2,PRD-0107,26,PO-2025-03001,EMP-016
TXN-003834,2025-11-27,RECEIPT,WH-PHC,PRD-0017,34,PO-2025-03043,EMP-024
TXN-003835,2025-11-27,RECEIPT,WH-LAG1,PRD-0097,49,PO-2025-03062,EMP-025
TXN-003836,2025-11-27,RECEIPT,WH-PHC,PRD-0153,204,PO-2025-03076,EMP-014
TXN-003837,2025-11-27,RECEIPT,WH-PHC,PRD-0169,71,PO-2025-03082,EMP-039
TXN-003838,2025-11-27,RECEIPT,WH-ABJ,PRD-0082,83,PO-2025-03105,EMP-008
TXN-003839,2025-11-27,RECEIPT,WH-PHC,PRD-0082,85,PO-2025-03106,EMP-024
TXN-003840,2025-11-27,TRANSFER_OUT,WH-LAG1,PRD-0117,-27,TRF-00158,EMP-015
TXN-003841,2025-11-27,TRANSFER_IN,WH-ABJ,PRD-0117,27,TRF-00158,EMP-013
TXN-003842,2025-11-28,RECEIPT,WH-ABJ,PRD-0005,91,PO-2025-02940,EMP-033
TXN-003843,2025-11-28,RECEIPT,WH-IBD,PRD-0017,39,PO-2025-02978,EMP-002
TXN-003844,2025-11-28,RECEIPT,WH-LAG2,PRD-0020,112,PO-2025-02979,EMP-031
TXN-003845,2025-11-28,RECEIPT,WH-ABJ,PRD-0061,184,PO-2025-02987,EMP-008
TXN-003846,2025-11-28,RECEIPT,WH-IBD,PRD-0071,18,PO-2025-02991,EMP-032
TXN-003847,2025-11-28,RECEIPT,WH-LAG1,PRD-0102,131,PO-2025-02998,EMP-040
TXN-003848,2025-11-28,RECEIPT,WH-LAG1,PRD-0014,20,PO-2025-03042,EMP-040
TXN-003849,2025-11-28,RECEIPT,WH-ABJ,PRD-0045,92,PO-2025-03047,EMP-023
TXN-003850,2025-11-28,RECEIPT,WH-IBD,PRD-0096,17,PO-2025-03061,EMP-022
TXN-003851,2025-11-28,RECEIPT,WH-IBD,PRD-0097,22,PO-2025-03063,EMP-037
TXN-003852,2025-11-28,RECEIPT,WH-LAG1,PRD-0125,859,PO-2025-03066,EMP-020
TXN-003853,2025-11-28,RECEIPT,WH-ABJ,PRD-0150,98,PO-2025-03074,EMP-028
TXN-003854,2025-11-28,RECEIPT,WH-IBD,PRD-0049,42,PO-2025-03097,EMP-002
TXN-003855,2025-11-28,RECEIPT,WH-PHC,PRD-0049,52,PO-2025-03098,EMP-034
TXN-003856,2025-11-28,TRANSFER_OUT,WH-LAG1,PRD-0148,-15,TRF-00159,EMP-025
TXN-003857,2025-11-28,TRANSFER_IN,WH-PHC,PRD-0148,15,TRF-00159,EMP-024
TXN-003858,2025-11-29,RECEIPT,WH-PHC,PRD-0005,67,PO-2025-02941,EMP-014
TXN-003859,2025-11-29,RECEIPT,WH-LAG1,PRD-0088,57,PO-2025-02960,EMP-020
TXN-003860,2025-11-29,RECEIPT,WH-LAG1,PRD-0095,39,PO-2025-03060,EMP-020
TXN-003861,2025-11-29,RECEIPT,WH-LAG1,PRD-0149,48,PO-2025-03073,EMP-030
TXN-003862,2025-11-29,RECEIPT,WH-LAG2,PRD-0082,86,PO-2025-03104,EMP-026
TXN-003863,2025-11-29,RECEIPT,WH-LAG1,PRD-0143,89,PO-2025-03124,EMP-035
TXN-003864,2025-11-29,TRANSFER_OUT,WH-ABJ,PRD-0017,-18,TRF-00160,EMP-018
TXN-003865,2025-11-29,TRANSFER_IN,WH-LAG2,PRD-0017,18,TRF-00160,EMP-011
TXN-003866,2025-11-30,RECEIPT,WH-PHC,PRD-0064,89,PO-2025-02988,EMP-024
TXN-003867,2025-11-30,RECEIPT,WH-LAG1,PRD-0091,147,PO-2025-02996,EMP-005
TXN-003868,2025-11-30,RECEIPT,WH-IBD,PRD-0013,25,PO-2025-03041,EMP-032
TXN-003869,2025-11-30,RECEIPT,WH-IBD,PRD-0120,115,PO-2025-03064,EMP-032
TXN-003870,2025-11-30,RECEIPT,WH-ABJ,PRD-0130,58,PO-2025-03069,EMP-033
TXN-003871,2025-11-30,RECEIPT,WH-ABJ,PRD-0161,412,PO-2025-03080,EMP-013
TXN-003872,2025-11-30,RECEIPT,WH-IBD,PRD-0030,22,PO-2025-03092,EMP-017
TXN-003873,2025-11-30,RECEIPT,WH-LAG1,PRD-0051,266,PO-2025-03099,EMP-010
TXN-003874,2025-11-30,RECEIPT,WH-LAG1,PRD-0158,40,PO-2025-03125,EMP-010
TXN-003875,2025-11-30,ADJUSTMENT,WH-LAG1,PRD-0034,-1,DAMAGE,EMP-020
TXN-003876,2025-11-30,ADJUSTMENT,WH-LAG1,PRD-0020,-2,SHRINKAGE,EMP-035
TXN-003877,2025-11-30,ADJUSTMENT,WH-LAG1,PRD-0065,-1,EXPIRY,EMP-005
TXN-003878,2025-11-30,ADJUSTMENT,WH-LAG1,PRD-0034,-2,SHRINKAGE,EMP-030
TXN-003879,2025-11-30,ADJUSTMENT,WH-LAG1,PRD-0135,-2,EXPIRY,EMP-005
TXN-003880,2025-11-30,ADJUSTMENT,WH-LAG1,PRD-0026,-1,DAMAGE,EMP-025
TXN-003881,2025-11-30,ADJUSTMENT,WH-LAG1,PRD-0062,-2,EXPIRY,EMP-040
TXN-003882,2025-11-30,ADJUSTMENT,WH-LAG2,PRD-0159,-2,DAMAGE,EMP-031
TXN-003883,2025-11-30,ADJUSTMENT,WH-LAG2,PRD-0136,-2,EXPIRY,EMP-036
TXN-003884,2025-11-30,ADJUSTMENT,WH-LAG2,PRD-0031,-3,EXPIRY,EMP-036
TXN-003885,2025-11-30,ADJUSTMENT,WH-LAG2,PRD-0149,-2,EXPIRY,EMP-036
TXN-003886,2025-11-30,ADJUSTMENT,WH-LAG2,PRD-0133,-2,SHRINKAGE,EMP-026
TXN-003887,2025-11-30,ADJUSTMENT,WH-IBD,PRD-0141,-2,DAMAGE,EMP-007
TXN-003888,2025-11-30,ADJUSTMENT,WH-IBD,PRD-0004,-2,SHRINKAGE,EMP-037
TXN-003889,2025-11-30,ADJUSTMENT,WH-IBD,PRD-0129,-2,SHRINKAGE,EMP-022
TXN-003890,2025-11-30,ADJUSTMENT,WH-IBD,PRD-0146,-2,EXPIRY,EMP-027
TXN-003891,2025-11-30,ADJUSTMENT,WH-IBD,PRD-0157,-2,SHRINKAGE,EMP-027
TXN-003892,2025-11-30,ADJUSTMENT,WH-IBD,PRD-0081,-2,DAMAGE,EMP-007
TXN-003893,2025-11-30,ADJUSTMENT,WH-ABJ,PRD-0038,-1,EXPIRY,EMP-008
TXN-003894,2025-11-30,ADJUSTMENT,WH-ABJ,PRD-0059,-1,DAMAGE,EMP-013
TXN-003895,2025-11-30,ADJUSTMENT,WH-ABJ,PRD-0159,-2,DAMAGE,EMP-038
TXN-003896,2025-11-30,ADJUSTMENT,WH-ABJ,PRD-0150,-3,SHRINKAGE,EMP-013
TXN-003897,2025-11-30,ADJUSTMENT,WH-PHC,PRD-0010,-1,EXPIRY,EMP-039
TXN-003898,2025-11-30,ADJUSTMENT,WH-PHC,PRD-0161,-10,DAMAGE,EMP-019
TXN-003899,2025-11-30,ADJUSTMENT,WH-PHC,PRD-0129,-2,SHRINKAGE,EMP-034
TXN-003900,2025-11-30,ADJUSTMENT,WH-PHC,PRD-0030,-2,EXPIRY,EMP-014
TXN-003901,2025-11-30,ADJUSTMENT,WH-PHC,PRD-0097,-2,SHRINKAGE,EMP-024
TXN-003902,2025-11-30,ADJUSTMENT,WH-PHC,PRD-0048,-1,EXPIRY,EMP-039
TXN-003903,2025-11-30,ADJUSTMENT,WH-PHC,PRD-0127,-1,SHRINKAGE,EMP-019
TXN-003904,2025-12-01,RECEIPT,WH-LAG2,PRD-0010,23,PO-2025-02974,EMP-016
TXN-003905,2025-12-01,RECEIPT,WH-LAG1,PRD-0017,79,PO-2025-02977,EMP-010
TXN-003906,2025-12-01,RECEIPT,WH-PHC,PRD-0144,63,PO-2025-03072,EMP-009
TXN-003907,2025-12-01,RECEIPT,WH-IBD,PRD-0039,158,PO-2025-03094,EMP-002
TXN-003908,2025-12-02,RECEIPT,WH-IBD,PRD-0079,67,PO-2025-03103,EMP-002
TXN-003909,2025-12-02,RECEIPT,WH-PHC,PRD-0103,73,PO-2025-03112,EMP-009
TXN-003910,2025-12-02,RECEIPT,WH-LAG1,PRD-0114,33,PO-2025-03113,EMP-015
TXN-003911,2025-12-02,RECEIPT,WH-LAG1,PRD-0116,81,PO-2025-03115,EMP-025
TXN-003912,2025-12-02,RECEIPT,WH-LAG1,PRD-0127,95,PO-2025-03119,EMP-040
TXN-003913,2025-12-02,TRANSFER_OUT,WH-LAG2,PRD-0061,-48,TRF-00161,EMP-036
TXN-003914,2025-12-02,TRANSFER_IN,WH-PHC,PRD-0061,48,TRF-00161,EMP-019
TXN-003915,2025-12-03,RECEIPT,WH-ABJ,PRD-0122,118,PO-2025-03065,EMP-023
TXN-003916,2025-12-03,RECEIPT,WH-ABJ,PRD-0125,427,PO-2025-03067,EMP-008
TXN-003917,2025-12-03,RECEIPT,WH-LAG1,PRD-0008,74,PO-2025-03085,EMP-020
TXN-003918,2025-12-03,RECEIPT,WH-PHC,PRD-0013,28,PO-2025-03088,EMP-019
TXN-003919,2025-12-03,RECEIPT,WH-IBD,PRD-0029,40,PO-2025-03091,EMP-017
TXN-003920,2025-12-03,RECEIPT,WH-IBD,PRD-0045,45,PO-2025-03095,EMP-022
TXN-003921,2025-12-03,RECEIPT,WH-LAG1,PRD-0141,100,PO-2025-03123,EMP-020
TXN-003922,2025-12-03,RECEIPT,WH-LAG2,PRD-0165,184,PO-2025-03128,EMP-026
TXN-003923,2025-12-03,TRANSFER_OUT,WH-LAG1,PRD-0126,-14,TRF-00162,EMP-010
TXN-003924,2025-12-03,TRANSFER_IN,WH-LAG2,PRD-0126,14,TRF-00162,EMP-001
TXN-003925,2025-12-04,RECEIPT,WH-LAG2,PRD-0052,19,PO-2025-02985,EMP-031
TXN-003926,2025-12-04,RECEIPT,WH-PHC,PRD-0052,18,PO-2025-03049,EMP-024
TXN-003927,2025-12-04,RECEIPT,WH-IBD,PRD-0065,74,PO-2025-03052,EMP-022
TXN-003928,2025-12-04,RECEIPT,WH-PHC,PRD-0130,40,PO-2025-03070,EMP-034
TXN-003929,2025-12-04,RECEIPT,WH-LAG2,PRD-0016,92,PO-2025-03089,EMP-021
TXN-003930,2025-12-04,RECEIPT,WH-LAG2,PRD-0065,109,PO-2025-03101,EMP-031
TXN-003931,2025-12-04,RECEIPT,WH-PHC,PRD-0101,24,PO-2025-03110,EMP-034
TXN-003932,2025-12-04,RECEIPT,WH-ABJ,PRD-0115,101,PO-2025-03114,EMP-003
TXN-003933,2025-12-04,RECEIPT,WH-LAG1,PRD-0063,113,PO-2025-03150,EMP-040
TXN-003934,2025-12-04,RECEIPT,WH-PHC,PRD-0069,25,PO-2025-03152,EMP-039
TXN-003935,2025-12-04,RECEIPT,WH-ABJ,PRD-0151,866,PO-2025-03174,EMP-038
TXN-003936,2025-12-04,RECEIPT,WH-IBD,PRD-0157,64,PO-2025-03175,EMP-002
TXN-003937,2025-12-05,RECEIPT,WH-ABJ,PRD-0080,92,PO-2025-02994,EMP-028
TXN-003938,2025-12-05,RECEIPT,WH-PHC,PRD-0032,28,PO-2025-03044,EMP-019
TXN-003939,2025-12-05,RECEIPT,WH-ABJ,PRD-0139,92,PO-2025-03122,EMP-008
TXN-003940,2025-12-05,RECEIPT,WH-LAG1,PRD-0165,283,PO-2025-03127,EMP-005
TXN-003941,2025-12-05,RECEIPT,WH-ABJ,PRD-0054,48,PO-2025-03145,EMP-028
TXN-003942,2025-12-05,RECEIPT,WH-IBD,PRD-0058,45,PO-2025-03149,EMP-037
TXN-003943,2025-12-05,RECEIPT,WH-LAG1,PRD-0075,52,PO-2025-03155,EMP-005
TXN-003944,2025-12-05,RECEIPT,WH-LAG2,PRD-0137,84,PO-2025-03171,EMP-036
TXN-003945,2025-12-06,RECEIPT,WH-LAG1,PRD-0013,37,PO-2025-03087,EMP-035
TXN-003946,2025-12-06,RECEIPT,WH-ABJ,PRD-0117,73,PO-2025-03116,EMP-023
TXN-003947,2025-12-06,RECEIPT,WH-LAG1,PRD-0135,220,PO-2025-03121,EMP-005
TXN-003948,2025-12-06,RECEIPT,WH-LAG1,PRD-0167,115,PO-2025-03129,EMP-020
TXN-003949,2025-12-06,RECEIPT,WH-PHC,PRD-0075,20,PO-2025-03156,EMP-004
TXN-003950,2025-12-06,RECEIPT,WH-IBD,PRD-0082,74,PO-2025-03159,EMP-037
TXN-003951,2025-12-07,RECEIPT,WH-IBD,PRD-0128,67,PO-2025-03120,EMP-007
TXN-003952,2025-12-07,RECEIPT,WH-LAG1,PRD-0049,95,PO-2025-03144,EMP-035
TXN-003953,2025-12-07,RECEIPT,WH-IBD,PRD-0169,72,PO-2025-03179,EMP-017
TXN-003954,2025-12-08,RECEIPT,WH-IBD,PRD-0098,172,PO-2025-03108,EMP-037
TXN-003955,2025-12-08,RECEIPT,WH-LAG2,PRD-0161,398,PO-2025-03126,EMP-036
TXN-003956,2025-12-08,RECEIPT,WH-ABJ,PRD-0012,52,PO-2025-03133,EMP-033
TXN-003957,2025-12-08,RECEIPT,WH-LAG2,PRD-0018,111,PO-2025-03135,EMP-001
TXN-003958,2025-12-08,RECEIPT,WH-LAG2,PRD-0083,157,PO-2025-03160,EMP-021
TXN-003959,2025-12-08,RECEIPT,WH-LAG1,PRD-0120,234,PO-2025-03169,EMP-035
TXN-003960,2025-12-09,RECEIPT,WH-IBD,PRD-0006,28,PO-2025-02972,EMP-002
TXN-003961,2025-12-09,RECEIPT,WH-ABJ,PRD-0078,137,PO-2025-03055,EMP-013
TXN-003962,2025-12-09,RECEIPT,WH-PHC,PRD-0122,125,PO-2025-03117,EMP-009
TXN-003963,2025-12-09,RECEIPT,WH-LAG2,PRD-0123,67,PO-2025-03118,EMP-016
TXN-003964,2025-12-09,RECEIPT,WH-IBD,PRD-0035,71,PO-2025-03140,EMP-027
TXN-003965,2025-12-10,RECEIPT,WH-PHC,PRD-0061,139,PO-2025-03051,EMP-014
TXN-003966,2025-12-10,RECEIPT,WH-ABJ,PRD-0010,27,PO-2025-03086,EMP-033
TXN-003967,2025-12-10,RECEIPT,WH-PHC,PRD-0102,68,PO-2025-03111,EMP-009
TXN-003968,2025-12-10,RECEIPT,WH-ABJ,PRD-0096,27,PO-2025-03164,EMP-038
TXN-003969,2025-12-10,RECEIPT,WH-LAG2,PRD-0141,57,PO-2025-03172,EMP-031
TXN-003970,2025-12-10,RECEIPT,WH-ABJ,PRD-0145,141,PO-2025-03173,EMP-008
TXN-003971,2025-12-10,RECEIPT,WH-LAG1,PRD-0161,467,PO-2025-03178,EMP-020
TXN-003972,2025-12-10,TRANSFER_OUT,WH-IBD,PRD-0128,-18,TRF-00163,EMP-012
TXN-003973,2025-12-10,TRANSFER_IN,WH-ABJ,PRD-0128,18,TRF-00163,EMP-008
TXN-003974,2025-12-11,RECEIPT,WH-ABJ,PRD-0006,31,PO-2025-03084,EMP-038
TXN-003975,2025-12-11,RECEIPT,WH-LAG2,PRD-0033,69,PO-2025-03138,EMP-011
TXN-003976,2025-12-11,RECEIPT,WH-LAG2,PRD-0045,52,PO-2025-03142,EMP-031
TXN-003977,2025-12-11,RECEIPT,WH-ABJ,PRD-0081,108,PO-2025-03158,EMP-013
TXN-003978,2025-12-11,RECEIPT,WH-LAG2,PRD-0049,43,PO-2025-03194,EMP-016
TXN-003979,2025-12-11,RECEIPT,WH-PHC,PRD-0151,487,PO-2025-03229,EMP-034
TXN-003980,2025-12-11,TRANSFER_OUT,WH-LAG1,PRD-0083,-59,TRF-00164,EMP-030
TXN-003981,2025-12-11,TRANSFER_IN,WH-ABJ,PRD-0083,59,TRF-00164,EMP-028
TXN-003982,2025-12-12,RECEIPT,WH-PHC,PRD-0044,16,PO-2025-03046,EMP-004
TXN-003983,2025-12-12,RECEIPT,WH-LAG2,PRD-0046,69,PO-2025-03096,EMP-011
TXN-003984,2025-12-12,RECEIPT,WH-LAG1,PRD-0041,88,PO-2025-03141,EMP-015
TXN-003985,2025-12-12,RECEIPT,WH-LAG2,PRD-0057,170,PO-2025-03146,EMP-036
TXN-003986,2025-12-12,RECEIPT,WH-IBD,PRD-0057,184,PO-2025-03147,EMP-032
TXN-003987,2025-12-12,RECEIPT,WH-ABJ,PRD-0160,207,PO-2025-03177,EMP-033
TXN-003988,2025-12-12,RECEIPT,WH-LAG2,PRD-0051,75,PO-2025-03195,EMP-021
TXN-003989,2025-12-12,RECEIPT,WH-ABJ,PRD-0058,63,PO-2025-03199,EMP-008
TXN-003990,2025-12-12,RECEIPT,WH-ABJ,PRD-0083,183,PO-2025-03209,EMP-013
TXN-003991,2025-12-12,RECEIPT,WH-ABJ,PRD-0155,69,PO-2025-03232,EMP-008
TXN-003992,2025-12-12,RECEIPT,WH-PHC,PRD-0155,52,PO-2025-03233,EMP-019
TXN-003993,2025-12-12,RECEIPT,WH-LAG1,PRD-0156,238,PO-2025-03234,EMP-040
TXN-003994,2025-12-13,RECEIPT,WH-IBD,PRD-0074,73,PO-2025-03054,EMP-017
TXN-003995,2025-12-13,RECEIPT,WH-PHC,PRD-0034,30,PO-2025-03139,EMP-039
TXN-003996,2025-12-13,RECEIPT,WH-ABJ,PRD-0057,217,PO-2025-03148,EMP-018
TXN-003997,2025-12-13,RECEIPT,WH-LAG1,PRD-0105,41,PO-2025-03166,EMP-035
TXN-003998,2025-12-13,RECEIPT,WH-LAG2,PRD-0160,240,PO-2025-03176,EMP-006
TXN-003999,2025-12-13,RECEIPT,WH-LAG2,PRD-0075,21,PO-2025-03205,EMP-026
TXN-004000,2025-12-13,RECEIPT,WH-LAG2,PRD-0112,21,PO-2025-03217,EMP-016
TXN-004001,2025-12-13,RECEIPT,WH-LAG1,PRD-0157,113,PO-2025-03235,EMP-010
TXN-004002,2025-12-14,RECEIPT,WH-LAG1,PRD-0065,214,PO-2025-03151,EMP-025
TXN-004003,2025-12-14,RECEIPT,WH-IBD,PRD-0135,155,PO-2025-03170,EMP-032
TXN-004004,2025-12-14,RECEIPT,WH-LAG2,PRD-0004,195,PO-2025-03181,EMP-026
TXN-004005,2025-12-14,RECEIPT,WH-ABJ,PRD-0031,127,PO-2025-03187,EMP-023
TXN-004006,2025-12-14,RECEIPT,WH-IBD,PRD-0104,33,PO-2025-03213,EMP-027
TXN-004007,2025-12-14,RECEIPT,WH-IBD,PRD-0155,41,PO-2025-03231,EMP-022
TXN-004008,2025-12-15,RECEIPT,WH-ABJ,PRD-0046,75,PO-2025-03048,EMP-003
TXN-004009,2025-12-15,RECEIPT,WH-PHC,PRD-0100,211,PO-2025-03109,EMP-019
TXN-004010,2025-12-15,RECEIPT,WH-LAG1,PRD-0005,160,PO-2025-03131,EMP-010
TXN-004011,2025-12-15,RECEIPT,WH-PHC,PRD-0016,122,PO-2025-03134,EMP-034
TXN-004012,2025-12-15,RECEIPT,WH-LAG1,PRD-0138,175,PO-2025-03226,EMP-020
TXN-004013,2025-12-15,RECEIPT,WH-LAG1,PRD-0168,41,PO-2025-03238,EMP-010
TXN-004014,2025-12-15,TRANSFER_OUT,WH-LAG1,PRD-0130,-19,TRF-00165,EMP-010
TXN-004015,2025-12-15,TRANSFER_IN,WH-LAG2,PRD-0130,19,TRF-00165,EMP-001
TXN-004016,2025-12-16,RECEIPT,WH-LAG2,PRD-0001,45,PO-2025-03039,EMP-026
TXN-004017,2025-12-16,RECEIPT,WH-LAG1,PRD-0035,98,PO-2025-03188,EMP-005
TXN-004018,2025-12-16,RECEIPT,WH-PHC,PRD-0035,73,PO-2025-03189,EMP-014
TXN-004019,2025-12-16,RECEIPT,WH-IBD,PRD-0054,49,PO-2025-03196,EMP-022
TXN-004020,2025-12-17,RECEIPT,WH-LAG1,PRD-0019,154,PO-2025-03090,EMP-015
TXN-004021,2025-12-17,RECEIPT,WH-PHC,PRD-0025,61,PO-2025-03137,EMP-024
TXN-004022,2025-12-17,RECEIPT,WH-LAG1,PRD-0072,86,PO-2025-03154,EMP-010
TXN-004023,2025-12-17,RECEIPT,WH-LAG1,PRD-0018,133,PO-2025-03183,EMP-035
TXN-004024,2025-12-17,RECEIPT,WH-LAG1,PRD-0022,42,PO-2025-03185,EMP-040
TXN-004025,2025-12-17,RECEIPT,WH-ABJ,PRD-0111,130,PO-2025-03216,EMP-003
TXN-004026,2025-12-18,RECEIPT,WH-IBD,PRD-0086,191,PO-2025-03107,EMP-022
TXN-004027,2025-12-18,RECEIPT,WH-IBD,PRD-0090,613,PO-2025-03163,EMP-007
TXN-004028,2025-12-18,RECEIPT,WH-LAG2,PRD-0118,108,PO-2025-03167,EMP-036
TXN-004029,2025-12-18,RECEIPT,WH-LAG1,PRD-0076,209,PO-2025-03206,EMP-005
TXN-004030,2025-12-18,RECEIPT,WH-PHC,PRD-0115,90,PO-2025-03219,EMP-019
TXN-004031,2025-12-18,RECEIPT,WH-ABJ,PRD-0128,87,PO-2025-03224,EMP-003
TXN-004032,2025-12-18,RECEIPT,WH-PHC,PRD-0129,18,PO-2025-03225,EMP-039
TXN-004033,2025-12-18,RECEIPT,WH-LAG2,PRD-0060,110,PO-2025-03259,EMP-026
TXN-004034,2025-12-18,TRANSFER_OUT,WH-LAG1,PRD-0151,-290,TRF-00166,EMP-030
TXN-004035,2025-12-18,TRANSFER_IN,WH-LAG2,PRD-0151,290,TRF-00166,EMP-026
TXN-004036,2025-12-19,RECEIPT,WH-ABJ,PRD-0070,63,PO-2025-03153,EMP-013
TXN-004037,2025-12-19,RECEIPT,WH-ABJ,PRD-0041,58,PO-2025-03190,EMP-038
TXN-004038,2025-12-19,RECEIPT,WH-PHC,PRD-0047,69,PO-2025-03192,EMP-014
TXN-004039,2025-12-19,RECEIPT,WH-ABJ,PRD-0149,30,PO-2025-03228,EMP-013
TXN-004040,2025-12-19,RECEIPT,WH-PHC,PRD-0053,16,PO-2025-03258,EMP-024
TXN-004041,2025-12-20,RECEIPT,WH-ABJ,PRD-0102,75,PO-2025-03165,EMP-013
TXN-004042,2025-12-20,RECEIPT,WH-IBD,PRD-0016,107,PO-2025-03182,EMP-032
TXN-004043,2025-12-20,RECEIPT,WH-IBD,PRD-0072,57,PO-2025-03203,EMP-037
TXN-004044,2025-12-20,RECEIPT,WH-PHC,PRD-0106,25,PO-2025-03214,EMP-004
TXN-004045,2025-12-20,RECEIPT,WH-IBD,PRD-0125,254,PO-2025-03223,EMP-012
TXN-004046,2025-12-20,RECEIPT,WH-LAG2,PRD-0154,54,PO-2025-03230,EMP-021
TXN-004047,2025-12-20,RECEIPT,WH-LAG1,PRD-0160,403,PO-2025-03236,EMP-025
TXN-004048,2025-12-20,RECEIPT,WH-ABJ,PRD-0075,24,PO-2025-03267,EMP-038
TXN-004049,2025-12-20,RECEIPT,WH-PHC,PRD-0081,92,PO-2025-03268,EMP-029
TXN-004050,2025-12-20,RECEIPT,WH-LAG1,PRD-0092,79,PO-2025-03270,EMP-035
TXN-004051,2025-12-21,RECEIPT,WH-LAG2,PRD-0005,80,PO-2025-03132,EMP-031
TXN-004052,2025-12-21,RECEIPT,WH-LAG2,PRD-0080,65,PO-2025-03157,EMP-036
TXN-004053,2025-12-21,RECEIPT,WH-ABJ,PRD-0072,74,PO-2025-03204,EMP-033
TXN-004054,2025-12-21,RECEIPT,WH-IBD,PRD-0095,21,PO-2025-03211,EMP-032
TXN-004055,2025-12-21,RECEIPT,WH-PHC,PRD-0114,22,PO-2025-03218,EMP-004
TXN-004056,2025-12-21,RECEIPT,WH-IBD,PRD-0144,46,PO-2025-03227,EMP-012
TXN-004057,2025-12-21,RECEIPT,WH-ABJ,PRD-0169,90,PO-2025-03240,EMP-023
TXN-004058,2025-12-21,RECEIPT,WH-IBD,PRD-0031,82,PO-2025-03253,EMP-007
TXN-004059,2025-12-21,RECEIPT,WH-LAG2,PRD-0039,139,PO-2025-03255,EMP-036
TXN-004060,2025-12-21,RECEIPT,WH-PHC,PRD-0068,84,PO-2025-03264,EMP-004
TXN-004061,2025-12-22,RECEIPT,WH-IBD,PRD-0024,31,PO-2025-03186,EMP-017
TXN-004062,2025-12-22,RECEIPT,WH-PHC,PRD-0041,52,PO-2025-03191,EMP-039
TXN-004063,2025-12-22,RECEIPT,WH-LAG1,PRD-0090,2081,PO-2025-03210,EMP-005
TXN-004064,2025-12-22,RECEIPT,WH-LAG2,PRD-0163,59,PO-2025-03237,EMP-006
TXN-004065,2025-12-22,RECEIPT,WH-LAG2,PRD-0168,26,PO-2025-03239,EMP-021
TXN-004066,2025-12-22,RECEIPT,WH-PHC,PRD-0063,75,PO-2025-03261,EMP-039
TXN-004067,2025-12-22,RECEIPT,WH-ABJ,PRD-0069,22,PO-2025-03265,EMP-008
TXN-004068,2025-12-22,RECEIPT,WH-PHC,PRD-0109,80,PO-2025-03277,EMP-019
TXN-004069,2025-12-22,RECEIPT,WH-LAG1,PRD-0127,84,PO-2025-03282,EMP-015
TXN-004070,2025-12-22,RECEIPT,WH-LAG2,PRD-0156,111,PO-2025-03294,EMP-016
TXN-004071,2025-12-23,RECEIPT,WH-IBD,PRD-0036,46,PO-2025-03093,EMP-012
TXN-004072,2025-12-23,RECEIPT,WH-PHC,PRD-0073,24,PO-2025-03102,EMP-024
TXN-004073,2025-12-23,RECEIPT,WH-ABJ,PRD-0118,211,PO-2025-03168,EMP-008
TXN-004074,2025-12-23,RECEIPT,WH-LAG1,PRD-0071,28,PO-2025-03202,EMP-010
TXN-004075,2025-12-23,RECEIPT,WH-PHC,PRD-0108,177,PO-2025-03215,EMP-009
TXN-004076,2025-12-23,RECEIPT,WH-LAG2,PRD-0022,20,PO-2025-03246,EMP-001
TXN-004077,2025-12-23,RECEIPT,WH-ABJ,PRD-0101,35,PO-2025-03273,EMP-013
TXN-004078,2025-12-23,RECEIPT,WH-LAG2,PRD-0131,110,PO-2025-03284,EMP-031
TXN-004079,2025-12-23,TRANSFER_OUT,WH-IBD,PRD-0152,-12,TRF-00167,EMP-027
TXN-004080,2025-12-23,TRANSFER_IN,WH-LAG1,PRD-0152,12,TRF-00167,EMP-015
TXN-004081,2025-12-24,RECEIPT,WH-IBD,PRD-0064,90,PO-2025-03100,EMP-022
TXN-004082,2025-12-24,RECEIPT,WH-IBD,PRD-0100,252,PO-2025-03212,EMP-012
TXN-004083,2025-12-24,RECEIPT,WH-PHC,PRD-0008,44,PO-2025-03243,EMP-034
TXN-004084,2025-12-24,RECEIPT,WH-ABJ,PRD-0097,27,PO-2025-03272,EMP-008
TXN-004085,2025-12-24,RECEIPT,WH-ABJ,PRD-0103,97,PO-2025-03274,EMP-018
TXN-004086,2025-12-25,RECEIPT,WH-ABJ,PRD-0055,79,PO-2025-03197,EMP-003
TXN-004087,2025-12-25,RECEIPT,WH-LAG1,PRD-0117,96,PO-2025-03279,EMP-040
TXN-004088,2025-12-25,RECEIPT,WH-ABJ,PRD-0133,43,PO-2025-03285,EMP-023
TXN-004089,2025-12-25,RECEIPT,WH-LAG2,PRD-0162,48,PO-2025-03296,EMP-036
TXN-004090,2025-12-25,RECEIPT,WH-ABJ,PRD-0167,82,PO-2025-03298,EMP-028
TXN-004091,2025-12-25,RECEIPT,WH-PHC,PRD-0075,22,PO-2025-03317,EMP-019
TXN-004092,2025-12-25,RECEIPT,WH-PHC,PRD-0143,58,PO-2025-03343,EMP-024
TXN-004093,2025-12-25,RECEIPT,WH-LAG2,PRD-0158,34,PO-2025-03350,EMP-006
TXN-004094,2025-12-26,RECEIPT,WH-LAG1,PRD-0086,485,PO-2025-03161,EMP-040
TXN-004095,2025-12-26,RECEIPT,WH-LAG2,PRD-0121,165,PO-2025-03220,EMP-026
TXN-004096,2025-12-26,RECEIPT,WH-LAG2,PRD-0016,119,PO-2025-03244,EMP-036
TXN-004097,2025-12-26,RECEIPT,WH-LAG1,PRD-0061,276,PO-2025-03260,EMP-035
TXN-004098,2025-12-26,RECEIPT,WH-IBD,PRD-0115,94,PO-2025-03278,EMP-007
TXN-004099,2025-12-26,RECEIPT,WH-ABJ,PRD-0135,192,PO-2025-03287,EMP-008
TXN-004100,2025-12-26,RECEIPT,WH-LAG1,PRD-0144,119,PO-2025-03288,EMP-040
TXN-004101,2025-12-26,RECEIPT,WH-PHC,PRD-0149,23,PO-2025-03291,EMP-019
TXN-004102,2025-12-27,RECEIPT,WH-PHC,PRD-0001,36,PO-2025-03130,EMP-009
TXN-004103,2025-12-27,RECEIPT,WH-ABJ,PRD-0065,122,PO-2025-03200,EMP-033
TXN-004104,2025-12-27,RECEIPT,WH-LAG2,PRD-0146,51,PO-2025-03289,EMP-006
TXN-004105,2025-12-27,RECEIPT,WH-LAG1,PRD-0153,386,PO-2025-03292,EMP-010
TXN-004106,2025-12-27,RECEIPT,WH-ABJ,PRD-0163,59,PO-2025-03297,EMP-023
TXN-004107,2025-12-27,RECEIPT,WH-PHC,PRD-0112,25,PO-2025-03330,EMP-034
TXN-004108,2025-12-27,TRANSFER_OUT,WH-PHC,PRD-0139,-15,TRF-00168,EMP-039
TXN-004109,2025-12-27,TRANSFER_IN,WH-IBD,PRD-0139,15,TRF-00168,EMP-002
TXN-004110,2025-12-28,RECEIPT,WH-ABJ,PRD-0024,46,PO-2025-03136,EMP-018
TXN-004111,2025-12-28,RECEIPT,WH-LAG1,PRD-0020,200,PO-2025-03184,EMP-025
TXN-004112,2025-12-28,RECEIPT,WH-PHC,PRD-0024,31,PO-2025-03247,EMP-034
TXN-004113,2025-12-28,RECEIPT,WH-ABJ,PRD-0108,258,PO-2025-03276,EMP-033
TXN-004114,2025-12-28,RECEIPT,WH-LAG2,PRD-0149,22,PO-2025-03290,EMP-031
TXN-004115,2025-12-28,RECEIPT,WH-IBD,PRD-0160,164,PO-2025-03295,EMP-007
TXN-004116,2025-12-28,RECEIPT,WH-PHC,PRD-0030,24,PO-2025-03307,EMP-019
TXN-004117,2025-12-28,RECEIPT,WH-LAG1,PRD-0062,220,PO-2025-03312,EMP-020
TXN-004118,2025-12-28,RECEIPT,WH-IBD,PRD-0077,202,PO-2025-03319,EMP-017
TXN-004119,2025-12-28,RECEIPT,WH-PHC,PRD-0083,129,PO-2025-03322,EMP-009
TXN-004120,2025-12-29,RECEIPT,WH-LAG2,PRD-0048,53,PO-2025-03143,EMP-036
TXN-004121,2025-12-29,RECEIPT,WH-PHC,PRD-0070,39,PO-2025-03201,EMP-024
TXN-004122,2025-12-29,RECEIPT,WH-IBD,PRD-0121,145,PO-2025-03221,EMP-007
TXN-004123,2025-12-29,RECEIPT,WH-PHC,PRD-0121,97,PO-2025-03222,EMP-009
TXN-004124,2025-12-29,RECEIPT,WH-ABJ,PRD-0016,140,PO-2025-03245,EMP-028
TXN-004125,2025-12-29,RECEIPT,WH-LAG1,PRD-0025,111,PO-2025-03248,EMP-005
TXN-004126,2025-12-29,RECEIPT,WH-LAG2,PRD-0038,28,PO-2025-03254,EMP-006
TXN-004127,2025-12-29,RECEIPT,WH-PHC,PRD-0093,117,PO-2025-03271,EMP-024
TXN-004128,2025-12-29,RECEIPT,WH-LAG1,PRD-0106,43,PO-2025-03275,EMP-025
TXN-004129,2025-12-29,RECEIPT,WH-LAG1,PRD-0128,179,PO-2025-03283,EMP-030
TXN-004130,2025-12-29,RECEIPT,WH-LAG2,PRD-0135,162,PO-2025-03286,EMP-036
TXN-004131,2025-12-29,RECEIPT,WH-ABJ,PRD-0011,98,PO-2025-03302,EMP-008
TXN-004132,2025-12-29,RECEIPT,WH-LAG1,PRD-0068,157,PO-2025-03313,EMP-040
TXN-004133,2025-12-29,RECEIPT,WH-ABJ,PRD-0068,121,PO-2025-03314,EMP-018
TXN-004134,2025-12-29,RECEIPT,WH-LAG2,PRD-0077,217,PO-2025-03318,EMP-021
TXN-004135,2025-12-29,RECEIPT,WH-LAG2,PRD-0143,58,PO-2025-03342,EMP-001
TXN-004136,2025-12-29,TRANSFER_OUT,WH-LAG1,PRD-0120,-41,TRF-00169,EMP-010
TXN-004137,2025-12-29,TRANSFER_IN,WH-LAG2,PRD-0120,41,TRF-00169,EMP-006
TXN-004138,2025-12-30,RECEIPT,WH-PHC,PRD-0080,56,PO-2025-03208,EMP-024
TXN-004139,2025-12-30,RECEIPT,WH-IBD,PRD-0071,15,PO-2025-03266,EMP-012
TXN-004140,2025-12-30,RECEIPT,WH-LAG1,PRD-0040,91,PO-2025-03309,EMP-005
TXN-004141,2025-12-30,RECEIPT,WH-LAG1,PRD-0146,65,PO-2025-03346,EMP-035
TXN-004142,2025-12-31,RECEIPT,WH-LAG2,PRD-0090,1095,PO-2025-03162,EMP-001
TXN-004143,2025-12-31,RECEIPT,WH-IBD,PRD-0092,36,PO-2025-03326,EMP-002
TXN-004144,2025-12-31,RECEIPT,WH-IBD,PRD-0122,81,PO-2025-03334,EMP-027
TXN-004145,2025-12-31,RECEIPT,WH-IBD,PRD-0156,142,PO-2025-03349,EMP-027
TXN-004146,2025-12-31,TRANSFER_OUT,WH-LAG1,PRD-0153,-99,TRF-00170,EMP-010
TXN-004147,2025-12-31,TRANSFER_IN,WH-LAG2,PRD-0153,99,TRF-00170,EMP-021
TXN-004148,2025-12-31,ADJUSTMENT,WH-LAG1,PRD-0003,-1,SHRINKAGE,EMP-025
TXN-004149,2025-12-31,ADJUSTMENT,WH-LAG1,PRD-0068,-5,DAMAGE,EMP-005
TXN-004150,2025-12-31,ADJUSTMENT,WH-LAG1,PRD-0013,-1,DAMAGE,EMP-040
TXN-004151,2025-12-31,ADJUSTMENT,WH-LAG1,PRD-0023,-1,EXPIRY,EMP-015
TXN-004152,2025-12-31,ADJUSTMENT,WH-LAG1,PRD-0130,-2,DAMAGE,EMP-025
TXN-004153,2025-12-31,ADJUSTMENT,WH-LAG2,PRD-0075,-2,DAMAGE,EMP-006
TXN-004154,2025-12-31,ADJUSTMENT,WH-LAG2,PRD-0100,-36,DAMAGE,EMP-026
TXN-004155,2025-12-31,ADJUSTMENT,WH-LAG2,PRD-0059,-1,EXPIRY,EMP-031
TXN-004156,2025-12-31,ADJUSTMENT,WH-LAG2,PRD-0094,-1,DAMAGE,EMP-006
TXN-004157,2025-12-31,ADJUSTMENT,WH-LAG2,PRD-0136,-2,SHRINKAGE,EMP-031
TXN-004158,2025-12-31,ADJUSTMENT,WH-LAG2,PRD-0167,-2,SHRINKAGE,EMP-021
TXN-004159,2025-12-31,ADJUSTMENT,WH-IBD,PRD-0157,-2,DAMAGE,EMP-022
TXN-004160,2025-12-31,ADJUSTMENT,WH-IBD,PRD-0153,-2,SHRINKAGE,EMP-032
TXN-004161,2025-12-31,ADJUSTMENT,WH-IBD,PRD-0049,-1,SHRINKAGE,EMP-002
TXN-004162,2025-12-31,ADJUSTMENT,WH-IBD,PRD-0078,-2,EXPIRY,EMP-022
TXN-004163,2025-12-31,ADJUSTMENT,WH-IBD,PRD-0004,-1,DAMAGE,EMP-027
TXN-004164,2025-12-31,ADJUSTMENT,WH-IBD,PRD-0136,-2,SHRINKAGE,EMP-017
TXN-004165,2025-12-31,ADJUSTMENT,WH-IBD,PRD-0149,-1,EXPIRY,EMP-002
TXN-004166,2025-12-31,ADJUSTMENT,WH-IBD,PRD-0001,-2,DAMAGE,EMP-022
TXN-004167,2025-12-31,ADJUSTMENT,WH-IBD,PRD-0133,-1,EXPIRY,EMP-027
TXN-004168,2025-12-31,ADJUSTMENT,WH-ABJ,PRD-0057,-4,SHRINKAGE,EMP-013
TXN-004169,2025-12-31,ADJUSTMENT,WH-ABJ,PRD-0162,-1,EXPIRY,EMP-018
TXN-004170,2025-12-31,ADJUSTMENT,WH-ABJ,PRD-0026,-1,SHRINKAGE,EMP-038
TXN-004171,2025-12-31,ADJUSTMENT,WH-ABJ,PRD-0053,-2,EXPIRY,EMP-033
TXN-004172,2025-12-31,ADJUSTMENT,WH-PHC,PRD-0095,-2,SHRINKAGE,EMP-039
TXN-004173,2025-12-31,ADJUSTMENT,WH-PHC,PRD-0152,-2,EXPIRY,EMP-019
TXN-004174,2025-12-31,ADJUSTMENT,WH-PHC,PRD-0102,-1,SHRINKAGE,EMP-014
TXN-004175,2026-01-01,RECEIPT,WH-PHC,PRD-0048,74,PO-2025-03193,EMP-039
TXN-004176,2026-01-01,RECEIPT,WH-IBD,PRD-0123,65,PO-2025-03281,EMP-032
TXN-004177,2026-01-01,RECEIPT,WH-ABJ,PRD-0004,242,PO-2025-03300,EMP-013
TXN-004178,2026-01-01,RECEIPT,WH-IBD,PRD-0028,46,PO-2025-03306,EMP-037
TXN-004179,2026-01-01,RECEIPT,WH-LAG1,PRD-0137,117,PO-2025-03339,EMP-030
TXN-004180,2026-01-01,RECEIPT,WH-IBD,PRD-0142,101,PO-2025-03341,EMP-012
TXN-004181,2026-01-01,RECEIPT,WH-IBD,PRD-0146,41,PO-2025-03347,EMP-017
TXN-004182,2026-01-01,RECEIPT,WH-ABJ,PRD-0146,58,PO-2025-03348,EMP-003
TXN-004183,2026-01-01,RECEIPT,WH-LAG2,PRD-0058,54,PO-2025-03373,EMP-031
TXN-004184,2026-01-01,RECEIPT,WH-ABJ,PRD-0079,75,PO-2025-03377,EMP-008
TXN-004185,2026-01-01,RECEIPT,WH-IBD,PRD-0143,38,PO-2025-03396,EMP-002
TXN-004186,2026-01-01,TRANSFER_OUT,WH-LAG1,PRD-0024,-16,TRF-00171,EMP-015
TXN-004187,2026-01-01,TRANSFER_IN,WH-LAG2,PRD-0024,16,TRF-00171,EMP-011
TXN-004188,2026-01-02,RECEIPT,WH-LAG1,PRD-0057,370,PO-2025-03198,EMP-010
TXN-004189,2026-01-02,RECEIPT,WH-LAG1,PRD-0027,35,PO-2025-03251,EMP-015
TXN-004190,2026-01-02,RECEIPT,WH-LAG1,PRD-0066,13,PO-2025-03263,EMP-020
TXN-004191,2026-01-02,RECEIPT,WH-LAG2,PRD-0153,139,PO-2025-03293,EMP-036
TXN-004192,2026-01-02,RECEIPT,WH-LAG1,PRD-0145,134,PO-2025-03344,EMP-015
TXN-004193,2026-01-03,RECEIPT,WH-LAG1,PRD-0085,153,PO-2025-03269,EMP-010
TXN-004194,2026-01-03,RECEIPT,WH-PHC,PRD-0005,78,PO-2025-03301,EMP-019
TXN-004195,2026-01-03,RECEIPT,WH-LAG2,PRD-0085,78,PO-2025-03323,EMP-001
TXN-004196,2026-01-03,RECEIPT,WH-LAG2,PRD-0145,105,PO-2025-03345,EMP-006
TXN-004197,2026-01-03,RECEIPT,WH-IBD,PRD-0081,69,PO-2025-03378,EMP-022
TXN-004198,2026-01-04,RECEIPT,WH-ABJ,PRD-0002,31,PO-2025-03180,EMP-028
TXN-004199,2026-01-04,RECEIPT,WH-ABJ,PRD-0025,49,PO-2025-03250,EMP-003
TXN-004200,2026-01-04,RECEIPT,WH-LAG1,PRD-0121,370,PO-2025-03280,EMP-035
TXN-004201,2026-01-04,RECEIPT,WH-LAG2,PRD-0017,48,PO-2025-03303,EMP-031
TXN-004202,2026-01-04,RECEIPT,WH-PHC,PRD-0057,204,PO-2025-03311,EMP-019
TXN-004203,2026-01-04,RECEIPT,WH-LAG1,PRD-0098,410,PO-2025-03328,EMP-030
TXN-004204,2026-01-04,RECEIPT,WH-LAG1,PRD-0126,89,PO-2025-03338,EMP-035
TXN-004205,2026-01-04,RECEIPT,WH-ABJ,PRD-0007,130,PO-2025-03354,EMP-023
TXN-004206,2026-01-04,RECEIPT,WH-ABJ,PRD-0008,63,PO-2025-03355,EMP-028
TXN-004207,2026-01-04,RECEIPT,WH-LAG2,PRD-0012,52,PO-2025-03357,EMP-016
TXN-004208,2026-01-05,RECEIPT,WH-PHC,PRD-0042,21,PO-2025-03310,EMP-014
TXN-004209,2026-01-05,RECEIPT,WH-LAG1,PRD-0119,35,PO-2025-03332,EMP-025
TXN-004210,2026-01-05,RECEIPT,WH-LAG1,PRD-0123,137,PO-2025-03335,EMP-025
TXN-004211,2026-01-05,RECEIPT,WH-LAG1,PRD-0007,136,PO-2025-03352,EMP-035
TXN-004212,2026-01-05,RECEIPT,WH-LAG2,PRD-0011,72,PO-2025-03356,EMP-011
TXN-004213,2026-01-05,RECEIPT,WH-IBD,PRD-0040,55,PO-2025-03365,EMP-017
TXN-004214,2026-01-05,RECEIPT,WH-LAG1,PRD-0045,158,PO-2025-03368,EMP-015
TXN-004215,2026-01-05,RECEIPT,WH-ABJ,PRD-0051,116,PO-2025-03371,EMP-013
TXN-004216,2026-01-05,RECEIPT,WH-PHC,PRD-0145,100,PO-2025-03398,EMP-014
TXN-004217,2026-01-05,RECEIPT,WH-PHC,PRD-0170,69,PO-2025-03403,EMP-009
TXN-004218,2026-01-06,RECEIPT,WH-ABJ,PRD-0095,33,PO-2025-03327,EMP-013
TXN-004219,2026-01-06,RECEIPT,WH-IBD,PRD-0139,81,PO-2025-03340,EMP-032
TXN-004220,2026-01-06,RECEIPT,WH-PHC,PRD-0012,50,PO-2025-03358,EMP-019
TXN-004221,2026-01-06,RECEIPT,WH-PHC,PRD-0040,59,PO-2025-03366,EMP-024
TXN-004222,2026-01-07,RECEIPT,WH-PHC,PRD-0076,73,PO-2025-03207,EMP-014
TXN-004223,2026-01-07,RECEIPT,WH-LAG2,PRD-0003,24,PO-2025-03242,EMP-031
TXN-004224,2026-01-07,RECEIPT,WH-LAG2,PRD-0088,53,PO-2025-03325,EMP-016
TXN-004225,2026-01-07,RECEIPT,WH-LAG2,PRD-0041,65,PO-2025-03367,EMP-016
TXN-004226,2026-01-07,RECEIPT,WH-LAG1,PRD-0083,339,PO-2025-03379,EMP-030
TXN-004227,2026-01-07,RECEIPT,WH-LAG2,PRD-0111,111,PO-2025-03388,EMP-021
TXN-004228,2026-01-07,RECEIPT,WH-PHC,PRD-0131,89,PO-2025-03393,EMP-039
TXN-004229,2026-01-07,RECEIPT,WH-LAG1,PRD-0134,72,PO-2025-03394,EMP-040
TXN-004230,2026-01-07,RECEIPT,WH-LAG2,PRD-0150,54,PO-2025-03400,EMP-006
TXN-004231,2026-01-07,RECEIPT,WH-PHC,PRD-0165,143,PO-2025-03402,EMP-034
TXN-004232,2026-01-07,TRANSFER_OUT,WH-LAG1,PRD-0081,-27,TRF-00172,EMP-035
TXN-004233,2026-01-07,TRANSFER_IN,WH-LAG2,PRD-0081,27,TRF-00172,EMP-016
TXN-004234,2026-01-08,RECEIPT,WH-LAG1,PRD-0001,56,PO-2025-03241,EMP-015
TXN-004235,2026-01-08,RECEIPT,WH-LAG2,PRD-0007,102,PO-2025-03353,EMP-001
TXN-004236,2026-01-08,RECEIPT,WH-PHC,PRD-0037,111,PO-2025-03364,EMP-039
TXN-004237,2026-01-08,RECEIPT,WH-LAG1,PRD-0074,165,PO-2025-03376,EMP-015
TXN-004238,2026-01-08,RECEIPT,WH-ABJ,PRD-0094,32,PO-2025-03382,EMP-008
TXN-004239,2026-01-08,RECEIPT,WH-PHC,PRD-0098,220,PO-2025-03383,EMP-039
TXN-004240,2026-01-08,RECEIPT,WH-LAG1,PRD-0109,121,PO-2025-03386,EMP-005
TXN-004241,2026-01-08,RECEIPT,WH-IBD,PRD-0110,27,PO-2025-03387,EMP-007
TXN-004242,2026-01-08,RECEIPT,WH-ABJ,PRD-0148,50,PO-2025-03399,EMP-008
TXN-004243,2026-01-08,RECEIPT,WH-PHC,PRD-0039,132,PO-2026-03411,EMP-039
TXN-004244,2026-01-08,RECEIPT,WH-PHC,PRD-0053,21,PO-2026-03416,EMP-014
TXN-004245,2026-01-09,RECEIPT,WH-IBD,PRD-0025,42,PO-2025-03249,EMP-032
TXN-004246,2026-01-09,RECEIPT,WH-IBD,PRD-0050,40,PO-2025-03257,EMP-017
TXN-004247,2026-01-09,RECEIPT,WH-IBD,PRD-0026,56,PO-2025-03361,EMP-007
TXN-004248,2026-01-09,RECEIPT,WH-ABJ,PRD-0064,116,PO-2025-03374,EMP-003
TXN-004249,2026-01-09,RECEIPT,WH-LAG1,PRD-0115,114,PO-2025-03390,EMP-010
TXN-004250,2026-01-09,RECEIPT,WH-ABJ,PRD-0142,173,PO-2025-03395,EMP-003
TXN-004251,2026-01-09,RECEIPT,WH-IBD,PRD-0082,57,PO-2026-03423,EMP-002
TXN-004252,2026-01-09,RECEIPT,WH-ABJ,PRD-0089,51,PO-2026-03426,EMP-033
TXN-004253,2026-01-09,TRANSFER_OUT,WH-LAG1,PRD-0011,-33,TRF-00173,EMP-010
TXN-004254,2026-01-09,TRANSFER_IN,WH-IBD,PRD-0011,33,TRF-00173,EMP-012
TXN-004255,2026-01-10,RECEIPT,WH-ABJ,PRD-0121,219,PO-2025-03333,EMP-033
TXN-004256,2026-01-10,RECEIPT,WH-LAG2,PRD-0013,23,PO-2025-03359,EMP-006
TXN-004257,2026-01-10,RECEIPT,WH-IBD,PRD-0126,33,PO-2025-03391,EMP-037
TXN-004258,2026-01-10,RECEIPT,WH-LAG2,PRD-0144,53,PO-2025-03397,EMP-006
TXN-004259,2026-01-10,RECEIPT,WH-PHC,PRD-0163,71,PO-2025-03401,EMP-024
TXN-004260,2026-01-10,RECEIPT,WH-IBD,PRD-0051,95,PO-2026-03415,EMP-037
TXN-004261,2026-01-10,RECEIPT,WH-LAG2,PRD-0081,82,PO-2026-03422,EMP-016
TXN-004262,2026-01-11,RECEIPT,WH-PHC,PRD-0028,68,PO-2025-03252,EMP-039
TXN-004263,2026-01-11,RECEIPT,WH-LAG1,PRD-0046,98,PO-2025-03256,EMP-025
TXN-004264,2026-01-11,RECEIPT,WH-LAG1,PRD-0099,45,PO-2025-03329,EMP-010
TXN-004265,2026-01-11,RECEIPT,WH-PHC,PRD-0118,175,PO-2025-03331,EMP-029
TXN-004266,2026-01-11,RECEIPT,WH-PHC,PRD-0090,1214,PO-2025-03380,EMP-014
TXN-004267,2026-01-11,RECEIPT,WH-ABJ,PRD-0100,448,PO-2025-03385,EMP-008
TXN-004268,2026-01-11,RECEIPT,WH-ABJ,PRD-0158,39,PO-2026-03441,EMP-003
TXN-004269,2026-01-11,RECEIPT,WH-ABJ,PRD-0165,175,PO-2026-03443,EMP-013
TXN-004270,2026-01-12,RECEIPT,WH-LAG2,PRD-0064,74,PO-2025-03262,EMP-006
TXN-004271,2026-01-12,RECEIPT,WH-LAG1,PRD-0124,80,PO-2025-03336,EMP-020
TXN-004272,2026-01-12,RECEIPT,WH-ABJ,PRD-0037,140,PO-2025-03363,EMP-028
TXN-004273,2026-01-12,RECEIPT,WH-PHC,PRD-0126,58,PO-2025-03392,EMP-034
TXN-004274,2026-01-12,RECEIPT,WH-ABJ,PRD-0084,100,PO-2026-03424,EMP-028
TXN-004275,2026-01-12,RECEIPT,WH-PHC,PRD-0094,21,PO-2026-03429,EMP-019
TXN-004276,2026-01-12,RECEIPT,WH-LAG1,PRD-0156,266,PO-2026-03440,EMP-020
TXN-004277,2026-01-12,TRANSFER_OUT,WH-PHC,PRD-0070,-12,TRF-00174,EMP-034
TXN-004278,2026-01-12,TRANSFER_IN,WH-IBD,PRD-0070,12,TRF-00174,EMP-037
TXN-004279,2026-01-13,RECEIPT,WH-LAG2,PRD-0124,59,PO-2025-03337,EMP-036
TXN-004280,2026-01-13,RECEIPT,WH-ABJ,PRD-0093,105,PO-2025-03381,EMP-018
TXN-004281,2026-01-13,RECEIPT,WH-PHC,PRD-0008,46,PO-2026-03404,EMP-034
TXN-004282,2026-01-13,RECEIPT,WH-LAG1,PRD-0094,42,PO-2026-03428,EMP-015
TXN-004283,2026-01-13,RECEIPT,WH-PHC,PRD-0147,43,PO-2026-03437,EMP-029
TXN-004284,2026-01-13,RECEIPT,WH-LAG1,PRD-0152,77,PO-2026-03438,EMP-005
TXN-004285,2026-01-13,TRANSFER_OUT,WH-LAG1,PRD-0166,-67,TRF-00175,EMP-030
TXN-004286,2026-01-13,TRANSFER_IN,WH-LAG2,PRD-0166,67,TRF-00175,EMP-021
TXN-004287,2026-01-14,RECEIPT,WH-IBD,PRD-0062,109,PO-2026-03419,EMP-032
TXN-004288,2026-01-14,RECEIPT,WH-ABJ,PRD-0109,119,PO-2026-03434,EMP-003
TXN-004289,2026-01-14,RECEIPT,WH-LAG1,PRD-0112,45,PO-2026-03435,EMP-010
TXN-004290,2026-01-15,RECEIPT,WH-LAG1,PRD-0003,41,PO-2025-03299,EMP-035
TXN-004291,2026-01-15,RECEIPT,WH-ABJ,PRD-0020,137,PO-2025-03305,EMP-008
TXN-004292,2026-01-15,RECEIPT,WH-IBD,PRD-0046,63,PO-2025-03369,EMP-017
TXN-004293,2026-01-15,RECEIPT,WH-LAG2,PRD-0045,79,PO-2026-03413,EMP-016
TXN-004294,2026-01-15,RECEIPT,WH-IBD,PRD-0061,148,PO-2026-03418,EMP-012
TXN-004295,2026-01-15,RECEIPT,WH-LAG1,PRD-0103,132,PO-2026-03431,EMP-035
TXN-004296,2026-01-15,RECEIPT,WH-IBD,PRD-0083,147,PO-2026-03465,EMP-032
TXN-004297,2026-01-15,TRANSFER_OUT,WH-LAG1,PRD-0074,-46,TRF-00176,EMP-040
TXN-004298,2026-01-15,TRANSFER_IN,WH-IBD,PRD-0074,46,TRF-00176,EMP-037
TXN-004299,2026-01-16,RECEIPT,WH-PHC,PRD-0072,41,PO-2025-03316,EMP-039
TXN-004300,2026-01-16,RECEIPT,WH-LAG1,PRD-0029,54,PO-2026-03408,EMP-005
TXN-004301,2026-01-16,RECEIPT,WH-IBD,PRD-0076,86,PO-2026-03420,EMP-037
TXN-004302,2026-01-17,RECEIPT,WH-LAG1,PRD-0100,591,PO-2025-03384,EMP-040
TXN-004303,2026-01-17,RECEIPT,WH-IBD,PRD-0113,95,PO-2025-03389,EMP-017
TXN-004304,2026-01-17,RECEIPT,WH-ABJ,PRD-0034,35,PO-2026-03409,EMP-003
TXN-004305,2026-01-17,RECEIPT,WH-IBD,PRD-0037,109,PO-2026-03410,EMP-022
TXN-004306,2026-01-17,RECEIPT,WH-IBD,PRD-0053,19,PO-2026-03457,EMP-017
TXN-004307,2026-01-17,RECEIPT,WH-ABJ,PRD-0166,153,PO-2026-03477,EMP-028
TXN-004308,2026-01-18,RECEIPT,WH-ABJ,PRD-0017,52,PO-2025-03304,EMP-033
TXN-004309,2026-01-18,RECEIPT,WH-PHC,PRD-0086,174,PO-2025-03324,EMP-039
TXN-004310,2026-01-18,RECEIPT,WH-LAG2,PRD-0042,21,PO-2026-03412,EMP-001
TXN-004311,2026-01-18,RECEIPT,WH-LAG1,PRD-0108,263,PO-2026-03433,EMP-010
TXN-004312,2026-01-18,RECEIPT,WH-ABJ,PRD-0049,44,PO-2026-03455,EMP-008
TXN-004313,2026-01-18,RECEIPT,WH-IBD,PRD-0164,58,PO-2026-03476,EMP-022
TXN-004314,2026-01-19,RECEIPT,WH-ABJ,PRD-0154,52,PO-2026-03439,EMP-038
TXN-004315,2026-01-19,RECEIPT,WH-IBD,PRD-0163,51,PO-2026-03442,EMP-027
TXN-004316,2026-01-19,RECEIPT,WH-ABJ,PRD-0081,87,PO-2026-03464,EMP-028
TXN-004317,2026-01-19,RECEIPT,WH-PHC,PRD-0084,78,PO-2026-03466,EMP-014
TXN-004318,2026-01-20,RECEIPT,WH-LAG1,PRD-0038,35,PO-2025-03308,EMP-025
TXN-004319,2026-01-20,RECEIPT,WH-IBD,PRD-0070,39,PO-2025-03315,EMP-002
TXN-004320,2026-01-20,RECEIPT,WH-LAG1,PRD-0080,156,PO-2025-03321,EMP-015
TXN-004321,2026-01-20,RECEIPT,WH-LAG1,PRD-0056,75,PO-2025-03372,EMP-025
TXN-004322,2026-01-20,RECEIPT,WH-LAG1,PRD-0071,24,PO-2025-03375,EMP-020
TXN-004323,2026-01-20,RECEIPT,WH-PHC,PRD-0079,73,PO-2026-03462,EMP-024
TXN-004324,2026-01-20,RECEIPT,WH-PHC,PRD-0134,50,PO-2026-03471,EMP-019
TXN-004325,2026-01-20,RECEIPT,WH-IBD,PRD-0154,60,PO-2026-03475,EMP-017
TXN-004326,2026-01-21,RECEIPT,WH-PHC,PRD-0078,72,PO-2025-03320,EMP-034
TXN-004327,2026-01-21,RECEIPT,WH-ABJ,PRD-0026,70,PO-2025-03362,EMP-008
TXN-004328,2026-01-21,RECEIPT,WH-LAG1,PRD-0026,78,PO-2026-03406,EMP-025
TXN-004329,2026-01-21,RECEIPT,WH-IBD,PRD-0091,55,PO-2026-03427,EMP-037
TXN-004330,2026-01-21,RECEIPT,WH-ABJ,PRD-0153,155,PO-2026-03474,EMP-018
TXN-004331,2026-01-21,RECEIPT,WH-LAG2,PRD-0167,79,PO-2026-03478,EMP-001
TXN-004332,2026-01-22,RECEIPT,WH-LAG2,PRD-0122,78,PO-2026-03436,EMP-031
TXN-004333,2026-01-22,RECEIPT,WH-ABJ,PRD-0047,57,PO-2026-03453,EMP-013
TXN-004334,2026-01-22,RECEIPT,WH-LAG1,PRD-0139,130,PO-2026-03472,EMP-030
TXN-004335,2026-01-22,RECEIPT,WH-IBD,PRD-0145,87,PO-2026-03473,EMP-017
TXN-004336,2026-01-22,RECEIPT,WH-LAG1,PRD-0012,68,PO-2026-03481,EMP-015
TXN-004337,2026-01-22,RECEIPT,WH-LAG1,PRD-0030,28,PO-2026-03486,EMP-005
TXN-004338,2026-01-22,RECEIPT,WH-LAG1,PRD-0084,176,PO-2026-03494,EMP-035
TXN-004339,2026-01-23,RECEIPT,WH-ABJ,PRD-0048,87,PO-2025-03370,EMP-003
TXN-004340,2026-01-24,RECEIPT,WH-LAG2,PRD-0024,25,PO-2025-03360,EMP-016
TXN-004341,2026-01-24,RECEIPT,WH-PHC,PRD-0100,235,PO-2026-03430,EMP-034
TXN-004342,2026-01-24,RECEIPT,WH-LAG1,PRD-0107,47,PO-2026-03432,EMP-020
TXN-004343,2026-01-24,RECEIPT,WH-LAG1,PRD-0016,177,PO-2026-03448,EMP-030
TXN-004344,2026-01-24,RECEIPT,WH-PHC,PRD-0125,313,PO-2026-03469,EMP-039
TXN-004345,2026-01-24,RECEIPT,WH-IBD,PRD-0018,80,PO-2026-03482,EMP-032
TXN-004346,2026-01-24,RECEIPT,WH-LAG1,PRD-0043,87,PO-2026-03487,EMP-030
TXN-004347,2026-01-24,RECEIPT,WH-PHC,PRD-0051,73,PO-2026-03488,EMP-014
TXN-004348,2026-01-24,RECEIPT,WH-ABJ,PRD-0082,97,PO-2026-03493,EMP-018
TXN-004349,2026-01-24,RECEIPT,WH-LAG2,PRD-0089,52,PO-2026-03495,EMP-001
TXN-004350,2026-01-24,TRANSFER_OUT,WH-PHC,PRD-0021,-16,TRF-00177,EMP-009
TXN-004351,2026-01-24,TRANSFER_IN,WH-ABJ,PRD-0021,16,TRF-00177,EMP-018
TXN-004352,2026-01-25,RECEIPT,WH-IBD,PRD-0001,42,PO-2025-03351,EMP-037
TXN-004353,2026-01-25,RECEIPT,WH-LAG2,PRD-0086,278,PO-2026-03425,EMP-016
TXN-004354,2026-01-25,RECEIPT,WH-ABJ,PRD-0132,65,PO-2026-03470,EMP-003
TXN-004355,2026-01-25,RECEIPT,WH-IBD,PRD-0022,18,PO-2026-03483,EMP-037
TXN-004356,2026-01-26,RECEIPT,WH-ABJ,PRD-0013,28,PO-2026-03447,EMP-018
TXN-004357,2026-01-26,RECEIPT,WH-LAG1,PRD-0037,236,PO-2026-03452,EMP-035
TXN-004358,2026-01-26,RECEIPT,WH-LAG1,PRD-0064,240,PO-2026-03459,EMP-005
TXN-004359,2026-01-26,RECEIPT,WH-IBD,PRD-0127,38,PO-2026-03502,EMP-012
TXN-004360,2026-01-26,RECEIPT,WH-LAG1,PRD-0129,29,PO-2026-03503,EMP-025
TXN-004361,2026-01-27,RECEIPT,WH-PHC,PRD-0007,94,PO-2026-03480,EMP-034
TXN-004362,2026-01-27,RECEIPT,WH-PHC,PRD-0068,116,PO-2026-03491,EMP-024
TXN-004363,2026-01-27,TRANSFER_OUT,WH-ABJ,PRD-0109,-33,TRF-00178,EMP-033
TXN-004364,2026-01-27,TRANSFER_IN,WH-IBD,PRD-0109,33,TRF-00178,EMP-022
TXN-004365,2026-01-28,RECEIPT,WH-LAG1,PRD-0078,166,PO-2026-03421,EMP-030
TXN-004366,2026-01-28,RECEIPT,WH-LAG1,PRD-0023,184,PO-2026-03450,EMP-005
TXN-004367,2026-01-28,RECEIPT,WH-LAG1,PRD-0048,114,PO-2026-03454,EMP-025
TXN-004368,2026-01-28,RECEIPT,WH-LAG1,PRD-0105,58,PO-2026-03497,EMP-030
TXN-004369,2026-01-29,RECEIPT,WH-ABJ,PRD-0050,62,PO-2026-03414,EMP-008
TXN-004370,2026-01-29,RECEIPT,WH-LAG1,PRD-0055,96,PO-2026-03417,EMP-030
TXN-004371,2026-01-29,RECEIPT,WH-PHC,PRD-0077,207,PO-2026-03492,EMP-014
TXN-004372,2026-01-29,RECEIPT,WH-IBD,PRD-0109,55,PO-2026-03498,EMP-012
TXN-004373,2026-01-29,RECEIPT,WH-LAG1,PRD-0131,211,PO-2026-03504,EMP-030
TXN-004374,2026-01-29,RECEIPT,WH-PHC,PRD-0142,142,PO-2026-03505,EMP-034
TXN-004375,2026-01-29,RECEIPT,WH-ABJ,PRD-0039,195,PO-2026-03517,EMP-033
TXN-004376,2026-01-29,RECEIPT,WH-PHC,PRD-0058,46,PO-2026-03520,EMP-034
TXN-004377,2026-01-29,RECEIPT,WH-IBD,PRD-0170,62,PO-2026-03544,EMP-007
TXN-004378,2026-01-29,RECEIPT,WH-ABJ,PRD-0170,87,PO-2026-03545,EMP-008
TXN-004379,2026-01-30,RECEIPT,WH-PHC,PRD-0002,29,PO-2026-03444,EMP-034
TXN-004380,2026-01-30,RECEIPT,WH-IBD,PRD-0125,364,PO-2026-03501,EMP-017
TXN-004381,2026-01-30,RECEIPT,WH-PHC,PRD-0150,71,PO-2026-03507,EMP-034
TXN-004382,2026-01-30,RECEIPT,WH-LAG2,PRD-0075,29,PO-2026-03523,EMP-006
TXN-004383,2026-01-31,RECEIPT,WH-PHC,PRD-0060,120,PO-2026-03521,EMP-014
TXN-004384,2026-01-31,RECEIPT,WH-LAG1,PRD-0140,63,PO-2026-03537,EMP-035
TXN-004385,2026-01-31,RECEIPT,WH-IBD,PRD-0151,543,PO-2026-03539,EMP-012
TXN-004386,2026-01-31,TRANSFER_OUT,WH-LAG1,PRD-0064,-59,TRF-00179,EMP-030
TXN-004387,2026-01-31,TRANSFER_IN,WH-PHC,PRD-0064,59,TRF-00179,EMP-004
TXN-004388,2026-01-31,ADJUSTMENT,WH-LAG1,PRD-0143,-2,EXPIRY,EMP-035
TXN-004389,2026-01-31,ADJUSTMENT,WH-LAG1,PRD-0006,-1,EXPIRY,EMP-010
TXN-004390,2026-01-31,ADJUSTMENT,WH-LAG1,PRD-0104,-1,DAMAGE,EMP-035
TXN-004391,2026-01-31,ADJUSTMENT,WH-LAG1,PRD-0045,-2,EXPIRY,EMP-025
TXN-004392,2026-01-31,ADJUSTMENT,WH-LAG1,PRD-0002,-1,SHRINKAGE,EMP-020
TXN-004393,2026-01-31,ADJUSTMENT,WH-LAG1,PRD-0002,-2,EXPIRY,EMP-035
TXN-004394,2026-01-31,ADJUSTMENT,WH-LAG2,PRD-0117,-1,DAMAGE,EMP-021
TXN-004395,2026-01-31,ADJUSTMENT,WH-LAG2,PRD-0023,-2,EXPIRY,EMP-016
TXN-004396,2026-01-31,ADJUSTMENT,WH-LAG2,PRD-0052,-2,EXPIRY,EMP-031
TXN-004397,2026-01-31,ADJUSTMENT,WH-LAG2,PRD-0101,-1,EXPIRY,EMP-026
TXN-004398,2026-01-31,ADJUSTMENT,WH-LAG2,PRD-0060,-3,DAMAGE,EMP-001
TXN-004399,2026-01-31,ADJUSTMENT,WH-LAG2,PRD-0130,-1,DAMAGE,EMP-001
TXN-004400,2026-01-31,ADJUSTMENT,WH-LAG2,PRD-0053,-2,SHRINKAGE,EMP-016
TXN-004401,2026-01-31,ADJUSTMENT,WH-LAG2,PRD-0026,-1,SHRINKAGE,EMP-036
TXN-004402,2026-01-31,ADJUSTMENT,WH-IBD,PRD-0118,-2,EXPIRY,EMP-017
TXN-004403,2026-01-31,ADJUSTMENT,WH-IBD,PRD-0116,-1,EXPIRY,EMP-037
TXN-004404,2026-01-31,ADJUSTMENT,WH-IBD,PRD-0160,-1,DAMAGE,EMP-012
TXN-004405,2026-01-31,ADJUSTMENT,WH-IBD,PRD-0042,-2,DAMAGE,EMP-002
TXN-004406,2026-01-31,ADJUSTMENT,WH-IBD,PRD-0056,-2,DAMAGE,EMP-017
TXN-004407,2026-01-31,ADJUSTMENT,WH-ABJ,PRD-0121,-1,EXPIRY,EMP-028
TXN-004408,2026-01-31,ADJUSTMENT,WH-ABJ,PRD-0127,-1,DAMAGE,EMP-018
TXN-004409,2026-01-31,ADJUSTMENT,WH-ABJ,PRD-0071,-1,SHRINKAGE,EMP-028
TXN-004410,2026-01-31,ADJUSTMENT,WH-ABJ,PRD-0068,-2,DAMAGE,EMP-023
TXN-004411,2026-01-31,ADJUSTMENT,WH-ABJ,PRD-0136,-2,EXPIRY,EMP-038
TXN-004412,2026-01-31,ADJUSTMENT,WH-ABJ,PRD-0095,-2,SHRINKAGE,EMP-023
TXN-004413,2026-01-31,ADJUSTMENT,WH-PHC,PRD-0061,-3,DAMAGE,EMP-009
TXN-004414,2026-01-31,ADJUSTMENT,WH-PHC,PRD-0002,-1,EXPIRY,EMP-009
TXN-004415,2026-01-31,ADJUSTMENT,WH-PHC,PRD-0167,-1,EXPIRY,EMP-014
TXN-004416,2026-01-31,ADJUSTMENT,WH-PHC,PRD-0099,-1,EXPIRY,EMP-009
TXN-004417,2026-01-31,ADJUSTMENT,WH-PHC,PRD-0033,-1,DAMAGE,EMP-034
TXN-004418,2026-01-31,ADJUSTMENT,WH-PHC,PRD-0037,-3,EXPIRY,EMP-029
TXN-004419,2026-01-31,ADJUSTMENT,WH-PHC,PRD-0067,-1,SHRINKAGE,EMP-004
TXN-004420,2026-01-31,ADJUSTMENT,WH-PHC,PRD-0018,-1,SHRINKAGE,EMP-019
TXN-004421,2026-02-01,RECEIPT,WH-PHC,PRD-0017,40,PO-2026-03405,EMP-004
TXN-004422,2026-02-01,RECEIPT,WH-ABJ,PRD-0028,70,PO-2026-03407,EMP-028
TXN-004423,2026-02-01,RECEIPT,WH-ABJ,PRD-0019,96,PO-2026-03449,EMP-023
TXN-004424,2026-02-01,RECEIPT,WH-LAG2,PRD-0076,89,PO-2026-03461,EMP-021
TXN-004425,2026-02-01,RECEIPT,WH-ABJ,PRD-0107,27,PO-2026-03468,EMP-008
TXN-004426,2026-02-01,RECEIPT,WH-LAG1,PRD-0120,208,PO-2026-03500,EMP-030
TXN-004427,2026-02-01,RECEIPT,WH-IBD,PRD-0149,23,PO-2026-03506,EMP-037
TXN-004428,2026-02-01,RECEIPT,WH-IBD,PRD-0167,63,PO-2026-03508,EMP-027
TXN-004429,2026-02-01,RECEIPT,WH-IBD,PRD-0007,81,PO-2026-03509,EMP-012
TXN-004430,2026-02-01,RECEIPT,WH-IBD,PRD-0084,92,PO-2026-03527,EMP-012
TXN-004431,2026-02-01,RECEIPT,WH-PHC,PRD-0103,59,PO-2026-03529,EMP-034
TXN-004432,2026-02-01,RECEIPT,WH-LAG2,PRD-0112,22,PO-2026-03530,EMP-036
TXN-004433,2026-02-02,RECEIPT,WH-IBD,PRD-0102,56,PO-2026-03467,EMP-037
TXN-004434,2026-02-02,RECEIPT,WH-PHC,PRD-0082,70,PO-2026-03526,EMP-029
TXN-004435,2026-02-02,RECEIPT,WH-PHC,PRD-0138,100,PO-2026-03536,EMP-024
TXN-004436,2026-02-02,TRANSFER_OUT,WH-LAG1,PRD-0140,-17,TRF-00180,EMP-025
TXN-004437,2026-02-02,TRANSFER_IN,WH-LAG2,PRD-0140,17,TRF-00180,EMP-036
TXN-004438,2026-02-03,RECEIPT,WH-ABJ,PRD-0052,15,PO-2026-03456,EMP-013
TXN-004439,2026-02-03,TRANSFER_OUT,WH-LAG1,PRD-0074,-31,TRF-00181,EMP-025
TXN-004440,2026-02-03,TRANSFER_IN,WH-LAG2,PRD-0074,31,TRF-00181,EMP-036
TXN-004441,2026-02-04,RECEIPT,WH-ABJ,PRD-0027,28,PO-2026-03451,EMP-028
TXN-004442,2026-02-04,RECEIPT,WH-PHC,PRD-0056,52,PO-2026-03489,EMP-029
TXN-004443,2026-02-04,RECEIPT,WH-IBD,PRD-0093,65,PO-2026-03496,EMP-017
TXN-004444,2026-02-04,RECEIPT,WH-IBD,PRD-0022,25,PO-2026-03511,EMP-002
TXN-004445,2026-02-04,RECEIPT,WH-LAG2,PRD-0035,89,PO-2026-03516,EMP-026
TXN-004446,2026-02-04,RECEIPT,WH-IBD,PRD-0162,51,PO-2026-03542,EMP-012
TXN-004447,2026-02-05,RECEIPT,WH-LAG2,PRD-0050,41,PO-2026-03519,EMP-016
TXN-004448,2026-02-05,RECEIPT,WH-IBD,PRD-0078,92,PO-2026-03525,EMP-012
TXN-004449,2026-02-05,RECEIPT,WH-LAG1,PRD-0162,75,PO-2026-03541,EMP-010
TXN-004450,2026-02-05,RECEIPT,WH-ABJ,PRD-0077,344,PO-2026-03563,EMP-003
TXN-004451,2026-02-05,TRANSFER_OUT,WH-ABJ,PRD-0017,-14,TRF-00182,EMP-033
TXN-004452,2026-02-05,TRANSFER_IN,WH-LAG1,PRD-0017,14,TRF-00182,EMP-030
TXN-004453,2026-02-06,RECEIPT,WH-LAG2,PRD-0118,152,PO-2026-03499,EMP-011
TXN-004454,2026-02-06,RECEIPT,WH-LAG1,PRD-0017,87,PO-2026-03510,EMP-025
TXN-004455,2026-02-06,RECEIPT,WH-LAG1,PRD-0031,190,PO-2026-03553,EMP-005
TXN-004456,2026-02-06,RECEIPT,WH-IBD,PRD-0068,108,PO-2026-03558,EMP-007
TXN-004457,2026-02-06,RECEIPT,WH-LAG2,PRD-0155,47,PO-2026-03578,EMP-006
TXN-004458,2026-02-07,RECEIPT,WH-IBD,PRD-0056,45,PO-2026-03458,EMP-037
TXN-004459,2026-02-07,RECEIPT,WH-IBD,PRD-0130,40,PO-2026-03535,EMP-027
TXN-004460,2026-02-07,RECEIPT,WH-IBD,PRD-0161,342,PO-2026-03540,EMP-037
TXN-004461,2026-02-07,RECEIPT,WH-LAG1,PRD-0004,403,PO-2026-03547,EMP-020
TXN-004462,2026-02-07,RECEIPT,WH-LAG1,PRD-0018,221,PO-2026-03549,EMP-025
TXN-004463,2026-02-08,RECEIPT,WH-PHC,PRD-0064,85,PO-2026-03460,EMP-034
TXN-004464,2026-02-08,RECEIPT,WH-LAG1,PRD-0034,54,PO-2026-03515,EMP-015
TXN-004465,2026-02-08,RECEIPT,WH-IBD,PRD-0128,44,PO-2026-03533,EMP-007
TXN-004466,2026-02-08,RECEIPT,WH-ABJ,PRD-0144,72,PO-2026-03538,EMP-033
TXN-004467,2026-02-08,RECEIPT,WH-LAG1,PRD-0075,46,PO-2026-03560,EMP-005
TXN-004468,2026-02-08,RECEIPT,WH-LAG1,PRD-0077,469,PO-2026-03562,EMP-040
TXN-004469,2026-02-08,RECEIPT,WH-IBD,PRD-0112,21,PO-2026-03574,EMP-022
TXN-004470,2026-02-09,RECEIPT,WH-ABJ,PRD-0009,28,PO-2026-03446,EMP-008
TXN-004471,2026-02-09,RECEIPT,WH-PHC,PRD-0128,50,PO-2026-03534,EMP-039
TXN-004472,2026-02-09,RECEIPT,WH-LAG1,PRD-0163,127,PO-2026-03543,EMP-030
TXN-004473,2026-02-09,TRANSFER_OUT,WH-IBD,PRD-0136,-13,TRF-00183,EMP-002
TXN-004474,2026-02-09,TRANSFER_IN,WH-LAG2,PRD-0136,13,TRF-00183,EMP-006
TXN-004475,2026-02-10,RECEIPT,WH-IBD,PRD-0009,24,PO-2026-03445,EMP-017
TXN-004476,2026-02-10,RECEIPT,WH-PHC,PRD-0065,85,PO-2026-03490,EMP-039
TXN-004477,2026-02-10,RECEIPT,WH-ABJ,PRD-0076,89,PO-2026-03524,EMP-008
TXN-004478,2026-02-10,RECEIPT,WH-LAG1,PRD-0122,222,PO-2026-03532,EMP-035
TXN-004479,2026-02-11,RECEIPT,WH-IBD,PRD-0080,83,PO-2026-03463,EMP-002
TXN-004480,2026-02-11,RECEIPT,WH-IBD,PRD-0023,77,PO-2026-03484,EMP-032
TXN-004481,2026-02-11,RECEIPT,WH-LAG1,PRD-0047,91,PO-2026-03518,EMP-005
TXN-004482,2026-02-12,RECEIPT,WH-PHC,PRD-0091,105,PO-2026-03528,EMP-019
TXN-004483,2026-02-12,RECEIPT,WH-IBD,PRD-0008,33,PO-2026-03548,EMP-012
TXN-004484,2026-02-12,RECEIPT,WH-LAG2,PRD-0022,24,PO-2026-03550,EMP-031
TXN-004485,2026-02-12,RECEIPT,WH-LAG1,PRD-0035,158,PO-2026-03555,EMP-030
TXN-004486,2026-02-12,RECEIPT,WH-PHC,PRD-0109,70,PO-2026-03573,EMP-029
TXN-004487,2026-02-12,RECEIPT,WH-PHC,PRD-0004,198,PO-2026-03581,EMP-019
TXN-004488,2026-02-12,RECEIPT,WH-LAG1,PRD-0039,345,PO-2026-03590,EMP-025
TXN-004489,2026-02-12,RECEIPT,WH-LAG2,PRD-0054,50,PO-2026-03592,EMP-011
TXN-004490,2026-02-13,RECEIPT,WH-LAG1,PRD-0118,334,PO-2026-03531,EMP-020
TXN-004491,2026-02-13,RECEIPT,WH-LAG2,PRD-0023,88,PO-2026-03551,EMP-006
TXN-004492,2026-02-13,RECEIPT,WH-ABJ,PRD-0092,48,PO-2026-03570,EMP-013
TXN-004493,2026-02-13,RECEIPT,WH-LAG2,PRD-0109,57,PO-2026-03597,EMP-021
TXN-004494,2026-02-14,RECEIPT,WH-LAG2,PRD-0001,41,PO-2026-03479,EMP-006
TXN-004495,2026-02-14,RECEIPT,WH-PHC,PRD-0026,70,PO-2026-03485,EMP-024
TXN-004496,2026-02-14,RECEIPT,WH-IBD,PRD-0032,29,PO-2026-03554,EMP-012
TXN-004497,2026-02-14,RECEIPT,WH-LAG2,PRD-0120,132,PO-2026-03576,EMP-036
TXN-004498,2026-02-14,RECEIPT,WH-LAG1,PRD-0144,136,PO-2026-03577,EMP-035
TXN-004499,2026-02-15,RECEIPT,WH-ABJ,PRD-0041,73,PO-2026-03556,EMP-023
TXN-004500,2026-02-15,RECEIPT,WH-IBD,PRD-0090,701,PO-2026-03567,EMP-027
TXN-004501,2026-02-15,TRANSFER_OUT,WH-IBD,PRD-0164,-16,TRF-00184,EMP-027
TXN-004502,2026-02-15,TRANSFER_IN,WH-ABJ,PRD-0164,16,TRF-00184,EMP-013
TXN-004503,2026-02-16,RECEIPT,WH-ABJ,PRD-0160,246,PO-2026-03579,EMP-008
TXN-004504,2026-02-16,RECEIPT,WH-LAG2,PRD-0018,101,PO-2026-03583,EMP-036
TXN-004505,2026-02-16,RECEIPT,WH-LAG1,PRD-0165,219,PO-2026-03606,EMP-005
TXN-004506,2026-02-16,RECEIPT,WH-PHC,PRD-0166,134,PO-2026-03607,EMP-019
TXN-004507,2026-02-16,TRANSFER_OUT,WH-LAG1,PRD-0043,-21,TRF-00185,EMP-010
TXN-004508,2026-02-16,TRANSFER_IN,WH-LAG2,PRD-0043,21,TRF-00185,EMP-021
TXN-004509,2026-02-17,RECEIPT,WH-ABJ,PRD-0061,175,PO-2026-03522,EMP-018
TXN-004510,2026-02-17,RECEIPT,WH-LAG1,PRD-0091,161,PO-2026-03568,EMP-025
TXN-004511,2026-02-17,RECEIPT,WH-ABJ,PRD-0098,261,PO-2026-03571,EMP-038
TXN-004512,2026-02-17,RECEIPT,WH-ABJ,PRD-0029,43,PO-2026-03586,EMP-038
TXN-004513,2026-02-18,RECEIPT,WH-ABJ,PRD-0023,103,PO-2026-03512,EMP-033
TXN-004514,2026-02-18,RECEIPT,WH-ABJ,PRD-0033,67,PO-2026-03587,EMP-013
TXN-004515,2026-02-18,RECEIPT,WH-PHC,PRD-0161,235,PO-2026-03604,EMP-009
TXN-004516,2026-02-19,RECEIPT,WH-LAG2,PRD-0037,126,PO-2026-03589,EMP-011
TXN-004517,2026-02-19,RECEIPT,WH-LAG1,PRD-0079,146,PO-2026-03594,EMP-020
TXN-004518,2026-02-19,RECEIPT,WH-ABJ,PRD-0131,129,PO-2026-03602,EMP-013
TXN-004519,2026-02-20,RECEIPT,WH-LAG2,PRD-0025,50,PO-2026-03513,EMP-031
TXN-004520,2026-02-20,RECEIPT,WH-ABJ,PRD-0001,39,PO-2026-03580,EMP-028
TXN-004521,2026-02-20,RECEIPT,WH-LAG2,PRD-0011,84,PO-2026-03612,EMP-016
TXN-004522,2026-02-20,RECEIPT,WH-LAG2,PRD-0051,104,PO-2026-03618,EMP-006
TXN-004523,2026-02-20,RECEIPT,WH-LAG1,PRD-0069,27,PO-2026-03621,EMP-020
TXN-004524,2026-02-21,RECEIPT,WH-PHC,PRD-0023,83,PO-2026-03585,EMP-019
TXN-004525,2026-02-21,RECEIPT,WH-IBD,PRD-0057,132,PO-2026-03593,EMP-007
TXN-004526,2026-02-21,RECEIPT,WH-PHC,PRD-0117,75,PO-2026-03598,EMP-014
TXN-004527,2026-02-21,RECEIPT,WH-LAG1,PRD-0168,67,PO-2026-03608,EMP-035
TXN-004528,2026-02-21,RECEIPT,WH-LAG2,PRD-0067,86,PO-2026-03620,EMP-026
TXN-004529,2026-02-21,RECEIPT,WH-LAG1,PRD-0151,1055,PO-2026-03636,EMP-010
TXN-004530,2026-02-21,RECEIPT,WH-LAG2,PRD-0156,141,PO-2026-03639,EMP-031
TXN-004531,2026-02-22,RECEIPT,WH-LAG1,PRD-0070,83,PO-2026-03559,EMP-015
TXN-004532,2026-02-22,RECEIPT,WH-ABJ,PRD-0091,110,PO-2026-03569,EMP-013
TXN-004533,2026-02-22,RECEIPT,WH-LAG2,PRD-0128,61,PO-2026-03601,EMP-026
TXN-004534,2026-02-22,RECEIPT,WH-LAG1,PRD-0161,442,PO-2026-03603,EMP-035
TXN-004535,2026-02-23,RECEIPT,WH-LAG2,PRD-0026,54,PO-2026-03514,EMP-021
TXN-004536,2026-02-23,RECEIPT,WH-PHC,PRD-0107,32,PO-2026-03572,EMP-004
TXN-004537,2026-02-23,RECEIPT,WH-IBD,PRD-0118,121,PO-2026-03575,EMP-032
TXN-004538,2026-02-23,RECEIPT,WH-LAG1,PRD-0093,222,PO-2026-03595,EMP-040
TXN-004539,2026-02-23,RECEIPT,WH-ABJ,PRD-0120,170,PO-2026-03599,EMP-028
TXN-004540,2026-02-23,RECEIPT,WH-IBD,PRD-0126,46,PO-2026-03600,EMP-007
TXN-004541,2026-02-23,RECEIPT,WH-ABJ,PRD-0163,76,PO-2026-03605,EMP-033
TXN-004542,2026-02-23,RECEIPT,WH-PHC,PRD-0011,80,PO-2026-03613,EMP-004
TXN-004543,2026-02-23,RECEIPT,WH-LAG1,PRD-0111,159,PO-2026-03629,EMP-020
TXN-004544,2026-02-24,RECEIPT,WH-LAG1,PRD-0028,106,PO-2026-03552,EMP-035
TXN-004545,2026-02-24,RECEIPT,WH-PHC,PRD-0085,99,PO-2026-03565,EMP-004
TXN-004546,2026-02-24,RECEIPT,WH-ABJ,PRD-0040,54,PO-2026-03615,EMP-003
TXN-004547,2026-02-25,RECEIPT,WH-PHC,PRD-0034,32,PO-2026-03588,EMP-019
TXN-004548,2026-02-25,RECEIPT,WH-PHC,PRD-0045,61,PO-2026-03616,EMP-034
TXN-004549,2026-02-25,RECEIPT,WH-PHC,PRD-0111,95,PO-2026-03630,EMP-009
TXN-004550,2026-02-25,RECEIPT,WH-ABJ,PRD-0116,61,PO-2026-03631,EMP-028
TXN-004551,2026-02-25,TRANSFER_OUT,WH-PHC,PRD-0015,-13,TRF-00186,EMP-024
TXN-004552,2026-02-25,TRANSFER_IN,WH-LAG2,PRD-0015,13,TRF-00186,EMP-036
TXN-004553,2026-02-26,RECEIPT,WH-ABJ,PRD-0086,215,PO-2026-03566,EMP-023
TXN-004554,2026-02-26,RECEIPT,WH-LAG1,PRD-0074,116,PO-2026-03624,EMP-020
TXN-004555,2026-02-26,RECEIPT,WH-ABJ,PRD-0128,84,PO-2026-03634,EMP-038
TXN-004556,2026-02-26,RECEIPT,WH-IBD,PRD-0153,172,PO-2026-03637,EMP-012
TXN-004557,2026-02-26,RECEIPT,WH-ABJ,PRD-0156,230,PO-2026-03640,EMP-038
TXN-004558,2026-02-26,RECEIPT,WH-ABJ,PRD-0031,142,PO-2026-03648,EMP-003
TXN-004559,2026-02-26,RECEIPT,WH-IBD,PRD-0058,44,PO-2026-03650,EMP-007
TXN-004560,2026-02-26,RECEIPT,WH-LAG2,PRD-0077,229,PO-2026-03654,EMP-021
TXN-004561,2026-02-26,RECEIPT,WH-LAG1,PRD-0081,167,PO-2026-03657,EMP-030
TXN-004562,2026-02-27,RECEIPT,WH-IBD,PRD-0085,73,PO-2026-03564,EMP-037
TXN-004563,2026-02-27,RECEIPT,WH-LAG1,PRD-0013,36,PO-2026-03614,EMP-030
TXN-004564,2026-02-27,RECEIPT,WH-LAG1,PRD-0145,211,PO-2026-03635,EMP-035
TXN-004565,2026-02-27,RECEIPT,WH-LAG1,PRD-0154,92,PO-2026-03638,EMP-015
TXN-004566,2026-02-27,TRANSFER_OUT,WH-LAG1,PRD-0075,-16,TRF-00187,EMP-005
TXN-004567,2026-02-27,TRANSFER_IN,WH-IBD,PRD-0075,16,TRF-00187,EMP-022
TXN-004568,2026-02-28,RECEIPT,WH-LAG1,PRD-0002,52,PO-2026-03546,EMP-005
TXN-004569,2026-02-28,RECEIPT,WH-LAG2,PRD-0019,90,PO-2026-03584,EMP-036
TXN-004570,2026-02-28,RECEIPT,WH-LAG2,PRD-0079,59,PO-2026-03655,EMP-036
TXN-004571,2026-02-28,RECEIPT,WH-LAG1,PRD-0155,78,PO-2026-03670,EMP-020
TXN-004572,2026-02-28,ADJUSTMENT,WH-LAG1,PRD-0026,-1,DAMAGE,EMP-040
TXN-004573,2026-02-28,ADJUSTMENT,WH-LAG1,PRD-0114,-2,EXPIRY,EMP-035
TXN-004574,2026-02-28,ADJUSTMENT,WH-LAG1,PRD-0028,-2,DAMAGE,EMP-020
TXN-004575,2026-02-28,ADJUSTMENT,WH-LAG1,PRD-0070,-2,DAMAGE,EMP-020
TXN-004576,2026-02-28,ADJUSTMENT,WH-LAG1,PRD-0083,-5,EXPIRY,EMP-010
TXN-004577,2026-02-28,ADJUSTMENT,WH-LAG1,PRD-0166,-3,DAMAGE,EMP-015
TXN-004578,2026-02-28,ADJUSTMENT,WH-LAG2,PRD-0062,-2,EXPIRY,EMP-001
TXN-004579,2026-02-28,ADJUSTMENT,WH-LAG2,PRD-0126,-2,SHRINKAGE,EMP-021
TXN-004580,2026-02-28,ADJUSTMENT,WH-LAG2,PRD-0097,-1,EXPIRY,EMP-021
TXN-004581,2026-02-28,ADJUSTMENT,WH-LAG2,PRD-0045,-2,EXPIRY,EMP-036
TXN-004582,2026-02-28,ADJUSTMENT,WH-LAG2,PRD-0005,-1,EXPIRY,EMP-036
TXN-004583,2026-02-28,ADJUSTMENT,WH-LAG2,PRD-0082,-1,EXPIRY,EMP-036
TXN-004584,2026-02-28,ADJUSTMENT,WH-IBD,PRD-0114,-1,SHRINKAGE,EMP-022
TXN-004585,2026-02-28,ADJUSTMENT,WH-IBD,PRD-0076,-1,SHRINKAGE,EMP-027
TXN-004586,2026-02-28,ADJUSTMENT,WH-IBD,PRD-0123,-1,EXPIRY,EMP-017
TXN-004587,2026-02-28,ADJUSTMENT,WH-IBD,PRD-0064,-1,EXPIRY,EMP-012
TXN-004588,2026-02-28,ADJUSTMENT,WH-IBD,PRD-0104,-2,SHRINKAGE,EMP-037
TXN-004589,2026-02-28,ADJUSTMENT,WH-IBD,PRD-0090,-18,EXPIRY,EMP-027
TXN-004590,2026-02-28,ADJUSTMENT,WH-IBD,PRD-0091,-2,DAMAGE,EMP-007
TXN-004591,2026-02-28,ADJUSTMENT,WH-IBD,PRD-0137,-1,EXPIRY,EMP-032
TXN-004592,2026-02-28,ADJUSTMENT,WH-ABJ,PRD-0003,-2,EXPIRY,EMP-028
TXN-004593,2026-02-28,ADJUSTMENT,WH-ABJ,PRD-0108,-2,DAMAGE,EMP-008
TXN-004594,2026-02-28,ADJUSTMENT,WH-ABJ,PRD-0059,-2,DAMAGE,EMP-013
TXN-004595,2026-02-28,ADJUSTMENT,WH-ABJ,PRD-0163,-2,EXPIRY,EMP-023
TXN-004596,2026-02-28,ADJUSTMENT,WH-ABJ,PRD-0065,-1,DAMAGE,EMP-003
TXN-004597,2026-02-28,ADJUSTMENT,WH-ABJ,PRD-0158,-2,SHRINKAGE,EMP-008
TXN-004598,2026-02-28,ADJUSTMENT,WH-ABJ,PRD-0126,-2,EXPIRY,EMP-018
TXN-004599,2026-02-28,ADJUSTMENT,WH-ABJ,PRD-0112,-2,EXPIRY,EMP-028
TXN-004600,2026-02-28,ADJUSTMENT,WH-PHC,PRD-0167,-2,SHRINKAGE,EMP-004
TXN-004601,2026-02-28,ADJUSTMENT,WH-PHC,PRD-0060,-1,SHRINKAGE,EMP-019
TXN-004602,2026-02-28,ADJUSTMENT,WH-PHC,PRD-0091,-3,SHRINKAGE,EMP-039
TXN-004603,2026-02-28,ADJUSTMENT,WH-PHC,PRD-0042,-2,EXPIRY,EMP-004
TXN-004604,2026-02-28,ADJUSTMENT,WH-PHC,PRD-0089,-1,DAMAGE,EMP-024
TXN-004605,2026-02-28,ADJUSTMENT,WH-PHC,PRD-0036,-2,SHRINKAGE,EMP-004
TXN-004606,2026-02-28,ADJUSTMENT,WH-PHC,PRD-0059,-1,SHRINKAGE,EMP-024
TXN-004607,2026-03-01,RECEIPT,WH-PHC,PRD-0076,88,PO-2026-03561,EMP-014
TXN-004608,2026-03-01,RECEIPT,WH-IBD,PRD-0119,23,PO-2026-03632,EMP-012
TXN-004609,2026-03-01,TRANSFER_OUT,WH-ABJ,PRD-0082,-29,TRF-00188,EMP-003
TXN-004610,2026-03-01,TRANSFER_IN,WH-IBD,PRD-0082,29,TRF-00188,EMP-017
TXN-004611,2026-03-02,RECEIPT,WH-PHC,PRD-0073,27,PO-2026-03623,EMP-034
TXN-004612,2026-03-02,RECEIPT,WH-IBD,PRD-0108,206,PO-2026-03628,EMP-002
TXN-004613,2026-03-02,RECEIPT,WH-ABJ,PRD-0018,109,PO-2026-03643,EMP-023
TXN-004614,2026-03-02,RECEIPT,WH-LAG1,PRD-0022,42,PO-2026-03645,EMP-025
TXN-004615,2026-03-02,RECEIPT,WH-LAG2,PRD-0151,686,PO-2026-03668,EMP-031
TXN-004616,2026-03-03,RECEIPT,WH-IBD,PRD-0052,16,PO-2026-03557,EMP-017
TXN-004617,2026-03-03,RECEIPT,WH-LAG1,PRD-0001,84,PO-2026-03609,EMP-025
TXN-004618,2026-03-03,RECEIPT,WH-LAG2,PRD-0125,345,PO-2026-03633,EMP-001
TXN-004619,2026-03-04,RECEIPT,WH-LAG2,PRD-0015,68,PO-2026-03582,EMP-001
TXN-004620,2026-03-04,RECEIPT,WH-PHC,PRD-0116,52,PO-2026-03662,EMP-009
TXN-004621,2026-03-04,RECEIPT,WH-IBD,PRD-0141,63,PO-2026-03665,EMP-027
TXN-004622,2026-03-04,RECEIPT,WH-LAG1,PRD-0150,123,PO-2026-03666,EMP-030
TXN-004623,2026-03-05,RECEIPT,WH-PHC,PRD-0102,66,PO-2026-03596,EMP-029
TXN-004624,2026-03-05,RECEIPT,WH-PHC,PRD-0080,91,PO-2026-03625,EMP-009
TXN-004625,2026-03-05,RECEIPT,WH-PHC,PRD-0014,16,PO-2026-03642,EMP-029
TXN-004626,2026-03-05,RECEIPT,WH-ABJ,PRD-0063,75,PO-2026-03651,EMP-018
TXN-004627,2026-03-05,RECEIPT,WH-ABJ,PRD-0164,59,PO-2026-03672,EMP-018
TXN-004628,2026-03-05,RECEIPT,WH-LAG1,PRD-0011,127,PO-2026-03674,EMP-025
TXN-004629,2026-03-05,RECEIPT,WH-PHC,PRD-0053,19,PO-2026-03681,EMP-039
TXN-004630,2026-03-05,RECEIPT,WH-LAG1,PRD-0058,110,PO-2026-03682,EMP-035
TXN-004631,2026-03-05,RECEIPT,WH-LAG2,PRD-0140,54,PO-2026-03691,EMP-026
TXN-004632,2026-03-05,RECEIPT,WH-LAG1,PRD-0157,147,PO-2026-03698,EMP-010
TXN-004633,2026-03-06,RECEIPT,WH-LAG2,PRD-0028,45,PO-2026-03647,EMP-021
TXN-004634,2026-03-06,RECEIPT,WH-LAG1,PRD-0110,44,PO-2026-03661,EMP-005
TXN-004635,2026-03-06,RECEIPT,WH-PHC,PRD-0135,126,PO-2026-03664,EMP-014
TXN-004636,2026-03-07,RECEIPT,WH-IBD,PRD-0073,18,PO-2026-03653,EMP-012
TXN-004637,2026-03-07,RECEIPT,WH-IBD,PRD-0098,169,PO-2026-03660,EMP-032
TXN-004638,2026-03-07,RECEIPT,WH-LAG1,PRD-0132,79,PO-2026-03663,EMP-030
TXN-004639,2026-03-07,RECEIPT,WH-IBD,PRD-0150,53,PO-2026-03667,EMP-027
TXN-004640,2026-03-07,RECEIPT,WH-PHC,PRD-0154,62,PO-2026-03669,EMP-039
TXN-004641,2026-03-07,RECEIPT,WH-ABJ,PRD-0143,64,PO-2026-03694,EMP-028
TXN-004642,2026-03-07,TRANSFER_OUT,WH-PHC,PRD-0090,-243,TRF-00189,EMP-034
TXN-004643,2026-03-07,TRANSFER_IN,WH-ABJ,PRD-0090,243,TRF-00189,EMP-008
TXN-004644,2026-03-08,RECEIPT,WH-IBD,PRD-0163,70,PO-2026-03671,EMP-027
TXN-004645,2026-03-08,RECEIPT,WH-ABJ,PRD-0011,132,PO-2026-03675,EMP-013
TXN-004646,2026-03-08,RECEIPT,WH-LAG1,PRD-0141,86,PO-2026-03692,EMP-040
TXN-004647,2026-03-08,TRANSFER_OUT,WH-LAG1,PRD-0018,-71,TRF-00190,EMP-010
TXN-004648,2026-03-08,TRANSFER_IN,WH-PHC,PRD-0018,71,TRF-00190,EMP-024
TXN-004649,2026-03-09,RECEIPT,WH-LAG1,PRD-0060,168,PO-2026-03683,EMP-020
TXN-004650,2026-03-09,RECEIPT,WH-LAG1,PRD-0147,65,PO-2026-03695,EMP-005
TXN-004651,2026-03-09,RECEIPT,WH-ABJ,PRD-0165,197,PO-2026-03701,EMP-008
TXN-004652,2026-03-10,RECEIPT,WH-LAG2,PRD-0048,59,PO-2026-03591,EMP-011
TXN-004653,2026-03-10,RECEIPT,WH-ABJ,PRD-0073,27,PO-2026-03622,EMP-023
TXN-004654,2026-03-10,RECEIPT,WH-LAG2,PRD-0006,27,PO-2026-03641,EMP-001
TXN-004655,2026-03-10,RECEIPT,WH-LAG1,PRD-0148,79,PO-2026-03696,EMP-025
TXN-004656,2026-03-11,RECEIPT,WH-IBD,PRD-0003,18,PO-2026-03610,EMP-002
TXN-004657,2026-03-11,RECEIPT,WH-PHC,PRD-0048,57,PO-2026-03617,EMP-014
TXN-004658,2026-03-11,RECEIPT,WH-ABJ,PRD-0080,74,PO-2026-03656,EMP-033
TXN-004659,2026-03-11,RECEIPT,WH-IBD,PRD-0142,86,PO-2026-03693,EMP-017
TXN-004660,2026-03-11,RECEIPT,WH-PHC,PRD-0163,57,PO-2026-03699,EMP-029
TXN-004661,2026-03-12,RECEIPT,WH-ABJ,PRD-0056,63,PO-2026-03619,EMP-033
TXN-004662,2026-03-12,RECEIPT,WH-PHC,PRD-0086,246,PO-2026-03658,EMP-019
TXN-004663,2026-03-12,RECEIPT,WH-PHC,PRD-0156,177,PO-2026-03697,EMP-019
TXN-004664,2026-03-12,RECEIPT,WH-LAG1,PRD-0053,42,PO-2026-03713,EMP-040
TXN-004665,2026-03-12,TRANSFER_OUT,WH-LAG1,PRD-0150,-34,TRF-00191,EMP-010
TXN-004666,2026-03-12,TRANSFER_IN,WH-LAG2,PRD-0150,34,TRF-00191,EMP-001
TXN-004667,2026-03-13,RECEIPT,WH-LAG2,PRD-0020,90,PO-2026-03644,EMP-036
TXN-004668,2026-03-13,RECEIPT,WH-LAG2,PRD-0034,23,PO-2026-03676,EMP-001
TXN-004669,2026-03-13,RECEIPT,WH-IBD,PRD-0041,58,PO-2026-03679,EMP-002
TXN-004670,2026-03-13,RECEIPT,WH-IBD,PRD-0165,146,PO-2026-03700,EMP-027
TXN-004671,2026-03-13,RECEIPT,WH-IBD,PRD-0168,29,PO-2026-03703,EMP-027
TXN-004672,2026-03-13,RECEIPT,WH-LAG1,PRD-0082,197,PO-2026-03721,EMP-025
TXN-004673,2026-03-14,RECEIPT,WH-ABJ,PRD-0106,35,PO-2026-03689,EMP-028
TXN-004674,2026-03-14,RECEIPT,WH-LAG2,PRD-0031,81,PO-2026-03710,EMP-026
TXN-004675,2026-03-14,RECEIPT,WH-LAG1,PRD-0170,126,PO-2026-03738,EMP-020
TXN-004676,2026-03-15,RECEIPT,WH-LAG2,PRD-0009,30,PO-2026-03673,EMP-031
TXN-004677,2026-03-15,RECEIPT,WH-IBD,PRD-0040,57,PO-2026-03678,EMP-017
TXN-004678,2026-03-15,RECEIPT,WH-IBD,PRD-0012,47,PO-2026-03706,EMP-032
TXN-004679,2026-03-15,RECEIPT,WH-IBD,PRD-0039,155,PO-2026-03711,EMP-027
TXN-004680,2026-03-15,RECEIPT,WH-LAG2,PRD-0062,130,PO-2026-03717,EMP-006
TXN-004681,2026-03-15,RECEIPT,WH-ABJ,PRD-0140,59,PO-2026-03732,EMP-028
TXN-004682,2026-03-15,TRANSFER_OUT,WH-LAG1,PRD-0005,-28,TRF-00192,EMP-040
TXN-004683,2026-03-15,TRANSFER_IN,WH-IBD,PRD-0005,28,TRF-00192,EMP-032
TXN-004684,2026-03-16,RECEIPT,WH-LAG1,PRD-0009,53,PO-2026-03611,EMP-015
TXN-004685,2026-03-16,RECEIPT,WH-ABJ,PRD-0088,54,PO-2026-03626,EMP-018
TXN-004686,2026-03-16,RECEIPT,WH-LAG1,PRD-0090,2055,PO-2026-03627,EMP-025
TXN-004687,2026-03-16,RECEIPT,WH-LAG1,PRD-0036,67,PO-2026-03677,EMP-040
TXN-004688,2026-03-16,RECEIPT,WH-LAG1,PRD-0108,427,PO-2026-03690,EMP-005
TXN-004689,2026-03-16,RECEIPT,WH-PHC,PRD-0167,69,PO-2026-03702,EMP-029
TXN-004690,2026-03-16,RECEIPT,WH-ABJ,PRD-0062,146,PO-2026-03718,EMP-038
TXN-004691,2026-03-16,RECEIPT,WH-ABJ,PRD-0110,35,PO-2026-03725,EMP-003
TXN-004692,2026-03-16,RECEIPT,WH-PHC,PRD-0127,45,PO-2026-03730,EMP-004
TXN-004693,2026-03-16,RECEIPT,WH-PHC,PRD-0151,555,PO-2026-03735,EMP-039
TXN-004694,2026-03-17,RECEIPT,WH-ABJ,PRD-0111,115,PO-2026-03727,EMP-018
TXN-004695,2026-03-17,RECEIPT,WH-ABJ,PRD-0141,61,PO-2026-03733,EMP-018
TXN-004696,2026-03-17,RECEIPT,WH-LAG1,PRD-0164,90,PO-2026-03737,EMP-040
TXN-004697,2026-03-18,RECEIPT,WH-IBD,PRD-0094,26,PO-2026-03723,EMP-032
TXN-004698,2026-03-18,RECEIPT,WH-PHC,PRD-0103,78,PO-2026-03724,EMP-004
TXN-004699,2026-03-19,RECEIPT,WH-PHC,PRD-0008,43,PO-2026-03705,EMP-034
TXN-004700,2026-03-19,RECEIPT,WH-PHC,PRD-0083,153,PO-2026-03722,EMP-039
TXN-004701,2026-03-19,RECEIPT,WH-IBD,PRD-0111,89,PO-2026-03726,EMP-037
TXN-004702,2026-03-19,RECEIPT,WH-LAG2,PRD-0134,53,PO-2026-03731,EMP-026
TXN-004703,2026-03-19,RECEIPT,WH-ABJ,PRD-0060,116,PO-2026-03749,EMP-023
TXN-004704,2026-03-19,RECEIPT,WH-LAG1,PRD-0067,158,PO-2026-03750,EMP-025
TXN-004705,2026-03-19,RECEIPT,WH-ABJ,PRD-0069,20,PO-2026-03752,EMP-028
TXN-004706,2026-03-19,TRANSFER_OUT,WH-LAG1,PRD-0124,-17,TRF-00193,EMP-020
TXN-004707,2026-03-19,TRANSFER_IN,WH-IBD,PRD-0124,17,TRF-00193,EMP-012
TXN-004708,2026-03-20,RECEIPT,WH-ABJ,PRD-0072,59,PO-2026-03685,EMP-008
TXN-004709,2026-03-20,RECEIPT,WH-IBD,PRD-0002,22,PO-2026-03704,EMP-002
TXN-004710,2026-03-21,RECEIPT,WH-IBD,PRD-0047,68,PO-2026-03649,EMP-022
TXN-004711,2026-03-21,RECEIPT,WH-LAG1,PRD-0065,159,PO-2026-03719,EMP-015
TXN-004712,2026-03-21,RECEIPT,WH-ABJ,PRD-0125,355,PO-2026-03729,EMP-023
TXN-004713,2026-03-21,RECEIPT,WH-ABJ,PRD-0142,186,PO-2026-03734,EMP-003
TXN-004714,2026-03-21,RECEIPT,WH-LAG1,PRD-0089,66,PO-2026-03755,EMP-010
TXN-004715,2026-03-22,RECEIPT,WH-PHC,PRD-0027,29,PO-2026-03646,EMP-014
TXN-004716,2026-03-22,RECEIPT,WH-LAG2,PRD-0085,75,PO-2026-03686,EMP-031
TXN-004717,2026-03-22,RECEIPT,WH-LAG1,PRD-0102,129,PO-2026-03688,EMP-025
TXN-004718,2026-03-22,RECEIPT,WH-LAG1,PRD-0015,88,PO-2026-03707,EMP-035
TXN-004719,2026-03-22,RECEIPT,WH-ABJ,PRD-0161,310,PO-2026-03736,EMP-003
TXN-004720,2026-03-22,RECEIPT,WH-PHC,PRD-0031,77,PO-2026-03744,EMP-024
TXN-004721,2026-03-22,RECEIPT,WH-LAG1,PRD-0051,258,PO-2026-03747,EMP-010
TXN-004722,2026-03-23,RECEIPT,WH-PHC,PRD-0088,56,PO-2026-03659,EMP-019
TXN-004723,2026-03-23,RECEIPT,WH-IBD,PRD-0016,115,PO-2026-03708,EMP-037
TXN-004724,2026-03-23,RECEIPT,WH-ABJ,PRD-0024,41,PO-2026-03709,EMP-003
TXN-004725,2026-03-23,RECEIPT,WH-LAG2,PRD-0039,132,PO-2026-03745,EMP-026
TXN-004726,2026-03-23,RECEIPT,WH-IBD,PRD-0136,63,PO-2026-03766,EMP-012
TXN-004727,2026-03-24,RECEIPT,WH-LAG2,PRD-0066,9,PO-2026-03652,EMP-026
TXN-004728,2026-03-24,RECEIPT,WH-LAG2,PRD-0064,100,PO-2026-03684,EMP-031
TXN-004729,2026-03-24,RECEIPT,WH-LAG1,PRD-0068,276,PO-2026-03751,EMP-025
TXN-004730,2026-03-25,RECEIPT,WH-IBD,PRD-0042,19,PO-2026-03680,EMP-007
TXN-004731,2026-03-25,RECEIPT,WH-LAG1,PRD-0086,596,PO-2026-03687,EMP-015
TXN-004732,2026-03-25,RECEIPT,WH-ABJ,PRD-0057,248,PO-2026-03716,EMP-003
TXN-004733,2026-03-25,RECEIPT,WH-LAG1,PRD-0007,186,PO-2026-03739,EMP-040
TXN-004734,2026-03-25,RECEIPT,WH-ABJ,PRD-0014,18,PO-2026-03741,EMP-003
TXN-004735,2026-03-25,RECEIPT,WH-LAG1,PRD-0109,190,PO-2026-03758,EMP-030
TXN-004736,2026-03-25,RECEIPT,WH-LAG2,PRD-0122,123,PO-2026-03765,EMP-026
TXN-004737,2026-03-26,RECEIPT,WH-LAG1,PRD-0056,77,PO-2026-03714,EMP-025
TXN-004738,2026-03-26,RECEIPT,WH-ABJ,PRD-0115,87,PO-2026-03760,EMP-028
TXN-004739,2026-03-26,RECEIPT,WH-PHC,PRD-0120,110,PO-2026-03762,EMP-019
TXN-004740,2026-03-26,RECEIPT,WH-ABJ,PRD-0137,92,PO-2026-03767,EMP-038
TXN-004741,2026-03-26,RECEIPT,WH-IBD,PRD-0143,51,PO-2026-03768,EMP-027
TXN-004742,2026-03-26,TRANSFER_OUT,WH-LAG1,PRD-0058,-30,TRF-00194,EMP-040
TXN-004743,2026-03-26,TRANSFER_IN,WH-ABJ,PRD-0058,30,TRF-00194,EMP-028
TXN-004744,2026-03-27,RECEIPT,WH-ABJ,PRD-0113,142,PO-2026-03728,EMP-033
TXN-004745,2026-03-27,RECEIPT,WH-PHC,PRD-0108,200,PO-2026-03757,EMP-034
TXN-004746,2026-03-27,RECEIPT,WH-ABJ,PRD-0082,90,PO-2026-03782,EMP-038
TXN-004747,2026-03-28,RECEIPT,WH-LAG1,PRD-0041,113,PO-2026-03746,EMP-025
TXN-004748,2026-03-28,RECEIPT,WH-IBD,PRD-0160,217,PO-2026-03769,EMP-012
TXN-004749,2026-03-29,RECEIPT,WH-LAG1,PRD-0052,27,PO-2026-03712,EMP-015
TXN-004750,2026-03-29,RECEIPT,WH-LAG1,PRD-0169,111,PO-2026-03771,EMP-015
TXN-004751,2026-03-29,RECEIPT,WH-PHC,PRD-0051,83,PO-2026-03778,EMP-029
TXN-004752,2026-03-29,TRANSFER_OUT,WH-LAG1,PRD-0049,-20,TRF-00195,EMP-020
TXN-004753,2026-03-29,TRANSFER_IN,WH-LAG2,PRD-0049,20,TRF-00195,EMP-026
TXN-004754,2026-03-30,RECEIPT,WH-LAG2,PRD-0070,34,PO-2026-03720,EMP-021
TXN-004755,2026-03-30,RECEIPT,WH-LAG1,PRD-0008,97,PO-2026-03740,EMP-020
TXN-004756,2026-03-30,RECEIPT,WH-LAG2,PRD-0163,76,PO-2026-03770,EMP-011
TXN-004757,2026-03-31,RECEIPT,WH-LAG2,PRD-0008,39,PO-2026-03774,EMP-006
TXN-004758,2026-03-31,RECEIPT,WH-IBD,PRD-0166,155,PO-2026-03793,EMP-032
TXN-004759,2026-03-31,TRANSFER_OUT,WH-LAG2,PRD-0012,-13,TRF-00196,EMP-031
TXN-004760,2026-03-31,TRANSFER_IN,WH-ABJ,PRD-0012,13,TRF-00196,EMP-033
TXN-004761,2026-03-31,ADJUSTMENT,WH-LAG1,PRD-0046,-2,SHRINKAGE,EMP-030
TXN-004762,2026-03-31,ADJUSTMENT,WH-LAG1,PRD-0127,-1,DAMAGE,EMP-020
TXN-004763,2026-03-31,ADJUSTMENT,WH-LAG1,PRD-0027,-2,EXPIRY,EMP-025
TXN-004764,2026-03-31,ADJUSTMENT,WH-LAG1,PRD-0166,-1,SHRINKAGE,EMP-010
TXN-004765,2026-03-31,ADJUSTMENT,WH-LAG1,PRD-0016,-1,EXPIRY,EMP-040
TXN-004766,2026-03-31,ADJUSTMENT,WH-LAG2,PRD-0104,-2,SHRINKAGE,EMP-036
TXN-004767,2026-03-31,ADJUSTMENT,WH-LAG2,PRD-0052,-1,EXPIRY,EMP-016
TXN-004768,2026-03-31,ADJUSTMENT,WH-LAG2,PRD-0014,-1,EXPIRY,EMP-011
TXN-004769,2026-03-31,ADJUSTMENT,WH-LAG2,PRD-0111,-2,DAMAGE,EMP-006
TXN-004770,2026-03-31,ADJUSTMENT,WH-LAG2,PRD-0066,-2,SHRINKAGE,EMP-036
TXN-004771,2026-03-31,ADJUSTMENT,WH-LAG2,PRD-0155,-1,DAMAGE,EMP-011
TXN-004772,2026-03-31,ADJUSTMENT,WH-IBD,PRD-0125,-6,EXPIRY,EMP-027
TXN-004773,2026-03-31,ADJUSTMENT,WH-IBD,PRD-0098,-3,EXPIRY,EMP-022
TXN-004774,2026-03-31,ADJUSTMENT,WH-IBD,PRD-0040,-1,EXPIRY,EMP-027
TXN-004775,2026-03-31,ADJUSTMENT,WH-IBD,PRD-0020,-2,SHRINKAGE,EMP-032
TXN-004776,2026-03-31,ADJUSTMENT,WH-IBD,PRD-0087,-1,DAMAGE,EMP-022
TXN-004777,2026-03-31,ADJUSTMENT,WH-IBD,PRD-0077,-2,EXPIRY,EMP-007
TXN-004778,2026-03-31,ADJUSTMENT,WH-IBD,PRD-0117,-2,SHRINKAGE,EMP-022
TXN-004779,2026-03-31,ADJUSTMENT,WH-ABJ,PRD-0039,-3,DAMAGE,EMP-008
TXN-004780,2026-03-31,ADJUSTMENT,WH-ABJ,PRD-0095,-2,EXPIRY,EMP-028
TXN-004781,2026-03-31,ADJUSTMENT,WH-ABJ,PRD-0042,-2,DAMAGE,EMP-008
TXN-004782,2026-03-31,ADJUSTMENT,WH-ABJ,PRD-0076,-1,EXPIRY,EMP-003
TXN-004783,2026-03-31,ADJUSTMENT,WH-ABJ,PRD-0035,-1,SHRINKAGE,EMP-018
TXN-004784,2026-03-31,ADJUSTMENT,WH-ABJ,PRD-0152,-2,SHRINKAGE,EMP-028
TXN-004785,2026-03-31,ADJUSTMENT,WH-ABJ,PRD-0014,-2,SHRINKAGE,EMP-023
TXN-004786,2026-03-31,ADJUSTMENT,WH-ABJ,PRD-0064,-1,DAMAGE,EMP-028
TXN-004787,2026-03-31,ADJUSTMENT,WH-ABJ,PRD-0147,-2,DAMAGE,EMP-008
TXN-004788,2026-03-31,ADJUSTMENT,WH-PHC,PRD-0143,-2,DAMAGE,EMP-029
TXN-004789,2026-03-31,ADJUSTMENT,WH-PHC,PRD-0091,-1,EXPIRY,EMP-004
TXN-004790,2026-03-31,ADJUSTMENT,WH-PHC,PRD-0067,-2,DAMAGE,EMP-004
TXN-004791,2026-03-31,ADJUSTMENT,WH-PHC,PRD-0153,-3,SHRINKAGE,EMP-029
TXN-004792,2026-03-31,ADJUSTMENT,WH-PHC,PRD-0032,-2,SHRINKAGE,EMP-029
TXN-004793,2026-03-31,ADJUSTMENT,WH-PHC,PRD-0140,-2,SHRINKAGE,EMP-019
TXN-004794,2026-03-31,ADJUSTMENT,WH-PHC,PRD-0061,-2,SHRINKAGE,EMP-024
TXN-004795,2026-04-01,RECEIPT,WH-PHC,PRD-0056,52,PO-2026-03748,EMP-034
TXN-004796,2026-04-01,RECEIPT,WH-ABJ,PRD-0118,123,PO-2026-03761,EMP-003
TXN-004797,2026-04-02,RECEIPT,WH-LAG2,PRD-0057,119,PO-2026-03715,EMP-026
TXN-004798,2026-04-02,RECEIPT,WH-ABJ,PRD-0085,87,PO-2026-03754,EMP-008
TXN-004799,2026-04-02,RECEIPT,WH-LAG2,PRD-0065,76,PO-2026-03780,EMP-001
TXN-004800,2026-04-02,RECEIPT,WH-LAG1,PRD-0142,262,PO-2026-03789,EMP-010
TXN-004801,2026-04-02,RECEIPT,WH-ABJ,PRD-0151,841,PO-2026-03790,EMP-033
TXN-004802,2026-04-02,TRANSFER_OUT,WH-LAG1,PRD-0132,-20,TRF-00197,EMP-030
TXN-004803,2026-04-02,TRANSFER_IN,WH-PHC,PRD-0132,20,TRF-00197,EMP-034
TXN-004804,2026-04-03,RECEIPT,WH-IBD,PRD-0091,95,PO-2026-03756,EMP-032
TXN-004805,2026-04-03,RECEIPT,WH-LAG1,PRD-0113,195,PO-2026-03759,EMP-030
TXN-004806,2026-04-03,RECEIPT,WH-LAG2,PRD-0121,113,PO-2026-03763,EMP-036
TXN-004807,2026-04-03,RECEIPT,WH-ABJ,PRD-0139,95,PO-2026-03788,EMP-008
TXN-004808,2026-04-03,RECEIPT,WH-IBD,PRD-0147,42,PO-2026-03821,EMP-032
TXN-004809,2026-04-04,RECEIPT,WH-IBD,PRD-0086,264,PO-2026-03783,EMP-037
TXN-004810,2026-04-04,RECEIPT,WH-PHC,PRD-0132,54,PO-2026-03787,EMP-024
TXN-004811,2026-04-04,RECEIPT,WH-PHC,PRD-0160,209,PO-2026-03791,EMP-024
TXN-004812,2026-04-04,RECEIPT,WH-LAG2,PRD-0165,171,PO-2026-03829,EMP-006
TXN-004813,2026-04-04,RECEIPT,WH-LAG2,PRD-0166,186,PO-2026-03831,EMP-011
TXN-004814,2026-04-05,RECEIPT,WH-ABJ,PRD-0006,30,PO-2026-03773,EMP-008
TXN-004815,2026-04-05,RECEIPT,WH-LAG1,PRD-0166,225,PO-2026-03830,EMP-010
TXN-004816,2026-04-06,RECEIPT,WH-IBD,PRD-0074,78,PO-2026-03753,EMP-022
TXN-004817,2026-04-06,RECEIPT,WH-PHC,PRD-0010,21,PO-2026-03775,EMP-009
TXN-004818,2026-04-06,RECEIPT,WH-PHC,PRD-0013,22,PO-2026-03776,EMP-019
TXN-004819,2026-04-06,RECEIPT,WH-LAG1,PRD-0016,263,PO-2026-03777,EMP-030
TXN-004820,2026-04-06,RECEIPT,WH-ABJ,PRD-0008,52,PO-2026-03794,EMP-008
TXN-004821,2026-04-06,RECEIPT,WH-LAG2,PRD-0083,123,PO-2026-03808,EMP-021
TXN-004822,2026-04-06,RECEIPT,WH-LAG2,PRD-0145,89,PO-2026-03820,EMP-031
TXN-004823,2026-04-07,RECEIPT,WH-PHC,PRD-0035,60,PO-2026-03800,EMP-004
TXN-004824,2026-04-07,RECEIPT,WH-LAG1,PRD-0045,157,PO-2026-03803,EMP-040
TXN-004825,2026-04-07,RECEIPT,WH-LAG1,PRD-0155,118,PO-2026-03826,EMP-005
TXN-004826,2026-04-08,RECEIPT,WH-PHC,PRD-0028,57,PO-2026-03743,EMP-004
TXN-004827,2026-04-08,RECEIPT,WH-PHC,PRD-0121,119,PO-2026-03764,EMP-004
TXN-004828,2026-04-08,RECEIPT,WH-LAG2,PRD-0161,375,PO-2026-03792,EMP-011
TXN-004829,2026-04-08,TRANSFER_OUT,WH-IBD,PRD-0047,-15,TRF-00198,EMP-022
TXN-004830,2026-04-08,TRANSFER_IN,WH-LAG1,PRD-0047,15,TRF-00198,EMP-015
TXN-004831,2026-04-09,RECEIPT,WH-LAG1,PRD-0024,44,PO-2026-03742,EMP-030
TXN-004832,2026-04-09,RECEIPT,WH-LAG1,PRD-0010,39,PO-2026-03796,EMP-020
TXN-004833,2026-04-09,RECEIPT,WH-ABJ,PRD-0035,84,PO-2026-03799,EMP-013
TXN-004834,2026-04-09,RECEIPT,WH-LAG2,PRD-0068,128,PO-2026-03805,EMP-001
TXN-004835,2026-04-09,RECEIPT,WH-LAG1,PRD-0072,90,PO-2026-03806,EMP-005
TXN-004836,2026-04-09,RECEIPT,WH-LAG1,PRD-0096,28,PO-2026-03811,EMP-040
TXN-004837,2026-04-09,RECEIPT,WH-LAG2,PRD-0117,78,PO-2026-03814,EMP-021
TXN-004838,2026-04-09,RECEIPT,WH-LAG2,PRD-0126,45,PO-2026-03817,EMP-006
TXN-004839,2026-04-09,RECEIPT,WH-LAG1,PRD-0153,275,PO-2026-03825,EMP-020
TXN-004840,2026-04-09,RECEIPT,WH-LAG1,PRD-0156,374,PO-2026-03827,EMP-020
TXN-004841,2026-04-09,RECEIPT,WH-ABJ,PRD-0162,78,PO-2026-03828,EMP-023
TXN-004842,2026-04-09,RECEIPT,WH-IBD,PRD-0018,84,PO-2026-03836,EMP-022
TXN-004843,2026-04-09,RECEIPT,WH-IBD,PRD-0051,114,PO-2026-03845,EMP-037
TXN-004844,2026-04-09,TRANSFER_OUT,WH-LAG1,PRD-0118,-64,TRF-00199,EMP-010
TXN-004845,2026-04-09,TRANSFER_IN,WH-IBD,PRD-0118,64,TRF-00199,EMP-002
TXN-004846,2026-04-10,RECEIPT,WH-ABJ,PRD-0016,98,PO-2026-03797,EMP-013
TXN-004847,2026-04-11,RECEIPT,WH-LAG1,PRD-0121,217,PO-2026-03785,EMP-020
TXN-004848,2026-04-11,RECEIPT,WH-LAG1,PRD-0123,105,PO-2026-03786,EMP-040
TXN-004849,2026-04-11,RECEIPT,WH-LAG2,PRD-0041,43,PO-2026-03802,EMP-011
TXN-004850,2026-04-11,RECEIPT,WH-LAG2,PRD-0120,113,PO-2026-03815,EMP-011
TXN-004851,2026-04-11,RECEIPT,WH-PHC,PRD-0128,63,PO-2026-03818,EMP-034
TXN-004852,2026-04-11,RECEIPT,WH-LAG1,PRD-0149,38,PO-2026-03822,EMP-005
TXN-004853,2026-04-11,RECEIPT,WH-LAG2,PRD-0150,63,PO-2026-03823,EMP-031
TXN-004854,2026-04-11,RECEIPT,WH-ABJ,PRD-0053,24,PO-2026-03847,EMP-023
TXN-004855,2026-04-11,RECEIPT,WH-LAG1,PRD-0062,152,PO-2026-03853,EMP-030
TXN-004856,2026-04-11,RECEIPT,WH-ABJ,PRD-0147,54,PO-2026-03876,EMP-018
TXN-004857,2026-04-11,RECEIPT,WH-LAG2,PRD-0157,69,PO-2026-03878,EMP-026
TXN-004858,2026-04-12,RECEIPT,WH-LAG2,PRD-0040,49,PO-2026-03840,EMP-011
TXN-004859,2026-04-12,RECEIPT,WH-LAG1,PRD-0101,35,PO-2026-03858,EMP-010
TXN-004860,2026-04-12,RECEIPT,WH-LAG1,PRD-0136,98,PO-2026-03867,EMP-035
TXN-004861,2026-04-12,RECEIPT,WH-PHC,PRD-0138,97,PO-2026-03870,EMP-009
TXN-004862,2026-04-12,RECEIPT,WH-PHC,PRD-0157,59,PO-2026-03879,EMP-024
TXN-004863,2026-04-12,TRANSFER_OUT,WH-LAG1,PRD-0085,-23,TRF-00200,EMP-020
TXN-004864,2026-04-12,TRANSFER_IN,WH-IBD,PRD-0085,23,TRF-00200,EMP-027
TXN-004865,2026-04-13,RECEIPT,WH-LAG2,PRD-0073,19,PO-2026-03781,EMP-011
TXN-004866,2026-04-13,RECEIPT,WH-PHC,PRD-0074,88,PO-2026-03807,EMP-014
TXN-004867,2026-04-13,RECEIPT,WH-LAG1,PRD-0125,620,PO-2026-03816,EMP-030
TXN-004868,2026-04-13,RECEIPT,WH-ABJ,PRD-0150,81,PO-2026-03824,EMP-003
TXN-004869,2026-04-13,RECEIPT,WH-PHC,PRD-0168,26,PO-2026-03832,EMP-004
TXN-004870,2026-04-13,RECEIPT,WH-IBD,PRD-0004,182,PO-2026-03834,EMP-002
TXN-004871,2026-04-13,RECEIPT,WH-LAG2,PRD-0060,118,PO-2026-03851,EMP-026
TXN-004872,2026-04-13,RECEIPT,WH-LAG2,PRD-0138,82,PO-2026-03869,EMP-001
TXN-004873,2026-04-14,RECEIPT,WH-IBD,PRD-0037,79,PO-2026-03801,EMP-032
TXN-004874,2026-04-14,RECEIPT,WH-LAG1,PRD-0116,86,PO-2026-03862,EMP-005
TXN-004875,2026-04-14,RECEIPT,WH-IBD,PRD-0142,85,PO-2026-03873,EMP-017
TXN-004876,2026-04-15,RECEIPT,WH-ABJ,PRD-0090,1417,PO-2026-03784,EMP-013
TXN-004877,2026-04-15,RECEIPT,WH-LAG2,PRD-0004,179,PO-2026-03833,EMP-026
TXN-004878,2026-04-15,RECEIPT,WH-LAG1,PRD-0137,117,PO-2026-03868,EMP-020
TXN-004879,2026-04-16,RECEIPT,WH-PHC,PRD-0095,23,PO-2026-03810,EMP-029
TXN-004880,2026-04-16,RECEIPT,WH-IBD,PRD-0100,299,PO-2026-03812,EMP-012
TXN-004881,2026-04-16,RECEIPT,WH-LAG1,PRD-0135,216,PO-2026-03819,EMP-030
TXN-004882,2026-04-16,RECEIPT,WH-PHC,PRD-0057,190,PO-2026-03850,EMP-024
TXN-004883,2026-04-16,RECEIPT,WH-ABJ,PRD-0109,95,PO-2026-03860,EMP-028
TXN-004884,2026-04-16,RECEIPT,WH-LAG2,PRD-0142,139,PO-2026-03872,EMP-031
TXN-004885,2026-04-16,RECEIPT,WH-LAG1,PRD-0162,86,PO-2026-03880,EMP-025
TXN-004886,2026-04-16,RECEIPT,WH-IBD,PRD-0011,83,PO-2026-03883,EMP-027
TXN-004887,2026-04-16,RECEIPT,WH-IBD,PRD-0035,82,PO-2026-03888,EMP-022
TXN-004888,2026-04-16,RECEIPT,WH-ABJ,PRD-0049,70,PO-2026-03889,EMP-008
TXN-004889,2026-04-16,RECEIPT,WH-PHC,PRD-0084,95,PO-2026-03895,EMP-029
TXN-004890,2026-04-17,RECEIPT,WH-ABJ,PRD-0005,70,PO-2026-03835,EMP-003
TXN-004891,2026-04-17,RECEIPT,WH-LAG1,PRD-0057,291,PO-2026-03848,EMP-010
TXN-004892,2026-04-17,RECEIPT,WH-LAG1,PRD-0064,267,PO-2026-03854,EMP-020
TXN-004893,2026-04-17,RECEIPT,WH-PHC,PRD-0145,110,PO-2026-03875,EMP-014
TXN-004894,2026-04-17,RECEIPT,WH-ABJ,PRD-0157,86,PO-2026-03910,EMP-003
TXN-004895,2026-04-17,TRANSFER_OUT,WH-LAG1,PRD-0054,-13,TRF-00201,EMP-035
TXN-004896,2026-04-17,TRANSFER_IN,WH-PHC,PRD-0054,13,TRF-00201,EMP-014
TXN-004897,2026-04-18,RECEIPT,WH-LAG1,PRD-0005,102,PO-2026-03772,EMP-010
TXN-004898,2026-04-18,RECEIPT,WH-ABJ,PRD-0026,74,PO-2026-03838,EMP-003
TXN-004899,2026-04-18,RECEIPT,WH-ABJ,PRD-0093,104,PO-2026-03857,EMP-018
TXN-004900,2026-04-18,RECEIPT,WH-IBD,PRD-0128,74,PO-2026-03865,EMP-022
TXN-004901,2026-04-18,RECEIPT,WH-PHC,PRD-0139,81,PO-2026-03871,EMP-034
TXN-004902,2026-04-18,RECEIPT,WH-IBD,PRD-0144,51,PO-2026-03874,EMP-032
TXN-004903,2026-04-18,RECEIPT,WH-IBD,PRD-0075,25,PO-2026-03894,EMP-032
TXN-004904,2026-04-18,TRANSFER_OUT,WH-LAG1,PRD-0028,-17,TRF-00202,EMP-040
TXN-004905,2026-04-18,TRANSFER_IN,WH-ABJ,PRD-0028,17,TRF-00202,EMP-018
TXN-004906,2026-04-19,RECEIPT,WH-LAG2,PRD-0056,50,PO-2026-03779,EMP-006
TXN-004907,2026-04-19,RECEIPT,WH-LAG1,PRD-0114,26,PO-2026-03861,EMP-035
TXN-004908,2026-04-19,RECEIPT,WH-ABJ,PRD-0122,113,PO-2026-03863,EMP-038
TXN-004909,2026-04-19,RECEIPT,WH-ABJ,PRD-0128,69,PO-2026-03866,EMP-038
TXN-004910,2026-04-19,RECEIPT,WH-PHC,PRD-0143,44,PO-2026-03907,EMP-009
TXN-004911,2026-04-19,RECEIPT,WH-LAG2,PRD-0170,75,PO-2026-03911,EMP-026
TXN-004912,2026-04-20,RECEIPT,WH-PHC,PRD-0009,23,PO-2026-03795,EMP-014
TXN-004913,2026-04-20,RECEIPT,WH-PHC,PRD-0122,120,PO-2026-03864,EMP-034
TXN-004914,2026-04-20,RECEIPT,WH-LAG1,PRD-0150,110,PO-2026-03877,EMP-020
TXN-004915,2026-04-20,RECEIPT,WH-PHC,PRD-0068,99,PO-2026-03890,EMP-004
TXN-004916,2026-04-21,RECEIPT,WH-PHC,PRD-0100,319,PO-2026-03813,EMP-019
TXN-004917,2026-04-21,RECEIPT,WH-LAG2,PRD-0042,19,PO-2026-03841,EMP-021
TXN-004918,2026-04-21,RECEIPT,WH-PHC,PRD-0163,51,PO-2026-03881,EMP-009
TXN-004919,2026-04-22,RECEIPT,WH-LAG2,PRD-0047,58,PO-2026-03804,EMP-001
TXN-004920,2026-04-22,RECEIPT,WH-ABJ,PRD-0052,23,PO-2026-03846,EMP-003
TXN-004921,2026-04-22,RECEIPT,WH-IBD,PRD-0102,55,PO-2026-03859,EMP-017
TXN-004922,2026-04-22,RECEIPT,WH-PHC,PRD-0147,53,PO-2026-03908,EMP-039
TXN-004923,2026-04-22,TRANSFER_OUT,WH-LAG1,PRD-0017,-11,TRF-00203,EMP-040
TXN-004924,2026-04-22,TRANSFER_IN,WH-LAG2,PRD-0017,11,TRF-00203,EMP-016
TXN-004925,2026-04-23,RECEIPT,WH-LAG2,PRD-0024,28,PO-2026-03798,EMP-026
TXN-004926,2026-04-23,RECEIPT,WH-LAG2,PRD-0090,962,PO-2026-03809,EMP-031
TXN-004927,2026-04-23,RECEIPT,WH-LAG1,PRD-0071,28,PO-2026-03891,EMP-040
TXN-004928,2026-04-23,RECEIPT,WH-ABJ,PRD-0112,29,PO-2026-03899,EMP-038
TXN-004929,2026-04-23,RECEIPT,WH-LAG1,PRD-0130,74,PO-2026-03905,EMP-015
TXN-004930,2026-04-23,RECEIPT,WH-ABJ,PRD-0135,146,PO-2026-03906,EMP-028
TXN-004931,2026-04-23,RECEIPT,WH-LAG1,PRD-0081,102,PO-2026-03927,EMP-030
TXN-004932,2026-04-24,RECEIPT,WH-IBD,PRD-0020,106,PO-2026-03837,EMP-002
TXN-004933,2026-04-24,RECEIPT,WH-LAG1,PRD-0032,33,PO-2026-03839,EMP-005
TXN-004934,2026-04-24,RECEIPT,WH-ABJ,PRD-0086,314,PO-2026-03896,EMP-018
TXN-004935,2026-04-24,RECEIPT,WH-LAG2,PRD-0109,83,PO-2026-03898,EMP-011
TXN-004936,2026-04-25,RECEIPT,WH-LAG1,PRD-0061,260,PO-2026-03852,EMP-015
TXN-004937,2026-04-25,RECEIPT,WH-LAG1,PRD-0014,26,PO-2026-03884,EMP-005
TXN-004938,2026-04-25,RECEIPT,WH-LAG1,PRD-0021,75,PO-2026-03914,EMP-010
TXN-004939,2026-04-25,RECEIPT,WH-PHC,PRD-0089,50,PO-2026-03930,EMP-024
TXN-004940,2026-04-26,RECEIPT,WH-ABJ,PRD-0149,27,PO-2026-03909,EMP-028
TXN-004941,2026-04-26,RECEIPT,WH-PHC,PRD-0039,119,PO-2026-03918,EMP-039
TXN-004942,2026-04-26,RECEIPT,WH-LAG2,PRD-0127,38,PO-2026-03936,EMP-026
TXN-004943,2026-04-27,RECEIPT,WH-LAG1,PRD-0047,108,PO-2026-03843,EMP-005
TXN-004944,2026-04-27,RECEIPT,WH-LAG1,PRD-0088,67,PO-2026-03856,EMP-025
TXN-004945,2026-04-27,RECEIPT,WH-LAG1,PRD-0033,124,PO-2026-03887,EMP-020
TXN-004946,2026-04-28,RECEIPT,WH-LAG2,PRD-0072,45,PO-2026-03892,EMP-026
TXN-004947,2026-04-28,RECEIPT,WH-LAG2,PRD-0074,86,PO-2026-03893,EMP-001
TXN-004948,2026-04-28,RECEIPT,WH-IBD,PRD-0124,60,PO-2026-03904,EMP-002
TXN-004949,2026-04-28,RECEIPT,WH-ABJ,PRD-0083,151,PO-2026-03928,EMP-008
TXN-004950,2026-04-28,RECEIPT,WH-ABJ,PRD-0096,21,PO-2026-03932,EMP-003
TXN-004951,2026-04-28,TRANSFER_OUT,WH-LAG1,PRD-0025,-17,TRF-00204,EMP-005
TXN-004952,2026-04-28,TRANSFER_IN,WH-PHC,PRD-0025,17,TRF-00204,EMP-014
TXN-004953,2026-04-29,RECEIPT,WH-IBD,PRD-0023,80,PO-2026-03885,EMP-017
TXN-004954,2026-04-29,RECEIPT,WH-PHC,PRD-0090,1212,PO-2026-03897,EMP-009
TXN-004955,2026-04-29,RECEIPT,WH-LAG2,PRD-0119,23,PO-2026-03901,EMP-036
TXN-004956,2026-04-29,RECEIPT,WH-IBD,PRD-0013,22,PO-2026-03913,EMP-022
TXN-004957,2026-04-29,RECEIPT,WH-LAG2,PRD-0132,63,PO-2026-03938,EMP-001
TXN-004958,2026-04-29,RECEIPT,WH-LAG2,PRD-0143,48,PO-2026-03941,EMP-006
TXN-004959,2026-04-29,TRANSFER_OUT,WH-PHC,PRD-0132,-18,TRF-00205,EMP-029
TXN-004960,2026-04-29,TRANSFER_IN,WH-IBD,PRD-0132,18,TRF-00205,EMP-037
TXN-004961,2026-04-30,RECEIPT,WH-LAG1,PRD-0048,130,PO-2026-03844,EMP-005
TXN-004962,2026-04-30,RECEIPT,WH-PHC,PRD-0001,39,PO-2026-03882,EMP-009
TXN-004963,2026-04-30,RECEIPT,WH-IBD,PRD-0045,61,PO-2026-03919,EMP-022
TXN-004964,2026-04-30,RECEIPT,WH-PHC,PRD-0048,73,PO-2026-03923,EMP-024
TXN-004965,2026-04-30,RECEIPT,WH-IBD,PRD-0103,68,PO-2026-03934,EMP-017
TXN-004966,2026-04-30,RECEIPT,WH-PHC,PRD-0141,52,PO-2026-03940,EMP-004
TXN-004967,2026-04-30,RECEIPT,WH-PHC,PRD-0082,72,PO-2026-03956,EMP-039
TXN-004968,2026-04-30,RECEIPT,WH-PHC,PRD-0087,24,PO-2026-03957,EMP-039
TXN-004969,2026-04-30,ADJUSTMENT,WH-LAG1,PRD-0116,-1,EXPIRY,EMP-040
TXN-004970,2026-04-30,ADJUSTMENT,WH-LAG1,PRD-0163,-1,DAMAGE,EMP-030
TXN-004971,2026-04-30,ADJUSTMENT,WH-LAG1,PRD-0141,-2,DAMAGE,EMP-015
TXN-004972,2026-04-30,ADJUSTMENT,WH-LAG1,PRD-0135,-3,SHRINKAGE,EMP-015
TXN-004973,2026-04-30,ADJUSTMENT,WH-LAG1,PRD-0161,-8,EXPIRY,EMP-010
TXN-004974,2026-04-30,ADJUSTMENT,WH-LAG2,PRD-0060,-1,EXPIRY,EMP-011
TXN-004975,2026-04-30,ADJUSTMENT,WH-LAG2,PRD-0166,-1,SHRINKAGE,EMP-001
TXN-004976,2026-04-30,ADJUSTMENT,WH-LAG2,PRD-0140,-1,EXPIRY,EMP-036
TXN-004977,2026-04-30,ADJUSTMENT,WH-LAG2,PRD-0157,-2,EXPIRY,EMP-031
TXN-004978,2026-04-30,ADJUSTMENT,WH-LAG2,PRD-0057,-2,DAMAGE,EMP-036
TXN-004979,2026-04-30,ADJUSTMENT,WH-LAG2,PRD-0147,-2,SHRINKAGE,EMP-001
TXN-004980,2026-04-30,ADJUSTMENT,WH-LAG2,PRD-0170,-2,DAMAGE,EMP-006
TXN-004981,2026-04-30,ADJUSTMENT,WH-LAG2,PRD-0057,-1,EXPIRY,EMP-031
TXN-004982,2026-04-30,ADJUSTMENT,WH-IBD,PRD-0155,-2,SHRINKAGE,EMP-032
TXN-004983,2026-04-30,ADJUSTMENT,WH-IBD,PRD-0029,-1,DAMAGE,EMP-007
TXN-004984,2026-04-30,ADJUSTMENT,WH-IBD,PRD-0019,-1,EXPIRY,EMP-012
TXN-004985,2026-04-30,ADJUSTMENT,WH-IBD,PRD-0038,-1,EXPIRY,EMP-022
TXN-004986,2026-04-30,ADJUSTMENT,WH-IBD,PRD-0066,-2,SHRINKAGE,EMP-002
TXN-004987,2026-04-30,ADJUSTMENT,WH-IBD,PRD-0015,-1,SHRINKAGE,EMP-027
TXN-004988,2026-04-30,ADJUSTMENT,WH-ABJ,PRD-0135,-1,EXPIRY,EMP-003
TXN-004989,2026-04-30,ADJUSTMENT,WH-ABJ,PRD-0149,-1,EXPIRY,EMP-033
TXN-004990,2026-04-30,ADJUSTMENT,WH-ABJ,PRD-0154,-2,SHRINKAGE,EMP-013
TXN-004991,2026-04-30,ADJUSTMENT,WH-ABJ,PRD-0096,-1,EXPIRY,EMP-028
TXN-004992,2026-04-30,ADJUSTMENT,WH-ABJ,PRD-0080,-1,EXPIRY,EMP-018
TXN-004993,2026-04-30,ADJUSTMENT,WH-ABJ,PRD-0072,-2,SHRINKAGE,EMP-013
TXN-004994,2026-04-30,ADJUSTMENT,WH-ABJ,PRD-0038,-1,DAMAGE,EMP-033
TXN-004995,2026-04-30,ADJUSTMENT,WH-ABJ,PRD-0081,-2,SHRINKAGE,EMP-033
TXN-004996,2026-04-30,ADJUSTMENT,WH-ABJ,PRD-0114,-1,DAMAGE,EMP-018
TXN-004997,2026-04-30,ADJUSTMENT,WH-PHC,PRD-0003,-2,DAMAGE,EMP-004
TXN-004998,2026-04-30,ADJUSTMENT,WH-PHC,PRD-0164,-1,SHRINKAGE,EMP-039
TXN-004999,2026-04-30,ADJUSTMENT,WH-PHC,PRD-0143,-1,EXPIRY,EMP-009
TXN-005000,2026-04-30,ADJUSTMENT,WH-PHC,PRD-0148,-1,EXPIRY,EMP-034
TXN-005001,2026-04-30,ADJUSTMENT,WH-PHC,PRD-0144,-2,DAMAGE,EMP-014
TXN-005002,2026-04-30,ADJUSTMENT,WH-PHC,PRD-0157,-2,DAMAGE,EMP-004
TXN-005003,2026-04-30,ADJUSTMENT,WH-PHC,PRD-0153,-1,EXPIRY,EMP-034
TXN-005004,2026-04-30,ADJUSTMENT,WH-PHC,PRD-0081,-2,DAMAGE,EMP-029
TXN-005005,2026-04-30,ADJUSTMENT,WH-PHC,PRD-0035,-1,SHRINKAGE,EMP-024
TXN-005006,2026-05-01,RECEIPT,WH-LAG2,PRD-0139,75,PO-2026-03939,EMP-016
TXN-005007,2026-05-01,RECEIPT,WH-ABJ,PRD-0068,110,PO-2026-03954,EMP-013
TXN-005008,2026-05-02,RECEIPT,WH-LAG2,PRD-0118,157,PO-2026-03900,EMP-016
TXN-005009,2026-05-03,RECEIPT,WH-PHC,PRD-0042,18,PO-2026-03842,EMP-039
TXN-005010,2026-05-03,RECEIPT,WH-PHC,PRD-0123,74,PO-2026-03903,EMP-014
TXN-005011,2026-05-03,RECEIPT,WH-LAG2,PRD-0026,63,PO-2026-03916,EMP-031
TXN-005012,2026-05-03,RECEIPT,WH-LAG2,PRD-0049,56,PO-2026-03947,EMP-006
TXN-005013,2026-05-03,RECEIPT,WH-IBD,PRD-0062,102,PO-2026-03951,EMP-037
TXN-005014,2026-05-03,RECEIPT,WH-LAG1,PRD-0146,65,PO-2026-03972,EMP-035
TXN-005015,2026-05-03,RECEIPT,WH-PHC,PRD-0166,160,PO-2026-03978,EMP-024
TXN-005016,2026-05-04,RECEIPT,WH-PHC,PRD-0070,38,PO-2026-03924,EMP-009
TXN-005017,2026-05-04,RECEIPT,WH-LAG1,PRD-0128,144,PO-2026-03937,EMP-040
TXN-005018,2026-05-04,RECEIPT,WH-LAG2,PRD-0160,158,PO-2026-03942,EMP-016
TXN-005019,2026-05-04,RECEIPT,WH-PHC,PRD-0062,118,PO-2026-03952,EMP-039
TXN-005020,2026-05-04,RECEIPT,WH-PHC,PRD-0103,77,PO-2026-03963,EMP-004
TXN-005021,2026-05-04,RECEIPT,WH-IBD,PRD-0112,20,PO-2026-03965,EMP-012
TXN-005022,2026-05-04,RECEIPT,WH-LAG1,PRD-0143,105,PO-2026-03971,EMP-035
TXN-005023,2026-05-04,RECEIPT,WH-LAG1,PRD-0158,50,PO-2026-03976,EMP-005
TXN-005024,2026-05-05,RECEIPT,WH-IBD,PRD-0005,57,PO-2026-03912,EMP-007
TXN-005025,2026-05-05,RECEIPT,WH-LAG1,PRD-0037,168,PO-2026-03917,EMP-010
TXN-005026,2026-05-05,RECEIPT,WH-IBD,PRD-0080,54,PO-2026-03926,EMP-032
TXN-005027,2026-05-05,RECEIPT,WH-LAG2,PRD-0063,81,PO-2026-03953,EMP-026
TXN-005028,2026-05-05,RECEIPT,WH-LAG2,PRD-0112,21,PO-2026-03964,EMP-001
TXN-005029,2026-05-05,TRANSFER_OUT,WH-ABJ,PRD-0026,-19,TRF-00206,EMP-028
TXN-005030,2026-05-05,TRANSFER_IN,WH-IBD,PRD-0026,19,TRF-00206,EMP-032
TXN-005031,2026-05-06,RECEIPT,WH-IBD,PRD-0057,131,PO-2026-03849,EMP-002
TXN-005032,2026-05-06,RECEIPT,WH-ABJ,PRD-0078,107,PO-2026-03855,EMP-013
TXN-005033,2026-05-06,RECEIPT,WH-ABJ,PRD-0123,101,PO-2026-03902,EMP-038
TXN-005034,2026-05-06,RECEIPT,WH-LAG1,PRD-0046,111,PO-2026-03920,EMP-005
TXN-005035,2026-05-06,RECEIPT,WH-LAG1,PRD-0085,143,PO-2026-03929,EMP-005
TXN-005036,2026-05-06,RECEIPT,WH-LAG1,PRD-0165,355,PO-2026-03977,EMP-025
TXN-005037,2026-05-07,RECEIPT,WH-ABJ,PRD-0042,19,PO-2026-03946,EMP-003
TXN-005038,2026-05-07,RECEIPT,WH-LAG1,PRD-0051,266,PO-2026-03949,EMP-010
TXN-005039,2026-05-07,RECEIPT,WH-PHC,PRD-0131,117,PO-2026-03970,EMP-019
TXN-005040,2026-05-07,RECEIPT,WH-PHC,PRD-0077,175,PO-2026-03994,EMP-004
TXN-005041,2026-05-08,RECEIPT,WH-LAG1,PRD-0100,471,PO-2026-03933,EMP-030
TXN-005042,2026-05-08,RECEIPT,WH-PHC,PRD-0051,123,PO-2026-03989,EMP-014
TXN-005043,2026-05-09,RECEIPT,WH-IBD,PRD-0048,48,PO-2026-03922,EMP-017
TXN-005044,2026-05-09,RECEIPT,WH-PHC,PRD-0125,389,PO-2026-03969,EMP-039
TXN-005045,2026-05-09,RECEIPT,WH-ABJ,PRD-0155,54,PO-2026-04010,EMP-013
TXN-005046,2026-05-09,RECEIPT,WH-IBD,PRD-0157,59,PO-2026-04011,EMP-007
TXN-005047,2026-05-09,TRANSFER_OUT,WH-LAG1,PRD-0070,-12,TRF-00207,EMP-030
TXN-005048,2026-05-09,TRANSFER_IN,WH-LAG2,PRD-0070,12,TRF-00207,EMP-006
TXN-005049,2026-05-10,RECEIPT,WH-ABJ,PRD-0024,40,PO-2026-03886,EMP-003
TXN-005050,2026-05-10,RECEIPT,WH-PHC,PRD-0093,101,PO-2026-03958,EMP-024
TXN-005051,2026-05-10,RECEIPT,WH-IBD,PRD-0120,123,PO-2026-03966,EMP-017
TXN-005052,2026-05-10,RECEIPT,WH-ABJ,PRD-0154,71,PO-2026-03975,EMP-008
TXN-005053,2026-05-10,RECEIPT,WH-LAG2,PRD-0022,25,PO-2026-03984,EMP-016
TXN-005054,2026-05-10,RECEIPT,WH-LAG1,PRD-0083,213,PO-2026-03997,EMP-040
TXN-005055,2026-05-10,RECEIPT,WH-LAG2,PRD-0129,17,PO-2026-04004,EMP-021
TXN-005056,2026-05-10,RECEIPT,WH-LAG1,PRD-0131,153,PO-2026-04005,EMP-025
TXN-005057,2026-05-11,RECEIPT,WH-LAG1,PRD-0091,205,PO-2026-03931,EMP-040
TXN-005058,2026-05-11,RECEIPT,WH-LAG1,PRD-0013,36,PO-2026-03944,EMP-030
TXN-005059,2026-05-11,RECEIPT,WH-LAG1,PRD-0095,34,PO-2026-03959,EMP-040
TXN-005060,2026-05-11,RECEIPT,WH-IBD,PRD-0095,22,PO-2026-03960,EMP-027
TXN-005061,2026-05-11,RECEIPT,WH-LAG1,PRD-0098,286,PO-2026-03961,EMP-025
TXN-005062,2026-05-11,RECEIPT,WH-LAG2,PRD-0150,68,PO-2026-03973,EMP-016
TXN-005063,2026-05-11,RECEIPT,WH-ABJ,PRD-0153,153,PO-2026-03974,EMP-028
TXN-005064,2026-05-11,RECEIPT,WH-IBD,PRD-0077,209,PO-2026-03993,EMP-022
TXN-005065,2026-05-11,TRANSFER_OUT,WH-LAG1,PRD-0009,-16,TRF-00208,EMP-005
TXN-005066,2026-05-11,TRANSFER_IN,WH-IBD,PRD-0009,16,TRF-00208,EMP-032
TXN-005067,2026-05-12,RECEIPT,WH-LAG2,PRD-0113,110,PO-2026-03935,EMP-001
TXN-005068,2026-05-12,RECEIPT,WH-ABJ,PRD-0138,118,PO-2026-04007,EMP-023
TXN-005069,2026-05-13,RECEIPT,WH-LAG1,PRD-0050,62,PO-2026-03948,EMP-035
TXN-005070,2026-05-13,RECEIPT,WH-PHC,PRD-0055,71,PO-2026-03950,EMP-024
TXN-005071,2026-05-13,RECEIPT,WH-ABJ,PRD-0076,94,PO-2026-03955,EMP-038
TXN-005072,2026-05-13,RECEIPT,WH-LAG1,PRD-0004,321,PO-2026-03980,EMP-030
TXN-005073,2026-05-13,RECEIPT,WH-LAG1,PRD-0049,83,PO-2026-03987,EMP-030
TXN-005074,2026-05-13,RECEIPT,WH-LAG1,PRD-0138,176,PO-2026-04006,EMP-015
TXN-005075,2026-05-14,RECEIPT,WH-ABJ,PRD-0121,162,PO-2026-03967,EMP-038
TXN-005076,2026-05-14,RECEIPT,WH-PHC,PRD-0098,214,PO-2026-03998,EMP-034
TXN-005077,2026-05-14,RECEIPT,WH-PHC,PRD-0069,21,PO-2026-04031,EMP-034
TXN-005078,2026-05-14,RECEIPT,WH-LAG2,PRD-0155,65,PO-2026-04052,EMP-006
TXN-005079,2026-05-15,RECEIPT,WH-LAG1,PRD-0120,240,PO-2026-04003,EMP-005
TXN-005080,2026-05-15,RECEIPT,WH-LAG2,PRD-0148,46,PO-2026-04008,EMP-021
TXN-005081,2026-05-15,RECEIPT,WH-PHC,PRD-0060,122,PO-2026-04028,EMP-034
TXN-005082,2026-05-15,RECEIPT,WH-LAG1,PRD-0079,101,PO-2026-04036,EMP-020
TXN-005083,2026-05-16,RECEIPT,WH-PHC,PRD-0025,55,PO-2026-03915,EMP-019
TXN-005084,2026-05-16,RECEIPT,WH-IBD,PRD-0118,101,PO-2026-04001,EMP-002
TXN-005085,2026-05-16,RECEIPT,WH-PHC,PRD-0161,369,PO-2026-04013,EMP-039
TXN-005086,2026-05-16,RECEIPT,WH-ABJ,PRD-0008,50,PO-2026-04017,EMP-028
TXN-005087,2026-05-17,RECEIPT,WH-LAG2,PRD-0078,84,PO-2026-03925,EMP-026
TXN-005088,2026-05-17,RECEIPT,WH-IBD,PRD-0123,78,PO-2026-03968,EMP-012
TXN-005089,2026-05-17,RECEIPT,WH-PHC,PRD-0045,56,PO-2026-04027,EMP-024
TXN-005090,2026-05-17,RECEIPT,WH-LAG2,PRD-0081,81,PO-2026-04037,EMP-021
TXN-005091,2026-05-17,RECEIPT,WH-IBD,PRD-0089,50,PO-2026-04042,EMP-012
TXN-005092,2026-05-17,RECEIPT,WH-IBD,PRD-0155,46,PO-2026-04053,EMP-027
TXN-005093,2026-05-18,RECEIPT,WH-IBD,PRD-0099,36,PO-2026-03962,EMP-022
TXN-005094,2026-05-18,RECEIPT,WH-PHC,PRD-0037,86,PO-2026-03986,EMP-009
TXN-005095,2026-05-18,RECEIPT,WH-PHC,PRD-0150,69,PO-2026-04009,EMP-024
TXN-005096,2026-05-18,RECEIPT,WH-LAG1,PRD-0160,293,PO-2026-04012,EMP-010
TXN-005097,2026-05-18,RECEIPT,WH-PHC,PRD-0169,69,PO-2026-04014,EMP-004
TXN-005098,2026-05-18,RECEIPT,WH-LAG1,PRD-0077,483,PO-2026-04035,EMP-030
TXN-005099,2026-05-18,RECEIPT,WH-LAG2,PRD-0082,68,PO-2026-04038,EMP-026
TXN-005100,2026-05-18,RECEIPT,WH-ABJ,PRD-0084,90,PO-2026-04039,EMP-003
TXN-005101,2026-05-18,RECEIPT,WH-IBD,PRD-0151,435,PO-2026-04051,EMP-017
TXN-005102,2026-05-18,TRANSFER_OUT,WH-LAG1,PRD-0126,-14,TRF-00209,EMP-030
TXN-005103,2026-05-18,TRANSFER_IN,WH-PHC,PRD-0126,14,TRF-00209,EMP-009
TXN-005104,2026-05-19,RECEIPT,WH-PHC,PRD-0046,47,PO-2026-03921,EMP-014
TXN-005105,2026-05-19,RECEIPT,WH-LAG1,PRD-0002,44,PO-2026-03979,EMP-035
TXN-005106,2026-05-19,RECEIPT,WH-LAG1,PRD-0078,149,PO-2026-03995,EMP-030
TXN-005107,2026-05-19,RECEIPT,WH-LAG2,PRD-0029,34,PO-2026-04023,EMP-031
TXN-005108,2026-05-19,RECEIPT,WH-PHC,PRD-0096,20,PO-2026-04043,EMP-039
TXN-005109,2026-05-19,RECEIPT,WH-LAG1,PRD-0112,38,PO-2026-04044,EMP-035
TXN-005110,2026-05-19,RECEIPT,WH-PHC,PRD-0148,45,PO-2026-04048,EMP-034
TXN-005111,2026-05-20,RECEIPT,WH-PHC,PRD-0118,177,PO-2026-04002,EMP-024
TXN-005112,2026-05-20,RECEIPT,WH-ABJ,PRD-0045,90,PO-2026-04026,EMP-003
TXN-005113,2026-05-20,RECEIPT,WH-PHC,PRD-0149,22,PO-2026-04050,EMP-039
TXN-005114,2026-05-20,TRANSFER_OUT,WH-LAG1,PRD-0005,-24,TRF-00210,EMP-020
TXN-005115,2026-05-20,TRANSFER_IN,WH-LAG2,PRD-0005,24,TRF-00210,EMP-031
TXN-005116,2026-05-21,RECEIPT,WH-ABJ,PRD-0102,75,PO-2026-03999,EMP-028
TXN-005117,2026-05-21,RECEIPT,WH-LAG1,PRD-0025,103,PO-2026-04021,EMP-015
TXN-005118,2026-05-21,RECEIPT,WH-LAG2,PRD-0045,69,PO-2026-04025,EMP-016
TXN-005119,2026-05-21,RECEIPT,WH-ABJ,PRD-0004,300,PO-2026-04054,EMP-033
TXN-005120,2026-05-21,RECEIPT,WH-ABJ,PRD-0039,166,PO-2026-04065,EMP-018
TXN-005121,2026-05-21,RECEIPT,WH-LAG1,PRD-0059,80,PO-2026-04072,EMP-035
TXN-005122,2026-05-21,TRANSFER_OUT,WH-LAG1,PRD-0163,-19,TRF-00211,EMP-015
TXN-005123,2026-05-21,TRANSFER_IN,WH-ABJ,PRD-0163,19,TRF-00211,EMP-013
TXN-005124,2026-05-22,RECEIPT,WH-LAG1,PRD-0006,49,PO-2026-03943,EMP-040
TXN-005125,2026-05-22,RECEIPT,WH-LAG2,PRD-0034,24,PO-2026-04024,EMP-036
TXN-005126,2026-05-22,TRANSFER_OUT,WH-LAG1,PRD-0169,-24,TRF-00212,EMP-010
TXN-005127,2026-05-22,TRANSFER_IN,WH-LAG2,PRD-0169,24,TRF-00212,EMP-006
TXN-005128,2026-05-23,RECEIPT,WH-LAG1,PRD-0107,37,PO-2026-04000,EMP-025
TXN-005129,2026-05-23,RECEIPT,WH-LAG2,PRD-0147,49,PO-2026-04047,EMP-026
TXN-005130,2026-05-23,RECEIPT,WH-IBD,PRD-0049,42,PO-2026-04069,EMP-012
TXN-005131,2026-05-23,RECEIPT,WH-ABJ,PRD-0058,63,PO-2026-04071,EMP-033
TXN-005132,2026-05-23,RECEIPT,WH-LAG2,PRD-0075,30,PO-2026-04077,EMP-016
TXN-005133,2026-05-24,RECEIPT,WH-LAG2,PRD-0001,33,PO-2026-04015,EMP-036
TXN-005134,2026-05-24,RECEIPT,WH-PHC,PRD-0061,129,PO-2026-04029,EMP-019
TXN-005135,2026-05-24,RECEIPT,WH-LAG2,PRD-0128,84,PO-2026-04046,EMP-006
TXN-005136,2026-05-24,RECEIPT,WH-LAG2,PRD-0007,69,PO-2026-04055,EMP-016
TXN-005137,2026-05-24,RECEIPT,WH-LAG2,PRD-0058,38,PO-2026-04070,EMP-021
TXN-005138,2026-05-24,TRANSFER_OUT,WH-LAG2,PRD-0134,-10,TRF-00213,EMP-021
TXN-005139,2026-05-24,TRANSFER_IN,WH-IBD,PRD-0134,10,TRF-00213,EMP-032
TXN-005140,2026-05-25,RECEIPT,WH-ABJ,PRD-0071,17,PO-2026-03992,EMP-008
TXN-005141,2026-05-25,RECEIPT,WH-LAG2,PRD-0149,19,PO-2026-04049,EMP-006
TXN-005142,2026-05-25,RECEIPT,WH-ABJ,PRD-0018,118,PO-2026-04057,EMP-023
TXN-005143,2026-05-25,RECEIPT,WH-IBD,PRD-0059,65,PO-2026-04073,EMP-012
TXN-005144,2026-05-25,RECEIPT,WH-ABJ,PRD-0082,111,PO-2026-04079,EMP-023
TXN-005145,2026-05-25,RECEIPT,WH-PHC,PRD-0109,68,PO-2026-04084,EMP-024
TXN-005146,2026-05-25,RECEIPT,WH-IBD,PRD-0145,93,PO-2026-04100,EMP-002
TXN-005147,2026-05-25,RECEIPT,WH-LAG2,PRD-0157,48,PO-2026-04104,EMP-006
TXN-005148,2026-05-25,TRANSFER_OUT,WH-LAG1,PRD-0089,-17,TRF-00214,EMP-040
TXN-005149,2026-05-25,TRANSFER_IN,WH-PHC,PRD-0089,17,TRF-00214,EMP-014
TXN-005150,2026-05-26,RECEIPT,WH-LAG1,PRD-0052,33,PO-2026-03990,EMP-035
TXN-005151,2026-05-26,RECEIPT,WH-LAG1,PRD-0003,27,PO-2026-04016,EMP-015
TXN-005152,2026-05-26,RECEIPT,WH-LAG1,PRD-0075,54,PO-2026-04076,EMP-010
TXN-005153,2026-05-26,RECEIPT,WH-LAG1,PRD-0117,100,PO-2026-04087,EMP-015
TXN-005154,2026-05-26,RECEIPT,WH-ABJ,PRD-0117,85,PO-2026-04088,EMP-033
TXN-005155,2026-05-27,RECEIPT,WH-PHC,PRD-0027,26,PO-2026-03945,EMP-009
TXN-005156,2026-05-27,RECEIPT,WH-ABJ,PRD-0017,45,PO-2026-03983,EMP-003
TXN-005157,2026-05-27,RECEIPT,WH-IBD,PRD-0088,52,PO-2026-04041,EMP-007
TXN-005158,2026-05-27,RECEIPT,WH-PHC,PRD-0112,21,PO-2026-04086,EMP-009
TXN-005159,2026-05-27,RECEIPT,WH-PHC,PRD-0135,145,PO-2026-04098,EMP-039
TXN-005160,2026-05-27,RECEIPT,WH-LAG1,PRD-0167,116,PO-2026-04106,EMP-010
TXN-005161,2026-05-27,TRANSFER_OUT,WH-ABJ,PRD-0017,-12,TRF-00215,EMP-023
TXN-005162,2026-05-27,TRANSFER_IN,WH-LAG1,PRD-0017,12,TRF-00215,EMP-035
TXN-005163,2026-05-28,RECEIPT,WH-IBD,PRD-0064,90,PO-2026-03991,EMP-022
TXN-005164,2026-05-28,RECEIPT,WH-LAG1,PRD-0080,125,PO-2026-03996,EMP-010
TXN-005165,2026-05-28,RECEIPT,WH-ABJ,PRD-0037,119,PO-2026-04063,EMP-033
TXN-005166,2026-05-28,RECEIPT,WH-PHC,PRD-0041,50,PO-2026-04066,EMP-019
TXN-005167,2026-05-28,RECEIPT,WH-IBD,PRD-0090,927,PO-2026-04080,EMP-032
TXN-005168,2026-05-28,RECEIPT,WH-IBD,PRD-0101,26,PO-2026-04083,EMP-022
TXN-005169,2026-05-28,RECEIPT,WH-LAG2,PRD-0110,29,PO-2026-04085,EMP-021
TXN-005170,2026-05-28,RECEIPT,WH-ABJ,PRD-0168,36,PO-2026-04107,EMP-003
TXN-005171,2026-05-28,RECEIPT,WH-PHC,PRD-0004,194,PO-2026-04109,EMP-024
TXN-005172,2026-05-29,RECEIPT,WH-PHC,PRD-0050,52,PO-2026-03988,EMP-004
TXN-005173,2026-05-29,RECEIPT,WH-ABJ,PRD-0010,21,PO-2026-04018,EMP-008
TXN-005174,2026-05-29,RECEIPT,WH-LAG1,PRD-0017,77,PO-2026-04019,EMP-040
TXN-005175,2026-05-29,RECEIPT,WH-LAG2,PRD-0028,53,PO-2026-04022,EMP-016
TXN-005176,2026-05-29,RECEIPT,WH-PHC,PRD-0117,74,PO-2026-04089,EMP-019
TXN-005177,2026-05-29,RECEIPT,WH-LAG1,PRD-0127,94,PO-2026-04093,EMP-005
TXN-005178,2026-05-29,RECEIPT,WH-PHC,PRD-0128,87,PO-2026-04094,EMP-009
TXN-005179,2026-05-29,RECEIPT,WH-PHC,PRD-0153,165,PO-2026-04103,EMP-009
TXN-005180,2026-05-29,RECEIPT,WH-ABJ,PRD-0161,345,PO-2026-04105,EMP-028
TXN-005181,2026-05-29,RECEIPT,WH-LAG2,PRD-0084,120,PO-2026-04125,EMP-031
TXN-005182,2026-05-30,RECEIPT,WH-LAG2,PRD-0005,76,PO-2026-03981,EMP-036
TXN-005183,2026-05-30,RECEIPT,WH-PHC,PRD-0020,88,PO-2026-04020,EMP-034
TXN-005184,2026-05-30,RECEIPT,WH-LAG1,PRD-0074,112,PO-2026-04075,EMP-020
TXN-005185,2026-05-30,RECEIPT,WH-LAG2,PRD-0095,24,PO-2026-04082,EMP-036
TXN-005186,2026-05-30,RECEIPT,WH-ABJ,PRD-0130,56,PO-2026-04095,EMP-003
TXN-005187,2026-05-30,RECEIPT,WH-LAG1,PRD-0132,83,PO-2026-04096,EMP-040
TXN-005188,2026-05-30,RECEIPT,WH-IBD,PRD-0060,138,PO-2026-04122,EMP-007
TXN-005189,2026-05-31,RECEIPT,WH-ABJ,PRD-0079,92,PO-2026-04124,EMP-033
TXN-005190,2026-05-31,ADJUSTMENT,WH-LAG1,PRD-0029,-2,DAMAGE,EMP-020
TXN-005191,2026-05-31,ADJUSTMENT,WH-LAG1,PRD-0040,-1,SHRINKAGE,EMP-035
TXN-005192,2026-05-31,ADJUSTMENT,WH-LAG1,PRD-0055,-1,EXPIRY,EMP-030
TXN-005193,2026-05-31,ADJUSTMENT,WH-LAG1,PRD-0143,-1,SHRINKAGE,EMP-025
TXN-005194,2026-05-31,ADJUSTMENT,WH-LAG1,PRD-0076,-1,SHRINKAGE,EMP-010
TXN-005195,2026-05-31,ADJUSTMENT,WH-LAG2,PRD-0044,-2,SHRINKAGE,EMP-021
TXN-005196,2026-05-31,ADJUSTMENT,WH-LAG2,PRD-0033,-1,SHRINKAGE,EMP-001
TXN-005197,2026-05-31,ADJUSTMENT,WH-LAG2,PRD-0042,-2,EXPIRY,EMP-016
TXN-005198,2026-05-31,ADJUSTMENT,WH-LAG2,PRD-0141,-1,DAMAGE,EMP-021
TXN-005199,2026-05-31,ADJUSTMENT,WH-LAG2,PRD-0017,-2,SHRINKAGE,EMP-021
TXN-005200,2026-05-31,ADJUSTMENT,WH-LAG2,PRD-0019,-2,EXPIRY,EMP-036
TXN-005201,2026-05-31,ADJUSTMENT,WH-LAG2,PRD-0095,-2,DAMAGE,EMP-036
TXN-005202,2026-05-31,ADJUSTMENT,WH-LAG2,PRD-0076,-2,DAMAGE,EMP-011
TXN-005203,2026-05-31,ADJUSTMENT,WH-IBD,PRD-0107,-1,SHRINKAGE,EMP-017
TXN-005204,2026-05-31,ADJUSTMENT,WH-IBD,PRD-0046,-2,SHRINKAGE,EMP-007
TXN-005205,2026-05-31,ADJUSTMENT,WH-IBD,PRD-0032,-1,EXPIRY,EMP-017
TXN-005206,2026-05-31,ADJUSTMENT,WH-IBD,PRD-0066,-2,DAMAGE,EMP-012
TXN-005207,2026-05-31,ADJUSTMENT,WH-IBD,PRD-0120,-3,SHRINKAGE,EMP-032
TXN-005208,2026-05-31,ADJUSTMENT,WH-IBD,PRD-0076,-1,SHRINKAGE,EMP-012
TXN-005209,2026-05-31,ADJUSTMENT,WH-ABJ,PRD-0087,-1,DAMAGE,EMP-038
TXN-005210,2026-05-31,ADJUSTMENT,WH-ABJ,PRD-0140,-2,DAMAGE,EMP-028
TXN-005211,2026-05-31,ADJUSTMENT,WH-ABJ,PRD-0167,-1,EXPIRY,EMP-033
TXN-005212,2026-05-31,ADJUSTMENT,WH-ABJ,PRD-0084,-1,EXPIRY,EMP-028
TXN-005213,2026-05-31,ADJUSTMENT,WH-ABJ,PRD-0120,-2,SHRINKAGE,EMP-018
TXN-005214,2026-05-31,ADJUSTMENT,WH-ABJ,PRD-0099,-2,EXPIRY,EMP-008
TXN-005215,2026-05-31,ADJUSTMENT,WH-PHC,PRD-0046,-2,SHRINKAGE,EMP-014
TXN-005216,2026-05-31,ADJUSTMENT,WH-PHC,PRD-0164,-1,SHRINKAGE,EMP-009
TXN-005217,2026-05-31,ADJUSTMENT,WH-PHC,PRD-0080,-1,SHRINKAGE,EMP-029
TXN-005218,2026-05-31,ADJUSTMENT,WH-PHC,PRD-0044,-1,DAMAGE,EMP-009
TXN-005219,2026-05-31,ADJUSTMENT,WH-PHC,PRD-0111,-1,EXPIRY,EMP-029
TXN-005220,2026-05-31,ADJUSTMENT,WH-PHC,PRD-0168,-1,EXPIRY,EMP-039
TXN-005221,2026-05-31,ADJUSTMENT,WH-PHC,PRD-0118,-1,EXPIRY,EMP-019
TXN-005222,2026-05-31,ADJUSTMENT,WH-PHC,PRD-0093,-1,EXPIRY,EMP-004
TXN-005223,2026-06-01,RECEIPT,WH-LAG2,PRD-0121,182,PO-2026-04045,EMP-031
TXN-005224,2026-06-01,RECEIPT,WH-ABJ,PRD-0126,42,PO-2026-04091,EMP-023
TXN-005225,2026-06-01,RECEIPT,WH-LAG1,PRD-0149,54,PO-2026-04101,EMP-035
TXN-005226,2026-06-01,RECEIPT,WH-LAG2,PRD-0150,74,PO-2026-04102,EMP-006
TXN-005227,2026-06-01,RECEIPT,WH-LAG2,PRD-0018,66,PO-2026-04113,EMP-031
TXN-005228,2026-06-01,RECEIPT,WH-LAG1,PRD-0030,38,PO-2026-04116,EMP-010
TXN-005229,2026-06-01,RECEIPT,WH-LAG1,PRD-0161,635,PO-2026-04143,EMP-030
TXN-005230,2026-06-01,TRANSFER_OUT,WH-ABJ,PRD-0162,-14,TRF-00216,EMP-038
TXN-005231,2026-06-01,TRANSFER_IN,WH-IBD,PRD-0162,14,TRF-00216,EMP-032
TXN-005232,2026-06-02,RECEIPT,WH-LAG1,PRD-0024,48,PO-2026-03985,EMP-005
TXN-005233,2026-06-02,RECEIPT,WH-ABJ,PRD-0009,30,PO-2026-04056,EMP-033
TXN-005234,2026-06-02,RECEIPT,WH-PHC,PRD-0126,58,PO-2026-04092,EMP-019
TXN-005235,2026-06-02,RECEIPT,WH-LAG1,PRD-0135,325,PO-2026-04097,EMP-025
TXN-005236,2026-06-02,RECEIPT,WH-LAG2,PRD-0144,70,PO-2026-04099,EMP-026
TXN-005237,2026-06-02,RECEIPT,WH-ABJ,PRD-0031,111,PO-2026-04117,EMP-003
TXN-005238,2026-06-03,RECEIPT,WH-LAG2,PRD-0010,23,PO-2026-03982,EMP-011
TXN-005239,2026-06-03,RECEIPT,WH-ABJ,PRD-0065,84,PO-2026-04030,EMP-033
TXN-005240,2026-06-03,RECEIPT,WH-IBD,PRD-0076,74,PO-2026-04034,EMP-002
TXN-005241,2026-06-03,RECEIPT,WH-PHC,PRD-0086,207,PO-2026-04040,EMP-029
TXN-005242,2026-06-03,RECEIPT,WH-PHC,PRD-0023,65,PO-2026-04059,EMP-029
TXN-005243,2026-06-03,RECEIPT,WH-LAG2,PRD-0112,21,PO-2026-04132,EMP-011
TXN-005244,2026-06-03,RECEIPT,WH-IBD,PRD-0117,74,PO-2026-04133,EMP-002
TXN-005245,2026-06-03,RECEIPT,WH-LAG1,PRD-0147,68,PO-2026-04141,EMP-035
TXN-005246,2026-06-04,RECEIPT,WH-LAG1,PRD-0121,219,PO-2026-04090,EMP-035
TXN-005247,2026-06-04,RECEIPT,WH-ABJ,PRD-0097,36,PO-2026-04129,EMP-008
TXN-005248,2026-06-04,RECEIPT,WH-PHC,PRD-0105,29,PO-2026-04131,EMP-029
TXN-005249,2026-06-04,RECEIPT,WH-IBD,PRD-0143,34,PO-2026-04140,EMP-032
TXN-005250,2026-06-04,RECEIPT,WH-ABJ,PRD-0051,152,PO-2026-04166,EMP-038
TXN-005251,2026-06-04,RECEIPT,WH-IBD,PRD-0082,82,PO-2026-04177,EMP-012
TXN-005252,2026-06-04,RECEIPT,WH-LAG1,PRD-0151,1345,PO-2026-04192,EMP-035
TXN-005253,2026-06-05,RECEIPT,WH-LAG1,PRD-0027,37,PO-2026-04061,EMP-035
TXN-005254,2026-06-05,RECEIPT,WH-LAG1,PRD-0038,38,PO-2026-04064,EMP-005
TXN-005255,2026-06-05,RECEIPT,WH-LAG2,PRD-0119,23,PO-2026-04134,EMP-026
TXN-005256,2026-06-05,RECEIPT,WH-IBD,PRD-0142,123,PO-2026-04138,EMP-027
TXN-005257,2026-06-05,RECEIPT,WH-ABJ,PRD-0059,79,PO-2026-04167,EMP-028
TXN-005258,2026-06-06,RECEIPT,WH-PHC,PRD-0078,103,PO-2026-04078,EMP-039
TXN-005259,2026-06-06,RECEIPT,WH-ABJ,PRD-0013,31,PO-2026-04110,EMP-008
TXN-005260,2026-06-06,RECEIPT,WH-IBD,PRD-0015,63,PO-2026-04111,EMP-002
TXN-005261,2026-06-06,RECEIPT,WH-ABJ,PRD-0092,33,PO-2026-04127,EMP-028
TXN-005262,2026-06-06,RECEIPT,WH-ABJ,PRD-0095,28,PO-2026-04128,EMP-023
TXN-005263,2026-06-06,RECEIPT,WH-PHC,PRD-0029,34,PO-2026-04159,EMP-024
TXN-005264,2026-06-06,RECEIPT,WH-PHC,PRD-0083,172,PO-2026-04178,EMP-024
TXN-005265,2026-06-07,RECEIPT,WH-ABJ,PRD-0091,121,PO-2026-04081,EMP-018
TXN-005266,2026-06-07,RECEIPT,WH-ABJ,PRD-0003,27,PO-2026-04108,EMP-028
TXN-005267,2026-06-07,RECEIPT,WH-LAG2,PRD-0016,88,PO-2026-04112,EMP-031
TXN-005268,2026-06-07,RECEIPT,WH-LAG2,PRD-0125,391,PO-2026-04136,EMP-011
TXN-005269,2026-06-07,RECEIPT,WH-ABJ,PRD-0142,159,PO-2026-04139,EMP-008
TXN-005270,2026-06-07,RECEIPT,WH-ABJ,PRD-0136,64,PO-2026-04190,EMP-038
TXN-005271,2026-06-08,RECEIPT,WH-PHC,PRD-0065,115,PO-2026-04123,EMP-014
TXN-005272,2026-06-08,RECEIPT,WH-IBD,PRD-0098,129,PO-2026-04130,EMP-022
TXN-005273,2026-06-08,RECEIPT,WH-ABJ,PRD-0125,396,PO-2026-04137,EMP-008
TXN-005274,2026-06-08,RECEIPT,WH-ABJ,PRD-0160,207,PO-2026-04142,EMP-008
TXN-005275,2026-06-08,RECEIPT,WH-ABJ,PRD-0011,109,PO-2026-04149,EMP-013
TXN-005276,2026-06-08,RECEIPT,WH-PHC,PRD-0011,99,PO-2026-04150,EMP-004
TXN-005277,2026-06-08,RECEIPT,WH-LAG2,PRD-0030,19,PO-2026-04160,EMP-016
TXN-005278,2026-06-08,RECEIPT,WH-LAG1,PRD-0060,264,PO-2026-04168,EMP-035
TXN-005279,2026-06-08,RECEIPT,WH-IBD,PRD-0084,109,PO-2026-04179,EMP-017
TXN-005280,2026-06-08,RECEIPT,WH-LAG2,PRD-0131,90,PO-2026-04189,EMP-016
TXN-005281,2026-06-08,RECEIPT,WH-LAG2,PRD-0156,143,PO-2026-04194,EMP-016
TXN-005282,2026-06-09,RECEIPT,WH-LAG1,PRD-0070,81,PO-2026-04032,EMP-030
TXN-005283,2026-06-09,RECEIPT,WH-ABJ,PRD-0074,74,PO-2026-04033,EMP-028
TXN-005284,2026-06-09,RECEIPT,WH-IBD,PRD-0014,15,PO-2026-04151,EMP-007
TXN-005285,2026-06-10,RECEIPT,WH-LAG1,PRD-0019,149,PO-2026-04058,EMP-025
TXN-005286,2026-06-10,RECEIPT,WH-IBD,PRD-0065,89,PO-2026-04074,EMP-037
TXN-005287,2026-06-10,RECEIPT,WH-IBD,PRD-0044,16,PO-2026-04118,EMP-007
TXN-005288,2026-06-10,RECEIPT,WH-IBD,PRD-0031,76,PO-2026-04161,EMP-027
TXN-005289,2026-06-10,RECEIPT,WH-PHC,PRD-0040,60,PO-2026-04164,EMP-019
TXN-005290,2026-06-10,RECEIPT,WH-ABJ,PRD-0103,111,PO-2026-04182,EMP-018
TXN-005291,2026-06-10,RECEIPT,WH-ABJ,PRD-0105,28,PO-2026-04183,EMP-003
TXN-005292,2026-06-10,RECEIPT,WH-IBD,PRD-0148,42,PO-2026-04191,EMP-027
TXN-005293,2026-06-10,RECEIPT,WH-IBD,PRD-0156,95,PO-2026-04195,EMP-002
TXN-005294,2026-06-11,RECEIPT,WH-IBD,PRD-0008,40,PO-2026-04147,EMP-032
TXN-005295,2026-06-11,RECEIPT,WH-IBD,PRD-0034,28,PO-2026-04163,EMP-002
TXN-005296,2026-06-11,RECEIPT,WH-ABJ,PRD-0127,41,PO-2026-04187,EMP-008
TXN-005297,2026-06-11,RECEIPT,WH-LAG1,PRD-0156,208,PO-2026-04193,EMP-040
TXN-005298,2026-06-11,RECEIPT,WH-LAG2,PRD-0164,61,PO-2026-04196,EMP-031
TXN-005299,2026-06-11,RECEIPT,WH-PHC,PRD-0165,163,PO-2026-04197,EMP-009
TXN-005300,2026-06-11,RECEIPT,WH-IBD,PRD-0018,66,PO-2026-04207,EMP-007
TXN-005301,2026-06-12,RECEIPT,WH-IBD,PRD-0068,76,PO-2026-04170,EMP-017
TXN-005302,2026-06-12,RECEIPT,WH-PHC,PRD-0071,16,PO-2026-04172,EMP-039
TXN-005303,2026-06-12,RECEIPT,WH-LAG1,PRD-0084,246,PO-2026-04222,EMP-025
TXN-005304,2026-06-13,RECEIPT,WH-LAG2,PRD-0123,84,PO-2026-04135,EMP-021
TXN-005305,2026-06-13,RECEIPT,WH-LAG2,PRD-0011,71,PO-2026-04201,EMP-026
TXN-005306,2026-06-13,TRANSFER_OUT,WH-PHC,PRD-0028,-11,TRF-00217,EMP-029
TXN-005307,2026-06-13,TRANSFER_IN,WH-ABJ,PRD-0028,11,TRF-00217,EMP-033
TXN-005308,2026-06-14,RECEIPT,WH-ABJ,PRD-0048,68,PO-2026-04068,EMP-003
TXN-005309,2026-06-14,RECEIPT,WH-LAG2,PRD-0024,39,PO-2026-04115,EMP-021
TXN-005310,2026-06-14,RECEIPT,WH-LAG2,PRD-0048,65,PO-2026-04120,EMP-021
TXN-005311,2026-06-14,RECEIPT,WH-LAG1,PRD-0023,125,PO-2026-04155,EMP-015
TXN-005312,2026-06-14,RECEIPT,WH-LAG2,PRD-0025,53,PO-2026-04156,EMP-006
TXN-005313,2026-06-14,RECEIPT,WH-LAG2,PRD-0115,87,PO-2026-04184,EMP-016
TXN-005314,2026-06-14,RECEIPT,WH-LAG1,PRD-0012,75,PO-2026-04202,EMP-025
TXN-005315,2026-06-14,RECEIPT,WH-LAG1,PRD-0018,165,PO-2026-04206,EMP-005
TXN-005316,2026-06-14,RECEIPT,WH-LAG2,PRD-0069,23,PO-2026-04217,EMP-021
TXN-005317,2026-06-14,RECEIPT,WH-ABJ,PRD-0077,320,PO-2026-04220,EMP-038
TXN-005318,2026-06-14,TRANSFER_OUT,WH-LAG1,PRD-0127,-27,TRF-00218,EMP-015
TXN-005319,2026-06-14,TRANSFER_IN,WH-IBD,PRD-0127,27,TRF-00218,EMP-032
TXN-005320,2026-06-15,RECEIPT,WH-PHC,PRD-0016,127,PO-2026-04152,EMP-034
TXN-005321,2026-06-15,RECEIPT,WH-PHC,PRD-0017,40,PO-2026-04154,EMP-034
TXN-005322,2026-06-15,RECEIPT,WH-IBD,PRD-0033,46,PO-2026-04162,EMP-037
TXN-005323,2026-06-15,RECEIPT,WH-ABJ,PRD-0128,67,PO-2026-04188,EMP-023
TXN-005324,2026-06-15,RECEIPT,WH-ABJ,PRD-0168,32,PO-2026-04198,EMP-028
TXN-005325,2026-06-15,RECEIPT,WH-ABJ,PRD-0145,90,PO-2026-04234,EMP-013
TXN-005326,2026-06-15,TRANSFER_OUT,WH-IBD,PRD-0090,-233,TRF-00219,EMP-022
TXN-005327,2026-06-15,TRANSFER_IN,WH-LAG2,PRD-0090,233,TRF-00219,EMP-036
TXN-005328,2026-06-16,RECEIPT,WH-ABJ,PRD-0027,31,PO-2026-04062,EMP-008
TXN-005329,2026-06-16,RECEIPT,WH-IBD,PRD-0047,73,PO-2026-04067,EMP-012
TXN-005330,2026-06-16,RECEIPT,WH-LAG1,PRD-0076,209,PO-2026-04173,EMP-030
TXN-005331,2026-06-16,RECEIPT,WH-IBD,PRD-0083,109,PO-2026-04221,EMP-017
TXN-005332,2026-06-16,RECEIPT,WH-LAG1,PRD-0103,145,PO-2026-04225,EMP-010
TXN-005333,2026-06-16,RECEIPT,WH-LAG1,PRD-0104,49,PO-2026-04226,EMP-010
TXN-005334,2026-06-17,RECEIPT,WH-ABJ,PRD-0024,39,PO-2026-04060,EMP-018
TXN-005335,2026-06-17,RECEIPT,WH-ABJ,PRD-0046,64,PO-2026-04119,EMP-003
TXN-005336,2026-06-17,RECEIPT,WH-LAG2,PRD-0086,236,PO-2026-04126,EMP-021
TXN-005337,2026-06-17,RECEIPT,WH-PHC,PRD-0091,69,PO-2026-04181,EMP-009
TXN-005338,2026-06-17,RECEIPT,WH-LAG1,PRD-0008,97,PO-2026-04199,EMP-030
TXN-005339,2026-06-18,RECEIPT,WH-ABJ,PRD-0019,83,PO-2026-04114,EMP-013
TXN-005340,2026-06-18,RECEIPT,WH-IBD,PRD-0052,17,PO-2026-04121,EMP-017
TXN-005341,2026-06-18,RECEIPT,WH-PHC,PRD-0006,32,PO-2026-04146,EMP-014
TXN-005342,2026-06-18,RECEIPT,WH-IBD,PRD-0016,107,PO-2026-04204,EMP-037
TXN-005343,2026-06-18,RECEIPT,WH-ABJ,PRD-0016,102,PO-2026-04205,EMP-033
TXN-005344,2026-06-18,RECEIPT,WH-IBD,PRD-0045,72,PO-2026-04213,EMP-012
TXN-005345,2026-06-18,RECEIPT,WH-PHC,PRD-0168,29,PO-2026-04236,EMP-039
TXN-005346,2026-06-18,RECEIPT,WH-IBD,PRD-0067,55,PO-2026-04246,EMP-037
TXN-005347,2026-06-18,RECEIPT,WH-ABJ,PRD-0166,180,PO-2026-04263,EMP-018
TXN-005348,2026-06-19,RECEIPT,WH-ABJ,PRD-0017,59,PO-2026-04153,EMP-033
TXN-005349,2026-06-19,RECEIPT,WH-LAG2,PRD-0033,64,PO-2026-04212,EMP-006
TXN-005350,2026-06-19,TRANSFER_OUT,WH-LAG1,PRD-0120,-40,TRF-00220,EMP-035
TXN-005351,2026-06-19,TRANSFER_IN,WH-PHC,PRD-0120,40,TRF-00220,EMP-019
TXN-005352,2026-06-20,RECEIPT,WH-ABJ,PRD-0070,64,PO-2026-04171,EMP-033
TXN-005353,2026-06-20,RECEIPT,WH-IBD,PRD-0121,120,PO-2026-04186,EMP-012
TXN-005354,2026-06-20,RECEIPT,WH-ABJ,PRD-0014,20,PO-2026-04203,EMP-008
TXN-005355,2026-06-20,RECEIPT,WH-LAG2,PRD-0073,19,PO-2026-04219,EMP-011
TXN-005356,2026-06-20,RECEIPT,WH-LAG1,PRD-0115,145,PO-2026-04228,EMP-030
TXN-005357,2026-06-20,RECEIPT,WH-IBD,PRD-0115,83,PO-2026-04229,EMP-007
TXN-005358,2026-06-20,RECEIPT,WH-PHC,PRD-0120,102,PO-2026-04230,EMP-039
TXN-005359,2026-06-20,RECEIPT,WH-LAG2,PRD-0135,175,PO-2026-04233,EMP-016
TXN-005360,2026-06-20,RECEIPT,WH-LAG1,PRD-0035,133,PO-2026-04241,EMP-025
TXN-005361,2026-06-21,RECEIPT,WH-LAG1,PRD-0009,43,PO-2026-04148,EMP-035
TXN-005362,2026-06-21,RECEIPT,WH-IBD,PRD-0027,21,PO-2026-04157,EMP-022
TXN-005363,2026-06-21,RECEIPT,WH-LAG2,PRD-0080,56,PO-2026-04175,EMP-026
TXN-005364,2026-06-21,RECEIPT,WH-ABJ,PRD-0028,60,PO-2026-04211,EMP-038
TXN-005365,2026-06-21,RECEIPT,WH-LAG1,PRD-0125,474,PO-2026-04232,EMP-035
TXN-005366,2026-06-21,RECEIPT,WH-IBD,PRD-0007,94,PO-2026-04238,EMP-037
TXN-005367,2026-06-22,RECEIPT,WH-IBD,PRD-0091,83,PO-2026-04180,EMP-017
TXN-005368,2026-06-22,RECEIPT,WH-ABJ,PRD-0098,177,PO-2026-04223,EMP-018
TXN-005369,2026-06-22,RECEIPT,WH-LAG1,PRD-0122,150,PO-2026-04231,EMP-030
TXN-005370,2026-06-22,RECEIPT,WH-LAG2,PRD-0154,47,PO-2026-04235,EMP-016
TXN-005371,2026-06-22,RECEIPT,WH-LAG1,PRD-0058,75,PO-2026-04245,EMP-030
TXN-005372,2026-06-23,RECEIPT,WH-ABJ,PRD-0064,99,PO-2026-04169,EMP-003
TXN-005373,2026-06-23,RECEIPT,WH-ABJ,PRD-0080,102,PO-2026-04176,EMP-033
TXN-005374,2026-06-23,RECEIPT,WH-ABJ,PRD-0025,56,PO-2026-04210,EMP-023
TXN-005375,2026-06-23,RECEIPT,WH-PHC,PRD-0047,58,PO-2026-04215,EMP-019
TXN-005376,2026-06-23,RECEIPT,WH-PHC,PRD-0031,100,PO-2026-04240,EMP-019
TXN-005377,2026-06-23,RECEIPT,WH-ABJ,PRD-0035,78,PO-2026-04242,EMP-008
TXN-005378,2026-06-24,RECEIPT,WH-LAG2,PRD-0152,64,PO-2026-04259,EMP-006
TXN-005379,2026-06-25,RECEIPT,WH-IBD,PRD-0135,108,PO-2026-04258,EMP-017
TXN-005380,2026-06-25,RECEIPT,WH-ABJ,PRD-0075,34,PO-2026-04274,EMP-038
TXN-005381,2026-06-25,TRANSFER_OUT,WH-LAG1,PRD-0035,-41,TRF-00221,EMP-030
TXN-005382,2026-06-25,TRANSFER_IN,WH-PHC,PRD-0035,41,TRF-00221,EMP-019
TXN-005383,2026-06-26,RECEIPT,WH-LAG1,PRD-0118,363,PO-2026-04185,EMP-035
TXN-005384,2026-06-26,RECEIPT,WH-IBD,PRD-0046,44,PO-2026-04214,EMP-032
TXN-005385,2026-06-26,RECEIPT,WH-PHC,PRD-0162,52,PO-2026-04261,EMP-034
TXN-005386,2026-06-26,RECEIPT,WH-PHC,PRD-0081,82,PO-2026-04276,EMP-034
TXN-005387,2026-06-27,RECEIPT,WH-LAG1,PRD-0028,86,PO-2026-04158,EMP-040
TXN-005388,2026-06-27,RECEIPT,WH-LAG2,PRD-0076,101,PO-2026-04174,EMP-021
TXN-005389,2026-06-27,RECEIPT,WH-LAG1,PRD-0020,189,PO-2026-04208,EMP-030
TXN-005390,2026-06-27,RECEIPT,WH-IBD,PRD-0093,66,PO-2026-04250,EMP-012
TXN-005391,2026-06-27,RECEIPT,WH-IBD,PRD-0122,93,PO-2026-04254,EMP-012
TXN-005392,2026-06-27,RECEIPT,WH-LAG2,PRD-0153,177,PO-2026-04260,EMP-036
TXN-005393,2026-06-28,RECEIPT,WH-ABJ,PRD-0023,109,PO-2026-04209,EMP-018
TXN-005394,2026-06-28,RECEIPT,WH-LAG1,PRD-0102,100,PO-2026-04224,EMP-020
TXN-005395,2026-06-28,RECEIPT,WH-PHC,PRD-0113,97,PO-2026-04227,EMP-024
TXN-005396,2026-06-28,RECEIPT,WH-IBD,PRD-0073,23,PO-2026-04248,EMP-027
TXN-005397,2026-06-28,RECEIPT,WH-IBD,PRD-0131,103,PO-2026-04257,EMP-012
TXN-005398,2026-06-28,RECEIPT,WH-ABJ,PRD-0163,81,PO-2026-04262,EMP-003
TXN-005399,2026-06-28,RECEIPT,WH-PHC,PRD-0079,67,PO-2026-04275,EMP-039
TXN-005400,2026-06-28,RECEIPT,WH-LAG2,PRD-0083,150,PO-2026-04277,EMP-016
TXN-005401,2026-06-28,RECEIPT,WH-PHC,PRD-0152,63,PO-2026-04289,EMP-009
TXN-005402,2026-06-28,RECEIPT,WH-ABJ,PRD-0155,64,PO-2026-04290,EMP-038
TXN-005403,2026-06-29,RECEIPT,WH-ABJ,PRD-0047,61,PO-2026-04165,EMP-013
TXN-005404,2026-06-29,RECEIPT,WH-LAG1,PRD-0026,86,PO-2026-04239,EMP-035
TXN-005405,2026-06-29,RECEIPT,WH-IBD,PRD-0038,29,PO-2026-04243,EMP-032
TXN-005406,2026-06-29,RECEIPT,WH-PHC,PRD-0104,34,PO-2026-04281,EMP-014
TXN-005407,2026-06-29,RECEIPT,WH-IBD,PRD-0164,54,PO-2026-04291,EMP-022
TXN-005408,2026-06-29,TRANSFER_OUT,WH-ABJ,PRD-0077,-78,TRF-00222,EMP-013
TXN-005409,2026-06-29,TRANSFER_IN,WH-PHC,PRD-0077,78,TRF-00222,EMP-039
TXN-005410,2026-06-30,RECEIPT,WH-ABJ,PRD-0001,46,PO-2026-04144,EMP-023
TXN-005411,2026-06-30,RECEIPT,WH-IBD,PRD-0006,30,PO-2026-04145,EMP-012
TXN-005412,2026-06-30,RECEIPT,WH-IBD,PRD-0125,337,PO-2026-04256,EMP-022
TXN-005413,2026-06-30,RECEIPT,WH-LAG1,PRD-0101,41,PO-2026-04280,EMP-005
TXN-005414,2026-06-30,RECEIPT,WH-IBD,PRD-0146,43,PO-2026-04287,EMP-002
TXN-005415,2026-06-30,ADJUSTMENT,WH-LAG1,PRD-0032,-2,SHRINKAGE,EMP-040
TXN-005416,2026-06-30,ADJUSTMENT,WH-LAG1,PRD-0167,-1,EXPIRY,EMP-020
TXN-005417,2026-06-30,ADJUSTMENT,WH-LAG1,PRD-0092,-2,SHRINKAGE,EMP-010
TXN-005418,2026-06-30,ADJUSTMENT,WH-LAG1,PRD-0040,-2,SHRINKAGE,EMP-020
TXN-005419,2026-06-30,ADJUSTMENT,WH-LAG1,PRD-0038,-1,EXPIRY,EMP-005
TXN-005420,2026-06-30,ADJUSTMENT,WH-LAG1,PRD-0031,-1,SHRINKAGE,EMP-040
TXN-005421,2026-06-30,ADJUSTMENT,WH-LAG2,PRD-0139,-1,SHRINKAGE,EMP-036
TXN-005422,2026-06-30,ADJUSTMENT,WH-LAG2,PRD-0157,-2,EXPIRY,EMP-031
TXN-005423,2026-06-30,ADJUSTMENT,WH-LAG2,PRD-0131,-2,DAMAGE,EMP-011
TXN-005424,2026-06-30,ADJUSTMENT,WH-LAG2,PRD-0140,-1,SHRINKAGE,EMP-016
TXN-005425,2026-06-30,ADJUSTMENT,WH-LAG2,PRD-0040,-2,DAMAGE,EMP-026
TXN-005426,2026-06-30,ADJUSTMENT,WH-IBD,PRD-0170,-2,EXPIRY,EMP-022
TXN-005427,2026-06-30,ADJUSTMENT,WH-IBD,PRD-0009,-1,DAMAGE,EMP-022
TXN-005428,2026-06-30,ADJUSTMENT,WH-IBD,PRD-0009,-1,EXPIRY,EMP-022
TXN-005429,2026-06-30,ADJUSTMENT,WH-IBD,PRD-0034,-2,SHRINKAGE,EMP-032
TXN-005430,2026-06-30,ADJUSTMENT,WH-ABJ,PRD-0036,-2,DAMAGE,EMP-018
TXN-005431,2026-06-30,ADJUSTMENT,WH-ABJ,PRD-0078,-1,EXPIRY,EMP-028
TXN-005432,2026-06-30,ADJUSTMENT,WH-ABJ,PRD-0060,-2,DAMAGE,EMP-038
TXN-005433,2026-06-30,ADJUSTMENT,WH-ABJ,PRD-0092,-1,DAMAGE,EMP-038
TXN-005434,2026-06-30,ADJUSTMENT,WH-ABJ,PRD-0129,-2,EXPIRY,EMP-018
TXN-005435,2026-06-30,ADJUSTMENT,WH-ABJ,PRD-0105,-1,EXPIRY,EMP-028
TXN-005436,2026-06-30,ADJUSTMENT,WH-PHC,PRD-0041,-2,SHRINKAGE,EMP-009
TXN-005437,2026-06-30,ADJUSTMENT,WH-PHC,PRD-0059,-2,DAMAGE,EMP-014
TXN-005438,2026-06-30,ADJUSTMENT,WH-PHC,PRD-0028,-1,SHRINKAGE,EMP-014
TXN-005439,2026-06-30,ADJUSTMENT,WH-PHC,PRD-0134,-2,DAMAGE,EMP-024
TXN-005440,2026-06-30,ADJUSTMENT,WH-PHC,PRD-0027,-1,SHRINKAGE,EMP-029
TXN-005441,2026-06-30,ADJUSTMENT,WH-PHC,PRD-0079,-1,SHRINKAGE,EMP-014
TXN-005442,2026-06-30,ADJUSTMENT,WH-PHC,PRD-0148,-1,SHRINKAGE,EMP-024
TXN-005443,2026-06-30,ADJUSTMENT,WH-PHC,PRD-0129,-1,SHRINKAGE,EMP-009
TXN-005444,2026-06-30,ADJUSTMENT,WH-PHC,PRD-0051,-4,EXPIRY,EMP-024
