SnapshotDate,WarehouseID,ProductID,SystemQty,StockValueNGN
2024-07-31,WH-LAG1,PRD-0001,17,71400
2024-07-31,WH-LAG2,PRD-0001,38,159600
2024-07-31,WH-IBD,PRD-0001,18,75600
2024-07-31,WH-ABJ,PRD-0001,26,109200
2024-07-31,WH-PHC,PRD-0001,11,46200
2024-07-31,WH-LAG1,PRD-0002,23,94300
2024-07-31,WH-LAG2,PRD-0002,0,0
2024-07-31,WH-IBD,PRD-0002,10,41000
2024-07-31,WH-ABJ,PRD-0002,39,159900
2024-07-31,WH-PHC,PRD-0002,11,45100
2024-07-31,WH-LAG1,PRD-0003,11,45100
2024-07-31,WH-LAG2,PRD-0003,10,41000
2024-07-31,WH-IBD,PRD-0003,10,41000
2024-07-31,WH-ABJ,PRD-0003,6,24600
2024-07-31,WH-PHC,PRD-0003,10,41000
2024-07-31,WH-LAG1,PRD-0004,164,639600
2024-07-31,WH-LAG2,PRD-0004,255,994500
2024-07-31,WH-IBD,PRD-0004,147,573300
2024-07-31,WH-ABJ,PRD-0004,280,1092000
2024-07-31,WH-PHC,PRD-0004,0,0
2024-07-31,WH-LAG1,PRD-0005,43,111800
2024-07-31,WH-LAG2,PRD-0005,28,72800
2024-07-31,WH-IBD,PRD-0005,24,62400
2024-07-31,WH-ABJ,PRD-0005,43,111800
2024-07-31,WH-PHC,PRD-0005,33,85800
2024-07-31,WH-LAG1,PRD-0006,28,70000
2024-07-31,WH-LAG2,PRD-0006,0,0
2024-07-31,WH-IBD,PRD-0006,11,27500
2024-07-31,WH-ABJ,PRD-0006,15,37500
2024-07-31,WH-PHC,PRD-0006,13,32500
2024-07-31,WH-LAG1,PRD-0007,48,662400
2024-07-31,WH-LAG2,PRD-0007,47,648600
2024-07-31,WH-IBD,PRD-0007,5,69000
2024-07-31,WH-ABJ,PRD-0007,108,1490400
2024-07-31,WH-PHC,PRD-0007,33,455400
2024-07-31,WH-LAG1,PRD-0008,26,351000
2024-07-31,WH-LAG2,PRD-0008,23,310500
2024-07-31,WH-IBD,PRD-0008,9,121500
2024-07-31,WH-ABJ,PRD-0008,61,823500
2024-07-31,WH-PHC,PRD-0008,53,715500
2024-07-31,WH-LAG1,PRD-0009,1,14200
2024-07-31,WH-LAG2,PRD-0009,11,156200
2024-07-31,WH-IBD,PRD-0009,10,142000
2024-07-31,WH-ABJ,PRD-0009,13,184600
2024-07-31,WH-PHC,PRD-0009,0,0
2024-07-31,WH-LAG1,PRD-0010,14,184800
2024-07-31,WH-LAG2,PRD-0010,10,132000
2024-07-31,WH-IBD,PRD-0010,20,264000
2024-07-31,WH-ABJ,PRD-0010,3,39600
2024-07-31,WH-PHC,PRD-0010,5,66000
2024-07-31,WH-LAG1,PRD-0011,59,820100
2024-07-31,WH-LAG2,PRD-0011,119,1654100
2024-07-31,WH-IBD,PRD-0011,103,1431700
2024-07-31,WH-ABJ,PRD-0011,51,708900
2024-07-31,WH-PHC,PRD-0011,107,1487300
2024-07-31,WH-LAG1,PRD-0012,20,288000
2024-07-31,WH-LAG2,PRD-0012,15,216000
2024-07-31,WH-IBD,PRD-0012,13,187200
2024-07-31,WH-ABJ,PRD-0012,0,0
2024-07-31,WH-PHC,PRD-0012,11,158400
2024-07-31,WH-LAG1,PRD-0013,8,78400
2024-07-31,WH-LAG2,PRD-0013,10,98000
2024-07-31,WH-IBD,PRD-0013,0,0
2024-07-31,WH-ABJ,PRD-0013,0,0
2024-07-31,WH-PHC,PRD-0013,2,19600
2024-07-31,WH-LAG1,PRD-0014,10,112000
2024-07-31,WH-LAG2,PRD-0014,10,112000
2024-07-31,WH-IBD,PRD-0014,4,44800
2024-07-31,WH-ABJ,PRD-0014,0,0
2024-07-31,WH-PHC,PRD-0014,10,112000
2024-07-31,WH-LAG1,PRD-0015,16,110400
2024-07-31,WH-LAG2,PRD-0015,10,69000
2024-07-31,WH-IBD,PRD-0015,8,55200
2024-07-31,WH-ABJ,PRD-0015,3,20700
2024-07-31,WH-PHC,PRD-0015,10,69000
2024-07-31,WH-LAG1,PRD-0016,23,793500
2024-07-31,WH-LAG2,PRD-0016,58,2001000
2024-07-31,WH-IBD,PRD-0016,44,1518000
2024-07-31,WH-ABJ,PRD-0016,64,2208000
2024-07-31,WH-PHC,PRD-0016,62,2139000
2024-07-31,WH-LAG1,PRD-0017,26,826800
2024-07-31,WH-LAG2,PRD-0017,14,445200
2024-07-31,WH-IBD,PRD-0017,48,1526400
2024-07-31,WH-ABJ,PRD-0017,27,858600
2024-07-31,WH-PHC,PRD-0017,13,413400
2024-07-31,WH-LAG1,PRD-0018,62,2988400
2024-07-31,WH-LAG2,PRD-0018,100,4820000
2024-07-31,WH-IBD,PRD-0018,100,4820000
2024-07-31,WH-ABJ,PRD-0018,106,5109200
2024-07-31,WH-PHC,PRD-0018,51,2458200
2024-07-31,WH-LAG1,PRD-0019,54,1425600
2024-07-31,WH-LAG2,PRD-0019,25,660000
2024-07-31,WH-IBD,PRD-0019,20,528000
2024-07-31,WH-ABJ,PRD-0019,8,211200
2024-07-31,WH-PHC,PRD-0019,15,396000
2024-07-31,WH-LAG1,PRD-0020,81,1927800
2024-07-31,WH-LAG2,PRD-0020,30,714000
2024-07-31,WH-IBD,PRD-0020,16,380800
2024-07-31,WH-ABJ,PRD-0020,31,737800
2024-07-31,WH-PHC,PRD-0020,28,666400
2024-07-31,WH-LAG1,PRD-0021,86,1272800
2024-07-31,WH-LAG2,PRD-0021,10,148000
2024-07-31,WH-IBD,PRD-0021,10,148000
2024-07-31,WH-ABJ,PRD-0021,10,148000
2024-07-31,WH-PHC,PRD-0021,10,148000
2024-07-31,WH-LAG1,PRD-0022,4,38400
2024-07-31,WH-LAG2,PRD-0022,10,96000
2024-07-31,WH-IBD,PRD-0022,7,67200
2024-07-31,WH-ABJ,PRD-0022,4,38400
2024-07-31,WH-PHC,PRD-0022,2,19200
2024-07-31,WH-LAG1,PRD-0023,62,830800
2024-07-31,WH-LAG2,PRD-0023,0,0
2024-07-31,WH-IBD,PRD-0023,15,201000
2024-07-31,WH-ABJ,PRD-0023,49,656600
2024-07-31,WH-PHC,PRD-0023,19,254600
2024-07-31,WH-LAG1,PRD-0024,58,452400
2024-07-31,WH-LAG2,PRD-0024,11,85800
2024-07-31,WH-IBD,PRD-0024,5,39000
2024-07-31,WH-ABJ,PRD-0024,16,124800
2024-07-31,WH-PHC,PRD-0024,31,241800
2024-07-31,WH-LAG1,PRD-0025,37,159100
2024-07-31,WH-LAG2,PRD-0025,15,64500
2024-07-31,WH-IBD,PRD-0025,3,12900
2024-07-31,WH-ABJ,PRD-0025,6,25800
2024-07-31,WH-PHC,PRD-0025,0,0
2024-07-31,WH-LAG1,PRD-0026,60,216000
2024-07-31,WH-LAG2,PRD-0026,19,68400
2024-07-31,WH-IBD,PRD-0026,26,93600
2024-07-31,WH-ABJ,PRD-0026,30,108000
2024-07-31,WH-PHC,PRD-0026,30,108000
2024-07-31,WH-LAG1,PRD-0027,6,22800
2024-07-31,WH-LAG2,PRD-0027,0,0
2024-07-31,WH-IBD,PRD-0027,10,38000
2024-07-31,WH-ABJ,PRD-0027,7,26600
2024-07-31,WH-PHC,PRD-0027,5,19000
2024-07-31,WH-LAG1,PRD-0028,21,84000
2024-07-31,WH-LAG2,PRD-0028,8,32000
2024-07-31,WH-IBD,PRD-0028,40,160000
2024-07-31,WH-ABJ,PRD-0028,6,24000
2024-07-31,WH-PHC,PRD-0028,29,116000
2024-07-31,WH-LAG1,PRD-0029,20,178000
2024-07-31,WH-LAG2,PRD-0029,8,71200
2024-07-31,WH-IBD,PRD-0029,34,302600
2024-07-31,WH-ABJ,PRD-0029,12,106800
2024-07-31,WH-PHC,PRD-0029,33,293700
2024-07-31,WH-LAG1,PRD-0030,39,838500
2024-07-31,WH-LAG2,PRD-0030,10,215000
2024-07-31,WH-IBD,PRD-0030,10,215000
2024-07-31,WH-ABJ,PRD-0030,10,215000
2024-07-31,WH-PHC,PRD-0030,7,150500
2024-07-31,WH-LAG1,PRD-0031,241,7278200
2024-07-31,WH-LAG2,PRD-0031,42,1268400
2024-07-31,WH-IBD,PRD-0031,68,2053600
2024-07-31,WH-ABJ,PRD-0031,38,1147600
2024-07-31,WH-PHC,PRD-0031,46,1389200
2024-07-31,WH-LAG1,PRD-0032,10,168000
2024-07-31,WH-LAG2,PRD-0032,10,168000
2024-07-31,WH-IBD,PRD-0032,10,168000
2024-07-31,WH-ABJ,PRD-0032,10,168000
2024-07-31,WH-PHC,PRD-0032,10,168000
2024-07-31,WH-LAG1,PRD-0033,108,1015200
2024-07-31,WH-LAG2,PRD-0033,23,216200
2024-07-31,WH-IBD,PRD-0033,2,18800
2024-07-31,WH-ABJ,PRD-0033,71,667400
2024-07-31,WH-PHC,PRD-0033,24,225600
2024-07-31,WH-LAG1,PRD-0034,23,296700
2024-07-31,WH-LAG2,PRD-0034,11,141900
2024-07-31,WH-IBD,PRD-0034,10,129000
2024-07-31,WH-ABJ,PRD-0034,6,77400
2024-07-31,WH-PHC,PRD-0034,11,141900
2024-07-31,WH-LAG1,PRD-0035,34,401200
2024-07-31,WH-LAG2,PRD-0035,84,991200
2024-07-31,WH-IBD,PRD-0035,11,129800
2024-07-31,WH-ABJ,PRD-0035,90,1062000
2024-07-31,WH-PHC,PRD-0035,91,1073800
2024-07-31,WH-LAG1,PRD-0036,0,0
2024-07-31,WH-LAG2,PRD-0036,10,156000
2024-07-31,WH-IBD,PRD-0036,10,156000
2024-07-31,WH-ABJ,PRD-0036,10,156000
2024-07-31,WH-PHC,PRD-0036,0,0
2024-07-31,WH-LAG1,PRD-0037,76,1504800
2024-07-31,WH-LAG2,PRD-0037,150,2970000
2024-07-31,WH-IBD,PRD-0037,16,316800
2024-07-31,WH-ABJ,PRD-0037,25,495000
2024-07-31,WH-PHC,PRD-0037,42,831600
2024-07-31,WH-LAG1,PRD-0038,10,119000
2024-07-31,WH-LAG2,PRD-0038,27,321300
2024-07-31,WH-IBD,PRD-0038,2,23800
2024-07-31,WH-ABJ,PRD-0038,10,119000
2024-07-31,WH-PHC,PRD-0038,10,119000
2024-07-31,WH-LAG1,PRD-0039,125,1550000
2024-07-31,WH-LAG2,PRD-0039,191,2368400
2024-07-31,WH-IBD,PRD-0039,146,1810400
2024-07-31,WH-ABJ,PRD-0039,250,3100000
2024-07-31,WH-PHC,PRD-0039,31,384400
2024-07-31,WH-LAG1,PRD-0040,34,380800
2024-07-31,WH-LAG2,PRD-0040,17,190400
2024-07-31,WH-IBD,PRD-0040,62,694400
2024-07-31,WH-ABJ,PRD-0040,27,302400
2024-07-31,WH-PHC,PRD-0040,71,795200
2024-07-31,WH-LAG1,PRD-0041,56,291200
2024-07-31,WH-LAG2,PRD-0041,18,93600
2024-07-31,WH-IBD,PRD-0041,9,46800
2024-07-31,WH-ABJ,PRD-0041,21,109200
2024-07-31,WH-PHC,PRD-0041,30,156000
2024-07-31,WH-LAG1,PRD-0042,3,65700
2024-07-31,WH-LAG2,PRD-0042,10,219000
2024-07-31,WH-IBD,PRD-0042,10,219000
2024-07-31,WH-ABJ,PRD-0042,10,219000
2024-07-31,WH-PHC,PRD-0042,10,219000
2024-07-31,WH-LAG1,PRD-0043,12,182400
2024-07-31,WH-LAG2,PRD-0043,8,121600
2024-07-31,WH-IBD,PRD-0043,10,152000
2024-07-31,WH-ABJ,PRD-0043,10,152000
2024-07-31,WH-PHC,PRD-0043,10,152000
2024-07-31,WH-LAG1,PRD-0044,10,68000
2024-07-31,WH-LAG2,PRD-0044,10,68000
2024-07-31,WH-IBD,PRD-0044,10,68000
2024-07-31,WH-ABJ,PRD-0044,5,34000
2024-07-31,WH-PHC,PRD-0044,10,68000
2024-07-31,WH-LAG1,PRD-0045,60,372000
2024-07-31,WH-LAG2,PRD-0045,15,93000
2024-07-31,WH-IBD,PRD-0045,16,99200
2024-07-31,WH-ABJ,PRD-0045,23,142600
2024-07-31,WH-PHC,PRD-0045,0,0
2024-07-31,WH-LAG1,PRD-0046,34,469200
2024-07-31,WH-LAG2,PRD-0046,26,358800
2024-07-31,WH-IBD,PRD-0046,0,0
2024-07-31,WH-ABJ,PRD-0046,26,358800
2024-07-31,WH-PHC,PRD-0046,0,0
2024-07-31,WH-LAG1,PRD-0047,42,680400
2024-07-31,WH-LAG2,PRD-0047,30,486000
2024-07-31,WH-IBD,PRD-0047,23,372600
2024-07-31,WH-ABJ,PRD-0047,46,745200
2024-07-31,WH-PHC,PRD-0047,13,210600
2024-07-31,WH-LAG1,PRD-0048,63,913500
2024-07-31,WH-LAG2,PRD-0048,27,391500
2024-07-31,WH-IBD,PRD-0048,1,14500
2024-07-31,WH-ABJ,PRD-0048,45,652500
2024-07-31,WH-PHC,PRD-0048,6,87000
2024-07-31,WH-LAG1,PRD-0049,38,528200
2024-07-31,WH-LAG2,PRD-0049,25,347500
2024-07-31,WH-IBD,PRD-0049,22,305800
2024-07-31,WH-ABJ,PRD-0049,70,973000
2024-07-31,WH-PHC,PRD-0049,25,347500
2024-07-31,WH-LAG1,PRD-0050,22,101200
2024-07-31,WH-LAG2,PRD-0050,17,78200
2024-07-31,WH-IBD,PRD-0050,12,55200
2024-07-31,WH-ABJ,PRD-0050,21,96600
2024-07-31,WH-PHC,PRD-0050,17,78200
2024-07-31,WH-LAG1,PRD-0051,122,4245600
2024-07-31,WH-LAG2,PRD-0051,45,1566000
2024-07-31,WH-IBD,PRD-0051,44,1531200
2024-07-31,WH-ABJ,PRD-0051,52,1809600
2024-07-31,WH-PHC,PRD-0051,58,2018400
2024-07-31,WH-LAG1,PRD-0052,14,474600
2024-07-31,WH-LAG2,PRD-0052,0,0
2024-07-31,WH-IBD,PRD-0052,0,0
2024-07-31,WH-ABJ,PRD-0052,0,0
2024-07-31,WH-PHC,PRD-0052,7,237300
2024-07-31,WH-LAG1,PRD-0053,32,1049600
2024-07-31,WH-LAG2,PRD-0053,23,754400
2024-07-31,WH-IBD,PRD-0053,10,328000
2024-07-31,WH-ABJ,PRD-0053,10,328000
2024-07-31,WH-PHC,PRD-0053,10,328000
2024-07-31,WH-LAG1,PRD-0054,12,163200
2024-07-31,WH-LAG2,PRD-0054,5,68000
2024-07-31,WH-IBD,PRD-0054,10,136000
2024-07-31,WH-ABJ,PRD-0054,10,136000
2024-07-31,WH-PHC,PRD-0054,10,136000
2024-07-31,WH-LAG1,PRD-0055,0,0
2024-07-31,WH-LAG2,PRD-0055,11,151800
2024-07-31,WH-IBD,PRD-0055,14,193200
2024-07-31,WH-ABJ,PRD-0055,12,165600
2024-07-31,WH-PHC,PRD-0055,16,220800
2024-07-31,WH-LAG1,PRD-0056,0,0
2024-07-31,WH-LAG2,PRD-0056,0,0
2024-07-31,WH-IBD,PRD-0056,14,299600
2024-07-31,WH-ABJ,PRD-0056,11,235400
2024-07-31,WH-PHC,PRD-0056,62,1326800
2024-07-31,WH-LAG1,PRD-0057,110,1738000
2024-07-31,WH-LAG2,PRD-0057,25,395000
2024-07-31,WH-IBD,PRD-0057,63,995400
2024-07-31,WH-ABJ,PRD-0057,55,869000
2024-07-31,WH-PHC,PRD-0057,81,1279800
2024-07-31,WH-LAG1,PRD-0058,36,536400
2024-07-31,WH-LAG2,PRD-0058,26,387400
2024-07-31,WH-IBD,PRD-0058,15,223500
2024-07-31,WH-ABJ,PRD-0058,29,432100
2024-07-31,WH-PHC,PRD-0058,7,104300
2024-07-31,WH-LAG1,PRD-0059,74,3145000
2024-07-31,WH-LAG2,PRD-0059,8,340000
2024-07-31,WH-IBD,PRD-0059,67,2847500
2024-07-31,WH-ABJ,PRD-0059,14,595000
2024-07-31,WH-PHC,PRD-0059,62,2635000
2024-07-31,WH-LAG1,PRD-0060,34,1625200
2024-07-31,WH-LAG2,PRD-0060,129,6166200
2024-07-31,WH-IBD,PRD-0060,112,5353600
2024-07-31,WH-ABJ,PRD-0060,64,3059200
2024-07-31,WH-PHC,PRD-0060,141,6739800
2024-07-31,WH-LAG1,PRD-0061,92,1177600
2024-07-31,WH-LAG2,PRD-0061,34,435200
2024-07-31,WH-IBD,PRD-0061,37,473600
2024-07-31,WH-ABJ,PRD-0061,33,422400
2024-07-31,WH-PHC,PRD-0061,22,281600
2024-07-31,WH-LAG1,PRD-0062,62,843200
2024-07-31,WH-LAG2,PRD-0062,101,1373600
2024-07-31,WH-IBD,PRD-0062,145,1972000
2024-07-31,WH-ABJ,PRD-0062,58,788800
2024-07-31,WH-PHC,PRD-0062,146,1985600
2024-07-31,WH-LAG1,PRD-0063,38,452200
2024-07-31,WH-LAG2,PRD-0063,15,178500
2024-07-31,WH-IBD,PRD-0063,67,797300
2024-07-31,WH-ABJ,PRD-0063,16,190400
2024-07-31,WH-PHC,PRD-0063,10,119000
2024-07-31,WH-LAG1,PRD-0064,95,2926000
2024-07-31,WH-LAG2,PRD-0064,54,1663200
2024-07-31,WH-IBD,PRD-0064,26,800800
2024-07-31,WH-ABJ,PRD-0064,13,400400
2024-07-31,WH-PHC,PRD-0064,0,0
2024-07-31,WH-LAG1,PRD-0065,68,1795200
2024-07-31,WH-LAG2,PRD-0065,37,976800
2024-07-31,WH-IBD,PRD-0065,12,316800
2024-07-31,WH-ABJ,PRD-0065,0,0
2024-07-31,WH-PHC,PRD-0065,25,660000
2024-07-31,WH-LAG1,PRD-0066,10,442000
2024-07-31,WH-LAG2,PRD-0066,10,442000
2024-07-31,WH-IBD,PRD-0066,10,442000
2024-07-31,WH-ABJ,PRD-0066,4,176800
2024-07-31,WH-PHC,PRD-0066,10,442000
2024-07-31,WH-LAG1,PRD-0067,31,322400
2024-07-31,WH-LAG2,PRD-0067,17,176800
2024-07-31,WH-IBD,PRD-0067,29,301600
2024-07-31,WH-ABJ,PRD-0067,23,239200
2024-07-31,WH-PHC,PRD-0067,85,884000
2024-07-31,WH-LAG1,PRD-0068,190,2508000
2024-07-31,WH-LAG2,PRD-0068,5,66000
2024-07-31,WH-IBD,PRD-0068,56,739200
2024-07-31,WH-ABJ,PRD-0068,71,937200
2024-07-31,WH-PHC,PRD-0068,50,660000
2024-07-31,WH-LAG1,PRD-0069,13,179400
2024-07-31,WH-LAG2,PRD-0069,10,138000
2024-07-31,WH-IBD,PRD-0069,10,138000
2024-07-31,WH-ABJ,PRD-0069,10,138000
2024-07-31,WH-PHC,PRD-0069,10,138000
2024-07-31,WH-LAG1,PRD-0070,32,492800
2024-07-31,WH-LAG2,PRD-0070,44,677600
2024-07-31,WH-IBD,PRD-0070,13,200200
2024-07-31,WH-ABJ,PRD-0070,29,446600
2024-07-31,WH-PHC,PRD-0070,6,92400
2024-07-31,WH-LAG1,PRD-0071,3,44400
2024-07-31,WH-LAG2,PRD-0071,10,148000
2024-07-31,WH-IBD,PRD-0071,10,148000
2024-07-31,WH-ABJ,PRD-0071,10,148000
2024-07-31,WH-PHC,PRD-0071,6,88800
2024-07-31,WH-LAG1,PRD-0072,24,782400
2024-07-31,WH-LAG2,PRD-0072,28,912800
2024-07-31,WH-IBD,PRD-0072,12,391200
2024-07-31,WH-ABJ,PRD-0072,23,749800
2024-07-31,WH-PHC,PRD-0072,21,684600
2024-07-31,WH-LAG1,PRD-0073,7,208600
2024-07-31,WH-LAG2,PRD-0073,10,298000
2024-07-31,WH-IBD,PRD-0073,8,238400
2024-07-31,WH-ABJ,PRD-0073,4,119200
2024-07-31,WH-PHC,PRD-0073,10,298000
2024-07-31,WH-LAG1,PRD-0074,37,1087800
2024-07-31,WH-LAG2,PRD-0074,31,911400
2024-07-31,WH-IBD,PRD-0074,0,0
2024-07-31,WH-ABJ,PRD-0074,8,235200
2024-07-31,WH-PHC,PRD-0074,23,676200
2024-07-31,WH-LAG1,PRD-0075,19,509200
2024-07-31,WH-LAG2,PRD-0075,27,723600
2024-07-31,WH-IBD,PRD-0075,20,536000
2024-07-31,WH-ABJ,PRD-0075,17,455600
2024-07-31,WH-PHC,PRD-0075,2,53600
2024-07-31,WH-LAG1,PRD-0076,31,725400
2024-07-31,WH-LAG2,PRD-0076,29,678600
2024-07-31,WH-IBD,PRD-0076,0,0
2024-07-31,WH-ABJ,PRD-0076,52,1216800
2024-07-31,WH-PHC,PRD-0076,31,725400
2024-07-31,WH-LAG1,PRD-0077,181,4633600
2024-07-31,WH-LAG2,PRD-0077,75,1920000
2024-07-31,WH-IBD,PRD-0077,75,1920000
2024-07-31,WH-ABJ,PRD-0077,151,3865600
2024-07-31,WH-PHC,PRD-0077,69,1766400
2024-07-31,WH-LAG1,PRD-0078,38,1056400
2024-07-31,WH-LAG2,PRD-0078,101,2807800
2024-07-31,WH-IBD,PRD-0078,0,0
2024-07-31,WH-ABJ,PRD-0078,59,1640200
2024-07-31,WH-PHC,PRD-0078,51,1417800
2024-07-31,WH-LAG1,PRD-0079,101,3888500
2024-07-31,WH-LAG2,PRD-0079,50,1925000
2024-07-31,WH-IBD,PRD-0079,70,2695000
2024-07-31,WH-ABJ,PRD-0079,36,1386000
2024-07-31,WH-PHC,PRD-0079,33,1270500
2024-07-31,WH-LAG1,PRD-0080,47,921200
2024-07-31,WH-LAG2,PRD-0080,38,744800
2024-07-31,WH-IBD,PRD-0080,36,705600
2024-07-31,WH-ABJ,PRD-0080,34,666400
2024-07-31,WH-PHC,PRD-0080,28,548800
2024-07-31,WH-LAG1,PRD-0081,61,1976400
2024-07-31,WH-LAG2,PRD-0081,41,1328400
2024-07-31,WH-IBD,PRD-0081,31,1004400
2024-07-31,WH-ABJ,PRD-0081,123,3985200
2024-07-31,WH-PHC,PRD-0081,37,1198800
2024-07-31,WH-LAG1,PRD-0082,66,1702800
2024-07-31,WH-LAG2,PRD-0082,27,696600
2024-07-31,WH-IBD,PRD-0082,32,825600
2024-07-31,WH-ABJ,PRD-0082,52,1341600
2024-07-31,WH-PHC,PRD-0082,29,748200
2024-07-31,WH-LAG1,PRD-0083,134,2465600
2024-07-31,WH-LAG2,PRD-0083,223,4103200
2024-07-31,WH-IBD,PRD-0083,116,2134400
2024-07-31,WH-ABJ,PRD-0083,52,956800
2024-07-31,WH-PHC,PRD-0083,144,2649600
2024-07-31,WH-LAG1,PRD-0084,102,2203200
2024-07-31,WH-LAG2,PRD-0084,38,820800
2024-07-31,WH-IBD,PRD-0084,39,842400
2024-07-31,WH-ABJ,PRD-0084,54,1166400
2024-07-31,WH-PHC,PRD-0084,28,604800
2024-07-31,WH-LAG1,PRD-0085,43,1126600
2024-07-31,WH-LAG2,PRD-0085,85,2227000
2024-07-31,WH-IBD,PRD-0085,34,890800
2024-07-31,WH-ABJ,PRD-0085,52,1362400
2024-07-31,WH-PHC,PRD-0085,31,812200
2024-07-31,WH-LAG1,PRD-0086,51,1213800
2024-07-31,WH-LAG2,PRD-0086,57,1356600
2024-07-31,WH-IBD,PRD-0086,0,0
2024-07-31,WH-ABJ,PRD-0086,86,2046800
2024-07-31,WH-PHC,PRD-0086,77,1832600
2024-07-31,WH-LAG1,PRD-0087,8,150400
2024-07-31,WH-LAG2,PRD-0087,10,188000
2024-07-31,WH-IBD,PRD-0087,23,432400
2024-07-31,WH-ABJ,PRD-0087,10,188000
2024-07-31,WH-PHC,PRD-0087,10,188000
2024-07-31,WH-LAG1,PRD-0088,17,210800
2024-07-31,WH-LAG2,PRD-0088,10,124000
2024-07-31,WH-IBD,PRD-0088,10,124000
2024-07-31,WH-ABJ,PRD-0088,63,781200
2024-07-31,WH-PHC,PRD-0088,10,124000
2024-07-31,WH-LAG1,PRD-0089,14,156800
2024-07-31,WH-LAG2,PRD-0089,10,112000
2024-07-31,WH-IBD,PRD-0089,10,112000
2024-07-31,WH-ABJ,PRD-0089,5,56000
2024-07-31,WH-PHC,PRD-0089,10,112000
2024-07-31,WH-LAG1,PRD-0090,614,17560400
2024-07-31,WH-LAG2,PRD-0090,329,9409400
2024-07-31,WH-IBD,PRD-0090,173,4947800
2024-07-31,WH-ABJ,PRD-0090,444,12698400
2024-07-31,WH-PHC,PRD-0090,408,11668800
2024-07-31,WH-LAG1,PRD-0091,99,2138400
2024-07-31,WH-LAG2,PRD-0091,19,410400
2024-07-31,WH-IBD,PRD-0091,40,864000
2024-07-31,WH-ABJ,PRD-0091,40,864000
2024-07-31,WH-PHC,PRD-0091,2,43200
2024-07-31,WH-LAG1,PRD-0092,17,421600
2024-07-31,WH-LAG2,PRD-0092,16,396800
2024-07-31,WH-IBD,PRD-0092,8,198400
2024-07-31,WH-ABJ,PRD-0092,11,272800
2024-07-31,WH-PHC,PRD-0092,16,396800
2024-07-31,WH-LAG1,PRD-0093,261,5063400
2024-07-31,WH-LAG2,PRD-0093,53,1028200
2024-07-31,WH-IBD,PRD-0093,34,659600
2024-07-31,WH-ABJ,PRD-0093,147,2851800
2024-07-31,WH-PHC,PRD-0093,46,892400
2024-07-31,WH-LAG1,PRD-0094,15,282000
2024-07-31,WH-LAG2,PRD-0094,10,188000
2024-07-31,WH-IBD,PRD-0094,9,169200
2024-07-31,WH-ABJ,PRD-0094,10,188000
2024-07-31,WH-PHC,PRD-0094,9,169200
2024-07-31,WH-LAG1,PRD-0095,0,0
2024-07-31,WH-LAG2,PRD-0095,10,169000
2024-07-31,WH-IBD,PRD-0095,0,0
2024-07-31,WH-ABJ,PRD-0095,10,169000
2024-07-31,WH-PHC,PRD-0095,10,169000
2024-07-31,WH-LAG1,PRD-0096,13,236600
2024-07-31,WH-LAG2,PRD-0096,6,109200
2024-07-31,WH-IBD,PRD-0096,1,18200
2024-07-31,WH-ABJ,PRD-0096,10,182000
2024-07-31,WH-PHC,PRD-0096,5,91000
2024-07-31,WH-LAG1,PRD-0097,21,373800
2024-07-31,WH-LAG2,PRD-0097,10,178000
2024-07-31,WH-IBD,PRD-0097,10,178000
2024-07-31,WH-ABJ,PRD-0097,12,213600
2024-07-31,WH-PHC,PRD-0097,34,605200
2024-07-31,WH-LAG1,PRD-0098,139,1862600
2024-07-31,WH-LAG2,PRD-0098,203,2720200
2024-07-31,WH-IBD,PRD-0098,68,911200
2024-07-31,WH-ABJ,PRD-0098,86,1152400
2024-07-31,WH-PHC,PRD-0098,0,0
2024-07-31,WH-LAG1,PRD-0099,15,189000
2024-07-31,WH-LAG2,PRD-0099,10,126000
2024-07-31,WH-IBD,PRD-0099,10,126000
2024-07-31,WH-ABJ,PRD-0099,10,126000
2024-07-31,WH-PHC,PRD-0099,10,126000
2024-07-31,WH-LAG1,PRD-0100,131,2200800
2024-07-31,WH-LAG2,PRD-0100,55,924000
2024-07-31,WH-IBD,PRD-0100,47,789600
2024-07-31,WH-ABJ,PRD-0100,86,1444800
2024-07-31,WH-PHC,PRD-0100,88,1478400
2024-07-31,WH-LAG1,PRD-0101,18,331200
2024-07-31,WH-LAG2,PRD-0101,6,110400
2024-07-31,WH-IBD,PRD-0101,9,165600
2024-07-31,WH-ABJ,PRD-0101,0,0
2024-07-31,WH-PHC,PRD-0101,10,184000
2024-07-31,WH-LAG1,PRD-0102,75,1065000
2024-07-31,WH-LAG2,PRD-0102,29,411800
2024-07-31,WH-IBD,PRD-0102,15,213000
2024-07-31,WH-ABJ,PRD-0102,0,0
2024-07-31,WH-PHC,PRD-0102,27,383400
2024-07-31,WH-LAG1,PRD-0103,13,387400
2024-07-31,WH-LAG2,PRD-0103,75,2235000
2024-07-31,WH-IBD,PRD-0103,101,3009800
2024-07-31,WH-ABJ,PRD-0103,44,1311200
2024-07-31,WH-PHC,PRD-0103,35,1043000
2024-07-31,WH-LAG1,PRD-0104,0,0
2024-07-31,WH-LAG2,PRD-0104,10,138000
2024-07-31,WH-IBD,PRD-0104,10,138000
2024-07-31,WH-ABJ,PRD-0104,38,524400
2024-07-31,WH-PHC,PRD-0104,10,138000
2024-07-31,WH-LAG1,PRD-0105,68,2352800
2024-07-31,WH-LAG2,PRD-0105,36,1245600
2024-07-31,WH-IBD,PRD-0105,11,380600
2024-07-31,WH-ABJ,PRD-0105,43,1487800
2024-07-31,WH-PHC,PRD-0105,26,899600
2024-07-31,WH-LAG1,PRD-0106,3,98400
2024-07-31,WH-LAG2,PRD-0106,10,328000
2024-07-31,WH-IBD,PRD-0106,10,328000
2024-07-31,WH-ABJ,PRD-0106,12,393600
2024-07-31,WH-PHC,PRD-0106,10,328000
2024-07-31,WH-LAG1,PRD-0107,23,768200
2024-07-31,WH-LAG2,PRD-0107,0,0
2024-07-31,WH-IBD,PRD-0107,10,334000
2024-07-31,WH-ABJ,PRD-0107,13,434200
2024-07-31,WH-PHC,PRD-0107,10,334000
2024-07-31,WH-LAG1,PRD-0108,406,10880800
2024-07-31,WH-LAG2,PRD-0108,69,1849200
2024-07-31,WH-IBD,PRD-0108,45,1206000
2024-07-31,WH-ABJ,PRD-0108,59,1581200
2024-07-31,WH-PHC,PRD-0108,60,1608000
2024-07-31,WH-LAG1,PRD-0109,91,2402400
2024-07-31,WH-LAG2,PRD-0109,40,1056000
2024-07-31,WH-IBD,PRD-0109,0,0
2024-07-31,WH-ABJ,PRD-0109,121,3194400
2024-07-31,WH-PHC,PRD-0109,1,26400
2024-07-31,WH-LAG1,PRD-0110,24,595200
2024-07-31,WH-LAG2,PRD-0110,11,272800
2024-07-31,WH-IBD,PRD-0110,0,0
2024-07-31,WH-ABJ,PRD-0110,14,347200
2024-07-31,WH-PHC,PRD-0110,32,793600
2024-07-31,WH-LAG1,PRD-0111,167,1636600
2024-07-31,WH-LAG2,PRD-0111,28,274400
2024-07-31,WH-IBD,PRD-0111,108,1058400
2024-07-31,WH-ABJ,PRD-0111,136,1332800
2024-07-31,WH-PHC,PRD-0111,26,254800
2024-07-31,WH-LAG1,PRD-0112,17,200600
2024-07-31,WH-LAG2,PRD-0112,7,82600
2024-07-31,WH-IBD,PRD-0112,10,118000
2024-07-31,WH-ABJ,PRD-0112,10,118000
2024-07-31,WH-PHC,PRD-0112,23,271400
2024-07-31,WH-LAG1,PRD-0113,52,447200
2024-07-31,WH-LAG2,PRD-0113,11,94600
2024-07-31,WH-IBD,PRD-0113,29,249400
2024-07-31,WH-ABJ,PRD-0113,141,1212600
2024-07-31,WH-PHC,PRD-0113,24,206400
2024-07-31,WH-LAG1,PRD-0114,0,0
2024-07-31,WH-LAG2,PRD-0114,10,122000
2024-07-31,WH-IBD,PRD-0114,10,122000
2024-07-31,WH-ABJ,PRD-0114,25,305000
2024-07-31,WH-PHC,PRD-0114,10,122000
2024-07-31,WH-LAG1,PRD-0115,162,2656800
2024-07-31,WH-LAG2,PRD-0115,27,442800
2024-07-31,WH-IBD,PRD-0115,24,393600
2024-07-31,WH-ABJ,PRD-0115,34,557600
2024-07-31,WH-PHC,PRD-0115,27,442800
2024-07-31,WH-LAG1,PRD-0116,30,414000
2024-07-31,WH-LAG2,PRD-0116,52,717600
2024-07-31,WH-IBD,PRD-0116,12,165600
2024-07-31,WH-ABJ,PRD-0116,68,938400
2024-07-31,WH-PHC,PRD-0116,7,96600
2024-07-31,WH-LAG1,PRD-0117,22,334400
2024-07-31,WH-LAG2,PRD-0117,17,258400
2024-07-31,WH-IBD,PRD-0117,11,167200
2024-07-31,WH-ABJ,PRD-0117,97,1474400
2024-07-31,WH-PHC,PRD-0117,81,1231200
2024-07-31,WH-LAG1,PRD-0118,116,2041600
2024-07-31,WH-LAG2,PRD-0118,145,2552000
2024-07-31,WH-IBD,PRD-0118,12,211200
2024-07-31,WH-ABJ,PRD-0118,91,1601600
2024-07-31,WH-PHC,PRD-0118,79,1390400
2024-07-31,WH-LAG1,PRD-0119,0,0
2024-07-31,WH-LAG2,PRD-0119,10,188000
2024-07-31,WH-IBD,PRD-0119,10,188000
2024-07-31,WH-ABJ,PRD-0119,10,188000
2024-07-31,WH-PHC,PRD-0119,10,188000
2024-07-31,WH-LAG1,PRD-0120,294,3645600
2024-07-31,WH-LAG2,PRD-0120,46,570400
2024-07-31,WH-IBD,PRD-0120,128,1587200
2024-07-31,WH-ABJ,PRD-0120,55,682000
2024-07-31,WH-PHC,PRD-0120,71,880400
2024-07-31,WH-LAG1,PRD-0121,97,2095200
2024-07-31,WH-LAG2,PRD-0121,160,3456000
2024-07-31,WH-IBD,PRD-0121,174,3758400
2024-07-31,WH-ABJ,PRD-0121,75,1620000
2024-07-31,WH-PHC,PRD-0121,74,1598400
2024-07-31,WH-LAG1,PRD-0122,60,888000
2024-07-31,WH-LAG2,PRD-0122,44,651200
2024-07-31,WH-IBD,PRD-0122,45,666000
2024-07-31,WH-ABJ,PRD-0122,31,458800
2024-07-31,WH-PHC,PRD-0122,45,666000
2024-07-31,WH-LAG1,PRD-0123,39,452400
2024-07-31,WH-LAG2,PRD-0123,5,58000
2024-07-31,WH-IBD,PRD-0123,15,174000
2024-07-31,WH-ABJ,PRD-0123,0,0
2024-07-31,WH-PHC,PRD-0123,27,313200
2024-07-31,WH-LAG1,PRD-0124,99,673200
2024-07-31,WH-LAG2,PRD-0124,11,74800
2024-07-31,WH-IBD,PRD-0124,10,68000
2024-07-31,WH-ABJ,PRD-0124,68,462400
2024-07-31,WH-PHC,PRD-0124,11,74800
2024-07-31,WH-LAG1,PRD-0125,212,2713600
2024-07-31,WH-LAG2,PRD-0125,98,1254400
2024-07-31,WH-IBD,PRD-0125,345,4416000
2024-07-31,WH-ABJ,PRD-0125,193,2470400
2024-07-31,WH-PHC,PRD-0125,118,1510400
2024-07-31,WH-LAG1,PRD-0126,23,542800
2024-07-31,WH-LAG2,PRD-0126,23,542800
2024-07-31,WH-IBD,PRD-0126,18,424800
2024-07-31,WH-ABJ,PRD-0126,72,1699200
2024-07-31,WH-PHC,PRD-0126,55,1298000
2024-07-31,WH-LAG1,PRD-0127,26,343200
2024-07-31,WH-LAG2,PRD-0127,20,264000
2024-07-31,WH-IBD,PRD-0127,13,171600
2024-07-31,WH-ABJ,PRD-0127,18,237600
2024-07-31,WH-PHC,PRD-0127,20,264000
2024-07-31,WH-LAG1,PRD-0128,32,537600
2024-07-31,WH-LAG2,PRD-0128,43,722400
2024-07-31,WH-IBD,PRD-0128,23,386400
2024-07-31,WH-ABJ,PRD-0128,80,1344000
2024-07-31,WH-PHC,PRD-0128,43,722400
2024-07-31,WH-LAG1,PRD-0129,10,154000
2024-07-31,WH-LAG2,PRD-0129,10,154000
2024-07-31,WH-IBD,PRD-0129,9,138600
2024-07-31,WH-ABJ,PRD-0129,10,154000
2024-07-31,WH-PHC,PRD-0129,10,154000
2024-07-31,WH-LAG1,PRD-0130,51,550800
2024-07-31,WH-LAG2,PRD-0130,0,0
2024-07-31,WH-IBD,PRD-0130,12,129600
2024-07-31,WH-ABJ,PRD-0130,5,54000
2024-07-31,WH-PHC,PRD-0130,20,216000
2024-07-31,WH-LAG1,PRD-0131,0,0
2024-07-31,WH-LAG2,PRD-0131,30,768000
2024-07-31,WH-IBD,PRD-0131,24,614400
2024-07-31,WH-ABJ,PRD-0131,43,1100800
2024-07-31,WH-PHC,PRD-0131,33,844800
2024-07-31,WH-LAG1,PRD-0132,25,785000
2024-07-31,WH-LAG2,PRD-0132,65,2041000
2024-07-31,WH-IBD,PRD-0132,12,376800
2024-07-31,WH-ABJ,PRD-0132,17,533800
2024-07-31,WH-PHC,PRD-0132,59,1852600
2024-07-31,WH-LAG1,PRD-0133,11,261800
2024-07-31,WH-LAG2,PRD-0133,4,95200
2024-07-31,WH-IBD,PRD-0133,10,238000
2024-07-31,WH-ABJ,PRD-0133,10,238000
2024-07-31,WH-PHC,PRD-0133,10,238000
2024-07-31,WH-LAG1,PRD-0134,18,536400
2024-07-31,WH-LAG2,PRD-0134,10,298000
2024-07-31,WH-IBD,PRD-0134,10,298000
2024-07-31,WH-ABJ,PRD-0134,11,327800
2024-07-31,WH-PHC,PRD-0134,10,298000
2024-07-31,WH-LAG1,PRD-0135,350,9240000
2024-07-31,WH-LAG2,PRD-0135,42,1108800
2024-07-31,WH-IBD,PRD-0135,189,4989600
2024-07-31,WH-ABJ,PRD-0135,57,1504800
2024-07-31,WH-PHC,PRD-0135,19,501600
2024-07-31,WH-LAG1,PRD-0136,113,4813800
2024-07-31,WH-LAG2,PRD-0136,10,426000
2024-07-31,WH-IBD,PRD-0136,77,3280200
2024-07-31,WH-ABJ,PRD-0136,80,3408000
2024-07-31,WH-PHC,PRD-0136,10,426000
2024-07-31,WH-LAG1,PRD-0137,52,1258400
2024-07-31,WH-LAG2,PRD-0137,16,387200
2024-07-31,WH-IBD,PRD-0137,102,2468400
2024-07-31,WH-ABJ,PRD-0137,30,726000
2024-07-31,WH-PHC,PRD-0137,23,556600
2024-07-31,WH-LAG1,PRD-0138,212,4621600
2024-07-31,WH-LAG2,PRD-0138,33,719400
2024-07-31,WH-IBD,PRD-0138,90,1962000
2024-07-31,WH-ABJ,PRD-0138,27,588600
2024-07-31,WH-PHC,PRD-0138,85,1853000
2024-07-31,WH-LAG1,PRD-0139,157,4521600
2024-07-31,WH-LAG2,PRD-0139,5,144000
2024-07-31,WH-IBD,PRD-0139,18,518400
2024-07-31,WH-ABJ,PRD-0139,8,230400
2024-07-31,WH-PHC,PRD-0139,13,374400
2024-07-31,WH-LAG1,PRD-0140,11,257400
2024-07-31,WH-LAG2,PRD-0140,10,234000
2024-07-31,WH-IBD,PRD-0140,10,234000
2024-07-31,WH-ABJ,PRD-0140,10,234000
2024-07-31,WH-PHC,PRD-0140,10,234000
2024-07-31,WH-LAG1,PRD-0141,140,4312000
2024-07-31,WH-LAG2,PRD-0141,15,462000
2024-07-31,WH-IBD,PRD-0141,23,708400
2024-07-31,WH-ABJ,PRD-0141,29,893200
2024-07-31,WH-PHC,PRD-0141,20,616000
2024-07-31,WH-LAG1,PRD-0142,76,3404800
2024-07-31,WH-LAG2,PRD-0142,9,403200
2024-07-31,WH-IBD,PRD-0142,43,1926400
2024-07-31,WH-ABJ,PRD-0142,36,1612800
2024-07-31,WH-PHC,PRD-0142,48,2150400
2024-07-31,WH-LAG1,PRD-0143,88,3625600
2024-07-31,WH-LAG2,PRD-0143,19,782800
2024-07-31,WH-IBD,PRD-0143,24,988800
2024-07-31,WH-ABJ,PRD-0143,64,2636800
2024-07-31,WH-PHC,PRD-0143,48,1977600
2024-07-31,WH-LAG1,PRD-0144,33,884400
2024-07-31,WH-LAG2,PRD-0144,23,616400
2024-07-31,WH-IBD,PRD-0144,0,0
2024-07-31,WH-ABJ,PRD-0144,34,911200
2024-07-31,WH-PHC,PRD-0144,29,777200
2024-07-31,WH-LAG1,PRD-0145,76,1930400
2024-07-31,WH-LAG2,PRD-0145,95,2413000
2024-07-31,WH-IBD,PRD-0145,85,2159000
2024-07-31,WH-ABJ,PRD-0145,58,1473200
2024-07-31,WH-PHC,PRD-0145,17,431800
2024-07-31,WH-LAG1,PRD-0146,19,528200
2024-07-31,WH-LAG2,PRD-0146,44,1223200
2024-07-31,WH-IBD,PRD-0146,12,333600
2024-07-31,WH-ABJ,PRD-0146,18,500400
2024-07-31,WH-PHC,PRD-0146,0,0
2024-07-31,WH-LAG1,PRD-0147,29,800400
2024-07-31,WH-LAG2,PRD-0147,15,414000
2024-07-31,WH-IBD,PRD-0147,11,303600
2024-07-31,WH-ABJ,PRD-0147,23,634800
2024-07-31,WH-PHC,PRD-0147,18,496800
2024-07-31,WH-LAG1,PRD-0148,23,547400
2024-07-31,WH-LAG2,PRD-0148,0,0
2024-07-31,WH-IBD,PRD-0148,11,261800
2024-07-31,WH-ABJ,PRD-0148,50,1190000
2024-07-31,WH-PHC,PRD-0148,51,1213800
2024-07-31,WH-LAG1,PRD-0149,11,437800
2024-07-31,WH-LAG2,PRD-0149,12,477600
2024-07-31,WH-IBD,PRD-0149,9,358200
2024-07-31,WH-ABJ,PRD-0149,27,1074600
2024-07-31,WH-PHC,PRD-0149,12,477600
2024-07-31,WH-LAG1,PRD-0150,156,5990400
2024-07-31,WH-LAG2,PRD-0150,72,2764800
2024-07-31,WH-IBD,PRD-0150,31,1190400
2024-07-31,WH-ABJ,PRD-0150,23,883200
2024-07-31,WH-PHC,PRD-0150,43,1651200
2024-07-31,WH-LAG1,PRD-0151,540,18684000
2024-07-31,WH-LAG2,PRD-0151,255,8823000
2024-07-31,WH-IBD,PRD-0151,153,5293800
2024-07-31,WH-ABJ,PRD-0151,188,6504800
2024-07-31,WH-PHC,PRD-0151,194,6712400
2024-07-31,WH-LAG1,PRD-0152,15,324000
2024-07-31,WH-LAG2,PRD-0152,59,1274400
2024-07-31,WH-IBD,PRD-0152,10,216000
2024-07-31,WH-ABJ,PRD-0152,12,259200
2024-07-31,WH-PHC,PRD-0152,10,216000
2024-07-31,WH-LAG1,PRD-0153,87,1635600
2024-07-31,WH-LAG2,PRD-0153,157,2951600
2024-07-31,WH-IBD,PRD-0153,53,996400
2024-07-31,WH-ABJ,PRD-0153,93,1748400
2024-07-31,WH-PHC,PRD-0153,79,1485200
2024-07-31,WH-LAG1,PRD-0154,127,4267200
2024-07-31,WH-LAG2,PRD-0154,42,1411200
2024-07-31,WH-IBD,PRD-0154,16,537600
2024-07-31,WH-ABJ,PRD-0154,15,504000
2024-07-31,WH-PHC,PRD-0154,22,739200
2024-07-31,WH-LAG1,PRD-0155,52,2745600
2024-07-31,WH-LAG2,PRD-0155,27,1425600
2024-07-31,WH-IBD,PRD-0155,20,1056000
2024-07-31,WH-ABJ,PRD-0155,34,1795200
2024-07-31,WH-PHC,PRD-0155,10,528000
2024-07-31,WH-LAG1,PRD-0156,148,6600800
2024-07-31,WH-LAG2,PRD-0156,202,9009200
2024-07-31,WH-IBD,PRD-0156,66,2943600
2024-07-31,WH-ABJ,PRD-0156,56,2497600
2024-07-31,WH-PHC,PRD-0156,216,9633600
2024-07-31,WH-LAG1,PRD-0157,54,1015200
2024-07-31,WH-LAG2,PRD-0157,67,1259600
2024-07-31,WH-IBD,PRD-0157,50,940000
2024-07-31,WH-ABJ,PRD-0157,30,564000
2024-07-31,WH-PHC,PRD-0157,34,639200
2024-07-31,WH-LAG1,PRD-0158,52,1372800
2024-07-31,WH-LAG2,PRD-0158,10,264000
2024-07-31,WH-IBD,PRD-0158,10,264000
2024-07-31,WH-ABJ,PRD-0158,10,264000
2024-07-31,WH-PHC,PRD-0158,2,52800
2024-07-31,WH-LAG1,PRD-0159,70,1386000
2024-07-31,WH-LAG2,PRD-0159,1,19800
2024-07-31,WH-IBD,PRD-0159,10,198000
2024-07-31,WH-ABJ,PRD-0159,10,198000
2024-07-31,WH-PHC,PRD-0159,10,198000
2024-07-31,WH-LAG1,PRD-0160,109,2790400
2024-07-31,WH-LAG2,PRD-0160,45,1152000
2024-07-31,WH-IBD,PRD-0160,172,4403200
2024-07-31,WH-ABJ,PRD-0160,69,1766400
2024-07-31,WH-PHC,PRD-0160,61,1561600
2024-07-31,WH-LAG1,PRD-0161,151,4107200
2024-07-31,WH-LAG2,PRD-0161,347,9438400
2024-07-31,WH-IBD,PRD-0161,190,5168000
2024-07-31,WH-ABJ,PRD-0161,126,3427200
2024-07-31,WH-PHC,PRD-0161,323,8785600
2024-07-31,WH-LAG1,PRD-0162,18,428400
2024-07-31,WH-LAG2,PRD-0162,56,1332800
2024-07-31,WH-IBD,PRD-0162,62,1475600
2024-07-31,WH-ABJ,PRD-0162,15,357000
2024-07-31,WH-PHC,PRD-0162,22,523600
2024-07-31,WH-LAG1,PRD-0163,150,3240000
2024-07-31,WH-LAG2,PRD-0163,61,1317600
2024-07-31,WH-IBD,PRD-0163,23,496800
2024-07-31,WH-ABJ,PRD-0163,31,669600
2024-07-31,WH-PHC,PRD-0163,22,475200
2024-07-31,WH-LAG1,PRD-0164,19,319200
2024-07-31,WH-LAG2,PRD-0164,7,117600
2024-07-31,WH-IBD,PRD-0164,12,201600
2024-07-31,WH-ABJ,PRD-0164,59,991200
2024-07-31,WH-PHC,PRD-0164,65,1092000
2024-07-31,WH-LAG1,PRD-0165,324,6285600
2024-07-31,WH-LAG2,PRD-0165,66,1280400
2024-07-31,WH-IBD,PRD-0165,57,1105800
2024-07-31,WH-ABJ,PRD-0165,52,1008800
2024-07-31,WH-PHC,PRD-0165,59,1144600
2024-07-31,WH-LAG1,PRD-0166,103,2245400
2024-07-31,WH-LAG2,PRD-0166,53,1155400
2024-07-31,WH-IBD,PRD-0166,40,872000
2024-07-31,WH-ABJ,PRD-0166,176,3836800
2024-07-31,WH-PHC,PRD-0166,178,3880400
2024-07-31,WH-LAG1,PRD-0167,133,1436400
2024-07-31,WH-LAG2,PRD-0167,19,205200
2024-07-31,WH-IBD,PRD-0167,19,205200
2024-07-31,WH-ABJ,PRD-0167,27,291600
2024-07-31,WH-PHC,PRD-0167,18,194400
2024-07-31,WH-LAG1,PRD-0168,28,436800
2024-07-31,WH-LAG2,PRD-0168,13,202800
2024-07-31,WH-IBD,PRD-0168,3,46800
2024-07-31,WH-ABJ,PRD-0168,16,249600
2024-07-31,WH-PHC,PRD-0168,13,202800
2024-07-31,WH-LAG1,PRD-0169,20,268000
2024-07-31,WH-LAG2,PRD-0169,18,241200
2024-07-31,WH-IBD,PRD-0169,10,134000
2024-07-31,WH-ABJ,PRD-0169,0,0
2024-07-31,WH-PHC,PRD-0169,16,214400
2024-07-31,WH-LAG1,PRD-0170,141,2002200
2024-07-31,WH-LAG2,PRD-0170,22,312400
2024-07-31,WH-IBD,PRD-0170,16,227200
2024-07-31,WH-ABJ,PRD-0170,90,1278000
2024-07-31,WH-PHC,PRD-0170,58,823600
2024-08-31,WH-LAG1,PRD-0001,73,306600
2024-08-31,WH-LAG2,PRD-0001,34,142800
2024-08-31,WH-IBD,PRD-0001,18,75600
2024-08-31,WH-ABJ,PRD-0001,8,33600
2024-08-31,WH-PHC,PRD-0001,48,201600
2024-08-31,WH-LAG1,PRD-0002,23,94300
2024-08-31,WH-LAG2,PRD-0002,28,114800
2024-08-31,WH-IBD,PRD-0002,10,41000
2024-08-31,WH-ABJ,PRD-0002,39,159900
2024-08-31,WH-PHC,PRD-0002,11,45100
2024-08-31,WH-LAG1,PRD-0003,44,180400
2024-08-31,WH-LAG2,PRD-0003,10,41000
2024-08-31,WH-IBD,PRD-0003,5,20500
2024-08-31,WH-ABJ,PRD-0003,33,135300
2024-08-31,WH-PHC,PRD-0003,0,0
2024-08-31,WH-LAG1,PRD-0004,308,1201200
2024-08-31,WH-LAG2,PRD-0004,200,780000
2024-08-31,WH-IBD,PRD-0004,101,393900
2024-08-31,WH-ABJ,PRD-0004,174,678600
2024-08-31,WH-PHC,PRD-0004,107,417300
2024-08-31,WH-LAG1,PRD-0005,139,361400
2024-08-31,WH-LAG2,PRD-0005,74,192400
2024-08-31,WH-IBD,PRD-0005,57,148200
2024-08-31,WH-ABJ,PRD-0005,27,70200
2024-08-31,WH-PHC,PRD-0005,5,13000
2024-08-31,WH-LAG1,PRD-0006,35,87500
2024-08-31,WH-LAG2,PRD-0006,28,70000
2024-08-31,WH-IBD,PRD-0006,31,77500
2024-08-31,WH-ABJ,PRD-0006,11,27500
2024-08-31,WH-PHC,PRD-0006,7,17500
2024-08-31,WH-LAG1,PRD-0007,144,1987200
2024-08-31,WH-LAG2,PRD-0007,95,1311000
2024-08-31,WH-IBD,PRD-0007,75,1035000
2024-08-31,WH-ABJ,PRD-0007,96,1324800
2024-08-31,WH-PHC,PRD-0007,94,1297200
2024-08-31,WH-LAG1,PRD-0008,53,715500
2024-08-31,WH-LAG2,PRD-0008,19,256500
2024-08-31,WH-IBD,PRD-0008,32,432000
2024-08-31,WH-ABJ,PRD-0008,41,553500
2024-08-31,WH-PHC,PRD-0008,37,499500
2024-08-31,WH-LAG1,PRD-0009,49,695800
2024-08-31,WH-LAG2,PRD-0009,11,156200
2024-08-31,WH-IBD,PRD-0009,8,113600
2024-08-31,WH-ABJ,PRD-0009,13,184600
2024-08-31,WH-PHC,PRD-0009,33,468600
2024-08-31,WH-LAG1,PRD-0010,14,184800
2024-08-31,WH-LAG2,PRD-0010,10,132000
2024-08-31,WH-IBD,PRD-0010,20,264000
2024-08-31,WH-ABJ,PRD-0010,26,343200
2024-08-31,WH-PHC,PRD-0010,5,66000
2024-08-31,WH-LAG1,PRD-0011,162,2251800
2024-08-31,WH-LAG2,PRD-0011,73,1014700
2024-08-31,WH-IBD,PRD-0011,88,1223200
2024-08-31,WH-ABJ,PRD-0011,35,486500
2024-08-31,WH-PHC,PRD-0011,86,1195400
2024-08-31,WH-LAG1,PRD-0012,75,1080000
2024-08-31,WH-LAG2,PRD-0012,4,57600
2024-08-31,WH-IBD,PRD-0012,13,187200
2024-08-31,WH-ABJ,PRD-0012,52,748800
2024-08-31,WH-PHC,PRD-0012,11,158400
2024-08-31,WH-LAG1,PRD-0013,52,509600
2024-08-31,WH-LAG2,PRD-0013,22,215600
2024-08-31,WH-IBD,PRD-0013,24,235200
2024-08-31,WH-ABJ,PRD-0013,36,352800
2024-08-31,WH-PHC,PRD-0013,29,284200
2024-08-31,WH-LAG1,PRD-0014,23,257600
2024-08-31,WH-LAG2,PRD-0014,10,112000
2024-08-31,WH-IBD,PRD-0014,17,190400
2024-08-31,WH-ABJ,PRD-0014,17,190400
2024-08-31,WH-PHC,PRD-0014,10,112000
2024-08-31,WH-LAG1,PRD-0015,11,75900
2024-08-31,WH-LAG2,PRD-0015,10,69000
2024-08-31,WH-IBD,PRD-0015,4,27600
2024-08-31,WH-ABJ,PRD-0015,70,483000
2024-08-31,WH-PHC,PRD-0015,10,69000
2024-08-31,WH-LAG1,PRD-0016,122,4209000
2024-08-31,WH-LAG2,PRD-0016,38,1311000
2024-08-31,WH-IBD,PRD-0016,35,1207500
2024-08-31,WH-ABJ,PRD-0016,164,5658000
2024-08-31,WH-PHC,PRD-0016,38,1311000
2024-08-31,WH-LAG1,PRD-0017,80,2544000
2024-08-31,WH-LAG2,PRD-0017,11,349800
2024-08-31,WH-IBD,PRD-0017,24,763200
2024-08-31,WH-ABJ,PRD-0017,14,445200
2024-08-31,WH-PHC,PRD-0017,2,63600
2024-08-31,WH-LAG1,PRD-0018,217,10459400
2024-08-31,WH-LAG2,PRD-0018,65,3133000
2024-08-31,WH-IBD,PRD-0018,76,3663200
2024-08-31,WH-ABJ,PRD-0018,111,5350200
2024-08-31,WH-PHC,PRD-0018,41,1976200
2024-08-31,WH-LAG1,PRD-0019,30,792000
2024-08-31,WH-LAG2,PRD-0019,25,660000
2024-08-31,WH-IBD,PRD-0019,3,79200
2024-08-31,WH-ABJ,PRD-0019,107,2824800
2024-08-31,WH-PHC,PRD-0019,113,2983200
2024-08-31,WH-LAG1,PRD-0020,70,1666000
2024-08-31,WH-LAG2,PRD-0020,16,380800
2024-08-31,WH-IBD,PRD-0020,127,3022600
2024-08-31,WH-ABJ,PRD-0020,137,3260600
2024-08-31,WH-PHC,PRD-0020,120,2856000
2024-08-31,WH-LAG1,PRD-0021,86,1272800
2024-08-31,WH-LAG2,PRD-0021,10,148000
2024-08-31,WH-IBD,PRD-0021,68,1006400
2024-08-31,WH-ABJ,PRD-0021,77,1139600
2024-08-31,WH-PHC,PRD-0021,10,148000
2024-08-31,WH-LAG1,PRD-0022,42,403200
2024-08-31,WH-LAG2,PRD-0022,10,96000
2024-08-31,WH-IBD,PRD-0022,7,67200
2024-08-31,WH-ABJ,PRD-0022,31,297600
2024-08-31,WH-PHC,PRD-0022,22,211200
2024-08-31,WH-LAG1,PRD-0023,148,1983200
2024-08-31,WH-LAG2,PRD-0023,21,281400
2024-08-31,WH-IBD,PRD-0023,60,804000
2024-08-31,WH-ABJ,PRD-0023,29,388600
2024-08-31,WH-PHC,PRD-0023,97,1299800
2024-08-31,WH-LAG1,PRD-0024,39,304200
2024-08-31,WH-LAG2,PRD-0024,45,351000
2024-08-31,WH-IBD,PRD-0024,29,226200
2024-08-31,WH-ABJ,PRD-0024,0,0
2024-08-31,WH-PHC,PRD-0024,3,23400
2024-08-31,WH-LAG1,PRD-0025,141,606300
2024-08-31,WH-LAG2,PRD-0025,42,180600
2024-08-31,WH-IBD,PRD-0025,54,232200
2024-08-31,WH-ABJ,PRD-0025,65,279500
2024-08-31,WH-PHC,PRD-0025,39,167700
2024-08-31,WH-LAG1,PRD-0026,0,0
2024-08-31,WH-LAG2,PRD-0026,58,208800
2024-08-31,WH-IBD,PRD-0026,26,93600
2024-08-31,WH-ABJ,PRD-0026,20,72000
2024-08-31,WH-PHC,PRD-0026,30,108000
2024-08-31,WH-LAG1,PRD-0027,6,22800
2024-08-31,WH-LAG2,PRD-0027,23,87400
2024-08-31,WH-IBD,PRD-0027,10,38000
2024-08-31,WH-ABJ,PRD-0027,31,117800
2024-08-31,WH-PHC,PRD-0027,5,19000
2024-08-31,WH-LAG1,PRD-0028,88,352000
2024-08-31,WH-LAG2,PRD-0028,66,264000
2024-08-31,WH-IBD,PRD-0028,36,144000
2024-08-31,WH-ABJ,PRD-0028,0,0
2024-08-31,WH-PHC,PRD-0028,0,0
2024-08-31,WH-LAG1,PRD-0029,20,178000
2024-08-31,WH-LAG2,PRD-0029,39,347100
2024-08-31,WH-IBD,PRD-0029,14,124600
2024-08-31,WH-ABJ,PRD-0029,40,356000
2024-08-31,WH-PHC,PRD-0029,33,293700
2024-08-31,WH-LAG1,PRD-0030,39,838500
2024-08-31,WH-LAG2,PRD-0030,10,215000
2024-08-31,WH-IBD,PRD-0030,10,215000
2024-08-31,WH-ABJ,PRD-0030,10,215000
2024-08-31,WH-PHC,PRD-0030,7,150500
2024-08-31,WH-LAG1,PRD-0031,156,4711200
2024-08-31,WH-LAG2,PRD-0031,38,1147600
2024-08-31,WH-IBD,PRD-0031,11,332200
2024-08-31,WH-ABJ,PRD-0031,69,2083800
2024-08-31,WH-PHC,PRD-0031,35,1057000
2024-08-31,WH-LAG1,PRD-0032,10,168000
2024-08-31,WH-LAG2,PRD-0032,10,168000
2024-08-31,WH-IBD,PRD-0032,10,168000
2024-08-31,WH-ABJ,PRD-0032,10,168000
2024-08-31,WH-PHC,PRD-0032,10,168000
2024-08-31,WH-LAG1,PRD-0033,54,507600
2024-08-31,WH-LAG2,PRD-0033,23,216200
2024-08-31,WH-IBD,PRD-0033,45,423000
2024-08-31,WH-ABJ,PRD-0033,57,535800
2024-08-31,WH-PHC,PRD-0033,24,225600
2024-08-31,WH-LAG1,PRD-0034,49,632100
2024-08-31,WH-LAG2,PRD-0034,11,141900
2024-08-31,WH-IBD,PRD-0034,10,129000
2024-08-31,WH-ABJ,PRD-0034,39,503100
2024-08-31,WH-PHC,PRD-0034,11,141900
2024-08-31,WH-LAG1,PRD-0035,148,1746400
2024-08-31,WH-LAG2,PRD-0035,73,861400
2024-08-31,WH-IBD,PRD-0035,87,1026600
2024-08-31,WH-ABJ,PRD-0035,30,354000
2024-08-31,WH-PHC,PRD-0035,67,790600
2024-08-31,WH-LAG1,PRD-0036,62,967200
2024-08-31,WH-LAG2,PRD-0036,10,156000
2024-08-31,WH-IBD,PRD-0036,6,93600
2024-08-31,WH-ABJ,PRD-0036,0,0
2024-08-31,WH-PHC,PRD-0036,50,780000
2024-08-31,WH-LAG1,PRD-0037,149,2950200
2024-08-31,WH-LAG2,PRD-0037,64,1267200
2024-08-31,WH-IBD,PRD-0037,109,2158200
2024-08-31,WH-ABJ,PRD-0037,104,2059200
2024-08-31,WH-PHC,PRD-0037,36,712800
2024-08-31,WH-LAG1,PRD-0038,0,0
2024-08-31,WH-LAG2,PRD-0038,27,321300
2024-08-31,WH-IBD,PRD-0038,2,23800
2024-08-31,WH-ABJ,PRD-0038,10,119000
2024-08-31,WH-PHC,PRD-0038,10,119000
2024-08-31,WH-LAG1,PRD-0039,254,3149600
2024-08-31,WH-LAG2,PRD-0039,166,2058400
2024-08-31,WH-IBD,PRD-0039,107,1326800
2024-08-31,WH-ABJ,PRD-0039,199,2467600
2024-08-31,WH-PHC,PRD-0039,167,2070800
2024-08-31,WH-LAG1,PRD-0040,85,952000
2024-08-31,WH-LAG2,PRD-0040,63,705600
2024-08-31,WH-IBD,PRD-0040,62,694400
2024-08-31,WH-ABJ,PRD-0040,40,448000
2024-08-31,WH-PHC,PRD-0040,67,750400
2024-08-31,WH-LAG1,PRD-0041,40,208000
2024-08-31,WH-LAG2,PRD-0041,18,93600
2024-08-31,WH-IBD,PRD-0041,66,343200
2024-08-31,WH-ABJ,PRD-0041,76,395200
2024-08-31,WH-PHC,PRD-0041,30,156000
2024-08-31,WH-LAG1,PRD-0042,32,700800
2024-08-31,WH-LAG2,PRD-0042,10,219000
2024-08-31,WH-IBD,PRD-0042,10,219000
2024-08-31,WH-ABJ,PRD-0042,10,219000
2024-08-31,WH-PHC,PRD-0042,10,219000
2024-08-31,WH-LAG1,PRD-0043,12,182400
2024-08-31,WH-LAG2,PRD-0043,8,121600
2024-08-31,WH-IBD,PRD-0043,10,152000
2024-08-31,WH-ABJ,PRD-0043,10,152000
2024-08-31,WH-PHC,PRD-0043,10,152000
2024-08-31,WH-LAG1,PRD-0044,10,68000
2024-08-31,WH-LAG2,PRD-0044,10,68000
2024-08-31,WH-IBD,PRD-0044,10,68000
2024-08-31,WH-ABJ,PRD-0044,5,34000
2024-08-31,WH-PHC,PRD-0044,10,68000
2024-08-31,WH-LAG1,PRD-0045,127,787400
2024-08-31,WH-LAG2,PRD-0045,74,458800
2024-08-31,WH-IBD,PRD-0045,68,421600
2024-08-31,WH-ABJ,PRD-0045,84,520800
2024-08-31,WH-PHC,PRD-0045,40,248000
2024-08-31,WH-LAG1,PRD-0046,108,1490400
2024-08-31,WH-LAG2,PRD-0046,65,897000
2024-08-31,WH-IBD,PRD-0046,46,634800
2024-08-31,WH-ABJ,PRD-0046,23,317400
2024-08-31,WH-PHC,PRD-0046,64,883200
2024-08-31,WH-LAG1,PRD-0047,129,2089800
2024-08-31,WH-LAG2,PRD-0047,30,486000
2024-08-31,WH-IBD,PRD-0047,78,1263600
2024-08-31,WH-ABJ,PRD-0047,102,1652400
2024-08-31,WH-PHC,PRD-0047,44,712800
2024-08-31,WH-LAG1,PRD-0048,41,594500
2024-08-31,WH-LAG2,PRD-0048,18,261000
2024-08-31,WH-IBD,PRD-0048,21,304500
2024-08-31,WH-ABJ,PRD-0048,31,449500
2024-08-31,WH-PHC,PRD-0048,71,1029500
2024-08-31,WH-LAG1,PRD-0049,99,1376100
2024-08-31,WH-LAG2,PRD-0049,20,278000
2024-08-31,WH-IBD,PRD-0049,17,236300
2024-08-31,WH-ABJ,PRD-0049,63,875700
2024-08-31,WH-PHC,PRD-0049,53,736700
2024-08-31,WH-LAG1,PRD-0050,0,0
2024-08-31,WH-LAG2,PRD-0050,17,78200
2024-08-31,WH-IBD,PRD-0050,12,55200
2024-08-31,WH-ABJ,PRD-0050,17,78200
2024-08-31,WH-PHC,PRD-0050,17,78200
2024-08-31,WH-LAG1,PRD-0051,288,10022400
2024-08-31,WH-LAG2,PRD-0051,154,5359200
2024-08-31,WH-IBD,PRD-0051,133,4628400
2024-08-31,WH-ABJ,PRD-0051,181,6298800
2024-08-31,WH-PHC,PRD-0051,44,1531200
2024-08-31,WH-LAG1,PRD-0052,14,474600
2024-08-31,WH-LAG2,PRD-0052,16,542400
2024-08-31,WH-IBD,PRD-0052,12,406800
2024-08-31,WH-ABJ,PRD-0052,3,101700
2024-08-31,WH-PHC,PRD-0052,1,33900
2024-08-31,WH-LAG1,PRD-0053,32,1049600
2024-08-31,WH-LAG2,PRD-0053,23,754400
2024-08-31,WH-IBD,PRD-0053,10,328000
2024-08-31,WH-ABJ,PRD-0053,8,262400
2024-08-31,WH-PHC,PRD-0053,10,328000
2024-08-31,WH-LAG1,PRD-0054,10,136000
2024-08-31,WH-LAG2,PRD-0054,5,68000
2024-08-31,WH-IBD,PRD-0054,10,136000
2024-08-31,WH-ABJ,PRD-0054,10,136000
2024-08-31,WH-PHC,PRD-0054,10,136000
2024-08-31,WH-LAG1,PRD-0055,74,1021200
2024-08-31,WH-LAG2,PRD-0055,80,1104000
2024-08-31,WH-IBD,PRD-0055,14,193200
2024-08-31,WH-ABJ,PRD-0055,9,124200
2024-08-31,WH-PHC,PRD-0055,14,193200
2024-08-31,WH-LAG1,PRD-0056,62,1326800
2024-08-31,WH-LAG2,PRD-0056,41,877400
2024-08-31,WH-IBD,PRD-0056,14,299600
2024-08-31,WH-ABJ,PRD-0056,54,1155600
2024-08-31,WH-PHC,PRD-0056,57,1219800
2024-08-31,WH-LAG1,PRD-0057,271,4281800
2024-08-31,WH-LAG2,PRD-0057,135,2133000
2024-08-31,WH-IBD,PRD-0057,0,0
2024-08-31,WH-ABJ,PRD-0057,233,3681400
2024-08-31,WH-PHC,PRD-0057,1,15800
2024-08-31,WH-LAG1,PRD-0058,124,1847600
2024-08-31,WH-LAG2,PRD-0058,26,387400
2024-08-31,WH-IBD,PRD-0058,68,1013200
2024-08-31,WH-ABJ,PRD-0058,25,372500
2024-08-31,WH-PHC,PRD-0058,53,789700
2024-08-31,WH-LAG1,PRD-0059,55,2337500
2024-08-31,WH-LAG2,PRD-0059,78,3315000
2024-08-31,WH-IBD,PRD-0059,67,2847500
2024-08-31,WH-ABJ,PRD-0059,68,2890000
2024-08-31,WH-PHC,PRD-0059,62,2635000
2024-08-31,WH-LAG1,PRD-0060,212,10133600
2024-08-31,WH-LAG2,PRD-0060,127,6070600
2024-08-31,WH-IBD,PRD-0060,82,3919600
2024-08-31,WH-ABJ,PRD-0060,63,3011400
2024-08-31,WH-PHC,PRD-0060,128,6118400
2024-08-31,WH-LAG1,PRD-0061,79,1011200
2024-08-31,WH-LAG2,PRD-0061,97,1241600
2024-08-31,WH-IBD,PRD-0061,0,0
2024-08-31,WH-ABJ,PRD-0061,180,2304000
2024-08-31,WH-PHC,PRD-0061,103,1318400
2024-08-31,WH-LAG1,PRD-0062,203,2760800
2024-08-31,WH-LAG2,PRD-0062,70,952000
2024-08-31,WH-IBD,PRD-0062,145,1972000
2024-08-31,WH-ABJ,PRD-0062,55,748000
2024-08-31,WH-PHC,PRD-0062,119,1618400
2024-08-31,WH-LAG1,PRD-0063,38,452200
2024-08-31,WH-LAG2,PRD-0063,87,1035300
2024-08-31,WH-IBD,PRD-0063,67,797300
2024-08-31,WH-ABJ,PRD-0063,16,190400
2024-08-31,WH-PHC,PRD-0063,87,1035300
2024-08-31,WH-LAG1,PRD-0064,278,8562400
2024-08-31,WH-LAG2,PRD-0064,110,3388000
2024-08-31,WH-IBD,PRD-0064,128,3942400
2024-08-31,WH-ABJ,PRD-0064,0,0
2024-08-31,WH-PHC,PRD-0064,90,2772000
2024-08-31,WH-LAG1,PRD-0065,42,1108800
2024-08-31,WH-LAG2,PRD-0065,18,475200
2024-08-31,WH-IBD,PRD-0065,97,2560800
2024-08-31,WH-ABJ,PRD-0065,108,2851200
2024-08-31,WH-PHC,PRD-0065,0,0
2024-08-31,WH-LAG1,PRD-0066,10,442000
2024-08-31,WH-LAG2,PRD-0066,0,0
2024-08-31,WH-IBD,PRD-0066,10,442000
2024-08-31,WH-ABJ,PRD-0066,4,176800
2024-08-31,WH-PHC,PRD-0066,10,442000
2024-08-31,WH-LAG1,PRD-0067,162,1684800
2024-08-31,WH-LAG2,PRD-0067,78,811200
2024-08-31,WH-IBD,PRD-0067,63,655200
2024-08-31,WH-ABJ,PRD-0067,103,1071200
2024-08-31,WH-PHC,PRD-0067,83,863200
2024-08-31,WH-LAG1,PRD-0068,124,1636800
2024-08-31,WH-LAG2,PRD-0068,97,1280400
2024-08-31,WH-IBD,PRD-0068,58,765600
2024-08-31,WH-ABJ,PRD-0068,216,2851200
2024-08-31,WH-PHC,PRD-0068,123,1623600
2024-08-31,WH-LAG1,PRD-0069,11,151800
2024-08-31,WH-LAG2,PRD-0069,10,138000
2024-08-31,WH-IBD,PRD-0069,10,138000
2024-08-31,WH-ABJ,PRD-0069,22,303600
2024-08-31,WH-PHC,PRD-0069,10,138000
2024-08-31,WH-LAG1,PRD-0070,32,492800
2024-08-31,WH-LAG2,PRD-0070,37,569800
2024-08-31,WH-IBD,PRD-0070,6,92400
2024-08-31,WH-ABJ,PRD-0070,17,261800
2024-08-31,WH-PHC,PRD-0070,34,523600
2024-08-31,WH-LAG1,PRD-0071,23,340400
2024-08-31,WH-LAG2,PRD-0071,10,148000
2024-08-31,WH-IBD,PRD-0071,21,310800
2024-08-31,WH-ABJ,PRD-0071,10,148000
2024-08-31,WH-PHC,PRD-0071,0,0
2024-08-31,WH-LAG1,PRD-0072,0,0
2024-08-31,WH-LAG2,PRD-0072,20,652000
2024-08-31,WH-IBD,PRD-0072,45,1467000
2024-08-31,WH-ABJ,PRD-0072,62,2021200
2024-08-31,WH-PHC,PRD-0072,19,619400
2024-08-31,WH-LAG1,PRD-0073,36,1072800
2024-08-31,WH-LAG2,PRD-0073,10,298000
2024-08-31,WH-IBD,PRD-0073,8,238400
2024-08-31,WH-ABJ,PRD-0073,20,596000
2024-08-31,WH-PHC,PRD-0073,10,298000
2024-08-31,WH-LAG1,PRD-0074,214,6291600
2024-08-31,WH-LAG2,PRD-0074,109,3204600
2024-08-31,WH-IBD,PRD-0074,67,1969800
2024-08-31,WH-ABJ,PRD-0074,87,2557800
2024-08-31,WH-PHC,PRD-0074,99,2910600
2024-08-31,WH-LAG1,PRD-0075,62,1661600
2024-08-31,WH-LAG2,PRD-0075,27,723600
2024-08-31,WH-IBD,PRD-0075,14,375200
2024-08-31,WH-ABJ,PRD-0075,17,455600
2024-08-31,WH-PHC,PRD-0075,9,241200
2024-08-31,WH-LAG1,PRD-0076,128,2995200
2024-08-31,WH-LAG2,PRD-0076,99,2316600
2024-08-31,WH-IBD,PRD-0076,89,2082600
2024-08-31,WH-ABJ,PRD-0076,38,889200
2024-08-31,WH-PHC,PRD-0076,19,444600
2024-08-31,WH-LAG1,PRD-0077,538,13772800
2024-08-31,WH-LAG2,PRD-0077,262,6707200
2024-08-31,WH-IBD,PRD-0077,269,6886400
2024-08-31,WH-ABJ,PRD-0077,114,2918400
2024-08-31,WH-PHC,PRD-0077,190,4864000
2024-08-31,WH-LAG1,PRD-0078,151,4197800
2024-08-31,WH-LAG2,PRD-0078,101,2807800
2024-08-31,WH-IBD,PRD-0078,96,2668800
2024-08-31,WH-ABJ,PRD-0078,12,333600
2024-08-31,WH-PHC,PRD-0078,10,278000
2024-08-31,WH-LAG1,PRD-0079,61,2348500
2024-08-31,WH-LAG2,PRD-0079,39,1501500
2024-08-31,WH-IBD,PRD-0079,70,2695000
2024-08-31,WH-ABJ,PRD-0079,36,1386000
2024-08-31,WH-PHC,PRD-0079,28,1078000
2024-08-31,WH-LAG1,PRD-0080,107,2097200
2024-08-31,WH-LAG2,PRD-0080,29,568400
2024-08-31,WH-IBD,PRD-0080,17,333200
2024-08-31,WH-ABJ,PRD-0080,114,2234400
2024-08-31,WH-PHC,PRD-0080,4,78400
2024-08-31,WH-LAG1,PRD-0081,187,6058800
2024-08-31,WH-LAG2,PRD-0081,30,972000
2024-08-31,WH-IBD,PRD-0081,31,1004400
2024-08-31,WH-ABJ,PRD-0081,99,3207600
2024-08-31,WH-PHC,PRD-0081,37,1198800
2024-08-31,WH-LAG1,PRD-0082,108,2786400
2024-08-31,WH-LAG2,PRD-0082,97,2502600
2024-08-31,WH-IBD,PRD-0082,67,1728600
2024-08-31,WH-ABJ,PRD-0082,72,1857600
2024-08-31,WH-PHC,PRD-0082,84,2167200
2024-08-31,WH-LAG1,PRD-0083,385,7084000
2024-08-31,WH-LAG2,PRD-0083,158,2907200
2024-08-31,WH-IBD,PRD-0083,108,1987200
2024-08-31,WH-ABJ,PRD-0083,179,3293600
2024-08-31,WH-PHC,PRD-0083,120,2208000
2024-08-31,WH-LAG1,PRD-0084,102,2203200
2024-08-31,WH-LAG2,PRD-0084,146,3153600
2024-08-31,WH-IBD,PRD-0084,110,2376000
2024-08-31,WH-ABJ,PRD-0084,90,1944000
2024-08-31,WH-PHC,PRD-0084,117,2527200
2024-08-31,WH-LAG1,PRD-0085,174,4558800
2024-08-31,WH-LAG2,PRD-0085,75,1965000
2024-08-31,WH-IBD,PRD-0085,111,2908200
2024-08-31,WH-ABJ,PRD-0085,31,812200
2024-08-31,WH-PHC,PRD-0085,0,0
2024-08-31,WH-LAG1,PRD-0086,486,11566800
2024-08-31,WH-LAG2,PRD-0086,208,4950400
2024-08-31,WH-IBD,PRD-0086,184,4379200
2024-08-31,WH-ABJ,PRD-0086,288,6854400
2024-08-31,WH-PHC,PRD-0086,234,5569200
2024-08-31,WH-LAG1,PRD-0087,8,150400
2024-08-31,WH-LAG2,PRD-0087,19,357200
2024-08-31,WH-IBD,PRD-0087,23,432400
2024-08-31,WH-ABJ,PRD-0087,10,188000
2024-08-31,WH-PHC,PRD-0087,10,188000
2024-08-31,WH-LAG1,PRD-0088,14,173600
2024-08-31,WH-LAG2,PRD-0088,10,124000
2024-08-31,WH-IBD,PRD-0088,10,124000
2024-08-31,WH-ABJ,PRD-0088,43,533200
2024-08-31,WH-PHC,PRD-0088,65,806000
2024-08-31,WH-LAG1,PRD-0089,14,156800
2024-08-31,WH-LAG2,PRD-0089,9,100800
2024-08-31,WH-IBD,PRD-0089,0,0
2024-08-31,WH-ABJ,PRD-0089,50,560000
2024-08-31,WH-PHC,PRD-0089,0,0
2024-08-31,WH-LAG1,PRD-0090,1638,46846800
2024-08-31,WH-LAG2,PRD-0090,42,1201200
2024-08-31,WH-IBD,PRD-0090,679,19419400
2024-08-31,WH-ABJ,PRD-0090,993,28399800
2024-08-31,WH-PHC,PRD-0090,225,6435000
2024-08-31,WH-LAG1,PRD-0091,56,1209600
2024-08-31,WH-LAG2,PRD-0091,62,1339200
2024-08-31,WH-IBD,PRD-0091,0,0
2024-08-31,WH-ABJ,PRD-0091,106,2289600
2024-08-31,WH-PHC,PRD-0091,99,2138400
2024-08-31,WH-LAG1,PRD-0092,24,595200
2024-08-31,WH-LAG2,PRD-0092,16,396800
2024-08-31,WH-IBD,PRD-0092,8,198400
2024-08-31,WH-ABJ,PRD-0092,28,694400
2024-08-31,WH-PHC,PRD-0092,16,396800
2024-08-31,WH-LAG1,PRD-0093,237,4597800
2024-08-31,WH-LAG2,PRD-0093,40,776000
2024-08-31,WH-IBD,PRD-0093,54,1047600
2024-08-31,WH-ABJ,PRD-0093,105,2037000
2024-08-31,WH-PHC,PRD-0093,70,1358000
2024-08-31,WH-LAG1,PRD-0094,15,282000
2024-08-31,WH-LAG2,PRD-0094,10,188000
2024-08-31,WH-IBD,PRD-0094,9,169200
2024-08-31,WH-ABJ,PRD-0094,10,188000
2024-08-31,WH-PHC,PRD-0094,9,169200
2024-08-31,WH-LAG1,PRD-0095,28,473200
2024-08-31,WH-LAG2,PRD-0095,10,169000
2024-08-31,WH-IBD,PRD-0095,24,405600
2024-08-31,WH-ABJ,PRD-0095,0,0
2024-08-31,WH-PHC,PRD-0095,16,270400
2024-08-31,WH-LAG1,PRD-0096,13,236600
2024-08-31,WH-LAG2,PRD-0096,4,72800
2024-08-31,WH-IBD,PRD-0096,21,382200
2024-08-31,WH-ABJ,PRD-0096,10,182000
2024-08-31,WH-PHC,PRD-0096,23,418600
2024-08-31,WH-LAG1,PRD-0097,21,373800
2024-08-31,WH-LAG2,PRD-0097,8,142400
2024-08-31,WH-IBD,PRD-0097,0,0
2024-08-31,WH-ABJ,PRD-0097,30,534000
2024-08-31,WH-PHC,PRD-0097,34,605200
2024-08-31,WH-LAG1,PRD-0098,355,4757000
2024-08-31,WH-LAG2,PRD-0098,152,2036800
2024-08-31,WH-IBD,PRD-0098,142,1902800
2024-08-31,WH-ABJ,PRD-0098,219,2934600
2024-08-31,WH-PHC,PRD-0098,94,1259600
2024-08-31,WH-LAG1,PRD-0099,12,151200
2024-08-31,WH-LAG2,PRD-0099,4,50400
2024-08-31,WH-IBD,PRD-0099,0,0
2024-08-31,WH-ABJ,PRD-0099,10,126000
2024-08-31,WH-PHC,PRD-0099,8,100800
2024-08-31,WH-LAG1,PRD-0100,502,8433600
2024-08-31,WH-LAG2,PRD-0100,200,3360000
2024-08-31,WH-IBD,PRD-0100,283,4754400
2024-08-31,WH-ABJ,PRD-0100,430,7224000
2024-08-31,WH-PHC,PRD-0100,339,5695200
2024-08-31,WH-LAG1,PRD-0101,55,1012000
2024-08-31,WH-LAG2,PRD-0101,35,644000
2024-08-31,WH-IBD,PRD-0101,9,165600
2024-08-31,WH-ABJ,PRD-0101,27,496800
2024-08-31,WH-PHC,PRD-0101,35,644000
2024-08-31,WH-LAG1,PRD-0102,58,823600
2024-08-31,WH-LAG2,PRD-0102,70,994000
2024-08-31,WH-IBD,PRD-0102,63,894600
2024-08-31,WH-ABJ,PRD-0102,96,1363200
2024-08-31,WH-PHC,PRD-0102,27,383400
2024-08-31,WH-LAG1,PRD-0103,60,1788000
2024-08-31,WH-LAG2,PRD-0103,73,2175400
2024-08-31,WH-IBD,PRD-0103,91,2711800
2024-08-31,WH-ABJ,PRD-0103,73,2175400
2024-08-31,WH-PHC,PRD-0103,62,1847600
2024-08-31,WH-LAG1,PRD-0104,51,703800
2024-08-31,WH-LAG2,PRD-0104,10,138000
2024-08-31,WH-IBD,PRD-0104,10,138000
2024-08-31,WH-ABJ,PRD-0104,27,372600
2024-08-31,WH-PHC,PRD-0104,10,138000
2024-08-31,WH-LAG1,PRD-0105,55,1903000
2024-08-31,WH-LAG2,PRD-0105,20,692000
2024-08-31,WH-IBD,PRD-0105,29,1003400
2024-08-31,WH-ABJ,PRD-0105,34,1176400
2024-08-31,WH-PHC,PRD-0105,26,899600
2024-08-31,WH-LAG1,PRD-0106,45,1476000
2024-08-31,WH-LAG2,PRD-0106,10,328000
2024-08-31,WH-IBD,PRD-0106,10,328000
2024-08-31,WH-ABJ,PRD-0106,11,360800
2024-08-31,WH-PHC,PRD-0106,10,328000
2024-08-31,WH-LAG1,PRD-0107,14,467600
2024-08-31,WH-LAG2,PRD-0107,25,835000
2024-08-31,WH-IBD,PRD-0107,10,334000
2024-08-31,WH-ABJ,PRD-0107,38,1269200
2024-08-31,WH-PHC,PRD-0107,8,267200
2024-08-31,WH-LAG1,PRD-0108,240,6432000
2024-08-31,WH-LAG2,PRD-0108,129,3457200
2024-08-31,WH-IBD,PRD-0108,181,4850800
2024-08-31,WH-ABJ,PRD-0108,255,6834000
2024-08-31,WH-PHC,PRD-0108,229,6137200
2024-08-31,WH-LAG1,PRD-0109,56,1478400
2024-08-31,WH-LAG2,PRD-0109,98,2587200
2024-08-31,WH-IBD,PRD-0109,54,1425600
2024-08-31,WH-ABJ,PRD-0109,110,2904000
2024-08-31,WH-PHC,PRD-0109,74,1953600
2024-08-31,WH-LAG1,PRD-0110,24,595200
2024-08-31,WH-LAG2,PRD-0110,9,223200
2024-08-31,WH-IBD,PRD-0110,23,570400
2024-08-31,WH-ABJ,PRD-0110,12,297600
2024-08-31,WH-PHC,PRD-0110,17,421600
2024-08-31,WH-LAG1,PRD-0111,126,1234800
2024-08-31,WH-LAG2,PRD-0111,89,872200
2024-08-31,WH-IBD,PRD-0111,97,950600
2024-08-31,WH-ABJ,PRD-0111,122,1195600
2024-08-31,WH-PHC,PRD-0111,16,156800
2024-08-31,WH-LAG1,PRD-0112,0,0
2024-08-31,WH-LAG2,PRD-0112,7,82600
2024-08-31,WH-IBD,PRD-0112,10,118000
2024-08-31,WH-ABJ,PRD-0112,10,118000
2024-08-31,WH-PHC,PRD-0112,23,271400
2024-08-31,WH-LAG1,PRD-0113,180,1548000
2024-08-31,WH-LAG2,PRD-0113,116,997600
2024-08-31,WH-IBD,PRD-0113,29,249400
2024-08-31,WH-ABJ,PRD-0113,129,1109400
2024-08-31,WH-PHC,PRD-0113,19,163400
2024-08-31,WH-LAG1,PRD-0114,30,366000
2024-08-31,WH-LAG2,PRD-0114,10,122000
2024-08-31,WH-IBD,PRD-0114,10,122000
2024-08-31,WH-ABJ,PRD-0114,25,305000
2024-08-31,WH-PHC,PRD-0114,10,122000
2024-08-31,WH-LAG1,PRD-0115,148,2427200
2024-08-31,WH-LAG2,PRD-0115,19,311600
2024-08-31,WH-IBD,PRD-0115,95,1558000
2024-08-31,WH-ABJ,PRD-0115,109,1787600
2024-08-31,WH-PHC,PRD-0115,92,1508800
2024-08-31,WH-LAG1,PRD-0116,22,303600
2024-08-31,WH-LAG2,PRD-0116,46,634800
2024-08-31,WH-IBD,PRD-0116,12,165600
2024-08-31,WH-ABJ,PRD-0116,61,841800
2024-08-31,WH-PHC,PRD-0116,61,841800
2024-08-31,WH-LAG1,PRD-0117,124,1884800
2024-08-31,WH-LAG2,PRD-0117,17,258400
2024-08-31,WH-IBD,PRD-0117,70,1064000
2024-08-31,WH-ABJ,PRD-0117,90,1368000
2024-08-31,WH-PHC,PRD-0117,81,1231200
2024-08-31,WH-LAG1,PRD-0118,360,6336000
2024-08-31,WH-LAG2,PRD-0118,87,1531200
2024-08-31,WH-IBD,PRD-0118,126,2217600
2024-08-31,WH-ABJ,PRD-0118,39,686400
2024-08-31,WH-PHC,PRD-0118,50,880000
2024-08-31,WH-LAG1,PRD-0119,27,507600
2024-08-31,WH-LAG2,PRD-0119,10,188000
2024-08-31,WH-IBD,PRD-0119,1,18800
2024-08-31,WH-ABJ,PRD-0119,10,188000
2024-08-31,WH-PHC,PRD-0119,10,188000
2024-08-31,WH-LAG1,PRD-0120,200,2480000
2024-08-31,WH-LAG2,PRD-0120,154,1909600
2024-08-31,WH-IBD,PRD-0120,65,806000
2024-08-31,WH-ABJ,PRD-0120,152,1884800
2024-08-31,WH-PHC,PRD-0120,53,657200
2024-08-31,WH-LAG1,PRD-0121,299,6458400
2024-08-31,WH-LAG2,PRD-0121,97,2095200
2024-08-31,WH-IBD,PRD-0121,150,3240000
2024-08-31,WH-ABJ,PRD-0121,0,0
2024-08-31,WH-PHC,PRD-0121,64,1382400
2024-08-31,WH-LAG1,PRD-0122,221,3270800
2024-08-31,WH-LAG2,PRD-0122,30,444000
2024-08-31,WH-IBD,PRD-0122,133,1968400
2024-08-31,WH-ABJ,PRD-0122,111,1642800
2024-08-31,WH-PHC,PRD-0122,160,2368000
2024-08-31,WH-LAG1,PRD-0123,131,1519600
2024-08-31,WH-LAG2,PRD-0123,80,928000
2024-08-31,WH-IBD,PRD-0123,42,487200
2024-08-31,WH-ABJ,PRD-0123,75,870000
2024-08-31,WH-PHC,PRD-0123,11,127600
2024-08-31,WH-LAG1,PRD-0124,99,673200
2024-08-31,WH-LAG2,PRD-0124,11,74800
2024-08-31,WH-IBD,PRD-0124,10,68000
2024-08-31,WH-ABJ,PRD-0124,68,462400
2024-08-31,WH-PHC,PRD-0124,11,74800
2024-08-31,WH-LAG1,PRD-0125,711,9100800
2024-08-31,WH-LAG2,PRD-0125,189,2419200
2024-08-31,WH-IBD,PRD-0125,318,4070400
2024-08-31,WH-ABJ,PRD-0125,485,6208000
2024-08-31,WH-PHC,PRD-0125,384,4915200
2024-08-31,WH-LAG1,PRD-0126,73,1722800
2024-08-31,WH-LAG2,PRD-0126,17,401200
2024-08-31,WH-IBD,PRD-0126,18,424800
2024-08-31,WH-ABJ,PRD-0126,46,1085600
2024-08-31,WH-PHC,PRD-0126,45,1062000
2024-08-31,WH-LAG1,PRD-0127,76,1003200
2024-08-31,WH-LAG2,PRD-0127,20,264000
2024-08-31,WH-IBD,PRD-0127,13,171600
2024-08-31,WH-ABJ,PRD-0127,15,198000
2024-08-31,WH-PHC,PRD-0127,20,264000
2024-08-31,WH-LAG1,PRD-0128,151,2536800
2024-08-31,WH-LAG2,PRD-0128,38,638400
2024-08-31,WH-IBD,PRD-0128,39,655200
2024-08-31,WH-ABJ,PRD-0128,3,50400
2024-08-31,WH-PHC,PRD-0128,27,453600
2024-08-31,WH-LAG1,PRD-0129,8,123200
2024-08-31,WH-LAG2,PRD-0129,7,107800
2024-08-31,WH-IBD,PRD-0129,9,138600
2024-08-31,WH-ABJ,PRD-0129,20,308000
2024-08-31,WH-PHC,PRD-0129,10,154000
2024-08-31,WH-LAG1,PRD-0130,49,529200
2024-08-31,WH-LAG2,PRD-0130,44,475200
2024-08-31,WH-IBD,PRD-0130,12,129600
2024-08-31,WH-ABJ,PRD-0130,60,648000
2024-08-31,WH-PHC,PRD-0130,4,43200
2024-08-31,WH-LAG1,PRD-0131,127,3251200
2024-08-31,WH-LAG2,PRD-0131,133,3404800
2024-08-31,WH-IBD,PRD-0131,68,1740800
2024-08-31,WH-ABJ,PRD-0131,33,844800
2024-08-31,WH-PHC,PRD-0131,17,435200
2024-08-31,WH-LAG1,PRD-0132,22,690800
2024-08-31,WH-LAG2,PRD-0132,65,2041000
2024-08-31,WH-IBD,PRD-0132,12,376800
2024-08-31,WH-ABJ,PRD-0132,13,408200
2024-08-31,WH-PHC,PRD-0132,59,1852600
2024-08-31,WH-LAG1,PRD-0133,0,0
2024-08-31,WH-LAG2,PRD-0133,37,880600
2024-08-31,WH-IBD,PRD-0133,10,238000
2024-08-31,WH-ABJ,PRD-0133,10,238000
2024-08-31,WH-PHC,PRD-0133,10,238000
2024-08-31,WH-LAG1,PRD-0134,56,1668800
2024-08-31,WH-LAG2,PRD-0134,10,298000
2024-08-31,WH-IBD,PRD-0134,10,298000
2024-08-31,WH-ABJ,PRD-0134,7,208600
2024-08-31,WH-PHC,PRD-0134,8,238400
2024-08-31,WH-LAG1,PRD-0135,245,6468000
2024-08-31,WH-LAG2,PRD-0135,147,3880800
2024-08-31,WH-IBD,PRD-0135,149,3933600
2024-08-31,WH-ABJ,PRD-0135,192,5068800
2024-08-31,WH-PHC,PRD-0135,115,3036000
2024-08-31,WH-LAG1,PRD-0136,113,4813800
2024-08-31,WH-LAG2,PRD-0136,10,426000
2024-08-31,WH-IBD,PRD-0136,65,2769000
2024-08-31,WH-ABJ,PRD-0136,51,2172600
2024-08-31,WH-PHC,PRD-0136,0,0
2024-08-31,WH-LAG1,PRD-0137,32,774400
2024-08-31,WH-LAG2,PRD-0137,103,2492600
2024-08-31,WH-IBD,PRD-0137,97,2347400
2024-08-31,WH-ABJ,PRD-0137,30,726000
2024-08-31,WH-PHC,PRD-0137,16,387200
2024-08-31,WH-LAG1,PRD-0138,181,3945800
2024-08-31,WH-LAG2,PRD-0138,117,2550600
2024-08-31,WH-IBD,PRD-0138,81,1765800
2024-08-31,WH-ABJ,PRD-0138,123,2681400
2024-08-31,WH-PHC,PRD-0138,23,501400
2024-08-31,WH-LAG1,PRD-0139,81,2332800
2024-08-31,WH-LAG2,PRD-0139,66,1900800
2024-08-31,WH-IBD,PRD-0139,11,316800
2024-08-31,WH-ABJ,PRD-0139,87,2505600
2024-08-31,WH-PHC,PRD-0139,97,2793600
2024-08-31,WH-LAG1,PRD-0140,11,257400
2024-08-31,WH-LAG2,PRD-0140,10,234000
2024-08-31,WH-IBD,PRD-0140,10,234000
2024-08-31,WH-ABJ,PRD-0140,8,187200
2024-08-31,WH-PHC,PRD-0140,10,234000
2024-08-31,WH-LAG1,PRD-0141,83,2556400
2024-08-31,WH-LAG2,PRD-0141,71,2186800
2024-08-31,WH-IBD,PRD-0141,10,308000
2024-08-31,WH-ABJ,PRD-0141,111,3418800
2024-08-31,WH-PHC,PRD-0141,68,2094400
2024-08-31,WH-LAG1,PRD-0142,217,9721600
2024-08-31,WH-LAG2,PRD-0142,106,4748800
2024-08-31,WH-IBD,PRD-0142,118,5286400
2024-08-31,WH-ABJ,PRD-0142,159,7123200
2024-08-31,WH-PHC,PRD-0142,46,2060800
2024-08-31,WH-LAG1,PRD-0143,71,2925200
2024-08-31,WH-LAG2,PRD-0143,17,700400
2024-08-31,WH-IBD,PRD-0143,53,2183600
2024-08-31,WH-ABJ,PRD-0143,64,2636800
2024-08-31,WH-PHC,PRD-0143,43,1771600
2024-08-31,WH-LAG1,PRD-0144,122,3269600
2024-08-31,WH-LAG2,PRD-0144,1,26800
2024-08-31,WH-IBD,PRD-0144,43,1152400
2024-08-31,WH-ABJ,PRD-0144,15,402000
2024-08-31,WH-PHC,PRD-0144,18,482400
2024-08-31,WH-LAG1,PRD-0145,53,1346200
2024-08-31,WH-LAG2,PRD-0145,88,2235200
2024-08-31,WH-IBD,PRD-0145,80,2032000
2024-08-31,WH-ABJ,PRD-0145,58,1473200
2024-08-31,WH-PHC,PRD-0145,81,2057400
2024-08-31,WH-LAG1,PRD-0146,73,2029400
2024-08-31,WH-LAG2,PRD-0146,44,1223200
2024-08-31,WH-IBD,PRD-0146,12,333600
2024-08-31,WH-ABJ,PRD-0146,16,444800
2024-08-31,WH-PHC,PRD-0146,41,1139800
2024-08-31,WH-LAG1,PRD-0147,91,2511600
2024-08-31,WH-LAG2,PRD-0147,7,193200
2024-08-31,WH-IBD,PRD-0147,11,303600
2024-08-31,WH-ABJ,PRD-0147,18,496800
2024-08-31,WH-PHC,PRD-0147,18,496800
2024-08-31,WH-LAG1,PRD-0148,78,1856400
2024-08-31,WH-LAG2,PRD-0148,49,1166200
2024-08-31,WH-IBD,PRD-0148,11,261800
2024-08-31,WH-ABJ,PRD-0148,47,1118600
2024-08-31,WH-PHC,PRD-0148,51,1213800
2024-08-31,WH-LAG1,PRD-0149,31,1233800
2024-08-31,WH-LAG2,PRD-0149,6,238800
2024-08-31,WH-IBD,PRD-0149,22,875600
2024-08-31,WH-ABJ,PRD-0149,20,796000
2024-08-31,WH-PHC,PRD-0149,12,477600
2024-08-31,WH-LAG1,PRD-0150,138,5299200
2024-08-31,WH-LAG2,PRD-0150,49,1881600
2024-08-31,WH-IBD,PRD-0150,26,998400
2024-08-31,WH-ABJ,PRD-0150,110,4224000
2024-08-31,WH-PHC,PRD-0150,38,1459200
2024-08-31,WH-LAG1,PRD-0151,1471,50896600
2024-08-31,WH-LAG2,PRD-0151,163,5639800
2024-08-31,WH-IBD,PRD-0151,553,19133800
2024-08-31,WH-ABJ,PRD-0151,838,28994800
2024-08-31,WH-PHC,PRD-0151,451,15604600
2024-08-31,WH-LAG1,PRD-0152,65,1404000
2024-08-31,WH-LAG2,PRD-0152,59,1274400
2024-08-31,WH-IBD,PRD-0152,60,1296000
2024-08-31,WH-ABJ,PRD-0152,11,237600
2024-08-31,WH-PHC,PRD-0152,64,1382400
2024-08-31,WH-LAG1,PRD-0153,323,6072400
2024-08-31,WH-LAG2,PRD-0153,108,2030400
2024-08-31,WH-IBD,PRD-0153,142,2669600
2024-08-31,WH-ABJ,PRD-0153,64,1203200
2024-08-31,WH-PHC,PRD-0153,146,2744800
2024-08-31,WH-LAG1,PRD-0154,127,4267200
2024-08-31,WH-LAG2,PRD-0154,42,1411200
2024-08-31,WH-IBD,PRD-0154,13,436800
2024-08-31,WH-ABJ,PRD-0154,73,2452800
2024-08-31,WH-PHC,PRD-0154,18,604800
2024-08-31,WH-LAG1,PRD-0155,30,1584000
2024-08-31,WH-LAG2,PRD-0155,23,1214400
2024-08-31,WH-IBD,PRD-0155,1,52800
2024-08-31,WH-ABJ,PRD-0155,32,1689600
2024-08-31,WH-PHC,PRD-0155,55,2904000
2024-08-31,WH-LAG1,PRD-0156,352,15699200
2024-08-31,WH-LAG2,PRD-0156,172,7671200
2024-08-31,WH-IBD,PRD-0156,100,4460000
2024-08-31,WH-ABJ,PRD-0156,147,6556200
2024-08-31,WH-PHC,PRD-0156,185,8251000
2024-08-31,WH-LAG1,PRD-0157,121,2274800
2024-08-31,WH-LAG2,PRD-0157,51,958800
2024-08-31,WH-IBD,PRD-0157,26,488800
2024-08-31,WH-ABJ,PRD-0157,79,1485200
2024-08-31,WH-PHC,PRD-0157,30,564000
2024-08-31,WH-LAG1,PRD-0158,37,976800
2024-08-31,WH-LAG2,PRD-0158,10,264000
2024-08-31,WH-IBD,PRD-0158,32,844800
2024-08-31,WH-ABJ,PRD-0158,10,264000
2024-08-31,WH-PHC,PRD-0158,36,950400
2024-08-31,WH-LAG1,PRD-0159,58,1148400
2024-08-31,WH-LAG2,PRD-0159,60,1188000
2024-08-31,WH-IBD,PRD-0159,10,198000
2024-08-31,WH-ABJ,PRD-0159,10,198000
2024-08-31,WH-PHC,PRD-0159,10,198000
2024-08-31,WH-LAG1,PRD-0160,524,13414400
2024-08-31,WH-LAG2,PRD-0160,222,5683200
2024-08-31,WH-IBD,PRD-0160,95,2432000
2024-08-31,WH-ABJ,PRD-0160,12,307200
2024-08-31,WH-PHC,PRD-0160,196,5017600
2024-08-31,WH-LAG1,PRD-0161,540,14688000
2024-08-31,WH-LAG2,PRD-0161,244,6636800
2024-08-31,WH-IBD,PRD-0161,179,4868800
2024-08-31,WH-ABJ,PRD-0161,537,14606400
2024-08-31,WH-PHC,PRD-0161,266,7235200
2024-08-31,WH-LAG1,PRD-0162,79,1880200
2024-08-31,WH-LAG2,PRD-0162,22,523600
2024-08-31,WH-IBD,PRD-0162,58,1380400
2024-08-31,WH-ABJ,PRD-0162,59,1404200
2024-08-31,WH-PHC,PRD-0162,22,523600
2024-08-31,WH-LAG1,PRD-0163,145,3132000
2024-08-31,WH-LAG2,PRD-0163,53,1144800
2024-08-31,WH-IBD,PRD-0163,23,496800
2024-08-31,WH-ABJ,PRD-0163,26,561600
2024-08-31,WH-PHC,PRD-0163,21,453600
2024-08-31,WH-LAG1,PRD-0164,75,1260000
2024-08-31,WH-LAG2,PRD-0164,47,789600
2024-08-31,WH-IBD,PRD-0164,12,201600
2024-08-31,WH-ABJ,PRD-0164,59,991200
2024-08-31,WH-PHC,PRD-0164,62,1041600
2024-08-31,WH-LAG1,PRD-0165,230,4462000
2024-08-31,WH-LAG2,PRD-0165,54,1047600
2024-08-31,WH-IBD,PRD-0165,23,446200
2024-08-31,WH-ABJ,PRD-0165,155,3007000
2024-08-31,WH-PHC,PRD-0165,223,4326200
2024-08-31,WH-LAG1,PRD-0166,388,8458400
2024-08-31,WH-LAG2,PRD-0166,42,915600
2024-08-31,WH-IBD,PRD-0166,174,3793200
2024-08-31,WH-ABJ,PRD-0166,116,2528800
2024-08-31,WH-PHC,PRD-0166,157,3422600
2024-08-31,WH-LAG1,PRD-0167,133,1436400
2024-08-31,WH-LAG2,PRD-0167,19,205200
2024-08-31,WH-IBD,PRD-0167,75,810000
2024-08-31,WH-ABJ,PRD-0167,15,162000
2024-08-31,WH-PHC,PRD-0167,79,853200
2024-08-31,WH-LAG1,PRD-0168,27,421200
2024-08-31,WH-LAG2,PRD-0168,13,202800
2024-08-31,WH-IBD,PRD-0168,33,514800
2024-08-31,WH-ABJ,PRD-0168,16,249600
2024-08-31,WH-PHC,PRD-0168,13,202800
2024-08-31,WH-LAG1,PRD-0169,103,1380200
2024-08-31,WH-LAG2,PRD-0169,11,147400
2024-08-31,WH-IBD,PRD-0169,35,469000
2024-08-31,WH-ABJ,PRD-0169,69,924600
2024-08-31,WH-PHC,PRD-0169,13,174200
2024-08-31,WH-LAG1,PRD-0170,121,1718200
2024-08-31,WH-LAG2,PRD-0170,70,994000
2024-08-31,WH-IBD,PRD-0170,16,227200
2024-08-31,WH-ABJ,PRD-0170,66,937200
2024-08-31,WH-PHC,PRD-0170,73,1036600
2024-09-30,WH-LAG1,PRD-0001,71,298200
2024-09-30,WH-LAG2,PRD-0001,8,33600
2024-09-30,WH-IBD,PRD-0001,18,75600
2024-09-30,WH-ABJ,PRD-0001,52,218400
2024-09-30,WH-PHC,PRD-0001,48,201600
2024-09-30,WH-LAG1,PRD-0002,23,94300
2024-09-30,WH-LAG2,PRD-0002,28,114800
2024-09-30,WH-IBD,PRD-0002,0,0
2024-09-30,WH-ABJ,PRD-0002,33,135300
2024-09-30,WH-PHC,PRD-0002,7,28700
2024-09-30,WH-LAG1,PRD-0003,44,180400
2024-09-30,WH-LAG2,PRD-0003,10,41000
2024-09-30,WH-IBD,PRD-0003,5,20500
2024-09-30,WH-ABJ,PRD-0003,32,131200
2024-09-30,WH-PHC,PRD-0003,25,102500
2024-09-30,WH-LAG1,PRD-0004,156,608400
2024-09-30,WH-LAG2,PRD-0004,155,604500
2024-09-30,WH-IBD,PRD-0004,53,206700
2024-09-30,WH-ABJ,PRD-0004,113,440700
2024-09-30,WH-PHC,PRD-0004,148,577200
2024-09-30,WH-LAG1,PRD-0005,104,270400
2024-09-30,WH-LAG2,PRD-0005,57,148200
2024-09-30,WH-IBD,PRD-0005,57,148200
2024-09-30,WH-ABJ,PRD-0005,84,218400
2024-09-30,WH-PHC,PRD-0005,56,145600
2024-09-30,WH-LAG1,PRD-0006,18,45000
2024-09-30,WH-LAG2,PRD-0006,28,70000
2024-09-30,WH-IBD,PRD-0006,31,77500
2024-09-30,WH-ABJ,PRD-0006,11,27500
2024-09-30,WH-PHC,PRD-0006,35,87500
2024-09-30,WH-LAG1,PRD-0007,49,676200
2024-09-30,WH-LAG2,PRD-0007,43,593400
2024-09-30,WH-IBD,PRD-0007,48,662400
2024-09-30,WH-ABJ,PRD-0007,43,593400
2024-09-30,WH-PHC,PRD-0007,72,993600
2024-09-30,WH-LAG1,PRD-0008,0,0
2024-09-30,WH-LAG2,PRD-0008,19,256500
2024-09-30,WH-IBD,PRD-0008,22,297000
2024-09-30,WH-ABJ,PRD-0008,18,243000
2024-09-30,WH-PHC,PRD-0008,37,499500
2024-09-30,WH-LAG1,PRD-0009,28,397600
2024-09-30,WH-LAG2,PRD-0009,0,0
2024-09-30,WH-IBD,PRD-0009,0,0
2024-09-30,WH-ABJ,PRD-0009,13,184600
2024-09-30,WH-PHC,PRD-0009,24,340800
2024-09-30,WH-LAG1,PRD-0010,12,158400
2024-09-30,WH-LAG2,PRD-0010,10,132000
2024-09-30,WH-IBD,PRD-0010,20,264000
2024-09-30,WH-ABJ,PRD-0010,13,171600
2024-09-30,WH-PHC,PRD-0010,27,356400
2024-09-30,WH-LAG1,PRD-0011,142,1973800
2024-09-30,WH-LAG2,PRD-0011,73,1014700
2024-09-30,WH-IBD,PRD-0011,55,764500
2024-09-30,WH-ABJ,PRD-0011,148,2057200
2024-09-30,WH-PHC,PRD-0011,78,1084200
2024-09-30,WH-LAG1,PRD-0012,75,1080000
2024-09-30,WH-LAG2,PRD-0012,52,748800
2024-09-30,WH-IBD,PRD-0012,51,734400
2024-09-30,WH-ABJ,PRD-0012,52,748800
2024-09-30,WH-PHC,PRD-0012,11,158400
2024-09-30,WH-LAG1,PRD-0013,31,303800
2024-09-30,WH-LAG2,PRD-0013,14,137200
2024-09-30,WH-IBD,PRD-0013,24,235200
2024-09-30,WH-ABJ,PRD-0013,36,352800
2024-09-30,WH-PHC,PRD-0013,24,235200
2024-09-30,WH-LAG1,PRD-0014,25,280000
2024-09-30,WH-LAG2,PRD-0014,10,112000
2024-09-30,WH-IBD,PRD-0014,17,190400
2024-09-30,WH-ABJ,PRD-0014,20,224000
2024-09-30,WH-PHC,PRD-0014,10,112000
2024-09-30,WH-LAG1,PRD-0015,73,503700
2024-09-30,WH-LAG2,PRD-0015,60,414000
2024-09-30,WH-IBD,PRD-0015,66,455400
2024-09-30,WH-ABJ,PRD-0015,70,483000
2024-09-30,WH-PHC,PRD-0015,10,69000
2024-09-30,WH-LAG1,PRD-0016,62,2139000
2024-09-30,WH-LAG2,PRD-0016,128,4416000
2024-09-30,WH-IBD,PRD-0016,132,4554000
2024-09-30,WH-ABJ,PRD-0016,103,3553500
2024-09-30,WH-PHC,PRD-0016,99,3415500
2024-09-30,WH-LAG1,PRD-0017,67,2130600
2024-09-30,WH-LAG2,PRD-0017,57,1812600
2024-09-30,WH-IBD,PRD-0017,23,731400
2024-09-30,WH-ABJ,PRD-0017,42,1335600
2024-09-30,WH-PHC,PRD-0017,44,1399200
2024-09-30,WH-LAG1,PRD-0018,142,6844400
2024-09-30,WH-LAG2,PRD-0018,38,1831600
2024-09-30,WH-IBD,PRD-0018,53,2554600
2024-09-30,WH-ABJ,PRD-0018,104,5012800
2024-09-30,WH-PHC,PRD-0018,28,1349600
2024-09-30,WH-LAG1,PRD-0019,113,2983200
2024-09-30,WH-LAG2,PRD-0019,9,237600
2024-09-30,WH-IBD,PRD-0019,76,2006400
2024-09-30,WH-ABJ,PRD-0019,94,2481600
2024-09-30,WH-PHC,PRD-0019,113,2983200
2024-09-30,WH-LAG1,PRD-0020,23,547400
2024-09-30,WH-LAG2,PRD-0020,92,2189600
2024-09-30,WH-IBD,PRD-0020,92,2189600
2024-09-30,WH-ABJ,PRD-0020,133,3165400
2024-09-30,WH-PHC,PRD-0020,114,2713200
2024-09-30,WH-LAG1,PRD-0021,37,547600
2024-09-30,WH-LAG2,PRD-0021,25,370000
2024-09-30,WH-IBD,PRD-0021,68,1006400
2024-09-30,WH-ABJ,PRD-0021,77,1139600
2024-09-30,WH-PHC,PRD-0021,10,148000
2024-09-30,WH-LAG1,PRD-0022,36,345600
2024-09-30,WH-LAG2,PRD-0022,10,96000
2024-09-30,WH-IBD,PRD-0022,7,67200
2024-09-30,WH-ABJ,PRD-0022,31,297600
2024-09-30,WH-PHC,PRD-0022,17,163200
2024-09-30,WH-LAG1,PRD-0023,90,1206000
2024-09-30,WH-LAG2,PRD-0023,21,281400
2024-09-30,WH-IBD,PRD-0023,39,522600
2024-09-30,WH-ABJ,PRD-0023,92,1232800
2024-09-30,WH-PHC,PRD-0023,88,1179200
2024-09-30,WH-LAG1,PRD-0024,30,234000
2024-09-30,WH-LAG2,PRD-0024,34,265200
2024-09-30,WH-IBD,PRD-0024,29,226200
2024-09-30,WH-ABJ,PRD-0024,54,421200
2024-09-30,WH-PHC,PRD-0024,30,234000
2024-09-30,WH-LAG1,PRD-0025,131,563300
2024-09-30,WH-LAG2,PRD-0025,37,159100
2024-09-30,WH-IBD,PRD-0025,54,232200
2024-09-30,WH-ABJ,PRD-0025,15,64500
2024-09-30,WH-PHC,PRD-0025,30,129000
2024-09-30,WH-LAG1,PRD-0026,103,370800
2024-09-30,WH-LAG2,PRD-0026,58,208800
2024-09-30,WH-IBD,PRD-0026,16,57600
2024-09-30,WH-ABJ,PRD-0026,86,309600
2024-09-30,WH-PHC,PRD-0026,0,0
2024-09-30,WH-LAG1,PRD-0027,21,79800
2024-09-30,WH-LAG2,PRD-0027,23,87400
2024-09-30,WH-IBD,PRD-0027,0,0
2024-09-30,WH-ABJ,PRD-0027,9,34200
2024-09-30,WH-PHC,PRD-0027,31,117800
2024-09-30,WH-LAG1,PRD-0028,81,324000
2024-09-30,WH-LAG2,PRD-0028,29,116000
2024-09-30,WH-IBD,PRD-0028,36,144000
2024-09-30,WH-ABJ,PRD-0028,67,268000
2024-09-30,WH-PHC,PRD-0028,0,0
2024-09-30,WH-LAG1,PRD-0029,20,178000
2024-09-30,WH-LAG2,PRD-0029,39,347100
2024-09-30,WH-IBD,PRD-0029,12,106800
2024-09-30,WH-ABJ,PRD-0029,36,320400
2024-09-30,WH-PHC,PRD-0029,33,293700
2024-09-30,WH-LAG1,PRD-0030,35,752500
2024-09-30,WH-LAG2,PRD-0030,10,215000
2024-09-30,WH-IBD,PRD-0030,10,215000
2024-09-30,WH-ABJ,PRD-0030,23,494500
2024-09-30,WH-PHC,PRD-0030,7,150500
2024-09-30,WH-LAG1,PRD-0031,116,3503200
2024-09-30,WH-LAG2,PRD-0031,38,1147600
2024-09-30,WH-IBD,PRD-0031,46,1389200
2024-09-30,WH-ABJ,PRD-0031,46,1389200
2024-09-30,WH-PHC,PRD-0031,80,2416000
2024-09-30,WH-LAG1,PRD-0032,10,168000
2024-09-30,WH-LAG2,PRD-0032,28,470400
2024-09-30,WH-IBD,PRD-0032,10,168000
2024-09-30,WH-ABJ,PRD-0032,10,168000
2024-09-30,WH-PHC,PRD-0032,10,168000
2024-09-30,WH-LAG1,PRD-0033,27,253800
2024-09-30,WH-LAG2,PRD-0033,23,216200
2024-09-30,WH-IBD,PRD-0033,45,423000
2024-09-30,WH-ABJ,PRD-0033,27,253800
2024-09-30,WH-PHC,PRD-0033,15,141000
2024-09-30,WH-LAG1,PRD-0034,5,64500
2024-09-30,WH-LAG2,PRD-0034,0,0
2024-09-30,WH-IBD,PRD-0034,24,309600
2024-09-30,WH-ABJ,PRD-0034,37,477300
2024-09-30,WH-PHC,PRD-0034,31,399900
2024-09-30,WH-LAG1,PRD-0035,103,1215400
2024-09-30,WH-LAG2,PRD-0035,44,519200
2024-09-30,WH-IBD,PRD-0035,73,861400
2024-09-30,WH-ABJ,PRD-0035,38,448400
2024-09-30,WH-PHC,PRD-0035,49,578200
2024-09-30,WH-LAG1,PRD-0036,62,967200
2024-09-30,WH-LAG2,PRD-0036,10,156000
2024-09-30,WH-IBD,PRD-0036,5,78000
2024-09-30,WH-ABJ,PRD-0036,58,904800
2024-09-30,WH-PHC,PRD-0036,50,780000
2024-09-30,WH-LAG1,PRD-0037,66,1306800
2024-09-30,WH-LAG2,PRD-0037,44,871200
2024-09-30,WH-IBD,PRD-0037,86,1702800
2024-09-30,WH-ABJ,PRD-0037,66,1306800
2024-09-30,WH-PHC,PRD-0037,109,2158200
2024-09-30,WH-LAG1,PRD-0038,13,154700
2024-09-30,WH-LAG2,PRD-0038,27,321300
2024-09-30,WH-IBD,PRD-0038,2,23800
2024-09-30,WH-ABJ,PRD-0038,10,119000
2024-09-30,WH-PHC,PRD-0038,10,119000
2024-09-30,WH-LAG1,PRD-0039,201,2492400
2024-09-30,WH-LAG2,PRD-0039,112,1388800
2024-09-30,WH-IBD,PRD-0039,178,2207200
2024-09-30,WH-ABJ,PRD-0039,171,2120400
2024-09-30,WH-PHC,PRD-0039,119,1475600
2024-09-30,WH-LAG1,PRD-0040,30,336000
2024-09-30,WH-LAG2,PRD-0040,63,705600
2024-09-30,WH-IBD,PRD-0040,62,694400
2024-09-30,WH-ABJ,PRD-0040,18,201600
2024-09-30,WH-PHC,PRD-0040,51,571200
2024-09-30,WH-LAG1,PRD-0041,113,587600
2024-09-30,WH-LAG2,PRD-0041,46,239200
2024-09-30,WH-IBD,PRD-0041,63,327600
2024-09-30,WH-ABJ,PRD-0041,76,395200
2024-09-30,WH-PHC,PRD-0041,24,124800
2024-09-30,WH-LAG1,PRD-0042,32,700800
2024-09-30,WH-LAG2,PRD-0042,10,219000
2024-09-30,WH-IBD,PRD-0042,10,219000
2024-09-30,WH-ABJ,PRD-0042,10,219000
2024-09-30,WH-PHC,PRD-0042,7,153300
2024-09-30,WH-LAG1,PRD-0043,12,182400
2024-09-30,WH-LAG2,PRD-0043,0,0
2024-09-30,WH-IBD,PRD-0043,10,152000
2024-09-30,WH-ABJ,PRD-0043,6,91200
2024-09-30,WH-PHC,PRD-0043,10,152000
2024-09-30,WH-LAG1,PRD-0044,10,68000
2024-09-30,WH-LAG2,PRD-0044,10,68000
2024-09-30,WH-IBD,PRD-0044,10,68000
2024-09-30,WH-ABJ,PRD-0044,5,34000
2024-09-30,WH-PHC,PRD-0044,10,68000
2024-09-30,WH-LAG1,PRD-0045,72,446400
2024-09-30,WH-LAG2,PRD-0045,65,403000
2024-09-30,WH-IBD,PRD-0045,51,316200
2024-09-30,WH-ABJ,PRD-0045,75,465000
2024-09-30,WH-PHC,PRD-0045,37,229400
2024-09-30,WH-LAG1,PRD-0046,54,745200
2024-09-30,WH-LAG2,PRD-0046,31,427800
2024-09-30,WH-IBD,PRD-0046,35,483000
2024-09-30,WH-ABJ,PRD-0046,8,110400
2024-09-30,WH-PHC,PRD-0046,57,786600
2024-09-30,WH-LAG1,PRD-0047,91,1474200
2024-09-30,WH-LAG2,PRD-0047,7,113400
2024-09-30,WH-IBD,PRD-0047,52,842400
2024-09-30,WH-ABJ,PRD-0047,61,988200
2024-09-30,WH-PHC,PRD-0047,14,226800
2024-09-30,WH-LAG1,PRD-0048,121,1754500
2024-09-30,WH-LAG2,PRD-0048,74,1073000
2024-09-30,WH-IBD,PRD-0048,16,232000
2024-09-30,WH-ABJ,PRD-0048,87,1261500
2024-09-30,WH-PHC,PRD-0048,71,1029500
2024-09-30,WH-LAG1,PRD-0049,60,834000
2024-09-30,WH-LAG2,PRD-0049,20,278000
2024-09-30,WH-IBD,PRD-0049,17,236300
2024-09-30,WH-ABJ,PRD-0049,63,875700
2024-09-30,WH-PHC,PRD-0049,53,736700
2024-09-30,WH-LAG1,PRD-0050,82,377200
2024-09-30,WH-LAG2,PRD-0050,6,27600
2024-09-30,WH-IBD,PRD-0050,12,55200
2024-09-30,WH-ABJ,PRD-0050,0,0
2024-09-30,WH-PHC,PRD-0050,13,59800
2024-09-30,WH-LAG1,PRD-0051,239,8317200
2024-09-30,WH-LAG2,PRD-0051,96,3340800
2024-09-30,WH-IBD,PRD-0051,62,2157600
2024-09-30,WH-ABJ,PRD-0051,136,4732800
2024-09-30,WH-PHC,PRD-0051,134,4663200
2024-09-30,WH-LAG1,PRD-0052,10,339000
2024-09-30,WH-LAG2,PRD-0052,16,542400
2024-09-30,WH-IBD,PRD-0052,12,406800
2024-09-30,WH-ABJ,PRD-0052,19,644100
2024-09-30,WH-PHC,PRD-0052,18,610200
2024-09-30,WH-LAG1,PRD-0053,22,721600
2024-09-30,WH-LAG2,PRD-0053,23,754400
2024-09-30,WH-IBD,PRD-0053,10,328000
2024-09-30,WH-ABJ,PRD-0053,8,262400
2024-09-30,WH-PHC,PRD-0053,10,328000
2024-09-30,WH-LAG1,PRD-0054,55,748000
2024-09-30,WH-LAG2,PRD-0054,5,68000
2024-09-30,WH-IBD,PRD-0054,10,136000
2024-09-30,WH-ABJ,PRD-0054,10,136000
2024-09-30,WH-PHC,PRD-0054,10,136000
2024-09-30,WH-LAG1,PRD-0055,52,717600
2024-09-30,WH-LAG2,PRD-0055,61,841800
2024-09-30,WH-IBD,PRD-0055,14,193200
2024-09-30,WH-ABJ,PRD-0055,68,938400
2024-09-30,WH-PHC,PRD-0055,14,193200
2024-09-30,WH-LAG1,PRD-0056,0,0
2024-09-30,WH-LAG2,PRD-0056,41,877400
2024-09-30,WH-IBD,PRD-0056,0,0
2024-09-30,WH-ABJ,PRD-0056,54,1155600
2024-09-30,WH-PHC,PRD-0056,52,1112800
2024-09-30,WH-LAG1,PRD-0057,202,3191600
2024-09-30,WH-LAG2,PRD-0057,95,1501000
2024-09-30,WH-IBD,PRD-0057,127,2006600
2024-09-30,WH-ABJ,PRD-0057,162,2559600
2024-09-30,WH-PHC,PRD-0057,132,2085600
2024-09-30,WH-LAG1,PRD-0058,124,1847600
2024-09-30,WH-LAG2,PRD-0058,44,655600
2024-09-30,WH-IBD,PRD-0058,68,1013200
2024-09-30,WH-ABJ,PRD-0058,23,342700
2024-09-30,WH-PHC,PRD-0058,26,387400
2024-09-30,WH-LAG1,PRD-0059,41,1742500
2024-09-30,WH-LAG2,PRD-0059,71,3017500
2024-09-30,WH-IBD,PRD-0059,67,2847500
2024-09-30,WH-ABJ,PRD-0059,68,2890000
2024-09-30,WH-PHC,PRD-0059,58,2465000
2024-09-30,WH-LAG1,PRD-0060,194,9273200
2024-09-30,WH-LAG2,PRD-0060,112,5353600
2024-09-30,WH-IBD,PRD-0060,78,3728400
2024-09-30,WH-ABJ,PRD-0060,49,2342200
2024-09-30,WH-PHC,PRD-0060,90,4302000
2024-09-30,WH-LAG1,PRD-0061,231,2956800
2024-09-30,WH-LAG2,PRD-0061,72,921600
2024-09-30,WH-IBD,PRD-0061,73,934400
2024-09-30,WH-ABJ,PRD-0061,170,2176000
2024-09-30,WH-PHC,PRD-0061,62,793600
2024-09-30,WH-LAG1,PRD-0062,103,1400800
2024-09-30,WH-LAG2,PRD-0062,63,856800
2024-09-30,WH-IBD,PRD-0062,118,1604800
2024-09-30,WH-ABJ,PRD-0062,39,530400
2024-09-30,WH-PHC,PRD-0062,101,1373600
2024-09-30,WH-LAG1,PRD-0063,35,416500
2024-09-30,WH-LAG2,PRD-0063,79,940100
2024-09-30,WH-IBD,PRD-0063,67,797300
2024-09-30,WH-ABJ,PRD-0063,103,1225700
2024-09-30,WH-PHC,PRD-0063,66,785400
2024-09-30,WH-LAG1,PRD-0064,223,6868400
2024-09-30,WH-LAG2,PRD-0064,68,2094400
2024-09-30,WH-IBD,PRD-0064,104,3203200
2024-09-30,WH-ABJ,PRD-0064,122,3757600
2024-09-30,WH-PHC,PRD-0064,87,2679600
2024-09-30,WH-LAG1,PRD-0065,204,5385600
2024-09-30,WH-LAG2,PRD-0065,113,2983200
2024-09-30,WH-IBD,PRD-0065,96,2534400
2024-09-30,WH-ABJ,PRD-0065,9,237600
2024-09-30,WH-PHC,PRD-0065,96,2534400
2024-09-30,WH-LAG1,PRD-0066,10,442000
2024-09-30,WH-LAG2,PRD-0066,8,353600
2024-09-30,WH-IBD,PRD-0066,10,442000
2024-09-30,WH-ABJ,PRD-0066,0,0
2024-09-30,WH-PHC,PRD-0066,10,442000
2024-09-30,WH-LAG1,PRD-0067,143,1487200
2024-09-30,WH-LAG2,PRD-0067,46,478400
2024-09-30,WH-IBD,PRD-0067,26,270400
2024-09-30,WH-ABJ,PRD-0067,93,967200
2024-09-30,WH-PHC,PRD-0067,60,624000
2024-09-30,WH-LAG1,PRD-0068,210,2772000
2024-09-30,WH-LAG2,PRD-0068,86,1135200
2024-09-30,WH-IBD,PRD-0068,38,501600
2024-09-30,WH-ABJ,PRD-0068,202,2666400
2024-09-30,WH-PHC,PRD-0068,49,646800
2024-09-30,WH-LAG1,PRD-0069,37,510600
2024-09-30,WH-LAG2,PRD-0069,21,289800
2024-09-30,WH-IBD,PRD-0069,10,138000
2024-09-30,WH-ABJ,PRD-0069,22,303600
2024-09-30,WH-PHC,PRD-0069,10,138000
2024-09-30,WH-LAG1,PRD-0070,83,1278200
2024-09-30,WH-LAG2,PRD-0070,22,338800
2024-09-30,WH-IBD,PRD-0070,37,569800
2024-09-30,WH-ABJ,PRD-0070,40,616000
2024-09-30,WH-PHC,PRD-0070,26,400400
2024-09-30,WH-LAG1,PRD-0071,17,251600
2024-09-30,WH-LAG2,PRD-0071,10,148000
2024-09-30,WH-IBD,PRD-0071,21,310800
2024-09-30,WH-ABJ,PRD-0071,10,148000
2024-09-30,WH-PHC,PRD-0071,16,236800
2024-09-30,WH-LAG1,PRD-0072,39,1271400
2024-09-30,WH-LAG2,PRD-0072,43,1401800
2024-09-30,WH-IBD,PRD-0072,17,554200
2024-09-30,WH-ABJ,PRD-0072,55,1793000
2024-09-30,WH-PHC,PRD-0072,36,1173600
2024-09-30,WH-LAG1,PRD-0073,36,1072800
2024-09-30,WH-LAG2,PRD-0073,9,268200
2024-09-30,WH-IBD,PRD-0073,8,238400
2024-09-30,WH-ABJ,PRD-0073,20,596000
2024-09-30,WH-PHC,PRD-0073,10,298000
2024-09-30,WH-LAG1,PRD-0074,143,4204200
2024-09-30,WH-LAG2,PRD-0074,85,2499000
2024-09-30,WH-IBD,PRD-0074,51,1499400
2024-09-30,WH-ABJ,PRD-0074,54,1587600
2024-09-30,WH-PHC,PRD-0074,69,2028600
2024-09-30,WH-LAG1,PRD-0075,47,1259600
2024-09-30,WH-LAG2,PRD-0075,22,589600
2024-09-30,WH-IBD,PRD-0075,29,777200
2024-09-30,WH-ABJ,PRD-0075,5,134000
2024-09-30,WH-PHC,PRD-0075,40,1072000
2024-09-30,WH-LAG1,PRD-0076,105,2457000
2024-09-30,WH-LAG2,PRD-0076,81,1895400
2024-09-30,WH-IBD,PRD-0076,61,1427400
2024-09-30,WH-ABJ,PRD-0076,122,2854800
2024-09-30,WH-PHC,PRD-0076,63,1474200
2024-09-30,WH-LAG1,PRD-0077,437,11187200
2024-09-30,WH-LAG2,PRD-0077,171,4377600
2024-09-30,WH-IBD,PRD-0077,256,6553600
2024-09-30,WH-ABJ,PRD-0077,335,8576000
2024-09-30,WH-PHC,PRD-0077,122,3123200
2024-09-30,WH-LAG1,PRD-0078,135,3753000
2024-09-30,WH-LAG2,PRD-0078,91,2529800
2024-09-30,WH-IBD,PRD-0078,91,2529800
2024-09-30,WH-ABJ,PRD-0078,108,3002400
2024-09-30,WH-PHC,PRD-0078,75,2085000
2024-09-30,WH-LAG1,PRD-0079,95,3657500
2024-09-30,WH-LAG2,PRD-0079,87,3349500
2024-09-30,WH-IBD,PRD-0079,67,2579500
2024-09-30,WH-ABJ,PRD-0079,85,3272500
2024-09-30,WH-PHC,PRD-0079,26,1001000
2024-09-30,WH-LAG1,PRD-0080,52,1019200
2024-09-30,WH-LAG2,PRD-0080,72,1411200
2024-09-30,WH-IBD,PRD-0080,61,1195600
2024-09-30,WH-ABJ,PRD-0080,75,1470000
2024-09-30,WH-PHC,PRD-0080,54,1058400
2024-09-30,WH-LAG1,PRD-0081,138,4471200
2024-09-30,WH-LAG2,PRD-0081,26,842400
2024-09-30,WH-IBD,PRD-0081,31,1004400
2024-09-30,WH-ABJ,PRD-0081,50,1620000
2024-09-30,WH-PHC,PRD-0081,29,939600
2024-09-30,WH-LAG1,PRD-0082,50,1290000
2024-09-30,WH-LAG2,PRD-0082,76,1960800
2024-09-30,WH-IBD,PRD-0082,49,1264200
2024-09-30,WH-ABJ,PRD-0082,112,2889600
2024-09-30,WH-PHC,PRD-0082,73,1883400
2024-09-30,WH-LAG1,PRD-0083,143,2631200
2024-09-30,WH-LAG2,PRD-0083,136,2502400
2024-09-30,WH-IBD,PRD-0083,136,2502400
2024-09-30,WH-ABJ,PRD-0083,150,2760000
2024-09-30,WH-PHC,PRD-0083,122,2244800
2024-09-30,WH-LAG1,PRD-0084,100,2160000
2024-09-30,WH-LAG2,PRD-0084,138,2980800
2024-09-30,WH-IBD,PRD-0084,99,2138400
2024-09-30,WH-ABJ,PRD-0084,66,1425600
2024-09-30,WH-PHC,PRD-0084,94,2030400
2024-09-30,WH-LAG1,PRD-0085,165,4323000
2024-09-30,WH-LAG2,PRD-0085,71,1860200
2024-09-30,WH-IBD,PRD-0085,103,2698600
2024-09-30,WH-ABJ,PRD-0085,113,2960600
2024-09-30,WH-PHC,PRD-0085,68,1781600
2024-09-30,WH-LAG1,PRD-0086,388,9234400
2024-09-30,WH-LAG2,PRD-0086,155,3689000
2024-09-30,WH-IBD,PRD-0086,143,3403400
2024-09-30,WH-ABJ,PRD-0086,198,4712400
2024-09-30,WH-PHC,PRD-0086,180,4284000
2024-09-30,WH-LAG1,PRD-0087,8,150400
2024-09-30,WH-LAG2,PRD-0087,19,357200
2024-09-30,WH-IBD,PRD-0087,23,432400
2024-09-30,WH-ABJ,PRD-0087,5,94000
2024-09-30,WH-PHC,PRD-0087,10,188000
2024-09-30,WH-LAG1,PRD-0088,14,173600
2024-09-30,WH-LAG2,PRD-0088,64,793600
2024-09-30,WH-IBD,PRD-0088,10,124000
2024-09-30,WH-ABJ,PRD-0088,31,384400
2024-09-30,WH-PHC,PRD-0088,49,607600
2024-09-30,WH-LAG1,PRD-0089,69,772800
2024-09-30,WH-LAG2,PRD-0089,47,526400
2024-09-30,WH-IBD,PRD-0089,49,548800
2024-09-30,WH-ABJ,PRD-0089,33,369600
2024-09-30,WH-PHC,PRD-0089,53,593600
2024-09-30,WH-LAG1,PRD-0090,1033,29543800
2024-09-30,WH-LAG2,PRD-0090,899,25711400
2024-09-30,WH-IBD,PRD-0090,466,13327600
2024-09-30,WH-ABJ,PRD-0090,721,20620600
2024-09-30,WH-PHC,PRD-0090,767,21936200
2024-09-30,WH-LAG1,PRD-0091,182,3931200
2024-09-30,WH-LAG2,PRD-0091,28,604800
2024-09-30,WH-IBD,PRD-0091,0,0
2024-09-30,WH-ABJ,PRD-0091,93,2008800
2024-09-30,WH-PHC,PRD-0091,99,2138400
2024-09-30,WH-LAG1,PRD-0092,66,1636800
2024-09-30,WH-LAG2,PRD-0092,16,396800
2024-09-30,WH-IBD,PRD-0092,32,793600
2024-09-30,WH-ABJ,PRD-0092,62,1537600
2024-09-30,WH-PHC,PRD-0092,11,272800
2024-09-30,WH-LAG1,PRD-0093,160,3104000
2024-09-30,WH-LAG2,PRD-0093,143,2774200
2024-09-30,WH-IBD,PRD-0093,88,1707200
2024-09-30,WH-ABJ,PRD-0093,93,1804200
2024-09-30,WH-PHC,PRD-0093,44,853600
2024-09-30,WH-LAG1,PRD-0094,15,282000
2024-09-30,WH-LAG2,PRD-0094,10,188000
2024-09-30,WH-IBD,PRD-0094,9,169200
2024-09-30,WH-ABJ,PRD-0094,10,188000
2024-09-30,WH-PHC,PRD-0094,9,169200
2024-09-30,WH-LAG1,PRD-0095,28,473200
2024-09-30,WH-LAG2,PRD-0095,10,169000
2024-09-30,WH-IBD,PRD-0095,24,405600
2024-09-30,WH-ABJ,PRD-0095,30,507000
2024-09-30,WH-PHC,PRD-0095,0,0
2024-09-30,WH-LAG1,PRD-0096,13,236600
2024-09-30,WH-LAG2,PRD-0096,21,382200
2024-09-30,WH-IBD,PRD-0096,21,382200
2024-09-30,WH-ABJ,PRD-0096,10,182000
2024-09-30,WH-PHC,PRD-0096,21,382200
2024-09-30,WH-LAG1,PRD-0097,10,178000
2024-09-30,WH-LAG2,PRD-0097,8,142400
2024-09-30,WH-IBD,PRD-0097,22,391600
2024-09-30,WH-ABJ,PRD-0097,18,320400
2024-09-30,WH-PHC,PRD-0097,34,605200
2024-09-30,WH-LAG1,PRD-0098,190,2546000
2024-09-30,WH-LAG2,PRD-0098,120,1608000
2024-09-30,WH-IBD,PRD-0098,118,1581200
2024-09-30,WH-ABJ,PRD-0098,205,2747000
2024-09-30,WH-PHC,PRD-0098,213,2854200
2024-09-30,WH-LAG1,PRD-0099,0,0
2024-09-30,WH-LAG2,PRD-0099,37,466200
2024-09-30,WH-IBD,PRD-0099,33,415800
2024-09-30,WH-ABJ,PRD-0099,0,0
2024-09-30,WH-PHC,PRD-0099,8,100800
2024-09-30,WH-LAG1,PRD-0100,335,5628000
2024-09-30,WH-LAG2,PRD-0100,120,2016000
2024-09-30,WH-IBD,PRD-0100,218,3662400
2024-09-30,WH-ABJ,PRD-0100,279,4687200
2024-09-30,WH-PHC,PRD-0100,245,4116000
2024-09-30,WH-LAG1,PRD-0101,53,975200
2024-09-30,WH-LAG2,PRD-0101,32,588800
2024-09-30,WH-IBD,PRD-0101,29,533600
2024-09-30,WH-ABJ,PRD-0101,27,496800
2024-09-30,WH-PHC,PRD-0101,35,644000
2024-09-30,WH-LAG1,PRD-0102,125,1775000
2024-09-30,WH-LAG2,PRD-0102,0,0
2024-09-30,WH-IBD,PRD-0102,49,695800
2024-09-30,WH-ABJ,PRD-0102,85,1207000
2024-09-30,WH-PHC,PRD-0102,95,1349000
2024-09-30,WH-LAG1,PRD-0103,180,5364000
2024-09-30,WH-LAG2,PRD-0103,73,2175400
2024-09-30,WH-IBD,PRD-0103,91,2711800
2024-09-30,WH-ABJ,PRD-0103,57,1698600
2024-09-30,WH-PHC,PRD-0103,52,1549600
2024-09-30,WH-LAG1,PRD-0104,49,676200
2024-09-30,WH-LAG2,PRD-0104,10,138000
2024-09-30,WH-IBD,PRD-0104,10,138000
2024-09-30,WH-ABJ,PRD-0104,24,331200
2024-09-30,WH-PHC,PRD-0104,0,0
2024-09-30,WH-LAG1,PRD-0105,51,1764600
2024-09-30,WH-LAG2,PRD-0105,14,484400
2024-09-30,WH-IBD,PRD-0105,4,138400
2024-09-30,WH-ABJ,PRD-0105,29,1003400
2024-09-30,WH-PHC,PRD-0105,8,276800
2024-09-30,WH-LAG1,PRD-0106,5,164000
2024-09-30,WH-LAG2,PRD-0106,10,328000
2024-09-30,WH-IBD,PRD-0106,10,328000
2024-09-30,WH-ABJ,PRD-0106,11,360800
2024-09-30,WH-PHC,PRD-0106,10,328000
2024-09-30,WH-LAG1,PRD-0107,45,1503000
2024-09-30,WH-LAG2,PRD-0107,25,835000
2024-09-30,WH-IBD,PRD-0107,10,334000
2024-09-30,WH-ABJ,PRD-0107,38,1269200
2024-09-30,WH-PHC,PRD-0107,0,0
2024-09-30,WH-LAG1,PRD-0108,154,4127200
2024-09-30,WH-LAG2,PRD-0108,110,2948000
2024-09-30,WH-IBD,PRD-0108,143,3832400
2024-09-30,WH-ABJ,PRD-0108,218,5842400
2024-09-30,WH-PHC,PRD-0108,187,5011600
2024-09-30,WH-LAG1,PRD-0109,205,5412000
2024-09-30,WH-LAG2,PRD-0109,91,2402400
2024-09-30,WH-IBD,PRD-0109,51,1346400
2024-09-30,WH-ABJ,PRD-0109,100,2640000
2024-09-30,WH-PHC,PRD-0109,46,1214400
2024-09-30,WH-LAG1,PRD-0110,24,595200
2024-09-30,WH-LAG2,PRD-0110,0,0
2024-09-30,WH-IBD,PRD-0110,18,446400
2024-09-30,WH-ABJ,PRD-0110,12,297600
2024-09-30,WH-PHC,PRD-0110,17,421600
2024-09-30,WH-LAG1,PRD-0111,72,705600
2024-09-30,WH-LAG2,PRD-0111,89,872200
2024-09-30,WH-IBD,PRD-0111,55,539000
2024-09-30,WH-ABJ,PRD-0111,114,1117200
2024-09-30,WH-PHC,PRD-0111,116,1136800
2024-09-30,WH-LAG1,PRD-0112,29,342200
2024-09-30,WH-LAG2,PRD-0112,7,82600
2024-09-30,WH-IBD,PRD-0112,10,118000
2024-09-30,WH-ABJ,PRD-0112,8,94400
2024-09-30,WH-PHC,PRD-0112,16,188800
2024-09-30,WH-LAG1,PRD-0113,165,1419000
2024-09-30,WH-LAG2,PRD-0113,100,860000
2024-09-30,WH-IBD,PRD-0113,26,223600
2024-09-30,WH-ABJ,PRD-0113,65,559000
2024-09-30,WH-PHC,PRD-0113,114,980400
2024-09-30,WH-LAG1,PRD-0114,30,366000
2024-09-30,WH-LAG2,PRD-0114,10,122000
2024-09-30,WH-IBD,PRD-0114,10,122000
2024-09-30,WH-ABJ,PRD-0114,25,305000
2024-09-30,WH-PHC,PRD-0114,6,73200
2024-09-30,WH-LAG1,PRD-0115,127,2082800
2024-09-30,WH-LAG2,PRD-0115,106,1738400
2024-09-30,WH-IBD,PRD-0115,55,902000
2024-09-30,WH-ABJ,PRD-0115,105,1722000
2024-09-30,WH-PHC,PRD-0115,80,1312000
2024-09-30,WH-LAG1,PRD-0116,79,1090200
2024-09-30,WH-LAG2,PRD-0116,26,358800
2024-09-30,WH-IBD,PRD-0116,12,165600
2024-09-30,WH-ABJ,PRD-0116,57,786600
2024-09-30,WH-PHC,PRD-0116,60,828000
2024-09-30,WH-LAG1,PRD-0117,119,1808800
2024-09-30,WH-LAG2,PRD-0117,0,0
2024-09-30,WH-IBD,PRD-0117,70,1064000
2024-09-30,WH-ABJ,PRD-0117,65,988000
2024-09-30,WH-PHC,PRD-0117,76,1155200
2024-09-30,WH-LAG1,PRD-0118,293,5156800
2024-09-30,WH-LAG2,PRD-0118,47,827200
2024-09-30,WH-IBD,PRD-0118,44,774400
2024-09-30,WH-ABJ,PRD-0118,207,3643200
2024-09-30,WH-PHC,PRD-0118,143,2516800
2024-09-30,WH-LAG1,PRD-0119,29,545200
2024-09-30,WH-LAG2,PRD-0119,10,188000
2024-09-30,WH-IBD,PRD-0119,24,451200
2024-09-30,WH-ABJ,PRD-0119,6,112800
2024-09-30,WH-PHC,PRD-0119,10,188000
2024-09-30,WH-LAG1,PRD-0120,145,1798000
2024-09-30,WH-LAG2,PRD-0120,130,1612000
2024-09-30,WH-IBD,PRD-0120,39,483600
2024-09-30,WH-ABJ,PRD-0120,141,1748400
2024-09-30,WH-PHC,PRD-0120,136,1686400
2024-09-30,WH-LAG1,PRD-0121,227,4903200
2024-09-30,WH-LAG2,PRD-0121,74,1598400
2024-09-30,WH-IBD,PRD-0121,83,1792800
2024-09-30,WH-ABJ,PRD-0121,162,3499200
2024-09-30,WH-PHC,PRD-0121,167,3607200
2024-09-30,WH-LAG1,PRD-0122,195,2886000
2024-09-30,WH-LAG2,PRD-0122,123,1820400
2024-09-30,WH-IBD,PRD-0122,101,1494800
2024-09-30,WH-ABJ,PRD-0122,77,1139600
2024-09-30,WH-PHC,PRD-0122,147,2175600
2024-09-30,WH-LAG1,PRD-0123,65,754000
2024-09-30,WH-LAG2,PRD-0123,20,232000
2024-09-30,WH-IBD,PRD-0123,39,452400
2024-09-30,WH-ABJ,PRD-0123,63,730800
2024-09-30,WH-PHC,PRD-0123,63,730800
2024-09-30,WH-LAG1,PRD-0124,99,673200
2024-09-30,WH-LAG2,PRD-0124,11,74800
2024-09-30,WH-IBD,PRD-0124,10,68000
2024-09-30,WH-ABJ,PRD-0124,58,394400
2024-09-30,WH-PHC,PRD-0124,3,20400
2024-09-30,WH-LAG1,PRD-0125,552,7065600
2024-09-30,WH-LAG2,PRD-0125,48,614400
2024-09-30,WH-IBD,PRD-0125,229,2931200
2024-09-30,WH-ABJ,PRD-0125,319,4083200
2024-09-30,WH-PHC,PRD-0125,281,3596800
2024-09-30,WH-LAG1,PRD-0126,63,1486800
2024-09-30,WH-LAG2,PRD-0126,74,1746400
2024-09-30,WH-IBD,PRD-0126,46,1085600
2024-09-30,WH-ABJ,PRD-0126,36,849600
2024-09-30,WH-PHC,PRD-0126,36,849600
2024-09-30,WH-LAG1,PRD-0127,73,963600
2024-09-30,WH-LAG2,PRD-0127,12,158400
2024-09-30,WH-IBD,PRD-0127,49,646800
2024-09-30,WH-ABJ,PRD-0127,54,712800
2024-09-30,WH-PHC,PRD-0127,20,264000
2024-09-30,WH-LAG1,PRD-0128,89,1495200
2024-09-30,WH-LAG2,PRD-0128,24,403200
2024-09-30,WH-IBD,PRD-0128,36,604800
2024-09-30,WH-ABJ,PRD-0128,68,1142400
2024-09-30,WH-PHC,PRD-0128,48,806400
2024-09-30,WH-LAG1,PRD-0129,8,123200
2024-09-30,WH-LAG2,PRD-0129,18,277200
2024-09-30,WH-IBD,PRD-0129,9,138600
2024-09-30,WH-ABJ,PRD-0129,20,308000
2024-09-30,WH-PHC,PRD-0129,10,154000
2024-09-30,WH-LAG1,PRD-0130,23,248400
2024-09-30,WH-LAG2,PRD-0130,44,475200
2024-09-30,WH-IBD,PRD-0130,12,129600
2024-09-30,WH-ABJ,PRD-0130,60,648000
2024-09-30,WH-PHC,PRD-0130,50,540000
2024-09-30,WH-LAG1,PRD-0131,110,2816000
2024-09-30,WH-LAG2,PRD-0131,116,2969600
2024-09-30,WH-IBD,PRD-0131,68,1740800
2024-09-30,WH-ABJ,PRD-0131,143,3660800
2024-09-30,WH-PHC,PRD-0131,77,1971200
2024-09-30,WH-LAG1,PRD-0132,101,3171400
2024-09-30,WH-LAG2,PRD-0132,65,2041000
2024-09-30,WH-IBD,PRD-0132,5,157000
2024-09-30,WH-ABJ,PRD-0132,10,314000
2024-09-30,WH-PHC,PRD-0132,59,1852600
2024-09-30,WH-LAG1,PRD-0133,51,1213800
2024-09-30,WH-LAG2,PRD-0133,37,880600
2024-09-30,WH-IBD,PRD-0133,10,238000
2024-09-30,WH-ABJ,PRD-0133,10,238000
2024-09-30,WH-PHC,PRD-0133,10,238000
2024-09-30,WH-LAG1,PRD-0134,56,1668800
2024-09-30,WH-LAG2,PRD-0134,10,298000
2024-09-30,WH-IBD,PRD-0134,54,1609200
2024-09-30,WH-ABJ,PRD-0134,49,1460200
2024-09-30,WH-PHC,PRD-0134,8,238400
2024-09-30,WH-LAG1,PRD-0135,112,2956800
2024-09-30,WH-LAG2,PRD-0135,99,2613600
2024-09-30,WH-IBD,PRD-0135,117,3088800
2024-09-30,WH-ABJ,PRD-0135,155,4092000
2024-09-30,WH-PHC,PRD-0135,161,4250400
2024-09-30,WH-LAG1,PRD-0136,96,4089600
2024-09-30,WH-LAG2,PRD-0136,10,426000
2024-09-30,WH-IBD,PRD-0136,51,2172600
2024-09-30,WH-ABJ,PRD-0136,51,2172600
2024-09-30,WH-PHC,PRD-0136,63,2683800
2024-09-30,WH-LAG1,PRD-0137,141,3412200
2024-09-30,WH-LAG2,PRD-0137,91,2202200
2024-09-30,WH-IBD,PRD-0137,97,2347400
2024-09-30,WH-ABJ,PRD-0137,96,2323200
2024-09-30,WH-PHC,PRD-0137,92,2226400
2024-09-30,WH-LAG1,PRD-0138,172,3749600
2024-09-30,WH-LAG2,PRD-0138,116,2528800
2024-09-30,WH-IBD,PRD-0138,69,1504200
2024-09-30,WH-ABJ,PRD-0138,115,2507000
2024-09-30,WH-PHC,PRD-0138,124,2703200
2024-09-30,WH-LAG1,PRD-0139,76,2188800
2024-09-30,WH-LAG2,PRD-0139,66,1900800
2024-09-30,WH-IBD,PRD-0139,55,1584000
2024-09-30,WH-ABJ,PRD-0139,85,2448000
2024-09-30,WH-PHC,PRD-0139,81,2332800
2024-09-30,WH-LAG1,PRD-0140,59,1380600
2024-09-30,WH-LAG2,PRD-0140,8,187200
2024-09-30,WH-IBD,PRD-0140,10,234000
2024-09-30,WH-ABJ,PRD-0140,6,140400
2024-09-30,WH-PHC,PRD-0140,10,234000
2024-09-30,WH-LAG1,PRD-0141,75,2310000
2024-09-30,WH-LAG2,PRD-0141,59,1817200
2024-09-30,WH-IBD,PRD-0141,25,770000
2024-09-30,WH-ABJ,PRD-0141,98,3018400
2024-09-30,WH-PHC,PRD-0141,67,2063600
2024-09-30,WH-LAG1,PRD-0142,112,5017600
2024-09-30,WH-LAG2,PRD-0142,70,3136000
2024-09-30,WH-IBD,PRD-0142,63,2822400
2024-09-30,WH-ABJ,PRD-0142,147,6585600
2024-09-30,WH-PHC,PRD-0142,117,5241600
2024-09-30,WH-LAG1,PRD-0143,60,2472000
2024-09-30,WH-LAG2,PRD-0143,60,2472000
2024-09-30,WH-IBD,PRD-0143,23,947600
2024-09-30,WH-ABJ,PRD-0143,45,1854000
2024-09-30,WH-PHC,PRD-0143,36,1483200
2024-09-30,WH-LAG1,PRD-0144,107,2867600
2024-09-30,WH-LAG2,PRD-0144,33,884400
2024-09-30,WH-IBD,PRD-0144,27,723600
2024-09-30,WH-ABJ,PRD-0144,72,1929600
2024-09-30,WH-PHC,PRD-0144,28,750400
2024-09-30,WH-LAG1,PRD-0145,149,3784600
2024-09-30,WH-LAG2,PRD-0145,74,1879600
2024-09-30,WH-IBD,PRD-0145,71,1803400
2024-09-30,WH-ABJ,PRD-0145,122,3098800
2024-09-30,WH-PHC,PRD-0145,54,1371600
2024-09-30,WH-LAG1,PRD-0146,33,917400
2024-09-30,WH-LAG2,PRD-0146,44,1223200
2024-09-30,WH-IBD,PRD-0146,12,333600
2024-09-30,WH-ABJ,PRD-0146,16,444800
2024-09-30,WH-PHC,PRD-0146,20,556000
2024-09-30,WH-LAG1,PRD-0147,42,1159200
2024-09-30,WH-LAG2,PRD-0147,65,1794000
2024-09-30,WH-IBD,PRD-0147,62,1711200
2024-09-30,WH-ABJ,PRD-0147,60,1656000
2024-09-30,WH-PHC,PRD-0147,59,1628400
2024-09-30,WH-LAG1,PRD-0148,70,1666000
2024-09-30,WH-LAG2,PRD-0148,44,1047200
2024-09-30,WH-IBD,PRD-0148,11,261800
2024-09-30,WH-ABJ,PRD-0148,28,666400
2024-09-30,WH-PHC,PRD-0148,50,1190000
2024-09-30,WH-LAG1,PRD-0149,17,676600
2024-09-30,WH-LAG2,PRD-0149,19,756200
2024-09-30,WH-IBD,PRD-0149,28,1114400
2024-09-30,WH-ABJ,PRD-0149,14,557200
2024-09-30,WH-PHC,PRD-0149,12,477600
2024-09-30,WH-LAG1,PRD-0150,122,4684800
2024-09-30,WH-LAG2,PRD-0150,41,1574400
2024-09-30,WH-IBD,PRD-0150,24,921600
2024-09-30,WH-ABJ,PRD-0150,109,4185600
2024-09-30,WH-PHC,PRD-0150,7,268800
2024-09-30,WH-LAG1,PRD-0151,1103,38163800
2024-09-30,WH-LAG2,PRD-0151,743,25707800
2024-09-30,WH-IBD,PRD-0151,408,14116800
2024-09-30,WH-ABJ,PRD-0151,668,23112800
2024-09-30,WH-PHC,PRD-0151,241,8338600
2024-09-30,WH-LAG1,PRD-0152,57,1231200
2024-09-30,WH-LAG2,PRD-0152,55,1188000
2024-09-30,WH-IBD,PRD-0152,54,1166400
2024-09-30,WH-ABJ,PRD-0152,73,1576800
2024-09-30,WH-PHC,PRD-0152,55,1188000
2024-09-30,WH-LAG1,PRD-0153,250,4700000
2024-09-30,WH-LAG2,PRD-0153,90,1692000
2024-09-30,WH-IBD,PRD-0153,86,1616800
2024-09-30,WH-ABJ,PRD-0153,219,4117200
2024-09-30,WH-PHC,PRD-0153,129,2425200
2024-09-30,WH-LAG1,PRD-0154,117,3931200
2024-09-30,WH-LAG2,PRD-0154,29,974400
2024-09-30,WH-IBD,PRD-0154,13,436800
2024-09-30,WH-ABJ,PRD-0154,51,1713600
2024-09-30,WH-PHC,PRD-0154,10,336000
2024-09-30,WH-LAG1,PRD-0155,120,6336000
2024-09-30,WH-LAG2,PRD-0155,23,1214400
2024-09-30,WH-IBD,PRD-0155,27,1425600
2024-09-30,WH-ABJ,PRD-0155,82,4329600
2024-09-30,WH-PHC,PRD-0155,55,2904000
2024-09-30,WH-LAG1,PRD-0156,275,12265000
2024-09-30,WH-LAG2,PRD-0156,126,5619600
2024-09-30,WH-IBD,PRD-0156,91,4058600
2024-09-30,WH-ABJ,PRD-0156,123,5485800
2024-09-30,WH-PHC,PRD-0156,138,6154800
2024-09-30,WH-LAG1,PRD-0157,121,2274800
2024-09-30,WH-LAG2,PRD-0157,24,451200
2024-09-30,WH-IBD,PRD-0157,46,864800
2024-09-30,WH-ABJ,PRD-0157,77,1447600
2024-09-30,WH-PHC,PRD-0157,30,564000
2024-09-30,WH-LAG1,PRD-0158,37,976800
2024-09-30,WH-LAG2,PRD-0158,10,264000
2024-09-30,WH-IBD,PRD-0158,32,844800
2024-09-30,WH-ABJ,PRD-0158,6,158400
2024-09-30,WH-PHC,PRD-0158,36,950400
2024-09-30,WH-LAG1,PRD-0159,57,1128600
2024-09-30,WH-LAG2,PRD-0159,60,1188000
2024-09-30,WH-IBD,PRD-0159,10,198000
2024-09-30,WH-ABJ,PRD-0159,61,1207800
2024-09-30,WH-PHC,PRD-0159,10,198000
2024-09-30,WH-LAG1,PRD-0160,343,8780800
2024-09-30,WH-LAG2,PRD-0160,183,4684800
2024-09-30,WH-IBD,PRD-0160,185,4736000
2024-09-30,WH-ABJ,PRD-0160,97,2483200
2024-09-30,WH-PHC,PRD-0160,134,3430400
2024-09-30,WH-LAG1,PRD-0161,362,9846400
2024-09-30,WH-LAG2,PRD-0161,171,4651200
2024-09-30,WH-IBD,PRD-0161,137,3726400
2024-09-30,WH-ABJ,PRD-0161,472,12838400
2024-09-30,WH-PHC,PRD-0161,133,3617600
2024-09-30,WH-LAG1,PRD-0162,55,1309000
2024-09-30,WH-LAG2,PRD-0162,14,333200
2024-09-30,WH-IBD,PRD-0162,47,1118600
2024-09-30,WH-ABJ,PRD-0162,59,1404200
2024-09-30,WH-PHC,PRD-0162,19,452200
2024-09-30,WH-LAG1,PRD-0163,119,2570400
2024-09-30,WH-LAG2,PRD-0163,37,799200
2024-09-30,WH-IBD,PRD-0163,22,475200
2024-09-30,WH-ABJ,PRD-0163,82,1771200
2024-09-30,WH-PHC,PRD-0163,21,453600
2024-09-30,WH-LAG1,PRD-0164,37,621600
2024-09-30,WH-LAG2,PRD-0164,43,722400
2024-09-30,WH-IBD,PRD-0164,72,1209600
2024-09-30,WH-ABJ,PRD-0164,59,991200
2024-09-30,WH-PHC,PRD-0164,62,1041600
2024-09-30,WH-LAG1,PRD-0165,185,3589000
2024-09-30,WH-LAG2,PRD-0165,170,3298000
2024-09-30,WH-IBD,PRD-0165,169,3278600
2024-09-30,WH-ABJ,PRD-0165,121,2347400
2024-09-30,WH-PHC,PRD-0165,168,3259200
2024-09-30,WH-LAG1,PRD-0166,307,6692600
2024-09-30,WH-LAG2,PRD-0166,210,4578000
2024-09-30,WH-IBD,PRD-0166,143,3117400
2024-09-30,WH-ABJ,PRD-0166,85,1853000
2024-09-30,WH-PHC,PRD-0166,100,2180000
2024-09-30,WH-LAG1,PRD-0167,120,1296000
2024-09-30,WH-LAG2,PRD-0167,15,162000
2024-09-30,WH-IBD,PRD-0167,75,810000
2024-09-30,WH-ABJ,PRD-0167,93,1004400
2024-09-30,WH-PHC,PRD-0167,43,464400
2024-09-30,WH-LAG1,PRD-0168,6,93600
2024-09-30,WH-LAG2,PRD-0168,13,202800
2024-09-30,WH-IBD,PRD-0168,28,436800
2024-09-30,WH-ABJ,PRD-0168,29,452400
2024-09-30,WH-PHC,PRD-0168,35,546000
2024-09-30,WH-LAG1,PRD-0169,95,1273000
2024-09-30,WH-LAG2,PRD-0169,88,1179200
2024-09-30,WH-IBD,PRD-0169,113,1514200
2024-09-30,WH-ABJ,PRD-0169,66,884400
2024-09-30,WH-PHC,PRD-0169,85,1139000
2024-09-30,WH-LAG1,PRD-0170,103,1462600
2024-09-30,WH-LAG2,PRD-0170,57,809400
2024-09-30,WH-IBD,PRD-0170,63,894600
2024-09-30,WH-ABJ,PRD-0170,34,482800
2024-09-30,WH-PHC,PRD-0170,73,1036600
2024-10-31,WH-LAG1,PRD-0001,61,256200
2024-10-31,WH-LAG2,PRD-0001,60,252000
2024-10-31,WH-IBD,PRD-0001,11,46200
2024-10-31,WH-ABJ,PRD-0001,15,63000
2024-10-31,WH-PHC,PRD-0001,34,142800
2024-10-31,WH-LAG1,PRD-0002,22,90200
2024-10-31,WH-LAG2,PRD-0002,24,98400
2024-10-31,WH-IBD,PRD-0002,25,102500
2024-10-31,WH-ABJ,PRD-0002,24,98400
2024-10-31,WH-PHC,PRD-0002,33,135300
2024-10-31,WH-LAG1,PRD-0003,31,127100
2024-10-31,WH-LAG2,PRD-0003,10,41000
2024-10-31,WH-IBD,PRD-0003,5,20500
2024-10-31,WH-ABJ,PRD-0003,24,98400
2024-10-31,WH-PHC,PRD-0003,25,102500
2024-10-31,WH-LAG1,PRD-0004,347,1353300
2024-10-31,WH-LAG2,PRD-0004,92,358800
2024-10-31,WH-IBD,PRD-0004,185,721500
2024-10-31,WH-ABJ,PRD-0004,257,1002300
2024-10-31,WH-PHC,PRD-0004,190,741000
2024-10-31,WH-LAG1,PRD-0005,36,93600
2024-10-31,WH-LAG2,PRD-0005,7,18200
2024-10-31,WH-IBD,PRD-0005,45,117000
2024-10-31,WH-ABJ,PRD-0005,36,93600
2024-10-31,WH-PHC,PRD-0005,51,132600
2024-10-31,WH-LAG1,PRD-0006,45,112500
2024-10-31,WH-LAG2,PRD-0006,28,70000
2024-10-31,WH-IBD,PRD-0006,31,77500
2024-10-31,WH-ABJ,PRD-0006,30,75000
2024-10-31,WH-PHC,PRD-0006,35,87500
2024-10-31,WH-LAG1,PRD-0007,168,2318400
2024-10-31,WH-LAG2,PRD-0007,104,1435200
2024-10-31,WH-IBD,PRD-0007,70,966000
2024-10-31,WH-ABJ,PRD-0007,126,1738800
2024-10-31,WH-PHC,PRD-0007,39,538200
2024-10-31,WH-LAG1,PRD-0008,73,985500
2024-10-31,WH-LAG2,PRD-0008,48,648000
2024-10-31,WH-IBD,PRD-0008,44,594000
2024-10-31,WH-ABJ,PRD-0008,30,405000
2024-10-31,WH-PHC,PRD-0008,37,499500
2024-10-31,WH-LAG1,PRD-0009,17,241400
2024-10-31,WH-LAG2,PRD-0009,25,355000
2024-10-31,WH-IBD,PRD-0009,23,326600
2024-10-31,WH-ABJ,PRD-0009,0,0
2024-10-31,WH-PHC,PRD-0009,24,340800
2024-10-31,WH-LAG1,PRD-0010,38,501600
2024-10-31,WH-LAG2,PRD-0010,9,118800
2024-10-31,WH-IBD,PRD-0010,20,264000
2024-10-31,WH-ABJ,PRD-0010,0,0
2024-10-31,WH-PHC,PRD-0010,0,0
2024-10-31,WH-LAG1,PRD-0011,45,625500
2024-10-31,WH-LAG2,PRD-0011,73,1014700
2024-10-31,WH-IBD,PRD-0011,37,514300
2024-10-31,WH-ABJ,PRD-0011,127,1765300
2024-10-31,WH-PHC,PRD-0011,64,889600
2024-10-31,WH-LAG1,PRD-0012,64,921600
2024-10-31,WH-LAG2,PRD-0012,36,518400
2024-10-31,WH-IBD,PRD-0012,51,734400
2024-10-31,WH-ABJ,PRD-0012,49,705600
2024-10-31,WH-PHC,PRD-0012,13,187200
2024-10-31,WH-LAG1,PRD-0013,27,264600
2024-10-31,WH-LAG2,PRD-0013,7,68600
2024-10-31,WH-IBD,PRD-0013,16,156800
2024-10-31,WH-ABJ,PRD-0013,13,127400
2024-10-31,WH-PHC,PRD-0013,16,156800
2024-10-31,WH-LAG1,PRD-0014,19,212800
2024-10-31,WH-LAG2,PRD-0014,10,112000
2024-10-31,WH-IBD,PRD-0014,17,190400
2024-10-31,WH-ABJ,PRD-0014,5,56000
2024-10-31,WH-PHC,PRD-0014,10,112000
2024-10-31,WH-LAG1,PRD-0015,66,455400
2024-10-31,WH-LAG2,PRD-0015,40,276000
2024-10-31,WH-IBD,PRD-0015,40,276000
2024-10-31,WH-ABJ,PRD-0015,70,483000
2024-10-31,WH-PHC,PRD-0015,68,469200
2024-10-31,WH-LAG1,PRD-0016,59,2035500
2024-10-31,WH-LAG2,PRD-0016,128,4416000
2024-10-31,WH-IBD,PRD-0016,120,4140000
2024-10-31,WH-ABJ,PRD-0016,65,2242500
2024-10-31,WH-PHC,PRD-0016,144,4968000
2024-10-31,WH-LAG1,PRD-0017,67,2130600
2024-10-31,WH-LAG2,PRD-0017,53,1685400
2024-10-31,WH-IBD,PRD-0017,23,731400
2024-10-31,WH-ABJ,PRD-0017,37,1176600
2024-10-31,WH-PHC,PRD-0017,44,1399200
2024-10-31,WH-LAG1,PRD-0018,70,3374000
2024-10-31,WH-LAG2,PRD-0018,52,2506400
2024-10-31,WH-IBD,PRD-0018,53,2554600
2024-10-31,WH-ABJ,PRD-0018,50,2410000
2024-10-31,WH-PHC,PRD-0018,81,3904200
2024-10-31,WH-LAG1,PRD-0019,66,1742400
2024-10-31,WH-LAG2,PRD-0019,103,2719200
2024-10-31,WH-IBD,PRD-0019,47,1240800
2024-10-31,WH-ABJ,PRD-0019,77,2032800
2024-10-31,WH-PHC,PRD-0019,100,2640000
2024-10-31,WH-LAG1,PRD-0020,110,2618000
2024-10-31,WH-LAG2,PRD-0020,78,1856400
2024-10-31,WH-IBD,PRD-0020,78,1856400
2024-10-31,WH-ABJ,PRD-0020,85,2023000
2024-10-31,WH-PHC,PRD-0020,96,2284800
2024-10-31,WH-LAG1,PRD-0021,22,325600
2024-10-31,WH-LAG2,PRD-0021,25,370000
2024-10-31,WH-IBD,PRD-0021,68,1006400
2024-10-31,WH-ABJ,PRD-0021,77,1139600
2024-10-31,WH-PHC,PRD-0021,0,0
2024-10-31,WH-LAG1,PRD-0022,26,249600
2024-10-31,WH-LAG2,PRD-0022,26,249600
2024-10-31,WH-IBD,PRD-0022,7,67200
2024-10-31,WH-ABJ,PRD-0022,31,297600
2024-10-31,WH-PHC,PRD-0022,14,134400
2024-10-31,WH-LAG1,PRD-0023,20,268000
2024-10-31,WH-LAG2,PRD-0023,48,643200
2024-10-31,WH-IBD,PRD-0023,0,0
2024-10-31,WH-ABJ,PRD-0023,39,522600
2024-10-31,WH-PHC,PRD-0023,74,991600
2024-10-31,WH-LAG1,PRD-0024,30,234000
2024-10-31,WH-LAG2,PRD-0024,31,241800
2024-10-31,WH-IBD,PRD-0024,29,226200
2024-10-31,WH-ABJ,PRD-0024,30,234000
2024-10-31,WH-PHC,PRD-0024,17,132600
2024-10-31,WH-LAG1,PRD-0025,62,266600
2024-10-31,WH-LAG2,PRD-0025,37,159100
2024-10-31,WH-IBD,PRD-0025,54,232200
2024-10-31,WH-ABJ,PRD-0025,92,395600
2024-10-31,WH-PHC,PRD-0025,28,120400
2024-10-31,WH-LAG1,PRD-0026,93,334800
2024-10-31,WH-LAG2,PRD-0026,53,190800
2024-10-31,WH-IBD,PRD-0026,65,234000
2024-10-31,WH-ABJ,PRD-0026,86,309600
2024-10-31,WH-PHC,PRD-0026,34,122400
2024-10-31,WH-LAG1,PRD-0027,21,79800
2024-10-31,WH-LAG2,PRD-0027,11,41800
2024-10-31,WH-IBD,PRD-0027,20,76000
2024-10-31,WH-ABJ,PRD-0027,9,34200
2024-10-31,WH-PHC,PRD-0027,31,117800
2024-10-31,WH-LAG1,PRD-0028,41,164000
2024-10-31,WH-LAG2,PRD-0028,29,116000
2024-10-31,WH-IBD,PRD-0028,19,76000
2024-10-31,WH-ABJ,PRD-0028,63,252000
2024-10-31,WH-PHC,PRD-0028,44,176000
2024-10-31,WH-LAG1,PRD-0029,20,178000
2024-10-31,WH-LAG2,PRD-0029,39,347100
2024-10-31,WH-IBD,PRD-0029,12,106800
2024-10-31,WH-ABJ,PRD-0029,36,320400
2024-10-31,WH-PHC,PRD-0029,20,178000
2024-10-31,WH-LAG1,PRD-0030,35,752500
2024-10-31,WH-LAG2,PRD-0030,10,215000
2024-10-31,WH-IBD,PRD-0030,10,215000
2024-10-31,WH-ABJ,PRD-0030,23,494500
2024-10-31,WH-PHC,PRD-0030,7,150500
2024-10-31,WH-LAG1,PRD-0031,181,5466200
2024-10-31,WH-LAG2,PRD-0031,81,2446200
2024-10-31,WH-IBD,PRD-0031,95,2869000
2024-10-31,WH-ABJ,PRD-0031,118,3563600
2024-10-31,WH-PHC,PRD-0031,58,1751600
2024-10-31,WH-LAG1,PRD-0032,8,134400
2024-10-31,WH-LAG2,PRD-0032,28,470400
2024-10-31,WH-IBD,PRD-0032,10,168000
2024-10-31,WH-ABJ,PRD-0032,10,168000
2024-10-31,WH-PHC,PRD-0032,9,151200
2024-10-31,WH-LAG1,PRD-0033,101,949400
2024-10-31,WH-LAG2,PRD-0033,0,0
2024-10-31,WH-IBD,PRD-0033,45,423000
2024-10-31,WH-ABJ,PRD-0033,7,65800
2024-10-31,WH-PHC,PRD-0033,76,714400
2024-10-31,WH-LAG1,PRD-0034,44,567600
2024-10-31,WH-LAG2,PRD-0034,24,309600
2024-10-31,WH-IBD,PRD-0034,13,167700
2024-10-31,WH-ABJ,PRD-0034,30,387000
2024-10-31,WH-PHC,PRD-0034,16,206400
2024-10-31,WH-LAG1,PRD-0035,52,613600
2024-10-31,WH-LAG2,PRD-0035,69,814200
2024-10-31,WH-IBD,PRD-0035,59,696200
2024-10-31,WH-ABJ,PRD-0035,0,0
2024-10-31,WH-PHC,PRD-0035,35,413000
2024-10-31,WH-LAG1,PRD-0036,58,904800
2024-10-31,WH-LAG2,PRD-0036,0,0
2024-10-31,WH-IBD,PRD-0036,0,0
2024-10-31,WH-ABJ,PRD-0036,29,452400
2024-10-31,WH-PHC,PRD-0036,50,780000
2024-10-31,WH-LAG1,PRD-0037,204,4039200
2024-10-31,WH-LAG2,PRD-0037,19,376200
2024-10-31,WH-IBD,PRD-0037,68,1346400
2024-10-31,WH-ABJ,PRD-0037,42,831600
2024-10-31,WH-PHC,PRD-0037,93,1841400
2024-10-31,WH-LAG1,PRD-0038,13,154700
2024-10-31,WH-LAG2,PRD-0038,20,238000
2024-10-31,WH-IBD,PRD-0038,29,345100
2024-10-31,WH-ABJ,PRD-0038,10,119000
2024-10-31,WH-PHC,PRD-0038,10,119000
2024-10-31,WH-LAG1,PRD-0039,148,1835200
2024-10-31,WH-LAG2,PRD-0039,114,1413600
2024-10-31,WH-IBD,PRD-0039,156,1934400
2024-10-31,WH-ABJ,PRD-0039,137,1698800
2024-10-31,WH-PHC,PRD-0039,98,1215200
2024-10-31,WH-LAG1,PRD-0040,117,1310400
2024-10-31,WH-LAG2,PRD-0040,51,571200
2024-10-31,WH-IBD,PRD-0040,56,627200
2024-10-31,WH-ABJ,PRD-0040,52,582400
2024-10-31,WH-PHC,PRD-0040,50,560000
2024-10-31,WH-LAG1,PRD-0041,82,426400
2024-10-31,WH-LAG2,PRD-0041,43,223600
2024-10-31,WH-IBD,PRD-0041,61,317200
2024-10-31,WH-ABJ,PRD-0041,41,213200
2024-10-31,WH-PHC,PRD-0041,20,104000
2024-10-31,WH-LAG1,PRD-0042,32,700800
2024-10-31,WH-LAG2,PRD-0042,10,219000
2024-10-31,WH-IBD,PRD-0042,10,219000
2024-10-31,WH-ABJ,PRD-0042,0,0
2024-10-31,WH-PHC,PRD-0042,0,0
2024-10-31,WH-LAG1,PRD-0043,87,1322400
2024-10-31,WH-LAG2,PRD-0043,54,820800
2024-10-31,WH-IBD,PRD-0043,10,152000
2024-10-31,WH-ABJ,PRD-0043,24,364800
2024-10-31,WH-PHC,PRD-0043,10,152000
2024-10-31,WH-LAG1,PRD-0044,0,0
2024-10-31,WH-LAG2,PRD-0044,10,68000
2024-10-31,WH-IBD,PRD-0044,10,68000
2024-10-31,WH-ABJ,PRD-0044,5,34000
2024-10-31,WH-PHC,PRD-0044,8,54400
2024-10-31,WH-LAG1,PRD-0045,54,334800
2024-10-31,WH-LAG2,PRD-0045,65,403000
2024-10-31,WH-IBD,PRD-0045,35,217000
2024-10-31,WH-ABJ,PRD-0045,70,434000
2024-10-31,WH-PHC,PRD-0045,37,229400
2024-10-31,WH-LAG1,PRD-0046,2,27600
2024-10-31,WH-LAG2,PRD-0046,24,331200
2024-10-31,WH-IBD,PRD-0046,25,345000
2024-10-31,WH-ABJ,PRD-0046,47,648600
2024-10-31,WH-PHC,PRD-0046,52,717600
2024-10-31,WH-LAG1,PRD-0047,41,664200
2024-10-31,WH-LAG2,PRD-0047,56,907200
2024-10-31,WH-IBD,PRD-0047,52,842400
2024-10-31,WH-ABJ,PRD-0047,29,469800
2024-10-31,WH-PHC,PRD-0047,77,1247400
2024-10-31,WH-LAG1,PRD-0048,68,986000
2024-10-31,WH-LAG2,PRD-0048,63,913500
2024-10-31,WH-IBD,PRD-0048,64,928000
2024-10-31,WH-ABJ,PRD-0048,85,1232500
2024-10-31,WH-PHC,PRD-0048,63,913500
2024-10-31,WH-LAG1,PRD-0049,150,2085000
2024-10-31,WH-LAG2,PRD-0049,16,222400
2024-10-31,WH-IBD,PRD-0049,48,667200
2024-10-31,WH-ABJ,PRD-0049,49,681100
2024-10-31,WH-PHC,PRD-0049,53,736700
2024-10-31,WH-LAG1,PRD-0050,72,331200
2024-10-31,WH-LAG2,PRD-0050,30,138000
2024-10-31,WH-IBD,PRD-0050,12,55200
2024-10-31,WH-ABJ,PRD-0050,38,174800
2024-10-31,WH-PHC,PRD-0050,0,0
2024-10-31,WH-LAG1,PRD-0051,160,5568000
2024-10-31,WH-LAG2,PRD-0051,9,313200
2024-10-31,WH-IBD,PRD-0051,46,1600800
2024-10-31,WH-ABJ,PRD-0051,95,3306000
2024-10-31,WH-PHC,PRD-0051,120,4176000
2024-10-31,WH-LAG1,PRD-0052,3,101700
2024-10-31,WH-LAG2,PRD-0052,16,542400
2024-10-31,WH-IBD,PRD-0052,12,406800
2024-10-31,WH-ABJ,PRD-0052,1,33900
2024-10-31,WH-PHC,PRD-0052,18,610200
2024-10-31,WH-LAG1,PRD-0053,47,1541600
2024-10-31,WH-LAG2,PRD-0053,23,754400
2024-10-31,WH-IBD,PRD-0053,10,328000
2024-10-31,WH-ABJ,PRD-0053,19,623200
2024-10-31,WH-PHC,PRD-0053,10,328000
2024-10-31,WH-LAG1,PRD-0054,55,748000
2024-10-31,WH-LAG2,PRD-0054,5,68000
2024-10-31,WH-IBD,PRD-0054,0,0
2024-10-31,WH-ABJ,PRD-0054,10,136000
2024-10-31,WH-PHC,PRD-0054,10,136000
2024-10-31,WH-LAG1,PRD-0055,42,579600
2024-10-31,WH-LAG2,PRD-0055,46,634800
2024-10-31,WH-IBD,PRD-0055,14,193200
2024-10-31,WH-ABJ,PRD-0055,12,165600
2024-10-31,WH-PHC,PRD-0055,14,193200
2024-10-31,WH-LAG1,PRD-0056,7,149800
2024-10-31,WH-LAG2,PRD-0056,41,877400
2024-10-31,WH-IBD,PRD-0056,47,1005800
2024-10-31,WH-ABJ,PRD-0056,49,1048600
2024-10-31,WH-PHC,PRD-0056,45,963000
2024-10-31,WH-LAG1,PRD-0057,142,2243600
2024-10-31,WH-LAG2,PRD-0057,211,3333800
2024-10-31,WH-IBD,PRD-0057,88,1390400
2024-10-31,WH-ABJ,PRD-0057,98,1548400
2024-10-31,WH-PHC,PRD-0057,80,1264000
2024-10-31,WH-LAG1,PRD-0058,93,1385700
2024-10-31,WH-LAG2,PRD-0058,44,655600
2024-10-31,WH-IBD,PRD-0058,68,1013200
2024-10-31,WH-ABJ,PRD-0058,97,1445300
2024-10-31,WH-PHC,PRD-0058,48,715200
2024-10-31,WH-LAG1,PRD-0059,54,2295000
2024-10-31,WH-LAG2,PRD-0059,52,2210000
2024-10-31,WH-IBD,PRD-0059,67,2847500
2024-10-31,WH-ABJ,PRD-0059,68,2890000
2024-10-31,WH-PHC,PRD-0059,58,2465000
2024-10-31,WH-LAG1,PRD-0060,154,7361200
2024-10-31,WH-LAG2,PRD-0060,86,4110800
2024-10-31,WH-IBD,PRD-0060,65,3107000
2024-10-31,WH-ABJ,PRD-0060,130,6214000
2024-10-31,WH-PHC,PRD-0060,80,3824000
2024-10-31,WH-LAG1,PRD-0061,145,1856000
2024-10-31,WH-LAG2,PRD-0061,55,704000
2024-10-31,WH-IBD,PRD-0061,97,1241600
2024-10-31,WH-ABJ,PRD-0061,133,1702400
2024-10-31,WH-PHC,PRD-0061,38,486400
2024-10-31,WH-LAG1,PRD-0062,70,952000
2024-10-31,WH-LAG2,PRD-0062,56,761600
2024-10-31,WH-IBD,PRD-0062,111,1509600
2024-10-31,WH-ABJ,PRD-0062,146,1985600
2024-10-31,WH-PHC,PRD-0062,41,557600
2024-10-31,WH-LAG1,PRD-0063,140,1666000
2024-10-31,WH-LAG2,PRD-0063,77,916300
2024-10-31,WH-IBD,PRD-0063,57,678300
2024-10-31,WH-ABJ,PRD-0063,37,440300
2024-10-31,WH-PHC,PRD-0063,66,785400
2024-10-31,WH-LAG1,PRD-0064,145,4466000
2024-10-31,WH-LAG2,PRD-0064,44,1355200
2024-10-31,WH-IBD,PRD-0064,74,2279200
2024-10-31,WH-ABJ,PRD-0064,56,1724800
2024-10-31,WH-PHC,PRD-0064,26,800800
2024-10-31,WH-LAG1,PRD-0065,185,4884000
2024-10-31,WH-LAG2,PRD-0065,29,765600
2024-10-31,WH-IBD,PRD-0065,85,2244000
2024-10-31,WH-ABJ,PRD-0065,123,3247200
2024-10-31,WH-PHC,PRD-0065,88,2323200
2024-10-31,WH-LAG1,PRD-0066,10,442000
2024-10-31,WH-LAG2,PRD-0066,8,353600
2024-10-31,WH-IBD,PRD-0066,10,442000
2024-10-31,WH-ABJ,PRD-0066,9,397800
2024-10-31,WH-PHC,PRD-0066,2,88400
2024-10-31,WH-LAG1,PRD-0067,67,696800
2024-10-31,WH-LAG2,PRD-0067,43,447200
2024-10-31,WH-IBD,PRD-0067,66,686400
2024-10-31,WH-ABJ,PRD-0067,62,644800
2024-10-31,WH-PHC,PRD-0067,41,426400
2024-10-31,WH-LAG1,PRD-0068,298,3933600
2024-10-31,WH-LAG2,PRD-0068,69,910800
2024-10-31,WH-IBD,PRD-0068,155,2046000
2024-10-31,WH-ABJ,PRD-0068,187,2468400
2024-10-31,WH-PHC,PRD-0068,122,1610400
2024-10-31,WH-LAG1,PRD-0069,32,441600
2024-10-31,WH-LAG2,PRD-0069,21,289800
2024-10-31,WH-IBD,PRD-0069,8,110400
2024-10-31,WH-ABJ,PRD-0069,22,303600
2024-10-31,WH-PHC,PRD-0069,10,138000
2024-10-31,WH-LAG1,PRD-0070,79,1216600
2024-10-31,WH-LAG2,PRD-0070,15,231000
2024-10-31,WH-IBD,PRD-0070,37,569800
2024-10-31,WH-ABJ,PRD-0070,22,338800
2024-10-31,WH-PHC,PRD-0070,0,0
2024-10-31,WH-LAG1,PRD-0071,17,251600
2024-10-31,WH-LAG2,PRD-0071,5,74000
2024-10-31,WH-IBD,PRD-0071,21,310800
2024-10-31,WH-ABJ,PRD-0071,0,0
2024-10-31,WH-PHC,PRD-0071,16,236800
2024-10-31,WH-LAG1,PRD-0072,31,1010600
2024-10-31,WH-LAG2,PRD-0072,19,619400
2024-10-31,WH-IBD,PRD-0072,47,1532200
2024-10-31,WH-ABJ,PRD-0072,18,586800
2024-10-31,WH-PHC,PRD-0072,31,1010600
2024-10-31,WH-LAG1,PRD-0073,23,685400
2024-10-31,WH-LAG2,PRD-0073,0,0
2024-10-31,WH-IBD,PRD-0073,0,0
2024-10-31,WH-ABJ,PRD-0073,20,596000
2024-10-31,WH-PHC,PRD-0073,10,298000
2024-10-31,WH-LAG1,PRD-0074,106,3116400
2024-10-31,WH-LAG2,PRD-0074,28,823200
2024-10-31,WH-IBD,PRD-0074,41,1205400
2024-10-31,WH-ABJ,PRD-0074,40,1176000
2024-10-31,WH-PHC,PRD-0074,27,793800
2024-10-31,WH-LAG1,PRD-0075,47,1259600
2024-10-31,WH-LAG2,PRD-0075,7,187600
2024-10-31,WH-IBD,PRD-0075,29,777200
2024-10-31,WH-ABJ,PRD-0075,4,107200
2024-10-31,WH-PHC,PRD-0075,40,1072000
2024-10-31,WH-LAG1,PRD-0076,27,631800
2024-10-31,WH-LAG2,PRD-0076,53,1240200
2024-10-31,WH-IBD,PRD-0076,44,1029600
2024-10-31,WH-ABJ,PRD-0076,105,2457000
2024-10-31,WH-PHC,PRD-0076,12,280800
2024-10-31,WH-LAG1,PRD-0077,293,7500800
2024-10-31,WH-LAG2,PRD-0077,241,6169600
2024-10-31,WH-IBD,PRD-0077,221,5657600
2024-10-31,WH-ABJ,PRD-0077,297,7603200
2024-10-31,WH-PHC,PRD-0077,67,1715200
2024-10-31,WH-LAG1,PRD-0078,115,3197000
2024-10-31,WH-LAG2,PRD-0078,73,2029400
2024-10-31,WH-IBD,PRD-0078,64,1779200
2024-10-31,WH-ABJ,PRD-0078,95,2641000
2024-10-31,WH-PHC,PRD-0078,65,1807000
2024-10-31,WH-LAG1,PRD-0079,17,654500
2024-10-31,WH-LAG2,PRD-0079,77,2964500
2024-10-31,WH-IBD,PRD-0079,64,2464000
2024-10-31,WH-ABJ,PRD-0079,60,2310000
2024-10-31,WH-PHC,PRD-0079,82,3157000
2024-10-31,WH-LAG1,PRD-0080,148,2900800
2024-10-31,WH-LAG2,PRD-0080,12,235200
2024-10-31,WH-IBD,PRD-0080,51,999600
2024-10-31,WH-ABJ,PRD-0080,57,1117200
2024-10-31,WH-PHC,PRD-0080,38,744800
2024-10-31,WH-LAG1,PRD-0081,94,3045600
2024-10-31,WH-LAG2,PRD-0081,66,2138400
2024-10-31,WH-IBD,PRD-0081,52,1684800
2024-10-31,WH-ABJ,PRD-0081,103,3337200
2024-10-31,WH-PHC,PRD-0081,109,3531600
2024-10-31,WH-LAG1,PRD-0082,187,4824600
2024-10-31,WH-LAG2,PRD-0082,74,1909200
2024-10-31,WH-IBD,PRD-0082,23,593400
2024-10-31,WH-ABJ,PRD-0082,67,1728600
2024-10-31,WH-PHC,PRD-0082,93,2399400
2024-10-31,WH-LAG1,PRD-0083,69,1269600
2024-10-31,WH-LAG2,PRD-0083,65,1196000
2024-10-31,WH-IBD,PRD-0083,89,1637600
2024-10-31,WH-ABJ,PRD-0083,112,2060800
2024-10-31,WH-PHC,PRD-0083,93,1711200
2024-10-31,WH-LAG1,PRD-0084,184,3974400
2024-10-31,WH-LAG2,PRD-0084,119,2570400
2024-10-31,WH-IBD,PRD-0084,79,1706400
2024-10-31,WH-ABJ,PRD-0084,134,2894400
2024-10-31,WH-PHC,PRD-0084,84,1814400
2024-10-31,WH-LAG1,PRD-0085,111,2908200
2024-10-31,WH-LAG2,PRD-0085,38,995600
2024-10-31,WH-IBD,PRD-0085,93,2436600
2024-10-31,WH-ABJ,PRD-0085,110,2882000
2024-10-31,WH-PHC,PRD-0085,59,1545800
2024-10-31,WH-LAG1,PRD-0086,278,6616400
2024-10-31,WH-LAG2,PRD-0086,0,0
2024-10-31,WH-IBD,PRD-0086,85,2023000
2024-10-31,WH-ABJ,PRD-0086,60,1428000
2024-10-31,WH-PHC,PRD-0086,137,3260600
2024-10-31,WH-LAG1,PRD-0087,8,150400
2024-10-31,WH-LAG2,PRD-0087,19,357200
2024-10-31,WH-IBD,PRD-0087,23,432400
2024-10-31,WH-ABJ,PRD-0087,5,94000
2024-10-31,WH-PHC,PRD-0087,10,188000
2024-10-31,WH-LAG1,PRD-0088,14,173600
2024-10-31,WH-LAG2,PRD-0088,59,731600
2024-10-31,WH-IBD,PRD-0088,3,37200
2024-10-31,WH-ABJ,PRD-0088,31,384400
2024-10-31,WH-PHC,PRD-0088,49,607600
2024-10-31,WH-LAG1,PRD-0089,59,660800
2024-10-31,WH-LAG2,PRD-0089,47,526400
2024-10-31,WH-IBD,PRD-0089,49,548800
2024-10-31,WH-ABJ,PRD-0089,33,369600
2024-10-31,WH-PHC,PRD-0089,53,593600
2024-10-31,WH-LAG1,PRD-0090,1936,55369600
2024-10-31,WH-LAG2,PRD-0090,492,14071200
2024-10-31,WH-IBD,PRD-0090,143,4089800
2024-10-31,WH-ABJ,PRD-0090,413,11811800
2024-10-31,WH-PHC,PRD-0090,253,7235800
2024-10-31,WH-LAG1,PRD-0091,138,2980800
2024-10-31,WH-LAG2,PRD-0091,61,1317600
2024-10-31,WH-IBD,PRD-0091,81,1749600
2024-10-31,WH-ABJ,PRD-0091,19,410400
2024-10-31,WH-PHC,PRD-0091,48,1036800
2024-10-31,WH-LAG1,PRD-0092,31,768800
2024-10-31,WH-LAG2,PRD-0092,32,793600
2024-10-31,WH-IBD,PRD-0092,9,223200
2024-10-31,WH-ABJ,PRD-0092,62,1537600
2024-10-31,WH-PHC,PRD-0092,11,272800
2024-10-31,WH-LAG1,PRD-0093,101,1959400
2024-10-31,WH-LAG2,PRD-0093,102,1978800
2024-10-31,WH-IBD,PRD-0093,48,931200
2024-10-31,WH-ABJ,PRD-0093,48,931200
2024-10-31,WH-PHC,PRD-0093,1,19400
2024-10-31,WH-LAG1,PRD-0094,42,789600
2024-10-31,WH-LAG2,PRD-0094,10,188000
2024-10-31,WH-IBD,PRD-0094,9,169200
2024-10-31,WH-ABJ,PRD-0094,10,188000
2024-10-31,WH-PHC,PRD-0094,9,169200
2024-10-31,WH-LAG1,PRD-0095,19,321100
2024-10-31,WH-LAG2,PRD-0095,10,169000
2024-10-31,WH-IBD,PRD-0095,24,405600
2024-10-31,WH-ABJ,PRD-0095,30,507000
2024-10-31,WH-PHC,PRD-0095,25,422500
2024-10-31,WH-LAG1,PRD-0096,13,236600
2024-10-31,WH-LAG2,PRD-0096,21,382200
2024-10-31,WH-IBD,PRD-0096,21,382200
2024-10-31,WH-ABJ,PRD-0096,6,109200
2024-10-31,WH-PHC,PRD-0096,14,254800
2024-10-31,WH-LAG1,PRD-0097,1,17800
2024-10-31,WH-LAG2,PRD-0097,23,409400
2024-10-31,WH-IBD,PRD-0097,12,213600
2024-10-31,WH-ABJ,PRD-0097,17,302600
2024-10-31,WH-PHC,PRD-0097,34,605200
2024-10-31,WH-LAG1,PRD-0098,348,4663200
2024-10-31,WH-LAG2,PRD-0098,60,804000
2024-10-31,WH-IBD,PRD-0098,68,911200
2024-10-31,WH-ABJ,PRD-0098,161,2157400
2024-10-31,WH-PHC,PRD-0098,175,2345000
2024-10-31,WH-LAG1,PRD-0099,41,516600
2024-10-31,WH-LAG2,PRD-0099,32,403200
2024-10-31,WH-IBD,PRD-0099,21,264600
2024-10-31,WH-ABJ,PRD-0099,40,504000
2024-10-31,WH-PHC,PRD-0099,3,37800
2024-10-31,WH-LAG1,PRD-0100,71,1192800
2024-10-31,WH-LAG2,PRD-0100,0,0
2024-10-31,WH-IBD,PRD-0100,188,3158400
2024-10-31,WH-ABJ,PRD-0100,158,2654400
2024-10-31,WH-PHC,PRD-0100,171,2872800
2024-10-31,WH-LAG1,PRD-0101,53,975200
2024-10-31,WH-LAG2,PRD-0101,32,588800
2024-10-31,WH-IBD,PRD-0101,29,533600
2024-10-31,WH-ABJ,PRD-0101,27,496800
2024-10-31,WH-PHC,PRD-0101,35,644000
2024-10-31,WH-LAG1,PRD-0102,101,1434200
2024-10-31,WH-LAG2,PRD-0102,52,738400
2024-10-31,WH-IBD,PRD-0102,45,639000
2024-10-31,WH-ABJ,PRD-0102,16,227200
2024-10-31,WH-PHC,PRD-0102,93,1320600
2024-10-31,WH-LAG1,PRD-0103,136,4052800
2024-10-31,WH-LAG2,PRD-0103,17,506600
2024-10-31,WH-IBD,PRD-0103,82,2443600
2024-10-31,WH-ABJ,PRD-0103,115,3427000
2024-10-31,WH-PHC,PRD-0103,47,1400600
2024-10-31,WH-LAG1,PRD-0104,37,510600
2024-10-31,WH-LAG2,PRD-0104,10,138000
2024-10-31,WH-IBD,PRD-0104,10,138000
2024-10-31,WH-ABJ,PRD-0104,24,331200
2024-10-31,WH-PHC,PRD-0104,34,469200
2024-10-31,WH-LAG1,PRD-0105,39,1349400
2024-10-31,WH-LAG2,PRD-0105,29,1003400
2024-10-31,WH-IBD,PRD-0105,23,795800
2024-10-31,WH-ABJ,PRD-0105,29,1003400
2024-10-31,WH-PHC,PRD-0105,8,276800
2024-10-31,WH-LAG1,PRD-0106,46,1508800
2024-10-31,WH-LAG2,PRD-0106,10,328000
2024-10-31,WH-IBD,PRD-0106,10,328000
2024-10-31,WH-ABJ,PRD-0106,4,131200
2024-10-31,WH-PHC,PRD-0106,10,328000
2024-10-31,WH-LAG1,PRD-0107,29,968600
2024-10-31,WH-LAG2,PRD-0107,22,734800
2024-10-31,WH-IBD,PRD-0107,7,233800
2024-10-31,WH-ABJ,PRD-0107,38,1269200
2024-10-31,WH-PHC,PRD-0107,25,835000
2024-10-31,WH-LAG1,PRD-0108,252,6753600
2024-10-31,WH-LAG2,PRD-0108,23,616400
2024-10-31,WH-IBD,PRD-0108,106,2840800
2024-10-31,WH-ABJ,PRD-0108,129,3457200
2024-10-31,WH-PHC,PRD-0108,141,3778800
2024-10-31,WH-LAG1,PRD-0109,192,5068800
2024-10-31,WH-LAG2,PRD-0109,78,2059200
2024-10-31,WH-IBD,PRD-0109,36,950400
2024-10-31,WH-ABJ,PRD-0109,89,2349600
2024-10-31,WH-PHC,PRD-0109,39,1029600
2024-10-31,WH-LAG1,PRD-0110,13,322400
2024-10-31,WH-LAG2,PRD-0110,25,620000
2024-10-31,WH-IBD,PRD-0110,18,446400
2024-10-31,WH-ABJ,PRD-0110,0,0
2024-10-31,WH-PHC,PRD-0110,17,421600
2024-10-31,WH-LAG1,PRD-0111,205,2009000
2024-10-31,WH-LAG2,PRD-0111,70,686000
2024-10-31,WH-IBD,PRD-0111,53,519400
2024-10-31,WH-ABJ,PRD-0111,77,754600
2024-10-31,WH-PHC,PRD-0111,116,1136800
2024-10-31,WH-LAG1,PRD-0112,14,165200
2024-10-31,WH-LAG2,PRD-0112,24,283200
2024-10-31,WH-IBD,PRD-0112,10,118000
2024-10-31,WH-ABJ,PRD-0112,28,330400
2024-10-31,WH-PHC,PRD-0112,9,106200
2024-10-31,WH-LAG1,PRD-0113,70,602000
2024-10-31,WH-LAG2,PRD-0113,88,756800
2024-10-31,WH-IBD,PRD-0113,6,51600
2024-10-31,WH-ABJ,PRD-0113,163,1401800
2024-10-31,WH-PHC,PRD-0113,114,980400
2024-10-31,WH-LAG1,PRD-0114,21,256200
2024-10-31,WH-LAG2,PRD-0114,10,122000
2024-10-31,WH-IBD,PRD-0114,10,122000
2024-10-31,WH-ABJ,PRD-0114,25,305000
2024-10-31,WH-PHC,PRD-0114,6,73200
2024-10-31,WH-LAG1,PRD-0115,74,1213600
2024-10-31,WH-LAG2,PRD-0115,81,1328400
2024-10-31,WH-IBD,PRD-0115,55,902000
2024-10-31,WH-ABJ,PRD-0115,97,1590800
2024-10-31,WH-PHC,PRD-0115,46,754400
2024-10-31,WH-LAG1,PRD-0116,51,703800
2024-10-31,WH-LAG2,PRD-0116,26,358800
2024-10-31,WH-IBD,PRD-0116,12,165600
2024-10-31,WH-ABJ,PRD-0116,46,634800
2024-10-31,WH-PHC,PRD-0116,60,828000
2024-10-31,WH-LAG1,PRD-0117,90,1368000
2024-10-31,WH-LAG2,PRD-0117,70,1064000
2024-10-31,WH-IBD,PRD-0117,70,1064000
2024-10-31,WH-ABJ,PRD-0117,43,653600
2024-10-31,WH-PHC,PRD-0117,76,1155200
2024-10-31,WH-LAG1,PRD-0118,235,4136000
2024-10-31,WH-LAG2,PRD-0118,194,3414400
2024-10-31,WH-IBD,PRD-0118,12,211200
2024-10-31,WH-ABJ,PRD-0118,181,3185600
2024-10-31,WH-PHC,PRD-0118,100,1760000
2024-10-31,WH-LAG1,PRD-0119,29,545200
2024-10-31,WH-LAG2,PRD-0119,10,188000
2024-10-31,WH-IBD,PRD-0119,14,263200
2024-10-31,WH-ABJ,PRD-0119,6,112800
2024-10-31,WH-PHC,PRD-0119,10,188000
2024-10-31,WH-LAG1,PRD-0120,292,3620800
2024-10-31,WH-LAG2,PRD-0120,102,1264800
2024-10-31,WH-IBD,PRD-0120,166,2058400
2024-10-31,WH-ABJ,PRD-0120,119,1475600
2024-10-31,WH-PHC,PRD-0120,78,967200
2024-10-31,WH-LAG1,PRD-0121,50,1080000
2024-10-31,WH-LAG2,PRD-0121,51,1101600
2024-10-31,WH-IBD,PRD-0121,66,1425600
2024-10-31,WH-ABJ,PRD-0121,119,2570400
2024-10-31,WH-PHC,PRD-0121,124,2678400
2024-10-31,WH-LAG1,PRD-0122,140,2072000
2024-10-31,WH-LAG2,PRD-0122,99,1465200
2024-10-31,WH-IBD,PRD-0122,76,1124800
2024-10-31,WH-ABJ,PRD-0122,20,296000
2024-10-31,WH-PHC,PRD-0122,87,1287600
2024-10-31,WH-LAG1,PRD-0123,65,754000
2024-10-31,WH-LAG2,PRD-0123,82,951200
2024-10-31,WH-IBD,PRD-0123,27,313200
2024-10-31,WH-ABJ,PRD-0123,48,556800
2024-10-31,WH-PHC,PRD-0123,49,568400
2024-10-31,WH-LAG1,PRD-0124,78,530400
2024-10-31,WH-LAG2,PRD-0124,0,0
2024-10-31,WH-IBD,PRD-0124,10,68000
2024-10-31,WH-ABJ,PRD-0124,51,346800
2024-10-31,WH-PHC,PRD-0124,71,482800
2024-10-31,WH-LAG1,PRD-0125,322,4121600
2024-10-31,WH-LAG2,PRD-0125,308,3942400
2024-10-31,WH-IBD,PRD-0125,108,1382400
2024-10-31,WH-ABJ,PRD-0125,203,2598400
2024-10-31,WH-PHC,PRD-0125,224,2867200
2024-10-31,WH-LAG1,PRD-0126,112,2643200
2024-10-31,WH-LAG2,PRD-0126,56,1321600
2024-10-31,WH-IBD,PRD-0126,27,637200
2024-10-31,WH-ABJ,PRD-0126,24,566400
2024-10-31,WH-PHC,PRD-0126,32,755200
2024-10-31,WH-LAG1,PRD-0127,71,937200
2024-10-31,WH-LAG2,PRD-0127,31,409200
2024-10-31,WH-IBD,PRD-0127,45,594000
2024-10-31,WH-ABJ,PRD-0127,29,382800
2024-10-31,WH-PHC,PRD-0127,49,646800
2024-10-31,WH-LAG1,PRD-0128,42,705600
2024-10-31,WH-LAG2,PRD-0128,60,1008000
2024-10-31,WH-IBD,PRD-0128,99,1663200
2024-10-31,WH-ABJ,PRD-0128,41,688800
2024-10-31,WH-PHC,PRD-0128,35,588000
2024-10-31,WH-LAG1,PRD-0129,26,400400
2024-10-31,WH-LAG2,PRD-0129,18,277200
2024-10-31,WH-IBD,PRD-0129,9,138600
2024-10-31,WH-ABJ,PRD-0129,20,308000
2024-10-31,WH-PHC,PRD-0129,4,61600
2024-10-31,WH-LAG1,PRD-0130,55,594000
2024-10-31,WH-LAG2,PRD-0130,44,475200
2024-10-31,WH-IBD,PRD-0130,43,464400
2024-10-31,WH-ABJ,PRD-0130,45,486000
2024-10-31,WH-PHC,PRD-0130,28,302400
2024-10-31,WH-LAG1,PRD-0131,102,2611200
2024-10-31,WH-LAG2,PRD-0131,95,2432000
2024-10-31,WH-IBD,PRD-0131,68,1740800
2024-10-31,WH-ABJ,PRD-0131,119,3046400
2024-10-31,WH-PHC,PRD-0131,72,1843200
2024-10-31,WH-LAG1,PRD-0132,88,2763200
2024-10-31,WH-LAG2,PRD-0132,37,1161800
2024-10-31,WH-IBD,PRD-0132,50,1570000
2024-10-31,WH-ABJ,PRD-0132,66,2072400
2024-10-31,WH-PHC,PRD-0132,59,1852600
2024-10-31,WH-LAG1,PRD-0133,51,1213800
2024-10-31,WH-LAG2,PRD-0133,37,880600
2024-10-31,WH-IBD,PRD-0133,10,238000
2024-10-31,WH-ABJ,PRD-0133,10,238000
2024-10-31,WH-PHC,PRD-0133,10,238000
2024-10-31,WH-LAG1,PRD-0134,50,1490000
2024-10-31,WH-LAG2,PRD-0134,8,238400
2024-10-31,WH-IBD,PRD-0134,41,1221800
2024-10-31,WH-ABJ,PRD-0134,49,1460200
2024-10-31,WH-PHC,PRD-0134,21,625800
2024-10-31,WH-LAG1,PRD-0135,376,9926400
2024-10-31,WH-LAG2,PRD-0135,94,2481600
2024-10-31,WH-IBD,PRD-0135,59,1557600
2024-10-31,WH-ABJ,PRD-0135,65,1716000
2024-10-31,WH-PHC,PRD-0135,55,1452000
2024-10-31,WH-LAG1,PRD-0136,56,2385600
2024-10-31,WH-LAG2,PRD-0136,73,3109800
2024-10-31,WH-IBD,PRD-0136,43,1831800
2024-10-31,WH-ABJ,PRD-0136,51,2172600
2024-10-31,WH-PHC,PRD-0136,63,2683800
2024-10-31,WH-LAG1,PRD-0137,103,2492600
2024-10-31,WH-LAG2,PRD-0137,88,2129600
2024-10-31,WH-IBD,PRD-0137,85,2057000
2024-10-31,WH-ABJ,PRD-0137,60,1452000
2024-10-31,WH-PHC,PRD-0137,92,2226400
2024-10-31,WH-LAG1,PRD-0138,153,3335400
2024-10-31,WH-LAG2,PRD-0138,41,893800
2024-10-31,WH-IBD,PRD-0138,106,2310800
2024-10-31,WH-ABJ,PRD-0138,102,2223600
2024-10-31,WH-PHC,PRD-0138,115,2507000
2024-10-31,WH-LAG1,PRD-0139,111,3196800
2024-10-31,WH-LAG2,PRD-0139,66,1900800
2024-10-31,WH-IBD,PRD-0139,51,1468800
2024-10-31,WH-ABJ,PRD-0139,82,2361600
2024-10-31,WH-PHC,PRD-0139,70,2016000
2024-10-31,WH-LAG1,PRD-0140,47,1099800
2024-10-31,WH-LAG2,PRD-0140,56,1310400
2024-10-31,WH-IBD,PRD-0140,5,117000
2024-10-31,WH-ABJ,PRD-0140,59,1380600
2024-10-31,WH-PHC,PRD-0140,10,234000
2024-10-31,WH-LAG1,PRD-0141,70,2156000
2024-10-31,WH-LAG2,PRD-0141,30,924000
2024-10-31,WH-IBD,PRD-0141,6,184800
2024-10-31,WH-ABJ,PRD-0141,82,2525600
2024-10-31,WH-PHC,PRD-0141,53,1632400
2024-10-31,WH-LAG1,PRD-0142,271,12140800
2024-10-31,WH-LAG2,PRD-0142,184,8243200
2024-10-31,WH-IBD,PRD-0142,119,5331200
2024-10-31,WH-ABJ,PRD-0142,115,5152000
2024-10-31,WH-PHC,PRD-0142,110,4928000
2024-10-31,WH-LAG1,PRD-0143,33,1359600
2024-10-31,WH-LAG2,PRD-0143,41,1689200
2024-10-31,WH-IBD,PRD-0143,20,824000
2024-10-31,WH-ABJ,PRD-0143,26,1071200
2024-10-31,WH-PHC,PRD-0143,16,659200
2024-10-31,WH-LAG1,PRD-0144,62,1661600
2024-10-31,WH-LAG2,PRD-0144,25,670000
2024-10-31,WH-IBD,PRD-0144,6,160800
2024-10-31,WH-ABJ,PRD-0144,25,670000
2024-10-31,WH-PHC,PRD-0144,58,1554400
2024-10-31,WH-LAG1,PRD-0145,245,6223000
2024-10-31,WH-LAG2,PRD-0145,53,1346200
2024-10-31,WH-IBD,PRD-0145,71,1803400
2024-10-31,WH-ABJ,PRD-0145,96,2438400
2024-10-31,WH-PHC,PRD-0145,136,3454400
2024-10-31,WH-LAG1,PRD-0146,92,2557600
2024-10-31,WH-LAG2,PRD-0146,34,945200
2024-10-31,WH-IBD,PRD-0146,12,333600
2024-10-31,WH-ABJ,PRD-0146,16,444800
2024-10-31,WH-PHC,PRD-0146,16,444800
2024-10-31,WH-LAG1,PRD-0147,111,3063600
2024-10-31,WH-LAG2,PRD-0147,36,993600
2024-10-31,WH-IBD,PRD-0147,31,855600
2024-10-31,WH-ABJ,PRD-0147,54,1490400
2024-10-31,WH-PHC,PRD-0147,59,1628400
2024-10-31,WH-LAG1,PRD-0148,59,1404200
2024-10-31,WH-LAG2,PRD-0148,44,1047200
2024-10-31,WH-IBD,PRD-0148,11,261800
2024-10-31,WH-ABJ,PRD-0148,28,666400
2024-10-31,WH-PHC,PRD-0148,44,1047200
2024-10-31,WH-LAG1,PRD-0149,47,1870600
2024-10-31,WH-LAG2,PRD-0149,11,437800
2024-10-31,WH-IBD,PRD-0149,28,1114400
2024-10-31,WH-ABJ,PRD-0149,23,915400
2024-10-31,WH-PHC,PRD-0149,1,39800
2024-10-31,WH-LAG1,PRD-0150,92,3532800
2024-10-31,WH-LAG2,PRD-0150,81,3110400
2024-10-31,WH-IBD,PRD-0150,78,2995200
2024-10-31,WH-ABJ,PRD-0150,109,4185600
2024-10-31,WH-PHC,PRD-0150,64,2457600
2024-10-31,WH-LAG1,PRD-0151,628,21728800
2024-10-31,WH-LAG2,PRD-0151,655,22663000
2024-10-31,WH-IBD,PRD-0151,196,6781600
2024-10-31,WH-ABJ,PRD-0151,495,17127000
2024-10-31,WH-PHC,PRD-0151,630,21798000
2024-10-31,WH-LAG1,PRD-0152,24,518400
2024-10-31,WH-LAG2,PRD-0152,55,1188000
2024-10-31,WH-IBD,PRD-0152,40,864000
2024-10-31,WH-ABJ,PRD-0152,68,1468800
2024-10-31,WH-PHC,PRD-0152,55,1188000
2024-10-31,WH-LAG1,PRD-0153,114,2143200
2024-10-31,WH-LAG2,PRD-0153,70,1316000
2024-10-31,WH-IBD,PRD-0153,44,827200
2024-10-31,WH-ABJ,PRD-0153,150,2820000
2024-10-31,WH-PHC,PRD-0153,95,1786000
2024-10-31,WH-LAG1,PRD-0154,45,1512000
2024-10-31,WH-LAG2,PRD-0154,29,974400
2024-10-31,WH-IBD,PRD-0154,49,1646400
2024-10-31,WH-ABJ,PRD-0154,51,1713600
2024-10-31,WH-PHC,PRD-0154,69,2318400
2024-10-31,WH-LAG1,PRD-0155,118,6230400
2024-10-31,WH-LAG2,PRD-0155,18,950400
2024-10-31,WH-IBD,PRD-0155,62,3273600
2024-10-31,WH-ABJ,PRD-0155,58,3062400
2024-10-31,WH-PHC,PRD-0155,44,2323200
2024-10-31,WH-LAG1,PRD-0156,156,6957600
2024-10-31,WH-LAG2,PRD-0156,98,4370800
2024-10-31,WH-IBD,PRD-0156,77,3434200
2024-10-31,WH-ABJ,PRD-0156,92,4103200
2024-10-31,WH-PHC,PRD-0156,53,2363800
2024-10-31,WH-LAG1,PRD-0157,77,1447600
2024-10-31,WH-LAG2,PRD-0157,67,1259600
2024-10-31,WH-IBD,PRD-0157,46,864800
2024-10-31,WH-ABJ,PRD-0157,68,1278400
2024-10-31,WH-PHC,PRD-0157,84,1579200
2024-10-31,WH-LAG1,PRD-0158,33,871200
2024-10-31,WH-LAG2,PRD-0158,10,264000
2024-10-31,WH-IBD,PRD-0158,32,844800
2024-10-31,WH-ABJ,PRD-0158,46,1214400
2024-10-31,WH-PHC,PRD-0158,36,950400
2024-10-31,WH-LAG1,PRD-0159,40,792000
2024-10-31,WH-LAG2,PRD-0159,60,1188000
2024-10-31,WH-IBD,PRD-0159,55,1089000
2024-10-31,WH-ABJ,PRD-0159,60,1188000
2024-10-31,WH-PHC,PRD-0159,10,198000
2024-10-31,WH-LAG1,PRD-0160,268,6860800
2024-10-31,WH-LAG2,PRD-0160,35,896000
2024-10-31,WH-IBD,PRD-0160,164,4198400
2024-10-31,WH-ABJ,PRD-0160,236,6041600
2024-10-31,WH-PHC,PRD-0160,108,2764800
2024-10-31,WH-LAG1,PRD-0161,968,26329600
2024-10-31,WH-LAG2,PRD-0161,87,2366400
2024-10-31,WH-IBD,PRD-0161,79,2148800
2024-10-31,WH-ABJ,PRD-0161,320,8704000
2024-10-31,WH-PHC,PRD-0161,396,10771200
2024-10-31,WH-LAG1,PRD-0162,53,1261400
2024-10-31,WH-LAG2,PRD-0162,59,1404200
2024-10-31,WH-IBD,PRD-0162,30,714000
2024-10-31,WH-ABJ,PRD-0162,38,904400
2024-10-31,WH-PHC,PRD-0162,48,1142400
2024-10-31,WH-LAG1,PRD-0163,100,2160000
2024-10-31,WH-LAG2,PRD-0163,19,410400
2024-10-31,WH-IBD,PRD-0163,58,1252800
2024-10-31,WH-ABJ,PRD-0163,67,1447200
2024-10-31,WH-PHC,PRD-0163,3,64800
2024-10-31,WH-LAG1,PRD-0164,115,1932000
2024-10-31,WH-LAG2,PRD-0164,42,705600
2024-10-31,WH-IBD,PRD-0164,49,823200
2024-10-31,WH-ABJ,PRD-0164,30,504000
2024-10-31,WH-PHC,PRD-0164,42,705600
2024-10-31,WH-LAG1,PRD-0165,115,2231000
2024-10-31,WH-LAG2,PRD-0165,132,2560800
2024-10-31,WH-IBD,PRD-0165,95,1843000
2024-10-31,WH-ABJ,PRD-0165,105,2037000
2024-10-31,WH-PHC,PRD-0165,147,2851800
2024-10-31,WH-LAG1,PRD-0166,226,4926800
2024-10-31,WH-LAG2,PRD-0166,188,4098400
2024-10-31,WH-IBD,PRD-0166,139,3030200
2024-10-31,WH-ABJ,PRD-0166,184,4011200
2024-10-31,WH-PHC,PRD-0166,57,1242600
2024-10-31,WH-LAG1,PRD-0167,120,1296000
2024-10-31,WH-LAG2,PRD-0167,84,907200
2024-10-31,WH-IBD,PRD-0167,75,810000
2024-10-31,WH-ABJ,PRD-0167,74,799200
2024-10-31,WH-PHC,PRD-0167,32,345600
2024-10-31,WH-LAG1,PRD-0168,67,1045200
2024-10-31,WH-LAG2,PRD-0168,13,202800
2024-10-31,WH-IBD,PRD-0168,28,436800
2024-10-31,WH-ABJ,PRD-0168,29,452400
2024-10-31,WH-PHC,PRD-0168,35,546000
2024-10-31,WH-LAG1,PRD-0169,83,1112200
2024-10-31,WH-LAG2,PRD-0169,79,1058600
2024-10-31,WH-IBD,PRD-0169,113,1514200
2024-10-31,WH-ABJ,PRD-0169,61,817400
2024-10-31,WH-PHC,PRD-0169,80,1072000
2024-10-31,WH-LAG1,PRD-0170,34,482800
2024-10-31,WH-LAG2,PRD-0170,22,312400
2024-10-31,WH-IBD,PRD-0170,48,681600
2024-10-31,WH-ABJ,PRD-0170,29,411800
2024-10-31,WH-PHC,PRD-0170,73,1036600
2024-11-30,WH-LAG1,PRD-0001,45,189000
2024-11-30,WH-LAG2,PRD-0001,42,176400
2024-11-30,WH-IBD,PRD-0001,9,37800
2024-11-30,WH-ABJ,PRD-0001,60,252000
2024-11-30,WH-PHC,PRD-0001,34,142800
2024-11-30,WH-LAG1,PRD-0002,15,61500
2024-11-30,WH-LAG2,PRD-0002,24,98400
2024-11-30,WH-IBD,PRD-0002,25,102500
2024-11-30,WH-ABJ,PRD-0002,0,0
2024-11-30,WH-PHC,PRD-0002,33,135300
2024-11-30,WH-LAG1,PRD-0003,31,127100
2024-11-30,WH-LAG2,PRD-0003,5,20500
2024-11-30,WH-IBD,PRD-0003,5,20500
2024-11-30,WH-ABJ,PRD-0003,10,41000
2024-11-30,WH-PHC,PRD-0003,17,69700
2024-11-30,WH-LAG1,PRD-0004,182,709800
2024-11-30,WH-LAG2,PRD-0004,185,721500
2024-11-30,WH-IBD,PRD-0004,166,647400
2024-11-30,WH-ABJ,PRD-0004,84,327600
2024-11-30,WH-PHC,PRD-0004,69,269100
2024-11-30,WH-LAG1,PRD-0005,86,223600
2024-11-30,WH-LAG2,PRD-0005,58,150800
2024-11-30,WH-IBD,PRD-0005,38,98800
2024-11-30,WH-ABJ,PRD-0005,25,65000
2024-11-30,WH-PHC,PRD-0005,40,104000
2024-11-30,WH-LAG1,PRD-0006,24,60000
2024-11-30,WH-LAG2,PRD-0006,22,55000
2024-11-30,WH-IBD,PRD-0006,31,77500
2024-11-30,WH-ABJ,PRD-0006,30,75000
2024-11-30,WH-PHC,PRD-0006,29,72500
2024-11-30,WH-LAG1,PRD-0007,138,1904400
2024-11-30,WH-LAG2,PRD-0007,80,1104000
2024-11-30,WH-IBD,PRD-0007,69,952200
2024-11-30,WH-ABJ,PRD-0007,107,1476600
2024-11-30,WH-PHC,PRD-0007,108,1490400
2024-11-30,WH-LAG1,PRD-0008,95,1282500
2024-11-30,WH-LAG2,PRD-0008,45,607500
2024-11-30,WH-IBD,PRD-0008,20,270000
2024-11-30,WH-ABJ,PRD-0008,27,364500
2024-11-30,WH-PHC,PRD-0008,37,499500
2024-11-30,WH-LAG1,PRD-0009,33,468600
2024-11-30,WH-LAG2,PRD-0009,20,284000
2024-11-30,WH-IBD,PRD-0009,18,255600
2024-11-30,WH-ABJ,PRD-0009,39,553800
2024-11-30,WH-PHC,PRD-0009,24,340800
2024-11-30,WH-LAG1,PRD-0010,18,237600
2024-11-30,WH-LAG2,PRD-0010,9,118800
2024-11-30,WH-IBD,PRD-0010,20,264000
2024-11-30,WH-ABJ,PRD-0010,26,343200
2024-11-30,WH-PHC,PRD-0010,23,303600
2024-11-30,WH-LAG1,PRD-0011,218,3030200
2024-11-30,WH-LAG2,PRD-0011,100,1390000
2024-11-30,WH-IBD,PRD-0011,64,889600
2024-11-30,WH-ABJ,PRD-0011,127,1765300
2024-11-30,WH-PHC,PRD-0011,54,750600
2024-11-30,WH-LAG1,PRD-0012,55,792000
2024-11-30,WH-LAG2,PRD-0012,18,259200
2024-11-30,WH-IBD,PRD-0012,34,489600
2024-11-30,WH-ABJ,PRD-0012,40,576000
2024-11-30,WH-PHC,PRD-0012,0,0
2024-11-30,WH-LAG1,PRD-0013,0,0
2024-11-30,WH-LAG2,PRD-0013,7,68600
2024-11-30,WH-IBD,PRD-0013,16,156800
2024-11-30,WH-ABJ,PRD-0013,13,127400
2024-11-30,WH-PHC,PRD-0013,0,0
2024-11-30,WH-LAG1,PRD-0014,19,212800
2024-11-30,WH-LAG2,PRD-0014,10,112000
2024-11-30,WH-IBD,PRD-0014,17,190400
2024-11-30,WH-ABJ,PRD-0014,5,56000
2024-11-30,WH-PHC,PRD-0014,10,112000
2024-11-30,WH-LAG1,PRD-0015,18,124200
2024-11-30,WH-LAG2,PRD-0015,23,158700
2024-11-30,WH-IBD,PRD-0015,36,248400
2024-11-30,WH-ABJ,PRD-0015,70,483000
2024-11-30,WH-PHC,PRD-0015,68,469200
2024-11-30,WH-LAG1,PRD-0016,263,9073500
2024-11-30,WH-LAG2,PRD-0016,107,3691500
2024-11-30,WH-IBD,PRD-0016,112,3864000
2024-11-30,WH-ABJ,PRD-0016,135,4657500
2024-11-30,WH-PHC,PRD-0016,135,4657500
2024-11-30,WH-LAG1,PRD-0017,38,1208400
2024-11-30,WH-LAG2,PRD-0017,28,890400
2024-11-30,WH-IBD,PRD-0017,22,699600
2024-11-30,WH-ABJ,PRD-0017,0,0
2024-11-30,WH-PHC,PRD-0017,44,1399200
2024-11-30,WH-LAG1,PRD-0018,158,7615600
2024-11-30,WH-LAG2,PRD-0018,28,1349600
2024-11-30,WH-IBD,PRD-0018,115,5543000
2024-11-30,WH-ABJ,PRD-0018,75,3615000
2024-11-30,WH-PHC,PRD-0018,63,3036600
2024-11-30,WH-LAG1,PRD-0019,44,1161600
2024-11-30,WH-LAG2,PRD-0019,86,2270400
2024-11-30,WH-IBD,PRD-0019,21,554400
2024-11-30,WH-ABJ,PRD-0019,57,1504800
2024-11-30,WH-PHC,PRD-0019,77,2032800
2024-11-30,WH-LAG1,PRD-0020,93,2213400
2024-11-30,WH-LAG2,PRD-0020,59,1404200
2024-11-30,WH-IBD,PRD-0020,50,1190000
2024-11-30,WH-ABJ,PRD-0020,47,1118600
2024-11-30,WH-PHC,PRD-0020,79,1880200
2024-11-30,WH-LAG1,PRD-0021,79,1169200
2024-11-30,WH-LAG2,PRD-0021,25,370000
2024-11-30,WH-IBD,PRD-0021,64,947200
2024-11-30,WH-ABJ,PRD-0021,77,1139600
2024-11-30,WH-PHC,PRD-0021,54,799200
2024-11-30,WH-LAG1,PRD-0022,26,249600
2024-11-30,WH-LAG2,PRD-0022,26,249600
2024-11-30,WH-IBD,PRD-0022,7,67200
2024-11-30,WH-ABJ,PRD-0022,28,268800
2024-11-30,WH-PHC,PRD-0022,7,67200
2024-11-30,WH-LAG1,PRD-0023,114,1527600
2024-11-30,WH-LAG2,PRD-0023,6,80400
2024-11-30,WH-IBD,PRD-0023,41,549400
2024-11-30,WH-ABJ,PRD-0023,33,442200
2024-11-30,WH-PHC,PRD-0023,46,616400
2024-11-30,WH-LAG1,PRD-0024,28,218400
2024-11-30,WH-LAG2,PRD-0024,15,117000
2024-11-30,WH-IBD,PRD-0024,17,132600
2024-11-30,WH-ABJ,PRD-0024,22,171600
2024-11-30,WH-PHC,PRD-0024,9,70200
2024-11-30,WH-LAG1,PRD-0025,19,81700
2024-11-30,WH-LAG2,PRD-0025,37,159100
2024-11-30,WH-IBD,PRD-0025,37,159100
2024-11-30,WH-ABJ,PRD-0025,80,344000
2024-11-30,WH-PHC,PRD-0025,14,60200
2024-11-30,WH-LAG1,PRD-0026,51,183600
2024-11-30,WH-LAG2,PRD-0026,53,190800
2024-11-30,WH-IBD,PRD-0026,43,154800
2024-11-30,WH-ABJ,PRD-0026,74,266400
2024-11-30,WH-PHC,PRD-0026,20,72000
2024-11-30,WH-LAG1,PRD-0027,21,79800
2024-11-30,WH-LAG2,PRD-0027,0,0
2024-11-30,WH-IBD,PRD-0027,20,76000
2024-11-30,WH-ABJ,PRD-0027,0,0
2024-11-30,WH-PHC,PRD-0027,26,98800
2024-11-30,WH-LAG1,PRD-0028,19,76000
2024-11-30,WH-LAG2,PRD-0028,14,56000
2024-11-30,WH-IBD,PRD-0028,9,36000
2024-11-30,WH-ABJ,PRD-0028,63,252000
2024-11-30,WH-PHC,PRD-0028,44,176000
2024-11-30,WH-LAG1,PRD-0029,10,89000
2024-11-30,WH-LAG2,PRD-0029,26,231400
2024-11-30,WH-IBD,PRD-0029,12,106800
2024-11-30,WH-ABJ,PRD-0029,34,302600
2024-11-30,WH-PHC,PRD-0029,13,115700
2024-11-30,WH-LAG1,PRD-0030,33,709500
2024-11-30,WH-LAG2,PRD-0030,10,215000
2024-11-30,WH-IBD,PRD-0030,10,215000
2024-11-30,WH-ABJ,PRD-0030,19,408500
2024-11-30,WH-PHC,PRD-0030,7,150500
2024-11-30,WH-LAG1,PRD-0031,131,3956200
2024-11-30,WH-LAG2,PRD-0031,26,785200
2024-11-30,WH-IBD,PRD-0031,79,2385800
2024-11-30,WH-ABJ,PRD-0031,103,3110600
2024-11-30,WH-PHC,PRD-0031,39,1177800
2024-11-30,WH-LAG1,PRD-0032,8,134400
2024-11-30,WH-LAG2,PRD-0032,28,470400
2024-11-30,WH-IBD,PRD-0032,10,168000
2024-11-30,WH-ABJ,PRD-0032,10,168000
2024-11-30,WH-PHC,PRD-0032,9,151200
2024-11-30,WH-LAG1,PRD-0033,44,413600
2024-11-30,WH-LAG2,PRD-0033,64,601600
2024-11-30,WH-IBD,PRD-0033,0,0
2024-11-30,WH-ABJ,PRD-0033,85,799000
2024-11-30,WH-PHC,PRD-0033,45,423000
2024-11-30,WH-LAG1,PRD-0034,44,567600
2024-11-30,WH-LAG2,PRD-0034,18,232200
2024-11-30,WH-IBD,PRD-0034,13,167700
2024-11-30,WH-ABJ,PRD-0034,16,206400
2024-11-30,WH-PHC,PRD-0034,16,206400
2024-11-30,WH-LAG1,PRD-0035,102,1203600
2024-11-30,WH-LAG2,PRD-0035,41,483800
2024-11-30,WH-IBD,PRD-0035,51,601800
2024-11-30,WH-ABJ,PRD-0035,80,944000
2024-11-30,WH-PHC,PRD-0035,35,413000
2024-11-30,WH-LAG1,PRD-0036,50,780000
2024-11-30,WH-LAG2,PRD-0036,49,764400
2024-11-30,WH-IBD,PRD-0036,47,733200
2024-11-30,WH-ABJ,PRD-0036,21,327600
2024-11-30,WH-PHC,PRD-0036,50,780000
2024-11-30,WH-LAG1,PRD-0037,143,2831400
2024-11-30,WH-LAG2,PRD-0037,110,2178000
2024-11-30,WH-IBD,PRD-0037,54,1069200
2024-11-30,WH-ABJ,PRD-0037,90,1782000
2024-11-30,WH-PHC,PRD-0037,103,2039400
2024-11-30,WH-LAG1,PRD-0038,13,154700
2024-11-30,WH-LAG2,PRD-0038,20,238000
2024-11-30,WH-IBD,PRD-0038,29,345100
2024-11-30,WH-ABJ,PRD-0038,10,119000
2024-11-30,WH-PHC,PRD-0038,10,119000
2024-11-30,WH-LAG1,PRD-0039,352,4364800
2024-11-30,WH-LAG2,PRD-0039,95,1178000
2024-11-30,WH-IBD,PRD-0039,128,1587200
2024-11-30,WH-ABJ,PRD-0039,82,1016800
2024-11-30,WH-PHC,PRD-0039,97,1202800
2024-11-30,WH-LAG1,PRD-0040,117,1310400
2024-11-30,WH-LAG2,PRD-0040,35,392000
2024-11-30,WH-IBD,PRD-0040,47,526400
2024-11-30,WH-ABJ,PRD-0040,23,257600
2024-11-30,WH-PHC,PRD-0040,40,448000
2024-11-30,WH-LAG1,PRD-0041,47,244400
2024-11-30,WH-LAG2,PRD-0041,9,46800
2024-11-30,WH-IBD,PRD-0041,46,239200
2024-11-30,WH-ABJ,PRD-0041,101,525200
2024-11-30,WH-PHC,PRD-0041,42,218400
2024-11-30,WH-LAG1,PRD-0042,28,613200
2024-11-30,WH-LAG2,PRD-0042,10,219000
2024-11-30,WH-IBD,PRD-0042,10,219000
2024-11-30,WH-ABJ,PRD-0042,23,503700
2024-11-30,WH-PHC,PRD-0042,21,459900
2024-11-30,WH-LAG1,PRD-0043,74,1124800
2024-11-30,WH-LAG2,PRD-0043,51,775200
2024-11-30,WH-IBD,PRD-0043,10,152000
2024-11-30,WH-ABJ,PRD-0043,20,304000
2024-11-30,WH-PHC,PRD-0043,73,1109600
2024-11-30,WH-LAG1,PRD-0044,12,81600
2024-11-30,WH-LAG2,PRD-0044,10,68000
2024-11-30,WH-IBD,PRD-0044,9,61200
2024-11-30,WH-ABJ,PRD-0044,5,34000
2024-11-30,WH-PHC,PRD-0044,8,54400
2024-11-30,WH-LAG1,PRD-0045,47,291400
2024-11-30,WH-LAG2,PRD-0045,53,328600
2024-11-30,WH-IBD,PRD-0045,64,396800
2024-11-30,WH-ABJ,PRD-0045,46,285200
2024-11-30,WH-PHC,PRD-0045,37,229400
2024-11-30,WH-LAG1,PRD-0046,64,883200
2024-11-30,WH-LAG2,PRD-0046,43,593400
2024-11-30,WH-IBD,PRD-0046,17,234600
2024-11-30,WH-ABJ,PRD-0046,47,648600
2024-11-30,WH-PHC,PRD-0046,41,565800
2024-11-30,WH-LAG1,PRD-0047,142,2300400
2024-11-30,WH-LAG2,PRD-0047,42,680400
2024-11-30,WH-IBD,PRD-0047,75,1215000
2024-11-30,WH-ABJ,PRD-0047,64,1036800
2024-11-30,WH-PHC,PRD-0047,74,1198800
2024-11-30,WH-LAG1,PRD-0048,16,232000
2024-11-30,WH-LAG2,PRD-0048,46,667000
2024-11-30,WH-IBD,PRD-0048,50,725000
2024-11-30,WH-ABJ,PRD-0048,46,667000
2024-11-30,WH-PHC,PRD-0048,51,739500
2024-11-30,WH-LAG1,PRD-0049,121,1681900
2024-11-30,WH-LAG2,PRD-0049,36,500400
2024-11-30,WH-IBD,PRD-0049,44,611600
2024-11-30,WH-ABJ,PRD-0049,35,486500
2024-11-30,WH-PHC,PRD-0049,36,500400
2024-11-30,WH-LAG1,PRD-0050,53,243800
2024-11-30,WH-LAG2,PRD-0050,30,138000
2024-11-30,WH-IBD,PRD-0050,12,55200
2024-11-30,WH-ABJ,PRD-0050,38,174800
2024-11-30,WH-PHC,PRD-0050,50,230000
2024-11-30,WH-LAG1,PRD-0051,36,1252800
2024-11-30,WH-LAG2,PRD-0051,140,4872000
2024-11-30,WH-IBD,PRD-0051,17,591600
2024-11-30,WH-ABJ,PRD-0051,80,2784000
2024-11-30,WH-PHC,PRD-0051,48,1670400
2024-11-30,WH-LAG1,PRD-0052,35,1186500
2024-11-30,WH-LAG2,PRD-0052,16,542400
2024-11-30,WH-IBD,PRD-0052,12,406800
2024-11-30,WH-ABJ,PRD-0052,22,745800
2024-11-30,WH-PHC,PRD-0052,18,610200
2024-11-30,WH-LAG1,PRD-0053,47,1541600
2024-11-30,WH-LAG2,PRD-0053,20,656000
2024-11-30,WH-IBD,PRD-0053,10,328000
2024-11-30,WH-ABJ,PRD-0053,19,623200
2024-11-30,WH-PHC,PRD-0053,8,262400
2024-11-30,WH-LAG1,PRD-0054,47,639200
2024-11-30,WH-LAG2,PRD-0054,5,68000
2024-11-30,WH-IBD,PRD-0054,47,639200
2024-11-30,WH-ABJ,PRD-0054,10,136000
2024-11-30,WH-PHC,PRD-0054,49,666400
2024-11-30,WH-LAG1,PRD-0055,42,579600
2024-11-30,WH-LAG2,PRD-0055,44,607200
2024-11-30,WH-IBD,PRD-0055,11,151800
2024-11-30,WH-ABJ,PRD-0055,0,0
2024-11-30,WH-PHC,PRD-0055,61,841800
2024-11-30,WH-LAG1,PRD-0056,85,1819000
2024-11-30,WH-LAG2,PRD-0056,41,877400
2024-11-30,WH-IBD,PRD-0056,47,1005800
2024-11-30,WH-ABJ,PRD-0056,40,856000
2024-11-30,WH-PHC,PRD-0056,45,963000
2024-11-30,WH-LAG1,PRD-0057,0,0
2024-11-30,WH-LAG2,PRD-0057,147,2322600
2024-11-30,WH-IBD,PRD-0057,0,0
2024-11-30,WH-ABJ,PRD-0057,78,1232400
2024-11-30,WH-PHC,PRD-0057,249,3934200
2024-11-30,WH-LAG1,PRD-0058,58,864200
2024-11-30,WH-LAG2,PRD-0058,44,655600
2024-11-30,WH-IBD,PRD-0058,67,998300
2024-11-30,WH-ABJ,PRD-0058,96,1430400
2024-11-30,WH-PHC,PRD-0058,48,715200
2024-11-30,WH-LAG1,PRD-0059,43,1827500
2024-11-30,WH-LAG2,PRD-0059,52,2210000
2024-11-30,WH-IBD,PRD-0059,60,2550000
2024-11-30,WH-ABJ,PRD-0059,64,2720000
2024-11-30,WH-PHC,PRD-0059,54,2295000
2024-11-30,WH-LAG1,PRD-0060,152,7265600
2024-11-30,WH-LAG2,PRD-0060,72,3441600
2024-11-30,WH-IBD,PRD-0060,41,1959800
2024-11-30,WH-ABJ,PRD-0060,119,5688200
2024-11-30,WH-PHC,PRD-0060,178,8508400
2024-11-30,WH-LAG1,PRD-0061,110,1408000
2024-11-30,WH-LAG2,PRD-0061,22,281600
2024-11-30,WH-IBD,PRD-0061,97,1241600
2024-11-30,WH-ABJ,PRD-0061,107,1369600
2024-11-30,WH-PHC,PRD-0061,178,2278400
2024-11-30,WH-LAG1,PRD-0062,207,2815200
2024-11-30,WH-LAG2,PRD-0062,103,1400800
2024-11-30,WH-IBD,PRD-0062,109,1482400
2024-11-30,WH-ABJ,PRD-0062,92,1251200
2024-11-30,WH-PHC,PRD-0062,128,1740800
2024-11-30,WH-LAG1,PRD-0063,128,1523200
2024-11-30,WH-LAG2,PRD-0063,65,773500
2024-11-30,WH-IBD,PRD-0063,42,499800
2024-11-30,WH-ABJ,PRD-0063,37,440300
2024-11-30,WH-PHC,PRD-0063,66,785400
2024-11-30,WH-LAG1,PRD-0064,84,2587200
2024-11-30,WH-LAG2,PRD-0064,13,400400
2024-11-30,WH-IBD,PRD-0064,33,1016400
2024-11-30,WH-ABJ,PRD-0064,104,3203200
2024-11-30,WH-PHC,PRD-0064,71,2186800
2024-11-30,WH-LAG1,PRD-0065,122,3220800
2024-11-30,WH-LAG2,PRD-0065,123,3247200
2024-11-30,WH-IBD,PRD-0065,72,1900800
2024-11-30,WH-ABJ,PRD-0065,80,2112000
2024-11-30,WH-PHC,PRD-0065,49,1293600
2024-11-30,WH-LAG1,PRD-0066,14,618800
2024-11-30,WH-LAG2,PRD-0066,8,353600
2024-11-30,WH-IBD,PRD-0066,10,442000
2024-11-30,WH-ABJ,PRD-0066,0,0
2024-11-30,WH-PHC,PRD-0066,2,88400
2024-11-30,WH-LAG1,PRD-0067,144,1497600
2024-11-30,WH-LAG2,PRD-0067,107,1112800
2024-11-30,WH-IBD,PRD-0067,55,572000
2024-11-30,WH-ABJ,PRD-0067,42,436800
2024-11-30,WH-PHC,PRD-0067,99,1029600
2024-11-30,WH-LAG1,PRD-0068,175,2310000
2024-11-30,WH-LAG2,PRD-0068,188,2481600
2024-11-30,WH-IBD,PRD-0068,101,1333200
2024-11-30,WH-ABJ,PRD-0068,153,2019600
2024-11-30,WH-PHC,PRD-0068,76,1003200
2024-11-30,WH-LAG1,PRD-0069,32,441600
2024-11-30,WH-LAG2,PRD-0069,21,289800
2024-11-30,WH-IBD,PRD-0069,8,110400
2024-11-30,WH-ABJ,PRD-0069,5,69000
2024-11-30,WH-PHC,PRD-0069,10,138000
2024-11-30,WH-LAG1,PRD-0070,59,908600
2024-11-30,WH-LAG2,PRD-0070,54,831600
2024-11-30,WH-IBD,PRD-0070,32,492800
2024-11-30,WH-ABJ,PRD-0070,1,15400
2024-11-30,WH-PHC,PRD-0070,28,431200
2024-11-30,WH-LAG1,PRD-0071,3,44400
2024-11-30,WH-LAG2,PRD-0071,18,266400
2024-11-30,WH-IBD,PRD-0071,21,310800
2024-11-30,WH-ABJ,PRD-0071,20,296000
2024-11-30,WH-PHC,PRD-0071,16,236800
2024-11-30,WH-LAG1,PRD-0072,79,2575400
2024-11-30,WH-LAG2,PRD-0072,64,2086400
2024-11-30,WH-IBD,PRD-0072,31,1010600
2024-11-30,WH-ABJ,PRD-0072,0,0
2024-11-30,WH-PHC,PRD-0072,26,847600
2024-11-30,WH-LAG1,PRD-0073,23,685400
2024-11-30,WH-LAG2,PRD-0073,19,566200
2024-11-30,WH-IBD,PRD-0073,22,655600
2024-11-30,WH-ABJ,PRD-0073,16,476800
2024-11-30,WH-PHC,PRD-0073,22,655600
2024-11-30,WH-LAG1,PRD-0074,40,1176000
2024-11-30,WH-LAG2,PRD-0074,0,0
2024-11-30,WH-IBD,PRD-0074,41,1205400
2024-11-30,WH-ABJ,PRD-0074,73,2146200
2024-11-30,WH-PHC,PRD-0074,0,0
2024-11-30,WH-LAG1,PRD-0075,46,1232800
2024-11-30,WH-LAG2,PRD-0075,34,911200
2024-11-30,WH-IBD,PRD-0075,21,562800
2024-11-30,WH-ABJ,PRD-0075,19,509200
2024-11-30,WH-PHC,PRD-0075,25,670000
2024-11-30,WH-LAG1,PRD-0076,177,4141800
2024-11-30,WH-LAG2,PRD-0076,45,1053000
2024-11-30,WH-IBD,PRD-0076,37,865800
2024-11-30,WH-ABJ,PRD-0076,24,561600
2024-11-30,WH-PHC,PRD-0076,108,2527200
2024-11-30,WH-LAG1,PRD-0077,608,15564800
2024-11-30,WH-LAG2,PRD-0077,210,5376000
2024-11-30,WH-IBD,PRD-0077,175,4480000
2024-11-30,WH-ABJ,PRD-0077,150,3840000
2024-11-30,WH-PHC,PRD-0077,181,4633600
2024-11-30,WH-LAG1,PRD-0078,90,2502000
2024-11-30,WH-LAG2,PRD-0078,53,1473400
2024-11-30,WH-IBD,PRD-0078,35,973000
2024-11-30,WH-ABJ,PRD-0078,75,2085000
2024-11-30,WH-PHC,PRD-0078,20,556000
2024-11-30,WH-LAG1,PRD-0079,100,3850000
2024-11-30,WH-LAG2,PRD-0079,57,2194500
2024-11-30,WH-IBD,PRD-0079,49,1886500
2024-11-30,WH-ABJ,PRD-0079,37,1424500
2024-11-30,WH-PHC,PRD-0079,71,2733500
2024-11-30,WH-LAG1,PRD-0080,78,1528800
2024-11-30,WH-LAG2,PRD-0080,129,2528400
2024-11-30,WH-IBD,PRD-0080,33,646800
2024-11-30,WH-ABJ,PRD-0080,26,509600
2024-11-30,WH-PHC,PRD-0080,37,725200
2024-11-30,WH-LAG1,PRD-0081,63,2041200
2024-11-30,WH-LAG2,PRD-0081,59,1911600
2024-11-30,WH-IBD,PRD-0081,52,1684800
2024-11-30,WH-ABJ,PRD-0081,33,1069200
2024-11-30,WH-PHC,PRD-0081,73,2365200
2024-11-30,WH-LAG1,PRD-0082,138,3560400
2024-11-30,WH-LAG2,PRD-0082,61,1573800
2024-11-30,WH-IBD,PRD-0082,99,2554200
2024-11-30,WH-ABJ,PRD-0082,63,1625400
2024-11-30,WH-PHC,PRD-0082,89,2296200
2024-11-30,WH-LAG1,PRD-0083,386,7102400
2024-11-30,WH-LAG2,PRD-0083,54,993600
2024-11-30,WH-IBD,PRD-0083,77,1416800
2024-11-30,WH-ABJ,PRD-0083,195,3588000
2024-11-30,WH-PHC,PRD-0083,71,1306400
2024-11-30,WH-LAG1,PRD-0084,115,2484000
2024-11-30,WH-LAG2,PRD-0084,112,2419200
2024-11-30,WH-IBD,PRD-0084,49,1058400
2024-11-30,WH-ABJ,PRD-0084,99,2138400
2024-11-30,WH-PHC,PRD-0084,28,604800
2024-11-30,WH-LAG1,PRD-0085,49,1283800
2024-11-30,WH-LAG2,PRD-0085,13,340600
2024-11-30,WH-IBD,PRD-0085,61,1598200
2024-11-30,WH-ABJ,PRD-0085,66,1729200
2024-11-30,WH-PHC,PRD-0085,103,2698600
2024-11-30,WH-LAG1,PRD-0086,145,3451000
2024-11-30,WH-LAG2,PRD-0086,0,0
2024-11-30,WH-IBD,PRD-0086,33,785400
2024-11-30,WH-ABJ,PRD-0086,152,3617600
2024-11-30,WH-PHC,PRD-0086,72,1713600
2024-11-30,WH-LAG1,PRD-0087,8,150400
2024-11-30,WH-LAG2,PRD-0087,9,169200
2024-11-30,WH-IBD,PRD-0087,23,432400
2024-11-30,WH-ABJ,PRD-0087,5,94000
2024-11-30,WH-PHC,PRD-0087,8,150400
2024-11-30,WH-LAG1,PRD-0088,14,173600
2024-11-30,WH-LAG2,PRD-0088,39,483600
2024-11-30,WH-IBD,PRD-0088,53,657200
2024-11-30,WH-ABJ,PRD-0088,31,384400
2024-11-30,WH-PHC,PRD-0088,49,607600
2024-11-30,WH-LAG1,PRD-0089,48,537600
2024-11-30,WH-LAG2,PRD-0089,47,526400
2024-11-30,WH-IBD,PRD-0089,49,548800
2024-11-30,WH-ABJ,PRD-0089,46,515200
2024-11-30,WH-PHC,PRD-0089,27,302400
2024-11-30,WH-LAG1,PRD-0090,1236,35349600
2024-11-30,WH-LAG2,PRD-0090,152,4347200
2024-11-30,WH-IBD,PRD-0090,690,19734000
2024-11-30,WH-ABJ,PRD-0090,0,0
2024-11-30,WH-PHC,PRD-0090,1003,28685800
2024-11-30,WH-LAG1,PRD-0091,55,1188000
2024-11-30,WH-LAG2,PRD-0091,31,669600
2024-11-30,WH-IBD,PRD-0091,81,1749600
2024-11-30,WH-ABJ,PRD-0091,124,2678400
2024-11-30,WH-PHC,PRD-0091,0,0
2024-11-30,WH-LAG1,PRD-0092,29,719200
2024-11-30,WH-LAG2,PRD-0092,26,644800
2024-11-30,WH-IBD,PRD-0092,9,223200
2024-11-30,WH-ABJ,PRD-0092,52,1289600
2024-11-30,WH-PHC,PRD-0092,41,1016800
2024-11-30,WH-LAG1,PRD-0093,202,3918800
2024-11-30,WH-LAG2,PRD-0093,93,1804200
2024-11-30,WH-IBD,PRD-0093,26,504400
2024-11-30,WH-ABJ,PRD-0093,99,1920600
2024-11-30,WH-PHC,PRD-0093,75,1455000
2024-11-30,WH-LAG1,PRD-0094,28,526400
2024-11-30,WH-LAG2,PRD-0094,10,188000
2024-11-30,WH-IBD,PRD-0094,9,169200
2024-11-30,WH-ABJ,PRD-0094,20,376000
2024-11-30,WH-PHC,PRD-0094,9,169200
2024-11-30,WH-LAG1,PRD-0095,19,321100
2024-11-30,WH-LAG2,PRD-0095,23,388700
2024-11-30,WH-IBD,PRD-0095,24,405600
2024-11-30,WH-ABJ,PRD-0095,23,388700
2024-11-30,WH-PHC,PRD-0095,22,371800
2024-11-30,WH-LAG1,PRD-0096,13,236600
2024-11-30,WH-LAG2,PRD-0096,20,364000
2024-11-30,WH-IBD,PRD-0096,21,382200
2024-11-30,WH-ABJ,PRD-0096,4,72800
2024-11-30,WH-PHC,PRD-0096,14,254800
2024-11-30,WH-LAG1,PRD-0097,34,605200
2024-11-30,WH-LAG2,PRD-0097,7,124600
2024-11-30,WH-IBD,PRD-0097,12,213600
2024-11-30,WH-ABJ,PRD-0097,13,231400
2024-11-30,WH-PHC,PRD-0097,34,605200
2024-11-30,WH-LAG1,PRD-0098,219,2934600
2024-11-30,WH-LAG2,PRD-0098,124,1661600
2024-11-30,WH-IBD,PRD-0098,37,495800
2024-11-30,WH-ABJ,PRD-0098,94,1259600
2024-11-30,WH-PHC,PRD-0098,131,1755400
2024-11-30,WH-LAG1,PRD-0099,24,302400
2024-11-30,WH-LAG2,PRD-0099,32,403200
2024-11-30,WH-IBD,PRD-0099,2,25200
2024-11-30,WH-ABJ,PRD-0099,40,504000
2024-11-30,WH-PHC,PRD-0099,33,415800
2024-11-30,WH-LAG1,PRD-0100,450,7560000
2024-11-30,WH-LAG2,PRD-0100,338,5678400
2024-11-30,WH-IBD,PRD-0100,79,1327200
2024-11-30,WH-ABJ,PRD-0100,344,5779200
2024-11-30,WH-PHC,PRD-0100,53,890400
2024-11-30,WH-LAG1,PRD-0101,29,533600
2024-11-30,WH-LAG2,PRD-0101,26,478400
2024-11-30,WH-IBD,PRD-0101,29,533600
2024-11-30,WH-ABJ,PRD-0101,27,496800
2024-11-30,WH-PHC,PRD-0101,21,386400
2024-11-30,WH-LAG1,PRD-0102,32,454400
2024-11-30,WH-LAG2,PRD-0102,22,312400
2024-11-30,WH-IBD,PRD-0102,22,312400
2024-11-30,WH-ABJ,PRD-0102,64,908800
2024-11-30,WH-PHC,PRD-0102,73,1036600
2024-11-30,WH-LAG1,PRD-0103,81,2413800
2024-11-30,WH-LAG2,PRD-0103,74,2205200
2024-11-30,WH-IBD,PRD-0103,81,2413800
2024-11-30,WH-ABJ,PRD-0103,81,2413800
2024-11-30,WH-PHC,PRD-0103,80,2384000
2024-11-30,WH-LAG1,PRD-0104,22,303600
2024-11-30,WH-LAG2,PRD-0104,34,469200
2024-11-30,WH-IBD,PRD-0104,0,0
2024-11-30,WH-ABJ,PRD-0104,24,331200
2024-11-30,WH-PHC,PRD-0104,34,469200
2024-11-30,WH-LAG1,PRD-0105,32,1107200
2024-11-30,WH-LAG2,PRD-0105,29,1003400
2024-11-30,WH-IBD,PRD-0105,23,795800
2024-11-30,WH-ABJ,PRD-0105,21,726600
2024-11-30,WH-PHC,PRD-0105,43,1487800
2024-11-30,WH-LAG1,PRD-0106,14,459200
2024-11-30,WH-LAG2,PRD-0106,10,328000
2024-11-30,WH-IBD,PRD-0106,4,131200
2024-11-30,WH-ABJ,PRD-0106,32,1049600
2024-11-30,WH-PHC,PRD-0106,0,0
2024-11-30,WH-LAG1,PRD-0107,0,0
2024-11-30,WH-LAG2,PRD-0107,7,233800
2024-11-30,WH-IBD,PRD-0107,0,0
2024-11-30,WH-ABJ,PRD-0107,38,1269200
2024-11-30,WH-PHC,PRD-0107,25,835000
2024-11-30,WH-LAG1,PRD-0108,126,3376800
2024-11-30,WH-LAG2,PRD-0108,137,3671600
2024-11-30,WH-IBD,PRD-0108,86,2304800
2024-11-30,WH-ABJ,PRD-0108,97,2599600
2024-11-30,WH-PHC,PRD-0108,95,2546000
2024-11-30,WH-LAG1,PRD-0109,114,3009600
2024-11-30,WH-LAG2,PRD-0109,80,2112000
2024-11-30,WH-IBD,PRD-0109,19,501600
2024-11-30,WH-ABJ,PRD-0109,67,1768800
2024-11-30,WH-PHC,PRD-0109,16,422400
2024-11-30,WH-LAG1,PRD-0110,42,1041600
2024-11-30,WH-LAG2,PRD-0110,19,471200
2024-11-30,WH-IBD,PRD-0110,8,198400
2024-11-30,WH-ABJ,PRD-0110,29,719200
2024-11-30,WH-PHC,PRD-0110,9,223200
2024-11-30,WH-LAG1,PRD-0111,165,1617000
2024-11-30,WH-LAG2,PRD-0111,59,578200
2024-11-30,WH-IBD,PRD-0111,53,519400
2024-11-30,WH-ABJ,PRD-0111,21,205800
2024-11-30,WH-PHC,PRD-0111,116,1136800
2024-11-30,WH-LAG1,PRD-0112,14,165200
2024-11-30,WH-LAG2,PRD-0112,23,271400
2024-11-30,WH-IBD,PRD-0112,10,118000
2024-11-30,WH-ABJ,PRD-0112,19,224200
2024-11-30,WH-PHC,PRD-0112,3,35400
2024-11-30,WH-LAG1,PRD-0113,27,232200
2024-11-30,WH-LAG2,PRD-0113,72,619200
2024-11-30,WH-IBD,PRD-0113,105,903000
2024-11-30,WH-ABJ,PRD-0113,149,1281400
2024-11-30,WH-PHC,PRD-0113,93,799800
2024-11-30,WH-LAG1,PRD-0114,9,109800
2024-11-30,WH-LAG2,PRD-0114,10,122000
2024-11-30,WH-IBD,PRD-0114,5,61000
2024-11-30,WH-ABJ,PRD-0114,21,256200
2024-11-30,WH-PHC,PRD-0114,6,73200
2024-11-30,WH-LAG1,PRD-0115,74,1213600
2024-11-30,WH-LAG2,PRD-0115,75,1230000
2024-11-30,WH-IBD,PRD-0115,39,639600
2024-11-30,WH-ABJ,PRD-0115,59,967600
2024-11-30,WH-PHC,PRD-0115,26,426400
2024-11-30,WH-LAG1,PRD-0116,51,703800
2024-11-30,WH-LAG2,PRD-0116,23,317400
2024-11-30,WH-IBD,PRD-0116,10,138000
2024-11-30,WH-ABJ,PRD-0116,23,317400
2024-11-30,WH-PHC,PRD-0116,54,745200
2024-11-30,WH-LAG1,PRD-0117,80,1216000
2024-11-30,WH-LAG2,PRD-0117,70,1064000
2024-11-30,WH-IBD,PRD-0117,70,1064000
2024-11-30,WH-ABJ,PRD-0117,4,60800
2024-11-30,WH-PHC,PRD-0117,76,1155200
2024-11-30,WH-LAG1,PRD-0118,119,2094400
2024-11-30,WH-LAG2,PRD-0118,177,3115200
2024-11-30,WH-IBD,PRD-0118,0,0
2024-11-30,WH-ABJ,PRD-0118,129,2270400
2024-11-30,WH-PHC,PRD-0118,79,1390400
2024-11-30,WH-LAG1,PRD-0119,25,470000
2024-11-30,WH-LAG2,PRD-0119,10,188000
2024-11-30,WH-IBD,PRD-0119,14,263200
2024-11-30,WH-ABJ,PRD-0119,27,507600
2024-11-30,WH-PHC,PRD-0119,10,188000
2024-11-30,WH-LAG1,PRD-0120,165,2046000
2024-11-30,WH-LAG2,PRD-0120,93,1153200
2024-11-30,WH-IBD,PRD-0120,148,1835200
2024-11-30,WH-ABJ,PRD-0120,5,62000
2024-11-30,WH-PHC,PRD-0120,57,706800
2024-11-30,WH-LAG1,PRD-0121,187,4039200
2024-11-30,WH-LAG2,PRD-0121,149,3218400
2024-11-30,WH-IBD,PRD-0121,11,237600
2024-11-30,WH-ABJ,PRD-0121,78,1684800
2024-11-30,WH-PHC,PRD-0121,69,1490400
2024-11-30,WH-LAG1,PRD-0122,70,1036000
2024-11-30,WH-LAG2,PRD-0122,95,1406000
2024-11-30,WH-IBD,PRD-0122,76,1124800
2024-11-30,WH-ABJ,PRD-0122,132,1953600
2024-11-30,WH-PHC,PRD-0122,55,814000
2024-11-30,WH-LAG1,PRD-0123,11,127600
2024-11-30,WH-LAG2,PRD-0123,45,522000
2024-11-30,WH-IBD,PRD-0123,85,986000
2024-11-30,WH-ABJ,PRD-0123,115,1334000
2024-11-30,WH-PHC,PRD-0123,33,382800
2024-11-30,WH-LAG1,PRD-0124,56,380800
2024-11-30,WH-LAG2,PRD-0124,59,401200
2024-11-30,WH-IBD,PRD-0124,4,27200
2024-11-30,WH-ABJ,PRD-0124,30,204000
2024-11-30,WH-PHC,PRD-0124,67,455600
2024-11-30,WH-LAG1,PRD-0125,719,9203200
2024-11-30,WH-LAG2,PRD-0125,93,1190400
2024-11-30,WH-IBD,PRD-0125,314,4019200
2024-11-30,WH-ABJ,PRD-0125,117,1497600
2024-11-30,WH-PHC,PRD-0125,89,1139200
2024-11-30,WH-LAG1,PRD-0126,58,1368800
2024-11-30,WH-LAG2,PRD-0126,40,944000
2024-11-30,WH-IBD,PRD-0126,50,1180000
2024-11-30,WH-ABJ,PRD-0126,49,1156400
2024-11-30,WH-PHC,PRD-0126,14,330400
2024-11-30,WH-LAG1,PRD-0127,53,699600
2024-11-30,WH-LAG2,PRD-0127,27,356400
2024-11-30,WH-IBD,PRD-0127,27,356400
2024-11-30,WH-ABJ,PRD-0127,6,79200
2024-11-30,WH-PHC,PRD-0127,29,382800
2024-11-30,WH-LAG1,PRD-0128,130,2184000
2024-11-30,WH-LAG2,PRD-0128,50,840000
2024-11-30,WH-IBD,PRD-0128,37,621600
2024-11-30,WH-ABJ,PRD-0128,26,436800
2024-11-30,WH-PHC,PRD-0128,92,1545600
2024-11-30,WH-LAG1,PRD-0129,1,15400
2024-11-30,WH-LAG2,PRD-0129,18,277200
2024-11-30,WH-IBD,PRD-0129,9,138600
2024-11-30,WH-ABJ,PRD-0129,20,308000
2024-11-30,WH-PHC,PRD-0129,4,61600
2024-11-30,WH-LAG1,PRD-0130,53,572400
2024-11-30,WH-LAG2,PRD-0130,44,475200
2024-11-30,WH-IBD,PRD-0130,38,410400
2024-11-30,WH-ABJ,PRD-0130,42,453600
2024-11-30,WH-PHC,PRD-0130,17,183600
2024-11-30,WH-LAG1,PRD-0131,87,2227200
2024-11-30,WH-LAG2,PRD-0131,79,2022400
2024-11-30,WH-IBD,PRD-0131,52,1331200
2024-11-30,WH-ABJ,PRD-0131,97,2483200
2024-11-30,WH-PHC,PRD-0131,60,1536000
2024-11-30,WH-LAG1,PRD-0132,71,2229400
2024-11-30,WH-LAG2,PRD-0132,28,879200
2024-11-30,WH-IBD,PRD-0132,50,1570000
2024-11-30,WH-ABJ,PRD-0132,34,1067600
2024-11-30,WH-PHC,PRD-0132,50,1570000
2024-11-30,WH-LAG1,PRD-0133,51,1213800
2024-11-30,WH-LAG2,PRD-0133,37,880600
2024-11-30,WH-IBD,PRD-0133,43,1023400
2024-11-30,WH-ABJ,PRD-0133,0,0
2024-11-30,WH-PHC,PRD-0133,8,190400
2024-11-30,WH-LAG1,PRD-0134,37,1102600
2024-11-30,WH-LAG2,PRD-0134,0,0
2024-11-30,WH-IBD,PRD-0134,41,1221800
2024-11-30,WH-ABJ,PRD-0134,47,1400600
2024-11-30,WH-PHC,PRD-0134,21,625800
2024-11-30,WH-LAG1,PRD-0135,248,6547200
2024-11-30,WH-LAG2,PRD-0135,81,2138400
2024-11-30,WH-IBD,PRD-0135,173,4567200
2024-11-30,WH-ABJ,PRD-0135,50,1320000
2024-11-30,WH-PHC,PRD-0135,41,1082400
2024-11-30,WH-LAG1,PRD-0136,56,2385600
2024-11-30,WH-LAG2,PRD-0136,55,2343000
2024-11-30,WH-IBD,PRD-0136,51,2172600
2024-11-30,WH-ABJ,PRD-0136,51,2172600
2024-11-30,WH-PHC,PRD-0136,63,2683800
2024-11-30,WH-LAG1,PRD-0137,89,2153800
2024-11-30,WH-LAG2,PRD-0137,65,1573000
2024-11-30,WH-IBD,PRD-0137,77,1863400
2024-11-30,WH-ABJ,PRD-0137,57,1379400
2024-11-30,WH-PHC,PRD-0137,76,1839200
2024-11-30,WH-LAG1,PRD-0138,114,2485200
2024-11-30,WH-LAG2,PRD-0138,39,850200
2024-11-30,WH-IBD,PRD-0138,83,1809400
2024-11-30,WH-ABJ,PRD-0138,72,1569600
2024-11-30,WH-PHC,PRD-0138,105,2289000
2024-11-30,WH-LAG1,PRD-0139,91,2620800
2024-11-30,WH-LAG2,PRD-0139,42,1209600
2024-11-30,WH-IBD,PRD-0139,48,1382400
2024-11-30,WH-ABJ,PRD-0139,46,1324800
2024-11-30,WH-PHC,PRD-0139,70,2016000
2024-11-30,WH-LAG1,PRD-0140,47,1099800
2024-11-30,WH-LAG2,PRD-0140,47,1099800
2024-11-30,WH-IBD,PRD-0140,5,117000
2024-11-30,WH-ABJ,PRD-0140,10,234000
2024-11-30,WH-PHC,PRD-0140,54,1263600
2024-11-30,WH-LAG1,PRD-0141,40,1232000
2024-11-30,WH-LAG2,PRD-0141,30,924000
2024-11-30,WH-IBD,PRD-0141,65,2002000
2024-11-30,WH-ABJ,PRD-0141,68,2094400
2024-11-30,WH-PHC,PRD-0141,37,1139600
2024-11-30,WH-LAG1,PRD-0142,190,8512000
2024-11-30,WH-LAG2,PRD-0142,144,6451200
2024-11-30,WH-IBD,PRD-0142,111,4972800
2024-11-30,WH-ABJ,PRD-0142,227,10169600
2024-11-30,WH-PHC,PRD-0142,90,4032000
2024-11-30,WH-LAG1,PRD-0143,100,4120000
2024-11-30,WH-LAG2,PRD-0143,34,1400800
2024-11-30,WH-IBD,PRD-0143,47,1936400
2024-11-30,WH-ABJ,PRD-0143,39,1606800
2024-11-30,WH-PHC,PRD-0143,42,1730400
2024-11-30,WH-LAG1,PRD-0144,114,3055200
2024-11-30,WH-LAG2,PRD-0144,19,509200
2024-11-30,WH-IBD,PRD-0144,56,1500800
2024-11-30,WH-ABJ,PRD-0144,88,2358400
2024-11-30,WH-PHC,PRD-0144,5,134000
2024-11-30,WH-LAG1,PRD-0145,218,5537200
2024-11-30,WH-LAG2,PRD-0145,53,1346200
2024-11-30,WH-IBD,PRD-0145,61,1549400
2024-11-30,WH-ABJ,PRD-0145,76,1930400
2024-11-30,WH-PHC,PRD-0145,122,3098800
2024-11-30,WH-LAG1,PRD-0146,63,1751400
2024-11-30,WH-LAG2,PRD-0146,34,945200
2024-11-30,WH-IBD,PRD-0146,12,333600
2024-11-30,WH-ABJ,PRD-0146,25,695000
2024-11-30,WH-PHC,PRD-0146,16,444800
2024-11-30,WH-LAG1,PRD-0147,78,2152800
2024-11-30,WH-LAG2,PRD-0147,34,938400
2024-11-30,WH-IBD,PRD-0147,31,855600
2024-11-30,WH-ABJ,PRD-0147,35,966000
2024-11-30,WH-PHC,PRD-0147,59,1628400
2024-11-30,WH-LAG1,PRD-0148,14,333200
2024-11-30,WH-LAG2,PRD-0148,44,1047200
2024-11-30,WH-IBD,PRD-0148,24,571200
2024-11-30,WH-ABJ,PRD-0148,19,452200
2024-11-30,WH-PHC,PRD-0148,44,1047200
2024-11-30,WH-LAG1,PRD-0149,41,1631800
2024-11-30,WH-LAG2,PRD-0149,19,756200
2024-11-30,WH-IBD,PRD-0149,28,1114400
2024-11-30,WH-ABJ,PRD-0149,23,915400
2024-11-30,WH-PHC,PRD-0149,20,796000
2024-11-30,WH-LAG1,PRD-0150,63,2419200
2024-11-30,WH-LAG2,PRD-0150,76,2918400
2024-11-30,WH-IBD,PRD-0150,32,1228800
2024-11-30,WH-ABJ,PRD-0150,43,1651200
2024-11-30,WH-PHC,PRD-0150,0,0
2024-11-30,WH-LAG1,PRD-0151,1337,46260200
2024-11-30,WH-LAG2,PRD-0151,467,16158200
2024-11-30,WH-IBD,PRD-0151,475,16435000
2024-11-30,WH-ABJ,PRD-0151,180,6228000
2024-11-30,WH-PHC,PRD-0151,366,12663600
2024-11-30,WH-LAG1,PRD-0152,7,151200
2024-11-30,WH-LAG2,PRD-0152,54,1166400
2024-11-30,WH-IBD,PRD-0152,38,820800
2024-11-30,WH-ABJ,PRD-0152,57,1231200
2024-11-30,WH-PHC,PRD-0152,55,1188000
2024-11-30,WH-LAG1,PRD-0153,236,4436800
2024-11-30,WH-LAG2,PRD-0153,37,695600
2024-11-30,WH-IBD,PRD-0153,191,3590800
2024-11-30,WH-ABJ,PRD-0153,107,2011600
2024-11-30,WH-PHC,PRD-0153,31,582800
2024-11-30,WH-LAG1,PRD-0154,37,1243200
2024-11-30,WH-LAG2,PRD-0154,7,235200
2024-11-30,WH-IBD,PRD-0154,46,1545600
2024-11-30,WH-ABJ,PRD-0154,39,1310400
2024-11-30,WH-PHC,PRD-0154,46,1545600
2024-11-30,WH-LAG1,PRD-0155,105,5544000
2024-11-30,WH-LAG2,PRD-0155,57,3009600
2024-11-30,WH-IBD,PRD-0155,54,2851200
2024-11-30,WH-ABJ,PRD-0155,50,2640000
2024-11-30,WH-PHC,PRD-0155,38,2006400
2024-11-30,WH-LAG1,PRD-0156,285,12711000
2024-11-30,WH-LAG2,PRD-0156,66,2943600
2024-11-30,WH-IBD,PRD-0156,6,267600
2024-11-30,WH-ABJ,PRD-0156,33,1471800
2024-11-30,WH-PHC,PRD-0156,141,6288600
2024-11-30,WH-LAG1,PRD-0157,38,714400
2024-11-30,WH-LAG2,PRD-0157,67,1259600
2024-11-30,WH-IBD,PRD-0157,22,413600
2024-11-30,WH-ABJ,PRD-0157,44,827200
2024-11-30,WH-PHC,PRD-0157,29,545200
2024-11-30,WH-LAG1,PRD-0158,33,871200
2024-11-30,WH-LAG2,PRD-0158,34,897600
2024-11-30,WH-IBD,PRD-0158,32,844800
2024-11-30,WH-ABJ,PRD-0158,35,924000
2024-11-30,WH-PHC,PRD-0158,25,660000
2024-11-30,WH-LAG1,PRD-0159,40,792000
2024-11-30,WH-LAG2,PRD-0159,55,1089000
2024-11-30,WH-IBD,PRD-0159,55,1089000
2024-11-30,WH-ABJ,PRD-0159,60,1188000
2024-11-30,WH-PHC,PRD-0159,10,198000
2024-11-30,WH-LAG1,PRD-0160,145,3712000
2024-11-30,WH-LAG2,PRD-0160,327,8371200
2024-11-30,WH-IBD,PRD-0160,137,3507200
2024-11-30,WH-ABJ,PRD-0160,140,3584000
2024-11-30,WH-PHC,PRD-0160,287,7347200
2024-11-30,WH-LAG1,PRD-0161,749,20372800
2024-11-30,WH-LAG2,PRD-0161,313,8513600
2024-11-30,WH-IBD,PRD-0161,337,9166400
2024-11-30,WH-ABJ,PRD-0161,213,5793600
2024-11-30,WH-PHC,PRD-0161,277,7534400
2024-11-30,WH-LAG1,PRD-0162,86,2046800
2024-11-30,WH-LAG2,PRD-0162,53,1261400
2024-11-30,WH-IBD,PRD-0162,28,666400
2024-11-30,WH-ABJ,PRD-0162,27,642600
2024-11-30,WH-PHC,PRD-0162,43,1023400
2024-11-30,WH-LAG1,PRD-0163,60,1296000
2024-11-30,WH-LAG2,PRD-0163,71,1533600
2024-11-30,WH-IBD,PRD-0163,58,1252800
2024-11-30,WH-ABJ,PRD-0163,41,885600
2024-11-30,WH-PHC,PRD-0163,51,1101600
2024-11-30,WH-LAG1,PRD-0164,71,1192800
2024-11-30,WH-LAG2,PRD-0164,0,0
2024-11-30,WH-IBD,PRD-0164,0,0
2024-11-30,WH-ABJ,PRD-0164,28,470400
2024-11-30,WH-PHC,PRD-0164,42,705600
2024-11-30,WH-LAG1,PRD-0165,291,5645400
2024-11-30,WH-LAG2,PRD-0165,89,1726600
2024-11-30,WH-IBD,PRD-0165,64,1241600
2024-11-30,WH-ABJ,PRD-0165,35,679000
2024-11-30,WH-PHC,PRD-0165,136,2638400
2024-11-30,WH-LAG1,PRD-0166,149,3248200
2024-11-30,WH-LAG2,PRD-0166,122,2659600
2024-11-30,WH-IBD,PRD-0166,59,1286200
2024-11-30,WH-ABJ,PRD-0166,120,2616000
2024-11-30,WH-PHC,PRD-0166,158,3444400
2024-11-30,WH-LAG1,PRD-0167,80,864000
2024-11-30,WH-LAG2,PRD-0167,75,810000
2024-11-30,WH-IBD,PRD-0167,70,756000
2024-11-30,WH-ABJ,PRD-0167,45,486000
2024-11-30,WH-PHC,PRD-0167,32,345600
2024-11-30,WH-LAG1,PRD-0168,41,639600
2024-11-30,WH-LAG2,PRD-0168,40,624000
2024-11-30,WH-IBD,PRD-0168,21,327600
2024-11-30,WH-ABJ,PRD-0168,29,452400
2024-11-30,WH-PHC,PRD-0168,35,546000
2024-11-30,WH-LAG1,PRD-0169,82,1098800
2024-11-30,WH-LAG2,PRD-0169,79,1058600
2024-11-30,WH-IBD,PRD-0169,73,978200
2024-11-30,WH-ABJ,PRD-0169,61,817400
2024-11-30,WH-PHC,PRD-0169,80,1072000
2024-11-30,WH-LAG1,PRD-0170,34,482800
2024-11-30,WH-LAG2,PRD-0170,22,312400
2024-11-30,WH-IBD,PRD-0170,32,454400
2024-11-30,WH-ABJ,PRD-0170,97,1377400
2024-11-30,WH-PHC,PRD-0170,67,951400
2024-12-31,WH-LAG1,PRD-0001,3,12600
2024-12-31,WH-LAG2,PRD-0001,42,176400
2024-12-31,WH-IBD,PRD-0001,48,201600
2024-12-31,WH-ABJ,PRD-0001,35,147000
2024-12-31,WH-PHC,PRD-0001,28,117600
2024-12-31,WH-LAG1,PRD-0002,39,159900
2024-12-31,WH-LAG2,PRD-0002,18,73800
2024-12-31,WH-IBD,PRD-0002,13,53300
2024-12-31,WH-ABJ,PRD-0002,0,0
2024-12-31,WH-PHC,PRD-0002,31,127100
2024-12-31,WH-LAG1,PRD-0003,15,61500
2024-12-31,WH-LAG2,PRD-0003,0,0
2024-12-31,WH-IBD,PRD-0003,5,20500
2024-12-31,WH-ABJ,PRD-0003,0,0
2024-12-31,WH-PHC,PRD-0003,17,69700
2024-12-31,WH-LAG1,PRD-0004,336,1310400
2024-12-31,WH-LAG2,PRD-0004,127,495300
2024-12-31,WH-IBD,PRD-0004,132,514800
2024-12-31,WH-ABJ,PRD-0004,136,530400
2024-12-31,WH-PHC,PRD-0004,139,542100
2024-12-31,WH-LAG1,PRD-0005,64,166400
2024-12-31,WH-LAG2,PRD-0005,30,78000
2024-12-31,WH-IBD,PRD-0005,21,54600
2024-12-31,WH-ABJ,PRD-0005,99,257400
2024-12-31,WH-PHC,PRD-0005,24,62400
2024-12-31,WH-LAG1,PRD-0006,2,5000
2024-12-31,WH-LAG2,PRD-0006,16,40000
2024-12-31,WH-IBD,PRD-0006,21,52500
2024-12-31,WH-ABJ,PRD-0006,39,97500
2024-12-31,WH-PHC,PRD-0006,25,62500
2024-12-31,WH-LAG1,PRD-0007,173,2387400
2024-12-31,WH-LAG2,PRD-0007,67,924600
2024-12-31,WH-IBD,PRD-0007,69,952200
2024-12-31,WH-ABJ,PRD-0007,57,786600
2024-12-31,WH-PHC,PRD-0007,103,1421400
2024-12-31,WH-LAG1,PRD-0008,67,904500
2024-12-31,WH-LAG2,PRD-0008,8,108000
2024-12-31,WH-IBD,PRD-0008,44,594000
2024-12-31,WH-ABJ,PRD-0008,27,364500
2024-12-31,WH-PHC,PRD-0008,23,310500
2024-12-31,WH-LAG1,PRD-0009,0,0
2024-12-31,WH-LAG2,PRD-0009,18,255600
2024-12-31,WH-IBD,PRD-0009,18,255600
2024-12-31,WH-ABJ,PRD-0009,19,269800
2024-12-31,WH-PHC,PRD-0009,11,156200
2024-12-31,WH-LAG1,PRD-0010,18,237600
2024-12-31,WH-LAG2,PRD-0010,2,26400
2024-12-31,WH-IBD,PRD-0010,20,264000
2024-12-31,WH-ABJ,PRD-0010,26,343200
2024-12-31,WH-PHC,PRD-0010,23,303600
2024-12-31,WH-LAG1,PRD-0011,110,1529000
2024-12-31,WH-LAG2,PRD-0011,92,1278800
2024-12-31,WH-IBD,PRD-0011,42,583800
2024-12-31,WH-ABJ,PRD-0011,61,847900
2024-12-31,WH-PHC,PRD-0011,19,264100
2024-12-31,WH-LAG1,PRD-0012,24,345600
2024-12-31,WH-LAG2,PRD-0012,18,259200
2024-12-31,WH-IBD,PRD-0012,26,374400
2024-12-31,WH-ABJ,PRD-0012,0,0
2024-12-31,WH-PHC,PRD-0012,47,676800
2024-12-31,WH-LAG1,PRD-0013,45,441000
2024-12-31,WH-LAG2,PRD-0013,16,156800
2024-12-31,WH-IBD,PRD-0013,25,245000
2024-12-31,WH-ABJ,PRD-0013,0,0
2024-12-31,WH-PHC,PRD-0013,28,274400
2024-12-31,WH-LAG1,PRD-0014,15,168000
2024-12-31,WH-LAG2,PRD-0014,10,112000
2024-12-31,WH-IBD,PRD-0014,17,190400
2024-12-31,WH-ABJ,PRD-0014,5,56000
2024-12-31,WH-PHC,PRD-0014,10,112000
2024-12-31,WH-LAG1,PRD-0015,12,82800
2024-12-31,WH-LAG2,PRD-0015,15,103500
2024-12-31,WH-IBD,PRD-0015,36,248400
2024-12-31,WH-ABJ,PRD-0015,67,462300
2024-12-31,WH-PHC,PRD-0015,68,469200
2024-12-31,WH-LAG1,PRD-0016,157,5416500
2024-12-31,WH-LAG2,PRD-0016,85,2932500
2024-12-31,WH-IBD,PRD-0016,80,2760000
2024-12-31,WH-ABJ,PRD-0016,31,1069500
2024-12-31,WH-PHC,PRD-0016,107,3691500
2024-12-31,WH-LAG1,PRD-0017,80,2544000
2024-12-31,WH-LAG2,PRD-0017,20,636000
2024-12-31,WH-IBD,PRD-0017,15,477000
2024-12-31,WH-ABJ,PRD-0017,34,1081200
2024-12-31,WH-PHC,PRD-0017,43,1367400
2024-12-31,WH-LAG1,PRD-0018,59,2843800
2024-12-31,WH-LAG2,PRD-0018,96,4627200
2024-12-31,WH-IBD,PRD-0018,64,3084800
2024-12-31,WH-ABJ,PRD-0018,102,4916400
2024-12-31,WH-PHC,PRD-0018,90,4338000
2024-12-31,WH-LAG1,PRD-0019,135,3564000
2024-12-31,WH-LAG2,PRD-0019,36,950400
2024-12-31,WH-IBD,PRD-0019,12,316800
2024-12-31,WH-ABJ,PRD-0019,13,343200
2024-12-31,WH-PHC,PRD-0019,42,1108800
2024-12-31,WH-LAG1,PRD-0020,195,4641000
2024-12-31,WH-LAG2,PRD-0020,23,547400
2024-12-31,WH-IBD,PRD-0020,50,1190000
2024-12-31,WH-ABJ,PRD-0020,31,737800
2024-12-31,WH-PHC,PRD-0020,31,737800
2024-12-31,WH-LAG1,PRD-0021,79,1169200
2024-12-31,WH-LAG2,PRD-0021,25,370000
2024-12-31,WH-IBD,PRD-0021,64,947200
2024-12-31,WH-ABJ,PRD-0021,49,725200
2024-12-31,WH-PHC,PRD-0021,33,488400
2024-12-31,WH-LAG1,PRD-0022,16,153600
2024-12-31,WH-LAG2,PRD-0022,11,105600
2024-12-31,WH-IBD,PRD-0022,24,230400
2024-12-31,WH-ABJ,PRD-0022,28,268800
2024-12-31,WH-PHC,PRD-0022,7,67200
2024-12-31,WH-LAG1,PRD-0023,70,938000
2024-12-31,WH-LAG2,PRD-0023,61,817400
2024-12-31,WH-IBD,PRD-0023,38,509200
2024-12-31,WH-ABJ,PRD-0023,0,0
2024-12-31,WH-PHC,PRD-0023,13,174200
2024-12-31,WH-LAG1,PRD-0024,85,663000
2024-12-31,WH-LAG2,PRD-0024,0,0
2024-12-31,WH-IBD,PRD-0024,17,132600
2024-12-31,WH-ABJ,PRD-0024,54,421200
2024-12-31,WH-PHC,PRD-0024,9,70200
2024-12-31,WH-LAG1,PRD-0025,84,361200
2024-12-31,WH-LAG2,PRD-0025,0,0
2024-12-31,WH-IBD,PRD-0025,13,55900
2024-12-31,WH-ABJ,PRD-0025,49,210700
2024-12-31,WH-PHC,PRD-0025,17,73100
2024-12-31,WH-LAG1,PRD-0026,28,100800
2024-12-31,WH-LAG2,PRD-0026,27,97200
2024-12-31,WH-IBD,PRD-0026,33,118800
2024-12-31,WH-ABJ,PRD-0026,52,187200
2024-12-31,WH-PHC,PRD-0026,56,201600
2024-12-31,WH-LAG1,PRD-0027,26,98800
2024-12-31,WH-LAG2,PRD-0027,22,83600
2024-12-31,WH-IBD,PRD-0027,18,68400
2024-12-31,WH-ABJ,PRD-0027,26,98800
2024-12-31,WH-PHC,PRD-0027,26,98800
2024-12-31,WH-LAG1,PRD-0028,101,404000
2024-12-31,WH-LAG2,PRD-0028,52,208000
2024-12-31,WH-IBD,PRD-0028,60,240000
2024-12-31,WH-ABJ,PRD-0028,60,240000
2024-12-31,WH-PHC,PRD-0028,10,40000
2024-12-31,WH-LAG1,PRD-0029,59,525100
2024-12-31,WH-LAG2,PRD-0029,26,231400
2024-12-31,WH-IBD,PRD-0029,11,97900
2024-12-31,WH-ABJ,PRD-0029,31,275900
2024-12-31,WH-PHC,PRD-0029,13,115700
2024-12-31,WH-LAG1,PRD-0030,21,451500
2024-12-31,WH-LAG2,PRD-0030,10,215000
2024-12-31,WH-IBD,PRD-0030,22,473000
2024-12-31,WH-ABJ,PRD-0030,17,365500
2024-12-31,WH-PHC,PRD-0030,3,64500
2024-12-31,WH-LAG1,PRD-0031,163,4922600
2024-12-31,WH-LAG2,PRD-0031,50,1510000
2024-12-31,WH-IBD,PRD-0031,46,1389200
2024-12-31,WH-ABJ,PRD-0031,103,3110600
2024-12-31,WH-PHC,PRD-0031,111,3352200
2024-12-31,WH-LAG1,PRD-0032,8,134400
2024-12-31,WH-LAG2,PRD-0032,28,470400
2024-12-31,WH-IBD,PRD-0032,10,168000
2024-12-31,WH-ABJ,PRD-0032,5,84000
2024-12-31,WH-PHC,PRD-0032,9,151200
2024-12-31,WH-LAG1,PRD-0033,32,300800
2024-12-31,WH-LAG2,PRD-0033,32,300800
2024-12-31,WH-IBD,PRD-0033,45,423000
2024-12-31,WH-ABJ,PRD-0033,60,564000
2024-12-31,WH-PHC,PRD-0033,17,159800
2024-12-31,WH-LAG1,PRD-0034,34,438600
2024-12-31,WH-LAG2,PRD-0034,18,232200
2024-12-31,WH-IBD,PRD-0034,13,167700
2024-12-31,WH-ABJ,PRD-0034,6,77400
2024-12-31,WH-PHC,PRD-0034,16,206400
2024-12-31,WH-LAG1,PRD-0035,92,1085600
2024-12-31,WH-LAG2,PRD-0035,36,424800
2024-12-31,WH-IBD,PRD-0035,33,389400
2024-12-31,WH-ABJ,PRD-0035,55,649000
2024-12-31,WH-PHC,PRD-0035,21,247800
2024-12-31,WH-LAG1,PRD-0036,75,1170000
2024-12-31,WH-LAG2,PRD-0036,32,499200
2024-12-31,WH-IBD,PRD-0036,47,733200
2024-12-31,WH-ABJ,PRD-0036,18,280800
2024-12-31,WH-PHC,PRD-0036,45,702000
2024-12-31,WH-LAG1,PRD-0037,104,2059200
2024-12-31,WH-LAG2,PRD-0037,99,1960200
2024-12-31,WH-IBD,PRD-0037,132,2613600
2024-12-31,WH-ABJ,PRD-0037,73,1445400
2024-12-31,WH-PHC,PRD-0037,67,1326600
2024-12-31,WH-LAG1,PRD-0038,6,71400
2024-12-31,WH-LAG2,PRD-0038,11,130900
2024-12-31,WH-IBD,PRD-0038,29,345100
2024-12-31,WH-ABJ,PRD-0038,10,119000
2024-12-31,WH-PHC,PRD-0038,10,119000
2024-12-31,WH-LAG1,PRD-0039,195,2418000
2024-12-31,WH-LAG2,PRD-0039,183,2269200
2024-12-31,WH-IBD,PRD-0039,47,582800
2024-12-31,WH-ABJ,PRD-0039,108,1339200
2024-12-31,WH-PHC,PRD-0039,54,669600
2024-12-31,WH-LAG1,PRD-0040,75,840000
2024-12-31,WH-LAG2,PRD-0040,35,392000
2024-12-31,WH-IBD,PRD-0040,47,526400
2024-12-31,WH-ABJ,PRD-0040,74,828800
2024-12-31,WH-PHC,PRD-0040,51,571200
2024-12-31,WH-LAG1,PRD-0041,122,634400
2024-12-31,WH-LAG2,PRD-0041,40,208000
2024-12-31,WH-IBD,PRD-0041,23,119600
2024-12-31,WH-ABJ,PRD-0041,78,405600
2024-12-31,WH-PHC,PRD-0041,34,176800
2024-12-31,WH-LAG1,PRD-0042,15,328500
2024-12-31,WH-LAG2,PRD-0042,10,219000
2024-12-31,WH-IBD,PRD-0042,8,175200
2024-12-31,WH-ABJ,PRD-0042,23,503700
2024-12-31,WH-PHC,PRD-0042,21,459900
2024-12-31,WH-LAG1,PRD-0043,60,912000
2024-12-31,WH-LAG2,PRD-0043,43,653600
2024-12-31,WH-IBD,PRD-0043,0,0
2024-12-31,WH-ABJ,PRD-0043,20,304000
2024-12-31,WH-PHC,PRD-0043,73,1109600
2024-12-31,WH-LAG1,PRD-0044,12,81600
2024-12-31,WH-LAG2,PRD-0044,10,68000
2024-12-31,WH-IBD,PRD-0044,9,61200
2024-12-31,WH-ABJ,PRD-0044,5,34000
2024-12-31,WH-PHC,PRD-0044,8,54400
2024-12-31,WH-LAG1,PRD-0045,91,564200
2024-12-31,WH-LAG2,PRD-0045,42,260400
2024-12-31,WH-IBD,PRD-0045,64,396800
2024-12-31,WH-ABJ,PRD-0045,26,161200
2024-12-31,WH-PHC,PRD-0045,17,105400
2024-12-31,WH-LAG1,PRD-0046,22,303600
2024-12-31,WH-LAG2,PRD-0046,22,303600
2024-12-31,WH-IBD,PRD-0046,0,0
2024-12-31,WH-ABJ,PRD-0046,37,510600
2024-12-31,WH-PHC,PRD-0046,18,248400
2024-12-31,WH-LAG1,PRD-0047,57,923400
2024-12-31,WH-LAG2,PRD-0047,0,0
2024-12-31,WH-IBD,PRD-0047,70,1134000
2024-12-31,WH-ABJ,PRD-0047,0,0
2024-12-31,WH-PHC,PRD-0047,0,0
2024-12-31,WH-LAG1,PRD-0048,133,1928500
2024-12-31,WH-LAG2,PRD-0048,0,0
2024-12-31,WH-IBD,PRD-0048,44,638000
2024-12-31,WH-ABJ,PRD-0048,31,449500
2024-12-31,WH-PHC,PRD-0048,21,304500
2024-12-31,WH-LAG1,PRD-0049,90,1251000
2024-12-31,WH-LAG2,PRD-0049,22,305800
2024-12-31,WH-IBD,PRD-0049,25,347500
2024-12-31,WH-ABJ,PRD-0049,35,486500
2024-12-31,WH-PHC,PRD-0049,41,569900
2024-12-31,WH-LAG1,PRD-0050,21,96600
2024-12-31,WH-LAG2,PRD-0050,7,32200
2024-12-31,WH-IBD,PRD-0050,12,55200
2024-12-31,WH-ABJ,PRD-0050,29,133400
2024-12-31,WH-PHC,PRD-0050,37,170200
2024-12-31,WH-LAG1,PRD-0051,76,2644800
2024-12-31,WH-LAG2,PRD-0051,63,2192400
2024-12-31,WH-IBD,PRD-0051,134,4663200
2024-12-31,WH-ABJ,PRD-0051,129,4489200
2024-12-31,WH-PHC,PRD-0051,158,5498400
2024-12-31,WH-LAG1,PRD-0052,24,813600
2024-12-31,WH-LAG2,PRD-0052,16,542400
2024-12-31,WH-IBD,PRD-0052,10,339000
2024-12-31,WH-ABJ,PRD-0052,21,711900
2024-12-31,WH-PHC,PRD-0052,18,610200
2024-12-31,WH-LAG1,PRD-0053,41,1344800
2024-12-31,WH-LAG2,PRD-0053,20,656000
2024-12-31,WH-IBD,PRD-0053,10,328000
2024-12-31,WH-ABJ,PRD-0053,25,820000
2024-12-31,WH-PHC,PRD-0053,8,262400
2024-12-31,WH-LAG1,PRD-0054,47,639200
2024-12-31,WH-LAG2,PRD-0054,5,68000
2024-12-31,WH-IBD,PRD-0054,47,639200
2024-12-31,WH-ABJ,PRD-0054,10,136000
2024-12-31,WH-PHC,PRD-0054,49,666400
2024-12-31,WH-LAG1,PRD-0055,41,565800
2024-12-31,WH-LAG2,PRD-0055,17,234600
2024-12-31,WH-IBD,PRD-0055,11,151800
2024-12-31,WH-ABJ,PRD-0055,69,952200
2024-12-31,WH-PHC,PRD-0055,61,841800
2024-12-31,WH-LAG1,PRD-0056,53,1134200
2024-12-31,WH-LAG2,PRD-0056,41,877400
2024-12-31,WH-IBD,PRD-0056,32,684800
2024-12-31,WH-ABJ,PRD-0056,40,856000
2024-12-31,WH-PHC,PRD-0056,1,21400
2024-12-31,WH-LAG1,PRD-0057,379,5988200
2024-12-31,WH-LAG2,PRD-0057,87,1374600
2024-12-31,WH-IBD,PRD-0057,84,1327200
2024-12-31,WH-ABJ,PRD-0057,106,1674800
2024-12-31,WH-PHC,PRD-0057,220,3476000
2024-12-31,WH-LAG1,PRD-0058,36,536400
2024-12-31,WH-LAG2,PRD-0058,27,402300
2024-12-31,WH-IBD,PRD-0058,67,998300
2024-12-31,WH-ABJ,PRD-0058,66,983400
2024-12-31,WH-PHC,PRD-0058,32,476800
2024-12-31,WH-LAG1,PRD-0059,23,977500
2024-12-31,WH-LAG2,PRD-0059,52,2210000
2024-12-31,WH-IBD,PRD-0059,37,1572500
2024-12-31,WH-ABJ,PRD-0059,64,2720000
2024-12-31,WH-PHC,PRD-0059,46,1955000
2024-12-31,WH-LAG1,PRD-0060,90,4302000
2024-12-31,WH-LAG2,PRD-0060,56,2676800
2024-12-31,WH-IBD,PRD-0060,117,5592600
2024-12-31,WH-ABJ,PRD-0060,77,3680600
2024-12-31,WH-PHC,PRD-0060,161,7695800
2024-12-31,WH-LAG1,PRD-0061,181,2316800
2024-12-31,WH-LAG2,PRD-0061,75,960000
2024-12-31,WH-IBD,PRD-0061,69,883200
2024-12-31,WH-ABJ,PRD-0061,0,0
2024-12-31,WH-PHC,PRD-0061,108,1382400
2024-12-31,WH-LAG1,PRD-0062,87,1183200
2024-12-31,WH-LAG2,PRD-0062,32,435200
2024-12-31,WH-IBD,PRD-0062,80,1088000
2024-12-31,WH-ABJ,PRD-0062,186,2529600
2024-12-31,WH-PHC,PRD-0062,105,1428000
2024-12-31,WH-LAG1,PRD-0063,110,1309000
2024-12-31,WH-LAG2,PRD-0063,57,678300
2024-12-31,WH-IBD,PRD-0063,35,416500
2024-12-31,WH-ABJ,PRD-0063,20,238000
2024-12-31,WH-PHC,PRD-0063,65,773500
2024-12-31,WH-LAG1,PRD-0064,30,924000
2024-12-31,WH-LAG2,PRD-0064,80,2464000
2024-12-31,WH-IBD,PRD-0064,62,1909600
2024-12-31,WH-ABJ,PRD-0064,48,1478400
2024-12-31,WH-PHC,PRD-0064,29,893200
2024-12-31,WH-LAG1,PRD-0065,55,1452000
2024-12-31,WH-LAG2,PRD-0065,99,2613600
2024-12-31,WH-IBD,PRD-0065,68,1795200
2024-12-31,WH-ABJ,PRD-0065,0,0
2024-12-31,WH-PHC,PRD-0065,0,0
2024-12-31,WH-LAG1,PRD-0066,0,0
2024-12-31,WH-LAG2,PRD-0066,3,132600
2024-12-31,WH-IBD,PRD-0066,10,442000
2024-12-31,WH-ABJ,PRD-0066,10,442000
2024-12-31,WH-PHC,PRD-0066,2,88400
2024-12-31,WH-LAG1,PRD-0067,40,416000
2024-12-31,WH-LAG2,PRD-0067,90,936000
2024-12-31,WH-IBD,PRD-0067,55,572000
2024-12-31,WH-ABJ,PRD-0067,47,488800
2024-12-31,WH-PHC,PRD-0067,82,852800
2024-12-31,WH-LAG1,PRD-0068,347,4580400
2024-12-31,WH-LAG2,PRD-0068,145,1914000
2024-12-31,WH-IBD,PRD-0068,41,541200
2024-12-31,WH-ABJ,PRD-0068,133,1755600
2024-12-31,WH-PHC,PRD-0068,9,118800
2024-12-31,WH-LAG1,PRD-0069,19,262200
2024-12-31,WH-LAG2,PRD-0069,13,179400
2024-12-31,WH-IBD,PRD-0069,8,110400
2024-12-31,WH-ABJ,PRD-0069,31,427800
2024-12-31,WH-PHC,PRD-0069,10,138000
2024-12-31,WH-LAG1,PRD-0070,14,215600
2024-12-31,WH-LAG2,PRD-0070,34,523600
2024-12-31,WH-IBD,PRD-0070,38,585200
2024-12-31,WH-ABJ,PRD-0070,40,616000
2024-12-31,WH-PHC,PRD-0070,28,431200
2024-12-31,WH-LAG1,PRD-0071,0,0
2024-12-31,WH-LAG2,PRD-0071,10,148000
2024-12-31,WH-IBD,PRD-0071,21,310800
2024-12-31,WH-ABJ,PRD-0071,20,296000
2024-12-31,WH-PHC,PRD-0071,16,236800
2024-12-31,WH-LAG1,PRD-0072,43,1401800
2024-12-31,WH-LAG2,PRD-0072,54,1760400
2024-12-31,WH-IBD,PRD-0072,12,391200
2024-12-31,WH-ABJ,PRD-0072,54,1760400
2024-12-31,WH-PHC,PRD-0072,54,1760400
2024-12-31,WH-LAG1,PRD-0073,23,685400
2024-12-31,WH-LAG2,PRD-0073,11,327800
2024-12-31,WH-IBD,PRD-0073,3,89400
2024-12-31,WH-ABJ,PRD-0073,16,476800
2024-12-31,WH-PHC,PRD-0073,22,655600
2024-12-31,WH-LAG1,PRD-0074,94,2763600
2024-12-31,WH-LAG2,PRD-0074,76,2234400
2024-12-31,WH-IBD,PRD-0074,0,0
2024-12-31,WH-ABJ,PRD-0074,50,1470000
2024-12-31,WH-PHC,PRD-0074,55,1617000
2024-12-31,WH-LAG1,PRD-0075,22,589600
2024-12-31,WH-LAG2,PRD-0075,28,750400
2024-12-31,WH-IBD,PRD-0075,21,562800
2024-12-31,WH-ABJ,PRD-0075,19,509200
2024-12-31,WH-PHC,PRD-0075,10,268000
2024-12-31,WH-LAG1,PRD-0076,83,1942200
2024-12-31,WH-LAG2,PRD-0076,90,2106000
2024-12-31,WH-IBD,PRD-0076,26,608400
2024-12-31,WH-ABJ,PRD-0076,67,1567800
2024-12-31,WH-PHC,PRD-0076,69,1614600
2024-12-31,WH-LAG1,PRD-0077,315,8064000
2024-12-31,WH-LAG2,PRD-0077,92,2355200
2024-12-31,WH-IBD,PRD-0077,119,3046400
2024-12-31,WH-ABJ,PRD-0077,107,2739200
2024-12-31,WH-PHC,PRD-0077,85,2176000
2024-12-31,WH-LAG1,PRD-0078,29,806200
2024-12-31,WH-LAG2,PRD-0078,84,2335200
2024-12-31,WH-IBD,PRD-0078,20,556000
2024-12-31,WH-ABJ,PRD-0078,0,0
2024-12-31,WH-PHC,PRD-0078,98,2724400
2024-12-31,WH-LAG1,PRD-0079,39,1501500
2024-12-31,WH-LAG2,PRD-0079,40,1540000
2024-12-31,WH-IBD,PRD-0079,52,2002000
2024-12-31,WH-ABJ,PRD-0079,84,3234000
2024-12-31,WH-PHC,PRD-0079,71,2733500
2024-12-31,WH-LAG1,PRD-0080,56,1097600
2024-12-31,WH-LAG2,PRD-0080,99,1940400
2024-12-31,WH-IBD,PRD-0080,0,0
2024-12-31,WH-ABJ,PRD-0080,63,1234800
2024-12-31,WH-PHC,PRD-0080,20,392000
2024-12-31,WH-LAG1,PRD-0081,128,4147200
2024-12-31,WH-LAG2,PRD-0081,49,1587600
2024-12-31,WH-IBD,PRD-0081,39,1263600
2024-12-31,WH-ABJ,PRD-0081,10,324000
2024-12-31,WH-PHC,PRD-0081,15,486000
2024-12-31,WH-LAG1,PRD-0082,90,2322000
2024-12-31,WH-LAG2,PRD-0082,42,1083600
2024-12-31,WH-IBD,PRD-0082,96,2476800
2024-12-31,WH-ABJ,PRD-0082,39,1006200
2024-12-31,WH-PHC,PRD-0082,79,2038200
2024-12-31,WH-LAG1,PRD-0083,277,5096800
2024-12-31,WH-LAG2,PRD-0083,235,4324000
2024-12-31,WH-IBD,PRD-0083,187,3440800
2024-12-31,WH-ABJ,PRD-0083,113,2079200
2024-12-31,WH-PHC,PRD-0083,167,3072800
2024-12-31,WH-LAG1,PRD-0084,51,1101600
2024-12-31,WH-LAG2,PRD-0084,63,1360800
2024-12-31,WH-IBD,PRD-0084,0,0
2024-12-31,WH-ABJ,PRD-0084,34,734400
2024-12-31,WH-PHC,PRD-0084,82,1771200
2024-12-31,WH-LAG1,PRD-0085,212,5554400
2024-12-31,WH-LAG2,PRD-0085,110,2882000
2024-12-31,WH-IBD,PRD-0085,52,1362400
2024-12-31,WH-ABJ,PRD-0085,22,576400
2024-12-31,WH-PHC,PRD-0085,75,1965000
2024-12-31,WH-LAG1,PRD-0086,220,5236000
2024-12-31,WH-LAG2,PRD-0086,106,2522800
2024-12-31,WH-IBD,PRD-0086,138,3284400
2024-12-31,WH-ABJ,PRD-0086,340,8092000
2024-12-31,WH-PHC,PRD-0086,218,5188400
2024-12-31,WH-LAG1,PRD-0087,0,0
2024-12-31,WH-LAG2,PRD-0087,7,131600
2024-12-31,WH-IBD,PRD-0087,23,432400
2024-12-31,WH-ABJ,PRD-0087,5,94000
2024-12-31,WH-PHC,PRD-0087,8,150400
2024-12-31,WH-LAG1,PRD-0088,63,781200
2024-12-31,WH-LAG2,PRD-0088,13,161200
2024-12-31,WH-IBD,PRD-0088,53,657200
2024-12-31,WH-ABJ,PRD-0088,5,62000
2024-12-31,WH-PHC,PRD-0088,49,607600
2024-12-31,WH-LAG1,PRD-0089,44,492800
2024-12-31,WH-LAG2,PRD-0089,47,526400
2024-12-31,WH-IBD,PRD-0089,49,548800
2024-12-31,WH-ABJ,PRD-0089,46,515200
2024-12-31,WH-PHC,PRD-0089,27,302400
2024-12-31,WH-LAG1,PRD-0090,320,9152000
2024-12-31,WH-LAG2,PRD-0090,638,18246800
2024-12-31,WH-IBD,PRD-0090,296,8465600
2024-12-31,WH-ABJ,PRD-0090,877,25082200
2024-12-31,WH-PHC,PRD-0090,493,14099800
2024-12-31,WH-LAG1,PRD-0091,151,3261600
2024-12-31,WH-LAG2,PRD-0091,129,2786400
2024-12-31,WH-IBD,PRD-0091,45,972000
2024-12-31,WH-ABJ,PRD-0091,96,2073600
2024-12-31,WH-PHC,PRD-0091,38,820800
2024-12-31,WH-LAG1,PRD-0092,19,471200
2024-12-31,WH-LAG2,PRD-0092,38,942400
2024-12-31,WH-IBD,PRD-0092,9,223200
2024-12-31,WH-ABJ,PRD-0092,41,1016800
2024-12-31,WH-PHC,PRD-0092,21,520800
2024-12-31,WH-LAG1,PRD-0093,81,1571400
2024-12-31,WH-LAG2,PRD-0093,13,252200
2024-12-31,WH-IBD,PRD-0093,94,1823600
2024-12-31,WH-ABJ,PRD-0093,24,465600
2024-12-31,WH-PHC,PRD-0093,49,950600
2024-12-31,WH-LAG1,PRD-0094,19,357200
2024-12-31,WH-LAG2,PRD-0094,10,188000
2024-12-31,WH-IBD,PRD-0094,23,432400
2024-12-31,WH-ABJ,PRD-0094,9,169200
2024-12-31,WH-PHC,PRD-0094,9,169200
2024-12-31,WH-LAG1,PRD-0095,39,659100
2024-12-31,WH-LAG2,PRD-0095,23,388700
2024-12-31,WH-IBD,PRD-0095,24,405600
2024-12-31,WH-ABJ,PRD-0095,23,388700
2024-12-31,WH-PHC,PRD-0095,22,371800
2024-12-31,WH-LAG1,PRD-0096,35,637000
2024-12-31,WH-LAG2,PRD-0096,20,364000
2024-12-31,WH-IBD,PRD-0096,11,200200
2024-12-31,WH-ABJ,PRD-0096,28,509600
2024-12-31,WH-PHC,PRD-0096,0,0
2024-12-31,WH-LAG1,PRD-0097,29,516200
2024-12-31,WH-LAG2,PRD-0097,28,498400
2024-12-31,WH-IBD,PRD-0097,0,0
2024-12-31,WH-ABJ,PRD-0097,36,640800
2024-12-31,WH-PHC,PRD-0097,34,605200
2024-12-31,WH-LAG1,PRD-0098,50,670000
2024-12-31,WH-LAG2,PRD-0098,38,509200
2024-12-31,WH-IBD,PRD-0098,141,1889400
2024-12-31,WH-ABJ,PRD-0098,0,0
2024-12-31,WH-PHC,PRD-0098,73,978200
2024-12-31,WH-LAG1,PRD-0099,0,0
2024-12-31,WH-LAG2,PRD-0099,32,403200
2024-12-31,WH-IBD,PRD-0099,34,428400
2024-12-31,WH-ABJ,PRD-0099,28,352800
2024-12-31,WH-PHC,PRD-0099,33,415800
2024-12-31,WH-LAG1,PRD-0100,279,4687200
2024-12-31,WH-LAG2,PRD-0100,226,3796800
2024-12-31,WH-IBD,PRD-0100,262,4401600
2024-12-31,WH-ABJ,PRD-0100,235,3948000
2024-12-31,WH-PHC,PRD-0100,199,3343200
2024-12-31,WH-LAG1,PRD-0101,12,220800
2024-12-31,WH-LAG2,PRD-0101,6,110400
2024-12-31,WH-IBD,PRD-0101,29,533600
2024-12-31,WH-ABJ,PRD-0101,20,368000
2024-12-31,WH-PHC,PRD-0101,21,386400
2024-12-31,WH-LAG1,PRD-0102,138,1959600
2024-12-31,WH-LAG2,PRD-0102,0,0
2024-12-31,WH-IBD,PRD-0102,27,383400
2024-12-31,WH-ABJ,PRD-0102,56,795200
2024-12-31,WH-PHC,PRD-0102,55,781000
2024-12-31,WH-LAG1,PRD-0103,0,0
2024-12-31,WH-LAG2,PRD-0103,55,1639000
2024-12-31,WH-IBD,PRD-0103,42,1251600
2024-12-31,WH-ABJ,PRD-0103,72,2145600
2024-12-31,WH-PHC,PRD-0103,50,1490000
2024-12-31,WH-LAG1,PRD-0104,9,124200
2024-12-31,WH-LAG2,PRD-0104,26,358800
2024-12-31,WH-IBD,PRD-0104,32,441600
2024-12-31,WH-ABJ,PRD-0104,24,331200
2024-12-31,WH-PHC,PRD-0104,34,469200
2024-12-31,WH-LAG1,PRD-0105,32,1107200
2024-12-31,WH-LAG2,PRD-0105,23,795800
2024-12-31,WH-IBD,PRD-0105,19,657400
2024-12-31,WH-ABJ,PRD-0105,21,726600
2024-12-31,WH-PHC,PRD-0105,43,1487800
2024-12-31,WH-LAG1,PRD-0106,52,1705600
2024-12-31,WH-LAG2,PRD-0106,10,328000
2024-12-31,WH-IBD,PRD-0106,32,1049600
2024-12-31,WH-ABJ,PRD-0106,23,754400
2024-12-31,WH-PHC,PRD-0106,26,852800
2024-12-31,WH-LAG1,PRD-0107,36,1202400
2024-12-31,WH-LAG2,PRD-0107,14,467600
2024-12-31,WH-IBD,PRD-0107,22,734800
2024-12-31,WH-ABJ,PRD-0107,38,1269200
2024-12-31,WH-PHC,PRD-0107,23,768200
2024-12-31,WH-LAG1,PRD-0108,380,10184000
2024-12-31,WH-LAG2,PRD-0108,226,6056800
2024-12-31,WH-IBD,PRD-0108,179,4797200
2024-12-31,WH-ABJ,PRD-0108,200,5360000
2024-12-31,WH-PHC,PRD-0108,39,1045200
2024-12-31,WH-LAG1,PRD-0109,28,739200
2024-12-31,WH-LAG2,PRD-0109,60,1584000
2024-12-31,WH-IBD,PRD-0109,47,1240800
2024-12-31,WH-ABJ,PRD-0109,39,1029600
2024-12-31,WH-PHC,PRD-0109,81,2138400
2024-12-31,WH-LAG1,PRD-0110,42,1041600
2024-12-31,WH-LAG2,PRD-0110,6,148800
2024-12-31,WH-IBD,PRD-0110,27,669600
2024-12-31,WH-ABJ,PRD-0110,0,0
2024-12-31,WH-PHC,PRD-0110,9,223200
2024-12-31,WH-LAG1,PRD-0111,67,656600
2024-12-31,WH-LAG2,PRD-0111,110,1078000
2024-12-31,WH-IBD,PRD-0111,86,842800
2024-12-31,WH-ABJ,PRD-0111,112,1097600
2024-12-31,WH-PHC,PRD-0111,87,852600
2024-12-31,WH-LAG1,PRD-0112,43,507400
2024-12-31,WH-LAG2,PRD-0112,23,271400
2024-12-31,WH-IBD,PRD-0112,10,118000
2024-12-31,WH-ABJ,PRD-0112,24,283200
2024-12-31,WH-PHC,PRD-0112,21,247800
2024-12-31,WH-LAG1,PRD-0113,86,739600
2024-12-31,WH-LAG2,PRD-0113,107,920200
2024-12-31,WH-IBD,PRD-0113,87,748200
2024-12-31,WH-ABJ,PRD-0113,93,799800
2024-12-31,WH-PHC,PRD-0113,44,378400
2024-12-31,WH-LAG1,PRD-0114,0,0
2024-12-31,WH-LAG2,PRD-0114,10,122000
2024-12-31,WH-IBD,PRD-0114,0,0
2024-12-31,WH-ABJ,PRD-0114,21,256200
2024-12-31,WH-PHC,PRD-0114,6,73200
2024-12-31,WH-LAG1,PRD-0115,48,787200
2024-12-31,WH-LAG2,PRD-0115,51,836400
2024-12-31,WH-IBD,PRD-0115,25,410000
2024-12-31,WH-ABJ,PRD-0115,52,852800
2024-12-31,WH-PHC,PRD-0115,40,656000
2024-12-31,WH-LAG1,PRD-0116,103,1421400
2024-12-31,WH-LAG2,PRD-0116,23,317400
2024-12-31,WH-IBD,PRD-0116,10,138000
2024-12-31,WH-ABJ,PRD-0116,23,317400
2024-12-31,WH-PHC,PRD-0116,54,745200
2024-12-31,WH-LAG1,PRD-0117,44,668800
2024-12-31,WH-LAG2,PRD-0117,44,668800
2024-12-31,WH-IBD,PRD-0117,70,1064000
2024-12-31,WH-ABJ,PRD-0117,75,1140000
2024-12-31,WH-PHC,PRD-0117,63,957600
2024-12-31,WH-LAG1,PRD-0118,338,5948800
2024-12-31,WH-LAG2,PRD-0118,100,1760000
2024-12-31,WH-IBD,PRD-0118,144,2534400
2024-12-31,WH-ABJ,PRD-0118,65,1144000
2024-12-31,WH-PHC,PRD-0118,0,0
2024-12-31,WH-LAG1,PRD-0119,0,0
2024-12-31,WH-LAG2,PRD-0119,0,0
2024-12-31,WH-IBD,PRD-0119,14,263200
2024-12-31,WH-ABJ,PRD-0119,25,470000
2024-12-31,WH-PHC,PRD-0119,10,188000
2024-12-31,WH-LAG1,PRD-0120,52,644800
2024-12-31,WH-LAG2,PRD-0120,78,967200
2024-12-31,WH-IBD,PRD-0120,86,1066400
2024-12-31,WH-ABJ,PRD-0120,99,1227600
2024-12-31,WH-PHC,PRD-0120,98,1215200
2024-12-31,WH-LAG1,PRD-0121,94,2030400
2024-12-31,WH-LAG2,PRD-0121,82,1771200
2024-12-31,WH-IBD,PRD-0121,148,3196800
2024-12-31,WH-ABJ,PRD-0121,203,4384800
2024-12-31,WH-PHC,PRD-0121,25,540000
2024-12-31,WH-LAG1,PRD-0122,172,2545600
2024-12-31,WH-LAG2,PRD-0122,38,562400
2024-12-31,WH-IBD,PRD-0122,45,666000
2024-12-31,WH-ABJ,PRD-0122,73,1080400
2024-12-31,WH-PHC,PRD-0122,36,532800
2024-12-31,WH-LAG1,PRD-0123,102,1183200
2024-12-31,WH-LAG2,PRD-0123,85,986000
2024-12-31,WH-IBD,PRD-0123,27,313200
2024-12-31,WH-ABJ,PRD-0123,89,1032400
2024-12-31,WH-PHC,PRD-0123,9,104400
2024-12-31,WH-LAG1,PRD-0124,22,149600
2024-12-31,WH-LAG2,PRD-0124,47,319600
2024-12-31,WH-IBD,PRD-0124,64,435200
2024-12-31,WH-ABJ,PRD-0124,30,204000
2024-12-31,WH-PHC,PRD-0124,67,455600
2024-12-31,WH-LAG1,PRD-0125,369,4723200
2024-12-31,WH-LAG2,PRD-0125,314,4019200
2024-12-31,WH-IBD,PRD-0125,179,2291200
2024-12-31,WH-ABJ,PRD-0125,300,3840000
2024-12-31,WH-PHC,PRD-0125,377,4825600
2024-12-31,WH-LAG1,PRD-0126,47,1109200
2024-12-31,WH-LAG2,PRD-0126,23,542800
2024-12-31,WH-IBD,PRD-0126,16,377600
2024-12-31,WH-ABJ,PRD-0126,12,283200
2024-12-31,WH-PHC,PRD-0126,44,1038400
2024-12-31,WH-LAG1,PRD-0127,26,343200
2024-12-31,WH-LAG2,PRD-0127,16,211200
2024-12-31,WH-IBD,PRD-0127,0,0
2024-12-31,WH-ABJ,PRD-0127,27,356400
2024-12-31,WH-PHC,PRD-0127,29,382800
2024-12-31,WH-LAG1,PRD-0128,76,1276800
2024-12-31,WH-LAG2,PRD-0128,71,1192800
2024-12-31,WH-IBD,PRD-0128,67,1125600
2024-12-31,WH-ABJ,PRD-0128,83,1394400
2024-12-31,WH-PHC,PRD-0128,82,1377600
2024-12-31,WH-LAG1,PRD-0129,25,385000
2024-12-31,WH-LAG2,PRD-0129,18,277200
2024-12-31,WH-IBD,PRD-0129,9,138600
2024-12-31,WH-ABJ,PRD-0129,17,261800
2024-12-31,WH-PHC,PRD-0129,4,61600
2024-12-31,WH-LAG1,PRD-0130,24,259200
2024-12-31,WH-LAG2,PRD-0130,42,453600
2024-12-31,WH-IBD,PRD-0130,24,259200
2024-12-31,WH-ABJ,PRD-0130,32,345600
2024-12-31,WH-PHC,PRD-0130,37,399600
2024-12-31,WH-LAG1,PRD-0131,0,0
2024-12-31,WH-LAG2,PRD-0131,48,1228800
2024-12-31,WH-IBD,PRD-0131,41,1049600
2024-12-31,WH-ABJ,PRD-0131,73,1868800
2024-12-31,WH-PHC,PRD-0131,33,844800
2024-12-31,WH-LAG1,PRD-0132,51,1601400
2024-12-31,WH-LAG2,PRD-0132,10,314000
2024-12-31,WH-IBD,PRD-0132,50,1570000
2024-12-31,WH-ABJ,PRD-0132,29,910600
2024-12-31,WH-PHC,PRD-0132,44,1381600
2024-12-31,WH-LAG1,PRD-0133,38,904400
2024-12-31,WH-LAG2,PRD-0133,18,428400
2024-12-31,WH-IBD,PRD-0133,34,809200
2024-12-31,WH-ABJ,PRD-0133,49,1166200
2024-12-31,WH-PHC,PRD-0133,8,190400
2024-12-31,WH-LAG1,PRD-0134,19,566200
2024-12-31,WH-LAG2,PRD-0134,28,834400
2024-12-31,WH-IBD,PRD-0134,41,1221800
2024-12-31,WH-ABJ,PRD-0134,24,715200
2024-12-31,WH-PHC,PRD-0134,21,625800
2024-12-31,WH-LAG1,PRD-0135,103,2719200
2024-12-31,WH-LAG2,PRD-0135,61,1610400
2024-12-31,WH-IBD,PRD-0135,150,3960000
2024-12-31,WH-ABJ,PRD-0135,126,3326400
2024-12-31,WH-PHC,PRD-0135,139,3669600
2024-12-31,WH-LAG1,PRD-0136,48,2044800
2024-12-31,WH-LAG2,PRD-0136,49,2087400
2024-12-31,WH-IBD,PRD-0136,25,1065000
2024-12-31,WH-ABJ,PRD-0136,41,1746600
2024-12-31,WH-PHC,PRD-0136,41,1746600
2024-12-31,WH-LAG1,PRD-0137,18,435600
2024-12-31,WH-LAG2,PRD-0137,46,1113200
2024-12-31,WH-IBD,PRD-0137,77,1863400
2024-12-31,WH-ABJ,PRD-0137,57,1379400
2024-12-31,WH-PHC,PRD-0137,47,1137400
2024-12-31,WH-LAG1,PRD-0138,77,1678600
2024-12-31,WH-LAG2,PRD-0138,110,2398000
2024-12-31,WH-IBD,PRD-0138,48,1046400
2024-12-31,WH-ABJ,PRD-0138,38,828400
2024-12-31,WH-PHC,PRD-0138,81,1765800
2024-12-31,WH-LAG1,PRD-0139,70,2016000
2024-12-31,WH-LAG2,PRD-0139,42,1209600
2024-12-31,WH-IBD,PRD-0139,28,806400
2024-12-31,WH-ABJ,PRD-0139,36,1036800
2024-12-31,WH-PHC,PRD-0139,70,2016000
2024-12-31,WH-LAG1,PRD-0140,47,1099800
2024-12-31,WH-LAG2,PRD-0140,38,889200
2024-12-31,WH-IBD,PRD-0140,5,117000
2024-12-31,WH-ABJ,PRD-0140,0,0
2024-12-31,WH-PHC,PRD-0140,54,1263600
2024-12-31,WH-LAG1,PRD-0141,88,2710400
2024-12-31,WH-LAG2,PRD-0141,28,862400
2024-12-31,WH-IBD,PRD-0141,59,1817200
2024-12-31,WH-ABJ,PRD-0141,67,2063600
2024-12-31,WH-PHC,PRD-0141,5,154000
2024-12-31,WH-LAG1,PRD-0142,85,3808000
2024-12-31,WH-LAG2,PRD-0142,79,3539200
2024-12-31,WH-IBD,PRD-0142,64,2867200
2024-12-31,WH-ABJ,PRD-0142,194,8691200
2024-12-31,WH-PHC,PRD-0142,46,2060800
2024-12-31,WH-LAG1,PRD-0143,40,1648000
2024-12-31,WH-LAG2,PRD-0143,0,0
2024-12-31,WH-IBD,PRD-0143,25,1030000
2024-12-31,WH-ABJ,PRD-0143,37,1524400
2024-12-31,WH-PHC,PRD-0143,30,1236000
2024-12-31,WH-LAG1,PRD-0144,97,2599600
2024-12-31,WH-LAG2,PRD-0144,0,0
2024-12-31,WH-IBD,PRD-0144,46,1232800
2024-12-31,WH-ABJ,PRD-0144,55,1474000
2024-12-31,WH-PHC,PRD-0144,49,1313200
2024-12-31,WH-LAG1,PRD-0145,117,2971800
2024-12-31,WH-LAG2,PRD-0145,34,863600
2024-12-31,WH-IBD,PRD-0145,24,609600
2024-12-31,WH-ABJ,PRD-0145,149,3784600
2024-12-31,WH-PHC,PRD-0145,83,2108200
2024-12-31,WH-LAG1,PRD-0146,58,1612400
2024-12-31,WH-LAG2,PRD-0146,34,945200
2024-12-31,WH-IBD,PRD-0146,39,1084200
2024-12-31,WH-ABJ,PRD-0146,7,194600
2024-12-31,WH-PHC,PRD-0146,15,417000
2024-12-31,WH-LAG1,PRD-0147,48,1324800
2024-12-31,WH-LAG2,PRD-0147,30,828000
2024-12-31,WH-IBD,PRD-0147,31,855600
2024-12-31,WH-ABJ,PRD-0147,13,358800
2024-12-31,WH-PHC,PRD-0147,40,1104000
2024-12-31,WH-LAG1,PRD-0148,76,1808800
2024-12-31,WH-LAG2,PRD-0148,28,666400
2024-12-31,WH-IBD,PRD-0148,24,571200
2024-12-31,WH-ABJ,PRD-0148,19,452200
2024-12-31,WH-PHC,PRD-0148,40,952000
2024-12-31,WH-LAG1,PRD-0149,22,875600
2024-12-31,WH-LAG2,PRD-0149,3,119400
2024-12-31,WH-IBD,PRD-0149,28,1114400
2024-12-31,WH-ABJ,PRD-0149,3,119400
2024-12-31,WH-PHC,PRD-0149,3,119400
2024-12-31,WH-LAG1,PRD-0150,175,6720000
2024-12-31,WH-LAG2,PRD-0150,60,2304000
2024-12-31,WH-IBD,PRD-0150,66,2534400
2024-12-31,WH-ABJ,PRD-0150,96,3686400
2024-12-31,WH-PHC,PRD-0150,55,2112000
2024-12-31,WH-LAG1,PRD-0151,666,23043600
2024-12-31,WH-LAG2,PRD-0151,236,8165600
2024-12-31,WH-IBD,PRD-0151,234,8096400
2024-12-31,WH-ABJ,PRD-0151,394,13632400
2024-12-31,WH-PHC,PRD-0151,114,3944400
2024-12-31,WH-LAG1,PRD-0152,52,1123200
2024-12-31,WH-LAG2,PRD-0152,40,864000
2024-12-31,WH-IBD,PRD-0152,34,734400
2024-12-31,WH-ABJ,PRD-0152,57,1231200
2024-12-31,WH-PHC,PRD-0152,55,1188000
2024-12-31,WH-LAG1,PRD-0153,93,1748400
2024-12-31,WH-LAG2,PRD-0153,162,3045600
2024-12-31,WH-IBD,PRD-0153,167,3139600
2024-12-31,WH-ABJ,PRD-0153,67,1259600
2024-12-31,WH-PHC,PRD-0153,125,2350000
2024-12-31,WH-LAG1,PRD-0154,101,3393600
2024-12-31,WH-LAG2,PRD-0154,55,1848000
2024-12-31,WH-IBD,PRD-0154,35,1176000
2024-12-31,WH-ABJ,PRD-0154,37,1243200
2024-12-31,WH-PHC,PRD-0154,33,1108800
2024-12-31,WH-LAG1,PRD-0155,81,4276800
2024-12-31,WH-LAG2,PRD-0155,50,2640000
2024-12-31,WH-IBD,PRD-0155,32,1689600
2024-12-31,WH-ABJ,PRD-0155,13,686400
2024-12-31,WH-PHC,PRD-0155,28,1478400
2024-12-31,WH-LAG1,PRD-0156,397,17706200
2024-12-31,WH-LAG2,PRD-0156,22,981200
2024-12-31,WH-IBD,PRD-0156,15,669000
2024-12-31,WH-ABJ,PRD-0156,106,4727600
2024-12-31,WH-PHC,PRD-0156,73,3255800
2024-12-31,WH-LAG1,PRD-0157,134,2519200
2024-12-31,WH-LAG2,PRD-0157,32,601600
2024-12-31,WH-IBD,PRD-0157,84,1579200
2024-12-31,WH-ABJ,PRD-0157,31,582800
2024-12-31,WH-PHC,PRD-0157,58,1090400
2024-12-31,WH-LAG1,PRD-0158,33,871200
2024-12-31,WH-LAG2,PRD-0158,34,897600
2024-12-31,WH-IBD,PRD-0158,32,844800
2024-12-31,WH-ABJ,PRD-0158,28,739200
2024-12-31,WH-PHC,PRD-0158,11,290400
2024-12-31,WH-LAG1,PRD-0159,40,792000
2024-12-31,WH-LAG2,PRD-0159,49,970200
2024-12-31,WH-IBD,PRD-0159,55,1089000
2024-12-31,WH-ABJ,PRD-0159,59,1168200
2024-12-31,WH-PHC,PRD-0159,10,198000
2024-12-31,WH-LAG1,PRD-0160,514,13158400
2024-12-31,WH-LAG2,PRD-0160,208,5324800
2024-12-31,WH-IBD,PRD-0160,89,2278400
2024-12-31,WH-ABJ,PRD-0160,64,1638400
2024-12-31,WH-PHC,PRD-0160,217,5555200
2024-12-31,WH-LAG1,PRD-0161,417,11342400
2024-12-31,WH-LAG2,PRD-0161,215,5848000
2024-12-31,WH-IBD,PRD-0161,224,6092800
2024-12-31,WH-ABJ,PRD-0161,245,6664000
2024-12-31,WH-PHC,PRD-0161,82,2230400
2024-12-31,WH-LAG1,PRD-0162,60,1428000
2024-12-31,WH-LAG2,PRD-0162,53,1261400
2024-12-31,WH-IBD,PRD-0162,28,666400
2024-12-31,WH-ABJ,PRD-0162,77,1832600
2024-12-31,WH-PHC,PRD-0162,31,737800
2024-12-31,WH-LAG1,PRD-0163,154,3326400
2024-12-31,WH-LAG2,PRD-0163,49,1058400
2024-12-31,WH-IBD,PRD-0163,51,1101600
2024-12-31,WH-ABJ,PRD-0163,3,64800
2024-12-31,WH-PHC,PRD-0163,30,648000
2024-12-31,WH-LAG1,PRD-0164,121,2032800
2024-12-31,WH-LAG2,PRD-0164,47,789600
2024-12-31,WH-IBD,PRD-0164,44,739200
2024-12-31,WH-ABJ,PRD-0164,13,218400
2024-12-31,WH-PHC,PRD-0164,40,672000
2024-12-31,WH-LAG1,PRD-0165,143,2774200
2024-12-31,WH-LAG2,PRD-0165,204,3957600
2024-12-31,WH-IBD,PRD-0165,30,582000
2024-12-31,WH-ABJ,PRD-0165,176,3414400
2024-12-31,WH-PHC,PRD-0165,103,1998200
2024-12-31,WH-LAG1,PRD-0166,305,6649000
2024-12-31,WH-LAG2,PRD-0166,57,1242600
2024-12-31,WH-IBD,PRD-0166,181,3945800
2024-12-31,WH-ABJ,PRD-0166,76,1656800
2024-12-31,WH-PHC,PRD-0166,103,2245400
2024-12-31,WH-LAG1,PRD-0167,77,831600
2024-12-31,WH-LAG2,PRD-0167,75,810000
2024-12-31,WH-IBD,PRD-0167,34,367200
2024-12-31,WH-ABJ,PRD-0167,23,248400
2024-12-31,WH-PHC,PRD-0167,10,108000
2024-12-31,WH-LAG1,PRD-0168,22,343200
2024-12-31,WH-LAG2,PRD-0168,8,124800
2024-12-31,WH-IBD,PRD-0168,0,0
2024-12-31,WH-ABJ,PRD-0168,26,405600
2024-12-31,WH-PHC,PRD-0168,35,546000
2024-12-31,WH-LAG1,PRD-0169,67,897800
2024-12-31,WH-LAG2,PRD-0169,32,428800
2024-12-31,WH-IBD,PRD-0169,73,978200
2024-12-31,WH-ABJ,PRD-0169,28,375200
2024-12-31,WH-PHC,PRD-0169,64,857600
2024-12-31,WH-LAG1,PRD-0170,15,213000
2024-12-31,WH-LAG2,PRD-0170,18,255600
2024-12-31,WH-IBD,PRD-0170,13,184600
2024-12-31,WH-ABJ,PRD-0170,78,1107600
2024-12-31,WH-PHC,PRD-0170,67,951400
2025-01-31,WH-LAG1,PRD-0001,93,390600
2025-01-31,WH-LAG2,PRD-0001,23,96600
2025-01-31,WH-IBD,PRD-0001,48,201600
2025-01-31,WH-ABJ,PRD-0001,35,147000
2025-01-31,WH-PHC,PRD-0001,9,37800
2025-01-31,WH-LAG1,PRD-0002,31,127100
2025-01-31,WH-LAG2,PRD-0002,13,53300
2025-01-31,WH-IBD,PRD-0002,6,24600
2025-01-31,WH-ABJ,PRD-0002,36,147600
2025-01-31,WH-PHC,PRD-0002,31,127100
2025-01-31,WH-LAG1,PRD-0003,15,61500
2025-01-31,WH-LAG2,PRD-0003,21,86100
2025-01-31,WH-IBD,PRD-0003,5,20500
2025-01-31,WH-ABJ,PRD-0003,0,0
2025-01-31,WH-PHC,PRD-0003,17,69700
2025-01-31,WH-LAG1,PRD-0004,276,1076400
2025-01-31,WH-LAG2,PRD-0004,85,331500
2025-01-31,WH-IBD,PRD-0004,71,276900
2025-01-31,WH-ABJ,PRD-0004,108,421200
2025-01-31,WH-PHC,PRD-0004,61,237900
2025-01-31,WH-LAG1,PRD-0005,13,33800
2025-01-31,WH-LAG2,PRD-0005,28,72800
2025-01-31,WH-IBD,PRD-0005,0,0
2025-01-31,WH-ABJ,PRD-0005,72,187200
2025-01-31,WH-PHC,PRD-0005,0,0
2025-01-31,WH-LAG1,PRD-0006,43,107500
2025-01-31,WH-LAG2,PRD-0006,7,17500
2025-01-31,WH-IBD,PRD-0006,21,52500
2025-01-31,WH-ABJ,PRD-0006,26,65000
2025-01-31,WH-PHC,PRD-0006,25,62500
2025-01-31,WH-LAG1,PRD-0007,129,1780200
2025-01-31,WH-LAG2,PRD-0007,58,800400
2025-01-31,WH-IBD,PRD-0007,53,731400
2025-01-31,WH-ABJ,PRD-0007,48,662400
2025-01-31,WH-PHC,PRD-0007,86,1186800
2025-01-31,WH-LAG1,PRD-0008,30,405000
2025-01-31,WH-LAG2,PRD-0008,51,688500
2025-01-31,WH-IBD,PRD-0008,35,472500
2025-01-31,WH-ABJ,PRD-0008,27,364500
2025-01-31,WH-PHC,PRD-0008,28,378000
2025-01-31,WH-LAG1,PRD-0009,13,184600
2025-01-31,WH-LAG2,PRD-0009,0,0
2025-01-31,WH-IBD,PRD-0009,18,255600
2025-01-31,WH-ABJ,PRD-0009,19,269800
2025-01-31,WH-PHC,PRD-0009,11,156200
2025-01-31,WH-LAG1,PRD-0010,0,0
2025-01-31,WH-LAG2,PRD-0010,15,198000
2025-01-31,WH-IBD,PRD-0010,20,264000
2025-01-31,WH-ABJ,PRD-0010,26,343200
2025-01-31,WH-PHC,PRD-0010,23,303600
2025-01-31,WH-LAG1,PRD-0011,85,1181500
2025-01-31,WH-LAG2,PRD-0011,92,1278800
2025-01-31,WH-IBD,PRD-0011,35,486500
2025-01-31,WH-ABJ,PRD-0011,48,667200
2025-01-31,WH-PHC,PRD-0011,68,945200
2025-01-31,WH-LAG1,PRD-0012,23,331200
2025-01-31,WH-LAG2,PRD-0012,12,172800
2025-01-31,WH-IBD,PRD-0012,26,374400
2025-01-31,WH-ABJ,PRD-0012,33,475200
2025-01-31,WH-PHC,PRD-0012,42,604800
2025-01-31,WH-LAG1,PRD-0013,36,352800
2025-01-31,WH-LAG2,PRD-0013,9,88200
2025-01-31,WH-IBD,PRD-0013,25,245000
2025-01-31,WH-ABJ,PRD-0013,28,274400
2025-01-31,WH-PHC,PRD-0013,28,274400
2025-01-31,WH-LAG1,PRD-0014,15,168000
2025-01-31,WH-LAG2,PRD-0014,10,112000
2025-01-31,WH-IBD,PRD-0014,17,190400
2025-01-31,WH-ABJ,PRD-0014,5,56000
2025-01-31,WH-PHC,PRD-0014,10,112000
2025-01-31,WH-LAG1,PRD-0015,77,531300
2025-01-31,WH-LAG2,PRD-0015,12,82800
2025-01-31,WH-IBD,PRD-0015,36,248400
2025-01-31,WH-ABJ,PRD-0015,58,400200
2025-01-31,WH-PHC,PRD-0015,68,469200
2025-01-31,WH-LAG1,PRD-0016,86,2967000
2025-01-31,WH-LAG2,PRD-0016,63,2173500
2025-01-31,WH-IBD,PRD-0016,73,2518500
2025-01-31,WH-ABJ,PRD-0016,72,2484000
2025-01-31,WH-PHC,PRD-0016,93,3208500
2025-01-31,WH-LAG1,PRD-0017,80,2544000
2025-01-31,WH-LAG2,PRD-0017,20,636000
2025-01-31,WH-IBD,PRD-0017,0,0
2025-01-31,WH-ABJ,PRD-0017,34,1081200
2025-01-31,WH-PHC,PRD-0017,43,1367400
2025-01-31,WH-LAG1,PRD-0018,205,9881000
2025-01-31,WH-LAG2,PRD-0018,76,3663200
2025-01-31,WH-IBD,PRD-0018,61,2940200
2025-01-31,WH-ABJ,PRD-0018,98,4723600
2025-01-31,WH-PHC,PRD-0018,77,3711400
2025-01-31,WH-LAG1,PRD-0019,76,2006400
2025-01-31,WH-LAG2,PRD-0019,11,290400
2025-01-31,WH-IBD,PRD-0019,67,1768800
2025-01-31,WH-ABJ,PRD-0019,88,2323200
2025-01-31,WH-PHC,PRD-0019,42,1108800
2025-01-31,WH-LAG1,PRD-0020,182,4331600
2025-01-31,WH-LAG2,PRD-0020,124,2951200
2025-01-31,WH-IBD,PRD-0020,50,1190000
2025-01-31,WH-ABJ,PRD-0020,125,2975000
2025-01-31,WH-PHC,PRD-0020,31,737800
2025-01-31,WH-LAG1,PRD-0021,75,1110000
2025-01-31,WH-LAG2,PRD-0021,25,370000
2025-01-31,WH-IBD,PRD-0021,64,947200
2025-01-31,WH-ABJ,PRD-0021,30,444000
2025-01-31,WH-PHC,PRD-0021,24,355200
2025-01-31,WH-LAG1,PRD-0022,16,153600
2025-01-31,WH-LAG2,PRD-0022,11,105600
2025-01-31,WH-IBD,PRD-0022,17,163200
2025-01-31,WH-ABJ,PRD-0022,21,201600
2025-01-31,WH-PHC,PRD-0022,7,67200
2025-01-31,WH-LAG1,PRD-0023,28,375200
2025-01-31,WH-LAG2,PRD-0023,54,723600
2025-01-31,WH-IBD,PRD-0023,32,428800
2025-01-31,WH-ABJ,PRD-0023,86,1152400
2025-01-31,WH-PHC,PRD-0023,80,1072000
2025-01-31,WH-LAG1,PRD-0024,80,624000
2025-01-31,WH-LAG2,PRD-0024,39,304200
2025-01-31,WH-IBD,PRD-0024,12,93600
2025-01-31,WH-ABJ,PRD-0024,54,421200
2025-01-31,WH-PHC,PRD-0024,41,319800
2025-01-31,WH-LAG1,PRD-0025,48,206400
2025-01-31,WH-LAG2,PRD-0025,54,232200
2025-01-31,WH-IBD,PRD-0025,67,288100
2025-01-31,WH-ABJ,PRD-0025,22,94600
2025-01-31,WH-PHC,PRD-0025,78,335400
2025-01-31,WH-LAG1,PRD-0026,136,489600
2025-01-31,WH-LAG2,PRD-0026,27,97200
2025-01-31,WH-IBD,PRD-0026,28,100800
2025-01-31,WH-ABJ,PRD-0026,43,154800
2025-01-31,WH-PHC,PRD-0026,56,201600
2025-01-31,WH-LAG1,PRD-0027,12,45600
2025-01-31,WH-LAG2,PRD-0027,20,76000
2025-01-31,WH-IBD,PRD-0027,18,68400
2025-01-31,WH-ABJ,PRD-0027,7,26600
2025-01-31,WH-PHC,PRD-0027,26,98800
2025-01-31,WH-LAG1,PRD-0028,94,376000
2025-01-31,WH-LAG2,PRD-0028,43,172000
2025-01-31,WH-IBD,PRD-0028,54,216000
2025-01-31,WH-ABJ,PRD-0028,0,0
2025-01-31,WH-PHC,PRD-0028,57,228000
2025-01-31,WH-LAG1,PRD-0029,51,453900
2025-01-31,WH-LAG2,PRD-0029,26,231400
2025-01-31,WH-IBD,PRD-0029,11,97900
2025-01-31,WH-ABJ,PRD-0029,24,213600
2025-01-31,WH-PHC,PRD-0029,13,115700
2025-01-31,WH-LAG1,PRD-0030,19,408500
2025-01-31,WH-LAG2,PRD-0030,10,215000
2025-01-31,WH-IBD,PRD-0030,22,473000
2025-01-31,WH-ABJ,PRD-0030,11,236500
2025-01-31,WH-PHC,PRD-0030,25,537500
2025-01-31,WH-LAG1,PRD-0031,123,3714600
2025-01-31,WH-LAG2,PRD-0031,146,4409200
2025-01-31,WH-IBD,PRD-0031,36,1087200
2025-01-31,WH-ABJ,PRD-0031,95,2869000
2025-01-31,WH-PHC,PRD-0031,87,2627400
2025-01-31,WH-LAG1,PRD-0032,36,604800
2025-01-31,WH-LAG2,PRD-0032,28,470400
2025-01-31,WH-IBD,PRD-0032,10,168000
2025-01-31,WH-ABJ,PRD-0032,5,84000
2025-01-31,WH-PHC,PRD-0032,9,151200
2025-01-31,WH-LAG1,PRD-0033,111,1043400
2025-01-31,WH-LAG2,PRD-0033,67,629800
2025-01-31,WH-IBD,PRD-0033,31,291400
2025-01-31,WH-ABJ,PRD-0033,50,470000
2025-01-31,WH-PHC,PRD-0033,13,122200
2025-01-31,WH-LAG1,PRD-0034,23,296700
2025-01-31,WH-LAG2,PRD-0034,39,503100
2025-01-31,WH-IBD,PRD-0034,9,116100
2025-01-31,WH-ABJ,PRD-0034,29,374100
2025-01-31,WH-PHC,PRD-0034,16,206400
2025-01-31,WH-LAG1,PRD-0035,48,566400
2025-01-31,WH-LAG2,PRD-0035,87,1026600
2025-01-31,WH-IBD,PRD-0035,29,342200
2025-01-31,WH-ABJ,PRD-0035,39,460200
2025-01-31,WH-PHC,PRD-0035,83,979400
2025-01-31,WH-LAG1,PRD-0036,61,951600
2025-01-31,WH-LAG2,PRD-0036,32,499200
2025-01-31,WH-IBD,PRD-0036,47,733200
2025-01-31,WH-ABJ,PRD-0036,18,280800
2025-01-31,WH-PHC,PRD-0036,45,702000
2025-01-31,WH-LAG1,PRD-0037,76,1504800
2025-01-31,WH-LAG2,PRD-0037,59,1168200
2025-01-31,WH-IBD,PRD-0037,118,2336400
2025-01-31,WH-ABJ,PRD-0037,61,1207800
2025-01-31,WH-PHC,PRD-0037,38,752400
2025-01-31,WH-LAG1,PRD-0038,6,71400
2025-01-31,WH-LAG2,PRD-0038,11,130900
2025-01-31,WH-IBD,PRD-0038,29,345100
2025-01-31,WH-ABJ,PRD-0038,8,95200
2025-01-31,WH-PHC,PRD-0038,10,119000
2025-01-31,WH-LAG1,PRD-0039,114,1413600
2025-01-31,WH-LAG2,PRD-0039,108,1339200
2025-01-31,WH-IBD,PRD-0039,136,1686400
2025-01-31,WH-ABJ,PRD-0039,80,992000
2025-01-31,WH-PHC,PRD-0039,195,2418000
2025-01-31,WH-LAG1,PRD-0040,70,784000
2025-01-31,WH-LAG2,PRD-0040,25,280000
2025-01-31,WH-IBD,PRD-0040,39,436800
2025-01-31,WH-ABJ,PRD-0040,74,828800
2025-01-31,WH-PHC,PRD-0040,13,145600
2025-01-31,WH-LAG1,PRD-0041,100,520000
2025-01-31,WH-LAG2,PRD-0041,33,171600
2025-01-31,WH-IBD,PRD-0041,69,358800
2025-01-31,WH-ABJ,PRD-0041,58,301600
2025-01-31,WH-PHC,PRD-0041,0,0
2025-01-31,WH-LAG1,PRD-0042,15,328500
2025-01-31,WH-LAG2,PRD-0042,10,219000
2025-01-31,WH-IBD,PRD-0042,8,175200
2025-01-31,WH-ABJ,PRD-0042,23,503700
2025-01-31,WH-PHC,PRD-0042,11,240900
2025-01-31,WH-LAG1,PRD-0043,60,912000
2025-01-31,WH-LAG2,PRD-0043,36,547200
2025-01-31,WH-IBD,PRD-0043,70,1064000
2025-01-31,WH-ABJ,PRD-0043,18,273600
2025-01-31,WH-PHC,PRD-0043,71,1079200
2025-01-31,WH-LAG1,PRD-0044,12,81600
2025-01-31,WH-LAG2,PRD-0044,10,68000
2025-01-31,WH-IBD,PRD-0044,9,61200
2025-01-31,WH-ABJ,PRD-0044,5,34000
2025-01-31,WH-PHC,PRD-0044,8,54400
2025-01-31,WH-LAG1,PRD-0045,83,514600
2025-01-31,WH-LAG2,PRD-0045,29,179800
2025-01-31,WH-IBD,PRD-0045,64,396800
2025-01-31,WH-ABJ,PRD-0045,114,706800
2025-01-31,WH-PHC,PRD-0045,59,365800
2025-01-31,WH-LAG1,PRD-0046,63,869400
2025-01-31,WH-LAG2,PRD-0046,18,248400
2025-01-31,WH-IBD,PRD-0046,63,869400
2025-01-31,WH-ABJ,PRD-0046,4,55200
2025-01-31,WH-PHC,PRD-0046,59,814200
2025-01-31,WH-LAG1,PRD-0047,144,2332800
2025-01-31,WH-LAG2,PRD-0047,46,745200
2025-01-31,WH-IBD,PRD-0047,43,696600
2025-01-31,WH-ABJ,PRD-0047,64,1036800
2025-01-31,WH-PHC,PRD-0047,70,1134000
2025-01-31,WH-LAG1,PRD-0048,119,1725500
2025-01-31,WH-LAG2,PRD-0048,65,942500
2025-01-31,WH-IBD,PRD-0048,16,232000
2025-01-31,WH-ABJ,PRD-0048,97,1406500
2025-01-31,WH-PHC,PRD-0048,18,261000
2025-01-31,WH-LAG1,PRD-0049,86,1195400
2025-01-31,WH-LAG2,PRD-0049,65,903500
2025-01-31,WH-IBD,PRD-0049,9,125100
2025-01-31,WH-ABJ,PRD-0049,24,333600
2025-01-31,WH-PHC,PRD-0049,33,458700
2025-01-31,WH-LAG1,PRD-0050,95,437000
2025-01-31,WH-LAG2,PRD-0050,65,299000
2025-01-31,WH-IBD,PRD-0050,12,55200
2025-01-31,WH-ABJ,PRD-0050,20,92000
2025-01-31,WH-PHC,PRD-0050,33,151800
2025-01-31,WH-LAG1,PRD-0051,242,8421600
2025-01-31,WH-LAG2,PRD-0051,148,5150400
2025-01-31,WH-IBD,PRD-0051,134,4663200
2025-01-31,WH-ABJ,PRD-0051,118,4106400
2025-01-31,WH-PHC,PRD-0051,129,4489200
2025-01-31,WH-LAG1,PRD-0052,24,813600
2025-01-31,WH-LAG2,PRD-0052,14,474600
2025-01-31,WH-IBD,PRD-0052,10,339000
2025-01-31,WH-ABJ,PRD-0052,15,508500
2025-01-31,WH-PHC,PRD-0052,18,610200
2025-01-31,WH-LAG1,PRD-0053,30,984000
2025-01-31,WH-LAG2,PRD-0053,2,65600
2025-01-31,WH-IBD,PRD-0053,10,328000
2025-01-31,WH-ABJ,PRD-0053,14,459200
2025-01-31,WH-PHC,PRD-0053,8,262400
2025-01-31,WH-LAG1,PRD-0054,47,639200
2025-01-31,WH-LAG2,PRD-0054,5,68000
2025-01-31,WH-IBD,PRD-0054,47,639200
2025-01-31,WH-ABJ,PRD-0054,10,136000
2025-01-31,WH-PHC,PRD-0054,49,666400
2025-01-31,WH-LAG1,PRD-0055,16,220800
2025-01-31,WH-LAG2,PRD-0055,17,234600
2025-01-31,WH-IBD,PRD-0055,11,151800
2025-01-31,WH-ABJ,PRD-0055,64,883200
2025-01-31,WH-PHC,PRD-0055,61,841800
2025-01-31,WH-LAG1,PRD-0056,42,898800
2025-01-31,WH-LAG2,PRD-0056,35,749000
2025-01-31,WH-IBD,PRD-0056,25,535000
2025-01-31,WH-ABJ,PRD-0056,40,856000
2025-01-31,WH-PHC,PRD-0056,47,1005800
2025-01-31,WH-LAG1,PRD-0057,263,4155400
2025-01-31,WH-LAG2,PRD-0057,55,869000
2025-01-31,WH-IBD,PRD-0057,73,1153400
2025-01-31,WH-ABJ,PRD-0057,83,1311400
2025-01-31,WH-PHC,PRD-0057,188,2970400
2025-01-31,WH-LAG1,PRD-0058,127,1892300
2025-01-31,WH-LAG2,PRD-0058,61,908900
2025-01-31,WH-IBD,PRD-0058,67,998300
2025-01-31,WH-ABJ,PRD-0058,60,894000
2025-01-31,WH-PHC,PRD-0058,25,372500
2025-01-31,WH-LAG1,PRD-0059,102,4335000
2025-01-31,WH-LAG2,PRD-0059,52,2210000
2025-01-31,WH-IBD,PRD-0059,37,1572500
2025-01-31,WH-ABJ,PRD-0059,47,1997500
2025-01-31,WH-PHC,PRD-0059,36,1530000
2025-01-31,WH-LAG1,PRD-0060,88,4206400
2025-01-31,WH-LAG2,PRD-0060,51,2437800
2025-01-31,WH-IBD,PRD-0060,108,5162400
2025-01-31,WH-ABJ,PRD-0060,69,3298200
2025-01-31,WH-PHC,PRD-0060,140,6692000
2025-01-31,WH-LAG1,PRD-0061,118,1510400
2025-01-31,WH-LAG2,PRD-0061,18,230400
2025-01-31,WH-IBD,PRD-0061,0,0
2025-01-31,WH-ABJ,PRD-0061,110,1408000
2025-01-31,WH-PHC,PRD-0061,80,1024000
2025-01-31,WH-LAG1,PRD-0062,41,557600
2025-01-31,WH-LAG2,PRD-0062,136,1849600
2025-01-31,WH-IBD,PRD-0062,80,1088000
2025-01-31,WH-ABJ,PRD-0062,154,2094400
2025-01-31,WH-PHC,PRD-0062,105,1428000
2025-01-31,WH-LAG1,PRD-0063,94,1118600
2025-01-31,WH-LAG2,PRD-0063,43,511700
2025-01-31,WH-IBD,PRD-0063,35,416500
2025-01-31,WH-ABJ,PRD-0063,74,880600
2025-01-31,WH-PHC,PRD-0063,53,630700
2025-01-31,WH-LAG1,PRD-0064,216,6652800
2025-01-31,WH-LAG2,PRD-0064,0,0
2025-01-31,WH-IBD,PRD-0064,58,1786400
2025-01-31,WH-ABJ,PRD-0064,174,5359200
2025-01-31,WH-PHC,PRD-0064,94,2895200
2025-01-31,WH-LAG1,PRD-0065,207,5464800
2025-01-31,WH-LAG2,PRD-0065,83,2191200
2025-01-31,WH-IBD,PRD-0065,44,1161600
2025-01-31,WH-ABJ,PRD-0065,97,2560800
2025-01-31,WH-PHC,PRD-0065,107,2824800
2025-01-31,WH-LAG1,PRD-0066,11,486200
2025-01-31,WH-LAG2,PRD-0066,3,132600
2025-01-31,WH-IBD,PRD-0066,10,442000
2025-01-31,WH-ABJ,PRD-0066,10,442000
2025-01-31,WH-PHC,PRD-0066,9,397800
2025-01-31,WH-LAG1,PRD-0067,0,0
2025-01-31,WH-LAG2,PRD-0067,90,936000
2025-01-31,WH-IBD,PRD-0067,41,426400
2025-01-31,WH-ABJ,PRD-0067,14,145600
2025-01-31,WH-PHC,PRD-0067,56,582400
2025-01-31,WH-LAG1,PRD-0068,268,3537600
2025-01-31,WH-LAG2,PRD-0068,140,1848000
2025-01-31,WH-IBD,PRD-0068,133,1755600
2025-01-31,WH-ABJ,PRD-0068,96,1267200
2025-01-31,WH-PHC,PRD-0068,131,1729200
2025-01-31,WH-LAG1,PRD-0069,19,262200
2025-01-31,WH-LAG2,PRD-0069,13,179400
2025-01-31,WH-IBD,PRD-0069,8,110400
2025-01-31,WH-ABJ,PRD-0069,29,400200
2025-01-31,WH-PHC,PRD-0069,10,138000
2025-01-31,WH-LAG1,PRD-0070,95,1463000
2025-01-31,WH-LAG2,PRD-0070,34,523600
2025-01-31,WH-IBD,PRD-0070,32,492800
2025-01-31,WH-ABJ,PRD-0070,34,523600
2025-01-31,WH-PHC,PRD-0070,3,46200
2025-01-31,WH-LAG1,PRD-0071,22,325600
2025-01-31,WH-LAG2,PRD-0071,4,59200
2025-01-31,WH-IBD,PRD-0071,21,310800
2025-01-31,WH-ABJ,PRD-0071,20,296000
2025-01-31,WH-PHC,PRD-0071,0,0
2025-01-31,WH-LAG1,PRD-0072,90,2934000
2025-01-31,WH-LAG2,PRD-0072,29,945400
2025-01-31,WH-IBD,PRD-0072,41,1336600
2025-01-31,WH-ABJ,PRD-0072,52,1695200
2025-01-31,WH-PHC,PRD-0072,44,1434400
2025-01-31,WH-LAG1,PRD-0073,18,536400
2025-01-31,WH-LAG2,PRD-0073,11,327800
2025-01-31,WH-IBD,PRD-0073,22,655600
2025-01-31,WH-ABJ,PRD-0073,16,476800
2025-01-31,WH-PHC,PRD-0073,22,655600
2025-01-31,WH-LAG1,PRD-0074,67,1969800
2025-01-31,WH-LAG2,PRD-0074,63,1852200
2025-01-31,WH-IBD,PRD-0074,82,2410800
2025-01-31,WH-ABJ,PRD-0074,40,1176000
2025-01-31,WH-PHC,PRD-0074,19,558600
2025-01-31,WH-LAG1,PRD-0075,65,1742000
2025-01-31,WH-LAG2,PRD-0075,28,750400
2025-01-31,WH-IBD,PRD-0075,21,562800
2025-01-31,WH-ABJ,PRD-0075,19,509200
2025-01-31,WH-PHC,PRD-0075,6,160800
2025-01-31,WH-LAG1,PRD-0076,49,1146600
2025-01-31,WH-LAG2,PRD-0076,64,1497600
2025-01-31,WH-IBD,PRD-0076,56,1310400
2025-01-31,WH-ABJ,PRD-0076,18,421200
2025-01-31,WH-PHC,PRD-0076,32,748800
2025-01-31,WH-LAG1,PRD-0077,170,4352000
2025-01-31,WH-LAG2,PRD-0077,166,4249600
2025-01-31,WH-IBD,PRD-0077,84,2150400
2025-01-31,WH-ABJ,PRD-0077,266,6809600
2025-01-31,WH-PHC,PRD-0077,284,7270400
2025-01-31,WH-LAG1,PRD-0078,150,4170000
2025-01-31,WH-LAG2,PRD-0078,72,2001600
2025-01-31,WH-IBD,PRD-0078,85,2363000
2025-01-31,WH-ABJ,PRD-0078,58,1612400
2025-01-31,WH-PHC,PRD-0078,58,1612400
2025-01-31,WH-LAG1,PRD-0079,127,4889500
2025-01-31,WH-LAG2,PRD-0079,74,2849000
2025-01-31,WH-IBD,PRD-0079,39,1501500
2025-01-31,WH-ABJ,PRD-0079,83,3195500
2025-01-31,WH-PHC,PRD-0079,58,2233000
2025-01-31,WH-LAG1,PRD-0080,0,0
2025-01-31,WH-LAG2,PRD-0080,86,1685600
2025-01-31,WH-IBD,PRD-0080,48,940800
2025-01-31,WH-ABJ,PRD-0080,32,627200
2025-01-31,WH-PHC,PRD-0080,59,1156400
2025-01-31,WH-LAG1,PRD-0081,56,1814400
2025-01-31,WH-LAG2,PRD-0081,40,1296000
2025-01-31,WH-IBD,PRD-0081,30,972000
2025-01-31,WH-ABJ,PRD-0081,47,1522800
2025-01-31,WH-PHC,PRD-0081,54,1749600
2025-01-31,WH-LAG1,PRD-0082,259,6682200
2025-01-31,WH-LAG2,PRD-0082,108,2786400
2025-01-31,WH-IBD,PRD-0082,63,1625400
2025-01-31,WH-ABJ,PRD-0082,111,2863800
2025-01-31,WH-PHC,PRD-0082,74,1909200
2025-01-31,WH-LAG1,PRD-0083,154,2833600
2025-01-31,WH-LAG2,PRD-0083,199,3661600
2025-01-31,WH-IBD,PRD-0083,157,2888800
2025-01-31,WH-ABJ,PRD-0083,71,1306400
2025-01-31,WH-PHC,PRD-0083,139,2557600
2025-01-31,WH-LAG1,PRD-0084,150,3240000
2025-01-31,WH-LAG2,PRD-0084,63,1360800
2025-01-31,WH-IBD,PRD-0084,44,950400
2025-01-31,WH-ABJ,PRD-0084,129,2786400
2025-01-31,WH-PHC,PRD-0084,49,1058400
2025-01-31,WH-LAG1,PRD-0085,190,4978000
2025-01-31,WH-LAG2,PRD-0085,81,2122200
2025-01-31,WH-IBD,PRD-0085,24,628800
2025-01-31,WH-ABJ,PRD-0085,97,2541400
2025-01-31,WH-PHC,PRD-0085,66,1729200
2025-01-31,WH-LAG1,PRD-0086,23,547400
2025-01-31,WH-LAG2,PRD-0086,0,0
2025-01-31,WH-IBD,PRD-0086,85,2023000
2025-01-31,WH-ABJ,PRD-0086,223,5307400
2025-01-31,WH-PHC,PRD-0086,146,3474800
2025-01-31,WH-LAG1,PRD-0087,26,488800
2025-01-31,WH-LAG2,PRD-0087,7,131600
2025-01-31,WH-IBD,PRD-0087,23,432400
2025-01-31,WH-ABJ,PRD-0087,5,94000
2025-01-31,WH-PHC,PRD-0087,8,150400
2025-01-31,WH-LAG1,PRD-0088,55,682000
2025-01-31,WH-LAG2,PRD-0088,13,161200
2025-01-31,WH-IBD,PRD-0088,53,657200
2025-01-31,WH-ABJ,PRD-0088,63,781200
2025-01-31,WH-PHC,PRD-0088,49,607600
2025-01-31,WH-LAG1,PRD-0089,44,492800
2025-01-31,WH-LAG2,PRD-0089,25,280000
2025-01-31,WH-IBD,PRD-0089,49,548800
2025-01-31,WH-ABJ,PRD-0089,41,459200
2025-01-31,WH-PHC,PRD-0089,27,302400
2025-01-31,WH-LAG1,PRD-0090,2252,64407200
2025-01-31,WH-LAG2,PRD-0090,399,11411400
2025-01-31,WH-IBD,PRD-0090,573,16387800
2025-01-31,WH-ABJ,PRD-0090,611,17474600
2025-01-31,WH-PHC,PRD-0090,232,6635200
2025-01-31,WH-LAG1,PRD-0091,94,2030400
2025-01-31,WH-LAG2,PRD-0091,129,2786400
2025-01-31,WH-IBD,PRD-0091,45,972000
2025-01-31,WH-ABJ,PRD-0091,75,1620000
2025-01-31,WH-PHC,PRD-0091,33,712800
2025-01-31,WH-LAG1,PRD-0092,84,2083200
2025-01-31,WH-LAG2,PRD-0092,30,744000
2025-01-31,WH-IBD,PRD-0092,38,942400
2025-01-31,WH-ABJ,PRD-0092,41,1016800
2025-01-31,WH-PHC,PRD-0092,21,520800
2025-01-31,WH-LAG1,PRD-0093,48,931200
2025-01-31,WH-LAG2,PRD-0093,74,1435600
2025-01-31,WH-IBD,PRD-0093,88,1707200
2025-01-31,WH-ABJ,PRD-0093,128,2483200
2025-01-31,WH-PHC,PRD-0093,48,931200
2025-01-31,WH-LAG1,PRD-0094,45,846000
2025-01-31,WH-LAG2,PRD-0094,10,188000
2025-01-31,WH-IBD,PRD-0094,23,432400
2025-01-31,WH-ABJ,PRD-0094,9,169200
2025-01-31,WH-PHC,PRD-0094,9,169200
2025-01-31,WH-LAG1,PRD-0095,37,625300
2025-01-31,WH-LAG2,PRD-0095,23,388700
2025-01-31,WH-IBD,PRD-0095,24,405600
2025-01-31,WH-ABJ,PRD-0095,23,388700
2025-01-31,WH-PHC,PRD-0095,22,371800
2025-01-31,WH-LAG1,PRD-0096,20,364000
2025-01-31,WH-LAG2,PRD-0096,20,364000
2025-01-31,WH-IBD,PRD-0096,2,36400
2025-01-31,WH-ABJ,PRD-0096,28,509600
2025-01-31,WH-PHC,PRD-0096,18,327600
2025-01-31,WH-LAG1,PRD-0097,23,409400
2025-01-31,WH-LAG2,PRD-0097,20,356000
2025-01-31,WH-IBD,PRD-0097,26,462800
2025-01-31,WH-ABJ,PRD-0097,36,640800
2025-01-31,WH-PHC,PRD-0097,34,605200
2025-01-31,WH-LAG1,PRD-0098,434,5815600
2025-01-31,WH-LAG2,PRD-0098,173,2318200
2025-01-31,WH-IBD,PRD-0098,98,1313200
2025-01-31,WH-ABJ,PRD-0098,184,2465600
2025-01-31,WH-PHC,PRD-0098,223,2988200
2025-01-31,WH-LAG1,PRD-0099,52,655200
2025-01-31,WH-LAG2,PRD-0099,16,201600
2025-01-31,WH-IBD,PRD-0099,11,138600
2025-01-31,WH-ABJ,PRD-0099,28,352800
2025-01-31,WH-PHC,PRD-0099,33,415800
2025-01-31,WH-LAG1,PRD-0100,737,12381600
2025-01-31,WH-LAG2,PRD-0100,193,3242400
2025-01-31,WH-IBD,PRD-0100,241,4048800
2025-01-31,WH-ABJ,PRD-0100,168,2822400
2025-01-31,WH-PHC,PRD-0100,94,1579200
2025-01-31,WH-LAG1,PRD-0101,54,993600
2025-01-31,WH-LAG2,PRD-0101,33,607200
2025-01-31,WH-IBD,PRD-0101,21,386400
2025-01-31,WH-ABJ,PRD-0101,18,331200
2025-01-31,WH-PHC,PRD-0101,21,386400
2025-01-31,WH-LAG1,PRD-0102,138,1959600
2025-01-31,WH-LAG2,PRD-0102,33,468600
2025-01-31,WH-IBD,PRD-0102,27,383400
2025-01-31,WH-ABJ,PRD-0102,45,639000
2025-01-31,WH-PHC,PRD-0102,30,426000
2025-01-31,WH-LAG1,PRD-0103,165,4917000
2025-01-31,WH-LAG2,PRD-0103,52,1549600
2025-01-31,WH-IBD,PRD-0103,19,566200
2025-01-31,WH-ABJ,PRD-0103,52,1549600
2025-01-31,WH-PHC,PRD-0103,89,2652200
2025-01-31,WH-LAG1,PRD-0104,52,717600
2025-01-31,WH-LAG2,PRD-0104,26,358800
2025-01-31,WH-IBD,PRD-0104,32,441600
2025-01-31,WH-ABJ,PRD-0104,5,69000
2025-01-31,WH-PHC,PRD-0104,34,469200
2025-01-31,WH-LAG1,PRD-0105,40,1384000
2025-01-31,WH-LAG2,PRD-0105,23,795800
2025-01-31,WH-IBD,PRD-0105,25,865000
2025-01-31,WH-ABJ,PRD-0105,11,380600
2025-01-31,WH-PHC,PRD-0105,37,1280200
2025-01-31,WH-LAG1,PRD-0106,52,1705600
2025-01-31,WH-LAG2,PRD-0106,10,328000
2025-01-31,WH-IBD,PRD-0106,27,885600
2025-01-31,WH-ABJ,PRD-0106,23,754400
2025-01-31,WH-PHC,PRD-0106,26,852800
2025-01-31,WH-LAG1,PRD-0107,14,467600
2025-01-31,WH-LAG2,PRD-0107,13,434200
2025-01-31,WH-IBD,PRD-0107,0,0
2025-01-31,WH-ABJ,PRD-0107,38,1269200
2025-01-31,WH-PHC,PRD-0107,23,768200
2025-01-31,WH-LAG1,PRD-0108,234,6271200
2025-01-31,WH-LAG2,PRD-0108,194,5199200
2025-01-31,WH-IBD,PRD-0108,156,4180800
2025-01-31,WH-ABJ,PRD-0108,123,3296400
2025-01-31,WH-PHC,PRD-0108,161,4314800
2025-01-31,WH-LAG1,PRD-0109,128,3379200
2025-01-31,WH-LAG2,PRD-0109,39,1029600
2025-01-31,WH-IBD,PRD-0109,122,3220800
2025-01-31,WH-ABJ,PRD-0109,37,976800
2025-01-31,WH-PHC,PRD-0109,71,1874400
2025-01-31,WH-LAG1,PRD-0110,36,892800
2025-01-31,WH-LAG2,PRD-0110,36,892800
2025-01-31,WH-IBD,PRD-0110,18,446400
2025-01-31,WH-ABJ,PRD-0110,31,768800
2025-01-31,WH-PHC,PRD-0110,9,223200
2025-01-31,WH-LAG1,PRD-0111,173,1695400
2025-01-31,WH-LAG2,PRD-0111,105,1029000
2025-01-31,WH-IBD,PRD-0111,86,842800
2025-01-31,WH-ABJ,PRD-0111,52,509600
2025-01-31,WH-PHC,PRD-0111,85,833000
2025-01-31,WH-LAG1,PRD-0112,25,295000
2025-01-31,WH-LAG2,PRD-0112,17,200600
2025-01-31,WH-IBD,PRD-0112,10,118000
2025-01-31,WH-ABJ,PRD-0112,24,283200
2025-01-31,WH-PHC,PRD-0112,21,247800
2025-01-31,WH-LAG1,PRD-0113,54,464400
2025-01-31,WH-LAG2,PRD-0113,80,688000
2025-01-31,WH-IBD,PRD-0113,76,653600
2025-01-31,WH-ABJ,PRD-0113,34,292400
2025-01-31,WH-PHC,PRD-0113,26,223600
2025-01-31,WH-LAG1,PRD-0114,25,305000
2025-01-31,WH-LAG2,PRD-0114,10,122000
2025-01-31,WH-IBD,PRD-0114,20,244000
2025-01-31,WH-ABJ,PRD-0114,21,256200
2025-01-31,WH-PHC,PRD-0114,6,73200
2025-01-31,WH-LAG1,PRD-0115,17,278800
2025-01-31,WH-LAG2,PRD-0115,32,524800
2025-01-31,WH-IBD,PRD-0115,0,0
2025-01-31,WH-ABJ,PRD-0115,52,852800
2025-01-31,WH-PHC,PRD-0115,40,656000
2025-01-31,WH-LAG1,PRD-0116,101,1393800
2025-01-31,WH-LAG2,PRD-0116,23,317400
2025-01-31,WH-IBD,PRD-0116,0,0
2025-01-31,WH-ABJ,PRD-0116,21,289800
2025-01-31,WH-PHC,PRD-0116,0,0
2025-01-31,WH-LAG1,PRD-0117,26,395200
2025-01-31,WH-LAG2,PRD-0117,42,638400
2025-01-31,WH-IBD,PRD-0117,64,972800
2025-01-31,WH-ABJ,PRD-0117,75,1140000
2025-01-31,WH-PHC,PRD-0117,55,836000
2025-01-31,WH-LAG1,PRD-0118,220,3872000
2025-01-31,WH-LAG2,PRD-0118,88,1548800
2025-01-31,WH-IBD,PRD-0118,115,2024000
2025-01-31,WH-ABJ,PRD-0118,260,4576000
2025-01-31,WH-PHC,PRD-0118,91,1601600
2025-01-31,WH-LAG1,PRD-0119,26,488800
2025-01-31,WH-LAG2,PRD-0119,25,470000
2025-01-31,WH-IBD,PRD-0119,14,263200
2025-01-31,WH-ABJ,PRD-0119,18,338400
2025-01-31,WH-PHC,PRD-0119,10,188000
2025-01-31,WH-LAG1,PRD-0120,168,2083200
2025-01-31,WH-LAG2,PRD-0120,47,582800
2025-01-31,WH-IBD,PRD-0120,78,967200
2025-01-31,WH-ABJ,PRD-0120,64,793600
2025-01-31,WH-PHC,PRD-0120,43,533200
2025-01-31,WH-LAG1,PRD-0121,385,8316000
2025-01-31,WH-LAG2,PRD-0121,60,1296000
2025-01-31,WH-IBD,PRD-0121,88,1900800
2025-01-31,WH-ABJ,PRD-0121,147,3175200
2025-01-31,WH-PHC,PRD-0121,128,2764800
2025-01-31,WH-LAG1,PRD-0122,85,1258000
2025-01-31,WH-LAG2,PRD-0122,122,1805600
2025-01-31,WH-IBD,PRD-0122,44,651200
2025-01-31,WH-ABJ,PRD-0122,69,1021200
2025-01-31,WH-PHC,PRD-0122,142,2101600
2025-01-31,WH-LAG1,PRD-0123,68,788800
2025-01-31,WH-LAG2,PRD-0123,85,986000
2025-01-31,WH-IBD,PRD-0123,19,220400
2025-01-31,WH-ABJ,PRD-0123,62,719200
2025-01-31,WH-PHC,PRD-0123,59,684400
2025-01-31,WH-LAG1,PRD-0124,22,149600
2025-01-31,WH-LAG2,PRD-0124,47,319600
2025-01-31,WH-IBD,PRD-0124,64,435200
2025-01-31,WH-ABJ,PRD-0124,21,142800
2025-01-31,WH-PHC,PRD-0124,67,455600
2025-01-31,WH-LAG1,PRD-0125,101,1292800
2025-01-31,WH-LAG2,PRD-0125,249,3187200
2025-01-31,WH-IBD,PRD-0125,125,1600000
2025-01-31,WH-ABJ,PRD-0125,152,1945600
2025-01-31,WH-PHC,PRD-0125,244,3123200
2025-01-31,WH-LAG1,PRD-0126,35,826000
2025-01-31,WH-LAG2,PRD-0126,19,448400
2025-01-31,WH-IBD,PRD-0126,16,377600
2025-01-31,WH-ABJ,PRD-0126,42,991200
2025-01-31,WH-PHC,PRD-0126,29,684400
2025-01-31,WH-LAG1,PRD-0127,26,343200
2025-01-31,WH-LAG2,PRD-0127,0,0
2025-01-31,WH-IBD,PRD-0127,26,343200
2025-01-31,WH-ABJ,PRD-0127,10,132000
2025-01-31,WH-PHC,PRD-0127,29,382800
2025-01-31,WH-LAG1,PRD-0128,143,2402400
2025-01-31,WH-LAG2,PRD-0128,34,571200
2025-01-31,WH-IBD,PRD-0128,45,756000
2025-01-31,WH-ABJ,PRD-0128,26,436800
2025-01-31,WH-PHC,PRD-0128,72,1209600
2025-01-31,WH-LAG1,PRD-0129,25,385000
2025-01-31,WH-LAG2,PRD-0129,17,261800
2025-01-31,WH-IBD,PRD-0129,9,138600
2025-01-31,WH-ABJ,PRD-0129,17,261800
2025-01-31,WH-PHC,PRD-0129,4,61600
2025-01-31,WH-LAG1,PRD-0130,80,864000
2025-01-31,WH-LAG2,PRD-0130,40,432000
2025-01-31,WH-IBD,PRD-0130,24,259200
2025-01-31,WH-ABJ,PRD-0130,32,345600
2025-01-31,WH-PHC,PRD-0130,37,399600
2025-01-31,WH-LAG1,PRD-0131,133,3404800
2025-01-31,WH-LAG2,PRD-0131,35,896000
2025-01-31,WH-IBD,PRD-0131,102,2611200
2025-01-31,WH-ABJ,PRD-0131,47,1203200
2025-01-31,WH-PHC,PRD-0131,25,640000
2025-01-31,WH-LAG1,PRD-0132,51,1601400
2025-01-31,WH-LAG2,PRD-0132,10,314000
2025-01-31,WH-IBD,PRD-0132,50,1570000
2025-01-31,WH-ABJ,PRD-0132,20,628000
2025-01-31,WH-PHC,PRD-0132,57,1789800
2025-01-31,WH-LAG1,PRD-0133,31,737800
2025-01-31,WH-LAG2,PRD-0133,18,428400
2025-01-31,WH-IBD,PRD-0133,33,785400
2025-01-31,WH-ABJ,PRD-0133,49,1166200
2025-01-31,WH-PHC,PRD-0133,8,190400
2025-01-31,WH-LAG1,PRD-0134,19,566200
2025-01-31,WH-LAG2,PRD-0134,20,596000
2025-01-31,WH-IBD,PRD-0134,31,923800
2025-01-31,WH-ABJ,PRD-0134,19,566200
2025-01-31,WH-PHC,PRD-0134,21,625800
2025-01-31,WH-LAG1,PRD-0135,250,6600000
2025-01-31,WH-LAG2,PRD-0135,6,158400
2025-01-31,WH-IBD,PRD-0135,81,2138400
2025-01-31,WH-ABJ,PRD-0135,90,2376000
2025-01-31,WH-PHC,PRD-0135,99,2613600
2025-01-31,WH-LAG1,PRD-0136,48,2044800
2025-01-31,WH-LAG2,PRD-0136,37,1576200
2025-01-31,WH-IBD,PRD-0136,37,1576200
2025-01-31,WH-ABJ,PRD-0136,25,1065000
2025-01-31,WH-PHC,PRD-0136,39,1661400
2025-01-31,WH-LAG1,PRD-0137,96,2323200
2025-01-31,WH-LAG2,PRD-0137,46,1113200
2025-01-31,WH-IBD,PRD-0137,77,1863400
2025-01-31,WH-ABJ,PRD-0137,52,1258400
2025-01-31,WH-PHC,PRD-0137,47,1137400
2025-01-31,WH-LAG1,PRD-0138,198,4316400
2025-01-31,WH-LAG2,PRD-0138,97,2114600
2025-01-31,WH-IBD,PRD-0138,46,1002800
2025-01-31,WH-ABJ,PRD-0138,91,1983800
2025-01-31,WH-PHC,PRD-0138,78,1700400
2025-01-31,WH-LAG1,PRD-0139,44,1267200
2025-01-31,WH-LAG2,PRD-0139,13,374400
2025-01-31,WH-IBD,PRD-0139,28,806400
2025-01-31,WH-ABJ,PRD-0139,36,1036800
2025-01-31,WH-PHC,PRD-0139,41,1180800
2025-01-31,WH-LAG1,PRD-0140,47,1099800
2025-01-31,WH-LAG2,PRD-0140,38,889200
2025-01-31,WH-IBD,PRD-0140,56,1310400
2025-01-31,WH-ABJ,PRD-0140,58,1357200
2025-01-31,WH-PHC,PRD-0140,54,1263600
2025-01-31,WH-LAG1,PRD-0141,55,1694000
2025-01-31,WH-LAG2,PRD-0141,25,770000
2025-01-31,WH-IBD,PRD-0141,50,1540000
2025-01-31,WH-ABJ,PRD-0141,61,1878800
2025-01-31,WH-PHC,PRD-0141,60,1848000
2025-01-31,WH-LAG1,PRD-0142,273,12230400
2025-01-31,WH-LAG2,PRD-0142,69,3091200
2025-01-31,WH-IBD,PRD-0142,48,2150400
2025-01-31,WH-ABJ,PRD-0142,134,6003200
2025-01-31,WH-PHC,PRD-0142,153,6854400
2025-01-31,WH-LAG1,PRD-0143,102,4202400
2025-01-31,WH-LAG2,PRD-0143,34,1400800
2025-01-31,WH-IBD,PRD-0143,4,164800
2025-01-31,WH-ABJ,PRD-0143,24,988800
2025-01-31,WH-PHC,PRD-0143,55,2266000
2025-01-31,WH-LAG1,PRD-0144,79,2117200
2025-01-31,WH-LAG2,PRD-0144,42,1125600
2025-01-31,WH-IBD,PRD-0144,33,884400
2025-01-31,WH-ABJ,PRD-0144,44,1179200
2025-01-31,WH-PHC,PRD-0144,15,402000
2025-01-31,WH-LAG1,PRD-0145,55,1397000
2025-01-31,WH-LAG2,PRD-0145,86,2184400
2025-01-31,WH-IBD,PRD-0145,73,1854200
2025-01-31,WH-ABJ,PRD-0145,126,3200400
2025-01-31,WH-PHC,PRD-0145,69,1752600
2025-01-31,WH-LAG1,PRD-0146,27,750600
2025-01-31,WH-LAG2,PRD-0146,15,417000
2025-01-31,WH-IBD,PRD-0146,25,695000
2025-01-31,WH-ABJ,PRD-0146,61,1695800
2025-01-31,WH-PHC,PRD-0146,42,1167600
2025-01-31,WH-LAG1,PRD-0147,113,3118800
2025-01-31,WH-LAG2,PRD-0147,28,772800
2025-01-31,WH-IBD,PRD-0147,12,331200
2025-01-31,WH-ABJ,PRD-0147,36,993600
2025-01-31,WH-PHC,PRD-0147,40,1104000
2025-01-31,WH-LAG1,PRD-0148,64,1523200
2025-01-31,WH-LAG2,PRD-0148,28,666400
2025-01-31,WH-IBD,PRD-0148,39,928200
2025-01-31,WH-ABJ,PRD-0148,0,0
2025-01-31,WH-PHC,PRD-0148,40,952000
2025-01-31,WH-LAG1,PRD-0149,54,2149200
2025-01-31,WH-LAG2,PRD-0149,27,1074600
2025-01-31,WH-IBD,PRD-0149,28,1114400
2025-01-31,WH-ABJ,PRD-0149,15,597000
2025-01-31,WH-PHC,PRD-0149,18,716400
2025-01-31,WH-LAG1,PRD-0150,146,5606400
2025-01-31,WH-LAG2,PRD-0150,42,1612800
2025-01-31,WH-IBD,PRD-0150,49,1881600
2025-01-31,WH-ABJ,PRD-0150,66,2534400
2025-01-31,WH-PHC,PRD-0150,55,2112000
2025-01-31,WH-LAG1,PRD-0151,425,14705000
2025-01-31,WH-LAG2,PRD-0151,733,25361800
2025-01-31,WH-IBD,PRD-0151,406,14047600
2025-01-31,WH-ABJ,PRD-0151,802,27749200
2025-01-31,WH-PHC,PRD-0151,606,20967600
2025-01-31,WH-LAG1,PRD-0152,52,1123200
2025-01-31,WH-LAG2,PRD-0152,40,864000
2025-01-31,WH-IBD,PRD-0152,34,734400
2025-01-31,WH-ABJ,PRD-0152,57,1231200
2025-01-31,WH-PHC,PRD-0152,51,1101600
2025-01-31,WH-LAG1,PRD-0153,298,5602400
2025-01-31,WH-LAG2,PRD-0153,138,2594400
2025-01-31,WH-IBD,PRD-0153,82,1541600
2025-01-31,WH-ABJ,PRD-0153,181,3402800
2025-01-31,WH-PHC,PRD-0153,72,1353600
2025-01-31,WH-LAG1,PRD-0154,95,3192000
2025-01-31,WH-LAG2,PRD-0154,8,268800
2025-01-31,WH-IBD,PRD-0154,22,739200
2025-01-31,WH-ABJ,PRD-0154,28,940800
2025-01-31,WH-PHC,PRD-0154,33,1108800
2025-01-31,WH-LAG1,PRD-0155,62,3273600
2025-01-31,WH-LAG2,PRD-0155,26,1372800
2025-01-31,WH-IBD,PRD-0155,12,633600
2025-01-31,WH-ABJ,PRD-0155,62,3273600
2025-01-31,WH-PHC,PRD-0155,16,844800
2025-01-31,WH-LAG1,PRD-0156,360,16056000
2025-01-31,WH-LAG2,PRD-0156,124,5530400
2025-01-31,WH-IBD,PRD-0156,102,4549200
2025-01-31,WH-ABJ,PRD-0156,203,9053800
2025-01-31,WH-PHC,PRD-0156,67,2988200
2025-01-31,WH-LAG1,PRD-0157,75,1410000
2025-01-31,WH-LAG2,PRD-0157,32,601600
2025-01-31,WH-IBD,PRD-0157,60,1128000
2025-01-31,WH-ABJ,PRD-0157,132,2481600
2025-01-31,WH-PHC,PRD-0157,47,883600
2025-01-31,WH-LAG1,PRD-0158,28,739200
2025-01-31,WH-LAG2,PRD-0158,34,897600
2025-01-31,WH-IBD,PRD-0158,31,818400
2025-01-31,WH-ABJ,PRD-0158,28,739200
2025-01-31,WH-PHC,PRD-0158,11,290400
2025-01-31,WH-LAG1,PRD-0159,40,792000
2025-01-31,WH-LAG2,PRD-0159,44,871200
2025-01-31,WH-IBD,PRD-0159,55,1089000
2025-01-31,WH-ABJ,PRD-0159,59,1168200
2025-01-31,WH-PHC,PRD-0159,5,99000
2025-01-31,WH-LAG1,PRD-0160,416,10649600
2025-01-31,WH-LAG2,PRD-0160,170,4352000
2025-01-31,WH-IBD,PRD-0160,76,1945600
2025-01-31,WH-ABJ,PRD-0160,182,4659200
2025-01-31,WH-PHC,PRD-0160,178,4556800
2025-01-31,WH-LAG1,PRD-0161,183,4977600
2025-01-31,WH-LAG2,PRD-0161,135,3672000
2025-01-31,WH-IBD,PRD-0161,198,5385600
2025-01-31,WH-ABJ,PRD-0161,178,4841600
2025-01-31,WH-PHC,PRD-0161,241,6555200
2025-01-31,WH-LAG1,PRD-0162,99,2356200
2025-01-31,WH-LAG2,PRD-0162,38,904400
2025-01-31,WH-IBD,PRD-0162,10,238000
2025-01-31,WH-ABJ,PRD-0162,61,1451800
2025-01-31,WH-PHC,PRD-0162,15,357000
2025-01-31,WH-LAG1,PRD-0163,108,2332800
2025-01-31,WH-LAG2,PRD-0163,40,864000
2025-01-31,WH-IBD,PRD-0163,44,950400
2025-01-31,WH-ABJ,PRD-0163,60,1296000
2025-01-31,WH-PHC,PRD-0163,27,583200
2025-01-31,WH-LAG1,PRD-0164,121,2032800
2025-01-31,WH-LAG2,PRD-0164,29,487200
2025-01-31,WH-IBD,PRD-0164,44,739200
2025-01-31,WH-ABJ,PRD-0164,63,1058400
2025-01-31,WH-PHC,PRD-0164,40,672000
2025-01-31,WH-LAG1,PRD-0165,94,1823600
2025-01-31,WH-LAG2,PRD-0165,156,3026400
2025-01-31,WH-IBD,PRD-0165,117,2269800
2025-01-31,WH-ABJ,PRD-0165,111,2153400
2025-01-31,WH-PHC,PRD-0165,33,640200
2025-01-31,WH-LAG1,PRD-0166,284,6191200
2025-01-31,WH-LAG2,PRD-0166,40,872000
2025-01-31,WH-IBD,PRD-0166,172,3749600
2025-01-31,WH-ABJ,PRD-0166,177,3858600
2025-01-31,WH-PHC,PRD-0166,93,2027400
2025-01-31,WH-LAG1,PRD-0167,63,680400
2025-01-31,WH-LAG2,PRD-0167,66,712800
2025-01-31,WH-IBD,PRD-0167,20,216000
2025-01-31,WH-ABJ,PRD-0167,61,658800
2025-01-31,WH-PHC,PRD-0167,0,0
2025-01-31,WH-LAG1,PRD-0168,22,343200
2025-01-31,WH-LAG2,PRD-0168,8,124800
2025-01-31,WH-IBD,PRD-0168,25,390000
2025-01-31,WH-ABJ,PRD-0168,26,405600
2025-01-31,WH-PHC,PRD-0168,35,546000
2025-01-31,WH-LAG1,PRD-0169,60,804000
2025-01-31,WH-LAG2,PRD-0169,21,281400
2025-01-31,WH-IBD,PRD-0169,73,978200
2025-01-31,WH-ABJ,PRD-0169,28,375200
2025-01-31,WH-PHC,PRD-0169,63,844200
2025-01-31,WH-LAG1,PRD-0170,84,1192800
2025-01-31,WH-LAG2,PRD-0170,78,1107600
2025-01-31,WH-IBD,PRD-0170,69,979800
2025-01-31,WH-ABJ,PRD-0170,68,965600
2025-01-31,WH-PHC,PRD-0170,54,766800
2025-02-28,WH-LAG1,PRD-0001,81,340200
2025-02-28,WH-LAG2,PRD-0001,23,96600
2025-02-28,WH-IBD,PRD-0001,48,201600
2025-02-28,WH-ABJ,PRD-0001,30,126000
2025-02-28,WH-PHC,PRD-0001,58,243600
2025-02-28,WH-LAG1,PRD-0002,31,127100
2025-02-28,WH-LAG2,PRD-0002,12,49200
2025-02-28,WH-IBD,PRD-0002,32,131200
2025-02-28,WH-ABJ,PRD-0002,24,98400
2025-02-28,WH-PHC,PRD-0002,31,127100
2025-02-28,WH-LAG1,PRD-0003,15,61500
2025-02-28,WH-LAG2,PRD-0003,21,86100
2025-02-28,WH-IBD,PRD-0003,5,20500
2025-02-28,WH-ABJ,PRD-0003,27,110700
2025-02-28,WH-PHC,PRD-0003,17,69700
2025-02-28,WH-LAG1,PRD-0004,178,694200
2025-02-28,WH-LAG2,PRD-0004,271,1056900
2025-02-28,WH-IBD,PRD-0004,200,780000
2025-02-28,WH-ABJ,PRD-0004,80,312000
2025-02-28,WH-PHC,PRD-0004,280,1092000
2025-02-28,WH-LAG1,PRD-0005,142,369200
2025-02-28,WH-LAG2,PRD-0005,0,0
2025-02-28,WH-IBD,PRD-0005,45,117000
2025-02-28,WH-ABJ,PRD-0005,62,161200
2025-02-28,WH-PHC,PRD-0005,64,166400
2025-02-28,WH-LAG1,PRD-0006,23,57500
2025-02-28,WH-LAG2,PRD-0006,40,100000
2025-02-28,WH-IBD,PRD-0006,21,52500
2025-02-28,WH-ABJ,PRD-0006,20,50000
2025-02-28,WH-PHC,PRD-0006,25,62500
2025-02-28,WH-LAG1,PRD-0007,116,1600800
2025-02-28,WH-LAG2,PRD-0007,56,772800
2025-02-28,WH-IBD,PRD-0007,44,607200
2025-02-28,WH-ABJ,PRD-0007,23,317400
2025-02-28,WH-PHC,PRD-0007,41,565800
2025-02-28,WH-LAG1,PRD-0008,114,1539000
2025-02-28,WH-LAG2,PRD-0008,16,216000
2025-02-28,WH-IBD,PRD-0008,35,472500
2025-02-28,WH-ABJ,PRD-0008,14,189000
2025-02-28,WH-PHC,PRD-0008,28,378000
2025-02-28,WH-LAG1,PRD-0009,64,908800
2025-02-28,WH-LAG2,PRD-0009,23,326600
2025-02-28,WH-IBD,PRD-0009,16,227200
2025-02-28,WH-ABJ,PRD-0009,12,170400
2025-02-28,WH-PHC,PRD-0009,11,156200
2025-02-28,WH-LAG1,PRD-0010,29,382800
2025-02-28,WH-LAG2,PRD-0010,0,0
2025-02-28,WH-IBD,PRD-0010,20,264000
2025-02-28,WH-ABJ,PRD-0010,26,343200
2025-02-28,WH-PHC,PRD-0010,22,290400
2025-02-28,WH-LAG1,PRD-0011,53,736700
2025-02-28,WH-LAG2,PRD-0011,92,1278800
2025-02-28,WH-IBD,PRD-0011,13,180700
2025-02-28,WH-ABJ,PRD-0011,110,1529000
2025-02-28,WH-PHC,PRD-0011,49,681100
2025-02-28,WH-LAG1,PRD-0012,96,1382400
2025-02-28,WH-LAG2,PRD-0012,12,172800
2025-02-28,WH-IBD,PRD-0012,23,331200
2025-02-28,WH-ABJ,PRD-0012,23,331200
2025-02-28,WH-PHC,PRD-0012,40,576000
2025-02-28,WH-LAG1,PRD-0013,36,352800
2025-02-28,WH-LAG2,PRD-0013,9,88200
2025-02-28,WH-IBD,PRD-0013,25,245000
2025-02-28,WH-ABJ,PRD-0013,28,274400
2025-02-28,WH-PHC,PRD-0013,20,196000
2025-02-28,WH-LAG1,PRD-0014,15,168000
2025-02-28,WH-LAG2,PRD-0014,5,56000
2025-02-28,WH-IBD,PRD-0014,17,190400
2025-02-28,WH-ABJ,PRD-0014,5,56000
2025-02-28,WH-PHC,PRD-0014,0,0
2025-02-28,WH-LAG1,PRD-0015,72,496800
2025-02-28,WH-LAG2,PRD-0015,12,82800
2025-02-28,WH-IBD,PRD-0015,36,248400
2025-02-28,WH-ABJ,PRD-0015,52,358800
2025-02-28,WH-PHC,PRD-0015,66,455400
2025-02-28,WH-LAG1,PRD-0016,219,7555500
2025-02-28,WH-LAG2,PRD-0016,57,1966500
2025-02-28,WH-IBD,PRD-0016,55,1897500
2025-02-28,WH-ABJ,PRD-0016,185,6382500
2025-02-28,WH-PHC,PRD-0016,67,2311500
2025-02-28,WH-LAG1,PRD-0017,71,2257800
2025-02-28,WH-LAG2,PRD-0017,69,2194200
2025-02-28,WH-IBD,PRD-0017,25,795000
2025-02-28,WH-ABJ,PRD-0017,17,540600
2025-02-28,WH-PHC,PRD-0017,31,985800
2025-02-28,WH-LAG1,PRD-0018,186,8965200
2025-02-28,WH-LAG2,PRD-0018,76,3663200
2025-02-28,WH-IBD,PRD-0018,41,1976200
2025-02-28,WH-ABJ,PRD-0018,98,4723600
2025-02-28,WH-PHC,PRD-0018,66,3181200
2025-02-28,WH-LAG1,PRD-0019,30,792000
2025-02-28,WH-LAG2,PRD-0019,110,2904000
2025-02-28,WH-IBD,PRD-0019,67,1768800
2025-02-28,WH-ABJ,PRD-0019,63,1663200
2025-02-28,WH-PHC,PRD-0019,42,1108800
2025-02-28,WH-LAG1,PRD-0020,167,3974600
2025-02-28,WH-LAG2,PRD-0020,101,2403800
2025-02-28,WH-IBD,PRD-0020,34,809200
2025-02-28,WH-ABJ,PRD-0020,106,2522800
2025-02-28,WH-PHC,PRD-0020,111,2641800
2025-02-28,WH-LAG1,PRD-0021,50,740000
2025-02-28,WH-LAG2,PRD-0021,23,340400
2025-02-28,WH-IBD,PRD-0021,48,710400
2025-02-28,WH-ABJ,PRD-0021,40,592000
2025-02-28,WH-PHC,PRD-0021,24,355200
2025-02-28,WH-LAG1,PRD-0022,16,153600
2025-02-28,WH-LAG2,PRD-0022,11,105600
2025-02-28,WH-IBD,PRD-0022,11,105600
2025-02-28,WH-ABJ,PRD-0022,21,201600
2025-02-28,WH-PHC,PRD-0022,25,240000
2025-02-28,WH-LAG1,PRD-0023,124,1661600
2025-02-28,WH-LAG2,PRD-0023,52,696800
2025-02-28,WH-IBD,PRD-0023,32,428800
2025-02-28,WH-ABJ,PRD-0023,44,589600
2025-02-28,WH-PHC,PRD-0023,48,643200
2025-02-28,WH-LAG1,PRD-0024,80,624000
2025-02-28,WH-LAG2,PRD-0024,10,78000
2025-02-28,WH-IBD,PRD-0024,12,93600
2025-02-28,WH-ABJ,PRD-0024,49,382200
2025-02-28,WH-PHC,PRD-0024,41,319800
2025-02-28,WH-LAG1,PRD-0025,39,167700
2025-02-28,WH-LAG2,PRD-0025,29,124700
2025-02-28,WH-IBD,PRD-0025,61,262300
2025-02-28,WH-ABJ,PRD-0025,10,43000
2025-02-28,WH-PHC,PRD-0025,63,270900
2025-02-28,WH-LAG1,PRD-0026,129,464400
2025-02-28,WH-LAG2,PRD-0026,0,0
2025-02-28,WH-IBD,PRD-0026,28,100800
2025-02-28,WH-ABJ,PRD-0026,16,57600
2025-02-28,WH-PHC,PRD-0026,48,172800
2025-02-28,WH-LAG1,PRD-0027,44,167200
2025-02-28,WH-LAG2,PRD-0027,20,76000
2025-02-28,WH-IBD,PRD-0027,18,68400
2025-02-28,WH-ABJ,PRD-0027,38,144400
2025-02-28,WH-PHC,PRD-0027,26,98800
2025-02-28,WH-LAG1,PRD-0028,32,128000
2025-02-28,WH-LAG2,PRD-0028,35,140000
2025-02-28,WH-IBD,PRD-0028,54,216000
2025-02-28,WH-ABJ,PRD-0028,66,264000
2025-02-28,WH-PHC,PRD-0028,57,228000
2025-02-28,WH-LAG1,PRD-0029,51,453900
2025-02-28,WH-LAG2,PRD-0029,20,178000
2025-02-28,WH-IBD,PRD-0029,11,97900
2025-02-28,WH-ABJ,PRD-0029,20,178000
2025-02-28,WH-PHC,PRD-0029,13,115700
2025-02-28,WH-LAG1,PRD-0030,19,408500
2025-02-28,WH-LAG2,PRD-0030,10,215000
2025-02-28,WH-IBD,PRD-0030,18,387000
2025-02-28,WH-ABJ,PRD-0030,11,236500
2025-02-28,WH-PHC,PRD-0030,15,322500
2025-02-28,WH-LAG1,PRD-0031,95,2869000
2025-02-28,WH-LAG2,PRD-0031,146,4409200
2025-02-28,WH-IBD,PRD-0031,30,906000
2025-02-28,WH-ABJ,PRD-0031,60,1812000
2025-02-28,WH-PHC,PRD-0031,87,2627400
2025-02-28,WH-LAG1,PRD-0032,33,554400
2025-02-28,WH-LAG2,PRD-0032,25,420000
2025-02-28,WH-IBD,PRD-0032,10,168000
2025-02-28,WH-ABJ,PRD-0032,5,84000
2025-02-28,WH-PHC,PRD-0032,9,151200
2025-02-28,WH-LAG1,PRD-0033,83,780200
2025-02-28,WH-LAG2,PRD-0033,62,582800
2025-02-28,WH-IBD,PRD-0033,31,291400
2025-02-28,WH-ABJ,PRD-0033,37,347800
2025-02-28,WH-PHC,PRD-0033,72,676800
2025-02-28,WH-LAG1,PRD-0034,21,270900
2025-02-28,WH-LAG2,PRD-0034,36,464400
2025-02-28,WH-IBD,PRD-0034,9,116100
2025-02-28,WH-ABJ,PRD-0034,14,180600
2025-02-28,WH-PHC,PRD-0034,9,116100
2025-02-28,WH-LAG1,PRD-0035,99,1168200
2025-02-28,WH-LAG2,PRD-0035,45,531000
2025-02-28,WH-IBD,PRD-0035,86,1014800
2025-02-28,WH-ABJ,PRD-0035,99,1168200
2025-02-28,WH-PHC,PRD-0035,73,861400
2025-02-28,WH-LAG1,PRD-0036,61,951600
2025-02-28,WH-LAG2,PRD-0036,30,468000
2025-02-28,WH-IBD,PRD-0036,47,733200
2025-02-28,WH-ABJ,PRD-0036,14,218400
2025-02-28,WH-PHC,PRD-0036,16,249600
2025-02-28,WH-LAG1,PRD-0037,201,3979800
2025-02-28,WH-LAG2,PRD-0037,59,1168200
2025-02-28,WH-IBD,PRD-0037,113,2237400
2025-02-28,WH-ABJ,PRD-0037,32,633600
2025-02-28,WH-PHC,PRD-0037,38,752400
2025-02-28,WH-LAG1,PRD-0038,6,71400
2025-02-28,WH-LAG2,PRD-0038,11,130900
2025-02-28,WH-IBD,PRD-0038,29,345100
2025-02-28,WH-ABJ,PRD-0038,8,95200
2025-02-28,WH-PHC,PRD-0038,10,119000
2025-02-28,WH-LAG1,PRD-0039,425,5270000
2025-02-28,WH-LAG2,PRD-0039,71,880400
2025-02-28,WH-IBD,PRD-0039,95,1178000
2025-02-28,WH-ABJ,PRD-0039,233,2889200
2025-02-28,WH-PHC,PRD-0039,177,2194800
2025-02-28,WH-LAG1,PRD-0040,60,672000
2025-02-28,WH-LAG2,PRD-0040,25,280000
2025-02-28,WH-IBD,PRD-0040,25,280000
2025-02-28,WH-ABJ,PRD-0040,58,649600
2025-02-28,WH-PHC,PRD-0040,63,705600
2025-02-28,WH-LAG1,PRD-0041,69,358800
2025-02-28,WH-LAG2,PRD-0041,22,114400
2025-02-28,WH-IBD,PRD-0041,64,332800
2025-02-28,WH-ABJ,PRD-0041,32,166400
2025-02-28,WH-PHC,PRD-0041,38,197600
2025-02-28,WH-LAG1,PRD-0042,15,328500
2025-02-28,WH-LAG2,PRD-0042,10,219000
2025-02-28,WH-IBD,PRD-0042,8,175200
2025-02-28,WH-ABJ,PRD-0042,23,503700
2025-02-28,WH-PHC,PRD-0042,11,240900
2025-02-28,WH-LAG1,PRD-0043,60,912000
2025-02-28,WH-LAG2,PRD-0043,36,547200
2025-02-28,WH-IBD,PRD-0043,70,1064000
2025-02-28,WH-ABJ,PRD-0043,18,273600
2025-02-28,WH-PHC,PRD-0043,71,1079200
2025-02-28,WH-LAG1,PRD-0044,10,68000
2025-02-28,WH-LAG2,PRD-0044,10,68000
2025-02-28,WH-IBD,PRD-0044,8,54400
2025-02-28,WH-ABJ,PRD-0044,5,34000
2025-02-28,WH-PHC,PRD-0044,8,54400
2025-02-28,WH-LAG1,PRD-0045,57,353400
2025-02-28,WH-LAG2,PRD-0045,75,465000
2025-02-28,WH-IBD,PRD-0045,61,378200
2025-02-28,WH-ABJ,PRD-0045,108,669600
2025-02-28,WH-PHC,PRD-0045,38,235600
2025-02-28,WH-LAG1,PRD-0046,52,717600
2025-02-28,WH-LAG2,PRD-0046,36,496800
2025-02-28,WH-IBD,PRD-0046,59,814200
2025-02-28,WH-ABJ,PRD-0046,55,759000
2025-02-28,WH-PHC,PRD-0046,41,565800
2025-02-28,WH-LAG1,PRD-0047,129,2089800
2025-02-28,WH-LAG2,PRD-0047,41,664200
2025-02-28,WH-IBD,PRD-0047,27,437400
2025-02-28,WH-ABJ,PRD-0047,64,1036800
2025-02-28,WH-PHC,PRD-0047,59,955800
2025-02-28,WH-LAG1,PRD-0048,118,1711000
2025-02-28,WH-LAG2,PRD-0048,65,942500
2025-02-28,WH-IBD,PRD-0048,34,493000
2025-02-28,WH-ABJ,PRD-0048,97,1406500
2025-02-28,WH-PHC,PRD-0048,62,899000
2025-02-28,WH-LAG1,PRD-0049,86,1195400
2025-02-28,WH-LAG2,PRD-0049,49,681100
2025-02-28,WH-IBD,PRD-0049,41,569900
2025-02-28,WH-ABJ,PRD-0049,24,333600
2025-02-28,WH-PHC,PRD-0049,38,528200
2025-02-28,WH-LAG1,PRD-0050,95,437000
2025-02-28,WH-LAG2,PRD-0050,42,193200
2025-02-28,WH-IBD,PRD-0050,0,0
2025-02-28,WH-ABJ,PRD-0050,12,55200
2025-02-28,WH-PHC,PRD-0050,33,151800
2025-02-28,WH-LAG1,PRD-0051,143,4976400
2025-02-28,WH-LAG2,PRD-0051,115,4002000
2025-02-28,WH-IBD,PRD-0051,117,4071600
2025-02-28,WH-ABJ,PRD-0051,111,3862800
2025-02-28,WH-PHC,PRD-0051,115,4002000
2025-02-28,WH-LAG1,PRD-0052,4,135600
2025-02-28,WH-LAG2,PRD-0052,13,440700
2025-02-28,WH-IBD,PRD-0052,10,339000
2025-02-28,WH-ABJ,PRD-0052,15,508500
2025-02-28,WH-PHC,PRD-0052,9,305100
2025-02-28,WH-LAG1,PRD-0053,21,688800
2025-02-28,WH-LAG2,PRD-0053,11,360800
2025-02-28,WH-IBD,PRD-0053,7,229600
2025-02-28,WH-ABJ,PRD-0053,11,360800
2025-02-28,WH-PHC,PRD-0053,8,262400
2025-02-28,WH-LAG1,PRD-0054,47,639200
2025-02-28,WH-LAG2,PRD-0054,5,68000
2025-02-28,WH-IBD,PRD-0054,47,639200
2025-02-28,WH-ABJ,PRD-0054,56,761600
2025-02-28,WH-PHC,PRD-0054,49,666400
2025-02-28,WH-LAG1,PRD-0055,92,1269600
2025-02-28,WH-LAG2,PRD-0055,17,234600
2025-02-28,WH-IBD,PRD-0055,63,869400
2025-02-28,WH-ABJ,PRD-0055,41,565800
2025-02-28,WH-PHC,PRD-0055,48,662400
2025-02-28,WH-LAG1,PRD-0056,105,2247000
2025-02-28,WH-LAG2,PRD-0056,17,363800
2025-02-28,WH-IBD,PRD-0056,19,406600
2025-02-28,WH-ABJ,PRD-0056,40,856000
2025-02-28,WH-PHC,PRD-0056,47,1005800
2025-02-28,WH-LAG1,PRD-0057,192,3033600
2025-02-28,WH-LAG2,PRD-0057,174,2749200
2025-02-28,WH-IBD,PRD-0057,28,442400
2025-02-28,WH-ABJ,PRD-0057,37,584600
2025-02-28,WH-PHC,PRD-0057,179,2828200
2025-02-28,WH-LAG1,PRD-0058,110,1639000
2025-02-28,WH-LAG2,PRD-0058,37,551300
2025-02-28,WH-IBD,PRD-0058,67,998300
2025-02-28,WH-ABJ,PRD-0058,59,879100
2025-02-28,WH-PHC,PRD-0058,70,1043000
2025-02-28,WH-LAG1,PRD-0059,76,3230000
2025-02-28,WH-LAG2,PRD-0059,52,2210000
2025-02-28,WH-IBD,PRD-0059,37,1572500
2025-02-28,WH-ABJ,PRD-0059,47,1997500
2025-02-28,WH-PHC,PRD-0059,21,892500
2025-02-28,WH-LAG1,PRD-0060,302,14435600
2025-02-28,WH-LAG2,PRD-0060,34,1625200
2025-02-28,WH-IBD,PRD-0060,74,3537200
2025-02-28,WH-ABJ,PRD-0060,50,2390000
2025-02-28,WH-PHC,PRD-0060,131,6261800
2025-02-28,WH-LAG1,PRD-0061,26,332800
2025-02-28,WH-LAG2,PRD-0061,92,1177600
2025-02-28,WH-IBD,PRD-0061,103,1318400
2025-02-28,WH-ABJ,PRD-0061,11,140800
2025-02-28,WH-PHC,PRD-0061,73,934400
2025-02-28,WH-LAG1,PRD-0062,160,2176000
2025-02-28,WH-LAG2,PRD-0062,107,1455200
2025-02-28,WH-IBD,PRD-0062,63,856800
2025-02-28,WH-ABJ,PRD-0062,123,1672800
2025-02-28,WH-PHC,PRD-0062,105,1428000
2025-02-28,WH-LAG1,PRD-0063,84,999600
2025-02-28,WH-LAG2,PRD-0063,43,511700
2025-02-28,WH-IBD,PRD-0063,35,416500
2025-02-28,WH-ABJ,PRD-0063,70,833000
2025-02-28,WH-PHC,PRD-0063,47,559300
2025-02-28,WH-LAG1,PRD-0064,149,4589200
2025-02-28,WH-LAG2,PRD-0064,82,2525600
2025-02-28,WH-IBD,PRD-0064,29,893200
2025-02-28,WH-ABJ,PRD-0064,159,4897200
2025-02-28,WH-PHC,PRD-0064,68,2094400
2025-02-28,WH-LAG1,PRD-0065,180,4752000
2025-02-28,WH-LAG2,PRD-0065,64,1689600
2025-02-28,WH-IBD,PRD-0065,44,1161600
2025-02-28,WH-ABJ,PRD-0065,66,1742400
2025-02-28,WH-PHC,PRD-0065,105,2772000
2025-02-28,WH-LAG1,PRD-0066,3,132600
2025-02-28,WH-LAG2,PRD-0066,3,132600
2025-02-28,WH-IBD,PRD-0066,10,442000
2025-02-28,WH-ABJ,PRD-0066,10,442000
2025-02-28,WH-PHC,PRD-0066,9,397800
2025-02-28,WH-LAG1,PRD-0067,75,780000
2025-02-28,WH-LAG2,PRD-0067,90,936000
2025-02-28,WH-IBD,PRD-0067,39,405600
2025-02-28,WH-ABJ,PRD-0067,99,1029600
2025-02-28,WH-PHC,PRD-0067,30,312000
2025-02-28,WH-LAG1,PRD-0068,252,3326400
2025-02-28,WH-LAG2,PRD-0068,81,1069200
2025-02-28,WH-IBD,PRD-0068,115,1518000
2025-02-28,WH-ABJ,PRD-0068,49,646800
2025-02-28,WH-PHC,PRD-0068,105,1386000
2025-02-28,WH-LAG1,PRD-0069,19,262200
2025-02-28,WH-LAG2,PRD-0069,13,179400
2025-02-28,WH-IBD,PRD-0069,3,41400
2025-02-28,WH-ABJ,PRD-0069,21,289800
2025-02-28,WH-PHC,PRD-0069,0,0
2025-02-28,WH-LAG1,PRD-0070,87,1339800
2025-02-28,WH-LAG2,PRD-0070,17,261800
2025-02-28,WH-IBD,PRD-0070,32,492800
2025-02-28,WH-ABJ,PRD-0070,8,123200
2025-02-28,WH-PHC,PRD-0070,41,631400
2025-02-28,WH-LAG1,PRD-0071,22,325600
2025-02-28,WH-LAG2,PRD-0071,24,355200
2025-02-28,WH-IBD,PRD-0071,21,310800
2025-02-28,WH-ABJ,PRD-0071,20,296000
2025-02-28,WH-PHC,PRD-0071,0,0
2025-02-28,WH-LAG1,PRD-0072,78,2542800
2025-02-28,WH-LAG2,PRD-0072,53,1727800
2025-02-28,WH-IBD,PRD-0072,36,1173600
2025-02-28,WH-ABJ,PRD-0072,52,1695200
2025-02-28,WH-PHC,PRD-0072,44,1434400
2025-02-28,WH-LAG1,PRD-0073,50,1490000
2025-02-28,WH-LAG2,PRD-0073,11,327800
2025-02-28,WH-IBD,PRD-0073,22,655600
2025-02-28,WH-ABJ,PRD-0073,16,476800
2025-02-28,WH-PHC,PRD-0073,13,387400
2025-02-28,WH-LAG1,PRD-0074,221,6497400
2025-02-28,WH-LAG2,PRD-0074,24,705600
2025-02-28,WH-IBD,PRD-0074,79,2322600
2025-02-28,WH-ABJ,PRD-0074,40,1176000
2025-02-28,WH-PHC,PRD-0074,79,2322600
2025-02-28,WH-LAG1,PRD-0075,59,1581200
2025-02-28,WH-LAG2,PRD-0075,28,750400
2025-02-28,WH-IBD,PRD-0075,21,562800
2025-02-28,WH-ABJ,PRD-0075,19,509200
2025-02-28,WH-PHC,PRD-0075,29,777200
2025-02-28,WH-LAG1,PRD-0076,178,4165200
2025-02-28,WH-LAG2,PRD-0076,49,1146600
2025-02-28,WH-IBD,PRD-0076,50,1170000
2025-02-28,WH-ABJ,PRD-0076,108,2527200
2025-02-28,WH-PHC,PRD-0076,29,678600
2025-02-28,WH-LAG1,PRD-0077,466,11929600
2025-02-28,WH-LAG2,PRD-0077,118,3020800
2025-02-28,WH-IBD,PRD-0077,129,3302400
2025-02-28,WH-ABJ,PRD-0077,160,4096000
2025-02-28,WH-PHC,PRD-0077,185,4736000
2025-02-28,WH-LAG1,PRD-0078,122,3391600
2025-02-28,WH-LAG2,PRD-0078,53,1473400
2025-02-28,WH-IBD,PRD-0078,63,1751400
2025-02-28,WH-ABJ,PRD-0078,36,1000800
2025-02-28,WH-PHC,PRD-0078,2,55600
2025-02-28,WH-LAG1,PRD-0079,85,3272500
2025-02-28,WH-LAG2,PRD-0079,52,2002000
2025-02-28,WH-IBD,PRD-0079,34,1309000
2025-02-28,WH-ABJ,PRD-0079,80,3080000
2025-02-28,WH-PHC,PRD-0079,52,2002000
2025-02-28,WH-LAG1,PRD-0080,157,3077200
2025-02-28,WH-LAG2,PRD-0080,56,1097600
2025-02-28,WH-IBD,PRD-0080,48,940800
2025-02-28,WH-ABJ,PRD-0080,11,215600
2025-02-28,WH-PHC,PRD-0080,52,1019200
2025-02-28,WH-LAG1,PRD-0081,209,6771600
2025-02-28,WH-LAG2,PRD-0081,18,583200
2025-02-28,WH-IBD,PRD-0081,55,1782000
2025-02-28,WH-ABJ,PRD-0081,37,1198800
2025-02-28,WH-PHC,PRD-0081,44,1425600
2025-02-28,WH-LAG1,PRD-0082,207,5340600
2025-02-28,WH-LAG2,PRD-0082,108,2786400
2025-02-28,WH-IBD,PRD-0082,30,774000
2025-02-28,WH-ABJ,PRD-0082,109,2812200
2025-02-28,WH-PHC,PRD-0082,48,1238400
2025-02-28,WH-LAG1,PRD-0083,116,2134400
2025-02-28,WH-LAG2,PRD-0083,186,3422400
2025-02-28,WH-IBD,PRD-0083,131,2410400
2025-02-28,WH-ABJ,PRD-0083,200,3680000
2025-02-28,WH-PHC,PRD-0083,109,2005600
2025-02-28,WH-LAG1,PRD-0084,87,1879200
2025-02-28,WH-LAG2,PRD-0084,47,1015200
2025-02-28,WH-IBD,PRD-0084,44,950400
2025-02-28,WH-ABJ,PRD-0084,73,1576800
2025-02-28,WH-PHC,PRD-0084,105,2268000
2025-02-28,WH-LAG1,PRD-0085,187,4899400
2025-02-28,WH-LAG2,PRD-0085,44,1152800
2025-02-28,WH-IBD,PRD-0085,96,2515200
2025-02-28,WH-ABJ,PRD-0085,87,2279400
2025-02-28,WH-PHC,PRD-0085,42,1100400
2025-02-28,WH-LAG1,PRD-0086,358,8520400
2025-02-28,WH-LAG2,PRD-0086,99,2356200
2025-02-28,WH-IBD,PRD-0086,224,5331200
2025-02-28,WH-ABJ,PRD-0086,158,3760400
2025-02-28,WH-PHC,PRD-0086,93,2213400
2025-02-28,WH-LAG1,PRD-0087,26,488800
2025-02-28,WH-LAG2,PRD-0087,7,131600
2025-02-28,WH-IBD,PRD-0087,23,432400
2025-02-28,WH-ABJ,PRD-0087,5,94000
2025-02-28,WH-PHC,PRD-0087,8,150400
2025-02-28,WH-LAG1,PRD-0088,55,682000
2025-02-28,WH-LAG2,PRD-0088,13,161200
2025-02-28,WH-IBD,PRD-0088,53,657200
2025-02-28,WH-ABJ,PRD-0088,63,781200
2025-02-28,WH-PHC,PRD-0088,49,607600
2025-02-28,WH-LAG1,PRD-0089,31,347200
2025-02-28,WH-LAG2,PRD-0089,25,280000
2025-02-28,WH-IBD,PRD-0089,48,537600
2025-02-28,WH-ABJ,PRD-0089,36,403200
2025-02-28,WH-PHC,PRD-0089,27,302400
2025-02-28,WH-LAG1,PRD-0090,1940,55484000
2025-02-28,WH-LAG2,PRD-0090,283,8093800
2025-02-28,WH-IBD,PRD-0090,277,7922200
2025-02-28,WH-ABJ,PRD-0090,264,7550400
2025-02-28,WH-PHC,PRD-0090,837,23938200
2025-02-28,WH-LAG1,PRD-0091,61,1317600
2025-02-28,WH-LAG2,PRD-0091,70,1512000
2025-02-28,WH-IBD,PRD-0091,38,820800
2025-02-28,WH-ABJ,PRD-0091,75,1620000
2025-02-28,WH-PHC,PRD-0091,24,518400
2025-02-28,WH-LAG1,PRD-0092,58,1438400
2025-02-28,WH-LAG2,PRD-0092,30,744000
2025-02-28,WH-IBD,PRD-0092,38,942400
2025-02-28,WH-ABJ,PRD-0092,21,520800
2025-02-28,WH-PHC,PRD-0092,21,520800
2025-02-28,WH-LAG1,PRD-0093,203,3938200
2025-02-28,WH-LAG2,PRD-0093,74,1435600
2025-02-28,WH-IBD,PRD-0093,22,426800
2025-02-28,WH-ABJ,PRD-0093,116,2250400
2025-02-28,WH-PHC,PRD-0093,42,814800
2025-02-28,WH-LAG1,PRD-0094,25,470000
2025-02-28,WH-LAG2,PRD-0094,10,188000
2025-02-28,WH-IBD,PRD-0094,23,432400
2025-02-28,WH-ABJ,PRD-0094,9,169200
2025-02-28,WH-PHC,PRD-0094,9,169200
2025-02-28,WH-LAG1,PRD-0095,33,557700
2025-02-28,WH-LAG2,PRD-0095,23,388700
2025-02-28,WH-IBD,PRD-0095,24,405600
2025-02-28,WH-ABJ,PRD-0095,23,388700
2025-02-28,WH-PHC,PRD-0095,22,371800
2025-02-28,WH-LAG1,PRD-0096,16,291200
2025-02-28,WH-LAG2,PRD-0096,5,91000
2025-02-28,WH-IBD,PRD-0096,25,455000
2025-02-28,WH-ABJ,PRD-0096,20,364000
2025-02-28,WH-PHC,PRD-0096,18,327600
2025-02-28,WH-LAG1,PRD-0097,0,0
2025-02-28,WH-LAG2,PRD-0097,17,302600
2025-02-28,WH-IBD,PRD-0097,26,462800
2025-02-28,WH-ABJ,PRD-0097,36,640800
2025-02-28,WH-PHC,PRD-0097,18,320400
2025-02-28,WH-LAG1,PRD-0098,342,4582800
2025-02-28,WH-LAG2,PRD-0098,134,1795600
2025-02-28,WH-IBD,PRD-0098,42,562800
2025-02-28,WH-ABJ,PRD-0098,146,1956400
2025-02-28,WH-PHC,PRD-0098,202,2706800
2025-02-28,WH-LAG1,PRD-0099,52,655200
2025-02-28,WH-LAG2,PRD-0099,16,201600
2025-02-28,WH-IBD,PRD-0099,11,138600
2025-02-28,WH-ABJ,PRD-0099,28,352800
2025-02-28,WH-PHC,PRD-0099,26,327600
2025-02-28,WH-LAG1,PRD-0100,641,10768800
2025-02-28,WH-LAG2,PRD-0100,150,2520000
2025-02-28,WH-IBD,PRD-0100,175,2940000
2025-02-28,WH-ABJ,PRD-0100,117,1965600
2025-02-28,WH-PHC,PRD-0100,394,6619200
2025-02-28,WH-LAG1,PRD-0101,45,828000
2025-02-28,WH-LAG2,PRD-0101,33,607200
2025-02-28,WH-IBD,PRD-0101,8,147200
2025-02-28,WH-ABJ,PRD-0101,13,239200
2025-02-28,WH-PHC,PRD-0101,19,349600
2025-02-28,WH-LAG1,PRD-0102,117,1661400
2025-02-28,WH-LAG2,PRD-0102,0,0
2025-02-28,WH-IBD,PRD-0102,25,355000
2025-02-28,WH-ABJ,PRD-0102,43,610600
2025-02-28,WH-PHC,PRD-0102,15,213000
2025-02-28,WH-LAG1,PRD-0103,158,4708400
2025-02-28,WH-LAG2,PRD-0103,50,1490000
2025-02-28,WH-IBD,PRD-0103,86,2562800
2025-02-28,WH-ABJ,PRD-0103,107,3188600
2025-02-28,WH-PHC,PRD-0103,71,2115800
2025-02-28,WH-LAG1,PRD-0104,30,414000
2025-02-28,WH-LAG2,PRD-0104,26,358800
2025-02-28,WH-IBD,PRD-0104,22,303600
2025-02-28,WH-ABJ,PRD-0104,45,621000
2025-02-28,WH-PHC,PRD-0104,34,469200
2025-02-28,WH-LAG1,PRD-0105,33,1141800
2025-02-28,WH-LAG2,PRD-0105,23,795800
2025-02-28,WH-IBD,PRD-0105,25,865000
2025-02-28,WH-ABJ,PRD-0105,11,380600
2025-02-28,WH-PHC,PRD-0105,37,1280200
2025-02-28,WH-LAG1,PRD-0106,51,1672800
2025-02-28,WH-LAG2,PRD-0106,9,295200
2025-02-28,WH-IBD,PRD-0106,27,885600
2025-02-28,WH-ABJ,PRD-0106,21,688800
2025-02-28,WH-PHC,PRD-0106,26,852800
2025-02-28,WH-LAG1,PRD-0107,14,467600
2025-02-28,WH-LAG2,PRD-0107,9,300600
2025-02-28,WH-IBD,PRD-0107,30,1002000
2025-02-28,WH-ABJ,PRD-0107,26,868400
2025-02-28,WH-PHC,PRD-0107,0,0
2025-02-28,WH-LAG1,PRD-0108,151,4046800
2025-02-28,WH-LAG2,PRD-0108,173,4636400
2025-02-28,WH-IBD,PRD-0108,102,2733600
2025-02-28,WH-ABJ,PRD-0108,86,2304800
2025-02-28,WH-PHC,PRD-0108,153,4100400
2025-02-28,WH-LAG1,PRD-0109,94,2481600
2025-02-28,WH-LAG2,PRD-0109,89,2349600
2025-02-28,WH-IBD,PRD-0109,113,2983200
2025-02-28,WH-ABJ,PRD-0109,136,3590400
2025-02-28,WH-PHC,PRD-0109,63,1663200
2025-02-28,WH-LAG1,PRD-0110,25,620000
2025-02-28,WH-LAG2,PRD-0110,25,620000
2025-02-28,WH-IBD,PRD-0110,18,446400
2025-02-28,WH-ABJ,PRD-0110,31,768800
2025-02-28,WH-PHC,PRD-0110,9,223200
2025-02-28,WH-LAG1,PRD-0111,119,1166200
2025-02-28,WH-LAG2,PRD-0111,76,744800
2025-02-28,WH-IBD,PRD-0111,69,676200
2025-02-28,WH-ABJ,PRD-0111,52,509600
2025-02-28,WH-PHC,PRD-0111,83,813400
2025-02-28,WH-LAG1,PRD-0112,21,247800
2025-02-28,WH-LAG2,PRD-0112,17,200600
2025-02-28,WH-IBD,PRD-0112,10,118000
2025-02-28,WH-ABJ,PRD-0112,24,283200
2025-02-28,WH-PHC,PRD-0112,21,247800
2025-02-28,WH-LAG1,PRD-0113,149,1281400
2025-02-28,WH-LAG2,PRD-0113,44,378400
2025-02-28,WH-IBD,PRD-0113,60,516000
2025-02-28,WH-ABJ,PRD-0113,29,249400
2025-02-28,WH-PHC,PRD-0113,23,197800
2025-02-28,WH-LAG1,PRD-0114,25,305000
2025-02-28,WH-LAG2,PRD-0114,10,122000
2025-02-28,WH-IBD,PRD-0114,20,244000
2025-02-28,WH-ABJ,PRD-0114,21,256200
2025-02-28,WH-PHC,PRD-0114,6,73200
2025-02-28,WH-LAG1,PRD-0115,178,2919200
2025-02-28,WH-LAG2,PRD-0115,116,1902400
2025-02-28,WH-IBD,PRD-0115,71,1164400
2025-02-28,WH-ABJ,PRD-0115,30,492000
2025-02-28,WH-PHC,PRD-0115,19,311600
2025-02-28,WH-LAG1,PRD-0116,86,1186800
2025-02-28,WH-LAG2,PRD-0116,21,289800
2025-02-28,WH-IBD,PRD-0116,49,676200
2025-02-28,WH-ABJ,PRD-0116,17,234600
2025-02-28,WH-PHC,PRD-0116,49,676200
2025-02-28,WH-LAG1,PRD-0117,9,136800
2025-02-28,WH-LAG2,PRD-0117,16,243200
2025-02-28,WH-IBD,PRD-0117,64,972800
2025-02-28,WH-ABJ,PRD-0117,66,1003200
2025-02-28,WH-PHC,PRD-0117,55,836000
2025-02-28,WH-LAG1,PRD-0118,104,1830400
2025-02-28,WH-LAG2,PRD-0118,65,1144000
2025-02-28,WH-IBD,PRD-0118,97,1707200
2025-02-28,WH-ABJ,PRD-0118,235,4136000
2025-02-28,WH-PHC,PRD-0118,79,1390400
2025-02-28,WH-LAG1,PRD-0119,8,150400
2025-02-28,WH-LAG2,PRD-0119,25,470000
2025-02-28,WH-IBD,PRD-0119,14,263200
2025-02-28,WH-ABJ,PRD-0119,10,188000
2025-02-28,WH-PHC,PRD-0119,10,188000
2025-02-28,WH-LAG1,PRD-0120,97,1202800
2025-02-28,WH-LAG2,PRD-0120,118,1463200
2025-02-28,WH-IBD,PRD-0120,33,409200
2025-02-28,WH-ABJ,PRD-0120,201,2492400
2025-02-28,WH-PHC,PRD-0120,184,2281600
2025-02-28,WH-LAG1,PRD-0121,314,6782400
2025-02-28,WH-LAG2,PRD-0121,35,756000
2025-02-28,WH-IBD,PRD-0121,34,734400
2025-02-28,WH-ABJ,PRD-0121,77,1663200
2025-02-28,WH-PHC,PRD-0121,105,2268000
2025-02-28,WH-LAG1,PRD-0122,217,3211600
2025-02-28,WH-LAG2,PRD-0122,109,1613200
2025-02-28,WH-IBD,PRD-0122,78,1154400
2025-02-28,WH-ABJ,PRD-0122,61,902800
2025-02-28,WH-PHC,PRD-0122,139,2057200
2025-02-28,WH-LAG1,PRD-0123,26,301600
2025-02-28,WH-LAG2,PRD-0123,67,777200
2025-02-28,WH-IBD,PRD-0123,13,150800
2025-02-28,WH-ABJ,PRD-0123,59,684400
2025-02-28,WH-PHC,PRD-0123,58,672800
2025-02-28,WH-LAG1,PRD-0124,81,550800
2025-02-28,WH-LAG2,PRD-0124,35,238000
2025-02-28,WH-IBD,PRD-0124,34,231200
2025-02-28,WH-ABJ,PRD-0124,14,95200
2025-02-28,WH-PHC,PRD-0124,67,455600
2025-02-28,WH-LAG1,PRD-0125,536,6860800
2025-02-28,WH-LAG2,PRD-0125,181,2316800
2025-02-28,WH-IBD,PRD-0125,300,3840000
2025-02-28,WH-ABJ,PRD-0125,353,4518400
2025-02-28,WH-PHC,PRD-0125,151,1932800
2025-02-28,WH-LAG1,PRD-0126,79,1864400
2025-02-28,WH-LAG2,PRD-0126,19,448400
2025-02-28,WH-IBD,PRD-0126,33,778800
2025-02-28,WH-ABJ,PRD-0126,34,802400
2025-02-28,WH-PHC,PRD-0126,11,259600
2025-02-28,WH-LAG1,PRD-0127,101,1333200
2025-02-28,WH-LAG2,PRD-0127,18,237600
2025-02-28,WH-IBD,PRD-0127,20,264000
2025-02-28,WH-ABJ,PRD-0127,50,660000
2025-02-28,WH-PHC,PRD-0127,29,382800
2025-02-28,WH-LAG1,PRD-0128,120,2016000
2025-02-28,WH-LAG2,PRD-0128,84,1411200
2025-02-28,WH-IBD,PRD-0128,0,0
2025-02-28,WH-ABJ,PRD-0128,108,1814400
2025-02-28,WH-PHC,PRD-0128,45,756000
2025-02-28,WH-LAG1,PRD-0129,7,107800
2025-02-28,WH-LAG2,PRD-0129,17,261800
2025-02-28,WH-IBD,PRD-0129,9,138600
2025-02-28,WH-ABJ,PRD-0129,17,261800
2025-02-28,WH-PHC,PRD-0129,1,15400
2025-02-28,WH-LAG1,PRD-0130,64,691200
2025-02-28,WH-LAG2,PRD-0130,34,367200
2025-02-28,WH-IBD,PRD-0130,22,237600
2025-02-28,WH-ABJ,PRD-0130,32,345600
2025-02-28,WH-PHC,PRD-0130,35,378000
2025-02-28,WH-LAG1,PRD-0131,79,2022400
2025-02-28,WH-LAG2,PRD-0131,0,0
2025-02-28,WH-IBD,PRD-0131,69,1766400
2025-02-28,WH-ABJ,PRD-0131,13,332800
2025-02-28,WH-PHC,PRD-0131,44,1126400
2025-02-28,WH-LAG1,PRD-0132,21,659400
2025-02-28,WH-LAG2,PRD-0132,63,1978200
2025-02-28,WH-IBD,PRD-0132,44,1381600
2025-02-28,WH-ABJ,PRD-0132,20,628000
2025-02-28,WH-PHC,PRD-0132,25,785000
2025-02-28,WH-LAG1,PRD-0133,14,333200
2025-02-28,WH-LAG2,PRD-0133,18,428400
2025-02-28,WH-IBD,PRD-0133,29,690200
2025-02-28,WH-ABJ,PRD-0133,49,1166200
2025-02-28,WH-PHC,PRD-0133,8,190400
2025-02-28,WH-LAG1,PRD-0134,2,59600
2025-02-28,WH-LAG2,PRD-0134,20,596000
2025-02-28,WH-IBD,PRD-0134,31,923800
2025-02-28,WH-ABJ,PRD-0134,7,208600
2025-02-28,WH-PHC,PRD-0134,21,625800
2025-02-28,WH-LAG1,PRD-0135,223,5887200
2025-02-28,WH-LAG2,PRD-0135,156,4118400
2025-02-28,WH-IBD,PRD-0135,23,607200
2025-02-28,WH-ABJ,PRD-0135,68,1795200
2025-02-28,WH-PHC,PRD-0135,81,2138400
2025-02-28,WH-LAG1,PRD-0136,48,2044800
2025-02-28,WH-LAG2,PRD-0136,37,1576200
2025-02-28,WH-IBD,PRD-0136,34,1448400
2025-02-28,WH-ABJ,PRD-0136,67,2854200
2025-02-28,WH-PHC,PRD-0136,39,1661400
2025-02-28,WH-LAG1,PRD-0137,51,1234200
2025-02-28,WH-LAG2,PRD-0137,32,774400
2025-02-28,WH-IBD,PRD-0137,71,1718200
2025-02-28,WH-ABJ,PRD-0137,52,1258400
2025-02-28,WH-PHC,PRD-0137,37,895400
2025-02-28,WH-LAG1,PRD-0138,193,4207400
2025-02-28,WH-LAG2,PRD-0138,97,2114600
2025-02-28,WH-IBD,PRD-0138,30,654000
2025-02-28,WH-ABJ,PRD-0138,33,719400
2025-02-28,WH-PHC,PRD-0138,43,937400
2025-02-28,WH-LAG1,PRD-0139,140,4032000
2025-02-28,WH-LAG2,PRD-0139,88,2534400
2025-02-28,WH-IBD,PRD-0139,28,806400
2025-02-28,WH-ABJ,PRD-0139,32,921600
2025-02-28,WH-PHC,PRD-0139,37,1065600
2025-02-28,WH-LAG1,PRD-0140,47,1099800
2025-02-28,WH-LAG2,PRD-0140,38,889200
2025-02-28,WH-IBD,PRD-0140,56,1310400
2025-02-28,WH-ABJ,PRD-0140,58,1357200
2025-02-28,WH-PHC,PRD-0140,54,1263600
2025-02-28,WH-LAG1,PRD-0141,33,1016400
2025-02-28,WH-LAG2,PRD-0141,73,2248400
2025-02-28,WH-IBD,PRD-0141,50,1540000
2025-02-28,WH-ABJ,PRD-0141,57,1755600
2025-02-28,WH-PHC,PRD-0141,60,1848000
2025-02-28,WH-LAG1,PRD-0142,243,10886400
2025-02-28,WH-LAG2,PRD-0142,12,537600
2025-02-28,WH-IBD,PRD-0142,127,5689600
2025-02-28,WH-ABJ,PRD-0142,49,2195200
2025-02-28,WH-PHC,PRD-0142,117,5241600
2025-02-28,WH-LAG1,PRD-0143,47,1936400
2025-02-28,WH-LAG2,PRD-0143,51,2101200
2025-02-28,WH-IBD,PRD-0143,43,1771600
2025-02-28,WH-ABJ,PRD-0143,49,2018800
2025-02-28,WH-PHC,PRD-0143,55,2266000
2025-02-28,WH-LAG1,PRD-0144,62,1661600
2025-02-28,WH-LAG2,PRD-0144,21,562800
2025-02-28,WH-IBD,PRD-0144,25,670000
2025-02-28,WH-ABJ,PRD-0144,0,0
2025-02-28,WH-PHC,PRD-0144,69,1849200
2025-02-28,WH-LAG1,PRD-0145,109,2768600
2025-02-28,WH-LAG2,PRD-0145,64,1625600
2025-02-28,WH-IBD,PRD-0145,46,1168400
2025-02-28,WH-ABJ,PRD-0145,108,2743200
2025-02-28,WH-PHC,PRD-0145,62,1574800
2025-02-28,WH-LAG1,PRD-0146,70,1946000
2025-02-28,WH-LAG2,PRD-0146,15,417000
2025-02-28,WH-IBD,PRD-0146,25,695000
2025-02-28,WH-ABJ,PRD-0146,61,1695800
2025-02-28,WH-PHC,PRD-0146,11,305800
2025-02-28,WH-LAG1,PRD-0147,95,2622000
2025-02-28,WH-LAG2,PRD-0147,22,607200
2025-02-28,WH-IBD,PRD-0147,12,331200
2025-02-28,WH-ABJ,PRD-0147,20,552000
2025-02-28,WH-PHC,PRD-0147,40,1104000
2025-02-28,WH-LAG1,PRD-0148,64,1523200
2025-02-28,WH-LAG2,PRD-0148,0,0
2025-02-28,WH-IBD,PRD-0148,39,928200
2025-02-28,WH-ABJ,PRD-0148,56,1332800
2025-02-28,WH-PHC,PRD-0148,30,714000
2025-02-28,WH-LAG1,PRD-0149,54,2149200
2025-02-28,WH-LAG2,PRD-0149,27,1074600
2025-02-28,WH-IBD,PRD-0149,28,1114400
2025-02-28,WH-ABJ,PRD-0149,15,597000
2025-02-28,WH-PHC,PRD-0149,18,716400
2025-02-28,WH-LAG1,PRD-0150,77,2956800
2025-02-28,WH-LAG2,PRD-0150,21,806400
2025-02-28,WH-IBD,PRD-0150,9,345600
2025-02-28,WH-ABJ,PRD-0150,59,2265600
2025-02-28,WH-PHC,PRD-0150,40,1536000
2025-02-28,WH-LAG1,PRD-0151,1557,53872200
2025-02-28,WH-LAG2,PRD-0151,672,23251200
2025-02-28,WH-IBD,PRD-0151,345,11937000
2025-02-28,WH-ABJ,PRD-0151,590,20414000
2025-02-28,WH-PHC,PRD-0151,426,14739600
2025-02-28,WH-LAG1,PRD-0152,38,820800
2025-02-28,WH-LAG2,PRD-0152,37,799200
2025-02-28,WH-IBD,PRD-0152,48,1036800
2025-02-28,WH-ABJ,PRD-0152,43,928800
2025-02-28,WH-PHC,PRD-0152,51,1101600
2025-02-28,WH-LAG1,PRD-0153,226,4248800
2025-02-28,WH-LAG2,PRD-0153,109,2049200
2025-02-28,WH-IBD,PRD-0153,62,1165600
2025-02-28,WH-ABJ,PRD-0153,119,2237200
2025-02-28,WH-PHC,PRD-0153,58,1090400
2025-02-28,WH-LAG1,PRD-0154,92,3091200
2025-02-28,WH-LAG2,PRD-0154,57,1915200
2025-02-28,WH-IBD,PRD-0154,22,739200
2025-02-28,WH-ABJ,PRD-0154,73,2452800
2025-02-28,WH-PHC,PRD-0154,17,571200
2025-02-28,WH-LAG1,PRD-0155,50,2640000
2025-02-28,WH-LAG2,PRD-0155,26,1372800
2025-02-28,WH-IBD,PRD-0155,42,2217600
2025-02-28,WH-ABJ,PRD-0155,47,2481600
2025-02-28,WH-PHC,PRD-0155,72,3801600
2025-02-28,WH-LAG1,PRD-0156,281,12532600
2025-02-28,WH-LAG2,PRD-0156,49,2185400
2025-02-28,WH-IBD,PRD-0156,86,3835600
2025-02-28,WH-ABJ,PRD-0156,135,6021000
2025-02-28,WH-PHC,PRD-0156,172,7671200
2025-02-28,WH-LAG1,PRD-0157,59,1109200
2025-02-28,WH-LAG2,PRD-0157,32,601600
2025-02-28,WH-IBD,PRD-0157,55,1034000
2025-02-28,WH-ABJ,PRD-0157,127,2387600
2025-02-28,WH-PHC,PRD-0157,47,883600
2025-02-28,WH-LAG1,PRD-0158,15,396000
2025-02-28,WH-LAG2,PRD-0158,34,897600
2025-02-28,WH-IBD,PRD-0158,31,818400
2025-02-28,WH-ABJ,PRD-0158,28,739200
2025-02-28,WH-PHC,PRD-0158,9,237600
2025-02-28,WH-LAG1,PRD-0159,40,792000
2025-02-28,WH-LAG2,PRD-0159,44,871200
2025-02-28,WH-IBD,PRD-0159,55,1089000
2025-02-28,WH-ABJ,PRD-0159,48,950400
2025-02-28,WH-PHC,PRD-0159,5,99000
2025-02-28,WH-LAG1,PRD-0160,348,8908800
2025-02-28,WH-LAG2,PRD-0160,129,3302400
2025-02-28,WH-IBD,PRD-0160,62,1587200
2025-02-28,WH-ABJ,PRD-0160,141,3609600
2025-02-28,WH-PHC,PRD-0160,165,4224000
2025-02-28,WH-LAG1,PRD-0161,778,21161600
2025-02-28,WH-LAG2,PRD-0161,87,2366400
2025-02-28,WH-IBD,PRD-0161,110,2992000
2025-02-28,WH-ABJ,PRD-0161,75,2040000
2025-02-28,WH-PHC,PRD-0161,193,5249600
2025-02-28,WH-LAG1,PRD-0162,99,2356200
2025-02-28,WH-LAG2,PRD-0162,38,904400
2025-02-28,WH-IBD,PRD-0162,70,1666000
2025-02-28,WH-ABJ,PRD-0162,61,1451800
2025-02-28,WH-PHC,PRD-0162,0,0
2025-02-28,WH-LAG1,PRD-0163,87,1879200
2025-02-28,WH-LAG2,PRD-0163,37,799200
2025-02-28,WH-IBD,PRD-0163,30,648000
2025-02-28,WH-ABJ,PRD-0163,36,777600
2025-02-28,WH-PHC,PRD-0163,69,1490400
2025-02-28,WH-LAG1,PRD-0164,105,1764000
2025-02-28,WH-LAG2,PRD-0164,29,487200
2025-02-28,WH-IBD,PRD-0164,44,739200
2025-02-28,WH-ABJ,PRD-0164,59,991200
2025-02-28,WH-PHC,PRD-0164,24,403200
2025-02-28,WH-LAG1,PRD-0165,253,4908200
2025-02-28,WH-LAG2,PRD-0165,74,1435600
2025-02-28,WH-IBD,PRD-0165,75,1455000
2025-02-28,WH-ABJ,PRD-0165,77,1493800
2025-02-28,WH-PHC,PRD-0165,165,3201000
2025-02-28,WH-LAG1,PRD-0166,278,6060400
2025-02-28,WH-LAG2,PRD-0166,144,3139200
2025-02-28,WH-IBD,PRD-0166,149,3248200
2025-02-28,WH-ABJ,PRD-0166,111,2419800
2025-02-28,WH-PHC,PRD-0166,47,1024600
2025-02-28,WH-LAG1,PRD-0167,50,540000
2025-02-28,WH-LAG2,PRD-0167,40,432000
2025-02-28,WH-IBD,PRD-0167,61,658800
2025-02-28,WH-ABJ,PRD-0167,61,658800
2025-02-28,WH-PHC,PRD-0167,72,777600
2025-02-28,WH-LAG1,PRD-0168,68,1060800
2025-02-28,WH-LAG2,PRD-0168,45,702000
2025-02-28,WH-IBD,PRD-0168,20,312000
2025-02-28,WH-ABJ,PRD-0168,26,405600
2025-02-28,WH-PHC,PRD-0168,25,390000
2025-02-28,WH-LAG1,PRD-0169,30,402000
2025-02-28,WH-LAG2,PRD-0169,21,281400
2025-02-28,WH-IBD,PRD-0169,73,978200
2025-02-28,WH-ABJ,PRD-0169,28,375200
2025-02-28,WH-PHC,PRD-0169,63,844200
2025-02-28,WH-LAG1,PRD-0170,72,1022400
2025-02-28,WH-LAG2,PRD-0170,78,1107600
2025-02-28,WH-IBD,PRD-0170,9,127800
2025-02-28,WH-ABJ,PRD-0170,68,965600
2025-02-28,WH-PHC,PRD-0170,47,667400
2025-03-31,WH-LAG1,PRD-0001,62,260400
2025-03-31,WH-LAG2,PRD-0001,20,84000
2025-03-31,WH-IBD,PRD-0001,48,201600
2025-03-31,WH-ABJ,PRD-0001,20,84000
2025-03-31,WH-PHC,PRD-0001,43,180600
2025-03-31,WH-LAG1,PRD-0002,31,127100
2025-03-31,WH-LAG2,PRD-0002,28,114800
2025-03-31,WH-IBD,PRD-0002,32,131200
2025-03-31,WH-ABJ,PRD-0002,5,20500
2025-03-31,WH-PHC,PRD-0002,29,118900
2025-03-31,WH-LAG1,PRD-0003,0,0
2025-03-31,WH-LAG2,PRD-0003,21,86100
2025-03-31,WH-IBD,PRD-0003,21,86100
2025-03-31,WH-ABJ,PRD-0003,23,94300
2025-03-31,WH-PHC,PRD-0003,17,69700
2025-03-31,WH-LAG1,PRD-0004,637,2484300
2025-03-31,WH-LAG2,PRD-0004,179,698100
2025-03-31,WH-IBD,PRD-0004,148,577200
2025-03-31,WH-ABJ,PRD-0004,282,1099800
2025-03-31,WH-PHC,PRD-0004,239,932100
2025-03-31,WH-LAG1,PRD-0005,101,262600
2025-03-31,WH-LAG2,PRD-0005,43,111800
2025-03-31,WH-IBD,PRD-0005,28,72800
2025-03-31,WH-ABJ,PRD-0005,41,106600
2025-03-31,WH-PHC,PRD-0005,58,150800
2025-03-31,WH-LAG1,PRD-0006,21,52500
2025-03-31,WH-LAG2,PRD-0006,40,100000
2025-03-31,WH-IBD,PRD-0006,21,52500
2025-03-31,WH-ABJ,PRD-0006,18,45000
2025-03-31,WH-PHC,PRD-0006,25,62500
2025-03-31,WH-LAG1,PRD-0007,65,897000
2025-03-31,WH-LAG2,PRD-0007,26,358800
2025-03-31,WH-IBD,PRD-0007,21,289800
2025-03-31,WH-ABJ,PRD-0007,139,1918200
2025-03-31,WH-PHC,PRD-0007,98,1352400
2025-03-31,WH-LAG1,PRD-0008,82,1107000
2025-03-31,WH-LAG2,PRD-0008,43,580500
2025-03-31,WH-IBD,PRD-0008,19,256500
2025-03-31,WH-ABJ,PRD-0008,71,958500
2025-03-31,WH-PHC,PRD-0008,24,324000
2025-03-31,WH-LAG1,PRD-0009,25,355000
2025-03-31,WH-LAG2,PRD-0009,23,326600
2025-03-31,WH-IBD,PRD-0009,14,198800
2025-03-31,WH-ABJ,PRD-0009,12,170400
2025-03-31,WH-PHC,PRD-0009,11,156200
2025-03-31,WH-LAG1,PRD-0010,29,382800
2025-03-31,WH-LAG2,PRD-0010,24,316800
2025-03-31,WH-IBD,PRD-0010,20,264000
2025-03-31,WH-ABJ,PRD-0010,11,145200
2025-03-31,WH-PHC,PRD-0010,18,237600
2025-03-31,WH-LAG1,PRD-0011,202,2807800
2025-03-31,WH-LAG2,PRD-0011,49,681100
2025-03-31,WH-IBD,PRD-0011,44,611600
2025-03-31,WH-ABJ,PRD-0011,85,1181500
2025-03-31,WH-PHC,PRD-0011,102,1417800
2025-03-31,WH-LAG1,PRD-0012,81,1166400
2025-03-31,WH-LAG2,PRD-0012,54,777600
2025-03-31,WH-IBD,PRD-0012,23,331200
2025-03-31,WH-ABJ,PRD-0012,14,201600
2025-03-31,WH-PHC,PRD-0012,14,201600
2025-03-31,WH-LAG1,PRD-0013,26,254800
2025-03-31,WH-LAG2,PRD-0013,3,29400
2025-03-31,WH-IBD,PRD-0013,3,29400
2025-03-31,WH-ABJ,PRD-0013,13,127400
2025-03-31,WH-PHC,PRD-0013,23,225400
2025-03-31,WH-LAG1,PRD-0014,15,168000
2025-03-31,WH-LAG2,PRD-0014,5,56000
2025-03-31,WH-IBD,PRD-0014,17,190400
2025-03-31,WH-ABJ,PRD-0014,5,56000
2025-03-31,WH-PHC,PRD-0014,17,190400
2025-03-31,WH-LAG1,PRD-0015,57,393300
2025-03-31,WH-LAG2,PRD-0015,12,82800
2025-03-31,WH-IBD,PRD-0015,32,220800
2025-03-31,WH-ABJ,PRD-0015,52,358800
2025-03-31,WH-PHC,PRD-0015,66,455400
2025-03-31,WH-LAG1,PRD-0016,152,5244000
2025-03-31,WH-LAG2,PRD-0016,40,1380000
2025-03-31,WH-IBD,PRD-0016,41,1414500
2025-03-31,WH-ABJ,PRD-0016,149,5140500
2025-03-31,WH-PHC,PRD-0016,19,655500
2025-03-31,WH-LAG1,PRD-0017,65,2067000
2025-03-31,WH-LAG2,PRD-0017,44,1399200
2025-03-31,WH-IBD,PRD-0017,25,795000
2025-03-31,WH-ABJ,PRD-0017,0,0
2025-03-31,WH-PHC,PRD-0017,24,763200
2025-03-31,WH-LAG1,PRD-0018,146,7037200
2025-03-31,WH-LAG2,PRD-0018,74,3566800
2025-03-31,WH-IBD,PRD-0018,96,4627200
2025-03-31,WH-ABJ,PRD-0018,33,1590600
2025-03-31,WH-PHC,PRD-0018,66,3181200
2025-03-31,WH-LAG1,PRD-0019,127,3352800
2025-03-31,WH-LAG2,PRD-0019,101,2666400
2025-03-31,WH-IBD,PRD-0019,67,1768800
2025-03-31,WH-ABJ,PRD-0019,58,1531200
2025-03-31,WH-PHC,PRD-0019,42,1108800
2025-03-31,WH-LAG1,PRD-0020,134,3189200
2025-03-31,WH-LAG2,PRD-0020,97,2308600
2025-03-31,WH-IBD,PRD-0020,0,0
2025-03-31,WH-ABJ,PRD-0020,93,2213400
2025-03-31,WH-PHC,PRD-0020,90,2142000
2025-03-31,WH-LAG1,PRD-0021,50,740000
2025-03-31,WH-LAG2,PRD-0021,23,340400
2025-03-31,WH-IBD,PRD-0021,48,710400
2025-03-31,WH-ABJ,PRD-0021,27,399600
2025-03-31,WH-PHC,PRD-0021,24,355200
2025-03-31,WH-LAG1,PRD-0022,16,153600
2025-03-31,WH-LAG2,PRD-0022,11,105600
2025-03-31,WH-IBD,PRD-0022,11,105600
2025-03-31,WH-ABJ,PRD-0022,11,105600
2025-03-31,WH-PHC,PRD-0022,25,240000
2025-03-31,WH-LAG1,PRD-0023,96,1286400
2025-03-31,WH-LAG2,PRD-0023,52,696800
2025-03-31,WH-IBD,PRD-0023,32,428800
2025-03-31,WH-ABJ,PRD-0023,126,1688400
2025-03-31,WH-PHC,PRD-0023,48,643200
2025-03-31,WH-LAG1,PRD-0024,53,413400
2025-03-31,WH-LAG2,PRD-0024,46,358800
2025-03-31,WH-IBD,PRD-0024,0,0
2025-03-31,WH-ABJ,PRD-0024,39,304200
2025-03-31,WH-PHC,PRD-0024,33,257400
2025-03-31,WH-LAG1,PRD-0025,12,51600
2025-03-31,WH-LAG2,PRD-0025,29,124700
2025-03-31,WH-IBD,PRD-0025,59,253700
2025-03-31,WH-ABJ,PRD-0025,33,141900
2025-03-31,WH-PHC,PRD-0025,56,240800
2025-03-31,WH-LAG1,PRD-0026,107,385200
2025-03-31,WH-LAG2,PRD-0026,31,111600
2025-03-31,WH-IBD,PRD-0026,10,36000
2025-03-31,WH-ABJ,PRD-0026,59,212400
2025-03-31,WH-PHC,PRD-0026,29,104400
2025-03-31,WH-LAG1,PRD-0027,44,167200
2025-03-31,WH-LAG2,PRD-0027,20,76000
2025-03-31,WH-IBD,PRD-0027,11,41800
2025-03-31,WH-ABJ,PRD-0027,33,125400
2025-03-31,WH-PHC,PRD-0027,10,38000
2025-03-31,WH-LAG1,PRD-0028,106,424000
2025-03-31,WH-LAG2,PRD-0028,34,136000
2025-03-31,WH-IBD,PRD-0028,34,136000
2025-03-31,WH-ABJ,PRD-0028,64,256000
2025-03-31,WH-PHC,PRD-0028,57,228000
2025-03-31,WH-LAG1,PRD-0029,51,453900
2025-03-31,WH-LAG2,PRD-0029,9,80100
2025-03-31,WH-IBD,PRD-0029,35,311500
2025-03-31,WH-ABJ,PRD-0029,7,62300
2025-03-31,WH-PHC,PRD-0029,3,26700
2025-03-31,WH-LAG1,PRD-0030,41,881500
2025-03-31,WH-LAG2,PRD-0030,10,215000
2025-03-31,WH-IBD,PRD-0030,18,387000
2025-03-31,WH-ABJ,PRD-0030,22,473000
2025-03-31,WH-PHC,PRD-0030,15,322500
2025-03-31,WH-LAG1,PRD-0031,66,1993200
2025-03-31,WH-LAG2,PRD-0031,145,4379000
2025-03-31,WH-IBD,PRD-0031,112,3382400
2025-03-31,WH-ABJ,PRD-0031,119,3593800
2025-03-31,WH-PHC,PRD-0031,86,2597200
2025-03-31,WH-LAG1,PRD-0032,24,403200
2025-03-31,WH-LAG2,PRD-0032,25,420000
2025-03-31,WH-IBD,PRD-0032,10,168000
2025-03-31,WH-ABJ,PRD-0032,0,0
2025-03-31,WH-PHC,PRD-0032,9,151200
2025-03-31,WH-LAG1,PRD-0033,50,470000
2025-03-31,WH-LAG2,PRD-0033,34,319600
2025-03-31,WH-IBD,PRD-0033,21,197400
2025-03-31,WH-ABJ,PRD-0033,10,94000
2025-03-31,WH-PHC,PRD-0033,52,488800
2025-03-31,WH-LAG1,PRD-0034,42,541800
2025-03-31,WH-LAG2,PRD-0034,7,90300
2025-03-31,WH-IBD,PRD-0034,9,116100
2025-03-31,WH-ABJ,PRD-0034,11,141900
2025-03-31,WH-PHC,PRD-0034,9,116100
2025-03-31,WH-LAG1,PRD-0035,61,719800
2025-03-31,WH-LAG2,PRD-0035,30,354000
2025-03-31,WH-IBD,PRD-0035,84,991200
2025-03-31,WH-ABJ,PRD-0035,76,896800
2025-03-31,WH-PHC,PRD-0035,70,826000
2025-03-31,WH-LAG1,PRD-0036,34,530400
2025-03-31,WH-LAG2,PRD-0036,30,468000
2025-03-31,WH-IBD,PRD-0036,45,702000
2025-03-31,WH-ABJ,PRD-0036,13,202800
2025-03-31,WH-PHC,PRD-0036,16,249600
2025-03-31,WH-LAG1,PRD-0037,115,2277000
2025-03-31,WH-LAG2,PRD-0037,0,0
2025-03-31,WH-IBD,PRD-0037,113,2237400
2025-03-31,WH-ABJ,PRD-0037,137,2712600
2025-03-31,WH-PHC,PRD-0037,129,2554200
2025-03-31,WH-LAG1,PRD-0038,4,47600
2025-03-31,WH-LAG2,PRD-0038,8,95200
2025-03-31,WH-IBD,PRD-0038,29,345100
2025-03-31,WH-ABJ,PRD-0038,4,47600
2025-03-31,WH-PHC,PRD-0038,10,119000
2025-03-31,WH-LAG1,PRD-0039,353,4377200
2025-03-31,WH-LAG2,PRD-0039,119,1475600
2025-03-31,WH-IBD,PRD-0039,54,669600
2025-03-31,WH-ABJ,PRD-0039,182,2256800
2025-03-31,WH-PHC,PRD-0039,136,1686400
2025-03-31,WH-LAG1,PRD-0040,50,560000
2025-03-31,WH-LAG2,PRD-0040,25,280000
2025-03-31,WH-IBD,PRD-0040,25,280000
2025-03-31,WH-ABJ,PRD-0040,47,526400
2025-03-31,WH-PHC,PRD-0040,58,649600
2025-03-31,WH-LAG1,PRD-0041,58,301600
2025-03-31,WH-LAG2,PRD-0041,73,379600
2025-03-31,WH-IBD,PRD-0041,64,332800
2025-03-31,WH-ABJ,PRD-0041,25,130000
2025-03-31,WH-PHC,PRD-0041,80,416000
2025-03-31,WH-LAG1,PRD-0042,15,328500
2025-03-31,WH-LAG2,PRD-0042,10,219000
2025-03-31,WH-IBD,PRD-0042,8,175200
2025-03-31,WH-ABJ,PRD-0042,23,503700
2025-03-31,WH-PHC,PRD-0042,11,240900
2025-03-31,WH-LAG1,PRD-0043,50,760000
2025-03-31,WH-LAG2,PRD-0043,36,547200
2025-03-31,WH-IBD,PRD-0043,70,1064000
2025-03-31,WH-ABJ,PRD-0043,74,1124800
2025-03-31,WH-PHC,PRD-0043,71,1079200
2025-03-31,WH-LAG1,PRD-0044,9,61200
2025-03-31,WH-LAG2,PRD-0044,10,68000
2025-03-31,WH-IBD,PRD-0044,8,54400
2025-03-31,WH-ABJ,PRD-0044,5,34000
2025-03-31,WH-PHC,PRD-0044,8,54400
2025-03-31,WH-LAG1,PRD-0045,12,74400
2025-03-31,WH-LAG2,PRD-0045,59,365800
2025-03-31,WH-IBD,PRD-0045,47,291400
2025-03-31,WH-ABJ,PRD-0045,89,551800
2025-03-31,WH-PHC,PRD-0045,29,179800
2025-03-31,WH-LAG1,PRD-0046,2,27600
2025-03-31,WH-LAG2,PRD-0046,82,1131600
2025-03-31,WH-IBD,PRD-0046,54,745200
2025-03-31,WH-ABJ,PRD-0046,46,634800
2025-03-31,WH-PHC,PRD-0046,41,565800
2025-03-31,WH-LAG1,PRD-0047,124,2008800
2025-03-31,WH-LAG2,PRD-0047,0,0
2025-03-31,WH-IBD,PRD-0047,20,324000
2025-03-31,WH-ABJ,PRD-0047,22,356400
2025-03-31,WH-PHC,PRD-0047,49,793800
2025-03-31,WH-LAG1,PRD-0048,113,1638500
2025-03-31,WH-LAG2,PRD-0048,46,667000
2025-03-31,WH-IBD,PRD-0048,31,449500
2025-03-31,WH-ABJ,PRD-0048,67,971500
2025-03-31,WH-PHC,PRD-0048,59,855500
2025-03-31,WH-LAG1,PRD-0049,41,569900
2025-03-31,WH-LAG2,PRD-0049,43,597700
2025-03-31,WH-IBD,PRD-0049,16,222400
2025-03-31,WH-ABJ,PRD-0049,66,917400
2025-03-31,WH-PHC,PRD-0049,64,889600
2025-03-31,WH-LAG1,PRD-0050,78,358800
2025-03-31,WH-LAG2,PRD-0050,0,0
2025-03-31,WH-IBD,PRD-0050,43,197800
2025-03-31,WH-ABJ,PRD-0050,0,0
2025-03-31,WH-PHC,PRD-0050,0,0
2025-03-31,WH-LAG1,PRD-0051,239,8317200
2025-03-31,WH-LAG2,PRD-0051,99,3445200
2025-03-31,WH-IBD,PRD-0051,104,3619200
2025-03-31,WH-ABJ,PRD-0051,48,1670400
2025-03-31,WH-PHC,PRD-0051,95,3306000
2025-03-31,WH-LAG1,PRD-0052,35,1186500
2025-03-31,WH-LAG2,PRD-0052,13,440700
2025-03-31,WH-IBD,PRD-0052,16,542400
2025-03-31,WH-ABJ,PRD-0052,15,508500
2025-03-31,WH-PHC,PRD-0052,4,135600
2025-03-31,WH-LAG1,PRD-0053,21,688800
2025-03-31,WH-LAG2,PRD-0053,6,196800
2025-03-31,WH-IBD,PRD-0053,7,229600
2025-03-31,WH-ABJ,PRD-0053,6,196800
2025-03-31,WH-PHC,PRD-0053,8,262400
2025-03-31,WH-LAG1,PRD-0054,47,639200
2025-03-31,WH-LAG2,PRD-0054,19,258400
2025-03-31,WH-IBD,PRD-0054,37,503200
2025-03-31,WH-ABJ,PRD-0054,42,571200
2025-03-31,WH-PHC,PRD-0054,49,666400
2025-03-31,WH-LAG1,PRD-0055,89,1228200
2025-03-31,WH-LAG2,PRD-0055,17,234600
2025-03-31,WH-IBD,PRD-0055,62,855600
2025-03-31,WH-ABJ,PRD-0055,41,565800
2025-03-31,WH-PHC,PRD-0055,48,662400
2025-03-31,WH-LAG1,PRD-0056,97,2075800
2025-03-31,WH-LAG2,PRD-0056,17,363800
2025-03-31,WH-IBD,PRD-0056,16,342400
2025-03-31,WH-ABJ,PRD-0056,27,577800
2025-03-31,WH-PHC,PRD-0056,43,920200
2025-03-31,WH-LAG1,PRD-0057,94,1485200
2025-03-31,WH-LAG2,PRD-0057,74,1169200
2025-03-31,WH-IBD,PRD-0057,181,2859800
2025-03-31,WH-ABJ,PRD-0057,182,2875600
2025-03-31,WH-PHC,PRD-0057,167,2638600
2025-03-31,WH-LAG1,PRD-0058,82,1221800
2025-03-31,WH-LAG2,PRD-0058,29,432100
2025-03-31,WH-IBD,PRD-0058,53,789700
2025-03-31,WH-ABJ,PRD-0058,59,879100
2025-03-31,WH-PHC,PRD-0058,70,1043000
2025-03-31,WH-LAG1,PRD-0059,72,3060000
2025-03-31,WH-LAG2,PRD-0059,52,2210000
2025-03-31,WH-IBD,PRD-0059,33,1402500
2025-03-31,WH-ABJ,PRD-0059,26,1105000
2025-03-31,WH-PHC,PRD-0059,12,510000
2025-03-31,WH-LAG1,PRD-0060,243,11615400
2025-03-31,WH-LAG2,PRD-0060,113,5401400
2025-03-31,WH-IBD,PRD-0060,68,3250400
2025-03-31,WH-ABJ,PRD-0060,33,1577400
2025-03-31,WH-PHC,PRD-0060,127,6070600
2025-03-31,WH-LAG1,PRD-0061,188,2406400
2025-03-31,WH-LAG2,PRD-0061,77,985600
2025-03-31,WH-IBD,PRD-0061,79,1011200
2025-03-31,WH-ABJ,PRD-0061,133,1702400
2025-03-31,WH-PHC,PRD-0061,50,640000
2025-03-31,WH-LAG1,PRD-0062,83,1128800
2025-03-31,WH-LAG2,PRD-0062,66,897600
2025-03-31,WH-IBD,PRD-0062,28,380800
2025-03-31,WH-ABJ,PRD-0062,45,612000
2025-03-31,WH-PHC,PRD-0062,71,965600
2025-03-31,WH-LAG1,PRD-0063,84,999600
2025-03-31,WH-LAG2,PRD-0063,31,368900
2025-03-31,WH-IBD,PRD-0063,21,249900
2025-03-31,WH-ABJ,PRD-0063,46,547400
2025-03-31,WH-PHC,PRD-0063,43,511700
2025-03-31,WH-LAG1,PRD-0064,0,0
2025-03-31,WH-LAG2,PRD-0064,68,2094400
2025-03-31,WH-IBD,PRD-0064,0,0
2025-03-31,WH-ABJ,PRD-0064,93,2864400
2025-03-31,WH-PHC,PRD-0064,9,277200
2025-03-31,WH-LAG1,PRD-0065,161,4250400
2025-03-31,WH-LAG2,PRD-0065,64,1689600
2025-03-31,WH-IBD,PRD-0065,14,369600
2025-03-31,WH-ABJ,PRD-0065,64,1689600
2025-03-31,WH-PHC,PRD-0065,100,2640000
2025-03-31,WH-LAG1,PRD-0066,13,574600
2025-03-31,WH-LAG2,PRD-0066,3,132600
2025-03-31,WH-IBD,PRD-0066,10,442000
2025-03-31,WH-ABJ,PRD-0066,9,397800
2025-03-31,WH-PHC,PRD-0066,9,397800
2025-03-31,WH-LAG1,PRD-0067,134,1393600
2025-03-31,WH-LAG2,PRD-0067,90,936000
2025-03-31,WH-IBD,PRD-0067,39,405600
2025-03-31,WH-ABJ,PRD-0067,68,707200
2025-03-31,WH-PHC,PRD-0067,30,312000
2025-03-31,WH-LAG1,PRD-0068,244,3220800
2025-03-31,WH-LAG2,PRD-0068,56,739200
2025-03-31,WH-IBD,PRD-0068,111,1465200
2025-03-31,WH-ABJ,PRD-0068,164,2164800
2025-03-31,WH-PHC,PRD-0068,55,726000
2025-03-31,WH-LAG1,PRD-0069,19,262200
2025-03-31,WH-LAG2,PRD-0069,13,179400
2025-03-31,WH-IBD,PRD-0069,0,0
2025-03-31,WH-ABJ,PRD-0069,21,289800
2025-03-31,WH-PHC,PRD-0069,22,303600
2025-03-31,WH-LAG1,PRD-0070,55,847000
2025-03-31,WH-LAG2,PRD-0070,11,169400
2025-03-31,WH-IBD,PRD-0070,32,492800
2025-03-31,WH-ABJ,PRD-0070,61,939400
2025-03-31,WH-PHC,PRD-0070,28,431200
2025-03-31,WH-LAG1,PRD-0071,18,266400
2025-03-31,WH-LAG2,PRD-0071,24,355200
2025-03-31,WH-IBD,PRD-0071,21,310800
2025-03-31,WH-ABJ,PRD-0071,20,296000
2025-03-31,WH-PHC,PRD-0071,16,236800
2025-03-31,WH-LAG1,PRD-0072,29,945400
2025-03-31,WH-LAG2,PRD-0072,53,1727800
2025-03-31,WH-IBD,PRD-0072,26,847600
2025-03-31,WH-ABJ,PRD-0072,47,1532200
2025-03-31,WH-PHC,PRD-0072,24,782400
2025-03-31,WH-LAG1,PRD-0073,40,1192000
2025-03-31,WH-LAG2,PRD-0073,1,29800
2025-03-31,WH-IBD,PRD-0073,22,655600
2025-03-31,WH-ABJ,PRD-0073,16,476800
2025-03-31,WH-PHC,PRD-0073,13,387400
2025-03-31,WH-LAG1,PRD-0074,211,6203400
2025-03-31,WH-LAG2,PRD-0074,82,2410800
2025-03-31,WH-IBD,PRD-0074,17,499800
2025-03-31,WH-ABJ,PRD-0074,95,2793000
2025-03-31,WH-PHC,PRD-0074,70,2058000
2025-03-31,WH-LAG1,PRD-0075,48,1286400
2025-03-31,WH-LAG2,PRD-0075,24,643200
2025-03-31,WH-IBD,PRD-0075,18,482400
2025-03-31,WH-ABJ,PRD-0075,19,509200
2025-03-31,WH-PHC,PRD-0075,29,777200
2025-03-31,WH-LAG1,PRD-0076,78,1825200
2025-03-31,WH-LAG2,PRD-0076,32,748800
2025-03-31,WH-IBD,PRD-0076,50,1170000
2025-03-31,WH-ABJ,PRD-0076,88,2059200
2025-03-31,WH-PHC,PRD-0076,95,2223000
2025-03-31,WH-LAG1,PRD-0077,279,7142400
2025-03-31,WH-LAG2,PRD-0077,135,3456000
2025-03-31,WH-IBD,PRD-0077,97,2483200
2025-03-31,WH-ABJ,PRD-0077,63,1612800
2025-03-31,WH-PHC,PRD-0077,116,2969600
2025-03-31,WH-LAG1,PRD-0078,96,2668800
2025-03-31,WH-LAG2,PRD-0078,51,1417800
2025-03-31,WH-IBD,PRD-0078,42,1167600
2025-03-31,WH-ABJ,PRD-0078,117,3252600
2025-03-31,WH-PHC,PRD-0078,62,1723600
2025-03-31,WH-LAG1,PRD-0079,70,2695000
2025-03-31,WH-LAG2,PRD-0079,52,2002000
2025-03-31,WH-IBD,PRD-0079,16,616000
2025-03-31,WH-ABJ,PRD-0079,52,2002000
2025-03-31,WH-PHC,PRD-0079,48,1848000
2025-03-31,WH-LAG1,PRD-0080,107,2097200
2025-03-31,WH-LAG2,PRD-0080,34,666400
2025-03-31,WH-IBD,PRD-0080,48,940800
2025-03-31,WH-ABJ,PRD-0080,67,1313200
2025-03-31,WH-PHC,PRD-0080,40,784000
2025-03-31,WH-LAG1,PRD-0081,171,5540400
2025-03-31,WH-LAG2,PRD-0081,81,2624400
2025-03-31,WH-IBD,PRD-0081,41,1328400
2025-03-31,WH-ABJ,PRD-0081,92,2980800
2025-03-31,WH-PHC,PRD-0081,18,583200
2025-03-31,WH-LAG1,PRD-0082,124,3199200
2025-03-31,WH-LAG2,PRD-0082,106,2734800
2025-03-31,WH-IBD,PRD-0082,99,2554200
2025-03-31,WH-ABJ,PRD-0082,46,1186800
2025-03-31,WH-PHC,PRD-0082,32,825600
2025-03-31,WH-LAG1,PRD-0083,285,5244000
2025-03-31,WH-LAG2,PRD-0083,126,2318400
2025-03-31,WH-IBD,PRD-0083,116,2134400
2025-03-31,WH-ABJ,PRD-0083,145,2668000
2025-03-31,WH-PHC,PRD-0083,83,1527200
2025-03-31,WH-LAG1,PRD-0084,255,5508000
2025-03-31,WH-LAG2,PRD-0084,112,2419200
2025-03-31,WH-IBD,PRD-0084,33,712800
2025-03-31,WH-ABJ,PRD-0084,3,64800
2025-03-31,WH-PHC,PRD-0084,89,1922400
2025-03-31,WH-LAG1,PRD-0085,144,3772800
2025-03-31,WH-LAG2,PRD-0085,89,2331800
2025-03-31,WH-IBD,PRD-0085,72,1886400
2025-03-31,WH-ABJ,PRD-0085,59,1545800
2025-03-31,WH-PHC,PRD-0085,0,0
2025-03-31,WH-LAG1,PRD-0086,126,2998800
2025-03-31,WH-LAG2,PRD-0086,238,5664400
2025-03-31,WH-IBD,PRD-0086,148,3522400
2025-03-31,WH-ABJ,PRD-0086,48,1142400
2025-03-31,WH-PHC,PRD-0086,151,3593800
2025-03-31,WH-LAG1,PRD-0087,21,394800
2025-03-31,WH-LAG2,PRD-0087,1,18800
2025-03-31,WH-IBD,PRD-0087,23,432400
2025-03-31,WH-ABJ,PRD-0087,5,94000
2025-03-31,WH-PHC,PRD-0087,8,150400
2025-03-31,WH-LAG1,PRD-0088,41,508400
2025-03-31,WH-LAG2,PRD-0088,7,86800
2025-03-31,WH-IBD,PRD-0088,53,657200
2025-03-31,WH-ABJ,PRD-0088,63,781200
2025-03-31,WH-PHC,PRD-0088,49,607600
2025-03-31,WH-LAG1,PRD-0089,22,246400
2025-03-31,WH-LAG2,PRD-0089,22,246400
2025-03-31,WH-IBD,PRD-0089,48,537600
2025-03-31,WH-ABJ,PRD-0089,32,358400
2025-03-31,WH-PHC,PRD-0089,23,257600
2025-03-31,WH-LAG1,PRD-0090,1409,40297400
2025-03-31,WH-LAG2,PRD-0090,775,22165000
2025-03-31,WH-IBD,PRD-0090,537,15358200
2025-03-31,WH-ABJ,PRD-0090,1093,31259800
2025-03-31,WH-PHC,PRD-0090,522,14929200
2025-03-31,WH-LAG1,PRD-0091,0,0
2025-03-31,WH-LAG2,PRD-0091,48,1036800
2025-03-31,WH-IBD,PRD-0091,70,1512000
2025-03-31,WH-ABJ,PRD-0091,75,1620000
2025-03-31,WH-PHC,PRD-0091,77,1663200
2025-03-31,WH-LAG1,PRD-0092,31,768800
2025-03-31,WH-LAG2,PRD-0092,30,744000
2025-03-31,WH-IBD,PRD-0092,38,942400
2025-03-31,WH-ABJ,PRD-0092,18,446400
2025-03-31,WH-PHC,PRD-0092,21,520800
2025-03-31,WH-LAG1,PRD-0093,114,2211600
2025-03-31,WH-LAG2,PRD-0093,47,911800
2025-03-31,WH-IBD,PRD-0093,109,2114600
2025-03-31,WH-ABJ,PRD-0093,95,1843000
2025-03-31,WH-PHC,PRD-0093,124,2405600
2025-03-31,WH-LAG1,PRD-0094,25,470000
2025-03-31,WH-LAG2,PRD-0094,10,188000
2025-03-31,WH-IBD,PRD-0094,23,432400
2025-03-31,WH-ABJ,PRD-0094,9,169200
2025-03-31,WH-PHC,PRD-0094,9,169200
2025-03-31,WH-LAG1,PRD-0095,4,67600
2025-03-31,WH-LAG2,PRD-0095,23,388700
2025-03-31,WH-IBD,PRD-0095,24,405600
2025-03-31,WH-ABJ,PRD-0095,23,388700
2025-03-31,WH-PHC,PRD-0095,20,338000
2025-03-31,WH-LAG1,PRD-0096,16,291200
2025-03-31,WH-LAG2,PRD-0096,5,91000
2025-03-31,WH-IBD,PRD-0096,25,455000
2025-03-31,WH-ABJ,PRD-0096,12,218400
2025-03-31,WH-PHC,PRD-0096,18,327600
2025-03-31,WH-LAG1,PRD-0097,52,925600
2025-03-31,WH-LAG2,PRD-0097,10,178000
2025-03-31,WH-IBD,PRD-0097,26,462800
2025-03-31,WH-ABJ,PRD-0097,27,480600
2025-03-31,WH-PHC,PRD-0097,13,231400
2025-03-31,WH-LAG1,PRD-0098,265,3551000
2025-03-31,WH-LAG2,PRD-0098,99,1326600
2025-03-31,WH-IBD,PRD-0098,109,1460600
2025-03-31,WH-ABJ,PRD-0098,111,1487400
2025-03-31,WH-PHC,PRD-0098,187,2505800
2025-03-31,WH-LAG1,PRD-0099,26,327600
2025-03-31,WH-LAG2,PRD-0099,16,201600
2025-03-31,WH-IBD,PRD-0099,11,138600
2025-03-31,WH-ABJ,PRD-0099,0,0
2025-03-31,WH-PHC,PRD-0099,0,0
2025-03-31,WH-LAG1,PRD-0100,529,8887200
2025-03-31,WH-LAG2,PRD-0100,0,0
2025-03-31,WH-IBD,PRD-0100,118,1982400
2025-03-31,WH-ABJ,PRD-0100,39,655200
2025-03-31,WH-PHC,PRD-0100,321,5392800
2025-03-31,WH-LAG1,PRD-0101,36,662400
2025-03-31,WH-LAG2,PRD-0101,33,607200
2025-03-31,WH-IBD,PRD-0101,32,588800
2025-03-31,WH-ABJ,PRD-0101,0,0
2025-03-31,WH-PHC,PRD-0101,15,276000
2025-03-31,WH-LAG1,PRD-0102,51,724200
2025-03-31,WH-LAG2,PRD-0102,67,951400
2025-03-31,WH-IBD,PRD-0102,20,284000
2025-03-31,WH-ABJ,PRD-0102,43,610600
2025-03-31,WH-PHC,PRD-0102,53,752600
2025-03-31,WH-LAG1,PRD-0103,110,3278000
2025-03-31,WH-LAG2,PRD-0103,5,149000
2025-03-31,WH-IBD,PRD-0103,55,1639000
2025-03-31,WH-ABJ,PRD-0103,63,1877400
2025-03-31,WH-PHC,PRD-0103,71,2115800
2025-03-31,WH-LAG1,PRD-0104,18,248400
2025-03-31,WH-LAG2,PRD-0104,21,289800
2025-03-31,WH-IBD,PRD-0104,18,248400
2025-03-31,WH-ABJ,PRD-0104,45,621000
2025-03-31,WH-PHC,PRD-0104,27,372600
2025-03-31,WH-LAG1,PRD-0105,33,1141800
2025-03-31,WH-LAG2,PRD-0105,15,519000
2025-03-31,WH-IBD,PRD-0105,25,865000
2025-03-31,WH-ABJ,PRD-0105,46,1591600
2025-03-31,WH-PHC,PRD-0105,37,1280200
2025-03-31,WH-LAG1,PRD-0106,51,1672800
2025-03-31,WH-LAG2,PRD-0106,3,98400
2025-03-31,WH-IBD,PRD-0106,27,885600
2025-03-31,WH-ABJ,PRD-0106,21,688800
2025-03-31,WH-PHC,PRD-0106,23,754400
2025-03-31,WH-LAG1,PRD-0107,58,1937200
2025-03-31,WH-LAG2,PRD-0107,3,100200
2025-03-31,WH-IBD,PRD-0107,24,801600
2025-03-31,WH-ABJ,PRD-0107,16,534400
2025-03-31,WH-PHC,PRD-0107,24,801600
2025-03-31,WH-LAG1,PRD-0108,293,7852400
2025-03-31,WH-LAG2,PRD-0108,138,3698400
2025-03-31,WH-IBD,PRD-0108,50,1340000
2025-03-31,WH-ABJ,PRD-0108,245,6566000
2025-03-31,WH-PHC,PRD-0108,101,2706800
2025-03-31,WH-LAG1,PRD-0109,153,4039200
2025-03-31,WH-LAG2,PRD-0109,15,396000
2025-03-31,WH-IBD,PRD-0109,98,2587200
2025-03-31,WH-ABJ,PRD-0109,90,2376000
2025-03-31,WH-PHC,PRD-0109,45,1188000
2025-03-31,WH-LAG1,PRD-0110,25,620000
2025-03-31,WH-LAG2,PRD-0110,25,620000
2025-03-31,WH-IBD,PRD-0110,10,248000
2025-03-31,WH-ABJ,PRD-0110,31,768800
2025-03-31,WH-PHC,PRD-0110,35,868000
2025-03-31,WH-LAG1,PRD-0111,93,911400
2025-03-31,WH-LAG2,PRD-0111,54,529200
2025-03-31,WH-IBD,PRD-0111,69,676200
2025-03-31,WH-ABJ,PRD-0111,52,509600
2025-03-31,WH-PHC,PRD-0111,58,568400
2025-03-31,WH-LAG1,PRD-0112,19,224200
2025-03-31,WH-LAG2,PRD-0112,10,118000
2025-03-31,WH-IBD,PRD-0112,10,118000
2025-03-31,WH-ABJ,PRD-0112,9,106200
2025-03-31,WH-PHC,PRD-0112,21,247800
2025-03-31,WH-LAG1,PRD-0113,109,937400
2025-03-31,WH-LAG2,PRD-0113,33,283800
2025-03-31,WH-IBD,PRD-0113,60,516000
2025-03-31,WH-ABJ,PRD-0113,61,524600
2025-03-31,WH-PHC,PRD-0113,98,842800
2025-03-31,WH-LAG1,PRD-0114,25,305000
2025-03-31,WH-LAG2,PRD-0114,10,122000
2025-03-31,WH-IBD,PRD-0114,20,244000
2025-03-31,WH-ABJ,PRD-0114,21,256200
2025-03-31,WH-PHC,PRD-0114,6,73200
2025-03-31,WH-LAG1,PRD-0115,169,2771600
2025-03-31,WH-LAG2,PRD-0115,83,1361200
2025-03-31,WH-IBD,PRD-0115,71,1164400
2025-03-31,WH-ABJ,PRD-0115,13,213200
2025-03-31,WH-PHC,PRD-0115,19,311600
2025-03-31,WH-LAG1,PRD-0116,86,1186800
2025-03-31,WH-LAG2,PRD-0116,14,193200
2025-03-31,WH-IBD,PRD-0116,39,538200
2025-03-31,WH-ABJ,PRD-0116,77,1062600
2025-03-31,WH-PHC,PRD-0116,43,593400
2025-03-31,WH-LAG1,PRD-0117,104,1580800
2025-03-31,WH-LAG2,PRD-0117,16,243200
2025-03-31,WH-IBD,PRD-0117,64,972800
2025-03-31,WH-ABJ,PRD-0117,12,182400
2025-03-31,WH-PHC,PRD-0117,42,638400
2025-03-31,WH-LAG1,PRD-0118,287,5051200
2025-03-31,WH-LAG2,PRD-0118,196,3449600
2025-03-31,WH-IBD,PRD-0118,54,950400
2025-03-31,WH-ABJ,PRD-0118,198,3484800
2025-03-31,WH-PHC,PRD-0118,20,352000
2025-03-31,WH-LAG1,PRD-0119,38,714400
2025-03-31,WH-LAG2,PRD-0119,25,470000
2025-03-31,WH-IBD,PRD-0119,14,263200
2025-03-31,WH-ABJ,PRD-0119,10,188000
2025-03-31,WH-PHC,PRD-0119,1,18800
2025-03-31,WH-LAG1,PRD-0120,254,3149600
2025-03-31,WH-LAG2,PRD-0120,91,1128400
2025-03-31,WH-IBD,PRD-0120,168,2083200
2025-03-31,WH-ABJ,PRD-0120,141,1748400
2025-03-31,WH-PHC,PRD-0120,133,1649200
2025-03-31,WH-LAG1,PRD-0121,255,5508000
2025-03-31,WH-LAG2,PRD-0121,167,3607200
2025-03-31,WH-IBD,PRD-0121,117,2527200
2025-03-31,WH-ABJ,PRD-0121,16,345600
2025-03-31,WH-PHC,PRD-0121,0,0
2025-03-31,WH-LAG1,PRD-0122,139,2057200
2025-03-31,WH-LAG2,PRD-0122,102,1509600
2025-03-31,WH-IBD,PRD-0122,78,1154400
2025-03-31,WH-ABJ,PRD-0122,29,429200
2025-03-31,WH-PHC,PRD-0122,100,1480000
2025-03-31,WH-LAG1,PRD-0123,137,1589200
2025-03-31,WH-LAG2,PRD-0123,50,580000
2025-03-31,WH-IBD,PRD-0123,81,939600
2025-03-31,WH-ABJ,PRD-0123,48,556800
2025-03-31,WH-PHC,PRD-0123,58,672800
2025-03-31,WH-LAG1,PRD-0124,45,306000
2025-03-31,WH-LAG2,PRD-0124,35,238000
2025-03-31,WH-IBD,PRD-0124,28,190400
2025-03-31,WH-ABJ,PRD-0124,14,95200
2025-03-31,WH-PHC,PRD-0124,67,455600
2025-03-31,WH-LAG1,PRD-0125,378,4838400
2025-03-31,WH-LAG2,PRD-0125,106,1356800
2025-03-31,WH-IBD,PRD-0125,235,3008000
2025-03-31,WH-ABJ,PRD-0125,287,3673600
2025-03-31,WH-PHC,PRD-0125,82,1049600
2025-03-31,WH-LAG1,PRD-0126,65,1534000
2025-03-31,WH-LAG2,PRD-0126,13,306800
2025-03-31,WH-IBD,PRD-0126,26,613600
2025-03-31,WH-ABJ,PRD-0126,34,802400
2025-03-31,WH-PHC,PRD-0126,49,1156400
2025-03-31,WH-LAG1,PRD-0127,101,1333200
2025-03-31,WH-LAG2,PRD-0127,18,237600
2025-03-31,WH-IBD,PRD-0127,20,264000
2025-03-31,WH-ABJ,PRD-0127,45,594000
2025-03-31,WH-PHC,PRD-0127,38,501600
2025-03-31,WH-LAG1,PRD-0128,67,1125600
2025-03-31,WH-LAG2,PRD-0128,68,1142400
2025-03-31,WH-IBD,PRD-0128,50,840000
2025-03-31,WH-ABJ,PRD-0128,75,1260000
2025-03-31,WH-PHC,PRD-0128,45,756000
2025-03-31,WH-LAG1,PRD-0129,7,107800
2025-03-31,WH-LAG2,PRD-0129,17,261800
2025-03-31,WH-IBD,PRD-0129,9,138600
2025-03-31,WH-ABJ,PRD-0129,23,354200
2025-03-31,WH-PHC,PRD-0129,19,292600
2025-03-31,WH-LAG1,PRD-0130,40,432000
2025-03-31,WH-LAG2,PRD-0130,34,367200
2025-03-31,WH-IBD,PRD-0130,33,356400
2025-03-31,WH-ABJ,PRD-0130,32,345600
2025-03-31,WH-PHC,PRD-0130,35,378000
2025-03-31,WH-LAG1,PRD-0131,179,4582400
2025-03-31,WH-LAG2,PRD-0131,84,2150400
2025-03-31,WH-IBD,PRD-0131,63,1612800
2025-03-31,WH-ABJ,PRD-0131,44,1126400
2025-03-31,WH-PHC,PRD-0131,17,435200
2025-03-31,WH-LAG1,PRD-0132,0,0
2025-03-31,WH-LAG2,PRD-0132,48,1507200
2025-03-31,WH-IBD,PRD-0132,36,1130400
2025-03-31,WH-ABJ,PRD-0132,20,628000
2025-03-31,WH-PHC,PRD-0132,0,0
2025-03-31,WH-LAG1,PRD-0133,14,333200
2025-03-31,WH-LAG2,PRD-0133,18,428400
2025-03-31,WH-IBD,PRD-0133,29,690200
2025-03-31,WH-ABJ,PRD-0133,49,1166200
2025-03-31,WH-PHC,PRD-0133,8,190400
2025-03-31,WH-LAG1,PRD-0134,63,1877400
2025-03-31,WH-LAG2,PRD-0134,12,357600
2025-03-31,WH-IBD,PRD-0134,31,923800
2025-03-31,WH-ABJ,PRD-0134,58,1728400
2025-03-31,WH-PHC,PRD-0134,8,238400
2025-03-31,WH-LAG1,PRD-0135,109,2877600
2025-03-31,WH-LAG2,PRD-0135,139,3669600
2025-03-31,WH-IBD,PRD-0135,156,4118400
2025-03-31,WH-ABJ,PRD-0135,208,5491200
2025-03-31,WH-PHC,PRD-0135,33,871200
2025-03-31,WH-LAG1,PRD-0136,42,1789200
2025-03-31,WH-LAG2,PRD-0136,37,1576200
2025-03-31,WH-IBD,PRD-0136,25,1065000
2025-03-31,WH-ABJ,PRD-0136,52,2215200
2025-03-31,WH-PHC,PRD-0136,39,1661400
2025-03-31,WH-LAG1,PRD-0137,34,822800
2025-03-31,WH-LAG2,PRD-0137,11,266200
2025-03-31,WH-IBD,PRD-0137,71,1718200
2025-03-31,WH-ABJ,PRD-0137,52,1258400
2025-03-31,WH-PHC,PRD-0137,29,701800
2025-03-31,WH-LAG1,PRD-0138,158,3444400
2025-03-31,WH-LAG2,PRD-0138,56,1220800
2025-03-31,WH-IBD,PRD-0138,25,545000
2025-03-31,WH-ABJ,PRD-0138,28,610400
2025-03-31,WH-PHC,PRD-0138,43,937400
2025-03-31,WH-LAG1,PRD-0139,115,3312000
2025-03-31,WH-LAG2,PRD-0139,69,1987200
2025-03-31,WH-IBD,PRD-0139,22,633600
2025-03-31,WH-ABJ,PRD-0139,32,921600
2025-03-31,WH-PHC,PRD-0139,14,403200
2025-03-31,WH-LAG1,PRD-0140,31,725400
2025-03-31,WH-LAG2,PRD-0140,38,889200
2025-03-31,WH-IBD,PRD-0140,56,1310400
2025-03-31,WH-ABJ,PRD-0140,58,1357200
2025-03-31,WH-PHC,PRD-0140,54,1263600
2025-03-31,WH-LAG1,PRD-0141,89,2741200
2025-03-31,WH-LAG2,PRD-0141,58,1786400
2025-03-31,WH-IBD,PRD-0141,5,154000
2025-03-31,WH-ABJ,PRD-0141,57,1755600
2025-03-31,WH-PHC,PRD-0141,54,1663200
2025-03-31,WH-LAG1,PRD-0142,156,6988800
2025-03-31,WH-LAG2,PRD-0142,79,3539200
2025-03-31,WH-IBD,PRD-0142,78,3494400
2025-03-31,WH-ABJ,PRD-0142,199,8915200
2025-03-31,WH-PHC,PRD-0142,115,5152000
2025-03-31,WH-LAG1,PRD-0143,100,4120000
2025-03-31,WH-LAG2,PRD-0143,27,1112400
2025-03-31,WH-IBD,PRD-0143,43,1771600
2025-03-31,WH-ABJ,PRD-0143,37,1524400
2025-03-31,WH-PHC,PRD-0143,46,1895200
2025-03-31,WH-LAG1,PRD-0144,32,857600
2025-03-31,WH-LAG2,PRD-0144,70,1876000
2025-03-31,WH-IBD,PRD-0144,25,670000
2025-03-31,WH-ABJ,PRD-0144,77,2063600
2025-03-31,WH-PHC,PRD-0144,53,1420400
2025-03-31,WH-LAG1,PRD-0145,227,5765800
2025-03-31,WH-LAG2,PRD-0145,33,838200
2025-03-31,WH-IBD,PRD-0145,92,2336800
2025-03-31,WH-ABJ,PRD-0145,89,2260600
2025-03-31,WH-PHC,PRD-0145,39,990600
2025-03-31,WH-LAG1,PRD-0146,56,1556800
2025-03-31,WH-LAG2,PRD-0146,11,305800
2025-03-31,WH-IBD,PRD-0146,9,250200
2025-03-31,WH-ABJ,PRD-0146,56,1556800
2025-03-31,WH-PHC,PRD-0146,52,1445600
2025-03-31,WH-LAG1,PRD-0147,72,1987200
2025-03-31,WH-LAG2,PRD-0147,19,524400
2025-03-31,WH-IBD,PRD-0147,39,1076400
2025-03-31,WH-ABJ,PRD-0147,17,469200
2025-03-31,WH-PHC,PRD-0147,32,883200
2025-03-31,WH-LAG1,PRD-0148,49,1166200
2025-03-31,WH-LAG2,PRD-0148,46,1094800
2025-03-31,WH-IBD,PRD-0148,0,0
2025-03-31,WH-ABJ,PRD-0148,52,1237600
2025-03-31,WH-PHC,PRD-0148,24,571200
2025-03-31,WH-LAG1,PRD-0149,54,2149200
2025-03-31,WH-LAG2,PRD-0149,27,1074600
2025-03-31,WH-IBD,PRD-0149,0,0
2025-03-31,WH-ABJ,PRD-0149,0,0
2025-03-31,WH-PHC,PRD-0149,18,716400
2025-03-31,WH-LAG1,PRD-0150,10,384000
2025-03-31,WH-LAG2,PRD-0150,89,3417600
2025-03-31,WH-IBD,PRD-0150,37,1420800
2025-03-31,WH-ABJ,PRD-0150,98,3763200
2025-03-31,WH-PHC,PRD-0150,86,3302400
2025-03-31,WH-LAG1,PRD-0151,1149,39755400
2025-03-31,WH-LAG2,PRD-0151,465,16089000
2025-03-31,WH-IBD,PRD-0151,220,7612000
2025-03-31,WH-ABJ,PRD-0151,363,12559800
2025-03-31,WH-PHC,PRD-0151,321,11106600
2025-03-31,WH-LAG1,PRD-0152,38,820800
2025-03-31,WH-LAG2,PRD-0152,9,194400
2025-03-31,WH-IBD,PRD-0152,48,1036800
2025-03-31,WH-ABJ,PRD-0152,30,648000
2025-03-31,WH-PHC,PRD-0152,28,604800
2025-03-31,WH-LAG1,PRD-0153,127,2387600
2025-03-31,WH-LAG2,PRD-0153,81,1522800
2025-03-31,WH-IBD,PRD-0153,147,2763600
2025-03-31,WH-ABJ,PRD-0153,85,1598000
2025-03-31,WH-PHC,PRD-0153,43,808400
2025-03-31,WH-LAG1,PRD-0154,92,3091200
2025-03-31,WH-LAG2,PRD-0154,52,1747200
2025-03-31,WH-IBD,PRD-0154,19,638400
2025-03-31,WH-ABJ,PRD-0154,29,974400
2025-03-31,WH-PHC,PRD-0154,17,571200
2025-03-31,WH-LAG1,PRD-0155,28,1478400
2025-03-31,WH-LAG2,PRD-0155,63,3326400
2025-03-31,WH-IBD,PRD-0155,30,1584000
2025-03-31,WH-ABJ,PRD-0155,39,2059200
2025-03-31,WH-PHC,PRD-0155,65,3432000
2025-03-31,WH-LAG1,PRD-0156,151,6734600
2025-03-31,WH-LAG2,PRD-0156,145,6467000
2025-03-31,WH-IBD,PRD-0156,86,3835600
2025-03-31,WH-ABJ,PRD-0156,112,4995200
2025-03-31,WH-PHC,PRD-0156,127,5664200
2025-03-31,WH-LAG1,PRD-0157,48,902400
2025-03-31,WH-LAG2,PRD-0157,52,977600
2025-03-31,WH-IBD,PRD-0157,48,902400
2025-03-31,WH-ABJ,PRD-0157,118,2218400
2025-03-31,WH-PHC,PRD-0157,81,1522800
2025-03-31,WH-LAG1,PRD-0158,56,1478400
2025-03-31,WH-LAG2,PRD-0158,7,184800
2025-03-31,WH-IBD,PRD-0158,31,818400
2025-03-31,WH-ABJ,PRD-0158,28,739200
2025-03-31,WH-PHC,PRD-0158,9,237600
2025-03-31,WH-LAG1,PRD-0159,30,594000
2025-03-31,WH-LAG2,PRD-0159,44,871200
2025-03-31,WH-IBD,PRD-0159,55,1089000
2025-03-31,WH-ABJ,PRD-0159,7,138600
2025-03-31,WH-PHC,PRD-0159,5,99000
2025-03-31,WH-LAG1,PRD-0160,173,4428800
2025-03-31,WH-LAG2,PRD-0160,105,2688000
2025-03-31,WH-IBD,PRD-0160,225,5760000
2025-03-31,WH-ABJ,PRD-0160,252,6451200
2025-03-31,WH-PHC,PRD-0160,55,1408000
2025-03-31,WH-LAG1,PRD-0161,675,18360000
2025-03-31,WH-LAG2,PRD-0161,415,11288000
2025-03-31,WH-IBD,PRD-0161,363,9873600
2025-03-31,WH-ABJ,PRD-0161,459,12484800
2025-03-31,WH-PHC,PRD-0161,120,3264000
2025-03-31,WH-LAG1,PRD-0162,31,737800
2025-03-31,WH-LAG2,PRD-0162,47,1118600
2025-03-31,WH-IBD,PRD-0162,48,1142400
2025-03-31,WH-ABJ,PRD-0162,36,856800
2025-03-31,WH-PHC,PRD-0162,47,1118600
2025-03-31,WH-LAG1,PRD-0163,74,1598400
2025-03-31,WH-LAG2,PRD-0163,3,64800
2025-03-31,WH-IBD,PRD-0163,16,345600
2025-03-31,WH-ABJ,PRD-0163,14,302400
2025-03-31,WH-PHC,PRD-0163,54,1166400
2025-03-31,WH-LAG1,PRD-0164,85,1428000
2025-03-31,WH-LAG2,PRD-0164,18,302400
2025-03-31,WH-IBD,PRD-0164,44,739200
2025-03-31,WH-ABJ,PRD-0164,58,974400
2025-03-31,WH-PHC,PRD-0164,24,403200
2025-03-31,WH-LAG1,PRD-0165,181,3511400
2025-03-31,WH-LAG2,PRD-0165,182,3530800
2025-03-31,WH-IBD,PRD-0165,33,640200
2025-03-31,WH-ABJ,PRD-0165,22,426800
2025-03-31,WH-PHC,PRD-0165,101,1959400
2025-03-31,WH-LAG1,PRD-0166,254,5537200
2025-03-31,WH-LAG2,PRD-0166,102,2223600
2025-03-31,WH-IBD,PRD-0166,133,2899400
2025-03-31,WH-ABJ,PRD-0166,83,1809400
2025-03-31,WH-PHC,PRD-0166,179,3902200
2025-03-31,WH-LAG1,PRD-0167,128,1382400
2025-03-31,WH-LAG2,PRD-0167,30,324000
2025-03-31,WH-IBD,PRD-0167,61,658800
2025-03-31,WH-ABJ,PRD-0167,30,324000
2025-03-31,WH-PHC,PRD-0167,66,712800
2025-03-31,WH-LAG1,PRD-0168,68,1060800
2025-03-31,WH-LAG2,PRD-0168,45,702000
2025-03-31,WH-IBD,PRD-0168,20,312000
2025-03-31,WH-ABJ,PRD-0168,18,280800
2025-03-31,WH-PHC,PRD-0168,25,390000
2025-03-31,WH-LAG1,PRD-0169,30,402000
2025-03-31,WH-LAG2,PRD-0169,21,281400
2025-03-31,WH-IBD,PRD-0169,39,522600
2025-03-31,WH-ABJ,PRD-0169,28,375200
2025-03-31,WH-PHC,PRD-0169,49,656600
2025-03-31,WH-LAG1,PRD-0170,54,766800
2025-03-31,WH-LAG2,PRD-0170,48,681600
2025-03-31,WH-IBD,PRD-0170,33,468600
2025-03-31,WH-ABJ,PRD-0170,68,965600
2025-03-31,WH-PHC,PRD-0170,28,397600
2025-04-30,WH-LAG1,PRD-0001,43,180600
2025-04-30,WH-LAG2,PRD-0001,0,0
2025-04-30,WH-IBD,PRD-0001,0,0
2025-04-30,WH-ABJ,PRD-0001,20,84000
2025-04-30,WH-PHC,PRD-0001,33,138600
2025-04-30,WH-LAG1,PRD-0002,20,82000
2025-04-30,WH-LAG2,PRD-0002,28,114800
2025-04-30,WH-IBD,PRD-0002,22,90200
2025-04-30,WH-ABJ,PRD-0002,43,176300
2025-04-30,WH-PHC,PRD-0002,29,118900
2025-04-30,WH-LAG1,PRD-0003,34,139400
2025-04-30,WH-LAG2,PRD-0003,16,65600
2025-04-30,WH-IBD,PRD-0003,12,49200
2025-04-30,WH-ABJ,PRD-0003,20,82000
2025-04-30,WH-PHC,PRD-0003,17,69700
2025-04-30,WH-LAG1,PRD-0004,501,1953900
2025-04-30,WH-LAG2,PRD-0004,153,596700
2025-04-30,WH-IBD,PRD-0004,113,440700
2025-04-30,WH-ABJ,PRD-0004,228,889200
2025-04-30,WH-PHC,PRD-0004,218,850200
2025-04-30,WH-LAG1,PRD-0005,50,130000
2025-04-30,WH-LAG2,PRD-0005,29,75400
2025-04-30,WH-IBD,PRD-0005,27,70200
2025-04-30,WH-ABJ,PRD-0005,2,5200
2025-04-30,WH-PHC,PRD-0005,42,109200
2025-04-30,WH-LAG1,PRD-0006,15,37500
2025-04-30,WH-LAG2,PRD-0006,40,100000
2025-04-30,WH-IBD,PRD-0006,21,52500
2025-04-30,WH-ABJ,PRD-0006,0,0
2025-04-30,WH-PHC,PRD-0006,25,62500
2025-04-30,WH-LAG1,PRD-0007,120,1656000
2025-04-30,WH-LAG2,PRD-0007,101,1393800
2025-04-30,WH-IBD,PRD-0007,157,2166600
2025-04-30,WH-ABJ,PRD-0007,106,1462800
2025-04-30,WH-PHC,PRD-0007,93,1283400
2025-04-30,WH-LAG1,PRD-0008,38,513000
2025-04-30,WH-LAG2,PRD-0008,35,472500
2025-04-30,WH-IBD,PRD-0008,46,621000
2025-04-30,WH-ABJ,PRD-0008,67,904500
2025-04-30,WH-PHC,PRD-0008,24,324000
2025-04-30,WH-LAG1,PRD-0009,15,213000
2025-04-30,WH-LAG2,PRD-0009,23,326600
2025-04-30,WH-IBD,PRD-0009,14,198800
2025-04-30,WH-ABJ,PRD-0009,3,42600
2025-04-30,WH-PHC,PRD-0009,0,0
2025-04-30,WH-LAG1,PRD-0010,27,356400
2025-04-30,WH-LAG2,PRD-0010,21,277200
2025-04-30,WH-IBD,PRD-0010,20,264000
2025-04-30,WH-ABJ,PRD-0010,11,145200
2025-04-30,WH-PHC,PRD-0010,18,237600
2025-04-30,WH-LAG1,PRD-0011,113,1570700
2025-04-30,WH-LAG2,PRD-0011,46,639400
2025-04-30,WH-IBD,PRD-0011,65,903500
2025-04-30,WH-ABJ,PRD-0011,103,1431700
2025-04-30,WH-PHC,PRD-0011,56,778400
2025-04-30,WH-LAG1,PRD-0012,58,835200
2025-04-30,WH-LAG2,PRD-0012,54,777600
2025-04-30,WH-IBD,PRD-0012,16,230400
2025-04-30,WH-ABJ,PRD-0012,14,201600
2025-04-30,WH-PHC,PRD-0012,14,201600
2025-04-30,WH-LAG1,PRD-0013,26,254800
2025-04-30,WH-LAG2,PRD-0013,30,294000
2025-04-30,WH-IBD,PRD-0013,26,254800
2025-04-30,WH-ABJ,PRD-0013,8,78400
2025-04-30,WH-PHC,PRD-0013,23,225400
2025-04-30,WH-LAG1,PRD-0014,3,33600
2025-04-30,WH-LAG2,PRD-0014,5,56000
2025-04-30,WH-IBD,PRD-0014,17,190400
2025-04-30,WH-ABJ,PRD-0014,5,56000
2025-04-30,WH-PHC,PRD-0014,17,190400
2025-04-30,WH-LAG1,PRD-0015,43,296700
2025-04-30,WH-LAG2,PRD-0015,3,20700
2025-04-30,WH-IBD,PRD-0015,32,220800
2025-04-30,WH-ABJ,PRD-0015,35,241500
2025-04-30,WH-PHC,PRD-0015,66,455400
2025-04-30,WH-LAG1,PRD-0016,129,4450500
2025-04-30,WH-LAG2,PRD-0016,41,1414500
2025-04-30,WH-IBD,PRD-0016,94,3243000
2025-04-30,WH-ABJ,PRD-0016,124,4278000
2025-04-30,WH-PHC,PRD-0016,104,3588000
2025-04-30,WH-LAG1,PRD-0017,7,222600
2025-04-30,WH-LAG2,PRD-0017,37,1176600
2025-04-30,WH-IBD,PRD-0017,46,1462800
2025-04-30,WH-ABJ,PRD-0017,62,1971600
2025-04-30,WH-PHC,PRD-0017,24,763200
2025-04-30,WH-LAG1,PRD-0018,118,5687600
2025-04-30,WH-LAG2,PRD-0018,41,1976200
2025-04-30,WH-IBD,PRD-0018,89,4289800
2025-04-30,WH-ABJ,PRD-0018,91,4386200
2025-04-30,WH-PHC,PRD-0018,46,2217200
2025-04-30,WH-LAG1,PRD-0019,126,3326400
2025-04-30,WH-LAG2,PRD-0019,101,2666400
2025-04-30,WH-IBD,PRD-0019,67,1768800
2025-04-30,WH-ABJ,PRD-0019,58,1531200
2025-04-30,WH-PHC,PRD-0019,34,897600
2025-04-30,WH-LAG1,PRD-0020,109,2594200
2025-04-30,WH-LAG2,PRD-0020,78,1856400
2025-04-30,WH-IBD,PRD-0020,104,2475200
2025-04-30,WH-ABJ,PRD-0020,75,1785000
2025-04-30,WH-PHC,PRD-0020,84,1999200
2025-04-30,WH-LAG1,PRD-0021,49,725200
2025-04-30,WH-LAG2,PRD-0021,11,162800
2025-04-30,WH-IBD,PRD-0021,48,710400
2025-04-30,WH-ABJ,PRD-0021,27,399600
2025-04-30,WH-PHC,PRD-0021,24,355200
2025-04-30,WH-LAG1,PRD-0022,16,153600
2025-04-30,WH-LAG2,PRD-0022,11,105600
2025-04-30,WH-IBD,PRD-0022,11,105600
2025-04-30,WH-ABJ,PRD-0022,25,240000
2025-04-30,WH-PHC,PRD-0022,25,240000
2025-04-30,WH-LAG1,PRD-0023,70,938000
2025-04-30,WH-LAG2,PRD-0023,40,536000
2025-04-30,WH-IBD,PRD-0023,18,241200
2025-04-30,WH-ABJ,PRD-0023,64,857600
2025-04-30,WH-PHC,PRD-0023,32,428800
2025-04-30,WH-LAG1,PRD-0024,0,0
2025-04-30,WH-LAG2,PRD-0024,46,358800
2025-04-30,WH-IBD,PRD-0024,24,187200
2025-04-30,WH-ABJ,PRD-0024,29,226200
2025-04-30,WH-PHC,PRD-0024,19,148200
2025-04-30,WH-LAG1,PRD-0025,115,494500
2025-04-30,WH-LAG2,PRD-0025,29,124700
2025-04-30,WH-IBD,PRD-0025,52,223600
2025-04-30,WH-ABJ,PRD-0025,31,133300
2025-04-30,WH-PHC,PRD-0025,51,219300
2025-04-30,WH-LAG1,PRD-0026,103,370800
2025-04-30,WH-LAG2,PRD-0026,24,86400
2025-04-30,WH-IBD,PRD-0026,50,180000
2025-04-30,WH-ABJ,PRD-0026,59,212400
2025-04-30,WH-PHC,PRD-0026,27,97200
2025-04-30,WH-LAG1,PRD-0027,0,0
2025-04-30,WH-LAG2,PRD-0027,16,60800
2025-04-30,WH-IBD,PRD-0027,11,41800
2025-04-30,WH-ABJ,PRD-0027,33,125400
2025-04-30,WH-PHC,PRD-0027,0,0
2025-04-30,WH-LAG1,PRD-0028,106,424000
2025-04-30,WH-LAG2,PRD-0028,17,68000
2025-04-30,WH-IBD,PRD-0028,18,72000
2025-04-30,WH-ABJ,PRD-0028,26,104000
2025-04-30,WH-PHC,PRD-0028,24,96000
2025-04-30,WH-LAG1,PRD-0029,66,587400
2025-04-30,WH-LAG2,PRD-0029,9,80100
2025-04-30,WH-IBD,PRD-0029,35,311500
2025-04-30,WH-ABJ,PRD-0029,49,436100
2025-04-30,WH-PHC,PRD-0029,39,347100
2025-04-30,WH-LAG1,PRD-0030,33,709500
2025-04-30,WH-LAG2,PRD-0030,28,602000
2025-04-30,WH-IBD,PRD-0030,18,387000
2025-04-30,WH-ABJ,PRD-0030,22,473000
2025-04-30,WH-PHC,PRD-0030,15,322500
2025-04-30,WH-LAG1,PRD-0031,167,5043400
2025-04-30,WH-LAG2,PRD-0031,142,4288400
2025-04-30,WH-IBD,PRD-0031,112,3382400
2025-04-30,WH-ABJ,PRD-0031,105,3171000
2025-04-30,WH-PHC,PRD-0031,86,2597200
2025-04-30,WH-LAG1,PRD-0032,24,403200
2025-04-30,WH-LAG2,PRD-0032,23,386400
2025-04-30,WH-IBD,PRD-0032,10,168000
2025-04-30,WH-ABJ,PRD-0032,28,470400
2025-04-30,WH-PHC,PRD-0032,6,100800
2025-04-30,WH-LAG1,PRD-0033,37,347800
2025-04-30,WH-LAG2,PRD-0033,26,244400
2025-04-30,WH-IBD,PRD-0033,86,808400
2025-04-30,WH-ABJ,PRD-0033,87,817800
2025-04-30,WH-PHC,PRD-0033,36,338400
2025-04-30,WH-LAG1,PRD-0034,39,503100
2025-04-30,WH-LAG2,PRD-0034,38,490200
2025-04-30,WH-IBD,PRD-0034,6,77400
2025-04-30,WH-ABJ,PRD-0034,28,361200
2025-04-30,WH-PHC,PRD-0034,0,0
2025-04-30,WH-LAG1,PRD-0035,116,1368800
2025-04-30,WH-LAG2,PRD-0035,88,1038400
2025-04-30,WH-IBD,PRD-0035,80,944000
2025-04-30,WH-ABJ,PRD-0035,73,861400
2025-04-30,WH-PHC,PRD-0035,34,401200
2025-04-30,WH-LAG1,PRD-0036,0,0
2025-04-30,WH-LAG2,PRD-0036,30,468000
2025-04-30,WH-IBD,PRD-0036,45,702000
2025-04-30,WH-ABJ,PRD-0036,0,0
2025-04-30,WH-PHC,PRD-0036,16,249600
2025-04-30,WH-LAG1,PRD-0037,101,1999800
2025-04-30,WH-LAG2,PRD-0037,94,1861200
2025-04-30,WH-IBD,PRD-0037,74,1465200
2025-04-30,WH-ABJ,PRD-0037,107,2118600
2025-04-30,WH-PHC,PRD-0037,120,2376000
2025-04-30,WH-LAG1,PRD-0038,39,464100
2025-04-30,WH-LAG2,PRD-0038,8,95200
2025-04-30,WH-IBD,PRD-0038,29,345100
2025-04-30,WH-ABJ,PRD-0038,27,321300
2025-04-30,WH-PHC,PRD-0038,0,0
2025-04-30,WH-LAG1,PRD-0039,212,2628800
2025-04-30,WH-LAG2,PRD-0039,51,632400
2025-04-30,WH-IBD,PRD-0039,43,533200
2025-04-30,WH-ABJ,PRD-0039,110,1364000
2025-04-30,WH-PHC,PRD-0039,74,917600
2025-04-30,WH-LAG1,PRD-0040,27,302400
2025-04-30,WH-LAG2,PRD-0040,16,179200
2025-04-30,WH-IBD,PRD-0040,25,280000
2025-04-30,WH-ABJ,PRD-0040,36,403200
2025-04-30,WH-PHC,PRD-0040,58,649600
2025-04-30,WH-LAG1,PRD-0041,47,244400
2025-04-30,WH-LAG2,PRD-0041,53,275600
2025-04-30,WH-IBD,PRD-0041,62,322400
2025-04-30,WH-ABJ,PRD-0041,79,410800
2025-04-30,WH-PHC,PRD-0041,55,286000
2025-04-30,WH-LAG1,PRD-0042,2,43800
2025-04-30,WH-LAG2,PRD-0042,1,21900
2025-04-30,WH-IBD,PRD-0042,17,372300
2025-04-30,WH-ABJ,PRD-0042,23,503700
2025-04-30,WH-PHC,PRD-0042,11,240900
2025-04-30,WH-LAG1,PRD-0043,48,729600
2025-04-30,WH-LAG2,PRD-0043,26,395200
2025-04-30,WH-IBD,PRD-0043,60,912000
2025-04-30,WH-ABJ,PRD-0043,66,1003200
2025-04-30,WH-PHC,PRD-0043,65,988000
2025-04-30,WH-LAG1,PRD-0044,8,54400
2025-04-30,WH-LAG2,PRD-0044,10,68000
2025-04-30,WH-IBD,PRD-0044,8,54400
2025-04-30,WH-ABJ,PRD-0044,5,34000
2025-04-30,WH-PHC,PRD-0044,8,54400
2025-04-30,WH-LAG1,PRD-0045,90,558000
2025-04-30,WH-LAG2,PRD-0045,27,167400
2025-04-30,WH-IBD,PRD-0045,40,248000
2025-04-30,WH-ABJ,PRD-0045,26,161200
2025-04-30,WH-PHC,PRD-0045,13,80600
2025-04-30,WH-LAG1,PRD-0046,93,1283400
2025-04-30,WH-LAG2,PRD-0046,82,1131600
2025-04-30,WH-IBD,PRD-0046,0,0
2025-04-30,WH-ABJ,PRD-0046,39,538200
2025-04-30,WH-PHC,PRD-0046,28,386400
2025-04-30,WH-LAG1,PRD-0047,81,1312200
2025-04-30,WH-LAG2,PRD-0047,56,907200
2025-04-30,WH-IBD,PRD-0047,30,486000
2025-04-30,WH-ABJ,PRD-0047,76,1231200
2025-04-30,WH-PHC,PRD-0047,40,648000
2025-04-30,WH-LAG1,PRD-0048,87,1261500
2025-04-30,WH-LAG2,PRD-0048,37,536500
2025-04-30,WH-IBD,PRD-0048,23,333500
2025-04-30,WH-ABJ,PRD-0048,10,145000
2025-04-30,WH-PHC,PRD-0048,59,855500
2025-04-30,WH-LAG1,PRD-0049,28,389200
2025-04-30,WH-LAG2,PRD-0049,26,361400
2025-04-30,WH-IBD,PRD-0049,57,792300
2025-04-30,WH-ABJ,PRD-0049,66,917400
2025-04-30,WH-PHC,PRD-0049,62,861800
2025-04-30,WH-LAG1,PRD-0050,71,326600
2025-04-30,WH-LAG2,PRD-0050,45,207000
2025-04-30,WH-IBD,PRD-0050,43,197800
2025-04-30,WH-ABJ,PRD-0050,58,266800
2025-04-30,WH-PHC,PRD-0050,44,202400
2025-04-30,WH-LAG1,PRD-0051,177,6159600
2025-04-30,WH-LAG2,PRD-0051,78,2714400
2025-04-30,WH-IBD,PRD-0051,88,3062400
2025-04-30,WH-ABJ,PRD-0051,121,4210800
2025-04-30,WH-PHC,PRD-0051,67,2331600
2025-04-30,WH-LAG1,PRD-0052,35,1186500
2025-04-30,WH-LAG2,PRD-0052,13,440700
2025-04-30,WH-IBD,PRD-0052,0,0
2025-04-30,WH-ABJ,PRD-0052,15,508500
2025-04-30,WH-PHC,PRD-0052,17,576300
2025-04-30,WH-LAG1,PRD-0053,21,688800
2025-04-30,WH-LAG2,PRD-0053,29,951200
2025-04-30,WH-IBD,PRD-0053,7,229600
2025-04-30,WH-ABJ,PRD-0053,26,852800
2025-04-30,WH-PHC,PRD-0053,8,262400
2025-04-30,WH-LAG1,PRD-0054,47,639200
2025-04-30,WH-LAG2,PRD-0054,19,258400
2025-04-30,WH-IBD,PRD-0054,35,476000
2025-04-30,WH-ABJ,PRD-0054,42,571200
2025-04-30,WH-PHC,PRD-0054,49,666400
2025-04-30,WH-LAG1,PRD-0055,34,469200
2025-04-30,WH-LAG2,PRD-0055,17,234600
2025-04-30,WH-IBD,PRD-0055,59,814200
2025-04-30,WH-ABJ,PRD-0055,40,552000
2025-04-30,WH-PHC,PRD-0055,48,662400
2025-04-30,WH-LAG1,PRD-0056,87,1861800
2025-04-30,WH-LAG2,PRD-0056,12,256800
2025-04-30,WH-IBD,PRD-0056,16,342400
2025-04-30,WH-ABJ,PRD-0056,16,342400
2025-04-30,WH-PHC,PRD-0056,21,449400
2025-04-30,WH-LAG1,PRD-0057,404,6383200
2025-04-30,WH-LAG2,PRD-0057,239,3776200
2025-04-30,WH-IBD,PRD-0057,169,2670200
2025-04-30,WH-ABJ,PRD-0057,129,2038200
2025-04-30,WH-PHC,PRD-0057,86,1358800
2025-04-30,WH-LAG1,PRD-0058,62,923800
2025-04-30,WH-LAG2,PRD-0058,43,640700
2025-04-30,WH-IBD,PRD-0058,36,536400
2025-04-30,WH-ABJ,PRD-0058,42,625800
2025-04-30,WH-PHC,PRD-0058,64,953600
2025-04-30,WH-LAG1,PRD-0059,43,1827500
2025-04-30,WH-LAG2,PRD-0059,51,2167500
2025-04-30,WH-IBD,PRD-0059,33,1402500
2025-04-30,WH-ABJ,PRD-0059,20,850000
2025-04-30,WH-PHC,PRD-0059,61,2592500
2025-04-30,WH-LAG1,PRD-0060,202,9655600
2025-04-30,WH-LAG2,PRD-0060,79,3776200
2025-04-30,WH-IBD,PRD-0060,48,2294400
2025-04-30,WH-ABJ,PRD-0060,157,7504600
2025-04-30,WH-PHC,PRD-0060,29,1386200
2025-04-30,WH-LAG1,PRD-0061,121,1548800
2025-04-30,WH-LAG2,PRD-0061,71,908800
2025-04-30,WH-IBD,PRD-0061,0,0
2025-04-30,WH-ABJ,PRD-0061,126,1612800
2025-04-30,WH-PHC,PRD-0061,7,89600
2025-04-30,WH-LAG1,PRD-0062,208,2828800
2025-04-30,WH-LAG2,PRD-0062,37,503200
2025-04-30,WH-IBD,PRD-0062,0,0
2025-04-30,WH-ABJ,PRD-0062,117,1591200
2025-04-30,WH-PHC,PRD-0062,44,598400
2025-04-30,WH-LAG1,PRD-0063,84,999600
2025-04-30,WH-LAG2,PRD-0063,31,368900
2025-04-30,WH-IBD,PRD-0063,15,178500
2025-04-30,WH-ABJ,PRD-0063,46,547400
2025-04-30,WH-PHC,PRD-0063,42,499800
2025-04-30,WH-LAG1,PRD-0064,178,5482400
2025-04-30,WH-LAG2,PRD-0064,48,1478400
2025-04-30,WH-IBD,PRD-0064,75,2310000
2025-04-30,WH-ABJ,PRD-0064,87,2679600
2025-04-30,WH-PHC,PRD-0064,72,2217600
2025-04-30,WH-LAG1,PRD-0065,123,3247200
2025-04-30,WH-LAG2,PRD-0065,54,1425600
2025-04-30,WH-IBD,PRD-0065,5,132000
2025-04-30,WH-ABJ,PRD-0065,26,686400
2025-04-30,WH-PHC,PRD-0065,83,2191200
2025-04-30,WH-LAG1,PRD-0066,11,486200
2025-04-30,WH-LAG2,PRD-0066,3,132600
2025-04-30,WH-IBD,PRD-0066,10,442000
2025-04-30,WH-ABJ,PRD-0066,9,397800
2025-04-30,WH-PHC,PRD-0066,9,397800
2025-04-30,WH-LAG1,PRD-0067,103,1071200
2025-04-30,WH-LAG2,PRD-0067,84,873600
2025-04-30,WH-IBD,PRD-0067,39,405600
2025-04-30,WH-ABJ,PRD-0067,40,416000
2025-04-30,WH-PHC,PRD-0067,98,1019200
2025-04-30,WH-LAG1,PRD-0068,227,2996400
2025-04-30,WH-LAG2,PRD-0068,96,1267200
2025-04-30,WH-IBD,PRD-0068,102,1346400
2025-04-30,WH-ABJ,PRD-0068,93,1227600
2025-04-30,WH-PHC,PRD-0068,170,2244000
2025-04-30,WH-LAG1,PRD-0069,10,138000
2025-04-30,WH-LAG2,PRD-0069,13,179400
2025-04-30,WH-IBD,PRD-0069,19,262200
2025-04-30,WH-ABJ,PRD-0069,23,317400
2025-04-30,WH-PHC,PRD-0069,22,303600
2025-04-30,WH-LAG1,PRD-0070,41,631400
2025-04-30,WH-LAG2,PRD-0070,59,908600
2025-04-30,WH-IBD,PRD-0070,31,477400
2025-04-30,WH-ABJ,PRD-0070,61,939400
2025-04-30,WH-PHC,PRD-0070,0,0
2025-04-30,WH-LAG1,PRD-0071,18,266400
2025-04-30,WH-LAG2,PRD-0071,24,355200
2025-04-30,WH-IBD,PRD-0071,10,148000
2025-04-30,WH-ABJ,PRD-0071,14,207200
2025-04-30,WH-PHC,PRD-0071,0,0
2025-04-30,WH-LAG1,PRD-0072,103,3357800
2025-04-30,WH-LAG2,PRD-0072,34,1108400
2025-04-30,WH-IBD,PRD-0072,23,749800
2025-04-30,WH-ABJ,PRD-0072,35,1141000
2025-04-30,WH-PHC,PRD-0072,12,391200
2025-04-30,WH-LAG1,PRD-0073,26,774800
2025-04-30,WH-LAG2,PRD-0073,24,715200
2025-04-30,WH-IBD,PRD-0073,22,655600
2025-04-30,WH-ABJ,PRD-0073,14,417200
2025-04-30,WH-PHC,PRD-0073,13,387400
2025-04-30,WH-LAG1,PRD-0074,190,5586000
2025-04-30,WH-LAG2,PRD-0074,57,1675800
2025-04-30,WH-IBD,PRD-0074,49,1440600
2025-04-30,WH-ABJ,PRD-0074,83,2440200
2025-04-30,WH-PHC,PRD-0074,52,1528800
2025-04-30,WH-LAG1,PRD-0075,23,616400
2025-04-30,WH-LAG2,PRD-0075,24,643200
2025-04-30,WH-IBD,PRD-0075,18,482400
2025-04-30,WH-ABJ,PRD-0075,2,53600
2025-04-30,WH-PHC,PRD-0075,29,777200
2025-04-30,WH-LAG1,PRD-0076,0,0
2025-04-30,WH-LAG2,PRD-0076,11,257400
2025-04-30,WH-IBD,PRD-0076,27,631800
2025-04-30,WH-ABJ,PRD-0076,51,1193400
2025-04-30,WH-PHC,PRD-0076,86,2012400
2025-04-30,WH-LAG1,PRD-0077,507,12979200
2025-04-30,WH-LAG2,PRD-0077,226,5785600
2025-04-30,WH-IBD,PRD-0077,235,6016000
2025-04-30,WH-ABJ,PRD-0077,301,7705600
2025-04-30,WH-PHC,PRD-0077,74,1894400
2025-04-30,WH-LAG1,PRD-0078,67,1862600
2025-04-30,WH-LAG2,PRD-0078,3,83400
2025-04-30,WH-IBD,PRD-0078,18,500400
2025-04-30,WH-ABJ,PRD-0078,76,2112800
2025-04-30,WH-PHC,PRD-0078,28,778400
2025-04-30,WH-LAG1,PRD-0079,36,1386000
2025-04-30,WH-LAG2,PRD-0079,52,2002000
2025-04-30,WH-IBD,PRD-0079,63,2425500
2025-04-30,WH-ABJ,PRD-0079,20,770000
2025-04-30,WH-PHC,PRD-0079,43,1655500
2025-04-30,WH-LAG1,PRD-0080,79,1548400
2025-04-30,WH-LAG2,PRD-0080,34,666400
2025-04-30,WH-IBD,PRD-0080,3,58800
2025-04-30,WH-ABJ,PRD-0080,44,862400
2025-04-30,WH-PHC,PRD-0080,22,431200
2025-04-30,WH-LAG1,PRD-0081,138,4471200
2025-04-30,WH-LAG2,PRD-0081,55,1782000
2025-04-30,WH-IBD,PRD-0081,25,810000
2025-04-30,WH-ABJ,PRD-0081,42,1360800
2025-04-30,WH-PHC,PRD-0081,97,3142800
2025-04-30,WH-LAG1,PRD-0082,239,6166200
2025-04-30,WH-LAG2,PRD-0082,83,2141400
2025-04-30,WH-IBD,PRD-0082,96,2476800
2025-04-30,WH-ABJ,PRD-0082,150,3870000
2025-04-30,WH-PHC,PRD-0082,27,696600
2025-04-30,WH-LAG1,PRD-0083,171,3146400
2025-04-30,WH-LAG2,PRD-0083,38,699200
2025-04-30,WH-IBD,PRD-0083,63,1159200
2025-04-30,WH-ABJ,PRD-0083,83,1527200
2025-04-30,WH-PHC,PRD-0083,223,4103200
2025-04-30,WH-LAG1,PRD-0084,222,4795200
2025-04-30,WH-LAG2,PRD-0084,108,2332800
2025-04-30,WH-IBD,PRD-0084,103,2224800
2025-04-30,WH-ABJ,PRD-0084,68,1468800
2025-04-30,WH-PHC,PRD-0084,68,1468800
2025-04-30,WH-LAG1,PRD-0085,121,3170200
2025-04-30,WH-LAG2,PRD-0085,88,2305600
2025-04-30,WH-IBD,PRD-0085,43,1126600
2025-04-30,WH-ABJ,PRD-0085,33,864600
2025-04-30,WH-PHC,PRD-0085,92,2410400
2025-04-30,WH-LAG1,PRD-0086,373,8877400
2025-04-30,WH-LAG2,PRD-0086,166,3950800
2025-04-30,WH-IBD,PRD-0086,69,1642200
2025-04-30,WH-ABJ,PRD-0086,325,7735000
2025-04-30,WH-PHC,PRD-0086,59,1404200
2025-04-30,WH-LAG1,PRD-0087,21,394800
2025-04-30,WH-LAG2,PRD-0087,26,488800
2025-04-30,WH-IBD,PRD-0087,23,432400
2025-04-30,WH-ABJ,PRD-0087,5,94000
2025-04-30,WH-PHC,PRD-0087,8,150400
2025-04-30,WH-LAG1,PRD-0088,35,434000
2025-04-30,WH-LAG2,PRD-0088,22,272800
2025-04-30,WH-IBD,PRD-0088,53,657200
2025-04-30,WH-ABJ,PRD-0088,34,421600
2025-04-30,WH-PHC,PRD-0088,49,607600
2025-04-30,WH-LAG1,PRD-0089,11,123200
2025-04-30,WH-LAG2,PRD-0089,22,246400
2025-04-30,WH-IBD,PRD-0089,45,504000
2025-04-30,WH-ABJ,PRD-0089,32,358400
2025-04-30,WH-PHC,PRD-0089,23,257600
2025-04-30,WH-LAG1,PRD-0090,870,24882000
2025-04-30,WH-LAG2,PRD-0090,437,12498200
2025-04-30,WH-IBD,PRD-0090,323,9237800
2025-04-30,WH-ABJ,PRD-0090,741,21192600
2025-04-30,WH-PHC,PRD-0090,964,27570400
2025-04-30,WH-LAG1,PRD-0091,102,2203200
2025-04-30,WH-LAG2,PRD-0091,0,0
2025-04-30,WH-IBD,PRD-0091,48,1036800
2025-04-30,WH-ABJ,PRD-0091,41,885600
2025-04-30,WH-PHC,PRD-0091,53,1144800
2025-04-30,WH-LAG1,PRD-0092,23,570400
2025-04-30,WH-LAG2,PRD-0092,30,744000
2025-04-30,WH-IBD,PRD-0092,38,942400
2025-04-30,WH-ABJ,PRD-0092,13,322400
2025-04-30,WH-PHC,PRD-0092,21,520800
2025-04-30,WH-LAG1,PRD-0093,287,5567800
2025-04-30,WH-LAG2,PRD-0093,36,698400
2025-04-30,WH-IBD,PRD-0093,103,1998200
2025-04-30,WH-ABJ,PRD-0093,42,814800
2025-04-30,WH-PHC,PRD-0093,75,1455000
2025-04-30,WH-LAG1,PRD-0094,18,338400
2025-04-30,WH-LAG2,PRD-0094,25,470000
2025-04-30,WH-IBD,PRD-0094,23,432400
2025-04-30,WH-ABJ,PRD-0094,35,658000
2025-04-30,WH-PHC,PRD-0094,3,56400
2025-04-30,WH-LAG1,PRD-0095,39,659100
2025-04-30,WH-LAG2,PRD-0095,15,253500
2025-04-30,WH-IBD,PRD-0095,11,185900
2025-04-30,WH-ABJ,PRD-0095,23,388700
2025-04-30,WH-PHC,PRD-0095,20,338000
2025-04-30,WH-LAG1,PRD-0096,0,0
2025-04-30,WH-LAG2,PRD-0096,5,91000
2025-04-30,WH-IBD,PRD-0096,25,455000
2025-04-30,WH-ABJ,PRD-0096,12,218400
2025-04-30,WH-PHC,PRD-0096,9,163800
2025-04-30,WH-LAG1,PRD-0097,52,925600
2025-04-30,WH-LAG2,PRD-0097,10,178000
2025-04-30,WH-IBD,PRD-0097,26,462800
2025-04-30,WH-ABJ,PRD-0097,13,231400
2025-04-30,WH-PHC,PRD-0097,10,178000
2025-04-30,WH-LAG1,PRD-0098,123,1648200
2025-04-30,WH-LAG2,PRD-0098,212,2840800
2025-04-30,WH-IBD,PRD-0098,38,509200
2025-04-30,WH-ABJ,PRD-0098,182,2438800
2025-04-30,WH-PHC,PRD-0098,133,1782200
2025-04-30,WH-LAG1,PRD-0099,7,88200
2025-04-30,WH-LAG2,PRD-0099,16,201600
2025-04-30,WH-IBD,PRD-0099,11,138600
2025-04-30,WH-ABJ,PRD-0099,41,516600
2025-04-30,WH-PHC,PRD-0099,35,441000
2025-04-30,WH-LAG1,PRD-0100,429,7207200
2025-04-30,WH-LAG2,PRD-0100,256,4300800
2025-04-30,WH-IBD,PRD-0100,185,3108000
2025-04-30,WH-ABJ,PRD-0100,224,3763200
2025-04-30,WH-PHC,PRD-0100,277,4653600
2025-04-30,WH-LAG1,PRD-0101,36,662400
2025-04-30,WH-LAG2,PRD-0101,10,184000
2025-04-30,WH-IBD,PRD-0101,32,588800
2025-04-30,WH-ABJ,PRD-0101,25,460000
2025-04-30,WH-PHC,PRD-0101,15,276000
2025-04-30,WH-LAG1,PRD-0102,199,2825800
2025-04-30,WH-LAG2,PRD-0102,67,951400
2025-04-30,WH-IBD,PRD-0102,0,0
2025-04-30,WH-ABJ,PRD-0102,41,582200
2025-04-30,WH-PHC,PRD-0102,38,539600
2025-04-30,WH-LAG1,PRD-0103,79,2354200
2025-04-30,WH-LAG2,PRD-0103,60,1788000
2025-04-30,WH-IBD,PRD-0103,44,1311200
2025-04-30,WH-ABJ,PRD-0103,12,357600
2025-04-30,WH-PHC,PRD-0103,63,1877400
2025-04-30,WH-LAG1,PRD-0104,18,248400
2025-04-30,WH-LAG2,PRD-0104,21,289800
2025-04-30,WH-IBD,PRD-0104,18,248400
2025-04-30,WH-ABJ,PRD-0104,45,621000
2025-04-30,WH-PHC,PRD-0104,27,372600
2025-04-30,WH-LAG1,PRD-0105,24,830400
2025-04-30,WH-LAG2,PRD-0105,9,311400
2025-04-30,WH-IBD,PRD-0105,12,415200
2025-04-30,WH-ABJ,PRD-0105,40,1384000
2025-04-30,WH-PHC,PRD-0105,37,1280200
2025-04-30,WH-LAG1,PRD-0106,51,1672800
2025-04-30,WH-LAG2,PRD-0106,15,492000
2025-04-30,WH-IBD,PRD-0106,9,295200
2025-04-30,WH-ABJ,PRD-0106,21,688800
2025-04-30,WH-PHC,PRD-0106,23,754400
2025-04-30,WH-LAG1,PRD-0107,45,1503000
2025-04-30,WH-LAG2,PRD-0107,33,1102200
2025-04-30,WH-IBD,PRD-0107,24,801600
2025-04-30,WH-ABJ,PRD-0107,16,534400
2025-04-30,WH-PHC,PRD-0107,24,801600
2025-04-30,WH-LAG1,PRD-0108,177,4743600
2025-04-30,WH-LAG2,PRD-0108,24,643200
2025-04-30,WH-IBD,PRD-0108,159,4261200
2025-04-30,WH-ABJ,PRD-0108,181,4850800
2025-04-30,WH-PHC,PRD-0108,43,1152400
2025-04-30,WH-LAG1,PRD-0109,93,2455200
2025-04-30,WH-LAG2,PRD-0109,84,2217600
2025-04-30,WH-IBD,PRD-0109,87,2296800
2025-04-30,WH-ABJ,PRD-0109,49,1293600
2025-04-30,WH-PHC,PRD-0109,26,686400
2025-04-30,WH-LAG1,PRD-0110,0,0
2025-04-30,WH-LAG2,PRD-0110,25,620000
2025-04-30,WH-IBD,PRD-0110,7,173600
2025-04-30,WH-ABJ,PRD-0110,26,644800
2025-04-30,WH-PHC,PRD-0110,35,868000
2025-04-30,WH-LAG1,PRD-0111,80,784000
2025-04-30,WH-LAG2,PRD-0111,54,529200
2025-04-30,WH-IBD,PRD-0111,55,539000
2025-04-30,WH-ABJ,PRD-0111,33,323400
2025-04-30,WH-PHC,PRD-0111,53,519400
2025-04-30,WH-LAG1,PRD-0112,10,118000
2025-04-30,WH-LAG2,PRD-0112,10,118000
2025-04-30,WH-IBD,PRD-0112,24,283200
2025-04-30,WH-ABJ,PRD-0112,6,70800
2025-04-30,WH-PHC,PRD-0112,21,247800
2025-04-30,WH-LAG1,PRD-0113,54,464400
2025-04-30,WH-LAG2,PRD-0113,5,43000
2025-04-30,WH-IBD,PRD-0113,47,404200
2025-04-30,WH-ABJ,PRD-0113,144,1238400
2025-04-30,WH-PHC,PRD-0113,87,748200
2025-04-30,WH-LAG1,PRD-0114,25,305000
2025-04-30,WH-LAG2,PRD-0114,10,122000
2025-04-30,WH-IBD,PRD-0114,19,231800
2025-04-30,WH-ABJ,PRD-0114,21,256200
2025-04-30,WH-PHC,PRD-0114,6,73200
2025-04-30,WH-LAG1,PRD-0115,149,2443600
2025-04-30,WH-LAG2,PRD-0115,76,1246400
2025-04-30,WH-IBD,PRD-0115,65,1066000
2025-04-30,WH-ABJ,PRD-0115,85,1394000
2025-04-30,WH-PHC,PRD-0115,88,1443200
2025-04-30,WH-LAG1,PRD-0116,62,855600
2025-04-30,WH-LAG2,PRD-0116,35,483000
2025-04-30,WH-IBD,PRD-0116,18,248400
2025-04-30,WH-ABJ,PRD-0116,73,1007400
2025-04-30,WH-PHC,PRD-0116,40,552000
2025-04-30,WH-LAG1,PRD-0117,93,1413600
2025-04-30,WH-LAG2,PRD-0117,1,15200
2025-04-30,WH-IBD,PRD-0117,64,972800
2025-04-30,WH-ABJ,PRD-0117,63,957600
2025-04-30,WH-PHC,PRD-0117,42,638400
2025-04-30,WH-LAG1,PRD-0118,239,4206400
2025-04-30,WH-LAG2,PRD-0118,166,2921600
2025-04-30,WH-IBD,PRD-0118,181,3185600
2025-04-30,WH-ABJ,PRD-0118,126,2217600
2025-04-30,WH-PHC,PRD-0118,110,1936000
2025-04-30,WH-LAG1,PRD-0119,36,676800
2025-04-30,WH-LAG2,PRD-0119,25,470000
2025-04-30,WH-IBD,PRD-0119,12,225600
2025-04-30,WH-ABJ,PRD-0119,10,188000
2025-04-30,WH-PHC,PRD-0119,0,0
2025-04-30,WH-LAG1,PRD-0120,238,2951200
2025-04-30,WH-LAG2,PRD-0120,81,1004400
2025-04-30,WH-IBD,PRD-0120,160,1984000
2025-04-30,WH-ABJ,PRD-0120,62,768800
2025-04-30,WH-PHC,PRD-0120,38,471200
2025-04-30,WH-LAG1,PRD-0121,184,3974400
2025-04-30,WH-LAG2,PRD-0121,153,3304800
2025-04-30,WH-IBD,PRD-0121,56,1209600
2025-04-30,WH-ABJ,PRD-0121,207,4471200
2025-04-30,WH-PHC,PRD-0121,124,2678400
2025-04-30,WH-LAG1,PRD-0122,272,4025600
2025-04-30,WH-LAG2,PRD-0122,102,1509600
2025-04-30,WH-IBD,PRD-0122,35,518000
2025-04-30,WH-ABJ,PRD-0122,69,1021200
2025-04-30,WH-PHC,PRD-0122,76,1124800
2025-04-30,WH-LAG1,PRD-0123,100,1160000
2025-04-30,WH-LAG2,PRD-0123,50,580000
2025-04-30,WH-IBD,PRD-0123,81,939600
2025-04-30,WH-ABJ,PRD-0123,48,556800
2025-04-30,WH-PHC,PRD-0123,3,34800
2025-04-30,WH-LAG1,PRD-0124,45,306000
2025-04-30,WH-LAG2,PRD-0124,26,176800
2025-04-30,WH-IBD,PRD-0124,28,190400
2025-04-30,WH-ABJ,PRD-0124,84,571200
2025-04-30,WH-PHC,PRD-0124,51,346800
2025-04-30,WH-LAG1,PRD-0125,268,3430400
2025-04-30,WH-LAG2,PRD-0125,334,4275200
2025-04-30,WH-IBD,PRD-0125,193,2470400
2025-04-30,WH-ABJ,PRD-0125,127,1625600
2025-04-30,WH-PHC,PRD-0125,367,4697600
2025-04-30,WH-LAG1,PRD-0126,35,826000
2025-04-30,WH-LAG2,PRD-0126,46,1085600
2025-04-30,WH-IBD,PRD-0126,26,613600
2025-04-30,WH-ABJ,PRD-0126,52,1227200
2025-04-30,WH-PHC,PRD-0126,49,1156400
2025-04-30,WH-LAG1,PRD-0127,101,1333200
2025-04-30,WH-LAG2,PRD-0127,52,686400
2025-04-30,WH-IBD,PRD-0127,20,264000
2025-04-30,WH-ABJ,PRD-0127,22,290400
2025-04-30,WH-PHC,PRD-0127,37,488400
2025-04-30,WH-LAG1,PRD-0128,87,1461600
2025-04-30,WH-LAG2,PRD-0128,68,1142400
2025-04-30,WH-IBD,PRD-0128,69,1159200
2025-04-30,WH-ABJ,PRD-0128,55,924000
2025-04-30,WH-PHC,PRD-0128,45,756000
2025-04-30,WH-LAG1,PRD-0129,33,508200
2025-04-30,WH-LAG2,PRD-0129,17,261800
2025-04-30,WH-IBD,PRD-0129,9,138600
2025-04-30,WH-ABJ,PRD-0129,23,354200
2025-04-30,WH-PHC,PRD-0129,19,292600
2025-04-30,WH-LAG1,PRD-0130,33,356400
2025-04-30,WH-LAG2,PRD-0130,20,216000
2025-04-30,WH-IBD,PRD-0130,31,334800
2025-04-30,WH-ABJ,PRD-0130,0,0
2025-04-30,WH-PHC,PRD-0130,17,183600
2025-04-30,WH-LAG1,PRD-0131,131,3353600
2025-04-30,WH-LAG2,PRD-0131,49,1254400
2025-04-30,WH-IBD,PRD-0131,45,1152000
2025-04-30,WH-ABJ,PRD-0131,123,3148800
2025-04-30,WH-PHC,PRD-0131,109,2790400
2025-04-30,WH-LAG1,PRD-0132,59,1852600
2025-04-30,WH-LAG2,PRD-0132,44,1381600
2025-04-30,WH-IBD,PRD-0132,31,973400
2025-04-30,WH-ABJ,PRD-0132,20,628000
2025-04-30,WH-PHC,PRD-0132,59,1852600
2025-04-30,WH-LAG1,PRD-0133,14,333200
2025-04-30,WH-LAG2,PRD-0133,10,238000
2025-04-30,WH-IBD,PRD-0133,29,690200
2025-04-30,WH-ABJ,PRD-0133,43,1023400
2025-04-30,WH-PHC,PRD-0133,8,190400
2025-04-30,WH-LAG1,PRD-0134,31,923800
2025-04-30,WH-LAG2,PRD-0134,0,0
2025-04-30,WH-IBD,PRD-0134,31,923800
2025-04-30,WH-ABJ,PRD-0134,57,1698600
2025-04-30,WH-PHC,PRD-0134,8,238400
2025-04-30,WH-LAG1,PRD-0135,226,5966400
2025-04-30,WH-LAG2,PRD-0135,90,2376000
2025-04-30,WH-IBD,PRD-0135,130,3432000
2025-04-30,WH-ABJ,PRD-0135,144,3801600
2025-04-30,WH-PHC,PRD-0135,183,4831200
2025-04-30,WH-LAG1,PRD-0136,105,4473000
2025-04-30,WH-LAG2,PRD-0136,33,1405800
2025-04-30,WH-IBD,PRD-0136,25,1065000
2025-04-30,WH-ABJ,PRD-0136,52,2215200
2025-04-30,WH-PHC,PRD-0136,0,0
2025-04-30,WH-LAG1,PRD-0137,133,3218600
2025-04-30,WH-LAG2,PRD-0137,92,2226400
2025-04-30,WH-IBD,PRD-0137,71,1718200
2025-04-30,WH-ABJ,PRD-0137,26,629200
2025-04-30,WH-PHC,PRD-0137,29,701800
2025-04-30,WH-LAG1,PRD-0138,151,3291800
2025-04-30,WH-LAG2,PRD-0138,46,1002800
2025-04-30,WH-IBD,PRD-0138,6,130800
2025-04-30,WH-ABJ,PRD-0138,87,1896600
2025-04-30,WH-PHC,PRD-0138,37,806600
2025-04-30,WH-LAG1,PRD-0139,107,3081600
2025-04-30,WH-LAG2,PRD-0139,61,1756800
2025-04-30,WH-IBD,PRD-0139,22,633600
2025-04-30,WH-ABJ,PRD-0139,4,115200
2025-04-30,WH-PHC,PRD-0139,81,2332800
2025-04-30,WH-LAG1,PRD-0140,28,655200
2025-04-30,WH-LAG2,PRD-0140,24,561600
2025-04-30,WH-IBD,PRD-0140,56,1310400
2025-04-30,WH-ABJ,PRD-0140,58,1357200
2025-04-30,WH-PHC,PRD-0140,50,1170000
2025-04-30,WH-LAG1,PRD-0141,45,1386000
2025-04-30,WH-LAG2,PRD-0141,58,1786400
2025-04-30,WH-IBD,PRD-0141,64,1971200
2025-04-30,WH-ABJ,PRD-0141,43,1324400
2025-04-30,WH-PHC,PRD-0141,35,1078000
2025-04-30,WH-LAG1,PRD-0142,75,3360000
2025-04-30,WH-LAG2,PRD-0142,15,672000
2025-04-30,WH-IBD,PRD-0142,75,3360000
2025-04-30,WH-ABJ,PRD-0142,146,6540800
2025-04-30,WH-PHC,PRD-0142,84,3763200
2025-04-30,WH-LAG1,PRD-0143,44,1812800
2025-04-30,WH-LAG2,PRD-0143,11,453200
2025-04-30,WH-IBD,PRD-0143,6,247200
2025-04-30,WH-ABJ,PRD-0143,37,1524400
2025-04-30,WH-PHC,PRD-0143,46,1895200
2025-04-30,WH-LAG1,PRD-0144,107,2867600
2025-04-30,WH-LAG2,PRD-0144,70,1876000
2025-04-30,WH-IBD,PRD-0144,19,509200
2025-04-30,WH-ABJ,PRD-0144,74,1983200
2025-04-30,WH-PHC,PRD-0144,8,214400
2025-04-30,WH-LAG1,PRD-0145,207,5257800
2025-04-30,WH-LAG2,PRD-0145,94,2387600
2025-04-30,WH-IBD,PRD-0145,88,2235200
2025-04-30,WH-ABJ,PRD-0145,55,1397000
2025-04-30,WH-PHC,PRD-0145,35,889000
2025-04-30,WH-LAG1,PRD-0146,34,945200
2025-04-30,WH-LAG2,PRD-0146,11,305800
2025-04-30,WH-IBD,PRD-0146,4,111200
2025-04-30,WH-ABJ,PRD-0146,32,889600
2025-04-30,WH-PHC,PRD-0146,52,1445600
2025-04-30,WH-LAG1,PRD-0147,32,883200
2025-04-30,WH-LAG2,PRD-0147,19,524400
2025-04-30,WH-IBD,PRD-0147,29,800400
2025-04-30,WH-ABJ,PRD-0147,11,303600
2025-04-30,WH-PHC,PRD-0147,17,469200
2025-04-30,WH-LAG1,PRD-0148,46,1094800
2025-04-30,WH-LAG2,PRD-0148,43,1023400
2025-04-30,WH-IBD,PRD-0148,47,1118600
2025-04-30,WH-ABJ,PRD-0148,49,1166200
2025-04-30,WH-PHC,PRD-0148,19,452200
2025-04-30,WH-LAG1,PRD-0149,0,0
2025-04-30,WH-LAG2,PRD-0149,27,1074600
2025-04-30,WH-IBD,PRD-0149,21,835800
2025-04-30,WH-ABJ,PRD-0149,28,1114400
2025-04-30,WH-PHC,PRD-0149,32,1273600
2025-04-30,WH-LAG1,PRD-0150,99,3801600
2025-04-30,WH-LAG2,PRD-0150,48,1843200
2025-04-30,WH-IBD,PRD-0150,77,2956800
2025-04-30,WH-ABJ,PRD-0150,61,2342400
2025-04-30,WH-PHC,PRD-0150,63,2419200
2025-04-30,WH-LAG1,PRD-0151,853,29513800
2025-04-30,WH-LAG2,PRD-0151,296,10241600
2025-04-30,WH-IBD,PRD-0151,649,22455400
2025-04-30,WH-ABJ,PRD-0151,875,30275000
2025-04-30,WH-PHC,PRD-0151,177,6124200
2025-04-30,WH-LAG1,PRD-0152,38,820800
2025-04-30,WH-LAG2,PRD-0152,9,194400
2025-04-30,WH-IBD,PRD-0152,48,1036800
2025-04-30,WH-ABJ,PRD-0152,30,648000
2025-04-30,WH-PHC,PRD-0152,28,604800
2025-04-30,WH-LAG1,PRD-0153,74,1391200
2025-04-30,WH-LAG2,PRD-0153,202,3797600
2025-04-30,WH-IBD,PRD-0153,103,1936400
2025-04-30,WH-ABJ,PRD-0153,211,3966800
2025-04-30,WH-PHC,PRD-0153,223,4192400
2025-04-30,WH-LAG1,PRD-0154,65,2184000
2025-04-30,WH-LAG2,PRD-0154,42,1411200
2025-04-30,WH-IBD,PRD-0154,19,638400
2025-04-30,WH-ABJ,PRD-0154,26,873600
2025-04-30,WH-PHC,PRD-0154,68,2284800
2025-04-30,WH-LAG1,PRD-0155,113,5966400
2025-04-30,WH-LAG2,PRD-0155,55,2904000
2025-04-30,WH-IBD,PRD-0155,23,1214400
2025-04-30,WH-ABJ,PRD-0155,25,1320000
2025-04-30,WH-PHC,PRD-0155,30,1584000
2025-04-30,WH-LAG1,PRD-0156,352,15699200
2025-04-30,WH-LAG2,PRD-0156,71,3166600
2025-04-30,WH-IBD,PRD-0156,65,2899000
2025-04-30,WH-ABJ,PRD-0156,78,3478800
2025-04-30,WH-PHC,PRD-0156,57,2542200
2025-04-30,WH-LAG1,PRD-0157,103,1936400
2025-04-30,WH-LAG2,PRD-0157,45,846000
2025-04-30,WH-IBD,PRD-0157,63,1184400
2025-04-30,WH-ABJ,PRD-0157,115,2162000
2025-04-30,WH-PHC,PRD-0157,77,1447600
2025-04-30,WH-LAG1,PRD-0158,39,1029600
2025-04-30,WH-LAG2,PRD-0158,7,184800
2025-04-30,WH-IBD,PRD-0158,31,818400
2025-04-30,WH-ABJ,PRD-0158,28,739200
2025-04-30,WH-PHC,PRD-0158,32,844800
2025-04-30,WH-LAG1,PRD-0159,15,297000
2025-04-30,WH-LAG2,PRD-0159,44,871200
2025-04-30,WH-IBD,PRD-0159,55,1089000
2025-04-30,WH-ABJ,PRD-0159,5,99000
2025-04-30,WH-PHC,PRD-0159,0,0
2025-04-30,WH-LAG1,PRD-0160,136,3481600
2025-04-30,WH-LAG2,PRD-0160,75,1920000
2025-04-30,WH-IBD,PRD-0160,194,4966400
2025-04-30,WH-ABJ,PRD-0160,214,5478400
2025-04-30,WH-PHC,PRD-0160,226,5785600
2025-04-30,WH-LAG1,PRD-0161,465,12648000
2025-04-30,WH-LAG2,PRD-0161,319,8676800
2025-04-30,WH-IBD,PRD-0161,305,8296000
2025-04-30,WH-ABJ,PRD-0161,316,8595200
2025-04-30,WH-PHC,PRD-0161,359,9764800
2025-04-30,WH-LAG1,PRD-0162,126,2998800
2025-04-30,WH-LAG2,PRD-0162,40,952000
2025-04-30,WH-IBD,PRD-0162,48,1142400
2025-04-30,WH-ABJ,PRD-0162,31,737800
2025-04-30,WH-PHC,PRD-0162,45,1071000
2025-04-30,WH-LAG1,PRD-0163,53,1144800
2025-04-30,WH-LAG2,PRD-0163,53,1144800
2025-04-30,WH-IBD,PRD-0163,80,1728000
2025-04-30,WH-ABJ,PRD-0163,83,1792800
2025-04-30,WH-PHC,PRD-0163,54,1166400
2025-04-30,WH-LAG1,PRD-0164,80,1344000
2025-04-30,WH-LAG2,PRD-0164,55,924000
2025-04-30,WH-IBD,PRD-0164,44,739200
2025-04-30,WH-ABJ,PRD-0164,10,168000
2025-04-30,WH-PHC,PRD-0164,24,403200
2025-04-30,WH-LAG1,PRD-0165,96,1862400
2025-04-30,WH-LAG2,PRD-0165,128,2483200
2025-04-30,WH-IBD,PRD-0165,155,3007000
2025-04-30,WH-ABJ,PRD-0165,123,2386200
2025-04-30,WH-PHC,PRD-0165,89,1726600
2025-04-30,WH-LAG1,PRD-0166,213,4643400
2025-04-30,WH-LAG2,PRD-0166,83,1809400
2025-04-30,WH-IBD,PRD-0166,108,2354400
2025-04-30,WH-ABJ,PRD-0166,186,4054800
2025-04-30,WH-PHC,PRD-0166,117,2550600
2025-04-30,WH-LAG1,PRD-0167,119,1285200
2025-04-30,WH-LAG2,PRD-0167,30,324000
2025-04-30,WH-IBD,PRD-0167,57,615600
2025-04-30,WH-ABJ,PRD-0167,90,972000
2025-04-30,WH-PHC,PRD-0167,54,583200
2025-04-30,WH-LAG1,PRD-0168,56,873600
2025-04-30,WH-LAG2,PRD-0168,23,358800
2025-04-30,WH-IBD,PRD-0168,12,187200
2025-04-30,WH-ABJ,PRD-0168,18,280800
2025-04-30,WH-PHC,PRD-0168,17,265200
2025-04-30,WH-LAG1,PRD-0169,133,1782200
2025-04-30,WH-LAG2,PRD-0169,72,964800
2025-04-30,WH-IBD,PRD-0169,36,482400
2025-04-30,WH-ABJ,PRD-0169,28,375200
2025-04-30,WH-PHC,PRD-0169,40,536000
2025-04-30,WH-LAG1,PRD-0170,43,610600
2025-04-30,WH-LAG2,PRD-0170,43,610600
2025-04-30,WH-IBD,PRD-0170,73,1036600
2025-04-30,WH-ABJ,PRD-0170,53,752600
2025-04-30,WH-PHC,PRD-0170,81,1150200
2025-05-31,WH-LAG1,PRD-0001,18,75600
2025-05-31,WH-LAG2,PRD-0001,27,113400
2025-05-31,WH-IBD,PRD-0001,32,134400
2025-05-31,WH-ABJ,PRD-0001,17,71400
2025-05-31,WH-PHC,PRD-0001,33,138600
2025-05-31,WH-LAG1,PRD-0002,20,82000
2025-05-31,WH-LAG2,PRD-0002,21,86100
2025-05-31,WH-IBD,PRD-0002,22,90200
2025-05-31,WH-ABJ,PRD-0002,42,172200
2025-05-31,WH-PHC,PRD-0002,29,118900
2025-05-31,WH-LAG1,PRD-0003,9,36900
2025-05-31,WH-LAG2,PRD-0003,16,65600
2025-05-31,WH-IBD,PRD-0003,9,36900
2025-05-31,WH-ABJ,PRD-0003,20,82000
2025-05-31,WH-PHC,PRD-0003,17,69700
2025-05-31,WH-LAG1,PRD-0004,373,1454700
2025-05-31,WH-LAG2,PRD-0004,114,444600
2025-05-31,WH-IBD,PRD-0004,96,374400
2025-05-31,WH-ABJ,PRD-0004,182,709800
2025-05-31,WH-PHC,PRD-0004,152,592800
2025-05-31,WH-LAG1,PRD-0005,132,343200
2025-05-31,WH-LAG2,PRD-0005,22,57200
2025-05-31,WH-IBD,PRD-0005,16,41600
2025-05-31,WH-ABJ,PRD-0005,54,140400
2025-05-31,WH-PHC,PRD-0005,0,0
2025-05-31,WH-LAG1,PRD-0006,39,97500
2025-05-31,WH-LAG2,PRD-0006,40,100000
2025-05-31,WH-IBD,PRD-0006,21,52500
2025-05-31,WH-ABJ,PRD-0006,26,65000
2025-05-31,WH-PHC,PRD-0006,19,47500
2025-05-31,WH-LAG1,PRD-0007,74,1021200
2025-05-31,WH-LAG2,PRD-0007,45,621000
2025-05-31,WH-IBD,PRD-0007,150,2070000
2025-05-31,WH-ABJ,PRD-0007,46,634800
2025-05-31,WH-PHC,PRD-0007,79,1090200
2025-05-31,WH-LAG1,PRD-0008,21,283500
2025-05-31,WH-LAG2,PRD-0008,35,472500
2025-05-31,WH-IBD,PRD-0008,43,580500
2025-05-31,WH-ABJ,PRD-0008,48,648000
2025-05-31,WH-PHC,PRD-0008,32,432000
2025-05-31,WH-LAG1,PRD-0009,54,766800
2025-05-31,WH-LAG2,PRD-0009,15,213000
2025-05-31,WH-IBD,PRD-0009,24,340800
2025-05-31,WH-ABJ,PRD-0009,33,468600
2025-05-31,WH-PHC,PRD-0009,31,440200
2025-05-31,WH-LAG1,PRD-0010,13,171600
2025-05-31,WH-LAG2,PRD-0010,16,211200
2025-05-31,WH-IBD,PRD-0010,19,250800
2025-05-31,WH-ABJ,PRD-0010,11,145200
2025-05-31,WH-PHC,PRD-0010,10,132000
2025-05-31,WH-LAG1,PRD-0011,94,1306600
2025-05-31,WH-LAG2,PRD-0011,32,444800
2025-05-31,WH-IBD,PRD-0011,65,903500
2025-05-31,WH-ABJ,PRD-0011,77,1070300
2025-05-31,WH-PHC,PRD-0011,30,417000
2025-05-31,WH-LAG1,PRD-0012,42,604800
2025-05-31,WH-LAG2,PRD-0012,54,777600
2025-05-31,WH-IBD,PRD-0012,10,144000
2025-05-31,WH-ABJ,PRD-0012,54,777600
2025-05-31,WH-PHC,PRD-0012,0,0
2025-05-31,WH-LAG1,PRD-0013,20,196000
2025-05-31,WH-LAG2,PRD-0013,7,68600
2025-05-31,WH-IBD,PRD-0013,26,254800
2025-05-31,WH-ABJ,PRD-0013,31,303800
2025-05-31,WH-PHC,PRD-0013,11,107800
2025-05-31,WH-LAG1,PRD-0014,22,246400
2025-05-31,WH-LAG2,PRD-0014,5,56000
2025-05-31,WH-IBD,PRD-0014,17,190400
2025-05-31,WH-ABJ,PRD-0014,5,56000
2025-05-31,WH-PHC,PRD-0014,17,190400
2025-05-31,WH-LAG1,PRD-0015,43,296700
2025-05-31,WH-LAG2,PRD-0015,65,448500
2025-05-31,WH-IBD,PRD-0015,32,220800
2025-05-31,WH-ABJ,PRD-0015,29,200100
2025-05-31,WH-PHC,PRD-0015,65,448500
2025-05-31,WH-LAG1,PRD-0016,258,8901000
2025-05-31,WH-LAG2,PRD-0016,74,2553000
2025-05-31,WH-IBD,PRD-0016,48,1656000
2025-05-31,WH-ABJ,PRD-0016,59,2035500
2025-05-31,WH-PHC,PRD-0016,68,2346000
2025-05-31,WH-LAG1,PRD-0017,73,2321400
2025-05-31,WH-LAG2,PRD-0017,32,1017600
2025-05-31,WH-IBD,PRD-0017,0,0
2025-05-31,WH-ABJ,PRD-0017,10,318000
2025-05-31,WH-PHC,PRD-0017,11,349800
2025-05-31,WH-LAG1,PRD-0018,81,3904200
2025-05-31,WH-LAG2,PRD-0018,79,3807800
2025-05-31,WH-IBD,PRD-0018,50,2410000
2025-05-31,WH-ABJ,PRD-0018,21,1012200
2025-05-31,WH-PHC,PRD-0018,81,3904200
2025-05-31,WH-LAG1,PRD-0019,35,924000
2025-05-31,WH-LAG2,PRD-0019,101,2666400
2025-05-31,WH-IBD,PRD-0019,67,1768800
2025-05-31,WH-ABJ,PRD-0019,47,1240800
2025-05-31,WH-PHC,PRD-0019,12,316800
2025-05-31,WH-LAG1,PRD-0020,67,1594600
2025-05-31,WH-LAG2,PRD-0020,51,1213800
2025-05-31,WH-IBD,PRD-0020,101,2403800
2025-05-31,WH-ABJ,PRD-0020,82,1951600
2025-05-31,WH-PHC,PRD-0020,84,1999200
2025-05-31,WH-LAG1,PRD-0021,49,725200
2025-05-31,WH-LAG2,PRD-0021,67,991600
2025-05-31,WH-IBD,PRD-0021,48,710400
2025-05-31,WH-ABJ,PRD-0021,23,340400
2025-05-31,WH-PHC,PRD-0021,19,281200
2025-05-31,WH-LAG1,PRD-0022,16,153600
2025-05-31,WH-LAG2,PRD-0022,11,105600
2025-05-31,WH-IBD,PRD-0022,11,105600
2025-05-31,WH-ABJ,PRD-0022,17,163200
2025-05-31,WH-PHC,PRD-0022,19,182400
2025-05-31,WH-LAG1,PRD-0023,60,804000
2025-05-31,WH-LAG2,PRD-0023,40,536000
2025-05-31,WH-IBD,PRD-0023,82,1098800
2025-05-31,WH-ABJ,PRD-0023,20,268000
2025-05-31,WH-PHC,PRD-0023,15,201000
2025-05-31,WH-LAG1,PRD-0024,67,522600
2025-05-31,WH-LAG2,PRD-0024,25,195000
2025-05-31,WH-IBD,PRD-0024,24,187200
2025-05-31,WH-ABJ,PRD-0024,26,202800
2025-05-31,WH-PHC,PRD-0024,0,0
2025-05-31,WH-LAG1,PRD-0025,62,266600
2025-05-31,WH-LAG2,PRD-0025,16,68800
2025-05-31,WH-IBD,PRD-0025,52,223600
2025-05-31,WH-ABJ,PRD-0025,75,322500
2025-05-31,WH-PHC,PRD-0025,25,107500
2025-05-31,WH-LAG1,PRD-0026,61,219600
2025-05-31,WH-LAG2,PRD-0026,82,295200
2025-05-31,WH-IBD,PRD-0026,25,90000
2025-05-31,WH-ABJ,PRD-0026,44,158400
2025-05-31,WH-PHC,PRD-0026,1,3600
2025-05-31,WH-LAG1,PRD-0027,28,106400
2025-05-31,WH-LAG2,PRD-0027,16,60800
2025-05-31,WH-IBD,PRD-0027,0,0
2025-05-31,WH-ABJ,PRD-0027,27,102600
2025-05-31,WH-PHC,PRD-0027,0,0
2025-05-31,WH-LAG1,PRD-0028,33,132000
2025-05-31,WH-LAG2,PRD-0028,73,292000
2025-05-31,WH-IBD,PRD-0028,74,296000
2025-05-31,WH-ABJ,PRD-0028,73,292000
2025-05-31,WH-PHC,PRD-0028,15,60000
2025-05-31,WH-LAG1,PRD-0029,61,542900
2025-05-31,WH-LAG2,PRD-0029,9,80100
2025-05-31,WH-IBD,PRD-0029,19,169100
2025-05-31,WH-ABJ,PRD-0029,49,436100
2025-05-31,WH-PHC,PRD-0029,34,302600
2025-05-31,WH-LAG1,PRD-0030,22,473000
2025-05-31,WH-LAG2,PRD-0030,28,602000
2025-05-31,WH-IBD,PRD-0030,18,387000
2025-05-31,WH-ABJ,PRD-0030,22,473000
2025-05-31,WH-PHC,PRD-0030,15,322500
2025-05-31,WH-LAG1,PRD-0031,151,4560200
2025-05-31,WH-LAG2,PRD-0031,109,3291800
2025-05-31,WH-IBD,PRD-0031,86,2597200
2025-05-31,WH-ABJ,PRD-0031,70,2114000
2025-05-31,WH-PHC,PRD-0031,78,2355600
2025-05-31,WH-LAG1,PRD-0032,24,403200
2025-05-31,WH-LAG2,PRD-0032,23,386400
2025-05-31,WH-IBD,PRD-0032,10,168000
2025-05-31,WH-ABJ,PRD-0032,28,470400
2025-05-31,WH-PHC,PRD-0032,6,100800
2025-05-31,WH-LAG1,PRD-0033,123,1156200
2025-05-31,WH-LAG2,PRD-0033,24,225600
2025-05-31,WH-IBD,PRD-0033,86,808400
2025-05-31,WH-ABJ,PRD-0033,67,629800
2025-05-31,WH-PHC,PRD-0033,11,103400
2025-05-31,WH-LAG1,PRD-0034,39,503100
2025-05-31,WH-LAG2,PRD-0034,38,490200
2025-05-31,WH-IBD,PRD-0034,24,309600
2025-05-31,WH-ABJ,PRD-0034,4,51600
2025-05-31,WH-PHC,PRD-0034,16,206400
2025-05-31,WH-LAG1,PRD-0035,157,1852600
2025-05-31,WH-LAG2,PRD-0035,69,814200
2025-05-31,WH-IBD,PRD-0035,80,944000
2025-05-31,WH-ABJ,PRD-0035,60,708000
2025-05-31,WH-PHC,PRD-0035,74,873200
2025-05-31,WH-LAG1,PRD-0036,65,1014000
2025-05-31,WH-LAG2,PRD-0036,30,468000
2025-05-31,WH-IBD,PRD-0036,45,702000
2025-05-31,WH-ABJ,PRD-0036,50,780000
2025-05-31,WH-PHC,PRD-0036,16,249600
2025-05-31,WH-LAG1,PRD-0037,77,1524600
2025-05-31,WH-LAG2,PRD-0037,66,1306800
2025-05-31,WH-IBD,PRD-0037,67,1326600
2025-05-31,WH-ABJ,PRD-0037,0,0
2025-05-31,WH-PHC,PRD-0037,69,1366200
2025-05-31,WH-LAG1,PRD-0038,39,464100
2025-05-31,WH-LAG2,PRD-0038,8,95200
2025-05-31,WH-IBD,PRD-0038,29,345100
2025-05-31,WH-ABJ,PRD-0038,27,321300
2025-05-31,WH-PHC,PRD-0038,20,238000
2025-05-31,WH-LAG1,PRD-0039,132,1636800
2025-05-31,WH-LAG2,PRD-0039,130,1612000
2025-05-31,WH-IBD,PRD-0039,156,1934400
2025-05-31,WH-ABJ,PRD-0039,66,818400
2025-05-31,WH-PHC,PRD-0039,33,409200
2025-05-31,WH-LAG1,PRD-0040,132,1478400
2025-05-31,WH-LAG2,PRD-0040,8,89600
2025-05-31,WH-IBD,PRD-0040,40,448000
2025-05-31,WH-ABJ,PRD-0040,36,403200
2025-05-31,WH-PHC,PRD-0040,58,649600
2025-05-31,WH-LAG1,PRD-0041,58,301600
2025-05-31,WH-LAG2,PRD-0041,23,119600
2025-05-31,WH-IBD,PRD-0041,46,239200
2025-05-31,WH-ABJ,PRD-0041,60,312000
2025-05-31,WH-PHC,PRD-0041,57,296400
2025-05-31,WH-LAG1,PRD-0042,26,569400
2025-05-31,WH-LAG2,PRD-0042,22,481800
2025-05-31,WH-IBD,PRD-0042,17,372300
2025-05-31,WH-ABJ,PRD-0042,13,284700
2025-05-31,WH-PHC,PRD-0042,10,219000
2025-05-31,WH-LAG1,PRD-0043,36,547200
2025-05-31,WH-LAG2,PRD-0043,26,395200
2025-05-31,WH-IBD,PRD-0043,60,912000
2025-05-31,WH-ABJ,PRD-0043,62,942400
2025-05-31,WH-PHC,PRD-0043,65,988000
2025-05-31,WH-LAG1,PRD-0044,0,0
2025-05-31,WH-LAG2,PRD-0044,10,68000
2025-05-31,WH-IBD,PRD-0044,8,54400
2025-05-31,WH-ABJ,PRD-0044,5,34000
2025-05-31,WH-PHC,PRD-0044,8,54400
2025-05-31,WH-LAG1,PRD-0045,85,527000
2025-05-31,WH-LAG2,PRD-0045,55,341000
2025-05-31,WH-IBD,PRD-0045,40,248000
2025-05-31,WH-ABJ,PRD-0045,80,496000
2025-05-31,WH-PHC,PRD-0045,12,74400
2025-05-31,WH-LAG1,PRD-0046,84,1159200
2025-05-31,WH-LAG2,PRD-0046,70,966000
2025-05-31,WH-IBD,PRD-0046,62,855600
2025-05-31,WH-ABJ,PRD-0046,0,0
2025-05-31,WH-PHC,PRD-0046,28,386400
2025-05-31,WH-LAG1,PRD-0047,53,858600
2025-05-31,WH-LAG2,PRD-0047,46,745200
2025-05-31,WH-IBD,PRD-0047,87,1409400
2025-05-31,WH-ABJ,PRD-0047,72,1166400
2025-05-31,WH-PHC,PRD-0047,27,437400
2025-05-31,WH-LAG1,PRD-0048,69,1000500
2025-05-31,WH-LAG2,PRD-0048,37,536500
2025-05-31,WH-IBD,PRD-0048,64,928000
2025-05-31,WH-ABJ,PRD-0048,74,1073000
2025-05-31,WH-PHC,PRD-0048,59,855500
2025-05-31,WH-LAG1,PRD-0049,98,1362200
2025-05-31,WH-LAG2,PRD-0049,26,361400
2025-05-31,WH-IBD,PRD-0049,49,681100
2025-05-31,WH-ABJ,PRD-0049,35,486500
2025-05-31,WH-PHC,PRD-0049,44,611600
2025-05-31,WH-LAG1,PRD-0050,22,101200
2025-05-31,WH-LAG2,PRD-0050,45,207000
2025-05-31,WH-IBD,PRD-0050,41,188600
2025-05-31,WH-ABJ,PRD-0050,32,147200
2025-05-31,WH-PHC,PRD-0050,25,115000
2025-05-31,WH-LAG1,PRD-0051,107,3723600
2025-05-31,WH-LAG2,PRD-0051,141,4906800
2025-05-31,WH-IBD,PRD-0051,57,1983600
2025-05-31,WH-ABJ,PRD-0051,101,3514800
2025-05-31,WH-PHC,PRD-0051,44,1531200
2025-05-31,WH-LAG1,PRD-0052,25,847500
2025-05-31,WH-LAG2,PRD-0052,13,440700
2025-05-31,WH-IBD,PRD-0052,13,440700
2025-05-31,WH-ABJ,PRD-0052,15,508500
2025-05-31,WH-PHC,PRD-0052,9,305100
2025-05-31,WH-LAG1,PRD-0053,53,1738400
2025-05-31,WH-LAG2,PRD-0053,29,951200
2025-05-31,WH-IBD,PRD-0053,0,0
2025-05-31,WH-ABJ,PRD-0053,26,852800
2025-05-31,WH-PHC,PRD-0053,8,262400
2025-05-31,WH-LAG1,PRD-0054,20,272000
2025-05-31,WH-LAG2,PRD-0054,13,176800
2025-05-31,WH-IBD,PRD-0054,35,476000
2025-05-31,WH-ABJ,PRD-0054,42,571200
2025-05-31,WH-PHC,PRD-0054,25,340000
2025-05-31,WH-LAG1,PRD-0055,5,69000
2025-05-31,WH-LAG2,PRD-0055,1,13800
2025-05-31,WH-IBD,PRD-0055,54,745200
2025-05-31,WH-ABJ,PRD-0055,31,427800
2025-05-31,WH-PHC,PRD-0055,47,648600
2025-05-31,WH-LAG1,PRD-0056,50,1070000
2025-05-31,WH-LAG2,PRD-0056,0,0
2025-05-31,WH-IBD,PRD-0056,12,256800
2025-05-31,WH-ABJ,PRD-0056,0,0
2025-05-31,WH-PHC,PRD-0056,21,449400
2025-05-31,WH-LAG1,PRD-0057,365,5767000
2025-05-31,WH-LAG2,PRD-0057,211,3333800
2025-05-31,WH-IBD,PRD-0057,143,2259400
2025-05-31,WH-ABJ,PRD-0057,91,1437800
2025-05-31,WH-PHC,PRD-0057,39,616200
2025-05-31,WH-LAG1,PRD-0058,47,700300
2025-05-31,WH-LAG2,PRD-0058,26,387400
2025-05-31,WH-IBD,PRD-0058,33,491700
2025-05-31,WH-ABJ,PRD-0058,31,461900
2025-05-31,WH-PHC,PRD-0058,64,953600
2025-05-31,WH-LAG1,PRD-0059,30,1275000
2025-05-31,WH-LAG2,PRD-0059,45,1912500
2025-05-31,WH-IBD,PRD-0059,33,1402500
2025-05-31,WH-ABJ,PRD-0059,18,765000
2025-05-31,WH-PHC,PRD-0059,58,2465000
2025-05-31,WH-LAG1,PRD-0060,136,6500800
2025-05-31,WH-LAG2,PRD-0060,62,2963600
2025-05-31,WH-IBD,PRD-0060,141,6739800
2025-05-31,WH-ABJ,PRD-0060,118,5640400
2025-05-31,WH-PHC,PRD-0060,110,5258000
2025-05-31,WH-LAG1,PRD-0061,328,4198400
2025-05-31,WH-LAG2,PRD-0061,47,601600
2025-05-31,WH-IBD,PRD-0061,102,1305600
2025-05-31,WH-ABJ,PRD-0061,93,1190400
2025-05-31,WH-PHC,PRD-0061,157,2009600
2025-05-31,WH-LAG1,PRD-0062,123,1672800
2025-05-31,WH-LAG2,PRD-0062,144,1958400
2025-05-31,WH-IBD,PRD-0062,86,1169600
2025-05-31,WH-ABJ,PRD-0062,109,1482400
2025-05-31,WH-PHC,PRD-0062,140,1904000
2025-05-31,WH-LAG1,PRD-0063,84,999600
2025-05-31,WH-LAG2,PRD-0063,25,297500
2025-05-31,WH-IBD,PRD-0063,15,178500
2025-05-31,WH-ABJ,PRD-0063,32,380800
2025-05-31,WH-PHC,PRD-0063,15,178500
2025-05-31,WH-LAG1,PRD-0064,101,3110800
2025-05-31,WH-LAG2,PRD-0064,48,1478400
2025-05-31,WH-IBD,PRD-0064,71,2186800
2025-05-31,WH-ABJ,PRD-0064,52,1601600
2025-05-31,WH-PHC,PRD-0064,68,2094400
2025-05-31,WH-LAG1,PRD-0065,98,2587200
2025-05-31,WH-LAG2,PRD-0065,28,739200
2025-05-31,WH-IBD,PRD-0065,48,1267200
2025-05-31,WH-ABJ,PRD-0065,108,2851200
2025-05-31,WH-PHC,PRD-0065,79,2085600
2025-05-31,WH-LAG1,PRD-0066,11,486200
2025-05-31,WH-LAG2,PRD-0066,3,132600
2025-05-31,WH-IBD,PRD-0066,10,442000
2025-05-31,WH-ABJ,PRD-0066,9,397800
2025-05-31,WH-PHC,PRD-0066,9,397800
2025-05-31,WH-LAG1,PRD-0067,37,384800
2025-05-31,WH-LAG2,PRD-0067,61,634400
2025-05-31,WH-IBD,PRD-0067,24,249600
2025-05-31,WH-ABJ,PRD-0067,127,1320800
2025-05-31,WH-PHC,PRD-0067,72,748800
2025-05-31,WH-LAG1,PRD-0068,181,2389200
2025-05-31,WH-LAG2,PRD-0068,52,686400
2025-05-31,WH-IBD,PRD-0068,48,633600
2025-05-31,WH-ABJ,PRD-0068,33,435600
2025-05-31,WH-PHC,PRD-0068,151,1993200
2025-05-31,WH-LAG1,PRD-0069,38,524400
2025-05-31,WH-LAG2,PRD-0069,13,179400
2025-05-31,WH-IBD,PRD-0069,19,262200
2025-05-31,WH-ABJ,PRD-0069,23,317400
2025-05-31,WH-PHC,PRD-0069,4,55200
2025-05-31,WH-LAG1,PRD-0070,17,261800
2025-05-31,WH-LAG2,PRD-0070,58,893200
2025-05-31,WH-IBD,PRD-0070,31,477400
2025-05-31,WH-ABJ,PRD-0070,61,939400
2025-05-31,WH-PHC,PRD-0070,53,816200
2025-05-31,WH-LAG1,PRD-0071,18,266400
2025-05-31,WH-LAG2,PRD-0071,24,355200
2025-05-31,WH-IBD,PRD-0071,10,148000
2025-05-31,WH-ABJ,PRD-0071,14,207200
2025-05-31,WH-PHC,PRD-0071,16,236800
2025-05-31,WH-LAG1,PRD-0072,50,1630000
2025-05-31,WH-LAG2,PRD-0072,12,391200
2025-05-31,WH-IBD,PRD-0072,55,1793000
2025-05-31,WH-ABJ,PRD-0072,26,847600
2025-05-31,WH-PHC,PRD-0072,57,1858200
2025-05-31,WH-LAG1,PRD-0073,26,774800
2025-05-31,WH-LAG2,PRD-0073,18,536400
2025-05-31,WH-IBD,PRD-0073,22,655600
2025-05-31,WH-ABJ,PRD-0073,14,417200
2025-05-31,WH-PHC,PRD-0073,6,178800
2025-05-31,WH-LAG1,PRD-0074,152,4468800
2025-05-31,WH-LAG2,PRD-0074,40,1176000
2025-05-31,WH-IBD,PRD-0074,46,1352400
2025-05-31,WH-ABJ,PRD-0074,24,705600
2025-05-31,WH-PHC,PRD-0074,42,1234800
2025-05-31,WH-LAG1,PRD-0075,12,321600
2025-05-31,WH-LAG2,PRD-0075,24,643200
2025-05-31,WH-IBD,PRD-0075,9,241200
2025-05-31,WH-ABJ,PRD-0075,28,750400
2025-05-31,WH-PHC,PRD-0075,29,777200
2025-05-31,WH-LAG1,PRD-0076,36,842400
2025-05-31,WH-LAG2,PRD-0076,67,1567800
2025-05-31,WH-IBD,PRD-0076,68,1591200
2025-05-31,WH-ABJ,PRD-0076,46,1076400
2025-05-31,WH-PHC,PRD-0076,64,1497600
2025-05-31,WH-LAG1,PRD-0077,363,9292800
2025-05-31,WH-LAG2,PRD-0077,169,4326400
2025-05-31,WH-IBD,PRD-0077,208,5324800
2025-05-31,WH-ABJ,PRD-0077,210,5376000
2025-05-31,WH-PHC,PRD-0077,197,5043200
2025-05-31,WH-LAG1,PRD-0078,238,6616400
2025-05-31,WH-LAG2,PRD-0078,56,1556800
2025-05-31,WH-IBD,PRD-0078,85,2363000
2025-05-31,WH-ABJ,PRD-0078,31,861800
2025-05-31,WH-PHC,PRD-0078,81,2251800
2025-05-31,WH-LAG1,PRD-0079,50,1925000
2025-05-31,WH-LAG2,PRD-0079,46,1771000
2025-05-31,WH-IBD,PRD-0079,51,1963500
2025-05-31,WH-ABJ,PRD-0079,78,3003000
2025-05-31,WH-PHC,PRD-0079,43,1655500
2025-05-31,WH-LAG1,PRD-0080,38,744800
2025-05-31,WH-LAG2,PRD-0080,0,0
2025-05-31,WH-IBD,PRD-0080,22,431200
2025-05-31,WH-ABJ,PRD-0080,30,588000
2025-05-31,WH-PHC,PRD-0080,82,1607200
2025-05-31,WH-LAG1,PRD-0081,117,3790800
2025-05-31,WH-LAG2,PRD-0081,49,1587600
2025-05-31,WH-IBD,PRD-0081,81,2624400
2025-05-31,WH-ABJ,PRD-0081,113,3661200
2025-05-31,WH-PHC,PRD-0081,87,2818800
2025-05-31,WH-LAG1,PRD-0082,205,5289000
2025-05-31,WH-LAG2,PRD-0082,56,1444800
2025-05-31,WH-IBD,PRD-0082,79,2038200
2025-05-31,WH-ABJ,PRD-0082,102,2631600
2025-05-31,WH-PHC,PRD-0082,111,2863800
2025-05-31,WH-LAG1,PRD-0083,123,2263200
2025-05-31,WH-LAG2,PRD-0083,168,3091200
2025-05-31,WH-IBD,PRD-0083,38,699200
2025-05-31,WH-ABJ,PRD-0083,78,1435200
2025-05-31,WH-PHC,PRD-0083,180,3312000
2025-05-31,WH-LAG1,PRD-0084,189,4082400
2025-05-31,WH-LAG2,PRD-0084,93,2008800
2025-05-31,WH-IBD,PRD-0084,72,1555200
2025-05-31,WH-ABJ,PRD-0084,184,3974400
2025-05-31,WH-PHC,PRD-0084,66,1425600
2025-05-31,WH-LAG1,PRD-0085,82,2148400
2025-05-31,WH-LAG2,PRD-0085,82,2148400
2025-05-31,WH-IBD,PRD-0085,43,1126600
2025-05-31,WH-ABJ,PRD-0085,0,0
2025-05-31,WH-PHC,PRD-0085,88,2305600
2025-05-31,WH-LAG1,PRD-0086,127,3022600
2025-05-31,WH-LAG2,PRD-0086,340,8092000
2025-05-31,WH-IBD,PRD-0086,266,6330800
2025-05-31,WH-ABJ,PRD-0086,186,4426800
2025-05-31,WH-PHC,PRD-0086,154,3665200
2025-05-31,WH-LAG1,PRD-0087,21,394800
2025-05-31,WH-LAG2,PRD-0087,26,488800
2025-05-31,WH-IBD,PRD-0087,23,432400
2025-05-31,WH-ABJ,PRD-0087,5,94000
2025-05-31,WH-PHC,PRD-0087,8,150400
2025-05-31,WH-LAG1,PRD-0088,23,285200
2025-05-31,WH-LAG2,PRD-0088,22,272800
2025-05-31,WH-IBD,PRD-0088,49,607600
2025-05-31,WH-ABJ,PRD-0088,34,421600
2025-05-31,WH-PHC,PRD-0088,45,558000
2025-05-31,WH-LAG1,PRD-0089,11,123200
2025-05-31,WH-LAG2,PRD-0089,22,246400
2025-05-31,WH-IBD,PRD-0089,45,504000
2025-05-31,WH-ABJ,PRD-0089,31,347200
2025-05-31,WH-PHC,PRD-0089,23,257600
2025-05-31,WH-LAG1,PRD-0090,2598,74302800
2025-05-31,WH-LAG2,PRD-0090,657,18790200
2025-05-31,WH-IBD,PRD-0090,811,23194600
2025-05-31,WH-ABJ,PRD-0090,416,11897600
2025-05-31,WH-PHC,PRD-0090,679,19419400
2025-05-31,WH-LAG1,PRD-0091,45,972000
2025-05-31,WH-LAG2,PRD-0091,44,950400
2025-05-31,WH-IBD,PRD-0091,22,475200
2025-05-31,WH-ABJ,PRD-0091,0,0
2025-05-31,WH-PHC,PRD-0091,30,648000
2025-05-31,WH-LAG1,PRD-0092,60,1488000
2025-05-31,WH-LAG2,PRD-0092,30,744000
2025-05-31,WH-IBD,PRD-0092,38,942400
2025-05-31,WH-ABJ,PRD-0092,41,1016800
2025-05-31,WH-PHC,PRD-0092,21,520800
2025-05-31,WH-LAG1,PRD-0093,239,4636600
2025-05-31,WH-LAG2,PRD-0093,105,2037000
2025-05-31,WH-IBD,PRD-0093,103,1998200
2025-05-31,WH-ABJ,PRD-0093,177,3433800
2025-05-31,WH-PHC,PRD-0093,26,504400
2025-05-31,WH-LAG1,PRD-0094,13,244400
2025-05-31,WH-LAG2,PRD-0094,25,470000
2025-05-31,WH-IBD,PRD-0094,23,432400
2025-05-31,WH-ABJ,PRD-0094,35,658000
2025-05-31,WH-PHC,PRD-0094,26,488800
2025-05-31,WH-LAG1,PRD-0095,27,456300
2025-05-31,WH-LAG2,PRD-0095,15,253500
2025-05-31,WH-IBD,PRD-0095,11,185900
2025-05-31,WH-ABJ,PRD-0095,7,118300
2025-05-31,WH-PHC,PRD-0095,20,338000
2025-05-31,WH-LAG1,PRD-0096,36,655200
2025-05-31,WH-LAG2,PRD-0096,0,0
2025-05-31,WH-IBD,PRD-0096,14,254800
2025-05-31,WH-ABJ,PRD-0096,12,218400
2025-05-31,WH-PHC,PRD-0096,9,163800
2025-05-31,WH-LAG1,PRD-0097,42,747600
2025-05-31,WH-LAG2,PRD-0097,10,178000
2025-05-31,WH-IBD,PRD-0097,26,462800
2025-05-31,WH-ABJ,PRD-0097,13,231400
2025-05-31,WH-PHC,PRD-0097,10,178000
2025-05-31,WH-LAG1,PRD-0098,155,2077000
2025-05-31,WH-LAG2,PRD-0098,186,2492400
2025-05-31,WH-IBD,PRD-0098,140,1876000
2025-05-31,WH-ABJ,PRD-0098,152,2036800
2025-05-31,WH-PHC,PRD-0098,101,1353400
2025-05-31,WH-LAG1,PRD-0099,43,541800
2025-05-31,WH-LAG2,PRD-0099,16,201600
2025-05-31,WH-IBD,PRD-0099,6,75600
2025-05-31,WH-ABJ,PRD-0099,41,516600
2025-05-31,WH-PHC,PRD-0099,30,378000
2025-05-31,WH-LAG1,PRD-0100,337,5661600
2025-05-31,WH-LAG2,PRD-0100,173,2906400
2025-05-31,WH-IBD,PRD-0100,44,739200
2025-05-31,WH-ABJ,PRD-0100,79,1327200
2025-05-31,WH-PHC,PRD-0100,219,3679200
2025-05-31,WH-LAG1,PRD-0101,36,662400
2025-05-31,WH-LAG2,PRD-0101,8,147200
2025-05-31,WH-IBD,PRD-0101,23,423200
2025-05-31,WH-ABJ,PRD-0101,0,0
2025-05-31,WH-PHC,PRD-0101,11,202400
2025-05-31,WH-LAG1,PRD-0102,156,2215200
2025-05-31,WH-LAG2,PRD-0102,49,695800
2025-05-31,WH-IBD,PRD-0102,2,28400
2025-05-31,WH-ABJ,PRD-0102,101,1434200
2025-05-31,WH-PHC,PRD-0102,0,0
2025-05-31,WH-LAG1,PRD-0103,62,1847600
2025-05-31,WH-LAG2,PRD-0103,48,1430400
2025-05-31,WH-IBD,PRD-0103,79,2354200
2025-05-31,WH-ABJ,PRD-0103,98,2920400
2025-05-31,WH-PHC,PRD-0103,37,1102600
2025-05-31,WH-LAG1,PRD-0104,18,248400
2025-05-31,WH-LAG2,PRD-0104,19,262200
2025-05-31,WH-IBD,PRD-0104,8,110400
2025-05-31,WH-ABJ,PRD-0104,45,621000
2025-05-31,WH-PHC,PRD-0104,27,372600
2025-05-31,WH-LAG1,PRD-0105,14,484400
2025-05-31,WH-LAG2,PRD-0105,39,1349400
2025-05-31,WH-IBD,PRD-0105,12,415200
2025-05-31,WH-ABJ,PRD-0105,40,1384000
2025-05-31,WH-PHC,PRD-0105,37,1280200
2025-05-31,WH-LAG1,PRD-0106,51,1672800
2025-05-31,WH-LAG2,PRD-0106,8,262400
2025-05-31,WH-IBD,PRD-0106,8,262400
2025-05-31,WH-ABJ,PRD-0106,21,688800
2025-05-31,WH-PHC,PRD-0106,13,426400
2025-05-31,WH-LAG1,PRD-0107,25,835000
2025-05-31,WH-LAG2,PRD-0107,33,1102200
2025-05-31,WH-IBD,PRD-0107,4,133600
2025-05-31,WH-ABJ,PRD-0107,4,133600
2025-05-31,WH-PHC,PRD-0107,24,801600
2025-05-31,WH-LAG1,PRD-0108,334,8951200
2025-05-31,WH-LAG2,PRD-0108,160,4288000
2025-05-31,WH-IBD,PRD-0108,103,2760400
2025-05-31,WH-ABJ,PRD-0108,133,3564400
2025-05-31,WH-PHC,PRD-0108,64,1715200
2025-05-31,WH-LAG1,PRD-0109,62,1636800
2025-05-31,WH-LAG2,PRD-0109,62,1636800
2025-05-31,WH-IBD,PRD-0109,49,1293600
2025-05-31,WH-ABJ,PRD-0109,49,1293600
2025-05-31,WH-PHC,PRD-0109,88,2323200
2025-05-31,WH-LAG1,PRD-0110,50,1240000
2025-05-31,WH-LAG2,PRD-0110,11,272800
2025-05-31,WH-IBD,PRD-0110,32,793600
2025-05-31,WH-ABJ,PRD-0110,14,347200
2025-05-31,WH-PHC,PRD-0110,35,868000
2025-05-31,WH-LAG1,PRD-0111,170,1666000
2025-05-31,WH-LAG2,PRD-0111,41,401800
2025-05-31,WH-IBD,PRD-0111,39,382200
2025-05-31,WH-ABJ,PRD-0111,157,1538600
2025-05-31,WH-PHC,PRD-0111,42,411600
2025-05-31,WH-LAG1,PRD-0112,28,330400
2025-05-31,WH-LAG2,PRD-0112,10,118000
2025-05-31,WH-IBD,PRD-0112,12,141600
2025-05-31,WH-ABJ,PRD-0112,35,413000
2025-05-31,WH-PHC,PRD-0112,21,247800
2025-05-31,WH-LAG1,PRD-0113,43,369800
2025-05-31,WH-LAG2,PRD-0113,77,662200
2025-05-31,WH-IBD,PRD-0113,40,344000
2025-05-31,WH-ABJ,PRD-0113,45,387000
2025-05-31,WH-PHC,PRD-0113,70,602000
2025-05-31,WH-LAG1,PRD-0114,25,305000
2025-05-31,WH-LAG2,PRD-0114,10,122000
2025-05-31,WH-IBD,PRD-0114,19,231800
2025-05-31,WH-ABJ,PRD-0114,21,256200
2025-05-31,WH-PHC,PRD-0114,6,73200
2025-05-31,WH-LAG1,PRD-0115,75,1230000
2025-05-31,WH-LAG2,PRD-0115,61,1000400
2025-05-31,WH-IBD,PRD-0115,63,1033200
2025-05-31,WH-ABJ,PRD-0115,63,1033200
2025-05-31,WH-PHC,PRD-0115,87,1426800
2025-05-31,WH-LAG1,PRD-0116,62,855600
2025-05-31,WH-LAG2,PRD-0116,0,0
2025-05-31,WH-IBD,PRD-0116,18,248400
2025-05-31,WH-ABJ,PRD-0116,73,1007400
2025-05-31,WH-PHC,PRD-0116,40,552000
2025-05-31,WH-LAG1,PRD-0117,66,1003200
2025-05-31,WH-LAG2,PRD-0117,68,1033600
2025-05-31,WH-IBD,PRD-0117,60,912000
2025-05-31,WH-ABJ,PRD-0117,32,486400
2025-05-31,WH-PHC,PRD-0117,22,334400
2025-05-31,WH-LAG1,PRD-0118,122,2147200
2025-05-31,WH-LAG2,PRD-0118,73,1284800
2025-05-31,WH-IBD,PRD-0118,142,2499200
2025-05-31,WH-ABJ,PRD-0118,80,1408000
2025-05-31,WH-PHC,PRD-0118,85,1496000
2025-05-31,WH-LAG1,PRD-0119,36,676800
2025-05-31,WH-LAG2,PRD-0119,25,470000
2025-05-31,WH-IBD,PRD-0119,12,225600
2025-05-31,WH-ABJ,PRD-0119,10,188000
2025-05-31,WH-PHC,PRD-0119,20,376000
2025-05-31,WH-LAG1,PRD-0120,213,2641200
2025-05-31,WH-LAG2,PRD-0120,72,892800
2025-05-31,WH-IBD,PRD-0120,150,1860000
2025-05-31,WH-ABJ,PRD-0120,177,2194800
2025-05-31,WH-PHC,PRD-0120,153,1897200
2025-05-31,WH-LAG1,PRD-0121,77,1663200
2025-05-31,WH-LAG2,PRD-0121,91,1965600
2025-05-31,WH-IBD,PRD-0121,133,2872800
2025-05-31,WH-ABJ,PRD-0121,148,3196800
2025-05-31,WH-PHC,PRD-0121,121,2613600
2025-05-31,WH-LAG1,PRD-0122,200,2960000
2025-05-31,WH-LAG2,PRD-0122,88,1302400
2025-05-31,WH-IBD,PRD-0122,24,355200
2025-05-31,WH-ABJ,PRD-0122,57,843600
2025-05-31,WH-PHC,PRD-0122,0,0
2025-05-31,WH-LAG1,PRD-0123,37,429200
2025-05-31,WH-LAG2,PRD-0123,7,81200
2025-05-31,WH-IBD,PRD-0123,71,823600
2025-05-31,WH-ABJ,PRD-0123,22,255200
2025-05-31,WH-PHC,PRD-0123,68,788800
2025-05-31,WH-LAG1,PRD-0124,45,306000
2025-05-31,WH-LAG2,PRD-0124,26,176800
2025-05-31,WH-IBD,PRD-0124,28,190400
2025-05-31,WH-ABJ,PRD-0124,80,544000
2025-05-31,WH-PHC,PRD-0124,43,292400
2025-05-31,WH-LAG1,PRD-0125,612,7833600
2025-05-31,WH-LAG2,PRD-0125,272,3481600
2025-05-31,WH-IBD,PRD-0125,134,1715200
2025-05-31,WH-ABJ,PRD-0125,366,4684800
2025-05-31,WH-PHC,PRD-0125,202,2585600
2025-05-31,WH-LAG1,PRD-0126,110,2596000
2025-05-31,WH-LAG2,PRD-0126,17,401200
2025-05-31,WH-IBD,PRD-0126,26,613600
2025-05-31,WH-ABJ,PRD-0126,38,896800
2025-05-31,WH-PHC,PRD-0126,32,755200
2025-05-31,WH-LAG1,PRD-0127,72,950400
2025-05-31,WH-LAG2,PRD-0127,36,475200
2025-05-31,WH-IBD,PRD-0127,30,396000
2025-05-31,WH-ABJ,PRD-0127,37,488400
2025-05-31,WH-PHC,PRD-0127,39,514800
2025-05-31,WH-LAG1,PRD-0128,7,117600
2025-05-31,WH-LAG2,PRD-0128,53,890400
2025-05-31,WH-IBD,PRD-0128,49,823200
2025-05-31,WH-ABJ,PRD-0128,119,1999200
2025-05-31,WH-PHC,PRD-0128,31,520800
2025-05-31,WH-LAG1,PRD-0129,6,92400
2025-05-31,WH-LAG2,PRD-0129,17,261800
2025-05-31,WH-IBD,PRD-0129,8,123200
2025-05-31,WH-ABJ,PRD-0129,23,354200
2025-05-31,WH-PHC,PRD-0129,19,292600
2025-05-31,WH-LAG1,PRD-0130,22,237600
2025-05-31,WH-LAG2,PRD-0130,20,216000
2025-05-31,WH-IBD,PRD-0130,31,334800
2025-05-31,WH-ABJ,PRD-0130,37,399600
2025-05-31,WH-PHC,PRD-0130,14,151200
2025-05-31,WH-LAG1,PRD-0131,66,1689600
2025-05-31,WH-LAG2,PRD-0131,7,179200
2025-05-31,WH-IBD,PRD-0131,27,691200
2025-05-31,WH-ABJ,PRD-0131,83,2124800
2025-05-31,WH-PHC,PRD-0131,109,2790400
2025-05-31,WH-LAG1,PRD-0132,100,3140000
2025-05-31,WH-LAG2,PRD-0132,44,1381600
2025-05-31,WH-IBD,PRD-0132,31,973400
2025-05-31,WH-ABJ,PRD-0132,78,2449200
2025-05-31,WH-PHC,PRD-0132,29,910600
2025-05-31,WH-LAG1,PRD-0133,1,23800
2025-05-31,WH-LAG2,PRD-0133,10,238000
2025-05-31,WH-IBD,PRD-0133,29,690200
2025-05-31,WH-ABJ,PRD-0133,40,952000
2025-05-31,WH-PHC,PRD-0133,5,119000
2025-05-31,WH-LAG1,PRD-0134,0,0
2025-05-31,WH-LAG2,PRD-0134,42,1251600
2025-05-31,WH-IBD,PRD-0134,30,894000
2025-05-31,WH-ABJ,PRD-0134,42,1251600
2025-05-31,WH-PHC,PRD-0134,6,178800
2025-05-31,WH-LAG1,PRD-0135,97,2560800
2025-05-31,WH-LAG2,PRD-0135,116,3062400
2025-05-31,WH-IBD,PRD-0135,116,3062400
2025-05-31,WH-ABJ,PRD-0135,82,2164800
2025-05-31,WH-PHC,PRD-0135,174,4593600
2025-05-31,WH-LAG1,PRD-0136,83,3535800
2025-05-31,WH-LAG2,PRD-0136,24,1022400
2025-05-31,WH-IBD,PRD-0136,25,1065000
2025-05-31,WH-ABJ,PRD-0136,52,2215200
2025-05-31,WH-PHC,PRD-0136,60,2556000
2025-05-31,WH-LAG1,PRD-0137,125,3025000
2025-05-31,WH-LAG2,PRD-0137,84,2032800
2025-05-31,WH-IBD,PRD-0137,62,1500400
2025-05-31,WH-ABJ,PRD-0137,14,338800
2025-05-31,WH-PHC,PRD-0137,29,701800
2025-05-31,WH-LAG1,PRD-0138,107,2332600
2025-05-31,WH-LAG2,PRD-0138,106,2310800
2025-05-31,WH-IBD,PRD-0138,77,1678600
2025-05-31,WH-ABJ,PRD-0138,62,1351600
2025-05-31,WH-PHC,PRD-0138,96,2092800
2025-05-31,WH-LAG1,PRD-0139,58,1670400
2025-05-31,WH-LAG2,PRD-0139,61,1756800
2025-05-31,WH-IBD,PRD-0139,16,460800
2025-05-31,WH-ABJ,PRD-0139,96,2764800
2025-05-31,WH-PHC,PRD-0139,61,1756800
2025-05-31,WH-LAG1,PRD-0140,28,655200
2025-05-31,WH-LAG2,PRD-0140,24,561600
2025-05-31,WH-IBD,PRD-0140,56,1310400
2025-05-31,WH-ABJ,PRD-0140,58,1357200
2025-05-31,WH-PHC,PRD-0140,50,1170000
2025-05-31,WH-LAG1,PRD-0141,45,1386000
2025-05-31,WH-LAG2,PRD-0141,27,831600
2025-05-31,WH-IBD,PRD-0141,62,1909600
2025-05-31,WH-ABJ,PRD-0141,77,2371600
2025-05-31,WH-PHC,PRD-0141,21,646800
2025-05-31,WH-LAG1,PRD-0142,168,7526400
2025-05-31,WH-LAG2,PRD-0142,143,6406400
2025-05-31,WH-IBD,PRD-0142,134,6003200
2025-05-31,WH-ABJ,PRD-0142,109,4883200
2025-05-31,WH-PHC,PRD-0142,75,3360000
2025-05-31,WH-LAG1,PRD-0143,121,4985200
2025-05-31,WH-LAG2,PRD-0143,55,2266000
2025-05-31,WH-IBD,PRD-0143,36,1483200
2025-05-31,WH-ABJ,PRD-0143,24,988800
2025-05-31,WH-PHC,PRD-0143,36,1483200
2025-05-31,WH-LAG1,PRD-0144,67,1795600
2025-05-31,WH-LAG2,PRD-0144,61,1634800
2025-05-31,WH-IBD,PRD-0144,13,348400
2025-05-31,WH-ABJ,PRD-0144,46,1232800
2025-05-31,WH-PHC,PRD-0144,65,1742000
2025-05-31,WH-LAG1,PRD-0145,116,2946400
2025-05-31,WH-LAG2,PRD-0145,90,2286000
2025-05-31,WH-IBD,PRD-0145,74,1879600
2025-05-31,WH-ABJ,PRD-0145,110,2794000
2025-05-31,WH-PHC,PRD-0145,60,1524000
2025-05-31,WH-LAG1,PRD-0146,21,583800
2025-05-31,WH-LAG2,PRD-0146,53,1473400
2025-05-31,WH-IBD,PRD-0146,49,1362200
2025-05-31,WH-ABJ,PRD-0146,28,778400
2025-05-31,WH-PHC,PRD-0146,26,722800
2025-05-31,WH-LAG1,PRD-0147,21,579600
2025-05-31,WH-LAG2,PRD-0147,11,303600
2025-05-31,WH-IBD,PRD-0147,24,662400
2025-05-31,WH-ABJ,PRD-0147,54,1490400
2025-05-31,WH-PHC,PRD-0147,12,331200
2025-05-31,WH-LAG1,PRD-0148,40,952000
2025-05-31,WH-LAG2,PRD-0148,43,1023400
2025-05-31,WH-IBD,PRD-0148,37,880600
2025-05-31,WH-ABJ,PRD-0148,2,47600
2025-05-31,WH-PHC,PRD-0148,25,595000
2025-05-31,WH-LAG1,PRD-0149,31,1233800
2025-05-31,WH-LAG2,PRD-0149,27,1074600
2025-05-31,WH-IBD,PRD-0149,0,0
2025-05-31,WH-ABJ,PRD-0149,28,1114400
2025-05-31,WH-PHC,PRD-0149,26,1034800
2025-05-31,WH-LAG1,PRD-0150,9,345600
2025-05-31,WH-LAG2,PRD-0150,29,1113600
2025-05-31,WH-IBD,PRD-0150,18,691200
2025-05-31,WH-ABJ,PRD-0150,134,5145600
2025-05-31,WH-PHC,PRD-0150,35,1344000
2025-05-31,WH-LAG1,PRD-0151,543,18787800
2025-05-31,WH-LAG2,PRD-0151,522,18061200
2025-05-31,WH-IBD,PRD-0151,366,12663600
2025-05-31,WH-ABJ,PRD-0151,717,24808200
2025-05-31,WH-PHC,PRD-0151,665,23009000
2025-05-31,WH-LAG1,PRD-0152,28,604800
2025-05-31,WH-LAG2,PRD-0152,58,1252800
2025-05-31,WH-IBD,PRD-0152,48,1036800
2025-05-31,WH-ABJ,PRD-0152,30,648000
2025-05-31,WH-PHC,PRD-0152,28,604800
2025-05-31,WH-LAG1,PRD-0153,240,4512000
2025-05-31,WH-LAG2,PRD-0153,194,3647200
2025-05-31,WH-IBD,PRD-0153,153,2876400
2025-05-31,WH-ABJ,PRD-0153,176,3308800
2025-05-31,WH-PHC,PRD-0153,178,3346400
2025-05-31,WH-LAG1,PRD-0154,62,2083200
2025-05-31,WH-LAG2,PRD-0154,19,638400
2025-05-31,WH-IBD,PRD-0154,19,638400
2025-05-31,WH-ABJ,PRD-0154,10,336000
2025-05-31,WH-PHC,PRD-0154,68,2284800
2025-05-31,WH-LAG1,PRD-0155,66,3484800
2025-05-31,WH-LAG2,PRD-0155,47,2481600
2025-05-31,WH-IBD,PRD-0155,7,369600
2025-05-31,WH-ABJ,PRD-0155,78,4118400
2025-05-31,WH-PHC,PRD-0155,18,950400
2025-05-31,WH-LAG1,PRD-0156,281,12532600
2025-05-31,WH-LAG2,PRD-0156,121,5396600
2025-05-31,WH-IBD,PRD-0156,40,1784000
2025-05-31,WH-ABJ,PRD-0156,89,3969400
2025-05-31,WH-PHC,PRD-0156,185,8251000
2025-05-31,WH-LAG1,PRD-0157,76,1428800
2025-05-31,WH-LAG2,PRD-0157,65,1222000
2025-05-31,WH-IBD,PRD-0157,60,1128000
2025-05-31,WH-ABJ,PRD-0157,70,1316000
2025-05-31,WH-PHC,PRD-0157,68,1278400
2025-05-31,WH-LAG1,PRD-0158,30,792000
2025-05-31,WH-LAG2,PRD-0158,7,184800
2025-05-31,WH-IBD,PRD-0158,31,818400
2025-05-31,WH-ABJ,PRD-0158,28,739200
2025-05-31,WH-PHC,PRD-0158,32,844800
2025-05-31,WH-LAG1,PRD-0159,7,138600
2025-05-31,WH-LAG2,PRD-0159,44,871200
2025-05-31,WH-IBD,PRD-0159,55,1089000
2025-05-31,WH-ABJ,PRD-0159,66,1306800
2025-05-31,WH-PHC,PRD-0159,60,1188000
2025-05-31,WH-LAG1,PRD-0160,325,8320000
2025-05-31,WH-LAG2,PRD-0160,147,3763200
2025-05-31,WH-IBD,PRD-0160,108,2764800
2025-05-31,WH-ABJ,PRD-0160,165,4224000
2025-05-31,WH-PHC,PRD-0160,209,5350400
2025-05-31,WH-LAG1,PRD-0161,215,5848000
2025-05-31,WH-LAG2,PRD-0161,183,4977600
2025-05-31,WH-IBD,PRD-0161,202,5494400
2025-05-31,WH-ABJ,PRD-0161,234,6364800
2025-05-31,WH-PHC,PRD-0161,257,6990400
2025-05-31,WH-LAG1,PRD-0162,94,2237200
2025-05-31,WH-LAG2,PRD-0162,49,1166200
2025-05-31,WH-IBD,PRD-0162,39,928200
2025-05-31,WH-ABJ,PRD-0162,31,737800
2025-05-31,WH-PHC,PRD-0162,28,666400
2025-05-31,WH-LAG1,PRD-0163,123,2656800
2025-05-31,WH-LAG2,PRD-0163,52,1123200
2025-05-31,WH-IBD,PRD-0163,71,1533600
2025-05-31,WH-ABJ,PRD-0163,0,0
2025-05-31,WH-PHC,PRD-0163,54,1166400
2025-05-31,WH-LAG1,PRD-0164,62,1041600
2025-05-31,WH-LAG2,PRD-0164,53,890400
2025-05-31,WH-IBD,PRD-0164,28,470400
2025-05-31,WH-ABJ,PRD-0164,47,789600
2025-05-31,WH-PHC,PRD-0164,13,218400
2025-05-31,WH-LAG1,PRD-0165,249,4830600
2025-05-31,WH-LAG2,PRD-0165,115,2231000
2025-05-31,WH-IBD,PRD-0165,137,2657800
2025-05-31,WH-ABJ,PRD-0165,96,1862400
2025-05-31,WH-PHC,PRD-0165,41,795400
2025-05-31,WH-LAG1,PRD-0166,138,3008400
2025-05-31,WH-LAG2,PRD-0166,52,1133600
2025-05-31,WH-IBD,PRD-0166,108,2354400
2025-05-31,WH-ABJ,PRD-0166,174,3793200
2025-05-31,WH-PHC,PRD-0166,29,632200
2025-05-31,WH-LAG1,PRD-0167,115,1242000
2025-05-31,WH-LAG2,PRD-0167,22,237600
2025-05-31,WH-IBD,PRD-0167,41,442800
2025-05-31,WH-ABJ,PRD-0167,73,788400
2025-05-31,WH-PHC,PRD-0167,43,464400
2025-05-31,WH-LAG1,PRD-0168,51,795600
2025-05-31,WH-LAG2,PRD-0168,0,0
2025-05-31,WH-IBD,PRD-0168,0,0
2025-05-31,WH-ABJ,PRD-0168,11,171600
2025-05-31,WH-PHC,PRD-0168,2,31200
2025-05-31,WH-LAG1,PRD-0169,120,1608000
2025-05-31,WH-LAG2,PRD-0169,56,750400
2025-05-31,WH-IBD,PRD-0169,36,482400
2025-05-31,WH-ABJ,PRD-0169,0,0
2025-05-31,WH-PHC,PRD-0169,32,428800
2025-05-31,WH-LAG1,PRD-0170,36,511200
2025-05-31,WH-LAG2,PRD-0170,43,610600
2025-05-31,WH-IBD,PRD-0170,57,809400
2025-05-31,WH-ABJ,PRD-0170,40,568000
2025-05-31,WH-PHC,PRD-0170,59,837800
2025-06-30,WH-LAG1,PRD-0001,62,260400
2025-06-30,WH-LAG2,PRD-0001,13,54600
2025-06-30,WH-IBD,PRD-0001,32,134400
2025-06-30,WH-ABJ,PRD-0001,0,0
2025-06-30,WH-PHC,PRD-0001,33,138600
2025-06-30,WH-LAG1,PRD-0002,20,82000
2025-06-30,WH-LAG2,PRD-0002,21,86100
2025-06-30,WH-IBD,PRD-0002,11,45100
2025-06-30,WH-ABJ,PRD-0002,29,118900
2025-06-30,WH-PHC,PRD-0002,26,106600
2025-06-30,WH-LAG1,PRD-0003,6,24600
2025-06-30,WH-LAG2,PRD-0003,16,65600
2025-06-30,WH-IBD,PRD-0003,0,0
2025-06-30,WH-ABJ,PRD-0003,20,82000
2025-06-30,WH-PHC,PRD-0003,17,69700
2025-06-30,WH-LAG1,PRD-0004,286,1115400
2025-06-30,WH-LAG2,PRD-0004,232,904800
2025-06-30,WH-IBD,PRD-0004,225,877500
2025-06-30,WH-ABJ,PRD-0004,164,639600
2025-06-30,WH-PHC,PRD-0004,99,386100
2025-06-30,WH-LAG1,PRD-0005,119,309400
2025-06-30,WH-LAG2,PRD-0005,75,195000
2025-06-30,WH-IBD,PRD-0005,59,153400
2025-06-30,WH-ABJ,PRD-0005,45,117000
2025-06-30,WH-PHC,PRD-0005,46,119600
2025-06-30,WH-LAG1,PRD-0006,0,0
2025-06-30,WH-LAG2,PRD-0006,40,100000
2025-06-30,WH-IBD,PRD-0006,21,52500
2025-06-30,WH-ABJ,PRD-0006,15,37500
2025-06-30,WH-PHC,PRD-0006,19,47500
2025-06-30,WH-LAG1,PRD-0007,111,1531800
2025-06-30,WH-LAG2,PRD-0007,32,441600
2025-06-30,WH-IBD,PRD-0007,145,2001000
2025-06-30,WH-ABJ,PRD-0007,138,1904400
2025-06-30,WH-PHC,PRD-0007,21,289800
2025-06-30,WH-LAG1,PRD-0008,93,1255500
2025-06-30,WH-LAG2,PRD-0008,0,0
2025-06-30,WH-IBD,PRD-0008,17,229500
2025-06-30,WH-ABJ,PRD-0008,18,243000
2025-06-30,WH-PHC,PRD-0008,32,432000
2025-06-30,WH-LAG1,PRD-0009,13,184600
2025-06-30,WH-LAG2,PRD-0009,7,99400
2025-06-30,WH-IBD,PRD-0009,24,340800
2025-06-30,WH-ABJ,PRD-0009,33,468600
2025-06-30,WH-PHC,PRD-0009,31,440200
2025-06-30,WH-LAG1,PRD-0010,1,13200
2025-06-30,WH-LAG2,PRD-0010,16,211200
2025-06-30,WH-IBD,PRD-0010,9,118800
2025-06-30,WH-ABJ,PRD-0010,11,145200
2025-06-30,WH-PHC,PRD-0010,3,39600
2025-06-30,WH-LAG1,PRD-0011,46,639400
2025-06-30,WH-LAG2,PRD-0011,90,1251000
2025-06-30,WH-IBD,PRD-0011,49,681100
2025-06-30,WH-ABJ,PRD-0011,51,708900
2025-06-30,WH-PHC,PRD-0011,138,1918200
2025-06-30,WH-LAG1,PRD-0012,28,403200
2025-06-30,WH-LAG2,PRD-0012,54,777600
2025-06-30,WH-IBD,PRD-0012,10,144000
2025-06-30,WH-ABJ,PRD-0012,54,777600
2025-06-30,WH-PHC,PRD-0012,42,604800
2025-06-30,WH-LAG1,PRD-0013,35,343000
2025-06-30,WH-LAG2,PRD-0013,0,0
2025-06-30,WH-IBD,PRD-0013,26,254800
2025-06-30,WH-ABJ,PRD-0013,31,303800
2025-06-30,WH-PHC,PRD-0013,11,107800
2025-06-30,WH-LAG1,PRD-0014,22,246400
2025-06-30,WH-LAG2,PRD-0014,5,56000
2025-06-30,WH-IBD,PRD-0014,17,190400
2025-06-30,WH-ABJ,PRD-0014,5,56000
2025-06-30,WH-PHC,PRD-0014,17,190400
2025-06-30,WH-LAG1,PRD-0015,43,296700
2025-06-30,WH-LAG2,PRD-0015,58,400200
2025-06-30,WH-IBD,PRD-0015,32,220800
2025-06-30,WH-ABJ,PRD-0015,29,200100
2025-06-30,WH-PHC,PRD-0015,62,427800
2025-06-30,WH-LAG1,PRD-0016,123,4243500
2025-06-30,WH-LAG2,PRD-0016,35,1207500
2025-06-30,WH-IBD,PRD-0016,48,1656000
2025-06-30,WH-ABJ,PRD-0016,142,4899000
2025-06-30,WH-PHC,PRD-0016,44,1518000
2025-06-30,WH-LAG1,PRD-0017,40,1272000
2025-06-30,WH-LAG2,PRD-0017,32,1017600
2025-06-30,WH-IBD,PRD-0017,48,1526400
2025-06-30,WH-ABJ,PRD-0017,41,1303800
2025-06-30,WH-PHC,PRD-0017,27,858600
2025-06-30,WH-LAG1,PRD-0018,145,6989000
2025-06-30,WH-LAG2,PRD-0018,51,2458200
2025-06-30,WH-IBD,PRD-0018,104,5012800
2025-06-30,WH-ABJ,PRD-0018,110,5302000
2025-06-30,WH-PHC,PRD-0018,81,3904200
2025-06-30,WH-LAG1,PRD-0019,105,2772000
2025-06-30,WH-LAG2,PRD-0019,101,2666400
2025-06-30,WH-IBD,PRD-0019,67,1768800
2025-06-30,WH-ABJ,PRD-0019,1,26400
2025-06-30,WH-PHC,PRD-0019,97,2560800
2025-06-30,WH-LAG1,PRD-0020,0,0
2025-06-30,WH-LAG2,PRD-0020,44,1047200
2025-06-30,WH-IBD,PRD-0020,100,2380000
2025-06-30,WH-ABJ,PRD-0020,52,1237600
2025-06-30,WH-PHC,PRD-0020,68,1618400
2025-06-30,WH-LAG1,PRD-0021,43,636400
2025-06-30,WH-LAG2,PRD-0021,67,991600
2025-06-30,WH-IBD,PRD-0021,40,592000
2025-06-30,WH-ABJ,PRD-0021,23,340400
2025-06-30,WH-PHC,PRD-0021,9,133200
2025-06-30,WH-LAG1,PRD-0022,44,422400
2025-06-30,WH-LAG2,PRD-0022,11,105600
2025-06-30,WH-IBD,PRD-0022,11,105600
2025-06-30,WH-ABJ,PRD-0022,17,163200
2025-06-30,WH-PHC,PRD-0022,19,182400
2025-06-30,WH-LAG1,PRD-0023,131,1755400
2025-06-30,WH-LAG2,PRD-0023,36,482400
2025-06-30,WH-IBD,PRD-0023,66,884400
2025-06-30,WH-ABJ,PRD-0023,96,1286400
2025-06-30,WH-PHC,PRD-0023,41,549400
2025-06-30,WH-LAG1,PRD-0024,67,522600
2025-06-30,WH-LAG2,PRD-0024,0,0
2025-06-30,WH-IBD,PRD-0024,22,171600
2025-06-30,WH-ABJ,PRD-0024,17,132600
2025-06-30,WH-PHC,PRD-0024,24,187200
2025-06-30,WH-LAG1,PRD-0025,45,193500
2025-06-30,WH-LAG2,PRD-0025,43,184900
2025-06-30,WH-IBD,PRD-0025,37,159100
2025-06-30,WH-ABJ,PRD-0025,44,189200
2025-06-30,WH-PHC,PRD-0025,25,107500
2025-06-30,WH-LAG1,PRD-0026,0,0
2025-06-30,WH-LAG2,PRD-0026,76,273600
2025-06-30,WH-IBD,PRD-0026,55,198000
2025-06-30,WH-ABJ,PRD-0026,44,158400
2025-06-30,WH-PHC,PRD-0026,19,68400
2025-06-30,WH-LAG1,PRD-0027,21,79800
2025-06-30,WH-LAG2,PRD-0027,16,60800
2025-06-30,WH-IBD,PRD-0027,21,79800
2025-06-30,WH-ABJ,PRD-0027,27,102600
2025-06-30,WH-PHC,PRD-0027,25,95000
2025-06-30,WH-LAG1,PRD-0028,106,424000
2025-06-30,WH-LAG2,PRD-0028,73,292000
2025-06-30,WH-IBD,PRD-0028,64,256000
2025-06-30,WH-ABJ,PRD-0028,73,292000
2025-06-30,WH-PHC,PRD-0028,74,296000
2025-06-30,WH-LAG1,PRD-0029,53,471700
2025-06-30,WH-LAG2,PRD-0029,36,320400
2025-06-30,WH-IBD,PRD-0029,19,169100
2025-06-30,WH-ABJ,PRD-0029,49,436100
2025-06-30,WH-PHC,PRD-0029,34,302600
2025-06-30,WH-LAG1,PRD-0030,30,645000
2025-06-30,WH-LAG2,PRD-0030,28,602000
2025-06-30,WH-IBD,PRD-0030,18,387000
2025-06-30,WH-ABJ,PRD-0030,18,387000
2025-06-30,WH-PHC,PRD-0030,15,322500
2025-06-30,WH-LAG1,PRD-0031,81,2446200
2025-06-30,WH-LAG2,PRD-0031,76,2295200
2025-06-30,WH-IBD,PRD-0031,71,2144200
2025-06-30,WH-ABJ,PRD-0031,198,5979600
2025-06-30,WH-PHC,PRD-0031,40,1208000
2025-06-30,WH-LAG1,PRD-0032,24,403200
2025-06-30,WH-LAG2,PRD-0032,23,386400
2025-06-30,WH-IBD,PRD-0032,10,168000
2025-06-30,WH-ABJ,PRD-0032,28,470400
2025-06-30,WH-PHC,PRD-0032,6,100800
2025-06-30,WH-LAG1,PRD-0033,112,1052800
2025-06-30,WH-LAG2,PRD-0033,24,225600
2025-06-30,WH-IBD,PRD-0033,86,808400
2025-06-30,WH-ABJ,PRD-0033,67,629800
2025-06-30,WH-PHC,PRD-0033,79,742600
2025-06-30,WH-LAG1,PRD-0034,30,387000
2025-06-30,WH-LAG2,PRD-0034,25,322500
2025-06-30,WH-IBD,PRD-0034,21,270900
2025-06-30,WH-ABJ,PRD-0034,37,477300
2025-06-30,WH-PHC,PRD-0034,13,167700
2025-06-30,WH-LAG1,PRD-0035,84,991200
2025-06-30,WH-LAG2,PRD-0035,63,743400
2025-06-30,WH-IBD,PRD-0035,76,896800
2025-06-30,WH-ABJ,PRD-0035,34,401200
2025-06-30,WH-PHC,PRD-0035,40,472000
2025-06-30,WH-LAG1,PRD-0036,65,1014000
2025-06-30,WH-LAG2,PRD-0036,19,296400
2025-06-30,WH-IBD,PRD-0036,31,483600
2025-06-30,WH-ABJ,PRD-0036,50,780000
2025-06-30,WH-PHC,PRD-0036,16,249600
2025-06-30,WH-LAG1,PRD-0037,221,4375800
2025-06-30,WH-LAG2,PRD-0037,115,2277000
2025-06-30,WH-IBD,PRD-0037,61,1207800
2025-06-30,WH-ABJ,PRD-0037,89,1762200
2025-06-30,WH-PHC,PRD-0037,50,990000
2025-06-30,WH-LAG1,PRD-0038,39,464100
2025-06-30,WH-LAG2,PRD-0038,8,95200
2025-06-30,WH-IBD,PRD-0038,29,345100
2025-06-30,WH-ABJ,PRD-0038,27,321300
2025-06-30,WH-PHC,PRD-0038,20,238000
2025-06-30,WH-LAG1,PRD-0039,349,4327600
2025-06-30,WH-LAG2,PRD-0039,107,1326800
2025-06-30,WH-IBD,PRD-0039,124,1537600
2025-06-30,WH-ABJ,PRD-0039,61,756400
2025-06-30,WH-PHC,PRD-0039,123,1525200
2025-06-30,WH-LAG1,PRD-0040,129,1444800
2025-06-30,WH-LAG2,PRD-0040,67,750400
2025-06-30,WH-IBD,PRD-0040,40,448000
2025-06-30,WH-ABJ,PRD-0040,25,280000
2025-06-30,WH-PHC,PRD-0040,58,649600
2025-06-30,WH-LAG1,PRD-0041,7,36400
2025-06-30,WH-LAG2,PRD-0041,45,234000
2025-06-30,WH-IBD,PRD-0041,0,0
2025-06-30,WH-ABJ,PRD-0041,22,114400
2025-06-30,WH-PHC,PRD-0041,57,296400
2025-06-30,WH-LAG1,PRD-0042,26,569400
2025-06-30,WH-LAG2,PRD-0042,22,481800
2025-06-30,WH-IBD,PRD-0042,17,372300
2025-06-30,WH-ABJ,PRD-0042,13,284700
2025-06-30,WH-PHC,PRD-0042,10,219000
2025-06-30,WH-LAG1,PRD-0043,28,425600
2025-06-30,WH-LAG2,PRD-0043,42,638400
2025-06-30,WH-IBD,PRD-0043,52,790400
2025-06-30,WH-ABJ,PRD-0043,62,942400
2025-06-30,WH-PHC,PRD-0043,49,744800
2025-06-30,WH-LAG1,PRD-0044,0,0
2025-06-30,WH-LAG2,PRD-0044,10,68000
2025-06-30,WH-IBD,PRD-0044,8,54400
2025-06-30,WH-ABJ,PRD-0044,5,34000
2025-06-30,WH-PHC,PRD-0044,8,54400
2025-06-30,WH-LAG1,PRD-0045,30,186000
2025-06-30,WH-LAG2,PRD-0045,44,272800
2025-06-30,WH-IBD,PRD-0045,61,378200
2025-06-30,WH-ABJ,PRD-0045,58,359600
2025-06-30,WH-PHC,PRD-0045,75,465000
2025-06-30,WH-LAG1,PRD-0046,53,731400
2025-06-30,WH-LAG2,PRD-0046,11,151800
2025-06-30,WH-IBD,PRD-0046,58,800400
2025-06-30,WH-ABJ,PRD-0046,63,869400
2025-06-30,WH-PHC,PRD-0046,65,897000
2025-06-30,WH-LAG1,PRD-0047,31,502200
2025-06-30,WH-LAG2,PRD-0047,46,745200
2025-06-30,WH-IBD,PRD-0047,65,1053000
2025-06-30,WH-ABJ,PRD-0047,45,729000
2025-06-30,WH-PHC,PRD-0047,69,1117800
2025-06-30,WH-LAG1,PRD-0048,0,0
2025-06-30,WH-LAG2,PRD-0048,22,319000
2025-06-30,WH-IBD,PRD-0048,47,681500
2025-06-30,WH-ABJ,PRD-0048,33,478500
2025-06-30,WH-PHC,PRD-0048,53,768500
2025-06-30,WH-LAG1,PRD-0049,96,1334400
2025-06-30,WH-LAG2,PRD-0049,64,889600
2025-06-30,WH-IBD,PRD-0049,49,681100
2025-06-30,WH-ABJ,PRD-0049,54,750600
2025-06-30,WH-PHC,PRD-0049,44,611600
2025-06-30,WH-LAG1,PRD-0050,99,455400
2025-06-30,WH-LAG2,PRD-0050,11,50600
2025-06-30,WH-IBD,PRD-0050,36,165600
2025-06-30,WH-ABJ,PRD-0050,32,147200
2025-06-30,WH-PHC,PRD-0050,17,78200
2025-06-30,WH-LAG1,PRD-0051,211,7342800
2025-06-30,WH-LAG2,PRD-0051,133,4628400
2025-06-30,WH-IBD,PRD-0051,148,5150400
2025-06-30,WH-ABJ,PRD-0051,67,2331600
2025-06-30,WH-PHC,PRD-0051,143,4976400
2025-06-30,WH-LAG1,PRD-0052,2,67800
2025-06-30,WH-LAG2,PRD-0052,13,440700
2025-06-30,WH-IBD,PRD-0052,9,305100
2025-06-30,WH-ABJ,PRD-0052,15,508500
2025-06-30,WH-PHC,PRD-0052,6,203400
2025-06-30,WH-LAG1,PRD-0053,36,1180800
2025-06-30,WH-LAG2,PRD-0053,29,951200
2025-06-30,WH-IBD,PRD-0053,13,426400
2025-06-30,WH-ABJ,PRD-0053,22,721600
2025-06-30,WH-PHC,PRD-0053,7,229600
2025-06-30,WH-LAG1,PRD-0054,20,272000
2025-06-30,WH-LAG2,PRD-0054,13,176800
2025-06-30,WH-IBD,PRD-0054,35,476000
2025-06-30,WH-ABJ,PRD-0054,42,571200
2025-06-30,WH-PHC,PRD-0054,25,340000
2025-06-30,WH-LAG1,PRD-0055,65,897000
2025-06-30,WH-LAG2,PRD-0055,41,565800
2025-06-30,WH-IBD,PRD-0055,52,717600
2025-06-30,WH-ABJ,PRD-0055,45,621000
2025-06-30,WH-PHC,PRD-0055,36,496800
2025-06-30,WH-LAG1,PRD-0056,16,342400
2025-06-30,WH-LAG2,PRD-0056,56,1198400
2025-06-30,WH-IBD,PRD-0056,12,256800
2025-06-30,WH-ABJ,PRD-0056,45,963000
2025-06-30,WH-PHC,PRD-0056,21,449400
2025-06-30,WH-LAG1,PRD-0057,302,4771600
2025-06-30,WH-LAG2,PRD-0057,95,1501000
2025-06-30,WH-IBD,PRD-0057,125,1975000
2025-06-30,WH-ABJ,PRD-0057,49,774200
2025-06-30,WH-PHC,PRD-0057,191,3017800
2025-06-30,WH-LAG1,PRD-0058,25,372500
2025-06-30,WH-LAG2,PRD-0058,24,357600
2025-06-30,WH-IBD,PRD-0058,33,491700
2025-06-30,WH-ABJ,PRD-0058,75,1117500
2025-06-30,WH-PHC,PRD-0058,24,357600
2025-06-30,WH-LAG1,PRD-0059,85,3612500
2025-06-30,WH-LAG2,PRD-0059,45,1912500
2025-06-30,WH-IBD,PRD-0059,33,1402500
2025-06-30,WH-ABJ,PRD-0059,14,595000
2025-06-30,WH-PHC,PRD-0059,58,2465000
2025-06-30,WH-LAG1,PRD-0060,111,5305800
2025-06-30,WH-LAG2,PRD-0060,28,1338400
2025-06-30,WH-IBD,PRD-0060,125,5975000
2025-06-30,WH-ABJ,PRD-0060,87,4158600
2025-06-30,WH-PHC,PRD-0060,109,5210200
2025-06-30,WH-LAG1,PRD-0061,277,3545600
2025-06-30,WH-LAG2,PRD-0061,153,1958400
2025-06-30,WH-IBD,PRD-0061,96,1228800
2025-06-30,WH-ABJ,PRD-0061,77,985600
2025-06-30,WH-PHC,PRD-0061,119,1523200
2025-06-30,WH-LAG1,PRD-0062,97,1319200
2025-06-30,WH-LAG2,PRD-0062,125,1700000
2025-06-30,WH-IBD,PRD-0062,86,1169600
2025-06-30,WH-ABJ,PRD-0062,99,1346400
2025-06-30,WH-PHC,PRD-0062,128,1740800
2025-06-30,WH-LAG1,PRD-0063,79,940100
2025-06-30,WH-LAG2,PRD-0063,25,297500
2025-06-30,WH-IBD,PRD-0063,80,952000
2025-06-30,WH-ABJ,PRD-0063,16,190400
2025-06-30,WH-PHC,PRD-0063,78,928200
2025-06-30,WH-LAG1,PRD-0064,58,1786400
2025-06-30,WH-LAG2,PRD-0064,17,523600
2025-06-30,WH-IBD,PRD-0064,71,2186800
2025-06-30,WH-ABJ,PRD-0064,170,5236000
2025-06-30,WH-PHC,PRD-0064,6,184800
2025-06-30,WH-LAG1,PRD-0065,45,1188000
2025-06-30,WH-LAG2,PRD-0065,69,1821600
2025-06-30,WH-IBD,PRD-0065,37,976800
2025-06-30,WH-ABJ,PRD-0065,87,2296800
2025-06-30,WH-PHC,PRD-0065,62,1636800
2025-06-30,WH-LAG1,PRD-0066,11,486200
2025-06-30,WH-LAG2,PRD-0066,3,132600
2025-06-30,WH-IBD,PRD-0066,10,442000
2025-06-30,WH-ABJ,PRD-0066,5,221000
2025-06-30,WH-PHC,PRD-0066,9,397800
2025-06-30,WH-LAG1,PRD-0067,171,1778400
2025-06-30,WH-LAG2,PRD-0067,46,478400
2025-06-30,WH-IBD,PRD-0067,63,655200
2025-06-30,WH-ABJ,PRD-0067,109,1133600
2025-06-30,WH-PHC,PRD-0067,65,676000
2025-06-30,WH-LAG1,PRD-0068,157,2072400
2025-06-30,WH-LAG2,PRD-0068,84,1108800
2025-06-30,WH-IBD,PRD-0068,107,1412400
2025-06-30,WH-ABJ,PRD-0068,170,2244000
2025-06-30,WH-PHC,PRD-0068,90,1188000
2025-06-30,WH-LAG1,PRD-0069,38,524400
2025-06-30,WH-LAG2,PRD-0069,1,13800
2025-06-30,WH-IBD,PRD-0069,19,262200
2025-06-30,WH-ABJ,PRD-0069,23,317400
2025-06-30,WH-PHC,PRD-0069,23,317400
2025-06-30,WH-LAG1,PRD-0070,91,1401400
2025-06-30,WH-LAG2,PRD-0070,44,677600
2025-06-30,WH-IBD,PRD-0070,28,431200
2025-06-30,WH-ABJ,PRD-0070,45,693000
2025-06-30,WH-PHC,PRD-0070,14,215600
2025-06-30,WH-LAG1,PRD-0071,18,266400
2025-06-30,WH-LAG2,PRD-0071,24,355200
2025-06-30,WH-IBD,PRD-0071,10,148000
2025-06-30,WH-ABJ,PRD-0071,14,207200
2025-06-30,WH-PHC,PRD-0071,18,266400
2025-06-30,WH-LAG1,PRD-0072,22,717200
2025-06-30,WH-LAG2,PRD-0072,44,1434400
2025-06-30,WH-IBD,PRD-0072,52,1695200
2025-06-30,WH-ABJ,PRD-0072,16,521600
2025-06-30,WH-PHC,PRD-0072,40,1304000
2025-06-30,WH-LAG1,PRD-0073,20,596000
2025-06-30,WH-LAG2,PRD-0073,17,506600
2025-06-30,WH-IBD,PRD-0073,20,596000
2025-06-30,WH-ABJ,PRD-0073,14,417200
2025-06-30,WH-PHC,PRD-0073,6,178800
2025-06-30,WH-LAG1,PRD-0074,129,3792600
2025-06-30,WH-LAG2,PRD-0074,25,735000
2025-06-30,WH-IBD,PRD-0074,26,764400
2025-06-30,WH-ABJ,PRD-0074,106,3116400
2025-06-30,WH-PHC,PRD-0074,33,970200
2025-06-30,WH-LAG1,PRD-0075,48,1286400
2025-06-30,WH-LAG2,PRD-0075,24,643200
2025-06-30,WH-IBD,PRD-0075,9,241200
2025-06-30,WH-ABJ,PRD-0075,28,750400
2025-06-30,WH-PHC,PRD-0075,20,536000
2025-06-30,WH-LAG1,PRD-0076,150,3510000
2025-06-30,WH-LAG2,PRD-0076,23,538200
2025-06-30,WH-IBD,PRD-0076,55,1287000
2025-06-30,WH-ABJ,PRD-0076,67,1567800
2025-06-30,WH-PHC,PRD-0076,17,397800
2025-06-30,WH-LAG1,PRD-0077,254,6502400
2025-06-30,WH-LAG2,PRD-0077,90,2304000
2025-06-30,WH-IBD,PRD-0077,135,3456000
2025-06-30,WH-ABJ,PRD-0077,131,3353600
2025-06-30,WH-PHC,PRD-0077,129,3302400
2025-06-30,WH-LAG1,PRD-0078,177,4920600
2025-06-30,WH-LAG2,PRD-0078,36,1000800
2025-06-30,WH-IBD,PRD-0078,72,2001600
2025-06-30,WH-ABJ,PRD-0078,145,4031000
2025-06-30,WH-PHC,PRD-0078,33,917400
2025-06-30,WH-LAG1,PRD-0079,111,4273500
2025-06-30,WH-LAG2,PRD-0079,46,1771000
2025-06-30,WH-IBD,PRD-0079,32,1232000
2025-06-30,WH-ABJ,PRD-0079,74,2849000
2025-06-30,WH-PHC,PRD-0079,81,3118500
2025-06-30,WH-LAG1,PRD-0080,101,1979600
2025-06-30,WH-LAG2,PRD-0080,51,999600
2025-06-30,WH-IBD,PRD-0080,95,1862000
2025-06-30,WH-ABJ,PRD-0080,10,196000
2025-06-30,WH-PHC,PRD-0080,77,1509200
2025-06-30,WH-LAG1,PRD-0081,76,2462400
2025-06-30,WH-LAG2,PRD-0081,42,1360800
2025-06-30,WH-IBD,PRD-0081,80,2592000
2025-06-30,WH-ABJ,PRD-0081,75,2430000
2025-06-30,WH-PHC,PRD-0081,83,2689200
2025-06-30,WH-LAG1,PRD-0082,174,4489200
2025-06-30,WH-LAG2,PRD-0082,48,1238400
2025-06-30,WH-IBD,PRD-0082,42,1083600
2025-06-30,WH-ABJ,PRD-0082,87,2244600
2025-06-30,WH-PHC,PRD-0082,103,2657400
2025-06-30,WH-LAG1,PRD-0083,312,5740800
2025-06-30,WH-LAG2,PRD-0083,154,2833600
2025-06-30,WH-IBD,PRD-0083,127,2336800
2025-06-30,WH-ABJ,PRD-0083,76,1398400
2025-06-30,WH-PHC,PRD-0083,172,3164800
2025-06-30,WH-LAG1,PRD-0084,110,2376000
2025-06-30,WH-LAG2,PRD-0084,151,3261600
2025-06-30,WH-IBD,PRD-0084,61,1317600
2025-06-30,WH-ABJ,PRD-0084,121,2613600
2025-06-30,WH-PHC,PRD-0084,55,1188000
2025-06-30,WH-LAG1,PRD-0085,43,1126600
2025-06-30,WH-LAG2,PRD-0085,39,1021800
2025-06-30,WH-IBD,PRD-0085,8,209600
2025-06-30,WH-ABJ,PRD-0085,124,3248800
2025-06-30,WH-PHC,PRD-0085,53,1388600
2025-06-30,WH-LAG1,PRD-0086,462,10995600
2025-06-30,WH-LAG2,PRD-0086,179,4260200
2025-06-30,WH-IBD,PRD-0086,176,4188800
2025-06-30,WH-ABJ,PRD-0086,143,3403400
2025-06-30,WH-PHC,PRD-0086,105,2499000
2025-06-30,WH-LAG1,PRD-0087,21,394800
2025-06-30,WH-LAG2,PRD-0087,26,488800
2025-06-30,WH-IBD,PRD-0087,23,432400
2025-06-30,WH-ABJ,PRD-0087,5,94000
2025-06-30,WH-PHC,PRD-0087,8,150400
2025-06-30,WH-LAG1,PRD-0088,10,124000
2025-06-30,WH-LAG2,PRD-0088,22,272800
2025-06-30,WH-IBD,PRD-0088,9,111600
2025-06-30,WH-ABJ,PRD-0088,34,421600
2025-06-30,WH-PHC,PRD-0088,45,558000
2025-06-30,WH-LAG1,PRD-0089,11,123200
2025-06-30,WH-LAG2,PRD-0089,22,246400
2025-06-30,WH-IBD,PRD-0089,45,504000
2025-06-30,WH-ABJ,PRD-0089,31,347200
2025-06-30,WH-PHC,PRD-0089,23,257600
2025-06-30,WH-LAG1,PRD-0090,1974,56456400
2025-06-30,WH-LAG2,PRD-0090,208,5948800
2025-06-30,WH-IBD,PRD-0090,520,14872000
2025-06-30,WH-ABJ,PRD-0090,1519,43443400
2025-06-30,WH-PHC,PRD-0090,368,10524800
2025-06-30,WH-LAG1,PRD-0091,4,86400
2025-06-30,WH-LAG2,PRD-0091,19,410400
2025-06-30,WH-IBD,PRD-0091,72,1555200
2025-06-30,WH-ABJ,PRD-0091,90,1944000
2025-06-30,WH-PHC,PRD-0091,124,2678400
2025-06-30,WH-LAG1,PRD-0092,60,1488000
2025-06-30,WH-LAG2,PRD-0092,30,744000
2025-06-30,WH-IBD,PRD-0092,37,917600
2025-06-30,WH-ABJ,PRD-0092,41,1016800
2025-06-30,WH-PHC,PRD-0092,21,520800
2025-06-30,WH-LAG1,PRD-0093,216,4190400
2025-06-30,WH-LAG2,PRD-0093,92,1784800
2025-06-30,WH-IBD,PRD-0093,62,1202800
2025-06-30,WH-ABJ,PRD-0093,174,3375600
2025-06-30,WH-PHC,PRD-0093,135,2619000
2025-06-30,WH-LAG1,PRD-0094,27,507600
2025-06-30,WH-LAG2,PRD-0094,25,470000
2025-06-30,WH-IBD,PRD-0094,14,263200
2025-06-30,WH-ABJ,PRD-0094,3,56400
2025-06-30,WH-PHC,PRD-0094,20,376000
2025-06-30,WH-LAG1,PRD-0095,25,422500
2025-06-30,WH-LAG2,PRD-0095,14,236600
2025-06-30,WH-IBD,PRD-0095,22,371800
2025-06-30,WH-ABJ,PRD-0095,35,591500
2025-06-30,WH-PHC,PRD-0095,20,338000
2025-06-30,WH-LAG1,PRD-0096,27,491400
2025-06-30,WH-LAG2,PRD-0096,16,291200
2025-06-30,WH-IBD,PRD-0096,14,254800
2025-06-30,WH-ABJ,PRD-0096,12,218400
2025-06-30,WH-PHC,PRD-0096,9,163800
2025-06-30,WH-LAG1,PRD-0097,43,765400
2025-06-30,WH-LAG2,PRD-0097,10,178000
2025-06-30,WH-IBD,PRD-0097,26,462800
2025-06-30,WH-ABJ,PRD-0097,4,71200
2025-06-30,WH-PHC,PRD-0097,30,534000
2025-06-30,WH-LAG1,PRD-0098,435,5829000
2025-06-30,WH-LAG2,PRD-0098,144,1929600
2025-06-30,WH-IBD,PRD-0098,108,1447200
2025-06-30,WH-ABJ,PRD-0098,89,1192600
2025-06-30,WH-PHC,PRD-0098,67,897800
2025-06-30,WH-LAG1,PRD-0099,9,113400
2025-06-30,WH-LAG2,PRD-0099,16,201600
2025-06-30,WH-IBD,PRD-0099,6,75600
2025-06-30,WH-ABJ,PRD-0099,39,491400
2025-06-30,WH-PHC,PRD-0099,30,378000
2025-06-30,WH-LAG1,PRD-0100,153,2570400
2025-06-30,WH-LAG2,PRD-0100,74,1243200
2025-06-30,WH-IBD,PRD-0100,211,3544800
2025-06-30,WH-ABJ,PRD-0100,398,6686400
2025-06-30,WH-PHC,PRD-0100,140,2352000
2025-06-30,WH-LAG1,PRD-0101,17,312800
2025-06-30,WH-LAG2,PRD-0101,8,147200
2025-06-30,WH-IBD,PRD-0101,23,423200
2025-06-30,WH-ABJ,PRD-0101,32,588800
2025-06-30,WH-PHC,PRD-0101,11,202400
2025-06-30,WH-LAG1,PRD-0102,115,1633000
2025-06-30,WH-LAG2,PRD-0102,32,454400
2025-06-30,WH-IBD,PRD-0102,57,809400
2025-06-30,WH-ABJ,PRD-0102,88,1249600
2025-06-30,WH-PHC,PRD-0102,76,1079200
2025-06-30,WH-LAG1,PRD-0103,197,5870600
2025-06-30,WH-LAG2,PRD-0103,48,1430400
2025-06-30,WH-IBD,PRD-0103,51,1519800
2025-06-30,WH-ABJ,PRD-0103,51,1519800
2025-06-30,WH-PHC,PRD-0103,18,536400
2025-06-30,WH-LAG1,PRD-0104,18,248400
2025-06-30,WH-LAG2,PRD-0104,19,262200
2025-06-30,WH-IBD,PRD-0104,8,110400
2025-06-30,WH-ABJ,PRD-0104,45,621000
2025-06-30,WH-PHC,PRD-0104,27,372600
2025-06-30,WH-LAG1,PRD-0105,54,1868400
2025-06-30,WH-LAG2,PRD-0105,39,1349400
2025-06-30,WH-IBD,PRD-0105,12,415200
2025-06-30,WH-ABJ,PRD-0105,40,1384000
2025-06-30,WH-PHC,PRD-0105,37,1280200
2025-06-30,WH-LAG1,PRD-0106,51,1672800
2025-06-30,WH-LAG2,PRD-0106,6,196800
2025-06-30,WH-IBD,PRD-0106,8,262400
2025-06-30,WH-ABJ,PRD-0106,21,688800
2025-06-30,WH-PHC,PRD-0106,12,393600
2025-06-30,WH-LAG1,PRD-0107,5,167000
2025-06-30,WH-LAG2,PRD-0107,33,1102200
2025-06-30,WH-IBD,PRD-0107,31,1035400
2025-06-30,WH-ABJ,PRD-0107,31,1035400
2025-06-30,WH-PHC,PRD-0107,16,534400
2025-06-30,WH-LAG1,PRD-0108,215,5762000
2025-06-30,WH-LAG2,PRD-0108,59,1581200
2025-06-30,WH-IBD,PRD-0108,48,1286400
2025-06-30,WH-ABJ,PRD-0108,93,2492400
2025-06-30,WH-PHC,PRD-0108,220,5896000
2025-06-30,WH-LAG1,PRD-0109,126,3326400
2025-06-30,WH-LAG2,PRD-0109,36,950400
2025-06-30,WH-IBD,PRD-0109,25,660000
2025-06-30,WH-ABJ,PRD-0109,111,2930400
2025-06-30,WH-PHC,PRD-0109,66,1742400
2025-06-30,WH-LAG1,PRD-0110,49,1215200
2025-06-30,WH-LAG2,PRD-0110,11,272800
2025-06-30,WH-IBD,PRD-0110,12,297600
2025-06-30,WH-ABJ,PRD-0110,14,347200
2025-06-30,WH-PHC,PRD-0110,33,818400
2025-06-30,WH-LAG1,PRD-0111,121,1185800
2025-06-30,WH-LAG2,PRD-0111,22,215600
2025-06-30,WH-IBD,PRD-0111,17,166600
2025-06-30,WH-ABJ,PRD-0111,105,1029000
2025-06-30,WH-PHC,PRD-0111,42,411600
2025-06-30,WH-LAG1,PRD-0112,19,224200
2025-06-30,WH-LAG2,PRD-0112,0,0
2025-06-30,WH-IBD,PRD-0112,12,141600
2025-06-30,WH-ABJ,PRD-0112,33,389400
2025-06-30,WH-PHC,PRD-0112,21,247800
2025-06-30,WH-LAG1,PRD-0113,243,2089800
2025-06-30,WH-LAG2,PRD-0113,29,249400
2025-06-30,WH-IBD,PRD-0113,0,0
2025-06-30,WH-ABJ,PRD-0113,21,180600
2025-06-30,WH-PHC,PRD-0113,70,602000
2025-06-30,WH-LAG1,PRD-0114,25,305000
2025-06-30,WH-LAG2,PRD-0114,10,122000
2025-06-30,WH-IBD,PRD-0114,20,244000
2025-06-30,WH-ABJ,PRD-0114,14,170800
2025-06-30,WH-PHC,PRD-0114,6,73200
2025-06-30,WH-LAG1,PRD-0115,39,639600
2025-06-30,WH-LAG2,PRD-0115,61,1000400
2025-06-30,WH-IBD,PRD-0115,63,1033200
2025-06-30,WH-ABJ,PRD-0115,63,1033200
2025-06-30,WH-PHC,PRD-0115,68,1115200
2025-06-30,WH-LAG1,PRD-0116,52,717600
2025-06-30,WH-LAG2,PRD-0116,63,869400
2025-06-30,WH-IBD,PRD-0116,18,248400
2025-06-30,WH-ABJ,PRD-0116,56,772800
2025-06-30,WH-PHC,PRD-0116,13,179400
2025-06-30,WH-LAG1,PRD-0117,64,972800
2025-06-30,WH-LAG2,PRD-0117,66,1003200
2025-06-30,WH-IBD,PRD-0117,60,912000
2025-06-30,WH-ABJ,PRD-0117,91,1383200
2025-06-30,WH-PHC,PRD-0117,13,197600
2025-06-30,WH-LAG1,PRD-0118,335,5896000
2025-06-30,WH-LAG2,PRD-0118,19,334400
2025-06-30,WH-IBD,PRD-0118,129,2270400
2025-06-30,WH-ABJ,PRD-0118,42,739200
2025-06-30,WH-PHC,PRD-0118,39,686400
2025-06-30,WH-LAG1,PRD-0119,36,676800
2025-06-30,WH-LAG2,PRD-0119,7,131600
2025-06-30,WH-IBD,PRD-0119,12,225600
2025-06-30,WH-ABJ,PRD-0119,2,37600
2025-06-30,WH-PHC,PRD-0119,20,376000
2025-06-30,WH-LAG1,PRD-0120,165,2046000
2025-06-30,WH-LAG2,PRD-0120,48,595200
2025-06-30,WH-IBD,PRD-0120,146,1810400
2025-06-30,WH-ABJ,PRD-0120,138,1711200
2025-06-30,WH-PHC,PRD-0120,75,930000
2025-06-30,WH-LAG1,PRD-0121,334,7214400
2025-06-30,WH-LAG2,PRD-0121,39,842400
2025-06-30,WH-IBD,PRD-0121,90,1944000
2025-06-30,WH-ABJ,PRD-0121,111,2397600
2025-06-30,WH-PHC,PRD-0121,82,1771200
2025-06-30,WH-LAG1,PRD-0122,167,2471600
2025-06-30,WH-LAG2,PRD-0122,31,458800
2025-06-30,WH-IBD,PRD-0122,121,1790800
2025-06-30,WH-ABJ,PRD-0122,109,1613200
2025-06-30,WH-PHC,PRD-0122,107,1583600
2025-06-30,WH-LAG1,PRD-0123,131,1519600
2025-06-30,WH-LAG2,PRD-0123,88,1020800
2025-06-30,WH-IBD,PRD-0123,65,754000
2025-06-30,WH-ABJ,PRD-0123,97,1125200
2025-06-30,WH-PHC,PRD-0123,46,533600
2025-06-30,WH-LAG1,PRD-0124,45,306000
2025-06-30,WH-LAG2,PRD-0124,22,149600
2025-06-30,WH-IBD,PRD-0124,28,190400
2025-06-30,WH-ABJ,PRD-0124,80,544000
2025-06-30,WH-PHC,PRD-0124,39,265200
2025-06-30,WH-LAG1,PRD-0125,419,5363200
2025-06-30,WH-LAG2,PRD-0125,227,2905600
2025-06-30,WH-IBD,PRD-0125,70,896000
2025-06-30,WH-ABJ,PRD-0125,246,3148800
2025-06-30,WH-PHC,PRD-0125,142,1817600
2025-06-30,WH-LAG1,PRD-0126,64,1510400
2025-06-30,WH-LAG2,PRD-0126,15,354000
2025-06-30,WH-IBD,PRD-0126,49,1156400
2025-06-30,WH-ABJ,PRD-0126,38,896800
2025-06-30,WH-PHC,PRD-0126,32,755200
2025-06-30,WH-LAG1,PRD-0127,66,871200
2025-06-30,WH-LAG2,PRD-0127,36,475200
2025-06-30,WH-IBD,PRD-0127,30,396000
2025-06-30,WH-ABJ,PRD-0127,28,369600
2025-06-30,WH-PHC,PRD-0127,28,369600
2025-06-30,WH-LAG1,PRD-0128,105,1764000
2025-06-30,WH-LAG2,PRD-0128,53,890400
2025-06-30,WH-IBD,PRD-0128,20,336000
2025-06-30,WH-ABJ,PRD-0128,107,1797600
2025-06-30,WH-PHC,PRD-0128,10,168000
2025-06-30,WH-LAG1,PRD-0129,20,308000
2025-06-30,WH-LAG2,PRD-0129,17,261800
2025-06-30,WH-IBD,PRD-0129,8,123200
2025-06-30,WH-ABJ,PRD-0129,18,277200
2025-06-30,WH-PHC,PRD-0129,19,292600
2025-06-30,WH-LAG1,PRD-0130,55,594000
2025-06-30,WH-LAG2,PRD-0130,5,54000
2025-06-30,WH-IBD,PRD-0130,31,334800
2025-06-30,WH-ABJ,PRD-0130,37,399600
2025-06-30,WH-PHC,PRD-0130,14,151200
2025-06-30,WH-LAG1,PRD-0131,203,5196800
2025-06-30,WH-LAG2,PRD-0131,43,1100800
2025-06-30,WH-IBD,PRD-0131,112,2867200
2025-06-30,WH-ABJ,PRD-0131,78,1996800
2025-06-30,WH-PHC,PRD-0131,95,2432000
2025-06-30,WH-LAG1,PRD-0132,92,2888800
2025-06-30,WH-LAG2,PRD-0132,39,1224600
2025-06-30,WH-IBD,PRD-0132,23,722200
2025-06-30,WH-ABJ,PRD-0132,78,2449200
2025-06-30,WH-PHC,PRD-0132,12,376800
2025-06-30,WH-LAG1,PRD-0133,54,1285200
2025-06-30,WH-LAG2,PRD-0133,10,238000
2025-06-30,WH-IBD,PRD-0133,29,690200
2025-06-30,WH-ABJ,PRD-0133,40,952000
2025-06-30,WH-PHC,PRD-0133,5,119000
2025-06-30,WH-LAG1,PRD-0134,47,1400600
2025-06-30,WH-LAG2,PRD-0134,40,1192000
2025-06-30,WH-IBD,PRD-0134,30,894000
2025-06-30,WH-ABJ,PRD-0134,42,1251600
2025-06-30,WH-PHC,PRD-0134,50,1490000
2025-06-30,WH-LAG1,PRD-0135,53,1399200
2025-06-30,WH-LAG2,PRD-0135,73,1927200
2025-06-30,WH-IBD,PRD-0135,86,2270400
2025-06-30,WH-ABJ,PRD-0135,235,6204000
2025-06-30,WH-PHC,PRD-0135,143,3775200
2025-06-30,WH-LAG1,PRD-0136,83,3535800
2025-06-30,WH-LAG2,PRD-0136,11,468600
2025-06-30,WH-IBD,PRD-0136,25,1065000
2025-06-30,WH-ABJ,PRD-0136,52,2215200
2025-06-30,WH-PHC,PRD-0136,60,2556000
2025-06-30,WH-LAG1,PRD-0137,107,2589400
2025-06-30,WH-LAG2,PRD-0137,68,1645600
2025-06-30,WH-IBD,PRD-0137,44,1064800
2025-06-30,WH-ABJ,PRD-0137,101,2444200
2025-06-30,WH-PHC,PRD-0137,27,653400
2025-06-30,WH-LAG1,PRD-0138,70,1526000
2025-06-30,WH-LAG2,PRD-0138,106,2310800
2025-06-30,WH-IBD,PRD-0138,77,1678600
2025-06-30,WH-ABJ,PRD-0138,47,1024600
2025-06-30,WH-PHC,PRD-0138,91,1983800
2025-06-30,WH-LAG1,PRD-0139,42,1209600
2025-06-30,WH-LAG2,PRD-0139,53,1526400
2025-06-30,WH-IBD,PRD-0139,12,345600
2025-06-30,WH-ABJ,PRD-0139,94,2707200
2025-06-30,WH-PHC,PRD-0139,57,1641600
2025-06-30,WH-LAG1,PRD-0140,22,514800
2025-06-30,WH-LAG2,PRD-0140,20,468000
2025-06-30,WH-IBD,PRD-0140,56,1310400
2025-06-30,WH-ABJ,PRD-0140,56,1310400
2025-06-30,WH-PHC,PRD-0140,50,1170000
2025-06-30,WH-LAG1,PRD-0141,17,523600
2025-06-30,WH-LAG2,PRD-0141,25,770000
2025-06-30,WH-IBD,PRD-0141,51,1570800
2025-06-30,WH-ABJ,PRD-0141,77,2371600
2025-06-30,WH-PHC,PRD-0141,16,492800
2025-06-30,WH-LAG1,PRD-0142,141,6316800
2025-06-30,WH-LAG2,PRD-0142,124,5555200
2025-06-30,WH-IBD,PRD-0142,88,3942400
2025-06-30,WH-ABJ,PRD-0142,27,1209600
2025-06-30,WH-PHC,PRD-0142,75,3360000
2025-06-30,WH-LAG1,PRD-0143,102,4202400
2025-06-30,WH-LAG2,PRD-0143,48,1977600
2025-06-30,WH-IBD,PRD-0143,32,1318400
2025-06-30,WH-ABJ,PRD-0143,15,618000
2025-06-30,WH-PHC,PRD-0143,36,1483200
2025-06-30,WH-LAG1,PRD-0144,146,3912800
2025-06-30,WH-LAG2,PRD-0144,61,1634800
2025-06-30,WH-IBD,PRD-0144,59,1581200
2025-06-30,WH-ABJ,PRD-0144,42,1125600
2025-06-30,WH-PHC,PRD-0144,57,1527600
2025-06-30,WH-LAG1,PRD-0145,75,1905000
2025-06-30,WH-LAG2,PRD-0145,28,711200
2025-06-30,WH-IBD,PRD-0145,43,1092200
2025-06-30,WH-ABJ,PRD-0145,106,2692400
2025-06-30,WH-PHC,PRD-0145,78,1981200
2025-06-30,WH-LAG1,PRD-0146,92,2557600
2025-06-30,WH-LAG2,PRD-0146,53,1473400
2025-06-30,WH-IBD,PRD-0146,37,1028600
2025-06-30,WH-ABJ,PRD-0146,42,1167600
2025-06-30,WH-PHC,PRD-0146,26,722800
2025-06-30,WH-LAG1,PRD-0147,98,2704800
2025-06-30,WH-LAG2,PRD-0147,57,1573200
2025-06-30,WH-IBD,PRD-0147,24,662400
2025-06-30,WH-ABJ,PRD-0147,39,1076400
2025-06-30,WH-PHC,PRD-0147,49,1352400
2025-06-30,WH-LAG1,PRD-0148,38,904400
2025-06-30,WH-LAG2,PRD-0148,41,975800
2025-06-30,WH-IBD,PRD-0148,37,880600
2025-06-30,WH-ABJ,PRD-0148,58,1380400
2025-06-30,WH-PHC,PRD-0148,25,595000
2025-06-30,WH-LAG1,PRD-0149,31,1233800
2025-06-30,WH-LAG2,PRD-0149,18,716400
2025-06-30,WH-IBD,PRD-0149,19,756200
2025-06-30,WH-ABJ,PRD-0149,28,1114400
2025-06-30,WH-PHC,PRD-0149,20,796000
2025-06-30,WH-LAG1,PRD-0150,166,6374400
2025-06-30,WH-LAG2,PRD-0150,69,2649600
2025-06-30,WH-IBD,PRD-0150,71,2726400
2025-06-30,WH-ABJ,PRD-0150,76,2918400
2025-06-30,WH-PHC,PRD-0150,53,2035200
2025-06-30,WH-LAG1,PRD-0151,1662,57505200
2025-06-30,WH-LAG2,PRD-0151,378,13078800
2025-06-30,WH-IBD,PRD-0151,284,9826400
2025-06-30,WH-ABJ,PRD-0151,587,20310200
2025-06-30,WH-PHC,PRD-0151,577,19964200
2025-06-30,WH-LAG1,PRD-0152,21,453600
2025-06-30,WH-LAG2,PRD-0152,54,1166400
2025-06-30,WH-IBD,PRD-0152,48,1036800
2025-06-30,WH-ABJ,PRD-0152,30,648000
2025-06-30,WH-PHC,PRD-0152,6,129600
2025-06-30,WH-LAG1,PRD-0153,192,3609600
2025-06-30,WH-LAG2,PRD-0153,152,2857600
2025-06-30,WH-IBD,PRD-0153,136,2556800
2025-06-30,WH-ABJ,PRD-0153,140,2632000
2025-06-30,WH-PHC,PRD-0153,159,2989200
2025-06-30,WH-LAG1,PRD-0154,49,1646400
2025-06-30,WH-LAG2,PRD-0154,15,504000
2025-06-30,WH-IBD,PRD-0154,19,638400
2025-06-30,WH-ABJ,PRD-0154,66,2217600
2025-06-30,WH-PHC,PRD-0154,68,2284800
2025-06-30,WH-LAG1,PRD-0155,52,2745600
2025-06-30,WH-LAG2,PRD-0155,21,1108800
2025-06-30,WH-IBD,PRD-0155,55,2904000
2025-06-30,WH-ABJ,PRD-0155,90,4752000
2025-06-30,WH-PHC,PRD-0155,53,2798400
2025-06-30,WH-LAG1,PRD-0156,217,9678200
2025-06-30,WH-LAG2,PRD-0156,62,2765200
2025-06-30,WH-IBD,PRD-0156,183,8161800
2025-06-30,WH-ABJ,PRD-0156,252,11239200
2025-06-30,WH-PHC,PRD-0156,118,5262800
2025-06-30,WH-LAG1,PRD-0157,49,921200
2025-06-30,WH-LAG2,PRD-0157,53,996400
2025-06-30,WH-IBD,PRD-0157,48,902400
2025-06-30,WH-ABJ,PRD-0157,39,733200
2025-06-30,WH-PHC,PRD-0157,47,883600
2025-06-30,WH-LAG1,PRD-0158,30,792000
2025-06-30,WH-LAG2,PRD-0158,7,184800
2025-06-30,WH-IBD,PRD-0158,31,818400
2025-06-30,WH-ABJ,PRD-0158,17,448800
2025-06-30,WH-PHC,PRD-0158,32,844800
2025-06-30,WH-LAG1,PRD-0159,73,1445400
2025-06-30,WH-LAG2,PRD-0159,44,871200
2025-06-30,WH-IBD,PRD-0159,55,1089000
2025-06-30,WH-ABJ,PRD-0159,66,1306800
2025-06-30,WH-PHC,PRD-0159,60,1188000
2025-06-30,WH-LAG1,PRD-0160,237,6067200
2025-06-30,WH-LAG2,PRD-0160,102,2611200
2025-06-30,WH-IBD,PRD-0160,59,1510400
2025-06-30,WH-ABJ,PRD-0160,95,2432000
2025-06-30,WH-PHC,PRD-0160,193,4940800
2025-06-30,WH-LAG1,PRD-0161,520,14144000
2025-06-30,WH-LAG2,PRD-0161,115,3128000
2025-06-30,WH-IBD,PRD-0161,158,4297600
2025-06-30,WH-ABJ,PRD-0161,138,3753600
2025-06-30,WH-PHC,PRD-0161,155,4216000
2025-06-30,WH-LAG1,PRD-0162,81,1927800
2025-06-30,WH-LAG2,PRD-0162,55,1309000
2025-06-30,WH-IBD,PRD-0162,39,928200
2025-06-30,WH-ABJ,PRD-0162,45,1071000
2025-06-30,WH-PHC,PRD-0162,28,666400
2025-06-30,WH-LAG1,PRD-0163,78,1684800
2025-06-30,WH-LAG2,PRD-0163,44,950400
2025-06-30,WH-IBD,PRD-0163,56,1209600
2025-06-30,WH-ABJ,PRD-0163,83,1792800
2025-06-30,WH-PHC,PRD-0163,11,237600
2025-06-30,WH-LAG1,PRD-0164,62,1041600
2025-06-30,WH-LAG2,PRD-0164,5,84000
2025-06-30,WH-IBD,PRD-0164,51,856800
2025-06-30,WH-ABJ,PRD-0164,31,520800
2025-06-30,WH-PHC,PRD-0164,46,772800
2025-06-30,WH-LAG1,PRD-0165,194,3763600
2025-06-30,WH-LAG2,PRD-0165,76,1474400
2025-06-30,WH-IBD,PRD-0165,77,1493800
2025-06-30,WH-ABJ,PRD-0165,71,1377400
2025-06-30,WH-PHC,PRD-0165,147,2851800
2025-06-30,WH-LAG1,PRD-0166,95,2071000
2025-06-30,WH-LAG2,PRD-0166,158,3444400
2025-06-30,WH-IBD,PRD-0166,90,1962000
2025-06-30,WH-ABJ,PRD-0166,117,2550600
2025-06-30,WH-PHC,PRD-0166,130,2834000
2025-06-30,WH-LAG1,PRD-0167,61,658800
2025-06-30,WH-LAG2,PRD-0167,16,172800
2025-06-30,WH-IBD,PRD-0167,30,324000
2025-06-30,WH-ABJ,PRD-0167,14,151200
2025-06-30,WH-PHC,PRD-0167,37,399600
2025-06-30,WH-LAG1,PRD-0168,46,717600
2025-06-30,WH-LAG2,PRD-0168,29,452400
2025-06-30,WH-IBD,PRD-0168,20,312000
2025-06-30,WH-ABJ,PRD-0168,49,764400
2025-06-30,WH-PHC,PRD-0168,9,140400
2025-06-30,WH-LAG1,PRD-0169,72,964800
2025-06-30,WH-LAG2,PRD-0169,56,750400
2025-06-30,WH-IBD,PRD-0169,27,361800
2025-06-30,WH-ABJ,PRD-0169,54,723600
2025-06-30,WH-PHC,PRD-0169,7,93800
2025-06-30,WH-LAG1,PRD-0170,120,1704000
2025-06-30,WH-LAG2,PRD-0170,41,582200
2025-06-30,WH-IBD,PRD-0170,57,809400
2025-06-30,WH-ABJ,PRD-0170,40,568000
2025-06-30,WH-PHC,PRD-0170,59,837800
2025-07-31,WH-LAG1,PRD-0001,58,243600
2025-07-31,WH-LAG2,PRD-0001,0,0
2025-07-31,WH-IBD,PRD-0001,7,29400
2025-07-31,WH-ABJ,PRD-0001,51,214200
2025-07-31,WH-PHC,PRD-0001,33,138600
2025-07-31,WH-LAG1,PRD-0002,19,77900
2025-07-31,WH-LAG2,PRD-0002,21,86100
2025-07-31,WH-IBD,PRD-0002,11,45100
2025-07-31,WH-ABJ,PRD-0002,29,118900
2025-07-31,WH-PHC,PRD-0002,26,106600
2025-07-31,WH-LAG1,PRD-0003,36,147600
2025-07-31,WH-LAG2,PRD-0003,16,65600
2025-07-31,WH-IBD,PRD-0003,7,28700
2025-07-31,WH-ABJ,PRD-0003,20,82000
2025-07-31,WH-PHC,PRD-0003,16,65600
2025-07-31,WH-LAG1,PRD-0004,199,776100
2025-07-31,WH-LAG2,PRD-0004,142,553800
2025-07-31,WH-IBD,PRD-0004,197,768300
2025-07-31,WH-ABJ,PRD-0004,117,456300
2025-07-31,WH-PHC,PRD-0004,58,226200
2025-07-31,WH-LAG1,PRD-0005,119,309400
2025-07-31,WH-LAG2,PRD-0005,70,182000
2025-07-31,WH-IBD,PRD-0005,47,122200
2025-07-31,WH-ABJ,PRD-0005,0,0
2025-07-31,WH-PHC,PRD-0005,46,119600
2025-07-31,WH-LAG1,PRD-0006,29,72500
2025-07-31,WH-LAG2,PRD-0006,40,100000
2025-07-31,WH-IBD,PRD-0006,13,32500
2025-07-31,WH-ABJ,PRD-0006,15,37500
2025-07-31,WH-PHC,PRD-0006,26,65000
2025-07-31,WH-LAG1,PRD-0007,40,552000
2025-07-31,WH-LAG2,PRD-0007,102,1407600
2025-07-31,WH-IBD,PRD-0007,125,1725000
2025-07-31,WH-ABJ,PRD-0007,102,1407600
2025-07-31,WH-PHC,PRD-0007,102,1407600
2025-07-31,WH-LAG1,PRD-0008,84,1134000
2025-07-31,WH-LAG2,PRD-0008,39,526500
2025-07-31,WH-IBD,PRD-0008,9,121500
2025-07-31,WH-ABJ,PRD-0008,63,850500
2025-07-31,WH-PHC,PRD-0008,32,432000
2025-07-31,WH-LAG1,PRD-0009,44,624800
2025-07-31,WH-LAG2,PRD-0009,38,539600
2025-07-31,WH-IBD,PRD-0009,24,340800
2025-07-31,WH-ABJ,PRD-0009,31,440200
2025-07-31,WH-PHC,PRD-0009,31,440200
2025-07-31,WH-LAG1,PRD-0010,39,514800
2025-07-31,WH-LAG2,PRD-0010,16,211200
2025-07-31,WH-IBD,PRD-0010,9,118800
2025-07-31,WH-ABJ,PRD-0010,11,145200
2025-07-31,WH-PHC,PRD-0010,25,330000
2025-07-31,WH-LAG1,PRD-0011,157,2182300
2025-07-31,WH-LAG2,PRD-0011,100,1390000
2025-07-31,WH-IBD,PRD-0011,96,1334400
2025-07-31,WH-ABJ,PRD-0011,15,208500
2025-07-31,WH-PHC,PRD-0011,118,1640200
2025-07-31,WH-LAG1,PRD-0012,28,403200
2025-07-31,WH-LAG2,PRD-0012,49,705600
2025-07-31,WH-IBD,PRD-0012,10,144000
2025-07-31,WH-ABJ,PRD-0012,54,777600
2025-07-31,WH-PHC,PRD-0012,42,604800
2025-07-31,WH-LAG1,PRD-0013,35,343000
2025-07-31,WH-LAG2,PRD-0013,26,254800
2025-07-31,WH-IBD,PRD-0013,26,254800
2025-07-31,WH-ABJ,PRD-0013,31,303800
2025-07-31,WH-PHC,PRD-0013,26,254800
2025-07-31,WH-LAG1,PRD-0014,22,246400
2025-07-31,WH-LAG2,PRD-0014,16,179200
2025-07-31,WH-IBD,PRD-0014,17,190400
2025-07-31,WH-ABJ,PRD-0014,5,56000
2025-07-31,WH-PHC,PRD-0014,17,190400
2025-07-31,WH-LAG1,PRD-0015,43,296700
2025-07-31,WH-LAG2,PRD-0015,45,310500
2025-07-31,WH-IBD,PRD-0015,32,220800
2025-07-31,WH-ABJ,PRD-0015,15,103500
2025-07-31,WH-PHC,PRD-0015,62,427800
2025-07-31,WH-LAG1,PRD-0016,87,3001500
2025-07-31,WH-LAG2,PRD-0016,133,4588500
2025-07-31,WH-IBD,PRD-0016,40,1380000
2025-07-31,WH-ABJ,PRD-0016,188,6486000
2025-07-31,WH-PHC,PRD-0016,164,5658000
2025-07-31,WH-LAG1,PRD-0017,0,0
2025-07-31,WH-LAG2,PRD-0017,20,636000
2025-07-31,WH-IBD,PRD-0017,46,1462800
2025-07-31,WH-ABJ,PRD-0017,41,1303800
2025-07-31,WH-PHC,PRD-0017,24,763200
2025-07-31,WH-LAG1,PRD-0018,101,4868200
2025-07-31,WH-LAG2,PRD-0018,87,4193400
2025-07-31,WH-IBD,PRD-0018,89,4289800
2025-07-31,WH-ABJ,PRD-0018,104,5012800
2025-07-31,WH-PHC,PRD-0018,73,3518600
2025-07-31,WH-LAG1,PRD-0019,92,2428800
2025-07-31,WH-LAG2,PRD-0019,98,2587200
2025-07-31,WH-IBD,PRD-0019,55,1452000
2025-07-31,WH-ABJ,PRD-0019,103,2719200
2025-07-31,WH-PHC,PRD-0019,93,2455200
2025-07-31,WH-LAG1,PRD-0020,132,3141600
2025-07-31,WH-LAG2,PRD-0020,44,1047200
2025-07-31,WH-IBD,PRD-0020,94,2237200
2025-07-31,WH-ABJ,PRD-0020,28,666400
2025-07-31,WH-PHC,PRD-0020,57,1356600
2025-07-31,WH-LAG1,PRD-0021,43,636400
2025-07-31,WH-LAG2,PRD-0021,67,991600
2025-07-31,WH-IBD,PRD-0021,40,592000
2025-07-31,WH-ABJ,PRD-0021,21,310800
2025-07-31,WH-PHC,PRD-0021,9,133200
2025-07-31,WH-LAG1,PRD-0022,40,384000
2025-07-31,WH-LAG2,PRD-0022,0,0
2025-07-31,WH-IBD,PRD-0022,11,105600
2025-07-31,WH-ABJ,PRD-0022,31,297600
2025-07-31,WH-PHC,PRD-0022,12,115200
2025-07-31,WH-LAG1,PRD-0023,131,1755400
2025-07-31,WH-LAG2,PRD-0023,30,402000
2025-07-31,WH-IBD,PRD-0023,39,522600
2025-07-31,WH-ABJ,PRD-0023,63,844200
2025-07-31,WH-PHC,PRD-0023,16,214400
2025-07-31,WH-LAG1,PRD-0024,67,522600
2025-07-31,WH-LAG2,PRD-0024,6,46800
2025-07-31,WH-IBD,PRD-0024,22,171600
2025-07-31,WH-ABJ,PRD-0024,63,491400
2025-07-31,WH-PHC,PRD-0024,15,117000
2025-07-31,WH-LAG1,PRD-0025,19,81700
2025-07-31,WH-LAG2,PRD-0025,43,184900
2025-07-31,WH-IBD,PRD-0025,35,150500
2025-07-31,WH-ABJ,PRD-0025,0,0
2025-07-31,WH-PHC,PRD-0025,43,184900
2025-07-31,WH-LAG1,PRD-0026,108,388800
2025-07-31,WH-LAG2,PRD-0026,76,273600
2025-07-31,WH-IBD,PRD-0026,53,190800
2025-07-31,WH-ABJ,PRD-0026,36,129600
2025-07-31,WH-PHC,PRD-0026,26,93600
2025-07-31,WH-LAG1,PRD-0027,21,79800
2025-07-31,WH-LAG2,PRD-0027,16,60800
2025-07-31,WH-IBD,PRD-0027,19,72200
2025-07-31,WH-ABJ,PRD-0027,27,102600
2025-07-31,WH-PHC,PRD-0027,23,87400
2025-07-31,WH-LAG1,PRD-0028,90,360000
2025-07-31,WH-LAG2,PRD-0028,64,256000
2025-07-31,WH-IBD,PRD-0028,64,256000
2025-07-31,WH-ABJ,PRD-0028,73,292000
2025-07-31,WH-PHC,PRD-0028,74,296000
2025-07-31,WH-LAG1,PRD-0029,53,471700
2025-07-31,WH-LAG2,PRD-0029,35,311500
2025-07-31,WH-IBD,PRD-0029,10,89000
2025-07-31,WH-ABJ,PRD-0029,49,436100
2025-07-31,WH-PHC,PRD-0029,34,302600
2025-07-31,WH-LAG1,PRD-0030,30,645000
2025-07-31,WH-LAG2,PRD-0030,28,602000
2025-07-31,WH-IBD,PRD-0030,18,387000
2025-07-31,WH-ABJ,PRD-0030,18,387000
2025-07-31,WH-PHC,PRD-0030,15,322500
2025-07-31,WH-LAG1,PRD-0031,203,6130600
2025-07-31,WH-LAG2,PRD-0031,44,1328800
2025-07-31,WH-IBD,PRD-0031,68,2053600
2025-07-31,WH-ABJ,PRD-0031,198,5979600
2025-07-31,WH-PHC,PRD-0031,34,1026800
2025-07-31,WH-LAG1,PRD-0032,24,403200
2025-07-31,WH-LAG2,PRD-0032,23,386400
2025-07-31,WH-IBD,PRD-0032,10,168000
2025-07-31,WH-ABJ,PRD-0032,27,453600
2025-07-31,WH-PHC,PRD-0032,6,100800
2025-07-31,WH-LAG1,PRD-0033,96,902400
2025-07-31,WH-LAG2,PRD-0033,19,178600
2025-07-31,WH-IBD,PRD-0033,70,658000
2025-07-31,WH-ABJ,PRD-0033,44,413600
2025-07-31,WH-PHC,PRD-0033,68,639200
2025-07-31,WH-LAG1,PRD-0034,11,141900
2025-07-31,WH-LAG2,PRD-0034,25,322500
2025-07-31,WH-IBD,PRD-0034,21,270900
2025-07-31,WH-ABJ,PRD-0034,37,477300
2025-07-31,WH-PHC,PRD-0034,13,167700
2025-07-31,WH-LAG1,PRD-0035,44,519200
2025-07-31,WH-LAG2,PRD-0035,63,743400
2025-07-31,WH-IBD,PRD-0035,69,814200
2025-07-31,WH-ABJ,PRD-0035,33,389400
2025-07-31,WH-PHC,PRD-0035,0,0
2025-07-31,WH-LAG1,PRD-0036,65,1014000
2025-07-31,WH-LAG2,PRD-0036,19,296400
2025-07-31,WH-IBD,PRD-0036,30,468000
2025-07-31,WH-ABJ,PRD-0036,38,592800
2025-07-31,WH-PHC,PRD-0036,16,249600
2025-07-31,WH-LAG1,PRD-0037,164,3247200
2025-07-31,WH-LAG2,PRD-0037,106,2098800
2025-07-31,WH-IBD,PRD-0037,35,693000
2025-07-31,WH-ABJ,PRD-0037,50,990000
2025-07-31,WH-PHC,PRD-0037,13,257400
2025-07-31,WH-LAG1,PRD-0038,22,261800
2025-07-31,WH-LAG2,PRD-0038,8,95200
2025-07-31,WH-IBD,PRD-0038,13,154700
2025-07-31,WH-ABJ,PRD-0038,27,321300
2025-07-31,WH-PHC,PRD-0038,20,238000
2025-07-31,WH-LAG1,PRD-0039,225,2790000
2025-07-31,WH-LAG2,PRD-0039,45,558000
2025-07-31,WH-IBD,PRD-0039,69,855600
2025-07-31,WH-ABJ,PRD-0039,109,1351600
2025-07-31,WH-PHC,PRD-0039,114,1413600
2025-07-31,WH-LAG1,PRD-0040,101,1131200
2025-07-31,WH-LAG2,PRD-0040,57,638400
2025-07-31,WH-IBD,PRD-0040,40,448000
2025-07-31,WH-ABJ,PRD-0040,54,604800
2025-07-31,WH-PHC,PRD-0040,46,515200
2025-07-31,WH-LAG1,PRD-0041,72,374400
2025-07-31,WH-LAG2,PRD-0041,42,218400
2025-07-31,WH-IBD,PRD-0041,61,317200
2025-07-31,WH-ABJ,PRD-0041,75,390000
2025-07-31,WH-PHC,PRD-0041,30,156000
2025-07-31,WH-LAG1,PRD-0042,26,569400
2025-07-31,WH-LAG2,PRD-0042,22,481800
2025-07-31,WH-IBD,PRD-0042,17,372300
2025-07-31,WH-ABJ,PRD-0042,13,284700
2025-07-31,WH-PHC,PRD-0042,10,219000
2025-07-31,WH-LAG1,PRD-0043,28,425600
2025-07-31,WH-LAG2,PRD-0043,42,638400
2025-07-31,WH-IBD,PRD-0043,52,790400
2025-07-31,WH-ABJ,PRD-0043,62,942400
2025-07-31,WH-PHC,PRD-0043,49,744800
2025-07-31,WH-LAG1,PRD-0044,3,20400
2025-07-31,WH-LAG2,PRD-0044,0,0
2025-07-31,WH-IBD,PRD-0044,8,54400
2025-07-31,WH-ABJ,PRD-0044,5,34000
2025-07-31,WH-PHC,PRD-0044,8,54400
2025-07-31,WH-LAG1,PRD-0045,138,855600
2025-07-31,WH-LAG2,PRD-0045,40,248000
2025-07-31,WH-IBD,PRD-0045,50,310000
2025-07-31,WH-ABJ,PRD-0045,94,582800
2025-07-31,WH-PHC,PRD-0045,69,427800
2025-07-31,WH-LAG1,PRD-0046,20,276000
2025-07-31,WH-LAG2,PRD-0046,57,786600
2025-07-31,WH-IBD,PRD-0046,57,786600
2025-07-31,WH-ABJ,PRD-0046,60,828000
2025-07-31,WH-PHC,PRD-0046,62,855600
2025-07-31,WH-LAG1,PRD-0047,101,1636200
2025-07-31,WH-LAG2,PRD-0047,43,696600
2025-07-31,WH-IBD,PRD-0047,58,939600
2025-07-31,WH-ABJ,PRD-0047,45,729000
2025-07-31,WH-PHC,PRD-0047,49,793800
2025-07-31,WH-LAG1,PRD-0048,82,1189000
2025-07-31,WH-LAG2,PRD-0048,56,812000
2025-07-31,WH-IBD,PRD-0048,47,681500
2025-07-31,WH-ABJ,PRD-0048,24,348000
2025-07-31,WH-PHC,PRD-0048,39,565500
2025-07-31,WH-LAG1,PRD-0049,29,403100
2025-07-31,WH-LAG2,PRD-0049,58,806200
2025-07-31,WH-IBD,PRD-0049,17,236300
2025-07-31,WH-ABJ,PRD-0049,50,695000
2025-07-31,WH-PHC,PRD-0049,57,792300
2025-07-31,WH-LAG1,PRD-0050,99,455400
2025-07-31,WH-LAG2,PRD-0050,42,193200
2025-07-31,WH-IBD,PRD-0050,27,124200
2025-07-31,WH-ABJ,PRD-0050,14,64400
2025-07-31,WH-PHC,PRD-0050,47,216200
2025-07-31,WH-LAG1,PRD-0051,115,4002000
2025-07-31,WH-LAG2,PRD-0051,86,2992800
2025-07-31,WH-IBD,PRD-0051,126,4384800
2025-07-31,WH-ABJ,PRD-0051,145,5046000
2025-07-31,WH-PHC,PRD-0051,120,4176000
2025-07-31,WH-LAG1,PRD-0052,31,1050900
2025-07-31,WH-LAG2,PRD-0052,13,440700
2025-07-31,WH-IBD,PRD-0052,9,305100
2025-07-31,WH-ABJ,PRD-0052,5,169500
2025-07-31,WH-PHC,PRD-0052,0,0
2025-07-31,WH-LAG1,PRD-0053,33,1082400
2025-07-31,WH-LAG2,PRD-0053,29,951200
2025-07-31,WH-IBD,PRD-0053,7,229600
2025-07-31,WH-ABJ,PRD-0053,16,524800
2025-07-31,WH-PHC,PRD-0053,7,229600
2025-07-31,WH-LAG1,PRD-0054,20,272000
2025-07-31,WH-LAG2,PRD-0054,13,176800
2025-07-31,WH-IBD,PRD-0054,35,476000
2025-07-31,WH-ABJ,PRD-0054,39,530400
2025-07-31,WH-PHC,PRD-0054,25,340000
2025-07-31,WH-LAG1,PRD-0055,50,690000
2025-07-31,WH-LAG2,PRD-0055,41,565800
2025-07-31,WH-IBD,PRD-0055,52,717600
2025-07-31,WH-ABJ,PRD-0055,45,621000
2025-07-31,WH-PHC,PRD-0055,33,455400
2025-07-31,WH-LAG1,PRD-0056,93,1990200
2025-07-31,WH-LAG2,PRD-0056,56,1198400
2025-07-31,WH-IBD,PRD-0056,12,256800
2025-07-31,WH-ABJ,PRD-0056,0,0
2025-07-31,WH-PHC,PRD-0056,21,449400
2025-07-31,WH-LAG1,PRD-0057,248,3918400
2025-07-31,WH-LAG2,PRD-0057,75,1185000
2025-07-31,WH-IBD,PRD-0057,67,1058600
2025-07-31,WH-ABJ,PRD-0057,102,1611600
2025-07-31,WH-PHC,PRD-0057,178,2812400
2025-07-31,WH-LAG1,PRD-0058,115,1713500
2025-07-31,WH-LAG2,PRD-0058,39,581100
2025-07-31,WH-IBD,PRD-0058,27,402300
2025-07-31,WH-ABJ,PRD-0058,68,1013200
2025-07-31,WH-PHC,PRD-0058,62,923800
2025-07-31,WH-LAG1,PRD-0059,68,2890000
2025-07-31,WH-LAG2,PRD-0059,10,425000
2025-07-31,WH-IBD,PRD-0059,29,1232500
2025-07-31,WH-ABJ,PRD-0059,84,3570000
2025-07-31,WH-PHC,PRD-0059,58,2465000
2025-07-31,WH-LAG1,PRD-0060,213,10181400
2025-07-31,WH-LAG2,PRD-0060,107,5114600
2025-07-31,WH-IBD,PRD-0060,109,5210200
2025-07-31,WH-ABJ,PRD-0060,72,3441600
2025-07-31,WH-PHC,PRD-0060,84,4015200
2025-07-31,WH-LAG1,PRD-0061,188,2406400
2025-07-31,WH-LAG2,PRD-0061,128,1638400
2025-07-31,WH-IBD,PRD-0061,56,716800
2025-07-31,WH-ABJ,PRD-0061,47,601600
2025-07-31,WH-PHC,PRD-0061,88,1126400
2025-07-31,WH-LAG1,PRD-0062,52,707200
2025-07-31,WH-LAG2,PRD-0062,118,1604800
2025-07-31,WH-IBD,PRD-0062,73,992800
2025-07-31,WH-ABJ,PRD-0062,83,1128800
2025-07-31,WH-PHC,PRD-0062,81,1101600
2025-07-31,WH-LAG1,PRD-0063,71,844900
2025-07-31,WH-LAG2,PRD-0063,25,297500
2025-07-31,WH-IBD,PRD-0063,80,952000
2025-07-31,WH-ABJ,PRD-0063,107,1273300
2025-07-31,WH-PHC,PRD-0063,78,928200
2025-07-31,WH-LAG1,PRD-0064,163,5020400
2025-07-31,WH-LAG2,PRD-0064,98,3018400
2025-07-31,WH-IBD,PRD-0064,25,770000
2025-07-31,WH-ABJ,PRD-0064,121,3726800
2025-07-31,WH-PHC,PRD-0064,76,2340800
2025-07-31,WH-LAG1,PRD-0065,118,3115200
2025-07-31,WH-LAG2,PRD-0065,52,1372800
2025-07-31,WH-IBD,PRD-0065,32,844800
2025-07-31,WH-ABJ,PRD-0065,49,1293600
2025-07-31,WH-PHC,PRD-0065,40,1056000
2025-07-31,WH-LAG1,PRD-0066,11,486200
2025-07-31,WH-LAG2,PRD-0066,3,132600
2025-07-31,WH-IBD,PRD-0066,10,442000
2025-07-31,WH-ABJ,PRD-0066,0,0
2025-07-31,WH-PHC,PRD-0066,2,88400
2025-07-31,WH-LAG1,PRD-0067,79,821600
2025-07-31,WH-LAG2,PRD-0067,61,634400
2025-07-31,WH-IBD,PRD-0067,46,478400
2025-07-31,WH-ABJ,PRD-0067,90,936000
2025-07-31,WH-PHC,PRD-0067,62,644800
2025-07-31,WH-LAG1,PRD-0068,77,1016400
2025-07-31,WH-LAG2,PRD-0068,0,0
2025-07-31,WH-IBD,PRD-0068,95,1254000
2025-07-31,WH-ABJ,PRD-0068,169,2230800
2025-07-31,WH-PHC,PRD-0068,86,1135200
2025-07-31,WH-LAG1,PRD-0069,34,469200
2025-07-31,WH-LAG2,PRD-0069,6,82800
2025-07-31,WH-IBD,PRD-0069,19,262200
2025-07-31,WH-ABJ,PRD-0069,23,317400
2025-07-31,WH-PHC,PRD-0069,23,317400
2025-07-31,WH-LAG1,PRD-0070,60,924000
2025-07-31,WH-LAG2,PRD-0070,44,677600
2025-07-31,WH-IBD,PRD-0070,27,415800
2025-07-31,WH-ABJ,PRD-0070,37,569800
2025-07-31,WH-PHC,PRD-0070,7,107800
2025-07-31,WH-LAG1,PRD-0071,15,222000
2025-07-31,WH-LAG2,PRD-0071,24,355200
2025-07-31,WH-IBD,PRD-0071,10,148000
2025-07-31,WH-ABJ,PRD-0071,14,207200
2025-07-31,WH-PHC,PRD-0071,18,266400
2025-07-31,WH-LAG1,PRD-0072,133,4335800
2025-07-31,WH-LAG2,PRD-0072,38,1238800
2025-07-31,WH-IBD,PRD-0072,37,1206200
2025-07-31,WH-ABJ,PRD-0072,0,0
2025-07-31,WH-PHC,PRD-0072,18,586800
2025-07-31,WH-LAG1,PRD-0073,17,506600
2025-07-31,WH-LAG2,PRD-0073,17,506600
2025-07-31,WH-IBD,PRD-0073,20,596000
2025-07-31,WH-ABJ,PRD-0073,9,268200
2025-07-31,WH-PHC,PRD-0073,25,745000
2025-07-31,WH-LAG1,PRD-0074,109,3204600
2025-07-31,WH-LAG2,PRD-0074,25,735000
2025-07-31,WH-IBD,PRD-0074,16,470400
2025-07-31,WH-ABJ,PRD-0074,85,2499000
2025-07-31,WH-PHC,PRD-0074,66,1940400
2025-07-31,WH-LAG1,PRD-0075,44,1179200
2025-07-31,WH-LAG2,PRD-0075,17,455600
2025-07-31,WH-IBD,PRD-0075,9,241200
2025-07-31,WH-ABJ,PRD-0075,26,696800
2025-07-31,WH-PHC,PRD-0075,7,187600
2025-07-31,WH-LAG1,PRD-0076,106,2480400
2025-07-31,WH-LAG2,PRD-0076,68,1591200
2025-07-31,WH-IBD,PRD-0076,35,819000
2025-07-31,WH-ABJ,PRD-0076,168,3931200
2025-07-31,WH-PHC,PRD-0076,61,1427400
2025-07-31,WH-LAG1,PRD-0077,167,4275200
2025-07-31,WH-LAG2,PRD-0077,275,7040000
2025-07-31,WH-IBD,PRD-0077,100,2560000
2025-07-31,WH-ABJ,PRD-0077,287,7347200
2025-07-31,WH-PHC,PRD-0077,294,7526400
2025-07-31,WH-LAG1,PRD-0078,130,3614000
2025-07-31,WH-LAG2,PRD-0078,120,3336000
2025-07-31,WH-IBD,PRD-0078,68,1890400
2025-07-31,WH-ABJ,PRD-0078,128,3558400
2025-07-31,WH-PHC,PRD-0078,14,389200
2025-07-31,WH-LAG1,PRD-0079,50,1925000
2025-07-31,WH-LAG2,PRD-0079,41,1578500
2025-07-31,WH-IBD,PRD-0079,32,1232000
2025-07-31,WH-ABJ,PRD-0079,66,2541000
2025-07-31,WH-PHC,PRD-0079,71,2733500
2025-07-31,WH-LAG1,PRD-0080,35,686000
2025-07-31,WH-LAG2,PRD-0080,19,372400
2025-07-31,WH-IBD,PRD-0080,49,960400
2025-07-31,WH-ABJ,PRD-0080,106,2077600
2025-07-31,WH-PHC,PRD-0080,26,509600
2025-07-31,WH-LAG1,PRD-0081,68,2203200
2025-07-31,WH-LAG2,PRD-0081,106,3434400
2025-07-31,WH-IBD,PRD-0081,61,1976400
2025-07-31,WH-ABJ,PRD-0081,50,1620000
2025-07-31,WH-PHC,PRD-0081,65,2106000
2025-07-31,WH-LAG1,PRD-0082,52,1341600
2025-07-31,WH-LAG2,PRD-0082,0,0
2025-07-31,WH-IBD,PRD-0082,42,1083600
2025-07-31,WH-ABJ,PRD-0082,65,1677000
2025-07-31,WH-PHC,PRD-0082,50,1290000
2025-07-31,WH-LAG1,PRD-0083,290,5336000
2025-07-31,WH-LAG2,PRD-0083,123,2263200
2025-07-31,WH-IBD,PRD-0083,85,1564000
2025-07-31,WH-ABJ,PRD-0083,40,736000
2025-07-31,WH-PHC,PRD-0083,149,2741600
2025-07-31,WH-LAG1,PRD-0084,71,1533600
2025-07-31,WH-LAG2,PRD-0084,66,1425600
2025-07-31,WH-IBD,PRD-0084,81,1749600
2025-07-31,WH-ABJ,PRD-0084,72,1555200
2025-07-31,WH-PHC,PRD-0084,51,1101600
2025-07-31,WH-LAG1,PRD-0085,142,3720400
2025-07-31,WH-LAG2,PRD-0085,107,2803400
2025-07-31,WH-IBD,PRD-0085,45,1179000
2025-07-31,WH-ABJ,PRD-0085,121,3170200
2025-07-31,WH-PHC,PRD-0085,15,393000
2025-07-31,WH-LAG1,PRD-0086,309,7354200
2025-07-31,WH-LAG2,PRD-0086,151,3593800
2025-07-31,WH-IBD,PRD-0086,132,3141600
2025-07-31,WH-ABJ,PRD-0086,93,2213400
2025-07-31,WH-PHC,PRD-0086,74,1761200
2025-07-31,WH-LAG1,PRD-0087,19,357200
2025-07-31,WH-LAG2,PRD-0087,26,488800
2025-07-31,WH-IBD,PRD-0087,23,432400
2025-07-31,WH-ABJ,PRD-0087,5,94000
2025-07-31,WH-PHC,PRD-0087,8,150400
2025-07-31,WH-LAG1,PRD-0088,50,620000
2025-07-31,WH-LAG2,PRD-0088,19,235600
2025-07-31,WH-IBD,PRD-0088,0,0
2025-07-31,WH-ABJ,PRD-0088,34,421600
2025-07-31,WH-PHC,PRD-0088,45,558000
2025-07-31,WH-LAG1,PRD-0089,11,123200
2025-07-31,WH-LAG2,PRD-0089,22,246400
2025-07-31,WH-IBD,PRD-0089,45,504000
2025-07-31,WH-ABJ,PRD-0089,31,347200
2025-07-31,WH-PHC,PRD-0089,23,257600
2025-07-31,WH-LAG1,PRD-0090,1510,43186000
2025-07-31,WH-LAG2,PRD-0090,788,22536800
2025-07-31,WH-IBD,PRD-0090,304,8694400
2025-07-31,WH-ABJ,PRD-0090,1262,36093200
2025-07-31,WH-PHC,PRD-0090,1078,30830800
2025-07-31,WH-LAG1,PRD-0091,147,3175200
2025-07-31,WH-LAG2,PRD-0091,61,1317600
2025-07-31,WH-IBD,PRD-0091,58,1252800
2025-07-31,WH-ABJ,PRD-0091,90,1944000
2025-07-31,WH-PHC,PRD-0091,57,1231200
2025-07-31,WH-LAG1,PRD-0092,54,1339200
2025-07-31,WH-LAG2,PRD-0092,20,496000
2025-07-31,WH-IBD,PRD-0092,27,669600
2025-07-31,WH-ABJ,PRD-0092,31,768800
2025-07-31,WH-PHC,PRD-0092,9,223200
2025-07-31,WH-LAG1,PRD-0093,126,2444400
2025-07-31,WH-LAG2,PRD-0093,71,1377400
2025-07-31,WH-IBD,PRD-0093,48,931200
2025-07-31,WH-ABJ,PRD-0093,169,3278600
2025-07-31,WH-PHC,PRD-0093,116,2250400
2025-07-31,WH-LAG1,PRD-0094,27,507600
2025-07-31,WH-LAG2,PRD-0094,25,470000
2025-07-31,WH-IBD,PRD-0094,14,263200
2025-07-31,WH-ABJ,PRD-0094,32,601600
2025-07-31,WH-PHC,PRD-0094,20,376000
2025-07-31,WH-LAG1,PRD-0095,25,422500
2025-07-31,WH-LAG2,PRD-0095,0,0
2025-07-31,WH-IBD,PRD-0095,17,287300
2025-07-31,WH-ABJ,PRD-0095,30,507000
2025-07-31,WH-PHC,PRD-0095,20,338000
2025-07-31,WH-LAG1,PRD-0096,27,491400
2025-07-31,WH-LAG2,PRD-0096,16,291200
2025-07-31,WH-IBD,PRD-0096,14,254800
2025-07-31,WH-ABJ,PRD-0096,12,218400
2025-07-31,WH-PHC,PRD-0096,6,109200
2025-07-31,WH-LAG1,PRD-0097,39,694200
2025-07-31,WH-LAG2,PRD-0097,3,53400
2025-07-31,WH-IBD,PRD-0097,16,284800
2025-07-31,WH-ABJ,PRD-0097,34,605200
2025-07-31,WH-PHC,PRD-0097,30,534000
2025-07-31,WH-LAG1,PRD-0098,322,4314800
2025-07-31,WH-LAG2,PRD-0098,83,1112200
2025-07-31,WH-IBD,PRD-0098,62,830800
2025-07-31,WH-ABJ,PRD-0098,215,2881000
2025-07-31,WH-PHC,PRD-0098,151,2023400
2025-07-31,WH-LAG1,PRD-0099,35,441000
2025-07-31,WH-LAG2,PRD-0099,16,201600
2025-07-31,WH-IBD,PRD-0099,0,0
2025-07-31,WH-ABJ,PRD-0099,25,315000
2025-07-31,WH-PHC,PRD-0099,29,365400
2025-07-31,WH-LAG1,PRD-0100,750,12600000
2025-07-31,WH-LAG2,PRD-0100,194,3259200
2025-07-31,WH-IBD,PRD-0100,185,3108000
2025-07-31,WH-ABJ,PRD-0100,356,5980800
2025-07-31,WH-PHC,PRD-0100,81,1360800
2025-07-31,WH-LAG1,PRD-0101,17,312800
2025-07-31,WH-LAG2,PRD-0101,8,147200
2025-07-31,WH-IBD,PRD-0101,7,128800
2025-07-31,WH-ABJ,PRD-0101,28,515200
2025-07-31,WH-PHC,PRD-0101,11,202400
2025-07-31,WH-LAG1,PRD-0102,4,56800
2025-07-31,WH-LAG2,PRD-0102,19,269800
2025-07-31,WH-IBD,PRD-0102,54,766800
2025-07-31,WH-ABJ,PRD-0102,83,1178600
2025-07-31,WH-PHC,PRD-0102,76,1079200
2025-07-31,WH-LAG1,PRD-0103,155,4619000
2025-07-31,WH-LAG2,PRD-0103,39,1162200
2025-07-31,WH-IBD,PRD-0103,40,1192000
2025-07-31,WH-ABJ,PRD-0103,67,1996600
2025-07-31,WH-PHC,PRD-0103,65,1937000
2025-07-31,WH-LAG1,PRD-0104,14,193200
2025-07-31,WH-LAG2,PRD-0104,19,262200
2025-07-31,WH-IBD,PRD-0104,8,110400
2025-07-31,WH-ABJ,PRD-0104,45,621000
2025-07-31,WH-PHC,PRD-0104,27,372600
2025-07-31,WH-LAG1,PRD-0105,50,1730000
2025-07-31,WH-LAG2,PRD-0105,31,1072600
2025-07-31,WH-IBD,PRD-0105,12,415200
2025-07-31,WH-ABJ,PRD-0105,36,1245600
2025-07-31,WH-PHC,PRD-0105,37,1280200
2025-07-31,WH-LAG1,PRD-0106,17,557600
2025-07-31,WH-LAG2,PRD-0106,6,196800
2025-07-31,WH-IBD,PRD-0106,8,262400
2025-07-31,WH-ABJ,PRD-0106,21,688800
2025-07-31,WH-PHC,PRD-0106,6,196800
2025-07-31,WH-LAG1,PRD-0107,53,1770200
2025-07-31,WH-LAG2,PRD-0107,26,868400
2025-07-31,WH-IBD,PRD-0107,17,567800
2025-07-31,WH-ABJ,PRD-0107,6,200400
2025-07-31,WH-PHC,PRD-0107,27,901800
2025-07-31,WH-LAG1,PRD-0108,80,2144000
2025-07-31,WH-LAG2,PRD-0108,195,5226000
2025-07-31,WH-IBD,PRD-0108,198,5306400
2025-07-31,WH-ABJ,PRD-0108,185,4958000
2025-07-31,WH-PHC,PRD-0108,176,4716800
2025-07-31,WH-LAG1,PRD-0109,117,3088800
2025-07-31,WH-LAG2,PRD-0109,103,2719200
2025-07-31,WH-IBD,PRD-0109,98,2587200
2025-07-31,WH-ABJ,PRD-0109,111,2930400
2025-07-31,WH-PHC,PRD-0109,20,528000
2025-07-31,WH-LAG1,PRD-0110,15,372000
2025-07-31,WH-LAG2,PRD-0110,7,173600
2025-07-31,WH-IBD,PRD-0110,27,669600
2025-07-31,WH-ABJ,PRD-0110,9,223200
2025-07-31,WH-PHC,PRD-0110,33,818400
2025-07-31,WH-LAG1,PRD-0111,86,842800
2025-07-31,WH-LAG2,PRD-0111,93,911400
2025-07-31,WH-IBD,PRD-0111,120,1176000
2025-07-31,WH-ABJ,PRD-0111,95,931000
2025-07-31,WH-PHC,PRD-0111,42,411600
2025-07-31,WH-LAG1,PRD-0112,19,224200
2025-07-31,WH-LAG2,PRD-0112,24,283200
2025-07-31,WH-IBD,PRD-0112,12,141600
2025-07-31,WH-ABJ,PRD-0112,33,389400
2025-07-31,WH-PHC,PRD-0112,21,247800
2025-07-31,WH-LAG1,PRD-0113,212,1823200
2025-07-31,WH-LAG2,PRD-0113,18,154800
2025-07-31,WH-IBD,PRD-0113,112,963200
2025-07-31,WH-ABJ,PRD-0113,106,911600
2025-07-31,WH-PHC,PRD-0113,51,438600
2025-07-31,WH-LAG1,PRD-0114,17,207400
2025-07-31,WH-LAG2,PRD-0114,20,244000
2025-07-31,WH-IBD,PRD-0114,20,244000
2025-07-31,WH-ABJ,PRD-0114,14,170800
2025-07-31,WH-PHC,PRD-0114,6,73200
2025-07-31,WH-LAG1,PRD-0115,115,1886000
2025-07-31,WH-LAG2,PRD-0115,48,787200
2025-07-31,WH-IBD,PRD-0115,63,1033200
2025-07-31,WH-ABJ,PRD-0115,61,1000400
2025-07-31,WH-PHC,PRD-0115,37,606800
2025-07-31,WH-LAG1,PRD-0116,46,634800
2025-07-31,WH-LAG2,PRD-0116,63,869400
2025-07-31,WH-IBD,PRD-0116,59,814200
2025-07-31,WH-ABJ,PRD-0116,56,772800
2025-07-31,WH-PHC,PRD-0116,13,179400
2025-07-31,WH-LAG1,PRD-0117,51,775200
2025-07-31,WH-LAG2,PRD-0117,61,927200
2025-07-31,WH-IBD,PRD-0117,60,912000
2025-07-31,WH-ABJ,PRD-0117,88,1337600
2025-07-31,WH-PHC,PRD-0117,66,1003200
2025-07-31,WH-LAG1,PRD-0118,275,4840000
2025-07-31,WH-LAG2,PRD-0118,0,0
2025-07-31,WH-IBD,PRD-0118,129,2270400
2025-07-31,WH-ABJ,PRD-0118,244,4294400
2025-07-31,WH-PHC,PRD-0118,225,3960000
2025-07-31,WH-LAG1,PRD-0119,36,676800
2025-07-31,WH-LAG2,PRD-0119,7,131600
2025-07-31,WH-IBD,PRD-0119,12,225600
2025-07-31,WH-ABJ,PRD-0119,21,394800
2025-07-31,WH-PHC,PRD-0119,5,94000
2025-07-31,WH-LAG1,PRD-0120,100,1240000
2025-07-31,WH-LAG2,PRD-0120,44,545600
2025-07-31,WH-IBD,PRD-0120,132,1636800
2025-07-31,WH-ABJ,PRD-0120,137,1698800
2025-07-31,WH-PHC,PRD-0120,60,744000
2025-07-31,WH-LAG1,PRD-0121,240,5184000
2025-07-31,WH-LAG2,PRD-0121,171,3693600
2025-07-31,WH-IBD,PRD-0121,73,1576800
2025-07-31,WH-ABJ,PRD-0121,58,1252800
2025-07-31,WH-PHC,PRD-0121,63,1360800
2025-07-31,WH-LAG1,PRD-0122,106,1568800
2025-07-31,WH-LAG2,PRD-0122,122,1805600
2025-07-31,WH-IBD,PRD-0122,116,1716800
2025-07-31,WH-ABJ,PRD-0122,55,814000
2025-07-31,WH-PHC,PRD-0122,99,1465200
2025-07-31,WH-LAG1,PRD-0123,57,661200
2025-07-31,WH-LAG2,PRD-0123,22,255200
2025-07-31,WH-IBD,PRD-0123,43,498800
2025-07-31,WH-ABJ,PRD-0123,52,603200
2025-07-31,WH-PHC,PRD-0123,23,266800
2025-07-31,WH-LAG1,PRD-0124,30,204000
2025-07-31,WH-LAG2,PRD-0124,22,149600
2025-07-31,WH-IBD,PRD-0124,22,149600
2025-07-31,WH-ABJ,PRD-0124,80,544000
2025-07-31,WH-PHC,PRD-0124,11,74800
2025-07-31,WH-LAG1,PRD-0125,234,2995200
2025-07-31,WH-LAG2,PRD-0125,153,1958400
2025-07-31,WH-IBD,PRD-0125,276,3532800
2025-07-31,WH-ABJ,PRD-0125,106,1356800
2025-07-31,WH-PHC,PRD-0125,312,3993600
2025-07-31,WH-LAG1,PRD-0126,64,1510400
2025-07-31,WH-LAG2,PRD-0126,14,330400
2025-07-31,WH-IBD,PRD-0126,40,944000
2025-07-31,WH-ABJ,PRD-0126,28,660800
2025-07-31,WH-PHC,PRD-0126,28,660800
2025-07-31,WH-LAG1,PRD-0127,108,1425600
2025-07-31,WH-LAG2,PRD-0127,36,475200
2025-07-31,WH-IBD,PRD-0127,15,198000
2025-07-31,WH-ABJ,PRD-0127,0,0
2025-07-31,WH-PHC,PRD-0127,22,290400
2025-07-31,WH-LAG1,PRD-0128,76,1276800
2025-07-31,WH-LAG2,PRD-0128,34,571200
2025-07-31,WH-IBD,PRD-0128,71,1192800
2025-07-31,WH-ABJ,PRD-0128,86,1444800
2025-07-31,WH-PHC,PRD-0128,91,1528800
2025-07-31,WH-LAG1,PRD-0129,4,61600
2025-07-31,WH-LAG2,PRD-0129,17,261800
2025-07-31,WH-IBD,PRD-0129,8,123200
2025-07-31,WH-ABJ,PRD-0129,18,277200
2025-07-31,WH-PHC,PRD-0129,19,292600
2025-07-31,WH-LAG1,PRD-0130,55,594000
2025-07-31,WH-LAG2,PRD-0130,54,583200
2025-07-31,WH-IBD,PRD-0130,31,334800
2025-07-31,WH-ABJ,PRD-0130,23,248400
2025-07-31,WH-PHC,PRD-0130,37,399600
2025-07-31,WH-LAG1,PRD-0131,175,4480000
2025-07-31,WH-LAG2,PRD-0131,98,2508800
2025-07-31,WH-IBD,PRD-0131,67,1715200
2025-07-31,WH-ABJ,PRD-0131,29,742400
2025-07-31,WH-PHC,PRD-0131,75,1920000
2025-07-31,WH-LAG1,PRD-0132,89,2794600
2025-07-31,WH-LAG2,PRD-0132,39,1224600
2025-07-31,WH-IBD,PRD-0132,23,722200
2025-07-31,WH-ABJ,PRD-0132,70,2198000
2025-07-31,WH-PHC,PRD-0132,57,1789800
2025-07-31,WH-LAG1,PRD-0133,54,1285200
2025-07-31,WH-LAG2,PRD-0133,44,1047200
2025-07-31,WH-IBD,PRD-0133,29,690200
2025-07-31,WH-ABJ,PRD-0133,40,952000
2025-07-31,WH-PHC,PRD-0133,5,119000
2025-07-31,WH-LAG1,PRD-0134,41,1221800
2025-07-31,WH-LAG2,PRD-0134,40,1192000
2025-07-31,WH-IBD,PRD-0134,30,894000
2025-07-31,WH-ABJ,PRD-0134,42,1251600
2025-07-31,WH-PHC,PRD-0134,50,1490000
2025-07-31,WH-LAG1,PRD-0135,317,8368800
2025-07-31,WH-LAG2,PRD-0135,32,844800
2025-07-31,WH-IBD,PRD-0135,77,2032800
2025-07-31,WH-ABJ,PRD-0135,206,5438400
2025-07-31,WH-PHC,PRD-0135,107,2824800
2025-07-31,WH-LAG1,PRD-0136,83,3535800
2025-07-31,WH-LAG2,PRD-0136,11,468600
2025-07-31,WH-IBD,PRD-0136,11,468600
2025-07-31,WH-ABJ,PRD-0136,27,1150200
2025-07-31,WH-PHC,PRD-0136,60,2556000
2025-07-31,WH-LAG1,PRD-0137,97,2347400
2025-07-31,WH-LAG2,PRD-0137,68,1645600
2025-07-31,WH-IBD,PRD-0137,44,1064800
2025-07-31,WH-ABJ,PRD-0137,95,2299000
2025-07-31,WH-PHC,PRD-0137,13,314600
2025-07-31,WH-LAG1,PRD-0138,201,4381800
2025-07-31,WH-LAG2,PRD-0138,106,2310800
2025-07-31,WH-IBD,PRD-0138,62,1351600
2025-07-31,WH-ABJ,PRD-0138,35,763000
2025-07-31,WH-PHC,PRD-0138,91,1983800
2025-07-31,WH-LAG1,PRD-0139,38,1094400
2025-07-31,WH-LAG2,PRD-0139,76,2188800
2025-07-31,WH-IBD,PRD-0139,73,2102400
2025-07-31,WH-ABJ,PRD-0139,82,2361600
2025-07-31,WH-PHC,PRD-0139,57,1641600
2025-07-31,WH-LAG1,PRD-0140,63,1474200
2025-07-31,WH-LAG2,PRD-0140,20,468000
2025-07-31,WH-IBD,PRD-0140,56,1310400
2025-07-31,WH-ABJ,PRD-0140,56,1310400
2025-07-31,WH-PHC,PRD-0140,41,959400
2025-07-31,WH-LAG1,PRD-0141,55,1694000
2025-07-31,WH-LAG2,PRD-0141,25,770000
2025-07-31,WH-IBD,PRD-0141,46,1416800
2025-07-31,WH-ABJ,PRD-0141,77,2371600
2025-07-31,WH-PHC,PRD-0141,50,1540000
2025-07-31,WH-LAG1,PRD-0142,104,4659200
2025-07-31,WH-LAG2,PRD-0142,95,4256000
2025-07-31,WH-IBD,PRD-0142,53,2374400
2025-07-31,WH-ABJ,PRD-0142,83,3718400
2025-07-31,WH-PHC,PRD-0142,64,2867200
2025-07-31,WH-LAG1,PRD-0143,86,3543200
2025-07-31,WH-LAG2,PRD-0143,46,1895200
2025-07-31,WH-IBD,PRD-0143,32,1318400
2025-07-31,WH-ABJ,PRD-0143,43,1771600
2025-07-31,WH-PHC,PRD-0143,32,1318400
2025-07-31,WH-LAG1,PRD-0144,140,3752000
2025-07-31,WH-LAG2,PRD-0144,61,1634800
2025-07-31,WH-IBD,PRD-0144,59,1581200
2025-07-31,WH-ABJ,PRD-0144,80,2144000
2025-07-31,WH-PHC,PRD-0144,49,1313200
2025-07-31,WH-LAG1,PRD-0145,57,1447800
2025-07-31,WH-LAG2,PRD-0145,110,2794000
2025-07-31,WH-IBD,PRD-0145,39,990600
2025-07-31,WH-ABJ,PRD-0145,98,2489200
2025-07-31,WH-PHC,PRD-0145,45,1143000
2025-07-31,WH-LAG1,PRD-0146,81,2251800
2025-07-31,WH-LAG2,PRD-0146,45,1251000
2025-07-31,WH-IBD,PRD-0146,37,1028600
2025-07-31,WH-ABJ,PRD-0146,13,361400
2025-07-31,WH-PHC,PRD-0146,15,417000
2025-07-31,WH-LAG1,PRD-0147,54,1490400
2025-07-31,WH-LAG2,PRD-0147,60,1656000
2025-07-31,WH-IBD,PRD-0147,24,662400
2025-07-31,WH-ABJ,PRD-0147,29,800400
2025-07-31,WH-PHC,PRD-0147,47,1297200
2025-07-31,WH-LAG1,PRD-0148,37,880600
2025-07-31,WH-LAG2,PRD-0148,32,761600
2025-07-31,WH-IBD,PRD-0148,37,880600
2025-07-31,WH-ABJ,PRD-0148,38,904400
2025-07-31,WH-PHC,PRD-0148,25,595000
2025-07-31,WH-LAG1,PRD-0149,31,1233800
2025-07-31,WH-LAG2,PRD-0149,6,238800
2025-07-31,WH-IBD,PRD-0149,19,756200
2025-07-31,WH-ABJ,PRD-0149,28,1114400
2025-07-31,WH-PHC,PRD-0149,20,796000
2025-07-31,WH-LAG1,PRD-0150,162,6220800
2025-07-31,WH-LAG2,PRD-0150,58,2227200
2025-07-31,WH-IBD,PRD-0150,24,921600
2025-07-31,WH-ABJ,PRD-0150,62,2380800
2025-07-31,WH-PHC,PRD-0150,31,1190400
2025-07-31,WH-LAG1,PRD-0151,1341,46398600
2025-07-31,WH-LAG2,PRD-0151,233,8061800
2025-07-31,WH-IBD,PRD-0151,200,6920000
2025-07-31,WH-ABJ,PRD-0151,336,11625600
2025-07-31,WH-PHC,PRD-0151,432,14947200
2025-07-31,WH-LAG1,PRD-0152,16,345600
2025-07-31,WH-LAG2,PRD-0152,32,691200
2025-07-31,WH-IBD,PRD-0152,48,1036800
2025-07-31,WH-ABJ,PRD-0152,16,345600
2025-07-31,WH-PHC,PRD-0152,58,1252800
2025-07-31,WH-LAG1,PRD-0153,142,2669600
2025-07-31,WH-LAG2,PRD-0153,85,1598000
2025-07-31,WH-IBD,PRD-0153,134,2519200
2025-07-31,WH-ABJ,PRD-0153,117,2199600
2025-07-31,WH-PHC,PRD-0153,130,2444000
2025-07-31,WH-LAG1,PRD-0154,37,1243200
2025-07-31,WH-LAG2,PRD-0154,82,2755200
2025-07-31,WH-IBD,PRD-0154,45,1512000
2025-07-31,WH-ABJ,PRD-0154,59,1982400
2025-07-31,WH-PHC,PRD-0154,68,2284800
2025-07-31,WH-LAG1,PRD-0155,76,4012800
2025-07-31,WH-LAG2,PRD-0155,15,792000
2025-07-31,WH-IBD,PRD-0155,52,2745600
2025-07-31,WH-ABJ,PRD-0155,81,4276800
2025-07-31,WH-PHC,PRD-0155,49,2587200
2025-07-31,WH-LAG1,PRD-0156,150,6690000
2025-07-31,WH-LAG2,PRD-0156,126,5619600
2025-07-31,WH-IBD,PRD-0156,156,6957600
2025-07-31,WH-ABJ,PRD-0156,137,6110200
2025-07-31,WH-PHC,PRD-0156,55,2453000
2025-07-31,WH-LAG1,PRD-0157,171,3214800
2025-07-31,WH-LAG2,PRD-0157,85,1598000
2025-07-31,WH-IBD,PRD-0157,33,620400
2025-07-31,WH-ABJ,PRD-0157,24,451200
2025-07-31,WH-PHC,PRD-0157,26,488800
2025-07-31,WH-LAG1,PRD-0158,29,765600
2025-07-31,WH-LAG2,PRD-0158,7,184800
2025-07-31,WH-IBD,PRD-0158,31,818400
2025-07-31,WH-ABJ,PRD-0158,17,448800
2025-07-31,WH-PHC,PRD-0158,32,844800
2025-07-31,WH-LAG1,PRD-0159,73,1445400
2025-07-31,WH-LAG2,PRD-0159,40,792000
2025-07-31,WH-IBD,PRD-0159,55,1089000
2025-07-31,WH-ABJ,PRD-0159,66,1306800
2025-07-31,WH-PHC,PRD-0159,60,1188000
2025-07-31,WH-LAG1,PRD-0160,132,3379200
2025-07-31,WH-LAG2,PRD-0160,53,1356800
2025-07-31,WH-IBD,PRD-0160,218,5580800
2025-07-31,WH-ABJ,PRD-0160,47,1203200
2025-07-31,WH-PHC,PRD-0160,171,4377600
2025-07-31,WH-LAG1,PRD-0161,312,8486400
2025-07-31,WH-LAG2,PRD-0161,313,8513600
2025-07-31,WH-IBD,PRD-0161,79,2148800
2025-07-31,WH-ABJ,PRD-0161,498,13545600
2025-07-31,WH-PHC,PRD-0161,114,3100800
2025-07-31,WH-LAG1,PRD-0162,65,1547000
2025-07-31,WH-LAG2,PRD-0162,52,1237600
2025-07-31,WH-IBD,PRD-0162,39,928200
2025-07-31,WH-ABJ,PRD-0162,37,880600
2025-07-31,WH-PHC,PRD-0162,19,452200
2025-07-31,WH-LAG1,PRD-0163,30,648000
2025-07-31,WH-LAG2,PRD-0163,44,950400
2025-07-31,WH-IBD,PRD-0163,48,1036800
2025-07-31,WH-ABJ,PRD-0163,70,1512000
2025-07-31,WH-PHC,PRD-0163,81,1749600
2025-07-31,WH-LAG1,PRD-0164,62,1041600
2025-07-31,WH-LAG2,PRD-0164,55,924000
2025-07-31,WH-IBD,PRD-0164,29,487200
2025-07-31,WH-ABJ,PRD-0164,28,470400
2025-07-31,WH-PHC,PRD-0164,35,588000
2025-07-31,WH-LAG1,PRD-0165,140,2716000
2025-07-31,WH-LAG2,PRD-0165,30,582000
2025-07-31,WH-IBD,PRD-0165,57,1105800
2025-07-31,WH-ABJ,PRD-0165,248,4811200
2025-07-31,WH-PHC,PRD-0165,116,2250400
2025-07-31,WH-LAG1,PRD-0166,81,1765800
2025-07-31,WH-LAG2,PRD-0166,152,3313600
2025-07-31,WH-IBD,PRD-0166,75,1635000
2025-07-31,WH-ABJ,PRD-0166,95,2071000
2025-07-31,WH-PHC,PRD-0166,94,2049200
2025-07-31,WH-LAG1,PRD-0167,55,594000
2025-07-31,WH-LAG2,PRD-0167,78,842400
2025-07-31,WH-IBD,PRD-0167,27,291600
2025-07-31,WH-ABJ,PRD-0167,69,745200
2025-07-31,WH-PHC,PRD-0167,37,399600
2025-07-31,WH-LAG1,PRD-0168,46,717600
2025-07-31,WH-LAG2,PRD-0168,20,312000
2025-07-31,WH-IBD,PRD-0168,20,312000
2025-07-31,WH-ABJ,PRD-0168,49,764400
2025-07-31,WH-PHC,PRD-0168,35,546000
2025-07-31,WH-LAG1,PRD-0169,45,603000
2025-07-31,WH-LAG2,PRD-0169,51,683400
2025-07-31,WH-IBD,PRD-0169,20,268000
2025-07-31,WH-ABJ,PRD-0169,54,723600
2025-07-31,WH-PHC,PRD-0169,36,482400
2025-07-31,WH-LAG1,PRD-0170,81,1150200
2025-07-31,WH-LAG2,PRD-0170,33,468600
2025-07-31,WH-IBD,PRD-0170,39,553800
2025-07-31,WH-ABJ,PRD-0170,51,724200
2025-07-31,WH-PHC,PRD-0170,36,511200
2025-08-31,WH-LAG1,PRD-0001,52,218400
2025-08-31,WH-LAG2,PRD-0001,33,138600
2025-08-31,WH-IBD,PRD-0001,51,214200
2025-08-31,WH-ABJ,PRD-0001,30,126000
2025-08-31,WH-PHC,PRD-0001,1,4200
2025-08-31,WH-LAG1,PRD-0002,0,0
2025-08-31,WH-LAG2,PRD-0002,0,0
2025-08-31,WH-IBD,PRD-0002,11,45100
2025-08-31,WH-ABJ,PRD-0002,27,110700
2025-08-31,WH-PHC,PRD-0002,26,106600
2025-08-31,WH-LAG1,PRD-0003,36,147600
2025-08-31,WH-LAG2,PRD-0003,12,49200
2025-08-31,WH-IBD,PRD-0003,7,28700
2025-08-31,WH-ABJ,PRD-0003,7,28700
2025-08-31,WH-PHC,PRD-0003,16,65600
2025-08-31,WH-LAG1,PRD-0004,486,1895400
2025-08-31,WH-LAG2,PRD-0004,108,421200
2025-08-31,WH-IBD,PRD-0004,141,549900
2025-08-31,WH-ABJ,PRD-0004,373,1454700
2025-08-31,WH-PHC,PRD-0004,188,733200
2025-08-31,WH-LAG1,PRD-0005,43,111800
2025-08-31,WH-LAG2,PRD-0005,60,156000
2025-08-31,WH-IBD,PRD-0005,8,20800
2025-08-31,WH-ABJ,PRD-0005,95,247000
2025-08-31,WH-PHC,PRD-0005,26,67600
2025-08-31,WH-LAG1,PRD-0006,24,60000
2025-08-31,WH-LAG2,PRD-0006,40,100000
2025-08-31,WH-IBD,PRD-0006,13,32500
2025-08-31,WH-ABJ,PRD-0006,6,15000
2025-08-31,WH-PHC,PRD-0006,15,37500
2025-08-31,WH-LAG1,PRD-0007,161,2221800
2025-08-31,WH-LAG2,PRD-0007,95,1311000
2025-08-31,WH-IBD,PRD-0007,92,1269600
2025-08-31,WH-ABJ,PRD-0007,126,1738800
2025-08-31,WH-PHC,PRD-0007,102,1407600
2025-08-31,WH-LAG1,PRD-0008,69,931500
2025-08-31,WH-LAG2,PRD-0008,58,783000
2025-08-31,WH-IBD,PRD-0008,33,445500
2025-08-31,WH-ABJ,PRD-0008,39,526500
2025-08-31,WH-PHC,PRD-0008,32,432000
2025-08-31,WH-LAG1,PRD-0009,40,568000
2025-08-31,WH-LAG2,PRD-0009,38,539600
2025-08-31,WH-IBD,PRD-0009,24,340800
2025-08-31,WH-ABJ,PRD-0009,30,426000
2025-08-31,WH-PHC,PRD-0009,31,440200
2025-08-31,WH-LAG1,PRD-0010,32,422400
2025-08-31,WH-LAG2,PRD-0010,13,171600
2025-08-31,WH-IBD,PRD-0010,9,118800
2025-08-31,WH-ABJ,PRD-0010,11,145200
2025-08-31,WH-PHC,PRD-0010,14,184800
2025-08-31,WH-LAG1,PRD-0011,144,2001600
2025-08-31,WH-LAG2,PRD-0011,82,1139800
2025-08-31,WH-IBD,PRD-0011,85,1181500
2025-08-31,WH-ABJ,PRD-0011,68,945200
2025-08-31,WH-PHC,PRD-0011,108,1501200
2025-08-31,WH-LAG1,PRD-0012,41,590400
2025-08-31,WH-LAG2,PRD-0012,37,532800
2025-08-31,WH-IBD,PRD-0012,32,460800
2025-08-31,WH-ABJ,PRD-0012,46,662400
2025-08-31,WH-PHC,PRD-0012,42,604800
2025-08-31,WH-LAG1,PRD-0013,35,343000
2025-08-31,WH-LAG2,PRD-0013,26,254800
2025-08-31,WH-IBD,PRD-0013,18,176400
2025-08-31,WH-ABJ,PRD-0013,31,303800
2025-08-31,WH-PHC,PRD-0013,26,254800
2025-08-31,WH-LAG1,PRD-0014,14,156800
2025-08-31,WH-LAG2,PRD-0014,16,179200
2025-08-31,WH-IBD,PRD-0014,6,67200
2025-08-31,WH-ABJ,PRD-0014,5,56000
2025-08-31,WH-PHC,PRD-0014,17,190400
2025-08-31,WH-LAG1,PRD-0015,33,227700
2025-08-31,WH-LAG2,PRD-0015,45,310500
2025-08-31,WH-IBD,PRD-0015,32,220800
2025-08-31,WH-ABJ,PRD-0015,0,0
2025-08-31,WH-PHC,PRD-0015,52,358800
2025-08-31,WH-LAG1,PRD-0016,196,6762000
2025-08-31,WH-LAG2,PRD-0016,113,3898500
2025-08-31,WH-IBD,PRD-0016,26,897000
2025-08-31,WH-ABJ,PRD-0016,159,5485500
2025-08-31,WH-PHC,PRD-0016,104,3588000
2025-08-31,WH-LAG1,PRD-0017,76,2416800
2025-08-31,WH-LAG2,PRD-0017,0,0
2025-08-31,WH-IBD,PRD-0017,46,1462800
2025-08-31,WH-ABJ,PRD-0017,29,922200
2025-08-31,WH-PHC,PRD-0017,9,286200
2025-08-31,WH-LAG1,PRD-0018,214,10314800
2025-08-31,WH-LAG2,PRD-0018,79,3807800
2025-08-31,WH-IBD,PRD-0018,68,3277600
2025-08-31,WH-ABJ,PRD-0018,52,2506400
2025-08-31,WH-PHC,PRD-0018,62,2988400
2025-08-31,WH-LAG1,PRD-0019,79,2085600
2025-08-31,WH-LAG2,PRD-0019,88,2323200
2025-08-31,WH-IBD,PRD-0019,35,924000
2025-08-31,WH-ABJ,PRD-0019,80,2112000
2025-08-31,WH-PHC,PRD-0019,90,2376000
2025-08-31,WH-LAG1,PRD-0020,109,2594200
2025-08-31,WH-LAG2,PRD-0020,44,1047200
2025-08-31,WH-IBD,PRD-0020,32,761600
2025-08-31,WH-ABJ,PRD-0020,136,3236800
2025-08-31,WH-PHC,PRD-0020,37,880600
2025-08-31,WH-LAG1,PRD-0021,22,325600
2025-08-31,WH-LAG2,PRD-0021,67,991600
2025-08-31,WH-IBD,PRD-0021,39,577200
2025-08-31,WH-ABJ,PRD-0021,21,310800
2025-08-31,WH-PHC,PRD-0021,0,0
2025-08-31,WH-LAG1,PRD-0022,40,384000
2025-08-31,WH-LAG2,PRD-0022,16,153600
2025-08-31,WH-IBD,PRD-0022,11,105600
2025-08-31,WH-ABJ,PRD-0022,31,297600
2025-08-31,WH-PHC,PRD-0022,4,38400
2025-08-31,WH-LAG1,PRD-0023,55,737000
2025-08-31,WH-LAG2,PRD-0023,43,576200
2025-08-31,WH-IBD,PRD-0023,22,294800
2025-08-31,WH-ABJ,PRD-0023,43,576200
2025-08-31,WH-PHC,PRD-0023,68,911200
2025-08-31,WH-LAG1,PRD-0024,53,413400
2025-08-31,WH-LAG2,PRD-0024,4,31200
2025-08-31,WH-IBD,PRD-0024,22,171600
2025-08-31,WH-ABJ,PRD-0024,58,452400
2025-08-31,WH-PHC,PRD-0024,1,7800
2025-08-31,WH-LAG1,PRD-0025,83,356900
2025-08-31,WH-LAG2,PRD-0025,27,116100
2025-08-31,WH-IBD,PRD-0025,35,150500
2025-08-31,WH-ABJ,PRD-0025,74,318200
2025-08-31,WH-PHC,PRD-0025,25,107500
2025-08-31,WH-LAG1,PRD-0026,69,248400
2025-08-31,WH-LAG2,PRD-0026,70,252000
2025-08-31,WH-IBD,PRD-0026,45,162000
2025-08-31,WH-ABJ,PRD-0026,77,277200
2025-08-31,WH-PHC,PRD-0026,15,54000
2025-08-31,WH-LAG1,PRD-0027,1,3800
2025-08-31,WH-LAG2,PRD-0027,11,41800
2025-08-31,WH-IBD,PRD-0027,19,72200
2025-08-31,WH-ABJ,PRD-0027,21,79800
2025-08-31,WH-PHC,PRD-0027,23,87400
2025-08-31,WH-LAG1,PRD-0028,66,264000
2025-08-31,WH-LAG2,PRD-0028,50,200000
2025-08-31,WH-IBD,PRD-0028,64,256000
2025-08-31,WH-ABJ,PRD-0028,57,228000
2025-08-31,WH-PHC,PRD-0028,64,256000
2025-08-31,WH-LAG1,PRD-0029,53,471700
2025-08-31,WH-LAG2,PRD-0029,35,311500
2025-08-31,WH-IBD,PRD-0029,9,80100
2025-08-31,WH-ABJ,PRD-0029,40,356000
2025-08-31,WH-PHC,PRD-0029,34,302600
2025-08-31,WH-LAG1,PRD-0030,30,645000
2025-08-31,WH-LAG2,PRD-0030,28,602000
2025-08-31,WH-IBD,PRD-0030,18,387000
2025-08-31,WH-ABJ,PRD-0030,18,387000
2025-08-31,WH-PHC,PRD-0030,15,322500
2025-08-31,WH-LAG1,PRD-0031,158,4771600
2025-08-31,WH-LAG2,PRD-0031,101,3050200
2025-08-31,WH-IBD,PRD-0031,65,1963000
2025-08-31,WH-ABJ,PRD-0031,142,4288400
2025-08-31,WH-PHC,PRD-0031,137,4137400
2025-08-31,WH-LAG1,PRD-0032,21,352800
2025-08-31,WH-LAG2,PRD-0032,23,386400
2025-08-31,WH-IBD,PRD-0032,10,168000
2025-08-31,WH-ABJ,PRD-0032,12,201600
2025-08-31,WH-PHC,PRD-0032,28,470400
2025-08-31,WH-LAG1,PRD-0033,94,883600
2025-08-31,WH-LAG2,PRD-0033,17,159800
2025-08-31,WH-IBD,PRD-0033,52,488800
2025-08-31,WH-ABJ,PRD-0033,0,0
2025-08-31,WH-PHC,PRD-0033,38,357200
2025-08-31,WH-LAG1,PRD-0034,67,864300
2025-08-31,WH-LAG2,PRD-0034,15,193500
2025-08-31,WH-IBD,PRD-0034,16,206400
2025-08-31,WH-ABJ,PRD-0034,18,232200
2025-08-31,WH-PHC,PRD-0034,13,167700
2025-08-31,WH-LAG1,PRD-0035,187,2206600
2025-08-31,WH-LAG2,PRD-0035,63,743400
2025-08-31,WH-IBD,PRD-0035,29,342200
2025-08-31,WH-ABJ,PRD-0035,90,1062000
2025-08-31,WH-PHC,PRD-0035,29,342200
2025-08-31,WH-LAG1,PRD-0036,65,1014000
2025-08-31,WH-LAG2,PRD-0036,19,296400
2025-08-31,WH-IBD,PRD-0036,30,468000
2025-08-31,WH-ABJ,PRD-0036,38,592800
2025-08-31,WH-PHC,PRD-0036,16,249600
2025-08-31,WH-LAG1,PRD-0037,125,2475000
2025-08-31,WH-LAG2,PRD-0037,97,1920600
2025-08-31,WH-IBD,PRD-0037,34,673200
2025-08-31,WH-ABJ,PRD-0037,134,2653200
2025-08-31,WH-PHC,PRD-0037,86,1702800
2025-08-31,WH-LAG1,PRD-0038,16,190400
2025-08-31,WH-LAG2,PRD-0038,8,95200
2025-08-31,WH-IBD,PRD-0038,13,154700
2025-08-31,WH-ABJ,PRD-0038,27,321300
2025-08-31,WH-PHC,PRD-0038,20,238000
2025-08-31,WH-LAG1,PRD-0039,166,2058400
2025-08-31,WH-LAG2,PRD-0039,118,1463200
2025-08-31,WH-IBD,PRD-0039,154,1909600
2025-08-31,WH-ABJ,PRD-0039,81,1004400
2025-08-31,WH-PHC,PRD-0039,70,868000
2025-08-31,WH-LAG1,PRD-0040,101,1131200
2025-08-31,WH-LAG2,PRD-0040,57,638400
2025-08-31,WH-IBD,PRD-0040,32,358400
2025-08-31,WH-ABJ,PRD-0040,52,582400
2025-08-31,WH-PHC,PRD-0040,33,369600
2025-08-31,WH-LAG1,PRD-0041,14,72800
2025-08-31,WH-LAG2,PRD-0041,42,218400
2025-08-31,WH-IBD,PRD-0041,54,280800
2025-08-31,WH-ABJ,PRD-0041,39,202800
2025-08-31,WH-PHC,PRD-0041,30,156000
2025-08-31,WH-LAG1,PRD-0042,0,0
2025-08-31,WH-LAG2,PRD-0042,17,372300
2025-08-31,WH-IBD,PRD-0042,17,372300
2025-08-31,WH-ABJ,PRD-0042,0,0
2025-08-31,WH-PHC,PRD-0042,5,109500
2025-08-31,WH-LAG1,PRD-0043,16,243200
2025-08-31,WH-LAG2,PRD-0043,42,638400
2025-08-31,WH-IBD,PRD-0043,51,775200
2025-08-31,WH-ABJ,PRD-0043,62,942400
2025-08-31,WH-PHC,PRD-0043,46,699200
2025-08-31,WH-LAG1,PRD-0044,0,0
2025-08-31,WH-LAG2,PRD-0044,15,102000
2025-08-31,WH-IBD,PRD-0044,8,54400
2025-08-31,WH-ABJ,PRD-0044,5,34000
2025-08-31,WH-PHC,PRD-0044,8,54400
2025-08-31,WH-LAG1,PRD-0045,112,694400
2025-08-31,WH-LAG2,PRD-0045,25,155000
2025-08-31,WH-IBD,PRD-0045,40,248000
2025-08-31,WH-ABJ,PRD-0045,65,403000
2025-08-31,WH-PHC,PRD-0045,27,167400
2025-08-31,WH-LAG1,PRD-0046,97,1338600
2025-08-31,WH-LAG2,PRD-0046,49,676200
2025-08-31,WH-IBD,PRD-0046,55,759000
2025-08-31,WH-ABJ,PRD-0046,39,538200
2025-08-31,WH-PHC,PRD-0046,62,855600
2025-08-31,WH-LAG1,PRD-0047,87,1409400
2025-08-31,WH-LAG2,PRD-0047,35,567000
2025-08-31,WH-IBD,PRD-0047,53,858600
2025-08-31,WH-ABJ,PRD-0047,15,243000
2025-08-31,WH-PHC,PRD-0047,42,680400
2025-08-31,WH-LAG1,PRD-0048,45,652500
2025-08-31,WH-LAG2,PRD-0048,54,783000
2025-08-31,WH-IBD,PRD-0048,6,87000
2025-08-31,WH-ABJ,PRD-0048,0,0
2025-08-31,WH-PHC,PRD-0048,16,232000
2025-08-31,WH-LAG1,PRD-0049,110,1529000
2025-08-31,WH-LAG2,PRD-0049,56,778400
2025-08-31,WH-IBD,PRD-0049,12,166800
2025-08-31,WH-ABJ,PRD-0049,50,695000
2025-08-31,WH-PHC,PRD-0049,57,792300
2025-08-31,WH-LAG1,PRD-0050,56,257600
2025-08-31,WH-LAG2,PRD-0050,33,151800
2025-08-31,WH-IBD,PRD-0050,9,41400
2025-08-31,WH-ABJ,PRD-0050,51,234600
2025-08-31,WH-PHC,PRD-0050,47,216200
2025-08-31,WH-LAG1,PRD-0051,79,2749200
2025-08-31,WH-LAG2,PRD-0051,80,2784000
2025-08-31,WH-IBD,PRD-0051,103,3584400
2025-08-31,WH-ABJ,PRD-0051,69,2401200
2025-08-31,WH-PHC,PRD-0051,94,3271200
2025-08-31,WH-LAG1,PRD-0052,31,1050900
2025-08-31,WH-LAG2,PRD-0052,13,440700
2025-08-31,WH-IBD,PRD-0052,3,101700
2025-08-31,WH-ABJ,PRD-0052,18,610200
2025-08-31,WH-PHC,PRD-0052,12,406800
2025-08-31,WH-LAG1,PRD-0053,27,885600
2025-08-31,WH-LAG2,PRD-0053,29,951200
2025-08-31,WH-IBD,PRD-0053,7,229600
2025-08-31,WH-ABJ,PRD-0053,16,524800
2025-08-31,WH-PHC,PRD-0053,18,590400
2025-08-31,WH-LAG1,PRD-0054,20,272000
2025-08-31,WH-LAG2,PRD-0054,13,176800
2025-08-31,WH-IBD,PRD-0054,35,476000
2025-08-31,WH-ABJ,PRD-0054,37,503200
2025-08-31,WH-PHC,PRD-0054,18,244800
2025-08-31,WH-LAG1,PRD-0055,0,0
2025-08-31,WH-LAG2,PRD-0055,41,565800
2025-08-31,WH-IBD,PRD-0055,52,717600
2025-08-31,WH-ABJ,PRD-0055,45,621000
2025-08-31,WH-PHC,PRD-0055,61,841800
2025-08-31,WH-LAG1,PRD-0056,88,1883200
2025-08-31,WH-LAG2,PRD-0056,56,1198400
2025-08-31,WH-IBD,PRD-0056,0,0
2025-08-31,WH-ABJ,PRD-0056,59,1262600
2025-08-31,WH-PHC,PRD-0056,13,278200
2025-08-31,WH-LAG1,PRD-0057,155,2449000
2025-08-31,WH-LAG2,PRD-0057,176,2780800
2025-08-31,WH-IBD,PRD-0057,37,584600
2025-08-31,WH-ABJ,PRD-0057,257,4060600
2025-08-31,WH-PHC,PRD-0057,151,2385800
2025-08-31,WH-LAG1,PRD-0058,108,1609200
2025-08-31,WH-LAG2,PRD-0058,23,342700
2025-08-31,WH-IBD,PRD-0058,25,372500
2025-08-31,WH-ABJ,PRD-0058,53,789700
2025-08-31,WH-PHC,PRD-0058,44,655600
2025-08-31,WH-LAG1,PRD-0059,68,2890000
2025-08-31,WH-LAG2,PRD-0059,10,425000
2025-08-31,WH-IBD,PRD-0059,29,1232500
2025-08-31,WH-ABJ,PRD-0059,79,3357500
2025-08-31,WH-PHC,PRD-0059,58,2465000
2025-08-31,WH-LAG1,PRD-0060,185,8843000
2025-08-31,WH-LAG2,PRD-0060,107,5114600
2025-08-31,WH-IBD,PRD-0060,99,4732200
2025-08-31,WH-ABJ,PRD-0060,51,2437800
2025-08-31,WH-PHC,PRD-0060,81,3871800
2025-08-31,WH-LAG1,PRD-0061,130,1664000
2025-08-31,WH-LAG2,PRD-0061,118,1510400
2025-08-31,WH-IBD,PRD-0061,54,691200
2025-08-31,WH-ABJ,PRD-0061,150,1920000
2025-08-31,WH-PHC,PRD-0061,78,998400
2025-08-31,WH-LAG1,PRD-0062,266,3617600
2025-08-31,WH-LAG2,PRD-0062,105,1428000
2025-08-31,WH-IBD,PRD-0062,57,775200
2025-08-31,WH-ABJ,PRD-0062,56,761600
2025-08-31,WH-PHC,PRD-0062,30,408000
2025-08-31,WH-LAG1,PRD-0063,68,809200
2025-08-31,WH-LAG2,PRD-0063,25,297500
2025-08-31,WH-IBD,PRD-0063,71,844900
2025-08-31,WH-ABJ,PRD-0063,72,856800
2025-08-31,WH-PHC,PRD-0063,78,928200
2025-08-31,WH-LAG1,PRD-0064,123,3788400
2025-08-31,WH-LAG2,PRD-0064,67,2063600
2025-08-31,WH-IBD,PRD-0064,22,677600
2025-08-31,WH-ABJ,PRD-0064,101,3110800
2025-08-31,WH-PHC,PRD-0064,44,1355200
2025-08-31,WH-LAG1,PRD-0065,19,501600
2025-08-31,WH-LAG2,PRD-0065,34,897600
2025-08-31,WH-IBD,PRD-0065,80,2112000
2025-08-31,WH-ABJ,PRD-0065,126,3326400
2025-08-31,WH-PHC,PRD-0065,3,79200
2025-08-31,WH-LAG1,PRD-0066,11,486200
2025-08-31,WH-LAG2,PRD-0066,3,132600
2025-08-31,WH-IBD,PRD-0066,10,442000
2025-08-31,WH-ABJ,PRD-0066,8,353600
2025-08-31,WH-PHC,PRD-0066,11,486200
2025-08-31,WH-LAG1,PRD-0067,122,1268800
2025-08-31,WH-LAG2,PRD-0067,61,634400
2025-08-31,WH-IBD,PRD-0067,46,478400
2025-08-31,WH-ABJ,PRD-0067,66,686400
2025-08-31,WH-PHC,PRD-0067,56,582400
2025-08-31,WH-LAG1,PRD-0068,229,3022800
2025-08-31,WH-LAG2,PRD-0068,79,1042800
2025-08-31,WH-IBD,PRD-0068,46,607200
2025-08-31,WH-ABJ,PRD-0068,116,1531200
2025-08-31,WH-PHC,PRD-0068,81,1069200
2025-08-31,WH-LAG1,PRD-0069,17,234600
2025-08-31,WH-LAG2,PRD-0069,1,13800
2025-08-31,WH-IBD,PRD-0069,18,248400
2025-08-31,WH-ABJ,PRD-0069,9,124200
2025-08-31,WH-PHC,PRD-0069,13,179400
2025-08-31,WH-LAG1,PRD-0070,28,431200
2025-08-31,WH-LAG2,PRD-0070,44,677600
2025-08-31,WH-IBD,PRD-0070,18,277200
2025-08-31,WH-ABJ,PRD-0070,37,569800
2025-08-31,WH-PHC,PRD-0070,47,723800
2025-08-31,WH-LAG1,PRD-0071,11,162800
2025-08-31,WH-LAG2,PRD-0071,14,207200
2025-08-31,WH-IBD,PRD-0071,10,148000
2025-08-31,WH-ABJ,PRD-0071,14,207200
2025-08-31,WH-PHC,PRD-0071,18,266400
2025-08-31,WH-LAG1,PRD-0072,117,3814200
2025-08-31,WH-LAG2,PRD-0072,38,1238800
2025-08-31,WH-IBD,PRD-0072,27,880200
2025-08-31,WH-ABJ,PRD-0072,16,521600
2025-08-31,WH-PHC,PRD-0072,48,1564800
2025-08-31,WH-LAG1,PRD-0073,14,417200
2025-08-31,WH-LAG2,PRD-0073,17,506600
2025-08-31,WH-IBD,PRD-0073,20,596000
2025-08-31,WH-ABJ,PRD-0073,9,268200
2025-08-31,WH-PHC,PRD-0073,25,745000
2025-08-31,WH-LAG1,PRD-0074,56,1646400
2025-08-31,WH-LAG2,PRD-0074,57,1675800
2025-08-31,WH-IBD,PRD-0074,45,1323000
2025-08-31,WH-ABJ,PRD-0074,63,1852200
2025-08-31,WH-PHC,PRD-0074,52,1528800
2025-08-31,WH-LAG1,PRD-0075,30,804000
2025-08-31,WH-LAG2,PRD-0075,7,187600
2025-08-31,WH-IBD,PRD-0075,27,723600
2025-08-31,WH-ABJ,PRD-0075,26,696800
2025-08-31,WH-PHC,PRD-0075,32,857600
2025-08-31,WH-LAG1,PRD-0076,62,1450800
2025-08-31,WH-LAG2,PRD-0076,53,1240200
2025-08-31,WH-IBD,PRD-0076,19,444600
2025-08-31,WH-ABJ,PRD-0076,157,3673800
2025-08-31,WH-PHC,PRD-0076,52,1216800
2025-08-31,WH-LAG1,PRD-0077,465,11904000
2025-08-31,WH-LAG2,PRD-0077,191,4889600
2025-08-31,WH-IBD,PRD-0077,72,1843200
2025-08-31,WH-ABJ,PRD-0077,243,6220800
2025-08-31,WH-PHC,PRD-0077,175,4480000
2025-08-31,WH-LAG1,PRD-0078,116,3224800
2025-08-31,WH-LAG2,PRD-0078,113,3141400
2025-08-31,WH-IBD,PRD-0078,68,1890400
2025-08-31,WH-ABJ,PRD-0078,100,2780000
2025-08-31,WH-PHC,PRD-0078,109,3030200
2025-08-31,WH-LAG1,PRD-0079,112,4312000
2025-08-31,WH-LAG2,PRD-0079,38,1463000
2025-08-31,WH-IBD,PRD-0079,14,539000
2025-08-31,WH-ABJ,PRD-0079,47,1809500
2025-08-31,WH-PHC,PRD-0079,63,2425500
2025-08-31,WH-LAG1,PRD-0080,173,3390800
2025-08-31,WH-LAG2,PRD-0080,93,1822800
2025-08-31,WH-IBD,PRD-0080,49,960400
2025-08-31,WH-ABJ,PRD-0080,94,1842400
2025-08-31,WH-PHC,PRD-0080,105,2058000
2025-08-31,WH-LAG1,PRD-0081,150,4860000
2025-08-31,WH-LAG2,PRD-0081,101,3272400
2025-08-31,WH-IBD,PRD-0081,59,1911600
2025-08-31,WH-ABJ,PRD-0081,41,1328400
2025-08-31,WH-PHC,PRD-0081,55,1782000
2025-08-31,WH-LAG1,PRD-0082,216,5572800
2025-08-31,WH-LAG2,PRD-0082,50,1290000
2025-08-31,WH-IBD,PRD-0082,42,1083600
2025-08-31,WH-ABJ,PRD-0082,153,3947400
2025-08-31,WH-PHC,PRD-0082,101,2605800
2025-08-31,WH-LAG1,PRD-0083,231,4250400
2025-08-31,WH-LAG2,PRD-0083,48,883200
2025-08-31,WH-IBD,PRD-0083,73,1343200
2025-08-31,WH-ABJ,PRD-0083,204,3753600
2025-08-31,WH-PHC,PRD-0083,50,920000
2025-08-31,WH-LAG1,PRD-0084,288,6220800
2025-08-31,WH-LAG2,PRD-0084,66,1425600
2025-08-31,WH-IBD,PRD-0084,57,1231200
2025-08-31,WH-ABJ,PRD-0084,152,3283200
2025-08-31,WH-PHC,PRD-0084,51,1101600
2025-08-31,WH-LAG1,PRD-0085,128,3353600
2025-08-31,WH-LAG2,PRD-0085,77,2017400
2025-08-31,WH-IBD,PRD-0085,25,655000
2025-08-31,WH-ABJ,PRD-0085,101,2646200
2025-08-31,WH-PHC,PRD-0085,71,1860200
2025-08-31,WH-LAG1,PRD-0086,211,5021800
2025-08-31,WH-LAG2,PRD-0086,96,2284800
2025-08-31,WH-IBD,PRD-0086,59,1404200
2025-08-31,WH-ABJ,PRD-0086,195,4641000
2025-08-31,WH-PHC,PRD-0086,371,8829800
2025-08-31,WH-LAG1,PRD-0087,19,357200
2025-08-31,WH-LAG2,PRD-0087,26,488800
2025-08-31,WH-IBD,PRD-0087,23,432400
2025-08-31,WH-ABJ,PRD-0087,5,94000
2025-08-31,WH-PHC,PRD-0087,8,150400
2025-08-31,WH-LAG1,PRD-0088,40,496000
2025-08-31,WH-LAG2,PRD-0088,19,235600
2025-08-31,WH-IBD,PRD-0088,51,632400
2025-08-31,WH-ABJ,PRD-0088,31,384400
2025-08-31,WH-PHC,PRD-0088,45,558000
2025-08-31,WH-LAG1,PRD-0089,11,123200
2025-08-31,WH-LAG2,PRD-0089,22,246400
2025-08-31,WH-IBD,PRD-0089,45,504000
2025-08-31,WH-ABJ,PRD-0089,24,268800
2025-08-31,WH-PHC,PRD-0089,23,257600
2025-08-31,WH-LAG1,PRD-0090,947,27084200
2025-08-31,WH-LAG2,PRD-0090,483,13813800
2025-08-31,WH-IBD,PRD-0090,999,28571400
2025-08-31,WH-ABJ,PRD-0090,968,27684800
2025-08-31,WH-PHC,PRD-0090,854,24424400
2025-08-31,WH-LAG1,PRD-0091,119,2570400
2025-08-31,WH-LAG2,PRD-0091,46,993600
2025-08-31,WH-IBD,PRD-0091,52,1123200
2025-08-31,WH-ABJ,PRD-0091,74,1598400
2025-08-31,WH-PHC,PRD-0091,48,1036800
2025-08-31,WH-LAG1,PRD-0092,54,1339200
2025-08-31,WH-LAG2,PRD-0092,20,496000
2025-08-31,WH-IBD,PRD-0092,27,669600
2025-08-31,WH-ABJ,PRD-0092,48,1190400
2025-08-31,WH-PHC,PRD-0092,28,694400
2025-08-31,WH-LAG1,PRD-0093,45,873000
2025-08-31,WH-LAG2,PRD-0093,60,1164000
2025-08-31,WH-IBD,PRD-0093,21,407400
2025-08-31,WH-ABJ,PRD-0093,115,2231000
2025-08-31,WH-PHC,PRD-0093,68,1319200
2025-08-31,WH-LAG1,PRD-0094,22,413600
2025-08-31,WH-LAG2,PRD-0094,5,94000
2025-08-31,WH-IBD,PRD-0094,0,0
2025-08-31,WH-ABJ,PRD-0094,20,376000
2025-08-31,WH-PHC,PRD-0094,7,131600
2025-08-31,WH-LAG1,PRD-0095,16,270400
2025-08-31,WH-LAG2,PRD-0095,15,253500
2025-08-31,WH-IBD,PRD-0095,17,287300
2025-08-31,WH-ABJ,PRD-0095,19,321100
2025-08-31,WH-PHC,PRD-0095,20,338000
2025-08-31,WH-LAG1,PRD-0096,24,436800
2025-08-31,WH-LAG2,PRD-0096,9,163800
2025-08-31,WH-IBD,PRD-0096,14,254800
2025-08-31,WH-ABJ,PRD-0096,12,218400
2025-08-31,WH-PHC,PRD-0096,0,0
2025-08-31,WH-LAG1,PRD-0097,39,694200
2025-08-31,WH-LAG2,PRD-0097,27,480600
2025-08-31,WH-IBD,PRD-0097,16,284800
2025-08-31,WH-ABJ,PRD-0097,19,338200
2025-08-31,WH-PHC,PRD-0097,30,534000
2025-08-31,WH-LAG1,PRD-0098,160,2144000
2025-08-31,WH-LAG2,PRD-0098,242,3242800
2025-08-31,WH-IBD,PRD-0098,128,1715200
2025-08-31,WH-ABJ,PRD-0098,141,1889400
2025-08-31,WH-PHC,PRD-0098,124,1661600
2025-08-31,WH-LAG1,PRD-0099,35,441000
2025-08-31,WH-LAG2,PRD-0099,16,201600
2025-08-31,WH-IBD,PRD-0099,37,466200
2025-08-31,WH-ABJ,PRD-0099,4,50400
2025-08-31,WH-PHC,PRD-0099,29,365400
2025-08-31,WH-LAG1,PRD-0100,563,9458400
2025-08-31,WH-LAG2,PRD-0100,172,2889600
2025-08-31,WH-IBD,PRD-0100,121,2032800
2025-08-31,WH-ABJ,PRD-0100,282,4737600
2025-08-31,WH-PHC,PRD-0100,226,3796800
2025-08-31,WH-LAG1,PRD-0101,17,312800
2025-08-31,WH-LAG2,PRD-0101,7,128800
2025-08-31,WH-IBD,PRD-0101,27,496800
2025-08-31,WH-ABJ,PRD-0101,28,515200
2025-08-31,WH-PHC,PRD-0101,11,202400
2025-08-31,WH-LAG1,PRD-0102,139,1973800
2025-08-31,WH-LAG2,PRD-0102,50,710000
2025-08-31,WH-IBD,PRD-0102,0,0
2025-08-31,WH-ABJ,PRD-0102,79,1121800
2025-08-31,WH-PHC,PRD-0102,57,809400
2025-08-31,WH-LAG1,PRD-0103,122,3635600
2025-08-31,WH-LAG2,PRD-0103,0,0
2025-08-31,WH-IBD,PRD-0103,40,1192000
2025-08-31,WH-ABJ,PRD-0103,31,923800
2025-08-31,WH-PHC,PRD-0103,40,1192000
2025-08-31,WH-LAG1,PRD-0104,54,745200
2025-08-31,WH-LAG2,PRD-0104,18,248400
2025-08-31,WH-IBD,PRD-0104,8,110400
2025-08-31,WH-ABJ,PRD-0104,45,621000
2025-08-31,WH-PHC,PRD-0104,22,303600
2025-08-31,WH-LAG1,PRD-0105,44,1522400
2025-08-31,WH-LAG2,PRD-0105,31,1072600
2025-08-31,WH-IBD,PRD-0105,30,1038000
2025-08-31,WH-ABJ,PRD-0105,36,1245600
2025-08-31,WH-PHC,PRD-0105,37,1280200
2025-08-31,WH-LAG1,PRD-0106,7,229600
2025-08-31,WH-LAG2,PRD-0106,34,1115200
2025-08-31,WH-IBD,PRD-0106,6,196800
2025-08-31,WH-ABJ,PRD-0106,21,688800
2025-08-31,WH-PHC,PRD-0106,31,1016800
2025-08-31,WH-LAG1,PRD-0107,53,1770200
2025-08-31,WH-LAG2,PRD-0107,26,868400
2025-08-31,WH-IBD,PRD-0107,17,567800
2025-08-31,WH-ABJ,PRD-0107,37,1235800
2025-08-31,WH-PHC,PRD-0107,18,601200
2025-08-31,WH-LAG1,PRD-0108,360,9648000
2025-08-31,WH-LAG2,PRD-0108,120,3216000
2025-08-31,WH-IBD,PRD-0108,155,4154000
2025-08-31,WH-ABJ,PRD-0108,127,3403600
2025-08-31,WH-PHC,PRD-0108,143,3832400
2025-08-31,WH-LAG1,PRD-0109,65,1716000
2025-08-31,WH-LAG2,PRD-0109,86,2270400
2025-08-31,WH-IBD,PRD-0109,87,2296800
2025-08-31,WH-ABJ,PRD-0109,55,1452000
2025-08-31,WH-PHC,PRD-0109,59,1557600
2025-08-31,WH-LAG1,PRD-0110,36,892800
2025-08-31,WH-LAG2,PRD-0110,31,768800
2025-08-31,WH-IBD,PRD-0110,27,669600
2025-08-31,WH-ABJ,PRD-0110,43,1066400
2025-08-31,WH-PHC,PRD-0110,24,595200
2025-08-31,WH-LAG1,PRD-0111,52,509600
2025-08-31,WH-LAG2,PRD-0111,43,421400
2025-08-31,WH-IBD,PRD-0111,82,803600
2025-08-31,WH-ABJ,PRD-0111,77,754600
2025-08-31,WH-PHC,PRD-0111,25,245000
2025-08-31,WH-LAG1,PRD-0112,19,224200
2025-08-31,WH-LAG2,PRD-0112,19,224200
2025-08-31,WH-IBD,PRD-0112,12,141600
2025-08-31,WH-ABJ,PRD-0112,33,389400
2025-08-31,WH-PHC,PRD-0112,21,247800
2025-08-31,WH-LAG1,PRD-0113,157,1350200
2025-08-31,WH-LAG2,PRD-0113,124,1066400
2025-08-31,WH-IBD,PRD-0113,94,808400
2025-08-31,WH-ABJ,PRD-0113,102,877200
2025-08-31,WH-PHC,PRD-0113,40,344000
2025-08-31,WH-LAG1,PRD-0114,17,207400
2025-08-31,WH-LAG2,PRD-0114,20,244000
2025-08-31,WH-IBD,PRD-0114,20,244000
2025-08-31,WH-ABJ,PRD-0114,4,48800
2025-08-31,WH-PHC,PRD-0114,6,73200
2025-08-31,WH-LAG1,PRD-0115,71,1164400
2025-08-31,WH-LAG2,PRD-0115,34,557600
2025-08-31,WH-IBD,PRD-0115,63,1033200
2025-08-31,WH-ABJ,PRD-0115,61,1000400
2025-08-31,WH-PHC,PRD-0115,10,164000
2025-08-31,WH-LAG1,PRD-0116,41,565800
2025-08-31,WH-LAG2,PRD-0116,57,786600
2025-08-31,WH-IBD,PRD-0116,59,814200
2025-08-31,WH-ABJ,PRD-0116,56,772800
2025-08-31,WH-PHC,PRD-0116,10,138000
2025-08-31,WH-LAG1,PRD-0117,48,729600
2025-08-31,WH-LAG2,PRD-0117,55,836000
2025-08-31,WH-IBD,PRD-0117,55,836000
2025-08-31,WH-ABJ,PRD-0117,71,1079200
2025-08-31,WH-PHC,PRD-0117,66,1003200
2025-08-31,WH-LAG1,PRD-0118,128,2252800
2025-08-31,WH-LAG2,PRD-0118,116,2041600
2025-08-31,WH-IBD,PRD-0118,115,2024000
2025-08-31,WH-ABJ,PRD-0118,198,3484800
2025-08-31,WH-PHC,PRD-0118,201,3537600
2025-08-31,WH-LAG1,PRD-0119,31,582800
2025-08-31,WH-LAG2,PRD-0119,7,131600
2025-08-31,WH-IBD,PRD-0119,9,169200
2025-08-31,WH-ABJ,PRD-0119,11,206800
2025-08-31,WH-PHC,PRD-0119,5,94000
2025-08-31,WH-LAG1,PRD-0120,286,3546400
2025-08-31,WH-LAG2,PRD-0120,168,2083200
2025-08-31,WH-IBD,PRD-0120,103,1277200
2025-08-31,WH-ABJ,PRD-0120,87,1078800
2025-08-31,WH-PHC,PRD-0120,134,1661600
2025-08-31,WH-LAG1,PRD-0121,201,4341600
2025-08-31,WH-LAG2,PRD-0121,162,3499200
2025-08-31,WH-IBD,PRD-0121,51,1101600
2025-08-31,WH-ABJ,PRD-0121,164,3542400
2025-08-31,WH-PHC,PRD-0121,40,864000
2025-08-31,WH-LAG1,PRD-0122,71,1050800
2025-08-31,WH-LAG2,PRD-0122,114,1687200
2025-08-31,WH-IBD,PRD-0122,112,1657600
2025-08-31,WH-ABJ,PRD-0122,143,2116400
2025-08-31,WH-PHC,PRD-0122,77,1139600
2025-08-31,WH-LAG1,PRD-0123,39,452400
2025-08-31,WH-LAG2,PRD-0123,36,417600
2025-08-31,WH-IBD,PRD-0123,39,452400
2025-08-31,WH-ABJ,PRD-0123,37,429200
2025-08-31,WH-PHC,PRD-0123,84,974400
2025-08-31,WH-LAG1,PRD-0124,30,204000
2025-08-31,WH-LAG2,PRD-0124,18,122400
2025-08-31,WH-IBD,PRD-0124,22,149600
2025-08-31,WH-ABJ,PRD-0124,80,544000
2025-08-31,WH-PHC,PRD-0124,11,74800
2025-08-31,WH-LAG1,PRD-0125,897,11481600
2025-08-31,WH-LAG2,PRD-0125,350,4480000
2025-08-31,WH-IBD,PRD-0125,190,2432000
2025-08-31,WH-ABJ,PRD-0125,516,6604800
2025-08-31,WH-PHC,PRD-0125,277,3545600
2025-08-31,WH-LAG1,PRD-0126,59,1392400
2025-08-31,WH-LAG2,PRD-0126,46,1085600
2025-08-31,WH-IBD,PRD-0126,35,826000
2025-08-31,WH-ABJ,PRD-0126,20,472000
2025-08-31,WH-PHC,PRD-0126,22,519200
2025-08-31,WH-LAG1,PRD-0127,79,1042800
2025-08-31,WH-LAG2,PRD-0127,36,475200
2025-08-31,WH-IBD,PRD-0127,9,118800
2025-08-31,WH-ABJ,PRD-0127,48,633600
2025-08-31,WH-PHC,PRD-0127,6,79200
2025-08-31,WH-LAG1,PRD-0128,172,2889600
2025-08-31,WH-LAG2,PRD-0128,16,268800
2025-08-31,WH-IBD,PRD-0128,58,974400
2025-08-31,WH-ABJ,PRD-0128,47,789600
2025-08-31,WH-PHC,PRD-0128,82,1377600
2025-08-31,WH-LAG1,PRD-0129,26,400400
2025-08-31,WH-LAG2,PRD-0129,14,215600
2025-08-31,WH-IBD,PRD-0129,6,92400
2025-08-31,WH-ABJ,PRD-0129,0,0
2025-08-31,WH-PHC,PRD-0129,19,292600
2025-08-31,WH-LAG1,PRD-0130,47,507600
2025-08-31,WH-LAG2,PRD-0130,49,529200
2025-08-31,WH-IBD,PRD-0130,31,334800
2025-08-31,WH-ABJ,PRD-0130,0,0
2025-08-31,WH-PHC,PRD-0130,33,356400
2025-08-31,WH-LAG1,PRD-0131,163,4172800
2025-08-31,WH-LAG2,PRD-0131,83,2124800
2025-08-31,WH-IBD,PRD-0131,24,614400
2025-08-31,WH-ABJ,PRD-0131,144,3686400
2025-08-31,WH-PHC,PRD-0131,55,1408000
2025-08-31,WH-LAG1,PRD-0132,89,2794600
2025-08-31,WH-LAG2,PRD-0132,39,1224600
2025-08-31,WH-IBD,PRD-0132,14,439600
2025-08-31,WH-ABJ,PRD-0132,70,2198000
2025-08-31,WH-PHC,PRD-0132,53,1664200
2025-08-31,WH-LAG1,PRD-0133,50,1190000
2025-08-31,WH-LAG2,PRD-0133,44,1047200
2025-08-31,WH-IBD,PRD-0133,29,690200
2025-08-31,WH-ABJ,PRD-0133,23,547400
2025-08-31,WH-PHC,PRD-0133,5,119000
2025-08-31,WH-LAG1,PRD-0134,41,1221800
2025-08-31,WH-LAG2,PRD-0134,40,1192000
2025-08-31,WH-IBD,PRD-0134,30,894000
2025-08-31,WH-ABJ,PRD-0134,42,1251600
2025-08-31,WH-PHC,PRD-0134,50,1490000
2025-08-31,WH-LAG1,PRD-0135,257,6784800
2025-08-31,WH-LAG2,PRD-0135,136,3590400
2025-08-31,WH-IBD,PRD-0135,146,3854400
2025-08-31,WH-ABJ,PRD-0135,181,4778400
2025-08-31,WH-PHC,PRD-0135,66,1742400
2025-08-31,WH-LAG1,PRD-0136,79,3365400
2025-08-31,WH-LAG2,PRD-0136,11,468600
2025-08-31,WH-IBD,PRD-0136,11,468600
2025-08-31,WH-ABJ,PRD-0136,70,2982000
2025-08-31,WH-PHC,PRD-0136,60,2556000
2025-08-31,WH-LAG1,PRD-0137,94,2274800
2025-08-31,WH-LAG2,PRD-0137,47,1137400
2025-08-31,WH-IBD,PRD-0137,44,1064800
2025-08-31,WH-ABJ,PRD-0137,86,2081200
2025-08-31,WH-PHC,PRD-0137,85,2057000
2025-08-31,WH-LAG1,PRD-0138,187,4076600
2025-08-31,WH-LAG2,PRD-0138,98,2136400
2025-08-31,WH-IBD,PRD-0138,59,1286200
2025-08-31,WH-ABJ,PRD-0138,30,654000
2025-08-31,WH-PHC,PRD-0138,81,1765800
2025-08-31,WH-LAG1,PRD-0139,149,4291200
2025-08-31,WH-LAG2,PRD-0139,67,1929600
2025-08-31,WH-IBD,PRD-0139,63,1814400
2025-08-31,WH-ABJ,PRD-0139,71,2044800
2025-08-31,WH-PHC,PRD-0139,53,1526400
2025-08-31,WH-LAG1,PRD-0140,52,1216800
2025-08-31,WH-LAG2,PRD-0140,20,468000
2025-08-31,WH-IBD,PRD-0140,56,1310400
2025-08-31,WH-ABJ,PRD-0140,56,1310400
2025-08-31,WH-PHC,PRD-0140,28,655200
2025-08-31,WH-LAG1,PRD-0141,34,1047200
2025-08-31,WH-LAG2,PRD-0141,67,2063600
2025-08-31,WH-IBD,PRD-0141,39,1201200
2025-08-31,WH-ABJ,PRD-0141,73,2248400
2025-08-31,WH-PHC,PRD-0141,48,1478400
2025-08-31,WH-LAG1,PRD-0142,183,8198400
2025-08-31,WH-LAG2,PRD-0142,54,2419200
2025-08-31,WH-IBD,PRD-0142,82,3673600
2025-08-31,WH-ABJ,PRD-0142,68,3046400
2025-08-31,WH-PHC,PRD-0142,48,2150400
2025-08-31,WH-LAG1,PRD-0143,59,2430800
2025-08-31,WH-LAG2,PRD-0143,42,1730400
2025-08-31,WH-IBD,PRD-0143,32,1318400
2025-08-31,WH-ABJ,PRD-0143,9,370800
2025-08-31,WH-PHC,PRD-0143,32,1318400
2025-08-31,WH-LAG1,PRD-0144,130,3484000
2025-08-31,WH-LAG2,PRD-0144,61,1634800
2025-08-31,WH-IBD,PRD-0144,26,696800
2025-08-31,WH-ABJ,PRD-0144,50,1340000
2025-08-31,WH-PHC,PRD-0144,26,696800
2025-08-31,WH-LAG1,PRD-0145,250,6350000
2025-08-31,WH-LAG2,PRD-0145,105,2667000
2025-08-31,WH-IBD,PRD-0145,11,279400
2025-08-31,WH-ABJ,PRD-0145,77,1955800
2025-08-31,WH-PHC,PRD-0145,32,812800
2025-08-31,WH-LAG1,PRD-0146,81,2251800
2025-08-31,WH-LAG2,PRD-0146,31,861800
2025-08-31,WH-IBD,PRD-0146,16,444800
2025-08-31,WH-ABJ,PRD-0146,43,1195400
2025-08-31,WH-PHC,PRD-0146,15,417000
2025-08-31,WH-LAG1,PRD-0147,43,1186800
2025-08-31,WH-LAG2,PRD-0147,60,1656000
2025-08-31,WH-IBD,PRD-0147,17,469200
2025-08-31,WH-ABJ,PRD-0147,29,800400
2025-08-31,WH-PHC,PRD-0147,37,1021200
2025-08-31,WH-LAG1,PRD-0148,17,404600
2025-08-31,WH-LAG2,PRD-0148,25,595000
2025-08-31,WH-IBD,PRD-0148,37,880600
2025-08-31,WH-ABJ,PRD-0148,0,0
2025-08-31,WH-PHC,PRD-0148,25,595000
2025-08-31,WH-LAG1,PRD-0149,18,716400
2025-08-31,WH-LAG2,PRD-0149,19,756200
2025-08-31,WH-IBD,PRD-0149,19,756200
2025-08-31,WH-ABJ,PRD-0149,28,1114400
2025-08-31,WH-PHC,PRD-0149,20,796000
2025-08-31,WH-LAG1,PRD-0150,79,3033600
2025-08-31,WH-LAG2,PRD-0150,49,1881600
2025-08-31,WH-IBD,PRD-0150,0,0
2025-08-31,WH-ABJ,PRD-0150,21,806400
2025-08-31,WH-PHC,PRD-0150,50,1920000
2025-08-31,WH-LAG1,PRD-0151,1070,37022000
2025-08-31,WH-LAG2,PRD-0151,432,14947200
2025-08-31,WH-IBD,PRD-0151,578,19998800
2025-08-31,WH-ABJ,PRD-0151,885,30621000
2025-08-31,WH-PHC,PRD-0151,120,4152000
2025-08-31,WH-LAG1,PRD-0152,16,345600
2025-08-31,WH-LAG2,PRD-0152,32,691200
2025-08-31,WH-IBD,PRD-0152,48,1036800
2025-08-31,WH-ABJ,PRD-0152,74,1598400
2025-08-31,WH-PHC,PRD-0152,47,1015200
2025-08-31,WH-LAG1,PRD-0153,80,1504000
2025-08-31,WH-LAG2,PRD-0153,257,4831600
2025-08-31,WH-IBD,PRD-0153,72,1353600
2025-08-31,WH-ABJ,PRD-0153,76,1428800
2025-08-31,WH-PHC,PRD-0153,100,1880000
2025-08-31,WH-LAG1,PRD-0154,109,3662400
2025-08-31,WH-LAG2,PRD-0154,70,2352000
2025-08-31,WH-IBD,PRD-0154,39,1310400
2025-08-31,WH-ABJ,PRD-0154,30,1008000
2025-08-31,WH-PHC,PRD-0154,59,1982400
2025-08-31,WH-LAG1,PRD-0155,60,3168000
2025-08-31,WH-LAG2,PRD-0155,19,1003200
2025-08-31,WH-IBD,PRD-0155,33,1742400
2025-08-31,WH-ABJ,PRD-0155,68,3590400
2025-08-31,WH-PHC,PRD-0155,29,1531200
2025-08-31,WH-LAG1,PRD-0156,60,2676000
2025-08-31,WH-LAG2,PRD-0156,107,4772200
2025-08-31,WH-IBD,PRD-0156,131,5842600
2025-08-31,WH-ABJ,PRD-0156,68,3032800
2025-08-31,WH-PHC,PRD-0156,133,5931800
2025-08-31,WH-LAG1,PRD-0157,130,2444000
2025-08-31,WH-LAG2,PRD-0157,50,940000
2025-08-31,WH-IBD,PRD-0157,29,545200
2025-08-31,WH-ABJ,PRD-0157,53,996400
2025-08-31,WH-PHC,PRD-0157,60,1128000
2025-08-31,WH-LAG1,PRD-0158,29,765600
2025-08-31,WH-LAG2,PRD-0158,7,184800
2025-08-31,WH-IBD,PRD-0158,27,712800
2025-08-31,WH-ABJ,PRD-0158,14,369600
2025-08-31,WH-PHC,PRD-0158,32,844800
2025-08-31,WH-LAG1,PRD-0159,59,1168200
2025-08-31,WH-LAG2,PRD-0159,40,792000
2025-08-31,WH-IBD,PRD-0159,55,1089000
2025-08-31,WH-ABJ,PRD-0159,66,1306800
2025-08-31,WH-PHC,PRD-0159,49,970200
2025-08-31,WH-LAG1,PRD-0160,465,11904000
2025-08-31,WH-LAG2,PRD-0160,165,4224000
2025-08-31,WH-IBD,PRD-0160,187,4787200
2025-08-31,WH-ABJ,PRD-0160,118,3020800
2025-08-31,WH-PHC,PRD-0160,126,3225600
2025-08-31,WH-LAG1,PRD-0161,196,5331200
2025-08-31,WH-LAG2,PRD-0161,182,4950400
2025-08-31,WH-IBD,PRD-0161,287,7806400
2025-08-31,WH-ABJ,PRD-0161,373,10145600
2025-08-31,WH-PHC,PRD-0161,413,11233600
2025-08-31,WH-LAG1,PRD-0162,103,2451400
2025-08-31,WH-LAG2,PRD-0162,41,975800
2025-08-31,WH-IBD,PRD-0162,55,1309000
2025-08-31,WH-ABJ,PRD-0162,17,404600
2025-08-31,WH-PHC,PRD-0162,19,452200
2025-08-31,WH-LAG1,PRD-0163,84,1814400
2025-08-31,WH-LAG2,PRD-0163,37,799200
2025-08-31,WH-IBD,PRD-0163,26,561600
2025-08-31,WH-ABJ,PRD-0163,54,1166400
2025-08-31,WH-PHC,PRD-0163,41,885600
2025-08-31,WH-LAG1,PRD-0164,56,940800
2025-08-31,WH-LAG2,PRD-0164,55,924000
2025-08-31,WH-IBD,PRD-0164,22,369600
2025-08-31,WH-ABJ,PRD-0164,28,470400
2025-08-31,WH-PHC,PRD-0164,27,453600
2025-08-31,WH-LAG1,PRD-0165,372,7216800
2025-08-31,WH-LAG2,PRD-0165,149,2890600
2025-08-31,WH-IBD,PRD-0165,194,3763600
2025-08-31,WH-ABJ,PRD-0165,183,3550200
2025-08-31,WH-PHC,PRD-0165,89,1726600
2025-08-31,WH-LAG1,PRD-0166,256,5580800
2025-08-31,WH-LAG2,PRD-0166,128,2790400
2025-08-31,WH-IBD,PRD-0166,111,2419800
2025-08-31,WH-ABJ,PRD-0166,90,1962000
2025-08-31,WH-PHC,PRD-0166,146,3182800
2025-08-31,WH-LAG1,PRD-0167,40,432000
2025-08-31,WH-LAG2,PRD-0167,50,540000
2025-08-31,WH-IBD,PRD-0167,18,194400
2025-08-31,WH-ABJ,PRD-0167,59,637200
2025-08-31,WH-PHC,PRD-0167,25,270000
2025-08-31,WH-LAG1,PRD-0168,37,577200
2025-08-31,WH-LAG2,PRD-0168,20,312000
2025-08-31,WH-IBD,PRD-0168,20,312000
2025-08-31,WH-ABJ,PRD-0168,30,468000
2025-08-31,WH-PHC,PRD-0168,35,546000
2025-08-31,WH-LAG1,PRD-0169,19,254600
2025-08-31,WH-LAG2,PRD-0169,51,683400
2025-08-31,WH-IBD,PRD-0169,16,214400
2025-08-31,WH-ABJ,PRD-0169,54,723600
2025-08-31,WH-PHC,PRD-0169,36,482400
2025-08-31,WH-LAG1,PRD-0170,75,1065000
2025-08-31,WH-LAG2,PRD-0170,89,1263800
2025-08-31,WH-IBD,PRD-0170,39,553800
2025-08-31,WH-ABJ,PRD-0170,51,724200
2025-08-31,WH-PHC,PRD-0170,36,511200
2025-09-30,WH-LAG1,PRD-0001,28,117600
2025-09-30,WH-LAG2,PRD-0001,25,105000
2025-09-30,WH-IBD,PRD-0001,51,214200
2025-09-30,WH-ABJ,PRD-0001,18,75600
2025-09-30,WH-PHC,PRD-0001,40,168000
2025-09-30,WH-LAG1,PRD-0002,46,188600
2025-09-30,WH-LAG2,PRD-0002,0,0
2025-09-30,WH-IBD,PRD-0002,11,45100
2025-09-30,WH-ABJ,PRD-0002,25,102500
2025-09-30,WH-PHC,PRD-0002,20,82000
2025-09-30,WH-LAG1,PRD-0003,31,127100
2025-09-30,WH-LAG2,PRD-0003,12,49200
2025-09-30,WH-IBD,PRD-0003,7,28700
2025-09-30,WH-ABJ,PRD-0003,0,0
2025-09-30,WH-PHC,PRD-0003,0,0
2025-09-30,WH-LAG1,PRD-0004,395,1540500
2025-09-30,WH-LAG2,PRD-0004,221,861900
2025-09-30,WH-IBD,PRD-0004,123,479700
2025-09-30,WH-ABJ,PRD-0004,279,1088100
2025-09-30,WH-PHC,PRD-0004,147,573300
2025-09-30,WH-LAG1,PRD-0005,139,361400
2025-09-30,WH-LAG2,PRD-0005,42,109200
2025-09-30,WH-IBD,PRD-0005,53,137800
2025-09-30,WH-ABJ,PRD-0005,59,153400
2025-09-30,WH-PHC,PRD-0005,62,161200
2025-09-30,WH-LAG1,PRD-0006,21,52500
2025-09-30,WH-LAG2,PRD-0006,40,100000
2025-09-30,WH-IBD,PRD-0006,8,20000
2025-09-30,WH-ABJ,PRD-0006,25,62500
2025-09-30,WH-PHC,PRD-0006,9,22500
2025-09-30,WH-LAG1,PRD-0007,107,1476600
2025-09-30,WH-LAG2,PRD-0007,21,289800
2025-09-30,WH-IBD,PRD-0007,33,455400
2025-09-30,WH-ABJ,PRD-0007,126,1738800
2025-09-30,WH-PHC,PRD-0007,90,1242000
2025-09-30,WH-LAG1,PRD-0008,56,756000
2025-09-30,WH-LAG2,PRD-0008,54,729000
2025-09-30,WH-IBD,PRD-0008,23,310500
2025-09-30,WH-ABJ,PRD-0008,16,216000
2025-09-30,WH-PHC,PRD-0008,32,432000
2025-09-30,WH-LAG1,PRD-0009,12,170400
2025-09-30,WH-LAG2,PRD-0009,38,539600
2025-09-30,WH-IBD,PRD-0009,24,340800
2025-09-30,WH-ABJ,PRD-0009,30,426000
2025-09-30,WH-PHC,PRD-0009,30,426000
2025-09-30,WH-LAG1,PRD-0010,32,422400
2025-09-30,WH-LAG2,PRD-0010,13,171600
2025-09-30,WH-IBD,PRD-0010,0,0
2025-09-30,WH-ABJ,PRD-0010,11,145200
2025-09-30,WH-PHC,PRD-0010,14,184800
2025-09-30,WH-LAG1,PRD-0011,114,1584600
2025-09-30,WH-LAG2,PRD-0011,79,1098100
2025-09-30,WH-IBD,PRD-0011,78,1084200
2025-09-30,WH-ABJ,PRD-0011,68,945200
2025-09-30,WH-PHC,PRD-0011,79,1098100
2025-09-30,WH-LAG1,PRD-0012,23,331200
2025-09-30,WH-LAG2,PRD-0012,37,532800
2025-09-30,WH-IBD,PRD-0012,24,345600
2025-09-30,WH-ABJ,PRD-0012,35,504000
2025-09-30,WH-PHC,PRD-0012,36,518400
2025-09-30,WH-LAG1,PRD-0013,35,343000
2025-09-30,WH-LAG2,PRD-0013,12,117600
2025-09-30,WH-IBD,PRD-0013,18,176400
2025-09-30,WH-ABJ,PRD-0013,21,205800
2025-09-30,WH-PHC,PRD-0013,26,254800
2025-09-30,WH-LAG1,PRD-0014,14,156800
2025-09-30,WH-LAG2,PRD-0014,16,179200
2025-09-30,WH-IBD,PRD-0014,6,67200
2025-09-30,WH-ABJ,PRD-0014,5,56000
2025-09-30,WH-PHC,PRD-0014,17,190400
2025-09-30,WH-LAG1,PRD-0015,27,186300
2025-09-30,WH-LAG2,PRD-0015,29,200100
2025-09-30,WH-IBD,PRD-0015,32,220800
2025-09-30,WH-ABJ,PRD-0015,64,441600
2025-09-30,WH-PHC,PRD-0015,52,358800
2025-09-30,WH-LAG1,PRD-0016,133,4588500
2025-09-30,WH-LAG2,PRD-0016,113,3898500
2025-09-30,WH-IBD,PRD-0016,81,2794500
2025-09-30,WH-ABJ,PRD-0016,103,3553500
2025-09-30,WH-PHC,PRD-0016,98,3381000
2025-09-30,WH-LAG1,PRD-0017,13,413400
2025-09-30,WH-LAG2,PRD-0017,35,1113000
2025-09-30,WH-IBD,PRD-0017,31,985800
2025-09-30,WH-ABJ,PRD-0017,15,477000
2025-09-30,WH-PHC,PRD-0017,33,1049400
2025-09-30,WH-LAG1,PRD-0018,188,9061600
2025-09-30,WH-LAG2,PRD-0018,75,3615000
2025-09-30,WH-IBD,PRD-0018,54,2602800
2025-09-30,WH-ABJ,PRD-0018,148,7133600
2025-09-30,WH-PHC,PRD-0018,21,1012200
2025-09-30,WH-LAG1,PRD-0019,69,1821600
2025-09-30,WH-LAG2,PRD-0019,75,1980000
2025-09-30,WH-IBD,PRD-0019,25,660000
2025-09-30,WH-ABJ,PRD-0019,62,1636800
2025-09-30,WH-PHC,PRD-0019,82,2164800
2025-09-30,WH-LAG1,PRD-0020,82,1951600
2025-09-30,WH-LAG2,PRD-0020,30,714000
2025-09-30,WH-IBD,PRD-0020,20,476000
2025-09-30,WH-ABJ,PRD-0020,136,3236800
2025-09-30,WH-PHC,PRD-0020,23,547400
2025-09-30,WH-LAG1,PRD-0021,15,222000
2025-09-30,WH-LAG2,PRD-0021,55,814000
2025-09-30,WH-IBD,PRD-0021,39,577200
2025-09-30,WH-ABJ,PRD-0021,12,177600
2025-09-30,WH-PHC,PRD-0021,64,947200
2025-09-30,WH-LAG1,PRD-0022,23,220800
2025-09-30,WH-LAG2,PRD-0022,16,153600
2025-09-30,WH-IBD,PRD-0022,11,105600
2025-09-30,WH-ABJ,PRD-0022,31,297600
2025-09-30,WH-PHC,PRD-0022,27,259200
2025-09-30,WH-LAG1,PRD-0023,41,549400
2025-09-30,WH-LAG2,PRD-0023,28,375200
2025-09-30,WH-IBD,PRD-0023,93,1246200
2025-09-30,WH-ABJ,PRD-0023,25,335000
2025-09-30,WH-PHC,PRD-0023,28,375200
2025-09-30,WH-LAG1,PRD-0024,33,257400
2025-09-30,WH-LAG2,PRD-0024,30,234000
2025-09-30,WH-IBD,PRD-0024,22,171600
2025-09-30,WH-ABJ,PRD-0024,58,452400
2025-09-30,WH-PHC,PRD-0024,26,202800
2025-09-30,WH-LAG1,PRD-0025,57,245100
2025-09-30,WH-LAG2,PRD-0025,38,163400
2025-09-30,WH-IBD,PRD-0025,29,124700
2025-09-30,WH-ABJ,PRD-0025,53,227900
2025-09-30,WH-PHC,PRD-0025,22,94600
2025-09-30,WH-LAG1,PRD-0026,16,57600
2025-09-30,WH-LAG2,PRD-0026,60,216000
2025-09-30,WH-IBD,PRD-0026,45,162000
2025-09-30,WH-ABJ,PRD-0026,69,248400
2025-09-30,WH-PHC,PRD-0026,59,212400
2025-09-30,WH-LAG1,PRD-0027,38,144400
2025-09-30,WH-LAG2,PRD-0027,11,41800
2025-09-30,WH-IBD,PRD-0027,19,72200
2025-09-30,WH-ABJ,PRD-0027,21,79800
2025-09-30,WH-PHC,PRD-0027,23,87400
2025-09-30,WH-LAG1,PRD-0028,35,140000
2025-09-30,WH-LAG2,PRD-0028,23,92000
2025-09-30,WH-IBD,PRD-0028,59,236000
2025-09-30,WH-ABJ,PRD-0028,54,216000
2025-09-30,WH-PHC,PRD-0028,64,256000
2025-09-30,WH-LAG1,PRD-0029,47,418300
2025-09-30,WH-LAG2,PRD-0029,35,311500
2025-09-30,WH-IBD,PRD-0029,9,80100
2025-09-30,WH-ABJ,PRD-0029,40,356000
2025-09-30,WH-PHC,PRD-0029,30,267000
2025-09-30,WH-LAG1,PRD-0030,28,602000
2025-09-30,WH-LAG2,PRD-0030,28,602000
2025-09-30,WH-IBD,PRD-0030,18,387000
2025-09-30,WH-ABJ,PRD-0030,18,387000
2025-09-30,WH-PHC,PRD-0030,15,322500
2025-09-30,WH-LAG1,PRD-0031,69,2083800
2025-09-30,WH-LAG2,PRD-0031,86,2597200
2025-09-30,WH-IBD,PRD-0031,79,2385800
2025-09-30,WH-ABJ,PRD-0031,123,3714600
2025-09-30,WH-PHC,PRD-0031,127,3835400
2025-09-30,WH-LAG1,PRD-0032,21,352800
2025-09-30,WH-LAG2,PRD-0032,10,168000
2025-09-30,WH-IBD,PRD-0032,10,168000
2025-09-30,WH-ABJ,PRD-0032,12,201600
2025-09-30,WH-PHC,PRD-0032,12,201600
2025-09-30,WH-LAG1,PRD-0033,47,441800
2025-09-30,WH-LAG2,PRD-0033,38,357200
2025-09-30,WH-IBD,PRD-0033,52,488800
2025-09-30,WH-ABJ,PRD-0033,80,752000
2025-09-30,WH-PHC,PRD-0033,12,112800
2025-09-30,WH-LAG1,PRD-0034,41,528900
2025-09-30,WH-LAG2,PRD-0034,11,141900
2025-09-30,WH-IBD,PRD-0034,12,154800
2025-09-30,WH-ABJ,PRD-0034,15,193500
2025-09-30,WH-PHC,PRD-0034,13,167700
2025-09-30,WH-LAG1,PRD-0035,173,2041400
2025-09-30,WH-LAG2,PRD-0035,59,696200
2025-09-30,WH-IBD,PRD-0035,63,743400
2025-09-30,WH-ABJ,PRD-0035,69,814200
2025-09-30,WH-PHC,PRD-0035,29,342200
2025-09-30,WH-LAG1,PRD-0036,51,795600
2025-09-30,WH-LAG2,PRD-0036,19,296400
2025-09-30,WH-IBD,PRD-0036,30,468000
2025-09-30,WH-ABJ,PRD-0036,36,561600
2025-09-30,WH-PHC,PRD-0036,16,249600
2025-09-30,WH-LAG1,PRD-0037,65,1287000
2025-09-30,WH-LAG2,PRD-0037,76,1504800
2025-09-30,WH-IBD,PRD-0037,19,376200
2025-09-30,WH-ABJ,PRD-0037,92,1821600
2025-09-30,WH-PHC,PRD-0037,72,1425600
2025-09-30,WH-LAG1,PRD-0038,14,166600
2025-09-30,WH-LAG2,PRD-0038,8,95200
2025-09-30,WH-IBD,PRD-0038,6,71400
2025-09-30,WH-ABJ,PRD-0038,27,321300
2025-09-30,WH-PHC,PRD-0038,15,178500
2025-09-30,WH-LAG1,PRD-0039,96,1190400
2025-09-30,WH-LAG2,PRD-0039,39,483600
2025-09-30,WH-IBD,PRD-0039,111,1376400
2025-09-30,WH-ABJ,PRD-0039,60,744000
2025-09-30,WH-PHC,PRD-0039,47,582800
2025-09-30,WH-LAG1,PRD-0040,75,840000
2025-09-30,WH-LAG2,PRD-0040,43,481600
2025-09-30,WH-IBD,PRD-0040,32,358400
2025-09-30,WH-ABJ,PRD-0040,52,582400
2025-09-30,WH-PHC,PRD-0040,30,336000
2025-09-30,WH-LAG1,PRD-0041,106,551200
2025-09-30,WH-LAG2,PRD-0041,42,218400
2025-09-30,WH-IBD,PRD-0041,51,265200
2025-09-30,WH-ABJ,PRD-0041,77,400400
2025-09-30,WH-PHC,PRD-0041,1,5200
2025-09-30,WH-LAG1,PRD-0042,24,525600
2025-09-30,WH-LAG2,PRD-0042,17,372300
2025-09-30,WH-IBD,PRD-0042,15,328500
2025-09-30,WH-ABJ,PRD-0042,22,481800
2025-09-30,WH-PHC,PRD-0042,5,109500
2025-09-30,WH-LAG1,PRD-0043,86,1307200
2025-09-30,WH-LAG2,PRD-0043,42,638400
2025-09-30,WH-IBD,PRD-0043,51,775200
2025-09-30,WH-ABJ,PRD-0043,62,942400
2025-09-30,WH-PHC,PRD-0043,46,699200
2025-09-30,WH-LAG1,PRD-0044,16,108800
2025-09-30,WH-LAG2,PRD-0044,15,102000
2025-09-30,WH-IBD,PRD-0044,8,54400
2025-09-30,WH-ABJ,PRD-0044,0,0
2025-09-30,WH-PHC,PRD-0044,8,54400
2025-09-30,WH-LAG1,PRD-0045,94,582800
2025-09-30,WH-LAG2,PRD-0045,50,310000
2025-09-30,WH-IBD,PRD-0045,40,248000
2025-09-30,WH-ABJ,PRD-0045,43,266600
2025-09-30,WH-PHC,PRD-0045,54,334800
2025-09-30,WH-LAG1,PRD-0046,90,1242000
2025-09-30,WH-LAG2,PRD-0046,0,0
2025-09-30,WH-IBD,PRD-0046,48,662400
2025-09-30,WH-ABJ,PRD-0046,28,386400
2025-09-30,WH-PHC,PRD-0046,62,855600
2025-09-30,WH-LAG1,PRD-0047,0,0
2025-09-30,WH-LAG2,PRD-0047,24,388800
2025-09-30,WH-IBD,PRD-0047,30,486000
2025-09-30,WH-ABJ,PRD-0047,70,1134000
2025-09-30,WH-PHC,PRD-0047,36,583200
2025-09-30,WH-LAG1,PRD-0048,0,0
2025-09-30,WH-LAG2,PRD-0048,4,58000
2025-09-30,WH-IBD,PRD-0048,27,391500
2025-09-30,WH-ABJ,PRD-0048,37,536500
2025-09-30,WH-PHC,PRD-0048,3,43500
2025-09-30,WH-LAG1,PRD-0049,99,1376100
2025-09-30,WH-LAG2,PRD-0049,48,667200
2025-09-30,WH-IBD,PRD-0049,50,695000
2025-09-30,WH-ABJ,PRD-0049,40,556000
2025-09-30,WH-PHC,PRD-0049,28,389200
2025-09-30,WH-LAG1,PRD-0050,40,184000
2025-09-30,WH-LAG2,PRD-0050,33,151800
2025-09-30,WH-IBD,PRD-0050,38,174800
2025-09-30,WH-ABJ,PRD-0050,27,124200
2025-09-30,WH-PHC,PRD-0050,40,184000
2025-09-30,WH-LAG1,PRD-0051,220,7656000
2025-09-30,WH-LAG2,PRD-0051,52,1809600
2025-09-30,WH-IBD,PRD-0051,57,1983600
2025-09-30,WH-ABJ,PRD-0051,178,6194400
2025-09-30,WH-PHC,PRD-0051,56,1948800
2025-09-30,WH-LAG1,PRD-0052,24,813600
2025-09-30,WH-LAG2,PRD-0052,9,305100
2025-09-30,WH-IBD,PRD-0052,0,0
2025-09-30,WH-ABJ,PRD-0052,0,0
2025-09-30,WH-PHC,PRD-0052,12,406800
2025-09-30,WH-LAG1,PRD-0053,46,1508800
2025-09-30,WH-LAG2,PRD-0053,29,951200
2025-09-30,WH-IBD,PRD-0053,7,229600
2025-09-30,WH-ABJ,PRD-0053,25,820000
2025-09-30,WH-PHC,PRD-0053,5,164000
2025-09-30,WH-LAG1,PRD-0054,16,217600
2025-09-30,WH-LAG2,PRD-0054,13,176800
2025-09-30,WH-IBD,PRD-0054,26,353600
2025-09-30,WH-ABJ,PRD-0054,37,503200
2025-09-30,WH-PHC,PRD-0054,18,244800
2025-09-30,WH-LAG1,PRD-0055,104,1435200
2025-09-30,WH-LAG2,PRD-0055,41,565800
2025-09-30,WH-IBD,PRD-0055,22,303600
2025-09-30,WH-ABJ,PRD-0055,45,621000
2025-09-30,WH-PHC,PRD-0055,61,841800
2025-09-30,WH-LAG1,PRD-0056,66,1412400
2025-09-30,WH-LAG2,PRD-0056,56,1198400
2025-09-30,WH-IBD,PRD-0056,40,856000
2025-09-30,WH-ABJ,PRD-0056,39,834600
2025-09-30,WH-PHC,PRD-0056,32,684800
2025-09-30,WH-LAG1,PRD-0057,0,0
2025-09-30,WH-LAG2,PRD-0057,129,2038200
2025-09-30,WH-IBD,PRD-0057,125,1975000
2025-09-30,WH-ABJ,PRD-0057,220,3476000
2025-09-30,WH-PHC,PRD-0057,91,1437800
2025-09-30,WH-LAG1,PRD-0058,34,506600
2025-09-30,WH-LAG2,PRD-0058,23,342700
2025-09-30,WH-IBD,PRD-0058,18,268200
2025-09-30,WH-ABJ,PRD-0058,35,521500
2025-09-30,WH-PHC,PRD-0058,30,447000
2025-09-30,WH-LAG1,PRD-0059,52,2210000
2025-09-30,WH-LAG2,PRD-0059,75,3187500
2025-09-30,WH-IBD,PRD-0059,29,1232500
2025-09-30,WH-ABJ,PRD-0059,69,2932500
2025-09-30,WH-PHC,PRD-0059,55,2337500
2025-09-30,WH-LAG1,PRD-0060,150,7170000
2025-09-30,WH-LAG2,PRD-0060,83,3967400
2025-09-30,WH-IBD,PRD-0060,67,3202600
2025-09-30,WH-ABJ,PRD-0060,27,1290600
2025-09-30,WH-PHC,PRD-0060,30,1434000
2025-09-30,WH-LAG1,PRD-0061,95,1216000
2025-09-30,WH-LAG2,PRD-0061,69,883200
2025-09-30,WH-IBD,PRD-0061,12,153600
2025-09-30,WH-ABJ,PRD-0061,119,1523200
2025-09-30,WH-PHC,PRD-0061,54,691200
2025-09-30,WH-LAG1,PRD-0062,219,2978400
2025-09-30,WH-LAG2,PRD-0062,97,1319200
2025-09-30,WH-IBD,PRD-0062,56,761600
2025-09-30,WH-ABJ,PRD-0062,45,612000
2025-09-30,WH-PHC,PRD-0062,122,1659200
2025-09-30,WH-LAG1,PRD-0063,68,809200
2025-09-30,WH-LAG2,PRD-0063,17,202300
2025-09-30,WH-IBD,PRD-0063,71,844900
2025-09-30,WH-ABJ,PRD-0063,52,618800
2025-09-30,WH-PHC,PRD-0063,63,749700
2025-09-30,WH-LAG1,PRD-0064,70,2156000
2025-09-30,WH-LAG2,PRD-0064,40,1232000
2025-09-30,WH-IBD,PRD-0064,67,2063600
2025-09-30,WH-ABJ,PRD-0064,37,1139600
2025-09-30,WH-PHC,PRD-0064,113,3480400
2025-09-30,WH-LAG1,PRD-0065,132,3484800
2025-09-30,WH-LAG2,PRD-0065,0,0
2025-09-30,WH-IBD,PRD-0065,50,1320000
2025-09-30,WH-ABJ,PRD-0065,126,3326400
2025-09-30,WH-PHC,PRD-0065,61,1610400
2025-09-30,WH-LAG1,PRD-0066,11,486200
2025-09-30,WH-LAG2,PRD-0066,1,44200
2025-09-30,WH-IBD,PRD-0066,10,442000
2025-09-30,WH-ABJ,PRD-0066,8,353600
2025-09-30,WH-PHC,PRD-0066,11,486200
2025-09-30,WH-LAG1,PRD-0067,94,977600
2025-09-30,WH-LAG2,PRD-0067,58,603200
2025-09-30,WH-IBD,PRD-0067,39,405600
2025-09-30,WH-ABJ,PRD-0067,54,561600
2025-09-30,WH-PHC,PRD-0067,49,509600
2025-09-30,WH-LAG1,PRD-0068,170,2244000
2025-09-30,WH-LAG2,PRD-0068,41,541200
2025-09-30,WH-IBD,PRD-0068,40,528000
2025-09-30,WH-ABJ,PRD-0068,52,686400
2025-09-30,WH-PHC,PRD-0068,54,712800
2025-09-30,WH-LAG1,PRD-0069,17,234600
2025-09-30,WH-LAG2,PRD-0069,25,345000
2025-09-30,WH-IBD,PRD-0069,18,248400
2025-09-30,WH-ABJ,PRD-0069,9,124200
2025-09-30,WH-PHC,PRD-0069,13,179400
2025-09-30,WH-LAG1,PRD-0070,110,1694000
2025-09-30,WH-LAG2,PRD-0070,0,0
2025-09-30,WH-IBD,PRD-0070,0,0
2025-09-30,WH-ABJ,PRD-0070,0,0
2025-09-30,WH-PHC,PRD-0070,37,569800
2025-09-30,WH-LAG1,PRD-0071,0,0
2025-09-30,WH-LAG2,PRD-0071,0,0
2025-09-30,WH-IBD,PRD-0071,10,148000
2025-09-30,WH-ABJ,PRD-0071,2,29600
2025-09-30,WH-PHC,PRD-0071,11,162800
2025-09-30,WH-LAG1,PRD-0072,71,2314600
2025-09-30,WH-LAG2,PRD-0072,38,1238800
2025-09-30,WH-IBD,PRD-0072,18,586800
2025-09-30,WH-ABJ,PRD-0072,54,1760400
2025-09-30,WH-PHC,PRD-0072,33,1075800
2025-09-30,WH-LAG1,PRD-0073,5,149000
2025-09-30,WH-LAG2,PRD-0073,17,506600
2025-09-30,WH-IBD,PRD-0073,20,596000
2025-09-30,WH-ABJ,PRD-0073,6,178800
2025-09-30,WH-PHC,PRD-0073,25,745000
2025-09-30,WH-LAG1,PRD-0074,6,176400
2025-09-30,WH-LAG2,PRD-0074,9,264600
2025-09-30,WH-IBD,PRD-0074,34,999600
2025-09-30,WH-ABJ,PRD-0074,42,1234800
2025-09-30,WH-PHC,PRD-0074,51,1499400
2025-09-30,WH-LAG1,PRD-0075,30,804000
2025-09-30,WH-LAG2,PRD-0075,31,830800
2025-09-30,WH-IBD,PRD-0075,27,723600
2025-09-30,WH-ABJ,PRD-0075,26,696800
2025-09-30,WH-PHC,PRD-0075,24,643200
2025-09-30,WH-LAG1,PRD-0076,208,4867200
2025-09-30,WH-LAG2,PRD-0076,16,374400
2025-09-30,WH-IBD,PRD-0076,100,2340000
2025-09-30,WH-ABJ,PRD-0076,135,3159000
2025-09-30,WH-PHC,PRD-0076,113,2644200
2025-09-30,WH-LAG1,PRD-0077,397,10163200
2025-09-30,WH-LAG2,PRD-0077,143,3660800
2025-09-30,WH-IBD,PRD-0077,185,4736000
2025-09-30,WH-ABJ,PRD-0077,164,4198400
2025-09-30,WH-PHC,PRD-0077,124,3174400
2025-09-30,WH-LAG1,PRD-0078,66,1834800
2025-09-30,WH-LAG2,PRD-0078,95,2641000
2025-09-30,WH-IBD,PRD-0078,66,1834800
2025-09-30,WH-ABJ,PRD-0078,64,1779200
2025-09-30,WH-PHC,PRD-0078,59,1640200
2025-09-30,WH-LAG1,PRD-0079,64,2464000
2025-09-30,WH-LAG2,PRD-0079,22,847000
2025-09-30,WH-IBD,PRD-0079,57,2194500
2025-09-30,WH-ABJ,PRD-0079,39,1501500
2025-09-30,WH-PHC,PRD-0079,25,962500
2025-09-30,WH-LAG1,PRD-0080,152,2979200
2025-09-30,WH-LAG2,PRD-0080,81,1587600
2025-09-30,WH-IBD,PRD-0080,40,784000
2025-09-30,WH-ABJ,PRD-0080,71,1391600
2025-09-30,WH-PHC,PRD-0080,101,1979600
2025-09-30,WH-LAG1,PRD-0081,129,4179600
2025-09-30,WH-LAG2,PRD-0081,90,2916000
2025-09-30,WH-IBD,PRD-0081,44,1425600
2025-09-30,WH-ABJ,PRD-0081,107,3466800
2025-09-30,WH-PHC,PRD-0081,48,1555200
2025-09-30,WH-LAG1,PRD-0082,154,3973200
2025-09-30,WH-LAG2,PRD-0082,70,1806000
2025-09-30,WH-IBD,PRD-0082,25,645000
2025-09-30,WH-ABJ,PRD-0082,130,3354000
2025-09-30,WH-PHC,PRD-0082,70,1806000
2025-09-30,WH-LAG1,PRD-0083,143,2631200
2025-09-30,WH-LAG2,PRD-0083,201,3698400
2025-09-30,WH-IBD,PRD-0083,25,460000
2025-09-30,WH-ABJ,PRD-0083,155,2852000
2025-09-30,WH-PHC,PRD-0083,169,3109600
2025-09-30,WH-LAG1,PRD-0084,221,4773600
2025-09-30,WH-LAG2,PRD-0084,42,907200
2025-09-30,WH-IBD,PRD-0084,55,1188000
2025-09-30,WH-ABJ,PRD-0084,128,2764800
2025-09-30,WH-PHC,PRD-0084,61,1317600
2025-09-30,WH-LAG1,PRD-0085,56,1467200
2025-09-30,WH-LAG2,PRD-0085,73,1912600
2025-09-30,WH-IBD,PRD-0085,0,0
2025-09-30,WH-ABJ,PRD-0085,59,1545800
2025-09-30,WH-PHC,PRD-0085,33,864600
2025-09-30,WH-LAG1,PRD-0086,520,12376000
2025-09-30,WH-LAG2,PRD-0086,311,7401800
2025-09-30,WH-IBD,PRD-0086,210,4998000
2025-09-30,WH-ABJ,PRD-0086,99,2356200
2025-09-30,WH-PHC,PRD-0086,322,7663600
2025-09-30,WH-LAG1,PRD-0087,17,319600
2025-09-30,WH-LAG2,PRD-0087,26,488800
2025-09-30,WH-IBD,PRD-0087,6,112800
2025-09-30,WH-ABJ,PRD-0087,5,94000
2025-09-30,WH-PHC,PRD-0087,8,150400
2025-09-30,WH-LAG1,PRD-0088,38,471200
2025-09-30,WH-LAG2,PRD-0088,19,235600
2025-09-30,WH-IBD,PRD-0088,43,533200
2025-09-30,WH-ABJ,PRD-0088,31,384400
2025-09-30,WH-PHC,PRD-0088,45,558000
2025-09-30,WH-LAG1,PRD-0089,22,246400
2025-09-30,WH-LAG2,PRD-0089,22,246400
2025-09-30,WH-IBD,PRD-0089,34,380800
2025-09-30,WH-ABJ,PRD-0089,24,268800
2025-09-30,WH-PHC,PRD-0089,0,0
2025-09-30,WH-LAG1,PRD-0090,261,7464600
2025-09-30,WH-LAG2,PRD-0090,89,2545400
2025-09-30,WH-IBD,PRD-0090,856,24481600
2025-09-30,WH-ABJ,PRD-0090,628,17960800
2025-09-30,WH-PHC,PRD-0090,614,17560400
2025-09-30,WH-LAG1,PRD-0091,106,2289600
2025-09-30,WH-LAG2,PRD-0091,30,648000
2025-09-30,WH-IBD,PRD-0091,25,540000
2025-09-30,WH-ABJ,PRD-0091,37,799200
2025-09-30,WH-PHC,PRD-0091,41,885600
2025-09-30,WH-LAG1,PRD-0092,31,768800
2025-09-30,WH-LAG2,PRD-0092,20,496000
2025-09-30,WH-IBD,PRD-0092,27,669600
2025-09-30,WH-ABJ,PRD-0092,48,1190400
2025-09-30,WH-PHC,PRD-0092,28,694400
2025-09-30,WH-LAG1,PRD-0093,154,2987600
2025-09-30,WH-LAG2,PRD-0093,34,659600
2025-09-30,WH-IBD,PRD-0093,90,1746000
2025-09-30,WH-ABJ,PRD-0093,95,1843000
2025-09-30,WH-PHC,PRD-0093,55,1067000
2025-09-30,WH-LAG1,PRD-0094,22,413600
2025-09-30,WH-LAG2,PRD-0094,28,526400
2025-09-30,WH-IBD,PRD-0094,20,376000
2025-09-30,WH-ABJ,PRD-0094,14,263200
2025-09-30,WH-PHC,PRD-0094,20,376000
2025-09-30,WH-LAG1,PRD-0095,13,219700
2025-09-30,WH-LAG2,PRD-0095,15,253500
2025-09-30,WH-IBD,PRD-0095,14,236600
2025-09-30,WH-ABJ,PRD-0095,16,270400
2025-09-30,WH-PHC,PRD-0095,20,338000
2025-09-30,WH-LAG1,PRD-0096,4,72800
2025-09-30,WH-LAG2,PRD-0096,9,163800
2025-09-30,WH-IBD,PRD-0096,14,254800
2025-09-30,WH-ABJ,PRD-0096,10,182000
2025-09-30,WH-PHC,PRD-0096,20,364000
2025-09-30,WH-LAG1,PRD-0097,31,551800
2025-09-30,WH-LAG2,PRD-0097,0,0
2025-09-30,WH-IBD,PRD-0097,16,284800
2025-09-30,WH-ABJ,PRD-0097,19,338200
2025-09-30,WH-PHC,PRD-0097,20,356000
2025-09-30,WH-LAG1,PRD-0098,460,6164000
2025-09-30,WH-LAG2,PRD-0098,203,2720200
2025-09-30,WH-IBD,PRD-0098,91,1219400
2025-09-30,WH-ABJ,PRD-0098,109,1460600
2025-09-30,WH-PHC,PRD-0098,112,1500800
2025-09-30,WH-LAG1,PRD-0099,25,315000
2025-09-30,WH-LAG2,PRD-0099,3,37800
2025-09-30,WH-IBD,PRD-0099,37,466200
2025-09-30,WH-ABJ,PRD-0099,31,390600
2025-09-30,WH-PHC,PRD-0099,29,365400
2025-09-30,WH-LAG1,PRD-0100,325,5460000
2025-09-30,WH-LAG2,PRD-0100,68,1142400
2025-09-30,WH-IBD,PRD-0100,33,554400
2025-09-30,WH-ABJ,PRD-0100,181,3040800
2025-09-30,WH-PHC,PRD-0100,196,3292800
2025-09-30,WH-LAG1,PRD-0101,38,699200
2025-09-30,WH-LAG2,PRD-0101,7,128800
2025-09-30,WH-IBD,PRD-0101,23,423200
2025-09-30,WH-ABJ,PRD-0101,28,515200
2025-09-30,WH-PHC,PRD-0101,5,92000
2025-09-30,WH-LAG1,PRD-0102,73,1036600
2025-09-30,WH-LAG2,PRD-0102,45,639000
2025-09-30,WH-IBD,PRD-0102,63,894600
2025-09-30,WH-ABJ,PRD-0102,61,866200
2025-09-30,WH-PHC,PRD-0102,51,724200
2025-09-30,WH-LAG1,PRD-0103,69,2056200
2025-09-30,WH-LAG2,PRD-0103,72,2145600
2025-09-30,WH-IBD,PRD-0103,28,834400
2025-09-30,WH-ABJ,PRD-0103,101,3009800
2025-09-30,WH-PHC,PRD-0103,37,1102600
2025-09-30,WH-LAG1,PRD-0104,54,745200
2025-09-30,WH-LAG2,PRD-0104,18,248400
2025-09-30,WH-IBD,PRD-0104,8,110400
2025-09-30,WH-ABJ,PRD-0104,45,621000
2025-09-30,WH-PHC,PRD-0104,22,303600
2025-09-30,WH-LAG1,PRD-0105,26,899600
2025-09-30,WH-LAG2,PRD-0105,31,1072600
2025-09-30,WH-IBD,PRD-0105,30,1038000
2025-09-30,WH-ABJ,PRD-0105,19,657400
2025-09-30,WH-PHC,PRD-0105,33,1141800
2025-09-30,WH-LAG1,PRD-0106,49,1607200
2025-09-30,WH-LAG2,PRD-0106,34,1115200
2025-09-30,WH-IBD,PRD-0106,23,754400
2025-09-30,WH-ABJ,PRD-0106,13,426400
2025-09-30,WH-PHC,PRD-0106,12,393600
2025-09-30,WH-LAG1,PRD-0107,48,1603200
2025-09-30,WH-LAG2,PRD-0107,26,868400
2025-09-30,WH-IBD,PRD-0107,17,567800
2025-09-30,WH-ABJ,PRD-0107,25,835000
2025-09-30,WH-PHC,PRD-0107,0,0
2025-09-30,WH-LAG1,PRD-0108,280,7504000
2025-09-30,WH-LAG2,PRD-0108,94,2519200
2025-09-30,WH-IBD,PRD-0108,110,2948000
2025-09-30,WH-ABJ,PRD-0108,55,1474000
2025-09-30,WH-PHC,PRD-0108,83,2224400
2025-09-30,WH-LAG1,PRD-0109,211,5570400
2025-09-30,WH-LAG2,PRD-0109,71,1874400
2025-09-30,WH-IBD,PRD-0109,0,0
2025-09-30,WH-ABJ,PRD-0109,37,976800
2025-09-30,WH-PHC,PRD-0109,10,264000
2025-09-30,WH-LAG1,PRD-0110,12,297600
2025-09-30,WH-LAG2,PRD-0110,31,768800
2025-09-30,WH-IBD,PRD-0110,20,496000
2025-09-30,WH-ABJ,PRD-0110,7,173600
2025-09-30,WH-PHC,PRD-0110,24,595200
2025-09-30,WH-LAG1,PRD-0111,219,2146200
2025-09-30,WH-LAG2,PRD-0111,40,392000
2025-09-30,WH-IBD,PRD-0111,42,411600
2025-09-30,WH-ABJ,PRD-0111,63,617400
2025-09-30,WH-PHC,PRD-0111,23,225400
2025-09-30,WH-LAG1,PRD-0112,9,106200
2025-09-30,WH-LAG2,PRD-0112,13,153400
2025-09-30,WH-IBD,PRD-0112,12,141600
2025-09-30,WH-ABJ,PRD-0112,33,389400
2025-09-30,WH-PHC,PRD-0112,21,247800
2025-09-30,WH-LAG1,PRD-0113,94,808400
2025-09-30,WH-LAG2,PRD-0113,98,842800
2025-09-30,WH-IBD,PRD-0113,84,722400
2025-09-30,WH-ABJ,PRD-0113,64,550400
2025-09-30,WH-PHC,PRD-0113,20,172000
2025-09-30,WH-LAG1,PRD-0114,17,207400
2025-09-30,WH-LAG2,PRD-0114,20,244000
2025-09-30,WH-IBD,PRD-0114,20,244000
2025-09-30,WH-ABJ,PRD-0114,27,329400
2025-09-30,WH-PHC,PRD-0114,6,73200
2025-09-30,WH-LAG1,PRD-0115,71,1164400
2025-09-30,WH-LAG2,PRD-0115,23,377200
2025-09-30,WH-IBD,PRD-0115,59,967600
2025-09-30,WH-ABJ,PRD-0115,53,869200
2025-09-30,WH-PHC,PRD-0115,90,1476000
2025-09-30,WH-LAG1,PRD-0116,36,496800
2025-09-30,WH-LAG2,PRD-0116,22,303600
2025-09-30,WH-IBD,PRD-0116,59,814200
2025-09-30,WH-ABJ,PRD-0116,37,510600
2025-09-30,WH-PHC,PRD-0116,10,138000
2025-09-30,WH-LAG1,PRD-0117,10,152000
2025-09-30,WH-LAG2,PRD-0117,55,836000
2025-09-30,WH-IBD,PRD-0117,55,836000
2025-09-30,WH-ABJ,PRD-0117,71,1079200
2025-09-30,WH-PHC,PRD-0117,66,1003200
2025-09-30,WH-LAG1,PRD-0118,18,316800
2025-09-30,WH-LAG2,PRD-0118,80,1408000
2025-09-30,WH-IBD,PRD-0118,77,1355200
2025-09-30,WH-ABJ,PRD-0118,160,2816000
2025-09-30,WH-PHC,PRD-0118,178,3132800
2025-09-30,WH-LAG1,PRD-0119,31,582800
2025-09-30,WH-LAG2,PRD-0119,0,0
2025-09-30,WH-IBD,PRD-0119,9,169200
2025-09-30,WH-ABJ,PRD-0119,26,488800
2025-09-30,WH-PHC,PRD-0119,29,545200
2025-09-30,WH-LAG1,PRD-0120,240,2976000
2025-09-30,WH-LAG2,PRD-0120,162,2008800
2025-09-30,WH-IBD,PRD-0120,56,694400
2025-09-30,WH-ABJ,PRD-0120,30,372000
2025-09-30,WH-PHC,PRD-0120,66,818400
2025-09-30,WH-LAG1,PRD-0121,108,2332800
2025-09-30,WH-LAG2,PRD-0121,154,3326400
2025-09-30,WH-IBD,PRD-0121,150,3240000
2025-09-30,WH-ABJ,PRD-0121,84,1814400
2025-09-30,WH-PHC,PRD-0121,182,3931200
2025-09-30,WH-LAG1,PRD-0122,287,4247600
2025-09-30,WH-LAG2,PRD-0122,98,1450400
2025-09-30,WH-IBD,PRD-0122,93,1376400
2025-09-30,WH-ABJ,PRD-0122,95,1406000
2025-09-30,WH-PHC,PRD-0122,73,1080400
2025-09-30,WH-LAG1,PRD-0123,130,1508000
2025-09-30,WH-LAG2,PRD-0123,36,417600
2025-09-30,WH-IBD,PRD-0123,39,452400
2025-09-30,WH-ABJ,PRD-0123,13,150800
2025-09-30,WH-PHC,PRD-0123,70,812000
2025-09-30,WH-LAG1,PRD-0124,23,156400
2025-09-30,WH-LAG2,PRD-0124,18,122400
2025-09-30,WH-IBD,PRD-0124,22,149600
2025-09-30,WH-ABJ,PRD-0124,78,530400
2025-09-30,WH-PHC,PRD-0124,5,34000
2025-09-30,WH-LAG1,PRD-0125,702,8985600
2025-09-30,WH-LAG2,PRD-0125,276,3532800
2025-09-30,WH-IBD,PRD-0125,99,1267200
2025-09-30,WH-ABJ,PRD-0125,401,5132800
2025-09-30,WH-PHC,PRD-0125,239,3059200
2025-09-30,WH-LAG1,PRD-0126,21,495600
2025-09-30,WH-LAG2,PRD-0126,32,755200
2025-09-30,WH-IBD,PRD-0126,25,590000
2025-09-30,WH-ABJ,PRD-0126,14,330400
2025-09-30,WH-PHC,PRD-0126,22,519200
2025-09-30,WH-LAG1,PRD-0127,79,1042800
2025-09-30,WH-LAG2,PRD-0127,29,382800
2025-09-30,WH-IBD,PRD-0127,37,488400
2025-09-30,WH-ABJ,PRD-0127,27,356400
2025-09-30,WH-PHC,PRD-0127,30,396000
2025-09-30,WH-LAG1,PRD-0128,137,2301600
2025-09-30,WH-LAG2,PRD-0128,71,1192800
2025-09-30,WH-IBD,PRD-0128,48,806400
2025-09-30,WH-ABJ,PRD-0128,35,588000
2025-09-30,WH-PHC,PRD-0128,82,1377600
2025-09-30,WH-LAG1,PRD-0129,26,400400
2025-09-30,WH-LAG2,PRD-0129,14,215600
2025-09-30,WH-IBD,PRD-0129,16,246400
2025-09-30,WH-ABJ,PRD-0129,4,61600
2025-09-30,WH-PHC,PRD-0129,15,231000
2025-09-30,WH-LAG1,PRD-0130,19,205200
2025-09-30,WH-LAG2,PRD-0130,37,399600
2025-09-30,WH-IBD,PRD-0130,31,334800
2025-09-30,WH-ABJ,PRD-0130,25,270000
2025-09-30,WH-PHC,PRD-0130,0,0
2025-09-30,WH-LAG1,PRD-0131,148,3788800
2025-09-30,WH-LAG2,PRD-0131,75,1920000
2025-09-30,WH-IBD,PRD-0131,108,2764800
2025-09-30,WH-ABJ,PRD-0131,112,2867200
2025-09-30,WH-PHC,PRD-0131,126,3225600
2025-09-30,WH-LAG1,PRD-0132,75,2355000
2025-09-30,WH-LAG2,PRD-0132,39,1224600
2025-09-30,WH-IBD,PRD-0132,14,439600
2025-09-30,WH-ABJ,PRD-0132,69,2166600
2025-09-30,WH-PHC,PRD-0132,45,1413000
2025-09-30,WH-LAG1,PRD-0133,30,714000
2025-09-30,WH-LAG2,PRD-0133,44,1047200
2025-09-30,WH-IBD,PRD-0133,15,357000
2025-09-30,WH-ABJ,PRD-0133,23,547400
2025-09-30,WH-PHC,PRD-0133,47,1118600
2025-09-30,WH-LAG1,PRD-0134,41,1221800
2025-09-30,WH-LAG2,PRD-0134,40,1192000
2025-09-30,WH-IBD,PRD-0134,42,1251600
2025-09-30,WH-ABJ,PRD-0134,41,1221800
2025-09-30,WH-PHC,PRD-0134,38,1132400
2025-09-30,WH-LAG1,PRD-0135,243,6415200
2025-09-30,WH-LAG2,PRD-0135,131,3458400
2025-09-30,WH-IBD,PRD-0135,95,2508000
2025-09-30,WH-ABJ,PRD-0135,150,3960000
2025-09-30,WH-PHC,PRD-0135,27,712800
2025-09-30,WH-LAG1,PRD-0136,56,2385600
2025-09-30,WH-LAG2,PRD-0136,75,3195000
2025-09-30,WH-IBD,PRD-0136,69,2939400
2025-09-30,WH-ABJ,PRD-0136,57,2428200
2025-09-30,WH-PHC,PRD-0136,60,2556000
2025-09-30,WH-LAG1,PRD-0137,61,1476200
2025-09-30,WH-LAG2,PRD-0137,32,774400
2025-09-30,WH-IBD,PRD-0137,82,1984400
2025-09-30,WH-ABJ,PRD-0137,29,701800
2025-09-30,WH-PHC,PRD-0137,82,1984400
2025-09-30,WH-LAG1,PRD-0138,158,3444400
2025-09-30,WH-LAG2,PRD-0138,98,2136400
2025-09-30,WH-IBD,PRD-0138,55,1199000
2025-09-30,WH-ABJ,PRD-0138,117,2550600
2025-09-30,WH-PHC,PRD-0138,69,1504200
2025-09-30,WH-LAG1,PRD-0139,128,3686400
2025-09-30,WH-LAG2,PRD-0139,67,1929600
2025-09-30,WH-IBD,PRD-0139,57,1641600
2025-09-30,WH-ABJ,PRD-0139,64,1843200
2025-09-30,WH-PHC,PRD-0139,31,892800
2025-09-30,WH-LAG1,PRD-0140,36,842400
2025-09-30,WH-LAG2,PRD-0140,20,468000
2025-09-30,WH-IBD,PRD-0140,42,982800
2025-09-30,WH-ABJ,PRD-0140,50,1170000
2025-09-30,WH-PHC,PRD-0140,28,655200
2025-09-30,WH-LAG1,PRD-0141,114,3511200
2025-09-30,WH-LAG2,PRD-0141,65,2002000
2025-09-30,WH-IBD,PRD-0141,36,1108800
2025-09-30,WH-ABJ,PRD-0141,65,2002000
2025-09-30,WH-PHC,PRD-0141,34,1047200
2025-09-30,WH-LAG1,PRD-0142,101,4524800
2025-09-30,WH-LAG2,PRD-0142,100,4480000
2025-09-30,WH-IBD,PRD-0142,60,2688000
2025-09-30,WH-ABJ,PRD-0142,146,6540800
2025-09-30,WH-PHC,PRD-0142,16,716800
2025-09-30,WH-LAG1,PRD-0143,108,4449600
2025-09-30,WH-LAG2,PRD-0143,8,329600
2025-09-30,WH-IBD,PRD-0143,29,1194800
2025-09-30,WH-ABJ,PRD-0143,66,2719200
2025-09-30,WH-PHC,PRD-0143,32,1318400
2025-09-30,WH-LAG1,PRD-0144,105,2814000
2025-09-30,WH-LAG2,PRD-0144,47,1259600
2025-09-30,WH-IBD,PRD-0144,5,134000
2025-09-30,WH-ABJ,PRD-0144,17,455600
2025-09-30,WH-PHC,PRD-0144,73,1956400
2025-09-30,WH-LAG1,PRD-0145,235,5969000
2025-09-30,WH-LAG2,PRD-0145,92,2336800
2025-09-30,WH-IBD,PRD-0145,93,2362200
2025-09-30,WH-ABJ,PRD-0145,57,1447800
2025-09-30,WH-PHC,PRD-0145,111,2819400
2025-09-30,WH-LAG1,PRD-0146,60,1668000
2025-09-30,WH-LAG2,PRD-0146,31,861800
2025-09-30,WH-IBD,PRD-0146,16,444800
2025-09-30,WH-ABJ,PRD-0146,24,667200
2025-09-30,WH-PHC,PRD-0146,13,361400
2025-09-30,WH-LAG1,PRD-0147,30,828000
2025-09-30,WH-LAG2,PRD-0147,55,1518000
2025-09-30,WH-IBD,PRD-0147,0,0
2025-09-30,WH-ABJ,PRD-0147,65,1794000
2025-09-30,WH-PHC,PRD-0147,35,966000
2025-09-30,WH-LAG1,PRD-0148,83,1975400
2025-09-30,WH-LAG2,PRD-0148,18,428400
2025-09-30,WH-IBD,PRD-0148,32,761600
2025-09-30,WH-ABJ,PRD-0148,54,1285200
2025-09-30,WH-PHC,PRD-0148,15,357000
2025-09-30,WH-LAG1,PRD-0149,47,1870600
2025-09-30,WH-LAG2,PRD-0149,0,0
2025-09-30,WH-IBD,PRD-0149,6,238800
2025-09-30,WH-ABJ,PRD-0149,28,1114400
2025-09-30,WH-PHC,PRD-0149,17,676600
2025-09-30,WH-LAG1,PRD-0150,55,2112000
2025-09-30,WH-LAG2,PRD-0150,16,614400
2025-09-30,WH-IBD,PRD-0150,39,1497600
2025-09-30,WH-ABJ,PRD-0150,87,3340800
2025-09-30,WH-PHC,PRD-0150,25,960000
2025-09-30,WH-LAG1,PRD-0151,710,24566000
2025-09-30,WH-LAG2,PRD-0151,302,10449200
2025-09-30,WH-IBD,PRD-0151,383,13251800
2025-09-30,WH-ABJ,PRD-0151,802,27749200
2025-09-30,WH-PHC,PRD-0151,719,24877400
2025-09-30,WH-LAG1,PRD-0152,0,0
2025-09-30,WH-LAG2,PRD-0152,15,324000
2025-09-30,WH-IBD,PRD-0152,48,1036800
2025-09-30,WH-ABJ,PRD-0152,74,1598400
2025-09-30,WH-PHC,PRD-0152,47,1015200
2025-09-30,WH-LAG1,PRD-0153,328,6166400
2025-09-30,WH-LAG2,PRD-0153,205,3854000
2025-09-30,WH-IBD,PRD-0153,39,733200
2025-09-30,WH-ABJ,PRD-0153,270,5076000
2025-09-30,WH-PHC,PRD-0153,85,1598000
2025-09-30,WH-LAG1,PRD-0154,95,3192000
2025-09-30,WH-LAG2,PRD-0154,41,1377600
2025-09-30,WH-IBD,PRD-0154,29,974400
2025-09-30,WH-ABJ,PRD-0154,11,369600
2025-09-30,WH-PHC,PRD-0154,37,1243200
2025-09-30,WH-LAG1,PRD-0155,52,2745600
2025-09-30,WH-LAG2,PRD-0155,63,3326400
2025-09-30,WH-IBD,PRD-0155,30,1584000
2025-09-30,WH-ABJ,PRD-0155,57,3009600
2025-09-30,WH-PHC,PRD-0155,23,1214400
2025-09-30,WH-LAG1,PRD-0156,218,9722800
2025-09-30,WH-LAG2,PRD-0156,75,3345000
2025-09-30,WH-IBD,PRD-0156,86,3835600
2025-09-30,WH-ABJ,PRD-0156,135,6021000
2025-09-30,WH-PHC,PRD-0156,97,4326200
2025-09-30,WH-LAG1,PRD-0157,88,1654400
2025-09-30,WH-LAG2,PRD-0157,24,451200
2025-09-30,WH-IBD,PRD-0157,29,545200
2025-09-30,WH-ABJ,PRD-0157,29,545200
2025-09-30,WH-PHC,PRD-0157,51,958800
2025-09-30,WH-LAG1,PRD-0158,22,580800
2025-09-30,WH-LAG2,PRD-0158,7,184800
2025-09-30,WH-IBD,PRD-0158,27,712800
2025-09-30,WH-ABJ,PRD-0158,33,871200
2025-09-30,WH-PHC,PRD-0158,32,844800
2025-09-30,WH-LAG1,PRD-0159,59,1168200
2025-09-30,WH-LAG2,PRD-0159,40,792000
2025-09-30,WH-IBD,PRD-0159,55,1089000
2025-09-30,WH-ABJ,PRD-0159,66,1306800
2025-09-30,WH-PHC,PRD-0159,49,970200
2025-09-30,WH-LAG1,PRD-0160,376,9625600
2025-09-30,WH-LAG2,PRD-0160,113,2892800
2025-09-30,WH-IBD,PRD-0160,153,3916800
2025-09-30,WH-ABJ,PRD-0160,58,1484800
2025-09-30,WH-PHC,PRD-0160,93,2380800
2025-09-30,WH-LAG1,PRD-0161,654,17788800
2025-09-30,WH-LAG2,PRD-0161,356,9683200
2025-09-30,WH-IBD,PRD-0161,220,5984000
2025-09-30,WH-ABJ,PRD-0161,287,7806400
2025-09-30,WH-PHC,PRD-0161,297,8078400
2025-09-30,WH-LAG1,PRD-0162,95,2261000
2025-09-30,WH-LAG2,PRD-0162,8,190400
2025-09-30,WH-IBD,PRD-0162,45,1071000
2025-09-30,WH-ABJ,PRD-0162,81,1927800
2025-09-30,WH-PHC,PRD-0162,19,452200
2025-09-30,WH-LAG1,PRD-0163,54,1166400
2025-09-30,WH-LAG2,PRD-0163,37,799200
2025-09-30,WH-IBD,PRD-0163,17,367200
2025-09-30,WH-ABJ,PRD-0163,46,993600
2025-09-30,WH-PHC,PRD-0163,66,1425600
2025-09-30,WH-LAG1,PRD-0164,23,386400
2025-09-30,WH-LAG2,PRD-0164,42,705600
2025-09-30,WH-IBD,PRD-0164,22,369600
2025-09-30,WH-ABJ,PRD-0164,15,252000
2025-09-30,WH-PHC,PRD-0164,2,33600
2025-09-30,WH-LAG1,PRD-0165,252,4888800
2025-09-30,WH-LAG2,PRD-0165,149,2890600
2025-09-30,WH-IBD,PRD-0165,155,3007000
2025-09-30,WH-ABJ,PRD-0165,155,3007000
2025-09-30,WH-PHC,PRD-0165,55,1067000
2025-09-30,WH-LAG1,PRD-0166,174,3793200
2025-09-30,WH-LAG2,PRD-0166,97,2114600
2025-09-30,WH-IBD,PRD-0166,65,1417000
2025-09-30,WH-ABJ,PRD-0166,235,5123000
2025-09-30,WH-PHC,PRD-0166,112,2441600
2025-09-30,WH-LAG1,PRD-0167,112,1209600
2025-09-30,WH-LAG2,PRD-0167,42,453600
2025-09-30,WH-IBD,PRD-0167,77,831600
2025-09-30,WH-ABJ,PRD-0167,59,637200
2025-09-30,WH-PHC,PRD-0167,25,270000
2025-09-30,WH-LAG1,PRD-0168,37,577200
2025-09-30,WH-LAG2,PRD-0168,20,312000
2025-09-30,WH-IBD,PRD-0168,16,249600
2025-09-30,WH-ABJ,PRD-0168,2,31200
2025-09-30,WH-PHC,PRD-0168,35,546000
2025-09-30,WH-LAG1,PRD-0169,110,1474000
2025-09-30,WH-LAG2,PRD-0169,51,683400
2025-09-30,WH-IBD,PRD-0169,16,214400
2025-09-30,WH-ABJ,PRD-0169,53,710200
2025-09-30,WH-PHC,PRD-0169,34,455600
2025-09-30,WH-LAG1,PRD-0170,57,809400
2025-09-30,WH-LAG2,PRD-0170,89,1263800
2025-09-30,WH-IBD,PRD-0170,39,553800
2025-09-30,WH-ABJ,PRD-0170,2,28400
2025-09-30,WH-PHC,PRD-0170,36,511200
2025-10-31,WH-LAG1,PRD-0001,77,323400
2025-10-31,WH-LAG2,PRD-0001,14,58800
2025-10-31,WH-IBD,PRD-0001,44,184800
2025-10-31,WH-ABJ,PRD-0001,18,75600
2025-10-31,WH-PHC,PRD-0001,23,96600
2025-10-31,WH-LAG1,PRD-0002,46,188600
2025-10-31,WH-LAG2,PRD-0002,32,131200
2025-10-31,WH-IBD,PRD-0002,5,20500
2025-10-31,WH-ABJ,PRD-0002,21,86100
2025-10-31,WH-PHC,PRD-0002,0,0
2025-10-31,WH-LAG1,PRD-0003,21,86100
2025-10-31,WH-LAG2,PRD-0003,12,49200
2025-10-31,WH-IBD,PRD-0003,7,28700
2025-10-31,WH-ABJ,PRD-0003,21,86100
2025-10-31,WH-PHC,PRD-0003,22,90200
2025-10-31,WH-LAG1,PRD-0004,208,811200
2025-10-31,WH-LAG2,PRD-0004,156,608400
2025-10-31,WH-IBD,PRD-0004,11,42900
2025-10-31,WH-ABJ,PRD-0004,189,737100
2025-10-31,WH-PHC,PRD-0004,93,362700
2025-10-31,WH-LAG1,PRD-0005,135,351000
2025-10-31,WH-LAG2,PRD-0005,32,83200
2025-10-31,WH-IBD,PRD-0005,49,127400
2025-10-31,WH-ABJ,PRD-0005,7,18200
2025-10-31,WH-PHC,PRD-0005,21,54600
2025-10-31,WH-LAG1,PRD-0006,12,30000
2025-10-31,WH-LAG2,PRD-0006,40,100000
2025-10-31,WH-IBD,PRD-0006,8,20000
2025-10-31,WH-ABJ,PRD-0006,25,62500
2025-10-31,WH-PHC,PRD-0006,9,22500
2025-10-31,WH-LAG1,PRD-0007,65,897000
2025-10-31,WH-LAG2,PRD-0007,28,386400
2025-10-31,WH-IBD,PRD-0007,32,441600
2025-10-31,WH-ABJ,PRD-0007,114,1573200
2025-10-31,WH-PHC,PRD-0007,86,1186800
2025-10-31,WH-LAG1,PRD-0008,51,688500
2025-10-31,WH-LAG2,PRD-0008,50,675000
2025-10-31,WH-IBD,PRD-0008,48,648000
2025-10-31,WH-ABJ,PRD-0008,57,769500
2025-10-31,WH-PHC,PRD-0008,21,283500
2025-10-31,WH-LAG1,PRD-0009,52,738400
2025-10-31,WH-LAG2,PRD-0009,38,539600
2025-10-31,WH-IBD,PRD-0009,30,426000
2025-10-31,WH-ABJ,PRD-0009,30,426000
2025-10-31,WH-PHC,PRD-0009,18,255600
2025-10-31,WH-LAG1,PRD-0010,28,369600
2025-10-31,WH-LAG2,PRD-0010,13,171600
2025-10-31,WH-IBD,PRD-0010,23,303600
2025-10-31,WH-ABJ,PRD-0010,11,145200
2025-10-31,WH-PHC,PRD-0010,14,184800
2025-10-31,WH-LAG1,PRD-0011,57,792300
2025-10-31,WH-LAG2,PRD-0011,63,875700
2025-10-31,WH-IBD,PRD-0011,27,375300
2025-10-31,WH-ABJ,PRD-0011,46,639400
2025-10-31,WH-PHC,PRD-0011,104,1445600
2025-10-31,WH-LAG1,PRD-0012,75,1080000
2025-10-31,WH-LAG2,PRD-0012,32,460800
2025-10-31,WH-IBD,PRD-0012,0,0
2025-10-31,WH-ABJ,PRD-0012,33,475200
2025-10-31,WH-PHC,PRD-0012,36,518400
2025-10-31,WH-LAG1,PRD-0013,43,421400
2025-10-31,WH-LAG2,PRD-0013,30,294000
2025-10-31,WH-IBD,PRD-0013,18,176400
2025-10-31,WH-ABJ,PRD-0013,17,166600
2025-10-31,WH-PHC,PRD-0013,14,137200
2025-10-31,WH-LAG1,PRD-0014,8,89600
2025-10-31,WH-LAG2,PRD-0014,0,0
2025-10-31,WH-IBD,PRD-0014,6,67200
2025-10-31,WH-ABJ,PRD-0014,5,56000
2025-10-31,WH-PHC,PRD-0014,8,89600
2025-10-31,WH-LAG1,PRD-0015,81,558900
2025-10-31,WH-LAG2,PRD-0015,29,200100
2025-10-31,WH-IBD,PRD-0015,32,220800
2025-10-31,WH-ABJ,PRD-0015,64,441600
2025-10-31,WH-PHC,PRD-0015,52,358800
2025-10-31,WH-LAG1,PRD-0016,43,1483500
2025-10-31,WH-LAG2,PRD-0016,68,2346000
2025-10-31,WH-IBD,PRD-0016,63,2173500
2025-10-31,WH-ABJ,PRD-0016,83,2863500
2025-10-31,WH-PHC,PRD-0016,63,2173500
2025-10-31,WH-LAG1,PRD-0017,38,1208400
2025-10-31,WH-LAG2,PRD-0017,35,1113000
2025-10-31,WH-IBD,PRD-0017,21,667800
2025-10-31,WH-ABJ,PRD-0017,72,2289600
2025-10-31,WH-PHC,PRD-0017,12,381600
2025-10-31,WH-LAG1,PRD-0018,93,4482600
2025-10-31,WH-LAG2,PRD-0018,56,2699200
2025-10-31,WH-IBD,PRD-0018,160,7712000
2025-10-31,WH-ABJ,PRD-0018,133,6410600
2025-10-31,WH-PHC,PRD-0018,105,5061000
2025-10-31,WH-LAG1,PRD-0019,41,1082400
2025-10-31,WH-LAG2,PRD-0019,54,1425600
2025-10-31,WH-IBD,PRD-0019,1,26400
2025-10-31,WH-ABJ,PRD-0019,41,1082400
2025-10-31,WH-PHC,PRD-0019,80,2112000
2025-10-31,WH-LAG1,PRD-0020,19,452200
2025-10-31,WH-LAG2,PRD-0020,20,476000
2025-10-31,WH-IBD,PRD-0020,105,2499000
2025-10-31,WH-ABJ,PRD-0020,124,2951200
2025-10-31,WH-PHC,PRD-0020,0,0
2025-10-31,WH-LAG1,PRD-0021,77,1139600
2025-10-31,WH-LAG2,PRD-0021,55,814000
2025-10-31,WH-IBD,PRD-0021,39,577200
2025-10-31,WH-ABJ,PRD-0021,12,177600
2025-10-31,WH-PHC,PRD-0021,64,947200
2025-10-31,WH-LAG1,PRD-0022,23,220800
2025-10-31,WH-LAG2,PRD-0022,16,153600
2025-10-31,WH-IBD,PRD-0022,8,76800
2025-10-31,WH-ABJ,PRD-0022,28,268800
2025-10-31,WH-PHC,PRD-0022,27,259200
2025-10-31,WH-LAG1,PRD-0023,156,2090400
2025-10-31,WH-LAG2,PRD-0023,18,241200
2025-10-31,WH-IBD,PRD-0023,66,884400
2025-10-31,WH-ABJ,PRD-0023,138,1849200
2025-10-31,WH-PHC,PRD-0023,113,1514200
2025-10-31,WH-LAG1,PRD-0024,30,234000
2025-10-31,WH-LAG2,PRD-0024,9,70200
2025-10-31,WH-IBD,PRD-0024,18,140400
2025-10-31,WH-ABJ,PRD-0024,25,195000
2025-10-31,WH-PHC,PRD-0024,17,132600
2025-10-31,WH-LAG1,PRD-0025,47,202100
2025-10-31,WH-LAG2,PRD-0025,16,68800
2025-10-31,WH-IBD,PRD-0025,29,124700
2025-10-31,WH-ABJ,PRD-0025,46,197800
2025-10-31,WH-PHC,PRD-0025,22,94600
2025-10-31,WH-LAG1,PRD-0026,111,399600
2025-10-31,WH-LAG2,PRD-0026,60,216000
2025-10-31,WH-IBD,PRD-0026,35,126000
2025-10-31,WH-ABJ,PRD-0026,43,154800
2025-10-31,WH-PHC,PRD-0026,59,212400
2025-10-31,WH-LAG1,PRD-0027,24,91200
2025-10-31,WH-LAG2,PRD-0027,2,7600
2025-10-31,WH-IBD,PRD-0027,19,72200
2025-10-31,WH-ABJ,PRD-0027,21,79800
2025-10-31,WH-PHC,PRD-0027,23,87400
2025-10-31,WH-LAG1,PRD-0028,136,544000
2025-10-31,WH-LAG2,PRD-0028,12,48000
2025-10-31,WH-IBD,PRD-0028,32,128000
2025-10-31,WH-ABJ,PRD-0028,39,156000
2025-10-31,WH-PHC,PRD-0028,34,136000
2025-10-31,WH-LAG1,PRD-0029,29,258100
2025-10-31,WH-LAG2,PRD-0029,35,311500
2025-10-31,WH-IBD,PRD-0029,9,80100
2025-10-31,WH-ABJ,PRD-0029,39,347100
2025-10-31,WH-PHC,PRD-0029,30,267000
2025-10-31,WH-LAG1,PRD-0030,21,451500
2025-10-31,WH-LAG2,PRD-0030,26,559000
2025-10-31,WH-IBD,PRD-0030,16,344000
2025-10-31,WH-ABJ,PRD-0030,0,0
2025-10-31,WH-PHC,PRD-0030,6,129000
2025-10-31,WH-LAG1,PRD-0031,259,7821800
2025-10-31,WH-LAG2,PRD-0031,41,1238200
2025-10-31,WH-IBD,PRD-0031,59,1781800
2025-10-31,WH-ABJ,PRD-0031,40,1208000
2025-10-31,WH-PHC,PRD-0031,101,3050200
2025-10-31,WH-LAG1,PRD-0032,21,352800
2025-10-31,WH-LAG2,PRD-0032,28,470400
2025-10-31,WH-IBD,PRD-0032,10,168000
2025-10-31,WH-ABJ,PRD-0032,12,201600
2025-10-31,WH-PHC,PRD-0032,12,201600
2025-10-31,WH-LAG1,PRD-0033,28,263200
2025-10-31,WH-LAG2,PRD-0033,24,225600
2025-10-31,WH-IBD,PRD-0033,18,169200
2025-10-31,WH-ABJ,PRD-0033,69,648600
2025-10-31,WH-PHC,PRD-0033,74,695600
2025-10-31,WH-LAG1,PRD-0034,31,399900
2025-10-31,WH-LAG2,PRD-0034,18,232200
2025-10-31,WH-IBD,PRD-0034,3,38700
2025-10-31,WH-ABJ,PRD-0034,15,193500
2025-10-31,WH-PHC,PRD-0034,13,167700
2025-10-31,WH-LAG1,PRD-0035,70,826000
2025-10-31,WH-LAG2,PRD-0035,76,896800
2025-10-31,WH-IBD,PRD-0035,63,743400
2025-10-31,WH-ABJ,PRD-0035,17,200600
2025-10-31,WH-PHC,PRD-0035,70,826000
2025-10-31,WH-LAG1,PRD-0036,51,795600
2025-10-31,WH-LAG2,PRD-0036,51,795600
2025-10-31,WH-IBD,PRD-0036,30,468000
2025-10-31,WH-ABJ,PRD-0036,27,421200
2025-10-31,WH-PHC,PRD-0036,16,249600
2025-10-31,WH-LAG1,PRD-0037,0,0
2025-10-31,WH-LAG2,PRD-0037,65,1287000
2025-10-31,WH-IBD,PRD-0037,65,1287000
2025-10-31,WH-ABJ,PRD-0037,66,1306800
2025-10-31,WH-PHC,PRD-0037,61,1207800
2025-10-31,WH-LAG1,PRD-0038,14,166600
2025-10-31,WH-LAG2,PRD-0038,4,47600
2025-10-31,WH-IBD,PRD-0038,6,71400
2025-10-31,WH-ABJ,PRD-0038,27,321300
2025-10-31,WH-PHC,PRD-0038,15,178500
2025-10-31,WH-LAG1,PRD-0039,365,4526000
2025-10-31,WH-LAG2,PRD-0039,120,1488000
2025-10-31,WH-IBD,PRD-0039,70,868000
2025-10-31,WH-ABJ,PRD-0039,173,2145200
2025-10-31,WH-PHC,PRD-0039,194,2405600
2025-10-31,WH-LAG1,PRD-0040,14,156800
2025-10-31,WH-LAG2,PRD-0040,38,425600
2025-10-31,WH-IBD,PRD-0040,32,358400
2025-10-31,WH-ABJ,PRD-0040,42,470400
2025-10-31,WH-PHC,PRD-0040,21,235200
2025-10-31,WH-LAG1,PRD-0041,70,364000
2025-10-31,WH-LAG2,PRD-0041,74,384800
2025-10-31,WH-IBD,PRD-0041,43,223600
2025-10-31,WH-ABJ,PRD-0041,38,197600
2025-10-31,WH-PHC,PRD-0041,27,140400
2025-10-31,WH-LAG1,PRD-0042,2,43800
2025-10-31,WH-LAG2,PRD-0042,17,372300
2025-10-31,WH-IBD,PRD-0042,15,328500
2025-10-31,WH-ABJ,PRD-0042,22,481800
2025-10-31,WH-PHC,PRD-0042,0,0
2025-10-31,WH-LAG1,PRD-0043,79,1200800
2025-10-31,WH-LAG2,PRD-0043,30,456000
2025-10-31,WH-IBD,PRD-0043,51,775200
2025-10-31,WH-ABJ,PRD-0043,62,942400
2025-10-31,WH-PHC,PRD-0043,42,638400
2025-10-31,WH-LAG1,PRD-0044,16,108800
2025-10-31,WH-LAG2,PRD-0044,15,102000
2025-10-31,WH-IBD,PRD-0044,8,54400
2025-10-31,WH-ABJ,PRD-0044,13,88400
2025-10-31,WH-PHC,PRD-0044,8,54400
2025-10-31,WH-LAG1,PRD-0045,148,917600
2025-10-31,WH-LAG2,PRD-0045,43,266600
2025-10-31,WH-IBD,PRD-0045,40,248000
2025-10-31,WH-ABJ,PRD-0045,43,266600
2025-10-31,WH-PHC,PRD-0045,50,310000
2025-10-31,WH-LAG1,PRD-0046,66,910800
2025-10-31,WH-LAG2,PRD-0046,47,648600
2025-10-31,WH-IBD,PRD-0046,38,524400
2025-10-31,WH-ABJ,PRD-0046,28,386400
2025-10-31,WH-PHC,PRD-0046,61,841800
2025-10-31,WH-LAG1,PRD-0047,141,2284200
2025-10-31,WH-LAG2,PRD-0047,74,1198800
2025-10-31,WH-IBD,PRD-0047,0,0
2025-10-31,WH-ABJ,PRD-0047,61,988200
2025-10-31,WH-PHC,PRD-0047,32,518400
2025-10-31,WH-LAG1,PRD-0048,35,507500
2025-10-31,WH-LAG2,PRD-0048,61,884500
2025-10-31,WH-IBD,PRD-0048,0,0
2025-10-31,WH-ABJ,PRD-0048,80,1160000
2025-10-31,WH-PHC,PRD-0048,64,928000
2025-10-31,WH-LAG1,PRD-0049,77,1070300
2025-10-31,WH-LAG2,PRD-0049,40,556000
2025-10-31,WH-IBD,PRD-0049,37,514300
2025-10-31,WH-ABJ,PRD-0049,34,472600
2025-10-31,WH-PHC,PRD-0049,21,291900
2025-10-31,WH-LAG1,PRD-0050,30,138000
2025-10-31,WH-LAG2,PRD-0050,18,82800
2025-10-31,WH-IBD,PRD-0050,38,174800
2025-10-31,WH-ABJ,PRD-0050,23,105800
2025-10-31,WH-PHC,PRD-0050,37,170200
2025-10-31,WH-LAG1,PRD-0051,155,5394000
2025-10-31,WH-LAG2,PRD-0051,34,1183200
2025-10-31,WH-IBD,PRD-0051,71,2470800
2025-10-31,WH-ABJ,PRD-0051,138,4802400
2025-10-31,WH-PHC,PRD-0051,111,3862800
2025-10-31,WH-LAG1,PRD-0052,0,0
2025-10-31,WH-LAG2,PRD-0052,9,305100
2025-10-31,WH-IBD,PRD-0052,16,542400
2025-10-31,WH-ABJ,PRD-0052,6,203400
2025-10-31,WH-PHC,PRD-0052,4,135600
2025-10-31,WH-LAG1,PRD-0053,40,1312000
2025-10-31,WH-LAG2,PRD-0053,29,951200
2025-10-31,WH-IBD,PRD-0053,7,229600
2025-10-31,WH-ABJ,PRD-0053,25,820000
2025-10-31,WH-PHC,PRD-0053,20,656000
2025-10-31,WH-LAG1,PRD-0054,59,802400
2025-10-31,WH-LAG2,PRD-0054,13,176800
2025-10-31,WH-IBD,PRD-0054,26,353600
2025-10-31,WH-ABJ,PRD-0054,20,272000
2025-10-31,WH-PHC,PRD-0054,18,244800
2025-10-31,WH-LAG1,PRD-0055,86,1186800
2025-10-31,WH-LAG2,PRD-0055,29,400200
2025-10-31,WH-IBD,PRD-0055,55,759000
2025-10-31,WH-ABJ,PRD-0055,33,455400
2025-10-31,WH-PHC,PRD-0055,61,841800
2025-10-31,WH-LAG1,PRD-0056,42,898800
2025-10-31,WH-LAG2,PRD-0056,52,1112800
2025-10-31,WH-IBD,PRD-0056,40,856000
2025-10-31,WH-ABJ,PRD-0056,30,642000
2025-10-31,WH-PHC,PRD-0056,18,385200
2025-10-31,WH-LAG1,PRD-0057,292,4613600
2025-10-31,WH-LAG2,PRD-0057,113,1785400
2025-10-31,WH-IBD,PRD-0057,116,1832800
2025-10-31,WH-ABJ,PRD-0057,114,1801200
2025-10-31,WH-PHC,PRD-0057,0,0
2025-10-31,WH-LAG1,PRD-0058,105,1564500
2025-10-31,WH-LAG2,PRD-0058,0,0
2025-10-31,WH-IBD,PRD-0058,18,268200
2025-10-31,WH-ABJ,PRD-0058,35,521500
2025-10-31,WH-PHC,PRD-0058,20,298000
2025-10-31,WH-LAG1,PRD-0059,42,1785000
2025-10-31,WH-LAG2,PRD-0059,75,3187500
2025-10-31,WH-IBD,PRD-0059,22,935000
2025-10-31,WH-ABJ,PRD-0059,69,2932500
2025-10-31,WH-PHC,PRD-0059,55,2337500
2025-10-31,WH-LAG1,PRD-0060,76,3632800
2025-10-31,WH-LAG2,PRD-0060,73,3489400
2025-10-31,WH-IBD,PRD-0060,27,1290600
2025-10-31,WH-ABJ,PRD-0060,161,7695800
2025-10-31,WH-PHC,PRD-0060,105,5019000
2025-10-31,WH-LAG1,PRD-0061,192,2457600
2025-10-31,WH-LAG2,PRD-0061,21,268800
2025-10-31,WH-IBD,PRD-0061,129,1651200
2025-10-31,WH-ABJ,PRD-0061,43,550400
2025-10-31,WH-PHC,PRD-0061,35,448000
2025-10-31,WH-LAG1,PRD-0062,189,2570400
2025-10-31,WH-LAG2,PRD-0062,97,1319200
2025-10-31,WH-IBD,PRD-0062,41,557600
2025-10-31,WH-ABJ,PRD-0062,138,1876800
2025-10-31,WH-PHC,PRD-0062,122,1659200
2025-10-31,WH-LAG1,PRD-0063,54,642600
2025-10-31,WH-LAG2,PRD-0063,82,975800
2025-10-31,WH-IBD,PRD-0063,71,844900
2025-10-31,WH-ABJ,PRD-0063,33,392700
2025-10-31,WH-PHC,PRD-0063,28,333200
2025-10-31,WH-LAG1,PRD-0064,228,7022400
2025-10-31,WH-LAG2,PRD-0064,7,215600
2025-10-31,WH-IBD,PRD-0064,64,1971200
2025-10-31,WH-ABJ,PRD-0064,118,3634400
2025-10-31,WH-PHC,PRD-0064,73,2248400
2025-10-31,WH-LAG1,PRD-0065,95,2508000
2025-10-31,WH-LAG2,PRD-0065,62,1636800
2025-10-31,WH-IBD,PRD-0065,42,1108800
2025-10-31,WH-ABJ,PRD-0065,97,2560800
2025-10-31,WH-PHC,PRD-0065,43,1135200
2025-10-31,WH-LAG1,PRD-0066,11,486200
2025-10-31,WH-LAG2,PRD-0066,7,309400
2025-10-31,WH-IBD,PRD-0066,10,442000
2025-10-31,WH-ABJ,PRD-0066,8,353600
2025-10-31,WH-PHC,PRD-0066,11,486200
2025-10-31,WH-LAG1,PRD-0067,71,738400
2025-10-31,WH-LAG2,PRD-0067,51,530400
2025-10-31,WH-IBD,PRD-0067,26,270400
2025-10-31,WH-ABJ,PRD-0067,26,270400
2025-10-31,WH-PHC,PRD-0067,43,447200
2025-10-31,WH-LAG1,PRD-0068,68,897600
2025-10-31,WH-LAG2,PRD-0068,152,2006400
2025-10-31,WH-IBD,PRD-0068,97,1280400
2025-10-31,WH-ABJ,PRD-0068,88,1161600
2025-10-31,WH-PHC,PRD-0068,40,528000
2025-10-31,WH-LAG1,PRD-0069,22,303600
2025-10-31,WH-LAG2,PRD-0069,25,345000
2025-10-31,WH-IBD,PRD-0069,13,179400
2025-10-31,WH-ABJ,PRD-0069,9,124200
2025-10-31,WH-PHC,PRD-0069,13,179400
2025-10-31,WH-LAG1,PRD-0070,107,1647800
2025-10-31,WH-LAG2,PRD-0070,45,693000
2025-10-31,WH-IBD,PRD-0070,39,600600
2025-10-31,WH-ABJ,PRD-0070,0,0
2025-10-31,WH-PHC,PRD-0070,32,492800
2025-10-31,WH-LAG1,PRD-0071,21,310800
2025-10-31,WH-LAG2,PRD-0071,16,236800
2025-10-31,WH-IBD,PRD-0071,10,148000
2025-10-31,WH-ABJ,PRD-0071,0,0
2025-10-31,WH-PHC,PRD-0071,11,162800
2025-10-31,WH-LAG1,PRD-0072,42,1369200
2025-10-31,WH-LAG2,PRD-0072,29,945400
2025-10-31,WH-IBD,PRD-0072,43,1401800
2025-10-31,WH-ABJ,PRD-0072,31,1010600
2025-10-31,WH-PHC,PRD-0072,23,749800
2025-10-31,WH-LAG1,PRD-0073,42,1251600
2025-10-31,WH-LAG2,PRD-0073,17,506600
2025-10-31,WH-IBD,PRD-0073,20,596000
2025-10-31,WH-ABJ,PRD-0073,28,834400
2025-10-31,WH-PHC,PRD-0073,25,745000
2025-10-31,WH-LAG1,PRD-0074,158,4645200
2025-10-31,WH-LAG2,PRD-0074,78,2293200
2025-10-31,WH-IBD,PRD-0074,29,852600
2025-10-31,WH-ABJ,PRD-0074,104,3057600
2025-10-31,WH-PHC,PRD-0074,94,2763600
2025-10-31,WH-LAG1,PRD-0075,18,482400
2025-10-31,WH-LAG2,PRD-0075,22,589600
2025-10-31,WH-IBD,PRD-0075,27,723600
2025-10-31,WH-ABJ,PRD-0075,14,375200
2025-10-31,WH-PHC,PRD-0075,20,536000
2025-10-31,WH-LAG1,PRD-0076,185,4329000
2025-10-31,WH-LAG2,PRD-0076,84,1965600
2025-10-31,WH-IBD,PRD-0076,83,1942200
2025-10-31,WH-ABJ,PRD-0076,100,2340000
2025-10-31,WH-PHC,PRD-0076,92,2152800
2025-10-31,WH-LAG1,PRD-0077,188,4812800
2025-10-31,WH-LAG2,PRD-0077,213,5452800
2025-10-31,WH-IBD,PRD-0077,77,1971200
2025-10-31,WH-ABJ,PRD-0077,82,2099200
2025-10-31,WH-PHC,PRD-0077,267,6835200
2025-10-31,WH-LAG1,PRD-0078,233,6477400
2025-10-31,WH-LAG2,PRD-0078,89,2474200
2025-10-31,WH-IBD,PRD-0078,53,1473400
2025-10-31,WH-ABJ,PRD-0078,38,1056400
2025-10-31,WH-PHC,PRD-0078,43,1195400
2025-10-31,WH-LAG1,PRD-0079,141,5428500
2025-10-31,WH-LAG2,PRD-0079,76,2926000
2025-10-31,WH-IBD,PRD-0079,28,1078000
2025-10-31,WH-ABJ,PRD-0079,27,1039500
2025-10-31,WH-PHC,PRD-0079,65,2502500
2025-10-31,WH-LAG1,PRD-0080,105,2058000
2025-10-31,WH-LAG2,PRD-0080,57,1117200
2025-10-31,WH-IBD,PRD-0080,29,568400
2025-10-31,WH-ABJ,PRD-0080,46,901600
2025-10-31,WH-PHC,PRD-0080,101,1979600
2025-10-31,WH-LAG1,PRD-0081,50,1620000
2025-10-31,WH-LAG2,PRD-0081,85,2754000
2025-10-31,WH-IBD,PRD-0081,23,745200
2025-10-31,WH-ABJ,PRD-0081,79,2559600
2025-10-31,WH-PHC,PRD-0081,36,1166400
2025-10-31,WH-LAG1,PRD-0082,76,1960800
2025-10-31,WH-LAG2,PRD-0082,34,877200
2025-10-31,WH-IBD,PRD-0082,60,1548000
2025-10-31,WH-ABJ,PRD-0082,118,3044400
2025-10-31,WH-PHC,PRD-0082,41,1057800
2025-10-31,WH-LAG1,PRD-0083,84,1545600
2025-10-31,WH-LAG2,PRD-0083,148,2723200
2025-10-31,WH-IBD,PRD-0083,145,2668000
2025-10-31,WH-ABJ,PRD-0083,127,2336800
2025-10-31,WH-PHC,PRD-0083,144,2649600
2025-10-31,WH-LAG1,PRD-0084,200,4320000
2025-10-31,WH-LAG2,PRD-0084,166,3585600
2025-10-31,WH-IBD,PRD-0084,22,475200
2025-10-31,WH-ABJ,PRD-0084,81,1749600
2025-10-31,WH-PHC,PRD-0084,31,669600
2025-10-31,WH-LAG1,PRD-0085,185,4847000
2025-10-31,WH-LAG2,PRD-0085,55,1441000
2025-10-31,WH-IBD,PRD-0085,36,943200
2025-10-31,WH-ABJ,PRD-0085,19,497800
2025-10-31,WH-PHC,PRD-0085,120,3144000
2025-10-31,WH-LAG1,PRD-0086,385,9163000
2025-10-31,WH-LAG2,PRD-0086,267,6354600
2025-10-31,WH-IBD,PRD-0086,129,3070200
2025-10-31,WH-ABJ,PRD-0086,420,9996000
2025-10-31,WH-PHC,PRD-0086,198,4712400
2025-10-31,WH-LAG1,PRD-0087,17,319600
2025-10-31,WH-LAG2,PRD-0087,26,488800
2025-10-31,WH-IBD,PRD-0087,6,112800
2025-10-31,WH-ABJ,PRD-0087,23,432400
2025-10-31,WH-PHC,PRD-0087,8,150400
2025-10-31,WH-LAG1,PRD-0088,5,62000
2025-10-31,WH-LAG2,PRD-0088,16,198400
2025-10-31,WH-IBD,PRD-0088,30,372000
2025-10-31,WH-ABJ,PRD-0088,31,384400
2025-10-31,WH-PHC,PRD-0088,45,558000
2025-10-31,WH-LAG1,PRD-0089,57,638400
2025-10-31,WH-LAG2,PRD-0089,22,246400
2025-10-31,WH-IBD,PRD-0089,34,380800
2025-10-31,WH-ABJ,PRD-0089,14,156800
2025-10-31,WH-PHC,PRD-0089,47,526400
2025-10-31,WH-LAG1,PRD-0090,1556,44501600
2025-10-31,WH-LAG2,PRD-0090,671,19190600
2025-10-31,WH-IBD,PRD-0090,557,15930200
2025-10-31,WH-ABJ,PRD-0090,324,9266400
2025-10-31,WH-PHC,PRD-0090,213,6091800
2025-10-31,WH-LAG1,PRD-0091,65,1404000
2025-10-31,WH-LAG2,PRD-0091,80,1728000
2025-10-31,WH-IBD,PRD-0091,49,1058400
2025-10-31,WH-ABJ,PRD-0091,137,2959200
2025-10-31,WH-PHC,PRD-0091,73,1576800
2025-10-31,WH-LAG1,PRD-0092,89,2207200
2025-10-31,WH-LAG2,PRD-0092,14,347200
2025-10-31,WH-IBD,PRD-0092,27,669600
2025-10-31,WH-ABJ,PRD-0092,29,719200
2025-10-31,WH-PHC,PRD-0092,13,322400
2025-10-31,WH-LAG1,PRD-0093,77,1493800
2025-10-31,WH-LAG2,PRD-0093,136,2638400
2025-10-31,WH-IBD,PRD-0093,79,1532600
2025-10-31,WH-ABJ,PRD-0093,95,1843000
2025-10-31,WH-PHC,PRD-0093,13,252200
2025-10-31,WH-LAG1,PRD-0094,22,413600
2025-10-31,WH-LAG2,PRD-0094,22,413600
2025-10-31,WH-IBD,PRD-0094,0,0
2025-10-31,WH-ABJ,PRD-0094,14,263200
2025-10-31,WH-PHC,PRD-0094,20,376000
2025-10-31,WH-LAG1,PRD-0095,20,338000
2025-10-31,WH-LAG2,PRD-0095,15,253500
2025-10-31,WH-IBD,PRD-0095,23,388700
2025-10-31,WH-ABJ,PRD-0095,16,270400
2025-10-31,WH-PHC,PRD-0095,16,270400
2025-10-31,WH-LAG1,PRD-0096,36,655200
2025-10-31,WH-LAG2,PRD-0096,9,163800
2025-10-31,WH-IBD,PRD-0096,14,254800
2025-10-31,WH-ABJ,PRD-0096,10,182000
2025-10-31,WH-PHC,PRD-0096,20,364000
2025-10-31,WH-LAG1,PRD-0097,16,284800
2025-10-31,WH-LAG2,PRD-0097,8,142400
2025-10-31,WH-IBD,PRD-0097,6,106800
2025-10-31,WH-ABJ,PRD-0097,16,284800
2025-10-31,WH-PHC,PRD-0097,20,356000
2025-10-31,WH-LAG1,PRD-0098,363,4864200
2025-10-31,WH-LAG2,PRD-0098,179,2398600
2025-10-31,WH-IBD,PRD-0098,69,924600
2025-10-31,WH-ABJ,PRD-0098,235,3149000
2025-10-31,WH-PHC,PRD-0098,9,120600
2025-10-31,WH-LAG1,PRD-0099,25,315000
2025-10-31,WH-LAG2,PRD-0099,32,403200
2025-10-31,WH-IBD,PRD-0099,26,327600
2025-10-31,WH-ABJ,PRD-0099,29,365400
2025-10-31,WH-PHC,PRD-0099,29,365400
2025-10-31,WH-LAG1,PRD-0100,71,1192800
2025-10-31,WH-LAG2,PRD-0100,285,4788000
2025-10-31,WH-IBD,PRD-0100,159,2671200
2025-10-31,WH-ABJ,PRD-0100,0,0
2025-10-31,WH-PHC,PRD-0100,141,2368800
2025-10-31,WH-LAG1,PRD-0101,27,496800
2025-10-31,WH-LAG2,PRD-0101,32,588800
2025-10-31,WH-IBD,PRD-0101,14,257600
2025-10-31,WH-ABJ,PRD-0101,25,460000
2025-10-31,WH-PHC,PRD-0101,29,533600
2025-10-31,WH-LAG1,PRD-0102,52,738400
2025-10-31,WH-LAG2,PRD-0102,24,340800
2025-10-31,WH-IBD,PRD-0102,52,738400
2025-10-31,WH-ABJ,PRD-0102,47,667400
2025-10-31,WH-PHC,PRD-0102,42,596400
2025-10-31,WH-LAG1,PRD-0103,165,4917000
2025-10-31,WH-LAG2,PRD-0103,38,1132400
2025-10-31,WH-IBD,PRD-0103,88,2622400
2025-10-31,WH-ABJ,PRD-0103,80,2384000
2025-10-31,WH-PHC,PRD-0103,31,923800
2025-10-31,WH-LAG1,PRD-0104,50,690000
2025-10-31,WH-LAG2,PRD-0104,14,193200
2025-10-31,WH-IBD,PRD-0104,8,110400
2025-10-31,WH-ABJ,PRD-0104,45,621000
2025-10-31,WH-PHC,PRD-0104,22,303600
2025-10-31,WH-LAG1,PRD-0105,0,0
2025-10-31,WH-LAG2,PRD-0105,23,795800
2025-10-31,WH-IBD,PRD-0105,30,1038000
2025-10-31,WH-ABJ,PRD-0105,42,1453200
2025-10-31,WH-PHC,PRD-0105,33,1141800
2025-10-31,WH-LAG1,PRD-0106,18,590400
2025-10-31,WH-LAG2,PRD-0106,29,951200
2025-10-31,WH-IBD,PRD-0106,23,754400
2025-10-31,WH-ABJ,PRD-0106,10,328000
2025-10-31,WH-PHC,PRD-0106,17,557600
2025-10-31,WH-LAG1,PRD-0107,38,1269200
2025-10-31,WH-LAG2,PRD-0107,26,868400
2025-10-31,WH-IBD,PRD-0107,17,567800
2025-10-31,WH-ABJ,PRD-0107,21,701400
2025-10-31,WH-PHC,PRD-0107,27,901800
2025-10-31,WH-LAG1,PRD-0108,140,3752000
2025-10-31,WH-LAG2,PRD-0108,174,4663200
2025-10-31,WH-IBD,PRD-0108,89,2385200
2025-10-31,WH-ABJ,PRD-0108,171,4582800
2025-10-31,WH-PHC,PRD-0108,153,4100400
2025-10-31,WH-LAG1,PRD-0109,154,4065600
2025-10-31,WH-LAG2,PRD-0109,53,1399200
2025-10-31,WH-IBD,PRD-0109,63,1663200
2025-10-31,WH-ABJ,PRD-0109,105,2772000
2025-10-31,WH-PHC,PRD-0109,73,1927200
2025-10-31,WH-LAG1,PRD-0110,60,1488000
2025-10-31,WH-LAG2,PRD-0110,31,768800
2025-10-31,WH-IBD,PRD-0110,15,372000
2025-10-31,WH-ABJ,PRD-0110,30,744000
2025-10-31,WH-PHC,PRD-0110,32,793600
2025-10-31,WH-LAG1,PRD-0111,156,1528800
2025-10-31,WH-LAG2,PRD-0111,35,343000
2025-10-31,WH-IBD,PRD-0111,32,313600
2025-10-31,WH-ABJ,PRD-0111,46,450800
2025-10-31,WH-PHC,PRD-0111,108,1058400
2025-10-31,WH-LAG1,PRD-0112,31,365800
2025-10-31,WH-LAG2,PRD-0112,13,153400
2025-10-31,WH-IBD,PRD-0112,12,141600
2025-10-31,WH-ABJ,PRD-0112,33,389400
2025-10-31,WH-PHC,PRD-0112,21,247800
2025-10-31,WH-LAG1,PRD-0113,32,275200
2025-10-31,WH-LAG2,PRD-0113,90,774000
2025-10-31,WH-IBD,PRD-0113,79,679400
2025-10-31,WH-ABJ,PRD-0113,13,111800
2025-10-31,WH-PHC,PRD-0113,135,1161000
2025-10-31,WH-LAG1,PRD-0114,17,207400
2025-10-31,WH-LAG2,PRD-0114,20,244000
2025-10-31,WH-IBD,PRD-0114,20,244000
2025-10-31,WH-ABJ,PRD-0114,27,329400
2025-10-31,WH-PHC,PRD-0114,6,73200
2025-10-31,WH-LAG1,PRD-0115,133,2181200
2025-10-31,WH-LAG2,PRD-0115,88,1443200
2025-10-31,WH-IBD,PRD-0115,51,836400
2025-10-31,WH-ABJ,PRD-0115,42,688800
2025-10-31,WH-PHC,PRD-0115,90,1476000
2025-10-31,WH-LAG1,PRD-0116,27,372600
2025-10-31,WH-LAG2,PRD-0116,40,552000
2025-10-31,WH-IBD,PRD-0116,59,814200
2025-10-31,WH-ABJ,PRD-0116,28,386400
2025-10-31,WH-PHC,PRD-0116,56,772800
2025-10-31,WH-LAG1,PRD-0117,118,1793600
2025-10-31,WH-LAG2,PRD-0117,20,304000
2025-10-31,WH-IBD,PRD-0117,50,760000
2025-10-31,WH-ABJ,PRD-0117,35,532000
2025-10-31,WH-PHC,PRD-0117,40,608000
2025-10-31,WH-LAG1,PRD-0118,274,4822400
2025-10-31,WH-LAG2,PRD-0118,23,404800
2025-10-31,WH-IBD,PRD-0118,42,739200
2025-10-31,WH-ABJ,PRD-0118,93,1636800
2025-10-31,WH-PHC,PRD-0118,117,2059200
2025-10-31,WH-LAG1,PRD-0119,14,263200
2025-10-31,WH-LAG2,PRD-0119,25,470000
2025-10-31,WH-IBD,PRD-0119,9,169200
2025-10-31,WH-ABJ,PRD-0119,26,488800
2025-10-31,WH-PHC,PRD-0119,19,357200
2025-10-31,WH-LAG1,PRD-0120,174,2157600
2025-10-31,WH-LAG2,PRD-0120,139,1723600
2025-10-31,WH-IBD,PRD-0120,48,595200
2025-10-31,WH-ABJ,PRD-0120,150,1860000
2025-10-31,WH-PHC,PRD-0120,32,396800
2025-10-31,WH-LAG1,PRD-0121,1,21600
2025-10-31,WH-LAG2,PRD-0121,134,2894400
2025-10-31,WH-IBD,PRD-0121,98,2116800
2025-10-31,WH-ABJ,PRD-0121,41,885600
2025-10-31,WH-PHC,PRD-0121,95,2052000
2025-10-31,WH-LAG1,PRD-0122,244,3611200
2025-10-31,WH-LAG2,PRD-0122,88,1302400
2025-10-31,WH-IBD,PRD-0122,91,1346800
2025-10-31,WH-ABJ,PRD-0122,83,1228400
2025-10-31,WH-PHC,PRD-0122,46,680800
2025-10-31,WH-LAG1,PRD-0123,122,1415200
2025-10-31,WH-LAG2,PRD-0123,32,371200
2025-10-31,WH-IBD,PRD-0123,31,359600
2025-10-31,WH-ABJ,PRD-0123,104,1206400
2025-10-31,WH-PHC,PRD-0123,63,730800
2025-10-31,WH-LAG1,PRD-0124,1,6800
2025-10-31,WH-LAG2,PRD-0124,18,122400
2025-10-31,WH-IBD,PRD-0124,22,149600
2025-10-31,WH-ABJ,PRD-0124,78,530400
2025-10-31,WH-PHC,PRD-0124,66,448800
2025-10-31,WH-LAG1,PRD-0125,479,6131200
2025-10-31,WH-LAG2,PRD-0125,127,1625600
2025-10-31,WH-IBD,PRD-0125,312,3993600
2025-10-31,WH-ABJ,PRD-0125,177,2265600
2025-10-31,WH-PHC,PRD-0125,138,1766400
2025-10-31,WH-LAG1,PRD-0126,91,2147600
2025-10-31,WH-LAG2,PRD-0126,46,1085600
2025-10-31,WH-IBD,PRD-0126,24,566400
2025-10-31,WH-ABJ,PRD-0126,51,1203600
2025-10-31,WH-PHC,PRD-0126,9,212400
2025-10-31,WH-LAG1,PRD-0127,58,765600
2025-10-31,WH-LAG2,PRD-0127,54,712800
2025-10-31,WH-IBD,PRD-0127,33,435600
2025-10-31,WH-ABJ,PRD-0127,17,224400
2025-10-31,WH-PHC,PRD-0127,20,264000
2025-10-31,WH-LAG1,PRD-0128,122,2049600
2025-10-31,WH-LAG2,PRD-0128,24,403200
2025-10-31,WH-IBD,PRD-0128,48,806400
2025-10-31,WH-ABJ,PRD-0128,94,1579200
2025-10-31,WH-PHC,PRD-0128,52,873600
2025-10-31,WH-LAG1,PRD-0129,26,400400
2025-10-31,WH-LAG2,PRD-0129,14,215600
2025-10-31,WH-IBD,PRD-0129,16,246400
2025-10-31,WH-ABJ,PRD-0129,26,400400
2025-10-31,WH-PHC,PRD-0129,9,138600
2025-10-31,WH-LAG1,PRD-0130,87,939600
2025-10-31,WH-LAG2,PRD-0130,29,313200
2025-10-31,WH-IBD,PRD-0130,31,334800
2025-10-31,WH-ABJ,PRD-0130,20,216000
2025-10-31,WH-PHC,PRD-0130,42,453600
2025-10-31,WH-LAG1,PRD-0131,19,486400
2025-10-31,WH-LAG2,PRD-0131,45,1152000
2025-10-31,WH-IBD,PRD-0131,78,1996800
2025-10-31,WH-ABJ,PRD-0131,95,2432000
2025-10-31,WH-PHC,PRD-0131,85,2176000
2025-10-31,WH-LAG1,PRD-0132,73,2292200
2025-10-31,WH-LAG2,PRD-0132,39,1224600
2025-10-31,WH-IBD,PRD-0132,31,973400
2025-10-31,WH-ABJ,PRD-0132,37,1161800
2025-10-31,WH-PHC,PRD-0132,20,628000
2025-10-31,WH-LAG1,PRD-0133,13,309400
2025-10-31,WH-LAG2,PRD-0133,44,1047200
2025-10-31,WH-IBD,PRD-0133,15,357000
2025-10-31,WH-ABJ,PRD-0133,19,452200
2025-10-31,WH-PHC,PRD-0133,47,1118600
2025-10-31,WH-LAG1,PRD-0134,40,1192000
2025-10-31,WH-LAG2,PRD-0134,40,1192000
2025-10-31,WH-IBD,PRD-0134,42,1251600
2025-10-31,WH-ABJ,PRD-0134,41,1221800
2025-10-31,WH-PHC,PRD-0134,23,685400
2025-10-31,WH-LAG1,PRD-0135,149,3933600
2025-10-31,WH-LAG2,PRD-0135,120,3168000
2025-10-31,WH-IBD,PRD-0135,81,2138400
2025-10-31,WH-ABJ,PRD-0135,126,3326400
2025-10-31,WH-PHC,PRD-0135,193,5095200
2025-10-31,WH-LAG1,PRD-0136,56,2385600
2025-10-31,WH-LAG2,PRD-0136,51,2172600
2025-10-31,WH-IBD,PRD-0136,67,2854200
2025-10-31,WH-ABJ,PRD-0136,57,2428200
2025-10-31,WH-PHC,PRD-0136,60,2556000
2025-10-31,WH-LAG1,PRD-0137,129,3121800
2025-10-31,WH-LAG2,PRD-0137,23,556600
2025-10-31,WH-IBD,PRD-0137,82,1984400
2025-10-31,WH-ABJ,PRD-0137,19,459800
2025-10-31,WH-PHC,PRD-0137,76,1839200
2025-10-31,WH-LAG1,PRD-0138,117,2550600
2025-10-31,WH-LAG2,PRD-0138,91,1983800
2025-10-31,WH-IBD,PRD-0138,48,1046400
2025-10-31,WH-ABJ,PRD-0138,117,2550600
2025-10-31,WH-PHC,PRD-0138,69,1504200
2025-10-31,WH-LAG1,PRD-0139,114,3283200
2025-10-31,WH-LAG2,PRD-0139,67,1929600
2025-10-31,WH-IBD,PRD-0139,22,633600
2025-10-31,WH-ABJ,PRD-0139,21,604800
2025-10-31,WH-PHC,PRD-0139,16,460800
2025-10-31,WH-LAG1,PRD-0140,32,748800
2025-10-31,WH-LAG2,PRD-0140,20,468000
2025-10-31,WH-IBD,PRD-0140,42,982800
2025-10-31,WH-ABJ,PRD-0140,50,1170000
2025-10-31,WH-PHC,PRD-0140,28,655200
2025-10-31,WH-LAG1,PRD-0141,55,1694000
2025-10-31,WH-LAG2,PRD-0141,41,1262800
2025-10-31,WH-IBD,PRD-0141,11,338800
2025-10-31,WH-ABJ,PRD-0141,59,1817200
2025-10-31,WH-PHC,PRD-0141,34,1047200
2025-10-31,WH-LAG1,PRD-0142,311,13932800
2025-10-31,WH-LAG2,PRD-0142,50,2240000
2025-10-31,WH-IBD,PRD-0142,30,1344000
2025-10-31,WH-ABJ,PRD-0142,84,3763200
2025-10-31,WH-PHC,PRD-0142,34,1523200
2025-10-31,WH-LAG1,PRD-0143,0,0
2025-10-31,WH-LAG2,PRD-0143,62,2554400
2025-10-31,WH-IBD,PRD-0143,34,1400800
2025-10-31,WH-ABJ,PRD-0143,66,2719200
2025-10-31,WH-PHC,PRD-0143,23,947600
2025-10-31,WH-LAG1,PRD-0144,89,2385200
2025-10-31,WH-LAG2,PRD-0144,47,1259600
2025-10-31,WH-IBD,PRD-0144,27,723600
2025-10-31,WH-ABJ,PRD-0144,46,1232800
2025-10-31,WH-PHC,PRD-0144,17,455600
2025-10-31,WH-LAG1,PRD-0145,217,5511800
2025-10-31,WH-LAG2,PRD-0145,59,1498600
2025-10-31,WH-IBD,PRD-0145,71,1803400
2025-10-31,WH-ABJ,PRD-0145,93,2362200
2025-10-31,WH-PHC,PRD-0145,111,2819400
2025-10-31,WH-LAG1,PRD-0146,42,1167600
2025-10-31,WH-LAG2,PRD-0146,25,695000
2025-10-31,WH-IBD,PRD-0146,16,444800
2025-10-31,WH-ABJ,PRD-0146,22,611600
2025-10-31,WH-PHC,PRD-0146,13,361400
2025-10-31,WH-LAG1,PRD-0147,0,0
2025-10-31,WH-LAG2,PRD-0147,55,1518000
2025-10-31,WH-IBD,PRD-0147,51,1407600
2025-10-31,WH-ABJ,PRD-0147,50,1380000
2025-10-31,WH-PHC,PRD-0147,21,579600
2025-10-31,WH-LAG1,PRD-0148,60,1428000
2025-10-31,WH-LAG2,PRD-0148,15,357000
2025-10-31,WH-IBD,PRD-0148,49,1166200
2025-10-31,WH-ABJ,PRD-0148,54,1285200
2025-10-31,WH-PHC,PRD-0148,15,357000
2025-10-31,WH-LAG1,PRD-0149,38,1512400
2025-10-31,WH-LAG2,PRD-0149,19,756200
2025-10-31,WH-IBD,PRD-0149,10,398000
2025-10-31,WH-ABJ,PRD-0149,11,437800
2025-10-31,WH-PHC,PRD-0149,17,676600
2025-10-31,WH-LAG1,PRD-0150,210,8064000
2025-10-31,WH-LAG2,PRD-0150,25,960000
2025-10-31,WH-IBD,PRD-0150,82,3148800
2025-10-31,WH-ABJ,PRD-0150,43,1651200
2025-10-31,WH-PHC,PRD-0150,62,2380800
2025-10-31,WH-LAG1,PRD-0151,374,12940400
2025-10-31,WH-LAG2,PRD-0151,844,29202400
2025-10-31,WH-IBD,PRD-0151,223,7715800
2025-10-31,WH-ABJ,PRD-0151,473,16365800
2025-10-31,WH-PHC,PRD-0151,417,14428200
2025-10-31,WH-LAG1,PRD-0152,77,1663200
2025-10-31,WH-LAG2,PRD-0152,14,302400
2025-10-31,WH-IBD,PRD-0152,48,1036800
2025-10-31,WH-ABJ,PRD-0152,61,1317600
2025-10-31,WH-PHC,PRD-0152,47,1015200
2025-10-31,WH-LAG1,PRD-0153,285,5358000
2025-10-31,WH-LAG2,PRD-0153,167,3139600
2025-10-31,WH-IBD,PRD-0153,145,2726000
2025-10-31,WH-ABJ,PRD-0153,221,4154800
2025-10-31,WH-PHC,PRD-0153,74,1391200
2025-10-31,WH-LAG1,PRD-0154,68,2284800
2025-10-31,WH-LAG2,PRD-0154,41,1377600
2025-10-31,WH-IBD,PRD-0154,0,0
2025-10-31,WH-ABJ,PRD-0154,64,2150400
2025-10-31,WH-PHC,PRD-0154,66,2217600
2025-10-31,WH-LAG1,PRD-0155,43,2270400
2025-10-31,WH-LAG2,PRD-0155,59,3115200
2025-10-31,WH-IBD,PRD-0155,23,1214400
2025-10-31,WH-ABJ,PRD-0155,52,2745600
2025-10-31,WH-PHC,PRD-0155,22,1161600
2025-10-31,WH-LAG1,PRD-0156,179,7983400
2025-10-31,WH-LAG2,PRD-0156,177,7894200
2025-10-31,WH-IBD,PRD-0156,21,936600
2025-10-31,WH-ABJ,PRD-0156,258,11506800
2025-10-31,WH-PHC,PRD-0156,56,2497600
2025-10-31,WH-LAG1,PRD-0157,67,1259600
2025-10-31,WH-LAG2,PRD-0157,17,319600
2025-10-31,WH-IBD,PRD-0157,29,545200
2025-10-31,WH-ABJ,PRD-0157,96,1804800
2025-10-31,WH-PHC,PRD-0157,26,488800
2025-10-31,WH-LAG1,PRD-0158,22,580800
2025-10-31,WH-LAG2,PRD-0158,7,184800
2025-10-31,WH-IBD,PRD-0158,27,712800
2025-10-31,WH-ABJ,PRD-0158,28,739200
2025-10-31,WH-PHC,PRD-0158,31,818400
2025-10-31,WH-LAG1,PRD-0159,59,1168200
2025-10-31,WH-LAG2,PRD-0159,18,356400
2025-10-31,WH-IBD,PRD-0159,55,1089000
2025-10-31,WH-ABJ,PRD-0159,66,1306800
2025-10-31,WH-PHC,PRD-0159,49,970200
2025-10-31,WH-LAG1,PRD-0160,256,6553600
2025-10-31,WH-LAG2,PRD-0160,80,2048000
2025-10-31,WH-IBD,PRD-0160,117,2995200
2025-10-31,WH-ABJ,PRD-0160,233,5964800
2025-10-31,WH-PHC,PRD-0160,63,1612800
2025-10-31,WH-LAG1,PRD-0161,504,13708800
2025-10-31,WH-LAG2,PRD-0161,182,4950400
2025-10-31,WH-IBD,PRD-0161,100,2720000
2025-10-31,WH-ABJ,PRD-0161,215,5848000
2025-10-31,WH-PHC,PRD-0161,208,5657600
2025-10-31,WH-LAG1,PRD-0162,29,690200
2025-10-31,WH-LAG2,PRD-0162,58,1380400
2025-10-31,WH-IBD,PRD-0162,45,1071000
2025-10-31,WH-ABJ,PRD-0162,81,1927800
2025-10-31,WH-PHC,PRD-0162,3,71400
2025-10-31,WH-LAG1,PRD-0163,8,172800
2025-10-31,WH-LAG2,PRD-0163,6,129600
2025-10-31,WH-IBD,PRD-0163,46,993600
2025-10-31,WH-ABJ,PRD-0163,46,993600
2025-10-31,WH-PHC,PRD-0163,62,1339200
2025-10-31,WH-LAG1,PRD-0164,106,1780800
2025-10-31,WH-LAG2,PRD-0164,42,705600
2025-10-31,WH-IBD,PRD-0164,22,369600
2025-10-31,WH-ABJ,PRD-0164,54,907200
2025-10-31,WH-PHC,PRD-0164,54,907200
2025-10-31,WH-LAG1,PRD-0165,157,3045800
2025-10-31,WH-LAG2,PRD-0165,61,1183400
2025-10-31,WH-IBD,PRD-0165,140,2716000
2025-10-31,WH-ABJ,PRD-0165,124,2405600
2025-10-31,WH-PHC,PRD-0165,172,3336800
2025-10-31,WH-LAG1,PRD-0166,112,2441600
2025-10-31,WH-LAG2,PRD-0166,76,1656800
2025-10-31,WH-IBD,PRD-0166,47,1024600
2025-10-31,WH-ABJ,PRD-0166,180,3924000
2025-10-31,WH-PHC,PRD-0166,66,1438800
2025-10-31,WH-LAG1,PRD-0167,73,788400
2025-10-31,WH-LAG2,PRD-0167,28,302400
2025-10-31,WH-IBD,PRD-0167,29,313200
2025-10-31,WH-ABJ,PRD-0167,48,518400
2025-10-31,WH-PHC,PRD-0167,16,172800
2025-10-31,WH-LAG1,PRD-0168,27,421200
2025-10-31,WH-LAG2,PRD-0168,15,234000
2025-10-31,WH-IBD,PRD-0168,28,436800
2025-10-31,WH-ABJ,PRD-0168,37,577200
2025-10-31,WH-PHC,PRD-0168,35,546000
2025-10-31,WH-LAG1,PRD-0169,105,1407000
2025-10-31,WH-LAG2,PRD-0169,51,683400
2025-10-31,WH-IBD,PRD-0169,11,147400
2025-10-31,WH-ABJ,PRD-0169,53,710200
2025-10-31,WH-PHC,PRD-0169,34,455600
2025-10-31,WH-LAG1,PRD-0170,43,610600
2025-10-31,WH-LAG2,PRD-0170,61,866200
2025-10-31,WH-IBD,PRD-0170,39,553800
2025-10-31,WH-ABJ,PRD-0170,68,965600
2025-10-31,WH-PHC,PRD-0170,56,795200
2025-11-30,WH-LAG1,PRD-0001,48,201600
2025-11-30,WH-LAG2,PRD-0001,0,0
2025-11-30,WH-IBD,PRD-0001,18,75600
2025-11-30,WH-ABJ,PRD-0001,69,289800
2025-11-30,WH-PHC,PRD-0001,10,42000
2025-11-30,WH-LAG1,PRD-0002,39,159900
2025-11-30,WH-LAG2,PRD-0002,32,131200
2025-11-30,WH-IBD,PRD-0002,27,110700
2025-11-30,WH-ABJ,PRD-0002,21,86100
2025-11-30,WH-PHC,PRD-0002,27,110700
2025-11-30,WH-LAG1,PRD-0003,15,61500
2025-11-30,WH-LAG2,PRD-0003,4,16400
2025-11-30,WH-IBD,PRD-0003,7,28700
2025-11-30,WH-ABJ,PRD-0003,21,86100
2025-11-30,WH-PHC,PRD-0003,22,90200
2025-11-30,WH-LAG1,PRD-0004,431,1680900
2025-11-30,WH-LAG2,PRD-0004,97,378300
2025-11-30,WH-IBD,PRD-0004,156,608400
2025-11-30,WH-ABJ,PRD-0004,145,565500
2025-11-30,WH-PHC,PRD-0004,221,861900
2025-11-30,WH-LAG1,PRD-0005,44,114400
2025-11-30,WH-LAG2,PRD-0005,0,0
2025-11-30,WH-IBD,PRD-0005,46,119600
2025-11-30,WH-ABJ,PRD-0005,91,236600
2025-11-30,WH-PHC,PRD-0005,67,174200
2025-11-30,WH-LAG1,PRD-0006,48,120000
2025-11-30,WH-LAG2,PRD-0006,27,67500
2025-11-30,WH-IBD,PRD-0006,8,20000
2025-11-30,WH-ABJ,PRD-0006,12,30000
2025-11-30,WH-PHC,PRD-0006,32,80000
2025-11-30,WH-LAG1,PRD-0007,107,1476600
2025-11-30,WH-LAG2,PRD-0007,50,690000
2025-11-30,WH-IBD,PRD-0007,77,1062600
2025-11-30,WH-ABJ,PRD-0007,71,979800
2025-11-30,WH-PHC,PRD-0007,86,1186800
2025-11-30,WH-LAG1,PRD-0008,26,351000
2025-11-30,WH-LAG2,PRD-0008,50,675000
2025-11-30,WH-IBD,PRD-0008,33,445500
2025-11-30,WH-ABJ,PRD-0008,50,675000
2025-11-30,WH-PHC,PRD-0008,21,283500
2025-11-30,WH-LAG1,PRD-0009,44,624800
2025-11-30,WH-LAG2,PRD-0009,38,539600
2025-11-30,WH-IBD,PRD-0009,30,426000
2025-11-30,WH-ABJ,PRD-0009,30,426000
2025-11-30,WH-PHC,PRD-0009,18,255600
2025-11-30,WH-LAG1,PRD-0010,25,330000
2025-11-30,WH-LAG2,PRD-0010,0,0
2025-11-30,WH-IBD,PRD-0010,23,303600
2025-11-30,WH-ABJ,PRD-0010,6,79200
2025-11-30,WH-PHC,PRD-0010,13,171600
2025-11-30,WH-LAG1,PRD-0011,194,2696600
2025-11-30,WH-LAG2,PRD-0011,53,736700
2025-11-30,WH-IBD,PRD-0011,95,1320500
2025-11-30,WH-ABJ,PRD-0011,41,569900
2025-11-30,WH-PHC,PRD-0011,84,1167600
2025-11-30,WH-LAG1,PRD-0012,39,561600
2025-11-30,WH-LAG2,PRD-0012,21,302400
2025-11-30,WH-IBD,PRD-0012,42,604800
2025-11-30,WH-ABJ,PRD-0012,9,129600
2025-11-30,WH-PHC,PRD-0012,27,388800
2025-11-30,WH-LAG1,PRD-0013,9,88200
2025-11-30,WH-LAG2,PRD-0013,19,186200
2025-11-30,WH-IBD,PRD-0013,25,245000
2025-11-30,WH-ABJ,PRD-0013,17,166600
2025-11-30,WH-PHC,PRD-0013,3,29400
2025-11-30,WH-LAG1,PRD-0014,20,224000
2025-11-30,WH-LAG2,PRD-0014,15,168000
2025-11-30,WH-IBD,PRD-0014,6,67200
2025-11-30,WH-ABJ,PRD-0014,5,56000
2025-11-30,WH-PHC,PRD-0014,8,89600
2025-11-30,WH-LAG1,PRD-0015,81,558900
2025-11-30,WH-LAG2,PRD-0015,29,200100
2025-11-30,WH-IBD,PRD-0015,32,220800
2025-11-30,WH-ABJ,PRD-0015,64,441600
2025-11-30,WH-PHC,PRD-0015,52,358800
2025-11-30,WH-LAG1,PRD-0016,199,6865500
2025-11-30,WH-LAG2,PRD-0016,10,345000
2025-11-30,WH-IBD,PRD-0016,57,1966500
2025-11-30,WH-ABJ,PRD-0016,65,2242500
2025-11-30,WH-PHC,PRD-0016,43,1483500
2025-11-30,WH-LAG1,PRD-0017,16,508800
2025-11-30,WH-LAG2,PRD-0017,24,763200
2025-11-30,WH-IBD,PRD-0017,39,1240200
2025-11-30,WH-ABJ,PRD-0017,54,1717200
2025-11-30,WH-PHC,PRD-0017,34,1081200
2025-11-30,WH-LAG1,PRD-0018,63,3036600
2025-11-30,WH-LAG2,PRD-0018,29,1397800
2025-11-30,WH-IBD,PRD-0018,148,7133600
2025-11-30,WH-ABJ,PRD-0018,119,5735800
2025-11-30,WH-PHC,PRD-0018,92,4434400
2025-11-30,WH-LAG1,PRD-0019,24,633600
2025-11-30,WH-LAG2,PRD-0019,46,1214400
2025-11-30,WH-IBD,PRD-0019,79,2085600
2025-11-30,WH-ABJ,PRD-0019,41,1082400
2025-11-30,WH-PHC,PRD-0019,74,1953600
2025-11-30,WH-LAG1,PRD-0020,81,1927800
2025-11-30,WH-LAG2,PRD-0020,116,2760800
2025-11-30,WH-IBD,PRD-0020,102,2427600
2025-11-30,WH-ABJ,PRD-0020,101,2403800
2025-11-30,WH-PHC,PRD-0020,94,2237200
2025-11-30,WH-LAG1,PRD-0021,71,1050800
2025-11-30,WH-LAG2,PRD-0021,55,814000
2025-11-30,WH-IBD,PRD-0021,39,577200
2025-11-30,WH-ABJ,PRD-0021,8,118400
2025-11-30,WH-PHC,PRD-0021,64,947200
2025-11-30,WH-LAG1,PRD-0022,14,134400
2025-11-30,WH-LAG2,PRD-0022,16,153600
2025-11-30,WH-IBD,PRD-0022,6,57600
2025-11-30,WH-ABJ,PRD-0022,28,268800
2025-11-30,WH-PHC,PRD-0022,27,259200
2025-11-30,WH-LAG1,PRD-0023,135,1809000
2025-11-30,WH-LAG2,PRD-0023,61,817400
2025-11-30,WH-IBD,PRD-0023,45,603000
2025-11-30,WH-ABJ,PRD-0023,123,1648200
2025-11-30,WH-PHC,PRD-0023,86,1152400
2025-11-30,WH-LAG1,PRD-0024,73,569400
2025-11-30,WH-LAG2,PRD-0024,44,343200
2025-11-30,WH-IBD,PRD-0024,18,140400
2025-11-30,WH-ABJ,PRD-0024,19,148200
2025-11-30,WH-PHC,PRD-0024,17,132600
2025-11-30,WH-LAG1,PRD-0025,43,184900
2025-11-30,WH-LAG2,PRD-0025,44,189200
2025-11-30,WH-IBD,PRD-0025,14,60200
2025-11-30,WH-ABJ,PRD-0025,18,77400
2025-11-30,WH-PHC,PRD-0025,1,4300
2025-11-30,WH-LAG1,PRD-0026,74,266400
2025-11-30,WH-LAG2,PRD-0026,55,198000
2025-11-30,WH-IBD,PRD-0026,28,100800
2025-11-30,WH-ABJ,PRD-0026,31,111600
2025-11-30,WH-PHC,PRD-0026,31,111600
2025-11-30,WH-LAG1,PRD-0027,16,60800
2025-11-30,WH-LAG2,PRD-0027,24,91200
2025-11-30,WH-IBD,PRD-0027,19,72200
2025-11-30,WH-ABJ,PRD-0027,21,79800
2025-11-30,WH-PHC,PRD-0027,23,87400
2025-11-30,WH-LAG1,PRD-0028,96,384000
2025-11-30,WH-LAG2,PRD-0028,65,260000
2025-11-30,WH-IBD,PRD-0028,23,92000
2025-11-30,WH-ABJ,PRD-0028,38,152000
2025-11-30,WH-PHC,PRD-0028,21,84000
2025-11-30,WH-LAG1,PRD-0029,29,258100
2025-11-30,WH-LAG2,PRD-0029,35,311500
2025-11-30,WH-IBD,PRD-0029,3,26700
2025-11-30,WH-ABJ,PRD-0029,16,142400
2025-11-30,WH-PHC,PRD-0029,30,267000
2025-11-30,WH-LAG1,PRD-0030,21,451500
2025-11-30,WH-LAG2,PRD-0030,26,559000
2025-11-30,WH-IBD,PRD-0030,23,494500
2025-11-30,WH-ABJ,PRD-0030,28,602000
2025-11-30,WH-PHC,PRD-0030,4,86000
2025-11-30,WH-LAG1,PRD-0031,235,7097000
2025-11-30,WH-LAG2,PRD-0031,122,3684400
2025-11-30,WH-IBD,PRD-0031,43,1298600
2025-11-30,WH-ABJ,PRD-0031,40,1208000
2025-11-30,WH-PHC,PRD-0031,94,2838800
2025-11-30,WH-LAG1,PRD-0032,21,352800
2025-11-30,WH-LAG2,PRD-0032,28,470400
2025-11-30,WH-IBD,PRD-0032,10,168000
2025-11-30,WH-ABJ,PRD-0032,12,201600
2025-11-30,WH-PHC,PRD-0032,0,0
2025-11-30,WH-LAG1,PRD-0033,132,1240800
2025-11-30,WH-LAG2,PRD-0033,6,56400
2025-11-30,WH-IBD,PRD-0033,51,479400
2025-11-30,WH-ABJ,PRD-0033,53,498200
2025-11-30,WH-PHC,PRD-0033,74,695600
2025-11-30,WH-LAG1,PRD-0034,28,361200
2025-11-30,WH-LAG2,PRD-0034,12,154800
2025-11-30,WH-IBD,PRD-0034,31,399900
2025-11-30,WH-ABJ,PRD-0034,15,193500
2025-11-30,WH-PHC,PRD-0034,6,77400
2025-11-30,WH-LAG1,PRD-0035,43,507400
2025-11-30,WH-LAG2,PRD-0035,53,625400
2025-11-30,WH-IBD,PRD-0035,52,613600
2025-11-30,WH-ABJ,PRD-0035,97,1144600
2025-11-30,WH-PHC,PRD-0035,43,507400
2025-11-30,WH-LAG1,PRD-0036,24,374400
2025-11-30,WH-LAG2,PRD-0036,51,795600
2025-11-30,WH-IBD,PRD-0036,0,0
2025-11-30,WH-ABJ,PRD-0036,27,421200
2025-11-30,WH-PHC,PRD-0036,70,1092000
2025-11-30,WH-LAG1,PRD-0037,184,3643200
2025-11-30,WH-LAG2,PRD-0037,58,1148400
2025-11-30,WH-IBD,PRD-0037,48,950400
2025-11-30,WH-ABJ,PRD-0037,127,2514600
2025-11-30,WH-PHC,PRD-0037,59,1168200
2025-11-30,WH-LAG1,PRD-0038,14,166600
2025-11-30,WH-LAG2,PRD-0038,4,47600
2025-11-30,WH-IBD,PRD-0038,6,71400
2025-11-30,WH-ABJ,PRD-0038,26,309400
2025-11-30,WH-PHC,PRD-0038,15,178500
2025-11-30,WH-LAG1,PRD-0039,306,3794400
2025-11-30,WH-LAG2,PRD-0039,61,756400
2025-11-30,WH-IBD,PRD-0039,0,0
2025-11-30,WH-ABJ,PRD-0039,137,1698800
2025-11-30,WH-PHC,PRD-0039,147,1822800
2025-11-30,WH-LAG1,PRD-0040,60,672000
2025-11-30,WH-LAG2,PRD-0040,38,425600
2025-11-30,WH-IBD,PRD-0040,18,201600
2025-11-30,WH-ABJ,PRD-0040,42,470400
2025-11-30,WH-PHC,PRD-0040,21,235200
2025-11-30,WH-LAG1,PRD-0041,36,187200
2025-11-30,WH-LAG2,PRD-0041,43,223600
2025-11-30,WH-IBD,PRD-0041,43,223600
2025-11-30,WH-ABJ,PRD-0041,30,156000
2025-11-30,WH-PHC,PRD-0041,24,124800
2025-11-30,WH-LAG1,PRD-0042,28,613200
2025-11-30,WH-LAG2,PRD-0042,17,372300
2025-11-30,WH-IBD,PRD-0042,15,328500
2025-11-30,WH-ABJ,PRD-0042,22,481800
2025-11-30,WH-PHC,PRD-0042,18,394200
2025-11-30,WH-LAG1,PRD-0043,79,1200800
2025-11-30,WH-LAG2,PRD-0043,30,456000
2025-11-30,WH-IBD,PRD-0043,51,775200
2025-11-30,WH-ABJ,PRD-0043,53,805600
2025-11-30,WH-PHC,PRD-0043,42,638400
2025-11-30,WH-LAG1,PRD-0044,16,108800
2025-11-30,WH-LAG2,PRD-0044,15,102000
2025-11-30,WH-IBD,PRD-0044,8,54400
2025-11-30,WH-ABJ,PRD-0044,13,88400
2025-11-30,WH-PHC,PRD-0044,0,0
2025-11-30,WH-LAG1,PRD-0045,123,762600
2025-11-30,WH-LAG2,PRD-0045,0,0
2025-11-30,WH-IBD,PRD-0045,0,0
2025-11-30,WH-ABJ,PRD-0045,113,700600
2025-11-30,WH-PHC,PRD-0045,42,260400
2025-11-30,WH-LAG1,PRD-0046,49,676200
2025-11-30,WH-LAG2,PRD-0046,16,220800
2025-11-30,WH-IBD,PRD-0046,27,372600
2025-11-30,WH-ABJ,PRD-0046,13,179400
2025-11-30,WH-PHC,PRD-0046,61,841800
2025-11-30,WH-LAG1,PRD-0047,79,1279800
2025-11-30,WH-LAG2,PRD-0047,50,810000
2025-11-30,WH-IBD,PRD-0047,43,696600
2025-11-30,WH-ABJ,PRD-0047,61,988200
2025-11-30,WH-PHC,PRD-0047,20,324000
2025-11-30,WH-LAG1,PRD-0048,129,1870500
2025-11-30,WH-LAG2,PRD-0048,10,145000
2025-11-30,WH-IBD,PRD-0048,59,855500
2025-11-30,WH-ABJ,PRD-0048,41,594500
2025-11-30,WH-PHC,PRD-0048,41,594500
2025-11-30,WH-LAG1,PRD-0049,49,681100
2025-11-30,WH-LAG2,PRD-0049,8,111200
2025-11-30,WH-IBD,PRD-0049,46,639400
2025-11-30,WH-ABJ,PRD-0049,27,375300
2025-11-30,WH-PHC,PRD-0049,69,959100
2025-11-30,WH-LAG1,PRD-0050,79,363400
2025-11-30,WH-LAG2,PRD-0050,18,82800
2025-11-30,WH-IBD,PRD-0050,6,27600
2025-11-30,WH-ABJ,PRD-0050,23,105800
2025-11-30,WH-PHC,PRD-0050,24,110400
2025-11-30,WH-LAG1,PRD-0051,345,12006000
2025-11-30,WH-LAG2,PRD-0051,51,1774800
2025-11-30,WH-IBD,PRD-0051,38,1322400
2025-11-30,WH-ABJ,PRD-0051,105,3654000
2025-11-30,WH-PHC,PRD-0051,84,2923200
2025-11-30,WH-LAG1,PRD-0052,28,949200
2025-11-30,WH-LAG2,PRD-0052,0,0
2025-11-30,WH-IBD,PRD-0052,12,406800
2025-11-30,WH-ABJ,PRD-0052,20,678000
2025-11-30,WH-PHC,PRD-0052,4,135600
2025-11-30,WH-LAG1,PRD-0053,32,1049600
2025-11-30,WH-LAG2,PRD-0053,29,951200
2025-11-30,WH-IBD,PRD-0053,7,229600
2025-11-30,WH-ABJ,PRD-0053,19,623200
2025-11-30,WH-PHC,PRD-0053,20,656000
2025-11-30,WH-LAG1,PRD-0054,59,802400
2025-11-30,WH-LAG2,PRD-0054,5,68000
2025-11-30,WH-IBD,PRD-0054,17,231200
2025-11-30,WH-ABJ,PRD-0054,14,190400
2025-11-30,WH-PHC,PRD-0054,18,244800
2025-11-30,WH-LAG1,PRD-0055,51,703800
2025-11-30,WH-LAG2,PRD-0055,27,372600
2025-11-30,WH-IBD,PRD-0055,39,538200
2025-11-30,WH-ABJ,PRD-0055,15,207000
2025-11-30,WH-PHC,PRD-0055,61,841800
2025-11-30,WH-LAG1,PRD-0056,42,898800
2025-11-30,WH-LAG2,PRD-0056,39,834600
2025-11-30,WH-IBD,PRD-0056,16,342400
2025-11-30,WH-ABJ,PRD-0056,30,642000
2025-11-30,WH-PHC,PRD-0056,13,278200
2025-11-30,WH-LAG1,PRD-0057,126,1990800
2025-11-30,WH-LAG2,PRD-0057,45,711000
2025-11-30,WH-IBD,PRD-0057,89,1406200
2025-11-30,WH-ABJ,PRD-0057,62,979600
2025-11-30,WH-PHC,PRD-0057,91,1437800
2025-11-30,WH-LAG1,PRD-0058,96,1430400
2025-11-30,WH-LAG2,PRD-0058,33,491700
2025-11-30,WH-IBD,PRD-0058,13,193700
2025-11-30,WH-ABJ,PRD-0058,28,417200
2025-11-30,WH-PHC,PRD-0058,42,625800
2025-11-30,WH-LAG1,PRD-0059,40,1700000
2025-11-30,WH-LAG2,PRD-0059,75,3187500
2025-11-30,WH-IBD,PRD-0059,22,935000
2025-11-30,WH-ABJ,PRD-0059,68,2890000
2025-11-30,WH-PHC,PRD-0059,51,2167500
2025-11-30,WH-LAG1,PRD-0060,233,11137400
2025-11-30,WH-LAG2,PRD-0060,43,2055400
2025-11-30,WH-IBD,PRD-0060,154,7361200
2025-11-30,WH-ABJ,PRD-0060,129,6166200
2025-11-30,WH-PHC,PRD-0060,94,4493200
2025-11-30,WH-LAG1,PRD-0061,121,1548800
2025-11-30,WH-LAG2,PRD-0061,195,2496000
2025-11-30,WH-IBD,PRD-0061,85,1088000
2025-11-30,WH-ABJ,PRD-0061,205,2624000
2025-11-30,WH-PHC,PRD-0061,6,76800
2025-11-30,WH-LAG1,PRD-0062,103,1400800
2025-11-30,WH-LAG2,PRD-0062,95,1292000
2025-11-30,WH-IBD,PRD-0062,31,421600
2025-11-30,WH-ABJ,PRD-0062,118,1604800
2025-11-30,WH-PHC,PRD-0062,104,1414400
2025-11-30,WH-LAG1,PRD-0063,16,190400
2025-11-30,WH-LAG2,PRD-0063,38,452200
2025-11-30,WH-IBD,PRD-0063,70,833000
2025-11-30,WH-ABJ,PRD-0063,27,321300
2025-11-30,WH-PHC,PRD-0063,23,273700
2025-11-30,WH-LAG1,PRD-0064,133,4096400
2025-11-30,WH-LAG2,PRD-0064,79,2433200
2025-11-30,WH-IBD,PRD-0064,24,739200
2025-11-30,WH-ABJ,PRD-0064,79,2433200
2025-11-30,WH-PHC,PRD-0064,98,3018400
2025-11-30,WH-LAG1,PRD-0065,41,1082400
2025-11-30,WH-LAG2,PRD-0065,18,475200
2025-11-30,WH-IBD,PRD-0065,29,765600
2025-11-30,WH-ABJ,PRD-0065,64,1689600
2025-11-30,WH-PHC,PRD-0065,107,2824800
2025-11-30,WH-LAG1,PRD-0066,11,486200
2025-11-30,WH-LAG2,PRD-0066,7,309400
2025-11-30,WH-IBD,PRD-0066,10,442000
2025-11-30,WH-ABJ,PRD-0066,8,353600
2025-11-30,WH-PHC,PRD-0066,11,486200
2025-11-30,WH-LAG1,PRD-0067,124,1289600
2025-11-30,WH-LAG2,PRD-0067,51,530400
2025-11-30,WH-IBD,PRD-0067,73,759200
2025-11-30,WH-ABJ,PRD-0067,95,988000
2025-11-30,WH-PHC,PRD-0067,94,977600
2025-11-30,WH-LAG1,PRD-0068,172,2270400
2025-11-30,WH-LAG2,PRD-0068,95,1254000
2025-11-30,WH-IBD,PRD-0068,97,1280400
2025-11-30,WH-ABJ,PRD-0068,98,1293600
2025-11-30,WH-PHC,PRD-0068,53,699600
2025-11-30,WH-LAG1,PRD-0069,18,248400
2025-11-30,WH-LAG2,PRD-0069,22,303600
2025-11-30,WH-IBD,PRD-0069,13,179400
2025-11-30,WH-ABJ,PRD-0069,9,124200
2025-11-30,WH-PHC,PRD-0069,0,0
2025-11-30,WH-LAG1,PRD-0070,102,1570800
2025-11-30,WH-LAG2,PRD-0070,39,600600
2025-11-30,WH-IBD,PRD-0070,35,539000
2025-11-30,WH-ABJ,PRD-0070,23,354200
2025-11-30,WH-PHC,PRD-0070,22,338800
2025-11-30,WH-LAG1,PRD-0071,10,148000
2025-11-30,WH-LAG2,PRD-0071,16,236800
2025-11-30,WH-IBD,PRD-0071,20,296000
2025-11-30,WH-ABJ,PRD-0071,20,296000
2025-11-30,WH-PHC,PRD-0071,11,162800
2025-11-30,WH-LAG1,PRD-0072,42,1369200
2025-11-30,WH-LAG2,PRD-0072,49,1597400
2025-11-30,WH-IBD,PRD-0072,29,945400
2025-11-30,WH-ABJ,PRD-0072,31,1010600
2025-11-30,WH-PHC,PRD-0072,33,1075800
2025-11-30,WH-LAG1,PRD-0073,30,894000
2025-11-30,WH-LAG2,PRD-0073,8,238400
2025-11-30,WH-IBD,PRD-0073,20,596000
2025-11-30,WH-ABJ,PRD-0073,28,834400
2025-11-30,WH-PHC,PRD-0073,0,0
2025-11-30,WH-LAG1,PRD-0074,103,3028200
2025-11-30,WH-LAG2,PRD-0074,59,1734600
2025-11-30,WH-IBD,PRD-0074,0,0
2025-11-30,WH-ABJ,PRD-0074,91,2675400
2025-11-30,WH-PHC,PRD-0074,86,2528400
2025-11-30,WH-LAG1,PRD-0075,1,26800
2025-11-30,WH-LAG2,PRD-0075,22,589600
2025-11-30,WH-IBD,PRD-0075,20,536000
2025-11-30,WH-ABJ,PRD-0075,14,375200
2025-11-30,WH-PHC,PRD-0075,0,0
2025-11-30,WH-LAG1,PRD-0076,67,1567800
2025-11-30,WH-LAG2,PRD-0076,82,1918800
2025-11-30,WH-IBD,PRD-0076,81,1895400
2025-11-30,WH-ABJ,PRD-0076,88,2059200
2025-11-30,WH-PHC,PRD-0076,78,1825200
2025-11-30,WH-LAG1,PRD-0077,426,10905600
2025-11-30,WH-LAG2,PRD-0077,130,3328000
2025-11-30,WH-IBD,PRD-0077,153,3916800
2025-11-30,WH-ABJ,PRD-0077,283,7244800
2025-11-30,WH-PHC,PRD-0077,175,4480000
2025-11-30,WH-LAG1,PRD-0078,188,5226400
2025-11-30,WH-LAG2,PRD-0078,85,2363000
2025-11-30,WH-IBD,PRD-0078,42,1167600
2025-11-30,WH-ABJ,PRD-0078,31,861800
2025-11-30,WH-PHC,PRD-0078,43,1195400
2025-11-30,WH-LAG1,PRD-0079,97,3734500
2025-11-30,WH-LAG2,PRD-0079,62,2387000
2025-11-30,WH-IBD,PRD-0079,12,462000
2025-11-30,WH-ABJ,PRD-0079,80,3080000
2025-11-30,WH-PHC,PRD-0079,55,2117500
2025-11-30,WH-LAG1,PRD-0080,88,1724800
2025-11-30,WH-LAG2,PRD-0080,21,411600
2025-11-30,WH-IBD,PRD-0080,26,509600
2025-11-30,WH-ABJ,PRD-0080,0,0
2025-11-30,WH-PHC,PRD-0080,25,490000
2025-11-30,WH-LAG1,PRD-0081,174,5637600
2025-11-30,WH-LAG2,PRD-0081,78,2527200
2025-11-30,WH-IBD,PRD-0081,53,1717200
2025-11-30,WH-ABJ,PRD-0081,35,1134000
2025-11-30,WH-PHC,PRD-0081,53,1717200
2025-11-30,WH-LAG1,PRD-0082,168,4334400
2025-11-30,WH-LAG2,PRD-0082,120,3096000
2025-11-30,WH-IBD,PRD-0082,15,387000
2025-11-30,WH-ABJ,PRD-0082,113,2915400
2025-11-30,WH-PHC,PRD-0082,103,2657400
2025-11-30,WH-LAG1,PRD-0083,281,5170400
2025-11-30,WH-LAG2,PRD-0083,24,441600
2025-11-30,WH-IBD,PRD-0083,113,2079200
2025-11-30,WH-ABJ,PRD-0083,8,147200
2025-11-30,WH-PHC,PRD-0083,62,1140800
2025-11-30,WH-LAG1,PRD-0084,164,3542400
2025-11-30,WH-LAG2,PRD-0084,126,2721600
2025-11-30,WH-IBD,PRD-0084,102,2203200
2025-11-30,WH-ABJ,PRD-0084,66,1425600
2025-11-30,WH-PHC,PRD-0084,92,1987200
2025-11-30,WH-LAG1,PRD-0085,133,3484600
2025-11-30,WH-LAG2,PRD-0085,46,1205200
2025-11-30,WH-IBD,PRD-0085,36,943200
2025-11-30,WH-ABJ,PRD-0085,113,2960600
2025-11-30,WH-PHC,PRD-0085,113,2960600
2025-11-30,WH-LAG1,PRD-0086,171,4069800
2025-11-30,WH-LAG2,PRD-0086,195,4641000
2025-11-30,WH-IBD,PRD-0086,78,1856400
2025-11-30,WH-ABJ,PRD-0086,315,7497000
2025-11-30,WH-PHC,PRD-0086,143,3403400
2025-11-30,WH-LAG1,PRD-0087,17,319600
2025-11-30,WH-LAG2,PRD-0087,26,488800
2025-11-30,WH-IBD,PRD-0087,6,112800
2025-11-30,WH-ABJ,PRD-0087,23,432400
2025-11-30,WH-PHC,PRD-0087,8,150400
2025-11-30,WH-LAG1,PRD-0088,59,731600
2025-11-30,WH-LAG2,PRD-0088,14,173600
2025-11-30,WH-IBD,PRD-0088,24,297600
2025-11-30,WH-ABJ,PRD-0088,26,322400
2025-11-30,WH-PHC,PRD-0088,45,558000
2025-11-30,WH-LAG1,PRD-0089,49,548800
2025-11-30,WH-LAG2,PRD-0089,12,134400
2025-11-30,WH-IBD,PRD-0089,28,313600
2025-11-30,WH-ABJ,PRD-0089,14,156800
2025-11-30,WH-PHC,PRD-0089,47,526400
2025-11-30,WH-LAG1,PRD-0090,688,19676800
2025-11-30,WH-LAG2,PRD-0090,337,9638200
2025-11-30,WH-IBD,PRD-0090,338,9666800
2025-11-30,WH-ABJ,PRD-0090,1265,36179000
2025-11-30,WH-PHC,PRD-0090,562,16073200
2025-11-30,WH-LAG1,PRD-0091,184,3974400
2025-11-30,WH-LAG2,PRD-0091,413,8920800
2025-11-30,WH-IBD,PRD-0091,49,1058400
2025-11-30,WH-ABJ,PRD-0091,110,2376000
2025-11-30,WH-PHC,PRD-0091,67,1447200
2025-11-30,WH-LAG1,PRD-0092,34,843200
2025-11-30,WH-LAG2,PRD-0092,126,3124800
2025-11-30,WH-IBD,PRD-0092,15,372000
2025-11-30,WH-ABJ,PRD-0092,25,620000
2025-11-30,WH-PHC,PRD-0092,41,1016800
2025-11-30,WH-LAG1,PRD-0093,231,4481400
2025-11-30,WH-LAG2,PRD-0093,523,10146200
2025-11-30,WH-IBD,PRD-0093,48,931200
2025-11-30,WH-ABJ,PRD-0093,53,1028200
2025-11-30,WH-PHC,PRD-0093,65,1261000
2025-11-30,WH-LAG1,PRD-0094,22,413600
2025-11-30,WH-LAG2,PRD-0094,81,1522800
2025-11-30,WH-IBD,PRD-0094,20,376000
2025-11-30,WH-ABJ,PRD-0094,14,263200
2025-11-30,WH-PHC,PRD-0094,26,488800
2025-11-30,WH-LAG1,PRD-0095,48,811200
2025-11-30,WH-LAG2,PRD-0095,75,1267500
2025-11-30,WH-IBD,PRD-0095,23,388700
2025-11-30,WH-ABJ,PRD-0095,16,270400
2025-11-30,WH-PHC,PRD-0095,16,270400
2025-11-30,WH-LAG1,PRD-0096,36,655200
2025-11-30,WH-LAG2,PRD-0096,54,982800
2025-11-30,WH-IBD,PRD-0096,17,309400
2025-11-30,WH-ABJ,PRD-0096,0,0
2025-11-30,WH-PHC,PRD-0096,7,127400
2025-11-30,WH-LAG1,PRD-0097,50,890000
2025-11-30,WH-LAG2,PRD-0097,71,1263800
2025-11-30,WH-IBD,PRD-0097,28,498400
2025-11-30,WH-ABJ,PRD-0097,16,284800
2025-11-30,WH-PHC,PRD-0097,18,320400
2025-11-30,WH-LAG1,PRD-0098,250,3350000
2025-11-30,WH-LAG2,PRD-0098,904,12113600
2025-11-30,WH-IBD,PRD-0098,21,281400
2025-11-30,WH-ABJ,PRD-0098,178,2385200
2025-11-30,WH-PHC,PRD-0098,113,1514200
2025-11-30,WH-LAG1,PRD-0099,25,315000
2025-11-30,WH-LAG2,PRD-0099,88,1108800
2025-11-30,WH-IBD,PRD-0099,26,327600
2025-11-30,WH-ABJ,PRD-0099,29,365400
2025-11-30,WH-PHC,PRD-0099,29,365400
2025-11-30,WH-LAG1,PRD-0100,423,7106400
2025-11-30,WH-LAG2,PRD-0100,1396,23452800
2025-11-30,WH-IBD,PRD-0100,125,2100000
2025-11-30,WH-ABJ,PRD-0100,290,4872000
2025-11-30,WH-PHC,PRD-0100,28,470400
2025-11-30,WH-LAG1,PRD-0101,22,404800
2025-11-30,WH-LAG2,PRD-0101,100,1840000
2025-11-30,WH-IBD,PRD-0101,14,257600
2025-11-30,WH-ABJ,PRD-0101,16,294400
2025-11-30,WH-PHC,PRD-0101,2,36800
2025-11-30,WH-LAG1,PRD-0102,144,2044800
2025-11-30,WH-LAG2,PRD-0102,350,4970000
2025-11-30,WH-IBD,PRD-0102,42,596400
2025-11-30,WH-ABJ,PRD-0102,25,355000
2025-11-30,WH-PHC,PRD-0102,0,0
2025-11-30,WH-LAG1,PRD-0103,144,4291200
2025-11-30,WH-LAG2,PRD-0103,327,9744600
2025-11-30,WH-IBD,PRD-0103,83,2473400
2025-11-30,WH-ABJ,PRD-0103,36,1072800
2025-11-30,WH-PHC,PRD-0103,12,357600
2025-11-30,WH-LAG1,PRD-0104,40,552000
2025-11-30,WH-LAG2,PRD-0104,89,1228200
2025-11-30,WH-IBD,PRD-0104,8,110400
2025-11-30,WH-ABJ,PRD-0104,45,621000
2025-11-30,WH-PHC,PRD-0104,14,193200
2025-11-30,WH-LAG1,PRD-0105,13,449800
2025-11-30,WH-LAG2,PRD-0105,115,3979000
2025-11-30,WH-IBD,PRD-0105,30,1038000
2025-11-30,WH-ABJ,PRD-0105,28,968800
2025-11-30,WH-PHC,PRD-0105,33,1141800
2025-11-30,WH-LAG1,PRD-0106,16,524800
2025-11-30,WH-LAG2,PRD-0106,77,2525600
2025-11-30,WH-IBD,PRD-0106,17,557600
2025-11-30,WH-ABJ,PRD-0106,25,820000
2025-11-30,WH-PHC,PRD-0106,13,426400
2025-11-30,WH-LAG1,PRD-0107,28,935200
2025-11-30,WH-LAG2,PRD-0107,102,3406800
2025-11-30,WH-IBD,PRD-0107,17,567800
2025-11-30,WH-ABJ,PRD-0107,21,701400
2025-11-30,WH-PHC,PRD-0107,27,901800
2025-11-30,WH-LAG1,PRD-0108,378,10130400
2025-11-30,WH-LAG2,PRD-0108,883,23664400
2025-11-30,WH-IBD,PRD-0108,158,4234400
2025-11-30,WH-ABJ,PRD-0108,114,3055200
2025-11-30,WH-PHC,PRD-0108,75,2010000
2025-11-30,WH-LAG1,PRD-0109,117,3088800
2025-11-30,WH-LAG2,PRD-0109,48,1267200
2025-11-30,WH-IBD,PRD-0109,61,1610400
2025-11-30,WH-ABJ,PRD-0109,91,2402400
2025-11-30,WH-PHC,PRD-0109,66,1742400
2025-11-30,WH-LAG1,PRD-0110,47,1165600
2025-11-30,WH-LAG2,PRD-0110,31,768800
2025-11-30,WH-IBD,PRD-0110,15,372000
2025-11-30,WH-ABJ,PRD-0110,30,744000
2025-11-30,WH-PHC,PRD-0110,28,694400
2025-11-30,WH-LAG1,PRD-0111,119,1166200
2025-11-30,WH-LAG2,PRD-0111,35,343000
2025-11-30,WH-IBD,PRD-0111,121,1185800
2025-11-30,WH-ABJ,PRD-0111,41,401800
2025-11-30,WH-PHC,PRD-0111,73,715400
2025-11-30,WH-LAG1,PRD-0112,31,365800
2025-11-30,WH-LAG2,PRD-0112,13,153400
2025-11-30,WH-IBD,PRD-0112,12,141600
2025-11-30,WH-ABJ,PRD-0112,33,389400
2025-11-30,WH-PHC,PRD-0112,8,94400
2025-11-30,WH-LAG1,PRD-0113,194,1668400
2025-11-30,WH-LAG2,PRD-0113,76,653600
2025-11-30,WH-IBD,PRD-0113,56,481600
2025-11-30,WH-ABJ,PRD-0113,102,877200
2025-11-30,WH-PHC,PRD-0113,107,920200
2025-11-30,WH-LAG1,PRD-0114,0,0
2025-11-30,WH-LAG2,PRD-0114,20,244000
2025-11-30,WH-IBD,PRD-0114,16,195200
2025-11-30,WH-ABJ,PRD-0114,27,329400
2025-11-30,WH-PHC,PRD-0114,6,73200
2025-11-30,WH-LAG1,PRD-0115,103,1689200
2025-11-30,WH-LAG2,PRD-0115,75,1230000
2025-11-30,WH-IBD,PRD-0115,26,426400
2025-11-30,WH-ABJ,PRD-0115,0,0
2025-11-30,WH-PHC,PRD-0115,47,770800
2025-11-30,WH-LAG1,PRD-0116,19,262200
2025-11-30,WH-LAG2,PRD-0116,40,552000
2025-11-30,WH-IBD,PRD-0116,43,593400
2025-11-30,WH-ABJ,PRD-0116,28,386400
2025-11-30,WH-PHC,PRD-0116,56,772800
2025-11-30,WH-LAG1,PRD-0117,80,1216000
2025-11-30,WH-LAG2,PRD-0117,20,304000
2025-11-30,WH-IBD,PRD-0117,50,760000
2025-11-30,WH-ABJ,PRD-0117,31,471200
2025-11-30,WH-PHC,PRD-0117,40,608000
2025-11-30,WH-LAG1,PRD-0118,246,4329600
2025-11-30,WH-LAG2,PRD-0118,43,756800
2025-11-30,WH-IBD,PRD-0118,162,2851200
2025-11-30,WH-ABJ,PRD-0118,58,1020800
2025-11-30,WH-PHC,PRD-0118,76,1337600
2025-11-30,WH-LAG1,PRD-0119,14,263200
2025-11-30,WH-LAG2,PRD-0119,25,470000
2025-11-30,WH-IBD,PRD-0119,9,169200
2025-11-30,WH-ABJ,PRD-0119,26,488800
2025-11-30,WH-PHC,PRD-0119,15,282000
2025-11-30,WH-LAG1,PRD-0120,58,719200
2025-11-30,WH-LAG2,PRD-0120,113,1401200
2025-11-30,WH-IBD,PRD-0120,146,1810400
2025-11-30,WH-ABJ,PRD-0120,145,1798000
2025-11-30,WH-PHC,PRD-0120,157,1946800
2025-11-30,WH-LAG1,PRD-0121,216,4665600
2025-11-30,WH-LAG2,PRD-0121,57,1231200
2025-11-30,WH-IBD,PRD-0121,57,1231200
2025-11-30,WH-ABJ,PRD-0121,172,3715200
2025-11-30,WH-PHC,PRD-0121,56,1209600
2025-11-30,WH-LAG1,PRD-0122,200,2960000
2025-11-30,WH-LAG2,PRD-0122,65,962000
2025-11-30,WH-IBD,PRD-0122,91,1346800
2025-11-30,WH-ABJ,PRD-0122,40,592000
2025-11-30,WH-PHC,PRD-0122,11,162800
2025-11-30,WH-LAG1,PRD-0123,101,1171600
2025-11-30,WH-LAG2,PRD-0123,0,0
2025-11-30,WH-IBD,PRD-0123,31,359600
2025-11-30,WH-ABJ,PRD-0123,91,1055600
2025-11-30,WH-PHC,PRD-0123,58,672800
2025-11-30,WH-LAG1,PRD-0124,72,489600
2025-11-30,WH-LAG2,PRD-0124,34,231200
2025-11-30,WH-IBD,PRD-0124,22,149600
2025-11-30,WH-ABJ,PRD-0124,59,401200
2025-11-30,WH-PHC,PRD-0124,61,414800
2025-11-30,WH-LAG1,PRD-0125,1101,14092800
2025-11-30,WH-LAG2,PRD-0125,395,5056000
2025-11-30,WH-IBD,PRD-0125,149,1907200
2025-11-30,WH-ABJ,PRD-0125,0,0
2025-11-30,WH-PHC,PRD-0125,372,4761600
2025-11-30,WH-LAG1,PRD-0126,56,1321600
2025-11-30,WH-LAG2,PRD-0126,37,873200
2025-11-30,WH-IBD,PRD-0126,24,566400
2025-11-30,WH-ABJ,PRD-0126,44,1038400
2025-11-30,WH-PHC,PRD-0126,50,1180000
2025-11-30,WH-LAG1,PRD-0127,0,0
2025-11-30,WH-LAG2,PRD-0127,54,712800
2025-11-30,WH-IBD,PRD-0127,30,396000
2025-11-30,WH-ABJ,PRD-0127,57,752400
2025-11-30,WH-PHC,PRD-0127,46,607200
2025-11-30,WH-LAG1,PRD-0128,77,1293600
2025-11-30,WH-LAG2,PRD-0128,59,991200
2025-11-30,WH-IBD,PRD-0128,9,151200
2025-11-30,WH-ABJ,PRD-0128,83,1394400
2025-11-30,WH-PHC,PRD-0128,52,873600
2025-11-30,WH-LAG1,PRD-0129,21,323400
2025-11-30,WH-LAG2,PRD-0129,14,215600
2025-11-30,WH-IBD,PRD-0129,10,154000
2025-11-30,WH-ABJ,PRD-0129,26,400400
2025-11-30,WH-PHC,PRD-0129,7,107800
2025-11-30,WH-LAG1,PRD-0130,87,939600
2025-11-30,WH-LAG2,PRD-0130,23,248400
2025-11-30,WH-IBD,PRD-0130,25,270000
2025-11-30,WH-ABJ,PRD-0130,59,637200
2025-11-30,WH-PHC,PRD-0130,5,54000
2025-11-30,WH-LAG1,PRD-0131,188,4812800
2025-11-30,WH-LAG2,PRD-0131,38,972800
2025-11-30,WH-IBD,PRD-0131,71,1817600
2025-11-30,WH-ABJ,PRD-0131,95,2432000
2025-11-30,WH-PHC,PRD-0131,51,1305600
2025-11-30,WH-LAG1,PRD-0132,69,2166600
2025-11-30,WH-LAG2,PRD-0132,19,596600
2025-11-30,WH-IBD,PRD-0132,21,659400
2025-11-30,WH-ABJ,PRD-0132,37,1161800
2025-11-30,WH-PHC,PRD-0132,20,628000
2025-11-30,WH-LAG1,PRD-0133,66,1570800
2025-11-30,WH-LAG2,PRD-0133,42,999600
2025-11-30,WH-IBD,PRD-0133,15,357000
2025-11-30,WH-ABJ,PRD-0133,14,333200
2025-11-30,WH-PHC,PRD-0133,47,1118600
2025-11-30,WH-LAG1,PRD-0134,34,1013200
2025-11-30,WH-LAG2,PRD-0134,19,566200
2025-11-30,WH-IBD,PRD-0134,42,1251600
2025-11-30,WH-ABJ,PRD-0134,41,1221800
2025-11-30,WH-PHC,PRD-0134,23,685400
2025-11-30,WH-LAG1,PRD-0135,75,1980000
2025-11-30,WH-LAG2,PRD-0135,69,1821600
2025-11-30,WH-IBD,PRD-0135,29,765600
2025-11-30,WH-ABJ,PRD-0135,68,1795200
2025-11-30,WH-PHC,PRD-0135,151,3986400
2025-11-30,WH-LAG1,PRD-0136,43,1831800
2025-11-30,WH-LAG2,PRD-0136,49,2087400
2025-11-30,WH-IBD,PRD-0136,67,2854200
2025-11-30,WH-ABJ,PRD-0136,57,2428200
2025-11-30,WH-PHC,PRD-0136,60,2556000
2025-11-30,WH-LAG1,PRD-0137,106,2565200
2025-11-30,WH-LAG2,PRD-0137,7,169400
2025-11-30,WH-IBD,PRD-0137,82,1984400
2025-11-30,WH-ABJ,PRD-0137,84,2032800
2025-11-30,WH-PHC,PRD-0137,76,1839200
2025-11-30,WH-LAG1,PRD-0138,72,1569600
2025-11-30,WH-LAG2,PRD-0138,83,1809400
2025-11-30,WH-IBD,PRD-0138,48,1046400
2025-11-30,WH-ABJ,PRD-0138,108,2354400
2025-11-30,WH-PHC,PRD-0138,58,1264400
2025-11-30,WH-LAG1,PRD-0139,108,3110400
2025-11-30,WH-LAG2,PRD-0139,67,1929600
2025-11-30,WH-IBD,PRD-0139,19,547200
2025-11-30,WH-ABJ,PRD-0139,4,115200
2025-11-30,WH-PHC,PRD-0139,91,2620800
2025-11-30,WH-LAG1,PRD-0140,21,491400
2025-11-30,WH-LAG2,PRD-0140,20,468000
2025-11-30,WH-IBD,PRD-0140,40,936000
2025-11-30,WH-ABJ,PRD-0140,37,865800
2025-11-30,WH-PHC,PRD-0140,28,655200
2025-11-30,WH-LAG1,PRD-0141,0,0
2025-11-30,WH-LAG2,PRD-0141,12,369600
2025-11-30,WH-IBD,PRD-0141,60,1848000
2025-11-30,WH-ABJ,PRD-0141,56,1724800
2025-11-30,WH-PHC,PRD-0141,27,831600
2025-11-30,WH-LAG1,PRD-0142,307,13753600
2025-11-30,WH-LAG2,PRD-0142,189,8467200
2025-11-30,WH-IBD,PRD-0142,85,3808000
2025-11-30,WH-ABJ,PRD-0142,109,4883200
2025-11-30,WH-PHC,PRD-0142,66,2956800
2025-11-30,WH-LAG1,PRD-0143,104,4284800
2025-11-30,WH-LAG2,PRD-0143,40,1648000
2025-11-30,WH-IBD,PRD-0143,34,1400800
2025-11-30,WH-ABJ,PRD-0143,56,2307200
2025-11-30,WH-PHC,PRD-0143,15,618000
2025-11-30,WH-LAG1,PRD-0144,46,1232800
2025-11-30,WH-LAG2,PRD-0144,47,1259600
2025-11-30,WH-IBD,PRD-0144,17,455600
2025-11-30,WH-ABJ,PRD-0144,45,1206000
2025-11-30,WH-PHC,PRD-0144,0,0
2025-11-30,WH-LAG1,PRD-0145,141,3581400
2025-11-30,WH-LAG2,PRD-0145,59,1498600
2025-11-30,WH-IBD,PRD-0145,49,1244600
2025-11-30,WH-ABJ,PRD-0145,13,330200
2025-11-30,WH-PHC,PRD-0145,49,1244600
2025-11-30,WH-LAG1,PRD-0146,29,806200
2025-11-30,WH-LAG2,PRD-0146,25,695000
2025-11-30,WH-IBD,PRD-0146,14,389200
2025-11-30,WH-ABJ,PRD-0146,22,611600
2025-11-30,WH-PHC,PRD-0146,47,1306600
2025-11-30,WH-LAG1,PRD-0147,63,1738800
2025-11-30,WH-LAG2,PRD-0147,52,1435200
2025-11-30,WH-IBD,PRD-0147,51,1407600
2025-11-30,WH-ABJ,PRD-0147,37,1021200
2025-11-30,WH-PHC,PRD-0147,42,1159200
2025-11-30,WH-LAG1,PRD-0148,45,1071000
2025-11-30,WH-LAG2,PRD-0148,15,357000
2025-11-30,WH-IBD,PRD-0148,48,1142400
2025-11-30,WH-ABJ,PRD-0148,42,999600
2025-11-30,WH-PHC,PRD-0148,26,618800
2025-11-30,WH-LAG1,PRD-0149,48,1910400
2025-11-30,WH-LAG2,PRD-0149,17,676600
2025-11-30,WH-IBD,PRD-0149,10,398000
2025-11-30,WH-ABJ,PRD-0149,11,437800
2025-11-30,WH-PHC,PRD-0149,14,557200
2025-11-30,WH-LAG1,PRD-0150,139,5337600
2025-11-30,WH-LAG2,PRD-0150,75,2880000
2025-11-30,WH-IBD,PRD-0150,48,1843200
2025-11-30,WH-ABJ,PRD-0150,104,3993600
2025-11-30,WH-PHC,PRD-0150,62,2380800
2025-11-30,WH-LAG1,PRD-0151,1508,52176800
2025-11-30,WH-LAG2,PRD-0151,578,19998800
2025-11-30,WH-IBD,PRD-0151,499,17265400
2025-11-30,WH-ABJ,PRD-0151,232,8027200
2025-11-30,WH-PHC,PRD-0151,265,9169000
2025-11-30,WH-LAG1,PRD-0152,54,1166400
2025-11-30,WH-LAG2,PRD-0152,32,691200
2025-11-30,WH-IBD,PRD-0152,48,1036800
2025-11-30,WH-ABJ,PRD-0152,46,993600
2025-11-30,WH-PHC,PRD-0152,28,604800
2025-11-30,WH-LAG1,PRD-0153,180,3384000
2025-11-30,WH-LAG2,PRD-0153,64,1203200
2025-11-30,WH-IBD,PRD-0153,125,2350000
2025-11-30,WH-ABJ,PRD-0153,121,2274800
2025-11-30,WH-PHC,PRD-0153,241,4530800
2025-11-30,WH-LAG1,PRD-0154,58,1948800
2025-11-30,WH-LAG2,PRD-0154,18,604800
2025-11-30,WH-IBD,PRD-0154,52,1747200
2025-11-30,WH-ABJ,PRD-0154,59,1982400
2025-11-30,WH-PHC,PRD-0154,40,1344000
2025-11-30,WH-LAG1,PRD-0155,146,7708800
2025-11-30,WH-LAG2,PRD-0155,45,2376000
2025-11-30,WH-IBD,PRD-0155,16,844800
2025-11-30,WH-ABJ,PRD-0155,19,1003200
2025-11-30,WH-PHC,PRD-0155,29,1531200
2025-11-30,WH-LAG1,PRD-0156,144,6422400
2025-11-30,WH-LAG2,PRD-0156,87,3880200
2025-11-30,WH-IBD,PRD-0156,87,3880200
2025-11-30,WH-ABJ,PRD-0156,240,10704000
2025-11-30,WH-PHC,PRD-0156,173,7715800
2025-11-30,WH-LAG1,PRD-0157,65,1222000
2025-11-30,WH-LAG2,PRD-0157,80,1504000
2025-11-30,WH-IBD,PRD-0157,10,188000
2025-11-30,WH-ABJ,PRD-0157,81,1522800
2025-11-30,WH-PHC,PRD-0157,68,1278400
2025-11-30,WH-LAG1,PRD-0158,49,1293600
2025-11-30,WH-LAG2,PRD-0158,7,184800
2025-11-30,WH-IBD,PRD-0158,27,712800
2025-11-30,WH-ABJ,PRD-0158,30,792000
2025-11-30,WH-PHC,PRD-0158,31,818400
2025-11-30,WH-LAG1,PRD-0159,59,1168200
2025-11-30,WH-LAG2,PRD-0159,16,316800
2025-11-30,WH-IBD,PRD-0159,55,1089000
2025-11-30,WH-ABJ,PRD-0159,64,1267200
2025-11-30,WH-PHC,PRD-0159,49,970200
2025-11-30,WH-LAG1,PRD-0160,165,4224000
2025-11-30,WH-LAG2,PRD-0160,45,1152000
2025-11-30,WH-IBD,PRD-0160,93,2380800
2025-11-30,WH-ABJ,PRD-0160,95,2432000
2025-11-30,WH-PHC,PRD-0160,241,6169600
2025-11-30,WH-LAG1,PRD-0161,234,6364800
2025-11-30,WH-LAG2,PRD-0161,15,408000
2025-11-30,WH-IBD,PRD-0161,247,6718400
2025-11-30,WH-ABJ,PRD-0161,496,13491200
2025-11-30,WH-PHC,PRD-0161,336,9139200
2025-11-30,WH-LAG1,PRD-0162,133,3165400
2025-11-30,WH-LAG2,PRD-0162,43,1023400
2025-11-30,WH-IBD,PRD-0162,30,714000
2025-11-30,WH-ABJ,PRD-0162,62,1475600
2025-11-30,WH-PHC,PRD-0162,51,1213800
2025-11-30,WH-LAG1,PRD-0163,98,2116800
2025-11-30,WH-LAG2,PRD-0163,22,475200
2025-11-30,WH-IBD,PRD-0163,34,734400
2025-11-30,WH-ABJ,PRD-0163,38,820800
2025-11-30,WH-PHC,PRD-0163,33,712800
2025-11-30,WH-LAG1,PRD-0164,99,1663200
2025-11-30,WH-LAG2,PRD-0164,42,705600
2025-11-30,WH-IBD,PRD-0164,22,369600
2025-11-30,WH-ABJ,PRD-0164,53,890400
2025-11-30,WH-PHC,PRD-0164,54,907200
2025-11-30,WH-LAG1,PRD-0165,68,1319200
2025-11-30,WH-LAG2,PRD-0165,26,504400
2025-11-30,WH-IBD,PRD-0165,105,2037000
2025-11-30,WH-ABJ,PRD-0165,118,2289200
2025-11-30,WH-PHC,PRD-0165,129,2502600
2025-11-30,WH-LAG1,PRD-0166,347,7564600
2025-11-30,WH-LAG2,PRD-0166,133,2899400
2025-11-30,WH-IBD,PRD-0166,179,3902200
2025-11-30,WH-ABJ,PRD-0166,137,2986600
2025-11-30,WH-PHC,PRD-0166,65,1417000
2025-11-30,WH-LAG1,PRD-0167,12,129600
2025-11-30,WH-LAG2,PRD-0167,19,205200
2025-11-30,WH-IBD,PRD-0167,29,313200
2025-11-30,WH-ABJ,PRD-0167,30,324000
2025-11-30,WH-PHC,PRD-0167,33,356400
2025-11-30,WH-LAG1,PRD-0168,18,280800
2025-11-30,WH-LAG2,PRD-0168,15,234000
2025-11-30,WH-IBD,PRD-0168,28,436800
2025-11-30,WH-ABJ,PRD-0168,37,577200
2025-11-30,WH-PHC,PRD-0168,16,249600
2025-11-30,WH-LAG1,PRD-0169,90,1206000
2025-11-30,WH-LAG2,PRD-0169,41,549400
2025-11-30,WH-IBD,PRD-0169,8,107200
2025-11-30,WH-ABJ,PRD-0169,42,562800
2025-11-30,WH-PHC,PRD-0169,79,1058600
2025-11-30,WH-LAG1,PRD-0170,120,1704000
2025-11-30,WH-LAG2,PRD-0170,59,837800
2025-11-30,WH-IBD,PRD-0170,36,511200
2025-11-30,WH-ABJ,PRD-0170,51,724200
2025-11-30,WH-PHC,PRD-0170,30,426000
2025-12-31,WH-LAG1,PRD-0001,12,50400
2025-12-31,WH-LAG2,PRD-0001,22,92400
2025-12-31,WH-IBD,PRD-0001,10,42000
2025-12-31,WH-ABJ,PRD-0001,69,289800
2025-12-31,WH-PHC,PRD-0001,36,151200
2025-12-31,WH-LAG1,PRD-0002,24,98400
2025-12-31,WH-LAG2,PRD-0002,32,131200
2025-12-31,WH-IBD,PRD-0002,15,61500
2025-12-31,WH-ABJ,PRD-0002,0,0
2025-12-31,WH-PHC,PRD-0002,6,24600
2025-12-31,WH-LAG1,PRD-0003,5,20500
2025-12-31,WH-LAG2,PRD-0003,4,16400
2025-12-31,WH-IBD,PRD-0003,6,24600
2025-12-31,WH-ABJ,PRD-0003,20,82000
2025-12-31,WH-PHC,PRD-0003,22,90200
2025-12-31,WH-LAG1,PRD-0004,243,947700
2025-12-31,WH-LAG2,PRD-0004,207,807300
2025-12-31,WH-IBD,PRD-0004,115,448500
2025-12-31,WH-ABJ,PRD-0004,47,183300
2025-12-31,WH-PHC,PRD-0004,132,514800
2025-12-31,WH-LAG1,PRD-0005,172,447200
2025-12-31,WH-LAG2,PRD-0005,76,197600
2025-12-31,WH-IBD,PRD-0005,39,101400
2025-12-31,WH-ABJ,PRD-0005,72,187200
2025-12-31,WH-PHC,PRD-0005,19,49400
2025-12-31,WH-LAG1,PRD-0006,44,110000
2025-12-31,WH-LAG2,PRD-0006,14,35000
2025-12-31,WH-IBD,PRD-0006,29,72500
2025-12-31,WH-ABJ,PRD-0006,43,107500
2025-12-31,WH-PHC,PRD-0006,32,80000
2025-12-31,WH-LAG1,PRD-0007,62,855600
2025-12-31,WH-LAG2,PRD-0007,22,303600
2025-12-31,WH-IBD,PRD-0007,47,648600
2025-12-31,WH-ABJ,PRD-0007,33,455400
2025-12-31,WH-PHC,PRD-0007,42,579600
2025-12-31,WH-LAG1,PRD-0008,77,1039500
2025-12-31,WH-LAG2,PRD-0008,30,405000
2025-12-31,WH-IBD,PRD-0008,19,256500
2025-12-31,WH-ABJ,PRD-0008,10,135000
2025-12-31,WH-PHC,PRD-0008,42,567000
2025-12-31,WH-LAG1,PRD-0009,44,624800
2025-12-31,WH-LAG2,PRD-0009,25,355000
2025-12-31,WH-IBD,PRD-0009,30,426000
2025-12-31,WH-ABJ,PRD-0009,30,426000
2025-12-31,WH-PHC,PRD-0009,9,127800
2025-12-31,WH-LAG1,PRD-0010,25,330000
2025-12-31,WH-LAG2,PRD-0010,23,303600
2025-12-31,WH-IBD,PRD-0010,23,303600
2025-12-31,WH-ABJ,PRD-0010,33,435600
2025-12-31,WH-PHC,PRD-0010,13,171600
2025-12-31,WH-LAG1,PRD-0011,135,1876500
2025-12-31,WH-LAG2,PRD-0011,25,347500
2025-12-31,WH-IBD,PRD-0011,63,875700
2025-12-31,WH-ABJ,PRD-0011,105,1459500
2025-12-31,WH-PHC,PRD-0011,77,1070300
2025-12-31,WH-LAG1,PRD-0012,22,316800
2025-12-31,WH-LAG2,PRD-0012,9,129600
2025-12-31,WH-IBD,PRD-0012,38,547200
2025-12-31,WH-ABJ,PRD-0012,61,878400
2025-12-31,WH-PHC,PRD-0012,7,100800
2025-12-31,WH-LAG1,PRD-0013,36,352800
2025-12-31,WH-LAG2,PRD-0013,1,9800
2025-12-31,WH-IBD,PRD-0013,15,147000
2025-12-31,WH-ABJ,PRD-0013,11,107800
2025-12-31,WH-PHC,PRD-0013,31,303800
2025-12-31,WH-LAG1,PRD-0014,20,224000
2025-12-31,WH-LAG2,PRD-0014,15,168000
2025-12-31,WH-IBD,PRD-0014,6,67200
2025-12-31,WH-ABJ,PRD-0014,5,56000
2025-12-31,WH-PHC,PRD-0014,8,89600
2025-12-31,WH-LAG1,PRD-0015,73,503700
2025-12-31,WH-LAG2,PRD-0015,9,62100
2025-12-31,WH-IBD,PRD-0015,32,220800
2025-12-31,WH-ABJ,PRD-0015,51,351900
2025-12-31,WH-PHC,PRD-0015,52,358800
2025-12-31,WH-LAG1,PRD-0016,73,2518500
2025-12-31,WH-LAG2,PRD-0016,152,5244000
2025-12-31,WH-IBD,PRD-0016,101,3484500
2025-12-31,WH-ABJ,PRD-0016,155,5347500
2025-12-31,WH-PHC,PRD-0016,100,3450000
2025-12-31,WH-LAG1,PRD-0017,58,1844400
2025-12-31,WH-LAG2,PRD-0017,2,63600
2025-12-31,WH-IBD,PRD-0017,38,1208400
2025-12-31,WH-ABJ,PRD-0017,6,190800
2025-12-31,WH-PHC,PRD-0017,0,0
2025-12-31,WH-LAG1,PRD-0018,144,6940800
2025-12-31,WH-LAG2,PRD-0018,94,4530800
2025-12-31,WH-IBD,PRD-0018,82,3952400
2025-12-31,WH-ABJ,PRD-0018,103,4964600
2025-12-31,WH-PHC,PRD-0018,61,2940200
2025-12-31,WH-LAG1,PRD-0019,121,3194400
2025-12-31,WH-LAG2,PRD-0019,24,633600
2025-12-31,WH-IBD,PRD-0019,70,1848000
2025-12-31,WH-ABJ,PRD-0019,20,528000
2025-12-31,WH-PHC,PRD-0019,59,1557600
2025-12-31,WH-LAG1,PRD-0020,237,5640600
2025-12-31,WH-LAG2,PRD-0020,66,1570800
2025-12-31,WH-IBD,PRD-0020,68,1618400
2025-12-31,WH-ABJ,PRD-0020,16,380800
2025-12-31,WH-PHC,PRD-0020,75,1785000
2025-12-31,WH-LAG1,PRD-0021,22,325600
2025-12-31,WH-LAG2,PRD-0021,50,740000
2025-12-31,WH-IBD,PRD-0021,39,577200
2025-12-31,WH-ABJ,PRD-0021,8,118400
2025-12-31,WH-PHC,PRD-0021,64,947200
2025-12-31,WH-LAG1,PRD-0022,41,393600
2025-12-31,WH-LAG2,PRD-0022,20,192000
2025-12-31,WH-IBD,PRD-0022,6,57600
2025-12-31,WH-ABJ,PRD-0022,28,268800
2025-12-31,WH-PHC,PRD-0022,27,259200
2025-12-31,WH-LAG1,PRD-0023,73,978200
2025-12-31,WH-LAG2,PRD-0023,38,509200
2025-12-31,WH-IBD,PRD-0023,26,348400
2025-12-31,WH-ABJ,PRD-0023,72,964800
2025-12-31,WH-PHC,PRD-0023,61,817400
2025-12-31,WH-LAG1,PRD-0024,65,507000
2025-12-31,WH-LAG2,PRD-0024,6,46800
2025-12-31,WH-IBD,PRD-0024,37,288600
2025-12-31,WH-ABJ,PRD-0024,46,358800
2025-12-31,WH-PHC,PRD-0024,37,288600
2025-12-31,WH-LAG1,PRD-0025,111,477300
2025-12-31,WH-LAG2,PRD-0025,32,137600
2025-12-31,WH-IBD,PRD-0025,14,60200
2025-12-31,WH-ABJ,PRD-0025,0,0
2025-12-31,WH-PHC,PRD-0025,53,227900
2025-12-31,WH-LAG1,PRD-0026,28,100800
2025-12-31,WH-LAG2,PRD-0026,31,111600
2025-12-31,WH-IBD,PRD-0026,0,0
2025-12-31,WH-ABJ,PRD-0026,7,25200
2025-12-31,WH-PHC,PRD-0026,24,86400
2025-12-31,WH-LAG1,PRD-0027,0,0
2025-12-31,WH-LAG2,PRD-0027,24,91200
2025-12-31,WH-IBD,PRD-0027,19,72200
2025-12-31,WH-ABJ,PRD-0027,12,45600
2025-12-31,WH-PHC,PRD-0027,9,34200
2025-12-31,WH-LAG1,PRD-0028,49,196000
2025-12-31,WH-LAG2,PRD-0028,41,164000
2025-12-31,WH-IBD,PRD-0028,0,0
2025-12-31,WH-ABJ,PRD-0028,11,44000
2025-12-31,WH-PHC,PRD-0028,0,0
2025-12-31,WH-LAG1,PRD-0029,21,186900
2025-12-31,WH-LAG2,PRD-0029,35,311500
2025-12-31,WH-IBD,PRD-0029,43,382700
2025-12-31,WH-ABJ,PRD-0029,11,97900
2025-12-31,WH-PHC,PRD-0029,30,267000
2025-12-31,WH-LAG1,PRD-0030,13,279500
2025-12-31,WH-LAG2,PRD-0030,26,559000
2025-12-31,WH-IBD,PRD-0030,23,494500
2025-12-31,WH-ABJ,PRD-0030,23,494500
2025-12-31,WH-PHC,PRD-0030,28,602000
2025-12-31,WH-LAG1,PRD-0031,156,4711200
2025-12-31,WH-LAG2,PRD-0031,66,1993200
2025-12-31,WH-IBD,PRD-0031,95,2869000
2025-12-31,WH-ABJ,PRD-0031,77,2325400
2025-12-31,WH-PHC,PRD-0031,69,2083800
2025-12-31,WH-LAG1,PRD-0032,14,235200
2025-12-31,WH-LAG2,PRD-0032,19,319200
2025-12-31,WH-IBD,PRD-0032,10,168000
2025-12-31,WH-ABJ,PRD-0032,12,201600
2025-12-31,WH-PHC,PRD-0032,28,470400
2025-12-31,WH-LAG1,PRD-0033,129,1212600
2025-12-31,WH-LAG2,PRD-0033,65,611000
2025-12-31,WH-IBD,PRD-0033,38,357200
2025-12-31,WH-ABJ,PRD-0033,49,460600
2025-12-31,WH-PHC,PRD-0033,66,620400
2025-12-31,WH-LAG1,PRD-0034,25,322500
2025-12-31,WH-LAG2,PRD-0034,10,129000
2025-12-31,WH-IBD,PRD-0034,31,399900
2025-12-31,WH-ABJ,PRD-0034,10,129000
2025-12-31,WH-PHC,PRD-0034,21,270900
2025-12-31,WH-LAG1,PRD-0035,98,1156400
2025-12-31,WH-LAG2,PRD-0035,37,436600
2025-12-31,WH-IBD,PRD-0035,88,1038400
2025-12-31,WH-ABJ,PRD-0035,74,873200
2025-12-31,WH-PHC,PRD-0035,67,790600
2025-12-31,WH-LAG1,PRD-0036,24,374400
2025-12-31,WH-LAG2,PRD-0036,47,733200
2025-12-31,WH-IBD,PRD-0036,46,717600
2025-12-31,WH-ABJ,PRD-0036,27,421200
2025-12-31,WH-PHC,PRD-0036,70,1092000
2025-12-31,WH-LAG1,PRD-0037,95,1881000
2025-12-31,WH-LAG2,PRD-0037,53,1049400
2025-12-31,WH-IBD,PRD-0037,25,495000
2025-12-31,WH-ABJ,PRD-0037,32,633600
2025-12-31,WH-PHC,PRD-0037,7,138600
2025-12-31,WH-LAG1,PRD-0038,5,59500
2025-12-31,WH-LAG2,PRD-0038,28,333200
2025-12-31,WH-IBD,PRD-0038,6,71400
2025-12-31,WH-ABJ,PRD-0038,26,309400
2025-12-31,WH-PHC,PRD-0038,15,178500
2025-12-31,WH-LAG1,PRD-0039,155,1922000
2025-12-31,WH-LAG2,PRD-0039,126,1562400
2025-12-31,WH-IBD,PRD-0039,105,1302000
2025-12-31,WH-ABJ,PRD-0039,78,967200
2025-12-31,WH-PHC,PRD-0039,94,1165600
2025-12-31,WH-LAG1,PRD-0040,113,1265600
2025-12-31,WH-LAG2,PRD-0040,30,336000
2025-12-31,WH-IBD,PRD-0040,9,100800
2025-12-31,WH-ABJ,PRD-0040,28,313600
2025-12-31,WH-PHC,PRD-0040,0,0
2025-12-31,WH-LAG1,PRD-0041,98,509600
2025-12-31,WH-LAG2,PRD-0041,5,26000
2025-12-31,WH-IBD,PRD-0041,36,187200
2025-12-31,WH-ABJ,PRD-0041,49,254800
2025-12-31,WH-PHC,PRD-0041,68,353600
2025-12-31,WH-LAG1,PRD-0042,28,613200
2025-12-31,WH-LAG2,PRD-0042,5,109500
2025-12-31,WH-IBD,PRD-0042,15,328500
2025-12-31,WH-ABJ,PRD-0042,22,481800
2025-12-31,WH-PHC,PRD-0042,0,0
2025-12-31,WH-LAG1,PRD-0043,65,988000
2025-12-31,WH-LAG2,PRD-0043,30,456000
2025-12-31,WH-IBD,PRD-0043,51,775200
2025-12-31,WH-ABJ,PRD-0043,53,805600
2025-12-31,WH-PHC,PRD-0043,40,608000
2025-12-31,WH-LAG1,PRD-0044,16,108800
2025-12-31,WH-LAG2,PRD-0044,15,102000
2025-12-31,WH-IBD,PRD-0044,8,54400
2025-12-31,WH-ABJ,PRD-0044,13,88400
2025-12-31,WH-PHC,PRD-0044,16,108800
2025-12-31,WH-LAG1,PRD-0045,51,316200
2025-12-31,WH-LAG2,PRD-0045,1,6200
2025-12-31,WH-IBD,PRD-0045,32,198400
2025-12-31,WH-ABJ,PRD-0045,81,502200
2025-12-31,WH-PHC,PRD-0045,36,223200
2025-12-31,WH-LAG1,PRD-0046,0,0
2025-12-31,WH-LAG2,PRD-0046,75,1035000
2025-12-31,WH-IBD,PRD-0046,10,138000
2025-12-31,WH-ABJ,PRD-0046,73,1007400
2025-12-31,WH-PHC,PRD-0046,47,648600
2025-12-31,WH-LAG1,PRD-0047,54,874800
2025-12-31,WH-LAG2,PRD-0047,50,810000
2025-12-31,WH-IBD,PRD-0047,30,486000
2025-12-31,WH-ABJ,PRD-0047,24,388800
2025-12-31,WH-PHC,PRD-0047,63,1020600
2025-12-31,WH-LAG1,PRD-0048,66,957000
2025-12-31,WH-LAG2,PRD-0048,53,768500
2025-12-31,WH-IBD,PRD-0048,59,855500
2025-12-31,WH-ABJ,PRD-0048,31,449500
2025-12-31,WH-PHC,PRD-0048,2,29000
2025-12-31,WH-LAG1,PRD-0049,111,1542900
2025-12-31,WH-LAG2,PRD-0049,38,528200
2025-12-31,WH-IBD,PRD-0049,45,625500
2025-12-31,WH-ABJ,PRD-0049,24,333600
2025-12-31,WH-PHC,PRD-0049,47,653300
2025-12-31,WH-LAG1,PRD-0050,72,331200
2025-12-31,WH-LAG2,PRD-0050,18,82800
2025-12-31,WH-IBD,PRD-0050,6,27600
2025-12-31,WH-ABJ,PRD-0050,8,36800
2025-12-31,WH-PHC,PRD-0050,14,64400
2025-12-31,WH-LAG1,PRD-0051,248,8630400
2025-12-31,WH-LAG2,PRD-0051,74,2575200
2025-12-31,WH-IBD,PRD-0051,20,696000
2025-12-31,WH-ABJ,PRD-0051,55,1914000
2025-12-31,WH-PHC,PRD-0051,52,1809600
2025-12-31,WH-LAG1,PRD-0052,28,949200
2025-12-31,WH-LAG2,PRD-0052,19,644100
2025-12-31,WH-IBD,PRD-0052,6,203400
2025-12-31,WH-ABJ,PRD-0052,17,576300
2025-12-31,WH-PHC,PRD-0052,22,745800
2025-12-31,WH-LAG1,PRD-0053,28,918400
2025-12-31,WH-LAG2,PRD-0053,29,951200
2025-12-31,WH-IBD,PRD-0053,7,229600
2025-12-31,WH-ABJ,PRD-0053,17,557600
2025-12-31,WH-PHC,PRD-0053,13,426400
2025-12-31,WH-LAG1,PRD-0054,54,734400
2025-12-31,WH-LAG2,PRD-0054,5,68000
2025-12-31,WH-IBD,PRD-0054,49,666400
2025-12-31,WH-ABJ,PRD-0054,49,666400
2025-12-31,WH-PHC,PRD-0054,18,244800
2025-12-31,WH-LAG1,PRD-0055,15,207000
2025-12-31,WH-LAG2,PRD-0055,27,372600
2025-12-31,WH-IBD,PRD-0055,39,538200
2025-12-31,WH-ABJ,PRD-0055,87,1200600
2025-12-31,WH-PHC,PRD-0055,60,828000
2025-12-31,WH-LAG1,PRD-0056,0,0
2025-12-31,WH-LAG2,PRD-0056,36,770400
2025-12-31,WH-IBD,PRD-0056,10,214000
2025-12-31,WH-ABJ,PRD-0056,26,556400
2025-12-31,WH-PHC,PRD-0056,13,278200
2025-12-31,WH-LAG1,PRD-0057,0,0
2025-12-31,WH-LAG2,PRD-0057,152,2401600
2025-12-31,WH-IBD,PRD-0057,166,2622800
2025-12-31,WH-ABJ,PRD-0057,151,2385800
2025-12-31,WH-PHC,PRD-0057,17,268600
2025-12-31,WH-LAG1,PRD-0058,53,789700
2025-12-31,WH-LAG2,PRD-0058,10,149000
2025-12-31,WH-IBD,PRD-0058,42,625800
2025-12-31,WH-ABJ,PRD-0058,40,596000
2025-12-31,WH-PHC,PRD-0058,30,447000
2025-12-31,WH-LAG1,PRD-0059,32,1360000
2025-12-31,WH-LAG2,PRD-0059,55,2337500
2025-12-31,WH-IBD,PRD-0059,15,637500
2025-12-31,WH-ABJ,PRD-0059,53,2252500
2025-12-31,WH-PHC,PRD-0059,36,1530000
2025-12-31,WH-LAG1,PRD-0060,169,8078200
2025-12-31,WH-LAG2,PRD-0060,119,5688200
2025-12-31,WH-IBD,PRD-0060,120,5736000
2025-12-31,WH-ABJ,PRD-0060,98,4684400
2025-12-31,WH-PHC,PRD-0060,40,1912000
2025-12-31,WH-LAG1,PRD-0061,320,4096000
2025-12-31,WH-LAG2,PRD-0061,125,1600000
2025-12-31,WH-IBD,PRD-0061,29,371200
2025-12-31,WH-ABJ,PRD-0061,97,1241600
2025-12-31,WH-PHC,PRD-0061,135,1728000
2025-12-31,WH-LAG1,PRD-0062,240,3264000
2025-12-31,WH-LAG2,PRD-0062,54,734400
2025-12-31,WH-IBD,PRD-0062,0,0
2025-12-31,WH-ABJ,PRD-0062,97,1319200
2025-12-31,WH-PHC,PRD-0062,59,802400
2025-12-31,WH-LAG1,PRD-0063,118,1404200
2025-12-31,WH-LAG2,PRD-0063,33,392700
2025-12-31,WH-IBD,PRD-0063,70,833000
2025-12-31,WH-ABJ,PRD-0063,25,297500
2025-12-31,WH-PHC,PRD-0063,84,999600
2025-12-31,WH-LAG1,PRD-0064,65,2002000
2025-12-31,WH-LAG2,PRD-0064,4,123200
2025-12-31,WH-IBD,PRD-0064,74,2279200
2025-12-31,WH-ABJ,PRD-0064,44,1355200
2025-12-31,WH-PHC,PRD-0064,43,1324400
2025-12-31,WH-LAG1,PRD-0065,158,4171200
2025-12-31,WH-LAG2,PRD-0065,51,1346400
2025-12-31,WH-IBD,PRD-0065,85,2244000
2025-12-31,WH-ABJ,PRD-0065,122,3220800
2025-12-31,WH-PHC,PRD-0065,57,1504800
2025-12-31,WH-LAG1,PRD-0066,0,0
2025-12-31,WH-LAG2,PRD-0066,7,309400
2025-12-31,WH-IBD,PRD-0066,10,442000
2025-12-31,WH-ABJ,PRD-0066,8,353600
2025-12-31,WH-PHC,PRD-0066,11,486200
2025-12-31,WH-LAG1,PRD-0067,110,1144000
2025-12-31,WH-LAG2,PRD-0067,25,260000
2025-12-31,WH-IBD,PRD-0067,73,759200
2025-12-31,WH-ABJ,PRD-0067,87,904800
2025-12-31,WH-PHC,PRD-0067,66,686400
2025-12-31,WH-LAG1,PRD-0068,174,2296800
2025-12-31,WH-LAG2,PRD-0068,88,1161600
2025-12-31,WH-IBD,PRD-0068,56,739200
2025-12-31,WH-ABJ,PRD-0068,137,1808400
2025-12-31,WH-PHC,PRD-0068,71,937200
2025-12-31,WH-LAG1,PRD-0069,14,193200
2025-12-31,WH-LAG2,PRD-0069,22,303600
2025-12-31,WH-IBD,PRD-0069,11,151800
2025-12-31,WH-ABJ,PRD-0069,11,151800
2025-12-31,WH-PHC,PRD-0069,25,345000
2025-12-31,WH-LAG1,PRD-0070,62,954800
2025-12-31,WH-LAG2,PRD-0070,34,523600
2025-12-31,WH-IBD,PRD-0070,11,169400
2025-12-31,WH-ABJ,PRD-0070,49,754600
2025-12-31,WH-PHC,PRD-0070,50,770000
2025-12-31,WH-LAG1,PRD-0071,0,0
2025-12-31,WH-LAG2,PRD-0071,16,236800
2025-12-31,WH-IBD,PRD-0071,15,222000
2025-12-31,WH-ABJ,PRD-0071,17,251600
2025-12-31,WH-PHC,PRD-0071,11,162800
2025-12-31,WH-LAG1,PRD-0072,79,2575400
2025-12-31,WH-LAG2,PRD-0072,43,1401800
2025-12-31,WH-IBD,PRD-0072,51,1662600
2025-12-31,WH-ABJ,PRD-0072,70,2282000
2025-12-31,WH-PHC,PRD-0072,7,228200
2025-12-31,WH-LAG1,PRD-0073,30,894000
2025-12-31,WH-LAG2,PRD-0073,8,238400
2025-12-31,WH-IBD,PRD-0073,20,596000
2025-12-31,WH-ABJ,PRD-0073,16,476800
2025-12-31,WH-PHC,PRD-0073,24,715200
2025-12-31,WH-LAG1,PRD-0074,60,1764000
2025-12-31,WH-LAG2,PRD-0074,41,1205400
2025-12-31,WH-IBD,PRD-0074,52,1528800
2025-12-31,WH-ABJ,PRD-0074,70,2058000
2025-12-31,WH-PHC,PRD-0074,67,1969800
2025-12-31,WH-LAG1,PRD-0075,22,589600
2025-12-31,WH-LAG2,PRD-0075,19,509200
2025-12-31,WH-IBD,PRD-0075,11,294800
2025-12-31,WH-ABJ,PRD-0075,30,804000
2025-12-31,WH-PHC,PRD-0075,31,830800
2025-12-31,WH-LAG1,PRD-0076,202,4726800
2025-12-31,WH-LAG2,PRD-0076,61,1427400
2025-12-31,WH-IBD,PRD-0076,17,397800
2025-12-31,WH-ABJ,PRD-0076,67,1567800
2025-12-31,WH-PHC,PRD-0076,0,0
2025-12-31,WH-LAG1,PRD-0077,295,7552000
2025-12-31,WH-LAG2,PRD-0077,246,6297600
2025-12-31,WH-IBD,PRD-0077,252,6451200
2025-12-31,WH-ABJ,PRD-0077,201,5145600
2025-12-31,WH-PHC,PRD-0077,124,3174400
2025-12-31,WH-LAG1,PRD-0078,49,1362200
2025-12-31,WH-LAG2,PRD-0078,71,1973800
2025-12-31,WH-IBD,PRD-0078,38,1056400
2025-12-31,WH-ABJ,PRD-0078,79,2196200
2025-12-31,WH-PHC,PRD-0078,20,556000
2025-12-31,WH-LAG1,PRD-0079,64,2464000
2025-12-31,WH-LAG2,PRD-0079,34,1309000
2025-12-31,WH-IBD,PRD-0079,56,2156000
2025-12-31,WH-ABJ,PRD-0079,0,0
2025-12-31,WH-PHC,PRD-0079,37,1424500
2025-12-31,WH-LAG1,PRD-0080,48,940800
2025-12-31,WH-LAG2,PRD-0080,56,1097600
2025-12-31,WH-IBD,PRD-0080,21,411600
2025-12-31,WH-ABJ,PRD-0080,83,1626800
2025-12-31,WH-PHC,PRD-0080,60,1176000
2025-12-31,WH-LAG1,PRD-0081,130,4212000
2025-12-31,WH-LAG2,PRD-0081,21,680400
2025-12-31,WH-IBD,PRD-0081,13,421200
2025-12-31,WH-ABJ,PRD-0081,57,1846800
2025-12-31,WH-PHC,PRD-0081,106,3434400
2025-12-31,WH-LAG1,PRD-0082,96,2476800
2025-12-31,WH-LAG2,PRD-0082,91,2347800
2025-12-31,WH-IBD,PRD-0082,13,335400
2025-12-31,WH-ABJ,PRD-0082,44,1135200
2025-12-31,WH-PHC,PRD-0082,65,1677000
2025-12-31,WH-LAG1,PRD-0083,76,1398400
2025-12-31,WH-LAG2,PRD-0083,125,2300000
2025-12-31,WH-IBD,PRD-0083,63,1159200
2025-12-31,WH-ABJ,PRD-0083,230,4232000
2025-12-31,WH-PHC,PRD-0083,151,2778400
2025-12-31,WH-LAG1,PRD-0084,105,2268000
2025-12-31,WH-LAG2,PRD-0084,101,2181600
2025-12-31,WH-IBD,PRD-0084,39,842400
2025-12-31,WH-ABJ,PRD-0084,32,691200
2025-12-31,WH-PHC,PRD-0084,46,993600
2025-12-31,WH-LAG1,PRD-0085,33,864600
2025-12-31,WH-LAG2,PRD-0085,12,314400
2025-12-31,WH-IBD,PRD-0085,23,602600
2025-12-31,WH-ABJ,PRD-0085,67,1755400
2025-12-31,WH-PHC,PRD-0085,52,1362400
2025-12-31,WH-LAG1,PRD-0086,482,11471600
2025-12-31,WH-LAG2,PRD-0086,80,1904000
2025-12-31,WH-IBD,PRD-0086,169,4022200
2025-12-31,WH-ABJ,PRD-0086,186,4426800
2025-12-31,WH-PHC,PRD-0086,0,0
2025-12-31,WH-LAG1,PRD-0087,16,300800
2025-12-31,WH-LAG2,PRD-0087,26,488800
2025-12-31,WH-IBD,PRD-0087,6,112800
2025-12-31,WH-ABJ,PRD-0087,16,300800
2025-12-31,WH-PHC,PRD-0087,8,150400
2025-12-31,WH-LAG1,PRD-0088,59,731600
2025-12-31,WH-LAG2,PRD-0088,4,49600
2025-12-31,WH-IBD,PRD-0088,24,297600
2025-12-31,WH-ABJ,PRD-0088,17,210800
2025-12-31,WH-PHC,PRD-0088,41,508400
2025-12-31,WH-LAG1,PRD-0089,49,548800
2025-12-31,WH-LAG2,PRD-0089,12,134400
2025-12-31,WH-IBD,PRD-0089,12,134400
2025-12-31,WH-ABJ,PRD-0089,0,0
2025-12-31,WH-PHC,PRD-0089,36,403200
2025-12-31,WH-LAG1,PRD-0090,1743,49849800
2025-12-31,WH-LAG2,PRD-0090,1091,31202600
2025-12-31,WH-IBD,PRD-0090,585,16731000
2025-12-31,WH-ABJ,PRD-0090,966,27627600
2025-12-31,WH-PHC,PRD-0090,326,9323600
2025-12-31,WH-LAG1,PRD-0091,103,2224800
2025-12-31,WH-LAG2,PRD-0091,408,8812800
2025-12-31,WH-IBD,PRD-0091,24,518400
2025-12-31,WH-ABJ,PRD-0091,91,1965600
2025-12-31,WH-PHC,PRD-0091,37,799200
2025-12-31,WH-LAG1,PRD-0092,96,2380800
2025-12-31,WH-LAG2,PRD-0092,55,1364000
2025-12-31,WH-IBD,PRD-0092,39,967200
2025-12-31,WH-ABJ,PRD-0092,15,372000
2025-12-31,WH-PHC,PRD-0092,36,892800
2025-12-31,WH-LAG1,PRD-0093,126,2444400
2025-12-31,WH-LAG2,PRD-0093,496,9622400
2025-12-31,WH-IBD,PRD-0093,43,834200
2025-12-31,WH-ABJ,PRD-0093,43,834200
2025-12-31,WH-PHC,PRD-0093,133,2580200
2025-12-31,WH-LAG1,PRD-0094,16,300800
2025-12-31,WH-LAG2,PRD-0094,80,1504000
2025-12-31,WH-IBD,PRD-0094,20,376000
2025-12-31,WH-ABJ,PRD-0094,7,131600
2025-12-31,WH-PHC,PRD-0094,9,169200
2025-12-31,WH-LAG1,PRD-0095,42,709800
2025-12-31,WH-LAG2,PRD-0095,75,1267500
2025-12-31,WH-IBD,PRD-0095,21,354900
2025-12-31,WH-ABJ,PRD-0095,1,16900
2025-12-31,WH-PHC,PRD-0095,10,169000
2025-12-31,WH-LAG1,PRD-0096,18,327600
2025-12-31,WH-LAG2,PRD-0096,54,982800
2025-12-31,WH-IBD,PRD-0096,6,109200
2025-12-31,WH-ABJ,PRD-0096,27,491400
2025-12-31,WH-PHC,PRD-0096,7,127400
2025-12-31,WH-LAG1,PRD-0097,41,729800
2025-12-31,WH-LAG2,PRD-0097,71,1263800
2025-12-31,WH-IBD,PRD-0097,16,284800
2025-12-31,WH-ABJ,PRD-0097,27,480600
2025-12-31,WH-PHC,PRD-0097,13,231400
2025-12-31,WH-LAG1,PRD-0098,97,1299800
2025-12-31,WH-LAG2,PRD-0098,842,11282800
2025-12-31,WH-IBD,PRD-0098,136,1822400
2025-12-31,WH-ABJ,PRD-0098,132,1768800
2025-12-31,WH-PHC,PRD-0098,32,428800
2025-12-31,WH-LAG1,PRD-0099,0,0
2025-12-31,WH-LAG2,PRD-0099,74,932400
2025-12-31,WH-IBD,PRD-0099,20,252000
2025-12-31,WH-ABJ,PRD-0099,19,239400
2025-12-31,WH-PHC,PRD-0099,29,365400
2025-12-31,WH-LAG1,PRD-0100,130,2184000
2025-12-31,WH-LAG2,PRD-0100,1239,20815200
2025-12-31,WH-IBD,PRD-0100,284,4771200
2025-12-31,WH-ABJ,PRD-0100,98,1646400
2025-12-31,WH-PHC,PRD-0100,92,1545600
2025-12-31,WH-LAG1,PRD-0101,22,404800
2025-12-31,WH-LAG2,PRD-0101,100,1840000
2025-12-31,WH-IBD,PRD-0101,8,147200
2025-12-31,WH-ABJ,PRD-0101,36,662400
2025-12-31,WH-PHC,PRD-0101,26,478400
2025-12-31,WH-LAG1,PRD-0102,117,1661400
2025-12-31,WH-LAG2,PRD-0102,330,4686000
2025-12-31,WH-IBD,PRD-0102,23,326600
2025-12-31,WH-ABJ,PRD-0102,81,1150200
2025-12-31,WH-PHC,PRD-0102,49,695800
2025-12-31,WH-LAG1,PRD-0103,53,1579400
2025-12-31,WH-LAG2,PRD-0103,310,9238000
2025-12-31,WH-IBD,PRD-0103,74,2205200
2025-12-31,WH-ABJ,PRD-0103,127,3784600
2025-12-31,WH-PHC,PRD-0103,47,1400600
2025-12-31,WH-LAG1,PRD-0104,37,510600
2025-12-31,WH-LAG2,PRD-0104,89,1228200
2025-12-31,WH-IBD,PRD-0104,30,414000
2025-12-31,WH-ABJ,PRD-0104,45,621000
2025-12-31,WH-PHC,PRD-0104,14,193200
2025-12-31,WH-LAG1,PRD-0105,45,1557000
2025-12-31,WH-LAG2,PRD-0105,115,3979000
2025-12-31,WH-IBD,PRD-0105,30,1038000
2025-12-31,WH-ABJ,PRD-0105,28,968800
2025-12-31,WH-PHC,PRD-0105,29,1003400
2025-12-31,WH-LAG1,PRD-0106,43,1410400
2025-12-31,WH-LAG2,PRD-0106,75,2460000
2025-12-31,WH-IBD,PRD-0106,17,557600
2025-12-31,WH-ABJ,PRD-0106,17,557600
2025-12-31,WH-PHC,PRD-0106,30,984000
2025-12-31,WH-LAG1,PRD-0107,18,601200
2025-12-31,WH-LAG2,PRD-0107,64,2137600
2025-12-31,WH-IBD,PRD-0107,16,534400
2025-12-31,WH-ABJ,PRD-0107,21,701400
2025-12-31,WH-PHC,PRD-0107,11,367400
2025-12-31,WH-LAG1,PRD-0108,101,2706800
2025-12-31,WH-LAG2,PRD-0108,852,22833600
2025-12-31,WH-IBD,PRD-0108,100,2680000
2025-12-31,WH-ABJ,PRD-0108,288,7718400
2025-12-31,WH-PHC,PRD-0108,180,4824000
2025-12-31,WH-LAG1,PRD-0109,48,1267200
2025-12-31,WH-LAG2,PRD-0109,48,1267200
2025-12-31,WH-IBD,PRD-0109,36,950400
2025-12-31,WH-ABJ,PRD-0109,64,1689600
2025-12-31,WH-PHC,PRD-0109,36,950400
2025-12-31,WH-LAG1,PRD-0110,35,868000
2025-12-31,WH-LAG2,PRD-0110,29,719200
2025-12-31,WH-IBD,PRD-0110,5,124000
2025-12-31,WH-ABJ,PRD-0110,30,744000
2025-12-31,WH-PHC,PRD-0110,28,694400
2025-12-31,WH-LAG1,PRD-0111,114,1117200
2025-12-31,WH-LAG2,PRD-0111,12,117600
2025-12-31,WH-IBD,PRD-0111,72,705600
2025-12-31,WH-ABJ,PRD-0111,129,1264200
2025-12-31,WH-PHC,PRD-0111,60,588000
2025-12-31,WH-LAG1,PRD-0112,25,295000
2025-12-31,WH-LAG2,PRD-0112,22,259600
2025-12-31,WH-IBD,PRD-0112,8,94400
2025-12-31,WH-ABJ,PRD-0112,19,224200
2025-12-31,WH-PHC,PRD-0112,27,318600
2025-12-31,WH-LAG1,PRD-0113,113,971800
2025-12-31,WH-LAG2,PRD-0113,45,387000
2025-12-31,WH-IBD,PRD-0113,12,103200
2025-12-31,WH-ABJ,PRD-0113,58,498800
2025-12-31,WH-PHC,PRD-0113,79,679400
2025-12-31,WH-LAG1,PRD-0114,33,402600
2025-12-31,WH-LAG2,PRD-0114,20,244000
2025-12-31,WH-IBD,PRD-0114,14,170800
2025-12-31,WH-ABJ,PRD-0114,27,329400
2025-12-31,WH-PHC,PRD-0114,22,268400
2025-12-31,WH-LAG1,PRD-0115,24,393600
2025-12-31,WH-LAG2,PRD-0115,45,738000
2025-12-31,WH-IBD,PRD-0115,106,1738400
2025-12-31,WH-ABJ,PRD-0115,94,1541600
2025-12-31,WH-PHC,PRD-0115,87,1426800
2025-12-31,WH-LAG1,PRD-0116,39,538200
2025-12-31,WH-LAG2,PRD-0116,32,441600
2025-12-31,WH-IBD,PRD-0116,43,593400
2025-12-31,WH-ABJ,PRD-0116,14,193200
2025-12-31,WH-PHC,PRD-0116,24,331200
2025-12-31,WH-LAG1,PRD-0117,110,1672000
2025-12-31,WH-LAG2,PRD-0117,20,304000
2025-12-31,WH-IBD,PRD-0117,50,760000
2025-12-31,WH-ABJ,PRD-0117,62,942400
2025-12-31,WH-PHC,PRD-0117,17,258400
2025-12-31,WH-LAG1,PRD-0118,178,3132800
2025-12-31,WH-LAG2,PRD-0118,103,1812800
2025-12-31,WH-IBD,PRD-0118,86,1513600
2025-12-31,WH-ABJ,PRD-0118,194,3414400
2025-12-31,WH-PHC,PRD-0118,0,0
2025-12-31,WH-LAG1,PRD-0119,2,37600
2025-12-31,WH-LAG2,PRD-0119,5,94000
2025-12-31,WH-IBD,PRD-0119,5,94000
2025-12-31,WH-ABJ,PRD-0119,26,488800
2025-12-31,WH-PHC,PRD-0119,15,282000
2025-12-31,WH-LAG1,PRD-0120,105,1302000
2025-12-31,WH-LAG2,PRD-0120,79,979600
2025-12-31,WH-IBD,PRD-0120,124,1537600
2025-12-31,WH-ABJ,PRD-0120,125,1550000
2025-12-31,WH-PHC,PRD-0120,104,1289600
2025-12-31,WH-LAG1,PRD-0121,52,1123200
2025-12-31,WH-LAG2,PRD-0121,147,3175200
2025-12-31,WH-IBD,PRD-0121,165,3564000
2025-12-31,WH-ABJ,PRD-0121,69,1490400
2025-12-31,WH-PHC,PRD-0121,97,2095200
2025-12-31,WH-LAG1,PRD-0122,133,1968400
2025-12-31,WH-LAG2,PRD-0122,12,177600
2025-12-31,WH-IBD,PRD-0122,100,1480000
2025-12-31,WH-ABJ,PRD-0122,135,1998000
2025-12-31,WH-PHC,PRD-0122,78,1154400
2025-12-31,WH-LAG1,PRD-0123,0,0
2025-12-31,WH-LAG2,PRD-0123,65,754000
2025-12-31,WH-IBD,PRD-0123,0,0
2025-12-31,WH-ABJ,PRD-0123,78,904800
2025-12-31,WH-PHC,PRD-0123,45,522000
2025-12-31,WH-LAG1,PRD-0124,0,0
2025-12-31,WH-LAG2,PRD-0124,5,34000
2025-12-31,WH-IBD,PRD-0124,22,149600
2025-12-31,WH-ABJ,PRD-0124,57,387600
2025-12-31,WH-PHC,PRD-0124,54,367200
2025-12-31,WH-LAG1,PRD-0125,799,10227200
2025-12-31,WH-LAG2,PRD-0125,232,2969600
2025-12-31,WH-IBD,PRD-0125,191,2444800
2025-12-31,WH-ABJ,PRD-0125,286,3660800
2025-12-31,WH-PHC,PRD-0125,214,2739200
2025-12-31,WH-LAG1,PRD-0126,0,0
2025-12-31,WH-LAG2,PRD-0126,22,519200
2025-12-31,WH-IBD,PRD-0126,0,0
2025-12-31,WH-ABJ,PRD-0126,44,1038400
2025-12-31,WH-PHC,PRD-0126,10,236000
2025-12-31,WH-LAG1,PRD-0127,90,1188000
2025-12-31,WH-LAG2,PRD-0127,19,250800
2025-12-31,WH-IBD,PRD-0127,22,290400
2025-12-31,WH-ABJ,PRD-0127,51,673200
2025-12-31,WH-PHC,PRD-0127,35,462000
2025-12-31,WH-LAG1,PRD-0128,180,3024000
2025-12-31,WH-LAG2,PRD-0128,43,722400
2025-12-31,WH-IBD,PRD-0128,54,907200
2025-12-31,WH-ABJ,PRD-0128,85,1428000
2025-12-31,WH-PHC,PRD-0128,34,571200
2025-12-31,WH-LAG1,PRD-0129,14,215600
2025-12-31,WH-LAG2,PRD-0129,14,215600
2025-12-31,WH-IBD,PRD-0129,10,154000
2025-12-31,WH-ABJ,PRD-0129,26,400400
2025-12-31,WH-PHC,PRD-0129,19,292600
2025-12-31,WH-LAG1,PRD-0130,46,496800
2025-12-31,WH-LAG2,PRD-0130,41,442800
2025-12-31,WH-IBD,PRD-0130,13,140400
2025-12-31,WH-ABJ,PRD-0130,41,442800
2025-12-31,WH-PHC,PRD-0130,45,486000
2025-12-31,WH-LAG1,PRD-0131,129,3302400
2025-12-31,WH-LAG2,PRD-0131,109,2790400
2025-12-31,WH-IBD,PRD-0131,71,1817600
2025-12-31,WH-ABJ,PRD-0131,59,1510400
2025-12-31,WH-PHC,PRD-0131,11,281600
2025-12-31,WH-LAG1,PRD-0132,38,1193200
2025-12-31,WH-LAG2,PRD-0132,19,596600
2025-12-31,WH-IBD,PRD-0132,21,659400
2025-12-31,WH-ABJ,PRD-0132,29,910600
2025-12-31,WH-PHC,PRD-0132,20,628000
2025-12-31,WH-LAG1,PRD-0133,52,1237600
2025-12-31,WH-LAG2,PRD-0133,42,999600
2025-12-31,WH-IBD,PRD-0133,6,142800
2025-12-31,WH-ABJ,PRD-0133,43,1023400
2025-12-31,WH-PHC,PRD-0133,47,1118600
2025-12-31,WH-LAG1,PRD-0134,2,59600
2025-12-31,WH-LAG2,PRD-0134,19,566200
2025-12-31,WH-IBD,PRD-0134,33,983400
2025-12-31,WH-ABJ,PRD-0134,40,1192000
2025-12-31,WH-PHC,PRD-0134,10,298000
2025-12-31,WH-LAG1,PRD-0135,226,5966400
2025-12-31,WH-LAG2,PRD-0135,162,4276800
2025-12-31,WH-IBD,PRD-0135,143,3775200
2025-12-31,WH-ABJ,PRD-0135,179,4725600
2025-12-31,WH-PHC,PRD-0135,90,2376000
2025-12-31,WH-LAG1,PRD-0136,35,1491000
2025-12-31,WH-LAG2,PRD-0136,22,937200
2025-12-31,WH-IBD,PRD-0136,54,2300400
2025-12-31,WH-ABJ,PRD-0136,57,2428200
2025-12-31,WH-PHC,PRD-0136,46,1959600
2025-12-31,WH-LAG1,PRD-0137,15,363000
2025-12-31,WH-LAG2,PRD-0137,59,1427800
2025-12-31,WH-IBD,PRD-0137,82,1984400
2025-12-31,WH-ABJ,PRD-0137,60,1452000
2025-12-31,WH-PHC,PRD-0137,75,1815000
2025-12-31,WH-LAG1,PRD-0138,161,3509800
2025-12-31,WH-LAG2,PRD-0138,50,1090000
2025-12-31,WH-IBD,PRD-0138,41,893800
2025-12-31,WH-ABJ,PRD-0138,90,1962000
2025-12-31,WH-PHC,PRD-0138,41,893800
2025-12-31,WH-LAG1,PRD-0139,39,1123200
2025-12-31,WH-LAG2,PRD-0139,40,1152000
2025-12-31,WH-IBD,PRD-0139,15,432000
2025-12-31,WH-ABJ,PRD-0139,28,806400
2025-12-31,WH-PHC,PRD-0139,47,1353600
2025-12-31,WH-LAG1,PRD-0140,7,163800
2025-12-31,WH-LAG2,PRD-0140,20,468000
2025-12-31,WH-IBD,PRD-0140,40,936000
2025-12-31,WH-ABJ,PRD-0140,37,865800
2025-12-31,WH-PHC,PRD-0140,28,655200
2025-12-31,WH-LAG1,PRD-0141,73,2248400
2025-12-31,WH-LAG2,PRD-0141,39,1201200
2025-12-31,WH-IBD,PRD-0141,55,1694000
2025-12-31,WH-ABJ,PRD-0141,37,1139600
2025-12-31,WH-PHC,PRD-0141,27,831600
2025-12-31,WH-LAG1,PRD-0142,208,9318400
2025-12-31,WH-LAG2,PRD-0142,156,6988800
2025-12-31,WH-IBD,PRD-0142,2,89600
2025-12-31,WH-ABJ,PRD-0142,36,1612800
2025-12-31,WH-PHC,PRD-0142,64,2867200
2025-12-31,WH-LAG1,PRD-0143,71,2925200
2025-12-31,WH-LAG2,PRD-0143,67,2760400
2025-12-31,WH-IBD,PRD-0143,13,535600
2025-12-31,WH-ABJ,PRD-0143,56,2307200
2025-12-31,WH-PHC,PRD-0143,58,2389600
2025-12-31,WH-LAG1,PRD-0144,129,3457200
2025-12-31,WH-LAG2,PRD-0144,9,241200
2025-12-31,WH-IBD,PRD-0144,51,1366800
2025-12-31,WH-ABJ,PRD-0144,37,991600
2025-12-31,WH-PHC,PRD-0144,63,1688400
2025-12-31,WH-LAG1,PRD-0145,0,0
2025-12-31,WH-LAG2,PRD-0145,0,0
2025-12-31,WH-IBD,PRD-0145,31,787400
2025-12-31,WH-ABJ,PRD-0145,113,2870200
2025-12-31,WH-PHC,PRD-0145,22,558800
2025-12-31,WH-LAG1,PRD-0146,65,1807000
2025-12-31,WH-LAG2,PRD-0146,50,1390000
2025-12-31,WH-IBD,PRD-0146,0,0
2025-12-31,WH-ABJ,PRD-0146,0,0
2025-12-31,WH-PHC,PRD-0146,47,1306600
2025-12-31,WH-LAG1,PRD-0147,36,993600
2025-12-31,WH-LAG2,PRD-0147,32,883200
2025-12-31,WH-IBD,PRD-0147,25,690000
2025-12-31,WH-ABJ,PRD-0147,37,1021200
2025-12-31,WH-PHC,PRD-0147,3,82800
2025-12-31,WH-LAG1,PRD-0148,30,714000
2025-12-31,WH-LAG2,PRD-0148,15,357000
2025-12-31,WH-IBD,PRD-0148,32,761600
2025-12-31,WH-ABJ,PRD-0148,5,119000
2025-12-31,WH-PHC,PRD-0148,26,618800
2025-12-31,WH-LAG1,PRD-0149,38,1512400
2025-12-31,WH-LAG2,PRD-0149,22,875600
2025-12-31,WH-IBD,PRD-0149,9,358200
2025-12-31,WH-ABJ,PRD-0149,30,1194000
2025-12-31,WH-PHC,PRD-0149,23,915400
2025-12-31,WH-LAG1,PRD-0150,103,3955200
2025-12-31,WH-LAG2,PRD-0150,8,307200
2025-12-31,WH-IBD,PRD-0150,36,1382400
2025-12-31,WH-ABJ,PRD-0150,98,3763200
2025-12-31,WH-PHC,PRD-0150,49,1881600
2025-12-31,WH-LAG1,PRD-0151,750,25950000
2025-12-31,WH-LAG2,PRD-0151,495,17127000
2025-12-31,WH-IBD,PRD-0151,278,9618800
2025-12-31,WH-ABJ,PRD-0151,799,27645400
2025-12-31,WH-PHC,PRD-0151,473,16365800
2025-12-31,WH-LAG1,PRD-0152,20,432000
2025-12-31,WH-LAG2,PRD-0152,20,432000
2025-12-31,WH-IBD,PRD-0152,36,777600
2025-12-31,WH-ABJ,PRD-0152,46,993600
2025-12-31,WH-PHC,PRD-0152,12,259200
2025-12-31,WH-LAG1,PRD-0153,298,5602400
2025-12-31,WH-LAG2,PRD-0153,115,2162000
2025-12-31,WH-IBD,PRD-0153,100,1880000
2025-12-31,WH-ABJ,PRD-0153,50,940000
2025-12-31,WH-PHC,PRD-0153,208,3910400
2025-12-31,WH-LAG1,PRD-0154,47,1579200
2025-12-31,WH-LAG2,PRD-0154,52,1747200
2025-12-31,WH-IBD,PRD-0154,47,1579200
2025-12-31,WH-ABJ,PRD-0154,13,436800
2025-12-31,WH-PHC,PRD-0154,36,1209600
2025-12-31,WH-LAG1,PRD-0155,67,3537600
2025-12-31,WH-LAG2,PRD-0155,21,1108800
2025-12-31,WH-IBD,PRD-0155,57,3009600
2025-12-31,WH-ABJ,PRD-0155,73,3854400
2025-12-31,WH-PHC,PRD-0155,49,2587200
2025-12-31,WH-LAG1,PRD-0156,202,9009200
2025-12-31,WH-LAG2,PRD-0156,103,4593800
2025-12-31,WH-IBD,PRD-0156,143,6377800
2025-12-31,WH-ABJ,PRD-0156,146,6511600
2025-12-31,WH-PHC,PRD-0156,109,4861400
2025-12-31,WH-LAG1,PRD-0157,90,1692000
2025-12-31,WH-LAG2,PRD-0157,72,1353600
2025-12-31,WH-IBD,PRD-0157,54,1015200
2025-12-31,WH-ABJ,PRD-0157,54,1015200
2025-12-31,WH-PHC,PRD-0157,61,1146800
2025-12-31,WH-LAG1,PRD-0158,30,792000
2025-12-31,WH-LAG2,PRD-0158,37,976800
2025-12-31,WH-IBD,PRD-0158,27,712800
2025-12-31,WH-ABJ,PRD-0158,26,686400
2025-12-31,WH-PHC,PRD-0158,31,818400
2025-12-31,WH-LAG1,PRD-0159,59,1168200
2025-12-31,WH-LAG2,PRD-0159,16,316800
2025-12-31,WH-IBD,PRD-0159,53,1049400
2025-12-31,WH-ABJ,PRD-0159,64,1267200
2025-12-31,WH-PHC,PRD-0159,49,970200
2025-12-31,WH-LAG1,PRD-0160,443,11340800
2025-12-31,WH-LAG2,PRD-0160,197,5043200
2025-12-31,WH-IBD,PRD-0160,165,4224000
2025-12-31,WH-ABJ,PRD-0160,142,3635200
2025-12-31,WH-PHC,PRD-0160,137,3507200
2025-12-31,WH-LAG1,PRD-0161,448,12185600
2025-12-31,WH-LAG2,PRD-0161,299,8132800
2025-12-31,WH-IBD,PRD-0161,145,3944000
2025-12-31,WH-ABJ,PRD-0161,377,10254400
2025-12-31,WH-PHC,PRD-0161,161,4379200
2025-12-31,WH-LAG1,PRD-0162,71,1689800
2025-12-31,WH-LAG2,PRD-0162,48,1142400
2025-12-31,WH-IBD,PRD-0162,30,714000
2025-12-31,WH-ABJ,PRD-0162,61,1451800
2025-12-31,WH-PHC,PRD-0162,51,1213800
2025-12-31,WH-LAG1,PRD-0163,73,1576800
2025-12-31,WH-LAG2,PRD-0163,36,777600
2025-12-31,WH-IBD,PRD-0163,12,259200
2025-12-31,WH-ABJ,PRD-0163,59,1274400
2025-12-31,WH-PHC,PRD-0163,2,43200
2025-12-31,WH-LAG1,PRD-0164,81,1360800
2025-12-31,WH-LAG2,PRD-0164,42,705600
2025-12-31,WH-IBD,PRD-0164,22,369600
2025-12-31,WH-ABJ,PRD-0164,25,420000
2025-12-31,WH-PHC,PRD-0164,54,907200
2025-12-31,WH-LAG1,PRD-0165,174,3375600
2025-12-31,WH-LAG2,PRD-0165,138,2677200
2025-12-31,WH-IBD,PRD-0165,64,1241600
2025-12-31,WH-ABJ,PRD-0165,46,892400
2025-12-31,WH-PHC,PRD-0165,41,795400
2025-12-31,WH-LAG1,PRD-0166,270,5886000
2025-12-31,WH-LAG2,PRD-0166,78,1700400
2025-12-31,WH-IBD,PRD-0166,138,3008400
2025-12-31,WH-ABJ,PRD-0166,80,1744000
2025-12-31,WH-PHC,PRD-0166,55,1199000
2025-12-31,WH-LAG1,PRD-0167,116,1252800
2025-12-31,WH-LAG2,PRD-0167,13,140400
2025-12-31,WH-IBD,PRD-0167,14,151200
2025-12-31,WH-ABJ,PRD-0167,97,1047600
2025-12-31,WH-PHC,PRD-0167,22,237600
2025-12-31,WH-LAG1,PRD-0168,46,717600
2025-12-31,WH-LAG2,PRD-0168,26,405600
2025-12-31,WH-IBD,PRD-0168,23,358800
2025-12-31,WH-ABJ,PRD-0168,19,296400
2025-12-31,WH-PHC,PRD-0168,16,249600
2025-12-31,WH-LAG1,PRD-0169,62,830800
2025-12-31,WH-LAG2,PRD-0169,27,361800
2025-12-31,WH-IBD,PRD-0169,53,710200
2025-12-31,WH-ABJ,PRD-0169,98,1313200
2025-12-31,WH-PHC,PRD-0169,79,1058600
2025-12-31,WH-LAG1,PRD-0170,90,1278000
2025-12-31,WH-LAG2,PRD-0170,43,610600
2025-12-31,WH-IBD,PRD-0170,17,241400
2025-12-31,WH-ABJ,PRD-0170,47,667400
2025-12-31,WH-PHC,PRD-0170,0,0
2026-01-31,WH-LAG1,PRD-0001,45,189000
2026-01-31,WH-LAG2,PRD-0001,0,0
2026-01-31,WH-IBD,PRD-0001,49,205800
2026-01-31,WH-ABJ,PRD-0001,19,79800
2026-01-31,WH-PHC,PRD-0001,36,151200
2026-01-31,WH-LAG1,PRD-0002,10,41000
2026-01-31,WH-LAG2,PRD-0002,32,131200
2026-01-31,WH-IBD,PRD-0002,15,61500
2026-01-31,WH-ABJ,PRD-0002,31,127100
2026-01-31,WH-PHC,PRD-0002,28,114800
2026-01-31,WH-LAG1,PRD-0003,41,168100
2026-01-31,WH-LAG2,PRD-0003,28,114800
2026-01-31,WH-IBD,PRD-0003,6,24600
2026-01-31,WH-ABJ,PRD-0003,20,82000
2026-01-31,WH-PHC,PRD-0003,22,90200
2026-01-31,WH-LAG1,PRD-0004,141,549900
2026-01-31,WH-LAG2,PRD-0004,174,678600
2026-01-31,WH-IBD,PRD-0004,103,401700
2026-01-31,WH-ABJ,PRD-0004,237,924300
2026-01-31,WH-PHC,PRD-0004,99,386100
2026-01-31,WH-LAG1,PRD-0005,131,340600
2026-01-31,WH-LAG2,PRD-0005,72,187200
2026-01-31,WH-IBD,PRD-0005,39,101400
2026-01-31,WH-ABJ,PRD-0005,72,187200
2026-01-31,WH-PHC,PRD-0005,95,247000
2026-01-31,WH-LAG1,PRD-0006,36,90000
2026-01-31,WH-LAG2,PRD-0006,14,35000
2026-01-31,WH-IBD,PRD-0006,26,65000
2026-01-31,WH-ABJ,PRD-0006,35,87500
2026-01-31,WH-PHC,PRD-0006,29,72500
2026-01-31,WH-LAG1,PRD-0007,140,1932000
2026-01-31,WH-LAG2,PRD-0007,122,1683600
2026-01-31,WH-IBD,PRD-0007,5,69000
2026-01-31,WH-ABJ,PRD-0007,160,2208000
2026-01-31,WH-PHC,PRD-0007,117,1614600
2026-01-31,WH-LAG1,PRD-0008,65,877500
2026-01-31,WH-LAG2,PRD-0008,30,405000
2026-01-31,WH-IBD,PRD-0008,19,256500
2026-01-31,WH-ABJ,PRD-0008,45,607500
2026-01-31,WH-PHC,PRD-0008,49,661500
2026-01-31,WH-LAG1,PRD-0009,35,497000
2026-01-31,WH-LAG2,PRD-0009,20,284000
2026-01-31,WH-IBD,PRD-0009,0,0
2026-01-31,WH-ABJ,PRD-0009,0,0
2026-01-31,WH-PHC,PRD-0009,9,127800
2026-01-31,WH-LAG1,PRD-0010,12,158400
2026-01-31,WH-LAG2,PRD-0010,20,264000
2026-01-31,WH-IBD,PRD-0010,13,171600
2026-01-31,WH-ABJ,PRD-0010,33,435600
2026-01-31,WH-PHC,PRD-0010,13,171600
2026-01-31,WH-LAG1,PRD-0011,75,1042500
2026-01-31,WH-LAG2,PRD-0011,67,931300
2026-01-31,WH-IBD,PRD-0011,96,1334400
2026-01-31,WH-ABJ,PRD-0011,82,1139800
2026-01-31,WH-PHC,PRD-0011,25,347500
2026-01-31,WH-LAG1,PRD-0012,68,979200
2026-01-31,WH-LAG2,PRD-0012,61,878400
2026-01-31,WH-IBD,PRD-0012,33,475200
2026-01-31,WH-ABJ,PRD-0012,56,806400
2026-01-31,WH-PHC,PRD-0012,57,820800
2026-01-31,WH-LAG1,PRD-0013,17,166600
2026-01-31,WH-LAG2,PRD-0013,13,127400
2026-01-31,WH-IBD,PRD-0013,15,147000
2026-01-31,WH-ABJ,PRD-0013,29,284200
2026-01-31,WH-PHC,PRD-0013,31,303800
2026-01-31,WH-LAG1,PRD-0014,7,78400
2026-01-31,WH-LAG2,PRD-0014,15,168000
2026-01-31,WH-IBD,PRD-0014,3,33600
2026-01-31,WH-ABJ,PRD-0014,5,56000
2026-01-31,WH-PHC,PRD-0014,8,89600
2026-01-31,WH-LAG1,PRD-0015,24,165600
2026-01-31,WH-LAG2,PRD-0015,9,62100
2026-01-31,WH-IBD,PRD-0015,32,220800
2026-01-31,WH-ABJ,PRD-0015,28,193200
2026-01-31,WH-PHC,PRD-0015,52,358800
2026-01-31,WH-LAG1,PRD-0016,199,6865500
2026-01-31,WH-LAG2,PRD-0016,118,4071000
2026-01-31,WH-IBD,PRD-0016,78,2691000
2026-01-31,WH-ABJ,PRD-0016,117,4036500
2026-01-31,WH-PHC,PRD-0016,94,3243000
2026-01-31,WH-LAG1,PRD-0017,3,95400
2026-01-31,WH-LAG2,PRD-0017,39,1240200
2026-01-31,WH-IBD,PRD-0017,38,1208400
2026-01-31,WH-ABJ,PRD-0017,58,1844400
2026-01-31,WH-PHC,PRD-0017,0,0
2026-01-31,WH-LAG1,PRD-0018,64,3084800
2026-01-31,WH-LAG2,PRD-0018,0,0
2026-01-31,WH-IBD,PRD-0018,83,4000600
2026-01-31,WH-ABJ,PRD-0018,60,2892000
2026-01-31,WH-PHC,PRD-0018,56,2699200
2026-01-31,WH-LAG1,PRD-0019,97,2560800
2026-01-31,WH-LAG2,PRD-0019,22,580800
2026-01-31,WH-IBD,PRD-0019,51,1346400
2026-01-31,WH-ABJ,PRD-0019,0,0
2026-01-31,WH-PHC,PRD-0019,29,765600
2026-01-31,WH-LAG1,PRD-0020,217,5164600
2026-01-31,WH-LAG2,PRD-0020,66,1570800
2026-01-31,WH-IBD,PRD-0020,63,1499400
2026-01-31,WH-ABJ,PRD-0020,153,3641400
2026-01-31,WH-PHC,PRD-0020,66,1570800
2026-01-31,WH-LAG1,PRD-0021,22,325600
2026-01-31,WH-LAG2,PRD-0021,50,740000
2026-01-31,WH-IBD,PRD-0021,39,577200
2026-01-31,WH-ABJ,PRD-0021,24,355200
2026-01-31,WH-PHC,PRD-0021,48,710400
2026-01-31,WH-LAG1,PRD-0022,25,240000
2026-01-31,WH-LAG2,PRD-0022,0,0
2026-01-31,WH-IBD,PRD-0022,0,0
2026-01-31,WH-ABJ,PRD-0022,28,268800
2026-01-31,WH-PHC,PRD-0022,27,259200
2026-01-31,WH-LAG1,PRD-0023,222,2974800
2026-01-31,WH-LAG2,PRD-0023,23,308200
2026-01-31,WH-IBD,PRD-0023,16,214400
2026-01-31,WH-ABJ,PRD-0023,30,402000
2026-01-31,WH-PHC,PRD-0023,20,268000
2026-01-31,WH-LAG1,PRD-0024,31,241800
2026-01-31,WH-LAG2,PRD-0024,42,327600
2026-01-31,WH-IBD,PRD-0024,37,288600
2026-01-31,WH-ABJ,PRD-0024,22,171600
2026-01-31,WH-PHC,PRD-0024,26,202800
2026-01-31,WH-LAG1,PRD-0025,109,468700
2026-01-31,WH-LAG2,PRD-0025,0,0
2026-01-31,WH-IBD,PRD-0025,24,103200
2026-01-31,WH-ABJ,PRD-0025,47,202100
2026-01-31,WH-PHC,PRD-0025,53,227900
2026-01-31,WH-LAG1,PRD-0026,80,288000
2026-01-31,WH-LAG2,PRD-0026,15,54000
2026-01-31,WH-IBD,PRD-0026,52,187200
2026-01-31,WH-ABJ,PRD-0026,77,277200
2026-01-31,WH-PHC,PRD-0026,16,57600
2026-01-31,WH-LAG1,PRD-0027,35,133000
2026-01-31,WH-LAG2,PRD-0027,24,91200
2026-01-31,WH-IBD,PRD-0027,19,72200
2026-01-31,WH-ABJ,PRD-0027,0,0
2026-01-31,WH-PHC,PRD-0027,9,34200
2026-01-31,WH-LAG1,PRD-0028,39,156000
2026-01-31,WH-LAG2,PRD-0028,31,124000
2026-01-31,WH-IBD,PRD-0028,46,184000
2026-01-31,WH-ABJ,PRD-0028,0,0
2026-01-31,WH-PHC,PRD-0028,60,240000
2026-01-31,WH-LAG1,PRD-0029,66,587400
2026-01-31,WH-LAG2,PRD-0029,35,311500
2026-01-31,WH-IBD,PRD-0029,43,382700
2026-01-31,WH-ABJ,PRD-0029,11,97900
2026-01-31,WH-PHC,PRD-0029,30,267000
2026-01-31,WH-LAG1,PRD-0030,34,731000
2026-01-31,WH-LAG2,PRD-0030,22,473000
2026-01-31,WH-IBD,PRD-0030,23,494500
2026-01-31,WH-ABJ,PRD-0030,23,494500
2026-01-31,WH-PHC,PRD-0030,28,602000
2026-01-31,WH-LAG1,PRD-0031,71,2144200
2026-01-31,WH-LAG2,PRD-0031,66,1993200
2026-01-31,WH-IBD,PRD-0031,76,2295200
2026-01-31,WH-ABJ,PRD-0031,48,1449600
2026-01-31,WH-PHC,PRD-0031,58,1751600
2026-01-31,WH-LAG1,PRD-0032,14,235200
2026-01-31,WH-LAG2,PRD-0032,19,319200
2026-01-31,WH-IBD,PRD-0032,10,168000
2026-01-31,WH-ABJ,PRD-0032,7,117600
2026-01-31,WH-PHC,PRD-0032,28,470400
2026-01-31,WH-LAG1,PRD-0033,93,874200
2026-01-31,WH-LAG2,PRD-0033,40,376000
2026-01-31,WH-IBD,PRD-0033,38,357200
2026-01-31,WH-ABJ,PRD-0033,49,460600
2026-01-31,WH-PHC,PRD-0033,65,611000
2026-01-31,WH-LAG1,PRD-0034,17,219300
2026-01-31,WH-LAG2,PRD-0034,10,129000
2026-01-31,WH-IBD,PRD-0034,16,206400
2026-01-31,WH-ABJ,PRD-0034,40,516000
2026-01-31,WH-PHC,PRD-0034,21,270900
2026-01-31,WH-LAG1,PRD-0035,46,542800
2026-01-31,WH-LAG2,PRD-0035,2,23600
2026-01-31,WH-IBD,PRD-0035,78,920400
2026-01-31,WH-ABJ,PRD-0035,66,778800
2026-01-31,WH-PHC,PRD-0035,51,601800
2026-01-31,WH-LAG1,PRD-0036,24,374400
2026-01-31,WH-LAG2,PRD-0036,47,733200
2026-01-31,WH-IBD,PRD-0036,46,717600
2026-01-31,WH-ABJ,PRD-0036,15,234000
2026-01-31,WH-PHC,PRD-0036,69,1076400
2026-01-31,WH-LAG1,PRD-0037,223,4415400
2026-01-31,WH-LAG2,PRD-0037,10,198000
2026-01-31,WH-IBD,PRD-0037,127,2514600
2026-01-31,WH-ABJ,PRD-0037,117,2316600
2026-01-31,WH-PHC,PRD-0037,107,2118600
2026-01-31,WH-LAG1,PRD-0038,40,476000
2026-01-31,WH-LAG2,PRD-0038,28,333200
2026-01-31,WH-IBD,PRD-0038,6,71400
2026-01-31,WH-ABJ,PRD-0038,26,309400
2026-01-31,WH-PHC,PRD-0038,15,178500
2026-01-31,WH-LAG1,PRD-0039,135,1674000
2026-01-31,WH-LAG2,PRD-0039,112,1388800
2026-01-31,WH-IBD,PRD-0039,86,1066400
2026-01-31,WH-ABJ,PRD-0039,243,3013200
2026-01-31,WH-PHC,PRD-0039,179,2219600
2026-01-31,WH-LAG1,PRD-0040,113,1265600
2026-01-31,WH-LAG2,PRD-0040,30,336000
2026-01-31,WH-IBD,PRD-0040,64,716800
2026-01-31,WH-ABJ,PRD-0040,24,268800
2026-01-31,WH-PHC,PRD-0040,59,660800
2026-01-31,WH-LAG1,PRD-0041,73,379600
2026-01-31,WH-LAG2,PRD-0041,70,364000
2026-01-31,WH-IBD,PRD-0041,29,150800
2026-01-31,WH-ABJ,PRD-0041,0,0
2026-01-31,WH-PHC,PRD-0041,50,260000
2026-01-31,WH-LAG1,PRD-0042,19,416100
2026-01-31,WH-LAG2,PRD-0042,22,481800
2026-01-31,WH-IBD,PRD-0042,9,197100
2026-01-31,WH-ABJ,PRD-0042,22,481800
2026-01-31,WH-PHC,PRD-0042,7,153300
2026-01-31,WH-LAG1,PRD-0043,87,1322400
2026-01-31,WH-LAG2,PRD-0043,30,456000
2026-01-31,WH-IBD,PRD-0043,51,775200
2026-01-31,WH-ABJ,PRD-0043,48,729600
2026-01-31,WH-PHC,PRD-0043,38,577600
2026-01-31,WH-LAG1,PRD-0044,16,108800
2026-01-31,WH-LAG2,PRD-0044,15,102000
2026-01-31,WH-IBD,PRD-0044,8,54400
2026-01-31,WH-ABJ,PRD-0044,13,88400
2026-01-31,WH-PHC,PRD-0044,16,108800
2026-01-31,WH-LAG1,PRD-0045,132,818400
2026-01-31,WH-LAG2,PRD-0045,58,359600
2026-01-31,WH-IBD,PRD-0045,32,198400
2026-01-31,WH-ABJ,PRD-0045,76,471200
2026-01-31,WH-PHC,PRD-0045,20,124000
2026-01-31,WH-LAG1,PRD-0046,86,1186800
2026-01-31,WH-LAG2,PRD-0046,70,966000
2026-01-31,WH-IBD,PRD-0046,73,1007400
2026-01-31,WH-ABJ,PRD-0046,65,897000
2026-01-31,WH-PHC,PRD-0046,42,579600
2026-01-31,WH-LAG1,PRD-0047,47,761400
2026-01-31,WH-LAG2,PRD-0047,49,793800
2026-01-31,WH-IBD,PRD-0047,28,453600
2026-01-31,WH-ABJ,PRD-0047,54,874800
2026-01-31,WH-PHC,PRD-0047,60,972000
2026-01-31,WH-LAG1,PRD-0048,121,1754500
2026-01-31,WH-LAG2,PRD-0048,24,348000
2026-01-31,WH-IBD,PRD-0048,58,841000
2026-01-31,WH-ABJ,PRD-0048,107,1551500
2026-01-31,WH-PHC,PRD-0048,25,362500
2026-01-31,WH-LAG1,PRD-0049,99,1376100
2026-01-31,WH-LAG2,PRD-0049,27,375300
2026-01-31,WH-IBD,PRD-0049,32,444800
2026-01-31,WH-ABJ,PRD-0049,62,861800
2026-01-31,WH-PHC,PRD-0049,47,653300
2026-01-31,WH-LAG1,PRD-0050,70,322000
2026-01-31,WH-LAG2,PRD-0050,4,18400
2026-01-31,WH-IBD,PRD-0050,46,211600
2026-01-31,WH-ABJ,PRD-0050,70,322000
2026-01-31,WH-PHC,PRD-0050,14,64400
2026-01-31,WH-LAG1,PRD-0051,178,6194400
2026-01-31,WH-LAG2,PRD-0051,42,1461600
2026-01-31,WH-IBD,PRD-0051,75,2610000
2026-01-31,WH-ABJ,PRD-0051,154,5359200
2026-01-31,WH-PHC,PRD-0051,99,3445200
2026-01-31,WH-LAG1,PRD-0052,21,711900
2026-01-31,WH-LAG2,PRD-0052,17,576300
2026-01-31,WH-IBD,PRD-0052,2,67800
2026-01-31,WH-ABJ,PRD-0052,0,0
2026-01-31,WH-PHC,PRD-0052,18,610200
2026-01-31,WH-LAG1,PRD-0053,19,623200
2026-01-31,WH-LAG2,PRD-0053,27,885600
2026-01-31,WH-IBD,PRD-0053,19,623200
2026-01-31,WH-ABJ,PRD-0053,17,557600
2026-01-31,WH-PHC,PRD-0053,23,754400
2026-01-31,WH-LAG1,PRD-0054,54,734400
2026-01-31,WH-LAG2,PRD-0054,5,68000
2026-01-31,WH-IBD,PRD-0054,49,666400
2026-01-31,WH-ABJ,PRD-0054,49,666400
2026-01-31,WH-PHC,PRD-0054,8,108800
2026-01-31,WH-LAG1,PRD-0055,79,1090200
2026-01-31,WH-LAG2,PRD-0055,27,372600
2026-01-31,WH-IBD,PRD-0055,39,538200
2026-01-31,WH-ABJ,PRD-0055,87,1200600
2026-01-31,WH-PHC,PRD-0055,33,455400
2026-01-31,WH-LAG1,PRD-0056,73,1562200
2026-01-31,WH-LAG2,PRD-0056,19,406600
2026-01-31,WH-IBD,PRD-0056,8,171200
2026-01-31,WH-ABJ,PRD-0056,17,363800
2026-01-31,WH-PHC,PRD-0056,2,42800
2026-01-31,WH-LAG1,PRD-0057,276,4360800
2026-01-31,WH-LAG2,PRD-0057,106,1674800
2026-01-31,WH-IBD,PRD-0057,57,900600
2026-01-31,WH-ABJ,PRD-0057,134,2117200
2026-01-31,WH-PHC,PRD-0057,165,2607000
2026-01-31,WH-LAG1,PRD-0058,43,640700
2026-01-31,WH-LAG2,PRD-0058,44,655600
2026-01-31,WH-IBD,PRD-0058,42,625800
2026-01-31,WH-ABJ,PRD-0058,31,461900
2026-01-31,WH-PHC,PRD-0058,58,864200
2026-01-31,WH-LAG1,PRD-0059,27,1147500
2026-01-31,WH-LAG2,PRD-0059,55,2337500
2026-01-31,WH-IBD,PRD-0059,12,510000
2026-01-31,WH-ABJ,PRD-0059,53,2252500
2026-01-31,WH-PHC,PRD-0059,23,977500
2026-01-31,WH-LAG1,PRD-0060,137,6548600
2026-01-31,WH-LAG2,PRD-0060,100,4780000
2026-01-31,WH-IBD,PRD-0060,93,4445400
2026-01-31,WH-ABJ,PRD-0060,90,4302000
2026-01-31,WH-PHC,PRD-0060,153,7313400
2026-01-31,WH-LAG1,PRD-0061,197,2521600
2026-01-31,WH-LAG2,PRD-0061,105,1344000
2026-01-31,WH-IBD,PRD-0061,152,1945600
2026-01-31,WH-ABJ,PRD-0061,28,358400
2026-01-31,WH-PHC,PRD-0061,113,1446400
2026-01-31,WH-LAG1,PRD-0062,168,2284800
2026-01-31,WH-LAG2,PRD-0062,42,571200
2026-01-31,WH-IBD,PRD-0062,85,1156000
2026-01-31,WH-ABJ,PRD-0062,90,1224000
2026-01-31,WH-PHC,PRD-0062,51,693600
2026-01-31,WH-LAG1,PRD-0063,110,1309000
2026-01-31,WH-LAG2,PRD-0063,28,333200
2026-01-31,WH-IBD,PRD-0063,70,833000
2026-01-31,WH-ABJ,PRD-0063,25,297500
2026-01-31,WH-PHC,PRD-0063,81,963900
2026-01-31,WH-LAG1,PRD-0064,177,5451600
2026-01-31,WH-LAG2,PRD-0064,74,2279200
2026-01-31,WH-IBD,PRD-0064,67,2063600
2026-01-31,WH-ABJ,PRD-0064,148,4558400
2026-01-31,WH-PHC,PRD-0064,89,2741200
2026-01-31,WH-LAG1,PRD-0065,103,2719200
2026-01-31,WH-LAG2,PRD-0065,51,1346400
2026-01-31,WH-IBD,PRD-0065,71,1874400
2026-01-31,WH-ABJ,PRD-0065,106,2798400
2026-01-31,WH-PHC,PRD-0065,27,712800
2026-01-31,WH-LAG1,PRD-0066,13,574600
2026-01-31,WH-LAG2,PRD-0066,7,309400
2026-01-31,WH-IBD,PRD-0066,10,442000
2026-01-31,WH-ABJ,PRD-0066,8,353600
2026-01-31,WH-PHC,PRD-0066,11,486200
2026-01-31,WH-LAG1,PRD-0067,99,1029600
2026-01-31,WH-LAG2,PRD-0067,25,260000
2026-01-31,WH-IBD,PRD-0067,68,707200
2026-01-31,WH-ABJ,PRD-0067,69,717600
2026-01-31,WH-PHC,PRD-0067,55,572000
2026-01-31,WH-LAG1,PRD-0068,138,1821600
2026-01-31,WH-LAG2,PRD-0068,81,1069200
2026-01-31,WH-IBD,PRD-0068,36,475200
2026-01-31,WH-ABJ,PRD-0068,96,1267200
2026-01-31,WH-PHC,PRD-0068,126,1663200
2026-01-31,WH-LAG1,PRD-0069,14,193200
2026-01-31,WH-LAG2,PRD-0069,22,303600
2026-01-31,WH-IBD,PRD-0069,5,69000
2026-01-31,WH-ABJ,PRD-0069,11,151800
2026-01-31,WH-PHC,PRD-0069,23,317400
2026-01-31,WH-LAG1,PRD-0070,26,400400
2026-01-31,WH-LAG2,PRD-0070,28,431200
2026-01-31,WH-IBD,PRD-0070,62,954800
2026-01-31,WH-ABJ,PRD-0070,49,754600
2026-01-31,WH-PHC,PRD-0070,38,585200
2026-01-31,WH-LAG1,PRD-0071,17,251600
2026-01-31,WH-LAG2,PRD-0071,16,236800
2026-01-31,WH-IBD,PRD-0071,15,222000
2026-01-31,WH-ABJ,PRD-0071,16,236800
2026-01-31,WH-PHC,PRD-0071,11,162800
2026-01-31,WH-LAG1,PRD-0072,79,2575400
2026-01-31,WH-LAG2,PRD-0072,39,1271400
2026-01-31,WH-IBD,PRD-0072,42,1369200
2026-01-31,WH-ABJ,PRD-0072,50,1630000
2026-01-31,WH-PHC,PRD-0072,48,1564800
2026-01-31,WH-LAG1,PRD-0073,30,894000
2026-01-31,WH-LAG2,PRD-0073,8,238400
2026-01-31,WH-IBD,PRD-0073,20,596000
2026-01-31,WH-ABJ,PRD-0073,16,476800
2026-01-31,WH-PHC,PRD-0073,24,715200
2026-01-31,WH-LAG1,PRD-0074,137,4027800
2026-01-31,WH-LAG2,PRD-0074,39,1146600
2026-01-31,WH-IBD,PRD-0074,70,2058000
2026-01-31,WH-ABJ,PRD-0074,65,1911000
2026-01-31,WH-PHC,PRD-0074,39,1146600
2026-01-31,WH-LAG1,PRD-0075,21,562800
2026-01-31,WH-LAG2,PRD-0075,29,777200
2026-01-31,WH-IBD,PRD-0075,11,294800
2026-01-31,WH-ABJ,PRD-0075,30,804000
2026-01-31,WH-PHC,PRD-0075,31,830800
2026-01-31,WH-LAG1,PRD-0076,188,4399200
2026-01-31,WH-LAG2,PRD-0076,0,0
2026-01-31,WH-IBD,PRD-0076,96,2246400
2026-01-31,WH-ABJ,PRD-0076,24,561600
2026-01-31,WH-PHC,PRD-0076,39,912600
2026-01-31,WH-LAG1,PRD-0077,156,3993600
2026-01-31,WH-LAG2,PRD-0077,107,2739200
2026-01-31,WH-IBD,PRD-0077,201,5145600
2026-01-31,WH-ABJ,PRD-0077,82,2099200
2026-01-31,WH-PHC,PRD-0077,234,5990400
2026-01-31,WH-LAG1,PRD-0078,166,4614800
2026-01-31,WH-LAG2,PRD-0078,47,1306600
2026-01-31,WH-IBD,PRD-0078,26,722800
2026-01-31,WH-ABJ,PRD-0078,66,1834800
2026-01-31,WH-PHC,PRD-0078,80,2224000
2026-01-31,WH-LAG1,PRD-0079,56,2156000
2026-01-31,WH-LAG2,PRD-0079,34,1309000
2026-01-31,WH-IBD,PRD-0079,50,1925000
2026-01-31,WH-ABJ,PRD-0079,75,2887500
2026-01-31,WH-PHC,PRD-0079,88,3388000
2026-01-31,WH-LAG1,PRD-0080,165,3234000
2026-01-31,WH-LAG2,PRD-0080,56,1097600
2026-01-31,WH-IBD,PRD-0080,15,294000
2026-01-31,WH-ABJ,PRD-0080,58,1136800
2026-01-31,WH-PHC,PRD-0080,57,1117200
2026-01-31,WH-LAG1,PRD-0081,64,2073600
2026-01-31,WH-LAG2,PRD-0081,117,3790800
2026-01-31,WH-IBD,PRD-0081,75,2430000
2026-01-31,WH-ABJ,PRD-0081,88,2851200
2026-01-31,WH-PHC,PRD-0081,98,3175200
2026-01-31,WH-LAG1,PRD-0082,71,1831800
2026-01-31,WH-LAG2,PRD-0082,88,2270400
2026-01-31,WH-IBD,PRD-0082,40,1032000
2026-01-31,WH-ABJ,PRD-0082,126,3250800
2026-01-31,WH-PHC,PRD-0082,28,722400
2026-01-31,WH-LAG1,PRD-0083,337,6200800
2026-01-31,WH-LAG2,PRD-0083,107,1968800
2026-01-31,WH-IBD,PRD-0083,177,3256800
2026-01-31,WH-ABJ,PRD-0083,171,3146400
2026-01-31,WH-PHC,PRD-0083,115,2116000
2026-01-31,WH-LAG1,PRD-0084,240,5184000
2026-01-31,WH-LAG2,PRD-0084,93,2008800
2026-01-31,WH-IBD,PRD-0084,15,324000
2026-01-31,WH-ABJ,PRD-0084,121,2613600
2026-01-31,WH-PHC,PRD-0084,75,1620000
2026-01-31,WH-LAG1,PRD-0085,179,4689800
2026-01-31,WH-LAG2,PRD-0085,64,1676800
2026-01-31,WH-IBD,PRD-0085,0,0
2026-01-31,WH-ABJ,PRD-0085,65,1703000
2026-01-31,WH-PHC,PRD-0085,17,445400
2026-01-31,WH-LAG1,PRD-0086,306,7282800
2026-01-31,WH-LAG2,PRD-0086,234,5569200
2026-01-31,WH-IBD,PRD-0086,121,2879800
2026-01-31,WH-ABJ,PRD-0086,106,2522800
2026-01-31,WH-PHC,PRD-0086,132,3141600
2026-01-31,WH-LAG1,PRD-0087,16,300800
2026-01-31,WH-LAG2,PRD-0087,26,488800
2026-01-31,WH-IBD,PRD-0087,6,112800
2026-01-31,WH-ABJ,PRD-0087,16,300800
2026-01-31,WH-PHC,PRD-0087,8,150400
2026-01-31,WH-LAG1,PRD-0088,32,396800
2026-01-31,WH-LAG2,PRD-0088,57,706800
2026-01-31,WH-IBD,PRD-0088,24,297600
2026-01-31,WH-ABJ,PRD-0088,17,210800
2026-01-31,WH-PHC,PRD-0088,41,508400
2026-01-31,WH-LAG1,PRD-0089,44,492800
2026-01-31,WH-LAG2,PRD-0089,57,638400
2026-01-31,WH-IBD,PRD-0089,12,134400
2026-01-31,WH-ABJ,PRD-0089,51,571200
2026-01-31,WH-PHC,PRD-0089,36,403200
2026-01-31,WH-LAG1,PRD-0090,1246,35635600
2026-01-31,WH-LAG2,PRD-0090,814,23280400
2026-01-31,WH-IBD,PRD-0090,382,10925200
2026-01-31,WH-ABJ,PRD-0090,720,20592000
2026-01-31,WH-PHC,PRD-0090,1266,36207600
2026-01-31,WH-LAG1,PRD-0091,38,820800
2026-01-31,WH-LAG2,PRD-0091,359,7754400
2026-01-31,WH-IBD,PRD-0091,67,1447200
2026-01-31,WH-ABJ,PRD-0091,42,907200
2026-01-31,WH-PHC,PRD-0091,10,216000
2026-01-31,WH-LAG1,PRD-0092,96,2380800
2026-01-31,WH-LAG2,PRD-0092,51,1264800
2026-01-31,WH-IBD,PRD-0092,39,967200
2026-01-31,WH-ABJ,PRD-0092,15,372000
2026-01-31,WH-PHC,PRD-0092,36,892800
2026-01-31,WH-LAG1,PRD-0093,103,1998200
2026-01-31,WH-LAG2,PRD-0093,492,9544800
2026-01-31,WH-IBD,PRD-0093,34,659600
2026-01-31,WH-ABJ,PRD-0093,112,2172800
2026-01-31,WH-PHC,PRD-0093,103,1998200
2026-01-31,WH-LAG1,PRD-0094,39,733200
2026-01-31,WH-LAG2,PRD-0094,80,1504000
2026-01-31,WH-IBD,PRD-0094,18,338400
2026-01-31,WH-ABJ,PRD-0094,39,733200
2026-01-31,WH-PHC,PRD-0094,21,394800
2026-01-31,WH-LAG1,PRD-0095,31,523900
2026-01-31,WH-LAG2,PRD-0095,67,1132300
2026-01-31,WH-IBD,PRD-0095,11,185900
2026-01-31,WH-ABJ,PRD-0095,32,540800
2026-01-31,WH-PHC,PRD-0095,10,169000
2026-01-31,WH-LAG1,PRD-0096,12,218400
2026-01-31,WH-LAG2,PRD-0096,51,928200
2026-01-31,WH-IBD,PRD-0096,6,109200
2026-01-31,WH-ABJ,PRD-0096,23,418600
2026-01-31,WH-PHC,PRD-0096,5,91000
2026-01-31,WH-LAG1,PRD-0097,34,605200
2026-01-31,WH-LAG2,PRD-0097,66,1174800
2026-01-31,WH-IBD,PRD-0097,16,284800
2026-01-31,WH-ABJ,PRD-0097,27,480600
2026-01-31,WH-PHC,PRD-0097,13,231400
2026-01-31,WH-LAG1,PRD-0098,362,4850800
2026-01-31,WH-LAG2,PRD-0098,834,11175600
2026-01-31,WH-IBD,PRD-0098,94,1259600
2026-01-31,WH-ABJ,PRD-0098,89,1192600
2026-01-31,WH-PHC,PRD-0098,215,2881000
2026-01-31,WH-LAG1,PRD-0099,45,567000
2026-01-31,WH-LAG2,PRD-0099,74,932400
2026-01-31,WH-IBD,PRD-0099,20,252000
2026-01-31,WH-ABJ,PRD-0099,15,189000
2026-01-31,WH-PHC,PRD-0099,28,352800
2026-01-31,WH-LAG1,PRD-0100,536,9004800
2026-01-31,WH-LAG2,PRD-0100,1186,19924800
2026-01-31,WH-IBD,PRD-0100,182,3057600
2026-01-31,WH-ABJ,PRD-0100,506,8500800
2026-01-31,WH-PHC,PRD-0100,207,3477600
2026-01-31,WH-LAG1,PRD-0101,22,404800
2026-01-31,WH-LAG2,PRD-0101,93,1711200
2026-01-31,WH-IBD,PRD-0101,8,147200
2026-01-31,WH-ABJ,PRD-0101,36,662400
2026-01-31,WH-PHC,PRD-0101,26,478400
2026-01-31,WH-LAG1,PRD-0102,73,1036600
2026-01-31,WH-LAG2,PRD-0102,330,4686000
2026-01-31,WH-IBD,PRD-0102,3,42600
2026-01-31,WH-ABJ,PRD-0102,71,1008200
2026-01-31,WH-PHC,PRD-0102,37,525400
2026-01-31,WH-LAG1,PRD-0103,164,4887200
2026-01-31,WH-LAG2,PRD-0103,293,8731400
2026-01-31,WH-IBD,PRD-0103,64,1907200
2026-01-31,WH-ABJ,PRD-0103,127,3784600
2026-01-31,WH-PHC,PRD-0103,6,178800
2026-01-31,WH-LAG1,PRD-0104,15,207000
2026-01-31,WH-LAG2,PRD-0104,89,1228200
2026-01-31,WH-IBD,PRD-0104,30,414000
2026-01-31,WH-ABJ,PRD-0104,40,552000
2026-01-31,WH-PHC,PRD-0104,14,193200
2026-01-31,WH-LAG1,PRD-0105,59,2041400
2026-01-31,WH-LAG2,PRD-0105,115,3979000
2026-01-31,WH-IBD,PRD-0105,30,1038000
2026-01-31,WH-ABJ,PRD-0105,28,968800
2026-01-31,WH-PHC,PRD-0105,29,1003400
2026-01-31,WH-LAG1,PRD-0106,43,1410400
2026-01-31,WH-LAG2,PRD-0106,60,1968000
2026-01-31,WH-IBD,PRD-0106,7,229600
2026-01-31,WH-ABJ,PRD-0106,17,557600
2026-01-31,WH-PHC,PRD-0106,30,984000
2026-01-31,WH-LAG1,PRD-0107,38,1269200
2026-01-31,WH-LAG2,PRD-0107,64,2137600
2026-01-31,WH-IBD,PRD-0107,16,534400
2026-01-31,WH-ABJ,PRD-0107,0,0
2026-01-31,WH-PHC,PRD-0107,0,0
2026-01-31,WH-LAG1,PRD-0108,274,7343200
2026-01-31,WH-LAG2,PRD-0108,833,22324400
2026-01-31,WH-IBD,PRD-0108,72,1929600
2026-01-31,WH-ABJ,PRD-0108,245,6566000
2026-01-31,WH-PHC,PRD-0108,125,3350000
2026-01-31,WH-LAG1,PRD-0109,122,3220800
2026-01-31,WH-LAG2,PRD-0109,32,844800
2026-01-31,WH-IBD,PRD-0109,108,2851200
2026-01-31,WH-ABJ,PRD-0109,82,2164800
2026-01-31,WH-PHC,PRD-0109,28,739200
2026-01-31,WH-LAG1,PRD-0110,35,868000
2026-01-31,WH-LAG2,PRD-0110,20,496000
2026-01-31,WH-IBD,PRD-0110,23,570400
2026-01-31,WH-ABJ,PRD-0110,30,744000
2026-01-31,WH-PHC,PRD-0110,25,620000
2026-01-31,WH-LAG1,PRD-0111,95,931000
2026-01-31,WH-LAG2,PRD-0111,120,1176000
2026-01-31,WH-IBD,PRD-0111,49,480200
2026-01-31,WH-ABJ,PRD-0111,88,862400
2026-01-31,WH-PHC,PRD-0111,26,254800
2026-01-31,WH-LAG1,PRD-0112,45,531000
2026-01-31,WH-LAG2,PRD-0112,4,47200
2026-01-31,WH-IBD,PRD-0112,0,0
2026-01-31,WH-ABJ,PRD-0112,19,224200
2026-01-31,WH-PHC,PRD-0112,23,271400
2026-01-31,WH-LAG1,PRD-0113,100,860000
2026-01-31,WH-LAG2,PRD-0113,35,301000
2026-01-31,WH-IBD,PRD-0113,95,817000
2026-01-31,WH-ABJ,PRD-0113,40,344000
2026-01-31,WH-PHC,PRD-0113,76,653600
2026-01-31,WH-LAG1,PRD-0114,21,256200
2026-01-31,WH-LAG2,PRD-0114,20,244000
2026-01-31,WH-IBD,PRD-0114,14,170800
2026-01-31,WH-ABJ,PRD-0114,27,329400
2026-01-31,WH-PHC,PRD-0114,22,268400
2026-01-31,WH-LAG1,PRD-0115,122,2000800
2026-01-31,WH-LAG2,PRD-0115,37,606800
2026-01-31,WH-IBD,PRD-0115,102,1672800
2026-01-31,WH-ABJ,PRD-0115,60,984000
2026-01-31,WH-PHC,PRD-0115,66,1082400
2026-01-31,WH-LAG1,PRD-0116,31,427800
2026-01-31,WH-LAG2,PRD-0116,30,414000
2026-01-31,WH-IBD,PRD-0116,42,579600
2026-01-31,WH-ABJ,PRD-0116,14,193200
2026-01-31,WH-PHC,PRD-0116,21,289800
2026-01-31,WH-LAG1,PRD-0117,104,1580800
2026-01-31,WH-LAG2,PRD-0117,19,288800
2026-01-31,WH-IBD,PRD-0117,50,760000
2026-01-31,WH-ABJ,PRD-0117,39,592800
2026-01-31,WH-PHC,PRD-0117,17,258400
2026-01-31,WH-LAG1,PRD-0118,95,1672000
2026-01-31,WH-LAG2,PRD-0118,43,756800
2026-01-31,WH-IBD,PRD-0118,73,1284800
2026-01-31,WH-ABJ,PRD-0118,119,2094400
2026-01-31,WH-PHC,PRD-0118,169,2974400
2026-01-31,WH-LAG1,PRD-0119,37,695600
2026-01-31,WH-LAG2,PRD-0119,5,94000
2026-01-31,WH-IBD,PRD-0119,5,94000
2026-01-31,WH-ABJ,PRD-0119,26,488800
2026-01-31,WH-PHC,PRD-0119,15,282000
2026-01-31,WH-LAG1,PRD-0120,15,186000
2026-01-31,WH-LAG2,PRD-0120,10,124000
2026-01-31,WH-IBD,PRD-0120,93,1153200
2026-01-31,WH-ABJ,PRD-0120,120,1488000
2026-01-31,WH-PHC,PRD-0120,104,1289600
2026-01-31,WH-LAG1,PRD-0121,256,5529600
2026-01-31,WH-LAG2,PRD-0121,114,2462400
2026-01-31,WH-IBD,PRD-0121,164,3542400
2026-01-31,WH-ABJ,PRD-0121,212,4579200
2026-01-31,WH-PHC,PRD-0121,83,1792800
2026-01-31,WH-LAG1,PRD-0122,81,1198800
2026-01-31,WH-LAG2,PRD-0122,49,725200
2026-01-31,WH-IBD,PRD-0122,68,1006400
2026-01-31,WH-ABJ,PRD-0122,104,1539200
2026-01-31,WH-PHC,PRD-0122,64,947200
2026-01-31,WH-LAG1,PRD-0123,78,904800
2026-01-31,WH-LAG2,PRD-0123,63,730800
2026-01-31,WH-IBD,PRD-0123,57,661200
2026-01-31,WH-ABJ,PRD-0123,76,881600
2026-01-31,WH-PHC,PRD-0123,45,522000
2026-01-31,WH-LAG1,PRD-0124,68,462400
2026-01-31,WH-LAG2,PRD-0124,64,435200
2026-01-31,WH-IBD,PRD-0124,22,149600
2026-01-31,WH-ABJ,PRD-0124,57,387600
2026-01-31,WH-PHC,PRD-0124,38,258400
2026-01-31,WH-LAG1,PRD-0125,526,6732800
2026-01-31,WH-LAG2,PRD-0125,144,1843200
2026-01-31,WH-IBD,PRD-0125,447,5721600
2026-01-31,WH-ABJ,PRD-0125,202,2585600
2026-01-31,WH-PHC,PRD-0125,371,4748800
2026-01-31,WH-LAG1,PRD-0126,89,2100400
2026-01-31,WH-LAG2,PRD-0126,22,519200
2026-01-31,WH-IBD,PRD-0126,33,778800
2026-01-31,WH-ABJ,PRD-0126,44,1038400
2026-01-31,WH-PHC,PRD-0126,66,1557600
2026-01-31,WH-LAG1,PRD-0127,69,910800
2026-01-31,WH-LAG2,PRD-0127,19,250800
2026-01-31,WH-IBD,PRD-0127,40,528000
2026-01-31,WH-ABJ,PRD-0127,50,660000
2026-01-31,WH-PHC,PRD-0127,35,462000
2026-01-31,WH-LAG1,PRD-0128,141,2368800
2026-01-31,WH-LAG2,PRD-0128,43,722400
2026-01-31,WH-IBD,PRD-0128,2,33600
2026-01-31,WH-ABJ,PRD-0128,35,588000
2026-01-31,WH-PHC,PRD-0128,27,453600
2026-01-31,WH-LAG1,PRD-0129,29,446600
2026-01-31,WH-LAG2,PRD-0129,14,215600
2026-01-31,WH-IBD,PRD-0129,10,154000
2026-01-31,WH-ABJ,PRD-0129,26,400400
2026-01-31,WH-PHC,PRD-0129,19,292600
2026-01-31,WH-LAG1,PRD-0130,43,464400
2026-01-31,WH-LAG2,PRD-0130,40,432000
2026-01-31,WH-IBD,PRD-0130,0,0
2026-01-31,WH-ABJ,PRD-0130,34,367200
2026-01-31,WH-PHC,PRD-0130,45,486000
2026-01-31,WH-LAG1,PRD-0131,261,6681600
2026-01-31,WH-LAG2,PRD-0131,75,1920000
2026-01-31,WH-IBD,PRD-0131,56,1433600
2026-01-31,WH-ABJ,PRD-0131,49,1254400
2026-01-31,WH-PHC,PRD-0131,89,2278400
2026-01-31,WH-LAG1,PRD-0132,25,785000
2026-01-31,WH-LAG2,PRD-0132,11,345400
2026-01-31,WH-IBD,PRD-0132,21,659400
2026-01-31,WH-ABJ,PRD-0132,74,2323600
2026-01-31,WH-PHC,PRD-0132,20,628000
2026-01-31,WH-LAG1,PRD-0133,52,1237600
2026-01-31,WH-LAG2,PRD-0133,42,999600
2026-01-31,WH-IBD,PRD-0133,6,142800
2026-01-31,WH-ABJ,PRD-0133,43,1023400
2026-01-31,WH-PHC,PRD-0133,47,1118600
2026-01-31,WH-LAG1,PRD-0134,69,2056200
2026-01-31,WH-LAG2,PRD-0134,10,298000
2026-01-31,WH-IBD,PRD-0134,33,983400
2026-01-31,WH-ABJ,PRD-0134,40,1192000
2026-01-31,WH-PHC,PRD-0134,52,1549600
2026-01-31,WH-LAG1,PRD-0135,162,4276800
2026-01-31,WH-LAG2,PRD-0135,144,3801600
2026-01-31,WH-IBD,PRD-0135,130,3432000
2026-01-31,WH-ABJ,PRD-0135,125,3300000
2026-01-31,WH-PHC,PRD-0135,49,1293600
2026-01-31,WH-LAG1,PRD-0136,27,1150200
2026-01-31,WH-LAG2,PRD-0136,22,937200
2026-01-31,WH-IBD,PRD-0136,52,2215200
2026-01-31,WH-ABJ,PRD-0136,41,1746600
2026-01-31,WH-PHC,PRD-0136,46,1959600
2026-01-31,WH-LAG1,PRD-0137,111,2686200
2026-01-31,WH-LAG2,PRD-0137,55,1331000
2026-01-31,WH-IBD,PRD-0137,69,1669800
2026-01-31,WH-ABJ,PRD-0137,44,1064800
2026-01-31,WH-PHC,PRD-0137,75,1815000
2026-01-31,WH-LAG1,PRD-0138,150,3270000
2026-01-31,WH-LAG2,PRD-0138,50,1090000
2026-01-31,WH-IBD,PRD-0138,34,741200
2026-01-31,WH-ABJ,PRD-0138,61,1329800
2026-01-31,WH-PHC,PRD-0138,5,109000
2026-01-31,WH-LAG1,PRD-0139,126,3628800
2026-01-31,WH-LAG2,PRD-0139,40,1152000
2026-01-31,WH-IBD,PRD-0139,81,2332800
2026-01-31,WH-ABJ,PRD-0139,28,806400
2026-01-31,WH-PHC,PRD-0139,46,1324800
2026-01-31,WH-LAG1,PRD-0140,70,1638000
2026-01-31,WH-LAG2,PRD-0140,10,234000
2026-01-31,WH-IBD,PRD-0140,35,819000
2026-01-31,WH-ABJ,PRD-0140,19,444600
2026-01-31,WH-PHC,PRD-0140,27,631800
2026-01-31,WH-LAG1,PRD-0141,45,1386000
2026-01-31,WH-LAG2,PRD-0141,39,1201200
2026-01-31,WH-IBD,PRD-0141,55,1694000
2026-01-31,WH-ABJ,PRD-0141,37,1139600
2026-01-31,WH-PHC,PRD-0141,27,831600
2026-01-31,WH-LAG1,PRD-0142,160,7168000
2026-01-31,WH-LAG2,PRD-0142,133,5958400
2026-01-31,WH-IBD,PRD-0142,70,3136000
2026-01-31,WH-ABJ,PRD-0142,142,6361600
2026-01-31,WH-PHC,PRD-0142,178,7974400
2026-01-31,WH-LAG1,PRD-0143,61,2513200
2026-01-31,WH-LAG2,PRD-0143,55,2266000
2026-01-31,WH-IBD,PRD-0143,26,1071200
2026-01-31,WH-ABJ,PRD-0143,51,2101200
2026-01-31,WH-PHC,PRD-0143,40,1648000
2026-01-31,WH-LAG1,PRD-0144,31,830800
2026-01-31,WH-LAG2,PRD-0144,62,1661600
2026-01-31,WH-IBD,PRD-0144,34,911200
2026-01-31,WH-ABJ,PRD-0144,3,80400
2026-01-31,WH-PHC,PRD-0144,61,1634800
2026-01-31,WH-LAG1,PRD-0145,86,2184400
2026-01-31,WH-LAG2,PRD-0145,71,1803400
2026-01-31,WH-IBD,PRD-0145,67,1701800
2026-01-31,WH-ABJ,PRD-0145,83,2108200
2026-01-31,WH-PHC,PRD-0145,109,2768600
2026-01-31,WH-LAG1,PRD-0146,44,1223200
2026-01-31,WH-LAG2,PRD-0146,50,1390000
2026-01-31,WH-IBD,PRD-0146,41,1139800
2026-01-31,WH-ABJ,PRD-0146,58,1612400
2026-01-31,WH-PHC,PRD-0146,47,1306600
2026-01-31,WH-LAG1,PRD-0147,36,993600
2026-01-31,WH-LAG2,PRD-0147,32,883200
2026-01-31,WH-IBD,PRD-0147,25,690000
2026-01-31,WH-ABJ,PRD-0147,33,910800
2026-01-31,WH-PHC,PRD-0147,43,1186800
2026-01-31,WH-LAG1,PRD-0148,24,571200
2026-01-31,WH-LAG2,PRD-0148,15,357000
2026-01-31,WH-IBD,PRD-0148,28,666400
2026-01-31,WH-ABJ,PRD-0148,55,1309000
2026-01-31,WH-PHC,PRD-0148,20,476000
2026-01-31,WH-LAG1,PRD-0149,27,1074600
2026-01-31,WH-LAG2,PRD-0149,22,875600
2026-01-31,WH-IBD,PRD-0149,0,0
2026-01-31,WH-ABJ,PRD-0149,30,1194000
2026-01-31,WH-PHC,PRD-0149,13,517400
2026-01-31,WH-LAG1,PRD-0150,86,3302400
2026-01-31,WH-LAG2,PRD-0150,54,2073600
2026-01-31,WH-IBD,PRD-0150,36,1382400
2026-01-31,WH-ABJ,PRD-0150,76,2918400
2026-01-31,WH-PHC,PRD-0150,71,2726400
2026-01-31,WH-LAG1,PRD-0151,511,17680600
2026-01-31,WH-LAG2,PRD-0151,325,11245000
2026-01-31,WH-IBD,PRD-0151,710,24566000
2026-01-31,WH-ABJ,PRD-0151,620,21452000
2026-01-31,WH-PHC,PRD-0151,355,12283000
2026-01-31,WH-LAG1,PRD-0152,81,1749600
2026-01-31,WH-LAG2,PRD-0152,20,432000
2026-01-31,WH-IBD,PRD-0152,36,777600
2026-01-31,WH-ABJ,PRD-0152,42,907200
2026-01-31,WH-PHC,PRD-0152,12,259200
2026-01-31,WH-LAG1,PRD-0153,261,4906800
2026-01-31,WH-LAG2,PRD-0153,237,4455600
2026-01-31,WH-IBD,PRD-0153,64,1203200
2026-01-31,WH-ABJ,PRD-0153,155,2914000
2026-01-31,WH-PHC,PRD-0153,173,3252400
2026-01-31,WH-LAG1,PRD-0154,37,1243200
2026-01-31,WH-LAG2,PRD-0154,26,873600
2026-01-31,WH-IBD,PRD-0154,46,1545600
2026-01-31,WH-ABJ,PRD-0154,65,2184000
2026-01-31,WH-PHC,PRD-0154,34,1142400
2026-01-31,WH-LAG1,PRD-0155,58,3062400
2026-01-31,WH-LAG2,PRD-0155,17,897600
2026-01-31,WH-IBD,PRD-0155,43,2270400
2026-01-31,WH-ABJ,PRD-0155,67,3537600
2026-01-31,WH-PHC,PRD-0155,41,2164800
2026-01-31,WH-LAG1,PRD-0156,254,11328400
2026-01-31,WH-LAG2,PRD-0156,66,2943600
2026-01-31,WH-IBD,PRD-0156,138,6154800
2026-01-31,WH-ABJ,PRD-0156,87,3880200
2026-01-31,WH-PHC,PRD-0156,83,3701800
2026-01-31,WH-LAG1,PRD-0157,80,1504000
2026-01-31,WH-LAG2,PRD-0157,59,1109200
2026-01-31,WH-IBD,PRD-0157,54,1015200
2026-01-31,WH-ABJ,PRD-0157,48,902400
2026-01-31,WH-PHC,PRD-0157,41,770800
2026-01-31,WH-LAG1,PRD-0158,30,792000
2026-01-31,WH-LAG2,PRD-0158,37,976800
2026-01-31,WH-IBD,PRD-0158,21,554400
2026-01-31,WH-ABJ,PRD-0158,26,686400
2026-01-31,WH-PHC,PRD-0158,31,818400
2026-01-31,WH-LAG1,PRD-0159,55,1089000
2026-01-31,WH-LAG2,PRD-0159,16,316800
2026-01-31,WH-IBD,PRD-0159,45,891000
2026-01-31,WH-ABJ,PRD-0159,64,1267200
2026-01-31,WH-PHC,PRD-0159,49,970200
2026-01-31,WH-LAG1,PRD-0160,355,9088000
2026-01-31,WH-LAG2,PRD-0160,163,4172800
2026-01-31,WH-IBD,PRD-0160,93,2380800
2026-01-31,WH-ABJ,PRD-0160,78,1996800
2026-01-31,WH-PHC,PRD-0160,120,3072000
2026-01-31,WH-LAG1,PRD-0161,326,8867200
2026-01-31,WH-LAG2,PRD-0161,280,7616000
2026-01-31,WH-IBD,PRD-0161,95,2584000
2026-01-31,WH-ABJ,PRD-0161,241,6555200
2026-01-31,WH-PHC,PRD-0161,101,2747200
2026-01-31,WH-LAG1,PRD-0162,7,166600
2026-01-31,WH-LAG2,PRD-0162,36,856800
2026-01-31,WH-IBD,PRD-0162,6,142800
2026-01-31,WH-ABJ,PRD-0162,37,880600
2026-01-31,WH-PHC,PRD-0162,51,1213800
2026-01-31,WH-LAG1,PRD-0163,11,237600
2026-01-31,WH-LAG2,PRD-0163,33,712800
2026-01-31,WH-IBD,PRD-0163,38,820800
2026-01-31,WH-ABJ,PRD-0163,25,540000
2026-01-31,WH-PHC,PRD-0163,73,1576800
2026-01-31,WH-LAG1,PRD-0164,65,1092000
2026-01-31,WH-LAG2,PRD-0164,33,554400
2026-01-31,WH-IBD,PRD-0164,66,1108800
2026-01-31,WH-ABJ,PRD-0164,22,369600
2026-01-31,WH-PHC,PRD-0164,54,907200
2026-01-31,WH-LAG1,PRD-0165,121,2347400
2026-01-31,WH-LAG2,PRD-0165,93,1804200
2026-01-31,WH-IBD,PRD-0165,46,892400
2026-01-31,WH-ABJ,PRD-0165,113,2192200
2026-01-31,WH-PHC,PRD-0165,162,3142800
2026-01-31,WH-LAG1,PRD-0166,155,3379000
2026-01-31,WH-LAG2,PRD-0166,111,2419800
2026-01-31,WH-IBD,PRD-0166,117,2550600
2026-01-31,WH-ABJ,PRD-0166,197,4294600
2026-01-31,WH-PHC,PRD-0166,42,915600
2026-01-31,WH-LAG1,PRD-0167,102,1101600
2026-01-31,WH-LAG2,PRD-0167,92,993600
2026-01-31,WH-IBD,PRD-0167,3,32400
2026-01-31,WH-ABJ,PRD-0167,88,950400
2026-01-31,WH-PHC,PRD-0167,16,172800
2026-01-31,WH-LAG1,PRD-0168,18,280800
2026-01-31,WH-LAG2,PRD-0168,26,405600
2026-01-31,WH-IBD,PRD-0168,23,358800
2026-01-31,WH-ABJ,PRD-0168,19,296400
2026-01-31,WH-PHC,PRD-0168,15,234000
2026-01-31,WH-LAG1,PRD-0169,62,830800
2026-01-31,WH-LAG2,PRD-0169,27,361800
2026-01-31,WH-IBD,PRD-0169,53,710200
2026-01-31,WH-ABJ,PRD-0169,85,1139000
2026-01-31,WH-PHC,PRD-0169,67,897800
2026-01-31,WH-LAG1,PRD-0170,66,937200
2026-01-31,WH-LAG2,PRD-0170,43,610600
2026-01-31,WH-IBD,PRD-0170,62,880400
2026-01-31,WH-ABJ,PRD-0170,98,1391600
2026-01-31,WH-PHC,PRD-0170,69,979800
2026-02-28,WH-LAG1,PRD-0001,27,113400
2026-02-28,WH-LAG2,PRD-0001,41,172200
2026-02-28,WH-IBD,PRD-0001,49,205800
2026-02-28,WH-ABJ,PRD-0001,22,92400
2026-02-28,WH-PHC,PRD-0001,25,105000
2026-02-28,WH-LAG1,PRD-0002,52,213200
2026-02-28,WH-LAG2,PRD-0002,32,131200
2026-02-28,WH-IBD,PRD-0002,11,45100
2026-02-28,WH-ABJ,PRD-0002,31,127100
2026-02-28,WH-PHC,PRD-0002,28,114800
2026-02-28,WH-LAG1,PRD-0003,22,90200
2026-02-28,WH-LAG2,PRD-0003,28,114800
2026-02-28,WH-IBD,PRD-0003,1,4100
2026-02-28,WH-ABJ,PRD-0003,18,73800
2026-02-28,WH-PHC,PRD-0003,20,82000
2026-02-28,WH-LAG1,PRD-0004,435,1696500
2026-02-28,WH-LAG2,PRD-0004,135,526500
2026-02-28,WH-IBD,PRD-0004,101,393900
2026-02-28,WH-ABJ,PRD-0004,216,842400
2026-02-28,WH-PHC,PRD-0004,170,663000
2026-02-28,WH-LAG1,PRD-0005,131,340600
2026-02-28,WH-LAG2,PRD-0005,71,184600
2026-02-28,WH-IBD,PRD-0005,39,101400
2026-02-28,WH-ABJ,PRD-0005,64,166400
2026-02-28,WH-PHC,PRD-0005,78,202800
2026-02-28,WH-LAG1,PRD-0006,36,90000
2026-02-28,WH-LAG2,PRD-0006,5,12500
2026-02-28,WH-IBD,PRD-0006,10,25000
2026-02-28,WH-ABJ,PRD-0006,35,87500
2026-02-28,WH-PHC,PRD-0006,29,72500
2026-02-28,WH-LAG1,PRD-0007,99,1366200
2026-02-28,WH-LAG2,PRD-0007,122,1683600
2026-02-28,WH-IBD,PRD-0007,64,883200
2026-02-28,WH-ABJ,PRD-0007,128,1766400
2026-02-28,WH-PHC,PRD-0007,115,1587000
2026-02-28,WH-LAG1,PRD-0008,29,391500
2026-02-28,WH-LAG2,PRD-0008,30,405000
2026-02-28,WH-IBD,PRD-0008,27,364500
2026-02-28,WH-ABJ,PRD-0008,25,337500
2026-02-28,WH-PHC,PRD-0008,39,526500
2026-02-28,WH-LAG1,PRD-0009,17,241400
2026-02-28,WH-LAG2,PRD-0009,16,227200
2026-02-28,WH-IBD,PRD-0009,24,340800
2026-02-28,WH-ABJ,PRD-0009,28,397600
2026-02-28,WH-PHC,PRD-0009,9,127800
2026-02-28,WH-LAG1,PRD-0010,12,158400
2026-02-28,WH-LAG2,PRD-0010,20,264000
2026-02-28,WH-IBD,PRD-0010,13,171600
2026-02-28,WH-ABJ,PRD-0010,33,435600
2026-02-28,WH-PHC,PRD-0010,6,79200
2026-02-28,WH-LAG1,PRD-0011,54,750600
2026-02-28,WH-LAG2,PRD-0011,86,1195400
2026-02-28,WH-IBD,PRD-0011,61,847900
2026-02-28,WH-ABJ,PRD-0011,28,389200
2026-02-28,WH-PHC,PRD-0011,86,1195400
2026-02-28,WH-LAG1,PRD-0012,49,705600
2026-02-28,WH-LAG2,PRD-0012,61,878400
2026-02-28,WH-IBD,PRD-0012,14,201600
2026-02-28,WH-ABJ,PRD-0012,56,806400
2026-02-28,WH-PHC,PRD-0012,51,734400
2026-02-28,WH-LAG1,PRD-0013,36,352800
2026-02-28,WH-LAG2,PRD-0013,13,127400
2026-02-28,WH-IBD,PRD-0013,13,127400
2026-02-28,WH-ABJ,PRD-0013,23,225400
2026-02-28,WH-PHC,PRD-0013,31,303800
2026-02-28,WH-LAG1,PRD-0014,7,78400
2026-02-28,WH-LAG2,PRD-0014,9,100800
2026-02-28,WH-IBD,PRD-0014,3,33600
2026-02-28,WH-ABJ,PRD-0014,5,56000
2026-02-28,WH-PHC,PRD-0014,1,11200
2026-02-28,WH-LAG1,PRD-0015,24,165600
2026-02-28,WH-LAG2,PRD-0015,13,89700
2026-02-28,WH-IBD,PRD-0015,32,220800
2026-02-28,WH-ABJ,PRD-0015,28,193200
2026-02-28,WH-PHC,PRD-0015,39,269100
2026-02-28,WH-LAG1,PRD-0016,178,6141000
2026-02-28,WH-LAG2,PRD-0016,107,3691500
2026-02-28,WH-IBD,PRD-0016,44,1518000
2026-02-28,WH-ABJ,PRD-0016,100,3450000
2026-02-28,WH-PHC,PRD-0016,90,3105000
2026-02-28,WH-LAG1,PRD-0017,101,3211800
2026-02-28,WH-LAG2,PRD-0017,39,1240200
2026-02-28,WH-IBD,PRD-0017,38,1208400
2026-02-28,WH-ABJ,PRD-0017,35,1113000
2026-02-28,WH-PHC,PRD-0017,39,1240200
2026-02-28,WH-LAG1,PRD-0018,285,13737000
2026-02-28,WH-LAG2,PRD-0018,101,4868200
2026-02-28,WH-IBD,PRD-0018,75,3615000
2026-02-28,WH-ABJ,PRD-0018,45,2169000
2026-02-28,WH-PHC,PRD-0018,52,2506400
2026-02-28,WH-LAG1,PRD-0019,97,2560800
2026-02-28,WH-LAG2,PRD-0019,100,2640000
2026-02-28,WH-IBD,PRD-0019,51,1346400
2026-02-28,WH-ABJ,PRD-0019,65,1716000
2026-02-28,WH-PHC,PRD-0019,29,765600
2026-02-28,WH-LAG1,PRD-0020,200,4760000
2026-02-28,WH-LAG2,PRD-0020,22,523600
2026-02-28,WH-IBD,PRD-0020,63,1499400
2026-02-28,WH-ABJ,PRD-0020,139,3308200
2026-02-28,WH-PHC,PRD-0020,66,1570800
2026-02-28,WH-LAG1,PRD-0021,20,296000
2026-02-28,WH-LAG2,PRD-0021,43,636400
2026-02-28,WH-IBD,PRD-0021,39,577200
2026-02-28,WH-ABJ,PRD-0021,24,355200
2026-02-28,WH-PHC,PRD-0021,34,503200
2026-02-28,WH-LAG1,PRD-0022,0,0
2026-02-28,WH-LAG2,PRD-0022,24,230400
2026-02-28,WH-IBD,PRD-0022,25,240000
2026-02-28,WH-ABJ,PRD-0022,28,268800
2026-02-28,WH-PHC,PRD-0022,27,259200
2026-02-28,WH-LAG1,PRD-0023,183,2452200
2026-02-28,WH-LAG2,PRD-0023,96,1286400
2026-02-28,WH-IBD,PRD-0023,89,1192600
2026-02-28,WH-ABJ,PRD-0023,102,1366800
2026-02-28,WH-PHC,PRD-0023,85,1139000
2026-02-28,WH-LAG1,PRD-0024,31,241800
2026-02-28,WH-LAG2,PRD-0024,19,148200
2026-02-28,WH-IBD,PRD-0024,37,288600
2026-02-28,WH-ABJ,PRD-0024,22,171600
2026-02-28,WH-PHC,PRD-0024,26,202800
2026-02-28,WH-LAG1,PRD-0025,83,356900
2026-02-28,WH-LAG2,PRD-0025,45,193500
2026-02-28,WH-IBD,PRD-0025,21,90300
2026-02-28,WH-ABJ,PRD-0025,38,163400
2026-02-28,WH-PHC,PRD-0025,48,206400
2026-02-28,WH-LAG1,PRD-0026,65,234000
2026-02-28,WH-LAG2,PRD-0026,54,194400
2026-02-28,WH-IBD,PRD-0026,52,187200
2026-02-28,WH-ABJ,PRD-0026,77,277200
2026-02-28,WH-PHC,PRD-0026,75,270000
2026-02-28,WH-LAG1,PRD-0027,20,76000
2026-02-28,WH-LAG2,PRD-0027,24,91200
2026-02-28,WH-IBD,PRD-0027,19,72200
2026-02-28,WH-ABJ,PRD-0027,18,68400
2026-02-28,WH-PHC,PRD-0027,5,19000
2026-02-28,WH-LAG1,PRD-0028,121,484000
2026-02-28,WH-LAG2,PRD-0028,9,36000
2026-02-28,WH-IBD,PRD-0028,44,176000
2026-02-28,WH-ABJ,PRD-0028,64,256000
2026-02-28,WH-PHC,PRD-0028,38,152000
2026-02-28,WH-LAG1,PRD-0029,48,427200
2026-02-28,WH-LAG2,PRD-0029,35,311500
2026-02-28,WH-IBD,PRD-0029,43,382700
2026-02-28,WH-ABJ,PRD-0029,49,436100
2026-02-28,WH-PHC,PRD-0029,30,267000
2026-02-28,WH-LAG1,PRD-0030,27,580500
2026-02-28,WH-LAG2,PRD-0030,22,473000
2026-02-28,WH-IBD,PRD-0030,23,494500
2026-02-28,WH-ABJ,PRD-0030,23,494500
2026-02-28,WH-PHC,PRD-0030,28,602000
2026-02-28,WH-LAG1,PRD-0031,217,6553400
2026-02-28,WH-LAG2,PRD-0031,25,755000
2026-02-28,WH-IBD,PRD-0031,76,2295200
2026-02-28,WH-ABJ,PRD-0031,165,4983000
2026-02-28,WH-PHC,PRD-0031,32,966400
2026-02-28,WH-LAG1,PRD-0032,14,235200
2026-02-28,WH-LAG2,PRD-0032,19,319200
2026-02-28,WH-IBD,PRD-0032,31,520800
2026-02-28,WH-ABJ,PRD-0032,7,117600
2026-02-28,WH-PHC,PRD-0032,28,470400
2026-02-28,WH-LAG1,PRD-0033,93,874200
2026-02-28,WH-LAG2,PRD-0033,26,244400
2026-02-28,WH-IBD,PRD-0033,35,329000
2026-02-28,WH-ABJ,PRD-0033,84,789600
2026-02-28,WH-PHC,PRD-0033,65,611000
2026-02-28,WH-LAG1,PRD-0034,62,799800
2026-02-28,WH-LAG2,PRD-0034,3,38700
2026-02-28,WH-IBD,PRD-0034,16,206400
2026-02-28,WH-ABJ,PRD-0034,40,516000
2026-02-28,WH-PHC,PRD-0034,32,412800
2026-02-28,WH-LAG1,PRD-0035,172,2029600
2026-02-28,WH-LAG2,PRD-0035,86,1014800
2026-02-28,WH-IBD,PRD-0035,63,743400
2026-02-28,WH-ABJ,PRD-0035,66,778800
2026-02-28,WH-PHC,PRD-0035,51,601800
2026-02-28,WH-LAG1,PRD-0036,0,0
2026-02-28,WH-LAG2,PRD-0036,47,733200
2026-02-28,WH-IBD,PRD-0036,38,592800
2026-02-28,WH-ABJ,PRD-0036,15,234000
2026-02-28,WH-PHC,PRD-0036,67,1045200
2026-02-28,WH-LAG1,PRD-0037,158,3128400
2026-02-28,WH-LAG2,PRD-0037,125,2475000
2026-02-28,WH-IBD,PRD-0037,66,1306800
2026-02-28,WH-ABJ,PRD-0037,107,2118600
2026-02-28,WH-PHC,PRD-0037,76,1504800
2026-02-28,WH-LAG1,PRD-0038,40,476000
2026-02-28,WH-LAG2,PRD-0038,12,142800
2026-02-28,WH-IBD,PRD-0038,6,71400
2026-02-28,WH-ABJ,PRD-0038,26,309400
2026-02-28,WH-PHC,PRD-0038,15,178500
2026-02-28,WH-LAG1,PRD-0039,391,4848400
2026-02-28,WH-LAG2,PRD-0039,51,632400
2026-02-28,WH-IBD,PRD-0039,80,992000
2026-02-28,WH-ABJ,PRD-0039,185,2294000
2026-02-28,WH-PHC,PRD-0039,127,1574800
2026-02-28,WH-LAG1,PRD-0040,113,1265600
2026-02-28,WH-LAG2,PRD-0040,30,336000
2026-02-28,WH-IBD,PRD-0040,0,0
2026-02-28,WH-ABJ,PRD-0040,55,616000
2026-02-28,WH-PHC,PRD-0040,41,459200
2026-02-28,WH-LAG1,PRD-0041,51,265200
2026-02-28,WH-LAG2,PRD-0041,58,301600
2026-02-28,WH-IBD,PRD-0041,0,0
2026-02-28,WH-ABJ,PRD-0041,67,348400
2026-02-28,WH-PHC,PRD-0041,29,150800
2026-02-28,WH-LAG1,PRD-0042,19,416100
2026-02-28,WH-LAG2,PRD-0042,22,481800
2026-02-28,WH-IBD,PRD-0042,2,43800
2026-02-28,WH-ABJ,PRD-0042,18,394200
2026-02-28,WH-PHC,PRD-0042,5,109500
2026-02-28,WH-LAG1,PRD-0043,66,1003200
2026-02-28,WH-LAG2,PRD-0043,51,775200
2026-02-28,WH-IBD,PRD-0043,51,775200
2026-02-28,WH-ABJ,PRD-0043,48,729600
2026-02-28,WH-PHC,PRD-0043,38,577600
2026-02-28,WH-LAG1,PRD-0044,16,108800
2026-02-28,WH-LAG2,PRD-0044,8,54400
2026-02-28,WH-IBD,PRD-0044,8,54400
2026-02-28,WH-ABJ,PRD-0044,13,88400
2026-02-28,WH-PHC,PRD-0044,16,108800
2026-02-28,WH-LAG1,PRD-0045,96,595200
2026-02-28,WH-LAG2,PRD-0045,48,297600
2026-02-28,WH-IBD,PRD-0045,32,198400
2026-02-28,WH-ABJ,PRD-0045,37,229400
2026-02-28,WH-PHC,PRD-0045,67,415400
2026-02-28,WH-LAG1,PRD-0046,86,1186800
2026-02-28,WH-LAG2,PRD-0046,67,924600
2026-02-28,WH-IBD,PRD-0046,63,869400
2026-02-28,WH-ABJ,PRD-0046,65,897000
2026-02-28,WH-PHC,PRD-0046,37,510600
2026-02-28,WH-LAG1,PRD-0047,95,1539000
2026-02-28,WH-LAG2,PRD-0047,43,696600
2026-02-28,WH-IBD,PRD-0047,0,0
2026-02-28,WH-ABJ,PRD-0047,54,874800
2026-02-28,WH-PHC,PRD-0047,57,923400
2026-02-28,WH-LAG1,PRD-0048,73,1058500
2026-02-28,WH-LAG2,PRD-0048,24,348000
2026-02-28,WH-IBD,PRD-0048,52,754000
2026-02-28,WH-ABJ,PRD-0048,84,1218000
2026-02-28,WH-PHC,PRD-0048,0,0
2026-02-28,WH-LAG1,PRD-0049,81,1125900
2026-02-28,WH-LAG2,PRD-0049,27,375300
2026-02-28,WH-IBD,PRD-0049,22,305800
2026-02-28,WH-ABJ,PRD-0049,54,750600
2026-02-28,WH-PHC,PRD-0049,47,653300
2026-02-28,WH-LAG1,PRD-0050,36,165600
2026-02-28,WH-LAG2,PRD-0050,45,207000
2026-02-28,WH-IBD,PRD-0050,43,197800
2026-02-28,WH-ABJ,PRD-0050,67,308200
2026-02-28,WH-PHC,PRD-0050,14,64400
2026-02-28,WH-LAG1,PRD-0051,89,3097200
2026-02-28,WH-LAG2,PRD-0051,123,4280400
2026-02-28,WH-IBD,PRD-0051,68,2366400
2026-02-28,WH-ABJ,PRD-0051,141,4906800
2026-02-28,WH-PHC,PRD-0051,63,2192400
2026-02-28,WH-LAG1,PRD-0052,13,440700
2026-02-28,WH-LAG2,PRD-0052,17,576300
2026-02-28,WH-IBD,PRD-0052,2,67800
2026-02-28,WH-ABJ,PRD-0052,15,508500
2026-02-28,WH-PHC,PRD-0052,18,610200
2026-02-28,WH-LAG1,PRD-0053,19,623200
2026-02-28,WH-LAG2,PRD-0053,19,623200
2026-02-28,WH-IBD,PRD-0053,19,623200
2026-02-28,WH-ABJ,PRD-0053,17,557600
2026-02-28,WH-PHC,PRD-0053,23,754400
2026-02-28,WH-LAG1,PRD-0054,53,720800
2026-02-28,WH-LAG2,PRD-0054,50,680000
2026-02-28,WH-IBD,PRD-0054,49,666400
2026-02-28,WH-ABJ,PRD-0054,49,666400
2026-02-28,WH-PHC,PRD-0054,8,108800
2026-02-28,WH-LAG1,PRD-0055,79,1090200
2026-02-28,WH-LAG2,PRD-0055,27,372600
2026-02-28,WH-IBD,PRD-0055,39,538200
2026-02-28,WH-ABJ,PRD-0055,87,1200600
2026-02-28,WH-PHC,PRD-0055,31,427800
2026-02-28,WH-LAG1,PRD-0056,24,513600
2026-02-28,WH-LAG2,PRD-0056,9,192600
2026-02-28,WH-IBD,PRD-0056,53,1134200
2026-02-28,WH-ABJ,PRD-0056,5,107000
2026-02-28,WH-PHC,PRD-0056,47,1005800
2026-02-28,WH-LAG1,PRD-0057,198,3128400
2026-02-28,WH-LAG2,PRD-0057,61,963800
2026-02-28,WH-IBD,PRD-0057,151,2385800
2026-02-28,WH-ABJ,PRD-0057,89,1406200
2026-02-28,WH-PHC,PRD-0057,135,2133000
2026-02-28,WH-LAG1,PRD-0058,17,253300
2026-02-28,WH-LAG2,PRD-0058,44,655600
2026-02-28,WH-IBD,PRD-0058,56,834400
2026-02-28,WH-ABJ,PRD-0058,31,461900
2026-02-28,WH-PHC,PRD-0058,58,864200
2026-02-28,WH-LAG1,PRD-0059,22,935000
2026-02-28,WH-LAG2,PRD-0059,55,2337500
2026-02-28,WH-IBD,PRD-0059,12,510000
2026-02-28,WH-ABJ,PRD-0059,48,2040000
2026-02-28,WH-PHC,PRD-0059,22,935000
2026-02-28,WH-LAG1,PRD-0060,83,3967400
2026-02-28,WH-LAG2,PRD-0060,70,3346000
2026-02-28,WH-IBD,PRD-0060,83,3967400
2026-02-28,WH-ABJ,PRD-0060,73,3489400
2026-02-28,WH-PHC,PRD-0060,102,4875600
2026-02-28,WH-LAG1,PRD-0061,138,1766400
2026-02-28,WH-LAG2,PRD-0061,93,1190400
2026-02-28,WH-IBD,PRD-0061,135,1728000
2026-02-28,WH-ABJ,PRD-0061,167,2137600
2026-02-28,WH-PHC,PRD-0061,93,1190400
2026-02-28,WH-LAG1,PRD-0062,110,1496000
2026-02-28,WH-LAG2,PRD-0062,34,462400
2026-02-28,WH-IBD,PRD-0062,75,1020000
2026-02-28,WH-ABJ,PRD-0062,43,584800
2026-02-28,WH-PHC,PRD-0062,51,693600
2026-02-28,WH-LAG1,PRD-0063,86,1023400
2026-02-28,WH-LAG2,PRD-0063,28,333200
2026-02-28,WH-IBD,PRD-0063,68,809200
2026-02-28,WH-ABJ,PRD-0063,0,0
2026-02-28,WH-PHC,PRD-0063,81,963900
2026-02-28,WH-LAG1,PRD-0064,140,4312000
2026-02-28,WH-LAG2,PRD-0064,28,862400
2026-02-28,WH-IBD,PRD-0064,48,1478400
2026-02-28,WH-ABJ,PRD-0064,141,4342800
2026-02-28,WH-PHC,PRD-0064,169,5205200
2026-02-28,WH-LAG1,PRD-0065,97,2560800
2026-02-28,WH-LAG2,PRD-0065,39,1029600
2026-02-28,WH-IBD,PRD-0065,56,1478400
2026-02-28,WH-ABJ,PRD-0065,103,2719200
2026-02-28,WH-PHC,PRD-0065,96,2534400
2026-02-28,WH-LAG1,PRD-0066,6,265200
2026-02-28,WH-LAG2,PRD-0066,1,44200
2026-02-28,WH-IBD,PRD-0066,10,442000
2026-02-28,WH-ABJ,PRD-0066,8,353600
2026-02-28,WH-PHC,PRD-0066,11,486200
2026-02-28,WH-LAG1,PRD-0067,69,717600
2026-02-28,WH-LAG2,PRD-0067,84,873600
2026-02-28,WH-IBD,PRD-0067,61,634400
2026-02-28,WH-ABJ,PRD-0067,69,717600
2026-02-28,WH-PHC,PRD-0067,54,561600
2026-02-28,WH-LAG1,PRD-0068,105,1386000
2026-02-28,WH-LAG2,PRD-0068,47,620400
2026-02-28,WH-IBD,PRD-0068,105,1386000
2026-02-28,WH-ABJ,PRD-0068,84,1108800
2026-02-28,WH-PHC,PRD-0068,83,1095600
2026-02-28,WH-LAG1,PRD-0069,36,496800
2026-02-28,WH-LAG2,PRD-0069,9,124200
2026-02-28,WH-IBD,PRD-0069,5,69000
2026-02-28,WH-ABJ,PRD-0069,6,82800
2026-02-28,WH-PHC,PRD-0069,23,317400
2026-02-28,WH-LAG1,PRD-0070,81,1247400
2026-02-28,WH-LAG2,PRD-0070,8,123200
2026-02-28,WH-IBD,PRD-0070,54,831600
2026-02-28,WH-ABJ,PRD-0070,44,677600
2026-02-28,WH-PHC,PRD-0070,35,539000
2026-02-28,WH-LAG1,PRD-0071,17,251600
2026-02-28,WH-LAG2,PRD-0071,16,236800
2026-02-28,WH-IBD,PRD-0071,11,162800
2026-02-28,WH-ABJ,PRD-0071,16,236800
2026-02-28,WH-PHC,PRD-0071,11,162800
2026-02-28,WH-LAG1,PRD-0072,46,1499600
2026-02-28,WH-LAG2,PRD-0072,25,815000
2026-02-28,WH-IBD,PRD-0072,42,1369200
2026-02-28,WH-ABJ,PRD-0072,19,619400
2026-02-28,WH-PHC,PRD-0072,48,1564800
2026-02-28,WH-LAG1,PRD-0073,30,894000
2026-02-28,WH-LAG2,PRD-0073,8,238400
2026-02-28,WH-IBD,PRD-0073,3,89400
2026-02-28,WH-ABJ,PRD-0073,2,59600
2026-02-28,WH-PHC,PRD-0073,0,0
2026-02-28,WH-LAG1,PRD-0074,151,4439400
2026-02-28,WH-LAG2,PRD-0074,55,1617000
2026-02-28,WH-IBD,PRD-0074,44,1293600
2026-02-28,WH-ABJ,PRD-0074,64,1881600
2026-02-28,WH-PHC,PRD-0074,36,1058400
2026-02-28,WH-LAG1,PRD-0075,51,1366800
2026-02-28,WH-LAG2,PRD-0075,14,375200
2026-02-28,WH-IBD,PRD-0075,21,562800
2026-02-28,WH-ABJ,PRD-0075,30,804000
2026-02-28,WH-PHC,PRD-0075,31,830800
2026-02-28,WH-LAG1,PRD-0076,177,4141800
2026-02-28,WH-LAG2,PRD-0076,73,1708200
2026-02-28,WH-IBD,PRD-0076,85,1989000
2026-02-28,WH-ABJ,PRD-0076,75,1755000
2026-02-28,WH-PHC,PRD-0076,14,327600
2026-02-28,WH-LAG1,PRD-0077,506,12953600
2026-02-28,WH-LAG2,PRD-0077,300,7680000
2026-02-28,WH-IBD,PRD-0077,146,3737600
2026-02-28,WH-ABJ,PRD-0077,357,9139200
2026-02-28,WH-PHC,PRD-0077,196,5017600
2026-02-28,WH-LAG1,PRD-0078,111,3085800
2026-02-28,WH-LAG2,PRD-0078,43,1195400
2026-02-28,WH-IBD,PRD-0078,105,2919000
2026-02-28,WH-ABJ,PRD-0078,53,1473400
2026-02-28,WH-PHC,PRD-0078,55,1529000
2026-02-28,WH-LAG1,PRD-0079,141,5428500
2026-02-28,WH-LAG2,PRD-0079,80,3080000
2026-02-28,WH-IBD,PRD-0079,50,1925000
2026-02-28,WH-ABJ,PRD-0079,71,2733500
2026-02-28,WH-PHC,PRD-0079,78,3003000
2026-02-28,WH-LAG1,PRD-0080,139,2724400
2026-02-28,WH-LAG2,PRD-0080,48,940800
2026-02-28,WH-IBD,PRD-0080,51,999600
2026-02-28,WH-ABJ,PRD-0080,36,705600
2026-02-28,WH-PHC,PRD-0080,12,235200
2026-02-28,WH-LAG1,PRD-0081,203,6577200
2026-02-28,WH-LAG2,PRD-0081,65,2106000
2026-02-28,WH-IBD,PRD-0081,75,2430000
2026-02-28,WH-ABJ,PRD-0081,86,2786400
2026-02-28,WH-PHC,PRD-0081,72,2332800
2026-02-28,WH-LAG1,PRD-0082,47,1212600
2026-02-28,WH-LAG2,PRD-0082,47,1212600
2026-02-28,WH-IBD,PRD-0082,24,619200
2026-02-28,WH-ABJ,PRD-0082,119,3070200
2026-02-28,WH-PHC,PRD-0082,53,1367400
2026-02-28,WH-LAG1,PRD-0083,227,4176800
2026-02-28,WH-LAG2,PRD-0083,71,1306400
2026-02-28,WH-IBD,PRD-0083,133,2447200
2026-02-28,WH-ABJ,PRD-0083,102,1876800
2026-02-28,WH-PHC,PRD-0083,22,404800
2026-02-28,WH-LAG1,PRD-0084,208,4492800
2026-02-28,WH-LAG2,PRD-0084,83,1792800
2026-02-28,WH-IBD,PRD-0084,103,2224800
2026-02-28,WH-ABJ,PRD-0084,117,2527200
2026-02-28,WH-PHC,PRD-0084,73,1576800
2026-02-28,WH-LAG1,PRD-0085,150,3930000
2026-02-28,WH-LAG2,PRD-0085,27,707400
2026-02-28,WH-IBD,PRD-0085,58,1519600
2026-02-28,WH-ABJ,PRD-0085,49,1283800
2026-02-28,WH-PHC,PRD-0085,85,2227000
2026-02-28,WH-LAG1,PRD-0086,147,3498600
2026-02-28,WH-LAG2,PRD-0086,208,4950400
2026-02-28,WH-IBD,PRD-0086,89,2118200
2026-02-28,WH-ABJ,PRD-0086,240,5712000
2026-02-28,WH-PHC,PRD-0086,66,1570800
2026-02-28,WH-LAG1,PRD-0087,16,300800
2026-02-28,WH-LAG2,PRD-0087,26,488800
2026-02-28,WH-IBD,PRD-0087,6,112800
2026-02-28,WH-ABJ,PRD-0087,16,300800
2026-02-28,WH-PHC,PRD-0087,8,150400
2026-02-28,WH-LAG1,PRD-0088,30,372000
2026-02-28,WH-LAG2,PRD-0088,57,706800
2026-02-28,WH-IBD,PRD-0088,17,210800
2026-02-28,WH-ABJ,PRD-0088,6,74400
2026-02-28,WH-PHC,PRD-0088,0,0
2026-02-28,WH-LAG1,PRD-0089,40,448000
2026-02-28,WH-LAG2,PRD-0089,57,638400
2026-02-28,WH-IBD,PRD-0089,12,134400
2026-02-28,WH-ABJ,PRD-0089,51,571200
2026-02-28,WH-PHC,PRD-0089,35,392000
2026-02-28,WH-LAG1,PRD-0090,751,21478600
2026-02-28,WH-LAG2,PRD-0090,595,17017000
2026-02-28,WH-IBD,PRD-0090,800,22880000
2026-02-28,WH-ABJ,PRD-0090,397,11354200
2026-02-28,WH-PHC,PRD-0090,1034,29572400
2026-02-28,WH-LAG1,PRD-0091,117,2527200
2026-02-28,WH-LAG2,PRD-0091,330,7128000
2026-02-28,WH-IBD,PRD-0091,46,993600
2026-02-28,WH-ABJ,PRD-0091,131,2829600
2026-02-28,WH-PHC,PRD-0091,100,2160000
2026-02-28,WH-LAG1,PRD-0092,75,1860000
2026-02-28,WH-LAG2,PRD-0092,51,1264800
2026-02-28,WH-IBD,PRD-0092,39,967200
2026-02-28,WH-ABJ,PRD-0092,40,992000
2026-02-28,WH-PHC,PRD-0092,36,892800
2026-02-28,WH-LAG1,PRD-0093,265,5141000
2026-02-28,WH-LAG2,PRD-0093,483,9370200
2026-02-28,WH-IBD,PRD-0093,75,1455000
2026-02-28,WH-ABJ,PRD-0093,71,1377400
2026-02-28,WH-PHC,PRD-0093,61,1183400
2026-02-28,WH-LAG1,PRD-0094,36,676800
2026-02-28,WH-LAG2,PRD-0094,64,1203200
2026-02-28,WH-IBD,PRD-0094,18,338400
2026-02-28,WH-ABJ,PRD-0094,39,733200
2026-02-28,WH-PHC,PRD-0094,21,394800
2026-02-28,WH-LAG1,PRD-0095,25,422500
2026-02-28,WH-LAG2,PRD-0095,67,1132300
2026-02-28,WH-IBD,PRD-0095,11,185900
2026-02-28,WH-ABJ,PRD-0095,27,456300
2026-02-28,WH-PHC,PRD-0095,10,169000
2026-02-28,WH-LAG1,PRD-0096,12,218400
2026-02-28,WH-LAG2,PRD-0096,51,928200
2026-02-28,WH-IBD,PRD-0096,6,109200
2026-02-28,WH-ABJ,PRD-0096,11,200200
2026-02-28,WH-PHC,PRD-0096,5,91000
2026-02-28,WH-LAG1,PRD-0097,34,605200
2026-02-28,WH-LAG2,PRD-0097,58,1032400
2026-02-28,WH-IBD,PRD-0097,16,284800
2026-02-28,WH-ABJ,PRD-0097,27,480600
2026-02-28,WH-PHC,PRD-0097,13,231400
2026-02-28,WH-LAG1,PRD-0098,297,3979800
2026-02-28,WH-LAG2,PRD-0098,783,10492200
2026-02-28,WH-IBD,PRD-0098,39,522600
2026-02-28,WH-ABJ,PRD-0098,318,4261200
2026-02-28,WH-PHC,PRD-0098,188,2519200
2026-02-28,WH-LAG1,PRD-0099,45,567000
2026-02-28,WH-LAG2,PRD-0099,74,932400
2026-02-28,WH-IBD,PRD-0099,16,201600
2026-02-28,WH-ABJ,PRD-0099,15,189000
2026-02-28,WH-PHC,PRD-0099,28,352800
2026-02-28,WH-LAG1,PRD-0100,375,6300000
2026-02-28,WH-LAG2,PRD-0100,1095,18396000
2026-02-28,WH-IBD,PRD-0100,153,2570400
2026-02-28,WH-ABJ,PRD-0100,456,7660800
2026-02-28,WH-PHC,PRD-0100,137,2301600
2026-02-28,WH-LAG1,PRD-0101,22,404800
2026-02-28,WH-LAG2,PRD-0101,93,1711200
2026-02-28,WH-IBD,PRD-0101,8,147200
2026-02-28,WH-ABJ,PRD-0101,36,662400
2026-02-28,WH-PHC,PRD-0101,26,478400
2026-02-28,WH-LAG1,PRD-0102,33,468600
2026-02-28,WH-LAG2,PRD-0102,330,4686000
2026-02-28,WH-IBD,PRD-0102,45,639000
2026-02-28,WH-ABJ,PRD-0102,67,951400
2026-02-28,WH-PHC,PRD-0102,13,184600
2026-02-28,WH-LAG1,PRD-0103,149,4440200
2026-02-28,WH-LAG2,PRD-0103,273,8135400
2026-02-28,WH-IBD,PRD-0103,41,1221800
2026-02-28,WH-ABJ,PRD-0103,119,3546200
2026-02-28,WH-PHC,PRD-0103,39,1162200
2026-02-28,WH-LAG1,PRD-0104,15,207000
2026-02-28,WH-LAG2,PRD-0104,87,1200600
2026-02-28,WH-IBD,PRD-0104,28,386400
2026-02-28,WH-ABJ,PRD-0104,40,552000
2026-02-28,WH-PHC,PRD-0104,14,193200
2026-02-28,WH-LAG1,PRD-0105,57,1972200
2026-02-28,WH-LAG2,PRD-0105,108,3736800
2026-02-28,WH-IBD,PRD-0105,30,1038000
2026-02-28,WH-ABJ,PRD-0105,22,761200
2026-02-28,WH-PHC,PRD-0105,26,899600
2026-02-28,WH-LAG1,PRD-0106,43,1410400
2026-02-28,WH-LAG2,PRD-0106,60,1968000
2026-02-28,WH-IBD,PRD-0106,7,229600
2026-02-28,WH-ABJ,PRD-0106,17,557600
2026-02-28,WH-PHC,PRD-0106,23,754400
2026-02-28,WH-LAG1,PRD-0107,27,901800
2026-02-28,WH-LAG2,PRD-0107,48,1603200
2026-02-28,WH-IBD,PRD-0107,16,534400
2026-02-28,WH-ABJ,PRD-0107,27,901800
2026-02-28,WH-PHC,PRD-0107,32,1068800
2026-02-28,WH-LAG1,PRD-0108,178,4770400
2026-02-28,WH-LAG2,PRD-0108,712,19081600
2026-02-28,WH-IBD,PRD-0108,26,696800
2026-02-28,WH-ABJ,PRD-0108,211,5654800
2026-02-28,WH-PHC,PRD-0108,85,2278000
2026-02-28,WH-LAG1,PRD-0109,71,1874400
2026-02-28,WH-LAG2,PRD-0109,67,1768800
2026-02-28,WH-IBD,PRD-0109,99,2613600
2026-02-28,WH-ABJ,PRD-0109,82,2164800
2026-02-28,WH-PHC,PRD-0109,52,1372800
2026-02-28,WH-LAG1,PRD-0110,3,74400
2026-02-28,WH-LAG2,PRD-0110,20,496000
2026-02-28,WH-IBD,PRD-0110,20,496000
2026-02-28,WH-ABJ,PRD-0110,28,694400
2026-02-28,WH-PHC,PRD-0110,23,570400
2026-02-28,WH-LAG1,PRD-0111,210,2058000
2026-02-28,WH-LAG2,PRD-0111,110,1078000
2026-02-28,WH-IBD,PRD-0111,29,284200
2026-02-28,WH-ABJ,PRD-0111,38,372400
2026-02-28,WH-PHC,PRD-0111,109,1068200
2026-02-28,WH-LAG1,PRD-0112,42,495600
2026-02-28,WH-LAG2,PRD-0112,26,306800
2026-02-28,WH-IBD,PRD-0112,6,70800
2026-02-28,WH-ABJ,PRD-0112,8,94400
2026-02-28,WH-PHC,PRD-0112,15,177000
2026-02-28,WH-LAG1,PRD-0113,53,455800
2026-02-28,WH-LAG2,PRD-0113,24,206400
2026-02-28,WH-IBD,PRD-0113,81,696600
2026-02-28,WH-ABJ,PRD-0113,32,275200
2026-02-28,WH-PHC,PRD-0113,69,593400
2026-02-28,WH-LAG1,PRD-0114,19,231800
2026-02-28,WH-LAG2,PRD-0114,20,244000
2026-02-28,WH-IBD,PRD-0114,13,158600
2026-02-28,WH-ABJ,PRD-0114,27,329400
2026-02-28,WH-PHC,PRD-0114,22,268400
2026-02-28,WH-LAG1,PRD-0115,93,1525200
2026-02-28,WH-LAG2,PRD-0115,34,557600
2026-02-28,WH-IBD,PRD-0115,78,1279200
2026-02-28,WH-ABJ,PRD-0115,35,574000
2026-02-28,WH-PHC,PRD-0115,66,1082400
2026-02-28,WH-LAG1,PRD-0116,27,372600
2026-02-28,WH-LAG2,PRD-0116,30,414000
2026-02-28,WH-IBD,PRD-0116,42,579600
2026-02-28,WH-ABJ,PRD-0116,61,841800
2026-02-28,WH-PHC,PRD-0116,0,0
2026-02-28,WH-LAG1,PRD-0117,82,1246400
2026-02-28,WH-LAG2,PRD-0117,19,288800
2026-02-28,WH-IBD,PRD-0117,41,623200
2026-02-28,WH-ABJ,PRD-0117,39,592800
2026-02-28,WH-PHC,PRD-0117,75,1140000
2026-02-28,WH-LAG1,PRD-0118,349,6142400
2026-02-28,WH-LAG2,PRD-0118,138,2428800
2026-02-28,WH-IBD,PRD-0118,150,2640000
2026-02-28,WH-ABJ,PRD-0118,82,1443200
2026-02-28,WH-PHC,PRD-0118,160,2816000
2026-02-28,WH-LAG1,PRD-0119,37,695600
2026-02-28,WH-LAG2,PRD-0119,5,94000
2026-02-28,WH-IBD,PRD-0119,3,56400
2026-02-28,WH-ABJ,PRD-0119,10,188000
2026-02-28,WH-PHC,PRD-0119,15,282000
2026-02-28,WH-LAG1,PRD-0120,195,2418000
2026-02-28,WH-LAG2,PRD-0120,103,1277200
2026-02-28,WH-IBD,PRD-0120,93,1153200
2026-02-28,WH-ABJ,PRD-0120,196,2430400
2026-02-28,WH-PHC,PRD-0120,44,545600
2026-02-28,WH-LAG1,PRD-0121,199,4298400
2026-02-28,WH-LAG2,PRD-0121,102,2203200
2026-02-28,WH-IBD,PRD-0121,119,2570400
2026-02-28,WH-ABJ,PRD-0121,172,3715200
2026-02-28,WH-PHC,PRD-0121,80,1728000
2026-02-28,WH-LAG1,PRD-0122,258,3818400
2026-02-28,WH-LAG2,PRD-0122,37,547600
2026-02-28,WH-IBD,PRD-0122,68,1006400
2026-02-28,WH-ABJ,PRD-0122,54,799200
2026-02-28,WH-PHC,PRD-0122,57,843600
2026-02-28,WH-LAG1,PRD-0123,71,823600
2026-02-28,WH-LAG2,PRD-0123,61,707600
2026-02-28,WH-IBD,PRD-0123,50,580000
2026-02-28,WH-ABJ,PRD-0123,69,800400
2026-02-28,WH-PHC,PRD-0123,40,464000
2026-02-28,WH-LAG1,PRD-0124,68,462400
2026-02-28,WH-LAG2,PRD-0124,64,435200
2026-02-28,WH-IBD,PRD-0124,22,149600
2026-02-28,WH-ABJ,PRD-0124,34,231200
2026-02-28,WH-PHC,PRD-0124,32,217600
2026-02-28,WH-LAG1,PRD-0125,338,4326400
2026-02-28,WH-LAG2,PRD-0125,72,921600
2026-02-28,WH-IBD,PRD-0125,396,5068800
2026-02-28,WH-ABJ,PRD-0125,118,1510400
2026-02-28,WH-PHC,PRD-0125,292,3737600
2026-02-28,WH-LAG1,PRD-0126,89,2100400
2026-02-28,WH-LAG2,PRD-0126,20,472000
2026-02-28,WH-IBD,PRD-0126,60,1416000
2026-02-28,WH-ABJ,PRD-0126,37,873200
2026-02-28,WH-PHC,PRD-0126,64,1510400
2026-02-28,WH-LAG1,PRD-0127,57,752400
2026-02-28,WH-LAG2,PRD-0127,16,211200
2026-02-28,WH-IBD,PRD-0127,40,528000
2026-02-28,WH-ABJ,PRD-0127,32,422400
2026-02-28,WH-PHC,PRD-0127,35,462000
2026-02-28,WH-LAG1,PRD-0128,99,1663200
2026-02-28,WH-LAG2,PRD-0128,65,1092000
2026-02-28,WH-IBD,PRD-0128,46,772800
2026-02-28,WH-ABJ,PRD-0128,84,1411200
2026-02-28,WH-PHC,PRD-0128,77,1293600
2026-02-28,WH-LAG1,PRD-0129,29,446600
2026-02-28,WH-LAG2,PRD-0129,14,215600
2026-02-28,WH-IBD,PRD-0129,10,154000
2026-02-28,WH-ABJ,PRD-0129,22,338800
2026-02-28,WH-PHC,PRD-0129,9,138600
2026-02-28,WH-LAG1,PRD-0130,29,313200
2026-02-28,WH-LAG2,PRD-0130,40,432000
2026-02-28,WH-IBD,PRD-0130,40,432000
2026-02-28,WH-ABJ,PRD-0130,34,367200
2026-02-28,WH-PHC,PRD-0130,45,486000
2026-02-28,WH-LAG1,PRD-0131,122,3123200
2026-02-28,WH-LAG2,PRD-0131,66,1689600
2026-02-28,WH-IBD,PRD-0131,56,1433600
2026-02-28,WH-ABJ,PRD-0131,152,3891200
2026-02-28,WH-PHC,PRD-0131,89,2278400
2026-02-28,WH-LAG1,PRD-0132,10,314000
2026-02-28,WH-LAG2,PRD-0132,11,345400
2026-02-28,WH-IBD,PRD-0132,19,596600
2026-02-28,WH-ABJ,PRD-0132,74,2323600
2026-02-28,WH-PHC,PRD-0132,20,628000
2026-02-28,WH-LAG1,PRD-0133,41,975800
2026-02-28,WH-LAG2,PRD-0133,17,404600
2026-02-28,WH-IBD,PRD-0133,6,142800
2026-02-28,WH-ABJ,PRD-0133,43,1023400
2026-02-28,WH-PHC,PRD-0133,47,1118600
2026-02-28,WH-LAG1,PRD-0134,69,2056200
2026-02-28,WH-LAG2,PRD-0134,10,298000
2026-02-28,WH-IBD,PRD-0134,14,417200
2026-02-28,WH-ABJ,PRD-0134,27,804600
2026-02-28,WH-PHC,PRD-0134,50,1490000
2026-02-28,WH-LAG1,PRD-0135,111,2930400
2026-02-28,WH-LAG2,PRD-0135,89,2349600
2026-02-28,WH-IBD,PRD-0135,130,3432000
2026-02-28,WH-ABJ,PRD-0135,125,3300000
2026-02-28,WH-PHC,PRD-0135,4,105600
2026-02-28,WH-LAG1,PRD-0136,27,1150200
2026-02-28,WH-LAG2,PRD-0136,32,1363200
2026-02-28,WH-IBD,PRD-0136,39,1661400
2026-02-28,WH-ABJ,PRD-0136,41,1746600
2026-02-28,WH-PHC,PRD-0136,34,1448400
2026-02-28,WH-LAG1,PRD-0137,81,1960200
2026-02-28,WH-LAG2,PRD-0137,55,1331000
2026-02-28,WH-IBD,PRD-0137,68,1645600
2026-02-28,WH-ABJ,PRD-0137,31,750200
2026-02-28,WH-PHC,PRD-0137,39,943800
2026-02-28,WH-LAG1,PRD-0138,143,3117400
2026-02-28,WH-LAG2,PRD-0138,37,806600
2026-02-28,WH-IBD,PRD-0138,29,632200
2026-02-28,WH-ABJ,PRD-0138,61,1329800
2026-02-28,WH-PHC,PRD-0138,49,1068200
2026-02-28,WH-LAG1,PRD-0139,126,3628800
2026-02-28,WH-LAG2,PRD-0139,40,1152000
2026-02-28,WH-IBD,PRD-0139,81,2332800
2026-02-28,WH-ABJ,PRD-0139,28,806400
2026-02-28,WH-PHC,PRD-0139,25,720000
2026-02-28,WH-LAG1,PRD-0140,53,1240200
2026-02-28,WH-LAG2,PRD-0140,27,631800
2026-02-28,WH-IBD,PRD-0140,15,351000
2026-02-28,WH-ABJ,PRD-0140,17,397800
2026-02-28,WH-PHC,PRD-0140,27,631800
2026-02-28,WH-LAG1,PRD-0141,26,800800
2026-02-28,WH-LAG2,PRD-0141,39,1201200
2026-02-28,WH-IBD,PRD-0141,6,184800
2026-02-28,WH-ABJ,PRD-0141,32,985600
2026-02-28,WH-PHC,PRD-0141,22,677600
2026-02-28,WH-LAG1,PRD-0142,137,6137600
2026-02-28,WH-LAG2,PRD-0142,91,4076800
2026-02-28,WH-IBD,PRD-0142,26,1164800
2026-02-28,WH-ABJ,PRD-0142,108,4838400
2026-02-28,WH-PHC,PRD-0142,171,7660800
2026-02-28,WH-LAG1,PRD-0143,51,2101200
2026-02-28,WH-LAG2,PRD-0143,33,1359600
2026-02-28,WH-IBD,PRD-0143,20,824000
2026-02-28,WH-ABJ,PRD-0143,9,370800
2026-02-28,WH-PHC,PRD-0143,36,1483200
2026-02-28,WH-LAG1,PRD-0144,159,4261200
2026-02-28,WH-LAG2,PRD-0144,48,1286400
2026-02-28,WH-IBD,PRD-0144,23,616400
2026-02-28,WH-ABJ,PRD-0144,74,1983200
2026-02-28,WH-PHC,PRD-0144,59,1581200
2026-02-28,WH-LAG1,PRD-0145,236,5994400
2026-02-28,WH-LAG2,PRD-0145,63,1600200
2026-02-28,WH-IBD,PRD-0145,56,1422400
2026-02-28,WH-ABJ,PRD-0145,76,1930400
2026-02-28,WH-PHC,PRD-0145,56,1422400
2026-02-28,WH-LAG1,PRD-0146,40,1112000
2026-02-28,WH-LAG2,PRD-0146,50,1390000
2026-02-28,WH-IBD,PRD-0146,16,444800
2026-02-28,WH-ABJ,PRD-0146,58,1612400
2026-02-28,WH-PHC,PRD-0146,47,1306600
2026-02-28,WH-LAG1,PRD-0147,0,0
2026-02-28,WH-LAG2,PRD-0147,32,883200
2026-02-28,WH-IBD,PRD-0147,12,331200
2026-02-28,WH-ABJ,PRD-0147,23,634800
2026-02-28,WH-PHC,PRD-0147,31,855600
2026-02-28,WH-LAG1,PRD-0148,9,214200
2026-02-28,WH-LAG2,PRD-0148,15,357000
2026-02-28,WH-IBD,PRD-0148,28,666400
2026-02-28,WH-ABJ,PRD-0148,30,714000
2026-02-28,WH-PHC,PRD-0148,20,476000
2026-02-28,WH-LAG1,PRD-0149,24,955200
2026-02-28,WH-LAG2,PRD-0149,15,597000
2026-02-28,WH-IBD,PRD-0149,23,915400
2026-02-28,WH-ABJ,PRD-0149,19,756200
2026-02-28,WH-PHC,PRD-0149,13,517400
2026-02-28,WH-LAG1,PRD-0150,63,2419200
2026-02-28,WH-LAG2,PRD-0150,54,2073600
2026-02-28,WH-IBD,PRD-0150,13,499200
2026-02-28,WH-ABJ,PRD-0150,68,2611200
2026-02-28,WH-PHC,PRD-0150,64,2457600
2026-02-28,WH-LAG1,PRD-0151,1306,45187600
2026-02-28,WH-LAG2,PRD-0151,203,7023800
2026-02-28,WH-IBD,PRD-0151,621,21486600
2026-02-28,WH-ABJ,PRD-0151,469,16227400
2026-02-28,WH-PHC,PRD-0151,274,9480400
2026-02-28,WH-LAG1,PRD-0152,69,1490400
2026-02-28,WH-LAG2,PRD-0152,20,432000
2026-02-28,WH-IBD,PRD-0152,36,777600
2026-02-28,WH-ABJ,PRD-0152,42,907200
2026-02-28,WH-PHC,PRD-0152,12,259200
2026-02-28,WH-LAG1,PRD-0153,184,3459200
2026-02-28,WH-LAG2,PRD-0153,187,3515600
2026-02-28,WH-IBD,PRD-0153,198,3722400
2026-02-28,WH-ABJ,PRD-0153,119,2237200
2026-02-28,WH-PHC,PRD-0153,169,3177200
2026-02-28,WH-LAG1,PRD-0154,122,4099200
2026-02-28,WH-LAG2,PRD-0154,26,873600
2026-02-28,WH-IBD,PRD-0154,46,1545600
2026-02-28,WH-ABJ,PRD-0154,35,1176000
2026-02-28,WH-PHC,PRD-0154,5,168000
2026-02-28,WH-LAG1,PRD-0155,98,5174400
2026-02-28,WH-LAG2,PRD-0155,40,2112000
2026-02-28,WH-IBD,PRD-0155,43,2270400
2026-02-28,WH-ABJ,PRD-0155,51,2692800
2026-02-28,WH-PHC,PRD-0155,41,2164800
2026-02-28,WH-LAG1,PRD-0156,202,9009200
2026-02-28,WH-LAG2,PRD-0156,180,8028000
2026-02-28,WH-IBD,PRD-0156,118,5262800
2026-02-28,WH-ABJ,PRD-0156,292,13023200
2026-02-28,WH-PHC,PRD-0156,62,2765200
2026-02-28,WH-LAG1,PRD-0157,45,846000
2026-02-28,WH-LAG2,PRD-0157,31,582800
2026-02-28,WH-IBD,PRD-0157,40,752000
2026-02-28,WH-ABJ,PRD-0157,39,733200
2026-02-28,WH-PHC,PRD-0157,41,770800
2026-02-28,WH-LAG1,PRD-0158,30,792000
2026-02-28,WH-LAG2,PRD-0158,37,976800
2026-02-28,WH-IBD,PRD-0158,21,554400
2026-02-28,WH-ABJ,PRD-0158,24,633600
2026-02-28,WH-PHC,PRD-0158,26,686400
2026-02-28,WH-LAG1,PRD-0159,55,1089000
2026-02-28,WH-LAG2,PRD-0159,16,316800
2026-02-28,WH-IBD,PRD-0159,45,891000
2026-02-28,WH-ABJ,PRD-0159,64,1267200
2026-02-28,WH-PHC,PRD-0159,49,970200
2026-02-28,WH-LAG1,PRD-0160,312,7987200
2026-02-28,WH-LAG2,PRD-0160,114,2918400
2026-02-28,WH-IBD,PRD-0160,59,1510400
2026-02-28,WH-ABJ,PRD-0160,290,7424000
2026-02-28,WH-PHC,PRD-0160,80,2048000
2026-02-28,WH-LAG1,PRD-0161,557,15150400
2026-02-28,WH-LAG2,PRD-0161,146,3971200
2026-02-28,WH-IBD,PRD-0161,408,11097600
2026-02-28,WH-ABJ,PRD-0161,109,2964800
2026-02-28,WH-PHC,PRD-0161,294,7996800
2026-02-28,WH-LAG1,PRD-0162,76,1808800
2026-02-28,WH-LAG2,PRD-0162,36,856800
2026-02-28,WH-IBD,PRD-0162,46,1094800
2026-02-28,WH-ABJ,PRD-0162,37,880600
2026-02-28,WH-PHC,PRD-0162,32,761600
2026-02-28,WH-LAG1,PRD-0163,138,2980800
2026-02-28,WH-LAG2,PRD-0163,16,345600
2026-02-28,WH-IBD,PRD-0163,0,0
2026-02-28,WH-ABJ,PRD-0163,68,1468800
2026-02-28,WH-PHC,PRD-0163,14,302400
2026-02-28,WH-LAG1,PRD-0164,51,856800
2026-02-28,WH-LAG2,PRD-0164,32,537600
2026-02-28,WH-IBD,PRD-0164,47,789600
2026-02-28,WH-ABJ,PRD-0164,12,201600
2026-02-28,WH-PHC,PRD-0164,54,907200
2026-02-28,WH-LAG1,PRD-0165,237,4597800
2026-02-28,WH-LAG2,PRD-0165,59,1144600
2026-02-28,WH-IBD,PRD-0165,42,814800
2026-02-28,WH-ABJ,PRD-0165,43,834200
2026-02-28,WH-PHC,PRD-0165,134,2599600
2026-02-28,WH-LAG1,PRD-0166,107,2332600
2026-02-28,WH-LAG2,PRD-0166,65,1417000
2026-02-28,WH-IBD,PRD-0166,81,1765800
2026-02-28,WH-ABJ,PRD-0166,157,3422600
2026-02-28,WH-PHC,PRD-0166,109,2376200
2026-02-28,WH-LAG1,PRD-0167,102,1101600
2026-02-28,WH-LAG2,PRD-0167,91,982800
2026-02-28,WH-IBD,PRD-0167,66,712800
2026-02-28,WH-ABJ,PRD-0167,79,853200
2026-02-28,WH-PHC,PRD-0167,14,151200
2026-02-28,WH-LAG1,PRD-0168,85,1326000
2026-02-28,WH-LAG2,PRD-0168,13,202800
2026-02-28,WH-IBD,PRD-0168,6,93600
2026-02-28,WH-ABJ,PRD-0168,19,296400
2026-02-28,WH-PHC,PRD-0168,15,234000
2026-02-28,WH-LAG1,PRD-0169,25,335000
2026-02-28,WH-LAG2,PRD-0169,22,294800
2026-02-28,WH-IBD,PRD-0169,53,710200
2026-02-28,WH-ABJ,PRD-0169,74,991600
2026-02-28,WH-PHC,PRD-0169,51,683400
2026-02-28,WH-LAG1,PRD-0170,31,440200
2026-02-28,WH-LAG2,PRD-0170,36,511200
2026-02-28,WH-IBD,PRD-0170,62,880400
2026-02-28,WH-ABJ,PRD-0170,98,1391600
2026-02-28,WH-PHC,PRD-0170,69,979800
2026-03-31,WH-LAG1,PRD-0001,104,436800
2026-03-31,WH-LAG2,PRD-0001,40,168000
2026-03-31,WH-IBD,PRD-0001,49,205800
2026-03-31,WH-ABJ,PRD-0001,22,92400
2026-03-31,WH-PHC,PRD-0001,25,105000
2026-03-31,WH-LAG1,PRD-0002,19,77900
2026-03-31,WH-LAG2,PRD-0002,32,131200
2026-03-31,WH-IBD,PRD-0002,22,90200
2026-03-31,WH-ABJ,PRD-0002,31,127100
2026-03-31,WH-PHC,PRD-0002,28,114800
2026-03-31,WH-LAG1,PRD-0003,22,90200
2026-03-31,WH-LAG2,PRD-0003,28,114800
2026-03-31,WH-IBD,PRD-0003,18,73800
2026-03-31,WH-ABJ,PRD-0003,12,49200
2026-03-31,WH-PHC,PRD-0003,20,82000
2026-03-31,WH-LAG1,PRD-0004,331,1290900
2026-03-31,WH-LAG2,PRD-0004,95,370500
2026-03-31,WH-IBD,PRD-0004,73,284700
2026-03-31,WH-ABJ,PRD-0004,161,627900
2026-03-31,WH-PHC,PRD-0004,116,452400
2026-03-31,WH-LAG1,PRD-0005,41,106600
2026-03-31,WH-LAG2,PRD-0005,30,78000
2026-03-31,WH-IBD,PRD-0005,26,67600
2026-03-31,WH-ABJ,PRD-0005,41,106600
2026-03-31,WH-PHC,PRD-0005,63,163800
2026-03-31,WH-LAG1,PRD-0006,32,80000
2026-03-31,WH-LAG2,PRD-0006,28,70000
2026-03-31,WH-IBD,PRD-0006,10,25000
2026-03-31,WH-ABJ,PRD-0006,0,0
2026-03-31,WH-PHC,PRD-0006,29,72500
2026-03-31,WH-LAG1,PRD-0007,231,3187800
2026-03-31,WH-LAG2,PRD-0007,108,1490400
2026-03-31,WH-IBD,PRD-0007,58,800400
2026-03-31,WH-ABJ,PRD-0007,119,1642200
2026-03-31,WH-PHC,PRD-0007,104,1435200
2026-03-31,WH-LAG1,PRD-0008,107,1444500
2026-03-31,WH-LAG2,PRD-0008,54,729000
2026-03-31,WH-IBD,PRD-0008,27,364500
2026-03-31,WH-ABJ,PRD-0008,4,54000
2026-03-31,WH-PHC,PRD-0008,52,702000
2026-03-31,WH-LAG1,PRD-0009,65,923000
2026-03-31,WH-LAG2,PRD-0009,37,525400
2026-03-31,WH-IBD,PRD-0009,9,127800
2026-03-31,WH-ABJ,PRD-0009,19,269800
2026-03-31,WH-PHC,PRD-0009,4,56800
2026-03-31,WH-LAG1,PRD-0010,0,0
2026-03-31,WH-LAG2,PRD-0010,14,184800
2026-03-31,WH-IBD,PRD-0010,13,171600
2026-03-31,WH-ABJ,PRD-0010,33,435600
2026-03-31,WH-PHC,PRD-0010,0,0
2026-03-31,WH-LAG1,PRD-0011,156,2168400
2026-03-31,WH-LAG2,PRD-0011,73,1014700
2026-03-31,WH-IBD,PRD-0011,34,472600
2026-03-31,WH-ABJ,PRD-0011,137,1904300
2026-03-31,WH-PHC,PRD-0011,75,1042500
2026-03-31,WH-LAG1,PRD-0012,49,705600
2026-03-31,WH-LAG2,PRD-0012,39,561600
2026-03-31,WH-IBD,PRD-0012,51,734400
2026-03-31,WH-ABJ,PRD-0012,43,619200
2026-03-31,WH-PHC,PRD-0012,51,734400
2026-03-31,WH-LAG1,PRD-0013,36,352800
2026-03-31,WH-LAG2,PRD-0013,13,127400
2026-03-31,WH-IBD,PRD-0013,7,68600
2026-03-31,WH-ABJ,PRD-0013,19,186200
2026-03-31,WH-PHC,PRD-0013,3,29400
2026-03-31,WH-LAG1,PRD-0014,7,78400
2026-03-31,WH-LAG2,PRD-0014,8,89600
2026-03-31,WH-IBD,PRD-0014,3,33600
2026-03-31,WH-ABJ,PRD-0014,16,179200
2026-03-31,WH-PHC,PRD-0014,4,44800
2026-03-31,WH-LAG1,PRD-0015,101,696900
2026-03-31,WH-LAG2,PRD-0015,81,558900
2026-03-31,WH-IBD,PRD-0015,32,220800
2026-03-31,WH-ABJ,PRD-0015,28,193200
2026-03-31,WH-PHC,PRD-0015,39,269100
2026-03-31,WH-LAG1,PRD-0016,52,1794000
2026-03-31,WH-LAG2,PRD-0016,90,3105000
2026-03-31,WH-IBD,PRD-0016,129,4450500
2026-03-31,WH-ABJ,PRD-0016,35,1207500
2026-03-31,WH-PHC,PRD-0016,64,2208000
2026-03-31,WH-LAG1,PRD-0017,90,2862000
2026-03-31,WH-LAG2,PRD-0017,39,1240200
2026-03-31,WH-IBD,PRD-0017,26,826800
2026-03-31,WH-ABJ,PRD-0017,21,667800
2026-03-31,WH-PHC,PRD-0017,36,1144800
2026-03-31,WH-LAG1,PRD-0018,192,9254400
2026-03-31,WH-LAG2,PRD-0018,95,4579000
2026-03-31,WH-IBD,PRD-0018,13,626600
2026-03-31,WH-ABJ,PRD-0018,96,4627200
2026-03-31,WH-PHC,PRD-0018,115,5543000
2026-03-31,WH-LAG1,PRD-0019,97,2560800
2026-03-31,WH-LAG2,PRD-0019,100,2640000
2026-03-31,WH-IBD,PRD-0019,46,1214400
2026-03-31,WH-ABJ,PRD-0019,61,1610400
2026-03-31,WH-PHC,PRD-0019,29,765600
2026-03-31,WH-LAG1,PRD-0020,170,4046000
2026-03-31,WH-LAG2,PRD-0020,84,1999200
2026-03-31,WH-IBD,PRD-0020,39,928200
2026-03-31,WH-ABJ,PRD-0020,118,2808400
2026-03-31,WH-PHC,PRD-0020,49,1166200
2026-03-31,WH-LAG1,PRD-0021,8,118400
2026-03-31,WH-LAG2,PRD-0021,43,636400
2026-03-31,WH-IBD,PRD-0021,39,577200
2026-03-31,WH-ABJ,PRD-0021,24,355200
2026-03-31,WH-PHC,PRD-0021,34,503200
2026-03-31,WH-LAG1,PRD-0022,38,364800
2026-03-31,WH-LAG2,PRD-0022,16,153600
2026-03-31,WH-IBD,PRD-0022,25,240000
2026-03-31,WH-ABJ,PRD-0022,22,211200
2026-03-31,WH-PHC,PRD-0022,27,259200
2026-03-31,WH-LAG1,PRD-0023,107,1433800
2026-03-31,WH-LAG2,PRD-0023,70,938000
2026-03-31,WH-IBD,PRD-0023,41,549400
2026-03-31,WH-ABJ,PRD-0023,59,790600
2026-03-31,WH-PHC,PRD-0023,67,897800
2026-03-31,WH-LAG1,PRD-0024,0,0
2026-03-31,WH-LAG2,PRD-0024,11,85800
2026-03-31,WH-IBD,PRD-0024,32,249600
2026-03-31,WH-ABJ,PRD-0024,41,319800
2026-03-31,WH-PHC,PRD-0024,26,202800
2026-03-31,WH-LAG1,PRD-0025,75,322500
2026-03-31,WH-LAG2,PRD-0025,43,184900
2026-03-31,WH-IBD,PRD-0025,21,90300
2026-03-31,WH-ABJ,PRD-0025,38,163400
2026-03-31,WH-PHC,PRD-0025,45,193500
2026-03-31,WH-LAG1,PRD-0026,61,219600
2026-03-31,WH-LAG2,PRD-0026,29,104400
2026-03-31,WH-IBD,PRD-0026,36,129600
2026-03-31,WH-ABJ,PRD-0026,43,154800
2026-03-31,WH-PHC,PRD-0026,51,183600
2026-03-31,WH-LAG1,PRD-0027,18,68400
2026-03-31,WH-LAG2,PRD-0027,24,91200
2026-03-31,WH-IBD,PRD-0027,19,72200
2026-03-31,WH-ABJ,PRD-0027,18,68400
2026-03-31,WH-PHC,PRD-0027,8,30400
2026-03-31,WH-LAG1,PRD-0028,94,376000
2026-03-31,WH-LAG2,PRD-0028,54,216000
2026-03-31,WH-IBD,PRD-0028,35,140000
2026-03-31,WH-ABJ,PRD-0028,34,136000
2026-03-31,WH-PHC,PRD-0028,6,24000
2026-03-31,WH-LAG1,PRD-0029,38,338200
2026-03-31,WH-LAG2,PRD-0029,18,160200
2026-03-31,WH-IBD,PRD-0029,42,373800
2026-03-31,WH-ABJ,PRD-0029,42,373800
2026-03-31,WH-PHC,PRD-0029,23,204700
2026-03-31,WH-LAG1,PRD-0030,14,301000
2026-03-31,WH-LAG2,PRD-0030,8,172000
2026-03-31,WH-IBD,PRD-0030,23,494500
2026-03-31,WH-ABJ,PRD-0030,23,494500
2026-03-31,WH-PHC,PRD-0030,28,602000
2026-03-31,WH-LAG1,PRD-0031,192,5798400
2026-03-31,WH-LAG2,PRD-0031,82,2476400
2026-03-31,WH-IBD,PRD-0031,59,1781800
2026-03-31,WH-ABJ,PRD-0031,112,3382400
2026-03-31,WH-PHC,PRD-0031,68,2053600
2026-03-31,WH-LAG1,PRD-0032,14,235200
2026-03-31,WH-LAG2,PRD-0032,19,319200
2026-03-31,WH-IBD,PRD-0032,31,520800
2026-03-31,WH-ABJ,PRD-0032,7,117600
2026-03-31,WH-PHC,PRD-0032,26,436800
2026-03-31,WH-LAG1,PRD-0033,34,319600
2026-03-31,WH-LAG2,PRD-0033,23,216200
2026-03-31,WH-IBD,PRD-0033,35,329000
2026-03-31,WH-ABJ,PRD-0033,84,789600
2026-03-31,WH-PHC,PRD-0033,65,611000
2026-03-31,WH-LAG1,PRD-0034,62,799800
2026-03-31,WH-LAG2,PRD-0034,23,296700
2026-03-31,WH-IBD,PRD-0034,16,206400
2026-03-31,WH-ABJ,PRD-0034,40,516000
2026-03-31,WH-PHC,PRD-0034,32,412800
2026-03-31,WH-LAG1,PRD-0035,123,1451400
2026-03-31,WH-LAG2,PRD-0035,73,861400
2026-03-31,WH-IBD,PRD-0035,40,472000
2026-03-31,WH-ABJ,PRD-0035,29,342200
2026-03-31,WH-PHC,PRD-0035,19,224200
2026-03-31,WH-LAG1,PRD-0036,67,1045200
2026-03-31,WH-LAG2,PRD-0036,47,733200
2026-03-31,WH-IBD,PRD-0036,38,592800
2026-03-31,WH-ABJ,PRD-0036,15,234000
2026-03-31,WH-PHC,PRD-0036,67,1045200
2026-03-31,WH-LAG1,PRD-0037,91,1801800
2026-03-31,WH-LAG2,PRD-0037,102,2019600
2026-03-31,WH-IBD,PRD-0037,27,534600
2026-03-31,WH-ABJ,PRD-0037,107,2118600
2026-03-31,WH-PHC,PRD-0037,60,1188000
2026-03-31,WH-LAG1,PRD-0038,40,476000
2026-03-31,WH-LAG2,PRD-0038,12,142800
2026-03-31,WH-IBD,PRD-0038,6,71400
2026-03-31,WH-ABJ,PRD-0038,26,309400
2026-03-31,WH-PHC,PRD-0038,15,178500
2026-03-31,WH-LAG1,PRD-0039,306,3794400
2026-03-31,WH-LAG2,PRD-0039,155,1922000
2026-03-31,WH-IBD,PRD-0039,167,2070800
2026-03-31,WH-ABJ,PRD-0039,159,1971600
2026-03-31,WH-PHC,PRD-0039,71,880400
2026-03-31,WH-LAG1,PRD-0040,104,1164800
2026-03-31,WH-LAG2,PRD-0040,13,145600
2026-03-31,WH-IBD,PRD-0040,56,627200
2026-03-31,WH-ABJ,PRD-0040,55,616000
2026-03-31,WH-PHC,PRD-0040,41,459200
2026-03-31,WH-LAG1,PRD-0041,146,759200
2026-03-31,WH-LAG2,PRD-0041,9,46800
2026-03-31,WH-IBD,PRD-0041,51,265200
2026-03-31,WH-ABJ,PRD-0041,47,244400
2026-03-31,WH-PHC,PRD-0041,29,150800
2026-03-31,WH-LAG1,PRD-0042,10,219000
2026-03-31,WH-LAG2,PRD-0042,15,328500
2026-03-31,WH-IBD,PRD-0042,21,459900
2026-03-31,WH-ABJ,PRD-0042,7,153300
2026-03-31,WH-PHC,PRD-0042,5,109500
2026-03-31,WH-LAG1,PRD-0043,66,1003200
2026-03-31,WH-LAG2,PRD-0043,51,775200
2026-03-31,WH-IBD,PRD-0043,51,775200
2026-03-31,WH-ABJ,PRD-0043,48,729600
2026-03-31,WH-PHC,PRD-0043,38,577600
2026-03-31,WH-LAG1,PRD-0044,16,108800
2026-03-31,WH-LAG2,PRD-0044,8,54400
2026-03-31,WH-IBD,PRD-0044,8,54400
2026-03-31,WH-ABJ,PRD-0044,13,88400
2026-03-31,WH-PHC,PRD-0044,16,108800
2026-03-31,WH-LAG1,PRD-0045,40,248000
2026-03-31,WH-LAG2,PRD-0045,45,279000
2026-03-31,WH-IBD,PRD-0045,32,198400
2026-03-31,WH-ABJ,PRD-0045,37,229400
2026-03-31,WH-PHC,PRD-0045,52,322400
2026-03-31,WH-LAG1,PRD-0046,72,993600
2026-03-31,WH-LAG2,PRD-0046,67,924600
2026-03-31,WH-IBD,PRD-0046,54,745200
2026-03-31,WH-ABJ,PRD-0046,40,552000
2026-03-31,WH-PHC,PRD-0046,24,331200
2026-03-31,WH-LAG1,PRD-0047,69,1117800
2026-03-31,WH-LAG2,PRD-0047,21,340200
2026-03-31,WH-IBD,PRD-0047,66,1069200
2026-03-31,WH-ABJ,PRD-0047,44,712800
2026-03-31,WH-PHC,PRD-0047,57,923400
2026-03-31,WH-LAG1,PRD-0048,39,565500
2026-03-31,WH-LAG2,PRD-0048,40,580000
2026-03-31,WH-IBD,PRD-0048,22,319000
2026-03-31,WH-ABJ,PRD-0048,68,986000
2026-03-31,WH-PHC,PRD-0048,45,652500
2026-03-31,WH-LAG1,PRD-0049,61,847900
2026-03-31,WH-LAG2,PRD-0049,32,444800
2026-03-31,WH-IBD,PRD-0049,22,305800
2026-03-31,WH-ABJ,PRD-0049,32,444800
2026-03-31,WH-PHC,PRD-0049,47,653300
2026-03-31,WH-LAG1,PRD-0050,30,138000
2026-03-31,WH-LAG2,PRD-0050,36,165600
2026-03-31,WH-IBD,PRD-0050,43,197800
2026-03-31,WH-ABJ,PRD-0050,64,294400
2026-03-31,WH-PHC,PRD-0050,14,64400
2026-03-31,WH-LAG1,PRD-0051,245,8526000
2026-03-31,WH-LAG2,PRD-0051,93,3236400
2026-03-31,WH-IBD,PRD-0051,49,1705200
2026-03-31,WH-ABJ,PRD-0051,122,4245600
2026-03-31,WH-PHC,PRD-0051,88,3062400
2026-03-31,WH-LAG1,PRD-0052,29,983100
2026-03-31,WH-LAG2,PRD-0052,16,542400
2026-03-31,WH-IBD,PRD-0052,18,610200
2026-03-31,WH-ABJ,PRD-0052,3,101700
2026-03-31,WH-PHC,PRD-0052,18,610200
2026-03-31,WH-LAG1,PRD-0053,49,1607200
2026-03-31,WH-LAG2,PRD-0053,19,623200
2026-03-31,WH-IBD,PRD-0053,19,623200
2026-03-31,WH-ABJ,PRD-0053,8,262400
2026-03-31,WH-PHC,PRD-0053,19,623200
2026-03-31,WH-LAG1,PRD-0054,53,720800
2026-03-31,WH-LAG2,PRD-0054,50,680000
2026-03-31,WH-IBD,PRD-0054,49,666400
2026-03-31,WH-ABJ,PRD-0054,37,503200
2026-03-31,WH-PHC,PRD-0054,8,108800
2026-03-31,WH-LAG1,PRD-0055,52,717600
2026-03-31,WH-LAG2,PRD-0055,27,372600
2026-03-31,WH-IBD,PRD-0055,39,538200
2026-03-31,WH-ABJ,PRD-0055,87,1200600
2026-03-31,WH-PHC,PRD-0055,11,151800
2026-03-31,WH-LAG1,PRD-0056,69,1476600
2026-03-31,WH-LAG2,PRD-0056,9,192600
2026-03-31,WH-IBD,PRD-0056,44,941600
2026-03-31,WH-ABJ,PRD-0056,68,1455200
2026-03-31,WH-PHC,PRD-0056,0,0
2026-03-31,WH-LAG1,PRD-0057,121,1911800
2026-03-31,WH-LAG2,PRD-0057,10,158000
2026-03-31,WH-IBD,PRD-0057,67,1058600
2026-03-31,WH-ABJ,PRD-0057,246,3886800
2026-03-31,WH-PHC,PRD-0057,38,600400
2026-03-31,WH-LAG1,PRD-0058,91,1355900
2026-03-31,WH-LAG2,PRD-0058,33,491700
2026-03-31,WH-IBD,PRD-0058,56,834400
2026-03-31,WH-ABJ,PRD-0058,61,908900
2026-03-31,WH-PHC,PRD-0058,47,700300
2026-03-31,WH-LAG1,PRD-0059,22,935000
2026-03-31,WH-LAG2,PRD-0059,14,595000
2026-03-31,WH-IBD,PRD-0059,12,510000
2026-03-31,WH-ABJ,PRD-0059,43,1827500
2026-03-31,WH-PHC,PRD-0059,22,935000
2026-03-31,WH-LAG1,PRD-0060,172,8221600
2026-03-31,WH-LAG2,PRD-0060,34,1625200
2026-03-31,WH-IBD,PRD-0060,76,3632800
2026-03-31,WH-ABJ,PRD-0060,118,5640400
2026-03-31,WH-PHC,PRD-0060,87,4158600
2026-03-31,WH-LAG1,PRD-0061,121,1548800
2026-03-31,WH-LAG2,PRD-0061,70,896000
2026-03-31,WH-IBD,PRD-0061,131,1676800
2026-03-31,WH-ABJ,PRD-0061,157,2009600
2026-03-31,WH-PHC,PRD-0061,80,1024000
2026-03-31,WH-LAG1,PRD-0062,61,829600
2026-03-31,WH-LAG2,PRD-0062,135,1836000
2026-03-31,WH-IBD,PRD-0062,73,992800
2026-03-31,WH-ABJ,PRD-0062,153,2080800
2026-03-31,WH-PHC,PRD-0062,32,435200
2026-03-31,WH-LAG1,PRD-0063,84,999600
2026-03-31,WH-LAG2,PRD-0063,28,333200
2026-03-31,WH-IBD,PRD-0063,68,809200
2026-03-31,WH-ABJ,PRD-0063,75,892500
2026-03-31,WH-PHC,PRD-0063,81,963900
2026-03-31,WH-LAG1,PRD-0064,83,2556400
2026-03-31,WH-LAG2,PRD-0064,100,3080000
2026-03-31,WH-IBD,PRD-0064,48,1478400
2026-03-31,WH-ABJ,PRD-0064,124,3819200
2026-03-31,WH-PHC,PRD-0064,147,4527600
2026-03-31,WH-LAG1,PRD-0065,177,4672800
2026-03-31,WH-LAG2,PRD-0065,31,818400
2026-03-31,WH-IBD,PRD-0065,43,1135200
2026-03-31,WH-ABJ,PRD-0065,101,2666400
2026-03-31,WH-PHC,PRD-0065,68,1795200
2026-03-31,WH-LAG1,PRD-0066,6,265200
2026-03-31,WH-LAG2,PRD-0066,8,353600
2026-03-31,WH-IBD,PRD-0066,10,442000
2026-03-31,WH-ABJ,PRD-0066,8,353600
2026-03-31,WH-PHC,PRD-0066,11,486200
2026-03-31,WH-LAG1,PRD-0067,176,1830400
2026-03-31,WH-LAG2,PRD-0067,84,873600
2026-03-31,WH-IBD,PRD-0067,53,551200
2026-03-31,WH-ABJ,PRD-0067,67,696800
2026-03-31,WH-PHC,PRD-0067,49,509600
2026-03-31,WH-LAG1,PRD-0068,336,4435200
2026-03-31,WH-LAG2,PRD-0068,40,528000
2026-03-31,WH-IBD,PRD-0068,94,1240800
2026-03-31,WH-ABJ,PRD-0068,72,950400
2026-03-31,WH-PHC,PRD-0068,57,752400
2026-03-31,WH-LAG1,PRD-0069,20,276000
2026-03-31,WH-LAG2,PRD-0069,9,124200
2026-03-31,WH-IBD,PRD-0069,5,69000
2026-03-31,WH-ABJ,PRD-0069,26,358800
2026-03-31,WH-PHC,PRD-0069,21,289800
2026-03-31,WH-LAG1,PRD-0070,59,908600
2026-03-31,WH-LAG2,PRD-0070,42,646800
2026-03-31,WH-IBD,PRD-0070,52,800800
2026-03-31,WH-ABJ,PRD-0070,44,677600
2026-03-31,WH-PHC,PRD-0070,24,369600
2026-03-31,WH-LAG1,PRD-0071,17,251600
2026-03-31,WH-LAG2,PRD-0071,4,59200
2026-03-31,WH-IBD,PRD-0071,11,162800
2026-03-31,WH-ABJ,PRD-0071,16,236800
2026-03-31,WH-PHC,PRD-0071,11,162800
2026-03-31,WH-LAG1,PRD-0072,0,0
2026-03-31,WH-LAG2,PRD-0072,25,815000
2026-03-31,WH-IBD,PRD-0072,42,1369200
2026-03-31,WH-ABJ,PRD-0072,60,1956000
2026-03-31,WH-PHC,PRD-0072,28,912800
2026-03-31,WH-LAG1,PRD-0073,30,894000
2026-03-31,WH-LAG2,PRD-0073,0,0
2026-03-31,WH-IBD,PRD-0073,10,298000
2026-03-31,WH-ABJ,PRD-0073,29,864200
2026-03-31,WH-PHC,PRD-0073,10,298000
2026-03-31,WH-LAG1,PRD-0074,126,3704400
2026-03-31,WH-LAG2,PRD-0074,44,1293600
2026-03-31,WH-IBD,PRD-0074,18,529200
2026-03-31,WH-ABJ,PRD-0074,58,1705200
2026-03-31,WH-PHC,PRD-0074,15,441000
2026-03-31,WH-LAG1,PRD-0075,30,804000
2026-03-31,WH-LAG2,PRD-0075,14,375200
2026-03-31,WH-IBD,PRD-0075,14,375200
2026-03-31,WH-ABJ,PRD-0075,29,777200
2026-03-31,WH-PHC,PRD-0075,31,830800
2026-03-31,WH-LAG1,PRD-0076,158,3697200
2026-03-31,WH-LAG2,PRD-0076,55,1287000
2026-03-31,WH-IBD,PRD-0076,40,936000
2026-03-31,WH-ABJ,PRD-0076,64,1497600
2026-03-31,WH-PHC,PRD-0076,100,2340000
2026-03-31,WH-LAG1,PRD-0077,391,10009600
2026-03-31,WH-LAG2,PRD-0077,241,6169600
2026-03-31,WH-IBD,PRD-0077,97,2483200
2026-03-31,WH-ABJ,PRD-0077,288,7372800
2026-03-31,WH-PHC,PRD-0077,143,3660800
2026-03-31,WH-LAG1,PRD-0078,100,2780000
2026-03-31,WH-LAG2,PRD-0078,38,1056400
2026-03-31,WH-IBD,PRD-0078,90,2502000
2026-03-31,WH-ABJ,PRD-0078,30,834000
2026-03-31,WH-PHC,PRD-0078,47,1306600
2026-03-31,WH-LAG1,PRD-0079,70,2695000
2026-03-31,WH-LAG2,PRD-0079,80,3080000
2026-03-31,WH-IBD,PRD-0079,49,1886500
2026-03-31,WH-ABJ,PRD-0079,55,2117500
2026-03-31,WH-PHC,PRD-0079,66,2541000
2026-03-31,WH-LAG1,PRD-0080,72,1411200
2026-03-31,WH-LAG2,PRD-0080,48,940800
2026-03-31,WH-IBD,PRD-0080,25,490000
2026-03-31,WH-ABJ,PRD-0080,88,1724800
2026-03-31,WH-PHC,PRD-0080,99,1940400
2026-03-31,WH-LAG1,PRD-0081,111,3596400
2026-03-31,WH-LAG2,PRD-0081,58,1879200
2026-03-31,WH-IBD,PRD-0081,75,2430000
2026-03-31,WH-ABJ,PRD-0081,86,2786400
2026-03-31,WH-PHC,PRD-0081,66,2138400
2026-03-31,WH-LAG1,PRD-0082,173,4463400
2026-03-31,WH-LAG2,PRD-0082,43,1109400
2026-03-31,WH-IBD,PRD-0082,43,1109400
2026-03-31,WH-ABJ,PRD-0082,120,3096000
2026-03-31,WH-PHC,PRD-0082,53,1367400
2026-03-31,WH-LAG1,PRD-0083,194,3569600
2026-03-31,WH-LAG2,PRD-0083,48,883200
2026-03-31,WH-IBD,PRD-0083,112,2060800
2026-03-31,WH-ABJ,PRD-0083,91,1674400
2026-03-31,WH-PHC,PRD-0083,141,2594400
2026-03-31,WH-LAG1,PRD-0084,174,3758400
2026-03-31,WH-LAG2,PRD-0084,56,1209600
2026-03-31,WH-IBD,PRD-0084,71,1533600
2026-03-31,WH-ABJ,PRD-0084,84,1814400
2026-03-31,WH-PHC,PRD-0084,52,1123200
2026-03-31,WH-LAG1,PRD-0085,98,2567600
2026-03-31,WH-LAG2,PRD-0085,102,2672400
2026-03-31,WH-IBD,PRD-0085,33,864600
2026-03-31,WH-ABJ,PRD-0085,0,0
2026-03-31,WH-PHC,PRD-0085,81,2122200
2026-03-31,WH-LAG1,PRD-0086,647,15398600
2026-03-31,WH-LAG2,PRD-0086,150,3570000
2026-03-31,WH-IBD,PRD-0086,76,1808800
2026-03-31,WH-ABJ,PRD-0086,166,3950800
2026-03-31,WH-PHC,PRD-0086,212,5045600
2026-03-31,WH-LAG1,PRD-0087,16,300800
2026-03-31,WH-LAG2,PRD-0087,16,300800
2026-03-31,WH-IBD,PRD-0087,5,94000
2026-03-31,WH-ABJ,PRD-0087,16,300800
2026-03-31,WH-PHC,PRD-0087,8,150400
2026-03-31,WH-LAG1,PRD-0088,26,322400
2026-03-31,WH-LAG2,PRD-0088,57,706800
2026-03-31,WH-IBD,PRD-0088,12,148800
2026-03-31,WH-ABJ,PRD-0088,60,744000
2026-03-31,WH-PHC,PRD-0088,56,694400
2026-03-31,WH-LAG1,PRD-0089,74,828800
2026-03-31,WH-LAG2,PRD-0089,57,638400
2026-03-31,WH-IBD,PRD-0089,12,134400
2026-03-31,WH-ABJ,PRD-0089,51,571200
2026-03-31,WH-PHC,PRD-0089,35,392000
2026-03-31,WH-LAG1,PRD-0090,2254,64464400
2026-03-31,WH-LAG2,PRD-0090,270,7722000
2026-03-31,WH-IBD,PRD-0090,649,18561400
2026-03-31,WH-ABJ,PRD-0090,291,8322600
2026-03-31,WH-PHC,PRD-0090,555,15873000
2026-03-31,WH-LAG1,PRD-0091,84,1814400
2026-03-31,WH-LAG2,PRD-0091,306,6609600
2026-03-31,WH-IBD,PRD-0091,30,648000
2026-03-31,WH-ABJ,PRD-0091,67,1447200
2026-03-31,WH-PHC,PRD-0091,56,1209600
2026-03-31,WH-LAG1,PRD-0092,75,1860000
2026-03-31,WH-LAG2,PRD-0092,51,1264800
2026-03-31,WH-IBD,PRD-0092,39,967200
2026-03-31,WH-ABJ,PRD-0092,37,917600
2026-03-31,WH-PHC,PRD-0092,36,892800
2026-03-31,WH-LAG1,PRD-0093,221,4287400
2026-03-31,WH-LAG2,PRD-0093,472,9156800
2026-03-31,WH-IBD,PRD-0093,65,1261000
2026-03-31,WH-ABJ,PRD-0093,54,1047600
2026-03-31,WH-PHC,PRD-0093,40,776000
2026-03-31,WH-LAG1,PRD-0094,36,676800
2026-03-31,WH-LAG2,PRD-0094,64,1203200
2026-03-31,WH-IBD,PRD-0094,26,488800
2026-03-31,WH-ABJ,PRD-0094,39,733200
2026-03-31,WH-PHC,PRD-0094,21,394800
2026-03-31,WH-LAG1,PRD-0095,25,422500
2026-03-31,WH-LAG2,PRD-0095,63,1064700
2026-03-31,WH-IBD,PRD-0095,11,185900
2026-03-31,WH-ABJ,PRD-0095,13,219700
2026-03-31,WH-PHC,PRD-0095,0,0
2026-03-31,WH-LAG1,PRD-0096,3,54600
2026-03-31,WH-LAG2,PRD-0096,51,928200
2026-03-31,WH-IBD,PRD-0096,6,109200
2026-03-31,WH-ABJ,PRD-0096,11,200200
2026-03-31,WH-PHC,PRD-0096,5,91000
2026-03-31,WH-LAG1,PRD-0097,34,605200
2026-03-31,WH-LAG2,PRD-0097,56,996800
2026-03-31,WH-IBD,PRD-0097,11,195800
2026-03-31,WH-ABJ,PRD-0097,23,409400
2026-03-31,WH-PHC,PRD-0097,13,231400
2026-03-31,WH-LAG1,PRD-0098,163,2184200
2026-03-31,WH-LAG2,PRD-0098,744,9969600
2026-03-31,WH-IBD,PRD-0098,113,1514200
2026-03-31,WH-ABJ,PRD-0098,258,3457200
2026-03-31,WH-PHC,PRD-0098,134,1795600
2026-03-31,WH-LAG1,PRD-0099,45,567000
2026-03-31,WH-LAG2,PRD-0099,74,932400
2026-03-31,WH-IBD,PRD-0099,16,201600
2026-03-31,WH-ABJ,PRD-0099,11,138600
2026-03-31,WH-PHC,PRD-0099,28,352800
2026-03-31,WH-LAG1,PRD-0100,240,4032000
2026-03-31,WH-LAG2,PRD-0100,1031,17320800
2026-03-31,WH-IBD,PRD-0100,98,1646400
2026-03-31,WH-ABJ,PRD-0100,410,6888000
2026-03-31,WH-PHC,PRD-0100,76,1276800
2026-03-31,WH-LAG1,PRD-0101,16,294400
2026-03-31,WH-LAG2,PRD-0101,93,1711200
2026-03-31,WH-IBD,PRD-0101,8,147200
2026-03-31,WH-ABJ,PRD-0101,36,662400
2026-03-31,WH-PHC,PRD-0101,25,460000
2026-03-31,WH-LAG1,PRD-0102,156,2215200
2026-03-31,WH-LAG2,PRD-0102,312,4430400
2026-03-31,WH-IBD,PRD-0102,0,0
2026-03-31,WH-ABJ,PRD-0102,62,880400
2026-03-31,WH-PHC,PRD-0102,79,1121800
2026-03-31,WH-LAG1,PRD-0103,144,4291200
2026-03-31,WH-LAG2,PRD-0103,237,7062600
2026-03-31,WH-IBD,PRD-0103,41,1221800
2026-03-31,WH-ABJ,PRD-0103,38,1132400
2026-03-31,WH-PHC,PRD-0103,47,1400600
2026-03-31,WH-LAG1,PRD-0104,15,207000
2026-03-31,WH-LAG2,PRD-0104,80,1104000
2026-03-31,WH-IBD,PRD-0104,28,386400
2026-03-31,WH-ABJ,PRD-0104,40,552000
2026-03-31,WH-PHC,PRD-0104,14,193200
2026-03-31,WH-LAG1,PRD-0105,53,1833800
2026-03-31,WH-LAG2,PRD-0105,108,3736800
2026-03-31,WH-IBD,PRD-0105,19,657400
2026-03-31,WH-ABJ,PRD-0105,22,761200
2026-03-31,WH-PHC,PRD-0105,20,692000
2026-03-31,WH-LAG1,PRD-0106,34,1115200
2026-03-31,WH-LAG2,PRD-0106,33,1082400
2026-03-31,WH-IBD,PRD-0106,7,229600
2026-03-31,WH-ABJ,PRD-0106,35,1148000
2026-03-31,WH-PHC,PRD-0106,23,754400
2026-03-31,WH-LAG1,PRD-0107,21,701400
2026-03-31,WH-LAG2,PRD-0107,48,1603200
2026-03-31,WH-IBD,PRD-0107,10,334000
2026-03-31,WH-ABJ,PRD-0107,25,835000
2026-03-31,WH-PHC,PRD-0107,32,1068800
2026-03-31,WH-LAG1,PRD-0108,525,14070000
2026-03-31,WH-LAG2,PRD-0108,704,18867200
2026-03-31,WH-IBD,PRD-0108,188,5038400
2026-03-31,WH-ABJ,PRD-0108,173,4636400
2026-03-31,WH-PHC,PRD-0108,219,5869200
2026-03-31,WH-LAG1,PRD-0109,218,5755200
2026-03-31,WH-LAG2,PRD-0109,33,871200
2026-03-31,WH-IBD,PRD-0109,82,2164800
2026-03-31,WH-ABJ,PRD-0109,49,1293600
2026-03-31,WH-PHC,PRD-0109,42,1108800
2026-03-31,WH-LAG1,PRD-0110,30,744000
2026-03-31,WH-LAG2,PRD-0110,17,421600
2026-03-31,WH-IBD,PRD-0110,20,496000
2026-03-31,WH-ABJ,PRD-0110,29,719200
2026-03-31,WH-PHC,PRD-0110,23,570400
2026-03-31,WH-LAG1,PRD-0111,156,1528800
2026-03-31,WH-LAG2,PRD-0111,92,901600
2026-03-31,WH-IBD,PRD-0111,90,882000
2026-03-31,WH-ABJ,PRD-0111,126,1234800
2026-03-31,WH-PHC,PRD-0111,101,989800
2026-03-31,WH-LAG1,PRD-0112,29,342200
2026-03-31,WH-LAG2,PRD-0112,26,306800
2026-03-31,WH-IBD,PRD-0112,6,70800
2026-03-31,WH-ABJ,PRD-0112,8,94400
2026-03-31,WH-PHC,PRD-0112,15,177000
2026-03-31,WH-LAG1,PRD-0113,0,0
2026-03-31,WH-LAG2,PRD-0113,24,206400
2026-03-31,WH-IBD,PRD-0113,81,696600
2026-03-31,WH-ABJ,PRD-0113,161,1384600
2026-03-31,WH-PHC,PRD-0113,55,473000
2026-03-31,WH-LAG1,PRD-0114,19,231800
2026-03-31,WH-LAG2,PRD-0114,20,244000
2026-03-31,WH-IBD,PRD-0114,4,48800
2026-03-31,WH-ABJ,PRD-0114,21,256200
2026-03-31,WH-PHC,PRD-0114,22,268400
2026-03-31,WH-LAG1,PRD-0115,76,1246400
2026-03-31,WH-LAG2,PRD-0115,29,475600
2026-03-31,WH-IBD,PRD-0115,74,1213600
2026-03-31,WH-ABJ,PRD-0115,74,1213600
2026-03-31,WH-PHC,PRD-0115,66,1082400
2026-03-31,WH-LAG1,PRD-0116,13,179400
2026-03-31,WH-LAG2,PRD-0116,30,414000
2026-03-31,WH-IBD,PRD-0116,27,372600
2026-03-31,WH-ABJ,PRD-0116,61,841800
2026-03-31,WH-PHC,PRD-0116,52,717600
2026-03-31,WH-LAG1,PRD-0117,60,912000
2026-03-31,WH-LAG2,PRD-0117,7,106400
2026-03-31,WH-IBD,PRD-0117,28,425600
2026-03-31,WH-ABJ,PRD-0117,26,395200
2026-03-31,WH-PHC,PRD-0117,48,729600
2026-03-31,WH-LAG1,PRD-0118,298,5244800
2026-03-31,WH-LAG2,PRD-0118,82,1443200
2026-03-31,WH-IBD,PRD-0118,64,1126400
2026-03-31,WH-ABJ,PRD-0118,37,651200
2026-03-31,WH-PHC,PRD-0118,141,2481600
2026-03-31,WH-LAG1,PRD-0119,25,470000
2026-03-31,WH-LAG2,PRD-0119,5,94000
2026-03-31,WH-IBD,PRD-0119,12,225600
2026-03-31,WH-ABJ,PRD-0119,10,188000
2026-03-31,WH-PHC,PRD-0119,15,282000
2026-03-31,WH-LAG1,PRD-0120,134,1661600
2026-03-31,WH-LAG2,PRD-0120,37,458800
2026-03-31,WH-IBD,PRD-0120,75,930000
2026-03-31,WH-ABJ,PRD-0120,165,2046000
2026-03-31,WH-PHC,PRD-0120,123,1525200
2026-03-31,WH-LAG1,PRD-0121,0,0
2026-03-31,WH-LAG2,PRD-0121,33,712800
2026-03-31,WH-IBD,PRD-0121,113,2440800
2026-03-31,WH-ABJ,PRD-0121,152,3283200
2026-03-31,WH-PHC,PRD-0121,58,1252800
2026-03-31,WH-LAG1,PRD-0122,217,3211600
2026-03-31,WH-LAG2,PRD-0122,145,2146000
2026-03-31,WH-IBD,PRD-0122,51,754800
2026-03-31,WH-ABJ,PRD-0122,43,636400
2026-03-31,WH-PHC,PRD-0122,32,473600
2026-03-31,WH-LAG1,PRD-0123,32,371200
2026-03-31,WH-LAG2,PRD-0123,46,533600
2026-03-31,WH-IBD,PRD-0123,34,394400
2026-03-31,WH-ABJ,PRD-0123,28,324800
2026-03-31,WH-PHC,PRD-0123,40,464000
2026-03-31,WH-LAG1,PRD-0124,51,346800
2026-03-31,WH-LAG2,PRD-0124,42,285600
2026-03-31,WH-IBD,PRD-0124,9,61200
2026-03-31,WH-ABJ,PRD-0124,34,231200
2026-03-31,WH-PHC,PRD-0124,27,183600
2026-03-31,WH-LAG1,PRD-0125,87,1113600
2026-03-31,WH-LAG2,PRD-0125,366,4684800
2026-03-31,WH-IBD,PRD-0125,280,3584000
2026-03-31,WH-ABJ,PRD-0125,336,4300800
2026-03-31,WH-PHC,PRD-0125,171,2188800
2026-03-31,WH-LAG1,PRD-0126,85,2006000
2026-03-31,WH-LAG2,PRD-0126,7,165200
2026-03-31,WH-IBD,PRD-0126,60,1416000
2026-03-31,WH-ABJ,PRD-0126,29,684400
2026-03-31,WH-PHC,PRD-0126,47,1109200
2026-03-31,WH-LAG1,PRD-0127,41,541200
2026-03-31,WH-LAG2,PRD-0127,16,211200
2026-03-31,WH-IBD,PRD-0127,40,528000
2026-03-31,WH-ABJ,PRD-0127,32,422400
2026-03-31,WH-PHC,PRD-0127,45,594000
2026-03-31,WH-LAG1,PRD-0128,64,1075200
2026-03-31,WH-LAG2,PRD-0128,44,739200
2026-03-31,WH-IBD,PRD-0128,26,436800
2026-03-31,WH-ABJ,PRD-0128,48,806400
2026-03-31,WH-PHC,PRD-0128,4,67200
2026-03-31,WH-LAG1,PRD-0129,29,446600
2026-03-31,WH-LAG2,PRD-0129,14,215600
2026-03-31,WH-IBD,PRD-0129,10,154000
2026-03-31,WH-ABJ,PRD-0129,22,338800
2026-03-31,WH-PHC,PRD-0129,9,138600
2026-03-31,WH-LAG1,PRD-0130,18,194400
2026-03-31,WH-LAG2,PRD-0130,40,432000
2026-03-31,WH-IBD,PRD-0130,21,226800
2026-03-31,WH-ABJ,PRD-0130,26,280800
2026-03-31,WH-PHC,PRD-0130,45,486000
2026-03-31,WH-LAG1,PRD-0131,113,2892800
2026-03-31,WH-LAG2,PRD-0131,58,1484800
2026-03-31,WH-IBD,PRD-0131,45,1152000
2026-03-31,WH-ABJ,PRD-0131,77,1971200
2026-03-31,WH-PHC,PRD-0131,48,1228800
2026-03-31,WH-LAG1,PRD-0132,81,2543400
2026-03-31,WH-LAG2,PRD-0132,11,345400
2026-03-31,WH-IBD,PRD-0132,19,596600
2026-03-31,WH-ABJ,PRD-0132,70,2198000
2026-03-31,WH-PHC,PRD-0132,0,0
2026-03-31,WH-LAG1,PRD-0133,34,809200
2026-03-31,WH-LAG2,PRD-0133,17,404600
2026-03-31,WH-IBD,PRD-0133,6,142800
2026-03-31,WH-ABJ,PRD-0133,43,1023400
2026-03-31,WH-PHC,PRD-0133,47,1118600
2026-03-31,WH-LAG1,PRD-0134,52,1549600
2026-03-31,WH-LAG2,PRD-0134,53,1579400
2026-03-31,WH-IBD,PRD-0134,14,417200
2026-03-31,WH-ABJ,PRD-0134,22,655600
2026-03-31,WH-PHC,PRD-0134,44,1311200
2026-03-31,WH-LAG1,PRD-0135,68,1795200
2026-03-31,WH-LAG2,PRD-0135,73,1927200
2026-03-31,WH-IBD,PRD-0135,93,2455200
2026-03-31,WH-ABJ,PRD-0135,58,1531200
2026-03-31,WH-PHC,PRD-0135,110,2904000
2026-03-31,WH-LAG1,PRD-0136,20,852000
2026-03-31,WH-LAG2,PRD-0136,32,1363200
2026-03-31,WH-IBD,PRD-0136,68,2896800
2026-03-31,WH-ABJ,PRD-0136,41,1746600
2026-03-31,WH-PHC,PRD-0136,18,766800
2026-03-31,WH-LAG1,PRD-0137,25,605000
2026-03-31,WH-LAG2,PRD-0137,37,895400
2026-03-31,WH-IBD,PRD-0137,62,1500400
2026-03-31,WH-ABJ,PRD-0137,95,2299000
2026-03-31,WH-PHC,PRD-0137,39,943800
2026-03-31,WH-LAG1,PRD-0138,90,1962000
2026-03-31,WH-LAG2,PRD-0138,25,545000
2026-03-31,WH-IBD,PRD-0138,29,632200
2026-03-31,WH-ABJ,PRD-0138,55,1199000
2026-03-31,WH-PHC,PRD-0138,32,697600
2026-03-31,WH-LAG1,PRD-0139,121,3484800
2026-03-31,WH-LAG2,PRD-0139,40,1152000
2026-03-31,WH-IBD,PRD-0139,65,1872000
2026-03-31,WH-ABJ,PRD-0139,18,518400
2026-03-31,WH-PHC,PRD-0139,12,345600
2026-03-31,WH-LAG1,PRD-0140,50,1170000
2026-03-31,WH-LAG2,PRD-0140,48,1123200
2026-03-31,WH-IBD,PRD-0140,10,234000
2026-03-31,WH-ABJ,PRD-0140,59,1380600
2026-03-31,WH-PHC,PRD-0140,25,585000
2026-03-31,WH-LAG1,PRD-0141,89,2741200
2026-03-31,WH-LAG2,PRD-0141,34,1047200
2026-03-31,WH-IBD,PRD-0141,58,1786400
2026-03-31,WH-ABJ,PRD-0141,77,2371600
2026-03-31,WH-PHC,PRD-0141,22,677600
2026-03-31,WH-LAG1,PRD-0142,14,627200
2026-03-31,WH-LAG2,PRD-0142,47,2105600
2026-03-31,WH-IBD,PRD-0142,67,3001600
2026-03-31,WH-ABJ,PRD-0142,139,6227200
2026-03-31,WH-PHC,PRD-0142,158,7078400
2026-03-31,WH-LAG1,PRD-0143,33,1359600
2026-03-31,WH-LAG2,PRD-0143,17,700400
2026-03-31,WH-IBD,PRD-0143,51,2101200
2026-03-31,WH-ABJ,PRD-0143,70,2884000
2026-03-31,WH-PHC,PRD-0143,29,1194800
2026-03-31,WH-LAG1,PRD-0144,137,3671600
2026-03-31,WH-LAG2,PRD-0144,38,1018400
2026-03-31,WH-IBD,PRD-0144,17,455600
2026-03-31,WH-ABJ,PRD-0144,63,1688400
2026-03-31,WH-PHC,PRD-0144,55,1474000
2026-03-31,WH-LAG1,PRD-0145,183,4648200
2026-03-31,WH-LAG2,PRD-0145,30,762000
2026-03-31,WH-IBD,PRD-0145,56,1422400
2026-03-31,WH-ABJ,PRD-0145,68,1727200
2026-03-31,WH-PHC,PRD-0145,25,635000
2026-03-31,WH-LAG1,PRD-0146,34,945200
2026-03-31,WH-LAG2,PRD-0146,50,1390000
2026-03-31,WH-IBD,PRD-0146,16,444800
2026-03-31,WH-ABJ,PRD-0146,58,1612400
2026-03-31,WH-PHC,PRD-0146,43,1195400
2026-03-31,WH-LAG1,PRD-0147,65,1794000
2026-03-31,WH-LAG2,PRD-0147,28,772800
2026-03-31,WH-IBD,PRD-0147,8,220800
2026-03-31,WH-ABJ,PRD-0147,14,386400
2026-03-31,WH-PHC,PRD-0147,31,855600
2026-03-31,WH-LAG1,PRD-0148,82,1951600
2026-03-31,WH-LAG2,PRD-0148,14,333200
2026-03-31,WH-IBD,PRD-0148,22,523600
2026-03-31,WH-ABJ,PRD-0148,21,499800
2026-03-31,WH-PHC,PRD-0148,20,476000
2026-03-31,WH-LAG1,PRD-0149,15,597000
2026-03-31,WH-LAG2,PRD-0149,8,318400
2026-03-31,WH-IBD,PRD-0149,23,915400
2026-03-31,WH-ABJ,PRD-0149,12,477600
2026-03-31,WH-PHC,PRD-0149,11,437800
2026-03-31,WH-LAG1,PRD-0150,58,2227200
2026-03-31,WH-LAG2,PRD-0150,24,921600
2026-03-31,WH-IBD,PRD-0150,66,2534400
2026-03-31,WH-ABJ,PRD-0150,40,1536000
2026-03-31,WH-PHC,PRD-0150,53,2035200
2026-03-31,WH-LAG1,PRD-0151,984,34046400
2026-03-31,WH-LAG2,PRD-0151,680,23528000
2026-03-31,WH-IBD,PRD-0151,400,13840000
2026-03-31,WH-ABJ,PRD-0151,146,5051600
2026-03-31,WH-PHC,PRD-0151,676,23389600
2026-03-31,WH-LAG1,PRD-0152,39,842400
2026-03-31,WH-LAG2,PRD-0152,20,432000
2026-03-31,WH-IBD,PRD-0152,36,777600
2026-03-31,WH-ABJ,PRD-0152,32,691200
2026-03-31,WH-PHC,PRD-0152,7,151200
2026-03-31,WH-LAG1,PRD-0153,116,2180800
2026-03-31,WH-LAG2,PRD-0153,126,2368800
2026-03-31,WH-IBD,PRD-0153,149,2801200
2026-03-31,WH-ABJ,PRD-0153,86,1616800
2026-03-31,WH-PHC,PRD-0153,118,2218400
2026-03-31,WH-LAG1,PRD-0154,117,3931200
2026-03-31,WH-LAG2,PRD-0154,23,772800
2026-03-31,WH-IBD,PRD-0154,34,1142400
2026-03-31,WH-ABJ,PRD-0154,35,1176000
2026-03-31,WH-PHC,PRD-0154,67,2251200
2026-03-31,WH-LAG1,PRD-0155,28,1478400
2026-03-31,WH-LAG2,PRD-0155,39,2059200
2026-03-31,WH-IBD,PRD-0155,37,1953600
2026-03-31,WH-ABJ,PRD-0155,47,2481600
2026-03-31,WH-PHC,PRD-0155,41,2164800
2026-03-31,WH-LAG1,PRD-0156,68,3032800
2026-03-31,WH-LAG2,PRD-0156,145,6467000
2026-03-31,WH-IBD,PRD-0156,87,3880200
2026-03-31,WH-ABJ,PRD-0156,275,12265000
2026-03-31,WH-PHC,PRD-0156,187,8340200
2026-03-31,WH-LAG1,PRD-0157,181,3402800
2026-03-31,WH-LAG2,PRD-0157,17,319600
2026-03-31,WH-IBD,PRD-0157,37,695600
2026-03-31,WH-ABJ,PRD-0157,27,507600
2026-03-31,WH-PHC,PRD-0157,38,714400
2026-03-31,WH-LAG1,PRD-0158,24,633600
2026-03-31,WH-LAG2,PRD-0158,37,976800
2026-03-31,WH-IBD,PRD-0158,21,554400
2026-03-31,WH-ABJ,PRD-0158,17,448800
2026-03-31,WH-PHC,PRD-0158,26,686400
2026-03-31,WH-LAG1,PRD-0159,46,910800
2026-03-31,WH-LAG2,PRD-0159,16,316800
2026-03-31,WH-IBD,PRD-0159,38,752400
2026-03-31,WH-ABJ,PRD-0159,61,1207800
2026-03-31,WH-PHC,PRD-0159,47,930600
2026-03-31,WH-LAG1,PRD-0160,246,6297600
2026-03-31,WH-LAG2,PRD-0160,78,1996800
2026-03-31,WH-IBD,PRD-0160,260,6656000
2026-03-31,WH-ABJ,PRD-0160,243,6220800
2026-03-31,WH-PHC,PRD-0160,43,1100800
2026-03-31,WH-LAG1,PRD-0161,452,12294400
2026-03-31,WH-LAG2,PRD-0161,0,0
2026-03-31,WH-IBD,PRD-0161,304,8268800
2026-03-31,WH-ABJ,PRD-0161,309,8404800
2026-03-31,WH-PHC,PRD-0161,199,5412800
2026-03-31,WH-LAG1,PRD-0162,22,523600
2026-03-31,WH-LAG2,PRD-0162,34,809200
2026-03-31,WH-IBD,PRD-0162,42,999600
2026-03-31,WH-ABJ,PRD-0162,0,0
2026-03-31,WH-PHC,PRD-0162,27,642600
2026-03-31,WH-LAG1,PRD-0163,127,2743200
2026-03-31,WH-LAG2,PRD-0163,89,1922400
2026-03-31,WH-IBD,PRD-0163,70,1512000
2026-03-31,WH-ABJ,PRD-0163,61,1317600
2026-03-31,WH-PHC,PRD-0163,35,756000
2026-03-31,WH-LAG1,PRD-0164,92,1545600
2026-03-31,WH-LAG2,PRD-0164,22,369600
2026-03-31,WH-IBD,PRD-0164,43,722400
2026-03-31,WH-ABJ,PRD-0164,44,739200
2026-03-31,WH-PHC,PRD-0164,28,470400
2026-03-31,WH-LAG1,PRD-0165,136,2638400
2026-03-31,WH-LAG2,PRD-0165,12,232800
2026-03-31,WH-IBD,PRD-0165,119,2308600
2026-03-31,WH-ABJ,PRD-0165,168,3259200
2026-03-31,WH-PHC,PRD-0165,100,1940000
2026-03-31,WH-LAG1,PRD-0166,58,1264400
2026-03-31,WH-LAG2,PRD-0166,32,697600
2026-03-31,WH-IBD,PRD-0166,197,4294600
2026-03-31,WH-ABJ,PRD-0166,132,2877600
2026-03-31,WH-PHC,PRD-0166,67,1460600
2026-03-31,WH-LAG1,PRD-0167,59,637200
2026-03-31,WH-LAG2,PRD-0167,83,896400
2026-03-31,WH-IBD,PRD-0167,66,712800
2026-03-31,WH-ABJ,PRD-0167,72,777600
2026-03-31,WH-PHC,PRD-0167,83,896400
2026-03-31,WH-LAG1,PRD-0168,56,873600
2026-03-31,WH-LAG2,PRD-0168,13,202800
2026-03-31,WH-IBD,PRD-0168,35,546000
2026-03-31,WH-ABJ,PRD-0168,15,234000
2026-03-31,WH-PHC,PRD-0168,0,0
2026-03-31,WH-LAG1,PRD-0169,120,1608000
2026-03-31,WH-LAG2,PRD-0169,22,294800
2026-03-31,WH-IBD,PRD-0169,53,710200
2026-03-31,WH-ABJ,PRD-0169,47,629800
2026-03-31,WH-PHC,PRD-0169,51,683400
2026-03-31,WH-LAG1,PRD-0170,143,2030600
2026-03-31,WH-LAG2,PRD-0170,32,454400
2026-03-31,WH-IBD,PRD-0170,62,880400
2026-03-31,WH-ABJ,PRD-0170,63,894600
2026-03-31,WH-PHC,PRD-0170,69,979800
2026-04-30,WH-LAG1,PRD-0001,78,327600
2026-04-30,WH-LAG2,PRD-0001,25,105000
2026-04-30,WH-IBD,PRD-0001,49,205800
2026-04-30,WH-ABJ,PRD-0001,22,92400
2026-04-30,WH-PHC,PRD-0001,47,197400
2026-04-30,WH-LAG1,PRD-0002,14,57400
2026-04-30,WH-LAG2,PRD-0002,32,131200
2026-04-30,WH-IBD,PRD-0002,22,90200
2026-04-30,WH-ABJ,PRD-0002,25,102500
2026-04-30,WH-PHC,PRD-0002,23,94300
2026-04-30,WH-LAG1,PRD-0003,18,73800
2026-04-30,WH-LAG2,PRD-0003,28,114800
2026-04-30,WH-IBD,PRD-0003,18,73800
2026-04-30,WH-ABJ,PRD-0003,12,49200
2026-04-30,WH-PHC,PRD-0003,18,73800
2026-04-30,WH-LAG1,PRD-0004,97,378300
2026-04-30,WH-LAG2,PRD-0004,220,858000
2026-04-30,WH-IBD,PRD-0004,235,916500
2026-04-30,WH-ABJ,PRD-0004,88,343200
2026-04-30,WH-PHC,PRD-0004,92,358800
2026-04-30,WH-LAG1,PRD-0005,101,262600
2026-04-30,WH-LAG2,PRD-0005,15,39000
2026-04-30,WH-IBD,PRD-0005,0,0
2026-04-30,WH-ABJ,PRD-0005,62,161200
2026-04-30,WH-PHC,PRD-0005,63,163800
2026-04-30,WH-LAG1,PRD-0006,0,0
2026-04-30,WH-LAG2,PRD-0006,28,70000
2026-04-30,WH-IBD,PRD-0006,10,25000
2026-04-30,WH-ABJ,PRD-0006,30,75000
2026-04-30,WH-PHC,PRD-0006,29,72500
2026-04-30,WH-LAG1,PRD-0007,204,2815200
2026-04-30,WH-LAG2,PRD-0007,63,869400
2026-04-30,WH-IBD,PRD-0007,54,745200
2026-04-30,WH-ABJ,PRD-0007,96,1324800
2026-04-30,WH-PHC,PRD-0007,91,1255800
2026-04-30,WH-LAG1,PRD-0008,86,1161000
2026-04-30,WH-LAG2,PRD-0008,54,729000
2026-04-30,WH-IBD,PRD-0008,16,216000
2026-04-30,WH-ABJ,PRD-0008,36,486000
2026-04-30,WH-PHC,PRD-0008,23,310500
2026-04-30,WH-LAG1,PRD-0009,65,923000
2026-04-30,WH-LAG2,PRD-0009,30,426000
2026-04-30,WH-IBD,PRD-0009,9,127800
2026-04-30,WH-ABJ,PRD-0009,19,269800
2026-04-30,WH-PHC,PRD-0009,19,269800
2026-04-30,WH-LAG1,PRD-0010,33,435600
2026-04-30,WH-LAG2,PRD-0010,0,0
2026-04-30,WH-IBD,PRD-0010,10,132000
2026-04-30,WH-ABJ,PRD-0010,21,277200
2026-04-30,WH-PHC,PRD-0010,21,277200
2026-04-30,WH-LAG1,PRD-0011,118,1640200
2026-04-30,WH-LAG2,PRD-0011,54,750600
2026-04-30,WH-IBD,PRD-0011,95,1320500
2026-04-30,WH-ABJ,PRD-0011,99,1376100
2026-04-30,WH-PHC,PRD-0011,61,847900
2026-04-30,WH-LAG1,PRD-0012,32,460800
2026-04-30,WH-LAG2,PRD-0012,34,489600
2026-04-30,WH-IBD,PRD-0012,46,662400
2026-04-30,WH-ABJ,PRD-0012,43,619200
2026-04-30,WH-PHC,PRD-0012,47,676800
2026-04-30,WH-LAG1,PRD-0013,5,49000
2026-04-30,WH-LAG2,PRD-0013,13,127400
2026-04-30,WH-IBD,PRD-0013,22,215600
2026-04-30,WH-ABJ,PRD-0013,19,186200
2026-04-30,WH-PHC,PRD-0013,25,245000
2026-04-30,WH-LAG1,PRD-0014,26,291200
2026-04-30,WH-LAG2,PRD-0014,8,89600
2026-04-30,WH-IBD,PRD-0014,3,33600
2026-04-30,WH-ABJ,PRD-0014,14,156800
2026-04-30,WH-PHC,PRD-0014,4,44800
2026-04-30,WH-LAG1,PRD-0015,101,696900
2026-04-30,WH-LAG2,PRD-0015,81,558900
2026-04-30,WH-IBD,PRD-0015,31,213900
2026-04-30,WH-ABJ,PRD-0015,28,193200
2026-04-30,WH-PHC,PRD-0015,31,213900
2026-04-30,WH-LAG1,PRD-0016,239,8245500
2026-04-30,WH-LAG2,PRD-0016,78,2691000
2026-04-30,WH-IBD,PRD-0016,88,3036000
2026-04-30,WH-ABJ,PRD-0016,83,2863500
2026-04-30,WH-PHC,PRD-0016,64,2208000
2026-04-30,WH-LAG1,PRD-0017,35,1113000
2026-04-30,WH-LAG2,PRD-0017,24,763200
2026-04-30,WH-IBD,PRD-0017,25,795000
2026-04-30,WH-ABJ,PRD-0017,16,508800
2026-04-30,WH-PHC,PRD-0017,29,922200
2026-04-30,WH-LAG1,PRD-0018,170,8194000
2026-04-30,WH-LAG2,PRD-0018,52,2506400
2026-04-30,WH-IBD,PRD-0018,79,3807800
2026-04-30,WH-ABJ,PRD-0018,38,1831600
2026-04-30,WH-PHC,PRD-0018,80,3856000
2026-04-30,WH-LAG1,PRD-0019,67,1768800
2026-04-30,WH-LAG2,PRD-0019,100,2640000
2026-04-30,WH-IBD,PRD-0019,40,1056000
2026-04-30,WH-ABJ,PRD-0019,26,686400
2026-04-30,WH-PHC,PRD-0019,26,686400
2026-04-30,WH-LAG1,PRD-0020,140,3332000
2026-04-30,WH-LAG2,PRD-0020,70,1666000
2026-04-30,WH-IBD,PRD-0020,113,2689400
2026-04-30,WH-ABJ,PRD-0020,91,2165800
2026-04-30,WH-PHC,PRD-0020,23,547400
2026-04-30,WH-LAG1,PRD-0021,83,1228400
2026-04-30,WH-LAG2,PRD-0021,43,636400
2026-04-30,WH-IBD,PRD-0021,39,577200
2026-04-30,WH-ABJ,PRD-0021,9,133200
2026-04-30,WH-PHC,PRD-0021,28,414400
2026-04-30,WH-LAG1,PRD-0022,38,364800
2026-04-30,WH-LAG2,PRD-0022,16,153600
2026-04-30,WH-IBD,PRD-0022,25,240000
2026-04-30,WH-ABJ,PRD-0022,22,211200
2026-04-30,WH-PHC,PRD-0022,27,259200
2026-04-30,WH-LAG1,PRD-0023,84,1125600
2026-04-30,WH-LAG2,PRD-0023,67,897800
2026-04-30,WH-IBD,PRD-0023,99,1326600
2026-04-30,WH-ABJ,PRD-0023,35,469000
2026-04-30,WH-PHC,PRD-0023,59,790600
2026-04-30,WH-LAG1,PRD-0024,14,109200
2026-04-30,WH-LAG2,PRD-0024,32,249600
2026-04-30,WH-IBD,PRD-0024,27,210600
2026-04-30,WH-ABJ,PRD-0024,13,101400
2026-04-30,WH-PHC,PRD-0024,26,202800
2026-04-30,WH-LAG1,PRD-0025,54,232200
2026-04-30,WH-LAG2,PRD-0025,43,184900
2026-04-30,WH-IBD,PRD-0025,21,90300
2026-04-30,WH-ABJ,PRD-0025,27,116100
2026-04-30,WH-PHC,PRD-0025,34,146200
2026-04-30,WH-LAG1,PRD-0026,58,208800
2026-04-30,WH-LAG2,PRD-0026,21,75600
2026-04-30,WH-IBD,PRD-0026,36,129600
2026-04-30,WH-ABJ,PRD-0026,77,277200
2026-04-30,WH-PHC,PRD-0026,38,136800
2026-04-30,WH-LAG1,PRD-0027,15,57000
2026-04-30,WH-LAG2,PRD-0027,24,91200
2026-04-30,WH-IBD,PRD-0027,19,72200
2026-04-30,WH-ABJ,PRD-0027,11,41800
2026-04-30,WH-PHC,PRD-0027,5,19000
2026-04-30,WH-LAG1,PRD-0028,45,180000
2026-04-30,WH-LAG2,PRD-0028,22,88000
2026-04-30,WH-IBD,PRD-0028,35,140000
2026-04-30,WH-ABJ,PRD-0028,49,196000
2026-04-30,WH-PHC,PRD-0028,63,252000
2026-04-30,WH-LAG1,PRD-0029,38,338200
2026-04-30,WH-LAG2,PRD-0029,12,106800
2026-04-30,WH-IBD,PRD-0029,41,364900
2026-04-30,WH-ABJ,PRD-0029,28,249200
2026-04-30,WH-PHC,PRD-0029,9,80100
2026-04-30,WH-LAG1,PRD-0030,14,301000
2026-04-30,WH-LAG2,PRD-0030,5,107500
2026-04-30,WH-IBD,PRD-0030,5,107500
2026-04-30,WH-ABJ,PRD-0030,23,494500
2026-04-30,WH-PHC,PRD-0030,28,602000
2026-04-30,WH-LAG1,PRD-0031,143,4318600
2026-04-30,WH-LAG2,PRD-0031,82,2476400
2026-04-30,WH-IBD,PRD-0031,59,1781800
2026-04-30,WH-ABJ,PRD-0031,47,1419400
2026-04-30,WH-PHC,PRD-0031,42,1268400
2026-04-30,WH-LAG1,PRD-0032,33,554400
2026-04-30,WH-LAG2,PRD-0032,19,319200
2026-04-30,WH-IBD,PRD-0032,31,520800
2026-04-30,WH-ABJ,PRD-0032,7,117600
2026-04-30,WH-PHC,PRD-0032,20,336000
2026-04-30,WH-LAG1,PRD-0033,121,1137400
2026-04-30,WH-LAG2,PRD-0033,23,216200
2026-04-30,WH-IBD,PRD-0033,18,169200
2026-04-30,WH-ABJ,PRD-0033,53,498200
2026-04-30,WH-PHC,PRD-0033,58,545200
2026-04-30,WH-LAG1,PRD-0034,62,799800
2026-04-30,WH-LAG2,PRD-0034,11,141900
2026-04-30,WH-IBD,PRD-0034,16,206400
2026-04-30,WH-ABJ,PRD-0034,23,296700
2026-04-30,WH-PHC,PRD-0034,32,412800
2026-04-30,WH-LAG1,PRD-0035,105,1239000
2026-04-30,WH-LAG2,PRD-0035,72,849600
2026-04-30,WH-IBD,PRD-0035,78,920400
2026-04-30,WH-ABJ,PRD-0035,113,1333400
2026-04-30,WH-PHC,PRD-0035,74,873200
2026-04-30,WH-LAG1,PRD-0036,51,795600
2026-04-30,WH-LAG2,PRD-0036,47,733200
2026-04-30,WH-IBD,PRD-0036,38,592800
2026-04-30,WH-ABJ,PRD-0036,12,187200
2026-04-30,WH-PHC,PRD-0036,67,1045200
2026-04-30,WH-LAG1,PRD-0037,14,277200
2026-04-30,WH-LAG2,PRD-0037,98,1940400
2026-04-30,WH-IBD,PRD-0037,75,1485000
2026-04-30,WH-ABJ,PRD-0037,54,1069200
2026-04-30,WH-PHC,PRD-0037,31,613800
2026-04-30,WH-LAG1,PRD-0038,36,428400
2026-04-30,WH-LAG2,PRD-0038,12,142800
2026-04-30,WH-IBD,PRD-0038,5,59500
2026-04-30,WH-ABJ,PRD-0038,25,297500
2026-04-30,WH-PHC,PRD-0038,15,178500
2026-04-30,WH-LAG1,PRD-0039,253,3137200
2026-04-30,WH-LAG2,PRD-0039,97,1202800
2026-04-30,WH-IBD,PRD-0039,159,1971600
2026-04-30,WH-ABJ,PRD-0039,109,1351600
2026-04-30,WH-PHC,PRD-0039,155,1922000
2026-04-30,WH-LAG1,PRD-0040,90,1008000
2026-04-30,WH-LAG2,PRD-0040,45,504000
2026-04-30,WH-IBD,PRD-0040,56,627200
2026-04-30,WH-ABJ,PRD-0040,44,492800
2026-04-30,WH-PHC,PRD-0040,18,201600
2026-04-30,WH-LAG1,PRD-0041,125,650000
2026-04-30,WH-LAG2,PRD-0041,42,218400
2026-04-30,WH-IBD,PRD-0041,51,265200
2026-04-30,WH-ABJ,PRD-0041,30,156000
2026-04-30,WH-PHC,PRD-0041,29,150800
2026-04-30,WH-LAG1,PRD-0042,10,219000
2026-04-30,WH-LAG2,PRD-0042,19,416100
2026-04-30,WH-IBD,PRD-0042,21,459900
2026-04-30,WH-ABJ,PRD-0042,0,0
2026-04-30,WH-PHC,PRD-0042,1,21900
2026-04-30,WH-LAG1,PRD-0043,66,1003200
2026-04-30,WH-LAG2,PRD-0043,51,775200
2026-04-30,WH-IBD,PRD-0043,43,653600
2026-04-30,WH-ABJ,PRD-0043,34,516800
2026-04-30,WH-PHC,PRD-0043,38,577600
2026-04-30,WH-LAG1,PRD-0044,9,61200
2026-04-30,WH-LAG2,PRD-0044,8,54400
2026-04-30,WH-IBD,PRD-0044,2,13600
2026-04-30,WH-ABJ,PRD-0044,13,88400
2026-04-30,WH-PHC,PRD-0044,16,108800
2026-04-30,WH-LAG1,PRD-0045,141,874200
2026-04-30,WH-LAG2,PRD-0045,20,124000
2026-04-30,WH-IBD,PRD-0045,61,378200
2026-04-30,WH-ABJ,PRD-0045,37,229400
2026-04-30,WH-PHC,PRD-0045,28,173600
2026-04-30,WH-LAG1,PRD-0046,39,538200
2026-04-30,WH-LAG2,PRD-0046,67,924600
2026-04-30,WH-IBD,PRD-0046,32,441600
2026-04-30,WH-ABJ,PRD-0046,29,400200
2026-04-30,WH-PHC,PRD-0046,0,0
2026-04-30,WH-LAG1,PRD-0047,112,1814400
2026-04-30,WH-LAG2,PRD-0047,58,939600
2026-04-30,WH-IBD,PRD-0047,45,729000
2026-04-30,WH-ABJ,PRD-0047,44,712800
2026-04-30,WH-PHC,PRD-0047,49,793800
2026-04-30,WH-LAG1,PRD-0048,150,2175000
2026-04-30,WH-LAG2,PRD-0048,29,420500
2026-04-30,WH-IBD,PRD-0048,18,261000
2026-04-30,WH-ABJ,PRD-0048,44,638000
2026-04-30,WH-PHC,PRD-0048,73,1058500
2026-04-30,WH-LAG1,PRD-0049,23,319700
2026-04-30,WH-LAG2,PRD-0049,9,125100
2026-04-30,WH-IBD,PRD-0049,22,305800
2026-04-30,WH-ABJ,PRD-0049,77,1070300
2026-04-30,WH-PHC,PRD-0049,46,639400
2026-04-30,WH-LAG1,PRD-0050,2,9200
2026-04-30,WH-LAG2,PRD-0050,31,142600
2026-04-30,WH-IBD,PRD-0050,43,197800
2026-04-30,WH-ABJ,PRD-0050,64,294400
2026-04-30,WH-PHC,PRD-0050,13,59800
2026-04-30,WH-LAG1,PRD-0051,68,2366400
2026-04-30,WH-LAG2,PRD-0051,93,3236400
2026-04-30,WH-IBD,PRD-0051,113,3932400
2026-04-30,WH-ABJ,PRD-0051,75,2610000
2026-04-30,WH-PHC,PRD-0051,42,1461600
2026-04-30,WH-LAG1,PRD-0052,29,983100
2026-04-30,WH-LAG2,PRD-0052,16,542400
2026-04-30,WH-IBD,PRD-0052,18,610200
2026-04-30,WH-ABJ,PRD-0052,21,711900
2026-04-30,WH-PHC,PRD-0052,18,610200
2026-04-30,WH-LAG1,PRD-0053,39,1279200
2026-04-30,WH-LAG2,PRD-0053,19,623200
2026-04-30,WH-IBD,PRD-0053,19,623200
2026-04-30,WH-ABJ,PRD-0053,25,820000
2026-04-30,WH-PHC,PRD-0053,19,623200
2026-04-30,WH-LAG1,PRD-0054,40,544000
2026-04-30,WH-LAG2,PRD-0054,50,680000
2026-04-30,WH-IBD,PRD-0054,37,503200
2026-04-30,WH-ABJ,PRD-0054,37,503200
2026-04-30,WH-PHC,PRD-0054,16,217600
2026-04-30,WH-LAG1,PRD-0055,45,621000
2026-04-30,WH-LAG2,PRD-0055,27,372600
2026-04-30,WH-IBD,PRD-0055,39,538200
2026-04-30,WH-ABJ,PRD-0055,53,731400
2026-04-30,WH-PHC,PRD-0055,11,151800
2026-04-30,WH-LAG1,PRD-0056,48,1027200
2026-04-30,WH-LAG2,PRD-0056,59,1262600
2026-04-30,WH-IBD,PRD-0056,44,941600
2026-04-30,WH-ABJ,PRD-0056,62,1326800
2026-04-30,WH-PHC,PRD-0056,52,1112800
2026-04-30,WH-LAG1,PRD-0057,266,4202800
2026-04-30,WH-LAG2,PRD-0057,86,1358800
2026-04-30,WH-IBD,PRD-0057,18,284400
2026-04-30,WH-ABJ,PRD-0057,206,3254800
2026-04-30,WH-PHC,PRD-0057,178,2812400
2026-04-30,WH-LAG1,PRD-0058,81,1206900
2026-04-30,WH-LAG2,PRD-0058,23,342700
2026-04-30,WH-IBD,PRD-0058,46,685400
2026-04-30,WH-ABJ,PRD-0058,59,879100
2026-04-30,WH-PHC,PRD-0058,37,551300
2026-04-30,WH-LAG1,PRD-0059,22,935000
2026-04-30,WH-LAG2,PRD-0059,14,595000
2026-04-30,WH-IBD,PRD-0059,12,510000
2026-04-30,WH-ABJ,PRD-0059,30,1275000
2026-04-30,WH-PHC,PRD-0059,22,935000
2026-04-30,WH-LAG1,PRD-0060,122,5831600
2026-04-30,WH-LAG2,PRD-0060,133,6357400
2026-04-30,WH-IBD,PRD-0060,57,2724600
2026-04-30,WH-ABJ,PRD-0060,113,5401400
2026-04-30,WH-PHC,PRD-0060,48,2294400
2026-04-30,WH-LAG1,PRD-0061,320,4096000
2026-04-30,WH-LAG2,PRD-0061,49,627200
2026-04-30,WH-IBD,PRD-0061,124,1587200
2026-04-30,WH-ABJ,PRD-0061,107,1369600
2026-04-30,WH-PHC,PRD-0061,40,512000
2026-04-30,WH-LAG1,PRD-0062,193,2624800
2026-04-30,WH-LAG2,PRD-0062,131,1781600
2026-04-30,WH-IBD,PRD-0062,16,217600
2026-04-30,WH-ABJ,PRD-0062,137,1863200
2026-04-30,WH-PHC,PRD-0062,17,231200
2026-04-30,WH-LAG1,PRD-0063,80,952000
2026-04-30,WH-LAG2,PRD-0063,2,23800
2026-04-30,WH-IBD,PRD-0063,36,428400
2026-04-30,WH-ABJ,PRD-0063,75,892500
2026-04-30,WH-PHC,PRD-0063,63,749700
2026-04-30,WH-LAG1,PRD-0064,289,8901200
2026-04-30,WH-LAG2,PRD-0064,76,2340800
2026-04-30,WH-IBD,PRD-0064,27,831600
2026-04-30,WH-ABJ,PRD-0064,108,3326400
2026-04-30,WH-PHC,PRD-0064,134,4127200
2026-04-30,WH-LAG1,PRD-0065,125,3300000
2026-04-30,WH-LAG2,PRD-0065,65,1716000
2026-04-30,WH-IBD,PRD-0065,36,950400
2026-04-30,WH-ABJ,PRD-0065,54,1425600
2026-04-30,WH-PHC,PRD-0065,66,1742400
2026-04-30,WH-LAG1,PRD-0066,6,265200
2026-04-30,WH-LAG2,PRD-0066,8,353600
2026-04-30,WH-IBD,PRD-0066,8,353600
2026-04-30,WH-ABJ,PRD-0066,8,353600
2026-04-30,WH-PHC,PRD-0066,11,486200
2026-04-30,WH-LAG1,PRD-0067,119,1237600
2026-04-30,WH-LAG2,PRD-0067,69,717600
2026-04-30,WH-IBD,PRD-0067,45,468000
2026-04-30,WH-ABJ,PRD-0067,56,582400
2026-04-30,WH-PHC,PRD-0067,43,447200
2026-04-30,WH-LAG1,PRD-0068,277,3656400
2026-04-30,WH-LAG2,PRD-0068,121,1597200
2026-04-30,WH-IBD,PRD-0068,74,976800
2026-04-30,WH-ABJ,PRD-0068,16,211200
2026-04-30,WH-PHC,PRD-0068,131,1729200
2026-04-30,WH-LAG1,PRD-0069,20,276000
2026-04-30,WH-LAG2,PRD-0069,9,124200
2026-04-30,WH-IBD,PRD-0069,5,69000
2026-04-30,WH-ABJ,PRD-0069,21,289800
2026-04-30,WH-PHC,PRD-0069,4,55200
2026-04-30,WH-LAG1,PRD-0070,48,739200
2026-04-30,WH-LAG2,PRD-0070,21,323400
2026-04-30,WH-IBD,PRD-0070,49,754600
2026-04-30,WH-ABJ,PRD-0070,33,508200
2026-04-30,WH-PHC,PRD-0070,10,154000
2026-04-30,WH-LAG1,PRD-0071,33,488400
2026-04-30,WH-LAG2,PRD-0071,4,59200
2026-04-30,WH-IBD,PRD-0071,11,162800
2026-04-30,WH-ABJ,PRD-0071,0,0
2026-04-30,WH-PHC,PRD-0071,11,162800
2026-04-30,WH-LAG1,PRD-0072,79,2575400
2026-04-30,WH-LAG2,PRD-0072,45,1467000
2026-04-30,WH-IBD,PRD-0072,25,815000
2026-04-30,WH-ABJ,PRD-0072,45,1467000
2026-04-30,WH-PHC,PRD-0072,24,782400
2026-04-30,WH-LAG1,PRD-0073,30,894000
2026-04-30,WH-LAG2,PRD-0073,7,208600
2026-04-30,WH-IBD,PRD-0073,10,298000
2026-04-30,WH-ABJ,PRD-0073,23,685400
2026-04-30,WH-PHC,PRD-0073,10,298000
2026-04-30,WH-LAG1,PRD-0074,61,1793400
2026-04-30,WH-LAG2,PRD-0074,100,2940000
2026-04-30,WH-IBD,PRD-0074,78,2293200
2026-04-30,WH-ABJ,PRD-0074,32,940800
2026-04-30,WH-PHC,PRD-0074,94,2763600
2026-04-30,WH-LAG1,PRD-0075,22,589600
2026-04-30,WH-LAG2,PRD-0075,10,268000
2026-04-30,WH-IBD,PRD-0075,25,670000
2026-04-30,WH-ABJ,PRD-0075,29,777200
2026-04-30,WH-PHC,PRD-0075,31,830800
2026-04-30,WH-LAG1,PRD-0076,107,2503800
2026-04-30,WH-LAG2,PRD-0076,45,1053000
2026-04-30,WH-IBD,PRD-0076,40,936000
2026-04-30,WH-ABJ,PRD-0076,35,819000
2026-04-30,WH-PHC,PRD-0076,81,1895400
2026-04-30,WH-LAG1,PRD-0077,171,4377600
2026-04-30,WH-LAG2,PRD-0077,184,4710400
2026-04-30,WH-IBD,PRD-0077,49,1254400
2026-04-30,WH-ABJ,PRD-0077,226,5785600
2026-04-30,WH-PHC,PRD-0077,82,2099200
2026-04-30,WH-LAG1,PRD-0078,62,1723600
2026-04-30,WH-LAG2,PRD-0078,12,333600
2026-04-30,WH-IBD,PRD-0078,54,1501200
2026-04-30,WH-ABJ,PRD-0078,18,500400
2026-04-30,WH-PHC,PRD-0078,25,695000
2026-04-30,WH-LAG1,PRD-0079,50,1925000
2026-04-30,WH-LAG2,PRD-0079,76,2926000
2026-04-30,WH-IBD,PRD-0079,41,1578500
2026-04-30,WH-ABJ,PRD-0079,32,1232000
2026-04-30,WH-PHC,PRD-0079,47,1809500
2026-04-30,WH-LAG1,PRD-0080,38,744800
2026-04-30,WH-LAG2,PRD-0080,36,705600
2026-04-30,WH-IBD,PRD-0080,19,372400
2026-04-30,WH-ABJ,PRD-0080,78,1528800
2026-04-30,WH-PHC,PRD-0080,61,1195600
2026-04-30,WH-LAG1,PRD-0081,137,4438800
2026-04-30,WH-LAG2,PRD-0081,34,1101600
2026-04-30,WH-IBD,PRD-0081,48,1555200
2026-04-30,WH-ABJ,PRD-0081,84,2721600
2026-04-30,WH-PHC,PRD-0081,57,1846800
2026-04-30,WH-LAG1,PRD-0082,159,4102200
2026-04-30,WH-LAG2,PRD-0082,14,361200
2026-04-30,WH-IBD,PRD-0082,25,645000
2026-04-30,WH-ABJ,PRD-0082,68,1754400
2026-04-30,WH-PHC,PRD-0082,84,2167200
2026-04-30,WH-LAG1,PRD-0083,61,1122400
2026-04-30,WH-LAG2,PRD-0083,86,1582400
2026-04-30,WH-IBD,PRD-0083,90,1656000
2026-04-30,WH-ABJ,PRD-0083,203,3735200
2026-04-30,WH-PHC,PRD-0083,107,1968800
2026-04-30,WH-LAG1,PRD-0084,136,2937600
2026-04-30,WH-LAG2,PRD-0084,56,1209600
2026-04-30,WH-IBD,PRD-0084,46,993600
2026-04-30,WH-ABJ,PRD-0084,44,950400
2026-04-30,WH-PHC,PRD-0084,117,2527200
2026-04-30,WH-LAG1,PRD-0085,30,786000
2026-04-30,WH-LAG2,PRD-0085,86,2253200
2026-04-30,WH-IBD,PRD-0085,42,1100400
2026-04-30,WH-ABJ,PRD-0085,80,2096000
2026-04-30,WH-PHC,PRD-0085,73,1912600
2026-04-30,WH-LAG1,PRD-0086,484,11519200
2026-04-30,WH-LAG2,PRD-0086,111,2641800
2026-04-30,WH-IBD,PRD-0086,300,7140000
2026-04-30,WH-ABJ,PRD-0086,360,8568000
2026-04-30,WH-PHC,PRD-0086,115,2737000
2026-04-30,WH-LAG1,PRD-0087,16,300800
2026-04-30,WH-LAG2,PRD-0087,16,300800
2026-04-30,WH-IBD,PRD-0087,5,94000
2026-04-30,WH-ABJ,PRD-0087,16,300800
2026-04-30,WH-PHC,PRD-0087,25,470000
2026-04-30,WH-LAG1,PRD-0088,67,830800
2026-04-30,WH-LAG2,PRD-0088,49,607600
2026-04-30,WH-IBD,PRD-0088,0,0
2026-04-30,WH-ABJ,PRD-0088,57,706800
2026-04-30,WH-PHC,PRD-0088,56,694400
2026-04-30,WH-LAG1,PRD-0089,74,828800
2026-04-30,WH-LAG2,PRD-0089,57,638400
2026-04-30,WH-IBD,PRD-0089,12,134400
2026-04-30,WH-ABJ,PRD-0089,51,571200
2026-04-30,WH-PHC,PRD-0089,50,560000
2026-04-30,WH-LAG1,PRD-0090,1831,52366600
2026-04-30,WH-LAG2,PRD-0090,928,26540800
2026-04-30,WH-IBD,PRD-0090,343,9809800
2026-04-30,WH-ABJ,PRD-0090,1395,39897000
2026-04-30,WH-PHC,PRD-0090,1354,38724400
2026-04-30,WH-LAG1,PRD-0091,0,0
2026-04-30,WH-LAG2,PRD-0091,298,6436800
2026-04-30,WH-IBD,PRD-0091,116,2505600
2026-04-30,WH-ABJ,PRD-0091,55,1188000
2026-04-30,WH-PHC,PRD-0091,44,950400
2026-04-30,WH-LAG1,PRD-0092,72,1785600
2026-04-30,WH-LAG2,PRD-0092,51,1264800
2026-04-30,WH-IBD,PRD-0092,39,967200
2026-04-30,WH-ABJ,PRD-0092,37,917600
2026-04-30,WH-PHC,PRD-0092,36,892800
2026-04-30,WH-LAG1,PRD-0093,156,3026400
2026-04-30,WH-LAG2,PRD-0093,424,8225600
2026-04-30,WH-IBD,PRD-0093,39,756600
2026-04-30,WH-ABJ,PRD-0093,136,2638400
2026-04-30,WH-PHC,PRD-0093,26,504400
2026-04-30,WH-LAG1,PRD-0094,36,676800
2026-04-30,WH-LAG2,PRD-0094,64,1203200
2026-04-30,WH-IBD,PRD-0094,26,488800
2026-04-30,WH-ABJ,PRD-0094,28,526400
2026-04-30,WH-PHC,PRD-0094,8,150400
2026-04-30,WH-LAG1,PRD-0095,0,0
2026-04-30,WH-LAG2,PRD-0095,63,1064700
2026-04-30,WH-IBD,PRD-0095,0,0
2026-04-30,WH-ABJ,PRD-0095,12,202800
2026-04-30,WH-PHC,PRD-0095,23,388700
2026-04-30,WH-LAG1,PRD-0096,29,527800
2026-04-30,WH-LAG2,PRD-0096,51,928200
2026-04-30,WH-IBD,PRD-0096,6,109200
2026-04-30,WH-ABJ,PRD-0096,20,364000
2026-04-30,WH-PHC,PRD-0096,5,91000
2026-04-30,WH-LAG1,PRD-0097,33,587400
2026-04-30,WH-LAG2,PRD-0097,47,836600
2026-04-30,WH-IBD,PRD-0097,11,195800
2026-04-30,WH-ABJ,PRD-0097,23,409400
2026-04-30,WH-PHC,PRD-0097,9,160200
2026-04-30,WH-LAG1,PRD-0098,81,1085400
2026-04-30,WH-LAG2,PRD-0098,685,9179000
2026-04-30,WH-IBD,PRD-0098,77,1031800
2026-04-30,WH-ABJ,PRD-0098,169,2264600
2026-04-30,WH-PHC,PRD-0098,50,670000
2026-04-30,WH-LAG1,PRD-0099,45,567000
2026-04-30,WH-LAG2,PRD-0099,74,932400
2026-04-30,WH-IBD,PRD-0099,0,0
2026-04-30,WH-ABJ,PRD-0099,11,138600
2026-04-30,WH-PHC,PRD-0099,15,189000
2026-04-30,WH-LAG1,PRD-0100,173,2906400
2026-04-30,WH-LAG2,PRD-0100,948,15926400
2026-04-30,WH-IBD,PRD-0100,375,6300000
2026-04-30,WH-ABJ,PRD-0100,332,5577600
2026-04-30,WH-PHC,PRD-0100,353,5930400
2026-04-30,WH-LAG1,PRD-0101,35,644000
2026-04-30,WH-LAG2,PRD-0101,93,1711200
2026-04-30,WH-IBD,PRD-0101,8,147200
2026-04-30,WH-ABJ,PRD-0101,36,662400
2026-04-30,WH-PHC,PRD-0101,25,460000
2026-04-30,WH-LAG1,PRD-0102,110,1562000
2026-04-30,WH-LAG2,PRD-0102,298,4231600
2026-04-30,WH-IBD,PRD-0102,55,781000
2026-04-30,WH-ABJ,PRD-0102,12,170400
2026-04-30,WH-PHC,PRD-0102,72,1022400
2026-04-30,WH-LAG1,PRD-0103,104,3099200
2026-04-30,WH-LAG2,PRD-0103,216,6436800
2026-04-30,WH-IBD,PRD-0103,78,2324400
2026-04-30,WH-ABJ,PRD-0103,35,1043000
2026-04-30,WH-PHC,PRD-0103,16,476800
2026-04-30,WH-LAG1,PRD-0104,15,207000
2026-04-30,WH-LAG2,PRD-0104,80,1104000
2026-04-30,WH-IBD,PRD-0104,28,386400
2026-04-30,WH-ABJ,PRD-0104,23,317400
2026-04-30,WH-PHC,PRD-0104,10,138000
2026-04-30,WH-LAG1,PRD-0105,32,1107200
2026-04-30,WH-LAG2,PRD-0105,91,3148600
2026-04-30,WH-IBD,PRD-0105,19,657400
2026-04-30,WH-ABJ,PRD-0105,20,692000
2026-04-30,WH-PHC,PRD-0105,13,449800
2026-04-30,WH-LAG1,PRD-0106,29,951200
2026-04-30,WH-LAG2,PRD-0106,33,1082400
2026-04-30,WH-IBD,PRD-0106,7,229600
2026-04-30,WH-ABJ,PRD-0106,35,1148000
2026-04-30,WH-PHC,PRD-0106,11,360800
2026-04-30,WH-LAG1,PRD-0107,15,501000
2026-04-30,WH-LAG2,PRD-0107,35,1169000
2026-04-30,WH-IBD,PRD-0107,9,300600
2026-04-30,WH-ABJ,PRD-0107,16,534400
2026-04-30,WH-PHC,PRD-0107,32,1068800
2026-04-30,WH-LAG1,PRD-0108,356,9540800
2026-04-30,WH-LAG2,PRD-0108,624,16723200
2026-04-30,WH-IBD,PRD-0108,182,4877600
2026-04-30,WH-ABJ,PRD-0108,139,3725200
2026-04-30,WH-PHC,PRD-0108,153,4100400
2026-04-30,WH-LAG1,PRD-0109,203,5359200
2026-04-30,WH-LAG2,PRD-0109,85,2244000
2026-04-30,WH-IBD,PRD-0109,62,1636800
2026-04-30,WH-ABJ,PRD-0109,112,2956800
2026-04-30,WH-PHC,PRD-0109,28,739200
2026-04-30,WH-LAG1,PRD-0110,30,744000
2026-04-30,WH-LAG2,PRD-0110,9,223200
2026-04-30,WH-IBD,PRD-0110,20,496000
2026-04-30,WH-ABJ,PRD-0110,29,719200
2026-04-30,WH-PHC,PRD-0110,23,570400
2026-04-30,WH-LAG1,PRD-0111,111,1087800
2026-04-30,WH-LAG2,PRD-0111,87,852600
2026-04-30,WH-IBD,PRD-0111,86,842800
2026-04-30,WH-ABJ,PRD-0111,118,1156400
2026-04-30,WH-PHC,PRD-0111,78,764400
2026-04-30,WH-LAG1,PRD-0112,11,129800
2026-04-30,WH-LAG2,PRD-0112,0,0
2026-04-30,WH-IBD,PRD-0112,1,11800
2026-04-30,WH-ABJ,PRD-0112,28,330400
2026-04-30,WH-PHC,PRD-0112,6,70800
2026-04-30,WH-LAG1,PRD-0113,152,1307200
2026-04-30,WH-LAG2,PRD-0113,12,103200
2026-04-30,WH-IBD,PRD-0113,77,662200
2026-04-30,WH-ABJ,PRD-0113,135,1161000
2026-04-30,WH-PHC,PRD-0113,55,473000
2026-04-30,WH-LAG1,PRD-0114,26,317200
2026-04-30,WH-LAG2,PRD-0114,20,244000
2026-04-30,WH-IBD,PRD-0114,4,48800
2026-04-30,WH-ABJ,PRD-0114,20,244000
2026-04-30,WH-PHC,PRD-0114,15,183000
2026-04-30,WH-LAG1,PRD-0115,51,836400
2026-04-30,WH-LAG2,PRD-0115,19,311600
2026-04-30,WH-IBD,PRD-0115,43,705200
2026-04-30,WH-ABJ,PRD-0115,39,639600
2026-04-30,WH-PHC,PRD-0115,57,934800
2026-04-30,WH-LAG1,PRD-0116,92,1269600
2026-04-30,WH-LAG2,PRD-0116,25,345000
2026-04-30,WH-IBD,PRD-0116,27,372600
2026-04-30,WH-ABJ,PRD-0116,61,841800
2026-04-30,WH-PHC,PRD-0116,52,717600
2026-04-30,WH-LAG1,PRD-0117,28,425600
2026-04-30,WH-LAG2,PRD-0117,78,1185600
2026-04-30,WH-IBD,PRD-0117,25,380000
2026-04-30,WH-ABJ,PRD-0117,26,395200
2026-04-30,WH-PHC,PRD-0117,38,577600
2026-04-30,WH-LAG1,PRD-0118,162,2851200
2026-04-30,WH-LAG2,PRD-0118,41,721600
2026-04-30,WH-IBD,PRD-0118,62,1091200
2026-04-30,WH-ABJ,PRD-0118,120,2112000
2026-04-30,WH-PHC,PRD-0118,23,404800
2026-04-30,WH-LAG1,PRD-0119,25,470000
2026-04-30,WH-LAG2,PRD-0119,23,432400
2026-04-30,WH-IBD,PRD-0119,9,169200
2026-04-30,WH-ABJ,PRD-0119,10,188000
2026-04-30,WH-PHC,PRD-0119,15,282000
2026-04-30,WH-LAG1,PRD-0120,100,1240000
2026-04-30,WH-LAG2,PRD-0120,127,1574800
2026-04-30,WH-IBD,PRD-0120,23,285200
2026-04-30,WH-ABJ,PRD-0120,129,1599600
2026-04-30,WH-PHC,PRD-0120,105,1302000
2026-04-30,WH-LAG1,PRD-0121,197,4255200
2026-04-30,WH-LAG2,PRD-0121,60,1296000
2026-04-30,WH-IBD,PRD-0121,80,1728000
2026-04-30,WH-ABJ,PRD-0121,46,993600
2026-04-30,WH-PHC,PRD-0121,137,2959200
2026-04-30,WH-LAG1,PRD-0122,173,2560400
2026-04-30,WH-LAG2,PRD-0122,145,2146000
2026-04-30,WH-IBD,PRD-0122,44,651200
2026-04-30,WH-ABJ,PRD-0122,133,1968400
2026-04-30,WH-PHC,PRD-0122,134,1983200
2026-04-30,WH-LAG1,PRD-0123,100,1160000
2026-04-30,WH-LAG2,PRD-0123,34,394400
2026-04-30,WH-IBD,PRD-0123,0,0
2026-04-30,WH-ABJ,PRD-0123,12,139200
2026-04-30,WH-PHC,PRD-0123,3,34800
2026-04-30,WH-LAG1,PRD-0124,51,346800
2026-04-30,WH-LAG2,PRD-0124,32,217600
2026-04-30,WH-IBD,PRD-0124,60,408000
2026-04-30,WH-ABJ,PRD-0124,23,156400
2026-04-30,WH-PHC,PRD-0124,27,183600
2026-04-30,WH-LAG1,PRD-0125,526,6732800
2026-04-30,WH-LAG2,PRD-0125,247,3161600
2026-04-30,WH-IBD,PRD-0125,206,2636800
2026-04-30,WH-ABJ,PRD-0125,235,3008000
2026-04-30,WH-PHC,PRD-0125,77,985600
2026-04-30,WH-LAG1,PRD-0126,58,1368800
2026-04-30,WH-LAG2,PRD-0126,38,896800
2026-04-30,WH-IBD,PRD-0126,53,1250800
2026-04-30,WH-ABJ,PRD-0126,16,377600
2026-04-30,WH-PHC,PRD-0126,33,778800
2026-04-30,WH-LAG1,PRD-0127,35,462000
2026-04-30,WH-LAG2,PRD-0127,45,594000
2026-04-30,WH-IBD,PRD-0127,25,330000
2026-04-30,WH-ABJ,PRD-0127,32,422400
2026-04-30,WH-PHC,PRD-0127,45,594000
2026-04-30,WH-LAG1,PRD-0128,24,403200
2026-04-30,WH-LAG2,PRD-0128,36,604800
2026-04-30,WH-IBD,PRD-0128,77,1293600
2026-04-30,WH-ABJ,PRD-0128,69,1159200
2026-04-30,WH-PHC,PRD-0128,39,655200
2026-04-30,WH-LAG1,PRD-0129,19,292600
2026-04-30,WH-LAG2,PRD-0129,0,0
2026-04-30,WH-IBD,PRD-0129,10,154000
2026-04-30,WH-ABJ,PRD-0129,22,338800
2026-04-30,WH-PHC,PRD-0129,9,138600
2026-04-30,WH-LAG1,PRD-0130,82,885600
2026-04-30,WH-LAG2,PRD-0130,40,432000
2026-04-30,WH-IBD,PRD-0130,21,226800
2026-04-30,WH-ABJ,PRD-0130,19,205200
2026-04-30,WH-PHC,PRD-0130,37,399600
2026-04-30,WH-LAG1,PRD-0131,78,1996800
2026-04-30,WH-LAG2,PRD-0131,49,1254400
2026-04-30,WH-IBD,PRD-0131,35,896000
2026-04-30,WH-ABJ,PRD-0131,59,1510400
2026-04-30,WH-PHC,PRD-0131,5,128000
2026-04-30,WH-LAG1,PRD-0132,44,1381600
2026-04-30,WH-LAG2,PRD-0132,63,1978200
2026-04-30,WH-IBD,PRD-0132,37,1161800
2026-04-30,WH-ABJ,PRD-0132,70,2198000
2026-04-30,WH-PHC,PRD-0132,54,1695600
2026-04-30,WH-LAG1,PRD-0133,34,809200
2026-04-30,WH-LAG2,PRD-0133,17,404600
2026-04-30,WH-IBD,PRD-0133,6,142800
2026-04-30,WH-ABJ,PRD-0133,43,1023400
2026-04-30,WH-PHC,PRD-0133,47,1118600
2026-04-30,WH-LAG1,PRD-0134,52,1549600
2026-04-30,WH-LAG2,PRD-0134,42,1251600
2026-04-30,WH-IBD,PRD-0134,10,298000
2026-04-30,WH-ABJ,PRD-0134,22,655600
2026-04-30,WH-PHC,PRD-0134,39,1162200
2026-04-30,WH-LAG1,PRD-0135,191,5042400
2026-04-30,WH-LAG2,PRD-0135,60,1584000
2026-04-30,WH-IBD,PRD-0135,51,1346400
2026-04-30,WH-ABJ,PRD-0135,153,4039200
2026-04-30,WH-PHC,PRD-0135,58,1531200
2026-04-30,WH-LAG1,PRD-0136,97,4132200
2026-04-30,WH-LAG2,PRD-0136,21,894600
2026-04-30,WH-IBD,PRD-0136,68,2896800
2026-04-30,WH-ABJ,PRD-0136,25,1065000
2026-04-30,WH-PHC,PRD-0136,18,766800
2026-04-30,WH-LAG1,PRD-0137,139,3363800
2026-04-30,WH-LAG2,PRD-0137,37,895400
2026-04-30,WH-IBD,PRD-0137,46,1113200
2026-04-30,WH-ABJ,PRD-0137,95,2299000
2026-04-30,WH-PHC,PRD-0137,39,943800
2026-04-30,WH-LAG1,PRD-0138,35,763000
2026-04-30,WH-LAG2,PRD-0138,58,1264400
2026-04-30,WH-IBD,PRD-0138,29,632200
2026-04-30,WH-ABJ,PRD-0138,27,588600
2026-04-30,WH-PHC,PRD-0138,114,2485200
2026-04-30,WH-LAG1,PRD-0139,97,2793600
2026-04-30,WH-LAG2,PRD-0139,0,0
2026-04-30,WH-IBD,PRD-0139,57,1641600
2026-04-30,WH-ABJ,PRD-0139,96,2764800
2026-04-30,WH-PHC,PRD-0139,69,1987200
2026-04-30,WH-LAG1,PRD-0140,50,1170000
2026-04-30,WH-LAG2,PRD-0140,40,936000
2026-04-30,WH-IBD,PRD-0140,10,234000
2026-04-30,WH-ABJ,PRD-0140,53,1240200
2026-04-30,WH-PHC,PRD-0140,9,210600
2026-04-30,WH-LAG1,PRD-0141,81,2494800
2026-04-30,WH-LAG2,PRD-0141,31,954800
2026-04-30,WH-IBD,PRD-0141,53,1632400
2026-04-30,WH-ABJ,PRD-0141,67,2063600
2026-04-30,WH-PHC,PRD-0141,63,1940400
2026-04-30,WH-LAG1,PRD-0142,242,10841600
2026-04-30,WH-LAG2,PRD-0142,124,5555200
2026-04-30,WH-IBD,PRD-0142,85,3808000
2026-04-30,WH-ABJ,PRD-0142,92,4121600
2026-04-30,WH-PHC,PRD-0142,151,6764800
2026-04-30,WH-LAG1,PRD-0143,16,659200
2026-04-30,WH-LAG2,PRD-0143,55,2266000
2026-04-30,WH-IBD,PRD-0143,25,1030000
2026-04-30,WH-ABJ,PRD-0143,64,2636800
2026-04-30,WH-PHC,PRD-0143,43,1771600
2026-04-30,WH-LAG1,PRD-0144,127,3403600
2026-04-30,WH-LAG2,PRD-0144,23,616400
2026-04-30,WH-IBD,PRD-0144,51,1366800
2026-04-30,WH-ABJ,PRD-0144,63,1688400
2026-04-30,WH-PHC,PRD-0144,53,1420400
2026-04-30,WH-LAG1,PRD-0145,166,4216400
2026-04-30,WH-LAG2,PRD-0145,62,1574800
2026-04-30,WH-IBD,PRD-0145,54,1371600
2026-04-30,WH-ABJ,PRD-0145,54,1371600
2026-04-30,WH-PHC,PRD-0145,93,2362200
2026-04-30,WH-LAG1,PRD-0146,0,0
2026-04-30,WH-LAG2,PRD-0146,50,1390000
2026-04-30,WH-IBD,PRD-0146,16,444800
2026-04-30,WH-ABJ,PRD-0146,58,1612400
2026-04-30,WH-PHC,PRD-0146,43,1195400
2026-04-30,WH-LAG1,PRD-0147,29,800400
2026-04-30,WH-LAG2,PRD-0147,18,496800
2026-04-30,WH-IBD,PRD-0147,50,1380000
2026-04-30,WH-ABJ,PRD-0147,62,1711200
2026-04-30,WH-PHC,PRD-0147,56,1545600
2026-04-30,WH-LAG1,PRD-0148,65,1547000
2026-04-30,WH-LAG2,PRD-0148,14,333200
2026-04-30,WH-IBD,PRD-0148,9,214200
2026-04-30,WH-ABJ,PRD-0148,14,333200
2026-04-30,WH-PHC,PRD-0148,19,452200
2026-04-30,WH-LAG1,PRD-0149,38,1512400
2026-04-30,WH-LAG2,PRD-0149,8,318400
2026-04-30,WH-IBD,PRD-0149,15,597000
2026-04-30,WH-ABJ,PRD-0149,33,1313400
2026-04-30,WH-PHC,PRD-0149,11,437800
2026-04-30,WH-LAG1,PRD-0150,147,5644800
2026-04-30,WH-LAG2,PRD-0150,12,460800
2026-04-30,WH-IBD,PRD-0150,45,1728000
2026-04-30,WH-ABJ,PRD-0150,103,3955200
2026-04-30,WH-PHC,PRD-0150,34,1305600
2026-04-30,WH-LAG1,PRD-0151,682,23597200
2026-04-30,WH-LAG2,PRD-0151,495,17127000
2026-04-30,WH-IBD,PRD-0151,223,7715800
2026-04-30,WH-ABJ,PRD-0151,796,27541600
2026-04-30,WH-PHC,PRD-0151,584,20206400
2026-04-30,WH-LAG1,PRD-0152,39,842400
2026-04-30,WH-LAG2,PRD-0152,10,216000
2026-04-30,WH-IBD,PRD-0152,36,777600
2026-04-30,WH-ABJ,PRD-0152,32,691200
2026-04-30,WH-PHC,PRD-0152,7,151200
2026-04-30,WH-LAG1,PRD-0153,315,5922000
2026-04-30,WH-LAG2,PRD-0153,99,1861200
2026-04-30,WH-IBD,PRD-0153,131,2462800
2026-04-30,WH-ABJ,PRD-0153,51,958800
2026-04-30,WH-PHC,PRD-0153,89,1673200
2026-04-30,WH-LAG1,PRD-0154,97,3259200
2026-04-30,WH-LAG2,PRD-0154,23,772800
2026-04-30,WH-IBD,PRD-0154,26,873600
2026-04-30,WH-ABJ,PRD-0154,18,604800
2026-04-30,WH-PHC,PRD-0154,54,1814400
2026-04-30,WH-LAG1,PRD-0155,110,5808000
2026-04-30,WH-LAG2,PRD-0155,33,1742400
2026-04-30,WH-IBD,PRD-0155,20,1056000
2026-04-30,WH-ABJ,PRD-0155,21,1108800
2026-04-30,WH-PHC,PRD-0155,41,2164800
2026-04-30,WH-LAG1,PRD-0156,240,10704000
2026-04-30,WH-LAG2,PRD-0156,103,4593800
2026-04-30,WH-IBD,PRD-0156,72,3211200
2026-04-30,WH-ABJ,PRD-0156,214,9544400
2026-04-30,WH-PHC,PRD-0156,135,6021000
2026-04-30,WH-LAG1,PRD-0157,164,3083200
2026-04-30,WH-LAG2,PRD-0157,17,319600
2026-04-30,WH-IBD,PRD-0157,16,300800
2026-04-30,WH-ABJ,PRD-0157,88,1654400
2026-04-30,WH-PHC,PRD-0157,64,1203200
2026-04-30,WH-LAG1,PRD-0158,6,158400
2026-04-30,WH-LAG2,PRD-0158,20,528000
2026-04-30,WH-IBD,PRD-0158,17,448800
2026-04-30,WH-ABJ,PRD-0158,11,290400
2026-04-30,WH-PHC,PRD-0158,15,396000
2026-04-30,WH-LAG1,PRD-0159,46,910800
2026-04-30,WH-LAG2,PRD-0159,16,316800
2026-04-30,WH-IBD,PRD-0159,38,752400
2026-04-30,WH-ABJ,PRD-0159,61,1207800
2026-04-30,WH-PHC,PRD-0159,47,930600
2026-04-30,WH-LAG1,PRD-0160,140,3584000
2026-04-30,WH-LAG2,PRD-0160,29,742400
2026-04-30,WH-IBD,PRD-0160,179,4582400
2026-04-30,WH-ABJ,PRD-0160,129,3302400
2026-04-30,WH-PHC,PRD-0160,191,4889600
2026-04-30,WH-LAG1,PRD-0161,310,8432000
2026-04-30,WH-LAG2,PRD-0161,348,9465600
2026-04-30,WH-IBD,PRD-0161,210,5712000
2026-04-30,WH-ABJ,PRD-0161,151,4107200
2026-04-30,WH-PHC,PRD-0161,124,3372800
2026-04-30,WH-LAG1,PRD-0162,90,2142000
2026-04-30,WH-LAG2,PRD-0162,34,809200
2026-04-30,WH-IBD,PRD-0162,36,856800
2026-04-30,WH-ABJ,PRD-0162,56,1332800
2026-04-30,WH-PHC,PRD-0162,27,642600
2026-04-30,WH-LAG1,PRD-0163,99,2138400
2026-04-30,WH-LAG2,PRD-0163,75,1620000
2026-04-30,WH-IBD,PRD-0163,70,1512000
2026-04-30,WH-ABJ,PRD-0163,32,691200
2026-04-30,WH-PHC,PRD-0163,61,1317600
2026-04-30,WH-LAG1,PRD-0164,81,1360800
2026-04-30,WH-LAG2,PRD-0164,22,369600
2026-04-30,WH-IBD,PRD-0164,36,604800
2026-04-30,WH-ABJ,PRD-0164,40,672000
2026-04-30,WH-PHC,PRD-0164,17,285600
2026-04-30,WH-LAG1,PRD-0165,90,1746000
2026-04-30,WH-LAG2,PRD-0165,161,3123400
2026-04-30,WH-IBD,PRD-0165,111,2153400
2026-04-30,WH-ABJ,PRD-0165,142,2754800
2026-04-30,WH-PHC,PRD-0165,83,1610200
2026-04-30,WH-LAG1,PRD-0166,211,4599800
2026-04-30,WH-LAG2,PRD-0166,178,3880400
2026-04-30,WH-IBD,PRD-0166,168,3662400
2026-04-30,WH-ABJ,PRD-0166,112,2441600
2026-04-30,WH-PHC,PRD-0166,19,414200
2026-04-30,WH-LAG1,PRD-0167,51,550800
2026-04-30,WH-LAG2,PRD-0167,72,777600
2026-04-30,WH-IBD,PRD-0167,66,712800
2026-04-30,WH-ABJ,PRD-0167,72,777600
2026-04-30,WH-PHC,PRD-0167,68,734400
2026-04-30,WH-LAG1,PRD-0168,33,514800
2026-04-30,WH-LAG2,PRD-0168,13,202800
2026-04-30,WH-IBD,PRD-0168,35,546000
2026-04-30,WH-ABJ,PRD-0168,15,234000
2026-04-30,WH-PHC,PRD-0168,15,234000
2026-04-30,WH-LAG1,PRD-0169,120,1608000
2026-04-30,WH-LAG2,PRD-0169,14,187600
2026-04-30,WH-IBD,PRD-0169,47,629800
2026-04-30,WH-ABJ,PRD-0169,36,482400
2026-04-30,WH-PHC,PRD-0169,0,0
2026-04-30,WH-LAG1,PRD-0170,141,2002200
2026-04-30,WH-LAG2,PRD-0170,84,1192800
2026-04-30,WH-IBD,PRD-0170,43,610600
2026-04-30,WH-ABJ,PRD-0170,63,894600
2026-04-30,WH-PHC,PRD-0170,59,837800
2026-05-31,WH-LAG1,PRD-0001,51,214200
2026-05-31,WH-LAG2,PRD-0001,27,113400
2026-05-31,WH-IBD,PRD-0001,36,151200
2026-05-31,WH-ABJ,PRD-0001,15,63000
2026-05-31,WH-PHC,PRD-0001,47,197400
2026-05-31,WH-LAG1,PRD-0002,46,188600
2026-05-31,WH-LAG2,PRD-0002,32,131200
2026-05-31,WH-IBD,PRD-0002,22,90200
2026-05-31,WH-ABJ,PRD-0002,15,61500
2026-05-31,WH-PHC,PRD-0002,23,94300
2026-05-31,WH-LAG1,PRD-0003,33,135300
2026-05-31,WH-LAG2,PRD-0003,28,114800
2026-05-31,WH-IBD,PRD-0003,18,73800
2026-05-31,WH-ABJ,PRD-0003,0,0
2026-05-31,WH-PHC,PRD-0003,18,73800
2026-05-31,WH-LAG1,PRD-0004,322,1255800
2026-05-31,WH-LAG2,PRD-0004,199,776100
2026-05-31,WH-IBD,PRD-0004,165,643500
2026-05-31,WH-ABJ,PRD-0004,356,1388400
2026-05-31,WH-PHC,PRD-0004,231,900900
2026-05-31,WH-LAG1,PRD-0005,69,179400
2026-05-31,WH-LAG2,PRD-0005,113,293800
2026-05-31,WH-IBD,PRD-0005,57,148200
2026-05-31,WH-ABJ,PRD-0005,56,145600
2026-05-31,WH-PHC,PRD-0005,55,143000
2026-05-31,WH-LAG1,PRD-0006,49,122500
2026-05-31,WH-LAG2,PRD-0006,19,47500
2026-05-31,WH-IBD,PRD-0006,10,25000
2026-05-31,WH-ABJ,PRD-0006,30,75000
2026-05-31,WH-PHC,PRD-0006,0,0
2026-05-31,WH-LAG1,PRD-0007,177,2442600
2026-05-31,WH-LAG2,PRD-0007,82,1131600
2026-05-31,WH-IBD,PRD-0007,37,510600
2026-05-31,WH-ABJ,PRD-0007,80,1104000
2026-05-31,WH-PHC,PRD-0007,83,1145400
2026-05-31,WH-LAG1,PRD-0008,44,594000
2026-05-31,WH-LAG2,PRD-0008,28,378000
2026-05-31,WH-IBD,PRD-0008,8,108000
2026-05-31,WH-ABJ,PRD-0008,40,540000
2026-05-31,WH-PHC,PRD-0008,23,310500
2026-05-31,WH-LAG1,PRD-0009,12,170400
2026-05-31,WH-LAG2,PRD-0009,23,326600
2026-05-31,WH-IBD,PRD-0009,25,355000
2026-05-31,WH-ABJ,PRD-0009,0,0
2026-05-31,WH-PHC,PRD-0009,14,198800
2026-05-31,WH-LAG1,PRD-0010,23,303600
2026-05-31,WH-LAG2,PRD-0010,0,0
2026-05-31,WH-IBD,PRD-0010,10,132000
2026-05-31,WH-ABJ,PRD-0010,26,343200
2026-05-31,WH-PHC,PRD-0010,21,277200
2026-05-31,WH-LAG1,PRD-0011,79,1098100
2026-05-31,WH-LAG2,PRD-0011,46,639400
2026-05-31,WH-IBD,PRD-0011,95,1320500
2026-05-31,WH-ABJ,PRD-0011,33,458700
2026-05-31,WH-PHC,PRD-0011,12,166800
2026-05-31,WH-LAG1,PRD-0012,32,460800
2026-05-31,WH-LAG2,PRD-0012,24,345600
2026-05-31,WH-IBD,PRD-0012,46,662400
2026-05-31,WH-ABJ,PRD-0012,32,460800
2026-05-31,WH-PHC,PRD-0012,47,676800
2026-05-31,WH-LAG1,PRD-0013,41,401800
2026-05-31,WH-LAG2,PRD-0013,13,127400
2026-05-31,WH-IBD,PRD-0013,13,127400
2026-05-31,WH-ABJ,PRD-0013,5,49000
2026-05-31,WH-PHC,PRD-0013,14,137200
2026-05-31,WH-LAG1,PRD-0014,26,291200
2026-05-31,WH-LAG2,PRD-0014,8,89600
2026-05-31,WH-IBD,PRD-0014,0,0
2026-05-31,WH-ABJ,PRD-0014,12,134400
2026-05-31,WH-PHC,PRD-0014,4,44800
2026-05-31,WH-LAG1,PRD-0015,96,662400
2026-05-31,WH-LAG2,PRD-0015,81,558900
2026-05-31,WH-IBD,PRD-0015,1,6900
2026-05-31,WH-ABJ,PRD-0015,12,82800
2026-05-31,WH-PHC,PRD-0015,7,48300
2026-05-31,WH-LAG1,PRD-0016,192,6624000
2026-05-31,WH-LAG2,PRD-0016,23,793500
2026-05-31,WH-IBD,PRD-0016,55,1897500
2026-05-31,WH-ABJ,PRD-0016,57,1966500
2026-05-31,WH-PHC,PRD-0016,43,1483500
2026-05-31,WH-LAG1,PRD-0017,85,2703000
2026-05-31,WH-LAG2,PRD-0017,18,572400
2026-05-31,WH-IBD,PRD-0017,18,572400
2026-05-31,WH-ABJ,PRD-0017,13,413400
2026-05-31,WH-PHC,PRD-0017,13,413400
2026-05-31,WH-LAG1,PRD-0018,3,144600
2026-05-31,WH-LAG2,PRD-0018,21,1012200
2026-05-31,WH-IBD,PRD-0018,60,2892000
2026-05-31,WH-ABJ,PRD-0018,118,5687600
2026-05-31,WH-PHC,PRD-0018,54,2602800
2026-05-31,WH-LAG1,PRD-0019,24,633600
2026-05-31,WH-LAG2,PRD-0019,97,2560800
2026-05-31,WH-IBD,PRD-0019,15,396000
2026-05-31,WH-ABJ,PRD-0019,7,184800
2026-05-31,WH-PHC,PRD-0019,26,686400
2026-05-31,WH-LAG1,PRD-0020,57,1356600
2026-05-31,WH-LAG2,PRD-0020,61,1451800
2026-05-31,WH-IBD,PRD-0020,113,2689400
2026-05-31,WH-ABJ,PRD-0020,76,1808800
2026-05-31,WH-PHC,PRD-0020,97,2308600
2026-05-31,WH-LAG1,PRD-0021,83,1228400
2026-05-31,WH-LAG2,PRD-0021,43,636400
2026-05-31,WH-IBD,PRD-0021,34,503200
2026-05-31,WH-ABJ,PRD-0021,9,133200
2026-05-31,WH-PHC,PRD-0021,28,414400
2026-05-31,WH-LAG1,PRD-0022,14,134400
2026-05-31,WH-LAG2,PRD-0022,26,249600
2026-05-31,WH-IBD,PRD-0022,25,240000
2026-05-31,WH-ABJ,PRD-0022,22,211200
2026-05-31,WH-PHC,PRD-0022,27,259200
2026-05-31,WH-LAG1,PRD-0023,62,830800
2026-05-31,WH-LAG2,PRD-0023,61,817400
2026-05-31,WH-IBD,PRD-0023,53,710200
2026-05-31,WH-ABJ,PRD-0023,23,308200
2026-05-31,WH-PHC,PRD-0023,11,147400
2026-05-31,WH-LAG1,PRD-0024,0,0
2026-05-31,WH-LAG2,PRD-0024,0,0
2026-05-31,WH-IBD,PRD-0024,27,210600
2026-05-31,WH-ABJ,PRD-0024,14,109200
2026-05-31,WH-PHC,PRD-0024,26,202800
2026-05-31,WH-LAG1,PRD-0025,101,434300
2026-05-31,WH-LAG2,PRD-0025,4,17200
2026-05-31,WH-IBD,PRD-0025,19,81700
2026-05-31,WH-ABJ,PRD-0025,23,98900
2026-05-31,WH-PHC,PRD-0025,70,301000
2026-05-31,WH-LAG1,PRD-0026,58,208800
2026-05-31,WH-LAG2,PRD-0026,31,111600
2026-05-31,WH-IBD,PRD-0026,47,169200
2026-05-31,WH-ABJ,PRD-0026,43,154800
2026-05-31,WH-PHC,PRD-0026,30,108000
2026-05-31,WH-LAG1,PRD-0027,6,22800
2026-05-31,WH-LAG2,PRD-0027,24,91200
2026-05-31,WH-IBD,PRD-0027,5,19000
2026-05-31,WH-ABJ,PRD-0027,0,0
2026-05-31,WH-PHC,PRD-0027,31,117800
2026-05-31,WH-LAG1,PRD-0028,32,128000
2026-05-31,WH-LAG2,PRD-0028,53,212000
2026-05-31,WH-IBD,PRD-0028,35,140000
2026-05-31,WH-ABJ,PRD-0028,32,128000
2026-05-31,WH-PHC,PRD-0028,60,240000
2026-05-31,WH-LAG1,PRD-0029,36,320400
2026-05-31,WH-LAG2,PRD-0029,34,302600
2026-05-31,WH-IBD,PRD-0029,33,293700
2026-05-31,WH-ABJ,PRD-0029,28,249200
2026-05-31,WH-PHC,PRD-0029,0,0
2026-05-31,WH-LAG1,PRD-0030,0,0
2026-05-31,WH-LAG2,PRD-0030,0,0
2026-05-31,WH-IBD,PRD-0030,5,107500
2026-05-31,WH-ABJ,PRD-0030,23,494500
2026-05-31,WH-PHC,PRD-0030,23,494500
2026-05-31,WH-LAG1,PRD-0031,125,3775000
2026-05-31,WH-LAG2,PRD-0031,40,1208000
2026-05-31,WH-IBD,PRD-0031,19,573800
2026-05-31,WH-ABJ,PRD-0031,25,755000
2026-05-31,WH-PHC,PRD-0031,39,1177800
2026-05-31,WH-LAG1,PRD-0032,27,453600
2026-05-31,WH-LAG2,PRD-0032,19,319200
2026-05-31,WH-IBD,PRD-0032,30,504000
2026-05-31,WH-ABJ,PRD-0032,7,117600
2026-05-31,WH-PHC,PRD-0032,20,336000
2026-05-31,WH-LAG1,PRD-0033,114,1071600
2026-05-31,WH-LAG2,PRD-0033,10,94000
2026-05-31,WH-IBD,PRD-0033,10,94000
2026-05-31,WH-ABJ,PRD-0033,37,347800
2026-05-31,WH-PHC,PRD-0033,58,545200
2026-05-31,WH-LAG1,PRD-0034,62,799800
2026-05-31,WH-LAG2,PRD-0034,32,412800
2026-05-31,WH-IBD,PRD-0034,3,38700
2026-05-31,WH-ABJ,PRD-0034,15,193500
2026-05-31,WH-PHC,PRD-0034,32,412800
2026-05-31,WH-LAG1,PRD-0035,77,908600
2026-05-31,WH-LAG2,PRD-0035,72,849600
2026-05-31,WH-IBD,PRD-0035,78,920400
2026-05-31,WH-ABJ,PRD-0035,96,1132800
2026-05-31,WH-PHC,PRD-0035,45,531000
2026-05-31,WH-LAG1,PRD-0036,24,374400
2026-05-31,WH-LAG2,PRD-0036,42,655200
2026-05-31,WH-IBD,PRD-0036,29,452400
2026-05-31,WH-ABJ,PRD-0036,12,187200
2026-05-31,WH-PHC,PRD-0036,67,1045200
2026-05-31,WH-LAG1,PRD-0037,126,2494800
2026-05-31,WH-LAG2,PRD-0037,59,1168200
2026-05-31,WH-IBD,PRD-0037,55,1089000
2026-05-31,WH-ABJ,PRD-0037,145,2871000
2026-05-31,WH-PHC,PRD-0037,61,1207800
2026-05-31,WH-LAG1,PRD-0038,1,11900
2026-05-31,WH-LAG2,PRD-0038,12,142800
2026-05-31,WH-IBD,PRD-0038,5,59500
2026-05-31,WH-ABJ,PRD-0038,21,249900
2026-05-31,WH-PHC,PRD-0038,3,35700
2026-05-31,WH-LAG1,PRD-0039,185,2294000
2026-05-31,WH-LAG2,PRD-0039,67,830800
2026-05-31,WH-IBD,PRD-0039,116,1438400
2026-05-31,WH-ABJ,PRD-0039,223,2765200
2026-05-31,WH-PHC,PRD-0039,128,1587200
2026-05-31,WH-LAG1,PRD-0040,54,604800
2026-05-31,WH-LAG2,PRD-0040,45,504000
2026-05-31,WH-IBD,PRD-0040,45,504000
2026-05-31,WH-ABJ,PRD-0040,23,257600
2026-05-31,WH-PHC,PRD-0040,6,67200
2026-05-31,WH-LAG1,PRD-0041,63,327600
2026-05-31,WH-LAG2,PRD-0041,42,218400
2026-05-31,WH-IBD,PRD-0041,35,182000
2026-05-31,WH-ABJ,PRD-0041,30,156000
2026-05-31,WH-PHC,PRD-0041,65,338000
2026-05-31,WH-LAG1,PRD-0042,10,219000
2026-05-31,WH-LAG2,PRD-0042,17,372300
2026-05-31,WH-IBD,PRD-0042,15,328500
2026-05-31,WH-ABJ,PRD-0042,19,416100
2026-05-31,WH-PHC,PRD-0042,19,416100
2026-05-31,WH-LAG1,PRD-0043,66,1003200
2026-05-31,WH-LAG2,PRD-0043,51,775200
2026-05-31,WH-IBD,PRD-0043,36,547200
2026-05-31,WH-ABJ,PRD-0043,31,471200
2026-05-31,WH-PHC,PRD-0043,21,319200
2026-05-31,WH-LAG1,PRD-0044,9,61200
2026-05-31,WH-LAG2,PRD-0044,6,40800
2026-05-31,WH-IBD,PRD-0044,2,13600
2026-05-31,WH-ABJ,PRD-0044,13,88400
2026-05-31,WH-PHC,PRD-0044,15,102000
2026-05-31,WH-LAG1,PRD-0045,123,762600
2026-05-31,WH-LAG2,PRD-0045,82,508400
2026-05-31,WH-IBD,PRD-0045,44,272800
2026-05-31,WH-ABJ,PRD-0045,113,700600
2026-05-31,WH-PHC,PRD-0045,51,316200
2026-05-31,WH-LAG1,PRD-0046,115,1587000
2026-05-31,WH-LAG2,PRD-0046,54,745200
2026-05-31,WH-IBD,PRD-0046,4,55200
2026-05-31,WH-ABJ,PRD-0046,13,179400
2026-05-31,WH-PHC,PRD-0046,45,621000
2026-05-31,WH-LAG1,PRD-0047,100,1620000
2026-05-31,WH-LAG2,PRD-0047,57,923400
2026-05-31,WH-IBD,PRD-0047,14,226800
2026-05-31,WH-ABJ,PRD-0047,41,664200
2026-05-31,WH-PHC,PRD-0047,34,550800
2026-05-31,WH-LAG1,PRD-0048,126,1827000
2026-05-31,WH-LAG2,PRD-0048,2,29000
2026-05-31,WH-IBD,PRD-0048,66,957000
2026-05-31,WH-ABJ,PRD-0048,25,362500
2026-05-31,WH-PHC,PRD-0048,24,348000
2026-05-31,WH-LAG1,PRD-0049,92,1278800
2026-05-31,WH-LAG2,PRD-0049,61,847900
2026-05-31,WH-IBD,PRD-0049,44,611600
2026-05-31,WH-ABJ,PRD-0049,60,834000
2026-05-31,WH-PHC,PRD-0049,41,569900
2026-05-31,WH-LAG1,PRD-0050,52,239200
2026-05-31,WH-LAG2,PRD-0050,25,115000
2026-05-31,WH-IBD,PRD-0050,43,197800
2026-05-31,WH-ABJ,PRD-0050,42,193200
2026-05-31,WH-PHC,PRD-0050,52,239200
2026-05-31,WH-LAG1,PRD-0051,261,9082800
2026-05-31,WH-LAG2,PRD-0051,55,1914000
2026-05-31,WH-IBD,PRD-0051,74,2575200
2026-05-31,WH-ABJ,PRD-0051,57,1983600
2026-05-31,WH-PHC,PRD-0051,157,5463600
2026-05-31,WH-LAG1,PRD-0052,40,1356000
2026-05-31,WH-LAG2,PRD-0052,16,542400
2026-05-31,WH-IBD,PRD-0052,1,33900
2026-05-31,WH-ABJ,PRD-0052,13,440700
2026-05-31,WH-PHC,PRD-0052,18,610200
2026-05-31,WH-LAG1,PRD-0053,39,1279200
2026-05-31,WH-LAG2,PRD-0053,10,328000
2026-05-31,WH-IBD,PRD-0053,15,492000
2026-05-31,WH-ABJ,PRD-0053,25,820000
2026-05-31,WH-PHC,PRD-0053,8,262400
2026-05-31,WH-LAG1,PRD-0054,40,544000
2026-05-31,WH-LAG2,PRD-0054,50,680000
2026-05-31,WH-IBD,PRD-0054,37,503200
2026-05-31,WH-ABJ,PRD-0054,37,503200
2026-05-31,WH-PHC,PRD-0054,16,217600
2026-05-31,WH-LAG1,PRD-0055,26,358800
2026-05-31,WH-LAG2,PRD-0055,23,317400
2026-05-31,WH-IBD,PRD-0055,34,469200
2026-05-31,WH-ABJ,PRD-0055,12,165600
2026-05-31,WH-PHC,PRD-0055,70,966000
2026-05-31,WH-LAG1,PRD-0056,42,898800
2026-05-31,WH-LAG2,PRD-0056,37,791800
2026-05-31,WH-IBD,PRD-0056,40,856000
2026-05-31,WH-ABJ,PRD-0056,46,984400
2026-05-31,WH-PHC,PRD-0056,33,706200
2026-05-31,WH-LAG1,PRD-0057,185,2923000
2026-05-31,WH-LAG2,PRD-0057,76,1200800
2026-05-31,WH-IBD,PRD-0057,126,1990800
2026-05-31,WH-ABJ,PRD-0057,138,2180400
2026-05-31,WH-PHC,PRD-0057,161,2543800
2026-05-31,WH-LAG1,PRD-0058,32,476800
2026-05-31,WH-LAG2,PRD-0058,47,700300
2026-05-31,WH-IBD,PRD-0058,46,685400
2026-05-31,WH-ABJ,PRD-0058,55,819500
2026-05-31,WH-PHC,PRD-0058,37,551300
2026-05-31,WH-LAG1,PRD-0059,97,4122500
2026-05-31,WH-LAG2,PRD-0059,14,595000
2026-05-31,WH-IBD,PRD-0059,69,2932500
2026-05-31,WH-ABJ,PRD-0059,0,0
2026-05-31,WH-PHC,PRD-0059,15,637500
2026-05-31,WH-LAG1,PRD-0060,83,3967400
2026-05-31,WH-LAG2,PRD-0060,99,4732200
2026-05-31,WH-IBD,PRD-0060,167,7982600
2026-05-31,WH-ABJ,PRD-0060,76,3632800
2026-05-31,WH-PHC,PRD-0060,134,6405200
2026-05-31,WH-LAG1,PRD-0061,192,2457600
2026-05-31,WH-LAG2,PRD-0061,36,460800
2026-05-31,WH-IBD,PRD-0061,107,1369600
2026-05-31,WH-ABJ,PRD-0061,94,1203200
2026-05-31,WH-PHC,PRD-0061,152,1945600
2026-05-31,WH-LAG1,PRD-0062,174,2366400
2026-05-31,WH-LAG2,PRD-0062,100,1360000
2026-05-31,WH-IBD,PRD-0062,103,1400800
2026-05-31,WH-ABJ,PRD-0062,100,1360000
2026-05-31,WH-PHC,PRD-0062,94,1278400
2026-05-31,WH-LAG1,PRD-0063,80,952000
2026-05-31,WH-LAG2,PRD-0063,65,773500
2026-05-31,WH-IBD,PRD-0063,36,428400
2026-05-31,WH-ABJ,PRD-0063,68,809200
2026-05-31,WH-PHC,PRD-0063,63,749700
2026-05-31,WH-LAG1,PRD-0064,282,8685600
2026-05-31,WH-LAG2,PRD-0064,44,1355200
2026-05-31,WH-IBD,PRD-0064,90,2772000
2026-05-31,WH-ABJ,PRD-0064,49,1509200
2026-05-31,WH-PHC,PRD-0064,81,2494800
2026-05-31,WH-LAG1,PRD-0065,98,2587200
2026-05-31,WH-LAG2,PRD-0065,36,950400
2026-05-31,WH-IBD,PRD-0065,15,396000
2026-05-31,WH-ABJ,PRD-0065,5,132000
2026-05-31,WH-PHC,PRD-0065,29,765600
2026-05-31,WH-LAG1,PRD-0066,6,265200
2026-05-31,WH-LAG2,PRD-0066,8,353600
2026-05-31,WH-IBD,PRD-0066,6,265200
2026-05-31,WH-ABJ,PRD-0066,8,353600
2026-05-31,WH-PHC,PRD-0066,11,486200
2026-05-31,WH-LAG1,PRD-0067,81,842400
2026-05-31,WH-LAG2,PRD-0067,51,530400
2026-05-31,WH-IBD,PRD-0067,39,405600
2026-05-31,WH-ABJ,PRD-0067,41,426400
2026-05-31,WH-PHC,PRD-0067,40,416000
2026-05-31,WH-LAG1,PRD-0068,170,2244000
2026-05-31,WH-LAG2,PRD-0068,98,1293600
2026-05-31,WH-IBD,PRD-0068,31,409200
2026-05-31,WH-ABJ,PRD-0068,67,884400
2026-05-31,WH-PHC,PRD-0068,108,1425600
2026-05-31,WH-LAG1,PRD-0069,20,276000
2026-05-31,WH-LAG2,PRD-0069,9,124200
2026-05-31,WH-IBD,PRD-0069,5,69000
2026-05-31,WH-ABJ,PRD-0069,21,289800
2026-05-31,WH-PHC,PRD-0069,22,303600
2026-05-31,WH-LAG1,PRD-0070,28,431200
2026-05-31,WH-LAG2,PRD-0070,27,415800
2026-05-31,WH-IBD,PRD-0070,41,631400
2026-05-31,WH-ABJ,PRD-0070,16,246400
2026-05-31,WH-PHC,PRD-0070,45,693000
2026-05-31,WH-LAG1,PRD-0071,33,488400
2026-05-31,WH-LAG2,PRD-0071,4,59200
2026-05-31,WH-IBD,PRD-0071,11,162800
2026-05-31,WH-ABJ,PRD-0071,17,251600
2026-05-31,WH-PHC,PRD-0071,2,29600
2026-05-31,WH-LAG1,PRD-0072,60,1956000
2026-05-31,WH-LAG2,PRD-0072,45,1467000
2026-05-31,WH-IBD,PRD-0072,18,586800
2026-05-31,WH-ABJ,PRD-0072,28,912800
2026-05-31,WH-PHC,PRD-0072,24,782400
2026-05-31,WH-LAG1,PRD-0073,15,447000
2026-05-31,WH-LAG2,PRD-0073,7,208600
2026-05-31,WH-IBD,PRD-0073,7,208600
2026-05-31,WH-ABJ,PRD-0073,9,268200
2026-05-31,WH-PHC,PRD-0073,10,298000
2026-05-31,WH-LAG1,PRD-0074,120,3528000
2026-05-31,WH-LAG2,PRD-0074,84,2469600
2026-05-31,WH-IBD,PRD-0074,62,1822800
2026-05-31,WH-ABJ,PRD-0074,12,352800
2026-05-31,WH-PHC,PRD-0074,74,2175600
2026-05-31,WH-LAG1,PRD-0075,67,1795600
2026-05-31,WH-LAG2,PRD-0075,35,938000
2026-05-31,WH-IBD,PRD-0075,14,375200
2026-05-31,WH-ABJ,PRD-0075,25,670000
2026-05-31,WH-PHC,PRD-0075,31,830800
2026-05-31,WH-LAG1,PRD-0076,44,1029600
2026-05-31,WH-LAG2,PRD-0076,21,491400
2026-05-31,WH-IBD,PRD-0076,14,327600
2026-05-31,WH-ABJ,PRD-0076,83,1942200
2026-05-31,WH-PHC,PRD-0076,64,1497600
2026-05-31,WH-LAG1,PRD-0077,454,11622400
2026-05-31,WH-LAG2,PRD-0077,146,3737600
2026-05-31,WH-IBD,PRD-0077,158,4044800
2026-05-31,WH-ABJ,PRD-0077,61,1561600
2026-05-31,WH-PHC,PRD-0077,135,3456000
2026-05-31,WH-LAG1,PRD-0078,187,5198600
2026-05-31,WH-LAG2,PRD-0078,84,2335200
2026-05-31,WH-IBD,PRD-0078,43,1195400
2026-05-31,WH-ABJ,PRD-0078,87,2418600
2026-05-31,WH-PHC,PRD-0078,24,667200
2026-05-31,WH-LAG1,PRD-0079,127,4889500
2026-05-31,WH-LAG2,PRD-0079,76,2926000
2026-05-31,WH-IBD,PRD-0079,38,1463000
2026-05-31,WH-ABJ,PRD-0079,95,3657500
2026-05-31,WH-PHC,PRD-0079,35,1347500
2026-05-31,WH-LAG1,PRD-0080,144,2822400
2026-05-31,WH-LAG2,PRD-0080,28,548800
2026-05-31,WH-IBD,PRD-0080,45,882000
2026-05-31,WH-ABJ,PRD-0080,12,235200
2026-05-31,WH-PHC,PRD-0080,47,921200
2026-05-31,WH-LAG1,PRD-0081,84,2721600
2026-05-31,WH-LAG2,PRD-0081,81,2624400
2026-05-31,WH-IBD,PRD-0081,39,1263600
2026-05-31,WH-ABJ,PRD-0081,84,2721600
2026-05-31,WH-PHC,PRD-0081,52,1684800
2026-05-31,WH-LAG1,PRD-0082,146,3766800
2026-05-31,WH-LAG2,PRD-0082,64,1651200
2026-05-31,WH-IBD,PRD-0082,20,516000
2026-05-31,WH-ABJ,PRD-0082,141,3637800
2026-05-31,WH-PHC,PRD-0082,75,1935000
2026-05-31,WH-LAG1,PRD-0083,222,4084800
2026-05-31,WH-LAG2,PRD-0083,86,1582400
2026-05-31,WH-IBD,PRD-0083,60,1104000
2026-05-31,WH-ABJ,PRD-0083,164,3017600
2026-05-31,WH-PHC,PRD-0083,28,515200
2026-05-31,WH-LAG1,PRD-0084,76,1641600
2026-05-31,WH-LAG2,PRD-0084,130,2808000
2026-05-31,WH-IBD,PRD-0084,18,388800
2026-05-31,WH-ABJ,PRD-0084,132,2851200
2026-05-31,WH-PHC,PRD-0084,111,2397600
2026-05-31,WH-LAG1,PRD-0085,116,3039200
2026-05-31,WH-LAG2,PRD-0085,71,1860200
2026-05-31,WH-IBD,PRD-0085,35,917000
2026-05-31,WH-ABJ,PRD-0085,76,1991200
2026-05-31,WH-PHC,PRD-0085,35,917000
2026-05-31,WH-LAG1,PRD-0086,278,6616400
2026-05-31,WH-LAG2,PRD-0086,53,1261400
2026-05-31,WH-IBD,PRD-0086,232,5521600
2026-05-31,WH-ABJ,PRD-0086,286,6806800
2026-05-31,WH-PHC,PRD-0086,55,1309000
2026-05-31,WH-LAG1,PRD-0087,16,300800
2026-05-31,WH-LAG2,PRD-0087,16,300800
2026-05-31,WH-IBD,PRD-0087,5,94000
2026-05-31,WH-ABJ,PRD-0087,15,282000
2026-05-31,WH-PHC,PRD-0087,25,470000
2026-05-31,WH-LAG1,PRD-0088,47,582800
2026-05-31,WH-LAG2,PRD-0088,49,607600
2026-05-31,WH-IBD,PRD-0088,52,644800
2026-05-31,WH-ABJ,PRD-0088,57,706800
2026-05-31,WH-PHC,PRD-0088,56,694400
2026-05-31,WH-LAG1,PRD-0089,54,604800
2026-05-31,WH-LAG2,PRD-0089,57,638400
2026-05-31,WH-IBD,PRD-0089,53,593600
2026-05-31,WH-ABJ,PRD-0089,51,571200
2026-05-31,WH-PHC,PRD-0089,67,750400
2026-05-31,WH-LAG1,PRD-0090,1082,30945200
2026-05-31,WH-LAG2,PRD-0090,546,15615600
2026-05-31,WH-IBD,PRD-0090,1064,30430400
2026-05-31,WH-ABJ,PRD-0090,1012,28943200
2026-05-31,WH-PHC,PRD-0090,923,26397800
2026-05-31,WH-LAG1,PRD-0091,184,3974400
2026-05-31,WH-LAG2,PRD-0091,260,5616000
2026-05-31,WH-IBD,PRD-0091,0,0
2026-05-31,WH-ABJ,PRD-0091,4,86400
2026-05-31,WH-PHC,PRD-0091,19,410400
2026-05-31,WH-LAG1,PRD-0092,72,1785600
2026-05-31,WH-LAG2,PRD-0092,33,818400
2026-05-31,WH-IBD,PRD-0092,33,818400
2026-05-31,WH-ABJ,PRD-0092,0,0
2026-05-31,WH-PHC,PRD-0092,23,570400
2026-05-31,WH-LAG1,PRD-0093,100,1940000
2026-05-31,WH-LAG2,PRD-0093,415,8051000
2026-05-31,WH-IBD,PRD-0093,29,562600
2026-05-31,WH-ABJ,PRD-0093,129,2502600
2026-05-31,WH-PHC,PRD-0093,126,2444400
2026-05-31,WH-LAG1,PRD-0094,36,676800
2026-05-31,WH-LAG2,PRD-0094,64,1203200
2026-05-31,WH-IBD,PRD-0094,26,488800
2026-05-31,WH-ABJ,PRD-0094,26,488800
2026-05-31,WH-PHC,PRD-0094,8,150400
2026-05-31,WH-LAG1,PRD-0095,34,574600
2026-05-31,WH-LAG2,PRD-0095,22,371800
2026-05-31,WH-IBD,PRD-0095,22,371800
2026-05-31,WH-ABJ,PRD-0095,1,16900
2026-05-31,WH-PHC,PRD-0095,15,253500
2026-05-31,WH-LAG1,PRD-0096,22,400400
2026-05-31,WH-LAG2,PRD-0096,44,800800
2026-05-31,WH-IBD,PRD-0096,6,109200
2026-05-31,WH-ABJ,PRD-0096,16,291200
2026-05-31,WH-PHC,PRD-0096,20,364000
2026-05-31,WH-LAG1,PRD-0097,33,587400
2026-05-31,WH-LAG2,PRD-0097,47,836600
2026-05-31,WH-IBD,PRD-0097,11,195800
2026-05-31,WH-ABJ,PRD-0097,9,160200
2026-05-31,WH-PHC,PRD-0097,9,160200
2026-05-31,WH-LAG1,PRD-0098,305,4087000
2026-05-31,WH-LAG2,PRD-0098,681,9125400
2026-05-31,WH-IBD,PRD-0098,39,522600
2026-05-31,WH-ABJ,PRD-0098,85,1139000
2026-05-31,WH-PHC,PRD-0098,197,2639800
2026-05-31,WH-LAG1,PRD-0099,45,567000
2026-05-31,WH-LAG2,PRD-0099,74,932400
2026-05-31,WH-IBD,PRD-0099,36,453600
2026-05-31,WH-ABJ,PRD-0099,9,113400
2026-05-31,WH-PHC,PRD-0099,15,189000
2026-05-31,WH-LAG1,PRD-0100,398,6686400
2026-05-31,WH-LAG2,PRD-0100,864,14515200
2026-05-31,WH-IBD,PRD-0100,269,4519200
2026-05-31,WH-ABJ,PRD-0100,242,4065600
2026-05-31,WH-PHC,PRD-0100,292,4905600
2026-05-31,WH-LAG1,PRD-0101,14,257600
2026-05-31,WH-LAG2,PRD-0101,75,1380000
2026-05-31,WH-IBD,PRD-0101,21,386400
2026-05-31,WH-ABJ,PRD-0101,36,662400
2026-05-31,WH-PHC,PRD-0101,14,257600
2026-05-31,WH-LAG1,PRD-0102,41,582200
2026-05-31,WH-LAG2,PRD-0102,276,3919200
2026-05-31,WH-IBD,PRD-0102,29,411800
2026-05-31,WH-ABJ,PRD-0102,63,894600
2026-05-31,WH-PHC,PRD-0102,72,1022400
2026-05-31,WH-LAG1,PRD-0103,43,1281400
2026-05-31,WH-LAG2,PRD-0103,209,6228200
2026-05-31,WH-IBD,PRD-0103,76,2264800
2026-05-31,WH-ABJ,PRD-0103,29,864200
2026-05-31,WH-PHC,PRD-0103,77,2294600
2026-05-31,WH-LAG1,PRD-0104,15,207000
2026-05-31,WH-LAG2,PRD-0104,75,1035000
2026-05-31,WH-IBD,PRD-0104,25,345000
2026-05-31,WH-ABJ,PRD-0104,23,317400
2026-05-31,WH-PHC,PRD-0104,10,138000
2026-05-31,WH-LAG1,PRD-0105,24,830400
2026-05-31,WH-LAG2,PRD-0105,91,3148600
2026-05-31,WH-IBD,PRD-0105,19,657400
2026-05-31,WH-ABJ,PRD-0105,9,311400
2026-05-31,WH-PHC,PRD-0105,7,242200
2026-05-31,WH-LAG1,PRD-0106,29,951200
2026-05-31,WH-LAG2,PRD-0106,33,1082400
2026-05-31,WH-IBD,PRD-0106,7,229600
2026-05-31,WH-ABJ,PRD-0106,35,1148000
2026-05-31,WH-PHC,PRD-0106,11,360800
2026-05-31,WH-LAG1,PRD-0107,37,1235800
2026-05-31,WH-LAG2,PRD-0107,23,768200
2026-05-31,WH-IBD,PRD-0107,8,267200
2026-05-31,WH-ABJ,PRD-0107,12,400800
2026-05-31,WH-PHC,PRD-0107,32,1068800
2026-05-31,WH-LAG1,PRD-0108,307,8227600
2026-05-31,WH-LAG2,PRD-0108,534,14311200
2026-05-31,WH-IBD,PRD-0108,146,3912800
2026-05-31,WH-ABJ,PRD-0108,82,2197600
2026-05-31,WH-PHC,PRD-0108,126,3376800
2026-05-31,WH-LAG1,PRD-0109,101,2666400
2026-05-31,WH-LAG2,PRD-0109,82,2164800
2026-05-31,WH-IBD,PRD-0109,41,1082400
2026-05-31,WH-ABJ,PRD-0109,65,1716000
2026-05-31,WH-PHC,PRD-0109,83,2191200
2026-05-31,WH-LAG1,PRD-0110,30,744000
2026-05-31,WH-LAG2,PRD-0110,33,818400
2026-05-31,WH-IBD,PRD-0110,20,496000
2026-05-31,WH-ABJ,PRD-0110,29,719200
2026-05-31,WH-PHC,PRD-0110,21,520800
2026-05-31,WH-LAG1,PRD-0111,91,891800
2026-05-31,WH-LAG2,PRD-0111,71,695800
2026-05-31,WH-IBD,PRD-0111,75,735000
2026-05-31,WH-ABJ,PRD-0111,101,989800
2026-05-31,WH-PHC,PRD-0111,70,686000
2026-05-31,WH-LAG1,PRD-0112,49,578200
2026-05-31,WH-LAG2,PRD-0112,4,47200
2026-05-31,WH-IBD,PRD-0112,21,247800
2026-05-31,WH-ABJ,PRD-0112,28,330400
2026-05-31,WH-PHC,PRD-0112,21,247800
2026-05-31,WH-LAG1,PRD-0113,125,1075000
2026-05-31,WH-LAG2,PRD-0113,120,1032000
2026-05-31,WH-IBD,PRD-0113,62,533200
2026-05-31,WH-ABJ,PRD-0113,121,1040600
2026-05-31,WH-PHC,PRD-0113,31,266600
2026-05-31,WH-LAG1,PRD-0114,26,317200
2026-05-31,WH-LAG2,PRD-0114,20,244000
2026-05-31,WH-IBD,PRD-0114,4,48800
2026-05-31,WH-ABJ,PRD-0114,20,244000
2026-05-31,WH-PHC,PRD-0114,15,183000
2026-05-31,WH-LAG1,PRD-0115,34,557600
2026-05-31,WH-LAG2,PRD-0115,0,0
2026-05-31,WH-IBD,PRD-0115,24,393600
2026-05-31,WH-ABJ,PRD-0115,37,606800
2026-05-31,WH-PHC,PRD-0115,37,606800
2026-05-31,WH-LAG1,PRD-0116,85,1173000
2026-05-31,WH-LAG2,PRD-0116,11,151800
2026-05-31,WH-IBD,PRD-0116,27,372600
2026-05-31,WH-ABJ,PRD-0116,45,621000
2026-05-31,WH-PHC,PRD-0116,48,662400
2026-05-31,WH-LAG1,PRD-0117,92,1398400
2026-05-31,WH-LAG2,PRD-0117,69,1048800
2026-05-31,WH-IBD,PRD-0117,0,0
2026-05-31,WH-ABJ,PRD-0117,85,1292000
2026-05-31,WH-PHC,PRD-0117,74,1124800
2026-05-31,WH-LAG1,PRD-0118,59,1038400
2026-05-31,WH-LAG2,PRD-0118,170,2992000
2026-05-31,WH-IBD,PRD-0118,114,2006400
2026-05-31,WH-ABJ,PRD-0118,83,1460800
2026-05-31,WH-PHC,PRD-0118,160,2816000
2026-05-31,WH-LAG1,PRD-0119,12,225600
2026-05-31,WH-LAG2,PRD-0119,4,75200
2026-05-31,WH-IBD,PRD-0119,9,169200
2026-05-31,WH-ABJ,PRD-0119,10,188000
2026-05-31,WH-PHC,PRD-0119,15,282000
2026-05-31,WH-LAG1,PRD-0120,250,3100000
2026-05-31,WH-LAG2,PRD-0120,118,1463200
2026-05-31,WH-IBD,PRD-0120,131,1624400
2026-05-31,WH-ABJ,PRD-0120,107,1326800
2026-05-31,WH-PHC,PRD-0120,56,694400
2026-05-31,WH-LAG1,PRD-0121,89,1922400
2026-05-31,WH-LAG2,PRD-0121,38,820800
2026-05-31,WH-IBD,PRD-0121,44,950400
2026-05-31,WH-ABJ,PRD-0121,196,4233600
2026-05-31,WH-PHC,PRD-0121,67,1447200
2026-05-31,WH-LAG1,PRD-0122,109,1613200
2026-05-31,WH-LAG2,PRD-0122,130,1924000
2026-05-31,WH-IBD,PRD-0122,37,547600
2026-05-31,WH-ABJ,PRD-0122,96,1420800
2026-05-31,WH-PHC,PRD-0122,84,1243200
2026-05-31,WH-LAG1,PRD-0123,82,951200
2026-05-31,WH-LAG2,PRD-0123,0,0
2026-05-31,WH-IBD,PRD-0123,78,904800
2026-05-31,WH-ABJ,PRD-0123,96,1113600
2026-05-31,WH-PHC,PRD-0123,45,522000
2026-05-31,WH-LAG1,PRD-0124,51,346800
2026-05-31,WH-LAG2,PRD-0124,32,217600
2026-05-31,WH-IBD,PRD-0124,60,408000
2026-05-31,WH-ABJ,PRD-0124,23,156400
2026-05-31,WH-PHC,PRD-0124,27,183600
2026-05-31,WH-LAG1,PRD-0125,307,3929600
2026-05-31,WH-LAG2,PRD-0125,54,691200
2026-05-31,WH-IBD,PRD-0125,137,1753600
2026-05-31,WH-ABJ,PRD-0125,73,934400
2026-05-31,WH-PHC,PRD-0125,394,5043200
2026-05-31,WH-LAG1,PRD-0126,40,944000
2026-05-31,WH-LAG2,PRD-0126,38,896800
2026-05-31,WH-IBD,PRD-0126,53,1250800
2026-05-31,WH-ABJ,PRD-0126,5,118000
2026-05-31,WH-PHC,PRD-0126,23,542800
2026-05-31,WH-LAG1,PRD-0127,116,1531200
2026-05-31,WH-LAG2,PRD-0127,45,594000
2026-05-31,WH-IBD,PRD-0127,23,303600
2026-05-31,WH-ABJ,PRD-0127,17,224400
2026-05-31,WH-PHC,PRD-0127,45,594000
2026-05-31,WH-LAG1,PRD-0128,130,2184000
2026-05-31,WH-LAG2,PRD-0128,98,1646400
2026-05-31,WH-IBD,PRD-0128,65,1092000
2026-05-31,WH-ABJ,PRD-0128,52,873600
2026-05-31,WH-PHC,PRD-0128,87,1461600
2026-05-31,WH-LAG1,PRD-0129,19,292600
2026-05-31,WH-LAG2,PRD-0129,17,261800
2026-05-31,WH-IBD,PRD-0129,10,154000
2026-05-31,WH-ABJ,PRD-0129,13,200200
2026-05-31,WH-PHC,PRD-0129,9,138600
2026-05-31,WH-LAG1,PRD-0130,70,756000
2026-05-31,WH-LAG2,PRD-0130,40,432000
2026-05-31,WH-IBD,PRD-0130,12,129600
2026-05-31,WH-ABJ,PRD-0130,56,604800
2026-05-31,WH-PHC,PRD-0130,37,399600
2026-05-31,WH-LAG1,PRD-0131,141,3609600
2026-05-31,WH-LAG2,PRD-0131,0,0
2026-05-31,WH-IBD,PRD-0131,35,896000
2026-05-31,WH-ABJ,PRD-0131,55,1408000
2026-05-31,WH-PHC,PRD-0131,103,2636800
2026-05-31,WH-LAG1,PRD-0132,83,2606200
2026-05-31,WH-LAG2,PRD-0132,63,1978200
2026-05-31,WH-IBD,PRD-0132,37,1161800
2026-05-31,WH-ABJ,PRD-0132,41,1287400
2026-05-31,WH-PHC,PRD-0132,54,1695600
2026-05-31,WH-LAG1,PRD-0133,24,571200
2026-05-31,WH-LAG2,PRD-0133,13,309400
2026-05-31,WH-IBD,PRD-0133,6,142800
2026-05-31,WH-ABJ,PRD-0133,43,1023400
2026-05-31,WH-PHC,PRD-0133,35,833000
2026-05-31,WH-LAG1,PRD-0134,22,655600
2026-05-31,WH-LAG2,PRD-0134,32,953600
2026-05-31,WH-IBD,PRD-0134,10,298000
2026-05-31,WH-ABJ,PRD-0134,22,655600
2026-05-31,WH-PHC,PRD-0134,39,1162200
2026-05-31,WH-LAG1,PRD-0135,74,1953600
2026-05-31,WH-LAG2,PRD-0135,41,1082400
2026-05-31,WH-IBD,PRD-0135,39,1029600
2026-05-31,WH-ABJ,PRD-0135,126,3326400
2026-05-31,WH-PHC,PRD-0135,142,3748800
2026-05-31,WH-LAG1,PRD-0136,84,3578400
2026-05-31,WH-LAG2,PRD-0136,21,894600
2026-05-31,WH-IBD,PRD-0136,68,2896800
2026-05-31,WH-ABJ,PRD-0136,0,0
2026-05-31,WH-PHC,PRD-0136,18,766800
2026-05-31,WH-LAG1,PRD-0137,120,2904000
2026-05-31,WH-LAG2,PRD-0137,27,653400
2026-05-31,WH-IBD,PRD-0137,30,726000
2026-05-31,WH-ABJ,PRD-0137,88,2129600
2026-05-31,WH-PHC,PRD-0137,29,701800
2026-05-31,WH-LAG1,PRD-0138,186,4054800
2026-05-31,WH-LAG2,PRD-0138,42,915600
2026-05-31,WH-IBD,PRD-0138,23,501400
2026-05-31,WH-ABJ,PRD-0138,125,2725000
2026-05-31,WH-PHC,PRD-0138,101,2201800
2026-05-31,WH-LAG1,PRD-0139,59,1699200
2026-05-31,WH-LAG2,PRD-0139,67,1929600
2026-05-31,WH-IBD,PRD-0139,56,1612800
2026-05-31,WH-ABJ,PRD-0139,91,2620800
2026-05-31,WH-PHC,PRD-0139,69,1987200
2026-05-31,WH-LAG1,PRD-0140,50,1170000
2026-05-31,WH-LAG2,PRD-0140,37,865800
2026-05-31,WH-IBD,PRD-0140,10,234000
2026-05-31,WH-ABJ,PRD-0140,40,936000
2026-05-31,WH-PHC,PRD-0140,9,210600
2026-05-31,WH-LAG1,PRD-0141,74,2279200
2026-05-31,WH-LAG2,PRD-0141,24,739200
2026-05-31,WH-IBD,PRD-0141,42,1293600
2026-05-31,WH-ABJ,PRD-0141,42,1293600
2026-05-31,WH-PHC,PRD-0141,63,1940400
2026-05-31,WH-LAG1,PRD-0142,127,5689600
2026-05-31,WH-LAG2,PRD-0142,96,4300800
2026-05-31,WH-IBD,PRD-0142,14,627200
2026-05-31,WH-ABJ,PRD-0142,23,1030400
2026-05-31,WH-PHC,PRD-0142,132,5913600
2026-05-31,WH-LAG1,PRD-0143,75,3090000
2026-05-31,WH-LAG2,PRD-0143,42,1730400
2026-05-31,WH-IBD,PRD-0143,11,453200
2026-05-31,WH-ABJ,PRD-0143,59,2430800
2026-05-31,WH-PHC,PRD-0143,40,1648000
2026-05-31,WH-LAG1,PRD-0144,106,2840800
2026-05-31,WH-LAG2,PRD-0144,2,53600
2026-05-31,WH-IBD,PRD-0144,36,964800
2026-05-31,WH-ABJ,PRD-0144,55,1474000
2026-05-31,WH-PHC,PRD-0144,53,1420400
2026-05-31,WH-LAG1,PRD-0145,140,3556000
2026-05-31,WH-LAG2,PRD-0145,44,1117600
2026-05-31,WH-IBD,PRD-0145,68,1727200
2026-05-31,WH-ABJ,PRD-0145,37,939800
2026-05-31,WH-PHC,PRD-0145,70,1778000
2026-05-31,WH-LAG1,PRD-0146,34,945200
2026-05-31,WH-LAG2,PRD-0146,41,1139800
2026-05-31,WH-IBD,PRD-0146,16,444800
2026-05-31,WH-ABJ,PRD-0146,58,1612400
2026-05-31,WH-PHC,PRD-0146,38,1056400
2026-05-31,WH-LAG1,PRD-0147,20,552000
2026-05-31,WH-LAG2,PRD-0147,49,1352400
2026-05-31,WH-IBD,PRD-0147,35,966000
2026-05-31,WH-ABJ,PRD-0147,62,1711200
2026-05-31,WH-PHC,PRD-0147,50,1380000
2026-05-31,WH-LAG1,PRD-0148,65,1547000
2026-05-31,WH-LAG2,PRD-0148,55,1309000
2026-05-31,WH-IBD,PRD-0148,5,119000
2026-05-31,WH-ABJ,PRD-0148,14,333200
2026-05-31,WH-PHC,PRD-0148,45,1071000
2026-05-31,WH-LAG1,PRD-0149,18,716400
2026-05-31,WH-LAG2,PRD-0149,27,1074600
2026-05-31,WH-IBD,PRD-0149,9,358200
2026-05-31,WH-ABJ,PRD-0149,12,477600
2026-05-31,WH-PHC,PRD-0149,23,915400
2026-05-31,WH-LAG1,PRD-0150,127,4876800
2026-05-31,WH-LAG2,PRD-0150,24,921600
2026-05-31,WH-IBD,PRD-0150,36,1382400
2026-05-31,WH-ABJ,PRD-0150,71,2726400
2026-05-31,WH-PHC,PRD-0150,83,3187200
2026-05-31,WH-LAG1,PRD-0151,426,14739600
2026-05-31,WH-LAG2,PRD-0151,344,11902400
2026-05-31,WH-IBD,PRD-0151,523,18095800
2026-05-31,WH-ABJ,PRD-0151,650,22490000
2026-05-31,WH-PHC,PRD-0151,355,12283000
2026-05-31,WH-LAG1,PRD-0152,39,842400
2026-05-31,WH-LAG2,PRD-0152,10,216000
2026-05-31,WH-IBD,PRD-0152,34,734400
2026-05-31,WH-ABJ,PRD-0152,32,691200
2026-05-31,WH-PHC,PRD-0152,7,151200
2026-05-31,WH-LAG1,PRD-0153,261,4906800
2026-05-31,WH-LAG2,PRD-0153,65,1222000
2026-05-31,WH-IBD,PRD-0153,94,1767200
2026-05-31,WH-ABJ,PRD-0153,149,2801200
2026-05-31,WH-PHC,PRD-0153,170,3196000
2026-05-31,WH-LAG1,PRD-0154,92,3091200
2026-05-31,WH-LAG2,PRD-0154,23,772800
2026-05-31,WH-IBD,PRD-0154,26,873600
2026-05-31,WH-ABJ,PRD-0154,67,2251200
2026-05-31,WH-PHC,PRD-0154,50,1680000
2026-05-31,WH-LAG1,PRD-0155,83,4382400
2026-05-31,WH-LAG2,PRD-0155,73,3854400
2026-05-31,WH-IBD,PRD-0155,42,2217600
2026-05-31,WH-ABJ,PRD-0155,39,2059200
2026-05-31,WH-PHC,PRD-0155,41,2164800
2026-05-31,WH-LAG1,PRD-0156,102,4549200
2026-05-31,WH-LAG2,PRD-0156,51,2274600
2026-05-31,WH-IBD,PRD-0156,43,1917800
2026-05-31,WH-ABJ,PRD-0156,190,8474000
2026-05-31,WH-PHC,PRD-0156,108,4816800
2026-05-31,WH-LAG1,PRD-0157,139,2613200
2026-05-31,WH-LAG2,PRD-0157,60,1128000
2026-05-31,WH-IBD,PRD-0157,71,1334800
2026-05-31,WH-ABJ,PRD-0157,61,1146800
2026-05-31,WH-PHC,PRD-0157,48,902400
2026-05-31,WH-LAG1,PRD-0158,49,1293600
2026-05-31,WH-LAG2,PRD-0158,20,528000
2026-05-31,WH-IBD,PRD-0158,17,448800
2026-05-31,WH-ABJ,PRD-0158,11,290400
2026-05-31,WH-PHC,PRD-0158,15,396000
2026-05-31,WH-LAG1,PRD-0159,37,732600
2026-05-31,WH-LAG2,PRD-0159,16,316800
2026-05-31,WH-IBD,PRD-0159,38,752400
2026-05-31,WH-ABJ,PRD-0159,61,1207800
2026-05-31,WH-PHC,PRD-0159,47,930600
2026-05-31,WH-LAG1,PRD-0160,299,7654400
2026-05-31,WH-LAG2,PRD-0160,93,2380800
2026-05-31,WH-IBD,PRD-0160,164,4198400
2026-05-31,WH-ABJ,PRD-0160,71,1817600
2026-05-31,WH-PHC,PRD-0160,115,2944000
2026-05-31,WH-LAG1,PRD-0161,164,4460800
2026-05-31,WH-LAG2,PRD-0161,280,7616000
2026-05-31,WH-IBD,PRD-0161,179,4868800
2026-05-31,WH-ABJ,PRD-0161,370,10064000
2026-05-31,WH-PHC,PRD-0161,387,10526400
2026-05-31,WH-LAG1,PRD-0162,45,1071000
2026-05-31,WH-LAG2,PRD-0162,28,666400
2026-05-31,WH-IBD,PRD-0162,19,452200
2026-05-31,WH-ABJ,PRD-0162,56,1332800
2026-05-31,WH-PHC,PRD-0162,27,642600
2026-05-31,WH-LAG1,PRD-0163,58,1252800
2026-05-31,WH-LAG2,PRD-0163,69,1490400
2026-05-31,WH-IBD,PRD-0163,70,1512000
2026-05-31,WH-ABJ,PRD-0163,51,1101600
2026-05-31,WH-PHC,PRD-0163,45,972000
2026-05-31,WH-LAG1,PRD-0164,63,1058400
2026-05-31,WH-LAG2,PRD-0164,12,201600
2026-05-31,WH-IBD,PRD-0164,20,336000
2026-05-31,WH-ABJ,PRD-0164,29,487200
2026-05-31,WH-PHC,PRD-0164,16,268800
2026-05-31,WH-LAG1,PRD-0165,345,6693000
2026-05-31,WH-LAG2,PRD-0165,97,1881800
2026-05-31,WH-IBD,PRD-0165,73,1416200
2026-05-31,WH-ABJ,PRD-0165,120,2328000
2026-05-31,WH-PHC,PRD-0165,35,679000
2026-05-31,WH-LAG1,PRD-0166,158,3444400
2026-05-31,WH-LAG2,PRD-0166,100,2180000
2026-05-31,WH-IBD,PRD-0166,148,3226400
2026-05-31,WH-ABJ,PRD-0166,65,1417000
2026-05-31,WH-PHC,PRD-0166,175,3815000
2026-05-31,WH-LAG1,PRD-0167,137,1479600
2026-05-31,WH-LAG2,PRD-0167,40,432000
2026-05-31,WH-IBD,PRD-0167,66,712800
2026-05-31,WH-ABJ,PRD-0167,19,205200
2026-05-31,WH-PHC,PRD-0167,63,680400
2026-05-31,WH-LAG1,PRD-0168,20,312000
2026-05-31,WH-LAG2,PRD-0168,13,202800
2026-05-31,WH-IBD,PRD-0168,31,483600
2026-05-31,WH-ABJ,PRD-0168,5,78000
2026-05-31,WH-PHC,PRD-0168,14,218400
2026-05-31,WH-LAG1,PRD-0169,63,844200
2026-05-31,WH-LAG2,PRD-0169,38,509200
2026-05-31,WH-IBD,PRD-0169,27,361800
2026-05-31,WH-ABJ,PRD-0169,31,415400
2026-05-31,WH-PHC,PRD-0169,60,804000
2026-05-31,WH-LAG1,PRD-0170,107,1519400
2026-05-31,WH-LAG2,PRD-0170,84,1192800
2026-05-31,WH-IBD,PRD-0170,37,525400
2026-05-31,WH-ABJ,PRD-0170,51,724200
2026-05-31,WH-PHC,PRD-0170,42,596400
2026-06-30,WH-LAG1,PRD-0001,47,197400
2026-06-30,WH-LAG2,PRD-0001,27,113400
2026-06-30,WH-IBD,PRD-0001,36,151200
2026-06-30,WH-ABJ,PRD-0001,46,193200
2026-06-30,WH-PHC,PRD-0001,29,121800
2026-06-30,WH-LAG1,PRD-0002,46,188600
2026-06-30,WH-LAG2,PRD-0002,32,131200
2026-06-30,WH-IBD,PRD-0002,22,90200
2026-06-30,WH-ABJ,PRD-0002,5,20500
2026-06-30,WH-PHC,PRD-0002,23,94300
2026-06-30,WH-LAG1,PRD-0003,26,106600
2026-06-30,WH-LAG2,PRD-0003,28,114800
2026-06-30,WH-IBD,PRD-0003,18,73800
2026-06-30,WH-ABJ,PRD-0003,19,77900
2026-06-30,WH-PHC,PRD-0003,18,73800
2026-06-30,WH-LAG1,PRD-0004,167,651300
2026-06-30,WH-LAG2,PRD-0004,147,573300
2026-06-30,WH-IBD,PRD-0004,130,507000
2026-06-30,WH-ABJ,PRD-0004,210,819000
2026-06-30,WH-PHC,PRD-0004,191,744900
2026-06-30,WH-LAG1,PRD-0005,13,33800
2026-06-30,WH-LAG2,PRD-0005,95,247000
2026-06-30,WH-IBD,PRD-0005,56,145600
2026-06-30,WH-ABJ,PRD-0005,42,109200
2026-06-30,WH-PHC,PRD-0005,38,98800
2026-06-30,WH-LAG1,PRD-0006,43,107500
2026-06-30,WH-LAG2,PRD-0006,19,47500
2026-06-30,WH-IBD,PRD-0006,30,75000
2026-06-30,WH-ABJ,PRD-0006,27,67500
2026-06-30,WH-PHC,PRD-0006,32,80000
2026-06-30,WH-LAG1,PRD-0007,158,2180400
2026-06-30,WH-LAG2,PRD-0007,51,703800
2026-06-30,WH-IBD,PRD-0007,120,1656000
2026-06-30,WH-ABJ,PRD-0007,59,814200
2026-06-30,WH-PHC,PRD-0007,77,1062600
2026-06-30,WH-LAG1,PRD-0008,113,1525500
2026-06-30,WH-LAG2,PRD-0008,28,378000
2026-06-30,WH-IBD,PRD-0008,40,540000
2026-06-30,WH-ABJ,PRD-0008,20,270000
2026-06-30,WH-PHC,PRD-0008,9,121500
2026-06-30,WH-LAG1,PRD-0009,43,610600
2026-06-30,WH-LAG2,PRD-0009,0,0
2026-06-30,WH-IBD,PRD-0009,23,326600
2026-06-30,WH-ABJ,PRD-0009,16,227200
2026-06-30,WH-PHC,PRD-0009,12,170400
2026-06-30,WH-LAG1,PRD-0010,18,237600
2026-06-30,WH-LAG2,PRD-0010,17,224400
2026-06-30,WH-IBD,PRD-0010,10,132000
2026-06-30,WH-ABJ,PRD-0010,21,277200
2026-06-30,WH-PHC,PRD-0010,6,79200
2026-06-30,WH-LAG1,PRD-0011,69,959100
2026-06-30,WH-LAG2,PRD-0011,94,1306600
2026-06-30,WH-IBD,PRD-0011,93,1292700
2026-06-30,WH-ABJ,PRD-0011,123,1709700
2026-06-30,WH-PHC,PRD-0011,107,1487300
2026-06-30,WH-LAG1,PRD-0012,93,1339200
2026-06-30,WH-LAG2,PRD-0012,24,345600
2026-06-30,WH-IBD,PRD-0012,46,662400
2026-06-30,WH-ABJ,PRD-0012,32,460800
2026-06-30,WH-PHC,PRD-0012,47,676800
2026-06-30,WH-LAG1,PRD-0013,36,352800
2026-06-30,WH-LAG2,PRD-0013,13,127400
2026-06-30,WH-IBD,PRD-0013,13,127400
2026-06-30,WH-ABJ,PRD-0013,36,352800
2026-06-30,WH-PHC,PRD-0013,14,137200
2026-06-30,WH-LAG1,PRD-0014,20,224000
2026-06-30,WH-LAG2,PRD-0014,8,89600
2026-06-30,WH-IBD,PRD-0014,12,134400
2026-06-30,WH-ABJ,PRD-0014,20,224000
2026-06-30,WH-PHC,PRD-0014,4,44800
2026-06-30,WH-LAG1,PRD-0015,79,545100
2026-06-30,WH-LAG2,PRD-0015,81,558900
2026-06-30,WH-IBD,PRD-0015,64,441600
2026-06-30,WH-ABJ,PRD-0015,12,82800
2026-06-30,WH-PHC,PRD-0015,2,13800
2026-06-30,WH-LAG1,PRD-0016,146,5037000
2026-06-30,WH-LAG2,PRD-0016,111,3829500
2026-06-30,WH-IBD,PRD-0016,129,4450500
2026-06-30,WH-ABJ,PRD-0016,120,4140000
2026-06-30,WH-PHC,PRD-0016,140,4830000
2026-06-30,WH-LAG1,PRD-0017,79,2512200
2026-06-30,WH-LAG2,PRD-0017,18,572400
2026-06-30,WH-IBD,PRD-0017,18,572400
2026-06-30,WH-ABJ,PRD-0017,48,1526400
2026-06-30,WH-PHC,PRD-0017,48,1526400
2026-06-30,WH-LAG1,PRD-0018,154,7422800
2026-06-30,WH-LAG2,PRD-0018,49,2361800
2026-06-30,WH-IBD,PRD-0018,68,3277600
2026-06-30,WH-ABJ,PRD-0018,101,4868200
2026-06-30,WH-PHC,PRD-0018,44,2120800
2026-06-30,WH-LAG1,PRD-0019,142,3748800
2026-06-30,WH-LAG2,PRD-0019,68,1795200
2026-06-30,WH-IBD,PRD-0019,0,0
2026-06-30,WH-ABJ,PRD-0019,83,2191200
2026-06-30,WH-PHC,PRD-0019,16,422400
2026-06-30,WH-LAG1,PRD-0020,213,5069400
2026-06-30,WH-LAG2,PRD-0020,33,785400
2026-06-30,WH-IBD,PRD-0020,80,1904000
2026-06-30,WH-ABJ,PRD-0020,62,1475600
2026-06-30,WH-PHC,PRD-0020,97,2308600
2026-06-30,WH-LAG1,PRD-0021,76,1124800
2026-06-30,WH-LAG2,PRD-0021,31,458800
2026-06-30,WH-IBD,PRD-0021,34,503200
2026-06-30,WH-ABJ,PRD-0021,9,133200
2026-06-30,WH-PHC,PRD-0021,22,325600
2026-06-30,WH-LAG1,PRD-0022,14,134400
2026-06-30,WH-LAG2,PRD-0022,14,134400
2026-06-30,WH-IBD,PRD-0022,25,240000
2026-06-30,WH-ABJ,PRD-0022,22,211200
2026-06-30,WH-PHC,PRD-0022,27,259200
2026-06-30,WH-LAG1,PRD-0023,109,1460600
2026-06-30,WH-LAG2,PRD-0023,55,737000
2026-06-30,WH-IBD,PRD-0023,31,415400
2026-06-30,WH-ABJ,PRD-0023,109,1460600
2026-06-30,WH-PHC,PRD-0023,69,924600
2026-06-30,WH-LAG1,PRD-0024,40,312000
2026-06-30,WH-LAG2,PRD-0024,32,249600
2026-06-30,WH-IBD,PRD-0024,25,195000
2026-06-30,WH-ABJ,PRD-0024,46,358800
2026-06-30,WH-PHC,PRD-0024,26,202800
2026-06-30,WH-LAG1,PRD-0025,63,270900
2026-06-30,WH-LAG2,PRD-0025,48,206400
2026-06-30,WH-IBD,PRD-0025,13,55900
2026-06-30,WH-ABJ,PRD-0025,68,292400
2026-06-30,WH-PHC,PRD-0025,70,301000
2026-06-30,WH-LAG1,PRD-0026,110,396000
2026-06-30,WH-LAG2,PRD-0026,31,111600
2026-06-30,WH-IBD,PRD-0026,41,147600
2026-06-30,WH-ABJ,PRD-0026,23,82800
2026-06-30,WH-PHC,PRD-0026,22,79200
2026-06-30,WH-LAG1,PRD-0027,43,163400
2026-06-30,WH-LAG2,PRD-0027,24,91200
2026-06-30,WH-IBD,PRD-0027,17,64600
2026-06-30,WH-ABJ,PRD-0027,31,117800
2026-06-30,WH-PHC,PRD-0027,30,114000
2026-06-30,WH-LAG1,PRD-0028,106,424000
2026-06-30,WH-LAG2,PRD-0028,16,64000
2026-06-30,WH-IBD,PRD-0028,9,36000
2026-06-30,WH-ABJ,PRD-0028,77,308000
2026-06-30,WH-PHC,PRD-0028,33,132000
2026-06-30,WH-LAG1,PRD-0029,16,142400
2026-06-30,WH-LAG2,PRD-0029,17,151300
2026-06-30,WH-IBD,PRD-0029,33,293700
2026-06-30,WH-ABJ,PRD-0029,27,240300
2026-06-30,WH-PHC,PRD-0029,28,249200
2026-06-30,WH-LAG1,PRD-0030,38,817000
2026-06-30,WH-LAG2,PRD-0030,19,408500
2026-06-30,WH-IBD,PRD-0030,5,107500
2026-06-30,WH-ABJ,PRD-0030,18,387000
2026-06-30,WH-PHC,PRD-0030,23,494500
2026-06-30,WH-LAG1,PRD-0031,80,2416000
2026-06-30,WH-LAG2,PRD-0031,40,1208000
2026-06-30,WH-IBD,PRD-0031,77,2325400
2026-06-30,WH-ABJ,PRD-0031,116,3503200
2026-06-30,WH-PHC,PRD-0031,113,3412600
2026-06-30,WH-LAG1,PRD-0032,18,302400
2026-06-30,WH-LAG2,PRD-0032,19,319200
2026-06-30,WH-IBD,PRD-0032,30,504000
2026-06-30,WH-ABJ,PRD-0032,7,117600
2026-06-30,WH-PHC,PRD-0032,17,285600
2026-06-30,WH-LAG1,PRD-0033,73,686200
2026-06-30,WH-LAG2,PRD-0033,74,695600
2026-06-30,WH-IBD,PRD-0033,38,357200
2026-06-30,WH-ABJ,PRD-0033,15,141000
2026-06-30,WH-PHC,PRD-0033,56,526400
2026-06-30,WH-LAG1,PRD-0034,62,799800
2026-06-30,WH-LAG2,PRD-0034,32,412800
2026-06-30,WH-IBD,PRD-0034,29,374100
2026-06-30,WH-ABJ,PRD-0034,15,193500
2026-06-30,WH-PHC,PRD-0034,0,0
2026-06-30,WH-LAG1,PRD-0035,120,1416000
2026-06-30,WH-LAG2,PRD-0035,67,790600
2026-06-30,WH-IBD,PRD-0035,76,896800
2026-06-30,WH-ABJ,PRD-0035,93,1097400
2026-06-30,WH-PHC,PRD-0035,60,708000
2026-06-30,WH-LAG1,PRD-0036,3,46800
2026-06-30,WH-LAG2,PRD-0036,41,639600
2026-06-30,WH-IBD,PRD-0036,29,452400
2026-06-30,WH-ABJ,PRD-0036,5,78000
2026-06-30,WH-PHC,PRD-0036,67,1045200
2026-06-30,WH-LAG1,PRD-0037,107,2118600
2026-06-30,WH-LAG2,PRD-0037,47,930600
2026-06-30,WH-IBD,PRD-0037,6,118800
2026-06-30,WH-ABJ,PRD-0037,106,2098800
2026-06-30,WH-PHC,PRD-0037,41,811800
2026-06-30,WH-LAG1,PRD-0038,38,452200
2026-06-30,WH-LAG2,PRD-0038,12,142800
2026-06-30,WH-IBD,PRD-0038,29,345100
2026-06-30,WH-ABJ,PRD-0038,21,249900
2026-06-30,WH-PHC,PRD-0038,3,35700
2026-06-30,WH-LAG1,PRD-0039,100,1240000
2026-06-30,WH-LAG2,PRD-0039,44,545600
2026-06-30,WH-IBD,PRD-0039,44,545600
2026-06-30,WH-ABJ,PRD-0039,176,2182400
2026-06-30,WH-PHC,PRD-0039,93,1153200
2026-06-30,WH-LAG1,PRD-0040,52,582400
2026-06-30,WH-LAG2,PRD-0040,18,201600
2026-06-30,WH-IBD,PRD-0040,31,347200
2026-06-30,WH-ABJ,PRD-0040,14,156800
2026-06-30,WH-PHC,PRD-0040,54,604800
2026-06-30,WH-LAG1,PRD-0041,63,327600
2026-06-30,WH-LAG2,PRD-0041,40,208000
2026-06-30,WH-IBD,PRD-0041,28,145600
2026-06-30,WH-ABJ,PRD-0041,25,130000
2026-06-30,WH-PHC,PRD-0041,63,327600
2026-06-30,WH-LAG1,PRD-0042,10,219000
2026-06-30,WH-LAG2,PRD-0042,17,372300
2026-06-30,WH-IBD,PRD-0042,15,328500
2026-06-30,WH-ABJ,PRD-0042,19,416100
2026-06-30,WH-PHC,PRD-0042,12,262800
2026-06-30,WH-LAG1,PRD-0043,66,1003200
2026-06-30,WH-LAG2,PRD-0043,49,744800
2026-06-30,WH-IBD,PRD-0043,17,258400
2026-06-30,WH-ABJ,PRD-0043,28,425600
2026-06-30,WH-PHC,PRD-0043,21,319200
2026-06-30,WH-LAG1,PRD-0044,9,61200
2026-06-30,WH-LAG2,PRD-0044,6,40800
2026-06-30,WH-IBD,PRD-0044,18,122400
2026-06-30,WH-ABJ,PRD-0044,13,88400
2026-06-30,WH-PHC,PRD-0044,15,102000
2026-06-30,WH-LAG1,PRD-0045,104,644800
2026-06-30,WH-LAG2,PRD-0045,51,316200
2026-06-30,WH-IBD,PRD-0045,89,551800
2026-06-30,WH-ABJ,PRD-0045,98,607600
2026-06-30,WH-PHC,PRD-0045,42,260400
2026-06-30,WH-LAG1,PRD-0046,78,1076400
2026-06-30,WH-LAG2,PRD-0046,49,676200
2026-06-30,WH-IBD,PRD-0046,44,607200
2026-06-30,WH-ABJ,PRD-0046,51,703800
2026-06-30,WH-PHC,PRD-0046,37,510600
2026-06-30,WH-LAG1,PRD-0047,30,486000
2026-06-30,WH-LAG2,PRD-0047,57,923400
2026-06-30,WH-IBD,PRD-0047,73,1182600
2026-06-30,WH-ABJ,PRD-0047,88,1425600
2026-06-30,WH-PHC,PRD-0047,61,988200
2026-06-30,WH-LAG1,PRD-0048,48,696000
2026-06-30,WH-LAG2,PRD-0048,24,348000
2026-06-30,WH-IBD,PRD-0048,66,957000
2026-06-30,WH-ABJ,PRD-0048,43,623500
2026-06-30,WH-PHC,PRD-0048,13,188500
2026-06-30,WH-LAG1,PRD-0049,64,889600
2026-06-30,WH-LAG2,PRD-0049,43,597700
2026-06-30,WH-IBD,PRD-0049,18,250200
2026-06-30,WH-ABJ,PRD-0049,51,708900
2026-06-30,WH-PHC,PRD-0049,41,569900
2026-06-30,WH-LAG1,PRD-0050,15,69000
2026-06-30,WH-LAG2,PRD-0050,14,64400
2026-06-30,WH-IBD,PRD-0050,43,197800
2026-06-30,WH-ABJ,PRD-0050,16,73600
2026-06-30,WH-PHC,PRD-0050,27,124200
2026-06-30,WH-LAG1,PRD-0051,219,7621200
2026-06-30,WH-LAG2,PRD-0051,35,1218000
2026-06-30,WH-IBD,PRD-0051,74,2575200
2026-06-30,WH-ABJ,PRD-0051,191,6646800
2026-06-30,WH-PHC,PRD-0051,153,5324400
2026-06-30,WH-LAG1,PRD-0052,40,1356000
2026-06-30,WH-LAG2,PRD-0052,16,542400
2026-06-30,WH-IBD,PRD-0052,18,610200
2026-06-30,WH-ABJ,PRD-0052,13,440700
2026-06-30,WH-PHC,PRD-0052,18,610200
2026-06-30,WH-LAG1,PRD-0053,36,1180800
2026-06-30,WH-LAG2,PRD-0053,10,328000
2026-06-30,WH-IBD,PRD-0053,15,492000
2026-06-30,WH-ABJ,PRD-0053,25,820000
2026-06-30,WH-PHC,PRD-0053,8,262400
2026-06-30,WH-LAG1,PRD-0054,40,544000
2026-06-30,WH-LAG2,PRD-0054,50,680000
2026-06-30,WH-IBD,PRD-0054,37,503200
2026-06-30,WH-ABJ,PRD-0054,37,503200
2026-06-30,WH-PHC,PRD-0054,11,149600
2026-06-30,WH-LAG1,PRD-0055,26,358800
2026-06-30,WH-LAG2,PRD-0055,20,276000
2026-06-30,WH-IBD,PRD-0055,34,469200
2026-06-30,WH-ABJ,PRD-0055,0,0
2026-06-30,WH-PHC,PRD-0055,66,910800
2026-06-30,WH-LAG1,PRD-0056,3,64200
2026-06-30,WH-LAG2,PRD-0056,37,791800
2026-06-30,WH-IBD,PRD-0056,40,856000
2026-06-30,WH-ABJ,PRD-0056,46,984400
2026-06-30,WH-PHC,PRD-0056,33,706200
2026-06-30,WH-LAG1,PRD-0057,38,600400
2026-06-30,WH-LAG2,PRD-0057,64,1011200
2026-06-30,WH-IBD,PRD-0057,76,1200800
2026-06-30,WH-ABJ,PRD-0057,93,1469400
2026-06-30,WH-PHC,PRD-0057,120,1896000
2026-06-30,WH-LAG1,PRD-0058,104,1549600
2026-06-30,WH-LAG2,PRD-0058,31,461900
2026-06-30,WH-IBD,PRD-0058,36,536400
2026-06-30,WH-ABJ,PRD-0058,41,610900
2026-06-30,WH-PHC,PRD-0058,37,551300
2026-06-30,WH-LAG1,PRD-0059,97,4122500
2026-06-30,WH-LAG2,PRD-0059,14,595000
2026-06-30,WH-IBD,PRD-0059,69,2932500
2026-06-30,WH-ABJ,PRD-0059,69,2932500
2026-06-30,WH-PHC,PRD-0059,13,552500
2026-06-30,WH-LAG1,PRD-0060,282,13479600
2026-06-30,WH-LAG2,PRD-0060,82,3919600
2026-06-30,WH-IBD,PRD-0060,164,7839200
2026-06-30,WH-ABJ,PRD-0060,58,2772400
2026-06-30,WH-PHC,PRD-0060,107,5114600
2026-06-30,WH-LAG1,PRD-0061,172,2201600
2026-06-30,WH-LAG2,PRD-0061,26,332800
2026-06-30,WH-IBD,PRD-0061,90,1152000
2026-06-30,WH-ABJ,PRD-0061,33,422400
2026-06-30,WH-PHC,PRD-0061,134,1715200
2026-06-30,WH-LAG1,PRD-0062,127,1727200
2026-06-30,WH-LAG2,PRD-0062,31,421600
2026-06-30,WH-IBD,PRD-0062,78,1060800
2026-06-30,WH-ABJ,PRD-0062,96,1305600
2026-06-30,WH-PHC,PRD-0062,67,911200
2026-06-30,WH-LAG1,PRD-0063,62,737800
2026-06-30,WH-LAG2,PRD-0063,65,773500
2026-06-30,WH-IBD,PRD-0063,36,428400
2026-06-30,WH-ABJ,PRD-0063,34,404600
2026-06-30,WH-PHC,PRD-0063,63,749700
2026-06-30,WH-LAG1,PRD-0064,154,4743200
2026-06-30,WH-LAG2,PRD-0064,41,1262800
2026-06-30,WH-IBD,PRD-0064,10,308000
2026-06-30,WH-ABJ,PRD-0064,115,3542000
2026-06-30,WH-PHC,PRD-0064,43,1324400
2026-06-30,WH-LAG1,PRD-0065,34,897600
2026-06-30,WH-LAG2,PRD-0065,27,712800
2026-06-30,WH-IBD,PRD-0065,74,1953600
2026-06-30,WH-ABJ,PRD-0065,73,1927200
2026-06-30,WH-PHC,PRD-0065,131,3458400
2026-06-30,WH-LAG1,PRD-0066,6,265200
2026-06-30,WH-LAG2,PRD-0066,8,353600
2026-06-30,WH-IBD,PRD-0066,6,265200
2026-06-30,WH-ABJ,PRD-0066,8,353600
2026-06-30,WH-PHC,PRD-0066,11,486200
2026-06-30,WH-LAG1,PRD-0067,64,665600
2026-06-30,WH-LAG2,PRD-0067,36,374400
2026-06-30,WH-IBD,PRD-0067,72,748800
2026-06-30,WH-ABJ,PRD-0067,41,426400
2026-06-30,WH-PHC,PRD-0067,34,353600
2026-06-30,WH-LAG1,PRD-0068,147,1940400
2026-06-30,WH-LAG2,PRD-0068,52,686400
2026-06-30,WH-IBD,PRD-0068,74,976800
2026-06-30,WH-ABJ,PRD-0068,14,184800
2026-06-30,WH-PHC,PRD-0068,87,1148400
2026-06-30,WH-LAG1,PRD-0069,20,276000
2026-06-30,WH-LAG2,PRD-0069,23,317400
2026-06-30,WH-IBD,PRD-0069,5,69000
2026-06-30,WH-ABJ,PRD-0069,10,138000
2026-06-30,WH-PHC,PRD-0069,22,303600
2026-06-30,WH-LAG1,PRD-0070,101,1555400
2026-06-30,WH-LAG2,PRD-0070,10,154000
2026-06-30,WH-IBD,PRD-0070,41,631400
2026-06-30,WH-ABJ,PRD-0070,80,1232000
2026-06-30,WH-PHC,PRD-0070,41,631400
2026-06-30,WH-LAG1,PRD-0071,22,325600
2026-06-30,WH-LAG2,PRD-0071,1,14800
2026-06-30,WH-IBD,PRD-0071,11,162800
2026-06-30,WH-ABJ,PRD-0071,17,251600
2026-06-30,WH-PHC,PRD-0071,18,266400
2026-06-30,WH-LAG1,PRD-0072,17,554200
2026-06-30,WH-LAG2,PRD-0072,45,1467000
2026-06-30,WH-IBD,PRD-0072,6,195600
2026-06-30,WH-ABJ,PRD-0072,27,880200
2026-06-30,WH-PHC,PRD-0072,0,0
2026-06-30,WH-LAG1,PRD-0073,7,208600
2026-06-30,WH-LAG2,PRD-0073,19,566200
2026-06-30,WH-IBD,PRD-0073,26,774800
2026-06-30,WH-ABJ,PRD-0073,9,268200
2026-06-30,WH-PHC,PRD-0073,5,149000
2026-06-30,WH-LAG1,PRD-0074,76,2234400
2026-06-30,WH-LAG2,PRD-0074,61,1793400
2026-06-30,WH-IBD,PRD-0074,43,1264200
2026-06-30,WH-ABJ,PRD-0074,71,2087400
2026-06-30,WH-PHC,PRD-0074,66,1940400
2026-06-30,WH-LAG1,PRD-0075,54,1447200
2026-06-30,WH-LAG2,PRD-0075,35,938000
2026-06-30,WH-IBD,PRD-0075,11,294800
2026-06-30,WH-ABJ,PRD-0075,38,1018400
2026-06-30,WH-PHC,PRD-0075,31,830800
2026-06-30,WH-LAG1,PRD-0076,200,4680000
2026-06-30,WH-LAG2,PRD-0076,117,2737800
2026-06-30,WH-IBD,PRD-0076,81,1895400
2026-06-30,WH-ABJ,PRD-0076,57,1333800
2026-06-30,WH-PHC,PRD-0076,53,1240200
2026-06-30,WH-LAG1,PRD-0077,282,7219200
2026-06-30,WH-LAG2,PRD-0077,104,2662400
2026-06-30,WH-IBD,PRD-0077,119,3046400
2026-06-30,WH-ABJ,PRD-0077,229,5862400
2026-06-30,WH-PHC,PRD-0077,172,4403200
2026-06-30,WH-LAG1,PRD-0078,147,4086600
2026-06-30,WH-LAG2,PRD-0078,84,2335200
2026-06-30,WH-IBD,PRD-0078,18,500400
2026-06-30,WH-ABJ,PRD-0078,34,945200
2026-06-30,WH-PHC,PRD-0078,103,2863400
2026-06-30,WH-LAG1,PRD-0079,80,3080000
2026-06-30,WH-LAG2,PRD-0079,64,2464000
2026-06-30,WH-IBD,PRD-0079,31,1193500
2026-06-30,WH-ABJ,PRD-0079,61,2348500
2026-06-30,WH-PHC,PRD-0079,66,2541000
2026-06-30,WH-LAG1,PRD-0080,121,2371600
2026-06-30,WH-LAG2,PRD-0080,75,1470000
2026-06-30,WH-IBD,PRD-0080,36,705600
2026-06-30,WH-ABJ,PRD-0080,80,1568000
2026-06-30,WH-PHC,PRD-0080,21,411600
2026-06-30,WH-LAG1,PRD-0081,72,2332800
2026-06-30,WH-LAG2,PRD-0081,77,2494800
2026-06-30,WH-IBD,PRD-0081,39,1263600
2026-06-30,WH-ABJ,PRD-0081,35,1134000
2026-06-30,WH-PHC,PRD-0081,98,3175200
2026-06-30,WH-LAG1,PRD-0082,113,2915400
2026-06-30,WH-LAG2,PRD-0082,59,1522200
2026-06-30,WH-IBD,PRD-0082,82,2115600
2026-06-30,WH-ABJ,PRD-0082,116,2992800
2026-06-30,WH-PHC,PRD-0082,63,1625400
2026-06-30,WH-LAG1,PRD-0083,127,2336800
2026-06-30,WH-LAG2,PRD-0083,154,2833600
2026-06-30,WH-IBD,PRD-0083,159,2925600
2026-06-30,WH-ABJ,PRD-0083,105,1932000
2026-06-30,WH-PHC,PRD-0083,179,3293600
2026-06-30,WH-LAG1,PRD-0084,242,5227200
2026-06-30,WH-LAG2,PRD-0084,119,2570400
2026-06-30,WH-IBD,PRD-0084,109,2354400
2026-06-30,WH-ABJ,PRD-0084,105,2268000
2026-06-30,WH-PHC,PRD-0084,80,1728000
2026-06-30,WH-LAG1,PRD-0085,79,2069800
2026-06-30,WH-LAG2,PRD-0085,46,1205200
2026-06-30,WH-IBD,PRD-0085,28,733600
2026-06-30,WH-ABJ,PRD-0085,61,1598200
2026-06-30,WH-PHC,PRD-0085,35,917000
2026-06-30,WH-LAG1,PRD-0086,135,3213000
2026-06-30,WH-LAG2,PRD-0086,268,6378400
2026-06-30,WH-IBD,PRD-0086,183,4355400
2026-06-30,WH-ABJ,PRD-0086,233,5545400
2026-06-30,WH-PHC,PRD-0086,204,4855200
2026-06-30,WH-LAG1,PRD-0087,16,300800
2026-06-30,WH-LAG2,PRD-0087,16,300800
2026-06-30,WH-IBD,PRD-0087,5,94000
2026-06-30,WH-ABJ,PRD-0087,15,282000
2026-06-30,WH-PHC,PRD-0087,21,394800
2026-06-30,WH-LAG1,PRD-0088,30,372000
2026-06-30,WH-LAG2,PRD-0088,49,607600
2026-06-30,WH-IBD,PRD-0088,49,607600
2026-06-30,WH-ABJ,PRD-0088,57,706800
2026-06-30,WH-PHC,PRD-0088,54,669600
2026-06-30,WH-LAG1,PRD-0089,54,604800
2026-06-30,WH-LAG2,PRD-0089,57,638400
2026-06-30,WH-IBD,PRD-0089,50,560000
2026-06-30,WH-ABJ,PRD-0089,51,571200
2026-06-30,WH-PHC,PRD-0089,67,750400
2026-06-30,WH-LAG1,PRD-0090,449,12841400
2026-06-30,WH-LAG2,PRD-0090,563,16101800
2026-06-30,WH-IBD,PRD-0090,618,17674800
2026-06-30,WH-ABJ,PRD-0090,618,17674800
2026-06-30,WH-PHC,PRD-0090,680,19448000
2026-06-30,WH-LAG1,PRD-0091,110,2376000
2026-06-30,WH-LAG2,PRD-0091,245,5292000
2026-06-30,WH-IBD,PRD-0091,67,1447200
2026-06-30,WH-ABJ,PRD-0091,100,2160000
2026-06-30,WH-PHC,PRD-0091,68,1468800
2026-06-30,WH-LAG1,PRD-0092,44,1091200
2026-06-30,WH-LAG2,PRD-0092,22,545600
2026-06-30,WH-IBD,PRD-0092,18,446400
2026-06-30,WH-ABJ,PRD-0092,32,793600
2026-06-30,WH-PHC,PRD-0092,23,570400
2026-06-30,WH-LAG1,PRD-0093,87,1687800
2026-06-30,WH-LAG2,PRD-0093,412,7992800
2026-06-30,WH-IBD,PRD-0093,83,1610200
2026-06-30,WH-ABJ,PRD-0093,110,2134000
2026-06-30,WH-PHC,PRD-0093,106,2056400
2026-06-30,WH-LAG1,PRD-0094,27,507600
2026-06-30,WH-LAG2,PRD-0094,41,770800
2026-06-30,WH-IBD,PRD-0094,26,488800
2026-06-30,WH-ABJ,PRD-0094,26,488800
2026-06-30,WH-PHC,PRD-0094,8,150400
2026-06-30,WH-LAG1,PRD-0095,34,574600
2026-06-30,WH-LAG2,PRD-0095,22,371800
2026-06-30,WH-IBD,PRD-0095,22,371800
2026-06-30,WH-ABJ,PRD-0095,20,338000
2026-06-30,WH-PHC,PRD-0095,15,253500
2026-06-30,WH-LAG1,PRD-0096,22,400400
2026-06-30,WH-LAG2,PRD-0096,30,546000
2026-06-30,WH-IBD,PRD-0096,6,109200
2026-06-30,WH-ABJ,PRD-0096,5,91000
2026-06-30,WH-PHC,PRD-0096,20,364000
2026-06-30,WH-LAG1,PRD-0097,21,373800
2026-06-30,WH-LAG2,PRD-0097,42,747600
2026-06-30,WH-IBD,PRD-0097,11,195800
2026-06-30,WH-ABJ,PRD-0097,39,694200
2026-06-30,WH-PHC,PRD-0097,9,160200
2026-06-30,WH-LAG1,PRD-0098,184,2465600
2026-06-30,WH-LAG2,PRD-0098,661,8857400
2026-06-30,WH-IBD,PRD-0098,130,1742000
2026-06-30,WH-ABJ,PRD-0098,223,2988200
2026-06-30,WH-PHC,PRD-0098,140,1876000
2026-06-30,WH-LAG1,PRD-0099,7,88200
2026-06-30,WH-LAG2,PRD-0099,60,756000
2026-06-30,WH-IBD,PRD-0099,36,453600
2026-06-30,WH-ABJ,PRD-0099,9,113400
2026-06-30,WH-PHC,PRD-0099,15,189000
2026-06-30,WH-LAG1,PRD-0100,300,5040000
2026-06-30,WH-LAG2,PRD-0100,820,13776000
2026-06-30,WH-IBD,PRD-0100,176,2956800
2026-06-30,WH-ABJ,PRD-0100,148,2486400
2026-06-30,WH-PHC,PRD-0100,175,2940000
2026-06-30,WH-LAG1,PRD-0101,55,1012000
2026-06-30,WH-LAG2,PRD-0101,61,1122400
2026-06-30,WH-IBD,PRD-0101,21,386400
2026-06-30,WH-ABJ,PRD-0101,32,588800
2026-06-30,WH-PHC,PRD-0101,14,257600
2026-06-30,WH-LAG1,PRD-0102,112,1590400
2026-06-30,WH-LAG2,PRD-0102,276,3919200
2026-06-30,WH-IBD,PRD-0102,7,99400
2026-06-30,WH-ABJ,PRD-0102,60,852000
2026-06-30,WH-PHC,PRD-0102,43,610600
2026-06-30,WH-LAG1,PRD-0103,188,5602400
2026-06-30,WH-LAG2,PRD-0103,168,5006400
2026-06-30,WH-IBD,PRD-0103,76,2264800
2026-06-30,WH-ABJ,PRD-0103,99,2950200
2026-06-30,WH-PHC,PRD-0103,54,1609200
2026-06-30,WH-LAG1,PRD-0104,49,676200
2026-06-30,WH-LAG2,PRD-0104,75,1035000
2026-06-30,WH-IBD,PRD-0104,25,345000
2026-06-30,WH-ABJ,PRD-0104,23,317400
2026-06-30,WH-PHC,PRD-0104,39,538200
2026-06-30,WH-LAG1,PRD-0105,22,761200
2026-06-30,WH-LAG2,PRD-0105,80,2768000
2026-06-30,WH-IBD,PRD-0105,19,657400
2026-06-30,WH-ABJ,PRD-0105,36,1245600
2026-06-30,WH-PHC,PRD-0105,29,1003400
2026-06-30,WH-LAG1,PRD-0106,29,951200
2026-06-30,WH-LAG2,PRD-0106,30,984000
2026-06-30,WH-IBD,PRD-0106,7,229600
2026-06-30,WH-ABJ,PRD-0106,35,1148000
2026-06-30,WH-PHC,PRD-0106,10,328000
2026-06-30,WH-LAG1,PRD-0107,30,1002000
2026-06-30,WH-LAG2,PRD-0107,9,300600
2026-06-30,WH-IBD,PRD-0107,8,267200
2026-06-30,WH-ABJ,PRD-0107,12,400800
2026-06-30,WH-PHC,PRD-0107,27,901800
2026-06-30,WH-LAG1,PRD-0108,137,3671600
2026-06-30,WH-LAG2,PRD-0108,505,13534000
2026-06-30,WH-IBD,PRD-0108,122,3269600
2026-06-30,WH-ABJ,PRD-0108,2,53600
2026-06-30,WH-PHC,PRD-0108,117,3135600
2026-06-30,WH-LAG1,PRD-0109,50,1320000
2026-06-30,WH-LAG2,PRD-0109,58,1531200
2026-06-30,WH-IBD,PRD-0109,33,871200
2026-06-30,WH-ABJ,PRD-0109,17,448800
2026-06-30,WH-PHC,PRD-0109,83,2191200
2026-06-30,WH-LAG1,PRD-0110,30,744000
2026-06-30,WH-LAG2,PRD-0110,33,818400
2026-06-30,WH-IBD,PRD-0110,20,496000
2026-06-30,WH-ABJ,PRD-0110,29,719200
2026-06-30,WH-PHC,PRD-0110,17,421600
2026-06-30,WH-LAG1,PRD-0111,55,539000
2026-06-30,WH-LAG2,PRD-0111,71,695800
2026-06-30,WH-IBD,PRD-0111,55,539000
2026-06-30,WH-ABJ,PRD-0111,72,705600
2026-06-30,WH-PHC,PRD-0111,70,686000
2026-06-30,WH-LAG1,PRD-0112,49,578200
2026-06-30,WH-LAG2,PRD-0112,15,177000
2026-06-30,WH-IBD,PRD-0112,21,247800
2026-06-30,WH-ABJ,PRD-0112,28,330400
2026-06-30,WH-PHC,PRD-0112,21,247800
2026-06-30,WH-LAG1,PRD-0113,100,860000
2026-06-30,WH-LAG2,PRD-0113,118,1014800
2026-06-30,WH-IBD,PRD-0113,62,533200
2026-06-30,WH-ABJ,PRD-0113,121,1040600
2026-06-30,WH-PHC,PRD-0113,95,817000
2026-06-30,WH-LAG1,PRD-0114,26,317200
2026-06-30,WH-LAG2,PRD-0114,20,244000
2026-06-30,WH-IBD,PRD-0114,4,48800
2026-06-30,WH-ABJ,PRD-0114,20,244000
2026-06-30,WH-PHC,PRD-0114,15,183000
2026-06-30,WH-LAG1,PRD-0115,138,2263200
2026-06-30,WH-LAG2,PRD-0115,82,1344800
2026-06-30,WH-IBD,PRD-0115,93,1525200
2026-06-30,WH-ABJ,PRD-0115,29,475600
2026-06-30,WH-PHC,PRD-0115,37,606800
2026-06-30,WH-LAG1,PRD-0116,79,1090200
2026-06-30,WH-LAG2,PRD-0116,11,151800
2026-06-30,WH-IBD,PRD-0116,23,317400
2026-06-30,WH-ABJ,PRD-0116,19,262200
2026-06-30,WH-PHC,PRD-0116,48,662400
2026-06-30,WH-LAG1,PRD-0117,82,1246400
2026-06-30,WH-LAG2,PRD-0117,69,1048800
2026-06-30,WH-IBD,PRD-0117,74,1124800
2026-06-30,WH-ABJ,PRD-0117,60,912000
2026-06-30,WH-PHC,PRD-0117,74,1124800
2026-06-30,WH-LAG1,PRD-0118,348,6124800
2026-06-30,WH-LAG2,PRD-0118,103,1812800
2026-06-30,WH-IBD,PRD-0118,59,1038400
2026-06-30,WH-ABJ,PRD-0118,19,334400
2026-06-30,WH-PHC,PRD-0118,119,2094400
2026-06-30,WH-LAG1,PRD-0119,0,0
2026-06-30,WH-LAG2,PRD-0119,14,263200
2026-06-30,WH-IBD,PRD-0119,9,169200
2026-06-30,WH-ABJ,PRD-0119,10,188000
2026-06-30,WH-PHC,PRD-0119,15,282000
2026-06-30,WH-LAG1,PRD-0120,75,930000
2026-06-30,WH-LAG2,PRD-0120,51,632400
2026-06-30,WH-IBD,PRD-0120,101,1252400
2026-06-30,WH-ABJ,PRD-0120,74,917600
2026-06-30,WH-PHC,PRD-0120,183,2269200
2026-06-30,WH-LAG1,PRD-0121,218,4708800
2026-06-30,WH-LAG2,PRD-0121,161,3477600
2026-06-30,WH-IBD,PRD-0121,130,2808000
2026-06-30,WH-ABJ,PRD-0121,184,3974400
2026-06-30,WH-PHC,PRD-0121,46,993600
2026-06-30,WH-LAG1,PRD-0122,196,2900800
2026-06-30,WH-LAG2,PRD-0122,111,1642800
2026-06-30,WH-IBD,PRD-0122,107,1583600
2026-06-30,WH-ABJ,PRD-0122,93,1376400
2026-06-30,WH-PHC,PRD-0122,64,947200
2026-06-30,WH-LAG1,PRD-0123,7,81200
2026-06-30,WH-LAG2,PRD-0123,66,765600
2026-06-30,WH-IBD,PRD-0123,54,626400
2026-06-30,WH-ABJ,PRD-0123,88,1020800
2026-06-30,WH-PHC,PRD-0123,0,0
2026-06-30,WH-LAG1,PRD-0124,51,346800
2026-06-30,WH-LAG2,PRD-0124,32,217600
2026-06-30,WH-IBD,PRD-0124,57,387600
2026-06-30,WH-ABJ,PRD-0124,9,61200
2026-06-30,WH-PHC,PRD-0124,27,183600
2026-06-30,WH-LAG1,PRD-0125,566,7244800
2026-06-30,WH-LAG2,PRD-0125,295,3776000
2026-06-30,WH-IBD,PRD-0125,398,5094400
2026-06-30,WH-ABJ,PRD-0125,398,5094400
2026-06-30,WH-PHC,PRD-0125,270,3456000
2026-06-30,WH-LAG1,PRD-0126,35,826000
2026-06-30,WH-LAG2,PRD-0126,33,778800
2026-06-30,WH-IBD,PRD-0126,46,1085600
2026-06-30,WH-ABJ,PRD-0126,11,259600
2026-06-30,WH-PHC,PRD-0126,78,1840800
2026-06-30,WH-LAG1,PRD-0127,83,1095600
2026-06-30,WH-LAG2,PRD-0127,45,594000
2026-06-30,WH-IBD,PRD-0127,50,660000
2026-06-30,WH-ABJ,PRD-0127,49,646800
2026-06-30,WH-PHC,PRD-0127,45,594000
2026-06-30,WH-LAG1,PRD-0128,98,1646400
2026-06-30,WH-LAG2,PRD-0128,78,1310400
2026-06-30,WH-IBD,PRD-0128,30,504000
2026-06-30,WH-ABJ,PRD-0128,87,1461600
2026-06-30,WH-PHC,PRD-0128,82,1377600
2026-06-30,WH-LAG1,PRD-0129,19,292600
2026-06-30,WH-LAG2,PRD-0129,17,261800
2026-06-30,WH-IBD,PRD-0129,10,154000
2026-06-30,WH-ABJ,PRD-0129,11,169400
2026-06-30,WH-PHC,PRD-0129,8,123200
2026-06-30,WH-LAG1,PRD-0130,36,388800
2026-06-30,WH-LAG2,PRD-0130,39,421200
2026-06-30,WH-IBD,PRD-0130,12,129600
2026-06-30,WH-ABJ,PRD-0130,56,604800
2026-06-30,WH-PHC,PRD-0130,37,399600
2026-06-30,WH-LAG1,PRD-0131,116,2969600
2026-06-30,WH-LAG2,PRD-0131,65,1664000
2026-06-30,WH-IBD,PRD-0131,104,2662400
2026-06-30,WH-ABJ,PRD-0131,52,1331200
2026-06-30,WH-PHC,PRD-0131,73,1868800
2026-06-30,WH-LAG1,PRD-0132,72,2260800
2026-06-30,WH-LAG2,PRD-0132,55,1727000
2026-06-30,WH-IBD,PRD-0132,37,1161800
2026-06-30,WH-ABJ,PRD-0132,41,1287400
2026-06-30,WH-PHC,PRD-0132,54,1695600
2026-06-30,WH-LAG1,PRD-0133,24,571200
2026-06-30,WH-LAG2,PRD-0133,13,309400
2026-06-30,WH-IBD,PRD-0133,6,142800
2026-06-30,WH-ABJ,PRD-0133,43,1023400
2026-06-30,WH-PHC,PRD-0133,35,833000
2026-06-30,WH-LAG1,PRD-0134,14,417200
2026-06-30,WH-LAG2,PRD-0134,22,655600
2026-06-30,WH-IBD,PRD-0134,5,149000
2026-06-30,WH-ABJ,PRD-0134,22,655600
2026-06-30,WH-PHC,PRD-0134,37,1102600
2026-06-30,WH-LAG1,PRD-0135,344,9081600
2026-06-30,WH-LAG2,PRD-0135,205,5412000
2026-06-30,WH-IBD,PRD-0135,118,3115200
2026-06-30,WH-ABJ,PRD-0135,107,2824800
2026-06-30,WH-PHC,PRD-0135,122,3220800
2026-06-30,WH-LAG1,PRD-0136,59,2513400
2026-06-30,WH-LAG2,PRD-0136,21,894600
2026-06-30,WH-IBD,PRD-0136,68,2896800
2026-06-30,WH-ABJ,PRD-0136,64,2726400
2026-06-30,WH-PHC,PRD-0136,18,766800
2026-06-30,WH-LAG1,PRD-0137,116,2807200
2026-06-30,WH-LAG2,PRD-0137,13,314600
2026-06-30,WH-IBD,PRD-0137,0,0
2026-06-30,WH-ABJ,PRD-0137,78,1887600
2026-06-30,WH-PHC,PRD-0137,15,363000
2026-06-30,WH-LAG1,PRD-0138,155,3379000
2026-06-30,WH-LAG2,PRD-0138,31,675800
2026-06-30,WH-IBD,PRD-0138,15,327000
2026-06-30,WH-ABJ,PRD-0138,120,2616000
2026-06-30,WH-PHC,PRD-0138,45,981000
2026-06-30,WH-LAG1,PRD-0139,44,1267200
2026-06-30,WH-LAG2,PRD-0139,66,1900800
2026-06-30,WH-IBD,PRD-0139,47,1353600
2026-06-30,WH-ABJ,PRD-0139,72,2073600
2026-06-30,WH-PHC,PRD-0139,68,1958400
2026-06-30,WH-LAG1,PRD-0140,50,1170000
2026-06-30,WH-LAG2,PRD-0140,34,795600
2026-06-30,WH-IBD,PRD-0140,10,234000
2026-06-30,WH-ABJ,PRD-0140,40,936000
2026-06-30,WH-PHC,PRD-0140,9,210600
2026-06-30,WH-LAG1,PRD-0141,61,1878800
2026-06-30,WH-LAG2,PRD-0141,11,338800
2026-06-30,WH-IBD,PRD-0141,42,1293600
2026-06-30,WH-ABJ,PRD-0141,22,677600
2026-06-30,WH-PHC,PRD-0141,63,1940400
2026-06-30,WH-LAG1,PRD-0142,101,4524800
2026-06-30,WH-LAG2,PRD-0142,71,3180800
2026-06-30,WH-IBD,PRD-0142,116,5196800
2026-06-30,WH-ABJ,PRD-0142,160,7168000
2026-06-30,WH-PHC,PRD-0142,99,4435200
2026-06-30,WH-LAG1,PRD-0143,39,1606800
2026-06-30,WH-LAG2,PRD-0143,24,988800
2026-06-30,WH-IBD,PRD-0143,45,1854000
2026-06-30,WH-ABJ,PRD-0143,30,1236000
2026-06-30,WH-PHC,PRD-0143,26,1071200
2026-06-30,WH-LAG1,PRD-0144,73,1956400
2026-06-30,WH-LAG2,PRD-0144,72,1929600
2026-06-30,WH-IBD,PRD-0144,3,80400
2026-06-30,WH-ABJ,PRD-0144,33,884400
2026-06-30,WH-PHC,PRD-0144,50,1340000
2026-06-30,WH-LAG1,PRD-0145,115,2921000
2026-06-30,WH-LAG2,PRD-0145,12,304800
2026-06-30,WH-IBD,PRD-0145,64,1625600
2026-06-30,WH-ABJ,PRD-0145,78,1981200
2026-06-30,WH-PHC,PRD-0145,33,838200
2026-06-30,WH-LAG1,PRD-0146,2,55600
2026-06-30,WH-LAG2,PRD-0146,41,1139800
2026-06-30,WH-IBD,PRD-0146,43,1195400
2026-06-30,WH-ABJ,PRD-0146,58,1612400
2026-06-30,WH-PHC,PRD-0146,38,1056400
2026-06-30,WH-LAG1,PRD-0147,66,1821600
2026-06-30,WH-LAG2,PRD-0147,49,1352400
2026-06-30,WH-IBD,PRD-0147,34,938400
2026-06-30,WH-ABJ,PRD-0147,59,1628400
2026-06-30,WH-PHC,PRD-0147,18,496800
2026-06-30,WH-LAG1,PRD-0148,32,761600
2026-06-30,WH-LAG2,PRD-0148,55,1309000
2026-06-30,WH-IBD,PRD-0148,44,1047200
2026-06-30,WH-ABJ,PRD-0148,14,333200
2026-06-30,WH-PHC,PRD-0148,44,1047200
2026-06-30,WH-LAG1,PRD-0149,63,2507400
2026-06-30,WH-LAG2,PRD-0149,21,835800
2026-06-30,WH-IBD,PRD-0149,9,358200
2026-06-30,WH-ABJ,PRD-0149,8,318400
2026-06-30,WH-PHC,PRD-0149,18,716400
2026-06-30,WH-LAG1,PRD-0150,95,3648000
2026-06-30,WH-LAG2,PRD-0150,98,3763200
2026-06-30,WH-IBD,PRD-0150,15,576000
2026-06-30,WH-ABJ,PRD-0150,51,1958400
2026-06-30,WH-PHC,PRD-0150,22,844800
2026-06-30,WH-LAG1,PRD-0151,1466,50723600
2026-06-30,WH-LAG2,PRD-0151,189,6539400
2026-06-30,WH-IBD,PRD-0151,399,13805400
2026-06-30,WH-ABJ,PRD-0151,483,16711800
2026-06-30,WH-PHC,PRD-0151,157,5432200
2026-06-30,WH-LAG1,PRD-0152,39,842400
2026-06-30,WH-LAG2,PRD-0152,70,1512000
2026-06-30,WH-IBD,PRD-0152,34,734400
2026-06-30,WH-ABJ,PRD-0152,32,691200
2026-06-30,WH-PHC,PRD-0152,70,1512000
2026-06-30,WH-LAG1,PRD-0153,162,3045600
2026-06-30,WH-LAG2,PRD-0153,177,3327600
2026-06-30,WH-IBD,PRD-0153,50,940000
2026-06-30,WH-ABJ,PRD-0153,149,2801200
2026-06-30,WH-PHC,PRD-0153,115,2162000
2026-06-30,WH-LAG1,PRD-0154,86,2889600
2026-06-30,WH-LAG2,PRD-0154,56,1881600
2026-06-30,WH-IBD,PRD-0154,26,873600
2026-06-30,WH-ABJ,PRD-0154,23,772800
2026-06-30,WH-PHC,PRD-0154,27,907200
2026-06-30,WH-LAG1,PRD-0155,83,4382400
2026-06-30,WH-LAG2,PRD-0155,69,3643200
2026-06-30,WH-IBD,PRD-0155,31,1636800
2026-06-30,WH-ABJ,PRD-0155,85,4488000
2026-06-30,WH-PHC,PRD-0155,41,2164800
2026-06-30,WH-LAG1,PRD-0156,158,7046800
2026-06-30,WH-LAG2,PRD-0156,150,6690000
2026-06-30,WH-IBD,PRD-0156,115,5129000
2026-06-30,WH-ABJ,PRD-0156,152,6779200
2026-06-30,WH-PHC,PRD-0156,39,1739400
2026-06-30,WH-LAG1,PRD-0157,100,1880000
2026-06-30,WH-LAG2,PRD-0157,46,864800
2026-06-30,WH-IBD,PRD-0157,54,1015200
2026-06-30,WH-ABJ,PRD-0157,56,1052800
2026-06-30,WH-PHC,PRD-0157,23,432400
2026-06-30,WH-LAG1,PRD-0158,49,1293600
2026-06-30,WH-LAG2,PRD-0158,11,290400
2026-06-30,WH-IBD,PRD-0158,17,448800
2026-06-30,WH-ABJ,PRD-0158,11,290400
2026-06-30,WH-PHC,PRD-0158,15,396000
2026-06-30,WH-LAG1,PRD-0159,37,732600
2026-06-30,WH-LAG2,PRD-0159,0,0
2026-06-30,WH-IBD,PRD-0159,38,752400
2026-06-30,WH-ABJ,PRD-0159,57,1128600
2026-06-30,WH-PHC,PRD-0159,47,930600
2026-06-30,WH-LAG1,PRD-0160,254,6502400
2026-06-30,WH-LAG2,PRD-0160,64,1638400
2026-06-30,WH-IBD,PRD-0160,85,2176000
2026-06-30,WH-ABJ,PRD-0160,215,5504000
2026-06-30,WH-PHC,PRD-0160,74,1894400
2026-06-30,WH-LAG1,PRD-0161,673,18305600
2026-06-30,WH-LAG2,PRD-0161,140,3808000
2026-06-30,WH-IBD,PRD-0161,114,3100800
2026-06-30,WH-ABJ,PRD-0161,296,8051200
2026-06-30,WH-PHC,PRD-0161,180,4896000
2026-06-30,WH-LAG1,PRD-0162,22,523600
2026-06-30,WH-LAG2,PRD-0162,15,357000
2026-06-30,WH-IBD,PRD-0162,33,785400
2026-06-30,WH-ABJ,PRD-0162,42,999600
2026-06-30,WH-PHC,PRD-0162,62,1475600
2026-06-30,WH-LAG1,PRD-0163,35,756000
2026-06-30,WH-LAG2,PRD-0163,42,907200
2026-06-30,WH-IBD,PRD-0163,67,1447200
2026-06-30,WH-ABJ,PRD-0163,84,1814400
2026-06-30,WH-PHC,PRD-0163,41,885600
2026-06-30,WH-LAG1,PRD-0164,37,621600
2026-06-30,WH-LAG2,PRD-0164,45,756000
2026-06-30,WH-IBD,PRD-0164,58,974400
2026-06-30,WH-ABJ,PRD-0164,21,352800
2026-06-30,WH-PHC,PRD-0164,7,117600
2026-06-30,WH-LAG1,PRD-0165,300,5820000
2026-06-30,WH-LAG2,PRD-0165,57,1105800
2026-06-30,WH-IBD,PRD-0165,40,776000
2026-06-30,WH-ABJ,PRD-0165,50,970000
2026-06-30,WH-PHC,PRD-0165,183,3550200
2026-06-30,WH-LAG1,PRD-0166,131,2855800
2026-06-30,WH-LAG2,PRD-0166,54,1177200
2026-06-30,WH-IBD,PRD-0166,134,2921200
2026-06-30,WH-ABJ,PRD-0166,215,4687000
2026-06-30,WH-PHC,PRD-0166,130,2834000
2026-06-30,WH-LAG1,PRD-0167,125,1350000
2026-06-30,WH-LAG2,PRD-0167,40,432000
2026-06-30,WH-IBD,PRD-0167,61,658800
2026-06-30,WH-ABJ,PRD-0167,19,205200
2026-06-30,WH-PHC,PRD-0167,30,324000
2026-06-30,WH-LAG1,PRD-0168,12,187200
2026-06-30,WH-LAG2,PRD-0168,13,202800
2026-06-30,WH-IBD,PRD-0168,13,202800
2026-06-30,WH-ABJ,PRD-0168,15,234000
2026-06-30,WH-PHC,PRD-0168,35,546000
2026-06-30,WH-LAG1,PRD-0169,40,536000
2026-06-30,WH-LAG2,PRD-0169,38,509200
2026-06-30,WH-IBD,PRD-0169,22,294800
2026-06-30,WH-ABJ,PRD-0169,31,415400
2026-06-30,WH-PHC,PRD-0169,43,576200
2026-06-30,WH-LAG1,PRD-0170,64,908800
2026-06-30,WH-LAG2,PRD-0170,84,1192800
2026-06-30,WH-IBD,PRD-0170,35,497000
2026-06-30,WH-ABJ,PRD-0170,51,724200
2026-06-30,WH-PHC,PRD-0170,18,255600
