OrderID,OrderDate,CustomerID,ProductID,Qty,UOM,UnitPrice,LineTotal
ORD-2024-000014,2024-07-01,CUS-00510,prd-0039,0.21,CARTON,354480,74440.79999999999
ORD-2024-000027,2024-07-01,CUS-00551,prd-0079,2.1,CARTON,468700,984270.0
ORD-2024-000030,2024-07-01,CUS-01213,prd-0082,0.5,CARTON,368760,184380.0
ORD-2024-000040,2024-07-01,CUS-00572,prd-0090,0.42,CARTON,452280,189957.59999999998
ORD-2024-000044,2024-07-01,CUS-01791,prd-0098,1.0,CARTON,183840,183840.0
ORD-2024-000047,2024-07-01,CUS-02105,prd-0100,0.29,CARTON,498720,144628.8
ORD-2024-000056,2024-07-01,CUS-01350,prd-0120,24,EACH,14740,353760
ORD-2024-000058,2024-07-01,CUS-01686,prd-0121,1.5,CARTON,158580,237870.0
ORD-2024-000062,2024-07-01,CUS-02333,prd-0125,6,EACH,15380,92280
ORD-2024-000069,2024-07-01,CUS-01042,prd-0131,0.31,CARTON,1121040,347522.39999999997
ORD-2024-000071,2024-07-01,CUS-00737,prd-0145,0.79,CARTON,763200,602928.0
ORD-2024-000075,2024-07-01,CUS-01962,prd-0151,1.0,CARTON,171360,171360.0
ORD-2024-000076,2024-07-01,CUS-00935,prd-0151,7.0,CARTON,171360,1199520.0
ORD-2024-000096,2024-07-02,CUS-02208,prd-0019,0.04,CARTON,1499520,59980.8
ORD-2024-000098,2024-07-02,CUS-01107,prd-0039,0.46,CARTON,354480,163060.80000000002
ORD-2024-000100,2024-07-02,CUS-00136,prd-0040,0.17,CARTON,338400,57528.0
ORD-2024-000101,2024-07-02,CUS-01796,prd-0040,3,EACH,14100,42300
ORD-2024-000102,2024-07-02,CUS-01421,prd-0041,0.58,CARTON,81960,47536.799999999996
ORD-2024-000115,2024-07-02,CUS-00736,prd-0083,0.33,CARTON,568560,187624.80000000002
ORD-2024-000118,2024-07-02,CUS-00064,prd-0090,2.08,CARTON,452280,940742.3999999999
ORD-2024-000128,2024-07-02,CUS-00615,prd-0111,0.35,CARTON,587520,205632.0
ORD-2024-000133,2024-07-02,CUS-00063,prd-0121,1,EACH,26430,26430
ORD-2024-000137,2024-07-02,CUS-00053,prd-0127,5,EACH,16760,83800
ORD-2024-000138,2024-07-02,CUS-01734,prd-0128,0.67,CARTON,123540,82771.8
ORD-2024-000143,2024-07-02,CUS-01998,prd-0143,0.58,CARTON,583680,338534.39999999997
ORD-2024-000159,2024-07-03,CUS-01752,prd-0010,10,EACH,16050,160500
ORD-2024-000162,2024-07-03,CUS-01848,prd-0023,6,EACH,16940,101640
ORD-2024-000163,2024-07-03,CUS-02493,prd-0025,6,EACH,5090,30540
ORD-2024-000168,2024-07-03,CUS-01374,prd-0047,0.9,CARTON,190600,171540.0
ORD-2024-000188,2024-07-03,CUS-01229,prd-0100,0.25,CARTON,498720,124680.0
ORD-2024-000192,2024-07-03,CUS-01877,prd-0121,1.17,CARTON,158580,185538.59999999998
ORD-2024-000203,2024-07-03,CUS-00393,prd-0151,2.75,CARTON,171360,471240.0
ORD-2024-000204,2024-07-03,CUS-01749,prd-0151,0.5,CARTON,171360,85680.0
ORD-2024-000210,2024-07-03,CUS-02107,prd-0160,0.25,CARTON,1581120,395280.0
ORD-2024-000229,2024-07-04,CUS-02096,prd-0029,10,EACH,11070,110700
ORD-2024-000236,2024-07-04,CUS-00834,prd-0060,0.12,CARTON,2877000,345240.0
ORD-2024-000237,2024-07-04,CUS-00249,prd-0061,12,EACH,16320,195840
ORD-2024-000252,2024-07-04,CUS-02476,prd-0090,0.67,CARTON,452280,303027.60000000003
ORD-2024-000253,2024-07-04,CUS-00159,prd-0090,1.67,CARTON,452280,755307.6
ORD-2024-000254,2024-07-04,CUS-01332,prd-0090,0.75,CARTON,452280,339210.0
ORD-2024-000257,2024-07-04,CUS-02446,prd-0095,4,EACH,20290,81160
ORD-2024-000261,2024-07-04,CUS-01771,prd-0100,0.46,CARTON,498720,229411.2
ORD-2024-000262,2024-07-04,CUS-02346,prd-0100,13,EACH,20780,270140
ORD-2024-000265,2024-07-04,CUS-01649,prd-0103,0.92,CARTON,461760,424819.19999999995
ORD-2024-000271,2024-07-04,CUS-01201,prd-0120,0.46,CARTON,353760,162729.6
ORD-2024-000274,2024-07-04,CUS-01565,prd-0125,0.43,CARTON,461400,198402.0
ORD-2024-000276,2024-07-04,CUS-02443,prd-0126,0.17,CARTON,351240,59710.8
ORD-2024-000284,2024-07-04,CUS-02010,prd-0147,5,EACH,32330,161650
ORD-2024-000292,2024-07-04,CUS-01553,prd-0160,0.08,CARTON,1581120,126489.6
ORD-2024-000300,2024-07-04,CUS-01595,prd-0166,0.19,CARTON,1231200,233928.0
ORD-2024-000306,2024-07-05,CUS-00407,prd-0017,0.42,CARTON,476160,199987.19999999998
ORD-2024-000308,2024-07-05,CUS-02204,prd-0031,4,EACH,36660,146640
ORD-2024-000329,2024-07-05,CUS-01220,prd-0078,3,EACH,33720,101160
ORD-2024-000332,2024-07-05,CUS-02353,prd-0083,6,EACH,23690,142140
ORD-2024-000335,2024-07-05,CUS-01162,prd-0086,0.75,CARTON,338160,253620.0
ORD-2024-000336,2024-07-05,CUS-00802,prd-0090,2,EACH,37690,75380
ORD-2024-000337,2024-07-05,CUS-01470,prd-0090,0.58,CARTON,452280,262322.39999999997
ORD-2024-000338,2024-07-05,CUS-00584,prd-0090,2.25,CARTON,452280,1017630.0
ORD-2024-000341,2024-07-05,CUS-01841,prd-0093,0.17,CARTON,276960,47083.200000000004
ORD-2024-000360,2024-07-05,CUS-02028,prd-0143,0.58,CARTON,583680,338534.39999999997
ORD-2024-000365,2024-07-05,CUS-01833,prd-0151,4.75,CARTON,171360,813960.0
ORD-2024-000366,2024-07-05,CUS-01140,prd-0151,2.0,CARTON,171360,342720.0
ORD-2024-000376,2024-07-05,CUS-01545,prd-0161,0.17,CARTON,1566720,266342.4
ORD-2024-000382,2024-07-06,CUS-02224,prd-0005,0.5,CARTON,37320,18660.0
ORD-2024-000384,2024-07-06,CUS-00586,prd-0018,18,EACH,62570,1126260
ORD-2024-000389,2024-07-06,CUS-01417,prd-0051,2.5,CARTON,172280,430700.0
ORD-2024-000400,2024-07-06,CUS-00755,prd-0076,0.75,CARTON,336600,252450.0
ORD-2024-000403,2024-07-06,CUS-02120,prd-0084,1,EACH,27760,27760
ORD-2024-000420,2024-07-06,CUS-01431,prd-0118,9,EACH,23110,207990
ORD-2024-000424,2024-07-06,CUS-00252,prd-0125,0.17,CARTON,461400,78438.00000000001
ORD-2024-000427,2024-07-06,CUS-01444,prd-0142,0.5,CARTON,624360,312180.0
ORD-2024-000431,2024-07-06,CUS-01997,prd-0156,0.17,CARTON,702840,119482.80000000002
ORD-2024-000434,2024-07-06,CUS-01333,prd-0161,6,EACH,32640,195840
ORD-2024-000443,2024-07-07,CUS-00716,prd-0016,4,EACH,42680,170720
ORD-2024-000445,2024-07-07,CUS-00983,prd-0031,0.62,CARTON,879840,545500.8
ORD-2024-000446,2024-07-07,CUS-01568,prd-0048,9,EACH,16870,151830
ORD-2024-000457,2024-07-07,CUS-00565,prd-0151,3.75,CARTON,171360,642600.0
ORD-2024-000465,2024-07-08,CUS-01419,prd-0035,6,EACH,13660,81960
ORD-2024-000474,2024-07-08,CUS-01524,prd-0064,2.25,CARTON,145400,327150.0
ORD-2024-000483,2024-07-08,CUS-02009,prd-0086,6.67,CARTON,338160,2255527.2
ORD-2024-000484,2024-07-08,CUS-00533,prd-0087,0.5,CARTON,481400,240700.0
ORD-2024-000488,2024-07-08,CUS-01536,prd-0090,8,EACH,37690,301520
ORD-2024-000489,2024-07-08,CUS-01267,prd-0090,0.75,CARTON,452280,339210.0
ORD-2024-000493,2024-07-08,CUS-00930,prd-0093,7,EACH,23080,161560
ORD-2024-000502,2024-07-08,CUS-01839,prd-0109,6,EACH,30700,184200
ORD-2024-000509,2024-07-08,CUS-01751,prd-0121,14,EACH,26430,370020
ORD-2024-000512,2024-07-08,CUS-01054,prd-0125,0.9,CARTON,461400,415260.0
ORD-2024-000518,2024-07-08,CUS-02270,prd-0138,0.04,CARTON,1296960,51878.399999999994
ORD-2024-000519,2024-07-08,CUS-01002,prd-0138,0.23,CARTON,1296960,298300.80000000005
ORD-2024-000523,2024-07-08,CUS-01796,prd-0145,0.25,CARTON,763200,190800.0
ORD-2024-000525,2024-07-08,CUS-00058,prd-0151,3.25,CARTON,171360,556920.0
ORD-2024-000526,2024-07-08,CUS-01485,prd-0151,2.25,CARTON,171360,385560.0
ORD-2024-000532,2024-07-08,CUS-00304,prd-0160,4,EACH,32940,131760
ORD-2024-000551,2024-07-09,CUS-00326,prd-0035,0.5,CARTON,163920,81960.0
ORD-2024-000557,2024-07-09,CUS-01441,prd-0062,0.2,CARTON,894500,178900.0
ORD-2024-000563,2024-07-09,CUS-01136,prd-0083,0.42,CARTON,568560,238795.19999999998
ORD-2024-000564,2024-07-09,CUS-01451,prd-0085,0.08,CARTON,781920,62553.600000000006
ORD-2024-000589,2024-07-09,CUS-01998,prd-0125,0.1,CARTON,461400,46140.0
ORD-2024-000590,2024-07-09,CUS-01136,prd-0125,0.2,CARTON,461400,92280.0
ORD-2024-000591,2024-07-09,CUS-00540,prd-0131,0.06,CARTON,1121040,67262.4
ORD-2024-000592,2024-07-09,CUS-01506,prd-0135,19,EACH,32900,625100
ORD-2024-000600,2024-07-09,CUS-00334,prd-0151,2.5,CARTON,171360,428400.0
ORD-2024-000603,2024-07-09,CUS-00646,prd-0160,21,EACH,32940,691740
ORD-2024-000608,2024-07-10,CUS-01776,prd-0004,1.42,CARTON,53880,76509.59999999999
ORD-2024-000619,2024-07-10,CUS-01998,prd-0058,8,EACH,17980,143840
ORD-2024-000649,2024-07-10,CUS-02467,prd-0102,0.83,CARTON,204600,169818.0
ORD-2024-000653,2024-07-10,CUS-02364,prd-0118,4,EACH,23110,92440
ORD-2024-000655,2024-07-10,CUS-02500,prd-0120,0.54,CARTON,353760,191030.40000000002
ORD-2024-000656,2024-07-10,CUS-00975,prd-0123,0.62,CARTON,345840,214420.80000000002
ORD-2024-000665,2024-07-10,CUS-00556,prd-0142,0.25,CARTON,624360,156090.0
ORD-2024-000678,2024-07-10,CUS-00158,prd-0165,0.06,CARTON,1122240,67334.4
ORD-2024-000681,2024-07-11,CUS-02069,prd-0004,1.67,CARTON,53880,89979.59999999999
ORD-2024-000684,2024-07-11,CUS-01317,prd-0007,11,EACH,17070,187770
ORD-2024-000687,2024-07-11,CUS-01850,prd-0011,31,EACH,17170,532270
ORD-2024-000693,2024-07-11,CUS-02298,prd-0050,0.12,CARTON,130080,15609.599999999999
ORD-2024-000696,2024-07-11,CUS-01519,prd-0063,0.32,CARTON,753500,241120.00000000003
ORD-2024-000700,2024-07-11,CUS-00832,prd-0079,5,EACH,46870,234350
ORD-2024-000709,2024-07-11,CUS-01653,prd-0090,4,EACH,37690,150760
ORD-2024-000710,2024-07-11,CUS-02031,prd-0090,0.67,CARTON,452280,303027.60000000003
ORD-2024-000711,2024-07-11,CUS-02432,prd-0090,6,EACH,37690,226140
ORD-2024-000728,2024-07-11,CUS-01999,prd-0137,0.19,CARTON,1327200,252168.0
ORD-2024-000742,2024-07-11,CUS-01796,prd-0166,6,EACH,25650,153900
ORD-2024-000747,2024-07-12,CUS-00963,prd-0020,0.35,CARTON,1402080,490728.0
ORD-2024-000751,2024-07-12,CUS-00309,prd-0035,0.08,CARTON,163920,13113.599999999999
ORD-2024-000760,2024-07-12,CUS-00173,prd-0060,0.08,CARTON,2877000,230160.0
ORD-2024-000761,2024-07-12,CUS-02306,prd-0064,1.75,CARTON,145400,254450.0
ORD-2024-000762,2024-07-12,CUS-02378,prd-0075,8,EACH,34020,272160
ORD-2024-000766,2024-07-12,CUS-01722,prd-0077,1.17,CARTON,186720,218462.39999999997
ORD-2024-000768,2024-07-12,CUS-00352,prd-0078,0.33,CARTON,404640,133531.2
ORD-2024-000776,2024-07-12,CUS-00709,prd-0090,1.5,CARTON,452280,678420.0
ORD-2024-000777,2024-07-12,CUS-00501,prd-0090,0.17,CARTON,452280,76887.6
ORD-2024-000782,2024-07-12,CUS-00763,prd-0100,13,EACH,20780,270140
ORD-2024-000785,2024-07-12,CUS-02216,prd-0101,10,EACH,22590,225900
ORD-2024-000794,2024-07-12,CUS-02289,prd-0118,1.25,CARTON,277320,346650.0
ORD-2024-000801,2024-07-12,CUS-01339,prd-0125,0.57,CARTON,461400,262997.99999999994
ORD-2024-000802,2024-07-12,CUS-02051,prd-0125,18,EACH,15380,276840
ORD-2024-000808,2024-07-12,CUS-01495,prd-0136,0.08,CARTON,2637600,211008.0
ORD-2024-000816,2024-07-12,CUS-00569,prd-0151,0.25,CARTON,171360,42840.0
ORD-2024-000825,2024-07-12,CUS-00536,prd-0161,11,EACH,32640,359040
ORD-2024-000826,2024-07-12,CUS-00363,prd-0161,3,EACH,32640,97920
ORD-2024-000830,2024-07-13,CUS-01796,prd-0017,0.67,CARTON,476160,319027.2
ORD-2024-000833,2024-07-13,CUS-01533,prd-0031,15,EACH,36660,549900
ORD-2024-000836,2024-07-13,CUS-01320,prd-0046,5,EACH,17360,86800
ORD-2024-000838,2024-07-13,CUS-01417,prd-0059,8,EACH,50810,406480
ORD-2024-000846,2024-07-13,CUS-02089,prd-0074,13,EACH,38390,499070
ORD-2024-000847,2024-07-13,CUS-02430,prd-0074,1.4,CARTON,383900,537460.0
ORD-2024-000849,2024-07-13,CUS-00791,prd-0077,14,EACH,31120,435680
ORD-2024-000852,2024-07-13,CUS-01819,prd-0081,0.4,CARTON,421900,168760.0
ORD-2024-000856,2024-07-13,CUS-01998,prd-0090,1.08,CARTON,452280,488462.4
ORD-2024-000867,2024-07-13,CUS-01327,prd-0122,0.08,CARTON,459360,36748.8
ORD-2024-000872,2024-07-13,CUS-01405,prd-0151,7,EACH,42840,299880
ORD-2024-000878,2024-07-14,CUS-00569,prd-0046,0.85,CARTON,347200,295120.0
ORD-2024-000889,2024-07-14,CUS-02019,prd-0118,0.75,CARTON,277320,207990.0
ORD-2024-000896,2024-07-14,CUS-01925,prd-0160,0.04,CARTON,1581120,63244.8
ORD-2024-000897,2024-07-14,CUS-01979,prd-0162,1,EACH,28900,28900
ORD-2024-000901,2024-07-15,CUS-01750,prd-0004,13,EACH,4490,58370
ORD-2024-000904,2024-07-15,CUS-00941,prd-0022,0.25,CARTON,140160,35040.0
ORD-2024-000940,2024-07-15,CUS-00975,prd-0090,0.58,CARTON,452280,262322.39999999997
ORD-2024-000953,2024-07-15,CUS-02374,prd-0121,1.0,CARTON,158580,158580.0
ORD-2024-000961,2024-07-15,CUS-02315,prd-0157,0.92,CARTON,297720,273902.4
ORD-2024-000962,2024-07-15,CUS-00062,prd-0160,0.06,CARTON,1581120,94867.2
ORD-2024-000966,2024-07-15,CUS-01862,prd-0162,7,EACH,28900,202300
ORD-2024-000988,2024-07-16,CUS-02240,prd-0048,4.2,CARTON,84350,354270.0
ORD-2024-000989,2024-07-16,CUS-01684,prd-0051,0.75,CARTON,172280,129210.0
ORD-2024-001005,2024-07-16,CUS-00800,prd-0077,0.67,CARTON,186720,125102.40000000001
ORD-2024-001009,2024-07-16,CUS-01342,prd-0083,0.04,CARTON,568560,22742.4
ORD-2024-001013,2024-07-16,CUS-01633,prd-0086,7,EACH,28180,197260
ORD-2024-001014,2024-07-16,CUS-01747,prd-0087,1,EACH,24070,24070
ORD-2024-001019,2024-07-16,CUS-02157,prd-0090,0.33,CARTON,452280,149252.40000000002
ORD-2024-001020,2024-07-16,CUS-00716,prd-0090,3.17,CARTON,452280,1433727.6
ORD-2024-001021,2024-07-16,CUS-01404,prd-0090,0.42,CARTON,452280,189957.59999999998
ORD-2024-001037,2024-07-16,CUS-00396,prd-0118,0.5,CARTON,277320,138660.0
ORD-2024-001038,2024-07-16,CUS-00285,prd-0121,1.0,CARTON,158580,158580.0
ORD-2024-001039,2024-07-16,CUS-01339,prd-0121,1.5,CARTON,158580,237870.0
ORD-2024-001041,2024-07-16,CUS-01249,prd-0125,0.07,CARTON,461400,32298.000000000004
ORD-2024-001051,2024-07-16,CUS-00787,prd-0150,7,EACH,47850,334950
ORD-2024-001055,2024-07-16,CUS-00009,prd-0151,2.75,CARTON,171360,471240.0
ORD-2024-001058,2024-07-16,CUS-02381,prd-0156,0.33,CARTON,702840,231937.2
ORD-2024-001064,2024-07-16,CUS-01117,prd-0166,0.17,CARTON,1231200,209304.0
ORD-2024-001067,2024-07-17,CUS-00352,prd-0004,2,EACH,4490,8980
ORD-2024-001074,2024-07-17,CUS-01594,prd-0025,0.75,CARTON,61080,45810.0
ORD-2024-001076,2024-07-17,CUS-00031,prd-0039,0.33,CARTON,354480,116978.40000000001
ORD-2024-001088,2024-07-17,CUS-01156,prd-0057,2.4,CARTON,180400,432960.0
ORD-2024-001092,2024-07-17,CUS-02403,prd-0062,0.04,CARTON,894500,35780.0
ORD-2024-001096,2024-07-17,CUS-01023,prd-0075,4,EACH,34020,136080
ORD-2024-001111,2024-07-17,CUS-00257,prd-0100,1,EACH,20780,20780
ORD-2024-001115,2024-07-17,CUS-01536,prd-0118,0.33,CARTON,277320,91515.6
ORD-2024-001119,2024-07-17,CUS-02197,prd-0125,0.2,CARTON,461400,92280.0
ORD-2024-001124,2024-07-17,CUS-01245,prd-0135,0.12,CARTON,1579200,189504.0
ORD-2024-001128,2024-07-17,CUS-02101,prd-0142,5,EACH,52030,260150
ORD-2024-001135,2024-07-17,CUS-02389,prd-0153,0.08,CARTON,1162560,93004.8
ORD-2024-001142,2024-07-17,CUS-01750,prd-0168,0.67,CARTON,233880,156699.6
ORD-2024-001157,2024-07-18,CUS-02375,prd-0039,0.17,CARTON,354480,60261.600000000006
ORD-2024-001158,2024-07-18,CUS-01715,prd-0039,15,EACH,14770,221550
ORD-2024-001177,2024-07-18,CUS-00781,prd-0083,20,EACH,23690,473800
ORD-2024-001184,2024-07-18,CUS-01554,prd-0090,8,EACH,37690,301520
ORD-2024-001185,2024-07-18,CUS-00352,prd-0090,0.08,CARTON,452280,36182.4
ORD-2024-001195,2024-07-18,CUS-01738,prd-0100,0.08,CARTON,498720,39897.600000000006
ORD-2024-001198,2024-07-18,CUS-00989,prd-0103,4,EACH,38480,153920
ORD-2024-001201,2024-07-18,CUS-02396,prd-0110,10,EACH,30350,303500
ORD-2024-001213,2024-07-18,CUS-01409,prd-0145,0.25,CARTON,763200,190800.0
ORD-2024-001214,2024-07-18,CUS-02412,prd-0145,0.21,CARTON,763200,160272.0
ORD-2024-001228,2024-07-18,CUS-01263,prd-0160,0.08,CARTON,1581120,126489.6
ORD-2024-001230,2024-07-18,CUS-00152,prd-0161,8,EACH,32640,261120
ORD-2024-001234,2024-07-19,CUS-01569,prd-0007,1.58,CARTON,204840,323647.2
ORD-2024-001238,2024-07-19,CUS-02218,prd-0024,10,EACH,9800,98000
ORD-2024-001247,2024-07-19,CUS-01989,prd-0039,0.17,CARTON,354480,60261.600000000006
ORD-2024-001252,2024-07-19,CUS-01307,prd-0060,0.06,CARTON,2877000,172620.0
ORD-2024-001254,2024-07-19,CUS-01948,prd-0062,0.2,CARTON,894500,178900.0
ORD-2024-001257,2024-07-19,CUS-00810,prd-0068,0.17,CARTON,195840,33292.8
ORD-2024-001259,2024-07-19,CUS-00711,prd-0074,3,EACH,38390,115170
ORD-2024-001260,2024-07-19,CUS-00963,prd-0078,1.5,CARTON,404640,606960.0
ORD-2024-001262,2024-07-19,CUS-00241,prd-0083,0.25,CARTON,568560,142140.0
ORD-2024-001283,2024-07-19,CUS-00500,prd-0121,6,EACH,26430,158580
ORD-2024-001294,2024-07-19,CUS-02127,prd-0151,1,EACH,42840,42840
ORD-2024-001302,2024-07-19,CUS-00728,prd-0161,35,EACH,32640,1142400
ORD-2024-001317,2024-07-20,CUS-01074,prd-0023,0.33,CARTON,203280,67082.4
ORD-2024-001323,2024-07-20,CUS-01868,prd-0060,0.12,CARTON,2877000,345240.0
ORD-2024-001325,2024-07-20,CUS-00993,prd-0061,0.04,CARTON,816000,32640.000000000004
ORD-2024-001331,2024-07-20,CUS-00551,prd-0086,2.75,CARTON,338160,929940.0
ORD-2024-001338,2024-07-20,CUS-01601,prd-0090,1.17,CARTON,452280,529167.6
ORD-2024-001345,2024-07-20,CUS-00518,prd-0102,8,EACH,17050,136400
ORD-2024-001362,2024-07-20,CUS-01945,prd-0153,0.08,CARTON,1162560,93004.8
ORD-2024-001382,2024-07-21,CUS-02036,prd-0120,5,EACH,14740,73700
ORD-2024-001385,2024-07-21,CUS-01621,prd-0170,3,EACH,17370,52110
ORD-2024-001397,2024-07-22,CUS-02165,prd-0031,4,EACH,36660,146640
ORD-2024-001406,2024-07-22,CUS-01778,prd-0064,3.0,CARTON,145400,436200.0
ORD-2024-001413,2024-07-22,CUS-01245,prd-0072,1.3,CARTON,426000,553800.0
ORD-2024-001415,2024-07-22,CUS-02142,prd-0074,0.7,CARTON,383900,268730.0
ORD-2024-001444,2024-07-22,CUS-01105,prd-0144,0.08,CARTON,383880,30710.4
ORD-2024-001450,2024-07-22,CUS-01418,prd-0153,11,EACH,24220,266420
ORD-2024-001461,2024-07-23,CUS-01955,prd-0013,0.83,CARTON,143640,119221.20000000001
ORD-2024-001465,2024-07-23,CUS-00690,prd-0035,0.33,CARTON,163920,54093.600000000006
ORD-2024-001471,2024-07-23,CUS-02488,prd-0041,0.83,CARTON,81960,68026.79999999999
ORD-2024-001473,2024-07-23,CUS-02226,prd-0051,0.75,CARTON,172280,129210.0
ORD-2024-001476,2024-07-23,CUS-00173,prd-0052,2.0,CARTON,174520,349040.0
ORD-2024-001477,2024-07-23,CUS-00402,prd-0060,0.02,CARTON,2877000,57540.0
ORD-2024-001478,2024-07-23,CUS-01532,prd-0060,0.28,CARTON,2877000,805560.0
ORD-2024-001491,2024-07-23,CUS-02489,prd-0084,0.25,CARTON,666240,166560.0
ORD-2024-001501,2024-07-23,CUS-00594,prd-0090,0.42,CARTON,452280,189957.59999999998
ORD-2024-001502,2024-07-23,CUS-02024,prd-0090,0.5,CARTON,452280,226140.0
ORD-2024-001507,2024-07-23,CUS-01571,prd-0093,7,EACH,23080,161560
ORD-2024-001510,2024-07-23,CUS-00589,prd-0100,39,EACH,20780,810420
ORD-2024-001513,2024-07-23,CUS-01718,prd-0111,0.29,CARTON,587520,170380.8
ORD-2024-001519,2024-07-23,CUS-00358,prd-0125,0.17,CARTON,461400,78438.00000000001
ORD-2024-001524,2024-07-23,CUS-01541,prd-0151,12,EACH,42840,514080
ORD-2024-001525,2024-07-23,CUS-02013,prd-0151,6,EACH,42840,257040
ORD-2024-001528,2024-07-23,CUS-02270,prd-0160,0.17,CARTON,1581120,268790.4
ORD-2024-001531,2024-07-23,CUS-02235,prd-0165,4,EACH,23380,93520
ORD-2024-001544,2024-07-24,CUS-01255,prd-0025,6,EACH,5090,30540
ORD-2024-001560,2024-07-24,CUS-01867,prd-0057,0.4,CARTON,180400,72160.0
ORD-2024-001566,2024-07-24,CUS-00676,prd-0070,0.4,CARTON,192400,76960.0
ORD-2024-001570,2024-07-24,CUS-01734,prd-0077,1.33,CARTON,186720,248337.60000000003
ORD-2024-001574,2024-07-24,CUS-02172,prd-0082,0.25,CARTON,368760,92190.0
ORD-2024-001585,2024-07-24,CUS-02111,prd-0098,1.0,CARTON,183840,183840.0
ORD-2024-001590,2024-07-24,CUS-00250,prd-0108,0.29,CARTON,738000,214020.0
ORD-2024-001601,2024-07-24,CUS-01464,prd-0144,0.42,CARTON,383880,161229.59999999998
ORD-2024-001607,2024-07-24,CUS-02169,prd-0155,3,EACH,65880,197640
ORD-2024-001614,2024-07-25,CUS-02045,prd-0014,0.5,CARTON,165480,82740.0
ORD-2024-001616,2024-07-25,CUS-02431,prd-0018,0.83,CARTON,750840,623197.2
ORD-2024-001617,2024-07-25,CUS-00721,prd-0023,0.42,CARTON,203280,85377.6
ORD-2024-001618,2024-07-25,CUS-00542,prd-0023,0.5,CARTON,203280,101640.0
ORD-2024-001620,2024-07-25,CUS-00287,prd-0037,16,EACH,25650,410400
ORD-2024-001625,2024-07-25,CUS-00680,prd-0052,2,EACH,43630,87260
ORD-2024-001633,2024-07-25,CUS-00776,prd-0076,0.42,CARTON,336600,141372.0
ORD-2024-001635,2024-07-25,CUS-02498,prd-0078,15,EACH,33720,505800
ORD-2024-001645,2024-07-25,CUS-00391,prd-0091,0.17,CARTON,324120,55100.40000000001
ORD-2024-001647,2024-07-25,CUS-00101,prd-0092,0.5,CARTON,363120,181560.0
ORD-2024-001653,2024-07-25,CUS-00320,prd-0108,35,EACH,30750,1076250
ORD-2024-001668,2024-07-25,CUS-00415,prd-0142,3,EACH,52030,156090
ORD-2024-001669,2024-07-25,CUS-01267,prd-0142,2,EACH,52030,104060
ORD-2024-001680,2024-07-26,CUS-01343,prd-0007,6,EACH,17070,102420
ORD-2024-001690,2024-07-26,CUS-00911,prd-0035,0.17,CARTON,163920,27866.4
ORD-2024-001696,2024-07-26,CUS-00742,prd-0045,7,EACH,7340,51380
ORD-2024-001697,2024-07-26,CUS-01731,prd-0045,0.58,CARTON,88080,51086.399999999994
ORD-2024-001705,2024-07-26,CUS-00127,prd-0065,0.75,CARTON,408000,306000.0
ORD-2024-001714,2024-07-26,CUS-01531,prd-0077,2.0,CARTON,186720,373440.0
ORD-2024-001722,2024-07-26,CUS-00718,prd-0090,0.92,CARTON,452280,416097.60000000003
ORD-2024-001727,2024-07-26,CUS-01329,prd-0100,0.08,CARTON,498720,39897.600000000006
ORD-2024-001729,2024-07-26,CUS-00530,prd-0109,16,EACH,30700,491200
ORD-2024-001730,2024-07-26,CUS-01135,prd-0109,0.58,CARTON,368400,213672.0
ORD-2024-001732,2024-07-26,CUS-01861,prd-0118,0.5,CARTON,277320,138660.0
ORD-2024-001757,2024-07-26,CUS-01623,prd-0164,0.25,CARTON,478080,119520.0
ORD-2024-001760,2024-07-26,CUS-00797,prd-0169,0.12,CARTON,734880,88185.6
ORD-2024-001762,2024-07-27,CUS-02345,prd-0004,8,EACH,4490,35920
ORD-2024-001765,2024-07-27,CUS-00633,prd-0015,0.04,CARTON,425000,17000.0
ORD-2024-001768,2024-07-27,CUS-00970,prd-0031,0.38,CARTON,879840,334339.19999999995
ORD-2024-001777,2024-07-27,CUS-02120,prd-0083,0.42,CARTON,568560,238795.19999999998
ORD-2024-001784,2024-07-27,CUS-01942,prd-0095,0.5,CARTON,243480,121740.0
ORD-2024-001785,2024-07-27,CUS-00363,prd-0096,0.75,CARTON,276720,207540.0
ORD-2024-001793,2024-07-27,CUS-00560,prd-0117,0.08,CARTON,840960,67276.8
ORD-2024-001794,2024-07-27,CUS-01308,prd-0118,12,EACH,23110,277320
ORD-2024-001799,2024-07-27,CUS-02247,prd-0125,0.2,CARTON,461400,92280.0
ORD-2024-001800,2024-07-27,CUS-00817,prd-0125,32,EACH,15380,492160
ORD-2024-001807,2024-07-27,CUS-01908,prd-0143,0.92,CARTON,583680,536985.6000000001
ORD-2024-001820,2024-07-28,CUS-00426,prd-0016,0.58,CARTON,512160,297052.8
ORD-2024-001823,2024-07-28,CUS-00434,prd-0031,0.25,CARTON,879840,219960.0
ORD-2024-001824,2024-07-28,CUS-01789,prd-0033,0.54,CARTON,264960,143078.40000000002
ORD-2024-001825,2024-07-28,CUS-01777,prd-0037,2,EACH,25650,51300
ORD-2024-001829,2024-07-28,CUS-02033,prd-0078,0.42,CARTON,404640,169948.8
ORD-2024-001840,2024-07-28,CUS-00287,prd-0108,0.21,CARTON,738000,154980.0
ORD-2024-001844,2024-07-28,CUS-01147,prd-0151,3,EACH,42840,128520
ORD-2024-001845,2024-07-28,CUS-01419,prd-0151,0.75,CARTON,171360,128520.0
ORD-2024-001854,2024-07-29,CUS-01366,prd-0035,5,EACH,13660,68300
ORD-2024-001882,2024-07-29,CUS-01634,prd-0090,1.92,CARTON,452280,868377.6000000001
ORD-2024-001883,2024-07-29,CUS-01599,prd-0090,15,EACH,37690,565350
ORD-2024-001884,2024-07-29,CUS-00081,prd-0090,1.92,CARTON,452280,868377.6000000001
ORD-2024-001902,2024-07-29,CUS-01751,prd-0120,0.17,CARTON,353760,60139.200000000004
ORD-2024-001916,2024-07-29,CUS-01602,prd-0143,2.0,CARTON,583680,1167360.0
ORD-2024-001924,2024-07-29,CUS-00791,prd-0156,0.42,CARTON,702840,295192.8
ORD-2024-001930,2024-07-30,CUS-02142,prd-0008,0.83,CARTON,196320,162945.59999999998
ORD-2024-001934,2024-07-30,CUS-01927,prd-0018,0.33,CARTON,750840,247777.2
ORD-2024-001937,2024-07-30,CUS-01312,prd-0031,0.08,CARTON,879840,70387.20000000001
ORD-2024-001938,2024-07-30,CUS-01447,prd-0033,0.25,CARTON,264960,66240.0
ORD-2024-001941,2024-07-30,CUS-00955,prd-0037,0.46,CARTON,615600,283176.0
ORD-2024-001949,2024-07-30,CUS-01758,prd-0060,0.1,CARTON,2877000,287700.0
ORD-2024-001955,2024-07-30,CUS-00946,prd-0065,16,EACH,34000,544000
ORD-2024-001959,2024-07-30,CUS-00756,prd-0070,0.3,CARTON,192400,57720.0
ORD-2024-001962,2024-07-30,CUS-01640,prd-0076,2.33,CARTON,336600,784278.0
ORD-2024-001985,2024-07-30,CUS-01772,prd-0100,0.29,CARTON,498720,144628.8
ORD-2024-001990,2024-07-30,CUS-00873,prd-0109,0.75,CARTON,368400,276300.0
ORD-2024-001996,2024-07-30,CUS-00321,prd-0138,0.06,CARTON,1296960,77817.6
ORD-2024-002000,2024-07-30,CUS-01942,prd-0145,0.17,CARTON,763200,129744.0
ORD-2024-002008,2024-07-30,CUS-00326,prd-0157,15,EACH,24810,372150
ORD-2024-002019,2024-07-31,CUS-01782,prd-0004,2.58,CARTON,53880,139010.40000000002
ORD-2024-002021,2024-07-31,CUS-00939,prd-0008,1,EACH,16360,16360
ORD-2024-002027,2024-07-31,CUS-01882,prd-0038,8,EACH,15680,125440
ORD-2024-002028,2024-07-31,CUS-00150,prd-0046,1,EACH,17360,17360
ORD-2024-002037,2024-07-31,CUS-00824,prd-0065,0.67,CARTON,408000,273360.0
ORD-2024-002044,2024-07-31,CUS-00343,prd-0090,14,EACH,37690,527660
ORD-2024-002045,2024-07-31,CUS-00994,prd-0090,9,EACH,37690,339210
ORD-2024-002052,2024-07-31,CUS-00249,prd-0101,12,EACH,22590,271080
ORD-2024-002058,2024-07-31,CUS-01274,prd-0120,0.38,CARTON,353760,134428.8
ORD-2024-002062,2024-07-31,CUS-01596,prd-0125,0.17,CARTON,461400,78438.00000000001
ORD-2024-002063,2024-07-31,CUS-01587,prd-0125,8,EACH,15380,123040
ORD-2024-002066,2024-07-31,CUS-01928,prd-0128,1.83,CARTON,123540,226078.2
ORD-2024-002072,2024-07-31,CUS-01116,prd-0144,1.58,CARTON,383880,606530.4
ORD-2024-002077,2024-07-31,CUS-00443,prd-0154,0.12,CARTON,1019280,122313.59999999999
ORD-2024-002081,2024-07-31,CUS-00086,prd-0160,5,EACH,32940,164700
ORD-2024-002085,2024-08-01,CUS-00249,prd-0011,0.62,CARTON,412080,255489.59999999998
ORD-2024-002093,2024-08-01,CUS-02010,prd-0047,7,EACH,19060,133420
ORD-2024-002096,2024-08-01,CUS-01320,prd-0061,0.08,CARTON,816000,65280.00000000001
ORD-2024-002104,2024-08-01,CUS-00931,prd-0082,1,EACH,30730,30730
ORD-2024-002112,2024-08-01,CUS-01275,prd-0090,19,EACH,37690,716110
ORD-2024-002124,2024-08-01,CUS-01540,prd-0142,1.25,CARTON,624360,780450.0
ORD-2024-002125,2024-08-01,CUS-01759,prd-0142,0.17,CARTON,624360,106141.20000000001
ORD-2024-002132,2024-08-01,CUS-02060,prd-0151,1.5,CARTON,171360,257040.0
ORD-2024-002133,2024-08-01,CUS-01039,prd-0151,10,EACH,42840,428400
ORD-2024-002135,2024-08-01,CUS-00434,prd-0152,0.08,CARTON,1195200,95616.0
ORD-2024-002149,2024-08-02,CUS-00546,prd-0031,10,EACH,36660,366600
ORD-2024-002150,2024-08-02,CUS-00547,prd-0037,0.67,CARTON,615600,412452.0
ORD-2024-002162,2024-08-02,CUS-01135,prd-0071,7,EACH,17380,121660
ORD-2024-002166,2024-08-02,CUS-02485,prd-0082,1.42,CARTON,368760,523639.19999999995
ORD-2024-002179,2024-08-02,CUS-01775,prd-0090,8,EACH,37690,301520
ORD-2024-002184,2024-08-02,CUS-02106,prd-0098,1.08,CARTON,183840,198547.2
ORD-2024-002191,2024-08-02,CUS-01094,prd-0117,0.08,CARTON,840960,67276.8
ORD-2024-002205,2024-08-02,CUS-01542,prd-0151,2.0,CARTON,171360,342720.0
ORD-2024-002220,2024-08-03,CUS-00356,prd-0021,0.17,CARTON,1163400,197778.0
ORD-2024-002231,2024-08-03,CUS-02117,prd-0060,0.26,CARTON,2877000,748020.0
ORD-2024-002232,2024-08-03,CUS-00711,prd-0067,0.54,CARTON,297120,160444.80000000002
ORD-2024-002233,2024-08-03,CUS-02448,prd-0067,6,EACH,12380,74280
ORD-2024-002249,2024-08-03,CUS-01060,prd-0108,0.79,CARTON,738000,583020.0
ORD-2024-002254,2024-08-03,CUS-01188,prd-0121,4.0,CARTON,158580,634320.0
ORD-2024-002256,2024-08-03,CUS-01220,prd-0125,0.1,CARTON,461400,46140.0
ORD-2024-002271,2024-08-03,CUS-00379,prd-0153,0.1,CARTON,1162560,116256.0
ORD-2024-002275,2024-08-03,CUS-02500,prd-0161,0.12,CARTON,1566720,188006.4
ORD-2024-002279,2024-08-03,CUS-00828,prd-0167,0.22,CARTON,504720,111038.40000000001
ORD-2024-002295,2024-08-04,CUS-00207,prd-0098,0.75,CARTON,183840,137880.0
ORD-2024-002298,2024-08-04,CUS-01843,prd-0111,2,EACH,12240,24480
ORD-2024-002307,2024-08-05,CUS-01400,prd-0006,0.83,CARTON,36720,30477.6
ORD-2024-002311,2024-08-05,CUS-01308,prd-0014,0.33,CARTON,165480,54608.399999999994
ORD-2024-002315,2024-08-05,CUS-01202,prd-0028,0.33,CARTON,58920,19443.600000000002
ORD-2024-002334,2024-08-05,CUS-02228,prd-0084,3,EACH,27760,83280
ORD-2024-002349,2024-08-05,CUS-02294,prd-0115,0.5,CARTON,1018080,509040.0
ORD-2024-002355,2024-08-05,CUS-01932,prd-0120,0.25,CARTON,353760,88440.0
ORD-2024-002364,2024-08-05,CUS-00989,prd-0149,2.25,CARTON,183520,412920.0
ORD-2024-002372,2024-08-05,CUS-02345,prd-0160,6,EACH,32940,197640
ORD-2024-002380,2024-08-06,CUS-01321,prd-0039,0.67,CARTON,354480,237501.60000000003
ORD-2024-002387,2024-08-06,CUS-01874,prd-0068,1.58,CARTON,195840,309427.2
ORD-2024-002390,2024-08-06,CUS-01619,prd-0077,1.5,CARTON,186720,280080.0
ORD-2024-002401,2024-08-06,CUS-01701,prd-0090,9,EACH,37690,339210
ORD-2024-002402,2024-08-06,CUS-00415,prd-0090,0.5,CARTON,452280,226140.0
ORD-2024-002410,2024-08-06,CUS-00896,prd-0098,4,EACH,15320,61280
ORD-2024-002423,2024-08-06,CUS-01746,prd-0131,21,EACH,31140,653940
ORD-2024-002425,2024-08-06,CUS-00170,prd-0135,0.79,CARTON,1579200,1247568.0
ORD-2024-002431,2024-08-06,CUS-01919,prd-0142,0.67,CARTON,624360,418321.19999999995
ORD-2024-002435,2024-08-06,CUS-02240,prd-0151,1.25,CARTON,171360,214200.0
ORD-2024-002441,2024-08-06,CUS-00143,prd-0156,0.17,CARTON,702840,119482.80000000002
ORD-2024-002446,2024-08-06,CUS-01576,prd-0166,8,EACH,25650,205200
ORD-2024-002458,2024-08-07,CUS-00940,prd-0039,5,EACH,14770,73850
ORD-2024-002463,2024-08-07,CUS-01998,prd-0057,4,EACH,18040,72160
ORD-2024-002466,2024-08-07,CUS-02432,prd-0064,14.5,CARTON,145400,2108300.0
ORD-2024-002468,2024-08-07,CUS-01229,prd-0072,0.3,CARTON,426000,127800.0
ORD-2024-002475,2024-08-07,CUS-01771,prd-0085,0.25,CARTON,781920,195480.0
ORD-2024-002482,2024-08-07,CUS-00470,prd-0090,3,EACH,37690,113070
ORD-2024-002483,2024-08-07,CUS-01475,prd-0090,17,EACH,37690,640730
ORD-2024-002486,2024-08-07,CUS-00804,prd-0093,0.75,CARTON,276960,207720.0
ORD-2024-002487,2024-08-07,CUS-00928,prd-0093,17,EACH,23080,392360
ORD-2024-002492,2024-08-07,CUS-01416,prd-0100,0.25,CARTON,498720,124680.0
ORD-2024-002509,2024-08-07,CUS-00931,prd-0143,0.25,CARTON,583680,145920.0
ORD-2024-002518,2024-08-07,CUS-00150,prd-0156,0.25,CARTON,702840,175710.0
ORD-2024-002519,2024-08-07,CUS-00081,prd-0160,0.27,CARTON,1581120,426902.4
ORD-2024-002536,2024-08-08,CUS-02440,prd-0060,0.06,CARTON,2877000,172620.0
ORD-2024-002537,2024-08-08,CUS-01292,prd-0061,5,EACH,16320,81600
ORD-2024-002557,2024-08-08,CUS-01037,prd-0090,0.33,CARTON,452280,149252.40000000002
ORD-2024-002558,2024-08-08,CUS-01684,prd-0090,0.42,CARTON,452280,189957.59999999998
ORD-2024-002561,2024-08-08,CUS-01433,prd-0093,0.58,CARTON,276960,160636.8
ORD-2024-002564,2024-08-08,CUS-00063,prd-0105,0.92,CARTON,492720,453302.4
ORD-2024-002589,2024-08-08,CUS-00716,prd-0152,0.06,CARTON,1195200,71712.0
ORD-2024-002591,2024-08-08,CUS-02157,prd-0156,1.08,CARTON,702840,759067.2000000001
ORD-2024-002602,2024-08-09,CUS-01542,prd-0007,0.25,CARTON,204840,51210.0
ORD-2024-002609,2024-08-09,CUS-00217,prd-0036,0.1,CARTON,820000,82000.0
ORD-2024-002614,2024-08-09,CUS-01611,prd-0051,0.75,CARTON,172280,129210.0
ORD-2024-002615,2024-08-09,CUS-01079,prd-0057,4,EACH,18040,72160
ORD-2024-002618,2024-08-09,CUS-01630,prd-0060,0.2,CARTON,2877000,575400.0
ORD-2024-002622,2024-08-09,CUS-01298,prd-0064,1.75,CARTON,145400,254450.0
ORD-2024-002627,2024-08-09,CUS-02238,prd-0086,0.5,CARTON,338160,169080.0
ORD-2024-002628,2024-08-09,CUS-01653,prd-0086,5,EACH,28180,140900
ORD-2024-002658,2024-08-09,CUS-01276,prd-0142,1.5,CARTON,624360,936540.0
ORD-2024-002659,2024-08-09,CUS-00699,prd-0143,0.5,CARTON,583680,291840.0
ORD-2024-002662,2024-08-09,CUS-00883,prd-0151,0.5,CARTON,171360,85680.0
ORD-2024-002681,2024-08-10,CUS-01398,prd-0051,3.0,CARTON,172280,516840.0
ORD-2024-002683,2024-08-10,CUS-01043,prd-0060,0.08,CARTON,2877000,230160.0
ORD-2024-002687,2024-08-10,CUS-00400,prd-0082,0.5,CARTON,368760,184380.0
ORD-2024-002706,2024-08-10,CUS-01952,prd-0118,0.83,CARTON,277320,230175.59999999998
ORD-2024-002718,2024-08-10,CUS-00387,prd-0151,1.25,CARTON,171360,214200.0
ORD-2024-002728,2024-08-11,CUS-00091,prd-0017,1.08,CARTON,476160,514252.80000000005
ORD-2024-002729,2024-08-11,CUS-01541,prd-0023,15,EACH,16940,254100
ORD-2024-002734,2024-08-11,CUS-02208,prd-0057,1.7,CARTON,180400,306680.0
ORD-2024-002739,2024-08-11,CUS-02172,prd-0064,4,EACH,36350,145400
ORD-2024-002749,2024-08-11,CUS-00494,prd-0136,12,EACH,54950,659400
ORD-2024-002756,2024-08-11,CUS-01370,prd-0151,14,EACH,42840,599760
ORD-2024-002760,2024-08-12,CUS-00565,prd-0007,0.33,CARTON,204840,67597.20000000001
ORD-2024-002774,2024-08-12,CUS-01275,prd-0065,0.58,CARTON,408000,236640.0
ORD-2024-002787,2024-08-12,CUS-00621,prd-0091,6,EACH,27010,162060
ORD-2024-002819,2024-08-12,CUS-02488,prd-0156,0.83,CARTON,702840,583357.2
ORD-2024-002820,2024-08-12,CUS-02422,prd-0156,1.0,CARTON,702840,702840.0
ORD-2024-002832,2024-08-13,CUS-01463,prd-0029,0.33,CARTON,265680,87674.40000000001
ORD-2024-002833,2024-08-13,CUS-01050,prd-0031,19,EACH,36660,696540
ORD-2024-002834,2024-08-13,CUS-01098,prd-0033,8,EACH,11040,88320
ORD-2024-002838,2024-08-13,CUS-01942,prd-0048,4.4,CARTON,84350,371140.0
ORD-2024-002857,2024-08-13,CUS-00649,prd-0090,0.17,CARTON,452280,76887.6
ORD-2024-002862,2024-08-13,CUS-01967,prd-0100,7,EACH,20780,145460
ORD-2024-002867,2024-08-13,CUS-02299,prd-0109,0.25,CARTON,368400,92100.0
ORD-2024-002875,2024-08-13,CUS-00543,prd-0122,0.75,CARTON,459360,344520.0
ORD-2024-002880,2024-08-13,CUS-00577,prd-0125,0.1,CARTON,461400,46140.0
ORD-2024-002883,2024-08-13,CUS-01201,prd-0131,3,EACH,31140,93420
ORD-2024-002890,2024-08-13,CUS-01572,prd-0151,24,EACH,42840,1028160
ORD-2024-002892,2024-08-13,CUS-01539,prd-0154,0.12,CARTON,1019280,122313.59999999999
ORD-2024-002898,2024-08-13,CUS-02413,prd-0162,0.17,CARTON,693600,117912.0
ORD-2024-002900,2024-08-13,CUS-02430,prd-0165,0.06,CARTON,1122240,67334.4
ORD-2024-002902,2024-08-14,CUS-02322,prd-0005,1.25,CARTON,37320,46650.0
ORD-2024-002905,2024-08-14,CUS-02300,prd-0016,6,EACH,42680,256080
ORD-2024-002910,2024-08-14,CUS-00257,prd-0025,0.25,CARTON,61080,15270.0
ORD-2024-002915,2024-08-14,CUS-01222,prd-0033,0.21,CARTON,264960,55641.600000000006
ORD-2024-002923,2024-08-14,CUS-00361,prd-0061,0.38,CARTON,816000,310080.0
ORD-2024-002929,2024-08-14,CUS-00557,prd-0085,3,EACH,32580,97740
ORD-2024-002937,2024-08-14,CUS-01409,prd-0090,0.5,CARTON,452280,226140.0
ORD-2024-002941,2024-08-14,CUS-02301,prd-0097,7,EACH,21780,152460
ORD-2024-002949,2024-08-14,CUS-01479,prd-0125,0.07,CARTON,461400,32298.000000000004
ORD-2024-002970,2024-08-14,CUS-00192,prd-0158,10,EACH,33720,337200
ORD-2024-002975,2024-08-15,CUS-02018,prd-0003,5,EACH,4840,24200
ORD-2024-002984,2024-08-15,CUS-01229,prd-0039,0.75,CARTON,354480,265860.0
ORD-2024-002992,2024-08-15,CUS-00200,prd-0068,0.83,CARTON,195840,162547.19999999998
ORD-2024-003000,2024-08-15,CUS-01501,prd-0090,1.58,CARTON,452280,714602.4
ORD-2024-003005,2024-08-15,CUS-02050,prd-0091,0.58,CARTON,324120,187989.59999999998
ORD-2024-003006,2024-08-15,CUS-00290,prd-0093,0.08,CARTON,276960,22156.800000000003
ORD-2024-003007,2024-08-15,CUS-02112,prd-0099,10,EACH,14380,143800
ORD-2024-003030,2024-08-15,CUS-00462,prd-0156,8,EACH,58570,468560
ORD-2024-003039,2024-08-16,CUS-00526,prd-0008,1.5,CARTON,196320,294480.0
ORD-2024-003041,2024-08-16,CUS-02465,prd-0018,8,EACH,62570,500560
ORD-2024-003052,2024-08-16,CUS-00423,prd-0046,3,EACH,17360,52080
ORD-2024-003053,2024-08-16,CUS-02030,prd-0049,0.5,CARTON,181900,90950.0
ORD-2024-003058,2024-08-16,CUS-01006,prd-0057,9,EACH,18040,162360
ORD-2024-003060,2024-08-16,CUS-01330,prd-0068,0.67,CARTON,195840,131212.80000000002
ORD-2024-003067,2024-08-16,CUS-00697,prd-0080,19,EACH,23900,454100
ORD-2024-003072,2024-08-16,CUS-01757,prd-0085,0.42,CARTON,781920,328406.4
ORD-2024-003077,2024-08-16,CUS-01948,prd-0090,7,EACH,37690,263830
ORD-2024-003078,2024-08-16,CUS-00391,prd-0090,0.58,CARTON,452280,262322.39999999997
ORD-2024-003090,2024-08-16,CUS-01343,prd-0120,0.21,CARTON,353760,74289.6
ORD-2024-003100,2024-08-16,CUS-02232,prd-0145,5,EACH,31800,159000
ORD-2024-003115,2024-08-17,CUS-00680,prd-0019,0.12,CARTON,1499520,179942.4
ORD-2024-003117,2024-08-17,CUS-01048,prd-0033,0.29,CARTON,264960,76838.4
ORD-2024-003121,2024-08-17,CUS-01825,prd-0057,2,EACH,18040,36080
ORD-2024-003126,2024-08-17,CUS-00681,prd-0077,1.17,CARTON,186720,218462.39999999997
ORD-2024-003131,2024-08-17,CUS-00930,prd-0086,0.75,CARTON,338160,253620.0
ORD-2024-003155,2024-08-17,CUS-01584,prd-0123,16,EACH,14410,230560
ORD-2024-003171,2024-08-17,CUS-01105,prd-0167,0.08,CARTON,504720,40377.600000000006
ORD-2024-003172,2024-08-18,CUS-00398,prd-0004,1.25,CARTON,53880,67350.0
ORD-2024-003203,2024-08-19,CUS-01751,prd-0051,1.0,CARTON,172280,172280.0
ORD-2024-003229,2024-08-19,CUS-00655,prd-0103,0.17,CARTON,461760,78499.20000000001
ORD-2024-003234,2024-08-19,CUS-00653,prd-0118,2,EACH,23110,46220
ORD-2024-003237,2024-08-19,CUS-02327,prd-0125,4,EACH,15380,61520
ORD-2024-003245,2024-08-19,CUS-00598,prd-0141,0.17,CARTON,926400,157488.00000000003
ORD-2024-003247,2024-08-19,CUS-01297,prd-0150,1.25,CARTON,191400,239250.0
ORD-2024-003252,2024-08-19,CUS-00940,prd-0151,3.0,CARTON,171360,514080.0
ORD-2024-003253,2024-08-19,CUS-00268,prd-0151,1.0,CARTON,171360,171360.0
ORD-2024-003260,2024-08-19,CUS-00249,prd-0156,14,EACH,58570,819980
ORD-2024-003290,2024-08-20,CUS-00801,prd-0061,0.18,CARTON,816000,146880.0
ORD-2024-003298,2024-08-20,CUS-01725,prd-0077,0.67,CARTON,186720,125102.40000000001
ORD-2024-003306,2024-08-20,CUS-00053,prd-0086,3,EACH,28180,84540
ORD-2024-003309,2024-08-20,CUS-01162,prd-0090,0.33,CARTON,452280,149252.40000000002
ORD-2024-003327,2024-08-20,CUS-00309,prd-0123,3,EACH,14410,43230
ORD-2024-003329,2024-08-20,CUS-01280,prd-0128,0.5,CARTON,123540,61770.0
ORD-2024-003342,2024-08-20,CUS-01431,prd-0156,0.25,CARTON,702840,175710.0
ORD-2024-003344,2024-08-20,CUS-00446,prd-0160,0.75,CARTON,1581120,1185840.0
ORD-2024-003351,2024-08-21,CUS-02468,prd-0029,0.5,CARTON,265680,132840.0
ORD-2024-003358,2024-08-21,CUS-01535,prd-0064,2,EACH,36350,72700
ORD-2024-003370,2024-08-21,CUS-01902,prd-0090,2.33,CARTON,452280,1053812.4
ORD-2024-003371,2024-08-21,CUS-01937,prd-0090,0.58,CARTON,452280,262322.39999999997
ORD-2024-003384,2024-08-21,CUS-01429,prd-0111,0.19,CARTON,587520,111628.79999999999
ORD-2024-003388,2024-08-21,CUS-01418,prd-0125,0.3,CARTON,461400,138420.0
ORD-2024-003391,2024-08-21,CUS-01798,prd-0128,3.17,CARTON,123540,391621.8
ORD-2024-003395,2024-08-21,CUS-00589,prd-0151,3.75,CARTON,171360,642600.0
ORD-2024-003400,2024-08-21,CUS-01701,prd-0153,21,EACH,24220,508620
ORD-2024-003403,2024-08-21,CUS-02431,prd-0155,0.83,CARTON,790560,656164.7999999999
ORD-2024-003407,2024-08-21,CUS-01488,prd-0161,5,EACH,32640,163200
ORD-2024-003414,2024-08-22,CUS-00321,prd-0017,0.92,CARTON,476160,438067.19999999995
ORD-2024-003450,2024-08-22,CUS-01158,prd-0119,0.75,CARTON,263400,197550.0
ORD-2024-003457,2024-08-22,CUS-02110,prd-0137,0.1,CARTON,1327200,132720.0
ORD-2024-003460,2024-08-22,CUS-00559,prd-0151,3,EACH,42840,128520
ORD-2024-003472,2024-08-22,CUS-01778,prd-0165,5,EACH,23380,116900
ORD-2024-003473,2024-08-22,CUS-01825,prd-0166,0.1,CARTON,1231200,123120.0
ORD-2024-003489,2024-08-23,CUS-02200,prd-0057,2,EACH,18040,36080
ORD-2024-003498,2024-08-23,CUS-00254,prd-0077,0.83,CARTON,186720,154977.59999999998
ORD-2024-003501,2024-08-23,CUS-00239,prd-0083,8,EACH,23690,189520
ORD-2024-003509,2024-08-23,CUS-01998,prd-0098,0.58,CARTON,183840,106627.19999999998
ORD-2024-003511,2024-08-23,CUS-01227,prd-0100,0.21,CARTON,498720,104731.20000000001
ORD-2024-003512,2024-08-23,CUS-00685,prd-0102,0.5,CARTON,204600,102300.0
ORD-2024-003513,2024-08-23,CUS-02003,prd-0103,0.25,CARTON,461760,115440.0
ORD-2024-003516,2024-08-23,CUS-01362,prd-0120,0.17,CARTON,353760,60139.200000000004
ORD-2024-003521,2024-08-23,CUS-01587,prd-0128,2.0,CARTON,123540,247080.0
ORD-2024-003525,2024-08-23,CUS-01807,prd-0139,7,EACH,33360,233520
ORD-2024-003536,2024-08-23,CUS-02019,prd-0160,22,EACH,32940,724680
ORD-2024-003543,2024-08-23,CUS-01135,prd-0165,0.15,CARTON,1122240,168336.0
ORD-2024-003570,2024-08-24,CUS-00050,prd-0090,0.5,CARTON,452280,226140.0
ORD-2024-003571,2024-08-24,CUS-02374,prd-0090,0.58,CARTON,452280,262322.39999999997
ORD-2024-003572,2024-08-24,CUS-02036,prd-0091,7,EACH,27010,189070
ORD-2024-003573,2024-08-24,CUS-01294,prd-0091,1.17,CARTON,324120,379220.39999999997
ORD-2024-003582,2024-08-24,CUS-00289,prd-0125,3,EACH,15380,46140
ORD-2024-003585,2024-08-24,CUS-00832,prd-0138,0.19,CARTON,1296960,246422.40000000002
ORD-2024-003600,2024-08-24,CUS-00081,prd-0169,9,EACH,15310,137790
ORD-2024-003602,2024-08-25,CUS-02349,prd-0016,0.25,CARTON,512160,128040.0
ORD-2024-003617,2024-08-25,CUS-01552,prd-0157,0.42,CARTON,297720,125042.4
ORD-2024-003626,2024-08-26,CUS-00369,prd-0004,2.25,CARTON,53880,121230.0
ORD-2024-003629,2024-08-26,CUS-01529,prd-0005,9,EACH,3110,27990
ORD-2024-003631,2024-08-26,CUS-00997,prd-0007,0.42,CARTON,204840,86032.79999999999
ORD-2024-003647,2024-08-26,CUS-01013,prd-0041,5,EACH,6830,34150
ORD-2024-003651,2024-08-26,CUS-01535,prd-0051,12,EACH,43070,516840
ORD-2024-003654,2024-08-26,CUS-02305,prd-0057,5,EACH,18040,90200
ORD-2024-003658,2024-08-26,CUS-01468,prd-0074,0.7,CARTON,383900,268730.0
ORD-2024-003661,2024-08-26,CUS-02335,prd-0077,3,EACH,31120,93360
ORD-2024-003667,2024-08-26,CUS-01572,prd-0084,0.29,CARTON,666240,193209.59999999998
ORD-2024-003676,2024-08-26,CUS-01035,prd-0090,2.58,CARTON,452280,1166882.4
ORD-2024-003680,2024-08-26,CUS-02216,prd-0091,6,EACH,27010,162060
ORD-2024-003684,2024-08-26,CUS-02349,prd-0103,0.42,CARTON,461760,193939.19999999998
ORD-2024-003685,2024-08-26,CUS-00779,prd-0108,0.08,CARTON,738000,59040.0
ORD-2024-003697,2024-08-26,CUS-02390,prd-0131,30,EACH,31140,934200
ORD-2024-003698,2024-08-26,CUS-01469,prd-0135,0.04,CARTON,1579200,63168.0
ORD-2024-003701,2024-08-26,CUS-02232,prd-0141,4,EACH,38600,154400
ORD-2024-003706,2024-08-26,CUS-00681,prd-0156,7,EACH,58570,409990
ORD-2024-003721,2024-08-27,CUS-00469,prd-0019,0.23,CARTON,1499520,344889.60000000003
ORD-2024-003723,2024-08-27,CUS-00220,prd-0031,0.46,CARTON,879840,404726.4
ORD-2024-003744,2024-08-27,CUS-01625,prd-0077,10,EACH,31120,311200
ORD-2024-003752,2024-08-27,CUS-00842,prd-0090,1,EACH,37690,37690
ORD-2024-003759,2024-08-27,CUS-00554,prd-0097,0.25,CARTON,261360,65340.0
ORD-2024-003770,2024-08-27,CUS-02331,prd-0109,0.92,CARTON,368400,338928.0
ORD-2024-003776,2024-08-27,CUS-00303,prd-0128,1.5,CARTON,123540,185310.0
ORD-2024-003778,2024-08-27,CUS-00393,prd-0141,0.21,CARTON,926400,194544.0
ORD-2024-003784,2024-08-27,CUS-02434,prd-0151,7.75,CARTON,171360,1328040.0
ORD-2024-003801,2024-08-28,CUS-02213,prd-0024,1.33,CARTON,58800,78204.0
ORD-2024-003805,2024-08-28,CUS-00615,prd-0048,0.4,CARTON,84350,33740.0
ORD-2024-003806,2024-08-28,CUS-00067,prd-0048,0.4,CARTON,84350,33740.0
ORD-2024-003826,2024-08-28,CUS-01785,prd-0098,24,EACH,15320,367680
ORD-2024-003827,2024-08-28,CUS-01274,prd-0098,0.58,CARTON,183840,106627.19999999998
ORD-2024-003838,2024-08-28,CUS-01140,prd-0122,0.46,CARTON,459360,211305.59999999998
ORD-2024-003850,2024-08-28,CUS-02090,prd-0153,0.12,CARTON,1162560,139507.2
ORD-2024-003877,2024-08-29,CUS-01796,prd-0068,0.75,CARTON,195840,146880.0
ORD-2024-003878,2024-08-29,CUS-01425,prd-0070,0.7,CARTON,192400,134680.0
ORD-2024-003890,2024-08-29,CUS-00854,prd-0089,0.25,CARTON,520400,130100.0
ORD-2024-003893,2024-08-29,CUS-02422,prd-0090,7,EACH,37690,263830
ORD-2024-003894,2024-08-29,CUS-00696,prd-0090,19,EACH,37690,716110
ORD-2024-003900,2024-08-29,CUS-00832,prd-0093,4,EACH,23080,92320
ORD-2024-003902,2024-08-29,CUS-01180,prd-0098,0.33,CARTON,183840,60667.200000000004
ORD-2024-003908,2024-08-29,CUS-02230,prd-0118,2,EACH,23110,46220
ORD-2024-003910,2024-08-29,CUS-01263,prd-0120,2.0,CARTON,353760,707520.0
ORD-2024-003932,2024-08-29,CUS-01837,prd-0151,2,EACH,42840,85680
ORD-2024-003945,2024-08-29,CUS-01014,prd-0165,19,EACH,23380,444220
ORD-2024-003953,2024-08-30,CUS-01949,prd-0018,16,EACH,62570,1001120
ORD-2024-003958,2024-08-30,CUS-00061,prd-0031,0.71,CARTON,879840,624686.3999999999
ORD-2024-003964,2024-08-30,CUS-00536,prd-0057,2.0,CARTON,180400,360800.0
ORD-2024-003970,2024-08-30,CUS-00893,prd-0068,0.25,CARTON,195840,48960.0
ORD-2024-003973,2024-08-30,CUS-01241,prd-0075,1.0,CARTON,204120,204120.0
ORD-2024-003979,2024-08-30,CUS-00610,prd-0082,0.83,CARTON,368760,306070.8
ORD-2024-003982,2024-08-30,CUS-01421,prd-0086,18,EACH,28180,507240
ORD-2024-003990,2024-08-30,CUS-01531,prd-0090,2.33,CARTON,452280,1053812.4
ORD-2024-003994,2024-08-30,CUS-00537,prd-0093,2.42,CARTON,276960,670243.2
ORD-2024-004001,2024-08-30,CUS-02041,prd-0100,0.21,CARTON,498720,104731.20000000001
ORD-2024-004006,2024-08-30,CUS-01980,prd-0108,9,EACH,30750,276750
ORD-2024-004016,2024-08-30,CUS-00698,prd-0125,0.1,CARTON,461400,46140.0
ORD-2024-004024,2024-08-30,CUS-00191,prd-0142,4,EACH,52030,208120
ORD-2024-004028,2024-08-30,CUS-01745,prd-0151,1.75,CARTON,171360,299880.0
ORD-2024-004032,2024-08-30,CUS-00449,prd-0155,0.75,CARTON,790560,592920.0
ORD-2024-004043,2024-08-31,CUS-00450,prd-0004,0.33,CARTON,53880,17780.4
ORD-2024-004046,2024-08-31,CUS-01524,prd-0015,4,EACH,8500,34000
ORD-2024-004056,2024-08-31,CUS-02263,prd-0068,1.75,CARTON,195840,342720.0
ORD-2024-004064,2024-08-31,CUS-00475,prd-0086,1.0,CARTON,338160,338160.0
ORD-2024-004069,2024-08-31,CUS-02200,prd-0108,17,EACH,30750,522750
ORD-2024-004074,2024-08-31,CUS-01541,prd-0123,1.58,CARTON,345840,546427.2
ORD-2024-004085,2024-08-31,CUS-01432,prd-0153,2,EACH,24220,48440
ORD-2024-004086,2024-08-31,CUS-01418,prd-0157,1.58,CARTON,297720,470397.60000000003
ORD-2024-004094,2024-09-01,CUS-00334,prd-0020,0.27,CARTON,1402080,378561.60000000003
ORD-2024-004101,2024-09-01,CUS-01937,prd-0064,4,EACH,36350,145400
ORD-2024-004102,2024-09-01,CUS-01063,prd-0072,1.8,CARTON,426000,766800.0
ORD-2024-004113,2024-09-01,CUS-00680,prd-0135,0.33,CARTON,1579200,521136.0
ORD-2024-004131,2024-09-02,CUS-01800,prd-0027,0.08,CARTON,59040,4723.200000000001
ORD-2024-004133,2024-09-02,CUS-01611,prd-0039,6,EACH,14770,88620
ORD-2024-004157,2024-09-02,CUS-01308,prd-0090,0.83,CARTON,452280,375392.39999999997
ORD-2024-004158,2024-09-02,CUS-00187,prd-0090,0.33,CARTON,452280,149252.40000000002
ORD-2024-004162,2024-09-02,CUS-02468,prd-0098,1.42,CARTON,183840,261052.8
ORD-2024-004169,2024-09-02,CUS-01878,prd-0115,0.25,CARTON,1018080,254520.0
ORD-2024-004175,2024-09-02,CUS-00743,prd-0141,0.42,CARTON,926400,389088.0
ORD-2024-004185,2024-09-02,CUS-01371,prd-0163,0.04,CARTON,666960,26678.4
ORD-2024-004200,2024-09-03,CUS-00736,prd-0019,3,EACH,31240,93720
ORD-2024-004212,2024-09-03,CUS-00176,prd-0067,32,EACH,12380,396160
ORD-2024-004237,2024-09-03,CUS-00500,prd-0100,0.08,CARTON,498720,39897.600000000006
ORD-2024-004262,2024-09-03,CUS-01394,prd-0149,4.5,CARTON,183520,825840.0
ORD-2024-004268,2024-09-03,CUS-00474,prd-0155,0.42,CARTON,790560,332035.19999999995
ORD-2024-004269,2024-09-03,CUS-00063,prd-0157,0.75,CARTON,297720,223290.0
ORD-2024-004283,2024-09-04,CUS-00559,prd-0027,0.67,CARTON,59040,39556.8
ORD-2024-004303,2024-09-04,CUS-00538,prd-0067,0.21,CARTON,297120,62395.2
ORD-2024-004311,2024-09-04,CUS-01989,prd-0090,1.0,CARTON,452280,452280.0
ORD-2024-004326,2024-09-04,CUS-02468,prd-0122,0.54,CARTON,459360,248054.40000000002
ORD-2024-004329,2024-09-04,CUS-01023,prd-0125,0.63,CARTON,461400,290682.0
ORD-2024-004332,2024-09-04,CUS-01459,prd-0143,2.5,CARTON,583680,1459200.0
ORD-2024-004336,2024-09-04,CUS-00266,prd-0151,2.75,CARTON,171360,471240.0
ORD-2024-004337,2024-09-04,CUS-00265,prd-0152,1.25,CARTON,1195200,1494000.0
ORD-2024-004338,2024-09-04,CUS-00963,prd-0153,0.04,CARTON,1162560,46502.4
ORD-2024-004341,2024-09-04,CUS-02293,prd-0161,0.06,CARTON,1566720,94003.2
ORD-2024-004342,2024-09-04,CUS-00611,prd-0161,4,EACH,32640,130560
ORD-2024-004347,2024-09-04,CUS-01640,prd-0170,0.31,CARTON,625320,193849.19999999998
ORD-2024-004351,2024-09-05,CUS-02488,prd-0004,0.67,CARTON,53880,36099.600000000006
ORD-2024-004354,2024-09-05,CUS-00413,prd-0009,4,EACH,18390,73560
ORD-2024-004358,2024-09-05,CUS-00325,prd-0018,0.17,CARTON,750840,127642.80000000002
ORD-2024-004362,2024-09-05,CUS-02058,prd-0037,8,EACH,25650,205200
ORD-2024-004374,2024-09-05,CUS-00398,prd-0077,2,EACH,31120,62240
ORD-2024-004377,2024-09-05,CUS-01014,prd-0080,5,EACH,23900,119500
ORD-2024-004386,2024-09-05,CUS-01662,prd-0090,0.67,CARTON,452280,303027.60000000003
ORD-2024-004387,2024-09-05,CUS-01470,prd-0090,0.83,CARTON,452280,375392.39999999997
ORD-2024-004394,2024-09-05,CUS-00662,prd-0093,5,EACH,23080,115400
ORD-2024-004402,2024-09-05,CUS-00182,prd-0110,4,EACH,30350,121400
ORD-2024-004405,2024-09-05,CUS-01157,prd-0118,1.08,CARTON,277320,299505.60000000003
ORD-2024-004408,2024-09-05,CUS-00749,prd-0121,0.83,CARTON,158580,131621.4
ORD-2024-004411,2024-09-05,CUS-02197,prd-0122,0.08,CARTON,459360,36748.8
ORD-2024-004420,2024-09-05,CUS-01499,prd-0141,1.0,CARTON,926400,926400.0
ORD-2024-004421,2024-09-05,CUS-01613,prd-0142,17,EACH,52030,884510
ORD-2024-004435,2024-09-05,CUS-02445,prd-0160,0.12,CARTON,1581120,189734.4
ORD-2024-004449,2024-09-06,CUS-00281,prd-0020,0.46,CARTON,1402080,644956.8
ORD-2024-004454,2024-09-06,CUS-01513,prd-0037,0.21,CARTON,615600,129276.0
ORD-2024-004484,2024-09-06,CUS-02443,prd-0090,0.67,CARTON,452280,303027.60000000003
ORD-2024-004488,2024-09-06,CUS-00872,prd-0093,27,EACH,23080,623160
ORD-2024-004491,2024-09-06,CUS-02403,prd-0100,0.33,CARTON,498720,164577.6
ORD-2024-004493,2024-09-06,CUS-01326,prd-0101,6,EACH,22590,135540
ORD-2024-004494,2024-09-06,CUS-02493,prd-0102,0.58,CARTON,204600,118668.0
ORD-2024-004496,2024-09-06,CUS-00040,prd-0105,1.17,CARTON,492720,576482.3999999999
ORD-2024-004499,2024-09-06,CUS-01172,prd-0108,0.83,CARTON,738000,612540.0
ORD-2024-004503,2024-09-06,CUS-01889,prd-0121,27,EACH,26430,713610
ORD-2024-004510,2024-09-06,CUS-00256,prd-0134,0.17,CARTON,1258920,214016.40000000002
ORD-2024-004522,2024-09-06,CUS-01888,prd-0151,2.0,CARTON,171360,342720.0
ORD-2024-004528,2024-09-06,CUS-00998,prd-0160,0.06,CARTON,1581120,94867.2
ORD-2024-004541,2024-09-07,CUS-02425,prd-0041,0.25,CARTON,81960,20490.0
ORD-2024-004542,2024-09-07,CUS-00016,prd-0045,0.83,CARTON,88080,73106.4
ORD-2024-004562,2024-09-07,CUS-00200,prd-0092,0.58,CARTON,363120,210609.59999999998
ORD-2024-004567,2024-09-07,CUS-01837,prd-0102,0.58,CARTON,204600,118668.0
ORD-2024-004588,2024-09-07,CUS-01895,prd-0161,0.4,CARTON,1566720,626688.0
ORD-2024-004595,2024-09-08,CUS-00896,prd-0002,0.83,CARTON,62160,51592.799999999996
ORD-2024-004601,2024-09-08,CUS-01752,prd-0051,5.75,CARTON,172280,990610.0
ORD-2024-004602,2024-09-08,CUS-00177,prd-0057,0.4,CARTON,180400,72160.0
ORD-2024-004605,2024-09-08,CUS-02299,prd-0078,5,EACH,33720,168600
ORD-2024-004612,2024-09-08,CUS-02372,prd-0118,1.58,CARTON,277320,438165.60000000003
ORD-2024-004623,2024-09-09,CUS-02308,prd-0011,0.29,CARTON,412080,119503.19999999998
ORD-2024-004625,2024-09-09,CUS-01202,prd-0015,1,EACH,8500,8500
ORD-2024-004637,2024-09-09,CUS-02197,prd-0065,0.08,CARTON,408000,32640.0
ORD-2024-004638,2024-09-09,CUS-00587,prd-0070,0.2,CARTON,192400,38480.0
ORD-2024-004659,2024-09-09,CUS-00889,prd-0090,2.42,CARTON,452280,1094517.6
ORD-2024-004671,2024-09-09,CUS-00138,prd-0110,1.58,CARTON,364200,575436.0
ORD-2024-004672,2024-09-09,CUS-00228,prd-0118,0.25,CARTON,277320,69330.0
ORD-2024-004677,2024-09-09,CUS-01374,prd-0121,0.67,CARTON,158580,106248.6
ORD-2024-004682,2024-09-09,CUS-00871,prd-0126,0.75,CARTON,351240,263430.0
ORD-2024-004683,2024-09-09,CUS-02044,prd-0128,0.5,CARTON,123540,61770.0
ORD-2024-004685,2024-09-09,CUS-00254,prd-0136,0.08,CARTON,2637600,211008.0
ORD-2024-004690,2024-09-09,CUS-00500,prd-0150,0.5,CARTON,191400,95700.0
ORD-2024-004695,2024-09-09,CUS-01410,prd-0151,1.75,CARTON,171360,299880.0
ORD-2024-004705,2024-09-10,CUS-02262,prd-0008,0.83,CARTON,196320,162945.59999999998
ORD-2024-004707,2024-09-10,CUS-02124,prd-0023,1.42,CARTON,203280,288657.6
ORD-2024-004718,2024-09-10,CUS-01730,prd-0045,0.58,CARTON,88080,51086.399999999994
ORD-2024-004724,2024-09-10,CUS-00991,prd-0062,17,EACH,17890,304130
ORD-2024-004735,2024-09-10,CUS-01962,prd-0083,0.29,CARTON,568560,164882.4
ORD-2024-004749,2024-09-10,CUS-00268,prd-0092,1,EACH,30260,30260
ORD-2024-004759,2024-09-10,CUS-00859,prd-0118,0.33,CARTON,277320,91515.6
ORD-2024-004763,2024-09-10,CUS-01080,prd-0125,0.07,CARTON,461400,32298.000000000004
ORD-2024-004772,2024-09-10,CUS-01065,prd-0153,0.19,CARTON,1162560,220886.40000000002
ORD-2024-004785,2024-09-11,CUS-01406,prd-0007,6,EACH,17070,102420
ORD-2024-004798,2024-09-11,CUS-02213,prd-0047,23,EACH,19060,438380
ORD-2024-004828,2024-09-11,CUS-00677,prd-0100,0.21,CARTON,498720,104731.20000000001
ORD-2024-004833,2024-09-11,CUS-00559,prd-0108,17,EACH,30750,522750
ORD-2024-004846,2024-09-11,CUS-00256,prd-0135,4,EACH,32900,131600
ORD-2024-004848,2024-09-11,CUS-00058,prd-0136,0.21,CARTON,2637600,553896.0
ORD-2024-004849,2024-09-11,CUS-01115,prd-0138,0.12,CARTON,1296960,155635.2
ORD-2024-004857,2024-09-11,CUS-01171,prd-0151,7.25,CARTON,171360,1242360.0
ORD-2024-004879,2024-09-12,CUS-00803,prd-0039,2.17,CARTON,354480,769221.6
ORD-2024-004888,2024-09-12,CUS-02030,prd-0061,0.24,CARTON,816000,195840.0
ORD-2024-004901,2024-09-12,CUS-01991,prd-0086,15,EACH,28180,422700
ORD-2024-004905,2024-09-12,CUS-02319,prd-0090,0.58,CARTON,452280,262322.39999999997
ORD-2024-004906,2024-09-12,CUS-01949,prd-0090,6,EACH,37690,226140
ORD-2024-004910,2024-09-12,CUS-00422,prd-0093,0.33,CARTON,276960,91396.8
ORD-2024-004911,2024-09-12,CUS-01984,prd-0093,1.25,CARTON,276960,346200.0
ORD-2024-004912,2024-09-12,CUS-01611,prd-0100,4,EACH,20780,83120
ORD-2024-004913,2024-09-12,CUS-01339,prd-0100,0.12,CARTON,498720,59846.399999999994
ORD-2024-004925,2024-09-12,CUS-01757,prd-0123,0.12,CARTON,345840,41500.8
ORD-2024-004933,2024-09-12,CUS-00723,prd-0138,6,EACH,27020,162120
ORD-2024-004935,2024-09-12,CUS-02422,prd-0142,7,EACH,52030,364210
ORD-2024-004936,2024-09-12,CUS-02006,prd-0142,0.33,CARTON,624360,206038.80000000002
ORD-2024-004945,2024-09-12,CUS-02412,prd-0151,3.5,CARTON,171360,599760.0
ORD-2024-004946,2024-09-12,CUS-00565,prd-0151,1.25,CARTON,171360,214200.0
ORD-2024-004950,2024-09-12,CUS-02488,prd-0157,4,EACH,24810,99240
ORD-2024-004959,2024-09-13,CUS-01731,prd-0016,1.83,CARTON,512160,937252.8
ORD-2024-004962,2024-09-13,CUS-01275,prd-0027,1,EACH,4920,4920
ORD-2024-004964,2024-09-13,CUS-00338,prd-0034,0.83,CARTON,184200,152886.0
ORD-2024-004967,2024-09-13,CUS-01233,prd-0051,6.75,CARTON,172280,1162890.0
ORD-2024-004970,2024-09-13,CUS-01180,prd-0057,0.3,CARTON,180400,54120.0
ORD-2024-004976,2024-09-13,CUS-00232,prd-0076,16,EACH,28050,448800
ORD-2024-004989,2024-09-13,CUS-00871,prd-0090,0.17,CARTON,452280,76887.6
ORD-2024-004990,2024-09-13,CUS-01509,prd-0090,0.83,CARTON,452280,375392.39999999997
ORD-2024-004991,2024-09-13,CUS-01394,prd-0090,1,EACH,37690,37690
ORD-2024-004992,2024-09-13,CUS-00077,prd-0090,5,EACH,37690,188450
ORD-2024-004997,2024-09-13,CUS-02192,prd-0098,0.58,CARTON,183840,106627.19999999998
ORD-2024-005018,2024-09-13,CUS-02453,prd-0142,0.17,CARTON,624360,106141.20000000001
ORD-2024-005030,2024-09-13,CUS-00897,prd-0162,0.38,CARTON,693600,263568.0
ORD-2024-005035,2024-09-13,CUS-02009,prd-0168,0.42,CARTON,233880,98229.59999999999
ORD-2024-005036,2024-09-14,CUS-02270,prd-0004,0.58,CARTON,53880,31250.399999999998
ORD-2024-005046,2024-09-14,CUS-02247,prd-0048,0.2,CARTON,84350,16870.0
ORD-2024-005053,2024-09-14,CUS-01759,prd-0062,0.2,CARTON,894500,178900.0
ORD-2024-005060,2024-09-14,CUS-01889,prd-0082,0.67,CARTON,368760,247069.2
ORD-2024-005071,2024-09-14,CUS-01016,prd-0118,3,EACH,23110,69330
ORD-2024-005087,2024-09-14,CUS-00629,prd-0156,0.25,CARTON,702840,175710.0
ORD-2024-005125,2024-09-15,CUS-00709,prd-0151,1.0,CARTON,171360,171360.0
ORD-2024-005136,2024-09-16,CUS-00900,prd-0011,22,EACH,17170,377740
ORD-2024-005141,2024-09-16,CUS-01452,prd-0031,0.21,CARTON,879840,184766.4
ORD-2024-005152,2024-09-16,CUS-00694,prd-0061,0.14,CARTON,816000,114240.00000000001
ORD-2024-005156,2024-09-16,CUS-00265,prd-0074,0.2,CARTON,383900,76780.0
ORD-2024-005160,2024-09-16,CUS-00056,prd-0080,0.17,CARTON,286800,48756.00000000001
ORD-2024-005161,2024-09-16,CUS-02136,prd-0080,0.42,CARTON,286800,120456.0
ORD-2024-005181,2024-09-16,CUS-00148,prd-0093,0.25,CARTON,276960,69240.0
ORD-2024-005212,2024-09-16,CUS-01613,prd-0153,14,EACH,24220,339080
ORD-2024-005224,2024-09-17,CUS-01208,prd-0018,0.42,CARTON,750840,315352.8
ORD-2024-005226,2024-09-17,CUS-00214,prd-0026,0.83,CARTON,49800,41334.0
ORD-2024-005229,2024-09-17,CUS-00819,prd-0035,0.42,CARTON,163920,68846.4
ORD-2024-005231,2024-09-17,CUS-02298,prd-0039,9,EACH,14770,132930
ORD-2024-005245,2024-09-17,CUS-01623,prd-0082,0.83,CARTON,368760,306070.8
ORD-2024-005248,2024-09-17,CUS-02050,prd-0083,0.54,CARTON,568560,307022.4
ORD-2024-005259,2024-09-17,CUS-02270,prd-0090,0.25,CARTON,452280,113070.0
ORD-2024-005260,2024-09-17,CUS-02495,prd-0090,0.25,CARTON,452280,113070.0
ORD-2024-005276,2024-09-17,CUS-01260,prd-0122,10,EACH,19140,191400
ORD-2024-005279,2024-09-17,CUS-01029,prd-0125,0.13,CARTON,461400,59982.0
ORD-2024-005280,2024-09-17,CUS-02337,prd-0125,0.1,CARTON,461400,46140.0
ORD-2024-005281,2024-09-17,CUS-00711,prd-0125,7,EACH,15380,107660
ORD-2024-005282,2024-09-17,CUS-00127,prd-0125,0.33,CARTON,461400,152262.00000000003
ORD-2024-005291,2024-09-17,CUS-02362,prd-0151,1.25,CARTON,171360,214200.0
ORD-2024-005296,2024-09-17,CUS-01002,prd-0152,6,EACH,24900,149400
ORD-2024-005299,2024-09-17,CUS-00919,prd-0161,0.08,CARTON,1566720,125337.6
ORD-2024-005312,2024-09-18,CUS-01618,prd-0011,0.08,CARTON,412080,32966.4
ORD-2024-005313,2024-09-18,CUS-01536,prd-0012,0.25,CARTON,441840,110460.0
ORD-2024-005314,2024-09-18,CUS-00869,prd-0018,0.83,CARTON,750840,623197.2
ORD-2024-005319,2024-09-18,CUS-01953,prd-0031,1.08,CARTON,879840,950227.2000000001
ORD-2024-005324,2024-09-18,CUS-02389,prd-0048,0.8,CARTON,84350,67480.0
ORD-2024-005344,2024-09-18,CUS-01495,prd-0090,0.25,CARTON,452280,113070.0
ORD-2024-005359,2024-09-18,CUS-00794,prd-0118,0.33,CARTON,277320,91515.6
ORD-2024-005369,2024-09-18,CUS-00277,prd-0125,7,EACH,15380,107660
ORD-2024-005371,2024-09-18,CUS-00239,prd-0126,4,EACH,29270,117080
ORD-2024-005377,2024-09-18,CUS-01488,prd-0144,5,EACH,31990,159950
ORD-2024-005383,2024-09-18,CUS-01409,prd-0153,4,EACH,24220,96880
ORD-2024-005388,2024-09-18,CUS-01789,prd-0165,0.23,CARTON,1122240,258115.2
ORD-2024-005406,2024-09-19,CUS-01618,prd-0057,0.7,CARTON,180400,126280.0
ORD-2024-005411,2024-09-19,CUS-00182,prd-0061,0.22,CARTON,816000,179520.0
ORD-2024-005428,2024-09-19,CUS-01419,prd-0086,0.92,CARTON,338160,311107.2
ORD-2024-005429,2024-09-19,CUS-00216,prd-0090,0.33,CARTON,452280,149252.40000000002
ORD-2024-005430,2024-09-19,CUS-00250,prd-0090,2.08,CARTON,452280,940742.3999999999
ORD-2024-005431,2024-09-19,CUS-01730,prd-0090,0.5,CARTON,452280,226140.0
ORD-2024-005441,2024-09-19,CUS-01043,prd-0109,0.25,CARTON,368400,92100.0
ORD-2024-005444,2024-09-19,CUS-02297,prd-0122,5,EACH,19140,95700
ORD-2024-005450,2024-09-19,CUS-02429,prd-0139,0.19,CARTON,1601280,304243.19999999995
ORD-2024-005451,2024-09-19,CUS-01913,prd-0144,0.67,CARTON,383880,257199.60000000003
ORD-2024-005462,2024-09-20,CUS-02499,prd-0004,1.0,CARTON,53880,53880.0
ORD-2024-005463,2024-09-20,CUS-02393,prd-0009,0.33,CARTON,220680,72824.40000000001
ORD-2024-005487,2024-09-20,CUS-01944,prd-0076,1.0,CARTON,336600,336600.0
ORD-2024-005490,2024-09-20,CUS-00315,prd-0080,0.17,CARTON,286800,48756.00000000001
ORD-2024-005496,2024-09-20,CUS-01494,prd-0086,1.08,CARTON,338160,365212.80000000005
ORD-2024-005510,2024-09-20,CUS-00807,prd-0110,1.08,CARTON,364200,393336.0
ORD-2024-005514,2024-09-20,CUS-01742,prd-0118,12,EACH,23110,277320
ORD-2024-005524,2024-09-20,CUS-01230,prd-0132,0.19,CARTON,1380960,262382.39999999997
ORD-2024-005531,2024-09-20,CUS-01649,prd-0151,3.0,CARTON,171360,514080.0
ORD-2024-005535,2024-09-20,CUS-01082,prd-0153,27,EACH,24220,653940
ORD-2024-005537,2024-09-20,CUS-00566,prd-0155,0.83,CARTON,790560,656164.7999999999
ORD-2024-005560,2024-09-21,CUS-01982,prd-0046,0.15,CARTON,347200,52080.0
ORD-2024-005578,2024-09-21,CUS-00107,prd-0090,1,EACH,37690,37690
ORD-2024-005585,2024-09-21,CUS-00749,prd-0105,0.92,CARTON,492720,453302.4
ORD-2024-005588,2024-09-21,CUS-01158,prd-0108,0.04,CARTON,738000,29520.0
ORD-2024-005590,2024-09-21,CUS-01841,prd-0118,1.25,CARTON,277320,346650.0
ORD-2024-005592,2024-09-21,CUS-02188,prd-0121,2.5,CARTON,158580,396450.0
ORD-2024-005600,2024-09-21,CUS-01402,prd-0151,2.0,CARTON,171360,342720.0
ORD-2024-005611,2024-09-21,CUS-00718,prd-0166,27,EACH,25650,692550
ORD-2024-005615,2024-09-22,CUS-00763,prd-0004,0.33,CARTON,53880,17780.4
ORD-2024-005618,2024-09-22,CUS-02103,prd-0037,0.17,CARTON,615600,104652.0
ORD-2024-005621,2024-09-22,CUS-01105,prd-0051,4.0,CARTON,172280,689120.0
ORD-2024-005622,2024-09-22,CUS-00838,prd-0057,1.5,CARTON,180400,270600.0
ORD-2024-005627,2024-09-22,CUS-01595,prd-0074,0.7,CARTON,383900,268730.0
ORD-2024-005631,2024-09-22,CUS-00694,prd-0100,0.88,CARTON,498720,438873.60000000003
ORD-2024-005635,2024-09-22,CUS-02209,prd-0125,2,EACH,15380,30760
ORD-2024-005655,2024-09-23,CUS-01699,prd-0023,0.33,CARTON,203280,67082.4
ORD-2024-005663,2024-09-23,CUS-02353,prd-0037,0.08,CARTON,615600,49248.0
ORD-2024-005664,2024-09-23,CUS-02247,prd-0037,4,EACH,25650,102600
ORD-2024-005667,2024-09-23,CUS-02065,prd-0047,0.3,CARTON,190600,57180.0
ORD-2024-005672,2024-09-23,CUS-01096,prd-0056,0.58,CARTON,600480,348278.39999999997
ORD-2024-005675,2024-09-23,CUS-00292,prd-0060,0.08,CARTON,2877000,230160.0
ORD-2024-005681,2024-09-23,CUS-00730,prd-0064,2.0,CARTON,145400,290800.0
ORD-2024-005687,2024-09-23,CUS-00158,prd-0077,5,EACH,31120,155600
ORD-2024-005695,2024-09-23,CUS-01730,prd-0085,0.12,CARTON,781920,93830.4
ORD-2024-005704,2024-09-23,CUS-01633,prd-0090,7,EACH,37690,263830
ORD-2024-005712,2024-09-23,CUS-01776,prd-0093,9,EACH,23080,207720
ORD-2024-005728,2024-09-23,CUS-01510,prd-0118,0.75,CARTON,277320,207990.0
ORD-2024-005736,2024-09-23,CUS-01294,prd-0125,0.17,CARTON,461400,78438.00000000001
ORD-2024-005744,2024-09-23,CUS-00769,prd-0142,0.25,CARTON,624360,156090.0
ORD-2024-005745,2024-09-23,CUS-02200,prd-0145,0.12,CARTON,763200,91584.0
ORD-2024-005748,2024-09-23,CUS-00061,prd-0151,0.5,CARTON,171360,85680.0
ORD-2024-005755,2024-09-23,CUS-02445,prd-0157,1.5,CARTON,297720,446580.0
ORD-2024-005758,2024-09-23,CUS-00320,prd-0166,4,EACH,25650,102600
ORD-2024-005762,2024-09-24,CUS-00063,prd-0012,0.08,CARTON,441840,35347.2
ORD-2024-005775,2024-09-24,CUS-01290,prd-0046,8,EACH,17360,138880
ORD-2024-005805,2024-09-24,CUS-00562,prd-0100,0.29,CARTON,498720,144628.8
ORD-2024-005813,2024-09-24,CUS-02200,prd-0121,1.67,CARTON,158580,264828.6
ORD-2024-005816,2024-09-24,CUS-01211,prd-0125,12,EACH,15380,184560
ORD-2024-005819,2024-09-24,CUS-01162,prd-0135,0.06,CARTON,1579200,94752.0
ORD-2024-005823,2024-09-24,CUS-00207,prd-0145,0.25,CARTON,763200,190800.0
ORD-2024-005829,2024-09-24,CUS-01484,prd-0151,2.0,CARTON,171360,342720.0
ORD-2024-005831,2024-09-24,CUS-00113,prd-0161,5,EACH,32640,163200
ORD-2024-005837,2024-09-25,CUS-01407,prd-0007,1.17,CARTON,204840,239662.8
ORD-2024-005850,2024-09-25,CUS-01307,prd-0035,9,EACH,13660,122940
ORD-2024-005861,2024-09-25,CUS-01167,prd-0068,7,EACH,16320,114240
ORD-2024-005862,2024-09-25,CUS-00285,prd-0077,0.83,CARTON,186720,154977.59999999998
ORD-2024-005871,2024-09-25,CUS-01540,prd-0090,21,EACH,37690,791490
ORD-2024-005882,2024-09-25,CUS-00974,prd-0125,0.3,CARTON,461400,138420.0
ORD-2024-005887,2024-09-25,CUS-01080,prd-0126,10,EACH,29270,292700
ORD-2024-005888,2024-09-25,CUS-00743,prd-0135,0.19,CARTON,1579200,300048.0
ORD-2024-005898,2024-09-25,CUS-00892,prd-0151,1.25,CARTON,171360,214200.0
ORD-2024-005911,2024-09-26,CUS-00616,prd-0004,5,EACH,4490,22450
ORD-2024-005916,2024-09-26,CUS-00087,prd-0018,0.5,CARTON,750840,375420.0
ORD-2024-005921,2024-09-26,CUS-02050,prd-0039,0.25,CARTON,354480,88620.0
ORD-2024-005922,2024-09-26,CUS-01742,prd-0039,0.12,CARTON,354480,42537.6
ORD-2024-005927,2024-09-26,CUS-00434,prd-0057,0.4,CARTON,180400,72160.0
ORD-2024-005928,2024-09-26,CUS-00202,prd-0064,2.0,CARTON,145400,290800.0
ORD-2024-005934,2024-09-26,CUS-02202,prd-0079,3,EACH,46870,140610
ORD-2024-005939,2024-09-26,CUS-01746,prd-0090,0.67,CARTON,452280,303027.60000000003
ORD-2024-005942,2024-09-26,CUS-01736,prd-0091,1.75,CARTON,324120,567210.0
ORD-2024-005943,2024-09-26,CUS-01475,prd-0091,0.42,CARTON,324120,136130.4
ORD-2024-005950,2024-09-26,CUS-01439,prd-0115,18,EACH,21210,381780
ORD-2024-005952,2024-09-26,CUS-01535,prd-0120,0.17,CARTON,353760,60139.200000000004
ORD-2024-005981,2024-09-27,CUS-01442,prd-0011,0.08,CARTON,412080,32966.4
ORD-2024-005985,2024-09-27,CUS-01444,prd-0031,0.54,CARTON,879840,475113.60000000003
ORD-2024-005991,2024-09-27,CUS-01464,prd-0051,1.25,CARTON,172280,215350.0
ORD-2024-005995,2024-09-27,CUS-01991,prd-0064,1.0,CARTON,145400,145400.0
ORD-2024-005998,2024-09-27,CUS-00250,prd-0068,0.25,CARTON,195840,48960.0
ORD-2024-006002,2024-09-27,CUS-02306,prd-0084,11,EACH,27760,305360
ORD-2024-006007,2024-09-27,CUS-02099,prd-0086,0.17,CARTON,338160,57487.200000000004
ORD-2024-006010,2024-09-27,CUS-00083,prd-0090,0.67,CARTON,452280,303027.60000000003
ORD-2024-006014,2024-09-27,CUS-00207,prd-0091,1.33,CARTON,324120,431079.60000000003
ORD-2024-006015,2024-09-27,CUS-01564,prd-0091,1.0,CARTON,324120,324120.0
ORD-2024-006016,2024-09-27,CUS-00476,prd-0093,0.75,CARTON,276960,207720.0
ORD-2024-006024,2024-09-27,CUS-00140,prd-0115,0.21,CARTON,1018080,213796.8
ORD-2024-006028,2024-09-27,CUS-01610,prd-0120,0.75,CARTON,353760,265320.0
ORD-2024-006029,2024-09-27,CUS-00933,prd-0120,0.17,CARTON,353760,60139.200000000004
ORD-2024-006031,2024-09-27,CUS-01989,prd-0121,1.0,CARTON,158580,158580.0
ORD-2024-006050,2024-09-27,CUS-01013,prd-0151,1.25,CARTON,171360,214200.0
ORD-2024-006051,2024-09-27,CUS-01144,prd-0151,0.75,CARTON,171360,128520.0
ORD-2024-006063,2024-09-27,CUS-00730,prd-0165,0.19,CARTON,1122240,213225.59999999998
ORD-2024-006071,2024-09-28,CUS-02039,prd-0007,0.58,CARTON,204840,118807.19999999998
ORD-2024-006078,2024-09-28,CUS-01895,prd-0039,0.5,CARTON,354480,177240.0
ORD-2024-006080,2024-09-28,CUS-00539,prd-0061,1,EACH,16320,16320
ORD-2024-006083,2024-09-28,CUS-01707,prd-0068,10,EACH,16320,163200
ORD-2024-006092,2024-09-28,CUS-00591,prd-0090,0.33,CARTON,452280,149252.40000000002
ORD-2024-006094,2024-09-28,CUS-00749,prd-0091,0.92,CARTON,324120,298190.4
ORD-2024-006099,2024-09-28,CUS-01699,prd-0100,0.25,CARTON,498720,124680.0
ORD-2024-006104,2024-09-28,CUS-00423,prd-0113,0.05,CARTON,625200,31260.0
ORD-2024-006110,2024-09-28,CUS-02124,prd-0125,0.3,CARTON,461400,138420.0
ORD-2024-006114,2024-09-28,CUS-00422,prd-0139,0.46,CARTON,1601280,736588.8
ORD-2024-006115,2024-09-28,CUS-00752,prd-0142,1.33,CARTON,624360,830398.8
ORD-2024-006120,2024-09-28,CUS-00453,prd-0151,3.0,CARTON,171360,514080.0
ORD-2024-006121,2024-09-28,CUS-00736,prd-0155,0.67,CARTON,790560,529675.2000000001
ORD-2024-006122,2024-09-28,CUS-01705,prd-0156,0.5,CARTON,702840,351420.0
ORD-2024-006128,2024-09-28,CUS-00306,prd-0161,0.15,CARTON,1566720,235008.0
ORD-2024-006135,2024-09-29,CUS-01568,prd-0074,0.7,CARTON,383900,268730.0
ORD-2024-006138,2024-09-29,CUS-00594,prd-0090,0.67,CARTON,452280,303027.60000000003
ORD-2024-006143,2024-09-29,CUS-01362,prd-0122,0.08,CARTON,459360,36748.8
ORD-2024-006144,2024-09-29,CUS-02351,prd-0144,3,EACH,31990,95970
ORD-2024-006147,2024-09-29,CUS-01610,prd-0151,1.0,CARTON,171360,171360.0
ORD-2024-006148,2024-09-29,CUS-00601,prd-0160,0.1,CARTON,1581120,158112.0
ORD-2024-006149,2024-09-29,CUS-00963,prd-0160,10,EACH,32940,329400
ORD-2024-006154,2024-09-30,CUS-02058,prd-0004,12,EACH,4490,53880
ORD-2024-006172,2024-09-30,CUS-01035,prd-0072,1.0,CARTON,426000,426000.0
ORD-2024-006180,2024-09-30,CUS-01552,prd-0085,0.21,CARTON,781920,164203.2
ORD-2024-006197,2024-09-30,CUS-00107,prd-0100,0.25,CARTON,498720,124680.0
ORD-2024-006198,2024-09-30,CUS-01967,prd-0100,0.12,CARTON,498720,59846.399999999994
ORD-2024-006205,2024-09-30,CUS-01737,prd-0111,0.88,CARTON,587520,517017.60000000003
ORD-2024-006216,2024-09-30,CUS-01922,prd-0142,0.5,CARTON,624360,312180.0
ORD-2024-006222,2024-09-30,CUS-02186,prd-0151,0.75,CARTON,171360,128520.0
ORD-2024-006235,2024-10-01,CUS-02469,prd-0008,0.75,CARTON,196320,147240.0
ORD-2024-006240,2024-10-01,CUS-00900,prd-0028,1.25,CARTON,58920,73650.0
ORD-2024-006257,2024-10-01,CUS-01613,prd-0086,0.17,CARTON,338160,57487.200000000004
ORD-2024-006279,2024-10-01,CUS-02262,prd-0121,0.17,CARTON,158580,26958.600000000002
ORD-2024-006281,2024-10-01,CUS-01750,prd-0122,0.75,CARTON,459360,344520.0
ORD-2024-006284,2024-10-01,CUS-00214,prd-0125,0.23,CARTON,461400,106122.0
ORD-2024-006285,2024-10-01,CUS-01499,prd-0125,5,EACH,15380,76900
ORD-2024-006289,2024-10-01,CUS-00832,prd-0130,0.29,CARTON,326400,94655.99999999999
ORD-2024-006300,2024-10-01,CUS-00189,prd-0151,1.75,CARTON,171360,299880.0
ORD-2024-006303,2024-10-01,CUS-01689,prd-0152,0.29,CARTON,1195200,346607.99999999994
ORD-2024-006306,2024-10-01,CUS-01035,prd-0155,1.33,CARTON,790560,1051444.8
ORD-2024-006313,2024-10-01,CUS-00106,prd-0163,0.88,CARTON,666960,586924.8
ORD-2024-006314,2024-10-01,CUS-02008,prd-0165,0.33,CARTON,1122240,370339.2
ORD-2024-006340,2024-10-02,CUS-02030,prd-0061,0.18,CARTON,816000,146880.0
ORD-2024-006348,2024-10-02,CUS-01245,prd-0081,0.2,CARTON,421900,84380.0
ORD-2024-006354,2024-10-02,CUS-01323,prd-0086,2.67,CARTON,338160,902887.2
ORD-2024-006360,2024-10-02,CUS-01011,prd-0090,0.25,CARTON,452280,113070.0
ORD-2024-006370,2024-10-02,CUS-01123,prd-0098,0.17,CARTON,183840,31252.800000000003
ORD-2024-006371,2024-10-02,CUS-01575,prd-0098,0.58,CARTON,183840,106627.19999999998
ORD-2024-006375,2024-10-02,CUS-02308,prd-0100,0.29,CARTON,498720,144628.8
ORD-2024-006376,2024-10-02,CUS-00159,prd-0100,0.25,CARTON,498720,124680.0
ORD-2024-006389,2024-10-02,CUS-00633,prd-0138,0.15,CARTON,1296960,194544.0
ORD-2024-006391,2024-10-02,CUS-02169,prd-0142,0.58,CARTON,624360,362128.8
ORD-2024-006413,2024-10-03,CUS-01901,prd-0005,1.0,CARTON,37320,37320.0
ORD-2024-006414,2024-10-03,CUS-00179,prd-0013,0.25,CARTON,143640,35910.0
ORD-2024-006418,2024-10-03,CUS-02294,prd-0037,0.54,CARTON,615600,332424.00000000006
ORD-2024-006435,2024-10-03,CUS-00729,prd-0078,0.67,CARTON,404640,271108.80000000005
ORD-2024-006438,2024-10-03,CUS-00358,prd-0081,10,EACH,42190,421900
ORD-2024-006442,2024-10-03,CUS-01546,prd-0084,5,EACH,27760,138800
ORD-2024-006468,2024-10-03,CUS-01336,prd-0128,1.83,CARTON,123540,226078.2
ORD-2024-006475,2024-10-03,CUS-00721,prd-0137,12,EACH,27650,331800
ORD-2024-006476,2024-10-03,CUS-01039,prd-0138,0.12,CARTON,1296960,155635.2
ORD-2024-006478,2024-10-03,CUS-00496,prd-0140,5,EACH,27740,138700
ORD-2024-006496,2024-10-03,CUS-00842,prd-0161,0.02,CARTON,1566720,31334.4
ORD-2024-006503,2024-10-04,CUS-00434,prd-0004,1.17,CARTON,53880,63039.59999999999
ORD-2024-006517,2024-10-04,CUS-00364,prd-0057,1.4,CARTON,180400,252560.0
ORD-2024-006519,2024-10-04,CUS-02030,prd-0061,0.24,CARTON,816000,195840.0
ORD-2024-006523,2024-10-04,CUS-01321,prd-0074,0.9,CARTON,383900,345510.0
ORD-2024-006528,2024-10-04,CUS-02489,prd-0081,1.5,CARTON,421900,632850.0
ORD-2024-006531,2024-10-04,CUS-00215,prd-0083,0.96,CARTON,568560,545817.6
ORD-2024-006538,2024-10-04,CUS-01230,prd-0090,4.0,CARTON,452280,1809120.0
ORD-2024-006544,2024-10-04,CUS-00019,prd-0098,1.0,CARTON,183840,183840.0
ORD-2024-006549,2024-10-04,CUS-02180,prd-0108,0.12,CARTON,738000,88560.0
ORD-2024-006575,2024-10-04,CUS-00621,prd-0156,10,EACH,58570,585700
ORD-2024-006581,2024-10-04,CUS-00769,prd-0163,1,EACH,27790,27790
ORD-2024-006584,2024-10-04,CUS-00819,prd-0170,15,EACH,17370,260550
ORD-2024-006593,2024-10-05,CUS-00709,prd-0031,0.42,CARTON,879840,369532.8
ORD-2024-006594,2024-10-05,CUS-01995,prd-0035,0.25,CARTON,163920,40980.0
ORD-2024-006623,2024-10-05,CUS-01015,prd-0090,18,EACH,37690,678420
ORD-2024-006624,2024-10-05,CUS-01798,prd-0090,1.75,CARTON,452280,791490.0
ORD-2024-006626,2024-10-05,CUS-01227,prd-0093,0.58,CARTON,276960,160636.8
ORD-2024-006639,2024-10-05,CUS-00252,prd-0142,2.58,CARTON,624360,1610848.7999999998
ORD-2024-006642,2024-10-05,CUS-01117,prd-0151,0.75,CARTON,171360,128520.0
ORD-2024-006643,2024-10-05,CUS-00285,prd-0151,7,EACH,42840,299880
ORD-2024-006645,2024-10-05,CUS-01131,prd-0161,0.06,CARTON,1566720,94003.2
ORD-2024-006650,2024-10-06,CUS-00933,prd-0019,5,EACH,31240,156200
ORD-2024-006651,2024-10-06,CUS-00579,prd-0023,10,EACH,16940,169400
ORD-2024-006658,2024-10-06,CUS-01884,prd-0084,8,EACH,27760,222080
ORD-2024-006663,2024-10-06,CUS-01334,prd-0090,0.67,CARTON,452280,303027.60000000003
ORD-2024-006664,2024-10-06,CUS-01645,prd-0090,0.33,CARTON,452280,149252.40000000002
ORD-2024-006667,2024-10-06,CUS-01172,prd-0099,6,EACH,14380,86280
ORD-2024-006680,2024-10-06,CUS-00053,prd-0151,0.5,CARTON,171360,85680.0
ORD-2024-006687,2024-10-07,CUS-02194,prd-0004,0.17,CARTON,53880,9159.6
ORD-2024-006689,2024-10-07,CUS-00439,prd-0007,24,EACH,17070,409680
ORD-2024-006691,2024-10-07,CUS-00376,prd-0008,3,EACH,16360,49080
ORD-2024-006694,2024-10-07,CUS-00774,prd-0016,0.25,CARTON,512160,128040.0
ORD-2024-006702,2024-10-07,CUS-01493,prd-0035,0.08,CARTON,163920,13113.599999999999
ORD-2024-006737,2024-10-07,CUS-00859,prd-0090,0.42,CARTON,452280,189957.59999999998
ORD-2024-006738,2024-10-07,CUS-00415,prd-0090,4,EACH,37690,150760
ORD-2024-006739,2024-10-07,CUS-00565,prd-0090,0.33,CARTON,452280,149252.40000000002
ORD-2024-006757,2024-10-07,CUS-00961,prd-0108,6,EACH,30750,184500
ORD-2024-006767,2024-10-07,CUS-01037,prd-0125,0.37,CARTON,461400,170718.0
ORD-2024-006768,2024-10-07,CUS-00693,prd-0125,0.5,CARTON,461400,230700.0
ORD-2024-006770,2024-10-07,CUS-01086,prd-0126,8,EACH,29270,234160
ORD-2024-006784,2024-10-07,CUS-01317,prd-0153,0.08,CARTON,1162560,93004.8
ORD-2024-006785,2024-10-07,CUS-00239,prd-0153,0.06,CARTON,1162560,69753.6
ORD-2024-006818,2024-10-08,CUS-02338,prd-0045,3,EACH,7340,22020
ORD-2024-006820,2024-10-08,CUS-00158,prd-0048,14,EACH,16870,236180
ORD-2024-006824,2024-10-08,CUS-02250,prd-0065,0.67,CARTON,408000,273360.0
ORD-2024-006833,2024-10-08,CUS-00324,prd-0084,5,EACH,27760,138800
ORD-2024-006844,2024-10-08,CUS-01115,prd-0097,0.83,CARTON,261360,216928.8
ORD-2024-006849,2024-10-08,CUS-01861,prd-0105,4,EACH,41060,164240
ORD-2024-006855,2024-10-08,CUS-01374,prd-0109,0.58,CARTON,368400,213672.0
ORD-2024-006863,2024-10-08,CUS-00409,prd-0127,0.33,CARTON,201120,66369.6
ORD-2024-006866,2024-10-08,CUS-00462,prd-0135,0.12,CARTON,1579200,189504.0
ORD-2024-006870,2024-10-08,CUS-00800,prd-0151,2.75,CARTON,171360,471240.0
ORD-2024-006883,2024-10-08,CUS-01633,prd-0160,0.15,CARTON,1581120,237168.0
ORD-2024-006888,2024-10-08,CUS-02484,prd-0165,0.17,CARTON,1122240,190780.80000000002
ORD-2024-006891,2024-10-09,CUS-00207,prd-0008,0.83,CARTON,196320,162945.59999999998
ORD-2024-006894,2024-10-09,CUS-01594,prd-0015,0.52,CARTON,425000,221000.0
ORD-2024-006895,2024-10-09,CUS-01495,prd-0016,2,EACH,42680,85360
ORD-2024-006905,2024-10-09,CUS-01455,prd-0057,0.7,CARTON,180400,126280.0
ORD-2024-006908,2024-10-09,CUS-00194,prd-0060,0.26,CARTON,2877000,748020.0
ORD-2024-006911,2024-10-09,CUS-02333,prd-0064,1.5,CARTON,145400,218100.0
ORD-2024-006919,2024-10-09,CUS-01939,prd-0073,0.5,CARTON,379300,189650.0
ORD-2024-006920,2024-10-09,CUS-01217,prd-0076,2,EACH,28050,56100
ORD-2024-006934,2024-10-09,CUS-01234,prd-0090,12,EACH,37690,452280
ORD-2024-006935,2024-10-09,CUS-01594,prd-0090,1.75,CARTON,452280,791490.0
ORD-2024-006936,2024-10-09,CUS-01944,prd-0090,3,EACH,37690,113070
ORD-2024-006940,2024-10-09,CUS-02422,prd-0098,3,EACH,15320,45960
ORD-2024-006944,2024-10-09,CUS-01045,prd-0103,0.67,CARTON,461760,309379.2
ORD-2024-006945,2024-10-09,CUS-01292,prd-0103,0.08,CARTON,461760,36940.8
ORD-2024-006947,2024-10-09,CUS-01068,prd-0118,1.25,CARTON,277320,346650.0
ORD-2024-006967,2024-10-09,CUS-01438,prd-0151,4.25,CARTON,171360,728280.0
ORD-2024-006968,2024-10-09,CUS-02051,prd-0151,1.25,CARTON,171360,214200.0
ORD-2024-006977,2024-10-09,CUS-01957,prd-0156,2.0,CARTON,702840,1405680.0
ORD-2024-006978,2024-10-09,CUS-01613,prd-0159,0.21,CARTON,1240320,260467.19999999998
ORD-2024-006981,2024-10-09,CUS-00358,prd-0165,0.29,CARTON,1122240,325449.6
ORD-2024-006982,2024-10-09,CUS-00891,prd-0165,0.23,CARTON,1122240,258115.2
ORD-2024-006983,2024-10-09,CUS-01306,prd-0165,0.31,CARTON,1122240,347894.4
ORD-2024-006986,2024-10-10,CUS-00376,prd-0007,0.5,CARTON,204840,102420.0
ORD-2024-006987,2024-10-10,CUS-00064,prd-0009,0.25,CARTON,220680,55170.0
ORD-2024-006990,2024-10-10,CUS-01418,prd-0016,0.58,CARTON,512160,297052.8
ORD-2024-006999,2024-10-10,CUS-00314,prd-0037,0.21,CARTON,615600,129276.0
ORD-2024-007002,2024-10-10,CUS-01464,prd-0049,0.5,CARTON,181900,90950.0
ORD-2024-007015,2024-10-10,CUS-02378,prd-0083,0.29,CARTON,568560,164882.4
ORD-2024-007023,2024-10-10,CUS-00306,prd-0090,19,EACH,37690,716110
ORD-2024-007026,2024-10-10,CUS-01884,prd-0092,15,EACH,30260,453900
ORD-2024-007029,2024-10-10,CUS-00095,prd-0098,1,EACH,15320,15320
ORD-2024-007030,2024-10-10,CUS-00346,prd-0098,0.5,CARTON,183840,91920.0
ORD-2024-007038,2024-10-10,CUS-00462,prd-0108,22,EACH,30750,676500
ORD-2024-007042,2024-10-10,CUS-00049,prd-0135,22,EACH,32900,723800
ORD-2024-007053,2024-10-10,CUS-01708,prd-0153,0.15,CARTON,1162560,174384.0
ORD-2024-007063,2024-10-11,CUS-01265,prd-0001,7,EACH,4970,34790
ORD-2024-007078,2024-10-11,CUS-00989,prd-0031,0.71,CARTON,879840,624686.3999999999
ORD-2024-007079,2024-10-11,CUS-01192,prd-0031,3,EACH,36660,109980
ORD-2024-007083,2024-10-11,CUS-02043,prd-0040,0.25,CARTON,338400,84600.0
ORD-2024-007089,2024-10-11,CUS-02425,prd-0057,0.5,CARTON,180400,90200.0
ORD-2024-007104,2024-10-11,CUS-02331,prd-0084,0.08,CARTON,666240,53299.200000000004
ORD-2024-007108,2024-10-11,CUS-01715,prd-0090,5,EACH,37690,188450
ORD-2024-007115,2024-10-11,CUS-00068,prd-0093,0.92,CARTON,276960,254803.2
ORD-2024-007131,2024-10-11,CUS-00217,prd-0120,0.5,CARTON,353760,176880.0
ORD-2024-007153,2024-10-11,CUS-01572,prd-0156,0.67,CARTON,702840,470902.80000000005
ORD-2024-007156,2024-10-11,CUS-00461,prd-0161,0.06,CARTON,1566720,94003.2
ORD-2024-007158,2024-10-11,CUS-01810,prd-0164,0.25,CARTON,478080,119520.0
ORD-2024-007177,2024-10-12,CUS-01882,prd-0062,0.02,CARTON,894500,17890.0
ORD-2024-007184,2024-10-12,CUS-00453,prd-0073,0.2,CARTON,379300,75860.0
ORD-2024-007192,2024-10-12,CUS-01117,prd-0090,0.67,CARTON,452280,303027.60000000003
ORD-2024-007203,2024-10-12,CUS-02360,prd-0132,5,EACH,38360,191800
ORD-2024-007227,2024-10-13,CUS-01028,prd-0078,1.0,CARTON,404640,404640.0
ORD-2024-007241,2024-10-13,CUS-02058,prd-0151,2.75,CARTON,171360,471240.0
ORD-2024-007242,2024-10-13,CUS-00776,prd-0151,2.25,CARTON,171360,385560.0
ORD-2024-007248,2024-10-14,CUS-00302,prd-0004,0.67,CARTON,53880,36099.600000000006
ORD-2024-007272,2024-10-14,CUS-01475,prd-0057,0.6,CARTON,180400,108240.0
ORD-2024-007279,2024-10-14,CUS-00507,prd-0067,1,EACH,12380,12380
ORD-2024-007280,2024-10-14,CUS-01540,prd-0068,0.42,CARTON,195840,82252.79999999999
ORD-2024-007294,2024-10-14,CUS-00281,prd-0085,10,EACH,32580,325800
ORD-2024-007295,2024-10-14,CUS-01850,prd-0086,9,EACH,28180,253620
ORD-2024-007303,2024-10-14,CUS-01614,prd-0090,26,EACH,37690,979940
ORD-2024-007304,2024-10-14,CUS-00819,prd-0090,2,EACH,37690,75380
ORD-2024-007305,2024-10-14,CUS-02487,prd-0090,9,EACH,37690,339210
ORD-2024-007306,2024-10-14,CUS-00772,prd-0090,1.25,CARTON,452280,565350.0
ORD-2024-007311,2024-10-14,CUS-01441,prd-0093,0.5,CARTON,276960,138480.0
ORD-2024-007318,2024-10-14,CUS-00829,prd-0109,0.33,CARTON,368400,121572.0
ORD-2024-007340,2024-10-14,CUS-01280,prd-0142,0.92,CARTON,624360,574411.2
ORD-2024-007343,2024-10-14,CUS-02123,prd-0143,0.25,CARTON,583680,145920.0
ORD-2024-007350,2024-10-14,CUS-01884,prd-0151,10,EACH,42840,428400
ORD-2024-007351,2024-10-14,CUS-02499,prd-0151,1.5,CARTON,171360,257040.0
ORD-2024-007352,2024-10-14,CUS-00930,prd-0151,2.5,CARTON,171360,428400.0
ORD-2024-007377,2024-10-15,CUS-01482,prd-0023,0.25,CARTON,203280,50820.0
ORD-2024-007378,2024-10-15,CUS-01892,prd-0023,0.33,CARTON,203280,67082.4
ORD-2024-007379,2024-10-15,CUS-00855,prd-0023,1.08,CARTON,203280,219542.40000000002
ORD-2024-007384,2024-10-15,CUS-02180,prd-0046,9,EACH,17360,156240
ORD-2024-007385,2024-10-15,CUS-00947,prd-0048,2.6,CARTON,84350,219310.0
ORD-2024-007428,2024-10-15,CUS-00009,prd-0125,0.57,CARTON,461400,262997.99999999994
ORD-2024-007436,2024-10-15,CUS-00736,prd-0147,0.92,CARTON,775920,713846.4
ORD-2024-007440,2024-10-15,CUS-01655,prd-0154,0.54,CARTON,1019280,550411.2000000001
ORD-2024-007444,2024-10-15,CUS-01222,prd-0160,0.1,CARTON,1581120,158112.0
ORD-2024-007459,2024-10-16,CUS-02336,prd-0013,0.42,CARTON,143640,60328.799999999996
ORD-2024-007497,2024-10-16,CUS-00177,prd-0090,0.75,CARTON,452280,339210.0
ORD-2024-007511,2024-10-16,CUS-02356,prd-0118,5,EACH,23110,115550
ORD-2024-007512,2024-10-16,CUS-02300,prd-0123,6,EACH,14410,86460
ORD-2024-007539,2024-10-16,CUS-01866,prd-0165,0.21,CARTON,1122240,235670.40000000002
ORD-2024-007547,2024-10-17,CUS-01719,prd-0023,0.75,CARTON,203280,152460.0
ORD-2024-007553,2024-10-17,CUS-01167,prd-0039,0.17,CARTON,354480,60261.600000000006
ORD-2024-007557,2024-10-17,CUS-01479,prd-0045,0.75,CARTON,88080,66060.0
ORD-2024-007561,2024-10-17,CUS-00848,prd-0062,0.12,CARTON,894500,107339.99999999999
ORD-2024-007576,2024-10-17,CUS-01886,prd-0079,0.3,CARTON,468700,140610.0
ORD-2024-007580,2024-10-17,CUS-00594,prd-0088,0.17,CARTON,611600,103972.0
ORD-2024-007601,2024-10-17,CUS-01653,prd-0135,0.27,CARTON,1579200,426384.0
ORD-2024-007616,2024-10-17,CUS-01520,prd-0164,17,EACH,19920,338640
ORD-2024-007624,2024-10-18,CUS-00435,prd-0020,0.06,CARTON,1402080,84124.79999999999
ORD-2024-007634,2024-10-18,CUS-00693,prd-0045,0.33,CARTON,88080,29066.4
ORD-2024-007636,2024-10-18,CUS-00150,prd-0054,0.2,CARTON,690400,138080.0
ORD-2024-007639,2024-10-18,CUS-01908,prd-0061,0.16,CARTON,816000,130560.00000000001
ORD-2024-007642,2024-10-18,CUS-01531,prd-0074,0.1,CARTON,383900,38390.0
ORD-2024-007644,2024-10-18,CUS-00123,prd-0077,7,EACH,31120,217840
ORD-2024-007646,2024-10-18,CUS-02224,prd-0083,5,EACH,23690,118450
ORD-2024-007651,2024-10-18,CUS-02078,prd-0086,0.5,CARTON,338160,169080.0
ORD-2024-007658,2024-10-18,CUS-00566,prd-0090,0.75,CARTON,452280,339210.0
ORD-2024-007659,2024-10-18,CUS-01250,prd-0090,4,EACH,37690,150760
ORD-2024-007671,2024-10-18,CUS-01394,prd-0107,0.25,CARTON,475080,118770.0
ORD-2024-007678,2024-10-18,CUS-01895,prd-0113,0.33,CARTON,625200,206316.00000000003
ORD-2024-007691,2024-10-18,CUS-00828,prd-0147,0.12,CARTON,775920,93110.4
ORD-2024-007699,2024-10-18,CUS-00206,prd-0153,0.19,CARTON,1162560,220886.40000000002
ORD-2024-007704,2024-10-18,CUS-01699,prd-0161,0.15,CARTON,1566720,235008.0
ORD-2024-007717,2024-10-19,CUS-01429,prd-0049,0.1,CARTON,181900,18190.0
ORD-2024-007718,2024-10-19,CUS-00875,prd-0057,0.3,CARTON,180400,54120.0
ORD-2024-007722,2024-10-19,CUS-00399,prd-0064,6.0,CARTON,145400,872400.0
ORD-2024-007740,2024-10-19,CUS-00128,prd-0100,3,EACH,20780,62340
ORD-2024-007756,2024-10-19,CUS-00168,prd-0125,0.6,CARTON,461400,276840.0
ORD-2024-007757,2024-10-19,CUS-00801,prd-0125,24,EACH,15380,369120
ORD-2024-007771,2024-10-19,CUS-01699,prd-0160,0.19,CARTON,1581120,300412.80000000005
ORD-2024-007785,2024-10-20,CUS-01153,prd-0057,0.4,CARTON,180400,72160.0
ORD-2024-007797,2024-10-20,CUS-00919,prd-0108,0.25,CARTON,738000,184500.0
ORD-2024-007799,2024-10-20,CUS-01937,prd-0111,0.04,CARTON,587520,23500.800000000003
ORD-2024-007816,2024-10-21,CUS-00624,prd-0011,0.21,CARTON,412080,86536.79999999999
ORD-2024-007820,2024-10-21,CUS-01210,prd-0035,4,EACH,13660,54640
ORD-2024-007821,2024-10-21,CUS-01808,prd-0036,0.12,CARTON,820000,98400.0
ORD-2024-007825,2024-10-21,CUS-02059,prd-0051,4.0,CARTON,172280,689120.0
ORD-2024-007829,2024-10-21,CUS-00166,prd-0063,0.06,CARTON,753500,45210.0
ORD-2024-007833,2024-10-21,CUS-01017,prd-0067,0.5,CARTON,297120,148560.0
ORD-2024-007836,2024-10-21,CUS-00755,prd-0077,0.83,CARTON,186720,154977.59999999998
ORD-2024-007852,2024-10-21,CUS-01598,prd-0090,0.17,CARTON,452280,76887.6
ORD-2024-007871,2024-10-21,CUS-00671,prd-0119,10,EACH,21950,219500
ORD-2024-007880,2024-10-21,CUS-01350,prd-0144,11,EACH,31990,351890
ORD-2024-007883,2024-10-21,CUS-01505,prd-0151,3.0,CARTON,171360,514080.0
ORD-2024-007887,2024-10-21,CUS-01374,prd-0153,0.21,CARTON,1162560,244137.59999999998
ORD-2024-007894,2024-10-21,CUS-02487,prd-0161,9,EACH,32640,293760
ORD-2024-007895,2024-10-21,CUS-00216,prd-0162,17,EACH,28900,491300
ORD-2024-007906,2024-10-22,CUS-00049,prd-0019,0.5,CARTON,1499520,749760.0
ORD-2024-007909,2024-10-22,CUS-00526,prd-0034,0.92,CARTON,184200,169464.0
ORD-2024-007913,2024-10-22,CUS-02018,prd-0049,3,EACH,18190,54570
ORD-2024-007921,2024-10-22,CUS-01448,prd-0067,3,EACH,12380,37140
ORD-2024-007925,2024-10-22,CUS-01132,prd-0077,5,EACH,31120,155600
ORD-2024-007935,2024-10-22,CUS-00064,prd-0090,8,EACH,37690,301520
ORD-2024-007936,2024-10-22,CUS-00263,prd-0090,0.17,CARTON,452280,76887.6
ORD-2024-007944,2024-10-22,CUS-00343,prd-0098,13,EACH,15320,199160
ORD-2024-007945,2024-10-22,CUS-01841,prd-0099,0.25,CARTON,345120,86280.0
ORD-2024-007950,2024-10-22,CUS-01265,prd-0100,10,EACH,20780,207800
ORD-2024-007952,2024-10-22,CUS-00935,prd-0102,4,EACH,17050,68200
ORD-2024-007955,2024-10-22,CUS-02034,prd-0118,0.42,CARTON,277320,116474.4
ORD-2024-007956,2024-10-22,CUS-02353,prd-0118,0.42,CARTON,277320,116474.4
ORD-2024-007962,2024-10-22,CUS-00273,prd-0123,0.25,CARTON,345840,86460.0
ORD-2024-007964,2024-10-22,CUS-01123,prd-0125,0.23,CARTON,461400,106122.0
ORD-2024-007967,2024-10-22,CUS-01068,prd-0135,0.08,CARTON,1579200,126336.0
ORD-2024-007968,2024-10-22,CUS-01870,prd-0138,13,EACH,27020,351260
ORD-2024-007969,2024-10-22,CUS-00807,prd-0139,0.08,CARTON,1601280,128102.40000000001
ORD-2024-007970,2024-10-22,CUS-02226,prd-0142,0.5,CARTON,624360,312180.0
ORD-2024-007973,2024-10-22,CUS-01475,prd-0151,17,EACH,42840,728280
ORD-2024-007977,2024-10-22,CUS-01689,prd-0161,4,EACH,32640,130560
ORD-2024-008002,2024-10-23,CUS-01587,prd-0077,0.83,CARTON,186720,154977.59999999998
ORD-2024-008003,2024-10-23,CUS-00513,prd-0077,1.17,CARTON,186720,218462.39999999997
ORD-2024-008008,2024-10-23,CUS-01548,prd-0090,0.58,CARTON,452280,262322.39999999997
ORD-2024-008009,2024-10-23,CUS-00722,prd-0090,0.42,CARTON,452280,189957.59999999998
ORD-2024-008014,2024-10-23,CUS-00555,prd-0093,4,EACH,23080,92320
ORD-2024-008024,2024-10-23,CUS-01290,prd-0109,0.33,CARTON,368400,121572.0
ORD-2024-008027,2024-10-23,CUS-02429,prd-0118,2,EACH,23110,46220
ORD-2024-008040,2024-10-23,CUS-01554,prd-0136,0.12,CARTON,2637600,316512.0
ORD-2024-008048,2024-10-23,CUS-01655,prd-0156,3,EACH,58570,175710
ORD-2024-008064,2024-10-24,CUS-01870,prd-0008,0.5,CARTON,196320,98160.0
ORD-2024-008072,2024-10-24,CUS-01798,prd-0026,11,EACH,4150,45650
ORD-2024-008075,2024-10-24,CUS-00871,prd-0039,0.54,CARTON,354480,191419.2
ORD-2024-008130,2024-10-24,CUS-01725,prd-0141,0.29,CARTON,926400,268656.0
ORD-2024-008137,2024-10-24,CUS-00828,prd-0151,1.75,CARTON,171360,299880.0
ORD-2024-008144,2024-10-24,CUS-01571,prd-0166,0.08,CARTON,1231200,98496.0
ORD-2024-008146,2024-10-25,CUS-00639,prd-0004,0.08,CARTON,53880,4310.4
ORD-2024-008153,2024-10-25,CUS-01103,prd-0020,11,EACH,29210,321310
ORD-2024-008163,2024-10-25,CUS-01702,prd-0054,0.05,CARTON,690400,34520.0
ORD-2024-008173,2024-10-25,CUS-02347,prd-0073,1,EACH,37930,37930
ORD-2024-008179,2024-10-25,CUS-01994,prd-0080,0.83,CARTON,286800,238044.0
ORD-2024-008181,2024-10-25,CUS-01445,prd-0083,0.04,CARTON,568560,22742.4
ORD-2024-008193,2024-10-25,CUS-02309,prd-0090,0.42,CARTON,452280,189957.59999999998
ORD-2024-008194,2024-10-25,CUS-00195,prd-0090,0.33,CARTON,452280,149252.40000000002
ORD-2024-008195,2024-10-25,CUS-01494,prd-0090,1,EACH,37690,37690
ORD-2024-008216,2024-10-25,CUS-00658,prd-0121,2.67,CARTON,158580,423408.6
ORD-2024-008222,2024-10-25,CUS-00338,prd-0135,0.1,CARTON,1579200,157920.0
ORD-2024-008232,2024-10-25,CUS-02301,prd-0151,7.25,CARTON,171360,1242360.0
ORD-2024-008236,2024-10-25,CUS-02198,prd-0153,0.19,CARTON,1162560,220886.40000000002
ORD-2024-008239,2024-10-25,CUS-01849,prd-0156,0.5,CARTON,702840,351420.0
ORD-2024-008240,2024-10-25,CUS-01094,prd-0156,4.5,CARTON,702840,3162780.0
ORD-2024-008248,2024-10-25,CUS-01248,prd-0161,0.15,CARTON,1566720,235008.0
ORD-2024-008280,2024-10-26,CUS-01778,prd-0083,0.21,CARTON,568560,119397.59999999999
ORD-2024-008284,2024-10-26,CUS-02235,prd-0090,4,EACH,37690,150760
ORD-2024-008288,2024-10-26,CUS-00526,prd-0093,5,EACH,23080,115400
ORD-2024-008289,2024-10-26,CUS-02188,prd-0098,0.25,CARTON,183840,45960.0
ORD-2024-008299,2024-10-26,CUS-00899,prd-0125,0.2,CARTON,461400,92280.0
ORD-2024-008309,2024-10-26,CUS-02266,prd-0151,4.0,CARTON,171360,685440.0
ORD-2024-008328,2024-10-27,CUS-00565,prd-0125,0.1,CARTON,461400,46140.0
ORD-2024-008329,2024-10-27,CUS-02042,prd-0126,0.92,CARTON,351240,323140.80000000005
ORD-2024-008337,2024-10-28,CUS-00467,prd-0004,0.33,CARTON,53880,17780.4
ORD-2024-008353,2024-10-28,CUS-00421,prd-0041,0.17,CARTON,81960,13933.2
ORD-2024-008366,2024-10-28,CUS-01662,prd-0072,9,EACH,42600,383400
ORD-2024-008368,2024-10-28,CUS-01932,prd-0076,1.25,CARTON,336600,420750.0
ORD-2024-008372,2024-10-28,CUS-00496,prd-0078,7,EACH,33720,236040
ORD-2024-008375,2024-10-28,CUS-00479,prd-0081,8,EACH,42190,337520
ORD-2024-008377,2024-10-28,CUS-01103,prd-0082,16,EACH,30730,491680
ORD-2024-008379,2024-10-28,CUS-02199,prd-0083,6,EACH,23690,142140
ORD-2024-008387,2024-10-28,CUS-00387,prd-0090,1.0,CARTON,452280,452280.0
ORD-2024-008388,2024-10-28,CUS-00728,prd-0090,1.33,CARTON,452280,601532.4
ORD-2024-008409,2024-10-28,CUS-01613,prd-0135,4,EACH,32900,131600
ORD-2024-008410,2024-10-28,CUS-01485,prd-0135,0.08,CARTON,1579200,126336.0
ORD-2024-008412,2024-10-28,CUS-02263,prd-0138,0.6,CARTON,1296960,778176.0
ORD-2024-008413,2024-10-28,CUS-00302,prd-0141,0.5,CARTON,926400,463200.0
ORD-2024-008415,2024-10-28,CUS-01506,prd-0147,0.25,CARTON,775920,193980.0
ORD-2024-008421,2024-10-28,CUS-00108,prd-0151,24,EACH,42840,1028160
ORD-2024-008422,2024-10-28,CUS-02499,prd-0151,2.25,CARTON,171360,385560.0
ORD-2024-008424,2024-10-28,CUS-00718,prd-0155,0.08,CARTON,790560,63244.8
ORD-2024-008425,2024-10-28,CUS-01810,prd-0156,0.33,CARTON,702840,231937.2
ORD-2024-008427,2024-10-28,CUS-00779,prd-0161,19,EACH,32640,620160
ORD-2024-008434,2024-10-29,CUS-01046,prd-0007,0.92,CARTON,204840,188452.80000000002
ORD-2024-008449,2024-10-29,CUS-00467,prd-0063,0.14,CARTON,753500,105490.00000000001
ORD-2024-008452,2024-10-29,CUS-02107,prd-0065,0.25,CARTON,408000,102000.0
ORD-2024-008471,2024-10-29,CUS-01757,prd-0093,0.58,CARTON,276960,160636.8
ORD-2024-008473,2024-10-29,CUS-02196,prd-0098,0.25,CARTON,183840,45960.0
ORD-2024-008483,2024-10-29,CUS-01352,prd-0120,0.33,CARTON,353760,116740.79999999999
ORD-2024-008492,2024-10-29,CUS-01939,prd-0132,0.19,CARTON,1380960,262382.39999999997
ORD-2024-008512,2024-10-29,CUS-00059,prd-0161,0.1,CARTON,1566720,156672.0
ORD-2024-008521,2024-10-30,CUS-00496,prd-0011,0.5,CARTON,412080,206040.0
ORD-2024-008532,2024-10-30,CUS-02224,prd-0039,0.21,CARTON,354480,74440.79999999999
ORD-2024-008554,2024-10-30,CUS-01053,prd-0086,0.75,CARTON,338160,253620.0
ORD-2024-008566,2024-10-30,CUS-01414,prd-0092,0.67,CARTON,363120,243290.40000000002
ORD-2024-008582,2024-10-30,CUS-00306,prd-0125,0.17,CARTON,461400,78438.00000000001
ORD-2024-008586,2024-10-30,CUS-02460,prd-0144,0.17,CARTON,383880,65259.600000000006
ORD-2024-008613,2024-10-31,CUS-01227,prd-0004,0.17,CARTON,53880,9159.6
ORD-2024-008620,2024-10-31,CUS-00975,prd-0035,6,EACH,13660,81960
ORD-2024-008632,2024-10-31,CUS-01702,prd-0069,0.17,CARTON,206520,35108.4
ORD-2024-008639,2024-10-31,CUS-02030,prd-0077,1.0,CARTON,186720,186720.0
ORD-2024-008640,2024-10-31,CUS-00654,prd-0082,0.83,CARTON,368760,306070.8
ORD-2024-008654,2024-10-31,CUS-00157,prd-0100,0.17,CARTON,498720,84782.40000000001
ORD-2024-008665,2024-10-31,CUS-02172,prd-0122,0.29,CARTON,459360,133214.4
ORD-2024-008674,2024-10-31,CUS-01080,prd-0144,8,EACH,31990,255920
ORD-2024-008683,2024-10-31,CUS-02295,prd-0156,0.42,CARTON,702840,295192.8
ORD-2024-008694,2024-11-01,CUS-00671,prd-0009,0.42,CARTON,220680,92685.59999999999
ORD-2024-008703,2024-11-01,CUS-01488,prd-0031,0.25,CARTON,879840,219960.0
ORD-2024-008710,2024-11-01,CUS-02065,prd-0047,33,EACH,19060,628980
ORD-2024-008716,2024-11-01,CUS-01810,prd-0064,16,EACH,36350,581600
ORD-2024-008722,2024-11-01,CUS-00420,prd-0072,0.6,CARTON,426000,255600.0
ORD-2024-008734,2024-11-01,CUS-01141,prd-0086,14,EACH,28180,394520
ORD-2024-008736,2024-11-01,CUS-02090,prd-0090,18,EACH,37690,678420
ORD-2024-008737,2024-11-01,CUS-00563,prd-0090,0.92,CARTON,452280,416097.60000000003
ORD-2024-008738,2024-11-01,CUS-00378,prd-0090,0.33,CARTON,452280,149252.40000000002
ORD-2024-008742,2024-11-01,CUS-01331,prd-0093,0.58,CARTON,276960,160636.8
ORD-2024-008747,2024-11-01,CUS-00839,prd-0100,46,EACH,20780,955880
ORD-2024-008770,2024-11-01,CUS-01561,prd-0131,6,EACH,31140,186840
ORD-2024-008772,2024-11-01,CUS-01399,prd-0141,6,EACH,38600,231600
ORD-2024-008773,2024-11-01,CUS-00360,prd-0142,3,EACH,52030,156090
ORD-2024-008775,2024-11-01,CUS-00566,prd-0148,0.46,CARTON,654480,301060.80000000005
ORD-2024-008783,2024-11-01,CUS-00769,prd-0151,6,EACH,42840,257040
ORD-2024-008803,2024-11-01,CUS-00920,prd-0165,0.15,CARTON,1122240,168336.0
ORD-2024-008804,2024-11-01,CUS-02256,prd-0165,0.21,CARTON,1122240,235670.40000000002
ORD-2024-008814,2024-11-02,CUS-00732,prd-0025,0.42,CARTON,61080,25653.6
ORD-2024-008819,2024-11-02,CUS-02422,prd-0057,0.2,CARTON,180400,36080.0
ORD-2024-008839,2024-11-02,CUS-00646,prd-0084,0.12,CARTON,666240,79948.79999999999
ORD-2024-008846,2024-11-02,CUS-00919,prd-0090,0.42,CARTON,452280,189957.59999999998
ORD-2024-008857,2024-11-02,CUS-01120,prd-0116,0.06,CARTON,636480,38188.799999999996
ORD-2024-008860,2024-11-02,CUS-01061,prd-0121,16,EACH,26430,422880
ORD-2024-008863,2024-11-02,CUS-00497,prd-0127,6,EACH,16760,100560
ORD-2024-008871,2024-11-02,CUS-00772,prd-0151,7,EACH,42840,299880
ORD-2024-008881,2024-11-02,CUS-02019,prd-0167,0.14,CARTON,504720,70660.8
ORD-2024-008883,2024-11-02,CUS-01235,prd-0170,0.17,CARTON,625320,106304.40000000001
ORD-2024-008890,2024-11-03,CUS-01561,prd-0045,16,EACH,7340,117440
ORD-2024-008892,2024-11-03,CUS-00325,prd-0057,0.8,CARTON,180400,144320.0
ORD-2024-008896,2024-11-03,CUS-01686,prd-0077,9,EACH,31120,280080
ORD-2024-008917,2024-11-03,CUS-02492,prd-0157,4,EACH,24810,99240
ORD-2024-008918,2024-11-03,CUS-02293,prd-0160,0.1,CARTON,1581120,158112.0
ORD-2024-008929,2024-11-04,CUS-01710,prd-0019,0.12,CARTON,1499520,179942.4
ORD-2024-008935,2024-11-04,CUS-02017,prd-0039,0.54,CARTON,354480,191419.2
ORD-2024-008936,2024-11-04,CUS-01962,prd-0039,6,EACH,14770,88620
ORD-2024-008943,2024-11-04,CUS-00059,prd-0057,26,EACH,18040,469040
ORD-2024-008945,2024-11-04,CUS-00980,prd-0060,0.18,CARTON,2877000,517859.99999999994
ORD-2024-008953,2024-11-04,CUS-01901,prd-0070,0.5,CARTON,192400,96200.0
ORD-2024-008967,2024-11-04,CUS-00546,prd-0090,0.33,CARTON,452280,149252.40000000002
ORD-2024-008968,2024-11-04,CUS-00352,prd-0090,0.42,CARTON,452280,189957.59999999998
ORD-2024-008981,2024-11-04,CUS-01241,prd-0114,0.42,CARTON,188760,79279.2
ORD-2024-008990,2024-11-04,CUS-00264,prd-0138,9,EACH,27020,243180
ORD-2024-008999,2024-11-04,CUS-02493,prd-0151,1.75,CARTON,171360,299880.0
ORD-2024-009002,2024-11-04,CUS-01593,prd-0153,0.21,CARTON,1162560,244137.59999999998
ORD-2024-009018,2024-11-04,CUS-01175,prd-0166,0.08,CARTON,1231200,98496.0
ORD-2024-009040,2024-11-05,CUS-01949,prd-0051,0.25,CARTON,172280,43070.0
ORD-2024-009049,2024-11-05,CUS-00718,prd-0077,0.17,CARTON,186720,31742.4
ORD-2024-009073,2024-11-05,CUS-02255,prd-0113,0.02,CARTON,625200,12504.0
ORD-2024-009080,2024-11-05,CUS-01204,prd-0133,0.25,CARTON,1006560,251640.0
ORD-2024-009081,2024-11-05,CUS-01810,prd-0135,0.08,CARTON,1579200,126336.0
ORD-2024-009086,2024-11-05,CUS-01336,prd-0150,30,EACH,47850,1435500
ORD-2024-009090,2024-11-05,CUS-01689,prd-0151,9,EACH,42840,385560
ORD-2024-009093,2024-11-05,CUS-02199,prd-0153,0.33,CARTON,1162560,383644.80000000005
ORD-2024-009105,2024-11-05,CUS-01664,prd-0166,0.83,CARTON,1231200,1021896.0
ORD-2024-009110,2024-11-06,CUS-02453,prd-0004,0.25,CARTON,53880,13470.0
ORD-2024-009135,2024-11-06,CUS-00539,prd-0057,32,EACH,18040,577280
ORD-2024-009139,2024-11-06,CUS-01734,prd-0065,0.42,CARTON,408000,171360.0
ORD-2024-009159,2024-11-06,CUS-01330,prd-0090,1.83,CARTON,452280,827672.3999999999
ORD-2024-009185,2024-11-06,CUS-02043,prd-0125,0.2,CARTON,461400,92280.0
ORD-2024-009203,2024-11-06,CUS-00943,prd-0156,0.67,CARTON,702840,470902.80000000005
ORD-2024-009209,2024-11-06,CUS-00534,prd-0166,0.21,CARTON,1231200,258552.0
ORD-2024-009212,2024-11-07,CUS-01375,prd-0004,1.08,CARTON,53880,58190.40000000001
ORD-2024-009213,2024-11-07,CUS-01217,prd-0008,5,EACH,16360,81800
ORD-2024-009219,2024-11-07,CUS-01475,prd-0026,1.83,CARTON,49800,91134.0
ORD-2024-009236,2024-11-07,CUS-00883,prd-0075,1.33,CARTON,204120,271479.60000000003
ORD-2024-009237,2024-11-07,CUS-01176,prd-0076,0.5,CARTON,336600,168300.0
ORD-2024-009239,2024-11-07,CUS-00804,prd-0078,1.33,CARTON,404640,538171.2000000001
ORD-2024-009280,2024-11-07,CUS-00757,prd-0145,0.42,CARTON,763200,320544.0
ORD-2024-009284,2024-11-07,CUS-00235,prd-0151,7,EACH,42840,299880
ORD-2024-009285,2024-11-07,CUS-01157,prd-0151,3.0,CARTON,171360,514080.0
ORD-2024-009291,2024-11-07,CUS-00128,prd-0154,0.12,CARTON,1019280,122313.59999999999
ORD-2024-009294,2024-11-07,CUS-02155,prd-0160,0.06,CARTON,1581120,94867.2
ORD-2024-009298,2024-11-07,CUS-00263,prd-0164,0.67,CARTON,478080,320313.60000000003
ORD-2024-009320,2024-11-08,CUS-01645,prd-0047,10,EACH,19060,190600
ORD-2024-009325,2024-11-08,CUS-01468,prd-0060,0.16,CARTON,2877000,460320.0
ORD-2024-009330,2024-11-08,CUS-01842,prd-0064,1.25,CARTON,145400,181750.0
ORD-2024-009339,2024-11-08,CUS-00504,prd-0080,0.5,CARTON,286800,143400.0
ORD-2024-009350,2024-11-08,CUS-01063,prd-0090,0.5,CARTON,452280,226140.0
ORD-2024-009351,2024-11-08,CUS-00140,prd-0090,0.58,CARTON,452280,262322.39999999997
ORD-2024-009352,2024-11-08,CUS-00361,prd-0090,0.17,CARTON,452280,76887.6
ORD-2024-009366,2024-11-08,CUS-01771,prd-0118,8.92,CARTON,277320,2473694.4000000004
ORD-2024-009378,2024-11-08,CUS-01684,prd-0137,0.17,CARTON,1327200,225624.0
ORD-2024-009407,2024-11-09,CUS-00334,prd-0086,1.08,CARTON,338160,365212.80000000005
ORD-2024-009410,2024-11-09,CUS-00919,prd-0090,0.5,CARTON,452280,226140.0
ORD-2024-009411,2024-11-09,CUS-01239,prd-0090,0.58,CARTON,452280,262322.39999999997
ORD-2024-009430,2024-11-09,CUS-00824,prd-0121,5,EACH,26430,132150
ORD-2024-009436,2024-11-09,CUS-01808,prd-0126,0.42,CARTON,351240,147520.8
ORD-2024-009458,2024-11-10,CUS-01577,prd-0012,0.33,CARTON,441840,145807.2
ORD-2024-009465,2024-11-10,CUS-01919,prd-0059,0.14,CARTON,2540500,355670.0
ORD-2024-009466,2024-11-10,CUS-02333,prd-0062,0.04,CARTON,894500,35780.0
ORD-2024-009469,2024-11-10,CUS-00659,prd-0072,0.1,CARTON,426000,42600.0
ORD-2024-009492,2024-11-10,CUS-00586,prd-0153,0.12,CARTON,1162560,139507.2
ORD-2024-009493,2024-11-10,CUS-01117,prd-0156,22,EACH,58570,1288540
ORD-2024-009507,2024-11-11,CUS-01619,prd-0021,0.07,CARTON,1163400,81438.00000000001
ORD-2024-009508,2024-11-11,CUS-02315,prd-0025,12,EACH,5090,61080
ORD-2024-009519,2024-11-11,CUS-02165,prd-0057,2,EACH,18040,36080
ORD-2024-009522,2024-11-11,CUS-01761,prd-0065,0.67,CARTON,408000,273360.0
ORD-2024-009528,2024-11-11,CUS-00384,prd-0077,8,EACH,31120,248960
ORD-2024-009539,2024-11-11,CUS-01993,prd-0086,0.92,CARTON,338160,311107.2
ORD-2024-009546,2024-11-11,CUS-01267,prd-0090,0.83,CARTON,452280,375392.39999999997
ORD-2024-009564,2024-11-11,CUS-00152,prd-0123,8,EACH,14410,115280
ORD-2024-009568,2024-11-11,CUS-01295,prd-0128,0.83,CARTON,123540,102538.20000000001
ORD-2024-009569,2024-11-11,CUS-01204,prd-0135,0.29,CARTON,1579200,457968.0
ORD-2024-009577,2024-11-11,CUS-01995,prd-0151,1.0,CARTON,171360,171360.0
ORD-2024-009590,2024-11-11,CUS-00552,prd-0166,7,EACH,25650,179550
ORD-2024-009600,2024-11-12,CUS-01892,prd-0018,5,EACH,62570,312850
ORD-2024-009606,2024-11-12,CUS-00730,prd-0033,0.58,CARTON,264960,153676.8
ORD-2024-009610,2024-11-12,CUS-00622,prd-0037,0.12,CARTON,615600,73872.0
ORD-2024-009634,2024-11-12,CUS-02494,prd-0083,0.38,CARTON,568560,216052.80000000002
ORD-2024-009635,2024-11-12,CUS-02202,prd-0084,4,EACH,27760,111040
ORD-2024-009641,2024-11-12,CUS-02033,prd-0090,7,EACH,37690,263830
ORD-2024-009642,2024-11-12,CUS-00063,prd-0090,0.25,CARTON,452280,113070.0
ORD-2024-009654,2024-11-12,CUS-00774,prd-0108,0.17,CARTON,738000,125460.0
ORD-2024-009659,2024-11-12,CUS-02170,prd-0124,0.12,CARTON,421920,50630.399999999994
ORD-2024-009662,2024-11-12,CUS-01640,prd-0126,0.17,CARTON,351240,59710.8
ORD-2024-009663,2024-11-12,CUS-00354,prd-0130,0.21,CARTON,326400,68544.0
ORD-2024-009675,2024-11-12,CUS-02270,prd-0151,0.5,CARTON,171360,85680.0
ORD-2024-009686,2024-11-12,CUS-00127,prd-0166,0.04,CARTON,1231200,49248.0
ORD-2024-009700,2024-11-13,CUS-00159,prd-0041,3,EACH,6830,20490
ORD-2024-009715,2024-11-13,CUS-01495,prd-0079,0.5,CARTON,468700,234350.0
ORD-2024-009717,2024-11-13,CUS-00954,prd-0085,0.21,CARTON,781920,164203.2
ORD-2024-009724,2024-11-13,CUS-01414,prd-0090,0.58,CARTON,452280,262322.39999999997
ORD-2024-009725,2024-11-13,CUS-01241,prd-0090,0.5,CARTON,452280,226140.0
ORD-2024-009737,2024-11-13,CUS-01888,prd-0100,0.21,CARTON,498720,104731.20000000001
ORD-2024-009745,2024-11-13,CUS-01060,prd-0121,10,EACH,26430,264300
ORD-2024-009751,2024-11-13,CUS-01775,prd-0128,4.5,CARTON,123540,555930.0
ORD-2024-009758,2024-11-13,CUS-01545,prd-0151,2,EACH,42840,85680
ORD-2024-009762,2024-11-13,CUS-01830,prd-0156,0.92,CARTON,702840,646612.8
ORD-2024-009764,2024-11-13,CUS-00842,prd-0160,0.21,CARTON,1581120,332035.19999999995
ORD-2024-009767,2024-11-13,CUS-02121,prd-0161,0.12,CARTON,1566720,188006.4
ORD-2024-009775,2024-11-14,CUS-01211,prd-0011,0.08,CARTON,412080,32966.4
ORD-2024-009788,2024-11-14,CUS-01431,prd-0049,0.4,CARTON,181900,72760.0
ORD-2024-009800,2024-11-14,CUS-01789,prd-0077,1.17,CARTON,186720,218462.39999999997
ORD-2024-009807,2024-11-14,CUS-01922,prd-0085,0.29,CARTON,781920,226756.8
ORD-2024-009814,2024-11-14,CUS-01267,prd-0090,0.42,CARTON,452280,189957.59999999998
ORD-2024-009815,2024-11-14,CUS-00658,prd-0090,0.25,CARTON,452280,113070.0
ORD-2024-009816,2024-11-14,CUS-00706,prd-0090,10,EACH,37690,376900
ORD-2024-009822,2024-11-14,CUS-01957,prd-0100,11,EACH,20780,228580
ORD-2024-009823,2024-11-14,CUS-01885,prd-0107,7,EACH,39590,277130
ORD-2024-009829,2024-11-14,CUS-00698,prd-0127,1.0,CARTON,201120,201120.0
ORD-2024-009830,2024-11-14,CUS-00580,prd-0136,0.21,CARTON,2637600,553896.0
ORD-2024-009846,2024-11-14,CUS-00601,prd-0160,0.08,CARTON,1581120,126489.6
ORD-2024-009849,2024-11-14,CUS-00581,prd-0166,2,EACH,25650,51300
ORD-2024-009854,2024-11-15,CUS-01131,prd-0007,0.08,CARTON,204840,16387.2
ORD-2024-009868,2024-11-15,CUS-01444,prd-0045,0.25,CARTON,88080,22020.0
ORD-2024-009876,2024-11-15,CUS-00633,prd-0068,0.83,CARTON,195840,162547.19999999998
ORD-2024-009877,2024-11-15,CUS-01144,prd-0068,12,EACH,16320,195840
ORD-2024-009879,2024-11-15,CUS-00997,prd-0076,0.08,CARTON,336600,26928.0
ORD-2024-009887,2024-11-15,CUS-00654,prd-0084,0.5,CARTON,666240,333120.0
ORD-2024-009900,2024-11-15,CUS-00763,prd-0093,10,EACH,23080,230800
ORD-2024-009904,2024-11-15,CUS-01399,prd-0098,1.83,CARTON,183840,336427.2
ORD-2024-009905,2024-11-15,CUS-00685,prd-0098,0.58,CARTON,183840,106627.19999999998
ORD-2024-009916,2024-11-15,CUS-01731,prd-0115,11,EACH,21210,233310
ORD-2024-009922,2024-11-15,CUS-01130,prd-0121,0.83,CARTON,158580,131621.4
ORD-2024-009927,2024-11-15,CUS-01320,prd-0126,1.67,CARTON,351240,586570.8
ORD-2024-009932,2024-11-15,CUS-02337,prd-0135,0.08,CARTON,1579200,126336.0
ORD-2024-009938,2024-11-15,CUS-01028,prd-0151,3.5,CARTON,171360,599760.0
ORD-2024-009951,2024-11-15,CUS-00470,prd-0165,0.08,CARTON,1122240,89779.20000000001
ORD-2024-009959,2024-11-16,CUS-00402,prd-0023,0.75,CARTON,203280,152460.0
ORD-2024-009982,2024-11-16,CUS-01215,prd-0093,5,EACH,23080,115400
ORD-2024-009990,2024-11-16,CUS-01379,prd-0120,0.54,CARTON,353760,191030.40000000002
ORD-2024-010023,2024-11-17,CUS-02168,prd-0063,0.12,CARTON,753500,90420.0
ORD-2024-010029,2024-11-17,CUS-01963,prd-0090,0.83,CARTON,452280,375392.39999999997
ORD-2024-010041,2024-11-17,CUS-02271,prd-0151,1.5,CARTON,171360,257040.0
ORD-2024-010048,2024-11-18,CUS-00182,prd-0004,0.25,CARTON,53880,13470.0
ORD-2024-010055,2024-11-18,CUS-01494,prd-0016,0.08,CARTON,512160,40972.8
ORD-2024-010061,2024-11-18,CUS-01484,prd-0020,0.58,CARTON,1402080,813206.3999999999
ORD-2024-010064,2024-11-18,CUS-00029,prd-0033,31,EACH,11040,342240
ORD-2024-010068,2024-11-18,CUS-02306,prd-0048,2.8,CARTON,84350,236180.0
ORD-2024-010089,2024-11-18,CUS-01995,prd-0084,0.29,CARTON,666240,193209.59999999998
ORD-2024-010090,2024-11-18,CUS-00676,prd-0085,0.38,CARTON,781920,297129.6
ORD-2024-010111,2024-11-18,CUS-01495,prd-0100,5,EACH,20780,103900
ORD-2024-010112,2024-11-18,CUS-02237,prd-0100,4,EACH,20780,83120
ORD-2024-010117,2024-11-18,CUS-00150,prd-0109,0.67,CARTON,368400,246828.0
ORD-2024-010120,2024-11-18,CUS-01350,prd-0118,0.58,CARTON,277320,160845.59999999998
ORD-2024-010123,2024-11-18,CUS-01479,prd-0121,0.83,CARTON,158580,131621.4
ORD-2024-010133,2024-11-18,CUS-02396,prd-0143,0.58,CARTON,583680,338534.39999999997
ORD-2024-010140,2024-11-18,CUS-01210,prd-0155,8,EACH,65880,527040
ORD-2024-010147,2024-11-18,CUS-00351,prd-0166,0.15,CARTON,1231200,184680.0
ORD-2024-010150,2024-11-19,CUS-01276,prd-0001,0.17,CARTON,59640,10138.800000000001
ORD-2024-010152,2024-11-19,CUS-00653,prd-0005,0.42,CARTON,37320,15674.400000000001
ORD-2024-010157,2024-11-19,CUS-00554,prd-0024,12,EACH,9800,117600
ORD-2024-010171,2024-11-19,CUS-01018,prd-0057,0.3,CARTON,180400,54120.0
ORD-2024-010172,2024-11-19,CUS-00242,prd-0057,0.4,CARTON,180400,72160.0
ORD-2024-010174,2024-11-19,CUS-01069,prd-0060,0.1,CARTON,2877000,287700.0
ORD-2024-010179,2024-11-19,CUS-01446,prd-0067,1,EACH,12380,12380
ORD-2024-010180,2024-11-19,CUS-00367,prd-0068,0.67,CARTON,195840,131212.80000000002
ORD-2024-010185,2024-11-19,CUS-00324,prd-0078,3,EACH,33720,101160
ORD-2024-010189,2024-11-19,CUS-02415,prd-0082,0.08,CARTON,368760,29500.800000000003
ORD-2024-010206,2024-11-19,CUS-02361,prd-0100,0.29,CARTON,498720,144628.8
ORD-2024-010226,2024-11-19,CUS-01310,prd-0128,15,EACH,20590,308850
ORD-2024-010229,2024-11-19,CUS-01625,prd-0138,0.17,CARTON,1296960,220483.2
ORD-2024-010237,2024-11-19,CUS-01208,prd-0153,0.1,CARTON,1162560,116256.0
ORD-2024-010242,2024-11-19,CUS-00244,prd-0165,6,EACH,23380,140280
ORD-2024-010243,2024-11-19,CUS-00439,prd-0165,0.08,CARTON,1122240,89779.20000000001
ORD-2024-010248,2024-11-20,CUS-00378,prd-0015,0.08,CARTON,425000,34000.0
ORD-2024-010263,2024-11-20,CUS-01689,prd-0051,1.0,CARTON,172280,172280.0
ORD-2024-010283,2024-11-20,CUS-01653,prd-0090,0.67,CARTON,452280,303027.60000000003
ORD-2024-010284,2024-11-20,CUS-01495,prd-0090,0.5,CARTON,452280,226140.0
ORD-2024-010285,2024-11-20,CUS-00616,prd-0090,22,EACH,37690,829180
ORD-2024-010295,2024-11-20,CUS-01094,prd-0102,21,EACH,17050,358050
ORD-2024-010306,2024-11-20,CUS-00902,prd-0125,0.1,CARTON,461400,46140.0
ORD-2024-010307,2024-11-20,CUS-01346,prd-0125,0.1,CARTON,461400,46140.0
ORD-2024-010318,2024-11-20,CUS-01642,prd-0151,2.25,CARTON,171360,385560.0
ORD-2024-010319,2024-11-20,CUS-02060,prd-0151,2.75,CARTON,171360,471240.0
ORD-2024-010320,2024-11-20,CUS-00360,prd-0151,2.25,CARTON,171360,385560.0
ORD-2024-010325,2024-11-20,CUS-00157,prd-0161,0.29,CARTON,1566720,454348.79999999993
ORD-2024-010331,2024-11-20,CUS-00214,prd-0169,0.19,CARTON,734880,139627.2
ORD-2024-010339,2024-11-21,CUS-00645,prd-0041,1.0,CARTON,81960,81960.0
ORD-2024-010340,2024-11-21,CUS-00699,prd-0046,8,EACH,17360,138880
ORD-2024-010361,2024-11-21,CUS-00703,prd-0084,0.17,CARTON,666240,113260.80000000002
ORD-2024-010362,2024-11-21,CUS-00797,prd-0085,11,EACH,32580,358380
ORD-2024-010368,2024-11-21,CUS-00916,prd-0090,0.67,CARTON,452280,303027.60000000003
ORD-2024-010369,2024-11-21,CUS-02327,prd-0090,1.67,CARTON,452280,755307.6
ORD-2024-010379,2024-11-21,CUS-01907,prd-0108,0.42,CARTON,738000,309960.0
ORD-2024-010380,2024-11-21,CUS-01808,prd-0108,6,EACH,30750,184500
ORD-2024-010382,2024-11-21,CUS-02327,prd-0109,9,EACH,30700,276300
ORD-2024-010390,2024-11-21,CUS-00263,prd-0125,7,EACH,15380,107660
ORD-2024-010397,2024-11-21,CUS-01499,prd-0135,9,EACH,32900,296100
ORD-2024-010403,2024-11-21,CUS-01216,prd-0151,3.5,CARTON,171360,599760.0
ORD-2024-010413,2024-11-21,CUS-00419,prd-0157,1.67,CARTON,297720,497192.39999999997
ORD-2024-010415,2024-11-21,CUS-00677,prd-0161,0.08,CARTON,1566720,125337.6
ORD-2024-010419,2024-11-22,CUS-00664,prd-0008,0.58,CARTON,196320,113865.59999999999
ORD-2024-010422,2024-11-22,CUS-01307,prd-0018,0.92,CARTON,750840,690772.8
ORD-2024-010423,2024-11-22,CUS-00264,prd-0018,1.0,CARTON,750840,750840.0
ORD-2024-010436,2024-11-22,CUS-01239,prd-0051,0.75,CARTON,172280,129210.0
ORD-2024-010443,2024-11-22,CUS-01990,prd-0064,3.75,CARTON,145400,545250.0
ORD-2024-010459,2024-11-22,CUS-01128,prd-0090,0.75,CARTON,452280,339210.0
ORD-2024-010469,2024-11-22,CUS-02304,prd-0100,1.29,CARTON,498720,643348.8
ORD-2024-010478,2024-11-22,CUS-01418,prd-0118,13,EACH,23110,300430
ORD-2024-010485,2024-11-22,CUS-00843,prd-0148,0.75,CARTON,654480,490860.0
ORD-2024-010488,2024-11-22,CUS-00664,prd-0151,1.0,CARTON,171360,171360.0
ORD-2024-010489,2024-11-22,CUS-01192,prd-0151,9,EACH,42840,385560
ORD-2024-010496,2024-11-22,CUS-01446,prd-0156,30,EACH,58570,1757100
ORD-2024-010499,2024-11-22,CUS-00150,prd-0160,0.1,CARTON,1581120,158112.0
ORD-2024-010506,2024-11-22,CUS-01000,prd-0166,0.06,CARTON,1231200,73872.0
ORD-2024-010512,2024-11-23,CUS-02236,prd-0011,0.17,CARTON,412080,70053.6
ORD-2024-010513,2024-11-23,CUS-02185,prd-0011,0.33,CARTON,412080,135986.40000000002
ORD-2024-010514,2024-11-23,CUS-00861,prd-0011,0.5,CARTON,412080,206040.0
ORD-2024-010520,2024-11-23,CUS-01998,prd-0040,0.38,CARTON,338400,128592.0
ORD-2024-010525,2024-11-23,CUS-02036,prd-0057,0.5,CARTON,180400,90200.0
ORD-2024-010527,2024-11-23,CUS-00127,prd-0067,0.04,CARTON,297120,11884.8
ORD-2024-010528,2024-11-23,CUS-01260,prd-0077,0.67,CARTON,186720,125102.40000000001
ORD-2024-010538,2024-11-23,CUS-00975,prd-0090,13,EACH,37690,489970
ORD-2024-010539,2024-11-23,CUS-01439,prd-0090,6,EACH,37690,226140
ORD-2024-010540,2024-11-23,CUS-01128,prd-0090,0.58,CARTON,452280,262322.39999999997
ORD-2024-010547,2024-11-23,CUS-02041,prd-0102,0.17,CARTON,204600,34782.0
ORD-2024-010554,2024-11-23,CUS-01424,prd-0115,0.1,CARTON,1018080,101808.0
ORD-2024-010555,2024-11-23,CUS-01445,prd-0118,28,EACH,23110,647080
ORD-2024-010557,2024-11-23,CUS-00235,prd-0120,0.21,CARTON,353760,74289.6
ORD-2024-010564,2024-11-23,CUS-01488,prd-0138,0.12,CARTON,1296960,155635.2
ORD-2024-010582,2024-11-23,CUS-02347,prd-0164,1.38,CARTON,478080,659750.3999999999
ORD-2024-010586,2024-11-23,CUS-00598,prd-0168,0.58,CARTON,233880,135650.4
ORD-2024-010587,2024-11-23,CUS-02484,prd-0169,0.1,CARTON,734880,73488.0
ORD-2024-010594,2024-11-24,CUS-02192,prd-0072,0.9,CARTON,426000,383400.0
ORD-2024-010595,2024-11-24,CUS-00257,prd-0078,10,EACH,33720,337200
ORD-2024-010601,2024-11-24,CUS-01513,prd-0106,6,EACH,41890,251340
ORD-2024-010616,2024-11-25,CUS-01957,prd-0005,0.17,CARTON,37320,6344.400000000001
ORD-2024-010622,2024-11-25,CUS-01932,prd-0019,0.4,CARTON,1499520,599808.0
ORD-2024-010649,2024-11-25,CUS-00574,prd-0090,0.67,CARTON,452280,303027.60000000003
ORD-2024-010650,2024-11-25,CUS-01834,prd-0090,2,EACH,37690,75380
ORD-2024-010672,2024-11-25,CUS-00077,prd-0113,0.13,CARTON,625200,81276.00000000001
ORD-2024-010693,2024-11-25,CUS-00270,prd-0151,1.25,CARTON,171360,214200.0
ORD-2024-010700,2024-11-25,CUS-00911,prd-0161,0.23,CARTON,1566720,360345.60000000003
ORD-2024-010716,2024-11-26,CUS-01146,prd-0031,0.42,CARTON,879840,369532.8
ORD-2024-010719,2024-11-26,CUS-00919,prd-0035,0.67,CARTON,163920,109826.40000000001
ORD-2024-010720,2024-11-26,CUS-02319,prd-0039,0.08,CARTON,354480,28358.4
ORD-2024-010728,2024-11-26,CUS-00795,prd-0051,0.75,CARTON,172280,129210.0
ORD-2024-010729,2024-11-26,CUS-01245,prd-0057,0.6,CARTON,180400,108240.0
ORD-2024-010742,2024-11-26,CUS-00449,prd-0082,0.25,CARTON,368760,92190.0
ORD-2024-010743,2024-11-26,CUS-00866,prd-0083,3,EACH,23690,71070
ORD-2024-010759,2024-11-26,CUS-01857,prd-0099,0.79,CARTON,345120,272644.80000000005
ORD-2024-010769,2024-11-26,CUS-00848,prd-0121,7,EACH,26430,185010
ORD-2024-010775,2024-11-26,CUS-01562,prd-0125,0.17,CARTON,461400,78438.00000000001
ORD-2024-010780,2024-11-26,CUS-01619,prd-0128,6,EACH,20590,123540
ORD-2024-010792,2024-11-26,CUS-00542,prd-0161,0.25,CARTON,1566720,391680.0
ORD-2024-010798,2024-11-26,CUS-01051,prd-0166,36,EACH,25650,923400
ORD-2024-010799,2024-11-26,CUS-01737,prd-0170,0.28,CARTON,625320,175089.6
ORD-2024-010810,2024-11-27,CUS-00587,prd-0028,8,EACH,4910,39280
ORD-2024-010814,2024-11-27,CUS-00019,prd-0037,0.25,CARTON,615600,153900.0
ORD-2024-010815,2024-11-27,CUS-01907,prd-0037,0.21,CARTON,615600,129276.0
ORD-2024-010816,2024-11-27,CUS-01993,prd-0039,7,EACH,14770,103390
ORD-2024-010823,2024-11-27,CUS-01425,prd-0055,0.07,CARTON,679600,47572.00000000001
ORD-2024-010829,2024-11-27,CUS-01584,prd-0068,4,EACH,16320,65280
ORD-2024-010837,2024-11-27,CUS-01250,prd-0080,0.67,CARTON,286800,192156.00000000003
ORD-2024-010848,2024-11-27,CUS-00736,prd-0090,0.67,CARTON,452280,303027.60000000003
ORD-2024-010863,2024-11-27,CUS-02211,prd-0113,7,EACH,10420,72940
ORD-2024-010869,2024-11-27,CUS-02044,prd-0135,7,EACH,32900,230300
ORD-2024-010876,2024-11-27,CUS-00268,prd-0150,1.25,CARTON,191400,239250.0
ORD-2024-010893,2024-11-28,CUS-00450,prd-0008,1.0,CARTON,196320,196320.0
ORD-2024-010895,2024-11-28,CUS-02013,prd-0011,0.42,CARTON,412080,173073.59999999998
ORD-2024-010902,2024-11-28,CUS-00369,prd-0028,2,EACH,4910,9820
ORD-2024-010915,2024-11-28,CUS-02408,prd-0064,1.25,CARTON,145400,181750.0
ORD-2024-010919,2024-11-28,CUS-02232,prd-0067,0.12,CARTON,297120,35654.399999999994
ORD-2024-010920,2024-11-28,CUS-00452,prd-0067,6,EACH,12380,74280
ORD-2024-010926,2024-11-28,CUS-00687,prd-0079,1.0,CARTON,468700,468700.0
ORD-2024-010927,2024-11-28,CUS-01545,prd-0080,0.33,CARTON,286800,94644.0
ORD-2024-010937,2024-11-28,CUS-01042,prd-0090,5,EACH,37690,188450
ORD-2024-010945,2024-11-28,CUS-02009,prd-0104,0.42,CARTON,411120,172670.4
ORD-2024-010954,2024-11-28,CUS-00530,prd-0121,0.33,CARTON,158580,52331.399999999994
ORD-2024-010955,2024-11-28,CUS-00028,prd-0121,0.83,CARTON,158580,131621.4
ORD-2024-010963,2024-11-28,CUS-02295,prd-0128,1.17,CARTON,123540,144541.8
ORD-2024-010966,2024-11-28,CUS-01736,prd-0139,0.06,CARTON,1601280,96076.79999999999
ORD-2024-010969,2024-11-28,CUS-00303,prd-0142,0.42,CARTON,624360,262231.19999999995
ORD-2024-010972,2024-11-28,CUS-00785,prd-0150,2.75,CARTON,191400,526350.0
ORD-2024-010974,2024-11-28,CUS-00613,prd-0151,1.25,CARTON,171360,214200.0
ORD-2024-010975,2024-11-28,CUS-00352,prd-0151,1.0,CARTON,171360,171360.0
ORD-2024-010981,2024-11-28,CUS-01116,prd-0153,0.1,CARTON,1162560,116256.0
ORD-2024-010989,2024-11-28,CUS-01442,prd-0161,0.25,CARTON,1566720,391680.0
ORD-2024-010991,2024-11-28,CUS-01208,prd-0166,8,EACH,25650,205200
ORD-2024-010993,2024-11-28,CUS-01778,prd-0169,0.54,CARTON,734880,396835.19999999995
ORD-2024-011000,2024-11-29,CUS-00028,prd-0016,0.58,CARTON,512160,297052.8
ORD-2024-011014,2024-11-29,CUS-01321,prd-0051,3.25,CARTON,172280,559910.0
ORD-2024-011015,2024-11-29,CUS-01994,prd-0051,0.5,CARTON,172280,86140.0
ORD-2024-011020,2024-11-29,CUS-00677,prd-0063,9,EACH,15070,135630
ORD-2024-011026,2024-11-29,CUS-01074,prd-0068,20,EACH,16320,326400
ORD-2024-011035,2024-11-29,CUS-00738,prd-0077,2.83,CARTON,186720,528417.6000000001
ORD-2024-011037,2024-11-29,CUS-01501,prd-0086,0.58,CARTON,338160,196132.8
ORD-2024-011043,2024-11-29,CUS-00843,prd-0090,0.17,CARTON,452280,76887.6
ORD-2024-011044,2024-11-29,CUS-00732,prd-0090,0.67,CARTON,452280,303027.60000000003
ORD-2024-011059,2024-11-29,CUS-00533,prd-0110,10,EACH,30350,303500
ORD-2024-011074,2024-11-29,CUS-01380,prd-0141,0.17,CARTON,926400,157488.00000000003
ORD-2024-011085,2024-11-29,CUS-00517,prd-0151,2.0,CARTON,171360,342720.0
ORD-2024-011101,2024-11-29,CUS-02463,prd-0162,2,EACH,28900,57800
ORD-2024-011110,2024-11-30,CUS-00285,prd-0012,0.38,CARTON,441840,167899.2
ORD-2024-011113,2024-11-30,CUS-00138,prd-0018,7,EACH,62570,437990
ORD-2024-011122,2024-11-30,CUS-01552,prd-0051,0.75,CARTON,172280,129210.0
ORD-2024-011137,2024-11-30,CUS-01540,prd-0086,7,EACH,28180,197260
ORD-2024-011147,2024-11-30,CUS-00949,prd-0098,0.17,CARTON,183840,31252.800000000003
ORD-2024-011163,2024-11-30,CUS-02368,prd-0131,10,EACH,31140,311400
ORD-2024-011187,2024-12-01,CUS-01942,prd-0048,1.2,CARTON,84350,101220.0
ORD-2024-011190,2024-12-01,CUS-02101,prd-0068,1.42,CARTON,195840,278092.8
ORD-2024-011202,2024-12-01,CUS-00114,prd-0102,0.08,CARTON,204600,16368.0
ORD-2024-011218,2024-12-01,CUS-02263,prd-0160,3,EACH,32940,98820
ORD-2024-011224,2024-12-02,CUS-00087,prd-0002,0.33,CARTON,62160,20512.800000000003
ORD-2024-011226,2024-12-02,CUS-02425,prd-0011,0.04,CARTON,412080,16483.2
ORD-2024-011227,2024-12-02,CUS-02422,prd-0013,0.33,CARTON,143640,47401.200000000004
ORD-2024-011235,2024-12-02,CUS-00450,prd-0039,0.58,CARTON,354480,205598.39999999997
ORD-2024-011237,2024-12-02,CUS-01444,prd-0043,0.08,CARTON,1154400,92352.0
ORD-2024-011258,2024-12-02,CUS-00766,prd-0068,0.5,CARTON,195840,97920.0
ORD-2024-011263,2024-12-02,CUS-01494,prd-0077,20,EACH,31120,622400
ORD-2024-011269,2024-12-02,CUS-00554,prd-0086,3,EACH,28180,84540
ORD-2024-011277,2024-12-02,CUS-00121,prd-0090,0.75,CARTON,452280,339210.0
ORD-2024-011278,2024-12-02,CUS-00862,prd-0090,0.92,CARTON,452280,416097.60000000003
ORD-2024-011280,2024-12-02,CUS-01145,prd-0091,0.75,CARTON,324120,243090.0
ORD-2024-011281,2024-12-02,CUS-00423,prd-0096,0.83,CARTON,276720,229677.59999999998
ORD-2024-011284,2024-12-02,CUS-01664,prd-0103,0.42,CARTON,461760,193939.19999999998
ORD-2024-011292,2024-12-02,CUS-00975,prd-0111,0.48,CARTON,587520,282009.6
ORD-2024-011306,2024-12-02,CUS-01886,prd-0120,0.58,CARTON,353760,205180.8
ORD-2024-011313,2024-12-02,CUS-01722,prd-0125,0.17,CARTON,461400,78438.00000000001
ORD-2024-011319,2024-12-02,CUS-01524,prd-0135,0.04,CARTON,1579200,63168.0
ORD-2024-011327,2024-12-02,CUS-02487,prd-0145,0.29,CARTON,763200,221328.0
ORD-2024-011328,2024-12-02,CUS-00362,prd-0150,7,EACH,47850,334950
ORD-2024-011337,2024-12-02,CUS-00829,prd-0151,1.25,CARTON,171360,214200.0
ORD-2024-011345,2024-12-02,CUS-02371,prd-0160,0.15,CARTON,1581120,237168.0
ORD-2024-011365,2024-12-03,CUS-00287,prd-0025,15,EACH,5090,76350
ORD-2024-011373,2024-12-03,CUS-02283,prd-0039,0.67,CARTON,354480,237501.60000000003
ORD-2024-011376,2024-12-03,CUS-00676,prd-0046,0.05,CARTON,347200,17360.0
ORD-2024-011381,2024-12-03,CUS-01352,prd-0051,1.25,CARTON,172280,215350.0
ORD-2024-011382,2024-12-03,CUS-01015,prd-0051,2.5,CARTON,172280,430700.0
ORD-2024-011386,2024-12-03,CUS-00625,prd-0060,0.2,CARTON,2877000,575400.0
ORD-2024-011396,2024-12-03,CUS-01495,prd-0068,1.75,CARTON,195840,342720.0
ORD-2024-011397,2024-12-03,CUS-00093,prd-0068,8,EACH,16320,130560
ORD-2024-011399,2024-12-03,CUS-00997,prd-0070,0.7,CARTON,192400,134680.0
ORD-2024-011406,2024-12-03,CUS-00586,prd-0082,0.25,CARTON,368760,92190.0
ORD-2024-011408,2024-12-03,CUS-00194,prd-0083,0.21,CARTON,568560,119397.59999999999
ORD-2024-011418,2024-12-03,CUS-00254,prd-0090,0.33,CARTON,452280,149252.40000000002
ORD-2024-011437,2024-12-03,CUS-01265,prd-0124,0.06,CARTON,421920,25315.199999999997
ORD-2024-011441,2024-12-03,CUS-00439,prd-0125,12,EACH,15380,184560
ORD-2024-011442,2024-12-03,CUS-00145,prd-0125,0.13,CARTON,461400,59982.0
ORD-2024-011447,2024-12-03,CUS-01454,prd-0131,0.08,CARTON,1121040,89683.20000000001
ORD-2024-011462,2024-12-03,CUS-01982,prd-0151,1.75,CARTON,171360,299880.0
ORD-2024-011463,2024-12-03,CUS-01771,prd-0151,6.25,CARTON,171360,1071000.0
ORD-2024-011485,2024-12-03,CUS-00083,prd-0165,1,EACH,23380,23380
ORD-2024-011486,2024-12-03,CUS-00615,prd-0165,0.21,CARTON,1122240,235670.40000000002
ORD-2024-011487,2024-12-03,CUS-02086,prd-0166,9,EACH,25650,230850
ORD-2024-011506,2024-12-04,CUS-01906,prd-0026,5,EACH,4150,20750
ORD-2024-011511,2024-12-04,CUS-00110,prd-0037,14,EACH,25650,359100
ORD-2024-011514,2024-12-04,CUS-02283,prd-0039,0.79,CARTON,354480,280039.2
ORD-2024-011519,2024-12-04,CUS-01026,prd-0046,12,EACH,17360,208320
ORD-2024-011534,2024-12-04,CUS-01731,prd-0074,0.8,CARTON,383900,307120.0
ORD-2024-011538,2024-12-04,CUS-02163,prd-0077,0.33,CARTON,186720,61617.600000000006
ORD-2024-011545,2024-12-04,CUS-01443,prd-0080,9,EACH,23900,215100
ORD-2024-011560,2024-12-04,CUS-02296,prd-0090,2,EACH,37690,75380
ORD-2024-011561,2024-12-04,CUS-00152,prd-0090,0.92,CARTON,452280,416097.60000000003
ORD-2024-011574,2024-12-04,CUS-01718,prd-0108,0.58,CARTON,738000,428040.0
ORD-2024-011576,2024-12-04,CUS-00742,prd-0118,0.17,CARTON,277320,47144.4
ORD-2024-011585,2024-12-04,CUS-01050,prd-0125,0.3,CARTON,461400,138420.0
ORD-2024-011586,2024-12-04,CUS-01344,prd-0125,0.3,CARTON,461400,138420.0
ORD-2024-011590,2024-12-04,CUS-00152,prd-0138,0.12,CARTON,1296960,155635.2
ORD-2024-011603,2024-12-04,CUS-00203,prd-0154,0.12,CARTON,1019280,122313.59999999999
ORD-2024-011627,2024-12-05,CUS-01265,prd-0006,0.33,CARTON,36720,12117.6
ORD-2024-011640,2024-12-05,CUS-02172,prd-0023,0.25,CARTON,203280,50820.0
ORD-2024-011669,2024-12-05,CUS-00690,prd-0064,0.5,CARTON,145400,72700.0
ORD-2024-011673,2024-12-05,CUS-02262,prd-0073,1.5,CARTON,379300,568950.0
ORD-2024-011675,2024-12-05,CUS-01274,prd-0074,0.4,CARTON,383900,153560.0
ORD-2024-011690,2024-12-05,CUS-01192,prd-0090,0.33,CARTON,452280,149252.40000000002
ORD-2024-011691,2024-12-05,CUS-02247,prd-0090,1.67,CARTON,452280,755307.6
ORD-2024-011692,2024-12-05,CUS-00200,prd-0090,1.67,CARTON,452280,755307.6
ORD-2024-011700,2024-12-05,CUS-01742,prd-0102,1.58,CARTON,204600,323268.0
ORD-2024-011713,2024-12-05,CUS-00285,prd-0123,11,EACH,14410,158510
ORD-2024-011718,2024-12-05,CUS-00744,prd-0125,0.2,CARTON,461400,92280.0
ORD-2024-011719,2024-12-05,CUS-01689,prd-0125,7,EACH,15380,107660
ORD-2024-011724,2024-12-05,CUS-00757,prd-0135,0.27,CARTON,1579200,426384.0
ORD-2024-011731,2024-12-05,CUS-01963,prd-0143,0.58,CARTON,583680,338534.39999999997
ORD-2024-011738,2024-12-05,CUS-02259,prd-0151,1.5,CARTON,171360,257040.0
ORD-2024-011739,2024-12-05,CUS-00696,prd-0151,4.5,CARTON,171360,771120.0
ORD-2024-011759,2024-12-06,CUS-00656,prd-0004,0.58,CARTON,53880,31250.399999999998
ORD-2024-011765,2024-12-06,CUS-01565,prd-0019,0.06,CARTON,1499520,89971.2
ORD-2024-011800,2024-12-06,CUS-01267,prd-0077,6,EACH,31120,186720
ORD-2024-011823,2024-12-06,CUS-02362,prd-0090,0.08,CARTON,452280,36182.4
ORD-2024-011830,2024-12-06,CUS-01643,prd-0100,0.42,CARTON,498720,209462.40000000002
ORD-2024-011831,2024-12-06,CUS-02284,prd-0100,0.38,CARTON,498720,189513.6
ORD-2024-011837,2024-12-06,CUS-01547,prd-0111,0.25,CARTON,587520,146880.0
ORD-2024-011841,2024-12-06,CUS-01749,prd-0120,0.08,CARTON,353760,28300.800000000003
ORD-2024-011842,2024-12-06,CUS-00419,prd-0120,0.67,CARTON,353760,237019.2
ORD-2024-011844,2024-12-06,CUS-01701,prd-0121,6,EACH,26430,158580
ORD-2024-011864,2024-12-06,CUS-01329,prd-0151,1.25,CARTON,171360,214200.0
ORD-2024-011869,2024-12-06,CUS-01595,prd-0154,0.33,CARTON,1019280,336362.4
ORD-2024-011870,2024-12-06,CUS-00784,prd-0156,3,EACH,58570,175710
ORD-2024-011876,2024-12-06,CUS-00282,prd-0160,0.33,CARTON,1581120,521769.60000000003
ORD-2024-011892,2024-12-07,CUS-00110,prd-0031,0.21,CARTON,879840,184766.4
ORD-2024-011897,2024-12-07,CUS-02124,prd-0039,0.08,CARTON,354480,28358.4
ORD-2024-011901,2024-12-07,CUS-00843,prd-0047,5,EACH,19060,95300
ORD-2024-011906,2024-12-07,CUS-00590,prd-0064,1.75,CARTON,145400,254450.0
ORD-2024-011911,2024-12-07,CUS-02413,prd-0074,5,EACH,38390,191950
ORD-2024-011918,2024-12-07,CUS-02477,prd-0083,0.79,CARTON,568560,449162.4
ORD-2024-011928,2024-12-07,CUS-01127,prd-0090,0.33,CARTON,452280,149252.40000000002
ORD-2024-011929,2024-12-07,CUS-01524,prd-0090,0.92,CARTON,452280,416097.60000000003
ORD-2024-011937,2024-12-07,CUS-01963,prd-0100,0.12,CARTON,498720,59846.399999999994
ORD-2024-011965,2024-12-07,CUS-02495,prd-0151,2.75,CARTON,171360,471240.0
ORD-2024-011966,2024-12-07,CUS-00857,prd-0151,0.75,CARTON,171360,128520.0
ORD-2024-011976,2024-12-07,CUS-01742,prd-0161,0.15,CARTON,1566720,235008.0
ORD-2024-011979,2024-12-08,CUS-01201,prd-0005,0.33,CARTON,37320,12315.599999999999
ORD-2024-012002,2024-12-08,CUS-01011,prd-0085,0.38,CARTON,781920,297129.6
ORD-2024-012009,2024-12-08,CUS-02150,prd-0125,0.2,CARTON,461400,92280.0
ORD-2024-012016,2024-12-08,CUS-01906,prd-0156,1.58,CARTON,702840,1110487.2000000002
ORD-2024-012017,2024-12-08,CUS-01874,prd-0156,1.17,CARTON,702840,822322.7999999999
ORD-2024-012018,2024-12-08,CUS-00599,prd-0157,5,EACH,24810,124050
ORD-2024-012019,2024-12-08,CUS-00681,prd-0161,7,EACH,32640,228480
ORD-2024-012020,2024-12-09,CUS-00721,prd-0004,0.92,CARTON,53880,49569.600000000006
ORD-2024-012021,2024-12-09,CUS-00839,prd-0006,6,EACH,3060,18360
ORD-2024-012022,2024-12-09,CUS-00399,prd-0008,0.67,CARTON,196320,131534.40000000002
ORD-2024-012023,2024-12-09,CUS-00554,prd-0008,0.67,CARTON,196320,131534.40000000002
ORD-2024-012035,2024-12-09,CUS-00983,prd-0033,0.5,CARTON,264960,132480.0
ORD-2024-012045,2024-12-09,CUS-00049,prd-0049,1.9,CARTON,181900,345610.0
ORD-2024-012049,2024-12-09,CUS-00581,prd-0051,1.25,CARTON,172280,215350.0
ORD-2024-012058,2024-12-09,CUS-00239,prd-0072,7,EACH,42600,298200
ORD-2024-012076,2024-12-09,CUS-00873,prd-0090,14,EACH,37690,527660
ORD-2024-012079,2024-12-09,CUS-02429,prd-0093,1.08,CARTON,276960,299116.80000000005
ORD-2024-012080,2024-12-09,CUS-00839,prd-0094,0.25,CARTON,268320,67080.0
ORD-2024-012088,2024-12-09,CUS-01908,prd-0100,0.54,CARTON,498720,269308.80000000005
ORD-2024-012106,2024-12-09,CUS-01032,prd-0120,0.29,CARTON,353760,102590.4
ORD-2024-012115,2024-12-09,CUS-00994,prd-0133,0.11,CARTON,1006560,110721.59999999999
ORD-2024-012117,2024-12-09,CUS-02374,prd-0135,0.06,CARTON,1579200,94752.0
ORD-2024-012122,2024-12-09,CUS-01267,prd-0143,0.67,CARTON,583680,391065.60000000003
ORD-2024-012139,2024-12-09,CUS-02218,prd-0161,0.25,CARTON,1566720,391680.0
ORD-2024-012164,2024-12-10,CUS-01750,prd-0022,0.58,CARTON,140160,81292.79999999999
ORD-2024-012166,2024-12-10,CUS-00967,prd-0026,0.42,CARTON,49800,20916.0
ORD-2024-012169,2024-12-10,CUS-02336,prd-0031,21,EACH,36660,769860
ORD-2024-012170,2024-12-10,CUS-00098,prd-0037,0.12,CARTON,615600,73872.0
ORD-2024-012172,2024-12-10,CUS-00580,prd-0041,0.33,CARTON,81960,27046.800000000003
ORD-2024-012181,2024-12-10,CUS-01751,prd-0064,2.25,CARTON,145400,327150.0
ORD-2024-012185,2024-12-10,CUS-01664,prd-0070,2.5,CARTON,192400,481000.0
ORD-2024-012193,2024-12-10,CUS-00584,prd-0083,0.08,CARTON,568560,45484.8
ORD-2024-012197,2024-12-10,CUS-00176,prd-0086,1.08,CARTON,338160,365212.80000000005
ORD-2024-012203,2024-12-10,CUS-02465,prd-0090,0.25,CARTON,452280,113070.0
ORD-2024-012204,2024-12-10,CUS-01417,prd-0090,1.0,CARTON,452280,452280.0
ORD-2024-012215,2024-12-10,CUS-00252,prd-0111,0.04,CARTON,587520,23500.800000000003
ORD-2024-012218,2024-12-10,CUS-01743,prd-0120,6,EACH,14740,88440
ORD-2024-012225,2024-12-10,CUS-00098,prd-0123,8,EACH,14410,115280
ORD-2024-012226,2024-12-10,CUS-02101,prd-0125,0.13,CARTON,461400,59982.0
ORD-2024-012240,2024-12-10,CUS-01032,prd-0146,0.5,CARTON,835680,417840.0
ORD-2024-012255,2024-12-10,CUS-01664,prd-0153,0.31,CARTON,1162560,360393.6
ORD-2024-012261,2024-12-10,CUS-02485,prd-0161,0.06,CARTON,1566720,94003.2
ORD-2024-012267,2024-12-10,CUS-01716,prd-0167,1.0,CARTON,504720,504720.0
ORD-2024-012279,2024-12-11,CUS-00264,prd-0013,0.5,CARTON,143640,71820.0
ORD-2024-012287,2024-12-11,CUS-02247,prd-0031,0.29,CARTON,879840,255153.59999999998
ORD-2024-012290,2024-12-11,CUS-02487,prd-0037,5,EACH,25650,128250
ORD-2024-012291,2024-12-11,CUS-00551,prd-0037,0.33,CARTON,615600,203148.0
ORD-2024-012294,2024-12-11,CUS-01611,prd-0046,0.2,CARTON,347200,69440.0
ORD-2024-012300,2024-12-11,CUS-02493,prd-0051,1.25,CARTON,172280,215350.0
ORD-2024-012309,2024-12-11,CUS-00897,prd-0061,0.06,CARTON,816000,48960.0
ORD-2024-012313,2024-12-11,CUS-01727,prd-0064,6,EACH,36350,218100
ORD-2024-012321,2024-12-11,CUS-00719,prd-0079,2.0,CARTON,468700,937400.0
ORD-2024-012336,2024-12-11,CUS-01202,prd-0090,0.67,CARTON,452280,303027.60000000003
ORD-2024-012337,2024-12-11,CUS-01689,prd-0090,0.83,CARTON,452280,375392.39999999997
ORD-2024-012344,2024-12-11,CUS-01310,prd-0098,0.5,CARTON,183840,91920.0
ORD-2024-012349,2024-12-11,CUS-00729,prd-0102,0.17,CARTON,204600,34782.0
ORD-2024-012351,2024-12-11,CUS-00118,prd-0103,9,EACH,38480,346320
ORD-2024-012352,2024-12-11,CUS-01849,prd-0103,0.67,CARTON,461760,309379.2
ORD-2024-012353,2024-12-11,CUS-00446,prd-0108,15,EACH,30750,461250
ORD-2024-012359,2024-12-11,CUS-00161,prd-0122,0.25,CARTON,459360,114840.0
ORD-2024-012362,2024-12-11,CUS-01013,prd-0125,0.1,CARTON,461400,46140.0
ORD-2024-012363,2024-12-11,CUS-00346,prd-0125,3,EACH,15380,46140
ORD-2024-012368,2024-12-11,CUS-00718,prd-0133,0.14,CARTON,1006560,140918.40000000002
ORD-2024-012372,2024-12-11,CUS-00273,prd-0142,5,EACH,52030,260150
ORD-2024-012382,2024-12-11,CUS-01716,prd-0151,1.75,CARTON,171360,299880.0
ORD-2024-012383,2024-12-11,CUS-01030,prd-0151,4.75,CARTON,171360,813960.0
ORD-2024-012384,2024-12-11,CUS-01633,prd-0151,0.5,CARTON,171360,85680.0
ORD-2024-012398,2024-12-11,CUS-01796,prd-0160,4,EACH,32940,131760
ORD-2024-012404,2024-12-11,CUS-01849,prd-0161,0.35,CARTON,1566720,548352.0
ORD-2024-012405,2024-12-11,CUS-01407,prd-0161,0.17,CARTON,1566720,266342.4
ORD-2024-012414,2024-12-12,CUS-01830,prd-0005,13,EACH,3110,40430
ORD-2024-012419,2024-12-12,CUS-01675,prd-0012,1,EACH,18410,18410
ORD-2024-012426,2024-12-12,CUS-00242,prd-0030,0.17,CARTON,303000,51510.0
ORD-2024-012433,2024-12-12,CUS-00756,prd-0051,6.0,CARTON,172280,1033680.0
ORD-2024-012435,2024-12-12,CUS-01050,prd-0060,0.26,CARTON,2877000,748020.0
ORD-2024-012440,2024-12-12,CUS-02066,prd-0064,4,EACH,36350,145400
ORD-2024-012448,2024-12-12,CUS-01417,prd-0076,2.25,CARTON,336600,757350.0
ORD-2024-012456,2024-12-12,CUS-00306,prd-0083,0.54,CARTON,568560,307022.4
ORD-2024-012474,2024-12-12,CUS-01786,prd-0091,0.33,CARTON,324120,106959.6
ORD-2024-012484,2024-12-12,CUS-00579,prd-0100,0.75,CARTON,498720,374040.0
ORD-2024-012485,2024-12-12,CUS-01583,prd-0102,2.25,CARTON,204600,460350.0
ORD-2024-012493,2024-12-12,CUS-00364,prd-0118,0.25,CARTON,277320,69330.0
ORD-2024-012498,2024-12-12,CUS-02309,prd-0122,0.42,CARTON,459360,192931.19999999998
ORD-2024-012503,2024-12-12,CUS-00060,prd-0128,3.33,CARTON,123540,411388.19999999995
ORD-2024-012515,2024-12-12,CUS-01366,prd-0142,5,EACH,52030,260150
ORD-2024-012517,2024-12-12,CUS-01998,prd-0145,0.67,CARTON,763200,511344.0
ORD-2024-012527,2024-12-12,CUS-00075,prd-0151,2.25,CARTON,171360,385560.0
ORD-2024-012535,2024-12-12,CUS-01190,prd-0156,0.42,CARTON,702840,295192.8
ORD-2024-012538,2024-12-12,CUS-01747,prd-0161,4,EACH,32640,130560
ORD-2024-012556,2024-12-13,CUS-01649,prd-0011,0.42,CARTON,412080,173073.59999999998
ORD-2024-012560,2024-12-13,CUS-00900,prd-0018,13,EACH,62570,813410
ORD-2024-012561,2024-12-13,CUS-02398,prd-0018,0.42,CARTON,750840,315352.8
ORD-2024-012566,2024-12-13,CUS-02056,prd-0025,0.75,CARTON,61080,45810.0
ORD-2024-012570,2024-12-13,CUS-01789,prd-0030,0.67,CARTON,303000,203010.0
ORD-2024-012582,2024-12-13,CUS-00207,prd-0057,11,EACH,18040,198440
ORD-2024-012586,2024-12-13,CUS-00711,prd-0059,23,EACH,50810,1168630
ORD-2024-012594,2024-12-13,CUS-02103,prd-0073,0.4,CARTON,379300,151720.0
ORD-2024-012595,2024-12-13,CUS-00173,prd-0074,0.3,CARTON,383900,115170.0
ORD-2024-012598,2024-12-13,CUS-01991,prd-0076,0.42,CARTON,336600,141372.0
ORD-2024-012602,2024-12-13,CUS-00081,prd-0080,6,EACH,23900,143400
ORD-2024-012606,2024-12-13,CUS-01208,prd-0084,0.5,CARTON,666240,333120.0
ORD-2024-012610,2024-12-13,CUS-02099,prd-0086,9,EACH,28180,253620
ORD-2024-012615,2024-12-13,CUS-01632,prd-0090,0.17,CARTON,452280,76887.6
ORD-2024-012616,2024-12-13,CUS-01997,prd-0090,0.25,CARTON,452280,113070.0
ORD-2024-012623,2024-12-13,CUS-00941,prd-0094,5,EACH,22360,111800
ORD-2024-012624,2024-12-13,CUS-01076,prd-0094,0.08,CARTON,268320,21465.6
ORD-2024-012626,2024-12-13,CUS-01529,prd-0100,0.29,CARTON,498720,144628.8
ORD-2024-012632,2024-12-13,CUS-01441,prd-0109,16,EACH,30700,491200
ORD-2024-012633,2024-12-13,CUS-02216,prd-0110,8,EACH,30350,242800
ORD-2024-012644,2024-12-13,CUS-01235,prd-0125,0.1,CARTON,461400,46140.0
ORD-2024-012650,2024-12-13,CUS-01438,prd-0135,4,EACH,32900,131600
ORD-2024-012651,2024-12-13,CUS-01123,prd-0136,0.08,CARTON,2637600,211008.0
ORD-2024-012655,2024-12-13,CUS-02263,prd-0139,20,EACH,33360,667200
ORD-2024-012657,2024-12-13,CUS-01017,prd-0145,0.25,CARTON,763200,190800.0
ORD-2024-012662,2024-12-13,CUS-01576,prd-0151,3.25,CARTON,171360,556920.0
ORD-2024-012701,2024-12-14,CUS-01776,prd-0060,0.08,CARTON,2877000,230160.0
ORD-2024-012703,2024-12-14,CUS-01408,prd-0062,0.36,CARTON,894500,322020.0
ORD-2024-012709,2024-12-14,CUS-00002,prd-0080,1.33,CARTON,286800,381444.0
ORD-2024-012710,2024-12-14,CUS-01002,prd-0080,2,EACH,23900,47800
ORD-2024-012720,2024-12-14,CUS-02331,prd-0090,0.58,CARTON,452280,262322.39999999997
ORD-2024-012721,2024-12-14,CUS-00560,prd-0090,11,EACH,37690,414590
ORD-2024-012722,2024-12-14,CUS-01953,prd-0090,0.75,CARTON,452280,339210.0
ORD-2024-012735,2024-12-14,CUS-00128,prd-0111,0.06,CARTON,587520,35251.2
ORD-2024-012762,2024-12-14,CUS-02218,prd-0161,0.06,CARTON,1566720,94003.2
ORD-2024-012769,2024-12-15,CUS-01418,prd-0016,15,EACH,42680,640200
ORD-2024-012774,2024-12-15,CUS-00498,prd-0068,4,EACH,16320,65280
ORD-2024-012791,2024-12-15,CUS-01212,prd-0130,0.58,CARTON,326400,189311.99999999997
ORD-2024-012803,2024-12-15,CUS-01842,prd-0166,0.08,CARTON,1231200,98496.0
ORD-2024-012824,2024-12-16,CUS-00189,prd-0037,0.08,CARTON,615600,49248.0
ORD-2024-012826,2024-12-16,CUS-02348,prd-0039,0.42,CARTON,354480,148881.59999999998
ORD-2024-012828,2024-12-16,CUS-00264,prd-0041,2,EACH,6830,13660
ORD-2024-012829,2024-12-16,CUS-01250,prd-0042,2,EACH,26200,52400
ORD-2024-012860,2024-12-16,CUS-00662,prd-0086,0.5,CARTON,338160,169080.0
ORD-2024-012864,2024-12-16,CUS-02116,prd-0090,0.17,CARTON,452280,76887.6
ORD-2024-012871,2024-12-16,CUS-01172,prd-0093,0.25,CARTON,276960,69240.0
ORD-2024-012876,2024-12-16,CUS-01855,prd-0103,5,EACH,38480,192400
ORD-2024-012877,2024-12-16,CUS-00562,prd-0105,4,EACH,41060,164240
ORD-2024-012885,2024-12-16,CUS-01333,prd-0120,0.17,CARTON,353760,60139.200000000004
ORD-2024-012888,2024-12-16,CUS-02235,prd-0121,1.5,CARTON,158580,237870.0
ORD-2024-012891,2024-12-16,CUS-01889,prd-0125,0.17,CARTON,461400,78438.00000000001
ORD-2024-012895,2024-12-16,CUS-00242,prd-0128,2.83,CARTON,123540,349618.2
ORD-2024-012912,2024-12-16,CUS-01901,prd-0151,30,EACH,42840,1285200
ORD-2024-012917,2024-12-16,CUS-01993,prd-0156,1.17,CARTON,702840,822322.7999999999
ORD-2024-012930,2024-12-16,CUS-01957,prd-0163,7,EACH,27790,194530
ORD-2024-012946,2024-12-17,CUS-00122,prd-0018,0.33,CARTON,750840,247777.2
ORD-2024-012947,2024-12-17,CUS-01076,prd-0019,0.12,CARTON,1499520,179942.4
ORD-2024-012958,2024-12-17,CUS-02009,prd-0041,0.92,CARTON,81960,75403.20000000001
ORD-2024-012966,2024-12-17,CUS-02395,prd-0063,0.08,CARTON,753500,60280.00000000001
ORD-2024-012970,2024-12-17,CUS-01488,prd-0074,1.2,CARTON,383900,460680.0
ORD-2024-012983,2024-12-17,CUS-00581,prd-0086,0.58,CARTON,338160,196132.8
ORD-2024-012984,2024-12-17,CUS-01469,prd-0086,3.58,CARTON,338160,1210612.8
ORD-2024-012992,2024-12-17,CUS-02284,prd-0090,0.42,CARTON,452280,189957.59999999998
ORD-2024-012993,2024-12-17,CUS-00387,prd-0090,0.25,CARTON,452280,113070.0
ORD-2024-013000,2024-12-17,CUS-00115,prd-0100,19,EACH,20780,394820
ORD-2024-013001,2024-12-17,CUS-00344,prd-0102,7,EACH,17050,119350
ORD-2024-013006,2024-12-17,CUS-01517,prd-0115,14,EACH,21210,296940
ORD-2024-013021,2024-12-17,CUS-02256,prd-0136,0.46,CARTON,2637600,1213296.0
ORD-2024-013025,2024-12-17,CUS-00269,prd-0138,0.6,CARTON,1296960,778176.0
ORD-2024-013028,2024-12-17,CUS-01158,prd-0142,0.25,CARTON,624360,156090.0
ORD-2024-013035,2024-12-17,CUS-00185,prd-0151,3.0,CARTON,171360,514080.0
ORD-2024-013041,2024-12-17,CUS-00999,prd-0156,21,EACH,58570,1229970
ORD-2024-013053,2024-12-17,CUS-01131,prd-0170,0.19,CARTON,625320,118810.8
ORD-2024-013063,2024-12-18,CUS-01569,prd-0027,0.17,CARTON,59040,10036.800000000001
ORD-2024-013064,2024-12-18,CUS-00752,prd-0039,0.54,CARTON,354480,191419.2
ORD-2024-013078,2024-12-18,CUS-00721,prd-0056,7,EACH,25020,175140
ORD-2024-013084,2024-12-18,CUS-01208,prd-0064,1.25,CARTON,145400,181750.0
ORD-2024-013094,2024-12-18,CUS-01830,prd-0079,2.8,CARTON,468700,1312360.0
ORD-2024-013101,2024-12-18,CUS-02221,prd-0086,0.58,CARTON,338160,196132.8
ORD-2024-013102,2024-12-18,CUS-01129,prd-0086,0.83,CARTON,338160,280672.8
ORD-2024-013105,2024-12-18,CUS-00125,prd-0090,0.17,CARTON,452280,76887.6
ORD-2024-013106,2024-12-18,CUS-01370,prd-0090,21,EACH,37690,791490
ORD-2024-013116,2024-12-18,CUS-02180,prd-0093,0.83,CARTON,276960,229876.8
ORD-2024-013120,2024-12-18,CUS-01146,prd-0100,5,EACH,20780,103900
ORD-2024-013136,2024-12-18,CUS-01591,prd-0125,0.5,CARTON,461400,230700.0
ORD-2024-013163,2024-12-18,CUS-01734,prd-0161,12,EACH,32640,391680
ORD-2024-013183,2024-12-19,CUS-01400,prd-0008,2,EACH,16360,32720
ORD-2024-013184,2024-12-19,CUS-01408,prd-0011,11,EACH,17170,188870
ORD-2024-013189,2024-12-19,CUS-00419,prd-0016,0.17,CARTON,512160,87067.20000000001
ORD-2024-013194,2024-12-19,CUS-02028,prd-0035,5,EACH,13660,68300
ORD-2024-013198,2024-12-19,CUS-00873,prd-0051,2.25,CARTON,172280,387630.0
ORD-2024-013201,2024-12-19,CUS-01541,prd-0060,10,EACH,57540,575400
ORD-2024-013211,2024-12-19,CUS-00729,prd-0074,0.7,CARTON,383900,268730.0
ORD-2024-013213,2024-12-19,CUS-01862,prd-0077,0.67,CARTON,186720,125102.40000000001
ORD-2024-013233,2024-12-19,CUS-02059,prd-0090,0.42,CARTON,452280,189957.59999999998
ORD-2024-013234,2024-12-19,CUS-00559,prd-0090,5,EACH,37690,188450
ORD-2024-013239,2024-12-19,CUS-01521,prd-0100,0.12,CARTON,498720,59846.399999999994
ORD-2024-013252,2024-12-19,CUS-00389,prd-0113,0.23,CARTON,625200,143796.0
ORD-2024-013259,2024-12-19,CUS-02106,prd-0121,0.83,CARTON,158580,131621.4
ORD-2024-013266,2024-12-19,CUS-00077,prd-0125,7,EACH,15380,107660
ORD-2024-013273,2024-12-19,CUS-01220,prd-0141,0.21,CARTON,926400,194544.0
ORD-2024-013283,2024-12-19,CUS-01446,prd-0151,1.0,CARTON,171360,171360.0
ORD-2024-013284,2024-12-19,CUS-00989,prd-0151,2.5,CARTON,171360,428400.0
ORD-2024-013309,2024-12-20,CUS-02155,prd-0013,3,EACH,11970,35910
ORD-2024-013314,2024-12-20,CUS-00946,prd-0017,0.17,CARTON,476160,80947.20000000001
ORD-2024-013315,2024-12-20,CUS-02463,prd-0017,5,EACH,39680,198400
ORD-2024-013340,2024-12-20,CUS-02408,prd-0057,3,EACH,18040,54120
ORD-2024-013341,2024-12-20,CUS-00170,prd-0057,0.2,CARTON,180400,36080.0
ORD-2024-013346,2024-12-20,CUS-00676,prd-0064,1.5,CARTON,145400,218100.0
ORD-2024-013363,2024-12-20,CUS-00810,prd-0086,0.58,CARTON,338160,196132.8
ORD-2024-013369,2024-12-20,CUS-01902,prd-0090,1.33,CARTON,452280,601532.4
ORD-2024-013370,2024-12-20,CUS-02416,prd-0090,0.33,CARTON,452280,149252.40000000002
ORD-2024-013399,2024-12-20,CUS-00123,prd-0125,0.37,CARTON,461400,170718.0
ORD-2024-013410,2024-12-20,CUS-02476,prd-0135,1,EACH,32900,32900
ORD-2024-013432,2024-12-20,CUS-01307,prd-0156,0.25,CARTON,702840,175710.0
ORD-2024-013434,2024-12-20,CUS-00622,prd-0160,18,EACH,32940,592920
ORD-2024-013442,2024-12-20,CUS-00704,prd-0164,8,EACH,19920,159360
ORD-2024-013445,2024-12-21,CUS-02056,prd-0002,8,EACH,5180,41440
ORD-2024-013454,2024-12-21,CUS-00187,prd-0018,0.75,CARTON,750840,563130.0
ORD-2024-013474,2024-12-21,CUS-00118,prd-0068,4,EACH,16320,65280
ORD-2024-013475,2024-12-21,CUS-00516,prd-0072,3,EACH,42600,127800
ORD-2024-013478,2024-12-21,CUS-00232,prd-0078,1.25,CARTON,404640,505800.0
ORD-2024-013507,2024-12-21,CUS-02375,prd-0118,0.58,CARTON,277320,160845.59999999998
ORD-2024-013508,2024-12-21,CUS-01944,prd-0120,0.33,CARTON,353760,116740.79999999999
ORD-2024-013517,2024-12-21,CUS-00273,prd-0151,2.0,CARTON,171360,342720.0
ORD-2024-013530,2024-12-22,CUS-00725,prd-0004,6,EACH,4490,26940
ORD-2024-013540,2024-12-22,CUS-01932,prd-0060,4,EACH,57540,230160
ORD-2024-013567,2024-12-22,CUS-01808,prd-0142,0.83,CARTON,624360,518218.80000000005
ORD-2024-013573,2024-12-22,CUS-02327,prd-0153,0.04,CARTON,1162560,46502.4
ORD-2024-013601,2024-12-23,CUS-02170,prd-0039,7,EACH,14770,103390
ORD-2024-013616,2024-12-23,CUS-01129,prd-0061,11,EACH,16320,179520
ORD-2024-013617,2024-12-23,CUS-01027,prd-0061,1,EACH,16320,16320
ORD-2024-013622,2024-12-23,CUS-01743,prd-0062,5,EACH,17890,89450
ORD-2024-013627,2024-12-23,CUS-02453,prd-0074,2,EACH,38390,76780
ORD-2024-013630,2024-12-23,CUS-00557,prd-0076,0.42,CARTON,336600,141372.0
ORD-2024-013636,2024-12-23,CUS-01167,prd-0079,1,EACH,46870,46870
ORD-2024-013638,2024-12-23,CUS-00685,prd-0083,0.12,CARTON,568560,68227.2
ORD-2024-013652,2024-12-23,CUS-00801,prd-0090,1.25,CARTON,452280,565350.0
ORD-2024-013653,2024-12-23,CUS-00220,prd-0090,1.17,CARTON,452280,529167.6
ORD-2024-013698,2024-12-23,CUS-00467,prd-0151,2.25,CARTON,171360,385560.0
ORD-2024-013711,2024-12-23,CUS-00197,prd-0165,0.08,CARTON,1122240,89779.20000000001
ORD-2024-013713,2024-12-23,CUS-02033,prd-0166,0.23,CARTON,1231200,283176.0
ORD-2024-013720,2024-12-24,CUS-00400,prd-0018,0.75,CARTON,750840,563130.0
ORD-2024-013727,2024-12-24,CUS-02168,prd-0035,1.08,CARTON,163920,177033.6
ORD-2024-013738,2024-12-24,CUS-01861,prd-0056,8,EACH,25020,200160
ORD-2024-013740,2024-12-24,CUS-02458,prd-0060,0.04,CARTON,2877000,115080.0
ORD-2024-013762,2024-12-24,CUS-02331,prd-0090,6,EACH,37690,226140
ORD-2024-013763,2024-12-24,CUS-00474,prd-0090,0.17,CARTON,452280,76887.6
ORD-2024-013764,2024-12-24,CUS-00615,prd-0090,6,EACH,37690,226140
ORD-2024-013775,2024-12-24,CUS-01757,prd-0103,0.83,CARTON,461760,383260.8
ORD-2024-013778,2024-12-24,CUS-02060,prd-0109,14,EACH,30700,429800
ORD-2024-013780,2024-12-24,CUS-00244,prd-0111,0.23,CARTON,587520,135129.6
ORD-2024-013785,2024-12-24,CUS-01326,prd-0126,0.17,CARTON,351240,59710.8
ORD-2024-013786,2024-12-24,CUS-01725,prd-0127,2.25,CARTON,201120,452520.0
ORD-2024-013792,2024-12-24,CUS-01416,prd-0141,1,EACH,38600,38600
ORD-2024-013810,2024-12-24,CUS-00560,prd-0161,4,EACH,32640,130560
ORD-2024-013811,2024-12-24,CUS-00766,prd-0161,4,EACH,32640,130560
ORD-2024-013822,2024-12-25,CUS-00736,prd-0008,0.17,CARTON,196320,33374.4
ORD-2024-013824,2024-12-25,CUS-01979,prd-0012,0.29,CARTON,441840,128133.59999999999
ORD-2024-013838,2024-12-25,CUS-01136,prd-0041,0.5,CARTON,81960,40980.0
ORD-2024-013844,2024-12-25,CUS-02221,prd-0062,0.06,CARTON,894500,53669.99999999999
ORD-2024-013850,2024-12-25,CUS-02049,prd-0072,9,EACH,42600,383400
ORD-2024-013856,2024-12-25,CUS-00868,prd-0081,13,EACH,42190,548470
ORD-2024-013861,2024-12-25,CUS-00351,prd-0083,0.17,CARTON,568560,96655.20000000001
ORD-2024-013871,2024-12-25,CUS-01078,prd-0090,0.33,CARTON,452280,149252.40000000002
ORD-2024-013872,2024-12-25,CUS-02165,prd-0090,0.25,CARTON,452280,113070.0
ORD-2024-013873,2024-12-25,CUS-00855,prd-0090,1.58,CARTON,452280,714602.4
ORD-2024-013884,2024-12-25,CUS-02351,prd-0100,0.38,CARTON,498720,189513.6
ORD-2024-013887,2024-12-25,CUS-01597,prd-0102,0.25,CARTON,204600,51150.0
ORD-2024-013892,2024-12-25,CUS-01153,prd-0114,0.42,CARTON,188760,79279.2
ORD-2024-013894,2024-12-25,CUS-00249,prd-0120,0.21,CARTON,353760,74289.6
ORD-2024-013903,2024-12-25,CUS-00507,prd-0131,8,EACH,31140,249120
ORD-2024-013911,2024-12-25,CUS-01892,prd-0142,14,EACH,52030,728420
ORD-2024-013912,2024-12-25,CUS-00207,prd-0143,0.58,CARTON,583680,338534.39999999997
ORD-2024-013915,2024-12-25,CUS-01599,prd-0151,4.75,CARTON,171360,813960.0
ORD-2024-013918,2024-12-25,CUS-01424,prd-0153,0.1,CARTON,1162560,116256.0
ORD-2024-013922,2024-12-25,CUS-00261,prd-0156,1.0,CARTON,702840,702840.0
ORD-2024-013929,2024-12-25,CUS-00529,prd-0165,0.12,CARTON,1122240,134668.8
ORD-2024-013940,2024-12-26,CUS-01541,prd-0016,0.67,CARTON,512160,343147.2
ORD-2024-013942,2024-12-26,CUS-02371,prd-0018,0.5,CARTON,750840,375420.0
ORD-2024-013965,2024-12-26,CUS-00005,prd-0051,0.25,CARTON,172280,43070.0
ORD-2024-013968,2024-12-26,CUS-01886,prd-0057,12,EACH,18040,216480
ORD-2024-013974,2024-12-26,CUS-01625,prd-0063,0.06,CARTON,753500,45210.0
ORD-2024-013988,2024-12-26,CUS-00804,prd-0083,0.42,CARTON,568560,238795.19999999998
ORD-2024-013990,2024-12-26,CUS-00476,prd-0084,0.42,CARTON,666240,279820.8
ORD-2024-014001,2024-12-26,CUS-00494,prd-0091,1.08,CARTON,324120,350049.60000000003
ORD-2024-014012,2024-12-26,CUS-00598,prd-0108,1.21,CARTON,738000,892980.0
ORD-2024-014020,2024-12-26,CUS-00662,prd-0122,0.62,CARTON,459360,284803.19999999995
ORD-2024-014021,2024-12-26,CUS-00539,prd-0123,0.58,CARTON,345840,200587.19999999998
ORD-2024-014022,2024-12-26,CUS-01695,prd-0123,14,EACH,14410,201740
ORD-2024-014037,2024-12-26,CUS-02289,prd-0145,0.33,CARTON,763200,251856.0
ORD-2024-014051,2024-12-26,CUS-01863,prd-0153,2,EACH,24220,48440
ORD-2024-014054,2024-12-26,CUS-00817,prd-0156,0.33,CARTON,702840,231937.2
ORD-2024-014059,2024-12-26,CUS-00999,prd-0161,8,EACH,32640,261120
ORD-2024-014062,2024-12-26,CUS-02006,prd-0165,0.12,CARTON,1122240,134668.8
ORD-2024-014099,2024-12-27,CUS-02361,prd-0061,0.26,CARTON,816000,212160.0
ORD-2024-014123,2024-12-27,CUS-00569,prd-0084,8,EACH,27760,222080
ORD-2024-014133,2024-12-27,CUS-00041,prd-0090,0.25,CARTON,452280,113070.0
ORD-2024-014134,2024-12-27,CUS-01745,prd-0090,37,EACH,37690,1394530
ORD-2024-014135,2024-12-27,CUS-00875,prd-0090,0.17,CARTON,452280,76887.6
ORD-2024-014136,2024-12-27,CUS-00935,prd-0090,0.25,CARTON,452280,113070.0
ORD-2024-014146,2024-12-27,CUS-01428,prd-0100,0.33,CARTON,498720,164577.6
ORD-2024-014147,2024-12-27,CUS-01928,prd-0100,0.08,CARTON,498720,39897.600000000006
ORD-2024-014152,2024-12-27,CUS-01291,prd-0113,0.07,CARTON,625200,43764.00000000001
ORD-2024-014155,2024-12-27,CUS-00588,prd-0118,0.08,CARTON,277320,22185.6
ORD-2024-014174,2024-12-27,CUS-00916,prd-0125,0.3,CARTON,461400,138420.0
ORD-2024-014179,2024-12-27,CUS-01596,prd-0126,2.67,CARTON,351240,937810.7999999999
ORD-2024-014182,2024-12-27,CUS-02131,prd-0142,0.83,CARTON,624360,518218.80000000005
ORD-2024-014194,2024-12-27,CUS-00303,prd-0151,3,EACH,42840,128520
ORD-2024-014198,2024-12-27,CUS-01442,prd-0156,0.33,CARTON,702840,231937.2
ORD-2024-014199,2024-12-27,CUS-00069,prd-0156,5,EACH,58570,292850
ORD-2024-014215,2024-12-27,CUS-02473,prd-0170,0.33,CARTON,625320,206355.6
ORD-2024-014217,2024-12-28,CUS-01251,prd-0004,10,EACH,4490,44900
ORD-2024-014227,2024-12-28,CUS-01928,prd-0043,5,EACH,17760,88800
ORD-2024-014235,2024-12-28,CUS-01469,prd-0057,3,EACH,18040,54120
ORD-2024-014242,2024-12-28,CUS-00031,prd-0077,1.33,CARTON,186720,248337.60000000003
ORD-2024-014248,2024-12-28,CUS-00412,prd-0084,12,EACH,27760,333120
ORD-2024-014257,2024-12-28,CUS-00584,prd-0090,0.33,CARTON,452280,149252.40000000002
ORD-2024-014263,2024-12-28,CUS-01131,prd-0098,0.08,CARTON,183840,14707.2
ORD-2024-014264,2024-12-28,CUS-00534,prd-0098,8,EACH,15320,122560
ORD-2024-014284,2024-12-28,CUS-02470,prd-0151,4.0,CARTON,171360,685440.0
ORD-2024-014290,2024-12-28,CUS-00269,prd-0161,11,EACH,32640,359040
ORD-2024-014291,2024-12-28,CUS-00580,prd-0161,0.12,CARTON,1566720,188006.4
ORD-2024-014296,2024-12-28,CUS-02374,prd-0168,0.58,CARTON,233880,135650.4
ORD-2024-014313,2024-12-29,CUS-00828,prd-0086,0.42,CARTON,338160,142027.2
ORD-2024-014321,2024-12-29,CUS-01470,prd-0104,0.17,CARTON,411120,69890.40000000001
ORD-2024-014323,2024-12-29,CUS-01470,prd-0108,0.96,CARTON,738000,708480.0
ORD-2024-014327,2024-12-29,CUS-00947,prd-0128,1.5,CARTON,123540,185310.0
ORD-2024-014331,2024-12-29,CUS-00655,prd-0144,0.83,CARTON,383880,318620.39999999997
ORD-2024-014336,2024-12-29,CUS-01065,prd-0155,22,EACH,65880,1449360
ORD-2024-014337,2024-12-29,CUS-01505,prd-0161,7,EACH,32640,228480
ORD-2024-014356,2024-12-30,CUS-01807,prd-0057,0.7,CARTON,180400,126280.0
ORD-2024-014361,2024-12-30,CUS-00332,prd-0065,0.33,CARTON,408000,134640.0
ORD-2024-014371,2024-12-30,CUS-01447,prd-0084,0.29,CARTON,666240,193209.59999999998
ORD-2024-014382,2024-12-30,CUS-00516,prd-0090,0.5,CARTON,452280,226140.0
ORD-2024-014390,2024-12-30,CUS-01086,prd-0091,4,EACH,27010,108040
ORD-2024-014394,2024-12-30,CUS-02065,prd-0097,1.0,CARTON,261360,261360.0
ORD-2024-014399,2024-12-30,CUS-01750,prd-0100,13,EACH,20780,270140
ORD-2024-014402,2024-12-30,CUS-00825,prd-0102,0.33,CARTON,204600,67518.0
ORD-2024-014419,2024-12-30,CUS-01230,prd-0123,11,EACH,14410,158510
ORD-2024-014441,2024-12-30,CUS-02364,prd-0150,19,EACH,47850,909150
ORD-2024-014444,2024-12-30,CUS-00695,prd-0152,4,EACH,24900,99600
ORD-2024-014455,2024-12-30,CUS-01601,prd-0165,0.15,CARTON,1122240,168336.0
ORD-2024-014465,2024-12-31,CUS-00203,prd-0016,0.58,CARTON,512160,297052.8
ORD-2024-014468,2024-12-31,CUS-02162,prd-0018,0.42,CARTON,750840,315352.8
ORD-2024-014488,2024-12-31,CUS-01530,prd-0062,0.06,CARTON,894500,53669.99999999999
ORD-2024-014499,2024-12-31,CUS-00889,prd-0077,2.67,CARTON,186720,498542.39999999997
ORD-2024-014508,2024-12-31,CUS-01761,prd-0086,0.33,CARTON,338160,111592.79999999999
ORD-2024-014517,2024-12-31,CUS-00897,prd-0090,2.58,CARTON,452280,1166882.4
ORD-2024-014520,2024-12-31,CUS-01051,prd-0091,0.5,CARTON,324120,162060.0
ORD-2024-014527,2024-12-31,CUS-00961,prd-0100,0.62,CARTON,498720,309206.4
ORD-2024-014544,2024-12-31,CUS-01575,prd-0125,0.17,CARTON,461400,78438.00000000001
ORD-2024-014545,2024-12-31,CUS-01540,prd-0125,5,EACH,15380,76900
ORD-2024-014546,2024-12-31,CUS-00589,prd-0125,0.23,CARTON,461400,106122.0
ORD-2024-014549,2024-12-31,CUS-01086,prd-0128,5,EACH,20590,102950
ORD-2024-014584,2024-12-31,CUS-01192,prd-0168,14,EACH,19490,272860
ORD-2025-014587,2025-01-01,CUS-00516,prd-0016,4,EACH,42680,170720
ORD-2025-014588,2025-01-01,CUS-00320,prd-0017,0.17,CARTON,476160,80947.20000000001
ORD-2025-014592,2025-01-01,CUS-01294,prd-0028,6,EACH,4910,29460
ORD-2025-014620,2025-01-01,CUS-01955,prd-0121,1.5,CARTON,158580,237870.0
ORD-2025-014630,2025-01-01,CUS-00285,prd-0151,1.0,CARTON,171360,171360.0
ORD-2025-014631,2025-01-01,CUS-01299,prd-0151,1.5,CARTON,171360,257040.0
ORD-2025-014647,2025-01-02,CUS-01258,prd-0004,10,EACH,4490,44900
ORD-2025-014657,2025-01-02,CUS-01530,prd-0040,0.33,CARTON,338400,111672.0
ORD-2025-014658,2025-01-02,CUS-01587,prd-0041,0.67,CARTON,81960,54913.200000000004
ORD-2025-014671,2025-01-02,CUS-00207,prd-0079,0.7,CARTON,468700,328090.0
ORD-2025-014675,2025-01-02,CUS-02445,prd-0086,0.33,CARTON,338160,111592.79999999999
ORD-2025-014684,2025-01-02,CUS-00185,prd-0090,0.92,CARTON,452280,416097.60000000003
ORD-2025-014685,2025-01-02,CUS-00474,prd-0090,0.42,CARTON,452280,189957.59999999998
ORD-2025-014686,2025-01-02,CUS-01299,prd-0090,0.67,CARTON,452280,303027.60000000003
ORD-2025-014699,2025-01-02,CUS-00825,prd-0120,0.08,CARTON,353760,28300.800000000003
ORD-2025-014709,2025-01-02,CUS-00610,prd-0141,0.38,CARTON,926400,352032.0
ORD-2025-014723,2025-01-02,CUS-02320,prd-0160,0.15,CARTON,1581120,237168.0
ORD-2025-014737,2025-01-03,CUS-02466,prd-0047,0.6,CARTON,190600,114360.0
ORD-2025-014744,2025-01-03,CUS-00937,prd-0061,0.12,CARTON,816000,97920.0
ORD-2025-014757,2025-01-03,CUS-01141,prd-0090,0.25,CARTON,452280,113070.0
ORD-2025-014761,2025-01-03,CUS-01311,prd-0100,4,EACH,20780,83120
ORD-2025-014773,2025-01-03,CUS-01287,prd-0135,11,EACH,32900,361900
ORD-2025-014779,2025-01-03,CUS-00462,prd-0143,0.67,CARTON,583680,391065.60000000003
ORD-2025-014780,2025-01-03,CUS-00907,prd-0144,0.33,CARTON,383880,126680.40000000001
ORD-2025-014784,2025-01-03,CUS-02454,prd-0153,25,EACH,24220,605500
ORD-2025-014785,2025-01-03,CUS-01640,prd-0154,5,EACH,42470,212350
ORD-2025-014805,2025-01-04,CUS-01807,prd-0073,0.3,CARTON,379300,113790.0
ORD-2025-014807,2025-01-04,CUS-01188,prd-0077,0.83,CARTON,186720,154977.59999999998
ORD-2025-014810,2025-01-04,CUS-01994,prd-0083,0.46,CARTON,568560,261537.59999999998
ORD-2025-014814,2025-01-04,CUS-01298,prd-0090,0.42,CARTON,452280,189957.59999999998
ORD-2025-014818,2025-01-04,CUS-00228,prd-0098,1.17,CARTON,183840,215092.8
ORD-2025-014823,2025-01-04,CUS-02256,prd-0105,1.08,CARTON,492720,532137.6000000001
ORD-2025-014826,2025-01-04,CUS-00588,prd-0109,0.75,CARTON,368400,276300.0
ORD-2025-014845,2025-01-04,CUS-02301,prd-0151,10,EACH,42840,428400
ORD-2025-014861,2025-01-05,CUS-01230,prd-0086,2,EACH,28180,56360
ORD-2025-014865,2025-01-05,CUS-02236,prd-0099,0.12,CARTON,345120,41414.399999999994
ORD-2025-014875,2025-01-06,CUS-00106,prd-0004,0.5,CARTON,53880,26940.0
ORD-2025-014884,2025-01-06,CUS-00698,prd-0033,14,EACH,11040,154560
ORD-2025-014893,2025-01-06,CUS-01932,prd-0061,11,EACH,16320,179520
ORD-2025-014901,2025-01-06,CUS-00325,prd-0081,0.7,CARTON,421900,295329.99999999994
ORD-2025-014908,2025-01-06,CUS-02460,prd-0090,5,EACH,37690,188450
ORD-2025-014915,2025-01-06,CUS-01295,prd-0098,3,EACH,15320,45960
ORD-2025-014922,2025-01-06,CUS-00842,prd-0109,0.33,CARTON,368400,121572.0
ORD-2025-014931,2025-01-06,CUS-01808,prd-0125,0.5,CARTON,461400,230700.0
ORD-2025-014937,2025-01-06,CUS-00880,prd-0131,0.36,CARTON,1121040,403574.39999999997
ORD-2025-014938,2025-01-06,CUS-02304,prd-0135,22,EACH,32900,723800
ORD-2025-014939,2025-01-06,CUS-02484,prd-0142,0.67,CARTON,624360,418321.19999999995
ORD-2025-014943,2025-01-06,CUS-01390,prd-0151,17,EACH,42840,728280
ORD-2025-014947,2025-01-06,CUS-02412,prd-0156,0.25,CARTON,702840,175710.0
ORD-2025-014953,2025-01-06,CUS-02213,prd-0167,0.31,CARTON,504720,156463.19999999998
ORD-2025-014955,2025-01-07,CUS-02429,prd-0004,0.83,CARTON,53880,44720.399999999994
ORD-2025-014967,2025-01-07,CUS-00559,prd-0072,1.0,CARTON,426000,426000.0
ORD-2025-014976,2025-01-07,CUS-02147,prd-0086,1.0,CARTON,338160,338160.0
ORD-2025-014981,2025-01-07,CUS-02080,prd-0090,1.08,CARTON,452280,488462.4
ORD-2025-014987,2025-01-07,CUS-01584,prd-0092,0.25,CARTON,363120,90780.0
ORD-2025-015001,2025-01-07,CUS-02378,prd-0151,5.5,CARTON,171360,942480.0
ORD-2025-015002,2025-01-07,CUS-00578,prd-0151,9,EACH,42840,385560
ORD-2025-015003,2025-01-07,CUS-00776,prd-0154,0.33,CARTON,1019280,336362.4
ORD-2025-015015,2025-01-08,CUS-01913,prd-0005,1.33,CARTON,37320,49635.600000000006
ORD-2025-015039,2025-01-08,CUS-01227,prd-0083,0.62,CARTON,568560,352507.19999999995
ORD-2025-015040,2025-01-08,CUS-01048,prd-0084,5,EACH,27760,138800
ORD-2025-015050,2025-01-08,CUS-02051,prd-0113,11,EACH,10420,114620
ORD-2025-015052,2025-01-08,CUS-00376,prd-0118,1.92,CARTON,277320,532454.3999999999
ORD-2025-015054,2025-01-08,CUS-02077,prd-0121,1.0,CARTON,158580,158580.0
ORD-2025-015060,2025-01-08,CUS-00801,prd-0125,0.27,CARTON,461400,124578.00000000001
ORD-2025-015066,2025-01-08,CUS-01046,prd-0140,5,EACH,27740,138700
ORD-2025-015073,2025-01-08,CUS-00376,prd-0151,0.5,CARTON,171360,85680.0
ORD-2025-015074,2025-01-08,CUS-01760,prd-0151,2.25,CARTON,171360,385560.0
ORD-2025-015075,2025-01-08,CUS-00277,prd-0151,1.0,CARTON,171360,171360.0
ORD-2025-015076,2025-01-08,CUS-02395,prd-0151,1.25,CARTON,171360,214200.0
ORD-2025-015085,2025-01-09,CUS-01643,prd-0002,7,EACH,5180,36260
ORD-2025-015086,2025-01-09,CUS-00430,prd-0004,15,EACH,4490,67350
ORD-2025-015088,2025-01-09,CUS-00650,prd-0005,0.42,CARTON,37320,15674.400000000001
ORD-2025-015091,2025-01-09,CUS-01593,prd-0016,7,EACH,42680,298760
ORD-2025-015093,2025-01-09,CUS-02304,prd-0026,5,EACH,4150,20750
ORD-2025-015115,2025-01-09,CUS-01556,prd-0084,0.29,CARTON,666240,193209.59999999998
ORD-2025-015125,2025-01-09,CUS-01562,prd-0090,1,EACH,37690,37690
ORD-2025-015130,2025-01-09,CUS-02434,prd-0110,0.75,CARTON,364200,273150.0
ORD-2025-015133,2025-01-09,CUS-00908,prd-0121,1.33,CARTON,158580,210911.40000000002
ORD-2025-015134,2025-01-09,CUS-01408,prd-0123,0.21,CARTON,345840,72626.4
ORD-2025-015135,2025-01-09,CUS-01492,prd-0125,4,EACH,15380,61520
ORD-2025-015137,2025-01-09,CUS-00506,prd-0127,0.33,CARTON,201120,66369.6
ORD-2025-015139,2025-01-09,CUS-01053,prd-0134,0.28,CARTON,1258920,352497.60000000003
ORD-2025-015142,2025-01-09,CUS-01786,prd-0135,2,EACH,32900,65800
ORD-2025-015152,2025-01-09,CUS-01644,prd-0153,0.48,CARTON,1162560,558028.8
ORD-2025-015155,2025-01-09,CUS-01017,prd-0161,0.1,CARTON,1566720,156672.0
ORD-2025-015159,2025-01-10,CUS-01955,prd-0004,0.5,CARTON,53880,26940.0
ORD-2025-015162,2025-01-10,CUS-01068,prd-0007,0.17,CARTON,204840,34822.8
ORD-2025-015177,2025-01-10,CUS-01035,prd-0060,0.08,CARTON,2877000,230160.0
ORD-2025-015180,2025-01-10,CUS-01521,prd-0068,0.42,CARTON,195840,82252.79999999999
ORD-2025-015195,2025-01-10,CUS-00902,prd-0090,0.08,CARTON,452280,36182.4
ORD-2025-015196,2025-01-10,CUS-01212,prd-0090,0.67,CARTON,452280,303027.60000000003
ORD-2025-015203,2025-01-10,CUS-00615,prd-0099,2,EACH,14380,28760
ORD-2025-015212,2025-01-10,CUS-02039,prd-0128,4,EACH,20590,82360
ORD-2025-015220,2025-01-10,CUS-01017,prd-0146,0.46,CARTON,835680,384412.80000000005
ORD-2025-015221,2025-01-10,CUS-00121,prd-0148,24,EACH,27270,654480
ORD-2025-015225,2025-01-10,CUS-01447,prd-0151,5.25,CARTON,171360,899640.0
ORD-2025-015227,2025-01-10,CUS-01965,prd-0153,3,EACH,24220,72660
ORD-2025-015229,2025-01-10,CUS-01776,prd-0157,0.5,CARTON,297720,148860.0
ORD-2025-015233,2025-01-10,CUS-00182,prd-0165,9,EACH,23380,210420
ORD-2025-015238,2025-01-10,CUS-00868,prd-0170,0.19,CARTON,625320,118810.8
ORD-2025-015254,2025-01-11,CUS-02162,prd-0064,1.0,CARTON,145400,145400.0
ORD-2025-015256,2025-01-11,CUS-02157,prd-0067,0.5,CARTON,297120,148560.0
ORD-2025-015259,2025-01-11,CUS-00150,prd-0078,4,EACH,33720,134880
ORD-2025-015261,2025-01-11,CUS-01576,prd-0079,6,EACH,46870,281220
ORD-2025-015266,2025-01-11,CUS-00946,prd-0086,0.83,CARTON,338160,280672.8
ORD-2025-015270,2025-01-11,CUS-00384,prd-0090,0.58,CARTON,452280,262322.39999999997
ORD-2025-015279,2025-01-11,CUS-00862,prd-0125,0.1,CARTON,461400,46140.0
ORD-2025-015281,2025-01-11,CUS-01289,prd-0135,0.31,CARTON,1579200,489552.0
ORD-2025-015289,2025-01-11,CUS-00385,prd-0153,0.1,CARTON,1162560,116256.0
ORD-2025-015290,2025-01-11,CUS-01321,prd-0156,8,EACH,58570,468560
ORD-2025-015299,2025-01-12,CUS-01787,prd-0061,0.14,CARTON,816000,114240.00000000001
ORD-2025-015301,2025-01-12,CUS-01194,prd-0077,0.67,CARTON,186720,125102.40000000001
ORD-2025-015307,2025-01-12,CUS-01131,prd-0090,0.08,CARTON,452280,36182.4
ORD-2025-015308,2025-01-12,CUS-00200,prd-0109,8,EACH,30700,245600
ORD-2025-015318,2025-01-12,CUS-00306,prd-0167,0.08,CARTON,504720,40377.600000000006
ORD-2025-015322,2025-01-13,CUS-02172,prd-0016,0.42,CARTON,512160,215107.19999999998
ORD-2025-015327,2025-01-13,CUS-01555,prd-0037,0.42,CARTON,615600,258552.0
ORD-2025-015333,2025-01-13,CUS-00159,prd-0056,0.29,CARTON,600480,174139.19999999998
ORD-2025-015341,2025-01-13,CUS-00804,prd-0078,0.42,CARTON,404640,169948.8
ORD-2025-015344,2025-01-13,CUS-01743,prd-0086,1.75,CARTON,338160,591780.0
ORD-2025-015349,2025-01-13,CUS-01750,prd-0090,1,EACH,37690,37690
ORD-2025-015350,2025-01-13,CUS-01644,prd-0090,2.08,CARTON,452280,940742.3999999999
ORD-2025-015351,2025-01-13,CUS-00690,prd-0090,0.67,CARTON,452280,303027.60000000003
ORD-2025-015356,2025-01-13,CUS-00501,prd-0093,5,EACH,23080,115400
ORD-2025-015357,2025-01-13,CUS-00989,prd-0098,0.83,CARTON,183840,152587.19999999998
ORD-2025-015358,2025-01-13,CUS-01046,prd-0098,0.08,CARTON,183840,14707.2
ORD-2025-015360,2025-01-13,CUS-00791,prd-0103,1.42,CARTON,461760,655699.2
ORD-2025-015365,2025-01-13,CUS-00314,prd-0109,0.25,CARTON,368400,92100.0
ORD-2025-015368,2025-01-13,CUS-01552,prd-0121,0.67,CARTON,158580,106248.6
ORD-2025-015375,2025-01-13,CUS-00795,prd-0128,18,EACH,20590,370620
ORD-2025-015381,2025-01-13,CUS-02237,prd-0144,0.75,CARTON,383880,287910.0
ORD-2025-015382,2025-01-13,CUS-01190,prd-0145,0.42,CARTON,763200,320544.0
ORD-2025-015387,2025-01-13,CUS-02086,prd-0151,2.0,CARTON,171360,342720.0
ORD-2025-015388,2025-01-13,CUS-01492,prd-0151,0.5,CARTON,171360,85680.0
ORD-2025-015395,2025-01-13,CUS-01000,prd-0155,0.67,CARTON,790560,529675.2000000001
ORD-2025-015416,2025-01-14,CUS-01444,prd-0048,5.6,CARTON,84350,472360.0
ORD-2025-015420,2025-01-14,CUS-01345,prd-0060,0.1,CARTON,2877000,287700.0
ORD-2025-015423,2025-01-14,CUS-01405,prd-0061,0.14,CARTON,816000,114240.00000000001
ORD-2025-015441,2025-01-14,CUS-00857,prd-0084,3,EACH,27760,83280
ORD-2025-015447,2025-01-14,CUS-00352,prd-0090,0.33,CARTON,452280,149252.40000000002
ORD-2025-015448,2025-01-14,CUS-00203,prd-0090,10,EACH,37690,376900
ORD-2025-015452,2025-01-14,CUS-01216,prd-0108,0.5,CARTON,738000,369000.0
ORD-2025-015464,2025-01-14,CUS-01661,prd-0145,0.75,CARTON,763200,572400.0
ORD-2025-015468,2025-01-14,CUS-02140,prd-0151,1.75,CARTON,171360,299880.0
ORD-2025-015473,2025-01-14,CUS-02320,prd-0160,6,EACH,32940,197640
ORD-2025-015475,2025-01-14,CUS-01459,prd-0165,0.1,CARTON,1122240,112224.0
ORD-2025-015481,2025-01-15,CUS-00785,prd-0007,14,EACH,17070,238980
ORD-2025-015487,2025-01-15,CUS-00113,prd-0022,0.08,CARTON,140160,11212.8
ORD-2025-015504,2025-01-15,CUS-01463,prd-0077,0.5,CARTON,186720,93360.0
ORD-2025-015512,2025-01-15,CUS-02374,prd-0086,0.08,CARTON,338160,27052.800000000003
ORD-2025-015517,2025-01-15,CUS-02232,prd-0090,0.67,CARTON,452280,303027.60000000003
ORD-2025-015518,2025-01-15,CUS-00217,prd-0090,0.17,CARTON,452280,76887.6
ORD-2025-015521,2025-01-15,CUS-02250,prd-0098,4,EACH,15320,61280
ORD-2025-015524,2025-01-15,CUS-01925,prd-0106,0.42,CARTON,502680,211125.59999999998
ORD-2025-015533,2025-01-15,CUS-00838,prd-0125,0.27,CARTON,461400,124578.00000000001
ORD-2025-015551,2025-01-15,CUS-01428,prd-0161,0.21,CARTON,1566720,329011.19999999995
ORD-2025-015554,2025-01-15,CUS-00075,prd-0165,0.17,CARTON,1122240,190780.80000000002
ORD-2025-015555,2025-01-15,CUS-01722,prd-0165,0.25,CARTON,1122240,280560.0
ORD-2025-015559,2025-01-16,CUS-00170,prd-0008,0.17,CARTON,196320,33374.4
ORD-2025-015575,2025-01-16,CUS-00917,prd-0076,2.5,CARTON,336600,841500.0
ORD-2025-015578,2025-01-16,CUS-02452,prd-0080,0.25,CARTON,286800,71700.0
ORD-2025-015580,2025-01-16,CUS-00006,prd-0085,0.29,CARTON,781920,226756.8
ORD-2025-015583,2025-01-16,CUS-00217,prd-0090,0.75,CARTON,452280,339210.0
ORD-2025-015591,2025-01-16,CUS-00757,prd-0108,0.12,CARTON,738000,88560.0
ORD-2025-015604,2025-01-16,CUS-01352,prd-0131,6,EACH,31140,186840
ORD-2025-015613,2025-01-16,CUS-00731,prd-0150,4.25,CARTON,191400,813450.0
ORD-2025-015621,2025-01-16,CUS-00590,prd-0166,0.17,CARTON,1231200,209304.0
ORD-2025-015630,2025-01-17,CUS-00351,prd-0039,0.25,CARTON,354480,88620.0
ORD-2025-015631,2025-01-17,CUS-01602,prd-0039,10,EACH,14770,147700
ORD-2025-015637,2025-01-17,CUS-00807,prd-0061,0.18,CARTON,816000,146880.0
ORD-2025-015646,2025-01-17,CUS-00680,prd-0072,0.3,CARTON,426000,127800.0
ORD-2025-015659,2025-01-17,CUS-00935,prd-0090,0.25,CARTON,452280,113070.0
ORD-2025-015663,2025-01-17,CUS-01539,prd-0099,0.75,CARTON,345120,258840.0
ORD-2025-015671,2025-01-17,CUS-00123,prd-0115,0.08,CARTON,1018080,81446.4
ORD-2025-015680,2025-01-17,CUS-01054,prd-0142,0.33,CARTON,624360,206038.80000000002
ORD-2025-015686,2025-01-17,CUS-02269,prd-0151,0.75,CARTON,171360,128520.0
ORD-2025-015691,2025-01-17,CUS-02463,prd-0155,5,EACH,65880,329400
ORD-2025-015694,2025-01-17,CUS-02024,prd-0162,6,EACH,28900,173400
ORD-2025-015697,2025-01-17,CUS-00866,prd-0166,0.02,CARTON,1231200,24624.0
ORD-2025-015698,2025-01-18,CUS-01576,prd-0004,0.08,CARTON,53880,4310.4
ORD-2025-015699,2025-01-18,CUS-02127,prd-0016,5,EACH,42680,213400
ORD-2025-015700,2025-01-18,CUS-01251,prd-0016,6,EACH,42680,256080
ORD-2025-015707,2025-01-18,CUS-00729,prd-0065,14,EACH,34000,476000
ORD-2025-015709,2025-01-18,CUS-00366,prd-0076,3,EACH,28050,84150
ORD-2025-015711,2025-01-18,CUS-01495,prd-0078,5,EACH,33720,168600
ORD-2025-015722,2025-01-18,CUS-02398,prd-0090,1.67,CARTON,452280,755307.6
ORD-2025-015733,2025-01-18,CUS-00346,prd-0125,0.17,CARTON,461400,78438.00000000001
ORD-2025-015757,2025-01-19,CUS-01030,prd-0115,0.04,CARTON,1018080,40723.2
ORD-2025-015769,2025-01-19,CUS-02216,prd-0156,0.42,CARTON,702840,295192.8
ORD-2025-015780,2025-01-20,CUS-02492,prd-0022,6,EACH,11680,70080
ORD-2025-015781,2025-01-20,CUS-00875,prd-0024,0.83,CARTON,58800,48804.0
ORD-2025-015799,2025-01-20,CUS-00566,prd-0076,0.25,CARTON,336600,84150.0
ORD-2025-015811,2025-01-20,CUS-01016,prd-0090,3.0,CARTON,452280,1356840.0
ORD-2025-015818,2025-01-20,CUS-00844,prd-0107,22,EACH,39590,870980
ORD-2025-015819,2025-01-20,CUS-01611,prd-0109,10,EACH,30700,307000
ORD-2025-015836,2025-01-20,CUS-00273,prd-0143,0.42,CARTON,583680,245145.59999999998
ORD-2025-015839,2025-01-20,CUS-00369,prd-0147,10,EACH,32330,323300
ORD-2025-015849,2025-01-20,CUS-00825,prd-0161,0.1,CARTON,1566720,156672.0
ORD-2025-015850,2025-01-20,CUS-01265,prd-0163,7,EACH,27790,194530
ORD-2025-015854,2025-01-21,CUS-01513,prd-0004,0.75,CARTON,53880,40410.0
ORD-2025-015861,2025-01-21,CUS-00289,prd-0039,0.21,CARTON,354480,74440.79999999999
ORD-2025-015875,2025-01-21,CUS-00037,prd-0078,12,EACH,33720,404640
ORD-2025-015879,2025-01-21,CUS-02432,prd-0082,2.08,CARTON,368760,767020.8
ORD-2025-015884,2025-01-21,CUS-01786,prd-0090,23,EACH,37690,866870
ORD-2025-015892,2025-01-21,CUS-00400,prd-0101,0.67,CARTON,271080,181623.6
ORD-2025-015900,2025-01-21,CUS-02283,prd-0118,6,EACH,23110,138660
ORD-2025-015915,2025-01-21,CUS-01051,prd-0156,0.42,CARTON,702840,295192.8
ORD-2025-015919,2025-01-21,CUS-01294,prd-0162,0.25,CARTON,693600,173400.0
ORD-2025-015936,2025-01-22,CUS-00049,prd-0061,23,EACH,16320,375360
ORD-2025-015940,2025-01-22,CUS-00972,prd-0067,0.08,CARTON,297120,23769.6
ORD-2025-015953,2025-01-22,CUS-01542,prd-0098,11,EACH,15320,168520
ORD-2025-015972,2025-01-22,CUS-02050,prd-0142,0.33,CARTON,624360,206038.80000000002
ORD-2025-015974,2025-01-22,CUS-00712,prd-0147,0.38,CARTON,775920,294849.6
ORD-2025-015977,2025-01-22,CUS-02476,prd-0151,11,EACH,42840,471240
ORD-2025-015981,2025-01-22,CUS-00983,prd-0156,8,EACH,58570,468560
ORD-2025-015982,2025-01-22,CUS-01901,prd-0156,14,EACH,58570,819980
ORD-2025-015988,2025-01-23,CUS-01808,prd-0004,0.33,CARTON,53880,17780.4
ORD-2025-015989,2025-01-23,CUS-00385,prd-0008,0.58,CARTON,196320,113865.59999999999
ORD-2025-015992,2025-01-23,CUS-01455,prd-0031,0.42,CARTON,879840,369532.8
ORD-2025-015998,2025-01-23,CUS-02236,prd-0057,3,EACH,18040,54120
ORD-2025-016008,2025-01-23,CUS-01459,prd-0086,0.25,CARTON,338160,84540.0
ORD-2025-016014,2025-01-23,CUS-02209,prd-0100,5,EACH,20780,103900
ORD-2025-016017,2025-01-23,CUS-02487,prd-0108,0.33,CARTON,738000,243540.0
ORD-2025-016021,2025-01-23,CUS-00839,prd-0117,6,EACH,17520,105120
ORD-2025-016031,2025-01-23,CUS-00363,prd-0138,2,EACH,27020,54040
ORD-2025-016035,2025-01-23,CUS-01796,prd-0146,3,EACH,34820,104460
ORD-2025-016041,2025-01-23,CUS-01905,prd-0151,1.5,CARTON,171360,257040.0
ORD-2025-016085,2025-01-24,CUS-00650,prd-0090,0.33,CARTON,452280,149252.40000000002
ORD-2025-016086,2025-01-24,CUS-00534,prd-0090,7,EACH,37690,263830
ORD-2025-016099,2025-01-24,CUS-01943,prd-0116,0.28,CARTON,636480,178214.40000000002
ORD-2025-016105,2025-01-24,CUS-01673,prd-0121,6,EACH,26430,158580
ORD-2025-016106,2025-01-24,CUS-00160,prd-0121,14,EACH,26430,370020
ORD-2025-016116,2025-01-24,CUS-02008,prd-0151,0.5,CARTON,171360,85680.0
ORD-2025-016121,2025-01-24,CUS-01523,prd-0153,0.21,CARTON,1162560,244137.59999999998
ORD-2025-016122,2025-01-24,CUS-02143,prd-0153,0.23,CARTON,1162560,267388.80000000005
ORD-2025-016139,2025-01-25,CUS-01030,prd-0023,6,EACH,16940,101640
ORD-2025-016146,2025-01-25,CUS-01054,prd-0057,6,EACH,18040,108240
ORD-2025-016153,2025-01-25,CUS-01532,prd-0080,0.25,CARTON,286800,71700.0
ORD-2025-016155,2025-01-25,CUS-01998,prd-0085,0.42,CARTON,781920,328406.4
ORD-2025-016162,2025-01-25,CUS-02170,prd-0090,0.25,CARTON,452280,113070.0
ORD-2025-016167,2025-01-25,CUS-00265,prd-0100,12,EACH,20780,249360
ORD-2025-016186,2025-01-25,CUS-01050,prd-0153,0.17,CARTON,1162560,197635.2
ORD-2025-016204,2025-01-26,CUS-00435,prd-0077,1.5,CARTON,186720,280080.0
ORD-2025-016210,2025-01-26,CUS-02266,prd-0135,0.4,CARTON,1579200,631680.0
ORD-2025-016221,2025-01-27,CUS-01708,prd-0011,0.29,CARTON,412080,119503.19999999998
ORD-2025-016223,2025-01-27,CUS-01955,prd-0037,4,EACH,25650,102600
ORD-2025-016241,2025-01-27,CUS-00536,prd-0084,0.79,CARTON,666240,526329.6000000001
ORD-2025-016249,2025-01-27,CUS-00873,prd-0090,0.75,CARTON,452280,339210.0
ORD-2025-016257,2025-01-27,CUS-02086,prd-0105,7,EACH,41060,287420
ORD-2025-016262,2025-01-27,CUS-01722,prd-0115,0.4,CARTON,1018080,407232.0
ORD-2025-016264,2025-01-27,CUS-02044,prd-0120,4,EACH,14740,58960
ORD-2025-016266,2025-01-27,CUS-02255,prd-0123,0.12,CARTON,345840,41500.8
ORD-2025-016273,2025-01-27,CUS-01194,prd-0143,0.67,CARTON,583680,391065.60000000003
ORD-2025-016284,2025-01-27,CUS-02197,prd-0162,0.17,CARTON,693600,117912.0
ORD-2025-016289,2025-01-27,CUS-01548,prd-0170,0.28,CARTON,625320,175089.6
ORD-2025-016296,2025-01-28,CUS-00889,prd-0016,13,EACH,42680,554840
ORD-2025-016314,2025-01-28,CUS-00891,prd-0070,0.6,CARTON,192400,115440.0
ORD-2025-016318,2025-01-28,CUS-01079,prd-0077,1.67,CARTON,186720,311822.39999999997
ORD-2025-016319,2025-01-28,CUS-00703,prd-0082,8,EACH,30730,245840
ORD-2025-016320,2025-01-28,CUS-00493,prd-0084,0.33,CARTON,666240,219859.2
ORD-2025-016321,2025-01-28,CUS-01830,prd-0085,0.46,CARTON,781920,359683.2
ORD-2025-016326,2025-01-28,CUS-00470,prd-0090,28,EACH,37690,1055320
ORD-2025-016327,2025-01-28,CUS-00405,prd-0090,9,EACH,37690,339210
ORD-2025-016357,2025-01-28,CUS-01869,prd-0155,0.58,CARTON,790560,458524.79999999993
ORD-2025-016369,2025-01-29,CUS-02060,prd-0047,2,EACH,19060,38120
ORD-2025-016370,2025-01-29,CUS-00228,prd-0049,0.1,CARTON,181900,18190.0
ORD-2025-016371,2025-01-29,CUS-01451,prd-0049,1.5,CARTON,181900,272850.0
ORD-2025-016375,2025-01-29,CUS-01032,prd-0057,0.2,CARTON,180400,36080.0
ORD-2025-016382,2025-01-29,CUS-00557,prd-0077,2,EACH,31120,62240
ORD-2025-016388,2025-01-29,CUS-00590,prd-0083,4,EACH,23690,94760
ORD-2025-016403,2025-01-29,CUS-01772,prd-0125,0.2,CARTON,461400,92280.0
ORD-2025-016418,2025-01-29,CUS-00536,prd-0161,4,EACH,32640,130560
ORD-2025-016430,2025-01-30,CUS-01906,prd-0019,29,EACH,31240,905960
ORD-2025-016435,2025-01-30,CUS-01135,prd-0047,1.9,CARTON,190600,362140.0
ORD-2025-016440,2025-01-30,CUS-01989,prd-0061,0.12,CARTON,816000,97920.0
ORD-2025-016445,2025-01-30,CUS-01220,prd-0077,0.33,CARTON,186720,61617.600000000006
ORD-2025-016452,2025-01-30,CUS-00591,prd-0090,1.25,CARTON,452280,565350.0
ORD-2025-016453,2025-01-30,CUS-01204,prd-0090,1.33,CARTON,452280,601532.4
ORD-2025-016481,2025-01-30,CUS-01411,prd-0157,9,EACH,24810,223290
ORD-2025-016486,2025-01-30,CUS-01212,prd-0161,2,EACH,32640,65280
ORD-2025-016493,2025-01-31,CUS-02349,prd-0017,1.08,CARTON,476160,514252.80000000005
ORD-2025-016495,2025-01-31,CUS-01689,prd-0018,3,EACH,62570,187710
ORD-2025-016500,2025-01-31,CUS-01051,prd-0034,0.33,CARTON,184200,60786.0
ORD-2025-016501,2025-01-31,CUS-01991,prd-0035,4,EACH,13660,54640
ORD-2025-016514,2025-01-31,CUS-00586,prd-0065,0.58,CARTON,408000,236640.0
ORD-2025-016515,2025-01-31,CUS-01562,prd-0065,0.25,CARTON,408000,102000.0
ORD-2025-016519,2025-01-31,CUS-01554,prd-0080,0.17,CARTON,286800,48756.00000000001
ORD-2025-016538,2025-01-31,CUS-02293,prd-0096,0.75,CARTON,276720,207540.0
ORD-2025-016541,2025-01-31,CUS-01451,prd-0103,6,EACH,38480,230880
ORD-2025-016544,2025-01-31,CUS-00095,prd-0121,2.17,CARTON,158580,344118.6
ORD-2025-016549,2025-01-31,CUS-01925,prd-0125,5,EACH,15380,76900
ORD-2025-016577,2025-01-31,CUS-00332,prd-0157,0.75,CARTON,297720,223290.0
ORD-2025-016586,2025-02-01,CUS-00415,prd-0031,0.12,CARTON,879840,105580.79999999999
ORD-2025-016590,2025-02-01,CUS-01666,prd-0048,2.2,CARTON,84350,185570.0
ORD-2025-016594,2025-02-01,CUS-00361,prd-0057,0.2,CARTON,180400,36080.0
ORD-2025-016606,2025-02-01,CUS-02043,prd-0090,7,EACH,37690,263830
ORD-2025-016607,2025-02-01,CUS-00654,prd-0090,4,EACH,37690,150760
ORD-2025-016622,2025-02-01,CUS-00179,prd-0133,4,EACH,27960,111840
ORD-2025-016624,2025-02-01,CUS-01597,prd-0142,0.83,CARTON,624360,518218.80000000005
ORD-2025-016638,2025-02-01,CUS-01855,prd-0161,0.1,CARTON,1566720,156672.0
ORD-2025-016658,2025-02-02,CUS-00538,prd-0109,9,EACH,30700,276300
ORD-2025-016663,2025-02-02,CUS-01250,prd-0135,3,EACH,32900,98700
ORD-2025-016698,2025-02-03,CUS-01800,prd-0083,0.12,CARTON,568560,68227.2
ORD-2025-016701,2025-02-03,CUS-02235,prd-0085,0.38,CARTON,781920,297129.6
ORD-2025-016704,2025-02-03,CUS-00244,prd-0090,0.75,CARTON,452280,339210.0
ORD-2025-016708,2025-02-03,CUS-00604,prd-0098,0.33,CARTON,183840,60667.200000000004
ORD-2025-016712,2025-02-03,CUS-00217,prd-0122,0.75,CARTON,459360,344520.0
ORD-2025-016717,2025-02-03,CUS-00269,prd-0126,1.0,CARTON,351240,351240.0
ORD-2025-016720,2025-02-03,CUS-01630,prd-0135,0.33,CARTON,1579200,521136.0
ORD-2025-016721,2025-02-03,CUS-02297,prd-0137,0.12,CARTON,1327200,159264.0
ORD-2025-016745,2025-02-04,CUS-02437,prd-0039,0.38,CARTON,354480,134702.40000000002
ORD-2025-016746,2025-02-04,CUS-00803,prd-0047,16,EACH,19060,304960
ORD-2025-016747,2025-02-04,CUS-01979,prd-0049,0.9,CARTON,181900,163710.0
ORD-2025-016748,2025-02-04,CUS-00587,prd-0055,0.23,CARTON,679600,156308.0
ORD-2025-016755,2025-02-04,CUS-02045,prd-0072,0.5,CARTON,426000,213000.0
ORD-2025-016758,2025-02-04,CUS-00479,prd-0077,1.33,CARTON,186720,248337.60000000003
ORD-2025-016770,2025-02-04,CUS-02378,prd-0108,13,EACH,30750,399750
ORD-2025-016773,2025-02-04,CUS-00344,prd-0118,0.42,CARTON,277320,116474.4
ORD-2025-016777,2025-02-04,CUS-00645,prd-0120,3,EACH,14740,44220
ORD-2025-016779,2025-02-04,CUS-02006,prd-0123,0.12,CARTON,345840,41500.8
ORD-2025-016781,2025-02-04,CUS-00961,prd-0125,4,EACH,15380,61520
ORD-2025-016784,2025-02-04,CUS-00572,prd-0126,4,EACH,29270,117080
ORD-2025-016789,2025-02-04,CUS-01222,prd-0135,0.06,CARTON,1579200,94752.0
ORD-2025-016801,2025-02-04,CUS-01685,prd-0151,4.25,CARTON,171360,728280.0
ORD-2025-016805,2025-02-04,CUS-00462,prd-0153,0.25,CARTON,1162560,290640.0
ORD-2025-016807,2025-02-04,CUS-00729,prd-0156,0.17,CARTON,702840,119482.80000000002
ORD-2025-016811,2025-02-04,CUS-00909,prd-0167,10,EACH,14020,140200
ORD-2025-016823,2025-02-05,CUS-01127,prd-0057,7,EACH,18040,126280
ORD-2025-016825,2025-02-05,CUS-00725,prd-0060,9,EACH,57540,517860
ORD-2025-016840,2025-02-05,CUS-02000,prd-0090,1.33,CARTON,452280,601532.4
ORD-2025-016841,2025-02-05,CUS-01553,prd-0090,0.83,CARTON,452280,375392.39999999997
ORD-2025-016842,2025-02-05,CUS-00848,prd-0090,13,EACH,37690,489970
ORD-2025-016848,2025-02-05,CUS-00447,prd-0093,8,EACH,23080,184640
ORD-2025-016851,2025-02-05,CUS-02256,prd-0100,0.29,CARTON,498720,144628.8
ORD-2025-016854,2025-02-05,CUS-00031,prd-0108,1.04,CARTON,738000,767520.0
ORD-2025-016865,2025-02-05,CUS-01132,prd-0131,11,EACH,31140,342540
ORD-2025-016866,2025-02-05,CUS-01428,prd-0138,9,EACH,27020,243180
ORD-2025-016870,2025-02-05,CUS-02445,prd-0145,0.25,CARTON,763200,190800.0
ORD-2025-016878,2025-02-05,CUS-00194,prd-0161,0.27,CARTON,1566720,423014.4
ORD-2025-016879,2025-02-05,CUS-02360,prd-0161,0.19,CARTON,1566720,297676.80000000005
ORD-2025-016881,2025-02-06,CUS-02298,prd-0007,3,EACH,17070,51210
ORD-2025-016886,2025-02-06,CUS-01681,prd-0018,0.5,CARTON,750840,375420.0
ORD-2025-016890,2025-02-06,CUS-00911,prd-0030,0.33,CARTON,303000,99990.0
ORD-2025-016893,2025-02-06,CUS-00210,prd-0039,7,EACH,14770,103390
ORD-2025-016915,2025-02-06,CUS-00138,prd-0086,1,EACH,28180,28180
ORD-2025-016931,2025-02-06,CUS-00004,prd-0120,3,EACH,14740,44220
ORD-2025-016932,2025-02-06,CUS-01689,prd-0121,5,EACH,26430,132150
ORD-2025-016933,2025-02-06,CUS-01699,prd-0121,0.5,CARTON,158580,79290.0
ORD-2025-016934,2025-02-06,CUS-02309,prd-0125,0.33,CARTON,461400,152262.00000000003
ORD-2025-016936,2025-02-06,CUS-00804,prd-0138,0.15,CARTON,1296960,194544.0
ORD-2025-016944,2025-02-06,CUS-02388,prd-0151,1.0,CARTON,171360,171360.0
ORD-2025-016954,2025-02-06,CUS-00247,prd-0161,15,EACH,32640,489600
ORD-2025-016974,2025-02-07,CUS-00994,prd-0057,0.8,CARTON,180400,144320.0
ORD-2025-016978,2025-02-07,CUS-01294,prd-0062,0.26,CARTON,894500,232570.00000000003
ORD-2025-016982,2025-02-07,CUS-02345,prd-0076,6,EACH,28050,168300
ORD-2025-016985,2025-02-07,CUS-00265,prd-0078,6,EACH,33720,202320
ORD-2025-016986,2025-02-07,CUS-01282,prd-0081,0.4,CARTON,421900,168760.0
ORD-2025-017010,2025-02-07,CUS-00202,prd-0122,15,EACH,19140,287100
ORD-2025-017013,2025-02-07,CUS-01439,prd-0131,0.17,CARTON,1121040,190576.80000000002
ORD-2025-017017,2025-02-07,CUS-02086,prd-0143,0.67,CARTON,583680,391065.60000000003
ORD-2025-017023,2025-02-07,CUS-00925,prd-0151,1.25,CARTON,171360,214200.0
ORD-2025-017028,2025-02-07,CUS-01094,prd-0160,0.12,CARTON,1581120,189734.4
ORD-2025-017032,2025-02-07,CUS-01682,prd-0165,6,EACH,23380,140280
ORD-2025-017037,2025-02-08,CUS-00791,prd-0005,0.83,CARTON,37320,30975.6
ORD-2025-017040,2025-02-08,CUS-01877,prd-0020,0.08,CARTON,1402080,112166.40000000001
ORD-2025-017041,2025-02-08,CUS-01098,prd-0020,0.12,CARTON,1402080,168249.59999999998
ORD-2025-017073,2025-02-09,CUS-02460,prd-0057,0.9,CARTON,180400,162360.0
ORD-2025-017084,2025-02-09,CUS-01576,prd-0131,0.06,CARTON,1121040,67262.4
ORD-2025-017089,2025-02-09,CUS-00946,prd-0155,0.33,CARTON,790560,260884.80000000002
ORD-2025-017101,2025-02-10,CUS-00622,prd-0018,0.25,CARTON,750840,187710.0
ORD-2025-017104,2025-02-10,CUS-01759,prd-0025,6,EACH,5090,30540
ORD-2025-017107,2025-02-10,CUS-01464,prd-0039,0.25,CARTON,354480,88620.0
ORD-2025-017108,2025-02-10,CUS-02101,prd-0041,0.42,CARTON,81960,34423.2
ORD-2025-017109,2025-02-10,CUS-01380,prd-0048,5,EACH,16870,84350
ORD-2025-017111,2025-02-10,CUS-00462,prd-0056,0.25,CARTON,600480,150120.0
ORD-2025-017121,2025-02-10,CUS-00371,prd-0062,0.08,CARTON,894500,71560.0
ORD-2025-017126,2025-02-10,CUS-00398,prd-0079,5,EACH,46870,234350
ORD-2025-017127,2025-02-10,CUS-01575,prd-0081,0.8,CARTON,421900,337520.0
ORD-2025-017129,2025-02-10,CUS-00695,prd-0085,0.25,CARTON,781920,195480.0
ORD-2025-017143,2025-02-10,CUS-01263,prd-0104,0.42,CARTON,411120,172670.4
ORD-2025-017153,2025-02-10,CUS-02320,prd-0125,0.2,CARTON,461400,92280.0
ORD-2025-017154,2025-02-10,CUS-00656,prd-0125,0.4,CARTON,461400,184560.0
ORD-2025-017160,2025-02-10,CUS-00493,prd-0136,3,EACH,54950,164850
ORD-2025-017166,2025-02-10,CUS-01290,prd-0151,1,EACH,42840,42840
ORD-2025-017169,2025-02-10,CUS-00366,prd-0157,0.42,CARTON,297720,125042.4
ORD-2025-017179,2025-02-11,CUS-02371,prd-0004,0.17,CARTON,53880,9159.6
ORD-2025-017181,2025-02-11,CUS-01061,prd-0009,2,EACH,18390,36780
ORD-2025-017188,2025-02-11,CUS-01145,prd-0040,0.58,CARTON,338400,196271.99999999997
ORD-2025-017190,2025-02-11,CUS-02160,prd-0045,0.25,CARTON,88080,22020.0
ORD-2025-017205,2025-02-11,CUS-02385,prd-0077,13,EACH,31120,404560
ORD-2025-017208,2025-02-11,CUS-02078,prd-0082,0.83,CARTON,368760,306070.8
ORD-2025-017209,2025-02-11,CUS-00875,prd-0083,5,EACH,23690,118450
ORD-2025-017227,2025-02-11,CUS-01215,prd-0135,13,EACH,32900,427700
ORD-2025-017240,2025-02-11,CUS-00200,prd-0161,13,EACH,32640,424320
ORD-2025-017241,2025-02-11,CUS-01885,prd-0161,3,EACH,32640,97920
ORD-2025-017253,2025-02-12,CUS-02294,prd-0039,0.21,CARTON,354480,74440.79999999999
ORD-2025-017256,2025-02-12,CUS-00277,prd-0050,0.08,CARTON,130080,10406.400000000001
ORD-2025-017260,2025-02-12,CUS-01997,prd-0060,0.46,CARTON,2877000,1323420.0
ORD-2025-017266,2025-02-12,CUS-02460,prd-0078,16,EACH,33720,539520
ORD-2025-017270,2025-02-12,CUS-01244,prd-0086,9,EACH,28180,253620
ORD-2025-017276,2025-02-12,CUS-00243,prd-0090,0.42,CARTON,452280,189957.59999999998
ORD-2025-017277,2025-02-12,CUS-01521,prd-0090,1.67,CARTON,452280,755307.6
ORD-2025-017278,2025-02-12,CUS-02304,prd-0090,0.42,CARTON,452280,189957.59999999998
ORD-2025-017279,2025-02-12,CUS-00896,prd-0090,0.25,CARTON,452280,113070.0
ORD-2025-017287,2025-02-12,CUS-01336,prd-0098,0.75,CARTON,183840,137880.0
ORD-2025-017290,2025-02-12,CUS-01570,prd-0100,0.29,CARTON,498720,144628.8
ORD-2025-017291,2025-02-12,CUS-00700,prd-0100,12,EACH,20780,249360
ORD-2025-017293,2025-02-12,CUS-02255,prd-0103,0.25,CARTON,461760,115440.0
ORD-2025-017304,2025-02-12,CUS-01888,prd-0125,0.13,CARTON,461400,59982.0
ORD-2025-017311,2025-02-12,CUS-00766,prd-0144,8,EACH,31990,255920
ORD-2025-017322,2025-02-13,CUS-00423,prd-0004,0.58,CARTON,53880,31250.399999999998
ORD-2025-017326,2025-02-13,CUS-01409,prd-0046,0.2,CARTON,347200,69440.0
ORD-2025-017329,2025-02-13,CUS-00449,prd-0061,0.08,CARTON,816000,65280.00000000001
ORD-2025-017343,2025-02-13,CUS-00785,prd-0082,0.58,CARTON,368760,213880.8
ORD-2025-017350,2025-02-13,CUS-00251,prd-0090,2,EACH,37690,75380
ORD-2025-017351,2025-02-13,CUS-02445,prd-0090,0.75,CARTON,452280,339210.0
ORD-2025-017352,2025-02-13,CUS-01870,prd-0090,1.5,CARTON,452280,678420.0
ORD-2025-017353,2025-02-13,CUS-01027,prd-0090,0.58,CARTON,452280,262322.39999999997
ORD-2025-017354,2025-02-13,CUS-00577,prd-0090,16,EACH,37690,603040
ORD-2025-017375,2025-02-13,CUS-00800,prd-0143,0.17,CARTON,583680,99225.6
ORD-2025-017380,2025-02-13,CUS-01743,prd-0151,7,EACH,42840,299880
ORD-2025-017395,2025-02-13,CUS-02137,prd-0170,1.08,CARTON,625320,675345.6000000001
ORD-2025-017399,2025-02-14,CUS-02118,prd-0007,0.5,CARTON,204840,102420.0
ORD-2025-017405,2025-02-14,CUS-01523,prd-0035,0.92,CARTON,163920,150806.40000000002
ORD-2025-017409,2025-02-14,CUS-01613,prd-0039,0.29,CARTON,354480,102799.19999999998
ORD-2025-017410,2025-02-14,CUS-02293,prd-0039,6,EACH,14770,88620
ORD-2025-017422,2025-02-14,CUS-02319,prd-0082,6,EACH,30730,184380
ORD-2025-017426,2025-02-14,CUS-01363,prd-0086,1.75,CARTON,338160,591780.0
ORD-2025-017430,2025-02-14,CUS-00621,prd-0090,0.42,CARTON,452280,189957.59999999998
ORD-2025-017435,2025-02-14,CUS-02482,prd-0100,0.21,CARTON,498720,104731.20000000001
ORD-2025-017436,2025-02-14,CUS-02259,prd-0100,0.17,CARTON,498720,84782.40000000001
ORD-2025-017463,2025-02-14,CUS-00158,prd-0165,0.33,CARTON,1122240,370339.2
ORD-2025-017464,2025-02-14,CUS-02466,prd-0168,0.42,CARTON,233880,98229.59999999999
ORD-2025-017478,2025-02-15,CUS-00777,prd-0064,0.75,CARTON,145400,109050.0
ORD-2025-017484,2025-02-15,CUS-00356,prd-0090,0.25,CARTON,452280,113070.0
ORD-2025-017485,2025-02-15,CUS-01644,prd-0090,6,EACH,37690,226140
ORD-2025-017486,2025-02-15,CUS-02010,prd-0090,1.17,CARTON,452280,529167.6
ORD-2025-017507,2025-02-15,CUS-02351,prd-0124,0.19,CARTON,421920,80164.79999999999
ORD-2025-017514,2025-02-15,CUS-01046,prd-0135,0.38,CARTON,1579200,600096.0
ORD-2025-017524,2025-02-15,CUS-02028,prd-0150,6,EACH,47850,287100
ORD-2025-017525,2025-02-15,CUS-02031,prd-0150,8,EACH,47850,382800
ORD-2025-017530,2025-02-15,CUS-00538,prd-0155,0.17,CARTON,790560,134395.2
ORD-2025-017534,2025-02-15,CUS-00999,prd-0170,13,EACH,17370,225810
ORD-2025-017550,2025-02-16,CUS-00533,prd-0090,0.58,CARTON,452280,262322.39999999997
ORD-2025-017551,2025-02-16,CUS-00202,prd-0108,0.04,CARTON,738000,29520.0
ORD-2025-017556,2025-02-16,CUS-00572,prd-0161,0.38,CARTON,1566720,595353.6000000001
ORD-2025-017558,2025-02-17,CUS-00875,prd-0004,0.17,CARTON,53880,9159.6
ORD-2025-017567,2025-02-17,CUS-00309,prd-0037,0.21,CARTON,615600,129276.0
ORD-2025-017570,2025-02-17,CUS-01249,prd-0050,0.42,CARTON,130080,54633.600000000006
ORD-2025-017571,2025-02-17,CUS-01320,prd-0051,2.75,CARTON,172280,473770.0
ORD-2025-017572,2025-02-17,CUS-02467,prd-0057,0.6,CARTON,180400,108240.0
ORD-2025-017581,2025-02-17,CUS-01641,prd-0074,0.3,CARTON,383900,115170.0
ORD-2025-017585,2025-02-17,CUS-02270,prd-0077,0.33,CARTON,186720,61617.600000000006
ORD-2025-017604,2025-02-17,CUS-01520,prd-0108,0.12,CARTON,738000,88560.0
ORD-2025-017606,2025-02-17,CUS-01943,prd-0115,15,EACH,21210,318150
ORD-2025-017608,2025-02-17,CUS-02489,prd-0118,4,EACH,23110,92440
ORD-2025-017610,2025-02-17,CUS-00489,prd-0122,0.38,CARTON,459360,174556.8
ORD-2025-017612,2025-02-17,CUS-00496,prd-0125,0.03,CARTON,461400,13842.0
ORD-2025-017614,2025-02-17,CUS-00832,prd-0128,5,EACH,20590,102950
ORD-2025-017615,2025-02-17,CUS-02493,prd-0128,35,EACH,20590,720650
ORD-2025-017618,2025-02-17,CUS-02393,prd-0135,0.1,CARTON,1579200,157920.0
ORD-2025-017623,2025-02-17,CUS-02368,prd-0145,0.29,CARTON,763200,221328.0
ORD-2025-017627,2025-02-17,CUS-00781,prd-0151,4,EACH,42840,171360
ORD-2025-017637,2025-02-17,CUS-00510,prd-0163,0.21,CARTON,666960,140061.59999999998
ORD-2025-017641,2025-02-18,CUS-00719,prd-0016,0.67,CARTON,512160,343147.2
ORD-2025-017650,2025-02-18,CUS-01094,prd-0048,5,EACH,16870,84350
ORD-2025-017667,2025-02-18,CUS-01534,prd-0083,0.75,CARTON,568560,426420.0
ORD-2025-017670,2025-02-18,CUS-01746,prd-0085,9,EACH,32580,293220
ORD-2025-017686,2025-02-18,CUS-01156,prd-0125,6,EACH,15380,92280
ORD-2025-017698,2025-02-18,CUS-00598,prd-0161,0.04,CARTON,1566720,62668.8
ORD-2025-017715,2025-02-19,CUS-00940,prd-0067,2,EACH,12380,24760
ORD-2025-017729,2025-02-19,CUS-00118,prd-0098,1.67,CARTON,183840,307012.8
ORD-2025-017736,2025-02-19,CUS-01406,prd-0108,0.12,CARTON,738000,88560.0
ORD-2025-017747,2025-02-19,CUS-01884,prd-0125,0.43,CARTON,461400,198402.0
ORD-2025-017777,2025-02-20,CUS-00810,prd-0022,0.5,CARTON,140160,70080.0
ORD-2025-017781,2025-02-20,CUS-02256,prd-0039,0.04,CARTON,354480,14179.2
ORD-2025-017784,2025-02-20,CUS-00031,prd-0051,1.5,CARTON,172280,258420.0
ORD-2025-017786,2025-02-20,CUS-02024,prd-0057,0.4,CARTON,180400,72160.0
ORD-2025-017789,2025-02-20,CUS-02232,prd-0060,2,EACH,57540,115080
ORD-2025-017800,2025-02-20,CUS-01833,prd-0090,0.33,CARTON,452280,149252.40000000002
ORD-2025-017801,2025-02-20,CUS-00859,prd-0090,0.58,CARTON,452280,262322.39999999997
ORD-2025-017813,2025-02-20,CUS-00698,prd-0113,0.27,CARTON,625200,168804.0
ORD-2025-017817,2025-02-20,CUS-01330,prd-0120,0.5,CARTON,353760,176880.0
ORD-2025-017820,2025-02-20,CUS-00653,prd-0125,0.37,CARTON,461400,170718.0
ORD-2025-017851,2025-02-21,CUS-01103,prd-0055,0.05,CARTON,679600,33980.0
ORD-2025-017875,2025-02-21,CUS-01573,prd-0090,0.33,CARTON,452280,149252.40000000002
ORD-2025-017876,2025-02-21,CUS-00919,prd-0090,2,EACH,37690,75380
ORD-2025-017880,2025-02-21,CUS-00086,prd-0093,0.42,CARTON,276960,116323.20000000001
ORD-2025-017881,2025-02-21,CUS-00486,prd-0098,0.17,CARTON,183840,31252.800000000003
ORD-2025-017885,2025-02-21,CUS-00668,prd-0111,15,EACH,12240,183600
ORD-2025-017886,2025-02-21,CUS-00902,prd-0118,4,EACH,23110,92440
ORD-2025-017889,2025-02-21,CUS-01479,prd-0120,17,EACH,14740,250580
ORD-2025-017892,2025-02-21,CUS-02347,prd-0121,6.17,CARTON,158580,978438.6000000001
ORD-2025-017898,2025-02-21,CUS-00111,prd-0131,0.14,CARTON,1121040,156945.6
ORD-2025-017899,2025-02-21,CUS-00584,prd-0131,0.25,CARTON,1121040,280260.0
ORD-2025-017903,2025-02-21,CUS-02123,prd-0151,1.25,CARTON,171360,214200.0
ORD-2025-017909,2025-02-21,CUS-01499,prd-0153,8,EACH,24220,193760
ORD-2025-017917,2025-02-22,CUS-02277,prd-0012,0.12,CARTON,441840,53020.799999999996
ORD-2025-017929,2025-02-22,CUS-00919,prd-0064,26,EACH,36350,945100
ORD-2025-017935,2025-02-22,CUS-01334,prd-0082,0.83,CARTON,368760,306070.8
ORD-2025-017938,2025-02-22,CUS-00191,prd-0090,2,EACH,37690,75380
ORD-2025-017939,2025-02-22,CUS-00907,prd-0090,4.25,CARTON,452280,1922190.0
ORD-2025-017943,2025-02-22,CUS-01320,prd-0098,11,EACH,15320,168520
ORD-2025-017945,2025-02-22,CUS-02059,prd-0101,1.08,CARTON,271080,292766.4
ORD-2025-017951,2025-02-22,CUS-00581,prd-0118,5,EACH,23110,115550
ORD-2025-017959,2025-02-22,CUS-01975,prd-0151,11,EACH,42840,471240
ORD-2025-017962,2025-02-22,CUS-01363,prd-0161,0.21,CARTON,1566720,329011.19999999995
ORD-2025-017971,2025-02-23,CUS-01326,prd-0020,0.12,CARTON,1402080,168249.59999999998
ORD-2025-017975,2025-02-23,CUS-01130,prd-0090,0.75,CARTON,452280,339210.0
ORD-2025-017980,2025-02-23,CUS-01716,prd-0160,0.17,CARTON,1581120,268790.4
ORD-2025-018035,2025-02-24,CUS-01633,prd-0100,0.5,CARTON,498720,249360.0
ORD-2025-018036,2025-02-24,CUS-01701,prd-0100,0.58,CARTON,498720,289257.6
ORD-2025-018038,2025-02-24,CUS-01842,prd-0108,0.21,CARTON,738000,154980.0
ORD-2025-018041,2025-02-24,CUS-01201,prd-0120,0.17,CARTON,353760,60139.200000000004
ORD-2025-018042,2025-02-24,CUS-00839,prd-0120,0.25,CARTON,353760,88440.0
ORD-2025-018047,2025-02-24,CUS-02269,prd-0142,2,EACH,52030,104060
ORD-2025-018058,2025-02-24,CUS-00323,prd-0163,0.25,CARTON,666960,166740.0
ORD-2025-018064,2025-02-25,CUS-00087,prd-0011,0.92,CARTON,412080,379113.60000000003
ORD-2025-018067,2025-02-25,CUS-01702,prd-0016,6,EACH,42680,256080
ORD-2025-018085,2025-02-25,CUS-00615,prd-0061,0.04,CARTON,816000,32640.000000000004
ORD-2025-018087,2025-02-25,CUS-01509,prd-0068,1.5,CARTON,195840,293760.0
ORD-2025-018091,2025-02-25,CUS-00419,prd-0081,1.2,CARTON,421900,506280.0
ORD-2025-018102,2025-02-25,CUS-01409,prd-0090,1.33,CARTON,452280,601532.4
ORD-2025-018107,2025-02-25,CUS-01673,prd-0093,1.25,CARTON,276960,346200.0
ORD-2025-018108,2025-02-25,CUS-01438,prd-0098,0.58,CARTON,183840,106627.19999999998
ORD-2025-018110,2025-02-25,CUS-01962,prd-0100,0.21,CARTON,498720,104731.20000000001
ORD-2025-018112,2025-02-25,CUS-00479,prd-0108,0.17,CARTON,738000,125460.0
ORD-2025-018113,2025-02-25,CUS-02289,prd-0111,0.04,CARTON,587520,23500.800000000003
ORD-2025-018120,2025-02-25,CUS-01850,prd-0122,0.62,CARTON,459360,284803.19999999995
ORD-2025-018125,2025-02-25,CUS-01145,prd-0130,0.08,CARTON,326400,26112.0
ORD-2025-018126,2025-02-25,CUS-01061,prd-0132,0.17,CARTON,1380960,234763.2
ORD-2025-018130,2025-02-25,CUS-02118,prd-0145,0.58,CARTON,763200,442656.0
ORD-2025-018145,2025-02-25,CUS-01871,prd-0156,0.42,CARTON,702840,295192.8
ORD-2025-018151,2025-02-25,CUS-00200,prd-0163,0.12,CARTON,666960,80035.2
ORD-2025-018156,2025-02-25,CUS-00718,prd-0166,23,EACH,25650,589950
ORD-2025-018158,2025-02-25,CUS-01299,prd-0167,0.22,CARTON,504720,111038.40000000001
ORD-2025-018161,2025-02-26,CUS-00842,prd-0017,0.17,CARTON,476160,80947.20000000001
ORD-2025-018172,2025-02-26,CUS-00273,prd-0057,9,EACH,18040,162360
ORD-2025-018183,2025-02-26,CUS-00731,prd-0093,2.5,CARTON,276960,692400.0
ORD-2025-018184,2025-02-26,CUS-00220,prd-0098,0.25,CARTON,183840,45960.0
ORD-2025-018187,2025-02-26,CUS-00802,prd-0103,0.67,CARTON,461760,309379.2
ORD-2025-018201,2025-02-26,CUS-01701,prd-0150,6.5,CARTON,191400,1244100.0
ORD-2025-018214,2025-02-26,CUS-01267,prd-0165,14,EACH,23380,327320
ORD-2025-018219,2025-02-27,CUS-00795,prd-0004,0.33,CARTON,53880,17780.4
ORD-2025-018239,2025-02-27,CUS-00960,prd-0069,0.42,CARTON,206520,86738.4
ORD-2025-018247,2025-02-27,CUS-00511,prd-0086,1.0,CARTON,338160,338160.0
ORD-2025-018251,2025-02-27,CUS-02051,prd-0090,14,EACH,37690,527660
ORD-2025-018252,2025-02-27,CUS-00366,prd-0090,0.58,CARTON,452280,262322.39999999997
ORD-2025-018253,2025-02-27,CUS-01632,prd-0090,0.08,CARTON,452280,36182.4
ORD-2025-018261,2025-02-27,CUS-00344,prd-0091,0.58,CARTON,324120,187989.59999999998
ORD-2025-018263,2025-02-27,CUS-00925,prd-0093,0.58,CARTON,276960,160636.8
ORD-2025-018272,2025-02-27,CUS-01587,prd-0124,0.21,CARTON,421920,88603.2
ORD-2025-018276,2025-02-27,CUS-01446,prd-0125,18,EACH,15380,276840
ORD-2025-018277,2025-02-27,CUS-00279,prd-0125,36,EACH,15380,553680
ORD-2025-018288,2025-02-27,CUS-01132,prd-0151,1.75,CARTON,171360,299880.0
ORD-2025-018297,2025-02-28,CUS-00700,prd-0016,0.33,CARTON,512160,169012.80000000002
ORD-2025-018300,2025-02-28,CUS-01147,prd-0017,1.08,CARTON,476160,514252.80000000005
ORD-2025-018302,2025-02-28,CUS-00928,prd-0018,0.92,CARTON,750840,690772.8
ORD-2025-018305,2025-02-28,CUS-01348,prd-0031,0.12,CARTON,879840,105580.79999999999
ORD-2025-018310,2025-02-28,CUS-02230,prd-0053,3,EACH,38950,116850
ORD-2025-018312,2025-02-28,CUS-01730,prd-0061,0.04,CARTON,816000,32640.000000000004
ORD-2025-018333,2025-02-28,CUS-01445,prd-0086,3,EACH,28180,84540
ORD-2025-018353,2025-02-28,CUS-02308,prd-0121,9,EACH,26430,237870
ORD-2025-018356,2025-02-28,CUS-00506,prd-0123,0.12,CARTON,345840,41500.8
ORD-2025-018358,2025-02-28,CUS-01432,prd-0124,0.23,CARTON,421920,97041.6
ORD-2025-018363,2025-02-28,CUS-00839,prd-0127,0.5,CARTON,201120,100560.0
ORD-2025-018365,2025-02-28,CUS-02211,prd-0128,0.83,CARTON,123540,102538.20000000001
ORD-2025-018375,2025-02-28,CUS-00006,prd-0156,9,EACH,58570,527130
ORD-2025-018383,2025-02-28,CUS-00062,prd-0165,0.06,CARTON,1122240,67334.4
ORD-2025-018384,2025-02-28,CUS-02066,prd-0165,0.06,CARTON,1122240,67334.4
ORD-2025-018387,2025-02-28,CUS-02301,prd-0170,0.22,CARTON,625320,137570.4
ORD-2025-018399,2025-03-01,CUS-00060,prd-0036,2,EACH,20500,41000
ORD-2025-018400,2025-03-01,CUS-01488,prd-0055,0.03,CARTON,679600,20388.0
ORD-2025-018402,2025-03-01,CUS-00232,prd-0059,0.08,CARTON,2540500,203240.0
ORD-2025-018416,2025-03-01,CUS-00232,prd-0091,0.58,CARTON,324120,187989.59999999998
ORD-2025-018418,2025-03-01,CUS-00239,prd-0103,0.17,CARTON,461760,78499.20000000001
ORD-2025-018437,2025-03-01,CUS-00580,prd-0151,1.5,CARTON,171360,257040.0
ORD-2025-018442,2025-03-02,CUS-01311,prd-0003,5,EACH,4840,24200
ORD-2025-018449,2025-03-02,CUS-02031,prd-0052,2.5,CARTON,174520,436300.0
ORD-2025-018452,2025-03-02,CUS-00369,prd-0081,5,EACH,42190,210950
ORD-2025-018453,2025-03-02,CUS-01082,prd-0086,0.42,CARTON,338160,142027.2
ORD-2025-018457,2025-03-02,CUS-01861,prd-0121,1.0,CARTON,158580,158580.0
ORD-2025-018465,2025-03-02,CUS-01666,prd-0150,2.25,CARTON,191400,430650.0
ORD-2025-018481,2025-03-03,CUS-01048,prd-0029,0.46,CARTON,265680,122212.79999999999
ORD-2025-018493,2025-03-03,CUS-00522,prd-0062,0.04,CARTON,894500,35780.0
ORD-2025-018501,2025-03-03,CUS-00265,prd-0077,0.67,CARTON,186720,125102.40000000001
ORD-2025-018508,2025-03-03,CUS-01999,prd-0085,21,EACH,32580,684180
ORD-2025-018514,2025-03-03,CUS-02306,prd-0090,0.17,CARTON,452280,76887.6
ORD-2025-018515,2025-03-03,CUS-02298,prd-0090,0.33,CARTON,452280,149252.40000000002
ORD-2025-018516,2025-03-03,CUS-01984,prd-0090,16,EACH,37690,603040
ORD-2025-018522,2025-03-03,CUS-01366,prd-0100,0.33,CARTON,498720,164577.6
ORD-2025-018528,2025-03-03,CUS-00586,prd-0118,13,EACH,23110,300430
ORD-2025-018531,2025-03-03,CUS-00810,prd-0125,0.67,CARTON,461400,309138.0
ORD-2025-018534,2025-03-03,CUS-02076,prd-0130,0.08,CARTON,326400,26112.0
ORD-2025-018547,2025-03-03,CUS-01292,prd-0153,1.04,CARTON,1162560,1209062.4
ORD-2025-018551,2025-03-03,CUS-01587,prd-0162,0.58,CARTON,693600,402288.0
ORD-2025-018565,2025-03-04,CUS-00919,prd-0026,1.0,CARTON,49800,49800.0
ORD-2025-018567,2025-03-04,CUS-01014,prd-0031,3,EACH,36660,109980
ORD-2025-018577,2025-03-04,CUS-00526,prd-0054,8,EACH,17260,138080
ORD-2025-018593,2025-03-04,CUS-01593,prd-0084,9,EACH,27760,249840
ORD-2025-018597,2025-03-04,CUS-02186,prd-0090,1.33,CARTON,452280,601532.4
ORD-2025-018598,2025-03-04,CUS-02347,prd-0090,0.42,CARTON,452280,189957.59999999998
ORD-2025-018608,2025-03-04,CUS-01343,prd-0116,0.11,CARTON,636480,70012.8
ORD-2025-018611,2025-03-04,CUS-01997,prd-0118,10,EACH,23110,231100
ORD-2025-018615,2025-03-04,CUS-02395,prd-0135,0.48,CARTON,1579200,758016.0
ORD-2025-018618,2025-03-04,CUS-00197,prd-0145,0.67,CARTON,763200,511344.0
ORD-2025-018626,2025-03-04,CUS-01798,prd-0151,2.25,CARTON,171360,385560.0
ORD-2025-018627,2025-03-04,CUS-01857,prd-0151,5,EACH,42840,214200
ORD-2025-018631,2025-03-04,CUS-00006,prd-0153,0.12,CARTON,1162560,139507.2
ORD-2025-018636,2025-03-04,CUS-00940,prd-0160,0.27,CARTON,1581120,426902.4
ORD-2025-018646,2025-03-05,CUS-00752,prd-0016,0.33,CARTON,512160,169012.80000000002
ORD-2025-018650,2025-03-05,CUS-01662,prd-0031,7,EACH,36660,256620
ORD-2025-018655,2025-03-05,CUS-01000,prd-0051,11,EACH,43070,473770
ORD-2025-018662,2025-03-05,CUS-02013,prd-0074,0.2,CARTON,383900,76780.0
ORD-2025-018677,2025-03-05,CUS-02296,prd-0090,0.25,CARTON,452280,113070.0
ORD-2025-018680,2025-03-05,CUS-00722,prd-0101,0.25,CARTON,271080,67770.0
ORD-2025-018687,2025-03-05,CUS-00522,prd-0118,20,EACH,23110,462200
ORD-2025-018695,2025-03-05,CUS-02080,prd-0145,0.54,CARTON,763200,412128.0
ORD-2025-018697,2025-03-05,CUS-00059,prd-0151,7,EACH,42840,299880
ORD-2025-018702,2025-03-05,CUS-02493,prd-0162,0.33,CARTON,693600,228888.0
ORD-2025-018714,2025-03-06,CUS-01829,prd-0039,0.46,CARTON,354480,163060.80000000002
ORD-2025-018717,2025-03-06,CUS-00315,prd-0048,0.6,CARTON,84350,50610.0
ORD-2025-018719,2025-03-06,CUS-00185,prd-0058,1.4,CARTON,179800,251720.0
ORD-2025-018722,2025-03-06,CUS-01255,prd-0077,0.33,CARTON,186720,61617.600000000006
ORD-2025-018734,2025-03-06,CUS-01470,prd-0090,0.08,CARTON,452280,36182.4
ORD-2025-018735,2025-03-06,CUS-02368,prd-0090,2,EACH,37690,75380
ORD-2025-018736,2025-03-06,CUS-00206,prd-0090,5,EACH,37690,188450
ORD-2025-018745,2025-03-06,CUS-01745,prd-0103,6,EACH,38480,230880
ORD-2025-018756,2025-03-06,CUS-01135,prd-0125,0.2,CARTON,461400,92280.0
ORD-2025-018760,2025-03-06,CUS-01686,prd-0131,0.08,CARTON,1121040,89683.20000000001
ORD-2025-018763,2025-03-06,CUS-01000,prd-0136,1,EACH,54950,54950
ORD-2025-018776,2025-03-06,CUS-00908,prd-0157,0.58,CARTON,297720,172677.59999999998
ORD-2025-018792,2025-03-07,CUS-00431,prd-0018,0.67,CARTON,750840,503062.80000000005
ORD-2025-018793,2025-03-07,CUS-02398,prd-0020,0.15,CARTON,1402080,210312.0
ORD-2025-018803,2025-03-07,CUS-01172,prd-0047,0.5,CARTON,190600,95300.0
ORD-2025-018811,2025-03-07,CUS-02349,prd-0057,0.5,CARTON,180400,90200.0
ORD-2025-018825,2025-03-07,CUS-00737,prd-0090,0.67,CARTON,452280,303027.60000000003
ORD-2025-018832,2025-03-07,CUS-01235,prd-0100,0.17,CARTON,498720,84782.40000000001
ORD-2025-018847,2025-03-07,CUS-01234,prd-0125,0.17,CARTON,461400,78438.00000000001
ORD-2025-018850,2025-03-07,CUS-00941,prd-0142,0.33,CARTON,624360,206038.80000000002
ORD-2025-018857,2025-03-07,CUS-01846,prd-0155,2,EACH,65880,131760
ORD-2025-018863,2025-03-07,CUS-02327,prd-0160,0.15,CARTON,1581120,237168.0
ORD-2025-018879,2025-03-08,CUS-00210,prd-0028,0.25,CARTON,58920,14730.0
ORD-2025-018881,2025-03-08,CUS-00453,prd-0033,7,EACH,11040,77280
ORD-2025-018895,2025-03-08,CUS-02298,prd-0082,0.08,CARTON,368760,29500.800000000003
ORD-2025-018896,2025-03-08,CUS-01932,prd-0083,0.29,CARTON,568560,164882.4
ORD-2025-018901,2025-03-08,CUS-00257,prd-0090,4,EACH,37690,150760
ORD-2025-018903,2025-03-08,CUS-02403,prd-0098,24,EACH,15320,367680
ORD-2025-018908,2025-03-08,CUS-01823,prd-0108,13,EACH,30750,399750
ORD-2025-018917,2025-03-08,CUS-00825,prd-0130,0.12,CARTON,326400,39168.0
ORD-2025-018919,2025-03-08,CUS-00668,prd-0141,21,EACH,38600,810600
ORD-2025-018924,2025-03-08,CUS-01161,prd-0155,10,EACH,65880,658800
ORD-2025-018926,2025-03-08,CUS-02078,prd-0160,0.1,CARTON,1581120,158112.0
ORD-2025-018940,2025-03-09,CUS-01454,prd-0090,8,EACH,37690,301520
ORD-2025-018952,2025-03-10,CUS-01640,prd-0004,0.75,CARTON,53880,40410.0
ORD-2025-018955,2025-03-10,CUS-00069,prd-0005,1.42,CARTON,37320,52994.399999999994
ORD-2025-018963,2025-03-10,CUS-00854,prd-0031,2,EACH,36660,73320
ORD-2025-018969,2025-03-10,CUS-01207,prd-0049,0.4,CARTON,181900,72760.0
ORD-2025-018975,2025-03-10,CUS-01731,prd-0072,0.6,CARTON,426000,255600.0
ORD-2025-018999,2025-03-10,CUS-00277,prd-0098,1.42,CARTON,183840,261052.8
ORD-2025-019002,2025-03-10,CUS-01375,prd-0100,0.08,CARTON,498720,39897.600000000006
ORD-2025-019019,2025-03-10,CUS-02172,prd-0151,0.25,CARTON,171360,42840.0
ORD-2025-019028,2025-03-10,CUS-00069,prd-0170,5,EACH,17370,86850
ORD-2025-019032,2025-03-11,CUS-01939,prd-0004,0.25,CARTON,53880,13470.0
ORD-2025-019040,2025-03-11,CUS-01452,prd-0018,25,EACH,62570,1564250
ORD-2025-019041,2025-03-11,CUS-01073,prd-0020,0.12,CARTON,1402080,168249.59999999998
ORD-2025-019043,2025-03-11,CUS-02121,prd-0026,0.25,CARTON,49800,12450.0
ORD-2025-019050,2025-03-11,CUS-00873,prd-0039,0.17,CARTON,354480,60261.600000000006
ORD-2025-019051,2025-03-11,CUS-02217,prd-0045,14,EACH,7340,102760
ORD-2025-019056,2025-03-11,CUS-00633,prd-0057,0.3,CARTON,180400,54120.0
ORD-2025-019064,2025-03-11,CUS-00249,prd-0072,0.4,CARTON,426000,170400.0
ORD-2025-019066,2025-03-11,CUS-00384,prd-0077,5,EACH,31120,155600
ORD-2025-019085,2025-03-11,CUS-01572,prd-0100,7,EACH,20780,145460
ORD-2025-019086,2025-03-11,CUS-00874,prd-0103,1.5,CARTON,461760,692640.0
ORD-2025-019094,2025-03-11,CUS-01402,prd-0123,0.58,CARTON,345840,200587.19999999998
ORD-2025-019099,2025-03-11,CUS-02301,prd-0138,0.1,CARTON,1296960,129696.0
ORD-2025-019121,2025-03-12,CUS-01937,prd-0004,0.83,CARTON,53880,44720.399999999994
ORD-2025-019123,2025-03-12,CUS-00470,prd-0008,1.33,CARTON,196320,261105.60000000003
ORD-2025-019132,2025-03-12,CUS-01928,prd-0035,0.17,CARTON,163920,27866.4
ORD-2025-019144,2025-03-12,CUS-01577,prd-0062,0.66,CARTON,894500,590370.0000000001
ORD-2025-019145,2025-03-12,CUS-00997,prd-0063,0.16,CARTON,753500,120560.00000000001
ORD-2025-019146,2025-03-12,CUS-01045,prd-0063,0.12,CARTON,753500,90420.0
ORD-2025-019154,2025-03-12,CUS-01632,prd-0074,0.5,CARTON,383900,191950.0
ORD-2025-019160,2025-03-12,CUS-00435,prd-0086,33,EACH,28180,929940
ORD-2025-019172,2025-03-12,CUS-00861,prd-0104,0.17,CARTON,411120,69890.40000000001
ORD-2025-019177,2025-03-12,CUS-02077,prd-0116,0.17,CARTON,636480,108201.6
ORD-2025-019185,2025-03-12,CUS-01156,prd-0125,5,EACH,15380,76900
ORD-2025-019198,2025-03-12,CUS-01729,prd-0146,0.67,CARTON,835680,559905.6000000001
ORD-2025-019200,2025-03-12,CUS-01380,prd-0151,2.75,CARTON,171360,471240.0
ORD-2025-019208,2025-03-12,CUS-02070,prd-0165,0.27,CARTON,1122240,303004.80000000005
ORD-2025-019215,2025-03-13,CUS-02226,prd-0018,0.67,CARTON,750840,503062.80000000005
ORD-2025-019223,2025-03-13,CUS-01245,prd-0028,1.17,CARTON,58920,68936.4
ORD-2025-019224,2025-03-13,CUS-00785,prd-0033,0.46,CARTON,264960,121881.6
ORD-2025-019230,2025-03-13,CUS-01908,prd-0049,1.3,CARTON,181900,236470.0
ORD-2025-019236,2025-03-13,CUS-00320,prd-0064,5.25,CARTON,145400,763350.0
ORD-2025-019261,2025-03-13,CUS-02469,prd-0098,1.92,CARTON,183840,352972.8
ORD-2025-019266,2025-03-13,CUS-00743,prd-0108,3,EACH,30750,92250
ORD-2025-019272,2025-03-13,CUS-00844,prd-0128,0.33,CARTON,123540,40768.200000000004
ORD-2025-019274,2025-03-13,CUS-00293,prd-0136,0.17,CARTON,2637600,448392.0
ORD-2025-019286,2025-03-13,CUS-01451,prd-0161,0.02,CARTON,1566720,31334.4
ORD-2025-019318,2025-03-14,CUS-01750,prd-0074,5.3,CARTON,383900,2034670.0
ORD-2025-019329,2025-03-14,CUS-00049,prd-0090,0.67,CARTON,452280,303027.60000000003
ORD-2025-019339,2025-03-14,CUS-01077,prd-0108,1.17,CARTON,738000,863460.0
ORD-2025-019352,2025-03-14,CUS-02338,prd-0145,6,EACH,31800,190800
ORD-2025-019355,2025-03-14,CUS-01216,prd-0148,0.38,CARTON,654480,248702.40000000002
ORD-2025-019379,2025-03-15,CUS-00972,prd-0051,2,EACH,43070,86140
ORD-2025-019381,2025-03-15,CUS-00426,prd-0057,11,EACH,18040,198440
ORD-2025-019384,2025-03-15,CUS-02056,prd-0064,1.25,CARTON,145400,181750.0
ORD-2025-019393,2025-03-15,CUS-00610,prd-0090,6,EACH,37690,226140
ORD-2025-019400,2025-03-15,CUS-02309,prd-0100,0.17,CARTON,498720,84782.40000000001
ORD-2025-019418,2025-03-15,CUS-00781,prd-0170,4,EACH,17370,69480
ORD-2025-019428,2025-03-16,CUS-01666,prd-0077,1.67,CARTON,186720,311822.39999999997
ORD-2025-019437,2025-03-16,CUS-02033,prd-0154,0.12,CARTON,1019280,122313.59999999999
ORD-2025-019439,2025-03-16,CUS-00625,prd-0161,17,EACH,32640,554880
ORD-2025-019440,2025-03-16,CUS-02153,prd-0165,5,EACH,23380,116900
ORD-2025-019441,2025-03-16,CUS-00772,prd-0165,2,EACH,23380,46760
ORD-2025-019444,2025-03-17,CUS-01866,prd-0013,0.17,CARTON,143640,24418.800000000003
ORD-2025-019445,2025-03-17,CUS-02188,prd-0015,0.08,CARTON,425000,34000.0
ORD-2025-019449,2025-03-17,CUS-01078,prd-0027,0.58,CARTON,59040,34243.2
ORD-2025-019450,2025-03-17,CUS-00946,prd-0033,0.33,CARTON,264960,87436.8
ORD-2025-019466,2025-03-17,CUS-02168,prd-0069,1.08,CARTON,206520,223041.60000000003
ORD-2025-019471,2025-03-17,CUS-01798,prd-0086,0.17,CARTON,338160,57487.200000000004
ORD-2025-019478,2025-03-17,CUS-00228,prd-0090,14,EACH,37690,527660
ORD-2025-019485,2025-03-17,CUS-00281,prd-0091,0.92,CARTON,324120,298190.4
ORD-2025-019488,2025-03-17,CUS-01215,prd-0098,0.42,CARTON,183840,77212.79999999999
ORD-2025-019489,2025-03-17,CUS-02293,prd-0100,0.42,CARTON,498720,209462.40000000002
ORD-2025-019505,2025-03-17,CUS-00324,prd-0124,6,EACH,8790,52740
ORD-2025-019507,2025-03-17,CUS-01826,prd-0125,0.17,CARTON,461400,78438.00000000001
ORD-2025-019515,2025-03-17,CUS-02070,prd-0148,1.25,CARTON,654480,818100.0
ORD-2025-019525,2025-03-17,CUS-01791,prd-0153,0.12,CARTON,1162560,139507.2
ORD-2025-019529,2025-03-17,CUS-02348,prd-0163,14,EACH,27790,389060
ORD-2025-019535,2025-03-17,CUS-01032,prd-0170,1,EACH,17370,17370
ORD-2025-019543,2025-03-18,CUS-01475,prd-0026,1,EACH,4150,4150
ORD-2025-019550,2025-03-18,CUS-01045,prd-0039,0.17,CARTON,354480,60261.600000000006
ORD-2025-019558,2025-03-18,CUS-01614,prd-0061,16,EACH,16320,261120
ORD-2025-019584,2025-03-18,CUS-02365,prd-0090,24,EACH,37690,904560
ORD-2025-019604,2025-03-18,CUS-01054,prd-0131,0.08,CARTON,1121040,89683.20000000001
ORD-2025-019606,2025-03-18,CUS-00817,prd-0135,4,EACH,32900,131600
ORD-2025-019608,2025-03-18,CUS-00217,prd-0142,1.5,CARTON,624360,936540.0
ORD-2025-019625,2025-03-18,CUS-02375,prd-0161,0.23,CARTON,1566720,360345.60000000003
ORD-2025-019641,2025-03-19,CUS-02079,prd-0057,0.3,CARTON,180400,54120.0
ORD-2025-019650,2025-03-19,CUS-02465,prd-0085,0.12,CARTON,781920,93830.4
ORD-2025-019651,2025-03-19,CUS-00723,prd-0086,2.33,CARTON,338160,787912.8
ORD-2025-019655,2025-03-19,CUS-02385,prd-0090,0.92,CARTON,452280,416097.60000000003
ORD-2025-019667,2025-03-19,CUS-00420,prd-0107,0.5,CARTON,475080,237540.0
ORD-2025-019673,2025-03-19,CUS-01145,prd-0121,1.33,CARTON,158580,210911.40000000002
ORD-2025-019678,2025-03-19,CUS-01408,prd-0128,1.83,CARTON,123540,226078.2
ORD-2025-019688,2025-03-19,CUS-01602,prd-0149,12,EACH,45880,550560
ORD-2025-019692,2025-03-19,CUS-00352,prd-0151,3.0,CARTON,171360,514080.0
ORD-2025-019707,2025-03-20,CUS-00243,prd-0004,0.17,CARTON,53880,9159.6
ORD-2025-019709,2025-03-20,CUS-00005,prd-0011,0.46,CARTON,412080,189556.80000000002
ORD-2025-019711,2025-03-20,CUS-00911,prd-0024,2.0,CARTON,58800,117600.0
ORD-2025-019721,2025-03-20,CUS-01333,prd-0054,2,EACH,17260,34520
ORD-2025-019735,2025-03-20,CUS-00518,prd-0078,10,EACH,33720,337200
ORD-2025-019736,2025-03-20,CUS-00203,prd-0078,0.33,CARTON,404640,133531.2
ORD-2025-019742,2025-03-20,CUS-00127,prd-0090,0.33,CARTON,452280,149252.40000000002
ORD-2025-019765,2025-03-20,CUS-01571,prd-0132,0.11,CARTON,1380960,151905.6
ORD-2025-019770,2025-03-20,CUS-01447,prd-0142,1.33,CARTON,624360,830398.8
ORD-2025-019779,2025-03-20,CUS-01475,prd-0153,0.12,CARTON,1162560,139507.2
ORD-2025-019782,2025-03-20,CUS-02132,prd-0161,0.31,CARTON,1566720,485683.19999999995
ORD-2025-019788,2025-03-20,CUS-01342,prd-0166,0.31,CARTON,1231200,381672.0
ORD-2025-019812,2025-03-21,CUS-01955,prd-0075,0.5,CARTON,204120,102060.0
ORD-2025-019814,2025-03-21,CUS-01267,prd-0077,1.17,CARTON,186720,218462.39999999997
ORD-2025-019818,2025-03-21,CUS-00110,prd-0082,0.5,CARTON,368760,184380.0
ORD-2025-019831,2025-03-21,CUS-02036,prd-0090,17,EACH,37690,640730
ORD-2025-019839,2025-03-21,CUS-02030,prd-0098,0.25,CARTON,183840,45960.0
ORD-2025-019849,2025-03-21,CUS-01584,prd-0108,0.33,CARTON,738000,243540.0
ORD-2025-019851,2025-03-21,CUS-02013,prd-0109,0.58,CARTON,368400,213672.0
ORD-2025-019853,2025-03-21,CUS-01867,prd-0110,0.08,CARTON,364200,29136.0
ORD-2025-019862,2025-03-21,CUS-00795,prd-0139,0.12,CARTON,1601280,192153.59999999998
ORD-2025-019864,2025-03-21,CUS-01084,prd-0142,3,EACH,52030,156090
ORD-2025-019867,2025-03-21,CUS-02315,prd-0150,2.75,CARTON,191400,526350.0
ORD-2025-019869,2025-03-21,CUS-00785,prd-0151,5,EACH,42840,214200
ORD-2025-019892,2025-03-22,CUS-00562,prd-0004,1.58,CARTON,53880,85130.40000000001
ORD-2025-019893,2025-03-22,CUS-02262,prd-0009,16,EACH,18390,294240
ORD-2025-019897,2025-03-22,CUS-01716,prd-0039,1,EACH,14770,14770
ORD-2025-019908,2025-03-22,CUS-02395,prd-0065,0.58,CARTON,408000,236640.0
ORD-2025-019918,2025-03-22,CUS-01107,prd-0090,14,EACH,37690,527660
ORD-2025-019920,2025-03-22,CUS-00814,prd-0093,1.17,CARTON,276960,324043.19999999995
ORD-2025-019934,2025-03-22,CUS-01941,prd-0135,0.04,CARTON,1579200,63168.0
ORD-2025-019939,2025-03-22,CUS-01656,prd-0147,24,EACH,32330,775920
ORD-2025-019940,2025-03-22,CUS-00911,prd-0151,3.25,CARTON,171360,556920.0
ORD-2025-019954,2025-03-23,CUS-00819,prd-0049,0.8,CARTON,181900,145520.0
ORD-2025-019964,2025-03-23,CUS-01391,prd-0100,0.5,CARTON,498720,249360.0
ORD-2025-019986,2025-03-24,CUS-01750,prd-0016,10,EACH,42680,426800
ORD-2025-019987,2025-03-24,CUS-01995,prd-0020,21,EACH,29210,613410
ORD-2025-019989,2025-03-24,CUS-02365,prd-0028,0.25,CARTON,58920,14730.0
ORD-2025-019992,2025-03-24,CUS-02223,prd-0039,0.75,CARTON,354480,265860.0
ORD-2025-019993,2025-03-24,CUS-00415,prd-0039,0.12,CARTON,354480,42537.6
ORD-2025-019996,2025-03-24,CUS-00731,prd-0056,0.12,CARTON,600480,72057.6
ORD-2025-020014,2025-03-24,CUS-00128,prd-0090,0.58,CARTON,452280,262322.39999999997
ORD-2025-020018,2025-03-24,CUS-01673,prd-0091,0.42,CARTON,324120,136130.4
ORD-2025-020024,2025-03-24,CUS-00916,prd-0102,0.42,CARTON,204600,85932.0
ORD-2025-020037,2025-03-24,CUS-00743,prd-0125,5,EACH,15380,76900
ORD-2025-020038,2025-03-24,CUS-01222,prd-0125,0.47,CARTON,461400,216857.99999999997
ORD-2025-020050,2025-03-24,CUS-02056,prd-0145,0.38,CARTON,763200,290016.0
ORD-2025-020052,2025-03-24,CUS-02446,prd-0149,4.0,CARTON,183520,734080.0
ORD-2025-020057,2025-03-24,CUS-00680,prd-0153,0.06,CARTON,1162560,69753.6
ORD-2025-020064,2025-03-24,CUS-02388,prd-0161,0.4,CARTON,1566720,626688.0
ORD-2025-020068,2025-03-25,CUS-02101,prd-0004,0.75,CARTON,53880,40410.0
ORD-2025-020083,2025-03-25,CUS-00916,prd-0060,0.12,CARTON,2877000,345240.0
ORD-2025-020085,2025-03-25,CUS-01757,prd-0061,0.16,CARTON,816000,130560.00000000001
ORD-2025-020092,2025-03-25,CUS-02143,prd-0079,0.7,CARTON,468700,328090.0
ORD-2025-020103,2025-03-25,CUS-00569,prd-0091,5,EACH,27010,135050
ORD-2025-020104,2025-03-25,CUS-00138,prd-0091,0.08,CARTON,324120,25929.600000000002
ORD-2025-020134,2025-03-25,CUS-01484,prd-0151,26,EACH,42840,1113840
ORD-2025-020138,2025-03-25,CUS-02185,prd-0153,0.1,CARTON,1162560,116256.0
ORD-2025-020150,2025-03-25,CUS-01098,prd-0170,0.42,CARTON,625320,262634.39999999997
ORD-2025-020170,2025-03-26,CUS-00343,prd-0079,1.1,CARTON,468700,515570.00000000006
ORD-2025-020171,2025-03-26,CUS-02080,prd-0081,9,EACH,42190,379710
ORD-2025-020175,2025-03-26,CUS-01614,prd-0090,4,EACH,37690,150760
ORD-2025-020181,2025-03-26,CUS-00565,prd-0098,0.75,CARTON,183840,137880.0
ORD-2025-020187,2025-03-26,CUS-01326,prd-0103,0.42,CARTON,461760,193939.19999999998
ORD-2025-020200,2025-03-26,CUS-01290,prd-0141,1.0,CARTON,926400,926400.0
ORD-2025-020206,2025-03-26,CUS-02185,prd-0151,5.0,CARTON,171360,856800.0
ORD-2025-020216,2025-03-26,CUS-01998,prd-0161,0.17,CARTON,1566720,266342.4
ORD-2025-020217,2025-03-26,CUS-00210,prd-0165,22,EACH,23380,514360
ORD-2025-020219,2025-03-26,CUS-00824,prd-0169,29,EACH,15310,443990
ORD-2025-020226,2025-03-27,CUS-00254,prd-0013,1.67,CARTON,143640,239878.8
ORD-2025-020229,2025-03-27,CUS-00800,prd-0025,0.17,CARTON,61080,10383.6
ORD-2025-020231,2025-03-27,CUS-01311,prd-0031,8,EACH,36660,293280
ORD-2025-020235,2025-03-27,CUS-02466,prd-0047,2,EACH,19060,38120
ORD-2025-020238,2025-03-27,CUS-00819,prd-0057,0.6,CARTON,180400,108240.0
ORD-2025-020245,2025-03-27,CUS-02283,prd-0065,20,EACH,34000,680000
ORD-2025-020246,2025-03-27,CUS-01852,prd-0068,4,EACH,16320,65280
ORD-2025-020250,2025-03-27,CUS-00569,prd-0083,0.33,CARTON,568560,187624.80000000002
ORD-2025-020251,2025-03-27,CUS-02017,prd-0086,8,EACH,28180,225440
ORD-2025-020269,2025-03-27,CUS-01749,prd-0109,0.25,CARTON,368400,92100.0
ORD-2025-020274,2025-03-27,CUS-01016,prd-0121,0.67,CARTON,158580,106248.6
ORD-2025-020279,2025-03-27,CUS-00517,prd-0132,0.11,CARTON,1380960,151905.6
ORD-2025-020284,2025-03-27,CUS-00020,prd-0142,0.42,CARTON,624360,262231.19999999995
ORD-2025-020304,2025-03-27,CUS-02256,prd-0166,0.02,CARTON,1231200,24624.0
ORD-2025-020317,2025-03-28,CUS-00115,prd-0046,0.2,CARTON,347200,69440.0
ORD-2025-020323,2025-03-28,CUS-02059,prd-0057,0.4,CARTON,180400,72160.0
ORD-2025-020332,2025-03-28,CUS-01053,prd-0077,0.67,CARTON,186720,125102.40000000001
ORD-2025-020333,2025-03-28,CUS-00461,prd-0078,0.58,CARTON,404640,234691.19999999998
ORD-2025-020347,2025-03-28,CUS-01711,prd-0090,1.92,CARTON,452280,868377.6000000001
ORD-2025-020350,2025-03-28,CUS-00133,prd-0091,0.17,CARTON,324120,55100.40000000001
ORD-2025-020359,2025-03-28,CUS-00700,prd-0120,7,EACH,14740,103180
ORD-2025-020362,2025-03-28,CUS-01576,prd-0121,2.0,CARTON,158580,317160.0
ORD-2025-020366,2025-03-28,CUS-02378,prd-0125,0.17,CARTON,461400,78438.00000000001
ORD-2025-020374,2025-03-28,CUS-00622,prd-0151,1.0,CARTON,171360,171360.0
ORD-2025-020375,2025-03-28,CUS-00871,prd-0151,0.5,CARTON,171360,85680.0
ORD-2025-020389,2025-03-28,CUS-01274,prd-0170,0.31,CARTON,625320,193849.19999999998
ORD-2025-020392,2025-03-29,CUS-00604,prd-0007,1.92,CARTON,204840,393292.80000000005
ORD-2025-020395,2025-03-29,CUS-00510,prd-0026,0.17,CARTON,49800,8466.0
ORD-2025-020407,2025-03-29,CUS-02217,prd-0069,11,EACH,17210,189310
ORD-2025-020422,2025-03-29,CUS-02131,prd-0090,46,EACH,37690,1733740
ORD-2025-020423,2025-03-29,CUS-02453,prd-0090,0.83,CARTON,452280,375392.39999999997
ORD-2025-020429,2025-03-29,CUS-01641,prd-0098,0.75,CARTON,183840,137880.0
ORD-2025-020430,2025-03-29,CUS-02250,prd-0100,0.42,CARTON,498720,209462.40000000002
ORD-2025-020438,2025-03-29,CUS-02066,prd-0142,0.25,CARTON,624360,156090.0
ORD-2025-020464,2025-03-30,CUS-00766,prd-0090,0.17,CARTON,452280,76887.6
ORD-2025-020477,2025-03-31,CUS-02132,prd-0011,53,EACH,17170,910010
ORD-2025-020492,2025-03-31,CUS-02060,prd-0064,3,EACH,36350,109050
ORD-2025-020494,2025-03-31,CUS-00249,prd-0065,0.25,CARTON,408000,102000.0
ORD-2025-020505,2025-03-31,CUS-01034,prd-0090,8,EACH,37690,301520
ORD-2025-020506,2025-03-31,CUS-01556,prd-0090,0.67,CARTON,452280,303027.60000000003
ORD-2025-020507,2025-03-31,CUS-00396,prd-0090,1.0,CARTON,452280,452280.0
ORD-2025-020508,2025-03-31,CUS-00257,prd-0090,0.17,CARTON,452280,76887.6
ORD-2025-020509,2025-03-31,CUS-02434,prd-0090,12,EACH,37690,452280
ORD-2025-020531,2025-03-31,CUS-01750,prd-0109,0.42,CARTON,368400,154728.0
ORD-2025-020532,2025-03-31,CUS-00282,prd-0110,0.58,CARTON,364200,211236.0
ORD-2025-020538,2025-03-31,CUS-00925,prd-0126,0.58,CARTON,351240,203719.19999999998
ORD-2025-020543,2025-03-31,CUS-01346,prd-0151,1.0,CARTON,171360,171360.0
ORD-2025-020555,2025-03-31,CUS-01962,prd-0169,0.1,CARTON,734880,73488.0
ORD-2025-020562,2025-04-01,CUS-01725,prd-0017,0.58,CARTON,476160,276172.8
ORD-2025-020574,2025-04-01,CUS-00719,prd-0042,8,EACH,26200,209600
ORD-2025-020596,2025-04-01,CUS-01211,prd-0090,0.33,CARTON,452280,149252.40000000002
ORD-2025-020606,2025-04-01,CUS-00810,prd-0103,0.42,CARTON,461760,193939.19999999998
ORD-2025-020610,2025-04-01,CUS-01877,prd-0112,0.83,CARTON,186000,154380.0
ORD-2025-020614,2025-04-01,CUS-00861,prd-0125,0.47,CARTON,461400,216857.99999999997
ORD-2025-020623,2025-04-01,CUS-01982,prd-0144,0.5,CARTON,383880,191940.0
ORD-2025-020629,2025-04-01,CUS-02217,prd-0151,4.5,CARTON,171360,771120.0
ORD-2025-020631,2025-04-01,CUS-02110,prd-0153,0.1,CARTON,1162560,116256.0
ORD-2025-020632,2025-04-01,CUS-00581,prd-0153,6,EACH,24220,145320
ORD-2025-020646,2025-04-01,CUS-01250,prd-0166,0.38,CARTON,1231200,467856.0
ORD-2025-020647,2025-04-01,CUS-02163,prd-0170,0.11,CARTON,625320,68785.2
ORD-2025-020656,2025-04-02,CUS-00777,prd-0023,0.58,CARTON,203280,117902.4
ORD-2025-020680,2025-04-02,CUS-01167,prd-0106,18,EACH,41890,754020
ORD-2025-020687,2025-04-02,CUS-01192,prd-0121,1.5,CARTON,158580,237870.0
ORD-2025-020688,2025-04-02,CUS-00170,prd-0122,0.21,CARTON,459360,96465.59999999999
ORD-2025-020691,2025-04-02,CUS-00182,prd-0128,4.5,CARTON,123540,555930.0
ORD-2025-020700,2025-04-02,CUS-02489,prd-0143,0.42,CARTON,583680,245145.59999999998
ORD-2025-020724,2025-04-03,CUS-00143,prd-0039,0.29,CARTON,354480,102799.19999999998
ORD-2025-020734,2025-04-03,CUS-00432,prd-0060,7,EACH,57540,402780
ORD-2025-020744,2025-04-03,CUS-00093,prd-0083,4,EACH,23690,94760
ORD-2025-020745,2025-04-03,CUS-00096,prd-0083,0.42,CARTON,568560,238795.19999999998
ORD-2025-020751,2025-04-03,CUS-00721,prd-0091,3,EACH,27010,81030
ORD-2025-020754,2025-04-03,CUS-01948,prd-0098,1.58,CARTON,183840,290467.2
ORD-2025-020764,2025-04-03,CUS-01302,prd-0125,0.17,CARTON,461400,78438.00000000001
ORD-2025-020770,2025-04-03,CUS-00699,prd-0151,0.75,CARTON,171360,128520.0
ORD-2025-020787,2025-04-04,CUS-00736,prd-0017,1.0,CARTON,476160,476160.0
ORD-2025-020794,2025-04-04,CUS-01416,prd-0028,0.75,CARTON,58920,44190.0
ORD-2025-020799,2025-04-04,CUS-01583,prd-0039,4,EACH,14770,59080
ORD-2025-020812,2025-04-04,CUS-00264,prd-0061,11,EACH,16320,179520
ORD-2025-020821,2025-04-04,CUS-01345,prd-0079,0.5,CARTON,468700,234350.0
ORD-2025-020830,2025-04-04,CUS-00031,prd-0090,1.08,CARTON,452280,488462.4
ORD-2025-020831,2025-04-04,CUS-02061,prd-0090,0.17,CARTON,452280,76887.6
ORD-2025-020849,2025-04-04,CUS-00101,prd-0111,9,EACH,12240,110160
ORD-2025-020855,2025-04-04,CUS-00150,prd-0122,0.25,CARTON,459360,114840.0
ORD-2025-020856,2025-04-04,CUS-02204,prd-0125,0.1,CARTON,461400,46140.0
ORD-2025-020863,2025-04-04,CUS-00504,prd-0138,0.08,CARTON,1296960,103756.79999999999
ORD-2025-020871,2025-04-04,CUS-01973,prd-0147,0.42,CARTON,775920,325886.4
ORD-2025-020879,2025-04-04,CUS-01255,prd-0156,1.25,CARTON,702840,878550.0
ORD-2025-020888,2025-04-05,CUS-01410,prd-0001,4.0,CARTON,59640,238560.0
ORD-2025-020893,2025-04-05,CUS-01249,prd-0018,0.58,CARTON,750840,435487.19999999995
ORD-2025-020910,2025-04-05,CUS-01175,prd-0090,3,EACH,37690,113070
ORD-2025-020921,2025-04-05,CUS-00504,prd-0100,46,EACH,20780,955880
ORD-2025-020922,2025-04-05,CUS-01475,prd-0113,8,EACH,10420,83360
ORD-2025-020925,2025-04-05,CUS-02089,prd-0121,2.17,CARTON,158580,344118.6
ORD-2025-020926,2025-04-05,CUS-00016,prd-0121,1.17,CARTON,158580,185538.59999999998
ORD-2025-020929,2025-04-05,CUS-00880,prd-0135,22,EACH,32900,723800
ORD-2025-020933,2025-04-05,CUS-00557,prd-0151,0.75,CARTON,171360,128520.0
ORD-2025-020934,2025-04-05,CUS-02315,prd-0151,3,EACH,42840,128520
ORD-2025-020942,2025-04-05,CUS-02361,prd-0161,4,EACH,32640,130560
ORD-2025-020947,2025-04-06,CUS-00414,prd-0037,0.25,CARTON,615600,153900.0
ORD-2025-020953,2025-04-06,CUS-00559,prd-0079,0.6,CARTON,468700,281220.0
ORD-2025-020959,2025-04-06,CUS-01745,prd-0100,0.71,CARTON,498720,354091.19999999995
ORD-2025-020970,2025-04-06,CUS-01265,prd-0153,5,EACH,24220,121100
ORD-2025-020974,2025-04-07,CUS-00032,prd-0004,11,EACH,4490,49390
ORD-2025-020981,2025-04-07,CUS-00611,prd-0037,0.17,CARTON,615600,104652.0
ORD-2025-020982,2025-04-07,CUS-01342,prd-0037,1.04,CARTON,615600,640224.0
ORD-2025-020985,2025-04-07,CUS-02169,prd-0046,0.1,CARTON,347200,34720.0
ORD-2025-020986,2025-04-07,CUS-01153,prd-0054,0.05,CARTON,690400,34520.0
ORD-2025-020993,2025-04-07,CUS-00598,prd-0063,0.08,CARTON,753500,60280.00000000001
ORD-2025-021000,2025-04-07,CUS-02469,prd-0078,0.58,CARTON,404640,234691.19999999998
ORD-2025-021003,2025-04-07,CUS-01520,prd-0083,0.21,CARTON,568560,119397.59999999999
ORD-2025-021007,2025-04-07,CUS-01157,prd-0086,0.33,CARTON,338160,111592.79999999999
ORD-2025-021026,2025-04-07,CUS-02217,prd-0103,0.5,CARTON,461760,230880.0
ORD-2025-021033,2025-04-07,CUS-00622,prd-0125,0.2,CARTON,461400,92280.0
ORD-2025-021039,2025-04-07,CUS-00020,prd-0135,0.08,CARTON,1579200,126336.0
ORD-2025-021059,2025-04-08,CUS-01727,prd-0007,0.25,CARTON,204840,51210.0
ORD-2025-021070,2025-04-08,CUS-00261,prd-0057,0.7,CARTON,180400,126280.0
ORD-2025-021082,2025-04-08,CUS-00698,prd-0072,16,EACH,42600,681600
ORD-2025-021088,2025-04-08,CUS-01563,prd-0078,0.42,CARTON,404640,169948.8
ORD-2025-021089,2025-04-08,CUS-01207,prd-0080,0.67,CARTON,286800,192156.00000000003
ORD-2025-021094,2025-04-08,CUS-00680,prd-0084,0.38,CARTON,666240,253171.19999999998
ORD-2025-021106,2025-04-08,CUS-01963,prd-0090,0.33,CARTON,452280,149252.40000000002
ORD-2025-021113,2025-04-08,CUS-00699,prd-0100,0.67,CARTON,498720,334142.4
ORD-2025-021120,2025-04-08,CUS-00513,prd-0120,0.12,CARTON,353760,42451.2
ORD-2025-021133,2025-04-08,CUS-00378,prd-0141,0.17,CARTON,926400,157488.00000000003
ORD-2025-021141,2025-04-08,CUS-00681,prd-0156,0.5,CARTON,702840,351420.0
ORD-2025-021147,2025-04-08,CUS-00529,prd-0161,0.17,CARTON,1566720,266342.4
ORD-2025-021148,2025-04-08,CUS-00140,prd-0161,0.25,CARTON,1566720,391680.0
ORD-2025-021151,2025-04-08,CUS-00662,prd-0170,0.14,CARTON,625320,87544.8
ORD-2025-021157,2025-04-09,CUS-00113,prd-0016,1.25,CARTON,512160,640200.0
ORD-2025-021168,2025-04-09,CUS-01884,prd-0049,4,EACH,18190,72760
ORD-2025-021171,2025-04-09,CUS-02340,prd-0057,0.5,CARTON,180400,90200.0
ORD-2025-021174,2025-04-09,CUS-02051,prd-0061,0.14,CARTON,816000,114240.00000000001
ORD-2025-021197,2025-04-09,CUS-00127,prd-0091,4,EACH,27010,108040
ORD-2025-021205,2025-04-09,CUS-02000,prd-0116,0.39,CARTON,636480,248227.19999999998
ORD-2025-021210,2025-04-09,CUS-01509,prd-0121,16,EACH,26430,422880
ORD-2025-021214,2025-04-09,CUS-01458,prd-0130,0.08,CARTON,326400,26112.0
ORD-2025-021216,2025-04-09,CUS-00095,prd-0132,0.14,CARTON,1380960,193334.40000000002
ORD-2025-021218,2025-04-09,CUS-01245,prd-0141,1,EACH,38600,38600
ORD-2025-021227,2025-04-09,CUS-00524,prd-0151,2.0,CARTON,171360,342720.0
ORD-2025-021248,2025-04-10,CUS-02202,prd-0048,1.6,CARTON,84350,134960.0
ORD-2025-021252,2025-04-10,CUS-01034,prd-0080,2.17,CARTON,286800,622356.0
ORD-2025-021257,2025-04-10,CUS-01760,prd-0086,5,EACH,28180,140900
ORD-2025-021262,2025-04-10,CUS-02477,prd-0090,1.58,CARTON,452280,714602.4
ORD-2025-021277,2025-04-10,CUS-02199,prd-0128,3.5,CARTON,123540,432390.0
ORD-2025-021284,2025-04-10,CUS-00125,prd-0145,4,EACH,31800,127200
ORD-2025-021287,2025-04-10,CUS-01433,prd-0150,7,EACH,47850,334950
ORD-2025-021297,2025-04-10,CUS-00518,prd-0155,7,EACH,65880,461160
ORD-2025-021306,2025-04-10,CUS-00721,prd-0170,0.39,CARTON,625320,243874.80000000002
ORD-2025-021309,2025-04-11,CUS-00285,prd-0003,9,EACH,4840,43560
ORD-2025-021310,2025-04-11,CUS-01470,prd-0004,0.08,CARTON,53880,4310.4
ORD-2025-021312,2025-04-11,CUS-02353,prd-0011,0.25,CARTON,412080,103020.0
ORD-2025-021325,2025-04-11,CUS-00716,prd-0045,0.58,CARTON,88080,51086.399999999994
ORD-2025-021331,2025-04-11,CUS-01772,prd-0058,0.8,CARTON,179800,143840.0
ORD-2025-021334,2025-04-11,CUS-01943,prd-0061,0.2,CARTON,816000,163200.0
ORD-2025-021338,2025-04-11,CUS-00868,prd-0077,4.0,CARTON,186720,746880.0
ORD-2025-021339,2025-04-11,CUS-01602,prd-0077,2.33,CARTON,186720,435057.60000000003
ORD-2025-021342,2025-04-11,CUS-01834,prd-0080,11,EACH,23900,262900
ORD-2025-021356,2025-04-11,CUS-01171,prd-0090,8,EACH,37690,301520
ORD-2025-021358,2025-04-11,CUS-01889,prd-0098,0.83,CARTON,183840,152587.19999999998
ORD-2025-021359,2025-04-11,CUS-01796,prd-0098,7,EACH,15320,107240
ORD-2025-021364,2025-04-11,CUS-00963,prd-0111,5,EACH,12240,61200
ORD-2025-021369,2025-04-11,CUS-00661,prd-0121,1.5,CARTON,158580,237870.0
ORD-2025-021418,2025-04-12,CUS-02361,prd-0100,0.38,CARTON,498720,189513.6
ORD-2025-021419,2025-04-12,CUS-00122,prd-0110,3,EACH,30350,91050
ORD-2025-021420,2025-04-12,CUS-02056,prd-0118,0.75,CARTON,277320,207990.0
ORD-2025-021421,2025-04-12,CUS-02495,prd-0118,0.33,CARTON,277320,91515.6
ORD-2025-021432,2025-04-12,CUS-00650,prd-0150,3.0,CARTON,191400,574200.0
ORD-2025-021436,2025-04-12,CUS-01658,prd-0160,0.19,CARTON,1581120,300412.80000000005
ORD-2025-021441,2025-04-12,CUS-00655,prd-0167,0.11,CARTON,504720,55519.200000000004
ORD-2025-021458,2025-04-13,CUS-01156,prd-0071,11,EACH,17380,191180
ORD-2025-021459,2025-04-13,CUS-01884,prd-0076,6,EACH,28050,168300
ORD-2025-021488,2025-04-13,CUS-00387,prd-0168,8,EACH,19490,155920
ORD-2025-021500,2025-04-14,CUS-00949,prd-0047,0.6,CARTON,190600,114360.0
ORD-2025-021507,2025-04-14,CUS-00083,prd-0083,0.46,CARTON,568560,261537.59999999998
ORD-2025-021515,2025-04-14,CUS-01730,prd-0086,2.42,CARTON,338160,818347.2
ORD-2025-021521,2025-04-14,CUS-00070,prd-0090,0.58,CARTON,452280,262322.39999999997
ORD-2025-021522,2025-04-14,CUS-01866,prd-0090,5,EACH,37690,188450
ORD-2025-021526,2025-04-14,CUS-01510,prd-0098,0.58,CARTON,183840,106627.19999999998
ORD-2025-021527,2025-04-14,CUS-00557,prd-0098,0.83,CARTON,183840,152587.19999999998
ORD-2025-021531,2025-04-14,CUS-01375,prd-0108,0.33,CARTON,738000,243540.0
ORD-2025-021541,2025-04-14,CUS-01685,prd-0122,0.25,CARTON,459360,114840.0
ORD-2025-021554,2025-04-14,CUS-00269,prd-0151,2.25,CARTON,171360,385560.0
ORD-2025-021570,2025-04-14,CUS-02110,prd-0161,0.38,CARTON,1566720,595353.6000000001
ORD-2025-021586,2025-04-15,CUS-02056,prd-0026,0.33,CARTON,49800,16434.0
ORD-2025-021587,2025-04-15,CUS-00111,prd-0028,0.58,CARTON,58920,34173.6
ORD-2025-021594,2025-04-15,CUS-02338,prd-0051,16,EACH,43070,689120
ORD-2025-021597,2025-04-15,CUS-02438,prd-0061,0.58,CARTON,816000,473279.99999999994
ORD-2025-021614,2025-04-15,CUS-01940,prd-0085,0.46,CARTON,781920,359683.2
ORD-2025-021623,2025-04-15,CUS-02056,prd-0090,1.33,CARTON,452280,601532.4
ORD-2025-021624,2025-04-15,CUS-01307,prd-0090,0.42,CARTON,452280,189957.59999999998
ORD-2025-021628,2025-04-15,CUS-01710,prd-0102,3,EACH,17050,51150
ORD-2025-021631,2025-04-15,CUS-00983,prd-0108,7,EACH,30750,215250
ORD-2025-021638,2025-04-15,CUS-00197,prd-0121,1.17,CARTON,158580,185538.59999999998
ORD-2025-021653,2025-04-15,CUS-02139,prd-0151,15,EACH,42840,642600
ORD-2025-021666,2025-04-16,CUS-00574,prd-0007,0.58,CARTON,204840,118807.19999999998
ORD-2025-021671,2025-04-16,CUS-00312,prd-0023,0.58,CARTON,203280,117902.4
ORD-2025-021678,2025-04-16,CUS-00574,prd-0058,0.9,CARTON,179800,161820.0
ORD-2025-021681,2025-04-16,CUS-02221,prd-0065,0.75,CARTON,408000,306000.0
ORD-2025-021689,2025-04-16,CUS-02157,prd-0081,0.1,CARTON,421900,42190.0
ORD-2025-021697,2025-04-16,CUS-01681,prd-0090,2.08,CARTON,452280,940742.3999999999
ORD-2025-021706,2025-04-16,CUS-00176,prd-0102,17,EACH,17050,289850
ORD-2025-021715,2025-04-16,CUS-00314,prd-0125,0.07,CARTON,461400,32298.000000000004
ORD-2025-021731,2025-04-17,CUS-01836,prd-0004,0.33,CARTON,53880,17780.4
ORD-2025-021733,2025-04-17,CUS-00346,prd-0008,17,EACH,16360,278120
ORD-2025-021742,2025-04-17,CUS-01013,prd-0052,13,EACH,43630,567190
ORD-2025-021751,2025-04-17,CUS-01847,prd-0074,1.7,CARTON,383900,652630.0
ORD-2025-021753,2025-04-17,CUS-02473,prd-0078,0.33,CARTON,404640,133531.2
ORD-2025-021756,2025-04-17,CUS-02431,prd-0085,10,EACH,32580,325800
ORD-2025-021759,2025-04-17,CUS-01533,prd-0086,9,EACH,28180,253620
ORD-2025-021761,2025-04-17,CUS-01967,prd-0089,3,EACH,13010,39030
ORD-2025-021764,2025-04-17,CUS-00774,prd-0090,0.67,CARTON,452280,303027.60000000003
ORD-2025-021771,2025-04-17,CUS-00356,prd-0108,1.21,CARTON,738000,892980.0
ORD-2025-021775,2025-04-17,CUS-02365,prd-0118,0.92,CARTON,277320,255134.40000000002
ORD-2025-021778,2025-04-17,CUS-00560,prd-0122,17,EACH,19140,325380
ORD-2025-021790,2025-04-17,CUS-01587,prd-0153,0.12,CARTON,1162560,139507.2
ORD-2025-021794,2025-04-17,CUS-02069,prd-0161,0.08,CARTON,1566720,125337.6
ORD-2025-021800,2025-04-18,CUS-00019,prd-0004,0.08,CARTON,53880,4310.4
ORD-2025-021817,2025-04-18,CUS-01902,prd-0055,0.03,CARTON,679600,20388.0
ORD-2025-021823,2025-04-18,CUS-00067,prd-0070,1,EACH,19240,19240
ORD-2025-021824,2025-04-18,CUS-00206,prd-0077,4.83,CARTON,186720,901857.6000000001
ORD-2025-021847,2025-04-18,CUS-02019,prd-0109,11,EACH,30700,337700
ORD-2025-021854,2025-04-18,CUS-01241,prd-0142,0.25,CARTON,624360,156090.0
ORD-2025-021878,2025-04-19,CUS-00302,prd-0025,0.58,CARTON,61080,35426.399999999994
ORD-2025-021883,2025-04-19,CUS-00041,prd-0046,0.3,CARTON,347200,104160.0
ORD-2025-021885,2025-04-19,CUS-00303,prd-0060,0.2,CARTON,2877000,575400.0
ORD-2025-021890,2025-04-19,CUS-01428,prd-0068,0.75,CARTON,195840,146880.0
ORD-2025-021901,2025-04-19,CUS-00344,prd-0086,4,EACH,28180,112720
ORD-2025-021910,2025-04-19,CUS-02403,prd-0093,0.17,CARTON,276960,47083.200000000004
ORD-2025-021917,2025-04-19,CUS-01494,prd-0122,9,EACH,19140,172260
ORD-2025-021939,2025-04-19,CUS-00581,prd-0157,33,EACH,24810,818730
ORD-2025-021943,2025-04-19,CUS-01758,prd-0161,0.08,CARTON,1566720,125337.6
ORD-2025-021947,2025-04-20,CUS-01593,prd-0004,1.0,CARTON,53880,53880.0
ORD-2025-021963,2025-04-20,CUS-01540,prd-0153,4,EACH,24220,96880
ORD-2025-021970,2025-04-20,CUS-01785,prd-0169,3,EACH,15310,45930
ORD-2025-021971,2025-04-20,CUS-02378,prd-0170,0.28,CARTON,625320,175089.6
ORD-2025-021979,2025-04-21,CUS-01220,prd-0043,10,EACH,17760,177600
ORD-2025-021981,2025-04-21,CUS-01931,prd-0046,3,EACH,17360,52080
ORD-2025-021995,2025-04-21,CUS-00892,prd-0076,0.25,CARTON,336600,84150.0
ORD-2025-021999,2025-04-21,CUS-02150,prd-0081,3,EACH,42190,126570
ORD-2025-022010,2025-04-21,CUS-02338,prd-0090,8,EACH,37690,301520
ORD-2025-022011,2025-04-21,CUS-00659,prd-0090,2,EACH,37690,75380
ORD-2025-022019,2025-04-21,CUS-01884,prd-0108,0.5,CARTON,738000,369000.0
ORD-2025-022023,2025-04-21,CUS-00326,prd-0113,0.05,CARTON,625200,31260.0
ORD-2025-022030,2025-04-21,CUS-02306,prd-0125,0.27,CARTON,461400,124578.00000000001
ORD-2025-022032,2025-04-21,CUS-01711,prd-0131,0.14,CARTON,1121040,156945.6
ORD-2025-022036,2025-04-21,CUS-01849,prd-0151,8,EACH,42840,342720
ORD-2025-022054,2025-04-22,CUS-02003,prd-0011,0.25,CARTON,412080,103020.0
ORD-2025-022067,2025-04-22,CUS-00469,prd-0047,0.7,CARTON,190600,133420.0
ORD-2025-022081,2025-04-22,CUS-01908,prd-0078,0.25,CARTON,404640,101160.0
ORD-2025-022082,2025-04-22,CUS-00842,prd-0082,0.25,CARTON,368760,92190.0
ORD-2025-022096,2025-04-22,CUS-02295,prd-0090,0.75,CARTON,452280,339210.0
ORD-2025-022099,2025-04-22,CUS-00263,prd-0091,1.25,CARTON,324120,405150.0
ORD-2025-022101,2025-04-22,CUS-00991,prd-0093,0.33,CARTON,276960,91396.8
ORD-2025-022133,2025-04-22,CUS-00766,prd-0153,0.38,CARTON,1162560,441772.80000000005
ORD-2025-022159,2025-04-23,CUS-01210,prd-0052,0.75,CARTON,174520,130890.0
ORD-2025-022163,2025-04-23,CUS-00228,prd-0074,0.8,CARTON,383900,307120.0
ORD-2025-022169,2025-04-23,CUS-02064,prd-0090,3.25,CARTON,452280,1469910.0
ORD-2025-022179,2025-04-23,CUS-02445,prd-0105,1.08,CARTON,492720,532137.6000000001
ORD-2025-022181,2025-04-23,CUS-02000,prd-0115,0.12,CARTON,1018080,122169.59999999999
ORD-2025-022193,2025-04-23,CUS-01711,prd-0146,0.21,CARTON,835680,175492.8
ORD-2025-022212,2025-04-24,CUS-01595,prd-0034,0.25,CARTON,184200,46050.0
ORD-2025-022219,2025-04-24,CUS-00776,prd-0062,0.44,CARTON,894500,393580.0
ORD-2025-022222,2025-04-24,CUS-01965,prd-0081,0.1,CARTON,421900,42190.0
ORD-2025-022223,2025-04-24,CUS-00834,prd-0083,0.96,CARTON,568560,545817.6
ORD-2025-022238,2025-04-24,CUS-00843,prd-0098,0.67,CARTON,183840,123172.80000000002
ORD-2025-022267,2025-04-25,CUS-02211,prd-0002,0.83,CARTON,62160,51592.799999999996
ORD-2025-022272,2025-04-25,CUS-00653,prd-0011,7,EACH,17170,120190
ORD-2025-022283,2025-04-25,CUS-01599,prd-0061,18,EACH,16320,293760
ORD-2025-022285,2025-04-25,CUS-00108,prd-0062,6,EACH,17890,107340
ORD-2025-022292,2025-04-25,CUS-01761,prd-0081,0.5,CARTON,421900,210950.0
ORD-2025-022294,2025-04-25,CUS-00447,prd-0086,9,EACH,28180,253620
ORD-2025-022302,2025-04-25,CUS-00880,prd-0100,0.33,CARTON,498720,164577.6
ORD-2025-022303,2025-04-25,CUS-02107,prd-0100,0.33,CARTON,498720,164577.6
ORD-2025-022323,2025-04-25,CUS-02043,prd-0143,32,EACH,48640,1556480
ORD-2025-022334,2025-04-25,CUS-02089,prd-0161,8,EACH,32640,261120
ORD-2025-022343,2025-04-26,CUS-01140,prd-0041,0.17,CARTON,81960,13933.2
ORD-2025-022347,2025-04-26,CUS-01737,prd-0061,0.08,CARTON,816000,65280.00000000001
ORD-2025-022353,2025-04-26,CUS-01408,prd-0076,1.17,CARTON,336600,393822.0
ORD-2025-022378,2025-04-26,CUS-00461,prd-0113,2,EACH,10420,20840
ORD-2025-022384,2025-04-26,CUS-02017,prd-0138,0.31,CARTON,1296960,402057.60000000003
ORD-2025-022401,2025-04-27,CUS-02132,prd-0064,1.0,CARTON,145400,145400.0
ORD-2025-022407,2025-04-27,CUS-00574,prd-0090,0.67,CARTON,452280,303027.60000000003
ORD-2025-022412,2025-04-27,CUS-01302,prd-0116,7,EACH,17680,123760
ORD-2025-022414,2025-04-27,CUS-00189,prd-0125,4,EACH,15380,61520
ORD-2025-022415,2025-04-27,CUS-00185,prd-0128,1.0,CARTON,123540,123540.0
ORD-2025-022417,2025-04-27,CUS-00070,prd-0151,4,EACH,42840,171360
ORD-2025-022418,2025-04-27,CUS-01745,prd-0151,0.5,CARTON,171360,85680.0
ORD-2025-022419,2025-04-27,CUS-00539,prd-0160,0.19,CARTON,1581120,300412.80000000005
ORD-2025-022424,2025-04-28,CUS-00507,prd-0012,6,EACH,18410,110460
ORD-2025-022432,2025-04-28,CUS-02271,prd-0037,0.17,CARTON,615600,104652.0
ORD-2025-022440,2025-04-28,CUS-00307,prd-0046,43,EACH,17360,746480
ORD-2025-022448,2025-04-28,CUS-00993,prd-0060,3,EACH,57540,172620
ORD-2025-022468,2025-04-28,CUS-00639,prd-0085,0.12,CARTON,781920,93830.4
ORD-2025-022478,2025-04-28,CUS-01705,prd-0090,0.67,CARTON,452280,303027.60000000003
ORD-2025-022486,2025-04-28,CUS-00343,prd-0098,0.83,CARTON,183840,152587.19999999998
ORD-2025-022494,2025-04-28,CUS-02237,prd-0120,0.21,CARTON,353760,74289.6
ORD-2025-022503,2025-04-28,CUS-00963,prd-0131,0.36,CARTON,1121040,403574.39999999997
ORD-2025-022511,2025-04-28,CUS-02425,prd-0151,2.75,CARTON,171360,471240.0
ORD-2025-022524,2025-04-29,CUS-00704,prd-0004,0.5,CARTON,53880,26940.0
ORD-2025-022542,2025-04-29,CUS-01711,prd-0064,20,EACH,36350,727000
ORD-2025-022543,2025-04-29,CUS-01287,prd-0064,1.0,CARTON,145400,145400.0
ORD-2025-022557,2025-04-29,CUS-02299,prd-0086,0.67,CARTON,338160,226567.2
ORD-2025-022562,2025-04-29,CUS-02360,prd-0090,8,EACH,37690,301520
ORD-2025-022568,2025-04-29,CUS-01684,prd-0095,1.08,CARTON,243480,262958.4
ORD-2025-022571,2025-04-29,CUS-02224,prd-0100,8,EACH,20780,166240
ORD-2025-022585,2025-04-29,CUS-01882,prd-0151,4.5,CARTON,171360,771120.0
ORD-2025-022595,2025-04-29,CUS-02008,prd-0160,7,EACH,32940,230580
ORD-2025-022611,2025-04-30,CUS-01317,prd-0035,0.33,CARTON,163920,54093.600000000006
ORD-2025-022615,2025-04-30,CUS-00220,prd-0047,0.7,CARTON,190600,133420.0
ORD-2025-022624,2025-04-30,CUS-01492,prd-0078,0.42,CARTON,404640,169948.8
ORD-2025-022626,2025-04-30,CUS-01702,prd-0081,0.6,CARTON,421900,253140.0
ORD-2025-022628,2025-04-30,CUS-01400,prd-0085,5,EACH,32580,162900
ORD-2025-022629,2025-04-30,CUS-01077,prd-0086,0.25,CARTON,338160,84540.0
ORD-2025-022630,2025-04-30,CUS-01445,prd-0086,8,EACH,28180,225440
ORD-2025-022634,2025-04-30,CUS-01123,prd-0090,13,EACH,37690,489970
ORD-2025-022643,2025-04-30,CUS-02041,prd-0100,16,EACH,20780,332480
ORD-2025-022644,2025-04-30,CUS-01145,prd-0100,0.54,CARTON,498720,269308.80000000005
ORD-2025-022652,2025-04-30,CUS-02489,prd-0118,0.42,CARTON,277320,116474.4
ORD-2025-022662,2025-04-30,CUS-02163,prd-0151,1.0,CARTON,171360,171360.0
ORD-2025-022672,2025-04-30,CUS-01577,prd-0160,0.12,CARTON,1581120,189734.4
ORD-2025-022676,2025-04-30,CUS-00344,prd-0166,0.15,CARTON,1231200,184680.0
ORD-2025-022683,2025-05-01,CUS-01048,prd-0040,0.33,CARTON,338400,111672.0
ORD-2025-022713,2025-05-01,CUS-01048,prd-0090,0.17,CARTON,452280,76887.6
ORD-2025-022721,2025-05-01,CUS-00202,prd-0100,0.33,CARTON,498720,164577.6
ORD-2025-022722,2025-05-01,CUS-01411,prd-0101,0.75,CARTON,271080,203310.0
ORD-2025-022726,2025-05-01,CUS-01271,prd-0113,7,EACH,10420,72940
ORD-2025-022730,2025-05-01,CUS-02429,prd-0121,0.33,CARTON,158580,52331.399999999994
ORD-2025-022733,2025-05-01,CUS-00516,prd-0125,0.1,CARTON,461400,46140.0
ORD-2025-022744,2025-05-01,CUS-01267,prd-0153,0.17,CARTON,1162560,197635.2
ORD-2025-022757,2025-05-02,CUS-00662,prd-0004,0.83,CARTON,53880,44720.399999999994
ORD-2025-022769,2025-05-02,CUS-00920,prd-0018,0.58,CARTON,750840,435487.19999999995
ORD-2025-022794,2025-05-02,CUS-02050,prd-0086,19,EACH,28180,535420
ORD-2025-022802,2025-05-02,CUS-01117,prd-0090,0.42,CARTON,452280,189957.59999999998
ORD-2025-022803,2025-05-02,CUS-00173,prd-0090,15,EACH,37690,565350
ORD-2025-022804,2025-05-02,CUS-00157,prd-0090,0.17,CARTON,452280,76887.6
ORD-2025-022819,2025-05-02,CUS-01391,prd-0118,1.25,CARTON,277320,346650.0
ORD-2025-022824,2025-05-02,CUS-02160,prd-0125,0.27,CARTON,461400,124578.00000000001
ORD-2025-022833,2025-05-02,CUS-01991,prd-0141,2,EACH,38600,77200
ORD-2025-022835,2025-05-02,CUS-01666,prd-0145,0.17,CARTON,763200,129744.0
ORD-2025-022843,2025-05-02,CUS-01846,prd-0161,0.23,CARTON,1566720,360345.60000000003
ORD-2025-022844,2025-05-02,CUS-01523,prd-0161,0.15,CARTON,1566720,235008.0
ORD-2025-022850,2025-05-03,CUS-00698,prd-0007,0.58,CARTON,204840,118807.19999999998
ORD-2025-022857,2025-05-03,CUS-01029,prd-0034,0.42,CARTON,184200,77364.0
ORD-2025-022861,2025-05-03,CUS-00562,prd-0040,17,EACH,14100,239700
ORD-2025-022863,2025-05-03,CUS-01204,prd-0049,0.3,CARTON,181900,54570.0
ORD-2025-022868,2025-05-03,CUS-00697,prd-0058,1.1,CARTON,179800,197780.0
ORD-2025-022884,2025-05-03,CUS-01077,prd-0090,0.33,CARTON,452280,149252.40000000002
ORD-2025-022885,2025-05-03,CUS-02431,prd-0090,1.33,CARTON,452280,601532.4
ORD-2025-022889,2025-05-03,CUS-00989,prd-0100,0.54,CARTON,498720,269308.80000000005
ORD-2025-022913,2025-05-03,CUS-00594,prd-0150,8.25,CARTON,191400,1579050.0
ORD-2025-022915,2025-05-03,CUS-01787,prd-0151,26,EACH,42840,1113840
ORD-2025-022923,2025-05-03,CUS-00939,prd-0162,6,EACH,28900,173400
ORD-2025-022931,2025-05-04,CUS-02129,prd-0088,0.1,CARTON,611600,61160.0
ORD-2025-022935,2025-05-04,CUS-01563,prd-0100,0.21,CARTON,498720,104731.20000000001
ORD-2025-022939,2025-05-04,CUS-00536,prd-0125,0.2,CARTON,461400,92280.0
ORD-2025-022945,2025-05-04,CUS-01569,prd-0161,0.19,CARTON,1566720,297676.80000000005
ORD-2025-022959,2025-05-05,CUS-01006,prd-0041,0.92,CARTON,81960,75403.20000000001
ORD-2025-022968,2025-05-05,CUS-01438,prd-0056,4,EACH,25020,100080
ORD-2025-022974,2025-05-05,CUS-00561,prd-0068,20,EACH,16320,326400
ORD-2025-023005,2025-05-05,CUS-00709,prd-0098,1.0,CARTON,183840,183840.0
ORD-2025-023010,2025-05-05,CUS-01837,prd-0109,0.17,CARTON,368400,62628.0
ORD-2025-023013,2025-05-05,CUS-00362,prd-0115,0.25,CARTON,1018080,254520.0
ORD-2025-023018,2025-05-05,CUS-01885,prd-0121,4.0,CARTON,158580,634320.0
ORD-2025-023031,2025-05-05,CUS-01065,prd-0151,3.5,CARTON,171360,599760.0
ORD-2025-023032,2025-05-05,CUS-01146,prd-0151,14,EACH,42840,599760
ORD-2025-023041,2025-05-05,CUS-01877,prd-0160,0.29,CARTON,1581120,458524.79999999993
ORD-2025-023052,2025-05-06,CUS-02263,prd-0023,0.5,CARTON,203280,101640.0
ORD-2025-023055,2025-05-06,CUS-02188,prd-0031,0.46,CARTON,879840,404726.4
ORD-2025-023056,2025-05-06,CUS-01621,prd-0034,1,EACH,15350,15350
ORD-2025-023064,2025-05-06,CUS-01170,prd-0057,0.5,CARTON,180400,90200.0
ORD-2025-023077,2025-05-06,CUS-01548,prd-0078,1.5,CARTON,404640,606960.0
ORD-2025-023078,2025-05-06,CUS-02079,prd-0079,0.4,CARTON,468700,187480.0
ORD-2025-023079,2025-05-06,CUS-01722,prd-0080,0.08,CARTON,286800,22944.0
ORD-2025-023080,2025-05-06,CUS-01707,prd-0081,2.4,CARTON,421900,1012560.0
ORD-2025-023086,2025-05-06,CUS-02500,prd-0086,6,EACH,28180,169080
ORD-2025-023089,2025-05-06,CUS-00712,prd-0090,0.25,CARTON,452280,113070.0
ORD-2025-023102,2025-05-06,CUS-01642,prd-0108,4,EACH,30750,123000
ORD-2025-023103,2025-05-06,CUS-01136,prd-0108,7,EACH,30750,215250
ORD-2025-023111,2025-05-06,CUS-01274,prd-0121,1.83,CARTON,158580,290201.4
ORD-2025-023124,2025-05-06,CUS-01418,prd-0151,4.25,CARTON,171360,728280.0
ORD-2025-023131,2025-05-06,CUS-00206,prd-0160,0.48,CARTON,1581120,758937.6
ORD-2025-023137,2025-05-07,CUS-01685,prd-0009,14,EACH,18390,257460
ORD-2025-023146,2025-05-07,CUS-00189,prd-0039,0.58,CARTON,354480,205598.39999999997
ORD-2025-023154,2025-05-07,CUS-00384,prd-0076,2.25,CARTON,336600,757350.0
ORD-2025-023183,2025-05-07,CUS-00645,prd-0145,3,EACH,31800,95400
ORD-2025-023195,2025-05-07,CUS-01407,prd-0161,0.12,CARTON,1566720,188006.4
ORD-2025-023196,2025-05-07,CUS-00378,prd-0161,0.29,CARTON,1566720,454348.79999999993
ORD-2025-023210,2025-05-08,CUS-02295,prd-0039,4,EACH,14770,59080
ORD-2025-023212,2025-05-08,CUS-01050,prd-0049,5,EACH,18190,90950
ORD-2025-023213,2025-05-08,CUS-01653,prd-0051,3.75,CARTON,172280,646050.0
ORD-2025-023214,2025-05-08,CUS-01953,prd-0060,0.08,CARTON,2877000,230160.0
ORD-2025-023227,2025-05-08,CUS-01029,prd-0083,0.12,CARTON,568560,68227.2
ORD-2025-023230,2025-05-08,CUS-01548,prd-0086,0.42,CARTON,338160,142027.2
ORD-2025-023240,2025-05-08,CUS-00108,prd-0090,0.42,CARTON,452280,189957.59999999998
ORD-2025-023251,2025-05-08,CUS-02254,prd-0102,0.92,CARTON,204600,188232.0
ORD-2025-023255,2025-05-08,CUS-01829,prd-0109,0.67,CARTON,368400,246828.0
ORD-2025-023266,2025-05-08,CUS-00270,prd-0127,20,EACH,16760,335200
ORD-2025-023267,2025-05-08,CUS-02301,prd-0131,0.5,CARTON,1121040,560520.0
ORD-2025-023278,2025-05-08,CUS-01175,prd-0151,10.75,CARTON,171360,1842120.0
ORD-2025-023281,2025-05-08,CUS-00551,prd-0153,0.15,CARTON,1162560,174384.0
ORD-2025-023302,2025-05-09,CUS-02305,prd-0016,2.08,CARTON,512160,1065292.8
ORD-2025-023320,2025-05-09,CUS-00941,prd-0065,0.42,CARTON,408000,171360.0
ORD-2025-023322,2025-05-09,CUS-01054,prd-0068,1.0,CARTON,195840,195840.0
ORD-2025-023326,2025-05-09,CUS-00989,prd-0080,18,EACH,23900,430200
ORD-2025-023349,2025-05-09,CUS-00497,prd-0091,0.5,CARTON,324120,162060.0
ORD-2025-023354,2025-05-09,CUS-00861,prd-0098,0.17,CARTON,183840,31252.800000000003
ORD-2025-023357,2025-05-09,CUS-01772,prd-0100,10,EACH,20780,207800
ORD-2025-023363,2025-05-09,CUS-00431,prd-0104,0.42,CARTON,411120,172670.4
ORD-2025-023369,2025-05-09,CUS-00749,prd-0117,0.08,CARTON,840960,67276.8
ORD-2025-023385,2025-05-09,CUS-02445,prd-0150,4.5,CARTON,191400,861300.0
ORD-2025-023390,2025-05-09,CUS-00062,prd-0157,0.25,CARTON,297720,74430.0
ORD-2025-023397,2025-05-09,CUS-01406,prd-0161,0.27,CARTON,1566720,423014.4
ORD-2025-023404,2025-05-09,CUS-00749,prd-0170,3,EACH,17370,52110
ORD-2025-023406,2025-05-10,CUS-00261,prd-0005,0.92,CARTON,37320,34334.4
ORD-2025-023425,2025-05-10,CUS-02362,prd-0079,0.2,CARTON,468700,93740.0
ORD-2025-023429,2025-05-10,CUS-00380,prd-0090,1.33,CARTON,452280,601532.4
ORD-2025-023433,2025-05-10,CUS-01994,prd-0103,0.5,CARTON,461760,230880.0
ORD-2025-023436,2025-05-10,CUS-02033,prd-0108,6,EACH,30750,184500
ORD-2025-023437,2025-05-10,CUS-00362,prd-0111,0.17,CARTON,587520,99878.40000000001
ORD-2025-023440,2025-05-10,CUS-01030,prd-0121,0.17,CARTON,158580,26958.600000000002
ORD-2025-023442,2025-05-10,CUS-00470,prd-0125,0.43,CARTON,461400,198402.0
ORD-2025-023443,2025-05-10,CUS-01970,prd-0125,12,EACH,15380,184560
ORD-2025-023477,2025-05-11,CUS-00772,prd-0091,0.67,CARTON,324120,217160.40000000002
ORD-2025-023480,2025-05-11,CUS-02437,prd-0099,5,EACH,14380,71900
ORD-2025-023490,2025-05-11,CUS-01079,prd-0151,8.25,CARTON,171360,1413720.0
ORD-2025-023503,2025-05-12,CUS-01352,prd-0031,15,EACH,36660,549900
ORD-2025-023510,2025-05-12,CUS-00534,prd-0058,25,EACH,17980,449500
ORD-2025-023517,2025-05-12,CUS-00236,prd-0068,13,EACH,16320,212160
ORD-2025-023518,2025-05-12,CUS-00430,prd-0074,0.3,CARTON,383900,115170.0
ORD-2025-023519,2025-05-12,CUS-01699,prd-0077,2.0,CARTON,186720,373440.0
ORD-2025-023534,2025-05-12,CUS-01569,prd-0090,2.67,CARTON,452280,1207587.6
ORD-2025-023555,2025-05-12,CUS-00325,prd-0118,0.25,CARTON,277320,69330.0
ORD-2025-023556,2025-05-12,CUS-00983,prd-0121,17,EACH,26430,449310
ORD-2025-023559,2025-05-12,CUS-02470,prd-0125,0.07,CARTON,461400,32298.000000000004
ORD-2025-023566,2025-05-12,CUS-00378,prd-0149,2,EACH,45880,91760
ORD-2025-023569,2025-05-12,CUS-00364,prd-0151,6,EACH,42840,257040
ORD-2025-023576,2025-05-12,CUS-01158,prd-0165,6,EACH,23380,140280
ORD-2025-023585,2025-05-13,CUS-00053,prd-0020,0.06,CARTON,1402080,84124.79999999999
ORD-2025-023593,2025-05-13,CUS-02430,prd-0047,1.0,CARTON,190600,190600.0
ORD-2025-023597,2025-05-13,CUS-00121,prd-0060,0.48,CARTON,2877000,1380960.0
ORD-2025-023601,2025-05-13,CUS-02351,prd-0068,0.25,CARTON,195840,48960.0
ORD-2025-023606,2025-05-13,CUS-00145,prd-0077,0.5,CARTON,186720,93360.0
ORD-2025-023616,2025-05-13,CUS-00681,prd-0090,2.83,CARTON,452280,1279952.4
ORD-2025-023617,2025-05-13,CUS-01332,prd-0090,0.5,CARTON,452280,226140.0
ORD-2025-023618,2025-05-13,CUS-01642,prd-0090,0.25,CARTON,452280,113070.0
ORD-2025-023619,2025-05-13,CUS-00526,prd-0090,0.67,CARTON,452280,303027.60000000003
ORD-2025-023620,2025-05-13,CUS-01344,prd-0090,0.17,CARTON,452280,76887.6
ORD-2025-023634,2025-05-13,CUS-02153,prd-0100,0.17,CARTON,498720,84782.40000000001
ORD-2025-023636,2025-05-13,CUS-01940,prd-0111,0.17,CARTON,587520,99878.40000000001
ORD-2025-023637,2025-05-13,CUS-02308,prd-0115,4,EACH,21210,84840
ORD-2025-023657,2025-05-13,CUS-00279,prd-0160,0.06,CARTON,1581120,94867.2
ORD-2025-023661,2025-05-13,CUS-02155,prd-0161,6,EACH,32640,195840
ORD-2025-023663,2025-05-13,CUS-00522,prd-0163,0.38,CARTON,666960,253444.80000000002
ORD-2025-023668,2025-05-14,CUS-00649,prd-0016,1.17,CARTON,512160,599227.2
ORD-2025-023669,2025-05-14,CUS-01653,prd-0017,14,EACH,39680,555520
ORD-2025-023673,2025-05-14,CUS-01463,prd-0039,0.04,CARTON,354480,14179.2
ORD-2025-023677,2025-05-14,CUS-00960,prd-0057,5,EACH,18040,90200
ORD-2025-023683,2025-05-14,CUS-00041,prd-0067,0.38,CARTON,297120,112905.59999999999
ORD-2025-023709,2025-05-14,CUS-00931,prd-0108,0.08,CARTON,738000,59040.0
ORD-2025-023715,2025-05-14,CUS-00685,prd-0125,4,EACH,15380,61520
ORD-2025-023716,2025-05-14,CUS-02337,prd-0129,1,EACH,17810,17810
ORD-2025-023718,2025-05-14,CUS-01676,prd-0138,0.12,CARTON,1296960,155635.2
ORD-2025-023719,2025-05-14,CUS-01564,prd-0142,0.33,CARTON,624360,206038.80000000002
ORD-2025-023729,2025-05-14,CUS-01771,prd-0153,0.27,CARTON,1162560,313891.2
ORD-2025-023744,2025-05-15,CUS-01215,prd-0016,0.58,CARTON,512160,297052.8
ORD-2025-023756,2025-05-15,CUS-01213,prd-0039,3,EACH,14770,44310
ORD-2025-023758,2025-05-15,CUS-01676,prd-0050,0.04,CARTON,130080,5203.200000000001
ORD-2025-023759,2025-05-15,CUS-02101,prd-0051,7,EACH,43070,301490
ORD-2025-023760,2025-05-15,CUS-02371,prd-0057,0.3,CARTON,180400,54120.0
ORD-2025-023787,2025-05-15,CUS-02454,prd-0118,0.5,CARTON,277320,138660.0
ORD-2025-023796,2025-05-15,CUS-01433,prd-0144,6,EACH,31990,191940
ORD-2025-023812,2025-05-15,CUS-00366,prd-0162,0.12,CARTON,693600,83232.0
ORD-2025-023816,2025-05-15,CUS-02397,prd-0167,0.11,CARTON,504720,55519.200000000004
ORD-2025-023819,2025-05-16,CUS-00869,prd-0004,0.33,CARTON,53880,17780.4
ORD-2025-023831,2025-05-16,CUS-00752,prd-0029,16,EACH,11070,177120
ORD-2025-023837,2025-05-16,CUS-00016,prd-0041,0.42,CARTON,81960,34423.2
ORD-2025-023845,2025-05-16,CUS-01310,prd-0067,0.25,CARTON,297120,74280.0
ORD-2025-023848,2025-05-16,CUS-02499,prd-0072,2.1,CARTON,426000,894600.0
ORD-2025-023849,2025-05-16,CUS-00580,prd-0072,2,EACH,42600,85200
ORD-2025-023851,2025-05-16,CUS-01601,prd-0075,1.5,CARTON,204120,306180.0
ORD-2025-023856,2025-05-16,CUS-00472,prd-0086,1.25,CARTON,338160,422700.0
ORD-2025-023857,2025-05-16,CUS-00289,prd-0086,9,EACH,28180,253620
ORD-2025-023863,2025-05-16,CUS-00556,prd-0090,0.67,CARTON,452280,303027.60000000003
ORD-2025-023864,2025-05-16,CUS-02101,prd-0090,24,EACH,37690,904560
ORD-2025-023868,2025-05-16,CUS-01643,prd-0100,25,EACH,20780,519500
ORD-2025-023884,2025-05-16,CUS-00059,prd-0121,0.17,CARTON,158580,26958.600000000002
ORD-2025-023898,2025-05-16,CUS-00360,prd-0151,0.75,CARTON,171360,128520.0
ORD-2025-023904,2025-05-16,CUS-00975,prd-0161,20,EACH,32640,652800
ORD-2025-023913,2025-05-17,CUS-00916,prd-0004,3,EACH,4490,13470
ORD-2025-023918,2025-05-17,CUS-00059,prd-0023,3,EACH,16940,50820
ORD-2025-023925,2025-05-17,CUS-00774,prd-0037,0.29,CARTON,615600,178523.99999999997
ORD-2025-023928,2025-05-17,CUS-00182,prd-0040,0.58,CARTON,338400,196271.99999999997
ORD-2025-023937,2025-05-17,CUS-00320,prd-0068,0.25,CARTON,195840,48960.0
ORD-2025-023950,2025-05-17,CUS-01275,prd-0100,0.12,CARTON,498720,59846.399999999994
ORD-2025-023953,2025-05-17,CUS-01759,prd-0108,9,EACH,30750,276750
ORD-2025-023954,2025-05-17,CUS-01310,prd-0108,0.12,CARTON,738000,88560.0
ORD-2025-023957,2025-05-17,CUS-01029,prd-0137,0.19,CARTON,1327200,252168.0
ORD-2025-023961,2025-05-17,CUS-00774,prd-0151,9,EACH,42840,385560
ORD-2025-023973,2025-05-18,CUS-02169,prd-0040,0.25,CARTON,338400,84600.0
ORD-2025-023989,2025-05-18,CUS-01414,prd-0153,0.15,CARTON,1162560,174384.0
ORD-2025-023991,2025-05-18,CUS-01889,prd-0156,7,EACH,58570,409990
ORD-2025-023996,2025-05-18,CUS-01922,prd-0161,24,EACH,32640,783360
ORD-2025-023997,2025-05-18,CUS-00091,prd-0165,0.25,CARTON,1122240,280560.0
ORD-2025-024006,2025-05-19,CUS-02443,prd-0018,0.25,CARTON,750840,187710.0
ORD-2025-024007,2025-05-19,CUS-02208,prd-0018,6,EACH,62570,375420
ORD-2025-024018,2025-05-19,CUS-01675,prd-0039,8,EACH,14770,118160
ORD-2025-024022,2025-05-19,CUS-01602,prd-0051,2.25,CARTON,172280,387630.0
ORD-2025-024023,2025-05-19,CUS-01963,prd-0057,7,EACH,18040,126280
ORD-2025-024037,2025-05-19,CUS-01564,prd-0078,0.5,CARTON,404640,202320.0
ORD-2025-024054,2025-05-19,CUS-01405,prd-0102,0.25,CARTON,204600,51150.0
ORD-2025-024055,2025-05-19,CUS-01939,prd-0115,0.33,CARTON,1018080,335966.4
ORD-2025-024057,2025-05-19,CUS-00321,prd-0118,0.58,CARTON,277320,160845.59999999998
ORD-2025-024077,2025-05-19,CUS-01632,prd-0151,4.0,CARTON,171360,685440.0
ORD-2025-024094,2025-05-20,CUS-01002,prd-0012,6,EACH,18410,110460
ORD-2025-024108,2025-05-20,CUS-02397,prd-0062,0.1,CARTON,894500,89450.0
ORD-2025-024112,2025-05-20,CUS-00810,prd-0082,1.17,CARTON,368760,431449.19999999995
ORD-2025-024120,2025-05-20,CUS-00949,prd-0090,4,EACH,37690,150760
ORD-2025-024121,2025-05-20,CUS-00363,prd-0090,9,EACH,37690,339210
ORD-2025-024128,2025-05-20,CUS-00654,prd-0108,0.83,CARTON,738000,612540.0
ORD-2025-024132,2025-05-20,CUS-01993,prd-0120,3,EACH,14740,44220
ORD-2025-024142,2025-05-20,CUS-01907,prd-0125,0.1,CARTON,461400,46140.0
ORD-2025-024156,2025-05-20,CUS-00655,prd-0156,0.75,CARTON,702840,527130.0
ORD-2025-024157,2025-05-20,CUS-00536,prd-0156,0.75,CARTON,702840,527130.0
ORD-2025-024161,2025-05-20,CUS-01751,prd-0160,0.15,CARTON,1581120,237168.0
ORD-2025-024163,2025-05-20,CUS-02256,prd-0161,0.1,CARTON,1566720,156672.0
ORD-2025-024164,2025-05-20,CUS-02105,prd-0164,0.67,CARTON,478080,320313.60000000003
ORD-2025-024168,2025-05-20,CUS-01568,prd-0167,0.14,CARTON,504720,70660.8
ORD-2025-024201,2025-05-21,CUS-00159,prd-0090,0.42,CARTON,452280,189957.59999999998
ORD-2025-024203,2025-05-21,CUS-01312,prd-0091,0.75,CARTON,324120,243090.0
ORD-2025-024206,2025-05-21,CUS-00314,prd-0100,30,EACH,20780,623400
ORD-2025-024207,2025-05-21,CUS-00598,prd-0100,0.54,CARTON,498720,269308.80000000005
ORD-2025-024213,2025-05-21,CUS-02452,prd-0112,1.0,CARTON,186000,186000.0
ORD-2025-024224,2025-05-21,CUS-01043,prd-0151,1.25,CARTON,171360,214200.0
ORD-2025-024225,2025-05-21,CUS-00566,prd-0151,8.5,CARTON,171360,1456560.0
ORD-2025-024226,2025-05-21,CUS-01640,prd-0151,5,EACH,42840,214200
ORD-2025-024237,2025-05-21,CUS-01882,prd-0167,7,EACH,14020,98140
ORD-2025-024239,2025-05-22,CUS-01299,prd-0003,0.25,CARTON,58080,14520.0
ORD-2025-024259,2025-05-22,CUS-01334,prd-0064,1.0,CARTON,145400,145400.0
ORD-2025-024267,2025-05-22,CUS-00967,prd-0080,1.33,CARTON,286800,381444.0
ORD-2025-024269,2025-05-22,CUS-02051,prd-0086,0.58,CARTON,338160,196132.8
ORD-2025-024284,2025-05-22,CUS-01414,prd-0103,14,EACH,38480,538720
ORD-2025-024298,2025-05-22,CUS-00659,prd-0149,19,EACH,45880,871720
ORD-2025-024299,2025-05-22,CUS-00874,prd-0150,8,EACH,47850,382800
ORD-2025-024318,2025-05-22,CUS-00662,prd-0168,12,EACH,19490,233880
ORD-2025-024348,2025-05-23,CUS-00686,prd-0061,3,EACH,16320,48960
ORD-2025-024354,2025-05-23,CUS-01028,prd-0068,0.25,CARTON,195840,48960.0
ORD-2025-024357,2025-05-23,CUS-01080,prd-0077,2,EACH,31120,62240
ORD-2025-024361,2025-05-23,CUS-00037,prd-0079,0.6,CARTON,468700,281220.0
ORD-2025-024364,2025-05-23,CUS-01220,prd-0082,0.25,CARTON,368760,92190.0
ORD-2025-024372,2025-05-23,CUS-00650,prd-0090,0.67,CARTON,452280,303027.60000000003
ORD-2025-024373,2025-05-23,CUS-00526,prd-0090,1.33,CARTON,452280,601532.4
ORD-2025-024382,2025-05-23,CUS-00601,prd-0102,3.25,CARTON,204600,664950.0
ORD-2025-024383,2025-05-23,CUS-00040,prd-0107,20,EACH,39590,791800
ORD-2025-024386,2025-05-23,CUS-00590,prd-0109,1.42,CARTON,368400,523128.0
ORD-2025-024394,2025-05-23,CUS-00671,prd-0122,0.38,CARTON,459360,174556.8
ORD-2025-024397,2025-05-23,CUS-00125,prd-0125,0.07,CARTON,461400,32298.000000000004
ORD-2025-024405,2025-05-23,CUS-02485,prd-0135,0.29,CARTON,1579200,457968.0
ORD-2025-024415,2025-05-23,CUS-02221,prd-0151,1.0,CARTON,171360,171360.0
ORD-2025-024448,2025-05-24,CUS-02452,prd-0065,0.67,CARTON,408000,273360.0
ORD-2025-024452,2025-05-24,CUS-00970,prd-0080,0.92,CARTON,286800,263856.0
ORD-2025-024456,2025-05-24,CUS-00062,prd-0090,0.67,CARTON,452280,303027.60000000003
ORD-2025-024457,2025-05-24,CUS-00185,prd-0090,10,EACH,37690,376900
ORD-2025-024468,2025-05-24,CUS-00202,prd-0108,0.21,CARTON,738000,154980.0
ORD-2025-024474,2025-05-24,CUS-01591,prd-0125,0.2,CARTON,461400,92280.0
ORD-2025-024482,2025-05-24,CUS-02336,prd-0142,0.75,CARTON,624360,468270.0
ORD-2025-024487,2025-05-24,CUS-00871,prd-0151,2.0,CARTON,171360,342720.0
ORD-2025-024488,2025-05-24,CUS-00862,prd-0153,0.1,CARTON,1162560,116256.0
ORD-2025-024497,2025-05-25,CUS-02147,prd-0065,20,EACH,34000,680000
ORD-2025-024503,2025-05-25,CUS-00559,prd-0120,0.21,CARTON,353760,74289.6
ORD-2025-024506,2025-05-25,CUS-00937,prd-0160,0.81,CARTON,1581120,1280707.2000000002
ORD-2025-024529,2025-05-26,CUS-02492,prd-0053,1.75,CARTON,155800,272650.0
ORD-2025-024530,2025-05-26,CUS-01404,prd-0055,0.12,CARTON,679600,81552.0
ORD-2025-024532,2025-05-26,CUS-01907,prd-0057,0.6,CARTON,180400,108240.0
ORD-2025-024533,2025-05-26,CUS-02467,prd-0062,3,EACH,17890,53670
ORD-2025-024542,2025-05-26,CUS-00128,prd-0083,22,EACH,23690,521180
ORD-2025-024554,2025-05-26,CUS-00598,prd-0090,0.92,CARTON,452280,416097.60000000003
ORD-2025-024555,2025-05-26,CUS-01955,prd-0090,1.92,CARTON,452280,868377.6000000001
ORD-2025-024572,2025-05-26,CUS-01332,prd-0106,1,EACH,41890,41890
ORD-2025-024579,2025-05-26,CUS-02269,prd-0118,5,EACH,23110,115550
ORD-2025-024583,2025-05-26,CUS-02368,prd-0121,0.17,CARTON,158580,26958.600000000002
ORD-2025-024590,2025-05-26,CUS-01144,prd-0127,0.17,CARTON,201120,34190.4
ORD-2025-024594,2025-05-26,CUS-00907,prd-0139,0.08,CARTON,1601280,128102.40000000001
ORD-2025-024596,2025-05-26,CUS-02289,prd-0145,7,EACH,31800,222600
ORD-2025-024602,2025-05-26,CUS-02283,prd-0151,5.5,CARTON,171360,942480.0
ORD-2025-024603,2025-05-26,CUS-00954,prd-0151,1.0,CARTON,171360,171360.0
ORD-2025-024611,2025-05-26,CUS-01662,prd-0161,0.62,CARTON,1566720,971366.3999999999
ORD-2025-024619,2025-05-27,CUS-01406,prd-0017,12,EACH,39680,476160
ORD-2025-024621,2025-05-27,CUS-00993,prd-0018,0.33,CARTON,750840,247777.2
ORD-2025-024635,2025-05-27,CUS-01344,prd-0086,8,EACH,28180,225440
ORD-2025-024647,2025-05-27,CUS-02232,prd-0100,1.0,CARTON,498720,498720.0
ORD-2025-024656,2025-05-27,CUS-02351,prd-0123,0.42,CARTON,345840,145252.8
ORD-2025-024660,2025-05-27,CUS-00744,prd-0128,1.33,CARTON,123540,164308.2
ORD-2025-024669,2025-05-27,CUS-01743,prd-0151,1.75,CARTON,171360,299880.0
ORD-2025-024670,2025-05-27,CUS-02116,prd-0151,0.75,CARTON,171360,128520.0
ORD-2025-024671,2025-05-27,CUS-00897,prd-0151,1.5,CARTON,171360,257040.0
ORD-2025-024675,2025-05-27,CUS-01886,prd-0155,1.25,CARTON,790560,988200.0
ORD-2025-024676,2025-05-27,CUS-00029,prd-0155,1,EACH,65880,65880
ORD-2025-024691,2025-05-28,CUS-01942,prd-0026,0.33,CARTON,49800,16434.0
ORD-2025-024693,2025-05-28,CUS-00040,prd-0046,0.15,CARTON,347200,52080.0
ORD-2025-024697,2025-05-28,CUS-02142,prd-0060,0.16,CARTON,2877000,460320.0
ORD-2025-024699,2025-05-28,CUS-01407,prd-0062,0.1,CARTON,894500,89450.0
ORD-2025-024707,2025-05-28,CUS-00756,prd-0077,1.67,CARTON,186720,311822.39999999997
ORD-2025-024732,2025-05-28,CUS-02485,prd-0109,0.5,CARTON,368400,184200.0
ORD-2025-024739,2025-05-28,CUS-00961,prd-0118,3,EACH,23110,69330
ORD-2025-024769,2025-05-28,CUS-02171,prd-0161,0.04,CARTON,1566720,62668.8
ORD-2025-024770,2025-05-28,CUS-01267,prd-0161,0.42,CARTON,1566720,658022.3999999999
ORD-2025-024777,2025-05-29,CUS-00949,prd-0008,0.25,CARTON,196320,49080.0
ORD-2025-024780,2025-05-29,CUS-01326,prd-0018,18,EACH,62570,1126260
ORD-2025-024784,2025-05-29,CUS-01073,prd-0026,1.75,CARTON,49800,87150.0
ORD-2025-024797,2025-05-29,CUS-02445,prd-0060,0.12,CARTON,2877000,345240.0
ORD-2025-024822,2025-05-29,CUS-02192,prd-0091,0.25,CARTON,324120,81030.0
ORD-2025-024831,2025-05-29,CUS-01170,prd-0120,0.08,CARTON,353760,28300.800000000003
ORD-2025-024836,2025-05-29,CUS-02336,prd-0128,2.0,CARTON,123540,247080.0
ORD-2025-024840,2025-05-29,CUS-00069,prd-0143,1.83,CARTON,583680,1068134.4
ORD-2025-024878,2025-05-30,CUS-00579,prd-0018,1,EACH,62570,62570
ORD-2025-024879,2025-05-30,CUS-01993,prd-0027,0.92,CARTON,59040,54316.8
ORD-2025-024896,2025-05-30,CUS-00555,prd-0080,0.58,CARTON,286800,166343.99999999997
ORD-2025-024911,2025-05-30,CUS-00577,prd-0096,0.92,CARTON,276720,254582.40000000002
ORD-2025-024923,2025-05-30,CUS-01028,prd-0109,0.42,CARTON,368400,154728.0
ORD-2025-024926,2025-05-30,CUS-02460,prd-0121,1.83,CARTON,158580,290201.4
ORD-2025-024927,2025-05-30,CUS-00610,prd-0121,1.17,CARTON,158580,185538.59999999998
ORD-2025-024929,2025-05-30,CUS-00064,prd-0122,0.08,CARTON,459360,36748.8
ORD-2025-024937,2025-05-30,CUS-02425,prd-0139,0.04,CARTON,1601280,64051.200000000004
ORD-2025-024942,2025-05-30,CUS-01192,prd-0147,4,EACH,32330,129320
ORD-2025-024943,2025-05-30,CUS-02042,prd-0148,0.42,CARTON,654480,274881.6
ORD-2025-024949,2025-05-30,CUS-00070,prd-0151,4,EACH,42840,171360
ORD-2025-024960,2025-05-30,CUS-01153,prd-0161,0.29,CARTON,1566720,454348.79999999993
ORD-2025-024968,2025-05-31,CUS-01418,prd-0017,20,EACH,39680,793600
ORD-2025-024985,2025-05-31,CUS-00562,prd-0084,1.29,CARTON,666240,859449.6000000001
ORD-2025-024991,2025-05-31,CUS-01452,prd-0100,0.25,CARTON,498720,124680.0
ORD-2025-024998,2025-05-31,CUS-02170,prd-0115,0.15,CARTON,1018080,152712.0
ORD-2025-025017,2025-05-31,CUS-01379,prd-0170,0.36,CARTON,625320,225115.19999999998
ORD-2025-025019,2025-06-01,CUS-01597,prd-0051,1.25,CARTON,172280,215350.0
ORD-2025-025020,2025-06-01,CUS-00185,prd-0055,2,EACH,16990,33980
ORD-2025-025022,2025-06-01,CUS-02482,prd-0063,0.22,CARTON,753500,165770.0
ORD-2025-025024,2025-06-01,CUS-01962,prd-0065,6,EACH,34000,204000
ORD-2025-025027,2025-06-01,CUS-01017,prd-0098,7,EACH,15320,107240
ORD-2025-025028,2025-06-01,CUS-00797,prd-0118,0.33,CARTON,277320,91515.6
ORD-2025-025033,2025-06-01,CUS-01076,prd-0145,0.38,CARTON,763200,290016.0
ORD-2025-025036,2025-06-01,CUS-01079,prd-0156,1.08,CARTON,702840,759067.2000000001
ORD-2025-025049,2025-06-02,CUS-00446,prd-0039,0.54,CARTON,354480,191419.2
ORD-2025-025062,2025-06-02,CUS-00475,prd-0077,3.83,CARTON,186720,715137.6000000001
ORD-2025-025066,2025-06-02,CUS-02289,prd-0082,0.92,CARTON,368760,339259.2
ORD-2025-025071,2025-06-02,CUS-00638,prd-0086,0.58,CARTON,338160,196132.8
ORD-2025-025089,2025-06-02,CUS-00056,prd-0102,0.17,CARTON,204600,34782.0
ORD-2025-025098,2025-06-02,CUS-01441,prd-0125,8,EACH,15380,123040
ORD-2025-025102,2025-06-02,CUS-00769,prd-0131,0.11,CARTON,1121040,123314.40000000001
ORD-2025-025105,2025-06-02,CUS-00247,prd-0139,1,EACH,33360,33360
ORD-2025-025114,2025-06-02,CUS-01346,prd-0151,4.5,CARTON,171360,771120.0
ORD-2025-025118,2025-06-02,CUS-00529,prd-0153,9,EACH,24220,217980
ORD-2025-025125,2025-06-02,CUS-01157,prd-0161,0.1,CARTON,1566720,156672.0
ORD-2025-025134,2025-06-03,CUS-01701,prd-0018,18,EACH,62570,1126260
ORD-2025-025144,2025-06-03,CUS-01823,prd-0046,0.2,CARTON,347200,69440.0
ORD-2025-025150,2025-06-03,CUS-00616,prd-0072,0.3,CARTON,426000,127800.0
ORD-2025-025167,2025-06-03,CUS-01120,prd-0093,7,EACH,23080,161560
ORD-2025-025171,2025-06-03,CUS-01503,prd-0100,0.21,CARTON,498720,104731.20000000001
ORD-2025-025175,2025-06-03,CUS-01967,prd-0108,0.33,CARTON,738000,243540.0
ORD-2025-025186,2025-06-03,CUS-01618,prd-0139,0.06,CARTON,1601280,96076.79999999999
ORD-2025-025192,2025-06-03,CUS-00807,prd-0151,1.75,CARTON,171360,299880.0
ORD-2025-025202,2025-06-04,CUS-02297,prd-0004,2.0,CARTON,53880,107760.0
ORD-2025-025207,2025-06-04,CUS-02266,prd-0018,1.08,CARTON,750840,810907.2000000001
ORD-2025-025208,2025-06-04,CUS-01546,prd-0021,0.13,CARTON,1163400,151242.00000000003
ORD-2025-025211,2025-06-04,CUS-02347,prd-0034,3,EACH,15350,46050
ORD-2025-025214,2025-06-04,CUS-02013,prd-0047,11,EACH,19060,209660
ORD-2025-025226,2025-06-04,CUS-02271,prd-0077,5.67,CARTON,186720,1058702.4
ORD-2025-025236,2025-06-04,CUS-02336,prd-0090,0.42,CARTON,452280,189957.59999999998
ORD-2025-025243,2025-06-04,CUS-00251,prd-0103,13,EACH,38480,500240
ORD-2025-025254,2025-06-04,CUS-01830,prd-0132,0.19,CARTON,1380960,262382.39999999997
ORD-2025-025258,2025-06-04,CUS-00412,prd-0142,14,EACH,52030,728420
ORD-2025-025259,2025-06-04,CUS-01280,prd-0145,4,EACH,31800,127200
ORD-2025-025267,2025-06-04,CUS-00304,prd-0164,24,EACH,19920,478080
ORD-2025-025273,2025-06-05,CUS-02333,prd-0011,0.25,CARTON,412080,103020.0
ORD-2025-025279,2025-06-05,CUS-00228,prd-0039,4,EACH,14770,59080
ORD-2025-025286,2025-06-05,CUS-00081,prd-0057,0.4,CARTON,180400,72160.0
ORD-2025-025293,2025-06-05,CUS-02039,prd-0079,0.3,CARTON,468700,140610.0
ORD-2025-025301,2025-06-05,CUS-00332,prd-0090,1.33,CARTON,452280,601532.4
ORD-2025-025302,2025-06-05,CUS-00009,prd-0090,8,EACH,37690,301520
ORD-2025-025304,2025-06-05,CUS-00160,prd-0094,0.75,CARTON,268320,201240.0
ORD-2025-025312,2025-06-05,CUS-02414,prd-0113,0.23,CARTON,625200,143796.0
ORD-2025-025327,2025-06-05,CUS-01556,prd-0145,0.25,CARTON,763200,190800.0
ORD-2025-025339,2025-06-05,CUS-01882,prd-0167,2,EACH,14020,28040
ORD-2025-025375,2025-06-06,CUS-01167,prd-0090,1.08,CARTON,452280,488462.4
ORD-2025-025376,2025-06-06,CUS-01561,prd-0090,0.5,CARTON,452280,226140.0
ORD-2025-025380,2025-06-06,CUS-01509,prd-0098,0.5,CARTON,183840,91920.0
ORD-2025-025399,2025-06-06,CUS-00157,prd-0156,0.25,CARTON,702840,175710.0
ORD-2025-025407,2025-06-07,CUS-00917,prd-0018,3,EACH,62570,187710
ORD-2025-025411,2025-06-07,CUS-01922,prd-0057,12,EACH,18040,216480
ORD-2025-025417,2025-06-07,CUS-01190,prd-0079,16,EACH,46870,749920
ORD-2025-025432,2025-06-07,CUS-00385,prd-0108,1.33,CARTON,738000,981540.0
ORD-2025-025436,2025-06-07,CUS-02374,prd-0118,0.25,CARTON,277320,69330.0
ORD-2025-025438,2025-06-07,CUS-00638,prd-0122,3,EACH,19140,57420
ORD-2025-025443,2025-06-07,CUS-02065,prd-0142,0.25,CARTON,624360,156090.0
ORD-2025-025456,2025-06-07,CUS-01447,prd-0166,18,EACH,25650,461700
ORD-2025-025457,2025-06-08,CUS-01158,prd-0002,0.92,CARTON,62160,57187.200000000004
ORD-2025-025458,2025-06-08,CUS-00543,prd-0005,0.92,CARTON,37320,34334.4
ORD-2025-025474,2025-06-08,CUS-02006,prd-0100,4,EACH,20780,83120
ORD-2025-025479,2025-06-08,CUS-01129,prd-0142,0.83,CARTON,624360,518218.80000000005
ORD-2025-025484,2025-06-08,CUS-00420,prd-0165,0.23,CARTON,1122240,258115.2
ORD-2025-025486,2025-06-09,CUS-00859,prd-0004,0.25,CARTON,53880,13470.0
ORD-2025-025487,2025-06-09,CUS-00197,prd-0004,0.42,CARTON,53880,22629.6
ORD-2025-025494,2025-06-09,CUS-00266,prd-0041,21,EACH,6830,143430
ORD-2025-025500,2025-06-09,CUS-01439,prd-0060,0.12,CARTON,2877000,345240.0
ORD-2025-025546,2025-06-09,CUS-00552,prd-0142,0.75,CARTON,624360,468270.0
ORD-2025-025555,2025-06-09,CUS-00506,prd-0160,0.06,CARTON,1581120,94867.2
ORD-2025-025563,2025-06-09,CUS-01468,prd-0169,9,EACH,15310,137790
ORD-2025-025565,2025-06-10,CUS-00081,prd-0004,0.5,CARTON,53880,26940.0
ORD-2025-025566,2025-06-10,CUS-01136,prd-0004,1,EACH,4490,4490
ORD-2025-025571,2025-06-10,CUS-01282,prd-0018,0.58,CARTON,750840,435487.19999999995
ORD-2025-025577,2025-06-10,CUS-01949,prd-0045,0.42,CARTON,88080,36993.6
ORD-2025-025578,2025-06-10,CUS-02120,prd-0045,14,EACH,7340,102760
ORD-2025-025581,2025-06-10,CUS-01716,prd-0051,1.25,CARTON,172280,215350.0
ORD-2025-025595,2025-06-10,CUS-02111,prd-0085,1.17,CARTON,781920,914846.3999999999
ORD-2025-025598,2025-06-10,CUS-00050,prd-0086,1.08,CARTON,338160,365212.80000000005
ORD-2025-025607,2025-06-10,CUS-00110,prd-0090,0.42,CARTON,452280,189957.59999999998
ORD-2025-025622,2025-06-10,CUS-01829,prd-0100,0.54,CARTON,498720,269308.80000000005
ORD-2025-025629,2025-06-10,CUS-01495,prd-0111,5,EACH,12240,61200
ORD-2025-025638,2025-06-10,CUS-00247,prd-0123,6,EACH,14410,86460
ORD-2025-025659,2025-06-11,CUS-00797,prd-0004,0.42,CARTON,53880,22629.6
ORD-2025-025671,2025-06-11,CUS-02090,prd-0037,0.12,CARTON,615600,73872.0
ORD-2025-025673,2025-06-11,CUS-01619,prd-0045,0.58,CARTON,88080,51086.399999999994
ORD-2025-025674,2025-06-11,CUS-00235,prd-0051,0.75,CARTON,172280,129210.0
ORD-2025-025682,2025-06-11,CUS-01941,prd-0068,6,EACH,16320,97920
ORD-2025-025701,2025-06-11,CUS-01524,prd-0114,1.33,CARTON,188760,251050.80000000002
ORD-2025-025709,2025-06-11,CUS-01251,prd-0126,6,EACH,29270,175620
ORD-2025-025714,2025-06-11,CUS-01390,prd-0146,7,EACH,34820,243740
ORD-2025-025715,2025-06-11,CUS-00980,prd-0146,0.21,CARTON,835680,175492.8
ORD-2025-025717,2025-06-11,CUS-01852,prd-0151,3.25,CARTON,171360,556920.0
ORD-2025-025724,2025-06-11,CUS-01175,prd-0161,0.33,CARTON,1566720,517017.60000000003
ORD-2025-025726,2025-06-11,CUS-01681,prd-0164,3,EACH,19920,59760
ORD-2025-025738,2025-06-12,CUS-02247,prd-0026,0.92,CARTON,49800,45816.0
ORD-2025-025740,2025-06-12,CUS-00843,prd-0028,0.33,CARTON,58920,19443.600000000002
ORD-2025-025745,2025-06-12,CUS-01103,prd-0048,1.4,CARTON,84350,118090.0
ORD-2025-025746,2025-06-12,CUS-02033,prd-0048,2.0,CARTON,84350,168700.0
ORD-2025-025752,2025-06-12,CUS-01686,prd-0067,0.75,CARTON,297120,222840.0
ORD-2025-025759,2025-06-12,CUS-02410,prd-0086,1.17,CARTON,338160,395647.19999999995
ORD-2025-025764,2025-06-12,CUS-02157,prd-0090,1.67,CARTON,452280,755307.6
ORD-2025-025765,2025-06-12,CUS-02132,prd-0090,0.42,CARTON,452280,189957.59999999998
ORD-2025-025769,2025-06-12,CUS-00889,prd-0091,0.25,CARTON,324120,81030.0
ORD-2025-025778,2025-06-12,CUS-00332,prd-0100,0.17,CARTON,498720,84782.40000000001
ORD-2025-025779,2025-06-12,CUS-02241,prd-0100,0.71,CARTON,498720,354091.19999999995
ORD-2025-025780,2025-06-12,CUS-02440,prd-0100,0.04,CARTON,498720,19948.800000000003
ORD-2025-025782,2025-06-12,CUS-00064,prd-0108,3,EACH,30750,92250
ORD-2025-025785,2025-06-12,CUS-00601,prd-0111,0.31,CARTON,587520,182131.2
ORD-2025-025799,2025-06-12,CUS-00712,prd-0151,10,EACH,42840,428400
ORD-2025-025800,2025-06-12,CUS-02395,prd-0151,2.0,CARTON,171360,342720.0
ORD-2025-025809,2025-06-12,CUS-01207,prd-0167,0.25,CARTON,504720,126180.0
ORD-2025-025821,2025-06-13,CUS-00704,prd-0052,4,EACH,43630,174520
ORD-2025-025833,2025-06-13,CUS-02374,prd-0084,0.21,CARTON,666240,139910.4
ORD-2025-025842,2025-06-13,CUS-00832,prd-0090,0.67,CARTON,452280,303027.60000000003
ORD-2025-025847,2025-06-13,CUS-01399,prd-0095,10,EACH,20290,202900
ORD-2025-025861,2025-06-13,CUS-02061,prd-0125,0.33,CARTON,461400,152262.00000000003
ORD-2025-025863,2025-06-13,CUS-01653,prd-0135,7,EACH,32900,230300
ORD-2025-025877,2025-06-13,CUS-02350,prd-0165,21,EACH,23380,490980
ORD-2025-025885,2025-06-14,CUS-01842,prd-0007,0.42,CARTON,204840,86032.79999999999
ORD-2025-025893,2025-06-14,CUS-02349,prd-0061,0.12,CARTON,816000,97920.0
ORD-2025-025903,2025-06-14,CUS-01327,prd-0090,0.42,CARTON,452280,189957.59999999998
ORD-2025-025921,2025-06-14,CUS-02099,prd-0126,8,EACH,29270,234160
ORD-2025-025926,2025-06-14,CUS-00150,prd-0145,0.5,CARTON,763200,381600.0
ORD-2025-025930,2025-06-14,CUS-01575,prd-0165,0.27,CARTON,1122240,303004.80000000005
ORD-2025-025943,2025-06-15,CUS-00756,prd-0090,1.92,CARTON,452280,868377.6000000001
ORD-2025-025944,2025-06-15,CUS-00125,prd-0090,2.67,CARTON,452280,1207587.6
ORD-2025-025945,2025-06-15,CUS-00535,prd-0090,7,EACH,37690,263830
ORD-2025-025956,2025-06-15,CUS-00655,prd-0160,0.33,CARTON,1581120,521769.60000000003
ORD-2025-025958,2025-06-15,CUS-02308,prd-0168,0.58,CARTON,233880,135650.4
ORD-2025-025964,2025-06-16,CUS-02285,prd-0028,0.5,CARTON,58920,29460.0
ORD-2025-025970,2025-06-16,CUS-02277,prd-0041,5,EACH,6830,34150
ORD-2025-025975,2025-06-16,CUS-02013,prd-0051,2.0,CARTON,172280,344560.0
ORD-2025-025983,2025-06-16,CUS-01452,prd-0068,10,EACH,16320,163200
ORD-2025-025992,2025-06-16,CUS-00920,prd-0077,7,EACH,31120,217840
ORD-2025-025993,2025-06-16,CUS-01076,prd-0077,0.5,CARTON,186720,93360.0
ORD-2025-026005,2025-06-16,CUS-01734,prd-0090,1.17,CARTON,452280,529167.6
ORD-2025-026012,2025-06-16,CUS-00677,prd-0100,1.54,CARTON,498720,768028.8
ORD-2025-026018,2025-06-16,CUS-01105,prd-0121,1.5,CARTON,158580,237870.0
ORD-2025-026029,2025-06-16,CUS-01051,prd-0151,1.5,CARTON,171360,257040.0
ORD-2025-026042,2025-06-17,CUS-02090,prd-0023,1.33,CARTON,203280,270362.4
ORD-2025-026048,2025-06-17,CUS-00832,prd-0039,0.25,CARTON,354480,88620.0
ORD-2025-026054,2025-06-17,CUS-01554,prd-0060,0.2,CARTON,2877000,575400.0
ORD-2025-026063,2025-06-17,CUS-00795,prd-0074,0.4,CARTON,383900,153560.0
ORD-2025-026065,2025-06-17,CUS-01613,prd-0078,5,EACH,33720,168600
ORD-2025-026067,2025-06-17,CUS-01682,prd-0084,0.17,CARTON,666240,113260.80000000002
ORD-2025-026071,2025-06-17,CUS-01536,prd-0086,0.25,CARTON,338160,84540.0
ORD-2025-026072,2025-06-17,CUS-01235,prd-0088,14,EACH,15290,214060
ORD-2025-026075,2025-06-17,CUS-00434,prd-0090,4,EACH,37690,150760
ORD-2025-026081,2025-06-17,CUS-01286,prd-0091,9,EACH,27010,243090
ORD-2025-026088,2025-06-17,CUS-01248,prd-0102,4,EACH,17050,68200
ORD-2025-026091,2025-06-17,CUS-01210,prd-0109,2.0,CARTON,368400,736800.0
ORD-2025-026093,2025-06-17,CUS-01239,prd-0120,4,EACH,14740,58960
ORD-2025-026109,2025-06-17,CUS-02028,prd-0161,5,EACH,32640,163200
ORD-2025-026114,2025-06-18,CUS-00742,prd-0003,9,EACH,4840,43560
ORD-2025-026126,2025-06-18,CUS-02221,prd-0053,12,EACH,38950,467400
ORD-2025-026141,2025-06-18,CUS-01074,prd-0082,0.75,CARTON,368760,276570.0
ORD-2025-026151,2025-06-18,CUS-00897,prd-0093,0.75,CARTON,276960,207720.0
ORD-2025-026162,2025-06-18,CUS-01722,prd-0113,0.07,CARTON,625200,43764.00000000001
ORD-2025-026175,2025-06-18,CUS-00695,prd-0131,0.03,CARTON,1121040,33631.2
ORD-2025-026176,2025-06-18,CUS-01556,prd-0135,0.19,CARTON,1579200,300048.0
ORD-2025-026177,2025-06-18,CUS-00719,prd-0137,0.38,CARTON,1327200,504336.0
ORD-2025-026181,2025-06-18,CUS-00974,prd-0151,1.75,CARTON,171360,299880.0
ORD-2025-026193,2025-06-18,CUS-01127,prd-0163,0.12,CARTON,666960,80035.2
ORD-2025-026194,2025-06-18,CUS-01989,prd-0163,2,EACH,27790,55580
ORD-2025-026199,2025-06-19,CUS-01666,prd-0004,0.25,CARTON,53880,13470.0
ORD-2025-026205,2025-06-19,CUS-00875,prd-0020,1,EACH,29210,29210
ORD-2025-026207,2025-06-19,CUS-01789,prd-0025,1.08,CARTON,61080,65966.40000000001
ORD-2025-026212,2025-06-19,CUS-00360,prd-0041,1.67,CARTON,81960,136873.2
ORD-2025-026226,2025-06-19,CUS-01834,prd-0076,1.08,CARTON,336600,363528.00000000006
ORD-2025-026273,2025-06-20,CUS-01999,prd-0008,0.25,CARTON,196320,49080.0
ORD-2025-026275,2025-06-20,CUS-00712,prd-0011,0.17,CARTON,412080,70053.6
ORD-2025-026280,2025-06-20,CUS-00610,prd-0025,2,EACH,5090,10180
ORD-2025-026293,2025-06-20,CUS-00795,prd-0047,1.1,CARTON,190600,209660.0
ORD-2025-026301,2025-06-20,CUS-01032,prd-0074,0.5,CARTON,383900,191950.0
ORD-2025-026304,2025-06-20,CUS-01970,prd-0078,0.67,CARTON,404640,271108.80000000005
ORD-2025-026308,2025-06-20,CUS-00449,prd-0080,0.5,CARTON,286800,143400.0
ORD-2025-026309,2025-06-20,CUS-00443,prd-0083,0.21,CARTON,568560,119397.59999999999
ORD-2025-026310,2025-06-20,CUS-01495,prd-0085,0.29,CARTON,781920,226756.8
ORD-2025-026318,2025-06-20,CUS-01156,prd-0090,0.5,CARTON,452280,226140.0
ORD-2025-026319,2025-06-20,CUS-01176,prd-0090,4,EACH,37690,150760
ORD-2025-026320,2025-06-20,CUS-00269,prd-0090,1.0,CARTON,452280,452280.0
ORD-2025-026327,2025-06-20,CUS-01834,prd-0091,0.25,CARTON,324120,81030.0
ORD-2025-026334,2025-06-20,CUS-02364,prd-0100,0.25,CARTON,498720,124680.0
ORD-2025-026336,2025-06-20,CUS-01787,prd-0102,0.25,CARTON,204600,51150.0
ORD-2025-026346,2025-06-20,CUS-00991,prd-0125,0.27,CARTON,461400,124578.00000000001
ORD-2025-026347,2025-06-20,CUS-00098,prd-0125,0.27,CARTON,461400,124578.00000000001
ORD-2025-026356,2025-06-20,CUS-00893,prd-0142,4,EACH,52030,208120
ORD-2025-026368,2025-06-20,CUS-02440,prd-0164,0.04,CARTON,478080,19123.2
ORD-2025-026383,2025-06-21,CUS-00037,prd-0050,0.21,CARTON,130080,27316.800000000003
ORD-2025-026397,2025-06-21,CUS-01633,prd-0086,7,EACH,28180,197260
ORD-2025-026410,2025-06-21,CUS-01419,prd-0103,0.42,CARTON,461760,193939.19999999998
ORD-2025-026419,2025-06-21,CUS-00804,prd-0125,0.17,CARTON,461400,78438.00000000001
ORD-2025-026430,2025-06-21,CUS-01375,prd-0160,4,EACH,32940,131760
ORD-2025-026434,2025-06-21,CUS-01750,prd-0163,0.42,CARTON,666960,280123.19999999995
ORD-2025-026441,2025-06-22,CUS-00611,prd-0035,2,EACH,13660,27320
ORD-2025-026442,2025-06-22,CUS-01464,prd-0036,0.35,CARTON,820000,286999.99999999994
ORD-2025-026448,2025-06-22,CUS-00559,prd-0077,1.0,CARTON,186720,186720.0
ORD-2025-026455,2025-06-22,CUS-00016,prd-0090,31,EACH,37690,1168390
ORD-2025-026462,2025-06-22,CUS-01573,prd-0125,0.33,CARTON,461400,152262.00000000003
ORD-2025-026484,2025-06-23,CUS-01167,prd-0039,0.38,CARTON,354480,134702.40000000002
ORD-2025-026486,2025-06-23,CUS-01901,prd-0043,0.12,CARTON,1154400,138528.0
ORD-2025-026490,2025-06-23,CUS-02266,prd-0057,0.2,CARTON,180400,36080.0
ORD-2025-026503,2025-06-23,CUS-00908,prd-0074,1.1,CARTON,383900,422290.0
ORD-2025-026508,2025-06-23,CUS-01029,prd-0082,0.83,CARTON,368760,306070.8
ORD-2025-026510,2025-06-23,CUS-01967,prd-0083,11,EACH,23690,260590
ORD-2025-026514,2025-06-23,CUS-00016,prd-0086,14,EACH,28180,394520
ORD-2025-026515,2025-06-23,CUS-02495,prd-0086,0.17,CARTON,338160,57487.200000000004
ORD-2025-026516,2025-06-23,CUS-00897,prd-0086,1.33,CARTON,338160,449752.80000000005
ORD-2025-026517,2025-06-23,CUS-00928,prd-0088,0.65,CARTON,611600,397540.0
ORD-2025-026520,2025-06-23,CUS-01892,prd-0090,9,EACH,37690,339210
ORD-2025-026521,2025-06-23,CUS-02000,prd-0090,0.25,CARTON,452280,113070.0
ORD-2025-026522,2025-06-23,CUS-00374,prd-0090,0.83,CARTON,452280,375392.39999999997
ORD-2025-026543,2025-06-23,CUS-00157,prd-0108,0.42,CARTON,738000,309960.0
ORD-2025-026565,2025-06-23,CUS-01634,prd-0157,12,EACH,24810,297720
ORD-2025-026572,2025-06-23,CUS-02064,prd-0165,4,EACH,23380,93520
ORD-2025-026578,2025-06-24,CUS-01948,prd-0008,1.75,CARTON,196320,343560.0
ORD-2025-026606,2025-06-24,CUS-01843,prd-0086,1.17,CARTON,338160,395647.19999999995
ORD-2025-026611,2025-06-24,CUS-00460,prd-0090,3,EACH,37690,113070
ORD-2025-026624,2025-06-24,CUS-00744,prd-0113,0.37,CARTON,625200,231324.0
ORD-2025-026633,2025-06-24,CUS-00662,prd-0135,0.29,CARTON,1579200,457968.0
ORD-2025-026637,2025-06-24,CUS-02101,prd-0141,0.46,CARTON,926400,426144.0
ORD-2025-026656,2025-06-25,CUS-02408,prd-0011,6,EACH,17170,103020
ORD-2025-026661,2025-06-25,CUS-01819,prd-0037,3,EACH,25650,76950
ORD-2025-026678,2025-06-25,CUS-02361,prd-0080,0.25,CARTON,286800,71700.0
ORD-2025-026684,2025-06-25,CUS-01902,prd-0090,5,EACH,37690,188450
ORD-2025-026685,2025-06-25,CUS-01417,prd-0090,0.25,CARTON,452280,113070.0
ORD-2025-026721,2025-06-26,CUS-01034,prd-0010,10,EACH,16050,160500
ORD-2025-026726,2025-06-26,CUS-02434,prd-0031,9,EACH,36660,329940
ORD-2025-026728,2025-06-26,CUS-00943,prd-0045,3,EACH,7340,22020
ORD-2025-026740,2025-06-26,CUS-02155,prd-0065,5,EACH,34000,170000
ORD-2025-026746,2025-06-26,CUS-00997,prd-0083,0.54,CARTON,568560,307022.4
ORD-2025-026747,2025-06-26,CUS-01658,prd-0083,0.25,CARTON,568560,142140.0
ORD-2025-026751,2025-06-26,CUS-01532,prd-0093,0.83,CARTON,276960,229876.8
ORD-2025-026753,2025-06-26,CUS-01598,prd-0098,0.83,CARTON,183840,152587.19999999998
ORD-2025-026758,2025-06-26,CUS-01643,prd-0110,1.67,CARTON,364200,608214.0
ORD-2025-026765,2025-06-26,CUS-01212,prd-0125,0.23,CARTON,461400,106122.0
ORD-2025-026774,2025-06-26,CUS-02165,prd-0153,0.17,CARTON,1162560,197635.2
ORD-2025-026775,2025-06-26,CUS-02045,prd-0160,6,EACH,32940,197640
ORD-2025-026778,2025-06-26,CUS-02322,prd-0161,0.15,CARTON,1566720,235008.0
ORD-2025-026790,2025-06-27,CUS-00752,prd-0018,0.25,CARTON,750840,187710.0
ORD-2025-026796,2025-06-27,CUS-00757,prd-0031,6,EACH,36660,219960
ORD-2025-026807,2025-06-27,CUS-00677,prd-0070,3,EACH,19240,57720
ORD-2025-026825,2025-06-27,CUS-02129,prd-0090,1.33,CARTON,452280,601532.4
ORD-2025-026830,2025-06-27,CUS-00725,prd-0098,9,EACH,15320,137880
ORD-2025-026834,2025-06-27,CUS-00800,prd-0100,5,EACH,20780,103900
ORD-2025-026836,2025-06-27,CUS-01408,prd-0103,10,EACH,38480,384800
ORD-2025-026843,2025-06-27,CUS-01402,prd-0125,0.13,CARTON,461400,59982.0
ORD-2025-026845,2025-06-27,CUS-00900,prd-0128,4.83,CARTON,123540,596698.2
ORD-2025-026848,2025-06-27,CUS-00613,prd-0132,1,EACH,38360,38360
ORD-2025-026850,2025-06-27,CUS-00070,prd-0142,0.5,CARTON,624360,312180.0
ORD-2025-026852,2025-06-27,CUS-01342,prd-0144,6,EACH,31990,191940
ORD-2025-026859,2025-06-27,CUS-00540,prd-0155,4,EACH,65880,263520
ORD-2025-026885,2025-06-28,CUS-01963,prd-0073,0.2,CARTON,379300,75860.0
ORD-2025-026898,2025-06-28,CUS-01633,prd-0090,0.5,CARTON,452280,226140.0
ORD-2025-026899,2025-06-28,CUS-01847,prd-0090,0.83,CARTON,452280,375392.39999999997
ORD-2025-026909,2025-06-28,CUS-01552,prd-0108,0.08,CARTON,738000,59040.0
ORD-2025-026913,2025-06-28,CUS-02266,prd-0118,0.5,CARTON,277320,138660.0
ORD-2025-026929,2025-06-28,CUS-00712,prd-0160,0.17,CARTON,1581120,268790.4
ORD-2025-026948,2025-06-29,CUS-00289,prd-0082,7,EACH,30730,215110
ORD-2025-026956,2025-06-29,CUS-00053,prd-0100,0.5,CARTON,498720,249360.0
ORD-2025-026957,2025-06-29,CUS-01826,prd-0100,0.29,CARTON,498720,144628.8
ORD-2025-026999,2025-06-30,CUS-02485,prd-0081,0.1,CARTON,421900,42190.0
ORD-2025-027006,2025-06-30,CUS-01907,prd-0090,0.17,CARTON,452280,76887.6
ORD-2025-027008,2025-06-30,CUS-00412,prd-0093,15,EACH,23080,346200
ORD-2025-027024,2025-06-30,CUS-01583,prd-0121,5.67,CARTON,158580,899148.6000000001
ORD-2025-027026,2025-06-30,CUS-02458,prd-0125,0.13,CARTON,461400,59982.0
ORD-2025-027034,2025-06-30,CUS-01379,prd-0143,0.33,CARTON,583680,192614.40000000002
ORD-2025-027041,2025-06-30,CUS-01655,prd-0151,3.25,CARTON,171360,556920.0
ORD-2025-027047,2025-06-30,CUS-02089,prd-0160,12,EACH,32940,395280
ORD-2025-027049,2025-06-30,CUS-02056,prd-0161,0.15,CARTON,1566720,235008.0
ORD-2025-027050,2025-06-30,CUS-00911,prd-0161,0.08,CARTON,1566720,125337.6
ORD-2025-027055,2025-06-30,CUS-00409,prd-0165,0.23,CARTON,1122240,258115.2
ORD-2025-027069,2025-07-01,CUS-00854,prd-0037,10,EACH,25650,256500
ORD-2025-027086,2025-07-01,CUS-00243,prd-0084,5,EACH,27760,138800
ORD-2025-027092,2025-07-01,CUS-00559,prd-0090,6,EACH,37690,226140
ORD-2025-027096,2025-07-01,CUS-01803,prd-0095,0.42,CARTON,243480,102261.59999999999
ORD-2025-027100,2025-07-01,CUS-02009,prd-0110,1.0,CARTON,364200,364200.0
ORD-2025-027101,2025-07-01,CUS-01380,prd-0120,9,EACH,14740,132660
ORD-2025-027109,2025-07-01,CUS-00111,prd-0125,0.6,CARTON,461400,276840.0
ORD-2025-027147,2025-07-02,CUS-00900,prd-0067,0.71,CARTON,297120,210955.19999999998
ORD-2025-027159,2025-07-02,CUS-02313,prd-0090,0.17,CARTON,452280,76887.6
ORD-2025-027160,2025-07-02,CUS-01331,prd-0090,0.5,CARTON,452280,226140.0
ORD-2025-027161,2025-07-02,CUS-00118,prd-0090,17,EACH,37690,640730
ORD-2025-027164,2025-07-02,CUS-02396,prd-0091,0.83,CARTON,324120,269019.6
ORD-2025-027206,2025-07-03,CUS-02065,prd-0062,0.08,CARTON,894500,71560.0
ORD-2025-027221,2025-07-03,CUS-01039,prd-0090,9,EACH,37690,339210
ORD-2025-027224,2025-07-03,CUS-02371,prd-0098,3,EACH,15320,45960
ORD-2025-027235,2025-07-03,CUS-00378,prd-0125,0.03,CARTON,461400,13842.0
ORD-2025-027238,2025-07-03,CUS-00366,prd-0131,0.86,CARTON,1121040,964094.3999999999
ORD-2025-027240,2025-07-03,CUS-01032,prd-0139,0.23,CARTON,1601280,368294.4
ORD-2025-027250,2025-07-03,CUS-01011,prd-0156,16,EACH,58570,937120
ORD-2025-027256,2025-07-04,CUS-00599,prd-0004,7,EACH,4490,31430
ORD-2025-027263,2025-07-04,CUS-00677,prd-0039,11,EACH,14770,162470
ORD-2025-027272,2025-07-04,CUS-02153,prd-0061,0.3,CARTON,816000,244800.0
ORD-2025-027277,2025-07-04,CUS-01503,prd-0080,3.83,CARTON,286800,1098444.0
ORD-2025-027284,2025-07-04,CUS-01017,prd-0086,10,EACH,28180,281800
ORD-2025-027292,2025-07-04,CUS-01533,prd-0090,0.17,CARTON,452280,76887.6
ORD-2025-027299,2025-07-04,CUS-00136,prd-0103,0.25,CARTON,461760,115440.0
ORD-2025-027304,2025-07-04,CUS-01470,prd-0116,0.11,CARTON,636480,70012.8
ORD-2025-027320,2025-07-04,CUS-01499,prd-0151,3,EACH,42840,128520
ORD-2025-027322,2025-07-04,CUS-01251,prd-0154,0.58,CARTON,1019280,591182.3999999999
ORD-2025-027329,2025-07-04,CUS-02425,prd-0161,4,EACH,32640,130560
ORD-2025-027332,2025-07-05,CUS-01495,prd-0017,3.92,CARTON,476160,1866547.2000000002
ORD-2025-027333,2025-07-05,CUS-02445,prd-0019,0.25,CARTON,1499520,374880.0
ORD-2025-027334,2025-07-05,CUS-00802,prd-0023,6,EACH,16940,101640
ORD-2025-027367,2025-07-05,CUS-00265,prd-0151,1.75,CARTON,171360,299880.0
ORD-2025-027368,2025-07-05,CUS-01752,prd-0151,0.25,CARTON,171360,42840.0
ORD-2025-027369,2025-07-05,CUS-01171,prd-0153,0.04,CARTON,1162560,46502.4
ORD-2025-027382,2025-07-06,CUS-02446,prd-0083,0.71,CARTON,568560,403677.6
ORD-2025-027389,2025-07-06,CUS-01402,prd-0156,0.58,CARTON,702840,407647.19999999995
ORD-2025-027397,2025-07-07,CUS-01642,prd-0007,0.08,CARTON,204840,16387.2
ORD-2025-027400,2025-07-07,CUS-01002,prd-0011,0.33,CARTON,412080,135986.40000000002
ORD-2025-027411,2025-07-07,CUS-02434,prd-0045,0.92,CARTON,88080,81033.6
ORD-2025-027417,2025-07-07,CUS-02431,prd-0057,3,EACH,18040,54120
ORD-2025-027425,2025-07-07,CUS-00879,prd-0085,0.92,CARTON,781920,719366.4
ORD-2025-027432,2025-07-07,CUS-01424,prd-0098,14,EACH,15320,214480
ORD-2025-027444,2025-07-07,CUS-00307,prd-0128,2.33,CARTON,123540,287848.2
ORD-2025-027457,2025-07-07,CUS-00133,prd-0155,3,EACH,65880,197640
ORD-2025-027470,2025-07-08,CUS-00680,prd-0020,0.12,CARTON,1402080,168249.59999999998
ORD-2025-027479,2025-07-08,CUS-01975,prd-0050,0.38,CARTON,130080,49430.399999999994
ORD-2025-027480,2025-07-08,CUS-00534,prd-0051,1.25,CARTON,172280,215350.0
ORD-2025-027487,2025-07-08,CUS-00439,prd-0065,0.08,CARTON,408000,32640.0
ORD-2025-027489,2025-07-08,CUS-00561,prd-0074,1.0,CARTON,383900,383900.0
ORD-2025-027493,2025-07-08,CUS-01370,prd-0078,0.33,CARTON,404640,133531.2
ORD-2025-027499,2025-07-08,CUS-00535,prd-0088,9,EACH,15290,137610
ORD-2025-027504,2025-07-08,CUS-00774,prd-0098,4,EACH,15320,61280
ORD-2025-027508,2025-07-08,CUS-01848,prd-0101,0.75,CARTON,271080,203310.0
ORD-2025-027521,2025-07-08,CUS-00462,prd-0126,0.25,CARTON,351240,87810.0
ORD-2025-027523,2025-07-08,CUS-00718,prd-0136,0.29,CARTON,2637600,764903.9999999999
ORD-2025-027524,2025-07-08,CUS-01546,prd-0141,0.12,CARTON,926400,111168.0
ORD-2025-027540,2025-07-09,CUS-01661,prd-0017,0.08,CARTON,476160,38092.8
ORD-2025-027553,2025-07-09,CUS-00091,prd-0059,4,EACH,50810,203240
ORD-2025-027573,2025-07-09,CUS-01438,prd-0083,0.08,CARTON,568560,45484.8
ORD-2025-027582,2025-07-09,CUS-02120,prd-0090,23,EACH,37690,866870
ORD-2025-027597,2025-07-09,CUS-00159,prd-0120,0.21,CARTON,353760,74289.6
ORD-2025-027604,2025-07-09,CUS-02123,prd-0131,8,EACH,31140,249120
ORD-2025-027610,2025-07-09,CUS-00469,prd-0142,0.33,CARTON,624360,206038.80000000002
ORD-2025-027624,2025-07-09,CUS-01846,prd-0157,1.17,CARTON,297720,348332.39999999997
ORD-2025-027630,2025-07-09,CUS-00749,prd-0170,0.42,CARTON,625320,262634.39999999997
ORD-2025-027641,2025-07-10,CUS-01046,prd-0047,0.4,CARTON,190600,76240.0
ORD-2025-027649,2025-07-10,CUS-02236,prd-0064,8,EACH,36350,290800
ORD-2025-027657,2025-07-10,CUS-00232,prd-0077,6,EACH,31120,186720
ORD-2025-027666,2025-07-10,CUS-01594,prd-0090,0.5,CARTON,452280,226140.0
ORD-2025-027667,2025-07-10,CUS-00037,prd-0090,0.25,CARTON,452280,113070.0
ORD-2025-027668,2025-07-10,CUS-00385,prd-0090,1,EACH,37690,37690
ORD-2025-027682,2025-07-10,CUS-01980,prd-0126,0.5,CARTON,351240,175620.0
ORD-2025-027694,2025-07-10,CUS-01523,prd-0151,3.25,CARTON,171360,556920.0
ORD-2025-027700,2025-07-10,CUS-00474,prd-0161,0.23,CARTON,1566720,360345.60000000003
ORD-2025-027704,2025-07-11,CUS-00749,prd-0006,8,EACH,3060,24480
ORD-2025-027712,2025-07-11,CUS-00399,prd-0037,0.67,CARTON,615600,412452.0
ORD-2025-027718,2025-07-11,CUS-01117,prd-0049,2.1,CARTON,181900,381990.0
ORD-2025-027721,2025-07-11,CUS-00785,prd-0057,7,EACH,18040,126280
ORD-2025-027723,2025-07-11,CUS-01078,prd-0060,0.14,CARTON,2877000,402780.0
ORD-2025-027743,2025-07-11,CUS-01839,prd-0090,0.17,CARTON,452280,76887.6
ORD-2025-027774,2025-07-11,CUS-01227,prd-0161,0.52,CARTON,1566720,814694.3999999999
ORD-2025-027775,2025-07-11,CUS-00540,prd-0161,0.02,CARTON,1566720,31334.4
ORD-2025-027776,2025-07-11,CUS-02335,prd-0161,6,EACH,32640,195840
ORD-2025-027787,2025-07-12,CUS-00576,prd-0001,20,EACH,4970,99400
ORD-2025-027803,2025-07-12,CUS-00547,prd-0064,2.25,CARTON,145400,327150.0
ORD-2025-027819,2025-07-12,CUS-01326,prd-0116,0.08,CARTON,636480,50918.4
ORD-2025-027834,2025-07-12,CUS-00420,prd-0161,0.06,CARTON,1566720,94003.2
ORD-2025-027837,2025-07-13,CUS-00659,prd-0033,0.67,CARTON,264960,177523.2
ORD-2025-027839,2025-07-13,CUS-02396,prd-0062,7,EACH,17890,125230
ORD-2025-027846,2025-07-13,CUS-00533,prd-0090,0.5,CARTON,452280,226140.0
ORD-2025-027847,2025-07-13,CUS-01077,prd-0090,0.5,CARTON,452280,226140.0
ORD-2025-027853,2025-07-13,CUS-02425,prd-0142,1.08,CARTON,624360,674308.8
ORD-2025-027855,2025-07-13,CUS-00095,prd-0151,3.75,CARTON,171360,642600.0
ORD-2025-027859,2025-07-13,CUS-01771,prd-0161,0.15,CARTON,1566720,235008.0
ORD-2025-027861,2025-07-13,CUS-01129,prd-0169,0.15,CARTON,734880,110232.0
ORD-2025-027862,2025-07-14,CUS-00019,prd-0004,9,EACH,4490,40410
ORD-2025-027866,2025-07-14,CUS-01103,prd-0038,0.67,CARTON,376320,252134.40000000002
ORD-2025-027884,2025-07-14,CUS-02172,prd-0085,0.62,CARTON,781920,484790.39999999997
ORD-2025-027887,2025-07-14,CUS-01697,prd-0086,1.33,CARTON,338160,449752.80000000005
ORD-2025-027897,2025-07-14,CUS-00269,prd-0093,0.42,CARTON,276960,116323.20000000001
ORD-2025-027907,2025-07-14,CUS-00191,prd-0109,3,EACH,30700,92100
ORD-2025-027910,2025-07-14,CUS-00292,prd-0116,0.22,CARTON,636480,140025.6
ORD-2025-027923,2025-07-14,CUS-00804,prd-0138,0.31,CARTON,1296960,402057.60000000003
ORD-2025-027925,2025-07-14,CUS-02466,prd-0150,3.5,CARTON,191400,669900.0
ORD-2025-027933,2025-07-14,CUS-00128,prd-0160,0.21,CARTON,1581120,332035.19999999995
ORD-2025-027937,2025-07-15,CUS-01598,prd-0001,0.42,CARTON,59640,25048.800000000003
ORD-2025-027941,2025-07-15,CUS-01782,prd-0027,0.17,CARTON,59040,10036.800000000001
ORD-2025-027946,2025-07-15,CUS-01433,prd-0057,2.1,CARTON,180400,378840.0
ORD-2025-027967,2025-07-15,CUS-02103,prd-0084,0.38,CARTON,666240,253171.19999999998
ORD-2025-027977,2025-07-15,CUS-01751,prd-0091,3,EACH,27010,81030
ORD-2025-027978,2025-07-15,CUS-02263,prd-0093,0.75,CARTON,276960,207720.0
ORD-2025-027979,2025-07-15,CUS-00207,prd-0097,0.33,CARTON,261360,86248.8
ORD-2025-027984,2025-07-15,CUS-00866,prd-0121,4,EACH,26430,105720
ORD-2025-027985,2025-07-15,CUS-00314,prd-0121,4,EACH,26430,105720
ORD-2025-027998,2025-07-15,CUS-01782,prd-0145,4,EACH,31800,127200
ORD-2025-028009,2025-07-15,CUS-01863,prd-0165,0.06,CARTON,1122240,67334.4
ORD-2025-028013,2025-07-16,CUS-00203,prd-0003,1.17,CARTON,58080,67953.59999999999
ORD-2025-028014,2025-07-16,CUS-02150,prd-0005,12,EACH,3110,37320
ORD-2025-028020,2025-07-16,CUS-01989,prd-0023,8,EACH,16940,135520
ORD-2025-028026,2025-07-16,CUS-01291,prd-0053,1.5,CARTON,155800,233700.0
ORD-2025-028027,2025-07-16,CUS-01654,prd-0057,0.6,CARTON,180400,108240.0
ORD-2025-028032,2025-07-16,CUS-01017,prd-0060,0.12,CARTON,2877000,345240.0
ORD-2025-028036,2025-07-16,CUS-01115,prd-0064,7.25,CARTON,145400,1054150.0
ORD-2025-028047,2025-07-16,CUS-01117,prd-0077,2.5,CARTON,186720,466800.0
ORD-2025-028051,2025-07-16,CUS-02322,prd-0090,0.75,CARTON,452280,339210.0
ORD-2025-028079,2025-07-16,CUS-01718,prd-0154,0.25,CARTON,1019280,254820.0
ORD-2025-028086,2025-07-17,CUS-00699,prd-0007,1.58,CARTON,204840,323647.2
ORD-2025-028088,2025-07-17,CUS-00803,prd-0016,0.17,CARTON,512160,87067.20000000001
ORD-2025-028101,2025-07-17,CUS-01767,prd-0049,0.6,CARTON,181900,109140.0
ORD-2025-028103,2025-07-17,CUS-01479,prd-0051,2.25,CARTON,172280,387630.0
ORD-2025-028108,2025-07-17,CUS-01982,prd-0068,0.5,CARTON,195840,97920.0
ORD-2025-028109,2025-07-17,CUS-00763,prd-0072,1.3,CARTON,426000,553800.0
ORD-2025-028111,2025-07-17,CUS-00303,prd-0076,7,EACH,28050,196350
ORD-2025-028114,2025-07-17,CUS-00127,prd-0083,0.17,CARTON,568560,96655.20000000001
ORD-2025-028119,2025-07-17,CUS-00941,prd-0086,8,EACH,28180,225440
ORD-2025-028120,2025-07-17,CUS-02256,prd-0090,1.5,CARTON,452280,678420.0
ORD-2025-028127,2025-07-17,CUS-00419,prd-0098,16,EACH,15320,245120
ORD-2025-028128,2025-07-17,CUS-01410,prd-0098,0.42,CARTON,183840,77212.79999999999
ORD-2025-028132,2025-07-17,CUS-02499,prd-0107,1.17,CARTON,475080,555843.6
ORD-2025-028147,2025-07-17,CUS-00371,prd-0161,8,EACH,32640,261120
ORD-2025-028158,2025-07-18,CUS-01157,prd-0011,1.21,CARTON,412080,498616.80000000005
ORD-2025-028160,2025-07-18,CUS-00059,prd-0031,0.12,CARTON,879840,105580.79999999999
ORD-2025-028167,2025-07-18,CUS-00999,prd-0057,0.9,CARTON,180400,162360.0
ORD-2025-028174,2025-07-18,CUS-02361,prd-0083,0.46,CARTON,568560,261537.59999999998
ORD-2025-028180,2025-07-18,CUS-00378,prd-0090,0.83,CARTON,452280,375392.39999999997
ORD-2025-028181,2025-07-18,CUS-02348,prd-0090,5,EACH,37690,188450
ORD-2025-028182,2025-07-18,CUS-00842,prd-0090,0.92,CARTON,452280,416097.60000000003
ORD-2025-028183,2025-07-18,CUS-00363,prd-0090,7,EACH,37690,263830
ORD-2025-028184,2025-07-18,CUS-01116,prd-0090,8,EACH,37690,301520
ORD-2025-028208,2025-07-18,CUS-01843,prd-0151,1.25,CARTON,171360,214200.0
ORD-2025-028211,2025-07-18,CUS-01944,prd-0157,0.08,CARTON,297720,23817.6
ORD-2025-028214,2025-07-18,CUS-01738,prd-0163,8,EACH,27790,222320
ORD-2025-028225,2025-07-19,CUS-00032,prd-0029,0.38,CARTON,265680,100958.40000000001
ORD-2025-028233,2025-07-19,CUS-01640,prd-0060,0.06,CARTON,2877000,172620.0
ORD-2025-028243,2025-07-19,CUS-01192,prd-0090,0.83,CARTON,452280,375392.39999999997
ORD-2025-028246,2025-07-19,CUS-01291,prd-0103,0.67,CARTON,461760,309379.2
ORD-2025-028270,2025-07-20,CUS-00398,prd-0077,0.83,CARTON,186720,154977.59999999998
ORD-2025-028277,2025-07-20,CUS-01098,prd-0101,6,EACH,22590,135540
ORD-2025-028285,2025-07-20,CUS-01463,prd-0151,2.0,CARTON,171360,342720.0
ORD-2025-028287,2025-07-20,CUS-00668,prd-0164,0.92,CARTON,478080,439833.60000000003
ORD-2025-028302,2025-07-21,CUS-00943,prd-0035,4,EACH,13660,54640
ORD-2025-028314,2025-07-21,CUS-01517,prd-0068,0.5,CARTON,195840,97920.0
ORD-2025-028327,2025-07-21,CUS-00526,prd-0086,6,EACH,28180,169080
ORD-2025-028330,2025-07-21,CUS-00415,prd-0090,1.0,CARTON,452280,452280.0
ORD-2025-028341,2025-07-21,CUS-00772,prd-0100,3,EACH,20780,62340
ORD-2025-028360,2025-07-21,CUS-00998,prd-0150,1.25,CARTON,191400,239250.0
ORD-2025-028365,2025-07-21,CUS-01394,prd-0151,3.75,CARTON,171360,642600.0
ORD-2025-028385,2025-07-22,CUS-02155,prd-0016,0.17,CARTON,512160,87067.20000000001
ORD-2025-028398,2025-07-22,CUS-00481,prd-0076,0.42,CARTON,336600,141372.0
ORD-2025-028400,2025-07-22,CUS-01708,prd-0077,0.83,CARTON,186720,154977.59999999998
ORD-2025-028401,2025-07-22,CUS-01536,prd-0081,4,EACH,42190,168760
ORD-2025-028402,2025-07-22,CUS-00716,prd-0081,15,EACH,42190,632850
ORD-2025-028421,2025-07-22,CUS-01708,prd-0098,0.25,CARTON,183840,45960.0
ORD-2025-028422,2025-07-22,CUS-00314,prd-0099,6,EACH,14380,86280
ORD-2025-028434,2025-07-22,CUS-01949,prd-0122,5,EACH,19140,95700
ORD-2025-028437,2025-07-22,CUS-00143,prd-0125,0.43,CARTON,461400,198402.0
ORD-2025-028448,2025-07-22,CUS-02238,prd-0151,1.5,CARTON,171360,257040.0
ORD-2025-028474,2025-07-23,CUS-02240,prd-0051,0.75,CARTON,172280,129210.0
ORD-2025-028485,2025-07-23,CUS-01029,prd-0076,0.67,CARTON,336600,225522.0
ORD-2025-028493,2025-07-23,CUS-00479,prd-0090,7,EACH,37690,263830
ORD-2025-028497,2025-07-23,CUS-01597,prd-0091,0.08,CARTON,324120,25929.600000000002
ORD-2025-028510,2025-07-23,CUS-01215,prd-0121,0.83,CARTON,158580,131621.4
ORD-2025-028515,2025-07-23,CUS-01861,prd-0123,0.92,CARTON,345840,318172.80000000005
ORD-2025-028536,2025-07-23,CUS-00412,prd-0166,7,EACH,25650,179550
ORD-2025-028542,2025-07-23,CUS-01343,prd-0170,3,EACH,17370,52110
ORD-2025-028552,2025-07-24,CUS-00578,prd-0047,0.3,CARTON,190600,57180.0
ORD-2025-028554,2025-07-24,CUS-00677,prd-0058,0.6,CARTON,179800,107880.0
ORD-2025-028559,2025-07-24,CUS-02131,prd-0072,0.2,CARTON,426000,85200.0
ORD-2025-028561,2025-07-24,CUS-01615,prd-0077,0.5,CARTON,186720,93360.0
ORD-2025-028562,2025-07-24,CUS-01260,prd-0077,0.17,CARTON,186720,31742.4
ORD-2025-028573,2025-07-24,CUS-00068,prd-0090,15,EACH,37690,565350
ORD-2025-028600,2025-07-24,CUS-00362,prd-0151,0.75,CARTON,171360,128520.0
ORD-2025-028641,2025-07-25,CUS-01523,prd-0100,0.46,CARTON,498720,229411.2
ORD-2025-028643,2025-07-25,CUS-01902,prd-0108,0.17,CARTON,738000,125460.0
ORD-2025-028653,2025-07-25,CUS-00517,prd-0127,1.25,CARTON,201120,251400.0
ORD-2025-028656,2025-07-25,CUS-01682,prd-0135,0.17,CARTON,1579200,268464.0
ORD-2025-028672,2025-07-25,CUS-02476,prd-0165,0.35,CARTON,1122240,392783.99999999994
ORD-2025-028674,2025-07-26,CUS-01715,prd-0008,0.67,CARTON,196320,131534.40000000002
ORD-2025-028682,2025-07-26,CUS-00070,prd-0025,0.17,CARTON,61080,10383.6
ORD-2025-028695,2025-07-26,CUS-01869,prd-0090,0.17,CARTON,452280,76887.6
ORD-2025-028705,2025-07-26,CUS-00133,prd-0124,0.12,CARTON,421920,50630.399999999994
ORD-2025-028711,2025-07-26,CUS-01857,prd-0142,1.5,CARTON,624360,936540.0
ORD-2025-028726,2025-07-26,CUS-01336,prd-0161,0.29,CARTON,1566720,454348.79999999993
ORD-2025-028731,2025-07-27,CUS-01267,prd-0011,0.04,CARTON,412080,16483.2
ORD-2025-028732,2025-07-27,CUS-01596,prd-0018,15,EACH,62570,938550
ORD-2025-028737,2025-07-27,CUS-00354,prd-0061,25,EACH,16320,408000
ORD-2025-028759,2025-07-28,CUS-00576,prd-0023,0.17,CARTON,203280,34557.600000000006
ORD-2025-028762,2025-07-28,CUS-00279,prd-0039,9,EACH,14770,132930
ORD-2025-028763,2025-07-28,CUS-01348,prd-0039,0.75,CARTON,354480,265860.0
ORD-2025-028766,2025-07-28,CUS-01661,prd-0046,0.05,CARTON,347200,17360.0
ORD-2025-028769,2025-07-28,CUS-01263,prd-0049,0.5,CARTON,181900,90950.0
ORD-2025-028772,2025-07-28,CUS-00542,prd-0051,1.25,CARTON,172280,215350.0
ORD-2025-028786,2025-07-28,CUS-02466,prd-0083,8,EACH,23690,189520
ORD-2025-028792,2025-07-28,CUS-02157,prd-0086,4,EACH,28180,112720
ORD-2025-028811,2025-07-28,CUS-00556,prd-0121,0.67,CARTON,158580,106248.6
ORD-2025-028815,2025-07-28,CUS-01970,prd-0131,0.17,CARTON,1121040,190576.80000000002
ORD-2025-028821,2025-07-28,CUS-01564,prd-0151,2.0,CARTON,171360,342720.0
ORD-2025-028831,2025-07-29,CUS-01096,prd-0004,9,EACH,4490,40410
ORD-2025-028835,2025-07-29,CUS-00379,prd-0016,4,EACH,42680,170720
ORD-2025-028840,2025-07-29,CUS-01621,prd-0035,0.25,CARTON,163920,40980.0
ORD-2025-028863,2025-07-29,CUS-02489,prd-0090,1.08,CARTON,452280,488462.4
ORD-2025-028865,2025-07-29,CUS-00366,prd-0092,10,EACH,30260,302600
ORD-2025-028879,2025-07-29,CUS-00338,prd-0125,0.2,CARTON,461400,92280.0
ORD-2025-028883,2025-07-29,CUS-00687,prd-0139,4,EACH,33360,133440
ORD-2025-028888,2025-07-29,CUS-00481,prd-0150,15,EACH,47850,717750
ORD-2025-028889,2025-07-29,CUS-00306,prd-0150,3.25,CARTON,191400,622050.0
ORD-2025-028898,2025-07-29,CUS-01136,prd-0166,0.17,CARTON,1231200,209304.0
ORD-2025-028899,2025-07-29,CUS-02434,prd-0167,3,EACH,14020,42060
ORD-2025-028901,2025-07-30,CUS-02136,prd-0023,0.92,CARTON,203280,187017.6
ORD-2025-028905,2025-07-30,CUS-02148,prd-0039,0.71,CARTON,354480,251680.8
ORD-2025-028909,2025-07-30,CUS-01311,prd-0057,1.2,CARTON,180400,216480.0
ORD-2025-028933,2025-07-30,CUS-00637,prd-0097,0.5,CARTON,261360,130680.0
ORD-2025-028936,2025-07-30,CUS-01882,prd-0100,0.5,CARTON,498720,249360.0
ORD-2025-028956,2025-07-30,CUS-02488,prd-0154,4,EACH,42470,169880
ORD-2025-028979,2025-07-31,CUS-01653,prd-0065,4,EACH,34000,136000
ORD-2025-029002,2025-07-31,CUS-01908,prd-0102,0.25,CARTON,204600,51150.0
ORD-2025-029012,2025-07-31,CUS-02485,prd-0135,0.02,CARTON,1579200,31584.0
ORD-2025-029015,2025-07-31,CUS-00939,prd-0141,0.08,CARTON,926400,74112.0
ORD-2025-029030,2025-07-31,CUS-01661,prd-0160,0.06,CARTON,1581120,94867.2
ORD-2025-029036,2025-08-01,CUS-01069,prd-0005,0.33,CARTON,37320,12315.599999999999
ORD-2025-029040,2025-08-01,CUS-00121,prd-0016,8,EACH,42680,341440
ORD-2025-029052,2025-08-01,CUS-02256,prd-0051,7,EACH,43070,301490
ORD-2025-029062,2025-08-01,CUS-01871,prd-0077,1.5,CARTON,186720,280080.0
ORD-2025-029063,2025-08-01,CUS-01488,prd-0077,0.33,CARTON,186720,61617.600000000006
ORD-2025-029070,2025-08-01,CUS-00206,prd-0086,15,EACH,28180,422700
ORD-2025-029081,2025-08-01,CUS-01702,prd-0109,0.92,CARTON,368400,338928.0
ORD-2025-029083,2025-08-01,CUS-01681,prd-0120,6,EACH,14740,88440
ORD-2025-029092,2025-08-01,CUS-01520,prd-0131,0.33,CARTON,1121040,369943.2
ORD-2025-029099,2025-08-01,CUS-02296,prd-0157,0.33,CARTON,297720,98247.6
ORD-2025-029101,2025-08-01,CUS-00324,prd-0158,0.17,CARTON,809280,137577.6
ORD-2025-029111,2025-08-02,CUS-01979,prd-0004,0.58,CARTON,53880,31250.399999999998
ORD-2025-029120,2025-08-02,CUS-01575,prd-0037,0.04,CARTON,615600,24624.0
ORD-2025-029142,2025-08-02,CUS-02414,prd-0118,0.42,CARTON,277320,116474.4
ORD-2025-029146,2025-08-02,CUS-00766,prd-0145,0.25,CARTON,763200,190800.0
ORD-2025-029149,2025-08-02,CUS-00569,prd-0151,2.25,CARTON,171360,385560.0
ORD-2025-029153,2025-08-02,CUS-00709,prd-0156,0.33,CARTON,702840,231937.2
ORD-2025-029158,2025-08-02,CUS-00653,prd-0162,1.12,CARTON,693600,776832.0000000001
ORD-2025-029159,2025-08-02,CUS-01362,prd-0163,0.08,CARTON,666960,53356.8
ORD-2025-029162,2025-08-03,CUS-00857,prd-0035,15,EACH,13660,204900
ORD-2025-029166,2025-08-03,CUS-02188,prd-0074,10,EACH,38390,383900
ORD-2025-029174,2025-08-03,CUS-01391,prd-0119,3,EACH,21950,65850
ORD-2025-029175,2025-08-03,CUS-00610,prd-0125,3,EACH,15380,46140
ORD-2025-029183,2025-08-04,CUS-00947,prd-0011,0.12,CARTON,412080,49449.600000000006
ORD-2025-029198,2025-08-04,CUS-00581,prd-0049,3,EACH,18190,54570
ORD-2025-029218,2025-08-04,CUS-02196,prd-0090,17,EACH,37690,640730
ORD-2025-029238,2025-08-04,CUS-00202,prd-0135,0.1,CARTON,1579200,157920.0
ORD-2025-029253,2025-08-04,CUS-01534,prd-0160,0.06,CARTON,1581120,94867.2
ORD-2025-029258,2025-08-05,CUS-01973,prd-0008,0.75,CARTON,196320,147240.0
ORD-2025-029261,2025-08-05,CUS-01906,prd-0019,0.42,CARTON,1499520,629798.3999999999
ORD-2025-029266,2025-08-05,CUS-00601,prd-0026,0.42,CARTON,49800,20916.0
ORD-2025-029274,2025-08-05,CUS-01536,prd-0058,0.2,CARTON,179800,35960.0
ORD-2025-029295,2025-08-05,CUS-01701,prd-0125,0.37,CARTON,461400,170718.0
ORD-2025-029313,2025-08-06,CUS-01644,prd-0020,0.17,CARTON,1402080,238353.60000000003
ORD-2025-029315,2025-08-06,CUS-00945,prd-0033,0.29,CARTON,264960,76838.4
ORD-2025-029329,2025-08-06,CUS-02309,prd-0085,4,EACH,32580,130320
ORD-2025-029335,2025-08-06,CUS-00797,prd-0086,0.58,CARTON,338160,196132.8
ORD-2025-029348,2025-08-06,CUS-01444,prd-0093,0.17,CARTON,276960,47083.200000000004
ORD-2025-029351,2025-08-06,CUS-01785,prd-0098,0.5,CARTON,183840,91920.0
ORD-2025-029357,2025-08-06,CUS-01963,prd-0101,0.42,CARTON,271080,113853.59999999999
ORD-2025-029358,2025-08-06,CUS-00289,prd-0102,0.5,CARTON,204600,102300.0
ORD-2025-029373,2025-08-06,CUS-00028,prd-0125,0.37,CARTON,461400,170718.0
ORD-2025-029378,2025-08-06,CUS-01583,prd-0139,0.1,CARTON,1601280,160128.0
ORD-2025-029396,2025-08-06,CUS-00241,prd-0164,0.17,CARTON,478080,81273.6
ORD-2025-029401,2025-08-07,CUS-01402,prd-0011,0.25,CARTON,412080,103020.0
ORD-2025-029404,2025-08-07,CUS-00721,prd-0020,12,EACH,29210,350520
ORD-2025-029412,2025-08-07,CUS-02105,prd-0056,0.42,CARTON,600480,252201.59999999998
ORD-2025-029415,2025-08-07,CUS-01370,prd-0065,3,EACH,34000,102000
ORD-2025-029426,2025-08-07,CUS-00399,prd-0090,1.0,CARTON,452280,452280.0
ORD-2025-029427,2025-08-07,CUS-01321,prd-0090,0.58,CARTON,452280,262322.39999999997
ORD-2025-029428,2025-08-07,CUS-02136,prd-0090,0.33,CARTON,452280,149252.40000000002
ORD-2025-029438,2025-08-07,CUS-00533,prd-0098,0.5,CARTON,183840,91920.0
ORD-2025-029449,2025-08-07,CUS-01746,prd-0121,2.0,CARTON,158580,317160.0
ORD-2025-029461,2025-08-07,CUS-00604,prd-0151,5,EACH,42840,214200
ORD-2025-029462,2025-08-07,CUS-00068,prd-0151,2.0,CARTON,171360,342720.0
ORD-2025-029468,2025-08-07,CUS-01843,prd-0153,23,EACH,24220,557060
ORD-2025-029469,2025-08-07,CUS-00862,prd-0156,0.75,CARTON,702840,527130.0
ORD-2025-029476,2025-08-07,CUS-02377,prd-0166,1.27,CARTON,1231200,1563624.0
ORD-2025-029477,2025-08-07,CUS-02333,prd-0167,0.25,CARTON,504720,126180.0
ORD-2025-029486,2025-08-08,CUS-01176,prd-0035,0.75,CARTON,163920,122940.0
ORD-2025-029490,2025-08-08,CUS-02465,prd-0041,7,EACH,6830,47810
ORD-2025-029504,2025-08-08,CUS-00067,prd-0076,1.33,CARTON,336600,447678.0
ORD-2025-029507,2025-08-08,CUS-00241,prd-0079,0.9,CARTON,468700,421830.0
ORD-2025-029515,2025-08-08,CUS-01882,prd-0086,0.42,CARTON,338160,142027.2
ORD-2025-029517,2025-08-08,CUS-00232,prd-0090,0.5,CARTON,452280,226140.0
ORD-2025-029531,2025-08-08,CUS-00662,prd-0102,48,EACH,17050,818400
ORD-2025-029546,2025-08-08,CUS-01442,prd-0125,0.37,CARTON,461400,170718.0
ORD-2025-029547,2025-08-08,CUS-00656,prd-0125,11,EACH,15380,169180
ORD-2025-029552,2025-08-08,CUS-02438,prd-0131,13,EACH,31140,404820
ORD-2025-029553,2025-08-08,CUS-01598,prd-0135,0.67,CARTON,1579200,1058064.0
ORD-2025-029558,2025-08-08,CUS-01379,prd-0151,5,EACH,42840,214200
ORD-2025-029568,2025-08-09,CUS-00854,prd-0023,11,EACH,16940,186340
ORD-2025-029570,2025-08-09,CUS-02465,prd-0046,0.1,CARTON,347200,34720.0
ORD-2025-029573,2025-08-09,CUS-01002,prd-0048,4.2,CARTON,84350,354270.0
ORD-2025-029585,2025-08-09,CUS-01632,prd-0090,0.58,CARTON,452280,262322.39999999997
ORD-2025-029589,2025-08-09,CUS-02335,prd-0100,6,EACH,20780,124680
ORD-2025-029591,2025-08-09,CUS-02042,prd-0105,12,EACH,41060,492720
ORD-2025-029597,2025-08-09,CUS-01905,prd-0122,4,EACH,19140,76560
ORD-2025-029604,2025-08-09,CUS-00161,prd-0156,0.67,CARTON,702840,470902.80000000005
ORD-2025-029605,2025-08-09,CUS-01398,prd-0161,0.15,CARTON,1566720,235008.0
ORD-2025-029606,2025-08-09,CUS-02059,prd-0162,0.25,CARTON,693600,173400.0
ORD-2025-029613,2025-08-10,CUS-00314,prd-0068,0.67,CARTON,195840,131212.80000000002
ORD-2025-029618,2025-08-10,CUS-01255,prd-0090,0.33,CARTON,452280,149252.40000000002
ORD-2025-029628,2025-08-10,CUS-02372,prd-0161,0.12,CARTON,1566720,188006.4
ORD-2025-029633,2025-08-11,CUS-02058,prd-0007,0.33,CARTON,204840,67597.20000000001
ORD-2025-029637,2025-08-11,CUS-01994,prd-0020,0.88,CARTON,1402080,1233830.4
ORD-2025-029642,2025-08-11,CUS-01722,prd-0035,1.33,CARTON,163920,218013.59999999998
ORD-2025-029645,2025-08-11,CUS-02284,prd-0039,0.38,CARTON,354480,134702.40000000002
ORD-2025-029647,2025-08-11,CUS-01424,prd-0043,1,EACH,17760,17760
ORD-2025-029677,2025-08-11,CUS-00496,prd-0108,0.29,CARTON,738000,214020.0
ORD-2025-029687,2025-08-11,CUS-01046,prd-0123,0.17,CARTON,345840,58792.8
ORD-2025-029690,2025-08-11,CUS-02327,prd-0125,0.27,CARTON,461400,124578.00000000001
ORD-2025-029693,2025-08-11,CUS-02350,prd-0131,0.5,CARTON,1121040,560520.0
ORD-2025-029712,2025-08-11,CUS-02103,prd-0161,43,EACH,32640,1403520
ORD-2025-029718,2025-08-12,CUS-00320,prd-0004,0.33,CARTON,53880,17780.4
ORD-2025-029719,2025-08-12,CUS-01553,prd-0005,0.58,CARTON,37320,21645.6
ORD-2025-029720,2025-08-12,CUS-01796,prd-0007,1.08,CARTON,204840,221227.2
ORD-2025-029728,2025-08-12,CUS-01949,prd-0023,0.25,CARTON,203280,50820.0
ORD-2025-029729,2025-08-12,CUS-01540,prd-0034,0.42,CARTON,184200,77364.0
ORD-2025-029738,2025-08-12,CUS-02304,prd-0068,0.58,CARTON,195840,113587.19999999998
ORD-2025-029740,2025-08-12,CUS-00699,prd-0075,5,EACH,34020,170100
ORD-2025-029753,2025-08-12,CUS-02353,prd-0093,3,EACH,23080,69240
ORD-2025-029754,2025-08-12,CUS-00077,prd-0093,0.42,CARTON,276960,116323.20000000001
ORD-2025-029757,2025-08-12,CUS-02371,prd-0111,0.21,CARTON,587520,123379.20000000001
ORD-2025-029765,2025-08-12,CUS-01791,prd-0142,5,EACH,52030,260150
ORD-2025-029766,2025-08-12,CUS-00431,prd-0145,0.17,CARTON,763200,129744.0
ORD-2025-029792,2025-08-13,CUS-00554,prd-0048,2.4,CARTON,84350,202440.0
ORD-2025-029807,2025-08-13,CUS-01884,prd-0083,12,EACH,23690,284280
ORD-2025-029814,2025-08-13,CUS-00935,prd-0090,0.42,CARTON,452280,189957.59999999998
ORD-2025-029819,2025-08-13,CUS-00500,prd-0106,0.17,CARTON,502680,85455.6
ORD-2025-029826,2025-08-13,CUS-01251,prd-0125,0.27,CARTON,461400,124578.00000000001
ORD-2025-029830,2025-08-13,CUS-01948,prd-0132,0.25,CARTON,1380960,345240.0
ORD-2025-029833,2025-08-13,CUS-01615,prd-0144,1.33,CARTON,383880,510560.4
ORD-2025-029841,2025-08-13,CUS-02180,prd-0156,0.25,CARTON,702840,175710.0
ORD-2025-029853,2025-08-14,CUS-02118,prd-0013,0.67,CARTON,143640,96238.8
ORD-2025-029865,2025-08-14,CUS-01290,prd-0051,5,EACH,43070,215350
ORD-2025-029866,2025-08-14,CUS-02105,prd-0051,2.25,CARTON,172280,387630.0
ORD-2025-029867,2025-08-14,CUS-02140,prd-0052,6,EACH,43630,261780
ORD-2025-029869,2025-08-14,CUS-00269,prd-0064,3,EACH,36350,109050
ORD-2025-029876,2025-08-14,CUS-02491,prd-0081,0.2,CARTON,421900,84380.0
ORD-2025-029882,2025-08-14,CUS-00041,prd-0085,8,EACH,32580,260640
ORD-2025-029889,2025-08-14,CUS-00379,prd-0090,0.5,CARTON,452280,226140.0
ORD-2025-029908,2025-08-14,CUS-02463,prd-0144,1.42,CARTON,383880,545109.6
ORD-2025-029917,2025-08-14,CUS-00728,prd-0162,4,EACH,28900,115600
ORD-2025-029922,2025-08-15,CUS-00983,prd-0011,0.08,CARTON,412080,32966.4
ORD-2025-029931,2025-08-15,CUS-01408,prd-0045,0.42,CARTON,88080,36993.6
ORD-2025-029937,2025-08-15,CUS-02185,prd-0056,0.08,CARTON,600480,48038.4
ORD-2025-029940,2025-08-15,CUS-00945,prd-0060,10,EACH,57540,575400
ORD-2025-029950,2025-08-15,CUS-02078,prd-0077,1.17,CARTON,186720,218462.39999999997
ORD-2025-029974,2025-08-15,CUS-01271,prd-0129,0.17,CARTON,213720,36332.4
ORD-2025-029975,2025-08-15,CUS-01431,prd-0135,0.17,CARTON,1579200,268464.0
ORD-2025-029977,2025-08-15,CUS-01435,prd-0142,1.0,CARTON,624360,624360.0
ORD-2025-029986,2025-08-15,CUS-01140,prd-0155,19,EACH,65880,1251720
ORD-2025-029991,2025-08-15,CUS-00506,prd-0161,0.04,CARTON,1566720,62668.8
ORD-2025-029995,2025-08-15,CUS-02209,prd-0165,0.21,CARTON,1122240,235670.40000000002
ORD-2025-030006,2025-08-16,CUS-00251,prd-0074,0.6,CARTON,383900,230340.0
ORD-2025-030014,2025-08-16,CUS-00677,prd-0090,0.08,CARTON,452280,36182.4
ORD-2025-030015,2025-08-16,CUS-01885,prd-0093,0.17,CARTON,276960,47083.200000000004
ORD-2025-030022,2025-08-16,CUS-02319,prd-0118,0.42,CARTON,277320,116474.4
ORD-2025-030023,2025-08-16,CUS-01127,prd-0120,0.54,CARTON,353760,191030.40000000002
ORD-2025-030027,2025-08-16,CUS-00133,prd-0141,0.29,CARTON,926400,268656.0
ORD-2025-030035,2025-08-16,CUS-01136,prd-0151,7,EACH,42840,299880
ORD-2025-030039,2025-08-16,CUS-01435,prd-0160,9,EACH,32940,296460
ORD-2025-030042,2025-08-17,CUS-01613,prd-0005,1.25,CARTON,37320,46650.0
ORD-2025-030049,2025-08-17,CUS-02192,prd-0045,0.42,CARTON,88080,36993.6
ORD-2025-030057,2025-08-17,CUS-01591,prd-0086,0.17,CARTON,338160,57487.200000000004
ORD-2025-030061,2025-08-17,CUS-00182,prd-0100,6,EACH,20780,124680
ORD-2025-030066,2025-08-17,CUS-00534,prd-0151,1.25,CARTON,171360,214200.0
ORD-2025-030067,2025-08-17,CUS-00772,prd-0153,16,EACH,24220,387520
ORD-2025-030068,2025-08-17,CUS-01922,prd-0153,0.33,CARTON,1162560,383644.80000000005
ORD-2025-030074,2025-08-18,CUS-01423,prd-0008,2,EACH,16360,32720
ORD-2025-030075,2025-08-18,CUS-01080,prd-0012,10,EACH,18410,184100
ORD-2025-030083,2025-08-18,CUS-00842,prd-0031,0.12,CARTON,879840,105580.79999999999
ORD-2025-030089,2025-08-18,CUS-00432,prd-0057,1.2,CARTON,180400,216480.0
ORD-2025-030091,2025-08-18,CUS-00709,prd-0061,0.04,CARTON,816000,32640.000000000004
ORD-2025-030094,2025-08-18,CUS-01000,prd-0062,0.12,CARTON,894500,107339.99999999999
ORD-2025-030102,2025-08-18,CUS-01292,prd-0079,0.9,CARTON,468700,421830.0
ORD-2025-030112,2025-08-18,CUS-00443,prd-0091,0.5,CARTON,324120,162060.0
ORD-2025-030126,2025-08-18,CUS-00687,prd-0117,5,EACH,17520,87600
ORD-2025-030133,2025-08-18,CUS-01656,prd-0125,0.23,CARTON,461400,106122.0
ORD-2025-030134,2025-08-18,CUS-01144,prd-0125,4,EACH,15380,61520
ORD-2025-030142,2025-08-18,CUS-00880,prd-0147,7,EACH,32330,226310
ORD-2025-030143,2025-08-18,CUS-01861,prd-0150,6.0,CARTON,191400,1148400.0
ORD-2025-030155,2025-08-18,CUS-00584,prd-0165,0.12,CARTON,1122240,134668.8
ORD-2025-030156,2025-08-18,CUS-00696,prd-0166,0.02,CARTON,1231200,24624.0
ORD-2025-030172,2025-08-19,CUS-02269,prd-0033,0.46,CARTON,264960,121881.6
ORD-2025-030176,2025-08-19,CUS-00540,prd-0039,0.54,CARTON,354480,191419.2
ORD-2025-030189,2025-08-19,CUS-02414,prd-0084,24,EACH,27760,666240
ORD-2025-030190,2025-08-19,CUS-01046,prd-0086,0.17,CARTON,338160,57487.200000000004
ORD-2025-030205,2025-08-19,CUS-00712,prd-0100,0.38,CARTON,498720,189513.6
ORD-2025-030249,2025-08-20,CUS-01925,prd-0050,0.54,CARTON,130080,70243.20000000001
ORD-2025-030256,2025-08-20,CUS-00774,prd-0072,1.0,CARTON,426000,426000.0
ORD-2025-030269,2025-08-20,CUS-01333,prd-0090,0.67,CARTON,452280,303027.60000000003
ORD-2025-030270,2025-08-20,CUS-01545,prd-0090,1.08,CARTON,452280,488462.4
ORD-2025-030277,2025-08-20,CUS-00569,prd-0100,0.33,CARTON,498720,164577.6
ORD-2025-030278,2025-08-20,CUS-01593,prd-0100,8,EACH,20780,166240
ORD-2025-030284,2025-08-20,CUS-01432,prd-0113,0.18,CARTON,625200,112536.0
ORD-2025-030285,2025-08-20,CUS-02477,prd-0120,0.42,CARTON,353760,148579.2
ORD-2025-030292,2025-08-20,CUS-00825,prd-0128,1.0,CARTON,123540,123540.0
ORD-2025-030297,2025-08-20,CUS-01424,prd-0142,0.58,CARTON,624360,362128.8
ORD-2025-030305,2025-08-20,CUS-00366,prd-0151,0.75,CARTON,171360,128520.0
ORD-2025-030315,2025-08-20,CUS-02230,prd-0161,0.06,CARTON,1566720,94003.2
ORD-2025-030316,2025-08-20,CUS-01418,prd-0163,20,EACH,27790,555800
ORD-2025-030320,2025-08-20,CUS-01593,prd-0169,4,EACH,15310,61240
ORD-2025-030322,2025-08-21,CUS-00138,prd-0007,0.25,CARTON,204840,51210.0
ORD-2025-030358,2025-08-21,CUS-01286,prd-0125,0.2,CARTON,461400,92280.0
ORD-2025-030368,2025-08-21,CUS-00800,prd-0151,3.25,CARTON,171360,556920.0
ORD-2025-030382,2025-08-22,CUS-02059,prd-0007,0.75,CARTON,204840,153630.0
ORD-2025-030383,2025-08-22,CUS-00168,prd-0007,4,EACH,17070,68280
ORD-2025-030395,2025-08-22,CUS-00462,prd-0023,0.25,CARTON,203280,50820.0
ORD-2025-030407,2025-08-22,CUS-00384,prd-0063,0.18,CARTON,753500,135630.0
ORD-2025-030417,2025-08-22,CUS-00539,prd-0085,0.33,CARTON,781920,258033.59999999998
ORD-2025-030434,2025-08-22,CUS-00561,prd-0100,3,EACH,20780,62340
ORD-2025-030435,2025-08-22,CUS-02129,prd-0100,0.04,CARTON,498720,19948.800000000003
ORD-2025-030485,2025-08-23,CUS-00555,prd-0047,5,EACH,19060,95300
ORD-2025-030495,2025-08-23,CUS-01445,prd-0062,0.2,CARTON,894500,178900.0
ORD-2025-030506,2025-08-23,CUS-00354,prd-0086,0.25,CARTON,338160,84540.0
ORD-2025-030509,2025-08-23,CUS-02003,prd-0090,0.42,CARTON,452280,189957.59999999998
ORD-2025-030510,2025-08-23,CUS-02353,prd-0090,0.17,CARTON,452280,76887.6
ORD-2025-030530,2025-08-23,CUS-02199,prd-0138,3,EACH,27020,81060
ORD-2025-030531,2025-08-23,CUS-01327,prd-0139,0.1,CARTON,1601280,160128.0
ORD-2025-030532,2025-08-23,CUS-01470,prd-0146,0.88,CARTON,835680,735398.3999999999
ORD-2025-030537,2025-08-23,CUS-00960,prd-0151,0.25,CARTON,171360,42840.0
ORD-2025-030551,2025-08-24,CUS-00452,prd-0057,18,EACH,18040,324720
ORD-2025-030557,2025-08-24,CUS-00655,prd-0090,0.75,CARTON,452280,339210.0
ORD-2025-030572,2025-08-25,CUS-02283,prd-0026,3,EACH,4150,12450
ORD-2025-030576,2025-08-25,CUS-00843,prd-0050,0.21,CARTON,130080,27316.800000000003
ORD-2025-030592,2025-08-25,CUS-02476,prd-0086,0.92,CARTON,338160,311107.2
ORD-2025-030596,2025-08-25,CUS-00269,prd-0090,8,EACH,37690,301520
ORD-2025-030597,2025-08-25,CUS-00700,prd-0090,8,EACH,37690,301520
ORD-2025-030620,2025-08-25,CUS-02008,prd-0128,0.33,CARTON,123540,40768.200000000004
ORD-2025-030629,2025-08-25,CUS-02240,prd-0151,1.5,CARTON,171360,257040.0
ORD-2025-030630,2025-08-25,CUS-00826,prd-0151,1.75,CARTON,171360,299880.0
ORD-2025-030631,2025-08-25,CUS-01561,prd-0151,2.5,CARTON,171360,428400.0
ORD-2025-030638,2025-08-25,CUS-01176,prd-0160,2,EACH,32940,65880
ORD-2025-030644,2025-08-25,CUS-00697,prd-0167,11,EACH,14020,154220
ORD-2025-030648,2025-08-26,CUS-00120,prd-0004,1.42,CARTON,53880,76509.59999999999
ORD-2025-030649,2025-08-26,CUS-01535,prd-0004,0.58,CARTON,53880,31250.399999999998
ORD-2025-030651,2025-08-26,CUS-02362,prd-0014,0.92,CARTON,165480,152241.6
ORD-2025-030653,2025-08-26,CUS-00166,prd-0018,0.67,CARTON,750840,503062.80000000005
ORD-2025-030654,2025-08-26,CUS-02470,prd-0018,1.08,CARTON,750840,810907.2000000001
ORD-2025-030682,2025-08-26,CUS-02076,prd-0086,8,EACH,28180,225440
ORD-2025-030683,2025-08-26,CUS-00197,prd-0086,0.08,CARTON,338160,27052.800000000003
ORD-2025-030688,2025-08-26,CUS-01937,prd-0090,0.42,CARTON,452280,189957.59999999998
ORD-2025-030689,2025-08-26,CUS-01493,prd-0090,0.67,CARTON,452280,303027.60000000003
ORD-2025-030693,2025-08-26,CUS-00559,prd-0094,1.17,CARTON,268320,313934.39999999997
ORD-2025-030695,2025-08-26,CUS-01289,prd-0098,0.33,CARTON,183840,60667.200000000004
ORD-2025-030696,2025-08-26,CUS-02438,prd-0098,2.17,CARTON,183840,398932.80000000005
ORD-2025-030697,2025-08-26,CUS-00158,prd-0100,0.29,CARTON,498720,144628.8
ORD-2025-030702,2025-08-26,CUS-00168,prd-0108,0.79,CARTON,738000,583020.0
ORD-2025-030708,2025-08-26,CUS-02440,prd-0125,0.2,CARTON,461400,92280.0
ORD-2025-030709,2025-08-26,CUS-00421,prd-0126,0.42,CARTON,351240,147520.8
ORD-2025-030710,2025-08-26,CUS-01291,prd-0127,0.5,CARTON,201120,100560.0
ORD-2025-030717,2025-08-26,CUS-01310,prd-0151,0.75,CARTON,171360,128520.0
ORD-2025-030718,2025-08-26,CUS-00552,prd-0151,0.75,CARTON,171360,128520.0
ORD-2025-030725,2025-08-26,CUS-02078,prd-0160,0.29,CARTON,1581120,458524.79999999993
ORD-2025-030737,2025-08-27,CUS-00955,prd-0012,5,EACH,18410,92050
ORD-2025-030739,2025-08-27,CUS-01311,prd-0016,6,EACH,42680,256080
ORD-2025-030745,2025-08-27,CUS-01464,prd-0040,8,EACH,14100,112800
ORD-2025-030748,2025-08-27,CUS-00150,prd-0051,0.5,CARTON,172280,86140.0
ORD-2025-030754,2025-08-27,CUS-00384,prd-0065,2.0,CARTON,408000,816000.0
ORD-2025-030758,2025-08-27,CUS-00537,prd-0074,23,EACH,38390,882970
ORD-2025-030761,2025-08-27,CUS-00920,prd-0077,0.67,CARTON,186720,125102.40000000001
ORD-2025-030778,2025-08-27,CUS-02153,prd-0090,0.42,CARTON,452280,189957.59999999998
ORD-2025-030785,2025-08-27,CUS-01594,prd-0100,5,EACH,20780,103900
ORD-2025-030788,2025-08-27,CUS-01153,prd-0118,0.17,CARTON,277320,47144.4
ORD-2025-030792,2025-08-27,CUS-01446,prd-0121,10,EACH,26430,264300
ORD-2025-030797,2025-08-27,CUS-01308,prd-0128,0.83,CARTON,123540,102538.20000000001
ORD-2025-030800,2025-08-27,CUS-00581,prd-0145,0.75,CARTON,763200,572400.0
ORD-2025-030805,2025-08-27,CUS-01406,prd-0151,3.0,CARTON,171360,514080.0
ORD-2025-030814,2025-08-27,CUS-02064,prd-0166,13,EACH,25650,333450
ORD-2025-030815,2025-08-27,CUS-02111,prd-0167,4,EACH,14020,56080
ORD-2025-030818,2025-08-28,CUS-01623,prd-0004,1,EACH,4490,4490
ORD-2025-030845,2025-08-28,CUS-02060,prd-0077,1.0,CARTON,186720,186720.0
ORD-2025-030847,2025-08-28,CUS-01539,prd-0086,10,EACH,28180,281800
ORD-2025-030848,2025-08-28,CUS-00736,prd-0086,0.67,CARTON,338160,226567.2
ORD-2025-030857,2025-08-28,CUS-01928,prd-0098,0.42,CARTON,183840,77212.79999999999
ORD-2025-030865,2025-08-28,CUS-01640,prd-0113,0.12,CARTON,625200,75023.99999999999
ORD-2025-030876,2025-08-28,CUS-01065,prd-0142,0.58,CARTON,624360,362128.8
ORD-2025-030882,2025-08-28,CUS-01867,prd-0151,1.25,CARTON,171360,214200.0
ORD-2025-030883,2025-08-28,CUS-02313,prd-0151,1.75,CARTON,171360,299880.0
ORD-2025-030895,2025-08-28,CUS-02153,prd-0165,0.1,CARTON,1122240,112224.0
ORD-2025-030899,2025-08-29,CUS-00580,prd-0005,0.42,CARTON,37320,15674.400000000001
ORD-2025-030919,2025-08-29,CUS-02112,prd-0048,1.6,CARTON,84350,134960.0
ORD-2025-030931,2025-08-29,CUS-02059,prd-0070,9,EACH,19240,173160
ORD-2025-030950,2025-08-29,CUS-01404,prd-0090,0.58,CARTON,452280,262322.39999999997
ORD-2025-030951,2025-08-29,CUS-02255,prd-0090,0.67,CARTON,452280,303027.60000000003
ORD-2025-030958,2025-08-29,CUS-01998,prd-0093,1.25,CARTON,276960,346200.0
ORD-2025-030962,2025-08-29,CUS-01448,prd-0100,11,EACH,20780,228580
ORD-2025-030986,2025-08-29,CUS-02374,prd-0151,4,EACH,42840,171360
ORD-2025-030989,2025-08-29,CUS-02153,prd-0154,0.25,CARTON,1019280,254820.0
ORD-2025-030990,2025-08-29,CUS-01855,prd-0156,0.08,CARTON,702840,56227.200000000004
ORD-2025-030996,2025-08-29,CUS-01323,prd-0161,0.08,CARTON,1566720,125337.6
ORD-2025-030999,2025-08-29,CUS-01086,prd-0166,0.04,CARTON,1231200,49248.0
ORD-2025-031001,2025-08-30,CUS-01839,prd-0004,1.67,CARTON,53880,89979.59999999999
ORD-2025-031004,2025-08-30,CUS-01913,prd-0005,0.67,CARTON,37320,25004.4
ORD-2025-031017,2025-08-30,CUS-01593,prd-0068,34,EACH,16320,554880
ORD-2025-031028,2025-08-30,CUS-01421,prd-0090,0.75,CARTON,452280,339210.0
ORD-2025-031037,2025-08-30,CUS-02319,prd-0098,0.33,CARTON,183840,60667.200000000004
ORD-2025-031039,2025-08-30,CUS-02209,prd-0108,0.71,CARTON,738000,523980.0
ORD-2025-031042,2025-08-30,CUS-00529,prd-0118,0.17,CARTON,277320,47144.4
ORD-2025-031052,2025-08-30,CUS-00694,prd-0153,0.15,CARTON,1162560,174384.0
ORD-2025-031054,2025-08-30,CUS-00656,prd-0160,0.06,CARTON,1581120,94867.2
ORD-2025-031087,2025-09-01,CUS-01013,prd-0011,1,EACH,17170,17170
ORD-2025-031091,2025-09-01,CUS-01593,prd-0039,10,EACH,14770,147700
ORD-2025-031095,2025-09-01,CUS-01494,prd-0055,4,EACH,16990,67960
ORD-2025-031098,2025-09-01,CUS-02500,prd-0057,11,EACH,18040,198440
ORD-2025-031109,2025-09-01,CUS-01576,prd-0077,1.67,CARTON,186720,311822.39999999997
ORD-2025-031120,2025-09-01,CUS-01141,prd-0090,24,EACH,37690,904560
ORD-2025-031123,2025-09-01,CUS-00191,prd-0095,0.25,CARTON,243480,60870.0
ORD-2025-031129,2025-09-01,CUS-02168,prd-0108,25,EACH,30750,768750
ORD-2025-031131,2025-09-01,CUS-01985,prd-0113,0.05,CARTON,625200,31260.0
ORD-2025-031151,2025-09-01,CUS-01180,prd-0151,6,EACH,42840,257040
ORD-2025-031152,2025-09-01,CUS-01711,prd-0151,0.75,CARTON,171360,128520.0
ORD-2025-031162,2025-09-02,CUS-01233,prd-0011,0.04,CARTON,412080,16483.2
ORD-2025-031163,2025-09-02,CUS-00195,prd-0016,0.67,CARTON,512160,343147.2
ORD-2025-031168,2025-09-02,CUS-01737,prd-0031,6,EACH,36660,219960
ORD-2025-031170,2025-09-02,CUS-01666,prd-0039,0.71,CARTON,354480,251680.8
ORD-2025-031179,2025-09-02,CUS-01673,prd-0055,0.12,CARTON,679600,81552.0
ORD-2025-031180,2025-09-02,CUS-00941,prd-0057,0.8,CARTON,180400,144320.0
ORD-2025-031185,2025-09-02,CUS-01823,prd-0064,4.5,CARTON,145400,654300.0
ORD-2025-031186,2025-09-02,CUS-01556,prd-0064,5,EACH,36350,181750
ORD-2025-031193,2025-09-02,CUS-01848,prd-0070,0.3,CARTON,192400,57720.0
ORD-2025-031212,2025-09-02,CUS-01752,prd-0090,0.25,CARTON,452280,113070.0
ORD-2025-031213,2025-09-02,CUS-00616,prd-0090,7,EACH,37690,263830
ORD-2025-031220,2025-09-02,CUS-02196,prd-0106,0.5,CARTON,502680,251340.0
ORD-2025-031221,2025-09-02,CUS-01614,prd-0111,5,EACH,12240,61200
ORD-2025-031222,2025-09-02,CUS-01308,prd-0125,0.1,CARTON,461400,46140.0
ORD-2025-031229,2025-09-02,CUS-00730,prd-0137,0.08,CARTON,1327200,106176.0
ORD-2025-031237,2025-09-02,CUS-00423,prd-0153,14,EACH,24220,339080
ORD-2025-031244,2025-09-03,CUS-01658,prd-0018,1.17,CARTON,750840,878482.7999999999
ORD-2025-031261,2025-09-03,CUS-01371,prd-0076,0.5,CARTON,336600,168300.0
ORD-2025-031295,2025-09-03,CUS-01438,prd-0127,0.42,CARTON,201120,84470.4
ORD-2025-031297,2025-09-03,CUS-01931,prd-0135,0.08,CARTON,1579200,126336.0
ORD-2025-031299,2025-09-03,CUS-02361,prd-0142,0.5,CARTON,624360,312180.0
ORD-2025-031306,2025-09-03,CUS-00500,prd-0151,2.5,CARTON,171360,428400.0
ORD-2025-031307,2025-09-03,CUS-01569,prd-0151,1.75,CARTON,171360,299880.0
ORD-2025-031308,2025-09-03,CUS-02224,prd-0151,0.5,CARTON,171360,85680.0
ORD-2025-031309,2025-09-03,CUS-00709,prd-0151,9,EACH,42840,385560
ORD-2025-031322,2025-09-03,CUS-01975,prd-0166,0.06,CARTON,1231200,73872.0
ORD-2025-031327,2025-09-04,CUS-01379,prd-0010,0.75,CARTON,192600,144450.0
ORD-2025-031328,2025-09-04,CUS-00461,prd-0016,6,EACH,42680,256080
ORD-2025-031333,2025-09-04,CUS-00358,prd-0028,0.42,CARTON,58920,24746.399999999998
ORD-2025-031343,2025-09-04,CUS-01985,prd-0052,2,EACH,43630,87260
ORD-2025-031360,2025-09-04,CUS-02395,prd-0083,0.25,CARTON,568560,142140.0
ORD-2025-031377,2025-09-04,CUS-00899,prd-0100,0.38,CARTON,498720,189513.6
ORD-2025-031378,2025-09-04,CUS-00497,prd-0100,1,EACH,20780,20780
ORD-2025-031382,2025-09-04,CUS-01414,prd-0120,0.12,CARTON,353760,42451.2
ORD-2025-031384,2025-09-04,CUS-01869,prd-0122,3,EACH,19140,57420
ORD-2025-031387,2025-09-04,CUS-02150,prd-0125,20,EACH,15380,307600
ORD-2025-031394,2025-09-04,CUS-01745,prd-0143,3,EACH,48640,145920
ORD-2025-031395,2025-09-04,CUS-00935,prd-0148,0.21,CARTON,654480,137440.8
ORD-2025-031400,2025-09-04,CUS-01751,prd-0151,12,EACH,42840,514080
ORD-2025-031412,2025-09-05,CUS-02129,prd-0035,0.83,CARTON,163920,136053.59999999998
ORD-2025-031415,2025-09-05,CUS-01116,prd-0039,0.25,CARTON,354480,88620.0
ORD-2025-031420,2025-09-05,CUS-00518,prd-0054,7,EACH,17260,120820
ORD-2025-031421,2025-09-05,CUS-01411,prd-0057,0.3,CARTON,180400,54120.0
ORD-2025-031425,2025-09-05,CUS-00601,prd-0061,7,EACH,16320,114240
ORD-2025-031431,2025-09-05,CUS-01435,prd-0077,0.67,CARTON,186720,125102.40000000001
ORD-2025-031432,2025-09-05,CUS-00862,prd-0077,0.33,CARTON,186720,61617.600000000006
ORD-2025-031448,2025-09-05,CUS-00400,prd-0098,0.25,CARTON,183840,45960.0
ORD-2025-031457,2025-09-05,CUS-01503,prd-0115,4,EACH,21210,84840
ORD-2025-031491,2025-09-06,CUS-01563,prd-0055,0.15,CARTON,679600,101940.0
ORD-2025-031492,2025-09-06,CUS-00655,prd-0057,8,EACH,18040,144320
ORD-2025-031500,2025-09-06,CUS-01889,prd-0087,17,EACH,24070,409190
ORD-2025-031512,2025-09-06,CUS-01306,prd-0109,3.08,CARTON,368400,1134672.0
ORD-2025-031515,2025-09-06,CUS-00862,prd-0122,11,EACH,19140,210540
ORD-2025-031542,2025-09-07,CUS-00179,prd-0072,9,EACH,42600,383400
ORD-2025-031543,2025-09-07,CUS-02452,prd-0074,9,EACH,38390,345510
ORD-2025-031556,2025-09-07,CUS-02112,prd-0151,3,EACH,42840,128520
ORD-2025-031559,2025-09-08,CUS-00273,prd-0004,4,EACH,4490,17960
ORD-2025-031562,2025-09-08,CUS-00287,prd-0007,0.75,CARTON,204840,153630.0
ORD-2025-031570,2025-09-08,CUS-01298,prd-0035,0.83,CARTON,163920,136053.59999999998
ORD-2025-031612,2025-09-08,CUS-02453,prd-0108,0.62,CARTON,738000,457560.0
ORD-2025-031620,2025-09-08,CUS-00083,prd-0131,6,EACH,31140,186840
ORD-2025-031633,2025-09-08,CUS-00655,prd-0151,1.75,CARTON,171360,299880.0
ORD-2025-031647,2025-09-09,CUS-00645,prd-0011,0.21,CARTON,412080,86536.79999999999
ORD-2025-031660,2025-09-09,CUS-00584,prd-0051,2.75,CARTON,172280,473770.0
ORD-2025-031679,2025-09-09,CUS-00928,prd-0090,0.17,CARTON,452280,76887.6
ORD-2025-031680,2025-09-09,CUS-00179,prd-0090,0.42,CARTON,452280,189957.59999999998
ORD-2025-031688,2025-09-09,CUS-00111,prd-0098,0.33,CARTON,183840,60667.200000000004
ORD-2025-031696,2025-09-09,CUS-01682,prd-0121,4.33,CARTON,158580,686651.4
ORD-2025-031699,2025-09-09,CUS-02305,prd-0125,0.1,CARTON,461400,46140.0
ORD-2025-031702,2025-09-09,CUS-00409,prd-0129,0.5,CARTON,213720,106860.0
ORD-2025-031712,2025-09-09,CUS-01144,prd-0151,4.5,CARTON,171360,771120.0
ORD-2025-031718,2025-09-09,CUS-01520,prd-0161,0.21,CARTON,1566720,329011.19999999995
ORD-2025-031722,2025-09-09,CUS-01939,prd-0166,0.58,CARTON,1231200,714095.9999999999
ORD-2025-031729,2025-09-10,CUS-01641,prd-0012,8,EACH,18410,147280
ORD-2025-031736,2025-09-10,CUS-02018,prd-0051,3.5,CARTON,172280,602980.0
ORD-2025-031737,2025-09-10,CUS-00425,prd-0052,1,EACH,43630,43630
ORD-2025-031741,2025-09-10,CUS-02123,prd-0065,9,EACH,34000,306000
ORD-2025-031753,2025-09-10,CUS-00166,prd-0090,27,EACH,37690,1017630
ORD-2025-031754,2025-09-10,CUS-00367,prd-0090,1,EACH,37690,37690
ORD-2025-031760,2025-09-10,CUS-00855,prd-0100,0.58,CARTON,498720,289257.6
ORD-2025-031761,2025-09-10,CUS-01757,prd-0100,0.75,CARTON,498720,374040.0
ORD-2025-031770,2025-09-10,CUS-01708,prd-0120,1.25,CARTON,353760,442200.0
ORD-2025-031773,2025-09-10,CUS-02296,prd-0126,0.83,CARTON,351240,291529.19999999995
ORD-2025-031775,2025-09-10,CUS-00323,prd-0131,10,EACH,31140,311400
ORD-2025-031776,2025-09-10,CUS-01729,prd-0137,0.06,CARTON,1327200,79632.0
ORD-2025-031778,2025-09-10,CUS-00565,prd-0139,0.12,CARTON,1601280,192153.59999999998
ORD-2025-031781,2025-09-10,CUS-02269,prd-0149,13,EACH,45880,596440
ORD-2025-031783,2025-09-10,CUS-00303,prd-0151,2.25,CARTON,171360,385560.0
ORD-2025-031797,2025-09-10,CUS-02170,prd-0166,5,EACH,25650,128250
ORD-2025-031807,2025-09-11,CUS-01719,prd-0031,6,EACH,36660,219960
ORD-2025-031815,2025-09-11,CUS-01908,prd-0058,0.4,CARTON,179800,71920.0
ORD-2025-031821,2025-09-11,CUS-00252,prd-0077,7,EACH,31120,217840
ORD-2025-031832,2025-09-11,CUS-01591,prd-0090,1,EACH,37690,37690
ORD-2025-031845,2025-09-11,CUS-00709,prd-0121,0.17,CARTON,158580,26958.600000000002
ORD-2025-031846,2025-09-11,CUS-02294,prd-0122,5,EACH,19140,95700
ORD-2025-031855,2025-09-11,CUS-01216,prd-0151,1.25,CARTON,171360,214200.0
ORD-2025-031856,2025-09-11,CUS-00645,prd-0151,8,EACH,42840,342720
ORD-2025-031861,2025-09-11,CUS-00460,prd-0156,0.5,CARTON,702840,351420.0
ORD-2025-031865,2025-09-11,CUS-02107,prd-0160,0.54,CARTON,1581120,853804.8
ORD-2025-031870,2025-09-12,CUS-01632,prd-0004,0.58,CARTON,53880,31250.399999999998
ORD-2025-031873,2025-09-12,CUS-00757,prd-0008,0.42,CARTON,196320,82454.4
ORD-2025-031882,2025-09-12,CUS-01441,prd-0034,0.33,CARTON,184200,60786.0
ORD-2025-031886,2025-09-12,CUS-02111,prd-0051,4.5,CARTON,172280,775260.0
ORD-2025-031889,2025-09-12,CUS-00063,prd-0061,0.2,CARTON,816000,163200.0
ORD-2025-031899,2025-09-12,CUS-00050,prd-0080,0.75,CARTON,286800,215100.0
ORD-2025-031904,2025-09-12,CUS-01737,prd-0086,8,EACH,28180,225440
ORD-2025-031905,2025-09-12,CUS-00215,prd-0086,16,EACH,28180,450880
ORD-2025-031919,2025-09-12,CUS-02188,prd-0111,0.23,CARTON,587520,135129.6
ORD-2025-031925,2025-09-12,CUS-01503,prd-0125,4,EACH,15380,61520
ORD-2025-031938,2025-09-12,CUS-02489,prd-0150,20,EACH,47850,957000
ORD-2025-031947,2025-09-12,CUS-02163,prd-0153,0.23,CARTON,1162560,267388.80000000005
ORD-2025-031948,2025-09-12,CUS-00659,prd-0154,0.42,CARTON,1019280,428097.6
ORD-2025-031971,2025-09-13,CUS-02396,prd-0060,5,EACH,57540,287700
ORD-2025-032000,2025-09-13,CUS-01013,prd-0151,3.5,CARTON,171360,599760.0
ORD-2025-032005,2025-09-13,CUS-00516,prd-0161,6,EACH,32640,195840
ORD-2025-032022,2025-09-14,CUS-00393,prd-0137,0.48,CARTON,1327200,637056.0
ORD-2025-032033,2025-09-15,CUS-01032,prd-0007,10,EACH,17070,170700
ORD-2025-032036,2025-09-15,CUS-01441,prd-0017,0.08,CARTON,476160,38092.8
ORD-2025-032039,2025-09-15,CUS-00426,prd-0020,0.19,CARTON,1402080,266395.19999999995
ORD-2025-032050,2025-09-15,CUS-01644,prd-0048,5.0,CARTON,84350,421750.0
ORD-2025-032051,2025-09-15,CUS-00264,prd-0049,0.1,CARTON,181900,18190.0
ORD-2025-032082,2025-09-15,CUS-01563,prd-0090,0.58,CARTON,452280,262322.39999999997
ORD-2025-032083,2025-09-15,CUS-01705,prd-0090,0.58,CARTON,452280,262322.39999999997
ORD-2025-032084,2025-09-15,CUS-01861,prd-0090,0.25,CARTON,452280,113070.0
ORD-2025-032092,2025-09-15,CUS-01402,prd-0098,5,EACH,15320,76600
ORD-2025-032101,2025-09-15,CUS-01736,prd-0109,11,EACH,30700,337700
ORD-2025-032108,2025-09-15,CUS-02226,prd-0121,1.0,CARTON,158580,158580.0
ORD-2025-032128,2025-09-15,CUS-00949,prd-0160,8,EACH,32940,263520
ORD-2025-032132,2025-09-15,CUS-02211,prd-0161,0.15,CARTON,1566720,235008.0
ORD-2025-032141,2025-09-16,CUS-00005,prd-0007,1.25,CARTON,204840,256050.0
ORD-2025-032150,2025-09-16,CUS-01922,prd-0039,0.17,CARTON,354480,60261.600000000006
ORD-2025-032165,2025-09-16,CUS-00435,prd-0078,0.17,CARTON,404640,68788.8
ORD-2025-032176,2025-09-16,CUS-00664,prd-0086,1.5,CARTON,338160,507240.0
ORD-2025-032183,2025-09-16,CUS-00897,prd-0090,0.33,CARTON,452280,149252.40000000002
ORD-2025-032192,2025-09-16,CUS-02117,prd-0100,0.42,CARTON,498720,209462.40000000002
ORD-2025-032199,2025-09-16,CUS-00911,prd-0113,0.12,CARTON,625200,75023.99999999999
ORD-2025-032211,2025-09-16,CUS-00730,prd-0135,0.06,CARTON,1579200,94752.0
ORD-2025-032217,2025-09-16,CUS-00182,prd-0151,4.75,CARTON,171360,813960.0
ORD-2025-032234,2025-09-17,CUS-01086,prd-0006,0.42,CARTON,36720,15422.400000000001
ORD-2025-032238,2025-09-17,CUS-00371,prd-0037,0.21,CARTON,615600,129276.0
ORD-2025-032245,2025-09-17,CUS-00963,prd-0061,13,EACH,16320,212160
ORD-2025-032267,2025-09-17,CUS-00659,prd-0103,0.5,CARTON,461760,230880.0
ORD-2025-032277,2025-09-17,CUS-02477,prd-0120,0.17,CARTON,353760,60139.200000000004
ORD-2025-032283,2025-09-17,CUS-00049,prd-0137,0.04,CARTON,1327200,53088.0
ORD-2025-032291,2025-09-17,CUS-01404,prd-0147,0.67,CARTON,775920,519866.4
ORD-2025-032298,2025-09-17,CUS-02086,prd-0151,8,EACH,42840,342720
ORD-2025-032307,2025-09-17,CUS-02223,prd-0165,0.06,CARTON,1122240,67334.4
ORD-2025-032308,2025-09-17,CUS-00321,prd-0166,0.21,CARTON,1231200,258552.0
ORD-2025-032324,2025-09-18,CUS-01276,prd-0035,0.58,CARTON,163920,95073.59999999999
ORD-2025-032330,2025-09-18,CUS-02395,prd-0058,0.3,CARTON,179800,53940.0
ORD-2025-032331,2025-09-18,CUS-01905,prd-0060,0.54,CARTON,2877000,1553580.0
ORD-2025-032334,2025-09-18,CUS-01810,prd-0070,15,EACH,19240,288600
ORD-2025-032348,2025-09-18,CUS-01841,prd-0090,1.42,CARTON,452280,642237.6
ORD-2025-032354,2025-09-18,CUS-00832,prd-0110,0.58,CARTON,364200,211236.0
ORD-2025-032357,2025-09-18,CUS-01640,prd-0120,10,EACH,14740,147400
ORD-2025-032361,2025-09-18,CUS-01207,prd-0125,6,EACH,15380,92280
ORD-2025-032364,2025-09-18,CUS-01882,prd-0135,0.23,CARTON,1579200,363216.0
ORD-2025-032365,2025-09-18,CUS-00106,prd-0136,0.15,CARTON,2637600,395640.0
ORD-2025-032368,2025-09-18,CUS-01601,prd-0150,3,EACH,47850,143550
ORD-2025-032376,2025-09-18,CUS-01542,prd-0161,0.04,CARTON,1566720,62668.8
ORD-2025-032381,2025-09-18,CUS-00504,prd-0165,0.04,CARTON,1122240,44889.600000000006
ORD-2025-032384,2025-09-19,CUS-01458,prd-0004,0.17,CARTON,53880,9159.6
ORD-2025-032385,2025-09-19,CUS-01711,prd-0004,0.42,CARTON,53880,22629.6
ORD-2025-032391,2025-09-19,CUS-01830,prd-0039,0.25,CARTON,354480,88620.0
ORD-2025-032398,2025-09-19,CUS-00706,prd-0057,5,EACH,18040,90200
ORD-2025-032402,2025-09-19,CUS-02004,prd-0065,1.75,CARTON,408000,714000.0
ORD-2025-032428,2025-09-19,CUS-00351,prd-0100,1.12,CARTON,498720,558566.4
ORD-2025-032430,2025-09-19,CUS-02263,prd-0101,0.33,CARTON,271080,89456.40000000001
ORD-2025-032431,2025-09-19,CUS-00366,prd-0103,0.5,CARTON,461760,230880.0
ORD-2025-032434,2025-09-19,CUS-01402,prd-0111,15,EACH,12240,183600
ORD-2025-032443,2025-09-19,CUS-00649,prd-0125,0.2,CARTON,461400,92280.0
ORD-2025-032445,2025-09-19,CUS-02395,prd-0128,0.33,CARTON,123540,40768.200000000004
ORD-2025-032449,2025-09-19,CUS-01884,prd-0140,14,EACH,27740,388360
ORD-2025-032450,2025-09-19,CUS-02294,prd-0142,12,EACH,52030,624360
ORD-2025-032452,2025-09-19,CUS-02004,prd-0144,1.67,CARTON,383880,641079.6
ORD-2025-032457,2025-09-19,CUS-01048,prd-0151,2.5,CARTON,171360,428400.0
ORD-2025-032474,2025-09-20,CUS-00254,prd-0037,0.33,CARTON,615600,203148.0
ORD-2025-032475,2025-09-20,CUS-01234,prd-0037,0.08,CARTON,615600,49248.0
ORD-2025-032483,2025-09-20,CUS-01444,prd-0068,0.5,CARTON,195840,97920.0
ORD-2025-032496,2025-09-20,CUS-01455,prd-0093,0.25,CARTON,276960,69240.0
ORD-2025-032498,2025-09-20,CUS-00825,prd-0098,16,EACH,15320,245120
ORD-2025-032505,2025-09-20,CUS-01051,prd-0128,0.33,CARTON,123540,40768.200000000004
ORD-2025-032509,2025-09-20,CUS-01854,prd-0147,0.04,CARTON,775920,31036.800000000003
ORD-2025-032538,2025-09-21,CUS-01287,prd-0151,9,EACH,42840,385560
ORD-2025-032545,2025-09-22,CUS-00854,prd-0005,0.25,CARTON,37320,9330.0
ORD-2025-032546,2025-09-22,CUS-02500,prd-0007,9,EACH,17070,153630
ORD-2025-032554,2025-09-22,CUS-01213,prd-0038,7,EACH,15680,109760
ORD-2025-032564,2025-09-22,CUS-01727,prd-0067,0.04,CARTON,297120,11884.8
ORD-2025-032573,2025-09-22,CUS-00058,prd-0081,0.2,CARTON,421900,84380.0
ORD-2025-032588,2025-09-22,CUS-01017,prd-0098,2,EACH,15320,30640
ORD-2025-032591,2025-09-22,CUS-01167,prd-0100,0.38,CARTON,498720,189513.6
ORD-2025-032593,2025-09-22,CUS-01716,prd-0108,0.21,CARTON,738000,154980.0
ORD-2025-032604,2025-09-22,CUS-00140,prd-0125,13,EACH,15380,199940
ORD-2025-032612,2025-09-22,CUS-00857,prd-0151,2.0,CARTON,171360,342720.0
ORD-2025-032614,2025-09-22,CUS-01772,prd-0162,0.42,CARTON,693600,291312.0
ORD-2025-032615,2025-09-22,CUS-00537,prd-0165,4,EACH,23380,93520
ORD-2025-032616,2025-09-22,CUS-00091,prd-0165,0.27,CARTON,1122240,303004.80000000005
ORD-2025-032617,2025-09-22,CUS-00486,prd-0165,0.17,CARTON,1122240,190780.80000000002
ORD-2025-032620,2025-09-22,CUS-02422,prd-0168,0.33,CARTON,233880,77180.40000000001
ORD-2025-032627,2025-09-23,CUS-01216,prd-0025,0.42,CARTON,61080,25653.6
ORD-2025-032635,2025-09-23,CUS-00243,prd-0041,0.25,CARTON,81960,20490.0
ORD-2025-032637,2025-09-23,CUS-01374,prd-0047,2.3,CARTON,190600,438380.0
ORD-2025-032640,2025-09-23,CUS-00173,prd-0055,12,EACH,16990,203880
ORD-2025-032653,2025-09-23,CUS-02351,prd-0081,1.3,CARTON,421900,548470.0
ORD-2025-032673,2025-09-23,CUS-01202,prd-0118,1.17,CARTON,277320,324464.39999999997
ORD-2025-032680,2025-09-23,CUS-01970,prd-0125,0.03,CARTON,461400,13842.0
ORD-2025-032681,2025-09-23,CUS-01451,prd-0125,0.63,CARTON,461400,290682.0
ORD-2025-032687,2025-09-23,CUS-00384,prd-0133,0.33,CARTON,1006560,332164.80000000005
ORD-2025-032715,2025-09-24,CUS-02142,prd-0019,0.21,CARTON,1499520,314899.19999999995
ORD-2025-032719,2025-09-24,CUS-00991,prd-0046,7,EACH,17360,121520
ORD-2025-032727,2025-09-24,CUS-00855,prd-0077,0.83,CARTON,186720,154977.59999999998
ORD-2025-032739,2025-09-24,CUS-00059,prd-0090,0.5,CARTON,452280,226140.0
ORD-2025-032743,2025-09-24,CUS-02305,prd-0098,0.58,CARTON,183840,106627.19999999998
ORD-2025-032753,2025-09-24,CUS-00511,prd-0118,1.75,CARTON,277320,485310.0
ORD-2025-032754,2025-09-24,CUS-00040,prd-0118,3,EACH,23110,69330
ORD-2025-032770,2025-09-24,CUS-01115,prd-0142,0.33,CARTON,624360,206038.80000000002
ORD-2025-032774,2025-09-24,CUS-00443,prd-0144,1,EACH,31990,31990
ORD-2025-032776,2025-09-24,CUS-01565,prd-0151,0.75,CARTON,171360,128520.0
ORD-2025-032783,2025-09-24,CUS-00554,prd-0165,0.19,CARTON,1122240,213225.59999999998
ORD-2025-032790,2025-09-25,CUS-01928,prd-0007,1.33,CARTON,204840,272437.2
ORD-2025-032791,2025-09-25,CUS-00106,prd-0008,0.42,CARTON,196320,82454.4
ORD-2025-032821,2025-09-25,CUS-00907,prd-0090,0.5,CARTON,452280,226140.0
ORD-2025-032822,2025-09-25,CUS-00086,prd-0090,8,EACH,37690,301520
ORD-2025-032841,2025-09-25,CUS-01675,prd-0125,0.23,CARTON,461400,106122.0
ORD-2025-032843,2025-09-25,CUS-00757,prd-0135,33,EACH,32900,1085700
ORD-2025-032852,2025-09-25,CUS-01979,prd-0151,1.0,CARTON,171360,171360.0
ORD-2025-032856,2025-09-25,CUS-00581,prd-0161,0.19,CARTON,1566720,297676.80000000005
ORD-2025-032857,2025-09-25,CUS-00848,prd-0161,0.12,CARTON,1566720,188006.4
ORD-2025-032866,2025-09-26,CUS-02015,prd-0017,14,EACH,39680,555520
ORD-2025-032878,2025-09-26,CUS-02168,prd-0050,11,EACH,5420,59620
ORD-2025-032883,2025-09-26,CUS-00140,prd-0061,0.24,CARTON,816000,195840.0
ORD-2025-032884,2025-09-26,CUS-00241,prd-0062,0.02,CARTON,894500,17890.0
ORD-2025-032887,2025-09-26,CUS-00414,prd-0074,2,EACH,38390,76780
ORD-2025-032890,2025-09-26,CUS-02473,prd-0077,7,EACH,31120,217840
ORD-2025-032897,2025-09-26,CUS-00376,prd-0086,0.33,CARTON,338160,111592.79999999999
ORD-2025-032898,2025-09-26,CUS-00115,prd-0088,8,EACH,15290,122320
ORD-2025-032903,2025-09-26,CUS-02306,prd-0090,0.33,CARTON,452280,149252.40000000002
ORD-2025-032905,2025-09-26,CUS-02107,prd-0091,1.5,CARTON,324120,486180.0
ORD-2025-032935,2025-09-26,CUS-02150,prd-0161,0.08,CARTON,1566720,125337.6
ORD-2025-032936,2025-09-26,CUS-01141,prd-0161,11,EACH,32640,359040
ORD-2025-032937,2025-09-26,CUS-01575,prd-0161,12,EACH,32640,391680
ORD-2025-032939,2025-09-26,CUS-01629,prd-0163,0.38,CARTON,666960,253444.80000000002
ORD-2025-032952,2025-09-27,CUS-01483,prd-0035,0.08,CARTON,163920,13113.599999999999
ORD-2025-032959,2025-09-27,CUS-01443,prd-0067,5,EACH,12380,61900
ORD-2025-032963,2025-09-27,CUS-00892,prd-0082,17,EACH,30730,522410
ORD-2025-032965,2025-09-27,CUS-01250,prd-0083,42,EACH,23690,994980
ORD-2025-032984,2025-09-27,CUS-02079,prd-0111,0.19,CARTON,587520,111628.79999999999
ORD-2025-032994,2025-09-27,CUS-01530,prd-0151,4.5,CARTON,171360,771120.0
ORD-2025-033006,2025-09-27,CUS-00041,prd-0167,0.08,CARTON,504720,40377.600000000006
ORD-2025-033010,2025-09-28,CUS-01927,prd-0057,3.3,CARTON,180400,595320.0
ORD-2025-033019,2025-09-28,CUS-01069,prd-0128,1.0,CARTON,123540,123540.0
ORD-2025-033021,2025-09-28,CUS-01073,prd-0153,8,EACH,24220,193760
ORD-2025-033029,2025-09-29,CUS-02338,prd-0020,0.06,CARTON,1402080,84124.79999999999
ORD-2025-033032,2025-09-29,CUS-01417,prd-0031,0.33,CARTON,879840,290347.2
ORD-2025-033041,2025-09-29,CUS-00235,prd-0052,2.75,CARTON,174520,479930.0
ORD-2025-033052,2025-09-29,CUS-01408,prd-0077,1.33,CARTON,186720,248337.60000000003
ORD-2025-033053,2025-09-29,CUS-00591,prd-0077,19,EACH,31120,591280
ORD-2025-033054,2025-09-29,CUS-00449,prd-0077,1.67,CARTON,186720,311822.39999999997
ORD-2025-033059,2025-09-29,CUS-01333,prd-0085,25,EACH,32580,814500
ORD-2025-033073,2025-09-29,CUS-00694,prd-0091,9,EACH,27010,243090
ORD-2025-033082,2025-09-29,CUS-01808,prd-0109,0.67,CARTON,368400,246828.0
ORD-2025-033083,2025-09-29,CUS-02271,prd-0109,2.58,CARTON,368400,950472.0
ORD-2025-033095,2025-09-29,CUS-01297,prd-0138,0.08,CARTON,1296960,103756.79999999999
ORD-2025-033098,2025-09-29,CUS-01819,prd-0141,0.12,CARTON,926400,111168.0
ORD-2025-033102,2025-09-29,CUS-02432,prd-0150,5,EACH,47850,239250
ORD-2025-033110,2025-09-29,CUS-02498,prd-0156,18,EACH,58570,1054260
ORD-2025-033134,2025-09-30,CUS-02388,prd-0051,3,EACH,43070,129210
ORD-2025-033135,2025-09-30,CUS-01857,prd-0055,3,EACH,16990,50970
ORD-2025-033136,2025-09-30,CUS-02112,prd-0057,0.4,CARTON,180400,72160.0
ORD-2025-033161,2025-09-30,CUS-01248,prd-0090,6,EACH,37690,226140
ORD-2025-033162,2025-09-30,CUS-01989,prd-0090,0.42,CARTON,452280,189957.59999999998
ORD-2025-033174,2025-09-30,CUS-01595,prd-0121,1.0,CARTON,158580,158580.0
ORD-2025-033176,2025-09-30,CUS-01475,prd-0125,9,EACH,15380,138420
ORD-2025-033180,2025-09-30,CUS-01230,prd-0131,4,EACH,31140,124560
ORD-2025-033190,2025-09-30,CUS-01132,prd-0145,1,EACH,31800,31800
ORD-2025-033192,2025-09-30,CUS-00997,prd-0151,0.75,CARTON,171360,128520.0
ORD-2025-033196,2025-09-30,CUS-00361,prd-0155,0.25,CARTON,790560,197640.0
ORD-2025-033197,2025-09-30,CUS-00883,prd-0156,1.75,CARTON,702840,1229970.0
ORD-2025-033217,2025-10-01,CUS-00654,prd-0031,11,EACH,36660,403260
ORD-2025-033222,2025-10-01,CUS-00476,prd-0046,0.15,CARTON,347200,52080.0
ORD-2025-033223,2025-10-01,CUS-00507,prd-0049,11,EACH,18190,200090
ORD-2025-033225,2025-10-01,CUS-00834,prd-0060,0.06,CARTON,2877000,172620.0
ORD-2025-033234,2025-10-01,CUS-00556,prd-0082,0.25,CARTON,368760,92190.0
ORD-2025-033237,2025-10-01,CUS-00569,prd-0086,0.25,CARTON,338160,84540.0
ORD-2025-033246,2025-10-01,CUS-01948,prd-0100,0.29,CARTON,498720,144628.8
ORD-2025-033252,2025-10-01,CUS-01208,prd-0121,1.67,CARTON,158580,264828.6
ORD-2025-033260,2025-10-01,CUS-00314,prd-0131,0.22,CARTON,1121040,246628.80000000002
ORD-2025-033262,2025-10-01,CUS-00203,prd-0141,0.25,CARTON,926400,231600.0
ORD-2025-033286,2025-10-02,CUS-01810,prd-0004,1.0,CARTON,53880,53880.0
ORD-2025-033301,2025-10-02,CUS-01286,prd-0055,0.38,CARTON,679600,258248.0
ORD-2025-033308,2025-10-02,CUS-01839,prd-0077,4.0,CARTON,186720,746880.0
ORD-2025-033312,2025-10-02,CUS-00050,prd-0080,0.5,CARTON,286800,143400.0
ORD-2025-033321,2025-10-02,CUS-00070,prd-0090,0.42,CARTON,452280,189957.59999999998
ORD-2025-033322,2025-10-02,CUS-00609,prd-0090,6,EACH,37690,226140
ORD-2025-033325,2025-10-02,CUS-00391,prd-0093,0.33,CARTON,276960,91396.8
ORD-2025-033326,2025-10-02,CUS-01042,prd-0098,0.17,CARTON,183840,31252.800000000003
ORD-2025-033339,2025-10-02,CUS-01542,prd-0125,0.27,CARTON,461400,124578.00000000001
ORD-2025-033346,2025-10-02,CUS-01292,prd-0139,6,EACH,33360,200160
ORD-2025-033349,2025-10-02,CUS-00719,prd-0142,1.08,CARTON,624360,674308.8
ORD-2025-033356,2025-10-02,CUS-00273,prd-0161,0.38,CARTON,1566720,595353.6000000001
ORD-2025-033375,2025-10-03,CUS-01082,prd-0046,0.35,CARTON,347200,121520.0
ORD-2025-033380,2025-10-03,CUS-01955,prd-0051,1.0,CARTON,172280,172280.0
ORD-2025-033387,2025-10-03,CUS-00289,prd-0061,4,EACH,16320,65280
ORD-2025-033394,2025-10-03,CUS-00324,prd-0083,0.33,CARTON,568560,187624.80000000002
ORD-2025-033403,2025-10-03,CUS-00071,prd-0090,17,EACH,37690,640730
ORD-2025-033404,2025-10-03,CUS-00650,prd-0090,0.5,CARTON,452280,226140.0
ORD-2025-033410,2025-10-03,CUS-00650,prd-0095,0.75,CARTON,243480,182610.0
ORD-2025-033419,2025-10-03,CUS-01176,prd-0108,0.08,CARTON,738000,59040.0
ORD-2025-033425,2025-10-03,CUS-00857,prd-0115,8,EACH,21210,169680
ORD-2025-033435,2025-10-03,CUS-00358,prd-0135,0.19,CARTON,1579200,300048.0
ORD-2025-033442,2025-10-03,CUS-02069,prd-0151,5,EACH,42840,214200
ORD-2025-033458,2025-10-04,CUS-00110,prd-0018,24,EACH,62570,1501680
ORD-2025-033461,2025-10-04,CUS-01291,prd-0033,0.12,CARTON,264960,31795.199999999997
ORD-2025-033476,2025-10-04,CUS-00681,prd-0077,2.67,CARTON,186720,498542.39999999997
ORD-2025-033477,2025-10-04,CUS-01519,prd-0077,1.5,CARTON,186720,280080.0
ORD-2025-033498,2025-10-04,CUS-01736,prd-0108,0.21,CARTON,738000,154980.0
ORD-2025-033515,2025-10-04,CUS-02142,prd-0160,6,EACH,32940,197640
ORD-2025-033519,2025-10-04,CUS-01640,prd-0166,0.04,CARTON,1231200,49248.0
ORD-2025-033522,2025-10-05,CUS-01513,prd-0033,0.17,CARTON,264960,45043.200000000004
ORD-2025-033525,2025-10-05,CUS-00943,prd-0068,0.83,CARTON,195840,162547.19999999998
ORD-2025-033526,2025-10-05,CUS-01068,prd-0072,0.8,CARTON,426000,340800.0
ORD-2025-033537,2025-10-05,CUS-00385,prd-0121,11,EACH,26430,290730
ORD-2025-033542,2025-10-05,CUS-00197,prd-0138,0.15,CARTON,1296960,194544.0
ORD-2025-033548,2025-10-05,CUS-01312,prd-0161,0.17,CARTON,1566720,266342.4
ORD-2025-033550,2025-10-05,CUS-01286,prd-0165,0.08,CARTON,1122240,89779.20000000001
ORD-2025-033551,2025-10-06,CUS-01702,prd-0001,0.58,CARTON,59640,34591.2
ORD-2025-033555,2025-10-06,CUS-02337,prd-0004,0.33,CARTON,53880,17780.4
ORD-2025-033558,2025-10-06,CUS-01048,prd-0028,8,EACH,4910,39280
ORD-2025-033563,2025-10-06,CUS-01371,prd-0039,0.17,CARTON,354480,60261.600000000006
ORD-2025-033588,2025-10-06,CUS-01994,prd-0090,8,EACH,37690,301520
ORD-2025-033593,2025-10-06,CUS-01994,prd-0095,0.42,CARTON,243480,102261.59999999999
ORD-2025-033595,2025-10-06,CUS-02374,prd-0100,10,EACH,20780,207800
ORD-2025-033600,2025-10-06,CUS-02086,prd-0120,0.21,CARTON,353760,74289.6
ORD-2025-033605,2025-10-06,CUS-00899,prd-0125,0.13,CARTON,461400,59982.0
ORD-2025-033619,2025-10-06,CUS-00062,prd-0154,29,EACH,42470,1231630
ORD-2025-033627,2025-10-06,CUS-01593,prd-0163,0.04,CARTON,666960,26678.4
ORD-2025-033629,2025-10-06,CUS-00638,prd-0166,0.27,CARTON,1231200,332424.00000000006
ORD-2025-033632,2025-10-07,CUS-01757,prd-0004,6,EACH,4490,26940
ORD-2025-033636,2025-10-07,CUS-00834,prd-0008,0.75,CARTON,196320,147240.0
ORD-2025-033638,2025-10-07,CUS-01180,prd-0011,6,EACH,17170,103020
ORD-2025-033642,2025-10-07,CUS-01510,prd-0019,2,EACH,31240,62480
ORD-2025-033643,2025-10-07,CUS-01069,prd-0020,9,EACH,29210,262890
ORD-2025-033653,2025-10-07,CUS-01032,prd-0051,4.0,CARTON,172280,689120.0
ORD-2025-033671,2025-10-07,CUS-00594,prd-0079,8,EACH,46870,374960
ORD-2025-033678,2025-10-07,CUS-01235,prd-0090,6,EACH,37690,226140
ORD-2025-033687,2025-10-07,CUS-01767,prd-0110,0.42,CARTON,364200,152964.0
ORD-2025-033690,2025-10-07,CUS-01080,prd-0121,0.83,CARTON,158580,131621.4
ORD-2025-033710,2025-10-07,CUS-01499,prd-0156,0.33,CARTON,702840,231937.2
ORD-2025-033713,2025-10-07,CUS-02221,prd-0161,2,EACH,32640,65280
ORD-2025-033716,2025-10-07,CUS-00897,prd-0166,0.06,CARTON,1231200,73872.0
ORD-2025-033723,2025-10-08,CUS-00115,prd-0009,1.5,CARTON,220680,331020.0
ORD-2025-033751,2025-10-08,CUS-01123,prd-0086,0.33,CARTON,338160,111592.79999999999
ORD-2025-033756,2025-10-08,CUS-02466,prd-0090,0.25,CARTON,452280,113070.0
ORD-2025-033769,2025-10-08,CUS-02385,prd-0118,1.25,CARTON,277320,346650.0
ORD-2025-033785,2025-10-08,CUS-02019,prd-0151,19,EACH,42840,813960
ORD-2025-033786,2025-10-08,CUS-00467,prd-0151,2.5,CARTON,171360,428400.0
ORD-2025-033787,2025-10-08,CUS-01213,prd-0151,1.25,CARTON,171360,214200.0
ORD-2025-033789,2025-10-08,CUS-01975,prd-0153,17,EACH,24220,411740
ORD-2025-033814,2025-10-09,CUS-01446,prd-0047,0.6,CARTON,190600,114360.0
ORD-2025-033817,2025-10-09,CUS-00930,prd-0051,1.5,CARTON,172280,258420.0
ORD-2025-033820,2025-10-09,CUS-01963,prd-0062,0.08,CARTON,894500,71560.0
ORD-2025-033824,2025-10-09,CUS-02499,prd-0074,0.2,CARTON,383900,76780.0
ORD-2025-033826,2025-10-09,CUS-00507,prd-0077,6,EACH,31120,186720
ORD-2025-033827,2025-10-09,CUS-01250,prd-0077,2,EACH,31120,62240
ORD-2025-033831,2025-10-09,CUS-01245,prd-0082,0.25,CARTON,368760,92190.0
ORD-2025-033834,2025-10-09,CUS-01276,prd-0084,0.25,CARTON,666240,166560.0
ORD-2025-033847,2025-10-09,CUS-00469,prd-0100,0.67,CARTON,498720,334142.4
ORD-2025-033856,2025-10-09,CUS-01613,prd-0121,7,EACH,26430,185010
ORD-2025-033866,2025-10-09,CUS-00467,prd-0143,2.08,CARTON,583680,1214054.4
ORD-2025-033870,2025-10-09,CUS-00911,prd-0150,1.5,CARTON,191400,287100.0
ORD-2025-033875,2025-10-09,CUS-01702,prd-0151,0.25,CARTON,171360,42840.0
ORD-2025-033880,2025-10-09,CUS-00872,prd-0156,11,EACH,58570,644270
ORD-2025-033882,2025-10-09,CUS-00891,prd-0165,9,EACH,23380,210420
ORD-2025-033892,2025-10-10,CUS-01509,prd-0037,2,EACH,25650,51300
ORD-2025-033897,2025-10-10,CUS-01843,prd-0055,7,EACH,16990,118930
ORD-2025-033900,2025-10-10,CUS-00997,prd-0057,0.9,CARTON,180400,162360.0
ORD-2025-033903,2025-10-10,CUS-01418,prd-0062,0.14,CARTON,894500,125230.00000000001
ORD-2025-033913,2025-10-10,CUS-01321,prd-0077,0.83,CARTON,186720,154977.59999999998
ORD-2025-033914,2025-10-10,CUS-00859,prd-0080,0.42,CARTON,286800,120456.0
ORD-2025-033915,2025-10-10,CUS-00999,prd-0083,8,EACH,23690,189520
ORD-2025-033919,2025-10-10,CUS-02259,prd-0091,2.08,CARTON,324120,674169.6000000001
ORD-2025-033939,2025-10-10,CUS-00207,prd-0125,0.03,CARTON,461400,13842.0
ORD-2025-033941,2025-10-10,CUS-00324,prd-0127,3,EACH,16760,50280
ORD-2025-033948,2025-10-10,CUS-02304,prd-0150,9,EACH,47850,430650
ORD-2025-033951,2025-10-10,CUS-00731,prd-0151,1.5,CARTON,171360,257040.0
ORD-2025-033955,2025-10-10,CUS-02356,prd-0153,0.27,CARTON,1162560,313891.2
ORD-2025-033967,2025-10-11,CUS-00769,prd-0011,14,EACH,17170,240380
ORD-2025-033977,2025-10-11,CUS-02202,prd-0051,1.5,CARTON,172280,258420.0
ORD-2025-033984,2025-10-11,CUS-01523,prd-0061,0.16,CARTON,816000,130560.00000000001
ORD-2025-033987,2025-10-11,CUS-02003,prd-0072,0.5,CARTON,426000,213000.0
ORD-2025-033994,2025-10-11,CUS-02039,prd-0090,6,EACH,37690,226140
ORD-2025-034003,2025-10-11,CUS-00060,prd-0101,9,EACH,22590,203310
ORD-2025-034008,2025-10-11,CUS-00474,prd-0108,1,EACH,30750,30750
ORD-2025-034015,2025-10-11,CUS-01729,prd-0143,0.17,CARTON,583680,99225.6
ORD-2025-034016,2025-10-11,CUS-00166,prd-0144,0.33,CARTON,383880,126680.40000000001
ORD-2025-034024,2025-10-11,CUS-00469,prd-0156,0.67,CARTON,702840,470902.80000000005
ORD-2025-034031,2025-10-12,CUS-01417,prd-0004,1.5,CARTON,53880,80820.0
ORD-2025-034038,2025-10-12,CUS-00907,prd-0059,0.14,CARTON,2540500,355670.0
ORD-2025-034046,2025-10-12,CUS-01406,prd-0086,0.17,CARTON,338160,57487.200000000004
ORD-2025-034050,2025-10-12,CUS-00206,prd-0090,1.25,CARTON,452280,565350.0
ORD-2025-034061,2025-10-12,CUS-01227,prd-0131,0.25,CARTON,1121040,280260.0
ORD-2025-034068,2025-10-13,CUS-00254,prd-0004,4,EACH,4490,17960
ORD-2025-034072,2025-10-13,CUS-01830,prd-0011,8,EACH,17170,137360
ORD-2025-034073,2025-10-13,CUS-02107,prd-0016,0.33,CARTON,512160,169012.80000000002
ORD-2025-034074,2025-10-13,CUS-01454,prd-0016,0.33,CARTON,512160,169012.80000000002
ORD-2025-034076,2025-10-13,CUS-00493,prd-0022,3,EACH,11680,35040
ORD-2025-034078,2025-10-13,CUS-01862,prd-0026,0.5,CARTON,49800,24900.0
ORD-2025-034093,2025-10-13,CUS-01446,prd-0077,2.17,CARTON,186720,405182.39999999997
ORD-2025-034099,2025-10-13,CUS-01207,prd-0090,32,EACH,37690,1206080
ORD-2025-034112,2025-10-13,CUS-01390,prd-0102,0.67,CARTON,204600,137082.0
ORD-2025-034131,2025-10-13,CUS-00293,prd-0131,13,EACH,31140,404820
ORD-2025-034134,2025-10-13,CUS-02059,prd-0144,18,EACH,31990,575820
ORD-2025-034135,2025-10-13,CUS-02202,prd-0145,0.12,CARTON,763200,91584.0
ORD-2025-034141,2025-10-13,CUS-01529,prd-0151,2.0,CARTON,171360,342720.0
ORD-2025-034153,2025-10-13,CUS-01239,prd-0165,2,EACH,23380,46760
ORD-2025-034170,2025-10-14,CUS-00529,prd-0060,10,EACH,57540,575400
ORD-2025-034173,2025-10-14,CUS-01258,prd-0065,3,EACH,34000,102000
ORD-2025-034175,2025-10-14,CUS-00861,prd-0068,0.42,CARTON,195840,82252.79999999999
ORD-2025-034186,2025-10-14,CUS-01157,prd-0082,0.42,CARTON,368760,154879.2
ORD-2025-034222,2025-10-14,CUS-00254,prd-0151,2.5,CARTON,171360,428400.0
ORD-2025-034223,2025-10-14,CUS-02465,prd-0151,10,EACH,42840,428400
ORD-2025-034224,2025-10-14,CUS-01610,prd-0151,1.25,CARTON,171360,214200.0
ORD-2025-034237,2025-10-14,CUS-00704,prd-0163,0.67,CARTON,666960,446863.20000000007
ORD-2025-034243,2025-10-15,CUS-01107,prd-0011,7,EACH,17170,120190
ORD-2025-034245,2025-10-15,CUS-00854,prd-0019,0.06,CARTON,1499520,89971.2
ORD-2025-034251,2025-10-15,CUS-00293,prd-0031,0.38,CARTON,879840,334339.19999999995
ORD-2025-034252,2025-10-15,CUS-01233,prd-0033,0.12,CARTON,264960,31795.199999999997
ORD-2025-034259,2025-10-15,CUS-01334,prd-0049,2,EACH,18190,36380
ORD-2025-034266,2025-10-15,CUS-02414,prd-0068,1.42,CARTON,195840,278092.8
ORD-2025-034267,2025-10-15,CUS-00935,prd-0068,20,EACH,16320,326400
ORD-2025-034275,2025-10-15,CUS-02322,prd-0077,1.33,CARTON,186720,248337.60000000003
ORD-2025-034277,2025-10-15,CUS-01158,prd-0079,1.4,CARTON,468700,656180.0
ORD-2025-034280,2025-10-15,CUS-01701,prd-0083,0.62,CARTON,568560,352507.19999999995
ORD-2025-034281,2025-10-15,CUS-01171,prd-0085,0.46,CARTON,781920,359683.2
ORD-2025-034285,2025-10-15,CUS-01192,prd-0090,0.17,CARTON,452280,76887.6
ORD-2025-034286,2025-10-15,CUS-00423,prd-0090,0.17,CARTON,452280,76887.6
ORD-2025-034308,2025-10-15,CUS-01760,prd-0136,0.04,CARTON,2637600,105504.0
ORD-2025-034320,2025-10-15,CUS-01902,prd-0156,12,EACH,58570,702840
ORD-2025-034324,2025-10-16,CUS-01216,prd-0004,6,EACH,4490,26940
ORD-2025-034326,2025-10-16,CUS-01823,prd-0012,4,EACH,18410,73640
ORD-2025-034337,2025-10-16,CUS-01796,prd-0039,0.83,CARTON,354480,294218.39999999997
ORD-2025-034339,2025-10-16,CUS-00742,prd-0041,8,EACH,6830,54640
ORD-2025-034349,2025-10-16,CUS-00309,prd-0061,0.12,CARTON,816000,97920.0
ORD-2025-034353,2025-10-16,CUS-01035,prd-0072,5,EACH,42600,213000
ORD-2025-034367,2025-10-16,CUS-01027,prd-0090,7,EACH,37690,263830
ORD-2025-034368,2025-10-16,CUS-01932,prd-0090,0.75,CARTON,452280,339210.0
ORD-2025-034369,2025-10-16,CUS-00596,prd-0090,4,EACH,37690,150760
ORD-2025-034370,2025-10-16,CUS-01942,prd-0090,0.42,CARTON,452280,189957.59999999998
ORD-2025-034377,2025-10-16,CUS-01701,prd-0093,0.58,CARTON,276960,160636.8
ORD-2025-034384,2025-10-16,CUS-00928,prd-0118,1.42,CARTON,277320,393794.39999999997
ORD-2025-034388,2025-10-16,CUS-00587,prd-0139,0.38,CARTON,1601280,608486.3999999999
ORD-2025-034390,2025-10-16,CUS-00785,prd-0148,29,EACH,27270,790830
ORD-2025-034403,2025-10-16,CUS-00650,prd-0168,1.17,CARTON,233880,273639.6
ORD-2025-034410,2025-10-17,CUS-01484,prd-0011,0.12,CARTON,412080,49449.600000000006
ORD-2025-034422,2025-10-17,CUS-02338,prd-0026,4,EACH,4150,16600
ORD-2025-034424,2025-10-17,CUS-00361,prd-0037,4,EACH,25650,102600
ORD-2025-034428,2025-10-17,CUS-00243,prd-0048,2.8,CARTON,84350,236180.0
ORD-2025-034441,2025-10-17,CUS-01220,prd-0064,0.25,CARTON,145400,36350.0
ORD-2025-034446,2025-10-17,CUS-00659,prd-0076,1.0,CARTON,336600,336600.0
ORD-2025-034451,2025-10-17,CUS-02132,prd-0082,1.5,CARTON,368760,553140.0
ORD-2025-034457,2025-10-17,CUS-01711,prd-0086,0.58,CARTON,338160,196132.8
ORD-2025-034463,2025-10-17,CUS-01713,prd-0090,0.83,CARTON,452280,375392.39999999997
ORD-2025-034464,2025-10-17,CUS-01548,prd-0090,1.67,CARTON,452280,755307.6
ORD-2025-034475,2025-10-17,CUS-02196,prd-0098,11,EACH,15320,168520
ORD-2025-034484,2025-10-17,CUS-01366,prd-0118,0.25,CARTON,277320,69330.0
ORD-2025-034508,2025-10-17,CUS-01613,prd-0160,10,EACH,32940,329400
ORD-2025-034515,2025-10-17,CUS-01032,prd-0167,48,EACH,14020,672960
ORD-2025-034522,2025-10-18,CUS-02346,prd-0007,0.08,CARTON,204840,16387.2
ORD-2025-034525,2025-10-18,CUS-01399,prd-0020,11,EACH,29210,321310
ORD-2025-034527,2025-10-18,CUS-00106,prd-0028,1.0,CARTON,58920,58920.0
ORD-2025-034528,2025-10-18,CUS-00063,prd-0030,0.17,CARTON,303000,51510.0
ORD-2025-034531,2025-10-18,CUS-01571,prd-0047,11,EACH,19060,209660
ORD-2025-034541,2025-10-18,CUS-00776,prd-0077,1.17,CARTON,186720,218462.39999999997
ORD-2025-034549,2025-10-18,CUS-01016,prd-0099,11,EACH,14380,158180
ORD-2025-034550,2025-10-18,CUS-01417,prd-0103,0.33,CARTON,461760,152380.80000000002
ORD-2025-034553,2025-10-18,CUS-01202,prd-0108,7,EACH,30750,215250
ORD-2025-034559,2025-10-18,CUS-01583,prd-0145,10,EACH,31800,318000
ORD-2025-034579,2025-10-19,CUS-00556,prd-0094,10,EACH,22360,223600
ORD-2025-034580,2025-10-19,CUS-02349,prd-0100,0.08,CARTON,498720,39897.600000000006
ORD-2025-034592,2025-10-20,CUS-01695,prd-0002,0.5,CARTON,62160,31080.0
ORD-2025-034602,2025-10-20,CUS-01942,prd-0033,24,EACH,11040,264960
ORD-2025-034613,2025-10-20,CUS-00095,prd-0061,0.1,CARTON,816000,81600.0
ORD-2025-034614,2025-10-20,CUS-02180,prd-0064,2,EACH,36350,72700
ORD-2025-034617,2025-10-20,CUS-01129,prd-0067,0.21,CARTON,297120,62395.2
ORD-2025-034626,2025-10-20,CUS-00999,prd-0078,13,EACH,33720,438360
ORD-2025-034627,2025-10-20,CUS-01435,prd-0079,3,EACH,46870,140610
ORD-2025-034635,2025-10-20,CUS-00496,prd-0086,0.83,CARTON,338160,280672.8
ORD-2025-034636,2025-10-20,CUS-00070,prd-0086,0.42,CARTON,338160,142027.2
ORD-2025-034641,2025-10-20,CUS-01188,prd-0090,1.08,CARTON,452280,488462.4
ORD-2025-034642,2025-10-20,CUS-00206,prd-0090,1.17,CARTON,452280,529167.6
ORD-2025-034643,2025-10-20,CUS-01895,prd-0090,0.67,CARTON,452280,303027.60000000003
ORD-2025-034644,2025-10-20,CUS-01759,prd-0090,1.0,CARTON,452280,452280.0
ORD-2025-034649,2025-10-20,CUS-00173,prd-0091,0.58,CARTON,324120,187989.59999999998
ORD-2025-034650,2025-10-20,CUS-00639,prd-0094,3,EACH,22360,67080
ORD-2025-034652,2025-10-20,CUS-02393,prd-0098,0.75,CARTON,183840,137880.0
ORD-2025-034665,2025-10-20,CUS-01999,prd-0121,10,EACH,26430,264300
ORD-2025-034666,2025-10-20,CUS-01597,prd-0121,0.67,CARTON,158580,106248.6
ORD-2025-034670,2025-10-20,CUS-02498,prd-0125,37,EACH,15380,569060
ORD-2025-034678,2025-10-20,CUS-01421,prd-0135,0.1,CARTON,1579200,157920.0
ORD-2025-034680,2025-10-20,CUS-01129,prd-0141,0.08,CARTON,926400,74112.0
ORD-2025-034682,2025-10-20,CUS-02364,prd-0142,0.33,CARTON,624360,206038.80000000002
ORD-2025-034692,2025-10-20,CUS-01963,prd-0153,0.15,CARTON,1162560,174384.0
ORD-2025-034694,2025-10-20,CUS-00704,prd-0156,12,EACH,58570,702840
ORD-2025-034705,2025-10-21,CUS-00486,prd-0004,4,EACH,4490,17960
ORD-2025-034727,2025-10-21,CUS-01529,prd-0060,0.54,CARTON,2877000,1553580.0
ORD-2025-034731,2025-10-21,CUS-01287,prd-0067,0.12,CARTON,297120,35654.399999999994
ORD-2025-034741,2025-10-21,CUS-02168,prd-0082,1.5,CARTON,368760,553140.0
ORD-2025-034747,2025-10-21,CUS-01417,prd-0085,0.5,CARTON,781920,390960.0
ORD-2025-034749,2025-10-21,CUS-00671,prd-0086,0.17,CARTON,338160,57487.200000000004
ORD-2025-034750,2025-10-21,CUS-01015,prd-0086,2.33,CARTON,338160,787912.8
ORD-2025-034755,2025-10-21,CUS-01276,prd-0090,0.75,CARTON,452280,339210.0
ORD-2025-034756,2025-10-21,CUS-02262,prd-0090,1.08,CARTON,452280,488462.4
ORD-2025-034768,2025-10-21,CUS-02009,prd-0113,0.05,CARTON,625200,31260.0
ORD-2025-034784,2025-10-21,CUS-00466,prd-0141,0.71,CARTON,926400,657744.0
ORD-2025-034791,2025-10-21,CUS-01913,prd-0151,2.5,CARTON,171360,428400.0
ORD-2025-034798,2025-10-21,CUS-00516,prd-0161,0.12,CARTON,1566720,188006.4
ORD-2025-034804,2025-10-22,CUS-01402,prd-0004,21,EACH,4490,94290
ORD-2025-034815,2025-10-22,CUS-00578,prd-0020,3,EACH,29210,87630
ORD-2025-034874,2025-10-22,CUS-01640,prd-0125,0.13,CARTON,461400,59982.0
ORD-2025-034882,2025-10-22,CUS-02101,prd-0142,6,EACH,52030,312180
ORD-2025-034895,2025-10-22,CUS-00883,prd-0161,0.04,CARTON,1566720,62668.8
ORD-2025-034904,2025-10-23,CUS-00554,prd-0028,7,EACH,4910,34370
ORD-2025-034908,2025-10-23,CUS-00235,prd-0039,0.25,CARTON,354480,88620.0
ORD-2025-034914,2025-10-23,CUS-01028,prd-0061,0.08,CARTON,816000,65280.00000000001
ORD-2025-034919,2025-10-23,CUS-01625,prd-0065,0.42,CARTON,408000,171360.0
ORD-2025-034921,2025-10-23,CUS-01666,prd-0068,0.08,CARTON,195840,15667.2
ORD-2025-034922,2025-10-23,CUS-01243,prd-0068,7,EACH,16320,114240
ORD-2025-034924,2025-10-23,CUS-00242,prd-0072,0.5,CARTON,426000,213000.0
ORD-2025-034930,2025-10-23,CUS-01494,prd-0084,27,EACH,27760,749520
ORD-2025-034936,2025-10-23,CUS-02263,prd-0088,0.33,CARTON,611600,201828.0
ORD-2025-034956,2025-10-23,CUS-00189,prd-0102,0.25,CARTON,204600,51150.0
ORD-2025-034972,2025-10-23,CUS-01713,prd-0127,1,EACH,16760,16760
ORD-2025-034983,2025-10-23,CUS-01800,prd-0149,3.25,CARTON,183520,596440.0
ORD-2025-034988,2025-10-23,CUS-01271,prd-0153,0.12,CARTON,1162560,139507.2
ORD-2025-034997,2025-10-23,CUS-02412,prd-0161,0.21,CARTON,1566720,329011.19999999995
ORD-2025-034998,2025-10-23,CUS-00797,prd-0161,0.23,CARTON,1566720,360345.60000000003
ORD-2025-034999,2025-10-23,CUS-00930,prd-0161,0.27,CARTON,1566720,423014.4
ORD-2025-035011,2025-10-24,CUS-02147,prd-0019,0.17,CARTON,1499520,254918.40000000002
ORD-2025-035032,2025-10-24,CUS-00763,prd-0062,0.08,CARTON,894500,71560.0
ORD-2025-035046,2025-10-24,CUS-00854,prd-0086,4,EACH,28180,112720
ORD-2025-035047,2025-10-24,CUS-00504,prd-0086,0.17,CARTON,338160,57487.200000000004
ORD-2025-035053,2025-10-24,CUS-01602,prd-0090,0.67,CARTON,452280,303027.60000000003
ORD-2025-035062,2025-10-24,CUS-01454,prd-0100,0.79,CARTON,498720,393988.80000000005
ORD-2025-035072,2025-10-24,CUS-00145,prd-0108,0.25,CARTON,738000,184500.0
ORD-2025-035075,2025-10-24,CUS-00892,prd-0117,0.08,CARTON,840960,67276.8
ORD-2025-035080,2025-10-24,CUS-00120,prd-0125,0.13,CARTON,461400,59982.0
ORD-2025-035093,2025-10-24,CUS-00005,prd-0160,16,EACH,32940,527040
ORD-2025-035098,2025-10-24,CUS-02381,prd-0161,13,EACH,32640,424320
ORD-2025-035104,2025-10-25,CUS-01886,prd-0004,1.33,CARTON,53880,71660.40000000001
ORD-2025-035115,2025-10-25,CUS-00625,prd-0051,2.0,CARTON,172280,344560.0
ORD-2025-035125,2025-10-25,CUS-01965,prd-0091,0.5,CARTON,324120,162060.0
ORD-2025-035134,2025-10-25,CUS-01428,prd-0122,0.08,CARTON,459360,36748.8
ORD-2025-035182,2025-10-26,CUS-00093,prd-0155,7,EACH,65880,461160
ORD-2025-035183,2025-10-26,CUS-02162,prd-0163,0.38,CARTON,666960,253444.80000000002
ORD-2025-035188,2025-10-27,CUS-00542,prd-0004,9,EACH,4490,40410
ORD-2025-035189,2025-10-27,CUS-01158,prd-0004,0.25,CARTON,53880,13470.0
ORD-2025-035195,2025-10-27,CUS-00755,prd-0023,4,EACH,16940,67760
ORD-2025-035197,2025-10-27,CUS-01105,prd-0034,0.75,CARTON,184200,138150.0
ORD-2025-035199,2025-10-27,CUS-01998,prd-0039,0.46,CARTON,354480,163060.80000000002
ORD-2025-035208,2025-10-27,CUS-01758,prd-0079,4,EACH,46870,187480
ORD-2025-035220,2025-10-27,CUS-01028,prd-0090,6,EACH,37690,226140
ORD-2025-035223,2025-10-27,CUS-01475,prd-0091,10,EACH,27010,270100
ORD-2025-035226,2025-10-27,CUS-00844,prd-0097,0.83,CARTON,261360,216928.8
ORD-2025-035229,2025-10-27,CUS-01147,prd-0100,5,EACH,20780,103900
ORD-2025-035242,2025-10-27,CUS-00159,prd-0121,0.33,CARTON,158580,52331.399999999994
ORD-2025-035255,2025-10-27,CUS-00504,prd-0145,0.38,CARTON,763200,290016.0
ORD-2025-035260,2025-10-27,CUS-00919,prd-0151,2.75,CARTON,171360,471240.0
ORD-2025-035261,2025-10-27,CUS-01584,prd-0151,0.5,CARTON,171360,85680.0
ORD-2025-035272,2025-10-27,CUS-02254,prd-0161,0.31,CARTON,1566720,485683.19999999995
ORD-2025-035280,2025-10-28,CUS-01533,prd-0005,4,EACH,3110,12440
ORD-2025-035284,2025-10-28,CUS-01410,prd-0019,0.23,CARTON,1499520,344889.60000000003
ORD-2025-035296,2025-10-28,CUS-00476,prd-0048,13,EACH,16870,219310
ORD-2025-035307,2025-10-28,CUS-00721,prd-0074,0.2,CARTON,383900,76780.0
ORD-2025-035308,2025-10-28,CUS-01409,prd-0076,0.42,CARTON,336600,141372.0
ORD-2025-035314,2025-10-28,CUS-00873,prd-0085,0.71,CARTON,781920,555163.2
ORD-2025-035321,2025-10-28,CUS-00081,prd-0090,25,EACH,37690,942250
ORD-2025-035348,2025-10-28,CUS-00236,prd-0150,9,EACH,47850,430650
ORD-2025-035368,2025-10-29,CUS-01358,prd-0011,0.54,CARTON,412080,222523.2
ORD-2025-035369,2025-10-29,CUS-01051,prd-0016,2,EACH,42680,85360
ORD-2025-035370,2025-10-29,CUS-00220,prd-0016,0.67,CARTON,512160,343147.2
ORD-2025-035371,2025-10-29,CUS-02036,prd-0017,0.83,CARTON,476160,395212.80000000005
ORD-2025-035375,2025-10-29,CUS-01243,prd-0051,2.75,CARTON,172280,473770.0
ORD-2025-035382,2025-10-29,CUS-02247,prd-0069,0.42,CARTON,206520,86738.4
ORD-2025-035384,2025-10-29,CUS-02484,prd-0077,10,EACH,31120,311200
ORD-2025-035385,2025-10-29,CUS-01846,prd-0077,0.67,CARTON,186720,125102.40000000001
ORD-2025-035390,2025-10-29,CUS-02271,prd-0081,1.5,CARTON,421900,632850.0
ORD-2025-035393,2025-10-29,CUS-01803,prd-0083,0.38,CARTON,568560,216052.80000000002
ORD-2025-035397,2025-10-29,CUS-00450,prd-0086,6,EACH,28180,169080
ORD-2025-035398,2025-10-29,CUS-02262,prd-0086,0.5,CARTON,338160,169080.0
ORD-2025-035407,2025-10-29,CUS-00264,prd-0090,0.58,CARTON,452280,262322.39999999997
ORD-2025-035416,2025-10-29,CUS-00133,prd-0113,0.03,CARTON,625200,18755.999999999996
ORD-2025-035419,2025-10-29,CUS-01017,prd-0121,3,EACH,26430,79290
ORD-2025-035427,2025-10-29,CUS-00128,prd-0142,0.58,CARTON,624360,362128.8
ORD-2025-035428,2025-10-29,CUS-00869,prd-0151,10,EACH,42840,428400
ORD-2025-035429,2025-10-29,CUS-01470,prd-0151,29,EACH,42840,1242360
ORD-2025-035434,2025-10-29,CUS-01147,prd-0156,1.5,CARTON,702840,1054260.0
ORD-2025-035444,2025-10-30,CUS-00671,prd-0037,0.29,CARTON,615600,178523.99999999997
ORD-2025-035450,2025-10-30,CUS-01563,prd-0051,4,EACH,43070,172280
ORD-2025-035452,2025-10-30,CUS-02086,prd-0068,20,EACH,16320,326400
ORD-2025-035453,2025-10-30,CUS-00513,prd-0068,0.5,CARTON,195840,97920.0
ORD-2025-035460,2025-10-30,CUS-00194,prd-0081,0.6,CARTON,421900,253140.0
ORD-2025-035462,2025-10-30,CUS-01997,prd-0086,2,EACH,28180,56360
ORD-2025-035471,2025-10-30,CUS-01416,prd-0090,2,EACH,37690,75380
ORD-2025-035472,2025-10-30,CUS-01678,prd-0090,11,EACH,37690,414590
ORD-2025-035479,2025-10-30,CUS-01772,prd-0094,0.58,CARTON,268320,155625.59999999998
ORD-2025-035487,2025-10-30,CUS-01289,prd-0111,0.21,CARTON,587520,123379.20000000001
ORD-2025-035503,2025-10-30,CUS-00304,prd-0139,11,EACH,33360,366960
ORD-2025-035504,2025-10-30,CUS-01323,prd-0143,0.08,CARTON,583680,46694.4
ORD-2025-035511,2025-10-30,CUS-02315,prd-0160,0.08,CARTON,1581120,126489.6
ORD-2025-035514,2025-10-30,CUS-01345,prd-0161,0.46,CARTON,1566720,720691.2000000001
ORD-2025-035518,2025-10-30,CUS-00893,prd-0169,5,EACH,15310,76550
ORD-2025-035519,2025-10-31,CUS-01331,prd-0004,0.75,CARTON,53880,40410.0
ORD-2025-035523,2025-10-31,CUS-00862,prd-0012,0.83,CARTON,441840,366727.19999999995
ORD-2025-035531,2025-10-31,CUS-02065,prd-0024,0.67,CARTON,58800,39396.0
ORD-2025-035541,2025-10-31,CUS-00649,prd-0047,1.3,CARTON,190600,247780.0
ORD-2025-035551,2025-10-31,CUS-02077,prd-0067,0.21,CARTON,297120,62395.2
ORD-2025-035557,2025-10-31,CUS-01307,prd-0077,0.67,CARTON,186720,125102.40000000001
ORD-2025-035565,2025-10-31,CUS-01327,prd-0083,0.12,CARTON,568560,68227.2
ORD-2025-035574,2025-10-31,CUS-00677,prd-0090,0.33,CARTON,452280,149252.40000000002
ORD-2025-035575,2025-10-31,CUS-01536,prd-0090,0.33,CARTON,452280,149252.40000000002
ORD-2025-035579,2025-10-31,CUS-00006,prd-0091,0.08,CARTON,324120,25929.600000000002
ORD-2025-035586,2025-10-31,CUS-01689,prd-0100,0.25,CARTON,498720,124680.0
ORD-2025-035605,2025-10-31,CUS-02202,prd-0120,0.12,CARTON,353760,42451.2
ORD-2025-035607,2025-10-31,CUS-01421,prd-0123,0.25,CARTON,345840,86460.0
ORD-2025-035620,2025-10-31,CUS-02397,prd-0151,14,EACH,42840,599760
ORD-2025-035621,2025-10-31,CUS-01722,prd-0151,1.25,CARTON,171360,214200.0
ORD-2025-035635,2025-11-01,CUS-02105,prd-0001,11,EACH,4970,54670
ORD-2025-035639,2025-11-01,CUS-02432,prd-0011,0.08,CARTON,412080,32966.4
ORD-2025-035655,2025-11-01,CUS-02381,prd-0057,3,EACH,18040,54120
ORD-2025-035658,2025-11-01,CUS-02008,prd-0076,7,EACH,28050,196350
ORD-2025-035677,2025-11-01,CUS-02319,prd-0125,12,EACH,15380,184560
ORD-2025-035680,2025-11-01,CUS-00728,prd-0139,0.06,CARTON,1601280,96076.79999999999
ORD-2025-035684,2025-11-01,CUS-00197,prd-0150,1.75,CARTON,191400,334950.0
ORD-2025-035691,2025-11-01,CUS-00533,prd-0160,0.17,CARTON,1581120,268790.4
ORD-2025-035695,2025-11-01,CUS-00557,prd-0163,6,EACH,27790,166740
ORD-2025-035698,2025-11-01,CUS-01350,prd-0166,9,EACH,25650,230850
ORD-2025-035720,2025-11-02,CUS-00239,prd-0111,0.17,CARTON,587520,99878.40000000001
ORD-2025-035721,2025-11-02,CUS-00075,prd-0120,0.17,CARTON,353760,60139.200000000004
ORD-2025-035724,2025-11-02,CUS-02493,prd-0125,7,EACH,15380,107660
ORD-2025-035727,2025-11-02,CUS-01161,prd-0140,0.04,CARTON,1331520,53260.8
ORD-2025-035744,2025-11-03,CUS-00879,prd-0018,8,EACH,62570,500560
ORD-2025-035749,2025-11-03,CUS-02393,prd-0039,0.17,CARTON,354480,60261.600000000006
ORD-2025-035761,2025-11-03,CUS-00483,prd-0067,0.12,CARTON,297120,35654.399999999994
ORD-2025-035767,2025-11-03,CUS-00279,prd-0082,0.42,CARTON,368760,154879.2
ORD-2025-035778,2025-11-03,CUS-00087,prd-0090,0.25,CARTON,452280,113070.0
ORD-2025-035779,2025-11-03,CUS-01848,prd-0090,1.42,CARTON,452280,642237.6
ORD-2025-035785,2025-11-03,CUS-01699,prd-0093,1.42,CARTON,276960,393283.19999999995
ORD-2025-035806,2025-11-03,CUS-00552,prd-0125,9,EACH,15380,138420
ORD-2025-035851,2025-11-04,CUS-02351,prd-0017,1.75,CARTON,476160,833280.0
ORD-2025-035857,2025-11-04,CUS-02010,prd-0039,1.0,CARTON,354480,354480.0
ORD-2025-035860,2025-11-04,CUS-01662,prd-0045,1.08,CARTON,88080,95126.40000000001
ORD-2025-035863,2025-11-04,CUS-00166,prd-0054,0.23,CARTON,690400,158792.0
ORD-2025-035864,2025-11-04,CUS-01892,prd-0064,11,EACH,36350,399850
ORD-2025-035871,2025-11-04,CUS-02204,prd-0072,0.4,CARTON,426000,170400.0
ORD-2025-035875,2025-11-04,CUS-01506,prd-0077,0.5,CARTON,186720,93360.0
ORD-2025-035880,2025-11-04,CUS-00963,prd-0082,8,EACH,30730,245840
ORD-2025-035884,2025-11-04,CUS-01292,prd-0084,0.38,CARTON,666240,253171.19999999998
ORD-2025-035885,2025-11-04,CUS-02039,prd-0086,1.08,CARTON,338160,365212.80000000005
ORD-2025-035909,2025-11-04,CUS-01098,prd-0111,0.1,CARTON,587520,58752.0
ORD-2025-035923,2025-11-04,CUS-00801,prd-0142,0.83,CARTON,624360,518218.80000000005
ORD-2025-035937,2025-11-04,CUS-02448,prd-0161,0.06,CARTON,1566720,94003.2
ORD-2025-035944,2025-11-05,CUS-00949,prd-0004,0.75,CARTON,53880,40410.0
ORD-2025-035954,2025-11-05,CUS-02308,prd-0033,0.71,CARTON,264960,188121.59999999998
ORD-2025-035955,2025-11-05,CUS-00709,prd-0039,0.12,CARTON,354480,42537.6
ORD-2025-035956,2025-11-05,CUS-00113,prd-0039,0.21,CARTON,354480,74440.79999999999
ORD-2025-035960,2025-11-05,CUS-02422,prd-0049,0.5,CARTON,181900,90950.0
ORD-2025-035966,2025-11-05,CUS-00439,prd-0065,1.08,CARTON,408000,440640.0
ORD-2025-035968,2025-11-05,CUS-01260,prd-0071,0.8,CARTON,173800,139040.0
ORD-2025-035972,2025-11-05,CUS-01945,prd-0077,5,EACH,31120,155600
ORD-2025-035973,2025-11-05,CUS-00312,prd-0077,0.83,CARTON,186720,154977.59999999998
ORD-2025-035984,2025-11-05,CUS-01595,prd-0090,0.5,CARTON,452280,226140.0
ORD-2025-035985,2025-11-05,CUS-01117,prd-0090,0.67,CARTON,452280,303027.60000000003
ORD-2025-035986,2025-11-05,CUS-01146,prd-0090,17,EACH,37690,640730
ORD-2025-035987,2025-11-05,CUS-02477,prd-0090,0.17,CARTON,452280,76887.6
ORD-2025-035995,2025-11-05,CUS-00093,prd-0098,3,EACH,15320,45960
ORD-2025-036003,2025-11-05,CUS-01082,prd-0118,0.58,CARTON,277320,160845.59999999998
ORD-2025-036018,2025-11-05,CUS-00496,prd-0148,1,EACH,27270,27270
ORD-2025-036036,2025-11-06,CUS-00637,prd-0007,1.67,CARTON,204840,342082.8
ORD-2025-036038,2025-11-06,CUS-01276,prd-0013,0.58,CARTON,143640,83311.2
ORD-2025-036052,2025-11-06,CUS-02410,prd-0051,1.5,CARTON,172280,258420.0
ORD-2025-036074,2025-11-06,CUS-01080,prd-0086,6,EACH,28180,169080
ORD-2025-036075,2025-11-06,CUS-01320,prd-0086,6,EACH,28180,169080
ORD-2025-036080,2025-11-06,CUS-02412,prd-0090,0.58,CARTON,452280,262322.39999999997
ORD-2025-036081,2025-11-06,CUS-00064,prd-0090,0.33,CARTON,452280,149252.40000000002
ORD-2025-036091,2025-11-06,CUS-02482,prd-0102,0.42,CARTON,204600,85932.0
ORD-2025-036103,2025-11-06,CUS-00217,prd-0125,0.17,CARTON,461400,78438.00000000001
ORD-2025-036108,2025-11-06,CUS-00289,prd-0132,0.28,CARTON,1380960,386668.80000000005
ORD-2025-036113,2025-11-06,CUS-00668,prd-0145,0.12,CARTON,763200,91584.0
ORD-2025-036117,2025-11-06,CUS-00118,prd-0150,2.0,CARTON,191400,382800.0
ORD-2025-036120,2025-11-06,CUS-00476,prd-0153,10,EACH,24220,242200
ORD-2025-036138,2025-11-07,CUS-01229,prd-0025,15,EACH,5090,76350
ORD-2025-036141,2025-11-07,CUS-01569,prd-0035,0.17,CARTON,163920,27866.4
ORD-2025-036161,2025-11-07,CUS-01994,prd-0077,1.5,CARTON,186720,280080.0
ORD-2025-036169,2025-11-07,CUS-00032,prd-0086,0.58,CARTON,338160,196132.8
ORD-2025-036184,2025-11-07,CUS-01955,prd-0096,1.0,CARTON,276720,276720.0
ORD-2025-036199,2025-11-07,CUS-01689,prd-0120,0.12,CARTON,353760,42451.2
ORD-2025-036202,2025-11-07,CUS-00189,prd-0121,2.5,CARTON,158580,396450.0
ORD-2025-036214,2025-11-07,CUS-00402,prd-0151,18,EACH,42840,771120
ORD-2025-036227,2025-11-07,CUS-01447,prd-0161,0.1,CARTON,1566720,156672.0
ORD-2025-036241,2025-11-08,CUS-02306,prd-0045,4,EACH,7340,29360
ORD-2025-036259,2025-11-08,CUS-00589,prd-0090,0.67,CARTON,452280,303027.60000000003
ORD-2025-036271,2025-11-08,CUS-02129,prd-0118,0.67,CARTON,277320,185804.40000000002
ORD-2025-036291,2025-11-08,CUS-00367,prd-0161,0.35,CARTON,1566720,548352.0
ORD-2025-036292,2025-11-08,CUS-01760,prd-0170,0.17,CARTON,625320,106304.40000000001
ORD-2025-036310,2025-11-09,CUS-02110,prd-0090,0.42,CARTON,452280,189957.59999999998
ORD-2025-036312,2025-11-09,CUS-02403,prd-0115,4,EACH,21210,84840
ORD-2025-036316,2025-11-09,CUS-01054,prd-0145,0.67,CARTON,763200,511344.0
ORD-2025-036324,2025-11-10,CUS-01131,prd-0004,12,EACH,4490,53880
ORD-2025-036325,2025-11-10,CUS-00584,prd-0004,0.5,CARTON,53880,26940.0
ORD-2025-036334,2025-11-10,CUS-00542,prd-0022,0.17,CARTON,140160,23827.2
ORD-2025-036338,2025-11-10,CUS-01404,prd-0026,0.58,CARTON,49800,28884.0
ORD-2025-036340,2025-11-10,CUS-00559,prd-0031,5,EACH,36660,183300
ORD-2025-036358,2025-11-10,CUS-00572,prd-0067,0.08,CARTON,297120,23769.6
ORD-2025-036373,2025-11-10,CUS-01398,prd-0090,0.33,CARTON,452280,149252.40000000002
ORD-2025-036381,2025-11-10,CUS-02396,prd-0100,0.17,CARTON,498720,84782.40000000001
ORD-2025-036386,2025-11-10,CUS-01907,prd-0108,1.88,CARTON,738000,1387440.0
ORD-2025-036387,2025-11-10,CUS-02155,prd-0111,0.06,CARTON,587520,35251.2
ORD-2025-036397,2025-11-10,CUS-00029,prd-0125,0.1,CARTON,461400,46140.0
ORD-2025-036399,2025-11-10,CUS-00637,prd-0135,0.27,CARTON,1579200,426384.0
ORD-2025-036410,2025-11-10,CUS-00434,prd-0151,0.5,CARTON,171360,85680.0
ORD-2025-036411,2025-11-10,CUS-00834,prd-0151,10,EACH,42840,428400
ORD-2025-036412,2025-11-10,CUS-00955,prd-0151,6,EACH,42840,257040
ORD-2025-036416,2025-11-10,CUS-00629,prd-0155,7,EACH,65880,461160
ORD-2025-036440,2025-11-11,CUS-01116,prd-0050,0.38,CARTON,130080,49430.399999999994
ORD-2025-036451,2025-11-11,CUS-00115,prd-0076,0.67,CARTON,336600,225522.0
ORD-2025-036458,2025-11-11,CUS-00989,prd-0083,0.38,CARTON,568560,216052.80000000002
ORD-2025-036465,2025-11-11,CUS-00402,prd-0098,6,EACH,15320,91920
ORD-2025-036466,2025-11-11,CUS-00687,prd-0098,0.5,CARTON,183840,91920.0
ORD-2025-036487,2025-11-11,CUS-00980,prd-0131,0.19,CARTON,1121040,212997.6
ORD-2025-036490,2025-11-11,CUS-01302,prd-0142,0.58,CARTON,624360,362128.8
ORD-2025-036496,2025-11-11,CUS-01229,prd-0151,1.25,CARTON,171360,214200.0
ORD-2025-036501,2025-11-11,CUS-00093,prd-0160,7,EACH,32940,230580
ORD-2025-036522,2025-11-12,CUS-00785,prd-0040,3,EACH,14100,42300
ORD-2025-036523,2025-11-12,CUS-01274,prd-0045,16,EACH,7340,117440
ORD-2025-036533,2025-11-12,CUS-01902,prd-0067,0.46,CARTON,297120,136675.2
ORD-2025-036534,2025-11-12,CUS-00290,prd-0070,0.4,CARTON,192400,76960.0
ORD-2025-036536,2025-11-12,CUS-00111,prd-0074,2.4,CARTON,383900,921360.0
ORD-2025-036537,2025-11-12,CUS-00016,prd-0077,7,EACH,31120,217840
ORD-2025-036538,2025-11-12,CUS-01613,prd-0077,1.17,CARTON,186720,218462.39999999997
ORD-2025-036541,2025-11-12,CUS-01096,prd-0078,0.5,CARTON,404640,202320.0
ORD-2025-036543,2025-11-12,CUS-01655,prd-0081,9,EACH,42190,379710
ORD-2025-036557,2025-11-12,CUS-01553,prd-0090,12,EACH,37690,452280
ORD-2025-036563,2025-11-12,CUS-02169,prd-0093,0.5,CARTON,276960,138480.0
ORD-2025-036569,2025-11-12,CUS-02473,prd-0100,11,EACH,20780,228580
ORD-2025-036574,2025-11-12,CUS-01271,prd-0108,0.67,CARTON,738000,494460.0
ORD-2025-036583,2025-11-12,CUS-01555,prd-0135,0.12,CARTON,1579200,189504.0
ORD-2025-036591,2025-11-12,CUS-00700,prd-0151,7,EACH,42840,299880
ORD-2025-036592,2025-11-12,CUS-01398,prd-0151,0.25,CARTON,171360,42840.0
ORD-2025-036603,2025-11-12,CUS-02353,prd-0161,0.38,CARTON,1566720,595353.6000000001
ORD-2025-036604,2025-11-12,CUS-01943,prd-0162,15,EACH,28900,433500
ORD-2025-036608,2025-11-13,CUS-00158,prd-0001,0.75,CARTON,59640,44730.0
ORD-2025-036623,2025-11-13,CUS-02034,prd-0046,11,EACH,17360,190960
ORD-2025-036626,2025-11-13,CUS-00931,prd-0055,0.12,CARTON,679600,81552.0
ORD-2025-036629,2025-11-13,CUS-01738,prd-0060,0.08,CARTON,2877000,230160.0
ORD-2025-036630,2025-11-13,CUS-00954,prd-0062,0.2,CARTON,894500,178900.0
ORD-2025-036644,2025-11-13,CUS-00268,prd-0081,1.4,CARTON,421900,590659.9999999999
ORD-2025-036656,2025-11-13,CUS-00604,prd-0090,0.33,CARTON,452280,149252.40000000002
ORD-2025-036657,2025-11-13,CUS-00974,prd-0090,0.67,CARTON,452280,303027.60000000003
ORD-2025-036659,2025-11-13,CUS-01482,prd-0093,0.67,CARTON,276960,185563.2
ORD-2025-036662,2025-11-13,CUS-01411,prd-0100,12,EACH,20780,249360
ORD-2025-036672,2025-11-13,CUS-01289,prd-0120,0.21,CARTON,353760,74289.6
ORD-2025-036676,2025-11-13,CUS-02166,prd-0121,0.33,CARTON,158580,52331.399999999994
ORD-2025-036698,2025-11-13,CUS-00725,prd-0151,6,EACH,42840,257040
ORD-2025-036709,2025-11-13,CUS-01194,prd-0156,56,EACH,58570,3279920
ORD-2025-036713,2025-11-13,CUS-01653,prd-0161,3,EACH,32640,97920
ORD-2025-036722,2025-11-14,CUS-01719,prd-0011,0.08,CARTON,412080,32966.4
ORD-2025-036723,2025-11-14,CUS-01312,prd-0013,0.92,CARTON,143640,132148.8
ORD-2025-036726,2025-11-14,CUS-01664,prd-0020,0.06,CARTON,1402080,84124.79999999999
ORD-2025-036729,2025-11-14,CUS-01530,prd-0040,0.42,CARTON,338400,142128.0
ORD-2025-036736,2025-11-14,CUS-00289,prd-0049,0.8,CARTON,181900,145520.0
ORD-2025-036740,2025-11-14,CUS-02371,prd-0052,1.0,CARTON,174520,174520.0
ORD-2025-036747,2025-11-14,CUS-00158,prd-0064,11,EACH,36350,399850
ORD-2025-036750,2025-11-14,CUS-02422,prd-0074,0.5,CARTON,383900,191950.0
ORD-2025-036752,2025-11-14,CUS-00871,prd-0076,7,EACH,28050,196350
ORD-2025-036759,2025-11-14,CUS-01722,prd-0084,0.17,CARTON,666240,113260.80000000002
ORD-2025-036776,2025-11-14,CUS-01975,prd-0092,1,EACH,30260,30260
ORD-2025-036777,2025-11-14,CUS-02397,prd-0098,0.33,CARTON,183840,60667.200000000004
ORD-2025-036791,2025-11-14,CUS-01945,prd-0125,9,EACH,15380,138420
ORD-2025-036792,2025-11-14,CUS-00379,prd-0125,11,EACH,15380,169180
ORD-2025-036796,2025-11-14,CUS-02377,prd-0135,0.17,CARTON,1579200,268464.0
ORD-2025-036802,2025-11-14,CUS-00596,prd-0150,1.75,CARTON,191400,334950.0
ORD-2025-036809,2025-11-14,CUS-00578,prd-0154,10,EACH,42470,424700
ORD-2025-036810,2025-11-14,CUS-01975,prd-0156,4,EACH,58570,234280
ORD-2025-036813,2025-11-14,CUS-00070,prd-0161,0.17,CARTON,1566720,266342.4
ORD-2025-036817,2025-11-14,CUS-02186,prd-0166,11,EACH,25650,282150
ORD-2025-036820,2025-11-15,CUS-02117,prd-0007,0.42,CARTON,204840,86032.79999999999
ORD-2025-036835,2025-11-15,CUS-01229,prd-0079,8,EACH,46870,374960
ORD-2025-036844,2025-11-15,CUS-00552,prd-0090,3.17,CARTON,452280,1433727.6
ORD-2025-036852,2025-11-15,CUS-00774,prd-0108,0.46,CARTON,738000,339480.0
ORD-2025-036856,2025-11-15,CUS-00807,prd-0113,0.38,CARTON,625200,237576.0
ORD-2025-036861,2025-11-15,CUS-02076,prd-0125,5,EACH,15380,76900
ORD-2025-036867,2025-11-15,CUS-00538,prd-0144,0.5,CARTON,383880,191940.0
ORD-2025-036870,2025-11-15,CUS-00489,prd-0150,0.25,CARTON,191400,47850.0
ORD-2025-036874,2025-11-15,CUS-01053,prd-0151,2,EACH,42840,85680
ORD-2025-036893,2025-11-16,CUS-01868,prd-0090,0.33,CARTON,452280,149252.40000000002
ORD-2025-036901,2025-11-16,CUS-00344,prd-0111,6,EACH,12240,73440
ORD-2025-036913,2025-11-17,CUS-02269,prd-0004,0.42,CARTON,53880,22629.6
ORD-2025-036921,2025-11-17,CUS-00453,prd-0037,0.21,CARTON,615600,129276.0
ORD-2025-036930,2025-11-17,CUS-00676,prd-0051,15,EACH,43070,646050
ORD-2025-036932,2025-11-17,CUS-01643,prd-0057,1.2,CARTON,180400,216480.0
ORD-2025-036936,2025-11-17,CUS-01227,prd-0064,1.5,CARTON,145400,218100.0
ORD-2025-036937,2025-11-17,CUS-01321,prd-0067,0.25,CARTON,297120,74280.0
ORD-2025-036941,2025-11-17,CUS-00101,prd-0078,0.42,CARTON,404640,169948.8
ORD-2025-036946,2025-11-17,CUS-00093,prd-0082,17,EACH,30730,522410
ORD-2025-036962,2025-11-17,CUS-02385,prd-0090,0.75,CARTON,452280,339210.0
ORD-2025-036963,2025-11-17,CUS-02293,prd-0090,0.17,CARTON,452280,76887.6
ORD-2025-036969,2025-11-17,CUS-00945,prd-0096,0.17,CARTON,276720,47042.4
ORD-2025-036973,2025-11-17,CUS-00315,prd-0102,0.42,CARTON,204600,85932.0
ORD-2025-036974,2025-11-17,CUS-01032,prd-0103,0.42,CARTON,461760,193939.19999999998
ORD-2025-036976,2025-11-17,CUS-01030,prd-0109,2,EACH,30700,61400
ORD-2025-036992,2025-11-17,CUS-00791,prd-0128,4,EACH,20590,82360
ORD-2025-036996,2025-11-17,CUS-01210,prd-0142,0.25,CARTON,624360,156090.0
ORD-2025-037008,2025-11-17,CUS-01861,prd-0156,0.08,CARTON,702840,56227.200000000004
ORD-2025-037014,2025-11-17,CUS-00363,prd-0161,0.33,CARTON,1566720,517017.60000000003
ORD-2025-037019,2025-11-17,CUS-01970,prd-0170,0.17,CARTON,625320,106304.40000000001
ORD-2025-037050,2025-11-18,CUS-00949,prd-0083,8,EACH,23690,189520
ORD-2025-037079,2025-11-18,CUS-02155,prd-0125,0.43,CARTON,461400,198402.0
ORD-2025-037080,2025-11-18,CUS-01265,prd-0125,0.5,CARTON,461400,230700.0
ORD-2025-037081,2025-11-18,CUS-00569,prd-0125,0.67,CARTON,461400,309138.0
ORD-2025-037083,2025-11-18,CUS-01406,prd-0135,0.02,CARTON,1579200,31584.0
ORD-2025-037089,2025-11-18,CUS-00002,prd-0151,5.0,CARTON,171360,856800.0
ORD-2025-037090,2025-11-18,CUS-00111,prd-0151,2.25,CARTON,171360,385560.0
ORD-2025-037098,2025-11-18,CUS-00779,prd-0160,5,EACH,32940,164700
ORD-2025-037105,2025-11-18,CUS-00842,prd-0170,2,EACH,17370,34740
ORD-2025-037113,2025-11-19,CUS-00432,prd-0031,3,EACH,36660,109980
ORD-2025-037115,2025-11-19,CUS-01042,prd-0039,0.33,CARTON,354480,116978.40000000001
ORD-2025-037116,2025-11-19,CUS-00814,prd-0039,4,EACH,14770,59080
ORD-2025-037129,2025-11-19,CUS-00800,prd-0076,1.58,CARTON,336600,531828.0
ORD-2025-037141,2025-11-19,CUS-00730,prd-0090,3,EACH,37690,113070
ORD-2025-037145,2025-11-19,CUS-01014,prd-0098,0.25,CARTON,183840,45960.0
ORD-2025-037169,2025-11-19,CUS-02148,prd-0145,3,EACH,31800,95400
ORD-2025-037174,2025-11-19,CUS-02482,prd-0151,2.5,CARTON,171360,428400.0
ORD-2025-037175,2025-11-19,CUS-02101,prd-0151,1.75,CARTON,171360,299880.0
ORD-2025-037184,2025-11-19,CUS-01776,prd-0165,0.08,CARTON,1122240,89779.20000000001
ORD-2025-037190,2025-11-20,CUS-00578,prd-0001,0.5,CARTON,59640,29820.0
ORD-2025-037192,2025-11-20,CUS-01409,prd-0004,1.08,CARTON,53880,58190.40000000001
ORD-2025-037195,2025-11-20,CUS-00344,prd-0011,5,EACH,17170,85850
ORD-2025-037200,2025-11-20,CUS-01459,prd-0023,1.75,CARTON,203280,355740.0
ORD-2025-037202,2025-11-20,CUS-00461,prd-0030,15,EACH,25250,378750
ORD-2025-037212,2025-11-20,CUS-01506,prd-0040,0.04,CARTON,338400,13536.0
ORD-2025-037216,2025-11-20,CUS-00576,prd-0056,1.0,CARTON,600480,600480.0
ORD-2025-037220,2025-11-20,CUS-00868,prd-0063,1,EACH,15070,15070
ORD-2025-037229,2025-11-20,CUS-01348,prd-0083,0.29,CARTON,568560,164882.4
ORD-2025-037239,2025-11-20,CUS-01570,prd-0090,0.42,CARTON,452280,189957.59999999998
ORD-2025-037242,2025-11-20,CUS-00542,prd-0100,0.17,CARTON,498720,84782.40000000001
ORD-2025-037250,2025-11-20,CUS-02247,prd-0120,5,EACH,14740,73700
ORD-2025-037256,2025-11-20,CUS-00907,prd-0128,35,EACH,20590,720650
ORD-2025-037263,2025-11-20,CUS-02356,prd-0150,2.75,CARTON,191400,526350.0
ORD-2025-037269,2025-11-20,CUS-00173,prd-0156,3,EACH,58570,175710
ORD-2025-037273,2025-11-20,CUS-00334,prd-0161,0.1,CARTON,1566720,156672.0
ORD-2025-037278,2025-11-21,CUS-01577,prd-0008,1.0,CARTON,196320,196320.0
ORD-2025-037292,2025-11-21,CUS-00681,prd-0049,1.6,CARTON,181900,291040.0
ORD-2025-037295,2025-11-21,CUS-02377,prd-0051,10,EACH,43070,430700
ORD-2025-037304,2025-11-21,CUS-02172,prd-0064,2.25,CARTON,145400,327150.0
ORD-2025-037305,2025-11-21,CUS-01990,prd-0067,1,EACH,12380,12380
ORD-2025-037312,2025-11-21,CUS-02230,prd-0077,1.83,CARTON,186720,341697.60000000003
ORD-2025-037313,2025-11-21,CUS-01391,prd-0077,3.17,CARTON,186720,591902.3999999999
ORD-2025-037320,2025-11-21,CUS-01410,prd-0084,0.25,CARTON,666240,166560.0
ORD-2025-037326,2025-11-21,CUS-02254,prd-0090,0.33,CARTON,452280,149252.40000000002
ORD-2025-037327,2025-11-21,CUS-00537,prd-0090,0.67,CARTON,452280,303027.60000000003
ORD-2025-037328,2025-11-21,CUS-01928,prd-0090,0.25,CARTON,452280,113070.0
ORD-2025-037329,2025-11-21,CUS-00963,prd-0090,8,EACH,37690,301520
ORD-2025-037330,2025-11-21,CUS-02468,prd-0090,0.58,CARTON,452280,262322.39999999997
ORD-2025-037337,2025-11-21,CUS-00935,prd-0108,0.29,CARTON,738000,214020.0
ORD-2025-037340,2025-11-21,CUS-01661,prd-0118,1,EACH,23110,23110
ORD-2025-037347,2025-11-21,CUS-02498,prd-0125,24,EACH,15380,369120
ORD-2025-037379,2025-11-21,CUS-00569,prd-0160,0.08,CARTON,1581120,126489.6
ORD-2025-037387,2025-11-21,CUS-00810,prd-0165,0.08,CARTON,1122240,89779.20000000001
ORD-2025-037390,2025-11-21,CUS-00711,prd-0170,0.17,CARTON,625320,106304.40000000001
ORD-2025-037397,2025-11-22,CUS-02301,prd-0034,0.25,CARTON,184200,46050.0
ORD-2025-037399,2025-11-22,CUS-02150,prd-0035,6,EACH,13660,81960
ORD-2025-037402,2025-11-22,CUS-02375,prd-0051,0.5,CARTON,172280,86140.0
ORD-2025-037406,2025-11-22,CUS-00540,prd-0061,0.1,CARTON,816000,81600.0
ORD-2025-037407,2025-11-22,CUS-01523,prd-0061,6,EACH,16320,97920
ORD-2025-037416,2025-11-22,CUS-00658,prd-0086,0.5,CARTON,338160,169080.0
ORD-2025-037417,2025-11-22,CUS-02064,prd-0086,0.75,CARTON,338160,253620.0
ORD-2025-037436,2025-11-22,CUS-00506,prd-0125,6,EACH,15380,92280
ORD-2025-037445,2025-11-22,CUS-00168,prd-0151,4.75,CARTON,171360,813960.0
ORD-2025-037454,2025-11-22,CUS-00718,prd-0163,4,EACH,27790,111160
ORD-2025-037473,2025-11-23,CUS-00609,prd-0106,0.5,CARTON,502680,251340.0
ORD-2025-037489,2025-11-24,CUS-01423,prd-0005,3,EACH,3110,9330
ORD-2025-037500,2025-11-24,CUS-00158,prd-0029,0.25,CARTON,265680,66420.0
ORD-2025-037503,2025-11-24,CUS-00637,prd-0036,30,EACH,20500,615000
ORD-2025-037509,2025-11-24,CUS-02153,prd-0045,0.58,CARTON,88080,51086.399999999994
ORD-2025-037510,2025-11-24,CUS-01716,prd-0049,0.4,CARTON,181900,72760.0
ORD-2025-037512,2025-11-24,CUS-02107,prd-0055,11,EACH,16990,186890
ORD-2025-037516,2025-11-24,CUS-00650,prd-0061,11,EACH,16320,179520
ORD-2025-037525,2025-11-24,CUS-01758,prd-0079,0.4,CARTON,468700,187480.0
ORD-2025-037533,2025-11-24,CUS-00902,prd-0086,4,EACH,28180,112720
ORD-2025-037540,2025-11-24,CUS-00917,prd-0090,0.33,CARTON,452280,149252.40000000002
ORD-2025-037548,2025-11-24,CUS-01342,prd-0098,1.25,CARTON,183840,229800.0
ORD-2025-037558,2025-11-24,CUS-00621,prd-0115,0.44,CARTON,1018080,447955.19999999995
ORD-2025-037562,2025-11-24,CUS-00925,prd-0118,10,EACH,23110,231100
ORD-2025-037568,2025-11-24,CUS-00980,prd-0129,0.33,CARTON,213720,70527.6
ORD-2025-037578,2025-11-24,CUS-00637,prd-0151,1.25,CARTON,171360,214200.0
ORD-2025-037588,2025-11-24,CUS-00111,prd-0163,0.08,CARTON,666960,53356.8
ORD-2025-037601,2025-11-25,CUS-01940,prd-0011,2,EACH,17170,34340
ORD-2025-037610,2025-11-25,CUS-00506,prd-0028,0.75,CARTON,58920,44190.0
ORD-2025-037612,2025-11-25,CUS-01855,prd-0039,0.92,CARTON,354480,326121.60000000003
ORD-2025-037627,2025-11-25,CUS-02000,prd-0061,0.04,CARTON,816000,32640.000000000004
ORD-2025-037643,2025-11-25,CUS-00533,prd-0077,1.5,CARTON,186720,280080.0
ORD-2025-037644,2025-11-25,CUS-00510,prd-0077,1.67,CARTON,186720,311822.39999999997
ORD-2025-037647,2025-11-25,CUS-01398,prd-0080,0.25,CARTON,286800,71700.0
ORD-2025-037679,2025-11-25,CUS-00479,prd-0118,0.58,CARTON,277320,160845.59999999998
ORD-2025-037688,2025-11-25,CUS-01211,prd-0130,6,EACH,13600,81600
ORD-2025-037690,2025-11-25,CUS-01777,prd-0135,8,EACH,32900,263200
ORD-2025-037701,2025-11-25,CUS-00743,prd-0151,1.25,CARTON,171360,214200.0
ORD-2025-037703,2025-11-25,CUS-00928,prd-0153,0.1,CARTON,1162560,116256.0
ORD-2025-037713,2025-11-25,CUS-01439,prd-0166,16,EACH,25650,410400
ORD-2025-037716,2025-11-25,CUS-02313,prd-0169,0.06,CARTON,734880,44092.8
ORD-2025-037721,2025-11-26,CUS-01215,prd-0018,0.33,CARTON,750840,247777.2
ORD-2025-037735,2025-11-26,CUS-00203,prd-0057,0.6,CARTON,180400,108240.0
ORD-2025-037740,2025-11-26,CUS-01409,prd-0079,4,EACH,46870,187480
ORD-2025-037742,2025-11-26,CUS-00470,prd-0083,8,EACH,23690,189520
ORD-2025-037745,2025-11-26,CUS-00346,prd-0088,0.15,CARTON,611600,91740.0
ORD-2025-037755,2025-11-26,CUS-00547,prd-0092,0.92,CARTON,363120,334070.4
ORD-2025-037761,2025-11-26,CUS-02247,prd-0100,0.12,CARTON,498720,59846.399999999994
ORD-2025-037774,2025-11-26,CUS-01675,prd-0135,0.33,CARTON,1579200,521136.0
ORD-2025-037784,2025-11-26,CUS-02129,prd-0151,3,EACH,42840,128520
ORD-2025-037785,2025-11-26,CUS-00143,prd-0151,31,EACH,42840,1328040
ORD-2025-037793,2025-11-26,CUS-00068,prd-0165,17,EACH,23380,397460
ORD-2025-037802,2025-11-27,CUS-00343,prd-0008,3,EACH,16360,49080
ORD-2025-037815,2025-11-27,CUS-00152,prd-0061,13,EACH,16320,212160
ORD-2025-037819,2025-11-27,CUS-00763,prd-0064,0.75,CARTON,145400,109050.0
ORD-2025-037846,2025-11-27,CUS-01327,prd-0090,1.25,CARTON,452280,565350.0
ORD-2025-037867,2025-11-27,CUS-02172,prd-0114,4,EACH,15730,62920
ORD-2025-037871,2025-11-27,CUS-02140,prd-0121,1.0,CARTON,158580,158580.0
ORD-2025-037883,2025-11-27,CUS-02351,prd-0151,3.25,CARTON,171360,556920.0
ORD-2025-037884,2025-11-27,CUS-01554,prd-0151,10,EACH,42840,428400
ORD-2025-037885,2025-11-27,CUS-00825,prd-0151,0.75,CARTON,171360,128520.0
ORD-2025-037888,2025-11-27,CUS-00676,prd-0153,0.1,CARTON,1162560,116256.0
ORD-2025-037904,2025-11-28,CUS-00539,prd-0016,0.5,CARTON,512160,256080.0
ORD-2025-037912,2025-11-28,CUS-01571,prd-0031,0.21,CARTON,879840,184766.4
ORD-2025-037922,2025-11-28,CUS-02171,prd-0058,0.5,CARTON,179800,89900.0
ORD-2025-037936,2025-11-28,CUS-00999,prd-0082,15,EACH,30730,460950
ORD-2025-037940,2025-11-28,CUS-01416,prd-0089,6,EACH,13010,78060
ORD-2025-037943,2025-11-28,CUS-01213,prd-0090,0.33,CARTON,452280,149252.40000000002
ORD-2025-037946,2025-11-28,CUS-00064,prd-0098,0.92,CARTON,183840,169132.80000000002
ORD-2025-037954,2025-11-28,CUS-00426,prd-0108,0.25,CARTON,738000,184500.0
ORD-2025-037986,2025-11-28,CUS-02017,prd-0161,0.21,CARTON,1566720,329011.19999999995
ORD-2025-037987,2025-11-28,CUS-00460,prd-0161,9,EACH,32640,293760
ORD-2025-037992,2025-11-28,CUS-00801,prd-0165,0.21,CARTON,1122240,235670.40000000002
ORD-2025-037998,2025-11-29,CUS-00486,prd-0031,0.12,CARTON,879840,105580.79999999999
ORD-2025-037999,2025-11-29,CUS-00343,prd-0035,3,EACH,13660,40980
ORD-2025-038001,2025-11-29,CUS-01334,prd-0037,0.5,CARTON,615600,307800.0
ORD-2025-038004,2025-11-29,CUS-02349,prd-0047,17,EACH,19060,324020
ORD-2025-038005,2025-11-29,CUS-01326,prd-0050,0.67,CARTON,130080,87153.6
ORD-2025-038006,2025-11-29,CUS-02270,prd-0050,7,EACH,5420,37940
ORD-2025-038007,2025-11-29,CUS-00282,prd-0057,0.6,CARTON,180400,108240.0
ORD-2025-038008,2025-11-29,CUS-01445,prd-0061,0.14,CARTON,816000,114240.00000000001
ORD-2025-038014,2025-11-29,CUS-01317,prd-0075,1.17,CARTON,204120,238820.39999999997
ORD-2025-038018,2025-11-29,CUS-01244,prd-0077,8,EACH,31120,248960
ORD-2025-038044,2025-11-29,CUS-02349,prd-0116,0.44,CARTON,636480,280051.2
ORD-2025-038046,2025-11-29,CUS-02247,prd-0121,18,EACH,26430,475740
ORD-2025-038050,2025-11-29,CUS-00434,prd-0127,0.25,CARTON,201120,50280.0
ORD-2025-038058,2025-11-29,CUS-02013,prd-0144,4,EACH,31990,127960
ORD-2025-038063,2025-11-29,CUS-01850,prd-0151,4.5,CARTON,171360,771120.0
ORD-2025-038065,2025-11-29,CUS-00150,prd-0157,17,EACH,24810,421770
ORD-2025-038083,2025-11-30,CUS-00824,prd-0081,1.4,CARTON,421900,590659.9999999999
ORD-2025-038099,2025-11-30,CUS-01901,prd-0125,0.3,CARTON,461400,138420.0
ORD-2025-038100,2025-11-30,CUS-00351,prd-0125,15,EACH,15380,230700
ORD-2025-038114,2025-12-01,CUS-02446,prd-0011,5,EACH,17170,85850
ORD-2025-038116,2025-12-01,CUS-02306,prd-0016,13,EACH,42680,554840
ORD-2025-038125,2025-12-01,CUS-02118,prd-0035,2.83,CARTON,163920,463893.60000000003
ORD-2025-038128,2025-12-01,CUS-02105,prd-0046,0.25,CARTON,347200,86800.0
ORD-2025-038136,2025-12-01,CUS-01554,prd-0057,25,EACH,18040,451000
ORD-2025-038141,2025-12-01,CUS-00430,prd-0060,10,EACH,57540,575400
ORD-2025-038149,2025-12-01,CUS-02255,prd-0072,0.5,CARTON,426000,213000.0
ORD-2025-038166,2025-12-01,CUS-01470,prd-0086,2.42,CARTON,338160,818347.2
ORD-2025-038167,2025-12-01,CUS-01939,prd-0086,4,EACH,28180,112720
ORD-2025-038176,2025-12-01,CUS-00128,prd-0090,0.75,CARTON,452280,339210.0
ORD-2025-038177,2025-12-01,CUS-00637,prd-0090,11,EACH,37690,414590
ORD-2025-038186,2025-12-01,CUS-01649,prd-0100,22,EACH,20780,457160
ORD-2025-038191,2025-12-01,CUS-02170,prd-0109,0.75,CARTON,368400,276300.0
ORD-2025-038192,2025-12-01,CUS-00801,prd-0111,0.08,CARTON,587520,47001.600000000006
ORD-2025-038199,2025-12-01,CUS-01982,prd-0118,3,EACH,23110,69330
ORD-2025-038202,2025-12-01,CUS-01080,prd-0121,2.0,CARTON,158580,317160.0
ORD-2025-038204,2025-12-01,CUS-00447,prd-0123,8,EACH,14410,115280
ORD-2025-038206,2025-12-01,CUS-00434,prd-0125,0.4,CARTON,461400,184560.0
ORD-2025-038209,2025-12-01,CUS-02061,prd-0127,3,EACH,16760,50280
ORD-2025-038219,2025-12-01,CUS-01848,prd-0147,0.54,CARTON,775920,418996.80000000005
ORD-2025-038225,2025-12-01,CUS-00954,prd-0151,0.5,CARTON,171360,85680.0
ORD-2025-038229,2025-12-01,CUS-01043,prd-0156,0.5,CARTON,702840,351420.0
ORD-2025-038231,2025-12-01,CUS-02430,prd-0159,0.04,CARTON,1240320,49612.799999999996
ORD-2025-038237,2025-12-01,CUS-01973,prd-0169,0.17,CARTON,734880,124929.6
ORD-2025-038239,2025-12-02,CUS-02017,prd-0006,0.58,CARTON,36720,21297.6
ORD-2025-038240,2025-12-02,CUS-00511,prd-0011,0.04,CARTON,412080,16483.2
ORD-2025-038242,2025-12-02,CUS-02437,prd-0023,0.33,CARTON,203280,67082.4
ORD-2025-038253,2025-12-02,CUS-01495,prd-0039,1,EACH,14770,14770
ORD-2025-038256,2025-12-02,CUS-01484,prd-0054,0.42,CARTON,690400,289968.0
ORD-2025-038259,2025-12-02,CUS-02147,prd-0058,0.2,CARTON,179800,35960.0
ORD-2025-038265,2025-12-02,CUS-00784,prd-0065,1.08,CARTON,408000,440640.0
ORD-2025-038278,2025-12-02,CUS-02285,prd-0083,10,EACH,23690,236900
ORD-2025-038288,2025-12-02,CUS-02309,prd-0090,8,EACH,37690,301520
ORD-2025-038289,2025-12-02,CUS-01963,prd-0090,15,EACH,37690,565350
ORD-2025-038298,2025-12-02,CUS-01699,prd-0098,0.42,CARTON,183840,77212.79999999999
ORD-2025-038300,2025-12-02,CUS-00405,prd-0100,0.46,CARTON,498720,229411.2
ORD-2025-038301,2025-12-02,CUS-01432,prd-0100,0.46,CARTON,498720,229411.2
ORD-2025-038317,2025-12-02,CUS-01803,prd-0118,0.33,CARTON,277320,91515.6
ORD-2025-038326,2025-12-02,CUS-01370,prd-0122,0.5,CARTON,459360,229680.0
ORD-2025-038328,2025-12-02,CUS-02437,prd-0123,0.17,CARTON,345840,58792.8
ORD-2025-038332,2025-12-02,CUS-00029,prd-0125,0.17,CARTON,461400,78438.00000000001
ORD-2025-038333,2025-12-02,CUS-01965,prd-0125,0.37,CARTON,461400,170718.0
ORD-2025-038336,2025-12-02,CUS-02412,prd-0135,0.23,CARTON,1579200,363216.0
ORD-2025-038342,2025-12-02,CUS-00320,prd-0146,0.12,CARTON,835680,100281.59999999999
ORD-2025-038347,2025-12-02,CUS-00507,prd-0151,0.25,CARTON,171360,42840.0
ORD-2025-038365,2025-12-03,CUS-01564,prd-0007,0.33,CARTON,204840,67597.20000000001
ORD-2025-038366,2025-12-03,CUS-00862,prd-0007,0.92,CARTON,204840,188452.80000000002
ORD-2025-038373,2025-12-03,CUS-00974,prd-0016,30,EACH,42680,1280400
ORD-2025-038377,2025-12-03,CUS-01156,prd-0023,0.33,CARTON,203280,67082.4
ORD-2025-038382,2025-12-03,CUS-02194,prd-0031,0.08,CARTON,879840,70387.20000000001
ORD-2025-038393,2025-12-03,CUS-01463,prd-0057,13,EACH,18040,234520
ORD-2025-038404,2025-12-03,CUS-00716,prd-0068,9,EACH,16320,146880
ORD-2025-038405,2025-12-03,CUS-00763,prd-0070,0.4,CARTON,192400,76960.0
ORD-2025-038406,2025-12-03,CUS-01623,prd-0072,2.0,CARTON,426000,852000.0
ORD-2025-038413,2025-12-03,CUS-00500,prd-0077,2.5,CARTON,186720,466800.0
ORD-2025-038418,2025-12-03,CUS-00269,prd-0085,0.33,CARTON,781920,258033.59999999998
ORD-2025-038432,2025-12-03,CUS-00516,prd-0096,0.67,CARTON,276720,185402.40000000002
ORD-2025-038436,2025-12-03,CUS-01534,prd-0100,0.29,CARTON,498720,144628.8
ORD-2025-038443,2025-12-03,CUS-00269,prd-0111,2,EACH,12240,24480
ORD-2025-038448,2025-12-03,CUS-01371,prd-0121,1.0,CARTON,158580,158580.0
ORD-2025-038469,2025-12-03,CUS-00133,prd-0151,2.5,CARTON,171360,428400.0
ORD-2025-038470,2025-12-03,CUS-02136,prd-0151,8,EACH,42840,342720
ORD-2025-038488,2025-12-03,CUS-01202,prd-0161,0.27,CARTON,1566720,423014.4
ORD-2025-038489,2025-12-03,CUS-00282,prd-0161,2,EACH,32640,65280
ORD-2025-038496,2025-12-04,CUS-00989,prd-0003,1,EACH,4840,4840
ORD-2025-038510,2025-12-04,CUS-00358,prd-0033,0.17,CARTON,264960,45043.200000000004
ORD-2025-038513,2025-12-04,CUS-02468,prd-0039,4,EACH,14770,59080
ORD-2025-038515,2025-12-04,CUS-01823,prd-0041,1,EACH,6830,6830
ORD-2025-038521,2025-12-04,CUS-00893,prd-0057,2.6,CARTON,180400,469040.0
ORD-2025-038523,2025-12-04,CUS-00504,prd-0061,7,EACH,16320,114240
ORD-2025-038528,2025-12-04,CUS-00698,prd-0077,2.5,CARTON,186720,466800.0
ORD-2025-038538,2025-12-04,CUS-00947,prd-0082,0.75,CARTON,368760,276570.0
ORD-2025-038547,2025-12-04,CUS-02211,prd-0089,0.28,CARTON,520400,145712.0
ORD-2025-038555,2025-12-04,CUS-02226,prd-0095,1.08,CARTON,243480,262958.4
ORD-2025-038556,2025-12-04,CUS-00157,prd-0095,0.83,CARTON,243480,202088.40000000002
ORD-2025-038563,2025-12-04,CUS-00659,prd-0104,6,EACH,17130,102780
ORD-2025-038583,2025-12-04,CUS-01245,prd-0136,0.19,CARTON,2637600,501144.0
ORD-2025-038587,2025-12-04,CUS-00407,prd-0142,9,EACH,52030,468270
ORD-2025-038591,2025-12-04,CUS-00202,prd-0151,1.5,CARTON,171360,257040.0
ORD-2025-038592,2025-12-04,CUS-00892,prd-0151,2.75,CARTON,171360,471240.0
ORD-2025-038606,2025-12-04,CUS-00053,prd-0165,6,EACH,23380,140280
ORD-2025-038607,2025-12-05,CUS-00526,prd-0002,12,EACH,5180,62160
ORD-2025-038627,2025-12-05,CUS-00157,prd-0057,0.7,CARTON,180400,126280.0
ORD-2025-038633,2025-12-05,CUS-01297,prd-0064,1.0,CARTON,145400,145400.0
ORD-2025-038636,2025-12-05,CUS-01398,prd-0069,0.17,CARTON,206520,35108.4
ORD-2025-038649,2025-12-05,CUS-00980,prd-0086,6,EACH,28180,169080
ORD-2025-038658,2025-12-05,CUS-01050,prd-0090,1.25,CARTON,452280,565350.0
ORD-2025-038659,2025-12-05,CUS-02105,prd-0090,2.25,CARTON,452280,1017630.0
ORD-2025-038685,2025-12-05,CUS-01730,prd-0125,0.2,CARTON,461400,92280.0
ORD-2025-038695,2025-12-05,CUS-02429,prd-0142,0.42,CARTON,624360,262231.19999999995
ORD-2025-038696,2025-12-05,CUS-01731,prd-0142,0.67,CARTON,624360,418321.19999999995
ORD-2025-038699,2025-12-05,CUS-02172,prd-0143,0.58,CARTON,583680,338534.39999999997
ORD-2025-038712,2025-12-05,CUS-00862,prd-0151,2.5,CARTON,171360,428400.0
ORD-2025-038737,2025-12-06,CUS-00917,prd-0024,12,EACH,9800,117600
ORD-2025-038740,2025-12-06,CUS-00185,prd-0026,0.25,CARTON,49800,12450.0
ORD-2025-038741,2025-12-06,CUS-01289,prd-0026,0.67,CARTON,49800,33366.0
ORD-2025-038749,2025-12-06,CUS-00695,prd-0064,2.25,CARTON,145400,327150.0
ORD-2025-038755,2025-12-06,CUS-00343,prd-0077,0.5,CARTON,186720,93360.0
ORD-2025-038767,2025-12-06,CUS-02003,prd-0090,0.58,CARTON,452280,262322.39999999997
ORD-2025-038770,2025-12-06,CUS-00776,prd-0091,10,EACH,27010,270100
ORD-2025-038787,2025-12-06,CUS-00919,prd-0125,0.1,CARTON,461400,46140.0
ORD-2025-038822,2025-12-06,CUS-00839,prd-0167,5,EACH,14020,70100
ORD-2025-038834,2025-12-07,CUS-00474,prd-0057,1.0,CARTON,180400,180400.0
ORD-2025-038838,2025-12-07,CUS-00900,prd-0077,0.33,CARTON,186720,61617.600000000006
ORD-2025-038841,2025-12-07,CUS-01785,prd-0086,0.42,CARTON,338160,142027.2
ORD-2025-038843,2025-12-07,CUS-00685,prd-0090,1.17,CARTON,452280,529167.6
ORD-2025-038853,2025-12-07,CUS-00993,prd-0161,4,EACH,32640,130560
ORD-2025-038858,2025-12-08,CUS-01394,prd-0008,1.17,CARTON,196320,229694.39999999997
ORD-2025-038865,2025-12-08,CUS-00625,prd-0013,0.33,CARTON,143640,47401.200000000004
ORD-2025-038867,2025-12-08,CUS-02296,prd-0018,1.17,CARTON,750840,878482.7999999999
ORD-2025-038868,2025-12-08,CUS-02099,prd-0018,0.58,CARTON,750840,435487.19999999995
ORD-2025-038881,2025-12-08,CUS-02385,prd-0041,0.5,CARTON,81960,40980.0
ORD-2025-038884,2025-12-08,CUS-01643,prd-0057,0.7,CARTON,180400,126280.0
ORD-2025-038904,2025-12-08,CUS-02216,prd-0077,1,EACH,31120,31120
ORD-2025-038908,2025-12-08,CUS-02129,prd-0080,0.17,CARTON,286800,48756.00000000001
ORD-2025-038912,2025-12-08,CUS-01394,prd-0082,3.75,CARTON,368760,1382850.0
ORD-2025-038915,2025-12-08,CUS-00844,prd-0084,0.71,CARTON,666240,473030.39999999997
ORD-2025-038936,2025-12-08,CUS-01363,prd-0098,26,EACH,15320,398320
ORD-2025-038960,2025-12-08,CUS-02216,prd-0125,0.3,CARTON,461400,138420.0
ORD-2025-038974,2025-12-08,CUS-00928,prd-0144,6,EACH,31990,191940
ORD-2025-038982,2025-12-08,CUS-01128,prd-0151,3.75,CARTON,171360,642600.0
ORD-2025-038994,2025-12-08,CUS-01888,prd-0160,5,EACH,32940,164700
ORD-2025-039007,2025-12-09,CUS-00113,prd-0031,19,EACH,36660,696540
ORD-2025-039011,2025-12-09,CUS-01521,prd-0037,6,EACH,25650,153900
ORD-2025-039020,2025-12-09,CUS-00686,prd-0057,0.1,CARTON,180400,18040.0
ORD-2025-039023,2025-12-09,CUS-00994,prd-0061,0.1,CARTON,816000,81600.0
ORD-2025-039044,2025-12-09,CUS-01752,prd-0077,0.83,CARTON,186720,154977.59999999998
ORD-2025-039050,2025-12-09,CUS-02270,prd-0083,0.5,CARTON,568560,284280.0
ORD-2025-039066,2025-12-09,CUS-00497,prd-0090,0.67,CARTON,452280,303027.60000000003
ORD-2025-039077,2025-12-09,CUS-00061,prd-0100,7,EACH,20780,145460
ORD-2025-039081,2025-12-09,CUS-02066,prd-0107,0.08,CARTON,475080,38006.4
ORD-2025-039082,2025-12-09,CUS-00191,prd-0108,0.42,CARTON,738000,309960.0
ORD-2025-039083,2025-12-09,CUS-00801,prd-0108,0.62,CARTON,738000,457560.0
ORD-2025-039099,2025-12-09,CUS-01991,prd-0125,0.2,CARTON,461400,92280.0
ORD-2025-039102,2025-12-09,CUS-00622,prd-0128,2,EACH,20590,41180
ORD-2025-039108,2025-12-09,CUS-01208,prd-0141,0.12,CARTON,926400,111168.0
ORD-2025-039112,2025-12-09,CUS-00533,prd-0150,0.25,CARTON,191400,47850.0
ORD-2025-039158,2025-12-10,CUS-01791,prd-0061,0.3,CARTON,816000,244800.0
ORD-2025-039165,2025-12-10,CUS-01017,prd-0071,2.0,CARTON,173800,347600.0
ORD-2025-039184,2025-12-10,CUS-02294,prd-0090,0.25,CARTON,452280,113070.0
ORD-2025-039197,2025-12-10,CUS-00610,prd-0100,0.21,CARTON,498720,104731.20000000001
ORD-2025-039199,2025-12-10,CUS-01255,prd-0101,6,EACH,22590,135540
ORD-2025-039204,2025-12-10,CUS-00565,prd-0108,0.79,CARTON,738000,583020.0
ORD-2025-039207,2025-12-10,CUS-02065,prd-0111,0.17,CARTON,587520,99878.40000000001
ORD-2025-039208,2025-12-10,CUS-01243,prd-0115,0.29,CARTON,1018080,295243.19999999995
ORD-2025-039218,2025-12-10,CUS-01490,prd-0125,0.13,CARTON,461400,59982.0
ORD-2025-039232,2025-12-10,CUS-01082,prd-0144,0.5,CARTON,383880,191940.0
ORD-2025-039253,2025-12-10,CUS-01701,prd-0165,0.29,CARTON,1122240,325449.6
ORD-2025-039260,2025-12-11,CUS-02106,prd-0004,4,EACH,4490,17960
ORD-2025-039275,2025-12-11,CUS-01901,prd-0045,0.25,CARTON,88080,22020.0
ORD-2025-039284,2025-12-11,CUS-01979,prd-0075,1.0,CARTON,204120,204120.0
ORD-2025-039287,2025-12-11,CUS-00731,prd-0077,1.17,CARTON,186720,218462.39999999997
ORD-2025-039302,2025-12-11,CUS-02294,prd-0090,6,EACH,37690,226140
ORD-2025-039303,2025-12-11,CUS-00784,prd-0090,10,EACH,37690,376900
ORD-2025-039311,2025-12-11,CUS-02106,prd-0103,9,EACH,38480,346320
ORD-2025-039314,2025-12-11,CUS-01949,prd-0111,0.1,CARTON,587520,58752.0
ORD-2025-039317,2025-12-11,CUS-00772,prd-0118,0.5,CARTON,277320,138660.0
ORD-2025-039323,2025-12-11,CUS-00893,prd-0128,0.33,CARTON,123540,40768.200000000004
ORD-2025-039340,2025-12-11,CUS-00742,prd-0151,1,EACH,42840,42840
ORD-2025-039348,2025-12-11,CUS-02500,prd-0160,0.92,CARTON,1581120,1454630.4000000001
ORD-2025-039350,2025-12-11,CUS-01065,prd-0161,0.08,CARTON,1566720,125337.6
ORD-2025-039353,2025-12-11,CUS-00656,prd-0163,0.5,CARTON,666960,333480.0
ORD-2025-039362,2025-12-12,CUS-02238,prd-0004,8,EACH,4490,35920
ORD-2025-039363,2025-12-12,CUS-01998,prd-0004,0.5,CARTON,53880,26940.0
ORD-2025-039367,2025-12-12,CUS-00581,prd-0016,0.5,CARTON,512160,256080.0
ORD-2025-039375,2025-12-12,CUS-00535,prd-0037,0.17,CARTON,615600,104652.0
ORD-2025-039382,2025-12-12,CUS-01681,prd-0047,1.3,CARTON,190600,247780.0
ORD-2025-039383,2025-12-12,CUS-01194,prd-0051,1.0,CARTON,172280,172280.0
ORD-2025-039393,2025-12-12,CUS-02086,prd-0061,0.08,CARTON,816000,65280.00000000001
ORD-2025-039399,2025-12-12,CUS-01548,prd-0065,0.42,CARTON,408000,171360.0
ORD-2025-039413,2025-12-12,CUS-01570,prd-0081,1.8,CARTON,421900,759420.0
ORD-2025-039416,2025-12-12,CUS-00997,prd-0084,0.21,CARTON,666240,139910.4
ORD-2025-039417,2025-12-12,CUS-01878,prd-0084,0.21,CARTON,666240,139910.4
ORD-2025-039436,2025-12-12,CUS-00161,prd-0091,0.33,CARTON,324120,106959.6
ORD-2025-039449,2025-12-12,CUS-01069,prd-0114,0.17,CARTON,188760,32089.200000000004
ORD-2025-039456,2025-12-12,CUS-02336,prd-0121,0.5,CARTON,158580,79290.0
ORD-2025-039460,2025-12-12,CUS-02142,prd-0123,12,EACH,14410,172920
ORD-2025-039462,2025-12-12,CUS-01065,prd-0125,7,EACH,15380,107660
ORD-2025-039480,2025-12-12,CUS-00616,prd-0153,16,EACH,24220,387520
ORD-2025-039485,2025-12-12,CUS-00659,prd-0156,0.17,CARTON,702840,119482.80000000002
ORD-2025-039486,2025-12-12,CUS-00893,prd-0156,20,EACH,58570,1171400
ORD-2025-039488,2025-12-12,CUS-00556,prd-0160,0.12,CARTON,1581120,189734.4
ORD-2025-039495,2025-12-12,CUS-00794,prd-0165,6,EACH,23380,140280
ORD-2025-039498,2025-12-12,CUS-00719,prd-0170,0.19,CARTON,625320,118810.8
ORD-2025-039502,2025-12-13,CUS-00945,prd-0019,0.19,CARTON,1499520,284908.80000000005
ORD-2025-039515,2025-12-13,CUS-00125,prd-0051,1.0,CARTON,172280,172280.0
ORD-2025-039521,2025-12-13,CUS-01146,prd-0074,17,EACH,38390,652630
ORD-2025-039527,2025-12-13,CUS-01292,prd-0084,0.46,CARTON,666240,306470.4
ORD-2025-039556,2025-12-13,CUS-00677,prd-0125,3,EACH,15380,46140
ORD-2025-039563,2025-12-13,CUS-00557,prd-0133,0.08,CARTON,1006560,80524.8
ORD-2025-039567,2025-12-13,CUS-02297,prd-0141,0.08,CARTON,926400,74112.0
ORD-2025-039587,2025-12-14,CUS-01854,prd-0004,0.58,CARTON,53880,31250.399999999998
ORD-2025-039588,2025-12-14,CUS-00360,prd-0004,0.67,CARTON,53880,36099.600000000006
ORD-2025-039589,2025-12-14,CUS-01925,prd-0011,0.17,CARTON,412080,70053.6
ORD-2025-039590,2025-12-14,CUS-00649,prd-0016,0.5,CARTON,512160,256080.0
ORD-2025-039592,2025-12-14,CUS-02315,prd-0018,1.33,CARTON,750840,998617.2000000001
ORD-2025-039604,2025-12-14,CUS-01344,prd-0076,0.58,CARTON,336600,195227.99999999997
ORD-2025-039615,2025-12-14,CUS-01658,prd-0118,1.5,CARTON,277320,415980.0
ORD-2025-039623,2025-12-14,CUS-01625,prd-0139,0.1,CARTON,1601280,160128.0
ORD-2025-039640,2025-12-15,CUS-02235,prd-0031,0.38,CARTON,879840,334339.19999999995
ORD-2025-039644,2025-12-15,CUS-00900,prd-0057,0.6,CARTON,180400,108240.0
ORD-2025-039660,2025-12-15,CUS-02322,prd-0083,0.12,CARTON,568560,68227.2
ORD-2025-039685,2025-12-15,CUS-00696,prd-0100,2,EACH,20780,41560
ORD-2025-039690,2025-12-15,CUS-02127,prd-0108,0.17,CARTON,738000,125460.0
ORD-2025-039712,2025-12-15,CUS-01073,prd-0136,2,EACH,54950,109900
ORD-2025-039725,2025-12-15,CUS-01132,prd-0151,0.75,CARTON,171360,128520.0
ORD-2025-039726,2025-12-15,CUS-01697,prd-0151,1.75,CARTON,171360,299880.0
ORD-2025-039729,2025-12-15,CUS-01846,prd-0153,0.06,CARTON,1162560,69753.6
ORD-2025-039733,2025-12-15,CUS-01640,prd-0156,8,EACH,58570,468560
ORD-2025-039738,2025-12-15,CUS-02169,prd-0161,0.19,CARTON,1566720,297676.80000000005
ORD-2025-039745,2025-12-15,CUS-00040,prd-0166,0.1,CARTON,1231200,123120.0
ORD-2025-039748,2025-12-15,CUS-00158,prd-0170,4,EACH,17370,69480
ORD-2025-039752,2025-12-16,CUS-02008,prd-0007,0.25,CARTON,204840,51210.0
ORD-2025-039758,2025-12-16,CUS-00937,prd-0020,0.06,CARTON,1402080,84124.79999999999
ORD-2025-039777,2025-12-16,CUS-00152,prd-0061,0.16,CARTON,816000,130560.00000000001
ORD-2025-039782,2025-12-16,CUS-02438,prd-0068,0.5,CARTON,195840,97920.0
ORD-2025-039784,2025-12-16,CUS-01250,prd-0074,0.4,CARTON,383900,153560.0
ORD-2025-039785,2025-12-16,CUS-02381,prd-0075,0.5,CARTON,204120,102060.0
ORD-2025-039788,2025-12-16,CUS-01569,prd-0077,0.5,CARTON,186720,93360.0
ORD-2025-039793,2025-12-16,CUS-00419,prd-0085,0.21,CARTON,781920,164203.2
ORD-2025-039804,2025-12-16,CUS-00991,prd-0090,0.92,CARTON,452280,416097.60000000003
ORD-2025-039805,2025-12-16,CUS-02487,prd-0090,1,EACH,37690,37690
ORD-2025-039806,2025-12-16,CUS-01931,prd-0090,1.17,CARTON,452280,529167.6
ORD-2025-039813,2025-12-16,CUS-01402,prd-0102,0.5,CARTON,204600,102300.0
ORD-2025-039814,2025-12-16,CUS-00576,prd-0102,1.08,CARTON,204600,220968.0
ORD-2025-039817,2025-12-16,CUS-00998,prd-0108,0.21,CARTON,738000,154980.0
ORD-2025-039822,2025-12-16,CUS-00053,prd-0118,7,EACH,23110,161770
ORD-2025-039824,2025-12-16,CUS-01227,prd-0121,1.83,CARTON,158580,290201.4
ORD-2025-039825,2025-12-16,CUS-01017,prd-0121,0.5,CARTON,158580,79290.0
ORD-2025-039830,2025-12-16,CUS-01722,prd-0125,4,EACH,15380,61520
ORD-2025-039832,2025-12-16,CUS-00489,prd-0135,0.27,CARTON,1579200,426384.0
ORD-2025-039839,2025-12-16,CUS-01713,prd-0146,0.33,CARTON,835680,275774.4
ORD-2025-039848,2025-12-16,CUS-01374,prd-0151,1.25,CARTON,171360,214200.0
ORD-2025-039849,2025-12-16,CUS-00420,prd-0151,14,EACH,42840,599760
ORD-2025-039857,2025-12-16,CUS-02211,prd-0157,0.17,CARTON,297720,50612.40000000001
ORD-2025-039870,2025-12-17,CUS-02388,prd-0011,0.29,CARTON,412080,119503.19999999998
ORD-2025-039881,2025-12-17,CUS-00784,prd-0020,0.12,CARTON,1402080,168249.59999999998
ORD-2025-039886,2025-12-17,CUS-02224,prd-0026,0.33,CARTON,49800,16434.0
ORD-2025-039889,2025-12-17,CUS-01073,prd-0033,0.21,CARTON,264960,55641.600000000006
ORD-2025-039890,2025-12-17,CUS-00893,prd-0035,1,EACH,13660,13660
ORD-2025-039891,2025-12-17,CUS-01990,prd-0039,0.46,CARTON,354480,163060.80000000002
ORD-2025-039914,2025-12-17,CUS-02333,prd-0079,1.0,CARTON,468700,468700.0
ORD-2025-039915,2025-12-17,CUS-00143,prd-0079,0.5,CARTON,468700,234350.0
ORD-2025-039920,2025-12-17,CUS-01394,prd-0086,0.67,CARTON,338160,226567.2
ORD-2025-039921,2025-12-17,CUS-01443,prd-0089,0.12,CARTON,520400,62448.0
ORD-2025-039929,2025-12-17,CUS-02297,prd-0090,9,EACH,37690,339210
ORD-2025-039930,2025-12-17,CUS-01829,prd-0090,2.0,CARTON,452280,904560.0
ORD-2025-039931,2025-12-17,CUS-02416,prd-0090,0.67,CARTON,452280,303027.60000000003
ORD-2025-039946,2025-12-17,CUS-01531,prd-0112,0.33,CARTON,186000,61380.0
ORD-2025-039956,2025-12-17,CUS-02163,prd-0125,0.57,CARTON,461400,262997.99999999994
ORD-2025-039958,2025-12-17,CUS-01529,prd-0126,0.75,CARTON,351240,263430.0
ORD-2025-039964,2025-12-17,CUS-02306,prd-0134,9,EACH,34970,314730
ORD-2025-039968,2025-12-17,CUS-01884,prd-0142,0.67,CARTON,624360,418321.19999999995
ORD-2025-039973,2025-12-17,CUS-02188,prd-0145,0.33,CARTON,763200,251856.0
ORD-2025-039975,2025-12-17,CUS-00127,prd-0150,1.0,CARTON,191400,191400.0
ORD-2025-039981,2025-12-17,CUS-00121,prd-0151,0.5,CARTON,171360,85680.0
ORD-2025-039986,2025-12-17,CUS-00303,prd-0154,0.21,CARTON,1019280,214048.8
ORD-2025-039991,2025-12-17,CUS-02393,prd-0156,2,EACH,58570,117140
ORD-2025-039993,2025-12-17,CUS-01945,prd-0160,2,EACH,32940,65880
ORD-2025-040025,2025-12-18,CUS-00832,prd-0039,0.79,CARTON,354480,280039.2
ORD-2025-040032,2025-12-18,CUS-01245,prd-0052,6,EACH,43630,261780
ORD-2025-040036,2025-12-18,CUS-00729,prd-0062,0.42,CARTON,894500,375689.99999999994
ORD-2025-040037,2025-12-18,CUS-00832,prd-0062,0.02,CARTON,894500,17890.0
ORD-2025-040039,2025-12-18,CUS-00290,prd-0064,2.5,CARTON,145400,363500.0
ORD-2025-040043,2025-12-18,CUS-01615,prd-0068,0.92,CARTON,195840,180172.80000000002
ORD-2025-040046,2025-12-18,CUS-02469,prd-0077,1.83,CARTON,186720,341697.60000000003
ORD-2025-040047,2025-12-18,CUS-01654,prd-0077,5,EACH,31120,155600
ORD-2025-040056,2025-12-18,CUS-01621,prd-0086,0.33,CARTON,338160,111592.79999999999
ORD-2025-040063,2025-12-18,CUS-00220,prd-0090,0.67,CARTON,452280,303027.60000000003
ORD-2025-040070,2025-12-18,CUS-01598,prd-0092,1.0,CARTON,363120,363120.0
ORD-2025-040076,2025-12-18,CUS-00661,prd-0100,0.12,CARTON,498720,59846.399999999994
ORD-2025-040107,2025-12-18,CUS-00269,prd-0151,3.0,CARTON,171360,514080.0
ORD-2025-040111,2025-12-18,CUS-02051,prd-0156,9,EACH,58570,527130
ORD-2025-040112,2025-12-18,CUS-00622,prd-0156,0.5,CARTON,702840,351420.0
ORD-2025-040117,2025-12-18,CUS-00107,prd-0160,3,EACH,32940,98820
ORD-2025-040118,2025-12-18,CUS-00757,prd-0160,0.08,CARTON,1581120,126489.6
ORD-2025-040120,2025-12-18,CUS-00518,prd-0161,14,EACH,32640,456960
ORD-2025-040121,2025-12-18,CUS-01207,prd-0161,0.08,CARTON,1566720,125337.6
ORD-2025-040127,2025-12-18,CUS-01901,prd-0167,0.28,CARTON,504720,141321.6
ORD-2025-040132,2025-12-19,CUS-00387,prd-0004,5,EACH,4490,22450
ORD-2025-040135,2025-12-19,CUS-00656,prd-0007,12,EACH,17070,204840
ORD-2025-040138,2025-12-19,CUS-01540,prd-0011,6,EACH,17170,103020
ORD-2025-040139,2025-12-19,CUS-01530,prd-0012,0.17,CARTON,441840,75112.8
ORD-2025-040149,2025-12-19,CUS-01380,prd-0028,14,EACH,4910,68740
ORD-2025-040151,2025-12-19,CUS-01686,prd-0040,0.21,CARTON,338400,71064.0
ORD-2025-040153,2025-12-19,CUS-01870,prd-0046,0.3,CARTON,347200,104160.0
ORD-2025-040164,2025-12-19,CUS-02039,prd-0062,0.18,CARTON,894500,161010.0
ORD-2025-040181,2025-12-19,CUS-01985,prd-0082,13,EACH,30730,399490
ORD-2025-040183,2025-12-19,CUS-00795,prd-0084,0.42,CARTON,666240,279820.8
ORD-2025-040191,2025-12-19,CUS-02338,prd-0090,0.33,CARTON,452280,149252.40000000002
ORD-2025-040192,2025-12-19,CUS-00091,prd-0090,0.17,CARTON,452280,76887.6
ORD-2025-040193,2025-12-19,CUS-00434,prd-0090,6,EACH,37690,226140
ORD-2025-040194,2025-12-19,CUS-00584,prd-0090,0.67,CARTON,452280,303027.60000000003
ORD-2025-040195,2025-12-19,CUS-00721,prd-0090,5,EACH,37690,188450
ORD-2025-040198,2025-12-19,CUS-00450,prd-0093,0.42,CARTON,276960,116323.20000000001
ORD-2025-040203,2025-12-19,CUS-01258,prd-0098,0.33,CARTON,183840,60667.200000000004
ORD-2025-040207,2025-12-19,CUS-00802,prd-0100,0.25,CARTON,498720,124680.0
ORD-2025-040211,2025-12-19,CUS-00191,prd-0109,16,EACH,30700,491200
ORD-2025-040212,2025-12-19,CUS-00060,prd-0111,0.08,CARTON,587520,47001.600000000006
ORD-2025-040222,2025-12-19,CUS-01439,prd-0122,1.5,CARTON,459360,689040.0
ORD-2025-040226,2025-12-19,CUS-01952,prd-0125,0.33,CARTON,461400,152262.00000000003
ORD-2025-040230,2025-12-19,CUS-02315,prd-0126,15,EACH,29270,439050
ORD-2025-040239,2025-12-19,CUS-01490,prd-0139,0.12,CARTON,1601280,192153.59999999998
ORD-2025-040247,2025-12-19,CUS-01837,prd-0151,19,EACH,42840,813960
ORD-2025-040256,2025-12-19,CUS-01135,prd-0157,1.0,CARTON,297720,297720.0
ORD-2025-040272,2025-12-20,CUS-02036,prd-0020,0.48,CARTON,1402080,672998.3999999999
ORD-2025-040278,2025-12-20,CUS-01271,prd-0028,0.75,CARTON,58920,44190.0
ORD-2025-040294,2025-12-20,CUS-01554,prd-0070,20,EACH,19240,384800
ORD-2025-040304,2025-12-20,CUS-00795,prd-0086,0.58,CARTON,338160,196132.8
ORD-2025-040309,2025-12-20,CUS-00839,prd-0090,0.42,CARTON,452280,189957.59999999998
ORD-2025-040313,2025-12-20,CUS-00494,prd-0098,0.17,CARTON,183840,31252.800000000003
ORD-2025-040321,2025-12-20,CUS-00302,prd-0113,0.1,CARTON,625200,62520.0
ORD-2025-040325,2025-12-20,CUS-01390,prd-0122,9,EACH,19140,172260
ORD-2025-040327,2025-12-20,CUS-01414,prd-0125,0.13,CARTON,461400,59982.0
ORD-2025-040332,2025-12-20,CUS-00925,prd-0142,0.33,CARTON,624360,206038.80000000002
ORD-2025-040333,2025-12-20,CUS-01074,prd-0142,2.92,CARTON,624360,1823131.2000000002
ORD-2025-040335,2025-12-20,CUS-00306,prd-0146,0.12,CARTON,835680,100281.59999999999
ORD-2025-040340,2025-12-20,CUS-00653,prd-0151,0.25,CARTON,171360,42840.0
ORD-2025-040351,2025-12-20,CUS-01045,prd-0165,0.19,CARTON,1122240,213225.59999999998
ORD-2025-040352,2025-12-20,CUS-00475,prd-0165,0.12,CARTON,1122240,134668.8
ORD-2025-040355,2025-12-21,CUS-02335,prd-0023,0.92,CARTON,203280,187017.6
ORD-2025-040358,2025-12-21,CUS-00555,prd-0045,0.83,CARTON,88080,73106.4
ORD-2025-040360,2025-12-21,CUS-01570,prd-0060,0.14,CARTON,2877000,402780.0
ORD-2025-040362,2025-12-21,CUS-01546,prd-0076,15,EACH,28050,420750
ORD-2025-040379,2025-12-21,CUS-01147,prd-0113,0.03,CARTON,625200,18755.999999999996
ORD-2025-040434,2025-12-22,CUS-00185,prd-0077,13,EACH,31120,404560
ORD-2025-040435,2025-12-22,CUS-02310,prd-0077,16,EACH,31120,497920
ORD-2025-040451,2025-12-22,CUS-01175,prd-0090,6,EACH,37690,226140
ORD-2025-040452,2025-12-22,CUS-00270,prd-0090,0.83,CARTON,452280,375392.39999999997
ORD-2025-040457,2025-12-22,CUS-00869,prd-0096,0.25,CARTON,276720,69180.0
ORD-2025-040458,2025-12-22,CUS-00547,prd-0097,0.25,CARTON,261360,65340.0
ORD-2025-040464,2025-12-22,CUS-00077,prd-0099,0.25,CARTON,345120,86280.0
ORD-2025-040467,2025-12-22,CUS-00621,prd-0100,0.25,CARTON,498720,124680.0
ORD-2025-040491,2025-12-22,CUS-00202,prd-0122,0.42,CARTON,459360,192931.19999999998
ORD-2025-040504,2025-12-22,CUS-01953,prd-0135,0.06,CARTON,1579200,94752.0
ORD-2025-040505,2025-12-22,CUS-00807,prd-0135,0.12,CARTON,1579200,189504.0
ORD-2025-040511,2025-12-22,CUS-00518,prd-0138,0.15,CARTON,1296960,194544.0
ORD-2025-040515,2025-12-22,CUS-00999,prd-0147,0.54,CARTON,775920,418996.80000000005
ORD-2025-040518,2025-12-22,CUS-01000,prd-0151,4,EACH,42840,171360
ORD-2025-040519,2025-12-22,CUS-01775,prd-0151,2.5,CARTON,171360,428400.0
ORD-2025-040520,2025-12-22,CUS-00955,prd-0151,2.25,CARTON,171360,385560.0
ORD-2025-040531,2025-12-22,CUS-01063,prd-0157,0.33,CARTON,297720,98247.6
ORD-2025-040534,2025-12-22,CUS-01682,prd-0160,0.58,CARTON,1581120,917049.5999999999
ORD-2025-040544,2025-12-23,CUS-00998,prd-0005,0.58,CARTON,37320,21645.6
ORD-2025-040548,2025-12-23,CUS-02218,prd-0016,0.08,CARTON,512160,40972.8
ORD-2025-040549,2025-12-23,CUS-00053,prd-0016,0.58,CARTON,512160,297052.8
ORD-2025-040550,2025-12-23,CUS-01707,prd-0018,0.33,CARTON,750840,247777.2
ORD-2025-040556,2025-12-23,CUS-02484,prd-0033,4,EACH,11040,44160
ORD-2025-040560,2025-12-23,CUS-01862,prd-0039,0.17,CARTON,354480,60261.600000000006
ORD-2025-040571,2025-12-23,CUS-01925,prd-0058,1.4,CARTON,179800,251720.0
ORD-2025-040599,2025-12-23,CUS-02463,prd-0090,2.08,CARTON,452280,940742.3999999999
ORD-2025-040600,2025-12-23,CUS-02250,prd-0090,1.92,CARTON,452280,868377.6000000001
ORD-2025-040601,2025-12-23,CUS-01227,prd-0090,0.25,CARTON,452280,113070.0
ORD-2025-040613,2025-12-23,CUS-00658,prd-0113,0.1,CARTON,625200,62520.0
ORD-2025-040614,2025-12-23,CUS-01776,prd-0113,0.45,CARTON,625200,281340.0
ORD-2025-040615,2025-12-23,CUS-02051,prd-0118,0.42,CARTON,277320,116474.4
ORD-2025-040620,2025-12-23,CUS-00639,prd-0125,0.27,CARTON,461400,124578.00000000001
ORD-2025-040621,2025-12-23,CUS-01129,prd-0125,0.4,CARTON,461400,184560.0
ORD-2025-040636,2025-12-23,CUS-01094,prd-0151,1.5,CARTON,171360,257040.0
ORD-2025-040637,2025-12-23,CUS-00413,prd-0151,2.0,CARTON,171360,342720.0
ORD-2025-040656,2025-12-23,CUS-01701,prd-0166,0.29,CARTON,1231200,357047.99999999994
ORD-2025-040657,2025-12-23,CUS-01402,prd-0169,0.25,CARTON,734880,183720.0
ORD-2025-040658,2025-12-24,CUS-00215,prd-0004,2,EACH,4490,8980
ORD-2025-040665,2025-12-24,CUS-00785,prd-0018,0.67,CARTON,750840,503062.80000000005
ORD-2025-040690,2025-12-24,CUS-01541,prd-0061,0.14,CARTON,816000,114240.00000000001
ORD-2025-040698,2025-12-24,CUS-00098,prd-0081,1.4,CARTON,421900,590659.9999999999
ORD-2025-040702,2025-12-24,CUS-01321,prd-0084,13,EACH,27760,360880
ORD-2025-040735,2025-12-24,CUS-02271,prd-0125,9,EACH,15380,138420
ORD-2025-040748,2025-12-24,CUS-00537,prd-0139,0.17,CARTON,1601280,272217.60000000003
ORD-2025-040762,2025-12-24,CUS-00538,prd-0156,6,EACH,58570,351420
ORD-2025-040771,2025-12-24,CUS-01258,prd-0161,0.31,CARTON,1566720,485683.19999999995
ORD-2025-040777,2025-12-25,CUS-01719,prd-0011,0.17,CARTON,412080,70053.6
ORD-2025-040778,2025-12-25,CUS-02304,prd-0011,0.21,CARTON,412080,86536.79999999999
ORD-2025-040780,2025-12-25,CUS-01882,prd-0013,0.5,CARTON,143640,71820.0
ORD-2025-040781,2025-12-25,CUS-01834,prd-0018,0.25,CARTON,750840,187710.0
ORD-2025-040785,2025-12-25,CUS-01054,prd-0026,0.5,CARTON,49800,24900.0
ORD-2025-040789,2025-12-25,CUS-02043,prd-0039,0.21,CARTON,354480,74440.79999999999
ORD-2025-040803,2025-12-25,CUS-01370,prd-0068,1,EACH,16320,16320
ORD-2025-040806,2025-12-25,CUS-01355,prd-0077,0.83,CARTON,186720,154977.59999999998
ORD-2025-040808,2025-12-25,CUS-02044,prd-0081,8,EACH,42190,337520
ORD-2025-040812,2025-12-25,CUS-00507,prd-0084,0.08,CARTON,666240,53299.200000000004
ORD-2025-040819,2025-12-25,CUS-00087,prd-0086,0.75,CARTON,338160,253620.0
ORD-2025-040820,2025-12-25,CUS-00676,prd-0086,0.75,CARTON,338160,253620.0
ORD-2025-040825,2025-12-25,CUS-00730,prd-0090,0.92,CARTON,452280,416097.60000000003
ORD-2025-040830,2025-12-25,CUS-02221,prd-0098,0.42,CARTON,183840,77212.79999999999
ORD-2025-040832,2025-12-25,CUS-02148,prd-0100,0.33,CARTON,498720,164577.6
ORD-2025-040833,2025-12-25,CUS-01967,prd-0100,0.21,CARTON,498720,104731.20000000001
ORD-2025-040842,2025-12-25,CUS-01201,prd-0122,0.21,CARTON,459360,96465.59999999999
ORD-2025-040844,2025-12-25,CUS-00774,prd-0123,7,EACH,14410,100870
ORD-2025-040848,2025-12-25,CUS-00535,prd-0125,1,EACH,15380,15380
ORD-2025-040852,2025-12-25,CUS-00980,prd-0133,0.14,CARTON,1006560,140918.40000000002
ORD-2025-040856,2025-12-25,CUS-01094,prd-0143,0.5,CARTON,583680,291840.0
ORD-2025-040858,2025-12-25,CUS-02150,prd-0145,10,EACH,31800,318000
ORD-2025-040864,2025-12-25,CUS-01408,prd-0151,4.5,CARTON,171360,771120.0
ORD-2025-040865,2025-12-25,CUS-01128,prd-0151,0.75,CARTON,171360,128520.0
ORD-2025-040873,2025-12-25,CUS-01248,prd-0156,3,EACH,58570,175710
ORD-2025-040886,2025-12-25,CUS-02397,prd-0169,0.15,CARTON,734880,110232.0
ORD-2025-040912,2025-12-26,CUS-01771,prd-0057,0.6,CARTON,180400,108240.0
ORD-2025-040914,2025-12-26,CUS-01157,prd-0060,0.2,CARTON,2877000,575400.0
ORD-2025-040920,2025-12-26,CUS-00279,prd-0077,0.33,CARTON,186720,61617.600000000006
ORD-2025-040923,2025-12-26,CUS-02050,prd-0078,0.17,CARTON,404640,68788.8
ORD-2025-040926,2025-12-26,CUS-01297,prd-0082,0.75,CARTON,368760,276570.0
ORD-2025-040936,2025-12-26,CUS-00703,prd-0086,0.67,CARTON,338160,226567.2
ORD-2025-040946,2025-12-26,CUS-01211,prd-0090,7,EACH,37690,263830
ORD-2025-040947,2025-12-26,CUS-02132,prd-0090,0.5,CARTON,452280,226140.0
ORD-2025-040961,2025-12-26,CUS-00862,prd-0108,3,EACH,30750,92250
ORD-2025-040968,2025-12-26,CUS-01993,prd-0119,0.33,CARTON,263400,86922.0
ORD-2025-040970,2025-12-26,CUS-01661,prd-0120,0.75,CARTON,353760,265320.0
ORD-2025-040973,2025-12-26,CUS-00542,prd-0125,0.13,CARTON,461400,59982.0
ORD-2025-040974,2025-12-26,CUS-00807,prd-0125,0.33,CARTON,461400,152262.00000000003
ORD-2025-040979,2025-12-26,CUS-00091,prd-0130,0.17,CARTON,326400,55488.0
ORD-2025-040996,2025-12-26,CUS-01063,prd-0156,1.08,CARTON,702840,759067.2000000001
ORD-2025-041004,2025-12-26,CUS-02238,prd-0163,0.42,CARTON,666960,280123.19999999995
ORD-2025-041009,2025-12-26,CUS-01222,prd-0166,0.46,CARTON,1231200,566352.0
ORD-2025-041011,2025-12-26,CUS-02137,prd-0170,0.22,CARTON,625320,137570.4
ORD-2025-041022,2025-12-27,CUS-01642,prd-0018,0.83,CARTON,750840,623197.2
ORD-2025-041028,2025-12-27,CUS-00398,prd-0037,0.21,CARTON,615600,129276.0
ORD-2025-041030,2025-12-27,CUS-01439,prd-0039,0.38,CARTON,354480,134702.40000000002
ORD-2025-041035,2025-12-27,CUS-02500,prd-0046,0.3,CARTON,347200,104160.0
ORD-2025-041044,2025-12-27,CUS-01013,prd-0072,2,EACH,42600,85200
ORD-2025-041047,2025-12-27,CUS-01708,prd-0080,0.25,CARTON,286800,71700.0
ORD-2025-041054,2025-12-27,CUS-01955,prd-0090,0.67,CARTON,452280,303027.60000000003
ORD-2025-041055,2025-12-27,CUS-02256,prd-0091,11,EACH,27010,297110
ORD-2025-041063,2025-12-27,CUS-00002,prd-0110,0.83,CARTON,364200,302286.0
ORD-2025-041078,2025-12-27,CUS-00897,prd-0143,4,EACH,48640,194560
ORD-2025-041079,2025-12-27,CUS-01861,prd-0148,16,EACH,27270,436320
ORD-2025-041081,2025-12-27,CUS-00507,prd-0151,0.75,CARTON,171360,128520.0
ORD-2025-041082,2025-12-27,CUS-02139,prd-0151,3.5,CARTON,171360,599760.0
ORD-2025-041089,2025-12-27,CUS-00662,prd-0156,0.42,CARTON,702840,295192.8
ORD-2025-041093,2025-12-27,CUS-02043,prd-0161,0.23,CARTON,1566720,360345.60000000003
ORD-2025-041103,2025-12-28,CUS-01984,prd-0018,0.33,CARTON,750840,247777.2
ORD-2025-041104,2025-12-28,CUS-01653,prd-0026,7,EACH,4150,29050
ORD-2025-041113,2025-12-28,CUS-01011,prd-0083,19,EACH,23690,450110
ORD-2025-041119,2025-12-28,CUS-00501,prd-0108,0.08,CARTON,738000,59040.0
ORD-2025-041128,2025-12-28,CUS-00472,prd-0127,0.42,CARTON,201120,84470.4
ORD-2025-041130,2025-12-28,CUS-00040,prd-0143,4,EACH,48640,194560
ORD-2025-041138,2025-12-28,CUS-00539,prd-0161,0.23,CARTON,1566720,360345.60000000003
ORD-2025-041143,2025-12-29,CUS-00324,prd-0001,6,EACH,4970,29820
ORD-2025-041165,2025-12-29,CUS-01018,prd-0056,4,EACH,25020,100080
ORD-2025-041170,2025-12-29,CUS-00696,prd-0059,0.14,CARTON,2540500,355670.0
ORD-2025-041176,2025-12-29,CUS-00738,prd-0064,17,EACH,36350,617950
ORD-2025-041180,2025-12-29,CUS-01993,prd-0068,14,EACH,16320,228480
ORD-2025-041182,2025-12-29,CUS-02270,prd-0072,0.8,CARTON,426000,340800.0
ORD-2025-041187,2025-12-29,CUS-01841,prd-0079,0.8,CARTON,468700,374960.0
ORD-2025-041194,2025-12-29,CUS-01645,prd-0086,0.92,CARTON,338160,311107.2
ORD-2025-041200,2025-12-29,CUS-00367,prd-0090,12,EACH,37690,452280
ORD-2025-041201,2025-12-29,CUS-01130,prd-0090,3,EACH,37690,113070
ORD-2025-041209,2025-12-29,CUS-00120,prd-0098,0.42,CARTON,183840,77212.79999999999
ORD-2025-041210,2025-12-29,CUS-00629,prd-0098,10,EACH,15320,153200
ORD-2025-041218,2025-12-29,CUS-00461,prd-0104,0.21,CARTON,411120,86335.2
ORD-2025-041224,2025-12-29,CUS-01034,prd-0118,14,EACH,23110,323540
ORD-2025-041227,2025-12-29,CUS-02240,prd-0121,0.33,CARTON,158580,52331.399999999994
ORD-2025-041232,2025-12-29,CUS-01895,prd-0125,1.2,CARTON,461400,553680.0
ORD-2025-041242,2025-12-29,CUS-01868,prd-0142,14,EACH,52030,728420
ORD-2025-041246,2025-12-29,CUS-02440,prd-0150,7,EACH,47850,334950
ORD-2025-041252,2025-12-29,CUS-00166,prd-0151,1.0,CARTON,171360,171360.0
ORD-2025-041265,2025-12-29,CUS-02129,prd-0161,6,EACH,32640,195840
ORD-2025-041278,2025-12-30,CUS-02168,prd-0017,1,EACH,39680,39680
ORD-2025-041294,2025-12-30,CUS-01435,prd-0051,2.5,CARTON,172280,430700.0
ORD-2025-041296,2025-12-30,CUS-01260,prd-0056,0.08,CARTON,600480,48038.4
ORD-2025-041302,2025-12-30,CUS-02223,prd-0060,0.08,CARTON,2877000,230160.0
ORD-2025-041309,2025-12-30,CUS-00731,prd-0076,42,EACH,28050,1178100
ORD-2025-041313,2025-12-30,CUS-01686,prd-0083,0.25,CARTON,568560,142140.0
ORD-2025-041321,2025-12-30,CUS-00376,prd-0090,0.25,CARTON,452280,113070.0
ORD-2025-041322,2025-12-30,CUS-01810,prd-0090,0.33,CARTON,452280,149252.40000000002
ORD-2025-041323,2025-12-30,CUS-00633,prd-0090,0.17,CARTON,452280,76887.6
ORD-2025-041324,2025-12-30,CUS-01192,prd-0090,2,EACH,37690,75380
ORD-2025-041341,2025-12-30,CUS-00282,prd-0111,0.54,CARTON,587520,317260.80000000005
ORD-2025-041343,2025-12-30,CUS-00470,prd-0118,19,EACH,23110,439090
ORD-2025-041350,2025-12-30,CUS-00004,prd-0125,0.33,CARTON,461400,152262.00000000003
ORD-2025-041351,2025-12-30,CUS-01348,prd-0125,0.6,CARTON,461400,276840.0
ORD-2025-041366,2025-12-30,CUS-00540,prd-0151,8,EACH,42840,342720
ORD-2025-041369,2025-12-30,CUS-00269,prd-0153,0.08,CARTON,1162560,93004.8
ORD-2025-041383,2025-12-30,CUS-02194,prd-0168,0.42,CARTON,233880,98229.59999999999
ORD-2025-041390,2025-12-31,CUS-01050,prd-0020,0.04,CARTON,1402080,56083.200000000004
ORD-2025-041395,2025-12-31,CUS-00645,prd-0037,0.33,CARTON,615600,203148.0
ORD-2025-041400,2025-12-31,CUS-00680,prd-0040,0.17,CARTON,338400,57528.0
ORD-2025-041403,2025-12-31,CUS-01105,prd-0057,6,EACH,18040,108240
ORD-2025-041409,2025-12-31,CUS-01192,prd-0060,0.06,CARTON,2877000,172620.0
ORD-2025-041410,2025-12-31,CUS-02313,prd-0061,10,EACH,16320,163200
ORD-2025-041437,2025-12-31,CUS-01171,prd-0090,0.25,CARTON,452280,113070.0
ORD-2025-041443,2025-12-31,CUS-00203,prd-0097,0.75,CARTON,261360,196020.0
ORD-2025-041455,2025-12-31,CUS-01000,prd-0113,3,EACH,10420,31260
ORD-2025-041460,2025-12-31,CUS-00061,prd-0120,0.17,CARTON,353760,60139.200000000004
ORD-2025-041465,2025-12-31,CUS-02170,prd-0125,0.1,CARTON,461400,46140.0
ORD-2025-041467,2025-12-31,CUS-01248,prd-0130,8,EACH,13600,108800
ORD-2025-041472,2025-12-31,CUS-00413,prd-0135,8,EACH,32900,263200
ORD-2025-041480,2025-12-31,CUS-02263,prd-0151,5,EACH,42840,214200
ORD-2025-041481,2025-12-31,CUS-01749,prd-0151,0.5,CARTON,171360,85680.0
ORD-2025-041488,2025-12-31,CUS-01331,prd-0156,0.5,CARTON,702840,351420.0
ORD-2025-041494,2025-12-31,CUS-01629,prd-0161,0.19,CARTON,1566720,297676.80000000005
ORD-2026-041504,2026-01-01,CUS-00050,prd-0018,0.33,CARTON,750840,247777.2
ORD-2026-041516,2026-01-01,CUS-01416,prd-0057,0.5,CARTON,180400,90200.0
ORD-2026-041519,2026-01-01,CUS-01633,prd-0064,1.75,CARTON,145400,254450.0
ORD-2026-041521,2026-01-01,CUS-02448,prd-0074,1.2,CARTON,383900,460680.0
ORD-2026-041529,2026-01-01,CUS-01147,prd-0090,0.75,CARTON,452280,339210.0
ORD-2026-041540,2026-01-01,CUS-01540,prd-0098,0.17,CARTON,183840,31252.800000000003
ORD-2026-041557,2026-01-01,CUS-01963,prd-0151,0.75,CARTON,171360,128520.0
ORD-2026-041558,2026-01-01,CUS-00236,prd-0151,0.5,CARTON,171360,85680.0
ORD-2026-041597,2026-01-02,CUS-02078,prd-0083,0.54,CARTON,568560,307022.4
ORD-2026-041602,2026-01-02,CUS-01725,prd-0090,1.25,CARTON,452280,565350.0
ORD-2026-041603,2026-01-02,CUS-00361,prd-0090,0.67,CARTON,452280,303027.60000000003
ORD-2026-041610,2026-01-02,CUS-00817,prd-0098,4,EACH,15320,61280
ORD-2026-041618,2026-01-02,CUS-02216,prd-0108,0.29,CARTON,738000,214020.0
ORD-2026-041630,2026-01-02,CUS-00662,prd-0127,8,EACH,16760,134080
ORD-2026-041632,2026-01-02,CUS-01358,prd-0131,0.17,CARTON,1121040,190576.80000000002
ORD-2026-041636,2026-01-02,CUS-01955,prd-0138,0.15,CARTON,1296960,194544.0
ORD-2026-041659,2026-01-03,CUS-02241,prd-0004,0.75,CARTON,53880,40410.0
ORD-2026-041676,2026-01-03,CUS-01407,prd-0077,0.5,CARTON,186720,93360.0
ORD-2026-041680,2026-01-03,CUS-01823,prd-0086,10,EACH,28180,281800
ORD-2026-041683,2026-01-03,CUS-02353,prd-0090,10,EACH,37690,376900
ORD-2026-041699,2026-01-03,CUS-01276,prd-0139,0.31,CARTON,1601280,496396.80000000005
ORD-2026-041710,2026-01-03,CUS-01777,prd-0163,0.5,CARTON,666960,333480.0
ORD-2026-041723,2026-01-04,CUS-02356,prd-0113,0.1,CARTON,625200,62520.0
ORD-2026-041747,2026-01-05,CUS-01002,prd-0051,3.0,CARTON,172280,516840.0
ORD-2026-041748,2026-01-05,CUS-00302,prd-0057,1.4,CARTON,180400,252560.0
ORD-2026-041759,2026-01-05,CUS-02360,prd-0077,2.17,CARTON,186720,405182.39999999997
ORD-2026-041760,2026-01-05,CUS-00452,prd-0077,1.17,CARTON,186720,218462.39999999997
ORD-2026-041761,2026-01-05,CUS-00900,prd-0077,1.0,CARTON,186720,186720.0
ORD-2026-041765,2026-01-05,CUS-01597,prd-0082,13,EACH,30730,399490
ORD-2026-041779,2026-01-05,CUS-00062,prd-0093,0.25,CARTON,276960,69240.0
ORD-2026-041800,2026-01-05,CUS-00584,prd-0142,7,EACH,52030,364210
ORD-2026-041813,2026-01-05,CUS-00157,prd-0161,7,EACH,32640,228480
ORD-2026-041817,2026-01-05,CUS-01211,prd-0166,0.04,CARTON,1231200,49248.0
ORD-2026-041840,2026-01-06,CUS-01718,prd-0065,0.75,CARTON,408000,306000.0
ORD-2026-041841,2026-01-06,CUS-00362,prd-0069,0.5,CARTON,206520,103260.0
ORD-2026-041845,2026-01-06,CUS-00540,prd-0077,1.0,CARTON,186720,186720.0
ORD-2026-041850,2026-01-06,CUS-01737,prd-0084,0.17,CARTON,666240,113260.80000000002
ORD-2026-041855,2026-01-06,CUS-01573,prd-0090,0.25,CARTON,452280,113070.0
ORD-2026-041865,2026-01-06,CUS-02059,prd-0100,3,EACH,20780,62340
ORD-2026-041870,2026-01-06,CUS-02124,prd-0111,0.12,CARTON,587520,70502.4
ORD-2026-041878,2026-01-06,CUS-01076,prd-0127,1.0,CARTON,201120,201120.0
ORD-2026-041891,2026-01-06,CUS-01965,prd-0151,5,EACH,42840,214200
ORD-2026-041895,2026-01-06,CUS-00315,prd-0154,0.62,CARTON,1019280,631953.6000000001
ORD-2026-041896,2026-01-06,CUS-02060,prd-0154,26,EACH,42470,1104220
ORD-2026-041904,2026-01-07,CUS-00516,prd-0004,0.25,CARTON,53880,13470.0
ORD-2026-041908,2026-01-07,CUS-01501,prd-0016,0.5,CARTON,512160,256080.0
ORD-2026-041917,2026-01-07,CUS-02199,prd-0042,0.33,CARTON,314400,103752.0
ORD-2026-041930,2026-01-07,CUS-00832,prd-0076,7,EACH,28050,196350
ORD-2026-041944,2026-01-07,CUS-02015,prd-0090,0.42,CARTON,452280,189957.59999999998
ORD-2026-041948,2026-01-07,CUS-01390,prd-0093,6,EACH,23080,138480
ORD-2026-041952,2026-01-07,CUS-00659,prd-0100,0.58,CARTON,498720,289257.6
ORD-2026-041955,2026-01-07,CUS-00005,prd-0115,4,EACH,21210,84840
ORD-2026-041961,2026-01-07,CUS-00633,prd-0125,0.5,CARTON,461400,230700.0
ORD-2026-041975,2026-01-07,CUS-00037,prd-0151,15,EACH,42840,642600
ORD-2026-041983,2026-01-07,CUS-00497,prd-0165,0.06,CARTON,1122240,67334.4
ORD-2026-041986,2026-01-07,CUS-02381,prd-0170,0.14,CARTON,625320,87544.8
ORD-2026-041992,2026-01-08,CUS-00239,prd-0018,0.92,CARTON,750840,690772.8
ORD-2026-041995,2026-01-08,CUS-00413,prd-0049,13,EACH,18190,236470
ORD-2026-041997,2026-01-08,CUS-01147,prd-0053,7,EACH,38950,272650
ORD-2026-042003,2026-01-08,CUS-01443,prd-0074,0.4,CARTON,383900,153560.0
ORD-2026-042009,2026-01-08,CUS-00756,prd-0081,0.7,CARTON,421900,295329.99999999994
ORD-2026-042029,2026-01-08,CUS-00879,prd-0100,0.5,CARTON,498720,249360.0
ORD-2026-042032,2026-01-08,CUS-01563,prd-0108,0.12,CARTON,738000,88560.0
ORD-2026-042039,2026-01-08,CUS-01953,prd-0120,2,EACH,14740,29480
ORD-2026-042044,2026-01-08,CUS-00738,prd-0140,5,EACH,27740,138700
ORD-2026-042048,2026-01-08,CUS-01539,prd-0154,0.12,CARTON,1019280,122313.59999999999
ORD-2026-042051,2026-01-08,CUS-02293,prd-0160,0.46,CARTON,1581120,727315.2000000001
ORD-2026-042053,2026-01-08,CUS-01519,prd-0161,0.1,CARTON,1566720,156672.0
ORD-2026-042063,2026-01-09,CUS-02236,prd-0007,0.5,CARTON,204840,102420.0
ORD-2026-042064,2026-01-09,CUS-02241,prd-0007,8,EACH,17070,136560
ORD-2026-042066,2026-01-09,CUS-01749,prd-0012,0.21,CARTON,441840,92786.4
ORD-2026-042070,2026-01-09,CUS-00638,prd-0018,0.58,CARTON,750840,435487.19999999995
ORD-2026-042071,2026-01-09,CUS-00610,prd-0020,0.1,CARTON,1402080,140208.0
ORD-2026-042077,2026-01-09,CUS-00069,prd-0047,2,EACH,19060,38120
ORD-2026-042088,2026-01-09,CUS-01216,prd-0082,5,EACH,30730,153650
ORD-2026-042090,2026-01-09,CUS-01587,prd-0084,0.21,CARTON,666240,139910.4
ORD-2026-042096,2026-01-09,CUS-02300,prd-0090,0.5,CARTON,452280,226140.0
ORD-2026-042100,2026-01-09,CUS-01873,prd-0100,2,EACH,20780,41560
ORD-2026-042102,2026-01-09,CUS-02403,prd-0102,0.75,CARTON,204600,153450.0
ORD-2026-042103,2026-01-09,CUS-00629,prd-0118,11,EACH,23110,254210
ORD-2026-042104,2026-01-09,CUS-00220,prd-0120,0.08,CARTON,353760,28300.800000000003
ORD-2026-042114,2026-01-09,CUS-02064,prd-0142,9,EACH,52030,468270
ORD-2026-042117,2026-01-09,CUS-02446,prd-0148,4,EACH,27270,109080
ORD-2026-042136,2026-01-10,CUS-01320,prd-0016,0.33,CARTON,512160,169012.80000000002
ORD-2026-042148,2026-01-10,CUS-01308,prd-0068,5,EACH,16320,81600
ORD-2026-042150,2026-01-10,CUS-01416,prd-0077,1.5,CARTON,186720,280080.0
ORD-2026-042153,2026-01-10,CUS-01418,prd-0080,0.17,CARTON,286800,48756.00000000001
ORD-2026-042163,2026-01-10,CUS-00091,prd-0109,3,EACH,30700,92100
ORD-2026-042173,2026-01-10,CUS-01685,prd-0156,0.25,CARTON,702840,175710.0
ORD-2026-042182,2026-01-11,CUS-01320,prd-0019,0.35,CARTON,1499520,524832.0
ORD-2026-042189,2026-01-11,CUS-00158,prd-0059,3,EACH,50810,152430
ORD-2026-042197,2026-01-11,CUS-01321,prd-0125,28,EACH,15380,430640
ORD-2026-042207,2026-01-12,CUS-01098,prd-0009,2.17,CARTON,220680,478875.6
ORD-2026-042226,2026-01-12,CUS-00696,prd-0057,0.2,CARTON,180400,36080.0
ORD-2026-042236,2026-01-12,CUS-02476,prd-0083,0.21,CARTON,568560,119397.59999999999
ORD-2026-042238,2026-01-12,CUS-01329,prd-0086,0.17,CARTON,338160,57487.200000000004
ORD-2026-042239,2026-01-12,CUS-00578,prd-0086,0.5,CARTON,338160,169080.0
ORD-2026-042250,2026-01-12,CUS-00486,prd-0098,0.17,CARTON,183840,31252.800000000003
ORD-2026-042257,2026-01-12,CUS-02284,prd-0108,0.25,CARTON,738000,184500.0
ORD-2026-042264,2026-01-12,CUS-01405,prd-0125,7,EACH,15380,107660
ORD-2026-042265,2026-01-12,CUS-02469,prd-0125,13,EACH,15380,199940
ORD-2026-042267,2026-01-12,CUS-01613,prd-0131,0.14,CARTON,1121040,156945.6
ORD-2026-042272,2026-01-12,CUS-01716,prd-0145,0.42,CARTON,763200,320544.0
ORD-2026-042276,2026-01-12,CUS-02153,prd-0151,4,EACH,42840,171360
ORD-2026-042287,2026-01-12,CUS-02491,prd-0161,0.08,CARTON,1566720,125337.6
ORD-2026-042290,2026-01-12,CUS-00432,prd-0164,14,EACH,19920,278880
ORD-2026-042293,2026-01-13,CUS-00474,prd-0014,0.25,CARTON,165480,41370.0
ORD-2026-042298,2026-01-13,CUS-00431,prd-0019,2,EACH,31240,62480
ORD-2026-042301,2026-01-13,CUS-00791,prd-0026,0.33,CARTON,49800,16434.0
ORD-2026-042303,2026-01-13,CUS-00588,prd-0034,1.25,CARTON,184200,230250.0
ORD-2026-042305,2026-01-13,CUS-00179,prd-0041,0.58,CARTON,81960,47536.799999999996
ORD-2026-042309,2026-01-13,CUS-01719,prd-0048,0.2,CARTON,84350,16870.0
ORD-2026-042310,2026-01-13,CUS-01611,prd-0057,0.6,CARTON,180400,108240.0
ORD-2026-042314,2026-01-13,CUS-02500,prd-0072,9,EACH,42600,383400
ORD-2026-042318,2026-01-13,CUS-01391,prd-0083,0.5,CARTON,568560,284280.0
ORD-2026-042328,2026-01-13,CUS-02103,prd-0090,0.25,CARTON,452280,113070.0
ORD-2026-042332,2026-01-13,CUS-01063,prd-0095,10,EACH,20290,202900
ORD-2026-042344,2026-01-13,CUS-00869,prd-0125,0.07,CARTON,461400,32298.000000000004
ORD-2026-042351,2026-01-13,CUS-01336,prd-0145,18,EACH,31800,572400
ORD-2026-042370,2026-01-14,CUS-02430,prd-0039,16,EACH,14770,236320
ORD-2026-042379,2026-01-14,CUS-00507,prd-0086,0.75,CARTON,338160,253620.0
ORD-2026-042388,2026-01-14,CUS-02065,prd-0100,3,EACH,20780,62340
ORD-2026-042389,2026-01-14,CUS-02304,prd-0102,11,EACH,17050,187550
ORD-2026-042392,2026-01-14,CUS-01535,prd-0108,0.17,CARTON,738000,125460.0
ORD-2026-042405,2026-01-14,CUS-01697,prd-0125,0.17,CARTON,461400,78438.00000000001
ORD-2026-042407,2026-01-14,CUS-00578,prd-0143,0.83,CARTON,583680,484454.39999999997
ORD-2026-042411,2026-01-14,CUS-01043,prd-0149,2.0,CARTON,183520,367040.0
ORD-2026-042415,2026-01-14,CUS-01446,prd-0151,7,EACH,42840,299880
ORD-2026-042417,2026-01-14,CUS-00653,prd-0153,0.1,CARTON,1162560,116256.0
ORD-2026-042426,2026-01-15,CUS-00430,prd-0007,1.58,CARTON,204840,323647.2
ORD-2026-042432,2026-01-15,CUS-01082,prd-0057,12,EACH,18040,216480
ORD-2026-042436,2026-01-15,CUS-00361,prd-0060,4,EACH,57540,230160
ORD-2026-042437,2026-01-15,CUS-01713,prd-0062,13,EACH,17890,232570
ORD-2026-042439,2026-01-15,CUS-00594,prd-0068,6,EACH,16320,97920
ORD-2026-042446,2026-01-15,CUS-00160,prd-0082,1.0,CARTON,368760,368760.0
ORD-2026-042448,2026-01-15,CUS-00314,prd-0083,0.12,CARTON,568560,68227.2
ORD-2026-042483,2026-01-15,CUS-02103,prd-0154,3,EACH,42470,127410
ORD-2026-042492,2026-01-15,CUS-01629,prd-0166,12,EACH,25650,307800
ORD-2026-042500,2026-01-16,CUS-00265,prd-0022,0.42,CARTON,140160,58867.2
ORD-2026-042533,2026-01-16,CUS-00621,prd-0100,8,EACH,20780,166240
ORD-2026-042537,2026-01-16,CUS-00159,prd-0109,1.08,CARTON,368400,397872.0
ORD-2026-042538,2026-01-16,CUS-02226,prd-0111,0.15,CARTON,587520,88128.0
ORD-2026-042540,2026-01-16,CUS-02180,prd-0121,1,EACH,26430,26430
ORD-2026-042544,2026-01-16,CUS-00536,prd-0125,0.13,CARTON,461400,59982.0
ORD-2026-042551,2026-01-16,CUS-02202,prd-0149,0.25,CARTON,183520,45880.0
ORD-2026-042554,2026-01-16,CUS-02469,prd-0151,0.5,CARTON,171360,85680.0
ORD-2026-042555,2026-01-16,CUS-02482,prd-0151,4,EACH,42840,171360
ORD-2026-042559,2026-01-16,CUS-02004,prd-0158,6,EACH,33720,202320
ORD-2026-042563,2026-01-16,CUS-02127,prd-0160,0.12,CARTON,1581120,189734.4
ORD-2026-042570,2026-01-16,CUS-00362,prd-0165,0.19,CARTON,1122240,213225.59999999998
ORD-2026-042572,2026-01-16,CUS-01596,prd-0167,11,EACH,14020,154220
ORD-2026-042575,2026-01-17,CUS-00292,prd-0016,1.08,CARTON,512160,553132.8
ORD-2026-042576,2026-01-17,CUS-02445,prd-0018,1.92,CARTON,750840,1441612.7999999998
ORD-2026-042577,2026-01-17,CUS-01295,prd-0023,0.83,CARTON,203280,168722.4
ORD-2026-042588,2026-01-17,CUS-02003,prd-0060,0.16,CARTON,2877000,460320.0
ORD-2026-042602,2026-01-17,CUS-02269,prd-0090,1.08,CARTON,452280,488462.4
ORD-2026-042603,2026-01-17,CUS-00049,prd-0090,1,EACH,37690,37690
ORD-2026-042608,2026-01-17,CUS-01633,prd-0098,1.5,CARTON,183840,275760.0
ORD-2026-042612,2026-01-17,CUS-00604,prd-0106,0.58,CARTON,502680,291554.39999999997
ORD-2026-042619,2026-01-17,CUS-00430,prd-0128,1.83,CARTON,123540,226078.2
ORD-2026-042623,2026-01-17,CUS-02437,prd-0137,0.08,CARTON,1327200,106176.0
ORD-2026-042646,2026-01-18,CUS-00399,prd-0090,0.83,CARTON,452280,375392.39999999997
ORD-2026-042660,2026-01-19,CUS-02237,prd-0018,27,EACH,62570,1689390
ORD-2026-042664,2026-01-19,CUS-01919,prd-0039,3,EACH,14770,44310
ORD-2026-042673,2026-01-19,CUS-00387,prd-0061,9,EACH,16320,146880
ORD-2026-042674,2026-01-19,CUS-01885,prd-0062,0.22,CARTON,894500,196790.0
ORD-2026-042679,2026-01-19,CUS-00658,prd-0074,0.7,CARTON,383900,268730.0
ORD-2026-042695,2026-01-19,CUS-00533,prd-0090,0.42,CARTON,452280,189957.59999999998
ORD-2026-042704,2026-01-19,CUS-02351,prd-0100,0.21,CARTON,498720,104731.20000000001
ORD-2026-042705,2026-01-19,CUS-01649,prd-0100,0.42,CARTON,498720,209462.40000000002
ORD-2026-042706,2026-01-19,CUS-01892,prd-0100,9,EACH,20780,187020
ORD-2026-042711,2026-01-19,CUS-02111,prd-0106,0.25,CARTON,502680,125670.0
ORD-2026-042734,2026-01-19,CUS-00244,prd-0151,3,EACH,42840,128520
ORD-2026-042740,2026-01-19,CUS-01541,prd-0162,0.54,CARTON,693600,374544.00000000006
ORD-2026-042749,2026-01-20,CUS-02049,prd-0031,15,EACH,36660,549900
ORD-2026-042752,2026-01-20,CUS-01411,prd-0035,0.83,CARTON,163920,136053.59999999998
ORD-2026-042754,2026-01-20,CUS-00873,prd-0037,0.29,CARTON,615600,178523.99999999997
ORD-2026-042770,2026-01-20,CUS-01234,prd-0078,1.0,CARTON,404640,404640.0
ORD-2026-042771,2026-01-20,CUS-02403,prd-0079,0.6,CARTON,468700,281220.0
ORD-2026-042780,2026-01-20,CUS-01573,prd-0090,1.0,CARTON,452280,452280.0
ORD-2026-042787,2026-01-20,CUS-02299,prd-0098,0.75,CARTON,183840,137880.0
ORD-2026-042799,2026-01-20,CUS-01776,prd-0123,0.33,CARTON,345840,114127.20000000001
ORD-2026-042818,2026-01-20,CUS-00654,prd-0165,0.12,CARTON,1122240,134668.8
ORD-2026-042820,2026-01-20,CUS-00725,prd-0166,0.08,CARTON,1231200,98496.0
ORD-2026-042824,2026-01-21,CUS-00506,prd-0006,0.25,CARTON,36720,9180.0
ORD-2026-042850,2026-01-21,CUS-01015,prd-0090,6,EACH,37690,226140
ORD-2026-042851,2026-01-21,CUS-00736,prd-0090,1.67,CARTON,452280,755307.6
ORD-2026-042863,2026-01-21,CUS-00854,prd-0130,0.54,CARTON,326400,176256.00000000003
ORD-2026-042869,2026-01-21,CUS-00690,prd-0151,4.25,CARTON,171360,728280.0
ORD-2026-042870,2026-01-21,CUS-02431,prd-0151,31,EACH,42840,1328040
ORD-2026-042890,2026-01-22,CUS-02139,prd-0025,2.67,CARTON,61080,163083.59999999998
ORD-2026-042905,2026-01-22,CUS-01982,prd-0085,0.96,CARTON,781920,750643.2
ORD-2026-042913,2026-01-22,CUS-00803,prd-0090,0.42,CARTON,452280,189957.59999999998
ORD-2026-042914,2026-01-22,CUS-02388,prd-0090,1.08,CARTON,452280,488462.4
ORD-2026-042915,2026-01-22,CUS-00516,prd-0090,6,EACH,37690,226140
ORD-2026-042924,2026-01-22,CUS-00152,prd-0113,0.1,CARTON,625200,62520.0
ORD-2026-042927,2026-01-22,CUS-00323,prd-0125,6,EACH,15380,92280
ORD-2026-042928,2026-01-22,CUS-01957,prd-0128,5.17,CARTON,123540,638701.8
ORD-2026-042933,2026-01-22,CUS-00516,prd-0145,0.54,CARTON,763200,412128.0
ORD-2026-042937,2026-01-22,CUS-00991,prd-0161,0.19,CARTON,1566720,297676.80000000005
ORD-2026-042938,2026-01-22,CUS-01948,prd-0162,0.46,CARTON,693600,319056.0
ORD-2026-042939,2026-01-22,CUS-02414,prd-0163,0.54,CARTON,666960,360158.4
ORD-2026-042945,2026-01-22,CUS-01554,prd-0170,0.08,CARTON,625320,50025.600000000006
ORD-2026-042958,2026-01-23,CUS-01445,prd-0051,7,EACH,43070,301490
ORD-2026-042960,2026-01-23,CUS-01787,prd-0057,42,EACH,18040,757680
ORD-2026-042961,2026-01-23,CUS-00063,prd-0060,0.1,CARTON,2877000,287700.0
ORD-2026-042962,2026-01-23,CUS-01433,prd-0061,0.14,CARTON,816000,114240.00000000001
ORD-2026-042965,2026-01-23,CUS-01459,prd-0065,0.42,CARTON,408000,171360.0
ORD-2026-042972,2026-01-23,CUS-01928,prd-0086,0.33,CARTON,338160,111592.79999999999
ORD-2026-042973,2026-01-23,CUS-02198,prd-0086,1.17,CARTON,338160,395647.19999999995
ORD-2026-042987,2026-01-23,CUS-00928,prd-0094,0.17,CARTON,268320,45614.4
ORD-2026-042995,2026-01-23,CUS-00453,prd-0103,0.25,CARTON,461760,115440.0
ORD-2026-042997,2026-01-23,CUS-00880,prd-0108,8,EACH,30750,246000
ORD-2026-042998,2026-01-23,CUS-01431,prd-0111,0.08,CARTON,587520,47001.600000000006
ORD-2026-043005,2026-01-23,CUS-02213,prd-0120,0.83,CARTON,353760,293620.8
ORD-2026-043009,2026-01-23,CUS-01310,prd-0125,0.07,CARTON,461400,32298.000000000004
ORD-2026-043010,2026-01-23,CUS-02171,prd-0125,0.03,CARTON,461400,13842.0
ORD-2026-043013,2026-01-23,CUS-00009,prd-0131,0.11,CARTON,1121040,123314.40000000001
ORD-2026-043018,2026-01-23,CUS-01029,prd-0151,3.0,CARTON,171360,514080.0
ORD-2026-043020,2026-01-23,CUS-02107,prd-0153,0.38,CARTON,1162560,441772.80000000005
ORD-2026-043021,2026-01-23,CUS-01710,prd-0154,0.12,CARTON,1019280,122313.59999999999
ORD-2026-043022,2026-01-23,CUS-00686,prd-0155,0.33,CARTON,790560,260884.80000000002
ORD-2026-043028,2026-01-23,CUS-00307,prd-0161,0.1,CARTON,1566720,156672.0
ORD-2026-043031,2026-01-23,CUS-01506,prd-0170,0.25,CARTON,625320,156330.0
ORD-2026-043037,2026-01-24,CUS-00083,prd-0018,0.58,CARTON,750840,435487.19999999995
ORD-2026-043067,2026-01-24,CUS-00687,prd-0120,0.29,CARTON,353760,102590.4
ORD-2026-043068,2026-01-24,CUS-01653,prd-0125,9,EACH,15380,138420
ORD-2026-043069,2026-01-24,CUS-01488,prd-0125,0.17,CARTON,461400,78438.00000000001
ORD-2026-043072,2026-01-24,CUS-01135,prd-0145,0.33,CARTON,763200,251856.0
ORD-2026-043080,2026-01-24,CUS-00200,prd-0166,3,EACH,25650,76950
ORD-2026-043084,2026-01-25,CUS-00766,prd-0009,0.33,CARTON,220680,72824.40000000001
ORD-2026-043089,2026-01-25,CUS-00552,prd-0057,2.3,CARTON,180400,414920.0
ORD-2026-043092,2026-01-25,CUS-01963,prd-0090,1.42,CARTON,452280,642237.6
ORD-2026-043097,2026-01-25,CUS-00899,prd-0151,1.25,CARTON,171360,214200.0
ORD-2026-043102,2026-01-26,CUS-00290,prd-0001,3,EACH,4970,14910
ORD-2026-043109,2026-01-26,CUS-01970,prd-0022,1.58,CARTON,140160,221452.80000000002
ORD-2026-043125,2026-01-26,CUS-01213,prd-0067,0.21,CARTON,297120,62395.2
ORD-2026-043129,2026-01-26,CUS-01892,prd-0077,7,EACH,31120,217840
ORD-2026-043140,2026-01-26,CUS-02262,prd-0090,1.17,CARTON,452280,529167.6
ORD-2026-043141,2026-01-26,CUS-01962,prd-0090,1.0,CARTON,452280,452280.0
ORD-2026-043145,2026-01-26,CUS-00722,prd-0100,33,EACH,20780,685740
ORD-2026-043150,2026-01-26,CUS-00907,prd-0110,0.75,CARTON,364200,273150.0
ORD-2026-043152,2026-01-26,CUS-00899,prd-0112,8,EACH,15500,124000
ORD-2026-043169,2026-01-26,CUS-01565,prd-0144,0.67,CARTON,383880,257199.60000000003
ORD-2026-043175,2026-01-26,CUS-01153,prd-0154,0.46,CARTON,1019280,468868.80000000005
ORD-2026-043176,2026-01-26,CUS-02099,prd-0155,0.83,CARTON,790560,656164.7999999999
ORD-2026-043178,2026-01-26,CUS-02199,prd-0161,0.06,CARTON,1566720,94003.2
ORD-2026-043179,2026-01-26,CUS-01807,prd-0161,0.25,CARTON,1566720,391680.0
ORD-2026-043204,2026-01-27,CUS-00728,prd-0052,4,EACH,43630,174520
ORD-2026-043206,2026-01-27,CUS-00290,prd-0060,0.2,CARTON,2877000,575400.0
ORD-2026-043221,2026-01-27,CUS-01849,prd-0090,1,EACH,37690,37690
ORD-2026-043239,2026-01-27,CUS-02060,prd-0137,0.19,CARTON,1327200,252168.0
ORD-2026-043242,2026-01-27,CUS-02415,prd-0142,0.67,CARTON,624360,418321.19999999995
ORD-2026-043243,2026-01-27,CUS-02045,prd-0142,0.75,CARTON,624360,468270.0
ORD-2026-043245,2026-01-27,CUS-01079,prd-0143,1.25,CARTON,583680,729600.0
ORD-2026-043248,2026-01-27,CUS-02477,prd-0153,0.27,CARTON,1162560,313891.2
ORD-2026-043252,2026-01-27,CUS-00315,prd-0161,5,EACH,32640,163200
ORD-2026-043261,2026-01-28,CUS-01562,prd-0031,0.17,CARTON,879840,149572.80000000002
ORD-2026-043265,2026-01-28,CUS-01407,prd-0051,16,EACH,43070,689120
ORD-2026-043271,2026-01-28,CUS-02196,prd-0074,0.5,CARTON,383900,191950.0
ORD-2026-043287,2026-01-28,CUS-01843,prd-0091,0.75,CARTON,324120,243090.0
ORD-2026-043296,2026-01-28,CUS-01483,prd-0100,3,EACH,20780,62340
ORD-2026-043300,2026-01-28,CUS-00610,prd-0103,0.42,CARTON,461760,193939.19999999998
ORD-2026-043304,2026-01-28,CUS-00621,prd-0111,0.12,CARTON,587520,70502.4
ORD-2026-043313,2026-01-28,CUS-00407,prd-0135,0.1,CARTON,1579200,157920.0
ORD-2026-043317,2026-01-28,CUS-00653,prd-0145,0.08,CARTON,763200,61056.0
ORD-2026-043324,2026-01-28,CUS-01599,prd-0159,0.17,CARTON,1240320,210854.40000000002
ORD-2026-043340,2026-01-29,CUS-01596,prd-0057,5,EACH,18040,90200
ORD-2026-043343,2026-01-29,CUS-00802,prd-0068,9,EACH,16320,146880
ORD-2026-043350,2026-01-29,CUS-01689,prd-0080,0.33,CARTON,286800,94644.0
ORD-2026-043353,2026-01-29,CUS-01417,prd-0084,13,EACH,27760,360880
ORD-2026-043354,2026-01-29,CUS-01532,prd-0084,0.08,CARTON,666240,53299.200000000004
ORD-2026-043378,2026-01-29,CUS-02458,prd-0122,1.17,CARTON,459360,537451.2
ORD-2026-043381,2026-01-29,CUS-02044,prd-0125,0.1,CARTON,461400,46140.0
ORD-2026-043382,2026-01-29,CUS-01708,prd-0135,0.17,CARTON,1579200,268464.0
ORD-2026-043400,2026-01-30,CUS-01333,prd-0007,0.75,CARTON,204840,153630.0
ORD-2026-043413,2026-01-30,CUS-00450,prd-0061,9,EACH,16320,146880
ORD-2026-043432,2026-01-30,CUS-01524,prd-0090,5,EACH,37690,188450
ORD-2026-043433,2026-01-30,CUS-00839,prd-0090,0.33,CARTON,452280,149252.40000000002
ORD-2026-043436,2026-01-30,CUS-01464,prd-0091,0.25,CARTON,324120,81030.0
ORD-2026-043440,2026-01-30,CUS-02080,prd-0098,0.58,CARTON,183840,106627.19999999998
ORD-2026-043443,2026-01-30,CUS-00732,prd-0103,2,EACH,38480,76960
ORD-2026-043450,2026-01-30,CUS-01069,prd-0122,0.17,CARTON,459360,78091.20000000001
ORD-2026-043454,2026-01-30,CUS-02295,prd-0125,0.1,CARTON,461400,46140.0
ORD-2026-043457,2026-01-30,CUS-00589,prd-0136,0.04,CARTON,2637600,105504.0
ORD-2026-043464,2026-01-30,CUS-02228,prd-0156,2,EACH,58570,117140
ORD-2026-043466,2026-01-30,CUS-00111,prd-0160,39,EACH,32940,1284660
ORD-2026-043467,2026-01-30,CUS-02295,prd-0160,4,EACH,32940,131760
ORD-2026-043474,2026-01-31,CUS-01649,prd-0010,0.83,CARTON,192600,159858.0
ORD-2026-043481,2026-01-31,CUS-01469,prd-0051,1.25,CARTON,172280,215350.0
ORD-2026-043490,2026-01-31,CUS-00535,prd-0086,0.25,CARTON,338160,84540.0
ORD-2026-043501,2026-01-31,CUS-01120,prd-0125,0.17,CARTON,461400,78438.00000000001
ORD-2026-043503,2026-01-31,CUS-01855,prd-0128,10,EACH,20590,205900
ORD-2026-043505,2026-01-31,CUS-01016,prd-0144,9,EACH,31990,287910
ORD-2026-043510,2026-01-31,CUS-01006,prd-0151,0.25,CARTON,171360,42840.0
ORD-2026-043528,2026-02-01,CUS-02209,prd-0113,14,EACH,10420,145880
ORD-2026-043544,2026-02-02,CUS-01752,prd-0008,0.75,CARTON,196320,147240.0
ORD-2026-043546,2026-02-02,CUS-01006,prd-0032,0.33,CARTON,488880,161330.40000000002
ORD-2026-043558,2026-02-02,CUS-01157,prd-0063,0.04,CARTON,753500,30140.000000000004
ORD-2026-043571,2026-02-02,CUS-00939,prd-0086,0.17,CARTON,338160,57487.200000000004
ORD-2026-043576,2026-02-02,CUS-02147,prd-0090,0.5,CARTON,452280,226140.0
ORD-2026-043577,2026-02-02,CUS-01713,prd-0090,4,EACH,37690,150760
ORD-2026-043578,2026-02-02,CUS-00385,prd-0090,17,EACH,37690,640730
ORD-2026-043579,2026-02-02,CUS-00192,prd-0090,0.42,CARTON,452280,189957.59999999998
ORD-2026-043584,2026-02-02,CUS-01043,prd-0093,0.42,CARTON,276960,116323.20000000001
ORD-2026-043585,2026-02-02,CUS-02058,prd-0098,0.42,CARTON,183840,77212.79999999999
ORD-2026-043592,2026-02-02,CUS-01565,prd-0118,2.0,CARTON,277320,554640.0
ORD-2026-043597,2026-02-02,CUS-02015,prd-0125,5,EACH,15380,76900
ORD-2026-043606,2026-02-02,CUS-01499,prd-0153,8,EACH,24220,193760
ORD-2026-043609,2026-02-02,CUS-01037,prd-0156,5,EACH,58570,292850
ORD-2026-043616,2026-02-03,CUS-02099,prd-0003,0.42,CARTON,58080,24393.6
ORD-2026-043619,2026-02-03,CUS-02157,prd-0011,6,EACH,17170,103020
ORD-2026-043626,2026-02-03,CUS-01826,prd-0028,0.17,CARTON,58920,10016.400000000001
ORD-2026-043631,2026-02-03,CUS-01830,prd-0041,9,EACH,6830,61470
ORD-2026-043647,2026-02-03,CUS-00494,prd-0088,0.17,CARTON,611600,103972.0
ORD-2026-043659,2026-02-03,CUS-01661,prd-0111,0.29,CARTON,587520,170380.8
ORD-2026-043662,2026-02-03,CUS-02240,prd-0125,0.17,CARTON,461400,78438.00000000001
ORD-2026-043664,2026-02-03,CUS-01495,prd-0126,1.58,CARTON,351240,554959.2
ORD-2026-043672,2026-02-03,CUS-00241,prd-0157,0.67,CARTON,297720,199472.40000000002
ORD-2026-043702,2026-02-04,CUS-00041,prd-0070,0.8,CARTON,192400,153920.0
ORD-2026-043705,2026-02-04,CUS-00287,prd-0074,12,EACH,38390,460680
ORD-2026-043706,2026-02-04,CUS-01105,prd-0077,5.67,CARTON,186720,1058702.4
ORD-2026-043711,2026-02-04,CUS-00576,prd-0083,0.42,CARTON,568560,238795.19999999998
ORD-2026-043712,2026-02-04,CUS-02120,prd-0083,12,EACH,23690,284280
ORD-2026-043720,2026-02-04,CUS-01308,prd-0090,1.08,CARTON,452280,488462.4
ORD-2026-043750,2026-02-04,CUS-01202,prd-0138,0.1,CARTON,1296960,129696.0
ORD-2026-043751,2026-02-04,CUS-01885,prd-0145,0.12,CARTON,763200,91584.0
ORD-2026-043753,2026-02-04,CUS-02293,prd-0151,3.25,CARTON,171360,556920.0
ORD-2026-043754,2026-02-04,CUS-01568,prd-0151,2.25,CARTON,171360,385560.0
ORD-2026-043763,2026-02-04,CUS-01847,prd-0161,4,EACH,32640,130560
ORD-2026-043764,2026-02-04,CUS-00766,prd-0161,0.19,CARTON,1566720,297676.80000000005
ORD-2026-043771,2026-02-05,CUS-00098,prd-0011,0.17,CARTON,412080,70053.6
ORD-2026-043780,2026-02-05,CUS-00661,prd-0064,10,EACH,36350,363500
ORD-2026-043802,2026-02-05,CUS-02124,prd-0143,0.5,CARTON,583680,291840.0
ORD-2026-043803,2026-02-05,CUS-00709,prd-0144,0.25,CARTON,383880,95970.0
ORD-2026-043805,2026-02-05,CUS-01564,prd-0146,1,EACH,34820,34820
ORD-2026-043822,2026-02-06,CUS-01568,prd-0011,25,EACH,17170,429250
ORD-2026-043828,2026-02-06,CUS-01949,prd-0033,0.12,CARTON,264960,31795.199999999997
ORD-2026-043842,2026-02-06,CUS-01255,prd-0062,0.2,CARTON,894500,178900.0
ORD-2026-043848,2026-02-06,CUS-00599,prd-0071,0.4,CARTON,173800,69520.0
ORD-2026-043854,2026-02-06,CUS-01295,prd-0086,1.92,CARTON,338160,649267.2
ORD-2026-043862,2026-02-06,CUS-00601,prd-0090,0.17,CARTON,452280,76887.6
ORD-2026-043863,2026-02-06,CUS-00766,prd-0090,0.08,CARTON,452280,36182.4
ORD-2026-043864,2026-02-06,CUS-00157,prd-0090,1.33,CARTON,452280,601532.4
ORD-2026-043866,2026-02-06,CUS-02106,prd-0098,0.5,CARTON,183840,91920.0
ORD-2026-043867,2026-02-06,CUS-02295,prd-0098,6,EACH,15320,91920
ORD-2026-043877,2026-02-06,CUS-00483,prd-0118,1.33,CARTON,277320,368835.60000000003
ORD-2026-043896,2026-02-06,CUS-01331,prd-0160,0.12,CARTON,1581120,189734.4
ORD-2026-043908,2026-02-07,CUS-01640,prd-0023,4,EACH,16940,67760
ORD-2026-043913,2026-02-07,CUS-00367,prd-0047,0.4,CARTON,190600,76240.0
ORD-2026-043914,2026-02-07,CUS-00140,prd-0048,1.2,CARTON,84350,101220.0
ORD-2026-043916,2026-02-07,CUS-00866,prd-0061,6,EACH,16320,97920
ORD-2026-043921,2026-02-07,CUS-01274,prd-0080,1.17,CARTON,286800,335556.0
ORD-2026-043926,2026-02-07,CUS-02269,prd-0084,0.17,CARTON,666240,113260.80000000002
ORD-2026-043950,2026-02-07,CUS-00718,prd-0156,3,EACH,58570,175710
ORD-2026-043957,2026-02-08,CUS-01913,prd-0006,0.75,CARTON,36720,27540.0
ORD-2026-043963,2026-02-08,CUS-02487,prd-0076,0.83,CARTON,336600,279378.0
ORD-2026-043967,2026-02-08,CUS-01678,prd-0098,9,EACH,15320,137880
ORD-2026-043975,2026-02-09,CUS-00613,prd-0007,1.67,CARTON,204840,342082.8
ORD-2026-043977,2026-02-09,CUS-01321,prd-0016,10,EACH,42680,426800
ORD-2026-043987,2026-02-09,CUS-02294,prd-0067,0.12,CARTON,297120,35654.399999999994
ORD-2026-043995,2026-02-09,CUS-00474,prd-0083,0.21,CARTON,568560,119397.59999999999
ORD-2026-044009,2026-02-09,CUS-01342,prd-0098,1.0,CARTON,183840,183840.0
ORD-2026-044019,2026-02-09,CUS-01594,prd-0111,6,EACH,12240,73440
ORD-2026-044028,2026-02-09,CUS-02348,prd-0125,4,EACH,15380,61520
ORD-2026-044043,2026-02-09,CUS-02086,prd-0157,0.5,CARTON,297720,148860.0
ORD-2026-044045,2026-02-09,CUS-00061,prd-0160,6,EACH,32940,197640
ORD-2026-044060,2026-02-10,CUS-01863,prd-0008,0.83,CARTON,196320,162945.59999999998
ORD-2026-044062,2026-02-10,CUS-00653,prd-0016,2.0,CARTON,512160,1024320.0
ORD-2026-044079,2026-02-10,CUS-02043,prd-0065,0.67,CARTON,408000,273360.0
ORD-2026-044085,2026-02-10,CUS-02476,prd-0077,16,EACH,31120,497920
ORD-2026-044086,2026-02-10,CUS-00955,prd-0078,0.33,CARTON,404640,133531.2
ORD-2026-044095,2026-02-10,CUS-01400,prd-0090,1.58,CARTON,452280,714602.4
ORD-2026-044103,2026-02-10,CUS-00556,prd-0098,0.33,CARTON,183840,60667.200000000004
ORD-2026-044106,2026-02-10,CUS-00899,prd-0108,0.54,CARTON,738000,398520.0
ORD-2026-044107,2026-02-10,CUS-01598,prd-0108,0.25,CARTON,738000,184500.0
ORD-2026-044110,2026-02-10,CUS-00069,prd-0110,0.25,CARTON,364200,91050.0
ORD-2026-044112,2026-02-10,CUS-02077,prd-0115,15,EACH,21210,318150
ORD-2026-044115,2026-02-10,CUS-01130,prd-0121,0.83,CARTON,158580,131621.4
ORD-2026-044129,2026-02-10,CUS-01431,prd-0153,0.21,CARTON,1162560,244137.59999999998
ORD-2026-044145,2026-02-11,CUS-00320,prd-0040,1.04,CARTON,338400,351936.0
ORD-2026-044158,2026-02-11,CUS-01120,prd-0080,7,EACH,23900,167300
ORD-2026-044169,2026-02-11,CUS-02300,prd-0090,14,EACH,37690,527660
ORD-2026-044173,2026-02-11,CUS-00041,prd-0098,0.75,CARTON,183840,137880.0
ORD-2026-044178,2026-02-11,CUS-00777,prd-0108,0.21,CARTON,738000,154980.0
ORD-2026-044179,2026-02-11,CUS-00228,prd-0109,9,EACH,30700,276300
ORD-2026-044182,2026-02-11,CUS-00869,prd-0118,0.33,CARTON,277320,91515.6
ORD-2026-044183,2026-02-11,CUS-00244,prd-0119,2,EACH,21950,43900
ORD-2026-044193,2026-02-11,CUS-00537,prd-0147,4,EACH,32330,129320
ORD-2026-044199,2026-02-11,CUS-00430,prd-0166,0.04,CARTON,1231200,49248.0
ORD-2026-044204,2026-02-12,CUS-01656,prd-0040,0.46,CARTON,338400,155664.0
ORD-2026-044206,2026-02-12,CUS-00244,prd-0047,5,EACH,19060,95300
ORD-2026-044217,2026-02-12,CUS-02389,prd-0065,7,EACH,34000,238000
ORD-2026-044218,2026-02-12,CUS-00312,prd-0068,0.25,CARTON,195840,48960.0
ORD-2026-044223,2026-02-12,CUS-01418,prd-0077,5,EACH,31120,155600
ORD-2026-044229,2026-02-12,CUS-00160,prd-0086,0.33,CARTON,338160,111592.79999999999
ORD-2026-044233,2026-02-12,CUS-01767,prd-0090,0.58,CARTON,452280,262322.39999999997
ORD-2026-044234,2026-02-12,CUS-01629,prd-0090,0.58,CARTON,452280,262322.39999999997
ORD-2026-044255,2026-02-12,CUS-02345,prd-0146,0.46,CARTON,835680,384412.80000000005
ORD-2026-044264,2026-02-12,CUS-01963,prd-0153,0.08,CARTON,1162560,93004.8
ORD-2026-044266,2026-02-12,CUS-00040,prd-0160,0.02,CARTON,1581120,31622.4
ORD-2026-044268,2026-02-12,CUS-02056,prd-0162,11,EACH,28900,317900
ORD-2026-044271,2026-02-12,CUS-01540,prd-0166,0.62,CARTON,1231200,763344.0
ORD-2026-044276,2026-02-13,CUS-00285,prd-0012,0.25,CARTON,441840,110460.0
ORD-2026-044277,2026-02-13,CUS-02410,prd-0012,8,EACH,18410,147280
ORD-2026-044278,2026-02-13,CUS-02487,prd-0012,0.21,CARTON,441840,92786.4
ORD-2026-044290,2026-02-13,CUS-01147,prd-0051,0.5,CARTON,172280,86140.0
ORD-2026-044300,2026-02-13,CUS-00058,prd-0078,1,EACH,33720,33720
ORD-2026-044316,2026-02-13,CUS-01598,prd-0090,0.83,CARTON,452280,375392.39999999997
ORD-2026-044317,2026-02-13,CUS-01039,prd-0090,1.17,CARTON,452280,529167.6
ORD-2026-044326,2026-02-13,CUS-02414,prd-0121,1.17,CARTON,158580,185538.59999999998
ORD-2026-044361,2026-02-14,CUS-02269,prd-0057,9,EACH,18040,162360
ORD-2026-044380,2026-02-14,CUS-01161,prd-0093,18,EACH,23080,415440
ORD-2026-044383,2026-02-14,CUS-02429,prd-0103,0.92,CARTON,461760,424819.19999999995
ORD-2026-044393,2026-02-14,CUS-01076,prd-0142,2.75,CARTON,624360,1716990.0
ORD-2026-044395,2026-02-14,CUS-01421,prd-0151,8,EACH,42840,342720
ORD-2026-044405,2026-02-15,CUS-01192,prd-0082,3,EACH,30730,92190
ORD-2026-044406,2026-02-15,CUS-00937,prd-0090,7,EACH,37690,263830
ORD-2026-044418,2026-02-16,CUS-01289,prd-0006,0.58,CARTON,36720,21297.6
ORD-2026-044421,2026-02-16,CUS-02289,prd-0008,6,EACH,16360,98160
ORD-2026-044432,2026-02-16,CUS-01554,prd-0057,3,EACH,18040,54120
ORD-2026-044437,2026-02-16,CUS-00483,prd-0078,1,EACH,33720,33720
ORD-2026-044447,2026-02-16,CUS-01826,prd-0086,0.25,CARTON,338160,84540.0
ORD-2026-044451,2026-02-16,CUS-02211,prd-0090,0.5,CARTON,452280,226140.0
ORD-2026-044457,2026-02-16,CUS-00125,prd-0108,0.42,CARTON,738000,309960.0
ORD-2026-044481,2026-02-16,CUS-02298,prd-0160,0.44,CARTON,1581120,695692.8
ORD-2026-044484,2026-02-16,CUS-01233,prd-0163,0.25,CARTON,666960,166740.0
ORD-2026-044495,2026-02-17,CUS-00210,prd-0037,0.33,CARTON,615600,203148.0
ORD-2026-044504,2026-02-17,CUS-00972,prd-0058,3.0,CARTON,179800,539400.0
ORD-2026-044505,2026-02-17,CUS-00086,prd-0060,0.2,CARTON,2877000,575400.0
ORD-2026-044510,2026-02-17,CUS-01158,prd-0080,1.42,CARTON,286800,407256.0
ORD-2026-044513,2026-02-17,CUS-02448,prd-0082,3,EACH,30730,92190
ORD-2026-044527,2026-02-17,CUS-01192,prd-0098,0.33,CARTON,183840,60667.200000000004
ORD-2026-044531,2026-02-17,CUS-02019,prd-0100,3,EACH,20780,62340
ORD-2026-044538,2026-02-17,CUS-00555,prd-0123,3,EACH,14410,43230
ORD-2026-044542,2026-02-17,CUS-02454,prd-0145,7,EACH,31800,222600
ORD-2026-044547,2026-02-17,CUS-01520,prd-0153,0.08,CARTON,1162560,93004.8
ORD-2026-044553,2026-02-17,CUS-01136,prd-0168,1.42,CARTON,233880,332109.6
ORD-2026-044559,2026-02-18,CUS-00166,prd-0046,10,EACH,17360,173600
ORD-2026-044562,2026-02-18,CUS-01015,prd-0057,3,EACH,18040,54120
ORD-2026-044583,2026-02-18,CUS-01572,prd-0090,0.25,CARTON,452280,113070.0
ORD-2026-044584,2026-02-18,CUS-02389,prd-0090,0.92,CARTON,452280,416097.60000000003
ORD-2026-044589,2026-02-18,CUS-01554,prd-0100,11,EACH,20780,228580
ORD-2026-044594,2026-02-18,CUS-02180,prd-0112,1.25,CARTON,186000,232500.0
ORD-2026-044598,2026-02-18,CUS-00346,prd-0125,17,EACH,15380,261460
ORD-2026-044600,2026-02-18,CUS-01076,prd-0134,0.53,CARTON,1258920,667227.6000000001
ORD-2026-044608,2026-02-18,CUS-00483,prd-0146,13,EACH,34820,452660
ORD-2026-044614,2026-02-18,CUS-00243,prd-0151,3.75,CARTON,171360,642600.0
ORD-2026-044628,2026-02-18,CUS-02142,prd-0163,0.67,CARTON,666960,446863.20000000007
ORD-2026-044629,2026-02-18,CUS-00176,prd-0163,1,EACH,27790,27790
ORD-2026-044639,2026-02-19,CUS-01752,prd-0035,1.25,CARTON,163920,204900.0
ORD-2026-044642,2026-02-19,CUS-02185,prd-0040,0.12,CARTON,338400,40608.0
ORD-2026-044644,2026-02-19,CUS-01306,prd-0041,0.08,CARTON,81960,6556.799999999999
ORD-2026-044665,2026-02-19,CUS-00744,prd-0090,0.58,CARTON,452280,262322.39999999997
ORD-2026-044666,2026-02-19,CUS-00680,prd-0090,11,EACH,37690,414590
ORD-2026-044671,2026-02-19,CUS-02500,prd-0100,0.21,CARTON,498720,104731.20000000001
ORD-2026-044673,2026-02-19,CUS-01985,prd-0103,12,EACH,38480,461760
ORD-2026-044684,2026-02-19,CUS-02236,prd-0121,0.67,CARTON,158580,106248.6
ORD-2026-044691,2026-02-19,CUS-00202,prd-0150,5.25,CARTON,191400,1004850.0
ORD-2026-044700,2026-02-19,CUS-01808,prd-0156,8,EACH,58570,468560
ORD-2026-044708,2026-02-19,CUS-00879,prd-0166,0.08,CARTON,1231200,98496.0
ORD-2026-044722,2026-02-20,CUS-00716,prd-0036,0.2,CARTON,820000,164000.0
ORD-2026-044723,2026-02-20,CUS-02003,prd-0037,0.17,CARTON,615600,104652.0
ORD-2026-044724,2026-02-20,CUS-02413,prd-0037,0.25,CARTON,615600,153900.0
ORD-2026-044727,2026-02-20,CUS-01758,prd-0039,3,EACH,14770,44310
ORD-2026-044732,2026-02-20,CUS-01046,prd-0057,0.6,CARTON,180400,108240.0
ORD-2026-044745,2026-02-20,CUS-00344,prd-0083,4,EACH,23690,94760
ORD-2026-044759,2026-02-20,CUS-02438,prd-0099,4,EACH,14380,57520
ORD-2026-044772,2026-02-20,CUS-00091,prd-0140,0.42,CARTON,1331520,559238.3999999999
ORD-2026-044781,2026-02-20,CUS-01869,prd-0151,3.0,CARTON,171360,514080.0
ORD-2026-044813,2026-02-21,CUS-02313,prd-0090,0.5,CARTON,452280,226140.0
ORD-2026-044814,2026-02-21,CUS-01727,prd-0090,0.17,CARTON,452280,76887.6
ORD-2026-044815,2026-02-21,CUS-01294,prd-0090,0.75,CARTON,452280,339210.0
ORD-2026-044824,2026-02-21,CUS-01452,prd-0102,14,EACH,17050,238700
ORD-2026-044837,2026-02-21,CUS-01410,prd-0147,0.38,CARTON,775920,294849.6
ORD-2026-044842,2026-02-21,CUS-01730,prd-0161,2,EACH,32640,65280
ORD-2026-044846,2026-02-22,CUS-00955,prd-0007,0.17,CARTON,204840,34822.8
ORD-2026-044856,2026-02-22,CUS-01405,prd-0067,0.17,CARTON,297120,50510.40000000001
ORD-2026-044862,2026-02-22,CUS-01451,prd-0091,1.58,CARTON,324120,512109.60000000003
ORD-2026-044867,2026-02-22,CUS-02223,prd-0117,0.19,CARTON,840960,159782.40000000002
ORD-2026-044871,2026-02-22,CUS-01597,prd-0151,1,EACH,42840,42840
ORD-2026-044875,2026-02-23,CUS-01244,prd-0004,0.17,CARTON,53880,9159.6
ORD-2026-044885,2026-02-23,CUS-00309,prd-0061,0.22,CARTON,816000,179520.0
ORD-2026-044890,2026-02-23,CUS-01230,prd-0073,1.7,CARTON,379300,644810.0
ORD-2026-044899,2026-02-23,CUS-00133,prd-0090,3.92,CARTON,452280,1772937.5999999999
ORD-2026-044910,2026-02-23,CUS-00664,prd-0100,0.17,CARTON,498720,84782.40000000001
ORD-2026-044918,2026-02-23,CUS-02066,prd-0121,1.33,CARTON,158580,210911.40000000002
ORD-2026-044922,2026-02-23,CUS-00367,prd-0125,0.1,CARTON,461400,46140.0
ORD-2026-044923,2026-02-23,CUS-00158,prd-0141,49,EACH,38600,1891400
ORD-2026-044927,2026-02-23,CUS-01699,prd-0150,0.5,CARTON,191400,95700.0
ORD-2026-044931,2026-02-23,CUS-01439,prd-0151,0.75,CARTON,171360,128520.0
ORD-2026-044936,2026-02-23,CUS-01715,prd-0153,0.1,CARTON,1162560,116256.0
ORD-2026-044937,2026-02-23,CUS-02284,prd-0161,6,EACH,32640,195840
ORD-2026-044939,2026-02-23,CUS-01852,prd-0163,15,EACH,27790,416850
ORD-2026-044944,2026-02-24,CUS-00402,prd-0002,4,EACH,5180,20720
ORD-2026-044950,2026-02-24,CUS-00150,prd-0037,1.04,CARTON,615600,640224.0
ORD-2026-044951,2026-02-24,CUS-01156,prd-0037,0.25,CARTON,615600,153900.0
ORD-2026-044952,2026-02-24,CUS-01810,prd-0039,0.12,CARTON,354480,42537.6
ORD-2026-044953,2026-02-24,CUS-01409,prd-0040,25,EACH,14100,352500
ORD-2026-044954,2026-02-24,CUS-02018,prd-0041,1.58,CARTON,81960,129496.79999999999
ORD-2026-044955,2026-02-24,CUS-00569,prd-0042,0.58,CARTON,314400,182351.99999999997
ORD-2026-044958,2026-02-24,CUS-00653,prd-0047,19,EACH,19060,362140
ORD-2026-044960,2026-02-24,CUS-02271,prd-0049,1.0,CARTON,181900,181900.0
ORD-2026-044963,2026-02-24,CUS-00744,prd-0057,0.7,CARTON,180400,126280.0
ORD-2026-044969,2026-02-24,CUS-01086,prd-0064,2.0,CARTON,145400,290800.0
ORD-2026-044990,2026-02-24,CUS-01611,prd-0090,0.92,CARTON,452280,416097.60000000003
ORD-2026-044998,2026-02-24,CUS-01885,prd-0108,0.33,CARTON,738000,243540.0
ORD-2026-045003,2026-02-24,CUS-01564,prd-0115,0.19,CARTON,1018080,193435.2
ORD-2026-045008,2026-02-24,CUS-01534,prd-0125,17,EACH,15380,261460
ORD-2026-045012,2026-02-24,CUS-01751,prd-0151,0.5,CARTON,171360,85680.0
ORD-2026-045015,2026-02-24,CUS-00157,prd-0153,0.15,CARTON,1162560,174384.0
ORD-2026-045020,2026-02-25,CUS-02348,prd-0013,0.17,CARTON,143640,24418.800000000003
ORD-2026-045021,2026-02-25,CUS-00826,prd-0018,0.67,CARTON,750840,503062.80000000005
ORD-2026-045023,2026-02-25,CUS-01098,prd-0025,0.25,CARTON,61080,15270.0
ORD-2026-045029,2026-02-25,CUS-02482,prd-0037,0.5,CARTON,615600,307800.0
ORD-2026-045044,2026-02-25,CUS-01598,prd-0068,3.0,CARTON,195840,587520.0
ORD-2026-045048,2026-02-25,CUS-01931,prd-0075,1.0,CARTON,204120,204120.0
ORD-2026-045051,2026-02-25,CUS-00949,prd-0080,0.75,CARTON,286800,215100.0
ORD-2026-045052,2026-02-25,CUS-00817,prd-0083,0.54,CARTON,568560,307022.4
ORD-2026-045064,2026-02-25,CUS-00266,prd-0100,0.21,CARTON,498720,104731.20000000001
ORD-2026-045081,2026-02-25,CUS-00952,prd-0151,9,EACH,42840,385560
ORD-2026-045083,2026-02-25,CUS-02192,prd-0161,0.15,CARTON,1566720,235008.0
ORD-2026-045084,2026-02-25,CUS-01775,prd-0161,0.02,CARTON,1566720,31334.4
ORD-2026-045087,2026-02-25,CUS-01716,prd-0165,0.08,CARTON,1122240,89779.20000000001
ORD-2026-045104,2026-02-26,CUS-00179,prd-0050,3,EACH,5420,16260
ORD-2026-045114,2026-02-26,CUS-02170,prd-0074,14,EACH,38390,537460
ORD-2026-045115,2026-02-26,CUS-02236,prd-0078,7,EACH,33720,236040
ORD-2026-045117,2026-02-26,CUS-01529,prd-0082,10,EACH,30730,307300
ORD-2026-045132,2026-02-26,CUS-00413,prd-0093,0.08,CARTON,276960,22156.800000000003
ORD-2026-045137,2026-02-26,CUS-00063,prd-0108,4,EACH,30750,123000
ORD-2026-045142,2026-02-26,CUS-01069,prd-0123,0.12,CARTON,345840,41500.8
ORD-2026-045150,2026-02-26,CUS-00461,prd-0132,0.06,CARTON,1380960,82857.59999999999
ORD-2026-045157,2026-02-26,CUS-01175,prd-0145,0.04,CARTON,763200,30528.0
ORD-2026-045187,2026-02-27,CUS-00439,prd-0051,5,EACH,43070,215350
ORD-2026-045198,2026-02-27,CUS-02013,prd-0085,15,EACH,32580,488700
ORD-2026-045204,2026-02-27,CUS-01575,prd-0090,0.42,CARTON,452280,189957.59999999998
ORD-2026-045212,2026-02-27,CUS-01141,prd-0100,0.04,CARTON,498720,19948.800000000003
ORD-2026-045216,2026-02-27,CUS-00495,prd-0121,1.33,CARTON,158580,210911.40000000002
ORD-2026-045228,2026-02-27,CUS-00721,prd-0142,0.92,CARTON,624360,574411.2
ORD-2026-045229,2026-02-27,CUS-00425,prd-0144,8,EACH,31990,255920
ORD-2026-045231,2026-02-27,CUS-01469,prd-0151,4.25,CARTON,171360,728280.0
ORD-2026-045233,2026-02-27,CUS-02467,prd-0156,0.33,CARTON,702840,231937.2
ORD-2026-045252,2026-02-28,CUS-01836,prd-0057,1.0,CARTON,180400,180400.0
ORD-2026-045268,2026-02-28,CUS-01046,prd-0090,5,EACH,37690,188450
ORD-2026-045279,2026-02-28,CUS-00446,prd-0121,2.17,CARTON,158580,344118.6
ORD-2026-045301,2026-02-28,CUS-00555,prd-0164,0.12,CARTON,478080,57369.600000000006
ORD-2026-045308,2026-03-01,CUS-01532,prd-0082,0.83,CARTON,368760,306070.8
ORD-2026-045315,2026-03-01,CUS-00187,prd-0125,0.07,CARTON,461400,32298.000000000004
ORD-2026-045320,2026-03-01,CUS-01336,prd-0165,0.27,CARTON,1122240,303004.80000000005
ORD-2026-045328,2026-03-02,CUS-02482,prd-0016,7,EACH,42680,298760
ORD-2026-045329,2026-03-02,CUS-02484,prd-0017,0.25,CARTON,476160,119040.0
ORD-2026-045331,2026-03-02,CUS-02051,prd-0018,0.08,CARTON,750840,60067.200000000004
ORD-2026-045338,2026-03-02,CUS-01455,prd-0037,2,EACH,25650,51300
ORD-2026-045342,2026-03-02,CUS-00594,prd-0048,4.2,CARTON,84350,354270.0
ORD-2026-045350,2026-03-02,CUS-00128,prd-0067,2,EACH,12380,24760
ORD-2026-045366,2026-03-02,CUS-00265,prd-0100,3,EACH,20780,62340
ORD-2026-045380,2026-03-02,CUS-00263,prd-0137,6,EACH,27650,165900
ORD-2026-045393,2026-03-02,CUS-00366,prd-0160,0.08,CARTON,1581120,126489.6
ORD-2026-045398,2026-03-02,CUS-01227,prd-0164,0.17,CARTON,478080,81273.6
ORD-2026-045403,2026-03-03,CUS-02111,prd-0011,0.54,CARTON,412080,222523.2
ORD-2026-045405,2026-03-03,CUS-01282,prd-0019,0.06,CARTON,1499520,89971.2
ORD-2026-045408,2026-03-03,CUS-02077,prd-0024,0.17,CARTON,58800,9996.000000000002
ORD-2026-045409,2026-03-03,CUS-00241,prd-0028,4,EACH,4910,19640
ORD-2026-045416,2026-03-03,CUS-00449,prd-0057,1,EACH,18040,18040
ORD-2026-045432,2026-03-03,CUS-00290,prd-0084,0.96,CARTON,666240,639590.3999999999
ORD-2026-045433,2026-03-03,CUS-01955,prd-0085,0.17,CARTON,781920,132926.40000000002
ORD-2026-045460,2026-03-03,CUS-00546,prd-0125,0.37,CARTON,461400,170718.0
ORD-2026-045465,2026-03-03,CUS-01675,prd-0130,11,EACH,13600,149600
ORD-2026-045470,2026-03-03,CUS-01662,prd-0142,2.17,CARTON,624360,1354861.2
ORD-2026-045477,2026-03-03,CUS-02448,prd-0151,2.5,CARTON,171360,428400.0
ORD-2026-045484,2026-03-03,CUS-00721,prd-0161,1,EACH,32640,32640
ORD-2026-045485,2026-03-03,CUS-02166,prd-0161,5,EACH,32640,163200
ORD-2026-045495,2026-03-04,CUS-02058,prd-0012,0.42,CARTON,441840,185572.8
ORD-2026-045497,2026-03-04,CUS-00173,prd-0018,0.33,CARTON,750840,247777.2
ORD-2026-045501,2026-03-04,CUS-01404,prd-0023,1.67,CARTON,203280,339477.6
ORD-2026-045509,2026-03-04,CUS-00111,prd-0057,0.9,CARTON,180400,162360.0
ORD-2026-045514,2026-03-04,CUS-00829,prd-0074,0.4,CARTON,383900,153560.0
ORD-2026-045515,2026-03-04,CUS-00474,prd-0076,2.0,CARTON,336600,673200.0
ORD-2026-045516,2026-03-04,CUS-00352,prd-0079,0.1,CARTON,468700,46870.0
ORD-2026-045525,2026-03-04,CUS-00935,prd-0090,4,EACH,37690,150760
ORD-2026-045526,2026-03-04,CUS-00551,prd-0090,0.67,CARTON,452280,303027.60000000003
ORD-2026-045547,2026-03-04,CUS-02256,prd-0125,0.47,CARTON,461400,216857.99999999997
ORD-2026-045551,2026-03-04,CUS-01742,prd-0128,9,EACH,20590,185310
ORD-2026-045566,2026-03-04,CUS-00961,prd-0151,59,EACH,42840,2527560
ORD-2026-045569,2026-03-04,CUS-01634,prd-0153,0.08,CARTON,1162560,93004.8
ORD-2026-045577,2026-03-05,CUS-00145,prd-0002,11,EACH,5180,56980
ORD-2026-045581,2026-03-05,CUS-02208,prd-0005,0.58,CARTON,37320,21645.6
ORD-2026-045587,2026-03-05,CUS-00655,prd-0016,0.75,CARTON,512160,384120.0
ORD-2026-045590,2026-03-05,CUS-00639,prd-0031,0.25,CARTON,879840,219960.0
ORD-2026-045600,2026-03-05,CUS-01145,prd-0060,4,EACH,57540,230160
ORD-2026-045601,2026-03-05,CUS-01307,prd-0077,4,EACH,31120,124480
ORD-2026-045605,2026-03-05,CUS-00653,prd-0086,0.75,CARTON,338160,253620.0
ORD-2026-045613,2026-03-05,CUS-00064,prd-0098,11,EACH,15320,168520
ORD-2026-045624,2026-03-05,CUS-01957,prd-0111,0.23,CARTON,587520,135129.6
ORD-2026-045625,2026-03-05,CUS-01837,prd-0118,0.25,CARTON,277320,69330.0
ORD-2026-045628,2026-03-05,CUS-01411,prd-0122,0.46,CARTON,459360,211305.59999999998
ORD-2026-045630,2026-03-05,CUS-00071,prd-0128,1.83,CARTON,123540,226078.2
ORD-2026-045651,2026-03-05,CUS-01026,prd-0165,0.38,CARTON,1122240,426451.19999999995
ORD-2026-045653,2026-03-06,CUS-00136,prd-0004,0.5,CARTON,53880,26940.0
ORD-2026-045655,2026-03-06,CUS-01250,prd-0005,16,EACH,3110,49760
ORD-2026-045658,2026-03-06,CUS-01536,prd-0016,0.08,CARTON,512160,40972.8
ORD-2026-045659,2026-03-06,CUS-01501,prd-0018,7,EACH,62570,437990
ORD-2026-045660,2026-03-06,CUS-00069,prd-0019,0.04,CARTON,1499520,59980.8
ORD-2026-045664,2026-03-06,CUS-02076,prd-0024,0.67,CARTON,58800,39396.0
ORD-2026-045700,2026-03-06,CUS-00795,prd-0090,0.33,CARTON,452280,149252.40000000002
ORD-2026-045701,2026-03-06,CUS-00797,prd-0090,0.58,CARTON,452280,262322.39999999997
ORD-2026-045706,2026-03-06,CUS-00639,prd-0091,1.33,CARTON,324120,431079.60000000003
ORD-2026-045718,2026-03-06,CUS-00961,prd-0111,0.19,CARTON,587520,111628.79999999999
ORD-2026-045723,2026-03-06,CUS-00685,prd-0124,0.1,CARTON,421920,42192.0
ORD-2026-045724,2026-03-06,CUS-01869,prd-0125,18,EACH,15380,276840
ORD-2026-045732,2026-03-06,CUS-00769,prd-0151,2.0,CARTON,171360,342720.0
ORD-2026-045744,2026-03-07,CUS-00784,prd-0003,0.08,CARTON,58080,4646.4
ORD-2026-045762,2026-03-07,CUS-01685,prd-0077,1.17,CARTON,186720,218462.39999999997
ORD-2026-045765,2026-03-07,CUS-01458,prd-0080,0.42,CARTON,286800,120456.0
ORD-2026-045769,2026-03-07,CUS-00638,prd-0094,1.0,CARTON,268320,268320.0
ORD-2026-045770,2026-03-07,CUS-00077,prd-0097,0.42,CARTON,261360,109771.20000000001
ORD-2026-045778,2026-03-07,CUS-02362,prd-0114,0.75,CARTON,188760,141570.0
ORD-2026-045781,2026-03-07,CUS-00776,prd-0118,3.33,CARTON,277320,923475.6000000001
ORD-2026-045790,2026-03-07,CUS-02117,prd-0151,4,EACH,42840,171360
ORD-2026-045793,2026-03-07,CUS-00633,prd-0161,23,EACH,32640,750720
ORD-2026-045812,2026-03-08,CUS-00874,prd-0088,0.12,CARTON,611600,73392.0
ORD-2026-045840,2026-03-09,CUS-01905,prd-0039,2.04,CARTON,354480,723139.2
ORD-2026-045854,2026-03-09,CUS-00206,prd-0068,0.92,CARTON,195840,180172.80000000002
ORD-2026-045856,2026-03-09,CUS-01445,prd-0077,4.67,CARTON,186720,871982.3999999999
ORD-2026-045870,2026-03-09,CUS-00108,prd-0094,6,EACH,22360,134160
ORD-2026-045872,2026-03-09,CUS-01011,prd-0102,1.33,CARTON,204600,272118.0
ORD-2026-045873,2026-03-09,CUS-00662,prd-0105,0.58,CARTON,492720,285777.6
ORD-2026-045874,2026-03-09,CUS-01846,prd-0108,11,EACH,30750,338250
ORD-2026-045875,2026-03-09,CUS-00203,prd-0109,0.92,CARTON,368400,338928.0
ORD-2026-045876,2026-03-09,CUS-00629,prd-0109,6,EACH,30700,184200
ORD-2026-045909,2026-03-10,CUS-01572,prd-0011,7,EACH,17170,120190
ORD-2026-045926,2026-03-10,CUS-00843,prd-0074,1.5,CARTON,383900,575850.0
ORD-2026-045944,2026-03-10,CUS-02347,prd-0090,1.08,CARTON,452280,488462.4
ORD-2026-045945,2026-03-10,CUS-02375,prd-0090,6,EACH,37690,226140
ORD-2026-045946,2026-03-10,CUS-01547,prd-0090,1.08,CARTON,452280,488462.4
ORD-2026-045950,2026-03-10,CUS-00452,prd-0098,2.17,CARTON,183840,398932.80000000005
ORD-2026-045957,2026-03-10,CUS-00059,prd-0116,12,EACH,17680,212160
ORD-2026-045970,2026-03-10,CUS-01927,prd-0148,0.25,CARTON,654480,163620.0
ORD-2026-045974,2026-03-10,CUS-02160,prd-0153,0.31,CARTON,1162560,360393.6
ORD-2026-045975,2026-03-10,CUS-01994,prd-0159,7,EACH,25840,180880
ORD-2026-045981,2026-03-10,CUS-02096,prd-0162,4,EACH,28900,115600
ORD-2026-045990,2026-03-11,CUS-00302,prd-0028,0.42,CARTON,58920,24746.399999999998
ORD-2026-045996,2026-03-11,CUS-00718,prd-0051,1.0,CARTON,172280,172280.0
ORD-2026-046002,2026-03-11,CUS-00173,prd-0065,0.75,CARTON,408000,306000.0
ORD-2026-046004,2026-03-11,CUS-00542,prd-0067,0.25,CARTON,297120,74280.0
ORD-2026-046007,2026-03-11,CUS-02196,prd-0076,0.17,CARTON,336600,57222.0
ORD-2026-046011,2026-03-11,CUS-01624,prd-0083,18,EACH,23690,426420
ORD-2026-046013,2026-03-11,CUS-01999,prd-0084,0.38,CARTON,666240,253171.19999999998
ORD-2026-046023,2026-03-11,CUS-00659,prd-0108,19,EACH,30750,584250
ORD-2026-046031,2026-03-11,CUS-02271,prd-0123,0.67,CARTON,345840,231712.80000000002
ORD-2026-046033,2026-03-11,CUS-01339,prd-0130,0.33,CARTON,326400,107712.0
ORD-2026-046038,2026-03-11,CUS-02333,prd-0143,1.67,CARTON,583680,974745.6000000001
ORD-2026-046055,2026-03-11,CUS-01366,prd-0161,0.12,CARTON,1566720,188006.4
ORD-2026-046065,2026-03-12,CUS-01326,prd-0031,0.46,CARTON,879840,404726.4
ORD-2026-046074,2026-03-12,CUS-00785,prd-0057,9,EACH,18040,162360
ORD-2026-046075,2026-03-12,CUS-02414,prd-0057,1.5,CARTON,180400,270600.0
ORD-2026-046077,2026-03-12,CUS-01684,prd-0070,0.2,CARTON,192400,38480.0
ORD-2026-046078,2026-03-12,CUS-01345,prd-0074,0.5,CARTON,383900,191950.0
ORD-2026-046083,2026-03-12,CUS-02209,prd-0083,3,EACH,23690,71070
ORD-2026-046107,2026-03-12,CUS-01517,prd-0111,0.08,CARTON,587520,47001.600000000006
ORD-2026-046113,2026-03-12,CUS-01545,prd-0135,0.29,CARTON,1579200,457968.0
ORD-2026-046128,2026-03-12,CUS-01428,prd-0155,0.5,CARTON,790560,395280.0
ORD-2026-046129,2026-03-12,CUS-00685,prd-0161,0.27,CARTON,1566720,423014.4
ORD-2026-046138,2026-03-13,CUS-00077,prd-0004,1.5,CARTON,53880,80820.0
ORD-2026-046140,2026-03-13,CUS-00087,prd-0005,14,EACH,3110,43540
ORD-2026-046147,2026-03-13,CUS-01333,prd-0020,0.46,CARTON,1402080,644956.8
ORD-2026-046149,2026-03-13,CUS-00834,prd-0023,0.67,CARTON,203280,136197.6
ORD-2026-046179,2026-03-13,CUS-02448,prd-0090,4,EACH,37690,150760
ORD-2026-046180,2026-03-13,CUS-01945,prd-0090,0.42,CARTON,452280,189957.59999999998
ORD-2026-046185,2026-03-13,CUS-01908,prd-0098,0.17,CARTON,183840,31252.800000000003
ORD-2026-046186,2026-03-13,CUS-02277,prd-0105,0.33,CARTON,492720,162597.6
ORD-2026-046187,2026-03-13,CUS-00254,prd-0107,0.5,CARTON,475080,237540.0
ORD-2026-046195,2026-03-13,CUS-01562,prd-0125,0.33,CARTON,461400,152262.00000000003
ORD-2026-046209,2026-03-13,CUS-01676,prd-0153,0.62,CARTON,1162560,720787.2
ORD-2026-046221,2026-03-14,CUS-01030,prd-0007,0.33,CARTON,204840,67597.20000000001
ORD-2026-046228,2026-03-14,CUS-01888,prd-0046,0.3,CARTON,347200,104160.0
ORD-2026-046232,2026-03-14,CUS-00145,prd-0057,1.3,CARTON,180400,234520.0
ORD-2026-046245,2026-03-14,CUS-00210,prd-0090,1.42,CARTON,452280,642237.6
ORD-2026-046246,2026-03-14,CUS-01094,prd-0090,1,EACH,37690,37690
ORD-2026-046251,2026-03-14,CUS-02412,prd-0098,0.17,CARTON,183840,31252.800000000003
ORD-2026-046261,2026-03-14,CUS-02495,prd-0136,0.42,CARTON,2637600,1107792.0
ORD-2026-046266,2026-03-14,CUS-00123,prd-0151,3.0,CARTON,171360,514080.0
ORD-2026-046276,2026-03-14,CUS-01997,prd-0166,0.08,CARTON,1231200,98496.0
ORD-2026-046283,2026-03-15,CUS-00994,prd-0061,4,EACH,16320,65280
ORD-2026-046298,2026-03-15,CUS-00899,prd-0118,0.08,CARTON,277320,22185.6
ORD-2026-046303,2026-03-15,CUS-01232,prd-0151,4,EACH,42840,171360
ORD-2026-046305,2026-03-15,CUS-02209,prd-0156,0.5,CARTON,702840,351420.0
ORD-2026-046311,2026-03-16,CUS-01819,prd-0007,0.17,CARTON,204840,34822.8
ORD-2026-046313,2026-03-16,CUS-01843,prd-0018,0.67,CARTON,750840,503062.80000000005
ORD-2026-046325,2026-03-16,CUS-01837,prd-0057,3,EACH,18040,54120
ORD-2026-046337,2026-03-16,CUS-01211,prd-0080,21,EACH,23900,501900
ORD-2026-046347,2026-03-16,CUS-00363,prd-0090,11,EACH,37690,414590
ORD-2026-046348,2026-03-16,CUS-01207,prd-0090,1,EACH,37690,37690
ORD-2026-046358,2026-03-16,CUS-01943,prd-0100,5,EACH,20780,103900
ORD-2026-046366,2026-03-16,CUS-01895,prd-0121,0.5,CARTON,158580,79290.0
ORD-2026-046369,2026-03-16,CUS-01569,prd-0125,0.1,CARTON,461400,46140.0
ORD-2026-046376,2026-03-16,CUS-00676,prd-0136,14,EACH,54950,769300
ORD-2026-046381,2026-03-16,CUS-00989,prd-0139,4,EACH,33360,133440
ORD-2026-046394,2026-03-16,CUS-02340,prd-0161,0.06,CARTON,1566720,94003.2
ORD-2026-046398,2026-03-16,CUS-00653,prd-0165,0.06,CARTON,1122240,67334.4
ORD-2026-046423,2026-03-17,CUS-00200,prd-0075,1.17,CARTON,204120,238820.39999999997
ORD-2026-046424,2026-03-17,CUS-01398,prd-0076,10,EACH,28050,280500
ORD-2026-046428,2026-03-17,CUS-02079,prd-0078,0.25,CARTON,404640,101160.0
ORD-2026-046430,2026-03-17,CUS-02069,prd-0085,0.08,CARTON,781920,62553.600000000006
ORD-2026-046450,2026-03-17,CUS-02467,prd-0108,0.12,CARTON,738000,88560.0
ORD-2026-046476,2026-03-17,CUS-00413,prd-0151,4,EACH,42840,171360
ORD-2026-046482,2026-03-17,CUS-00560,prd-0160,9,EACH,32940,296460
ORD-2026-046487,2026-03-17,CUS-00522,prd-0161,5,EACH,32640,163200
ORD-2026-046488,2026-03-17,CUS-00561,prd-0161,21,EACH,32640,685440
ORD-2026-046493,2026-03-18,CUS-02285,prd-0004,0.33,CARTON,53880,17780.4
ORD-2026-046496,2026-03-18,CUS-02056,prd-0016,0.67,CARTON,512160,343147.2
ORD-2026-046497,2026-03-18,CUS-02488,prd-0026,0.25,CARTON,49800,12450.0
ORD-2026-046498,2026-03-18,CUS-00062,prd-0029,1,EACH,11070,11070
ORD-2026-046502,2026-03-18,CUS-02263,prd-0037,0.71,CARTON,615600,437076.0
ORD-2026-046503,2026-03-18,CUS-00581,prd-0039,8,EACH,14770,118160
ORD-2026-046535,2026-03-18,CUS-00360,prd-0098,3,EACH,15320,45960
ORD-2026-046538,2026-03-18,CUS-02016,prd-0100,16,EACH,20780,332480
ORD-2026-046543,2026-03-18,CUS-00576,prd-0118,2,EACH,23110,46220
ORD-2026-046556,2026-03-18,CUS-01027,prd-0140,0.1,CARTON,1331520,133152.0
ORD-2026-046579,2026-03-19,CUS-00824,prd-0011,7,EACH,17170,120190
ORD-2026-046581,2026-03-19,CUS-01810,prd-0013,0.5,CARTON,143640,71820.0
ORD-2026-046585,2026-03-19,CUS-01312,prd-0023,1.67,CARTON,203280,339477.6
ORD-2026-046589,2026-03-19,CUS-01982,prd-0026,1.08,CARTON,49800,53784.0
ORD-2026-046595,2026-03-19,CUS-00312,prd-0046,0.15,CARTON,347200,52080.0
ORD-2026-046596,2026-03-19,CUS-02322,prd-0051,3.75,CARTON,172280,646050.0
ORD-2026-046599,2026-03-19,CUS-01274,prd-0062,2,EACH,17890,35780
ORD-2026-046607,2026-03-19,CUS-01458,prd-0090,0.25,CARTON,452280,113070.0
ORD-2026-046623,2026-03-19,CUS-02077,prd-0124,17,EACH,8790,149430
ORD-2026-046630,2026-03-19,CUS-02157,prd-0135,0.06,CARTON,1579200,94752.0
ORD-2026-046638,2026-03-19,CUS-01601,prd-0151,2.75,CARTON,171360,471240.0
ORD-2026-046639,2026-03-19,CUS-01317,prd-0151,41,EACH,42840,1756440
ORD-2026-046647,2026-03-19,CUS-01810,prd-0161,10,EACH,32640,326400
ORD-2026-046654,2026-03-19,CUS-00776,prd-0166,14,EACH,25650,359100
ORD-2026-046658,2026-03-20,CUS-01798,prd-0005,0.33,CARTON,37320,12315.599999999999
ORD-2026-046674,2026-03-20,CUS-02309,prd-0057,15,EACH,18040,270600
ORD-2026-046693,2026-03-20,CUS-00242,prd-0090,0.42,CARTON,452280,189957.59999999998
ORD-2026-046706,2026-03-20,CUS-02396,prd-0125,0.87,CARTON,461400,401418.0
ORD-2026-046709,2026-03-20,CUS-02096,prd-0135,0.33,CARTON,1579200,521136.0
ORD-2026-046717,2026-03-20,CUS-02413,prd-0151,0.5,CARTON,171360,85680.0
ORD-2026-046718,2026-03-20,CUS-02256,prd-0151,19,EACH,42840,813960
ORD-2026-046721,2026-03-20,CUS-00752,prd-0156,5,EACH,58570,292850
ORD-2026-046723,2026-03-20,CUS-01967,prd-0160,0.06,CARTON,1581120,94867.2
ORD-2026-046726,2026-03-20,CUS-01503,prd-0161,0.27,CARTON,1566720,423014.4
ORD-2026-046743,2026-03-21,CUS-01571,prd-0041,0.58,CARTON,81960,47536.799999999996
ORD-2026-046755,2026-03-21,CUS-02238,prd-0090,0.83,CARTON,452280,375392.39999999997
ORD-2026-046756,2026-03-21,CUS-01241,prd-0090,11,EACH,37690,414590
ORD-2026-046761,2026-03-21,CUS-02371,prd-0100,0.25,CARTON,498720,124680.0
ORD-2026-046763,2026-03-21,CUS-02338,prd-0108,0.46,CARTON,738000,339480.0
ORD-2026-046766,2026-03-21,CUS-02467,prd-0118,7,EACH,23110,161770
ORD-2026-046767,2026-03-21,CUS-00730,prd-0118,1.25,CARTON,277320,346650.0
ORD-2026-046768,2026-03-21,CUS-00742,prd-0120,18,EACH,14740,265320
ORD-2026-046785,2026-03-21,CUS-01548,prd-0161,0.08,CARTON,1566720,125337.6
ORD-2026-046786,2026-03-21,CUS-01819,prd-0166,16,EACH,25650,410400
ORD-2026-046787,2026-03-21,CUS-00955,prd-0166,0.1,CARTON,1231200,123120.0
ORD-2026-046800,2026-03-22,CUS-02495,prd-0111,0.08,CARTON,587520,47001.600000000006
ORD-2026-046803,2026-03-22,CUS-01661,prd-0135,4,EACH,32900,131600
ORD-2026-046808,2026-03-22,CUS-00254,prd-0157,0.25,CARTON,297720,74430.0
ORD-2026-046810,2026-03-22,CUS-01673,prd-0165,0.06,CARTON,1122240,67334.4
ORD-2026-046821,2026-03-23,CUS-01847,prd-0018,1.67,CARTON,750840,1253902.7999999998
ORD-2026-046833,2026-03-23,CUS-00266,prd-0065,0.33,CARTON,408000,134640.0
ORD-2026-046838,2026-03-23,CUS-00385,prd-0078,12,EACH,33720,404640
ORD-2026-046858,2026-03-23,CUS-02473,prd-0100,0.12,CARTON,498720,59846.399999999994
ORD-2026-046859,2026-03-23,CUS-00967,prd-0102,0.33,CARTON,204600,67518.0
ORD-2026-046865,2026-03-23,CUS-01098,prd-0118,1.33,CARTON,277320,368835.60000000003
ORD-2026-046867,2026-03-23,CUS-00235,prd-0121,0.5,CARTON,158580,79290.0
ORD-2026-046875,2026-03-23,CUS-01141,prd-0141,5,EACH,38600,193000
ORD-2026-046884,2026-03-23,CUS-01905,prd-0156,0.92,CARTON,702840,646612.8
ORD-2026-046891,2026-03-23,CUS-01770,prd-0165,13,EACH,23380,303940
ORD-2026-046899,2026-03-24,CUS-01598,prd-0009,1.25,CARTON,220680,275850.0
ORD-2026-046905,2026-03-24,CUS-01233,prd-0035,1.42,CARTON,163920,232766.40000000002
ORD-2026-046907,2026-03-24,CUS-00824,prd-0039,0.46,CARTON,354480,163060.80000000002
ORD-2026-046912,2026-03-24,CUS-00249,prd-0057,12,EACH,18040,216480
ORD-2026-046942,2026-03-24,CUS-00998,prd-0117,11,EACH,17520,192720
ORD-2026-046946,2026-03-24,CUS-01963,prd-0122,0.25,CARTON,459360,114840.0
ORD-2026-046952,2026-03-24,CUS-01927,prd-0142,1.25,CARTON,624360,780450.0
ORD-2026-046978,2026-03-25,CUS-00302,prd-0037,0.83,CARTON,615600,510948.0
ORD-2026-047003,2026-03-25,CUS-02013,prd-0085,0.25,CARTON,781920,195480.0
ORD-2026-047004,2026-03-25,CUS-01258,prd-0085,0.17,CARTON,781920,132926.40000000002
ORD-2026-047008,2026-03-25,CUS-02319,prd-0090,0.33,CARTON,452280,149252.40000000002
ORD-2026-047009,2026-03-25,CUS-02458,prd-0090,0.83,CARTON,452280,375392.39999999997
ORD-2026-047018,2026-03-25,CUS-00304,prd-0100,0.58,CARTON,498720,289257.6
ORD-2026-047019,2026-03-25,CUS-00447,prd-0100,0.33,CARTON,498720,164577.6
ORD-2026-047030,2026-03-25,CUS-02226,prd-0125,0.4,CARTON,461400,184560.0
ORD-2026-047038,2026-03-25,CUS-01250,prd-0141,6,EACH,38600,231600
ORD-2026-047040,2026-03-25,CUS-02017,prd-0144,0.5,CARTON,383880,191940.0
ORD-2026-047043,2026-03-25,CUS-01738,prd-0151,1.25,CARTON,171360,214200.0
ORD-2026-047062,2026-03-26,CUS-02168,prd-0016,0.42,CARTON,512160,215107.19999999998
ORD-2026-047066,2026-03-26,CUS-02039,prd-0035,0.5,CARTON,163920,81960.0
ORD-2026-047067,2026-03-26,CUS-00500,prd-0060,3,EACH,57540,172620
ORD-2026-047072,2026-03-26,CUS-01094,prd-0077,8,EACH,31120,248960
ORD-2026-047076,2026-03-26,CUS-01664,prd-0085,7,EACH,32580,228060
ORD-2026-047091,2026-03-26,CUS-01026,prd-0118,0.17,CARTON,277320,47144.4
ORD-2026-047093,2026-03-26,CUS-01192,prd-0119,1.17,CARTON,263400,308178.0
ORD-2026-047095,2026-03-26,CUS-00391,prd-0124,0.17,CARTON,421920,71726.40000000001
ORD-2026-047097,2026-03-26,CUS-00077,prd-0125,14,EACH,15380,215320
ORD-2026-047104,2026-03-26,CUS-00195,prd-0142,0.33,CARTON,624360,206038.80000000002
ORD-2026-047109,2026-03-26,CUS-01919,prd-0151,3,EACH,42840,128520
ORD-2026-047110,2026-03-26,CUS-00095,prd-0151,4,EACH,42840,171360
ORD-2026-047125,2026-03-27,CUS-02028,prd-0018,0.83,CARTON,750840,623197.2
ORD-2026-047136,2026-03-27,CUS-01292,prd-0056,9,EACH,25020,225180
ORD-2026-047137,2026-03-27,CUS-01379,prd-0057,2,EACH,18040,36080
ORD-2026-047142,2026-03-27,CUS-00655,prd-0073,1.1,CARTON,379300,417230.0
ORD-2026-047144,2026-03-27,CUS-00989,prd-0085,2,EACH,32580,65160
ORD-2026-047146,2026-03-27,CUS-01534,prd-0086,0.33,CARTON,338160,111592.79999999999
ORD-2026-047151,2026-03-27,CUS-00466,prd-0090,2,EACH,37690,75380
ORD-2026-047152,2026-03-27,CUS-01819,prd-0090,0.25,CARTON,452280,113070.0
ORD-2026-047160,2026-03-27,CUS-00721,prd-0098,24,EACH,15320,367680
ORD-2026-047186,2026-03-27,CUS-00098,prd-0147,0.17,CARTON,775920,131906.40000000002
ORD-2026-047190,2026-03-27,CUS-00854,prd-0151,10,EACH,42840,428400
ORD-2026-047191,2026-03-27,CUS-01940,prd-0151,0.5,CARTON,171360,85680.0
ORD-2026-047198,2026-03-27,CUS-02345,prd-0154,12,EACH,42470,509640
ORD-2026-047205,2026-03-27,CUS-01906,prd-0165,19,EACH,23380,444220
ORD-2026-047221,2026-03-28,CUS-02028,prd-0057,0.4,CARTON,180400,72160.0
ORD-2026-047226,2026-03-28,CUS-01045,prd-0074,2,EACH,38390,76780
ORD-2026-047228,2026-03-28,CUS-00125,prd-0076,0.75,CARTON,336600,252450.0
ORD-2026-047238,2026-03-28,CUS-00200,prd-0090,0.75,CARTON,452280,339210.0
ORD-2026-047240,2026-03-28,CUS-00081,prd-0098,2.0,CARTON,183840,367680.0
ORD-2026-047248,2026-03-28,CUS-01147,prd-0115,4,EACH,21210,84840
ORD-2026-047256,2026-03-28,CUS-00161,prd-0131,0.31,CARTON,1121040,347522.39999999997
ORD-2026-047269,2026-03-28,CUS-01994,prd-0151,0.5,CARTON,171360,85680.0
ORD-2026-047280,2026-03-29,CUS-01808,prd-0047,0.2,CARTON,190600,38120.0
ORD-2026-047282,2026-03-29,CUS-00925,prd-0048,1.8,CARTON,84350,151830.0
ORD-2026-047298,2026-03-30,CUS-00892,prd-0017,0.75,CARTON,476160,357120.0
ORD-2026-047306,2026-03-30,CUS-00803,prd-0057,1,EACH,18040,18040
ORD-2026-047317,2026-03-30,CUS-00160,prd-0093,0.83,CARTON,276960,229876.8
ORD-2026-047338,2026-03-30,CUS-00236,prd-0151,2.25,CARTON,171360,385560.0
ORD-2026-047354,2026-03-31,CUS-01519,prd-0018,1.0,CARTON,750840,750840.0
ORD-2026-047394,2026-03-31,CUS-01117,prd-0102,12,EACH,17050,204600
ORD-2026-047395,2026-03-31,CUS-02365,prd-0102,13,EACH,17050,221650
ORD-2026-047399,2026-03-31,CUS-02188,prd-0116,0.08,CARTON,636480,50918.4
ORD-2026-047413,2026-03-31,CUS-01940,prd-0139,12,EACH,33360,400320
ORD-2026-047419,2026-03-31,CUS-00470,prd-0151,3.0,CARTON,171360,514080.0
ORD-2026-047424,2026-03-31,CUS-02327,prd-0156,0.75,CARTON,702840,527130.0
ORD-2026-047431,2026-04-01,CUS-00844,prd-0004,8,EACH,4490,35920
ORD-2026-047443,2026-04-01,CUS-01017,prd-0051,14,EACH,43070,602980
ORD-2026-047446,2026-04-01,CUS-00393,prd-0057,2,EACH,18040,36080
ORD-2026-047450,2026-04-01,CUS-00107,prd-0061,7,EACH,16320,114240
ORD-2026-047456,2026-04-01,CUS-01054,prd-0068,0.42,CARTON,195840,82252.79999999999
ORD-2026-047463,2026-04-01,CUS-00993,prd-0077,8,EACH,31120,248960
ORD-2026-047464,2026-04-01,CUS-00576,prd-0081,21,EACH,42190,885990
ORD-2026-047467,2026-04-01,CUS-00194,prd-0086,0.5,CARTON,338160,169080.0
ORD-2026-047470,2026-04-01,CUS-00824,prd-0090,1.92,CARTON,452280,868377.6000000001
ORD-2026-047471,2026-04-01,CUS-01336,prd-0090,0.42,CARTON,452280,189957.59999999998
ORD-2026-047476,2026-04-01,CUS-01725,prd-0093,0.58,CARTON,276960,160636.8
ORD-2026-047481,2026-04-01,CUS-01414,prd-0117,0.06,CARTON,840960,50457.600000000006
ORD-2026-047490,2026-04-01,CUS-01308,prd-0125,24,EACH,15380,369120
ORD-2026-047491,2026-04-01,CUS-02106,prd-0125,0.27,CARTON,461400,124578.00000000001
ORD-2026-047495,2026-04-01,CUS-00769,prd-0135,0.19,CARTON,1579200,300048.0
ORD-2026-047501,2026-04-01,CUS-01484,prd-0142,22,EACH,52030,1144660
ORD-2026-047503,2026-04-01,CUS-02042,prd-0144,14,EACH,31990,447860
ORD-2026-047506,2026-04-01,CUS-01565,prd-0150,1.5,CARTON,191400,287100.0
ORD-2026-047508,2026-04-01,CUS-02155,prd-0151,7,EACH,42840,299880
ORD-2026-047509,2026-04-01,CUS-00601,prd-0151,2.25,CARTON,171360,385560.0
ORD-2026-047515,2026-04-01,CUS-00668,prd-0157,1,EACH,24810,24810
ORD-2026-047532,2026-04-02,CUS-00538,prd-0011,5,EACH,17170,85850
ORD-2026-047547,2026-04-02,CUS-00472,prd-0048,0.8,CARTON,84350,67480.0
ORD-2026-047548,2026-04-02,CUS-01834,prd-0054,0.15,CARTON,690400,103560.0
ORD-2026-047563,2026-04-02,CUS-01874,prd-0090,4,EACH,37690,150760
ORD-2026-047575,2026-04-02,CUS-01407,prd-0120,15,EACH,14740,221100
ORD-2026-047585,2026-04-02,CUS-00738,prd-0142,2.83,CARTON,624360,1766938.7999999998
ORD-2026-047595,2026-04-02,CUS-01028,prd-0160,0.06,CARTON,1581120,94867.2
ORD-2026-047600,2026-04-03,CUS-02255,prd-0004,0.33,CARTON,53880,17780.4
ORD-2026-047614,2026-04-03,CUS-00960,prd-0057,1.9,CARTON,180400,342760.0
ORD-2026-047615,2026-04-03,CUS-01854,prd-0060,0.02,CARTON,2877000,57540.0
ORD-2026-047617,2026-04-03,CUS-00999,prd-0065,0.58,CARTON,408000,236640.0
ORD-2026-047647,2026-04-03,CUS-00252,prd-0115,0.33,CARTON,1018080,335966.4
ORD-2026-047651,2026-04-03,CUS-01548,prd-0121,1.67,CARTON,158580,264828.6
ORD-2026-047660,2026-04-03,CUS-02499,prd-0134,0.11,CARTON,1258920,138481.19999999998
ORD-2026-047669,2026-04-03,CUS-00249,prd-0151,5,EACH,42840,214200
ORD-2026-047676,2026-04-03,CUS-00954,prd-0156,0.58,CARTON,702840,407647.19999999995
ORD-2026-047679,2026-04-03,CUS-02466,prd-0161,0.21,CARTON,1566720,329011.19999999995
ORD-2026-047686,2026-04-04,CUS-00425,prd-0020,9,EACH,29210,262890
ORD-2026-047692,2026-04-04,CUS-02492,prd-0039,0.12,CARTON,354480,42537.6
ORD-2026-047725,2026-04-04,CUS-01329,prd-0100,3,EACH,20780,62340
ORD-2026-047734,2026-04-04,CUS-00700,prd-0120,0.33,CARTON,353760,116740.79999999999
ORD-2026-047751,2026-04-04,CUS-01488,prd-0158,4,EACH,33720,134880
ORD-2026-047756,2026-04-05,CUS-00871,prd-0020,0.12,CARTON,1402080,168249.59999999998
ORD-2026-047758,2026-04-05,CUS-01614,prd-0037,0.71,CARTON,615600,437076.0
ORD-2026-047760,2026-04-05,CUS-02277,prd-0047,6,EACH,19060,114360
ORD-2026-047764,2026-04-05,CUS-01331,prd-0072,0.4,CARTON,426000,170400.0
ORD-2026-047770,2026-04-05,CUS-01903,prd-0090,3,EACH,37690,113070
ORD-2026-047780,2026-04-05,CUS-00431,prd-0151,2.75,CARTON,171360,471240.0
ORD-2026-047782,2026-04-05,CUS-00529,prd-0155,0.5,CARTON,790560,395280.0
ORD-2026-047789,2026-04-06,CUS-01241,prd-0018,13,EACH,62570,813410
ORD-2026-047791,2026-04-06,CUS-01447,prd-0020,2,EACH,29210,58420
ORD-2026-047796,2026-04-06,CUS-00557,prd-0035,5,EACH,13660,68300
ORD-2026-047797,2026-04-06,CUS-01807,prd-0039,0.21,CARTON,354480,74440.79999999999
ORD-2026-047801,2026-04-06,CUS-01711,prd-0051,6,EACH,43070,258420
ORD-2026-047803,2026-04-06,CUS-01128,prd-0062,0.18,CARTON,894500,161010.0
ORD-2026-047804,2026-04-06,CUS-02277,prd-0062,0.24,CARTON,894500,214679.99999999997
ORD-2026-047826,2026-04-06,CUS-01468,prd-0090,2,EACH,37690,75380
ORD-2026-047827,2026-04-06,CUS-01431,prd-0090,8,EACH,37690,301520
ORD-2026-047839,2026-04-06,CUS-00584,prd-0109,1.25,CARTON,368400,460500.0
ORD-2026-047844,2026-04-06,CUS-00622,prd-0128,12,EACH,20590,247080
ORD-2026-047851,2026-04-06,CUS-02437,prd-0151,13,EACH,42840,556920
ORD-2026-047852,2026-04-06,CUS-01509,prd-0151,2.0,CARTON,171360,342720.0
ORD-2026-047853,2026-04-06,CUS-00242,prd-0151,2.0,CARTON,171360,342720.0
ORD-2026-047854,2026-04-06,CUS-01336,prd-0151,2.0,CARTON,171360,342720.0
ORD-2026-047858,2026-04-06,CUS-00693,prd-0153,0.23,CARTON,1162560,267388.80000000005
ORD-2026-047862,2026-04-06,CUS-00824,prd-0156,0.17,CARTON,702840,119482.80000000002
ORD-2026-047864,2026-04-06,CUS-00343,prd-0160,23,EACH,32940,757620
ORD-2026-047866,2026-04-06,CUS-01103,prd-0161,0.12,CARTON,1566720,188006.4
ORD-2026-047870,2026-04-06,CUS-02477,prd-0166,0.29,CARTON,1231200,357047.99999999994
ORD-2026-047871,2026-04-06,CUS-00784,prd-0170,0.28,CARTON,625320,175089.6
ORD-2026-047875,2026-04-07,CUS-02297,prd-0008,8,EACH,16360,130880
ORD-2026-047888,2026-04-07,CUS-01282,prd-0037,10,EACH,25650,256500
ORD-2026-047895,2026-04-07,CUS-00062,prd-0054,0.15,CARTON,690400,103560.0
ORD-2026-047913,2026-04-07,CUS-01750,prd-0082,1.5,CARTON,368760,553140.0
ORD-2026-047919,2026-04-07,CUS-00725,prd-0086,0.58,CARTON,338160,196132.8
ORD-2026-047923,2026-04-07,CUS-01076,prd-0090,0.67,CARTON,452280,303027.60000000003
ORD-2026-047924,2026-04-07,CUS-01230,prd-0090,0.5,CARTON,452280,226140.0
ORD-2026-047930,2026-04-07,CUS-01699,prd-0098,0.33,CARTON,183840,60667.200000000004
ORD-2026-047944,2026-04-07,CUS-01513,prd-0127,1.25,CARTON,201120,251400.0
ORD-2026-047953,2026-04-07,CUS-01736,prd-0150,1.5,CARTON,191400,287100.0
ORD-2026-047960,2026-04-07,CUS-01411,prd-0151,5,EACH,42840,214200
ORD-2026-047970,2026-04-08,CUS-01521,prd-0008,0.25,CARTON,196320,49080.0
ORD-2026-047973,2026-04-08,CUS-02160,prd-0023,0.25,CARTON,203280,50820.0
ORD-2026-047974,2026-04-08,CUS-02056,prd-0023,1.25,CARTON,203280,254100.0
ORD-2026-047984,2026-04-08,CUS-01287,prd-0051,2.0,CARTON,172280,344560.0
ORD-2026-047986,2026-04-08,CUS-00214,prd-0062,0.48,CARTON,894500,429359.99999999994
ORD-2026-047988,2026-04-08,CUS-01905,prd-0070,0.3,CARTON,192400,57720.0
ORD-2026-047998,2026-04-08,CUS-00828,prd-0079,4,EACH,46870,187480
ORD-2026-048005,2026-04-08,CUS-02188,prd-0084,0.71,CARTON,666240,473030.39999999997
ORD-2026-048018,2026-04-08,CUS-00312,prd-0118,3.58,CARTON,277320,992805.6000000001
ORD-2026-048025,2026-04-08,CUS-01310,prd-0125,6,EACH,15380,92280
ORD-2026-048028,2026-04-08,CUS-01682,prd-0128,4,EACH,20590,82360
ORD-2026-048039,2026-04-08,CUS-02169,prd-0151,6,EACH,42840,257040
ORD-2026-048048,2026-04-09,CUS-00940,prd-0004,8,EACH,4490,35920
ORD-2026-048057,2026-04-09,CUS-00933,prd-0023,0.33,CARTON,203280,67082.4
ORD-2026-048059,2026-04-09,CUS-00690,prd-0030,0.5,CARTON,303000,151500.0
ORD-2026-048074,2026-04-09,CUS-02000,prd-0077,5,EACH,31120,155600
ORD-2026-048082,2026-04-09,CUS-00970,prd-0086,0.25,CARTON,338160,84540.0
ORD-2026-048105,2026-04-09,CUS-01432,prd-0125,0.17,CARTON,461400,78438.00000000001
ORD-2026-048107,2026-04-09,CUS-00364,prd-0126,7,EACH,29270,204890
ORD-2026-048110,2026-04-09,CUS-00653,prd-0137,2,EACH,27650,55300
ORD-2026-048124,2026-04-09,CUS-02018,prd-0161,13,EACH,32640,424320
ORD-2026-048127,2026-04-09,CUS-01463,prd-0170,9,EACH,17370,156330
ORD-2026-048131,2026-04-10,CUS-02289,prd-0011,0.71,CARTON,412080,292576.8
ORD-2026-048132,2026-04-10,CUS-00543,prd-0012,0.21,CARTON,441840,92786.4
ORD-2026-048145,2026-04-10,CUS-01808,prd-0051,3.75,CARTON,172280,646050.0
ORD-2026-048163,2026-04-10,CUS-00369,prd-0078,0.33,CARTON,404640,133531.2
ORD-2026-048170,2026-04-10,CUS-00158,prd-0090,5,EACH,37690,188450
ORD-2026-048171,2026-04-10,CUS-00315,prd-0090,0.75,CARTON,452280,339210.0
ORD-2026-048176,2026-04-10,CUS-01621,prd-0098,6,EACH,15320,91920
ORD-2026-048180,2026-04-10,CUS-00367,prd-0115,0.25,CARTON,1018080,254520.0
ORD-2026-048201,2026-04-10,CUS-01857,prd-0153,7,EACH,24220,169540
ORD-2026-048208,2026-04-10,CUS-00005,prd-0164,7,EACH,19920,139440
ORD-2026-048214,2026-04-11,CUS-02031,prd-0018,5,EACH,62570,312850
ORD-2026-048218,2026-04-11,CUS-01029,prd-0035,1.25,CARTON,163920,204900.0
ORD-2026-048223,2026-04-11,CUS-00693,prd-0046,0.5,CARTON,347200,173600.0
ORD-2026-048229,2026-04-11,CUS-01441,prd-0064,2.25,CARTON,145400,327150.0
ORD-2026-048233,2026-04-11,CUS-00556,prd-0081,0.3,CARTON,421900,126570.0
ORD-2026-048238,2026-04-11,CUS-01531,prd-0090,8,EACH,37690,301520
ORD-2026-048244,2026-04-11,CUS-01222,prd-0103,0.42,CARTON,461760,193939.19999999998
ORD-2026-048264,2026-04-12,CUS-01931,prd-0058,2,EACH,17980,35960
ORD-2026-048267,2026-04-12,CUS-01545,prd-0075,1.5,CARTON,204120,306180.0
ORD-2026-048268,2026-04-12,CUS-00697,prd-0077,2.17,CARTON,186720,405182.39999999997
ORD-2026-048269,2026-04-12,CUS-00385,prd-0079,0.4,CARTON,468700,187480.0
ORD-2026-048273,2026-04-12,CUS-00537,prd-0090,6,EACH,37690,226140
ORD-2026-048274,2026-04-12,CUS-02277,prd-0090,11,EACH,37690,414590
ORD-2026-048287,2026-04-13,CUS-00625,prd-0005,2.17,CARTON,37320,80984.4
ORD-2026-048296,2026-04-13,CUS-00160,prd-0024,5,EACH,9800,49000
ORD-2026-048302,2026-04-13,CUS-00931,prd-0051,7,EACH,43070,301490
ORD-2026-048313,2026-04-13,CUS-02350,prd-0072,0.1,CARTON,426000,42600.0
ORD-2026-048326,2026-04-13,CUS-02374,prd-0085,0.08,CARTON,781920,62553.600000000006
ORD-2026-048336,2026-04-13,CUS-00312,prd-0090,0.33,CARTON,452280,149252.40000000002
ORD-2026-048337,2026-04-13,CUS-00908,prd-0090,0.92,CARTON,452280,416097.60000000003
ORD-2026-048338,2026-04-13,CUS-00795,prd-0090,8,EACH,37690,301520
ORD-2026-048349,2026-04-13,CUS-02056,prd-0103,0.33,CARTON,461760,152380.80000000002
ORD-2026-048355,2026-04-13,CUS-02431,prd-0120,4,EACH,14740,58960
ORD-2026-048360,2026-04-13,CUS-00081,prd-0124,9,EACH,8790,79110
ORD-2026-048364,2026-04-13,CUS-02211,prd-0137,0.29,CARTON,1327200,384887.99999999994
ORD-2026-048367,2026-04-13,CUS-00872,prd-0142,0.83,CARTON,624360,518218.80000000005
ORD-2026-048368,2026-04-13,CUS-00718,prd-0142,1,EACH,52030,52030
ORD-2026-048369,2026-04-13,CUS-00407,prd-0144,0.25,CARTON,383880,95970.0
ORD-2026-048382,2026-04-13,CUS-01855,prd-0160,0.15,CARTON,1581120,237168.0
ORD-2026-048385,2026-04-13,CUS-00399,prd-0166,0.08,CARTON,1231200,98496.0
ORD-2026-048391,2026-04-14,CUS-01611,prd-0013,7,EACH,11970,83790
ORD-2026-048398,2026-04-14,CUS-01153,prd-0043,8,EACH,17760,142080
ORD-2026-048405,2026-04-14,CUS-00879,prd-0058,0.5,CARTON,179800,89900.0
ORD-2026-048407,2026-04-14,CUS-00314,prd-0060,0.24,CARTON,2877000,690480.0
ORD-2026-048417,2026-04-14,CUS-00633,prd-0083,0.29,CARTON,568560,164882.4
ORD-2026-048423,2026-04-14,CUS-01428,prd-0090,1.25,CARTON,452280,565350.0
ORD-2026-048429,2026-04-14,CUS-01643,prd-0100,0.79,CARTON,498720,393988.80000000005
ORD-2026-048432,2026-04-14,CUS-01540,prd-0107,0.08,CARTON,475080,38006.4
ORD-2026-048438,2026-04-14,CUS-00804,prd-0141,5,EACH,38600,193000
ORD-2026-048447,2026-04-14,CUS-01451,prd-0154,8,EACH,42470,339760
ORD-2026-048452,2026-04-14,CUS-02298,prd-0160,0.29,CARTON,1581120,458524.79999999993
ORD-2026-048464,2026-04-15,CUS-01901,prd-0016,1.25,CARTON,512160,640200.0
ORD-2026-048477,2026-04-15,CUS-00578,prd-0062,6,EACH,17890,107340
ORD-2026-048501,2026-04-15,CUS-02018,prd-0121,2.0,CARTON,158580,317160.0
ORD-2026-048507,2026-04-15,CUS-01895,prd-0125,0.83,CARTON,461400,382962.0
ORD-2026-048508,2026-04-15,CUS-00817,prd-0125,0.13,CARTON,461400,59982.0
ORD-2026-048511,2026-04-15,CUS-01330,prd-0143,20,EACH,48640,972800
ORD-2026-048523,2026-04-15,CUS-01985,prd-0157,5,EACH,24810,124050
ORD-2026-048525,2026-04-15,CUS-00880,prd-0160,0.17,CARTON,1581120,268790.4
ORD-2026-048526,2026-04-15,CUS-02305,prd-0160,0.15,CARTON,1581120,237168.0
ORD-2026-048542,2026-04-16,CUS-01555,prd-0030,1.0,CARTON,303000,303000.0
ORD-2026-048545,2026-04-16,CUS-02377,prd-0045,2.67,CARTON,88080,235173.59999999998
ORD-2026-048549,2026-04-16,CUS-00409,prd-0058,0.3,CARTON,179800,53940.0
ORD-2026-048552,2026-04-16,CUS-02240,prd-0063,0.58,CARTON,753500,437029.99999999994
ORD-2026-048565,2026-04-16,CUS-02223,prd-0090,1.42,CARTON,452280,642237.6
ORD-2026-048566,2026-04-16,CUS-01280,prd-0090,1.33,CARTON,452280,601532.4
ORD-2026-048567,2026-04-16,CUS-01217,prd-0090,1.92,CARTON,452280,868377.6000000001
ORD-2026-048573,2026-04-16,CUS-01970,prd-0091,0.75,CARTON,324120,243090.0
ORD-2026-048574,2026-04-16,CUS-01852,prd-0093,0.33,CARTON,276960,91396.8
ORD-2026-048588,2026-04-16,CUS-02107,prd-0120,0.25,CARTON,353760,88440.0
ORD-2026-048589,2026-04-16,CUS-02446,prd-0121,1.17,CARTON,158580,185538.59999999998
ORD-2026-048590,2026-04-16,CUS-00659,prd-0121,4,EACH,26430,105720
ORD-2026-048595,2026-04-16,CUS-01194,prd-0135,28,EACH,32900,921200
ORD-2026-048608,2026-04-16,CUS-01248,prd-0160,9,EACH,32940,296460
ORD-2026-048627,2026-04-17,CUS-00389,prd-0037,4,EACH,25650,102600
ORD-2026-048640,2026-04-17,CUS-01775,prd-0075,0.83,CARTON,204120,169419.59999999998
ORD-2026-048645,2026-04-17,CUS-00933,prd-0078,1.42,CARTON,404640,574588.7999999999
ORD-2026-048647,2026-04-17,CUS-00449,prd-0081,0.3,CARTON,421900,126570.0
ORD-2026-048649,2026-04-17,CUS-02336,prd-0083,4,EACH,23690,94760
ORD-2026-048667,2026-04-17,CUS-01596,prd-0103,1.83,CARTON,461760,845020.8
ORD-2026-048671,2026-04-17,CUS-01621,prd-0109,0.42,CARTON,368400,154728.0
ORD-2026-048693,2026-04-17,CUS-00732,prd-0151,2.5,CARTON,171360,428400.0
ORD-2026-048694,2026-04-17,CUS-00970,prd-0151,7.0,CARTON,171360,1199520.0
ORD-2026-048700,2026-04-17,CUS-02120,prd-0160,0.06,CARTON,1581120,94867.2
ORD-2026-048729,2026-04-18,CUS-02410,prd-0080,0.5,CARTON,286800,143400.0
ORD-2026-048730,2026-04-18,CUS-00423,prd-0084,0.12,CARTON,666240,79948.79999999999
ORD-2026-048742,2026-04-18,CUS-01654,prd-0118,8,EACH,23110,184880
ORD-2026-048752,2026-04-18,CUS-00140,prd-0149,2.0,CARTON,183520,367040.0
ORD-2026-048758,2026-04-18,CUS-00192,prd-0160,0.04,CARTON,1581120,63244.8
ORD-2026-048801,2026-04-20,CUS-01587,prd-0057,1.4,CARTON,180400,252560.0
ORD-2026-048804,2026-04-20,CUS-02155,prd-0060,0.12,CARTON,2877000,345240.0
ORD-2026-048806,2026-04-20,CUS-00197,prd-0063,0.06,CARTON,753500,45210.0
ORD-2026-048807,2026-04-20,CUS-00489,prd-0064,2.75,CARTON,145400,399850.0
ORD-2026-048820,2026-04-20,CUS-02493,prd-0086,9,EACH,28180,253620
ORD-2026-048827,2026-04-20,CUS-01255,prd-0090,4,EACH,37690,150760
ORD-2026-048840,2026-04-20,CUS-01424,prd-0120,3,EACH,14740,44220
ORD-2026-048855,2026-04-20,CUS-00496,prd-0139,0.17,CARTON,1601280,272217.60000000003
ORD-2026-048856,2026-04-20,CUS-01710,prd-0148,0.54,CARTON,654480,353419.2
ORD-2026-048861,2026-04-20,CUS-00580,prd-0151,19,EACH,42840,813960
ORD-2026-048862,2026-04-20,CUS-00419,prd-0151,2.5,CARTON,171360,428400.0
ORD-2026-048865,2026-04-20,CUS-00721,prd-0156,0.5,CARTON,702840,351420.0
ORD-2026-048866,2026-04-20,CUS-00629,prd-0157,0.83,CARTON,297720,247107.59999999998
ORD-2026-048871,2026-04-20,CUS-00645,prd-0161,1.35,CARTON,1566720,2115072.0
ORD-2026-048876,2026-04-20,CUS-00136,prd-0165,0.17,CARTON,1122240,190780.80000000002
ORD-2026-048889,2026-04-21,CUS-00511,prd-0033,0.54,CARTON,264960,143078.40000000002
ORD-2026-048892,2026-04-21,CUS-02199,prd-0035,2.0,CARTON,163920,327840.0
ORD-2026-048926,2026-04-21,CUS-01495,prd-0098,0.83,CARTON,183840,152587.19999999998
ORD-2026-048932,2026-04-21,CUS-00637,prd-0120,0.04,CARTON,353760,14150.400000000001
ORD-2026-048944,2026-04-21,CUS-01849,prd-0151,2.25,CARTON,171360,385560.0
ORD-2026-048945,2026-04-21,CUS-01410,prd-0151,10,EACH,42840,428400
ORD-2026-048961,2026-04-22,CUS-00866,prd-0017,0.08,CARTON,476160,38092.8
ORD-2026-048970,2026-04-22,CUS-00883,prd-0033,0.17,CARTON,264960,45043.200000000004
ORD-2026-048986,2026-04-22,CUS-00537,prd-0072,1.2,CARTON,426000,511200.0
ORD-2026-048995,2026-04-22,CUS-00247,prd-0086,0.25,CARTON,338160,84540.0
ORD-2026-048999,2026-04-22,CUS-00215,prd-0090,21,EACH,37690,791490
ORD-2026-049006,2026-04-22,CUS-02169,prd-0093,0.08,CARTON,276960,22156.800000000003
ORD-2026-049009,2026-04-22,CUS-00554,prd-0108,0.25,CARTON,738000,184500.0
ORD-2026-049020,2026-04-22,CUS-01258,prd-0123,1.0,CARTON,345840,345840.0
ORD-2026-049027,2026-04-22,CUS-01786,prd-0135,0.1,CARTON,1579200,157920.0
ORD-2026-049047,2026-04-23,CUS-00264,prd-0007,4,EACH,17070,68280
ORD-2026-049049,2026-04-23,CUS-00578,prd-0010,3,EACH,16050,48150
ORD-2026-049056,2026-04-23,CUS-02099,prd-0020,0.04,CARTON,1402080,56083.200000000004
ORD-2026-049068,2026-04-23,CUS-00189,prd-0067,0.33,CARTON,297120,98049.6
ORD-2026-049074,2026-04-23,CUS-02414,prd-0077,2.0,CARTON,186720,373440.0
ORD-2026-049076,2026-04-23,CUS-00522,prd-0083,3,EACH,23690,71070
ORD-2026-049078,2026-04-23,CUS-00412,prd-0088,0.3,CARTON,611600,183480.0
ORD-2026-049080,2026-04-23,CUS-00268,prd-0090,0.67,CARTON,452280,303027.60000000003
ORD-2026-049087,2026-04-23,CUS-01443,prd-0099,0.67,CARTON,345120,231230.40000000002
ORD-2026-049092,2026-04-23,CUS-01086,prd-0111,4,EACH,12240,48960
ORD-2026-049093,2026-04-23,CUS-00435,prd-0112,0.42,CARTON,186000,78120.0
ORD-2026-049095,2026-04-23,CUS-00590,prd-0115,3,EACH,21210,63630
ORD-2026-049111,2026-04-23,CUS-01267,prd-0145,2,EACH,31800,63600
ORD-2026-049119,2026-04-23,CUS-02079,prd-0160,5,EACH,32940,164700
ORD-2026-049138,2026-04-24,CUS-02112,prd-0020,0.27,CARTON,1402080,378561.60000000003
ORD-2026-049147,2026-04-24,CUS-00434,prd-0044,6,EACH,8810,52860
ORD-2026-049151,2026-04-24,CUS-02310,prd-0057,9,EACH,18040,162360
ORD-2026-049158,2026-04-24,CUS-01404,prd-0074,0.6,CARTON,383900,230340.0
ORD-2026-049167,2026-04-24,CUS-01963,prd-0090,7,EACH,37690,263830
ORD-2026-049168,2026-04-24,CUS-02356,prd-0090,12,EACH,37690,452280
ORD-2026-049169,2026-04-24,CUS-02042,prd-0090,13,EACH,37690,489970
ORD-2026-049176,2026-04-24,CUS-02331,prd-0095,0.92,CARTON,243480,224001.59999999998
ORD-2026-049189,2026-04-24,CUS-02331,prd-0113,0.07,CARTON,625200,43764.00000000001
ORD-2026-049190,2026-04-24,CUS-01352,prd-0120,4,EACH,14740,58960
ORD-2026-049197,2026-04-24,CUS-01892,prd-0128,1.17,CARTON,123540,144541.8
ORD-2026-049224,2026-04-25,CUS-00207,prd-0016,1.75,CARTON,512160,896280.0
ORD-2026-049225,2026-04-25,CUS-00143,prd-0016,0.42,CARTON,512160,215107.19999999998
ORD-2026-049228,2026-04-25,CUS-00970,prd-0019,5,EACH,31240,156200
ORD-2026-049236,2026-04-25,CUS-01391,prd-0062,6,EACH,17890,107340
ORD-2026-049245,2026-04-25,CUS-00768,prd-0083,0.33,CARTON,568560,187624.80000000002
ORD-2026-049250,2026-04-25,CUS-02030,prd-0090,4,EACH,37690,150760
ORD-2026-049264,2026-04-25,CUS-00194,prd-0131,0.22,CARTON,1121040,246628.80000000002
ORD-2026-049271,2026-04-25,CUS-01984,prd-0151,0.75,CARTON,171360,128520.0
ORD-2026-049275,2026-04-25,CUS-00486,prd-0155,0.75,CARTON,790560,592920.0
ORD-2026-049278,2026-04-25,CUS-02107,prd-0157,0.42,CARTON,297720,125042.4
ORD-2026-049280,2026-04-25,CUS-00494,prd-0162,0.25,CARTON,693600,173400.0
ORD-2026-049290,2026-04-26,CUS-01260,prd-0078,1.25,CARTON,404640,505800.0
ORD-2026-049291,2026-04-26,CUS-01287,prd-0085,0.12,CARTON,781920,93830.4
ORD-2026-049292,2026-04-26,CUS-00194,prd-0086,0.42,CARTON,338160,142027.2
ORD-2026-049346,2026-04-27,CUS-00173,prd-0086,0.58,CARTON,338160,196132.8
ORD-2026-049352,2026-04-27,CUS-01063,prd-0090,0.42,CARTON,452280,189957.59999999998
ORD-2026-049353,2026-04-27,CUS-02153,prd-0090,3,EACH,37690,113070
ORD-2026-049372,2026-04-27,CUS-02489,prd-0120,0.46,CARTON,353760,162729.6
ORD-2026-049378,2026-04-27,CUS-00576,prd-0123,0.42,CARTON,345840,145252.8
ORD-2026-049419,2026-04-28,CUS-01329,prd-0046,0.6,CARTON,347200,208320.0
ORD-2026-049422,2026-04-28,CUS-00535,prd-0057,0.5,CARTON,180400,90200.0
ORD-2026-049425,2026-04-28,CUS-01699,prd-0064,0.25,CARTON,145400,36350.0
ORD-2026-049437,2026-04-28,CUS-00624,prd-0090,0.67,CARTON,452280,303027.60000000003
ORD-2026-049455,2026-04-28,CUS-01837,prd-0122,0.29,CARTON,459360,133214.4
ORD-2026-049497,2026-04-29,CUS-00920,prd-0074,1.2,CARTON,383900,460680.0
ORD-2026-049505,2026-04-29,CUS-01428,prd-0090,5,EACH,37690,188450
ORD-2026-049506,2026-04-29,CUS-00277,prd-0090,1.5,CARTON,452280,678420.0
ORD-2026-049507,2026-04-29,CUS-00004,prd-0090,0.5,CARTON,452280,226140.0
ORD-2026-049512,2026-04-29,CUS-01850,prd-0098,1.33,CARTON,183840,244507.2
ORD-2026-049524,2026-04-29,CUS-01749,prd-0118,1.25,CARTON,277320,346650.0
ORD-2026-049554,2026-04-29,CUS-00121,prd-0169,0.12,CARTON,734880,88185.6
ORD-2026-049577,2026-04-30,CUS-01985,prd-0068,1.25,CARTON,195840,244800.0
ORD-2026-049580,2026-04-30,CUS-01849,prd-0077,1.67,CARTON,186720,311822.39999999997
ORD-2026-049589,2026-04-30,CUS-02348,prd-0084,5,EACH,27760,138800
ORD-2026-049592,2026-04-30,CUS-02238,prd-0085,9,EACH,32580,293220
ORD-2026-049600,2026-04-30,CUS-00719,prd-0093,1.17,CARTON,276960,324043.19999999995
ORD-2026-049613,2026-04-30,CUS-00825,prd-0119,3,EACH,21950,65850
ORD-2026-049618,2026-04-30,CUS-01216,prd-0125,0.07,CARTON,461400,32298.000000000004
ORD-2026-049619,2026-04-30,CUS-01116,prd-0131,0.06,CARTON,1121040,67262.4
ORD-2026-049622,2026-04-30,CUS-00777,prd-0143,0.5,CARTON,583680,291840.0
ORD-2026-049625,2026-04-30,CUS-02269,prd-0150,2.25,CARTON,191400,430650.0
ORD-2026-049630,2026-04-30,CUS-00729,prd-0151,2.0,CARTON,171360,342720.0
ORD-2026-049637,2026-04-30,CUS-01535,prd-0166,0.23,CARTON,1231200,283176.0
ORD-2026-049650,2026-05-01,CUS-00825,prd-0023,0.92,CARTON,203280,187017.6
ORD-2026-049663,2026-05-01,CUS-00160,prd-0051,5.75,CARTON,172280,990610.0
ORD-2026-049671,2026-05-01,CUS-01014,prd-0070,0.8,CARTON,192400,153920.0
ORD-2026-049672,2026-05-01,CUS-01963,prd-0076,5,EACH,28050,140250
ORD-2026-049682,2026-05-01,CUS-01569,prd-0086,1.58,CARTON,338160,534292.8
ORD-2026-049697,2026-05-01,CUS-00855,prd-0108,0.21,CARTON,738000,154980.0
ORD-2026-049743,2026-05-01,CUS-00041,prd-0166,0.08,CARTON,1231200,98496.0
ORD-2026-049751,2026-05-02,CUS-00586,prd-0016,23,EACH,42680,981640
ORD-2026-049755,2026-05-02,CUS-01725,prd-0031,0.17,CARTON,879840,149572.80000000002
ORD-2026-049759,2026-05-02,CUS-01094,prd-0039,11,EACH,14770,162470
ORD-2026-049761,2026-05-02,CUS-01425,prd-0040,11,EACH,14100,155100
ORD-2026-049762,2026-05-02,CUS-00844,prd-0046,0.8,CARTON,347200,277760.0
ORD-2026-049767,2026-05-02,CUS-01823,prd-0062,0.26,CARTON,894500,232570.00000000003
ORD-2026-049785,2026-05-02,CUS-00540,prd-0111,3,EACH,12240,36720
ORD-2026-049797,2026-05-02,CUS-02110,prd-0151,5,EACH,42840,214200
ORD-2026-049802,2026-05-02,CUS-01778,prd-0153,3,EACH,24220,72660
ORD-2026-049805,2026-05-02,CUS-01902,prd-0164,0.29,CARTON,478080,138643.19999999998
ORD-2026-049818,2026-05-03,CUS-01614,prd-0082,0.08,CARTON,368760,29500.800000000003
ORD-2026-049825,2026-05-03,CUS-00952,prd-0125,0.43,CARTON,461400,198402.0
ORD-2026-049829,2026-05-03,CUS-01265,prd-0151,3.5,CARTON,171360,599760.0
ORD-2026-049832,2026-05-03,CUS-01458,prd-0156,0.67,CARTON,702840,470902.80000000005
ORD-2026-049847,2026-05-04,CUS-01973,prd-0051,2.0,CARTON,172280,344560.0
ORD-2026-049849,2026-05-04,CUS-01520,prd-0068,0.17,CARTON,195840,33292.8
ORD-2026-049850,2026-05-04,CUS-01997,prd-0068,0.08,CARTON,195840,15667.2
ORD-2026-049856,2026-05-04,CUS-01843,prd-0078,1,EACH,33720,33720
ORD-2026-049857,2026-05-04,CUS-02105,prd-0079,3,EACH,46870,140610
ORD-2026-049858,2026-05-04,CUS-00832,prd-0081,0.3,CARTON,421900,126570.0
ORD-2026-049860,2026-05-04,CUS-00425,prd-0083,1,EACH,23690,23690
ORD-2026-049861,2026-05-04,CUS-01940,prd-0083,0.25,CARTON,568560,142140.0
ORD-2026-049881,2026-05-04,CUS-00177,prd-0108,0.12,CARTON,738000,88560.0
ORD-2026-049885,2026-05-04,CUS-01156,prd-0118,26,EACH,23110,600860
ORD-2026-049886,2026-05-04,CUS-01615,prd-0121,1.5,CARTON,158580,237870.0
ORD-2026-049895,2026-05-04,CUS-01749,prd-0137,0.02,CARTON,1327200,26544.0
ORD-2026-049906,2026-05-04,CUS-02351,prd-0160,0.06,CARTON,1581120,94867.2
ORD-2026-049913,2026-05-04,CUS-01823,prd-0162,2,EACH,28900,57800
ORD-2026-049927,2026-05-05,CUS-01416,prd-0031,0.17,CARTON,879840,149572.80000000002
ORD-2026-049936,2026-05-05,CUS-02270,prd-0064,2.5,CARTON,145400,363500.0
ORD-2026-049937,2026-05-05,CUS-00516,prd-0064,4.25,CARTON,145400,617950.0
ORD-2026-049942,2026-05-05,CUS-01241,prd-0065,0.25,CARTON,408000,102000.0
ORD-2026-049951,2026-05-05,CUS-01308,prd-0086,6,EACH,28180,169080
ORD-2026-049959,2026-05-05,CUS-00655,prd-0091,0.67,CARTON,324120,217160.40000000002
ORD-2026-049962,2026-05-05,CUS-00668,prd-0098,6,EACH,15320,91920
ORD-2026-049975,2026-05-05,CUS-01994,prd-0125,16,EACH,15380,246080
ORD-2026-049992,2026-05-05,CUS-00314,prd-0170,6,EACH,17370,104220
ORD-2026-050001,2026-05-06,CUS-00412,prd-0017,0.58,CARTON,476160,276172.8
ORD-2026-050012,2026-05-06,CUS-00326,prd-0047,0.1,CARTON,190600,19060.0
ORD-2026-050023,2026-05-06,CUS-00062,prd-0077,0.5,CARTON,186720,93360.0
ORD-2026-050031,2026-05-06,CUS-00364,prd-0086,0.92,CARTON,338160,311107.2
ORD-2026-050039,2026-05-06,CUS-02432,prd-0090,3,EACH,37690,113070
ORD-2026-050051,2026-05-06,CUS-00367,prd-0118,0.67,CARTON,277320,185804.40000000002
ORD-2026-050059,2026-05-06,CUS-02137,prd-0128,6,EACH,20590,123540
ORD-2026-050062,2026-05-06,CUS-02033,prd-0138,6,EACH,27020,162120
ORD-2026-050069,2026-05-06,CUS-02123,prd-0151,2.5,CARTON,171360,428400.0
ORD-2026-050089,2026-05-07,CUS-00439,prd-0018,0.58,CARTON,750840,435487.19999999995
ORD-2026-050091,2026-05-07,CUS-00668,prd-0023,0.25,CARTON,203280,50820.0
ORD-2026-050110,2026-05-07,CUS-01425,prd-0077,14,EACH,31120,435680
ORD-2026-050116,2026-05-07,CUS-00128,prd-0083,0.25,CARTON,568560,142140.0
ORD-2026-050117,2026-05-07,CUS-02213,prd-0083,7,EACH,23690,165830
ORD-2026-050150,2026-05-07,CUS-00387,prd-0143,0.75,CARTON,583680,437760.0
ORD-2026-050156,2026-05-07,CUS-00779,prd-0153,0.15,CARTON,1162560,174384.0
ORD-2026-050158,2026-05-07,CUS-01839,prd-0157,4,EACH,24810,99240
ORD-2026-050160,2026-05-07,CUS-00243,prd-0162,0.62,CARTON,693600,430032.0
ORD-2026-050170,2026-05-08,CUS-00563,prd-0013,0.42,CARTON,143640,60328.799999999996
ORD-2026-050172,2026-05-08,CUS-01192,prd-0016,0.42,CARTON,512160,215107.19999999998
ORD-2026-050175,2026-05-08,CUS-00150,prd-0023,5,EACH,16940,84700
ORD-2026-050188,2026-05-08,CUS-01105,prd-0076,20,EACH,28050,561000
ORD-2026-050198,2026-05-08,CUS-00563,prd-0089,0.23,CARTON,520400,119692.0
ORD-2026-050223,2026-05-08,CUS-01564,prd-0120,4,EACH,14740,58960
ORD-2026-050235,2026-05-08,CUS-02333,prd-0150,1.25,CARTON,191400,239250.0
ORD-2026-050238,2026-05-08,CUS-02237,prd-0151,4,EACH,42840,171360
ORD-2026-050239,2026-05-08,CUS-00122,prd-0151,1.25,CARTON,171360,214200.0
ORD-2026-050258,2026-05-09,CUS-00161,prd-0023,0.08,CARTON,203280,16262.400000000001
ORD-2026-050261,2026-05-09,CUS-00928,prd-0031,0.29,CARTON,879840,255153.59999999998
ORD-2026-050270,2026-05-09,CUS-01129,prd-0073,0.3,CARTON,379300,113790.0
ORD-2026-050275,2026-05-09,CUS-01884,prd-0077,1.17,CARTON,186720,218462.39999999997
ORD-2026-050276,2026-05-09,CUS-01345,prd-0077,2.17,CARTON,186720,405182.39999999997
ORD-2026-050277,2026-05-09,CUS-00952,prd-0077,12,EACH,31120,373440
ORD-2026-050289,2026-05-09,CUS-00031,prd-0090,5,EACH,37690,188450
ORD-2026-050290,2026-05-09,CUS-00826,prd-0090,0.08,CARTON,452280,36182.4
ORD-2026-050310,2026-05-09,CUS-01188,prd-0141,0.25,CARTON,926400,231600.0
ORD-2026-050312,2026-05-09,CUS-02197,prd-0147,15,EACH,32330,484950
ORD-2026-050338,2026-05-10,CUS-01140,prd-0118,3,EACH,23110,69330
ORD-2026-050342,2026-05-10,CUS-01888,prd-0125,9,EACH,15380,138420
ORD-2026-050347,2026-05-11,CUS-00254,prd-0004,1.0,CARTON,53880,53880.0
ORD-2026-050362,2026-05-11,CUS-01039,prd-0056,0.17,CARTON,600480,102081.6
ORD-2026-050364,2026-05-11,CUS-01553,prd-0057,0.4,CARTON,180400,72160.0
ORD-2026-050365,2026-05-11,CUS-00654,prd-0057,0.3,CARTON,180400,54120.0
ORD-2026-050369,2026-05-11,CUS-01146,prd-0068,1.17,CARTON,195840,229132.8
ORD-2026-050385,2026-05-11,CUS-01552,prd-0090,4,EACH,37690,150760
ORD-2026-050394,2026-05-11,CUS-00686,prd-0100,0.75,CARTON,498720,374040.0
ORD-2026-050397,2026-05-11,CUS-00049,prd-0108,0.38,CARTON,738000,280440.0
ORD-2026-050398,2026-05-11,CUS-01399,prd-0109,1.33,CARTON,368400,489972.0
ORD-2026-050400,2026-05-11,CUS-00494,prd-0121,0.5,CARTON,158580,79290.0
ORD-2026-050404,2026-05-11,CUS-00053,prd-0125,4,EACH,15380,61520
ORD-2026-050405,2026-05-11,CUS-02494,prd-0127,2,EACH,16760,33520
ORD-2026-050422,2026-05-11,CUS-00625,prd-0155,1.0,CARTON,790560,790560.0
ORD-2026-050439,2026-05-12,CUS-02298,prd-0041,0.67,CARTON,81960,54913.200000000004
ORD-2026-050446,2026-05-12,CUS-02491,prd-0057,1.6,CARTON,180400,288640.0
ORD-2026-050449,2026-05-12,CUS-02333,prd-0060,0.42,CARTON,2877000,1208340.0
ORD-2026-050455,2026-05-12,CUS-02172,prd-0077,4,EACH,31120,124480
ORD-2026-050462,2026-05-12,CUS-00838,prd-0084,0.08,CARTON,666240,53299.200000000004
ORD-2026-050468,2026-05-12,CUS-00113,prd-0090,0.92,CARTON,452280,416097.60000000003
ORD-2026-050494,2026-05-12,CUS-01213,prd-0156,6,EACH,58570,351420
ORD-2026-050511,2026-05-13,CUS-00400,prd-0004,9,EACH,4490,40410
ORD-2026-050526,2026-05-13,CUS-01963,prd-0039,5,EACH,14770,73850
ORD-2026-050528,2026-05-13,CUS-02103,prd-0041,0.42,CARTON,81960,34423.2
ORD-2026-050530,2026-05-13,CUS-02124,prd-0047,9,EACH,19060,171540
ORD-2026-050532,2026-05-13,CUS-00474,prd-0049,2.0,CARTON,181900,363800.0
ORD-2026-050545,2026-05-13,CUS-02101,prd-0077,1.67,CARTON,186720,311822.39999999997
ORD-2026-050550,2026-05-13,CUS-01836,prd-0090,0.5,CARTON,452280,226140.0
ORD-2026-050551,2026-05-13,CUS-02198,prd-0090,1.08,CARTON,452280,488462.4
ORD-2026-050554,2026-05-13,CUS-01591,prd-0092,0.5,CARTON,363120,181560.0
ORD-2026-050562,2026-05-13,CUS-02465,prd-0100,11,EACH,20780,228580
ORD-2026-050563,2026-05-13,CUS-01870,prd-0101,8,EACH,22590,180720
ORD-2026-050577,2026-05-13,CUS-00577,prd-0139,0.02,CARTON,1601280,32025.600000000002
ORD-2026-050578,2026-05-13,CUS-01997,prd-0141,5,EACH,38600,193000
ORD-2026-050583,2026-05-13,CUS-00677,prd-0151,0.5,CARTON,171360,85680.0
ORD-2026-050594,2026-05-13,CUS-01591,prd-0169,0.42,CARTON,734880,308649.6
ORD-2026-050595,2026-05-14,CUS-01775,prd-0001,0.58,CARTON,59640,34591.2
ORD-2026-050597,2026-05-14,CUS-00800,prd-0007,0.33,CARTON,204840,67597.20000000001
ORD-2026-050602,2026-05-14,CUS-00854,prd-0019,0.52,CARTON,1499520,779750.4
ORD-2026-050613,2026-05-14,CUS-02180,prd-0043,0.11,CARTON,1154400,126984.0
ORD-2026-050619,2026-05-14,CUS-00925,prd-0059,0.16,CARTON,2540500,406480.0
ORD-2026-050627,2026-05-14,CUS-02296,prd-0074,0.4,CARTON,383900,153560.0
ORD-2026-050633,2026-05-14,CUS-02453,prd-0080,0.67,CARTON,286800,192156.00000000003
ORD-2026-050640,2026-05-14,CUS-02086,prd-0086,1,EACH,28180,28180
ORD-2026-050648,2026-05-14,CUS-01857,prd-0090,5,EACH,37690,188450
ORD-2026-050649,2026-05-14,CUS-01431,prd-0090,7,EACH,37690,263830
ORD-2026-050656,2026-05-14,CUS-01435,prd-0100,7,EACH,20780,145460
ORD-2026-050660,2026-05-14,CUS-00712,prd-0115,0.4,CARTON,1018080,407232.0
ORD-2026-050661,2026-05-14,CUS-00510,prd-0120,8,EACH,14740,117920
ORD-2026-050665,2026-05-14,CUS-00497,prd-0121,0.67,CARTON,158580,106248.6
ORD-2026-050670,2026-05-14,CUS-01989,prd-0128,1.0,CARTON,123540,123540.0
ORD-2026-050679,2026-05-14,CUS-00970,prd-0150,1.0,CARTON,191400,191400.0
ORD-2026-050683,2026-05-14,CUS-00718,prd-0151,1.25,CARTON,171360,214200.0
ORD-2026-050684,2026-05-14,CUS-01546,prd-0151,1.25,CARTON,171360,214200.0
ORD-2026-050692,2026-05-14,CUS-00757,prd-0161,0.17,CARTON,1566720,266342.4
ORD-2026-050701,2026-05-15,CUS-01772,prd-0023,1.67,CARTON,203280,339477.6
ORD-2026-050718,2026-05-15,CUS-02218,prd-0062,0.04,CARTON,894500,35780.0
ORD-2026-050722,2026-05-15,CUS-01141,prd-0065,0.5,CARTON,408000,204000.0
ORD-2026-050726,2026-05-15,CUS-02389,prd-0068,1.0,CARTON,195840,195840.0
ORD-2026-050730,2026-05-15,CUS-00374,prd-0080,0.58,CARTON,286800,166343.99999999997
ORD-2026-050733,2026-05-15,CUS-01546,prd-0081,6,EACH,42190,253140
ORD-2026-050743,2026-05-15,CUS-02127,prd-0090,2,EACH,37690,75380
ORD-2026-050752,2026-05-15,CUS-01180,prd-0100,12,EACH,20780,249360
ORD-2026-050753,2026-05-15,CUS-00362,prd-0100,0.5,CARTON,498720,249360.0
ORD-2026-050754,2026-05-15,CUS-00384,prd-0100,0.5,CARTON,498720,249360.0
ORD-2026-050757,2026-05-15,CUS-02096,prd-0102,13,EACH,17050,221650
ORD-2026-050774,2026-05-15,CUS-01577,prd-0125,4,EACH,15380,61520
ORD-2026-050777,2026-05-15,CUS-00572,prd-0130,9,EACH,13600,122400
ORD-2026-050787,2026-05-15,CUS-00522,prd-0142,0.5,CARTON,624360,312180.0
ORD-2026-050788,2026-05-15,CUS-02374,prd-0142,40,EACH,52030,2081200
ORD-2026-050789,2026-05-15,CUS-01411,prd-0144,0.33,CARTON,383880,126680.40000000001
ORD-2026-050790,2026-05-15,CUS-01327,prd-0145,1.71,CARTON,763200,1305072.0
ORD-2026-050799,2026-05-15,CUS-00838,prd-0161,0.02,CARTON,1566720,31334.4
ORD-2026-050801,2026-05-15,CUS-02347,prd-0165,4,EACH,23380,93520
ORD-2026-050810,2026-05-16,CUS-02271,prd-0016,5,EACH,42680,213400
ORD-2026-050819,2026-05-16,CUS-00601,prd-0037,8,EACH,25650,205200
ORD-2026-050820,2026-05-16,CUS-01730,prd-0039,0.42,CARTON,354480,148881.59999999998
ORD-2026-050835,2026-05-16,CUS-01867,prd-0090,0.42,CARTON,452280,189957.59999999998
ORD-2026-050844,2026-05-16,CUS-02412,prd-0113,0.25,CARTON,625200,156300.0
ORD-2026-050845,2026-05-16,CUS-02452,prd-0118,1.0,CARTON,277320,277320.0
ORD-2026-050863,2026-05-16,CUS-02028,prd-0151,0.5,CARTON,171360,85680.0
ORD-2026-050864,2026-05-16,CUS-00075,prd-0151,2.5,CARTON,171360,428400.0
ORD-2026-050865,2026-05-16,CUS-02465,prd-0161,0.21,CARTON,1566720,329011.19999999995
ORD-2026-050867,2026-05-16,CUS-00785,prd-0166,0.06,CARTON,1231200,73872.0
ORD-2026-050875,2026-05-17,CUS-01868,prd-0053,1.0,CARTON,155800,155800.0
ORD-2026-050877,2026-05-17,CUS-00609,prd-0074,1.2,CARTON,383900,460680.0
ORD-2026-050883,2026-05-17,CUS-00946,prd-0108,0.5,CARTON,738000,369000.0
ORD-2026-050902,2026-05-18,CUS-02335,prd-0031,2,EACH,36660,73320
ORD-2026-050905,2026-05-18,CUS-02228,prd-0039,0.21,CARTON,354480,74440.79999999999
ORD-2026-050908,2026-05-18,CUS-00561,prd-0047,2.1,CARTON,190600,400260.0
ORD-2026-050912,2026-05-18,CUS-01807,prd-0060,0.12,CARTON,2877000,345240.0
ORD-2026-050917,2026-05-18,CUS-01327,prd-0085,7,EACH,32580,228060
ORD-2026-050922,2026-05-18,CUS-01552,prd-0090,0.17,CARTON,452280,76887.6
ORD-2026-050934,2026-05-18,CUS-02058,prd-0098,17,EACH,15320,260440
ORD-2026-050966,2026-05-18,CUS-01483,prd-0149,1.5,CARTON,183520,275280.0
ORD-2026-050976,2026-05-18,CUS-00755,prd-0161,0.25,CARTON,1566720,391680.0
ORD-2026-050984,2026-05-19,CUS-00277,prd-0001,6,EACH,4970,29820
ORD-2026-050987,2026-05-19,CUS-01439,prd-0004,1.25,CARTON,53880,67350.0
ORD-2026-051001,2026-05-19,CUS-01407,prd-0051,8,EACH,43070,344560
ORD-2026-051004,2026-05-19,CUS-00049,prd-0060,0.02,CARTON,2877000,57540.0
ORD-2026-051022,2026-05-19,CUS-00120,prd-0086,13,EACH,28180,366340
ORD-2026-051031,2026-05-19,CUS-00718,prd-0091,3,EACH,27010,81030
ORD-2026-051035,2026-05-19,CUS-01253,prd-0098,10,EACH,15320,153200
ORD-2026-051056,2026-05-19,CUS-00426,prd-0142,1.75,CARTON,624360,1092630.0
ORD-2026-051058,2026-05-19,CUS-02430,prd-0151,5,EACH,42840,214200
ORD-2026-051082,2026-05-20,CUS-01685,prd-0039,0.38,CARTON,354480,134702.40000000002
ORD-2026-051085,2026-05-20,CUS-02208,prd-0042,0.5,CARTON,314400,157200.0
ORD-2026-051092,2026-05-20,CUS-00402,prd-0068,0.58,CARTON,195840,113587.19999999998
ORD-2026-051101,2026-05-20,CUS-01332,prd-0086,0.5,CARTON,338160,169080.0
ORD-2026-051102,2026-05-20,CUS-01235,prd-0086,7,EACH,28180,197260
ORD-2026-051110,2026-05-20,CUS-00989,prd-0090,0.92,CARTON,452280,416097.60000000003
ORD-2026-051122,2026-05-20,CUS-01747,prd-0100,0.21,CARTON,498720,104731.20000000001
ORD-2026-051123,2026-05-20,CUS-02432,prd-0100,0.54,CARTON,498720,269308.80000000005
ORD-2026-051125,2026-05-20,CUS-01685,prd-0103,0.17,CARTON,461760,78499.20000000001
ORD-2026-051144,2026-05-20,CUS-00728,prd-0151,1.25,CARTON,171360,214200.0
ORD-2026-051163,2026-05-21,CUS-02006,prd-0029,0.17,CARTON,265680,45165.600000000006
ORD-2026-051171,2026-05-21,CUS-01418,prd-0068,7,EACH,16320,114240
ORD-2026-051175,2026-05-21,CUS-02070,prd-0078,0.83,CARTON,404640,335851.19999999995
ORD-2026-051176,2026-05-21,CUS-00434,prd-0080,13,EACH,23900,310700
ORD-2026-051191,2026-05-21,CUS-02350,prd-0098,0.42,CARTON,183840,77212.79999999999
ORD-2026-051193,2026-05-21,CUS-01775,prd-0102,0.08,CARTON,204600,16368.0
ORD-2026-051197,2026-05-21,CUS-00235,prd-0117,0.52,CARTON,840960,437299.19999999995
ORD-2026-051204,2026-05-21,CUS-00555,prd-0122,0.29,CARTON,459360,133214.4
ORD-2026-051209,2026-05-21,CUS-00108,prd-0134,0.28,CARTON,1258920,352497.60000000003
ORD-2026-051230,2026-05-22,CUS-01483,prd-0004,0.42,CARTON,53880,22629.6
ORD-2026-051238,2026-05-22,CUS-01943,prd-0033,0.33,CARTON,264960,87436.8
ORD-2026-051242,2026-05-22,CUS-01555,prd-0037,9,EACH,25650,230850
ORD-2026-051243,2026-05-22,CUS-01454,prd-0039,0.12,CARTON,354480,42537.6
ORD-2026-051245,2026-05-22,CUS-00439,prd-0045,1.42,CARTON,88080,125073.59999999999
ORD-2026-051251,2026-05-22,CUS-02468,prd-0061,0.34,CARTON,816000,277440.0
ORD-2026-051259,2026-05-22,CUS-00216,prd-0084,0.21,CARTON,666240,139910.4
ORD-2026-051269,2026-05-22,CUS-02157,prd-0090,13,EACH,37690,489970
ORD-2026-051270,2026-05-22,CUS-01475,prd-0090,0.25,CARTON,452280,113070.0
ORD-2026-051287,2026-05-22,CUS-00935,prd-0102,12,EACH,17050,204600
ORD-2026-051308,2026-05-22,CUS-01719,prd-0142,0.33,CARTON,624360,206038.80000000002
ORD-2026-051310,2026-05-22,CUS-02031,prd-0143,0.42,CARTON,583680,245145.59999999998
ORD-2026-051316,2026-05-22,CUS-01695,prd-0151,1.75,CARTON,171360,299880.0
ORD-2026-051336,2026-05-23,CUS-02293,prd-0018,0.25,CARTON,750840,187710.0
ORD-2026-051339,2026-05-23,CUS-02327,prd-0025,2,EACH,5090,10180
ORD-2026-051347,2026-05-23,CUS-00446,prd-0052,17,EACH,43630,741710
ORD-2026-051353,2026-05-23,CUS-00949,prd-0072,0.7,CARTON,426000,298199.99999999994
ORD-2026-051355,2026-05-23,CUS-02322,prd-0077,37,EACH,31120,1151440
ORD-2026-051363,2026-05-23,CUS-02050,prd-0090,10,EACH,37690,376900
ORD-2026-051390,2026-05-23,CUS-01540,prd-0151,3.25,CARTON,171360,556920.0
ORD-2026-051399,2026-05-24,CUS-02356,prd-0004,25,EACH,4490,112250
ORD-2026-051401,2026-05-24,CUS-01777,prd-0015,0.6,CARTON,425000,255000.0
ORD-2026-051407,2026-05-24,CUS-00755,prd-0067,6,EACH,12380,74280
ORD-2026-051413,2026-05-24,CUS-02293,prd-0090,3,EACH,37690,113070
ORD-2026-051414,2026-05-24,CUS-02209,prd-0090,0.67,CARTON,452280,303027.60000000003
ORD-2026-051421,2026-05-24,CUS-01043,prd-0145,0.54,CARTON,763200,412128.0
ORD-2026-051426,2026-05-25,CUS-02143,prd-0013,0.33,CARTON,143640,47401.200000000004
ORD-2026-051428,2026-05-25,CUS-02319,prd-0018,9,EACH,62570,563130
ORD-2026-051430,2026-05-25,CUS-00794,prd-0021,0.08,CARTON,1163400,93072.0
ORD-2026-051459,2026-05-25,CUS-01294,prd-0090,1.58,CARTON,452280,714602.4
ORD-2026-051460,2026-05-25,CUS-00242,prd-0090,0.58,CARTON,452280,262322.39999999997
ORD-2026-051465,2026-05-25,CUS-02150,prd-0091,8.75,CARTON,324120,2836050.0
ORD-2026-051489,2026-05-25,CUS-00930,prd-0145,17,EACH,31800,540600
ORD-2026-051491,2026-05-25,CUS-02254,prd-0153,0.06,CARTON,1162560,69753.6
ORD-2026-051500,2026-05-25,CUS-01593,prd-0164,0.21,CARTON,478080,100396.79999999999
ORD-2026-051501,2026-05-25,CUS-00194,prd-0165,10,EACH,23380,233800
ORD-2026-051502,2026-05-25,CUS-01904,prd-0166,0.1,CARTON,1231200,123120.0
ORD-2026-051504,2026-05-26,CUS-01175,prd-0004,4,EACH,4490,17960
ORD-2026-051512,2026-05-26,CUS-01547,prd-0036,0.23,CARTON,820000,188600.0
ORD-2026-051515,2026-05-26,CUS-00804,prd-0046,10,EACH,17360,173600
ORD-2026-051519,2026-05-26,CUS-01407,prd-0055,5,EACH,16990,84950
ORD-2026-051543,2026-05-26,CUS-02172,prd-0086,5,EACH,28180,140900
ORD-2026-051545,2026-05-26,CUS-01594,prd-0090,0.67,CARTON,452280,303027.60000000003
ORD-2026-051556,2026-05-26,CUS-02415,prd-0100,0.12,CARTON,498720,59846.399999999994
ORD-2026-051557,2026-05-26,CUS-00960,prd-0100,0.29,CARTON,498720,144628.8
ORD-2026-051571,2026-05-26,CUS-00160,prd-0121,1.83,CARTON,158580,290201.4
ORD-2026-051572,2026-05-26,CUS-01819,prd-0121,0.83,CARTON,158580,131621.4
ORD-2026-051615,2026-05-27,CUS-01633,prd-0084,0.17,CARTON,666240,113260.80000000002
ORD-2026-051621,2026-05-27,CUS-02065,prd-0090,0.25,CARTON,452280,113070.0
ORD-2026-051639,2026-05-27,CUS-00203,prd-0135,0.25,CARTON,1579200,394800.0
ORD-2026-051641,2026-05-27,CUS-00506,prd-0151,6,EACH,42840,257040
ORD-2026-051642,2026-05-27,CUS-01711,prd-0151,1.25,CARTON,171360,214200.0
ORD-2026-051647,2026-05-27,CUS-01490,prd-0156,0.83,CARTON,702840,583357.2
ORD-2026-051653,2026-05-27,CUS-01810,prd-0166,0.17,CARTON,1231200,209304.0
ORD-2026-051655,2026-05-27,CUS-01791,prd-0168,0.33,CARTON,233880,77180.40000000001
ORD-2026-051657,2026-05-28,CUS-01239,prd-0007,13,EACH,17070,221910
ORD-2026-051665,2026-05-28,CUS-00791,prd-0034,1.08,CARTON,184200,198936.0
ORD-2026-051666,2026-05-28,CUS-02148,prd-0037,0.12,CARTON,615600,73872.0
ORD-2026-051675,2026-05-28,CUS-00049,prd-0065,12,EACH,34000,408000
ORD-2026-051686,2026-05-28,CUS-01798,prd-0090,4,EACH,37690,150760
ORD-2026-051687,2026-05-28,CUS-01777,prd-0090,4,EACH,37690,150760
ORD-2026-051691,2026-05-28,CUS-01994,prd-0093,0.67,CARTON,276960,185563.2
ORD-2026-051692,2026-05-28,CUS-01889,prd-0093,2,EACH,23080,46160
ORD-2026-051695,2026-05-28,CUS-01475,prd-0101,0.42,CARTON,271080,113853.59999999999
ORD-2026-051697,2026-05-28,CUS-01539,prd-0104,0.12,CARTON,411120,49334.399999999994
ORD-2026-051698,2026-05-28,CUS-00909,prd-0108,7,EACH,30750,215250
ORD-2026-051710,2026-05-28,CUS-00385,prd-0125,0.23,CARTON,461400,106122.0
ORD-2026-051714,2026-05-28,CUS-01274,prd-0137,15,EACH,27650,414750
ORD-2026-051715,2026-05-28,CUS-01448,prd-0144,0.92,CARTON,383880,353169.60000000003
ORD-2026-051721,2026-05-28,CUS-00106,prd-0151,3.75,CARTON,171360,642600.0
ORD-2026-051722,2026-05-28,CUS-01878,prd-0151,3.0,CARTON,171360,514080.0
ORD-2026-051726,2026-05-28,CUS-00250,prd-0152,0.04,CARTON,1195200,47808.0
ORD-2026-051747,2026-05-29,CUS-01222,prd-0029,0.17,CARTON,265680,45165.600000000006
ORD-2026-051753,2026-05-29,CUS-00148,prd-0041,0.25,CARTON,81960,20490.0
ORD-2026-051774,2026-05-29,CUS-00266,prd-0075,1.83,CARTON,204120,373539.60000000003
ORD-2026-051781,2026-05-29,CUS-00399,prd-0082,4,EACH,30730,122920
ORD-2026-051793,2026-05-29,CUS-00414,prd-0090,0.75,CARTON,452280,339210.0
ORD-2026-051794,2026-05-29,CUS-00604,prd-0090,0.83,CARTON,452280,375392.39999999997
ORD-2026-051802,2026-05-29,CUS-00474,prd-0109,0.42,CARTON,368400,154728.0
ORD-2026-051803,2026-05-29,CUS-01658,prd-0111,8,EACH,12240,97920
ORD-2026-051808,2026-05-29,CUS-00093,prd-0121,0.67,CARTON,158580,106248.6
ORD-2026-051809,2026-05-29,CUS-00389,prd-0125,0.53,CARTON,461400,244542.00000000003
ORD-2026-051817,2026-05-29,CUS-00842,prd-0145,0.33,CARTON,763200,251856.0
ORD-2026-051824,2026-05-29,CUS-01848,prd-0156,5,EACH,58570,292850
ORD-2026-051832,2026-05-29,CUS-00874,prd-0165,0.42,CARTON,1122240,471340.80000000005
ORD-2026-051833,2026-05-29,CUS-01379,prd-0165,0.08,CARTON,1122240,89779.20000000001
ORD-2026-051839,2026-05-30,CUS-01777,prd-0008,8,EACH,16360,130880
ORD-2026-051840,2026-05-30,CUS-02294,prd-0014,0.25,CARTON,165480,41370.0
ORD-2026-051842,2026-05-30,CUS-01645,prd-0023,6,EACH,16940,101640
ORD-2026-051843,2026-05-30,CUS-01455,prd-0026,0.67,CARTON,49800,33366.0
ORD-2026-051844,2026-05-30,CUS-02131,prd-0027,1.17,CARTON,59040,69076.79999999999
ORD-2026-051845,2026-05-30,CUS-01807,prd-0031,23,EACH,36660,843180
ORD-2026-051862,2026-05-30,CUS-00998,prd-0083,10,EACH,23690,236900
ORD-2026-051865,2026-05-30,CUS-02217,prd-0084,0.17,CARTON,666240,113260.80000000002
ORD-2026-051866,2026-05-30,CUS-01448,prd-0084,0.54,CARTON,666240,359769.60000000003
ORD-2026-051872,2026-05-30,CUS-02211,prd-0090,30,EACH,37690,1130700
ORD-2026-051878,2026-05-30,CUS-01539,prd-0100,6,EACH,20780,124680
ORD-2026-051890,2026-05-30,CUS-01849,prd-0148,0.17,CARTON,654480,111261.6
ORD-2026-051892,2026-05-30,CUS-00371,prd-0151,1.25,CARTON,171360,214200.0
ORD-2026-051902,2026-05-30,CUS-01217,prd-0164,4,EACH,19920,79680
ORD-2026-051921,2026-05-31,CUS-00690,prd-0153,0.5,CARTON,1162560,581280.0
ORD-2026-051922,2026-05-31,CUS-01675,prd-0155,1.0,CARTON,790560,790560.0
ORD-2026-051925,2026-05-31,CUS-01220,prd-0160,0.25,CARTON,1581120,395280.0
ORD-2026-051933,2026-06-01,CUS-01919,prd-0006,0.83,CARTON,36720,30477.6
ORD-2026-051940,2026-06-01,CUS-00737,prd-0023,5,EACH,16940,84700
ORD-2026-051943,2026-06-01,CUS-00016,prd-0039,0.21,CARTON,354480,74440.79999999999
ORD-2026-051949,2026-06-01,CUS-02118,prd-0064,0.25,CARTON,145400,36350.0
ORD-2026-051951,2026-06-01,CUS-02485,prd-0072,0.3,CARTON,426000,127800.0
ORD-2026-051954,2026-06-01,CUS-01708,prd-0077,11,EACH,31120,342320
ORD-2026-051961,2026-06-01,CUS-01570,prd-0090,0.33,CARTON,452280,149252.40000000002
ORD-2026-051966,2026-06-01,CUS-00101,prd-0092,1.25,CARTON,363120,453900.0
ORD-2026-051974,2026-06-01,CUS-00200,prd-0111,0.17,CARTON,587520,99878.40000000001
ORD-2026-051975,2026-06-01,CUS-01026,prd-0115,4,EACH,21210,84840
ORD-2026-051978,2026-06-01,CUS-02454,prd-0118,11,EACH,23110,254210
ORD-2026-051987,2026-06-01,CUS-00661,prd-0151,1.75,CARTON,171360,299880.0
ORD-2026-051988,2026-06-01,CUS-00819,prd-0151,5.0,CARTON,171360,856800.0
ORD-2026-051997,2026-06-01,CUS-02440,prd-0164,4,EACH,19920,79680
ORD-2026-051999,2026-06-01,CUS-00584,prd-0168,0.17,CARTON,233880,39759.600000000006
ORD-2026-052000,2026-06-02,CUS-02236,prd-0004,0.5,CARTON,53880,26940.0
ORD-2026-052002,2026-06-02,CUS-02304,prd-0007,0.42,CARTON,204840,86032.79999999999
ORD-2026-052006,2026-06-02,CUS-00040,prd-0018,2.0,CARTON,750840,1501680.0
ORD-2026-052008,2026-06-02,CUS-01405,prd-0023,17,EACH,16940,287980
ORD-2026-052017,2026-06-02,CUS-02301,prd-0040,0.17,CARTON,338400,57528.0
ORD-2026-052021,2026-06-02,CUS-01406,prd-0057,0.5,CARTON,180400,90200.0
ORD-2026-052024,2026-06-02,CUS-01192,prd-0060,0.06,CARTON,2877000,172620.0
ORD-2026-052042,2026-06-02,CUS-02180,prd-0090,1.0,CARTON,452280,452280.0
ORD-2026-052043,2026-06-02,CUS-00189,prd-0090,2.0,CARTON,452280,904560.0
ORD-2026-052049,2026-06-02,CUS-00235,prd-0093,0.58,CARTON,276960,160636.8
ORD-2026-052058,2026-06-02,CUS-01955,prd-0109,0.67,CARTON,368400,246828.0
ORD-2026-052074,2026-06-02,CUS-01562,prd-0151,1.0,CARTON,171360,171360.0
ORD-2026-052075,2026-06-02,CUS-01098,prd-0151,2.25,CARTON,171360,385560.0
ORD-2026-052076,2026-06-02,CUS-01463,prd-0151,1.0,CARTON,171360,171360.0
ORD-2026-052084,2026-06-02,CUS-01428,prd-0160,0.1,CARTON,1581120,158112.0
ORD-2026-052096,2026-06-03,CUS-00493,prd-0039,11,EACH,14770,162470
ORD-2026-052098,2026-06-03,CUS-01132,prd-0049,7,EACH,18190,127330
ORD-2026-052101,2026-06-03,CUS-01068,prd-0065,7,EACH,34000,238000
ORD-2026-052102,2026-06-03,CUS-00195,prd-0068,2,EACH,16320,32640
ORD-2026-052117,2026-06-03,CUS-02247,prd-0100,7,EACH,20780,145460
ORD-2026-052126,2026-06-03,CUS-01287,prd-0122,0.62,CARTON,459360,284803.19999999995
ORD-2026-052127,2026-06-03,CUS-01432,prd-0125,2,EACH,15380,30760
ORD-2026-052133,2026-06-03,CUS-02028,prd-0142,0.5,CARTON,624360,312180.0
ORD-2026-052145,2026-06-03,CUS-02340,prd-0161,0.21,CARTON,1566720,329011.19999999995
ORD-2026-052146,2026-06-03,CUS-01244,prd-0161,0.15,CARTON,1566720,235008.0
ORD-2026-052156,2026-06-04,CUS-00409,prd-0018,1.08,CARTON,750840,810907.2000000001
ORD-2026-052159,2026-06-04,CUS-00711,prd-0033,5,EACH,11040,55200
ORD-2026-052162,2026-06-04,CUS-01371,prd-0045,1.75,CARTON,88080,154140.0
ORD-2026-052166,2026-06-04,CUS-00883,prd-0057,1.0,CARTON,180400,180400.0
ORD-2026-052172,2026-06-04,CUS-02277,prd-0065,0.17,CARTON,408000,69360.0
ORD-2026-052185,2026-06-04,CUS-01807,prd-0086,6,EACH,28180,169080
ORD-2026-052186,2026-06-04,CUS-00848,prd-0086,2,EACH,28180,56360
ORD-2026-052196,2026-06-04,CUS-02390,prd-0090,0.33,CARTON,452280,149252.40000000002
ORD-2026-052203,2026-06-04,CUS-00874,prd-0098,0.25,CARTON,183840,45960.0
ORD-2026-052206,2026-06-04,CUS-01452,prd-0100,0.62,CARTON,498720,309206.4
ORD-2026-052210,2026-06-04,CUS-01421,prd-0115,0.15,CARTON,1018080,152712.0
ORD-2026-052212,2026-06-04,CUS-02089,prd-0118,0.92,CARTON,277320,255134.40000000002
ORD-2026-052221,2026-06-04,CUS-00303,prd-0125,5,EACH,15380,76900
ORD-2026-052224,2026-06-04,CUS-01553,prd-0142,0.67,CARTON,624360,418321.19999999995
ORD-2026-052227,2026-06-04,CUS-00556,prd-0151,2.75,CARTON,171360,471240.0
ORD-2026-052237,2026-06-04,CUS-00540,prd-0165,0.15,CARTON,1122240,168336.0
ORD-2026-052241,2026-06-05,CUS-01618,prd-0004,0.5,CARTON,53880,26940.0
ORD-2026-052246,2026-06-05,CUS-01286,prd-0016,28,EACH,42680,1195040
ORD-2026-052250,2026-06-05,CUS-00784,prd-0033,0.17,CARTON,264960,45043.200000000004
ORD-2026-052270,2026-06-05,CUS-01445,prd-0076,0.58,CARTON,336600,195227.99999999997
ORD-2026-052275,2026-06-05,CUS-00700,prd-0083,6,EACH,23690,142140
ORD-2026-052277,2026-06-05,CUS-01542,prd-0089,0.07,CARTON,520400,36428.0
ORD-2026-052281,2026-06-05,CUS-01892,prd-0090,0.42,CARTON,452280,189957.59999999998
ORD-2026-052284,2026-06-05,CUS-00961,prd-0098,5,EACH,15320,76600
ORD-2026-052296,2026-06-05,CUS-01830,prd-0124,0.06,CARTON,421920,25315.199999999997
ORD-2026-052301,2026-06-05,CUS-02297,prd-0125,0.1,CARTON,461400,46140.0
ORD-2026-052316,2026-06-05,CUS-00152,prd-0167,0.14,CARTON,504720,70660.8
ORD-2026-052317,2026-06-06,CUS-00321,prd-0007,0.5,CARTON,204840,102420.0
ORD-2026-052329,2026-06-06,CUS-01629,prd-0057,0.1,CARTON,180400,18040.0
ORD-2026-052341,2026-06-06,CUS-02277,prd-0090,0.92,CARTON,452280,416097.60000000003
ORD-2026-052342,2026-06-06,CUS-00883,prd-0090,0.75,CARTON,452280,339210.0
ORD-2026-052343,2026-06-06,CUS-00729,prd-0090,10,EACH,37690,376900
ORD-2026-052347,2026-06-06,CUS-01993,prd-0100,3,EACH,20780,62340
ORD-2026-052352,2026-06-06,CUS-02009,prd-0118,0.25,CARTON,277320,69330.0
ORD-2026-052361,2026-06-06,CUS-00185,prd-0131,2,EACH,31140,62280
ORD-2026-052371,2026-06-06,CUS-01682,prd-0157,6,EACH,24810,148860
ORD-2026-052372,2026-06-06,CUS-02320,prd-0160,0.12,CARTON,1581120,189734.4
ORD-2026-052379,2026-06-06,CUS-01967,prd-0169,3,EACH,15310,45930
ORD-2026-052380,2026-06-07,CUS-02425,prd-0004,6,EACH,4490,26940
ORD-2026-052407,2026-06-08,CUS-00690,prd-0008,0.67,CARTON,196320,131534.40000000002
ORD-2026-052410,2026-06-08,CUS-00029,prd-0018,1.17,CARTON,750840,878482.7999999999
ORD-2026-052415,2026-06-08,CUS-01333,prd-0045,0.5,CARTON,88080,44040.0
ORD-2026-052428,2026-06-08,CUS-02297,prd-0077,9,EACH,31120,280080
ORD-2026-052444,2026-06-08,CUS-01984,prd-0090,0.42,CARTON,452280,189957.59999999998
ORD-2026-052445,2026-06-08,CUS-01506,prd-0090,10,EACH,37690,376900
ORD-2026-052451,2026-06-08,CUS-00861,prd-0100,0.12,CARTON,498720,59846.399999999994
ORD-2026-052460,2026-06-08,CUS-02150,prd-0111,2,EACH,12240,24480
ORD-2026-052470,2026-06-08,CUS-01029,prd-0125,4,EACH,15380,61520
ORD-2026-052474,2026-06-08,CUS-01399,prd-0147,0.04,CARTON,775920,31036.800000000003
ORD-2026-052482,2026-06-08,CUS-00351,prd-0151,3,EACH,42840,128520
ORD-2026-052493,2026-06-08,CUS-01258,prd-0161,4,EACH,32640,130560
ORD-2026-052503,2026-06-09,CUS-00111,prd-0005,0.08,CARTON,37320,2985.6000000000004
ORD-2026-052525,2026-06-09,CUS-00551,prd-0073,0.4,CARTON,379300,151720.0
ORD-2026-052533,2026-06-09,CUS-00653,prd-0084,0.46,CARTON,666240,306470.4
ORD-2026-052540,2026-06-09,CUS-01877,prd-0090,1.0,CARTON,452280,452280.0
ORD-2026-052561,2026-06-09,CUS-02371,prd-0128,1.67,CARTON,123540,206311.8
ORD-2026-052572,2026-06-09,CUS-00435,prd-0160,0.33,CARTON,1581120,521769.60000000003
ORD-2026-052574,2026-06-09,CUS-01250,prd-0164,0.5,CARTON,478080,239040.0
ORD-2026-052581,2026-06-10,CUS-01263,prd-0028,1.17,CARTON,58920,68936.4
ORD-2026-052585,2026-06-10,CUS-01275,prd-0035,2,EACH,13660,27320
ORD-2026-052587,2026-06-10,CUS-02079,prd-0038,5,EACH,15680,78400
ORD-2026-052595,2026-06-10,CUS-01655,prd-0061,0.26,CARTON,816000,212160.0
ORD-2026-052598,2026-06-10,CUS-00908,prd-0067,5,EACH,12380,61900
ORD-2026-052600,2026-06-10,CUS-00581,prd-0068,0.58,CARTON,195840,113587.19999999998
ORD-2026-052603,2026-06-10,CUS-01675,prd-0084,2,EACH,27760,55520
ORD-2026-052605,2026-06-10,CUS-01808,prd-0086,0.67,CARTON,338160,226567.2
ORD-2026-052608,2026-06-10,CUS-02169,prd-0090,0.5,CARTON,452280,226140.0
ORD-2026-052614,2026-06-10,CUS-01345,prd-0100,3,EACH,20780,62340
ORD-2026-052629,2026-06-10,CUS-00586,prd-0135,0.06,CARTON,1579200,94752.0
ORD-2026-052630,2026-06-10,CUS-01494,prd-0135,0.44,CARTON,1579200,694848.0
ORD-2026-052642,2026-06-10,CUS-02298,prd-0160,13,EACH,32940,428220
ORD-2026-052648,2026-06-10,CUS-02320,prd-0165,1,EACH,23380,23380
ORD-2026-052661,2026-06-11,CUS-00952,prd-0043,19,EACH,17760,337440
ORD-2026-052664,2026-06-11,CUS-01379,prd-0057,15,EACH,18040,270600
ORD-2026-052689,2026-06-11,CUS-01141,prd-0102,1.08,CARTON,204600,220968.0
ORD-2026-052690,2026-06-11,CUS-00943,prd-0108,0.21,CARTON,738000,154980.0
ORD-2026-052693,2026-06-11,CUS-01564,prd-0125,0.13,CARTON,461400,59982.0
ORD-2026-052703,2026-06-11,CUS-01745,prd-0155,0.67,CARTON,790560,529675.2000000001
ORD-2026-052719,2026-06-12,CUS-00974,prd-0026,0.5,CARTON,49800,24900.0
ORD-2026-052726,2026-06-12,CUS-00899,prd-0058,0.6,CARTON,179800,107880.0
ORD-2026-052729,2026-06-12,CUS-01839,prd-0062,0.3,CARTON,894500,268350.0
ORD-2026-052739,2026-06-12,CUS-00999,prd-0083,0.17,CARTON,568560,96655.20000000001
ORD-2026-052742,2026-06-12,CUS-01931,prd-0086,0.33,CARTON,338160,111592.79999999999
ORD-2026-052753,2026-06-12,CUS-00242,prd-0093,0.42,CARTON,276960,116323.20000000001
ORD-2026-052754,2026-06-12,CUS-00252,prd-0098,0.5,CARTON,183840,91920.0
ORD-2026-052759,2026-06-12,CUS-00599,prd-0116,0.11,CARTON,636480,70012.8
ORD-2026-052764,2026-06-12,CUS-02036,prd-0128,0.67,CARTON,123540,82771.8
ORD-2026-052766,2026-06-12,CUS-01232,prd-0131,0.31,CARTON,1121040,347522.39999999997
ORD-2026-052767,2026-06-12,CUS-00522,prd-0131,4,EACH,31140,124560
ORD-2026-052782,2026-06-12,CUS-02155,prd-0156,8,EACH,58570,468560
ORD-2026-052784,2026-06-12,CUS-01026,prd-0161,1,EACH,32640,32640
ORD-2026-052797,2026-06-13,CUS-02277,prd-0033,0.04,CARTON,264960,10598.400000000001
ORD-2026-052803,2026-06-13,CUS-01614,prd-0057,0.9,CARTON,180400,162360.0
ORD-2026-052805,2026-06-13,CUS-00494,prd-0067,0.71,CARTON,297120,210955.19999999998
ORD-2026-052812,2026-06-13,CUS-01404,prd-0082,0.42,CARTON,368760,154879.2
ORD-2026-052863,2026-06-14,CUS-02393,prd-0090,0.92,CARTON,452280,416097.60000000003
ORD-2026-052876,2026-06-14,CUS-00599,prd-0165,0.29,CARTON,1122240,325449.6
ORD-2026-052879,2026-06-15,CUS-01904,prd-0004,0.25,CARTON,53880,13470.0
ORD-2026-052880,2026-06-15,CUS-01317,prd-0011,2,EACH,17170,34340
ORD-2026-052897,2026-06-15,CUS-01339,prd-0049,1.9,CARTON,181900,345610.0
ORD-2026-052900,2026-06-15,CUS-00472,prd-0057,6,EACH,18040,108240
ORD-2026-052905,2026-06-15,CUS-02351,prd-0064,53,EACH,36350,1926550
ORD-2026-052906,2026-06-15,CUS-02216,prd-0068,1.83,CARTON,195840,358387.2
ORD-2026-052916,2026-06-15,CUS-01220,prd-0086,1.83,CARTON,338160,618832.8
ORD-2026-052923,2026-06-15,CUS-00556,prd-0090,9,EACH,37690,339210
ORD-2026-052933,2026-06-15,CUS-00653,prd-0118,10,EACH,23110,231100
ORD-2026-052935,2026-06-15,CUS-02076,prd-0121,1.0,CARTON,158580,158580.0
ORD-2026-052941,2026-06-15,CUS-01274,prd-0125,0.43,CARTON,461400,198402.0
ORD-2026-052942,2026-06-15,CUS-02254,prd-0125,0.53,CARTON,461400,244542.00000000003
ORD-2026-052946,2026-06-15,CUS-00686,prd-0138,0.06,CARTON,1296960,77817.6
ORD-2026-052948,2026-06-15,CUS-00565,prd-0142,7,EACH,52030,364210
ORD-2026-052951,2026-06-15,CUS-01488,prd-0151,1.25,CARTON,171360,214200.0
ORD-2026-052961,2026-06-15,CUS-02285,prd-0161,0.08,CARTON,1566720,125337.6
ORD-2026-052962,2026-06-15,CUS-00270,prd-0161,0.15,CARTON,1566720,235008.0
ORD-2026-052970,2026-06-15,CUS-02004,prd-0168,16,EACH,19490,311840
ORD-2026-052979,2026-06-16,CUS-00261,prd-0027,0.42,CARTON,59040,24796.800000000003
ORD-2026-052985,2026-06-16,CUS-00216,prd-0041,0.33,CARTON,81960,27046.800000000003
ORD-2026-052993,2026-06-16,CUS-01533,prd-0057,4,EACH,18040,72160
ORD-2026-052994,2026-06-16,CUS-01227,prd-0062,10,EACH,17890,178900
ORD-2026-052998,2026-06-16,CUS-00868,prd-0077,0.33,CARTON,186720,61617.600000000006
ORD-2026-053018,2026-06-16,CUS-00869,prd-0100,1.25,CARTON,498720,623400.0
ORD-2026-053021,2026-06-16,CUS-00935,prd-0108,0.79,CARTON,738000,583020.0
ORD-2026-053031,2026-06-16,CUS-01051,prd-0125,0.33,CARTON,461400,152262.00000000003
ORD-2026-053036,2026-06-16,CUS-01302,prd-0139,9,EACH,33360,300240
ORD-2026-053038,2026-06-16,CUS-00453,prd-0145,0.17,CARTON,763200,129744.0
ORD-2026-053049,2026-06-16,CUS-02112,prd-0161,0.29,CARTON,1566720,454348.79999999993
ORD-2026-053061,2026-06-17,CUS-00028,prd-0020,0.31,CARTON,1402080,434644.80000000005
ORD-2026-053066,2026-06-17,CUS-00601,prd-0031,18,EACH,36660,659880
ORD-2026-053073,2026-06-17,CUS-00572,prd-0064,2.5,CARTON,145400,363500.0
ORD-2026-053078,2026-06-17,CUS-01614,prd-0077,1.0,CARTON,186720,186720.0
ORD-2026-053080,2026-06-17,CUS-00658,prd-0078,6,EACH,33720,202320
ORD-2026-053084,2026-06-17,CUS-01321,prd-0085,7,EACH,32580,228060
ORD-2026-053089,2026-06-17,CUS-02299,prd-0090,8,EACH,37690,301520
ORD-2026-053090,2026-06-17,CUS-00980,prd-0090,1,EACH,37690,37690
ORD-2026-053112,2026-06-17,CUS-00611,prd-0150,3.5,CARTON,191400,669900.0
ORD-2026-053114,2026-06-17,CUS-01255,prd-0151,2.5,CARTON,171360,428400.0
ORD-2026-053115,2026-06-17,CUS-01601,prd-0151,1.0,CARTON,171360,171360.0
ORD-2026-053125,2026-06-18,CUS-00803,prd-0004,0.33,CARTON,53880,17780.4
ORD-2026-053140,2026-06-18,CUS-00121,prd-0077,0.33,CARTON,186720,61617.600000000006
ORD-2026-053151,2026-06-18,CUS-01577,prd-0090,0.75,CARTON,452280,339210.0
ORD-2026-053158,2026-06-18,CUS-00075,prd-0098,0.25,CARTON,183840,45960.0
ORD-2026-053161,2026-06-18,CUS-01311,prd-0100,0.33,CARTON,498720,164577.6
ORD-2026-053182,2026-06-18,CUS-01424,prd-0151,11,EACH,42840,471240
ORD-2026-053186,2026-06-18,CUS-00650,prd-0153,16,EACH,24220,387520
ORD-2026-053188,2026-06-18,CUS-02129,prd-0156,0.67,CARTON,702840,470902.80000000005
ORD-2026-053207,2026-06-19,CUS-00016,prd-0018,0.58,CARTON,750840,435487.19999999995
ORD-2026-053210,2026-06-19,CUS-00244,prd-0019,0.15,CARTON,1499520,224928.0
ORD-2026-053214,2026-06-19,CUS-00994,prd-0039,2.25,CARTON,354480,797580.0
ORD-2026-053215,2026-06-19,CUS-00621,prd-0040,0.42,CARTON,338400,142128.0
ORD-2026-053225,2026-06-19,CUS-01727,prd-0074,10,EACH,38390,383900
ORD-2026-053229,2026-06-19,CUS-02415,prd-0078,2,EACH,33720,67440
ORD-2026-053234,2026-06-19,CUS-00703,prd-0090,0.25,CARTON,452280,113070.0
ORD-2026-053237,2026-06-19,CUS-00483,prd-0100,0.08,CARTON,498720,39897.600000000006
ORD-2026-053248,2026-06-19,CUS-02129,prd-0128,1.5,CARTON,123540,185310.0
ORD-2026-053249,2026-06-19,CUS-00244,prd-0134,5,EACH,34970,174850
ORD-2026-053257,2026-06-19,CUS-01419,prd-0146,0.33,CARTON,835680,275774.4
ORD-2026-053259,2026-06-19,CUS-00797,prd-0151,3.0,CARTON,171360,514080.0
ORD-2026-053263,2026-06-19,CUS-00140,prd-0157,0.92,CARTON,297720,273902.4
ORD-2026-053265,2026-06-19,CUS-01407,prd-0161,0.08,CARTON,1566720,125337.6
ORD-2026-053266,2026-06-19,CUS-00189,prd-0161,0.06,CARTON,1566720,94003.2
ORD-2026-053272,2026-06-20,CUS-01464,prd-0004,0.83,CARTON,53880,44720.399999999994
ORD-2026-053286,2026-06-20,CUS-00407,prd-0068,0.17,CARTON,195840,33292.8
ORD-2026-053292,2026-06-20,CUS-01710,prd-0084,0.21,CARTON,666240,139910.4
ORD-2026-053297,2026-06-20,CUS-01045,prd-0090,0.67,CARTON,452280,303027.60000000003
ORD-2026-053306,2026-06-20,CUS-01941,prd-0100,5,EACH,20780,103900
ORD-2026-053309,2026-06-20,CUS-02129,prd-0120,3,EACH,14740,44220
ORD-2026-053312,2026-06-20,CUS-00302,prd-0128,1.0,CARTON,123540,123540.0
ORD-2026-053317,2026-06-20,CUS-00967,prd-0137,0.1,CARTON,1327200,132720.0
ORD-2026-053323,2026-06-20,CUS-01271,prd-0151,1.0,CARTON,171360,171360.0
ORD-2026-053337,2026-06-21,CUS-01458,prd-0064,2.0,CARTON,145400,290800.0
ORD-2026-053339,2026-06-21,CUS-01584,prd-0074,0.9,CARTON,383900,345510.0
ORD-2026-053340,2026-06-21,CUS-01128,prd-0080,0.25,CARTON,286800,71700.0
ORD-2026-053342,2026-06-21,CUS-02320,prd-0098,1.75,CARTON,183840,321720.0
ORD-2026-053343,2026-06-21,CUS-02117,prd-0100,0.08,CARTON,498720,39897.600000000006
ORD-2026-053345,2026-06-21,CUS-02188,prd-0123,0.54,CARTON,345840,186753.6
ORD-2026-053348,2026-06-21,CUS-01306,prd-0128,1.0,CARTON,123540,123540.0
ORD-2026-053353,2026-06-21,CUS-01336,prd-0151,1.75,CARTON,171360,299880.0
ORD-2026-053355,2026-06-21,CUS-01250,prd-0160,0.4,CARTON,1581120,632448.0
ORD-2026-053356,2026-06-21,CUS-02186,prd-0161,7,EACH,32640,228480
ORD-2026-053363,2026-06-22,CUS-01846,prd-0019,1,EACH,31240,31240
ORD-2026-053365,2026-06-22,CUS-00546,prd-0020,0.21,CARTON,1402080,294436.8
ORD-2026-053367,2026-06-22,CUS-01171,prd-0027,0.33,CARTON,59040,19483.2
ORD-2026-053368,2026-06-22,CUS-00203,prd-0033,5,EACH,11040,55200
ORD-2026-053372,2026-06-22,CUS-00693,prd-0046,0.2,CARTON,347200,69440.0
ORD-2026-053375,2026-06-22,CUS-02160,prd-0064,2.0,CARTON,145400,290800.0
ORD-2026-053378,2026-06-22,CUS-01949,prd-0072,0.9,CARTON,426000,383400.0
ORD-2026-053382,2026-06-22,CUS-00730,prd-0079,0.7,CARTON,468700,328090.0
ORD-2026-053383,2026-06-22,CUS-01120,prd-0082,0.5,CARTON,368760,184380.0
ORD-2026-053392,2026-06-22,CUS-00825,prd-0090,0.67,CARTON,452280,303027.60000000003
ORD-2026-053393,2026-06-22,CUS-00871,prd-0090,0.58,CARTON,452280,262322.39999999997
ORD-2026-053406,2026-06-22,CUS-01402,prd-0102,0.75,CARTON,204600,153450.0
ORD-2026-053411,2026-06-22,CUS-00106,prd-0115,0.06,CARTON,1018080,61084.799999999996
ORD-2026-053413,2026-06-22,CUS-01172,prd-0120,1.12,CARTON,353760,396211.20000000007
ORD-2026-053416,2026-06-22,CUS-01975,prd-0121,1.17,CARTON,158580,185538.59999999998
ORD-2026-053417,2026-06-22,CUS-00685,prd-0123,0.17,CARTON,345840,58792.8
ORD-2026-053423,2026-06-22,CUS-00356,prd-0150,1.75,CARTON,191400,334950.0
ORD-2026-053428,2026-06-22,CUS-01115,prd-0151,0.5,CARTON,171360,85680.0
ORD-2026-053431,2026-06-22,CUS-01803,prd-0153,0.5,CARTON,1162560,581280.0
ORD-2026-053445,2026-06-23,CUS-01295,prd-0047,14,EACH,19060,266840
ORD-2026-053456,2026-06-23,CUS-01241,prd-0088,0.07,CARTON,611600,42812.00000000001
ORD-2026-053460,2026-06-23,CUS-02364,prd-0090,0.83,CARTON,452280,375392.39999999997
ORD-2026-053475,2026-06-23,CUS-00810,prd-0126,7,EACH,29270,204890
ORD-2026-053477,2026-06-23,CUS-01937,prd-0138,0.1,CARTON,1296960,129696.0
ORD-2026-053488,2026-06-23,CUS-00148,prd-0153,4,EACH,24220,96880
ORD-2026-053491,2026-06-23,CUS-01535,prd-0155,3,EACH,65880,197640
ORD-2026-053502,2026-06-24,CUS-00361,prd-0019,7,EACH,31240,218680
ORD-2026-053503,2026-06-24,CUS-01980,prd-0025,0.5,CARTON,61080,30540.0
ORD-2026-053516,2026-06-24,CUS-01645,prd-0061,4,EACH,16320,65280
ORD-2026-053533,2026-06-24,CUS-00016,prd-0090,3,EACH,37690,113070
ORD-2026-053534,2026-06-24,CUS-02111,prd-0090,20,EACH,37690,753800
ORD-2026-053554,2026-06-24,CUS-01402,prd-0125,0.27,CARTON,461400,124578.00000000001
ORD-2026-053562,2026-06-24,CUS-00935,prd-0146,0.33,CARTON,835680,275774.4
ORD-2026-053568,2026-06-24,CUS-00290,prd-0156,0.08,CARTON,702840,56227.200000000004
ORD-2026-053572,2026-06-24,CUS-02347,prd-0165,11,EACH,23380,257180
ORD-2026-053575,2026-06-24,CUS-00273,prd-0166,0.29,CARTON,1231200,357047.99999999994
ORD-2026-053613,2026-06-25,CUS-01136,prd-0091,16,EACH,27010,432160
ORD-2026-053622,2026-06-25,CUS-01707,prd-0100,0.08,CARTON,498720,39897.600000000006
ORD-2026-053632,2026-06-25,CUS-01906,prd-0121,3.5,CARTON,158580,555030.0
ORD-2026-053634,2026-06-25,CUS-01529,prd-0122,0.33,CARTON,459360,151588.80000000002
ORD-2026-053636,2026-06-25,CUS-00326,prd-0125,0.13,CARTON,461400,59982.0
ORD-2026-053638,2026-06-25,CUS-02434,prd-0135,5,EACH,32900,164500
ORD-2026-053639,2026-06-25,CUS-00752,prd-0137,0.52,CARTON,1327200,690144.0
ORD-2026-053640,2026-06-25,CUS-00712,prd-0144,2.75,CARTON,383880,1055670.0
ORD-2026-053661,2026-06-25,CUS-01533,prd-0169,0.04,CARTON,734880,29395.199999999997
ORD-2026-053664,2026-06-26,CUS-01239,prd-0014,0.25,CARTON,165480,41370.0
ORD-2026-053668,2026-06-26,CUS-01531,prd-0020,8,EACH,29210,233680
ORD-2026-053669,2026-06-26,CUS-02254,prd-0033,0.12,CARTON,264960,31795.199999999997
ORD-2026-053670,2026-06-26,CUS-01770,prd-0037,2.04,CARTON,615600,1255824.0
ORD-2026-053674,2026-06-26,CUS-02365,prd-0058,0.4,CARTON,179800,71920.0
ORD-2026-053677,2026-06-26,CUS-00096,prd-0065,0.42,CARTON,408000,171360.0
ORD-2026-053691,2026-06-26,CUS-02374,prd-0086,0.33,CARTON,338160,111592.79999999999
ORD-2026-053697,2026-06-26,CUS-00432,prd-0090,4,EACH,37690,150760
ORD-2026-053712,2026-06-26,CUS-00952,prd-0118,1.67,CARTON,277320,463124.39999999997
ORD-2026-053716,2026-06-26,CUS-01800,prd-0123,0.29,CARTON,345840,100293.59999999999
ORD-2026-053718,2026-06-26,CUS-01028,prd-0131,9,EACH,31140,280260
ORD-2026-053724,2026-06-26,CUS-01621,prd-0148,0.12,CARTON,654480,78537.6
ORD-2026-053735,2026-06-26,CUS-01621,prd-0161,4,EACH,32640,130560
ORD-2026-053738,2026-06-26,CUS-00321,prd-0163,0.12,CARTON,666960,80035.2
ORD-2026-053751,2026-06-27,CUS-00924,prd-0039,0.08,CARTON,354480,28358.4
ORD-2026-053767,2026-06-27,CUS-01785,prd-0080,6,EACH,23900,143400
ORD-2026-053769,2026-06-27,CUS-01532,prd-0082,0.75,CARTON,368760,276570.0
ORD-2026-053779,2026-06-27,CUS-02129,prd-0100,0.54,CARTON,498720,269308.80000000005
ORD-2026-053785,2026-06-27,CUS-01510,prd-0111,0.08,CARTON,587520,47001.600000000006
ORD-2026-053788,2026-06-27,CUS-01952,prd-0125,7,EACH,15380,107660
ORD-2026-053794,2026-06-27,CUS-02213,prd-0151,0.5,CARTON,171360,85680.0
ORD-2026-053809,2026-06-28,CUS-02298,prd-0075,0.5,CARTON,204120,102060.0
ORD-2026-053818,2026-06-28,CUS-01074,prd-0111,6,EACH,12240,73440
ORD-2026-053830,2026-06-28,CUS-01244,prd-0151,2.25,CARTON,171360,385560.0
ORD-2026-053854,2026-06-29,CUS-00232,prd-0065,1.33,CARTON,408000,542640.0
ORD-2026-053865,2026-06-29,CUS-00896,prd-0077,9,EACH,31120,280080
ORD-2026-053890,2026-06-29,CUS-01701,prd-0131,0.22,CARTON,1121040,246628.80000000002
ORD-2026-053898,2026-06-29,CUS-01157,prd-0156,0.5,CARTON,702840,351420.0
ORD-2026-053902,2026-06-29,CUS-01260,prd-0160,20,EACH,32940,658800
ORD-2026-053917,2026-06-30,CUS-01736,prd-0016,0.42,CARTON,512160,215107.19999999998
ORD-2026-053921,2026-06-30,CUS-00709,prd-0024,0.33,CARTON,58800,19404.0
ORD-2026-053923,2026-06-30,CUS-01107,prd-0028,1.0,CARTON,58920,58920.0
ORD-2026-053925,2026-06-30,CUS-02069,prd-0041,0.25,CARTON,81960,20490.0
ORD-2026-053940,2026-06-30,CUS-00615,prd-0078,1.42,CARTON,404640,574588.7999999999
ORD-2026-053947,2026-06-30,CUS-02361,prd-0086,0.25,CARTON,338160,84540.0
