OrderID,OrderDate,CustomerID,ProductID,Quantity,UnitPrice,LineTotal,Notes
ORD-2024-000005,2024-07-01,CUS-01500,PRD-0004,4,"4,490","17,960",
ORD-2024-000007,2024-07-01,CUS-00884,PRD-0012,4,"18,410","73,640",
ORD-2024-000009,2024-07-01,CUS-00022,PRD-0024,9,"9,800","88,200",
ORD-2024-000016,2024-07-01,CUS-00550,PRD-0057,4,"18,040","72,160",
ORD-2024-000017,2024-07-01,CUS-02386,PRD-0059,7,"50,810","355,670",
ORD-2024-000023,2024-07-01,CUS-00773,PRD-0077,9,"31,120","280,080",
ORD-2024-000034,2024-07-01,CUS-01709,PRD-0083,9,"23,690","213,210",
ORD-2024-000042,2024-07-01,CUS-02324,PRD-0090,10,"37,690","376,900",
ORD-2024-000048,2024-07-01,CUS-02047,PRD-0100,7,"20,780","145,460",
ORD-2024-000064,2024-07-01,CUS-01031,PRD-0125,5,"15,380","76,900",
ORD-2024-000065,2024-07-01,CUS-01164,PRD-0125,6,"15,380","92,280",
ORD-2024-000066,2024-07-01,CUS-00310,PRD-0126,4,"29,270","117,080",
ORD-2024-000068,2024-07-01,CUS-00463,PRD-0130,4,"13,600","54,400",
ORD-2024-000081,2024-07-01,CUS-02161,PRD-0155,4,"65,880","263,520",
ORD-2024-000086,2024-07-01,CUS-00044,PRD-0160,9,"32,940","296,460",
ORD-2024-000091,2024-07-01,CUS-00112,PRD-0170,6,"17,370","104,220",
ORD-2024-000093,2024-07-02,CUS-00626,PRD-0007,4,"17,070","68,280",
ORD-2024-000094,2024-07-02,CUS-00245,PRD-0011,6,"17,170","103,020",
ORD-2024-000108,2024-07-02,CUS-00549,PRD-0062,11,"17,890","196,790",
ORD-2024-000109,2024-07-02,CUS-01133,PRD-0062,7,"17,890","125,230",
ORD-2024-000116,2024-07-02,CUS-00047,PRD-0083,11,"23,690","260,590",
ORD-2024-000119,2024-07-02,CUS-00720,PRD-0090,2,"37,690","75,380",
ORD-2024-000122,2024-07-02,CUS-00790,PRD-0098,6,"15,320","91,920",
ORD-2024-000129,2024-07-02,CUS-00022,PRD-0113,9,"10,420","93,780",
ORD-2024-000134,2024-07-02,CUS-00968,PRD-0125,4,"15,380","61,520",
ORD-2024-000135,2024-07-02,CUS-01228,PRD-0125,7,"15,380","107,660",
ORD-2024-000149,2024-07-02,CUS-00190,PRD-0153,3,"24,220","72,660",
ORD-2024-000156,2024-07-02,CUS-01646,PRD-0166,12,"25,650","307,800",
ORD-2024-000158,2024-07-03,CUS-00996,PRD-0007,4,"17,070","68,280",
ORD-2024-000164,2024-07-03,CUS-01389,PRD-0027,5,"4,920","24,600",
ORD-2024-000172,2024-07-03,CUS-00845,PRD-0067,4,"12,380","49,520",
ORD-2024-000178,2024-07-03,CUS-00488,PRD-0086,7,"28,180","197,260",
ORD-2024-000183,2024-07-03,CUS-00531,PRD-0090,15,"37,690","565,350",
ORD-2024-000184,2024-07-03,CUS-00796,PRD-0090,8,"37,690","301,520",
ORD-2024-000189,2024-07-03,CUS-01663,PRD-0100,6,"20,780","124,680",
ORD-2024-000195,2024-07-03,CUS-00458,PRD-0130,5,"13,600","68,000",
ORD-2024-000198,2024-07-03,CUS-00205,PRD-0143,2,"48,640","97,280",
ORD-2024-000208,2024-07-03,CUS-01196,PRD-0151,42,"42,840","1,799,280",
ORD-2024-000220,2024-07-04,CUS-02251,PRD-0007,6,"17,070","102,420",
ORD-2024-000226,2024-07-04,CUS-01628,PRD-0024,8,"9,800","78,400",
ORD-2024-000227,2024-07-04,CUS-00151,PRD-0024,1,"9,800","9,800",
ORD-2024-000233,2024-07-04,CUS-02424,PRD-0037,2,"25,650","51,300",
ORD-2024-000234,2024-07-04,CUS-01544,PRD-0048,9,"16,870","151,830",
ORD-2024-000238,2024-07-04,CUS-01353,PRD-0063,6,"15,070","90,420",
ORD-2024-000240,2024-07-04,CUS-01055,PRD-0067,6,"12,380","74,280",
ORD-2024-000248,2024-07-04,CUS-01890,PRD-0081,4,"42,190","168,760",
ORD-2024-000264,2024-07-04,CUS-00468,PRD-0100,6,"20,780","124,680",
ORD-2024-000277,2024-07-04,CUS-02312,PRD-0126,10,"29,270","292,700",
ORD-2024-000278,2024-07-04,CUS-02424,PRD-0130,2,"13,600","27,200",
ORD-2024-000280,2024-07-04,CUS-01897,PRD-0132,9,"38,360","345,240",
ORD-2024-000287,2024-07-04,CUS-02290,PRD-0151,12,"42,840","514,080",
ORD-2024-000288,2024-07-04,CUS-02278,PRD-0151,9,"42,840","385,560",
ORD-2024-000289,2024-07-04,CUS-02474,PRD-0151,11,"42,840","471,240",
ORD-2024-000296,2024-07-04,CUS-01883,PRD-0161,9,"32,640","293,760",
ORD-2024-000303,2024-07-05,CUS-00783,PRD-0008,7,"16,360","114,520",
ORD-2024-000305,2024-07-05,CUS-01581,PRD-0011,18,"17,170","309,060",
ORD-2024-000310,2024-07-05,CUS-01511,PRD-0037,3,"25,650","76,950",
ORD-2024-000318,2024-07-05,CUS-00132,PRD-0061,4,"16,320","65,280",
ORD-2024-000319,2024-07-05,CUS-02067,PRD-0064,17,"36,350","617,950",
ORD-2024-000322,2024-07-05,CUS-01788,PRD-0068,2,"16,320","32,640",
ORD-2024-000324,2024-07-05,CUS-02052,PRD-0071,3,"17,380","52,140",
ORD-2024-000330,2024-07-05,CUS-01436,PRD-0080,2,"23,900","47,800",
ORD-2024-000340,2024-07-05,CUS-00456,PRD-0091,8,"27,010","216,080",
ORD-2024-000343,2024-07-05,CUS-01924,PRD-0098,6,"15,320","91,920",
ORD-2024-000344,2024-07-05,CUS-02357,PRD-0098,2,"15,320","30,640",
ORD-2024-000356,2024-07-05,CUS-01559,PRD-0125,9,"15,380","138,420",
ORD-2024-000357,2024-07-05,CUS-00929,PRD-0126,9,"29,270","263,430",
ORD-2024-000368,2024-07-05,CUS-02098,PRD-0151,12,"42,840","514,080",
ORD-2024-000374,2024-07-05,CUS-02312,PRD-0160,8,"32,940","263,520",
ORD-2024-000380,2024-07-05,CUS-00820,PRD-0166,28,"25,650","718,200",
ORD-2024-000381,2024-07-05,CUS-00403,PRD-0170,3,"17,370","52,110",
ORD-2024-000390,2024-07-06,CUS-00988,PRD-0051,8,"43,070","344,560",
ORD-2024-000394,2024-07-06,,PRD-0058,6,"17,980","107,880",
ORD-2024-000396,2024-07-06,CUS-02302,PRD-0064,23,"36,350","836,050",
ORD-2024-000397,2024-07-06,CUS-01347,PRD-0064,4,"36,350","145,400",
ORD-2024-000407,2024-07-06,CUS-02383,PRD-0086,4,"28,180","112,720",
ORD-2024-000408,2024-07-06,CUS-01840,PRD-0086,4,"28,180","112,720",
ORD-2024-000414,2024-07-06,CUS-01133,PRD-0094,1,"22,360","22,360",
ORD-2024-000415,2024-07-06,CUS-02047,PRD-0098,5,"15,320","76,600",
ORD-2024-000417,2024-07-06,CUS-01881,PRD-0108,15,"30,750","461,250",
ORD-2024-000421,2024-07-06,CUS-01821,PRD-0118,4,"23,110","92,440",
ORD-2024-000426,2024-07-06,CUS-01159,PRD-0138,6,"27,020","162,120",
ORD-2024-000433,2024-07-06,CUS-02451,PRD-0156,18,"58,570","1,054,260",
ORD-2024-000435,2024-07-06,CUS-01764,PRD-0161,3,"32,640","97,920",
ORD-2024-000440,2024-07-06,CUS-02261,PRD-0167,4,"14,020","56,080",
ORD-2024-000453,2024-07-07,CUS-01799,PRD-0090,11,"37,690","414,590",
ORD-2024-000464,2024-07-08,CUS-01057,PRD-0031,1,"36,660","36,660",
ORD-2024-000478,2024-07-08,CUS-00284,PRD-0077,9,"31,120","280,080",
ORD-2024-000479,2024-07-08,CUS-00849,PRD-0077,4,"31,120","124,480",
ORD-2024-000481,2024-07-08,CUS-02181,PRD-0082,2,"30,730","61,460",
ORD-2024-000490,2024-07-08,CUS-01372,PRD-0090,5,"37,690","188,450",
ORD-2024-000491,2024-07-08,CUS-01401,PRD-0090,16,"37,690","603,040",
ORD-2024-000497,2024-07-08,CUS-02119,PRD-0100,12,"20,780","249,360",
ORD-2024-000501,2024-07-08,CUS-01756,PRD-0108,9,"30,750","276,750",
ORD-2024-000504,2024-07-08,CUS-00805,PRD-0112,8,"15,500","124,000",
ORD-2024-000521,2024-07-08,CUS-01021,PRD-0143,2,"48,640","97,280",
ORD-2024-000522,2024-07-08,CUS-00515,PRD-0143,8,"48,640","389,120",
ORD-2024-000535,2024-07-08,CUS-01526,PRD-0161,12,"32,640","391,680",
ORD-2024-000540,2024-07-08,CUS-01422,PRD-0170,13,"17,370","225,810",
ORD-2024-000541,2024-07-09,CUS-02339,PRD-0004,3,"4,490","13,470",
ORD-2024-000542,2024-07-09,CUS-00404,PRD-0005,2,"3,110","6,220",
ORD-2024-000548,2024-07-09,CUS-00969,PRD-0023,16,"16,940","271,040",
ORD-2024-000552,2024-07-09,CUS-01174,PRD-0035,16,"13,660","218,560",
ORD-2024-000560,2024-07-09,,PRD-0074,2,"38,390","76,780",
ORD-2024-000566,2024-07-09,CUS-00988,PRD-0086,3,"28,180","84,540",
ORD-2024-000572,2024-07-09,CUS-00734,PRD-0098,13,"15,320","199,160",
ORD-2024-000577,2024-07-09,CUS-00914,PRD-0105,10,"41,060","410,600",
ORD-2024-000583,2024-07-09,CUS-02138,PRD-0121,10,"26,430","264,300",
ORD-2024-000595,2024-07-09,CUS-01930,PRD-0146,6,"34,820","208,920",
ORD-2024-000596,2024-07-09,CUS-01551,PRD-0148,5,"27,270","136,350",
ORD-2024-000601,2024-07-09,CUS-01205,PRD-0156,11,"58,570","644,270",
ORD-2024-000610,2024-07-10,CUS-00888,PRD-0008,8,"16,360","130,880",
ORD-2024-000613,2024-07-10,CUS-02272,PRD-0040,12,"14,100","169,200",
ORD-2024-000614,2024-07-10,CUS-02421,PRD-0046,3,"17,360","52,080",
ORD-2024-000620,2024-07-10,CUS-01174,PRD-0059,6,"50,810","304,860",
ORD-2024-000622,2024-07-10,CUS-00278,PRD-0060,7,"57,540","402,780",
ORD-2024-000625,2024-07-10,CUS-01930,PRD-0061,2,"16,320","32,640",
ORD-2024-000626,2024-07-10,CUS-01285,PRD-0061,5,"16,320","81,600",
ORD-2024-000636,2024-07-10,CUS-01104,PRD-0083,7,"23,690","165,830",
ORD-2024-000645,2024-07-10,CUS-00894,PRD-0090,6,"37,690","226,140",
ORD-2024-000646,2024-07-10,CUS-00885,PRD-0091,7,"27,010","189,070",
ORD-2024-000663,2024-07-10,CUS-00951,PRD-0139,8,"33,360","266,880",
ORD-2024-000671,2024-07-10,CUS-02399,PRD-0151,8,"42,840","342,720",
ORD-2024-000677,2024-07-10,CUS-01769,PRD-0161,14,"32,640","456,960",
ORD-2024-000685,2024-07-11,CUS-01385,PRD-0008,8,"16,360","130,880",
ORD-2024-000695,2024-07-11,CUS-00348,PRD-0057,11,"18,040","198,440",
ORD-2024-000698,2024-07-11,CUS-01022,PRD-0074,2,"38,390","76,780",
ORD-2024-000713,2024-07-11,CUS-00035,PRD-0090,5,"37,690","188,450",
ORD-2024-000725,2024-07-11,CUS-01228,PRD-0125,7,"15,380","107,660",
ORD-2024-000731,2024-07-11,CUS-00094,PRD-0142,7,"52,030","364,210",
ORD-2024-000733,2024-07-11,CUS-01769,PRD-0151,5,"42,840","214,200",
ORD-2024-000743,2024-07-11,CUS-01926,PRD-0166,7,"25,650","179,550",
ORD-2024-000750,2024-07-12,CUS-01968,PRD-0029,8,"11,070","88,560",
ORD-2024-000753,2024-07-12,CUS-01100,PRD-0036,8,"20,500","164,000",
ORD-2024-000754,2024-07-12,CUS-00042,PRD-0039,5,"14,770","73,850",
ORD-2024-000755,2024-07-12,CUS-00092,PRD-0046,6,"17,360","104,160",
ORD-2024-000756,2024-07-12,CUS-00471,PRD-0052,3,"43,630","130,890",
ORD-2024-000758,2024-07-12,CUS-01387,PRD-0056,9,"25,020","225,180",
ORD-2024-000767,2024-07-12,CUS-02496,PRD-0077,4,"31,120","124,480",
ORD-2024-000770,2024-07-12,CUS-00996,PRD-0080,4,"23,900","95,600",
ORD-2024-000771,2024-07-12,CUS-00190,PRD-0083,12,"23,690","284,280",
ORD-2024-000772,2024-07-12,CUS-00418,PRD-0084,11,"27,760","305,360",
ORD-2024-000783,2024-07-12,CUS-01089,PRD-0100,1,"20,780","20,780",
ORD-2024-000784,2024-07-12,CUS-02047,PRD-0100,1,"20,780","20,780",
ORD-2024-000809,2024-07-12,CUS-02046,PRD-0138,15,"27,020","405,300",
ORD-2024-000824,2024-07-12,CUS-01228,PRD-0160,2,"32,940","65,880",
ORD-2024-000828,2024-07-12,CUS-01383,PRD-0161,7,"32,640","228,480",
ORD-2024-000857,2024-07-13,CUS-00996,PRD-0090,4,"37,690","150,760",
ORD-2024-000858,2024-07-13,CUS-01732,PRD-0090,17,"37,690","640,730",
ORD-2024-000859,2024-07-13,CUS-00747,PRD-0097,5,"21,780","108,900",
ORD-2024-000875,2024-07-13,CUS-01471,PRD-0161,3,"32,640","97,920",
ORD-2024-000887,2024-07-14,CUS-02063,PRD-0109,10,"30,700","307,000",
ORD-2024-000888,2024-07-14,CUS-02355,PRD-0110,4,"30,350","121,400",
ORD-2024-000911,2024-07-15,CUS-01372,PRD-0037,4,"25,650","102,600",
ORD-2024-000912,2024-07-15,CUS-01440,PRD-0039,4,"14,770","59,080",
ORD-2024-000919,2024-07-15,CUS-00951,PRD-0060,5,"57,540","287,700",
ORD-2024-000926,2024-07-15,CUS-01221,PRD-0082,8,"30,730","245,840",
ORD-2024-000931,2024-07-15,CUS-00134,PRD-0086,8,"28,180","225,440",
ORD-2024-000932,2024-07-15,CUS-01872,PRD-0086,17,"28,180","479,060",
ORD-2024-000942,2024-07-15,CUS-02273,PRD-0090,4,"37,690","150,760",
ORD-2024-000943,2024-07-15,CUS-00222,PRD-0091,4,"27,010","108,040",
ORD-2024-000944,2024-07-15,CUS-00720,PRD-0098,8,"15,320","122,560",
ORD-2024-000951,2024-07-15,CUS-02214,PRD-0111,5,"12,240","61,200",
ORD-2024-000952,2024-07-15,CUS-00135,PRD-0117,9,"17,520","157,680",
ORD-2024-000954,2024-07-15,CUS-00092,PRD-0125,5,"15,380","76,900",
ORD-2024-000956,2024-07-15,CUS-01688,PRD-0136,3,"54,950","164,850",
ORD-2024-000965,2024-07-15,CUS-02083,PRD-0161,1,"32,640","32,640",
ORD-2024-000972,2024-07-15,CUS-00428,PRD-0169,1,"15,310","15,310",
ORD-2024-000977,2024-07-16,CUS-00039,PRD-0010,5,"16,050","80,250",
ORD-2024-000978,2024-07-16,CUS-01720,PRD-0011,6,"17,170","103,020",
ORD-2024-000984,2024-07-16,CUS-00478,PRD-0025,21,"5,090","106,890",
ORD-2024-000996,2024-07-16,CUS-01119,PRD-0057,4,"18,040","72,160",
ORD-2024-000999,2024-07-16,CUS-02063,PRD-0068,14,"16,320","228,480",
ORD-2024-001023,2024-07-16,CUS-00429,PRD-0090,11,"37,690","414,590",
ORD-2024-001024,2024-07-16,CUS-01072,PRD-0090,3,"37,690","113,070",
ORD-2024-001029,2024-07-16,CUS-00982,PRD-0100,3,"20,780","62,340",
ORD-2024-001030,2024-07-16,CUS-01252,PRD-0100,4,"20,780","83,120",
ORD-2024-001034,2024-07-16,CUS-02244,PRD-0111,4,"12,240","48,960",
ORD-2024-001043,2024-07-16,CUS-01040,PRD-0131,4,"31,140","124,560",
ORD-2024-001045,2024-07-16,CUS-01353,PRD-0138,12,"27,020","324,240",
ORD-2024-001083,2024-07-17,CUS-01198,PRD-0051,3,"43,070","129,210",
ORD-2024-001090,2024-07-17,CUS-02067,PRD-0060,6,"57,540","345,240",
ORD-2024-001094,2024-07-17,CUS-00221,PRD-0072,1,"42,600","42,600",
ORD-2024-001103,2024-07-17,CUS-01961,PRD-0090,19,"37,690","716,110",
ORD-2024-001104,2024-07-17,CUS-01918,PRD-0090,5,"37,690","188,450",
ORD-2024-001107,2024-07-17,CUS-00643,PRD-0098,13,"15,320","199,160",
ORD-2024-001112,2024-07-17,CUS-00427,PRD-0100,10,"20,780","207,800",
ORD-2024-001118,2024-07-17,CUS-00181,PRD-0122,9,"19,140","172,260",
ORD-2024-001121,2024-07-17,CUS-00627,PRD-0131,5,"31,140","155,700",
ORD-2024-001125,2024-07-17,CUS-02391,PRD-0135,27,"32,900","888,300",
ORD-2024-001126,2024-07-17,CUS-00976,PRD-0135,2,"32,900","65,800",
ORD-2024-001138,2024-07-17,CUS-02055,PRD-0156,6,"58,570","351,420",
ORD-2024-001139,2024-07-17,CUS-02178,PRD-0161,6,"32,640","195,840",
ORD-2024-001141,2024-07-17,CUS-02461,PRD-0164,8,"19,920","159,360",
ORD-2024-001147,2024-07-18,CUS-00926,PRD-0004,6,"4,490","26,940",
ORD-2024-001152,2024-07-18,CUS-01159,PRD-0025,5,"5,090","25,450",
ORD-2024-001159,2024-07-18,CUS-02119,PRD-0039,5,"14,770","73,850",
ORD-2024-001161,2024-07-18,CUS-01191,PRD-0046,17,"17,360","295,120",
ORD-2024-001162,2024-07-18,CUS-02248,PRD-0047,3,"19,060","57,180",
ORD-2024-001164,2024-07-18,CUS-00211,PRD-0059,4,"50,810","203,240",
ORD-2024-001165,2024-07-18,CUS-00283,PRD-0063,2,"15,070","30,140",
ORD-2024-001170,2024-07-18,CUS-00837,PRD-0070,8,"19,240","153,920",
ORD-2024-001171,2024-07-18,CUS-02418,PRD-0072,6,"42,600","255,600",
ORD-2024-001178,2024-07-18,CUS-00295,PRD-0083,7,"23,690","165,830",
ORD-2024-001181,2024-07-18,CUS-01122,PRD-0086,9,"28,180","253,620",
ORD-2024-001189,2024-07-18,CUS-00823,PRD-0090,4,"37,690","150,760",
ORD-2024-001215,2024-07-18,CUS-00969,PRD-0145,15,"31,800","477,000",
ORD-2024-001223,2024-07-18,CUS-01500,PRD-0151,12,"42,840","514,080",
ORD-2024-001224,2024-07-18,CUS-00767,PRD-0156,2,"58,570","117,140",
ORD-2024-001236,2024-07-19,CUS-00026,PRD-0020,10,"29,210","292,100",
ORD-2024-001240,2024-07-19,CUS-01203,PRD-0025,2,"5,090","10,180",
ORD-2024-001248,2024-07-19,CUS-00139,PRD-0047,12,"19,060","228,720",
ORD-2024-001255,2024-07-19,CUS-00809,PRD-0064,4,"36,350","145,400",
ORD-2024-001264,2024-07-19,CUS-01088,PRD-0084,5,"27,760","138,800",
ORD-2024-001269,2024-07-19,CUS-02093,PRD-0090,9,"37,690","339,210",
ORD-2024-001270,2024-07-19,CUS-00643,PRD-0090,9,"37,690","339,210",
ORD-2024-001277,2024-07-19,CUS-00023,PRD-0100,4,"20,780","83,120",
ORD-2024-001280,2024-07-19,CUS-00691,PRD-0103,7,"38,480","269,360",
ORD-2024-001287,2024-07-19,CUS-00876,PRD-0130,21,"13,600","285,600",
ORD-2024-001296,2024-07-19,CUS-01269,PRD-0151,11,"42,840","471,240",
ORD-2024-001307,2024-07-19,CUS-00198,PRD-0163,4,"27,790","111,160",
ORD-2024-001313,2024-07-20,CUS-02436,PRD-0004,10,"4,490","44,900",
ORD-2024-001314,2024-07-20,CUS-02113,PRD-0009,11,"18,390","202,290",
ORD-2024-001328,2024-07-20,CUS-01072,PRD-0077,41,"31,120","1,275,920",
ORD-2024-001332,2024-07-20,CUS-00245,PRD-0086,2,"28,180","56,360",
ORD-2024-001347,2024-07-20,CUS-01898,PRD-0108,9,"30,750","276,750",
ORD-2024-001371,2024-07-21,CUS-02272,PRD-0004,2,"4,490","8,980",
ORD-2024-001376,2024-07-21,CUS-01779,PRD-0082,8,"30,730","245,840",
ORD-2024-001398,2024-07-22,CUS-00267,PRD-0047,9,"19,060","171,540",
ORD-2024-001399,2024-07-22,CUS-01325,PRD-0048,17,"16,870","286,790",
ORD-2024-001403,2024-07-22,CUS-01283,PRD-0060,6,"57,540","345,240",
ORD-2024-001409,2024-07-22,CUS-00135,PRD-0067,9,"12,380","111,420",
ORD-2024-001418,2024-07-22,CUS-01436,PRD-0077,1,"31,120","31,120",
ORD-2024-001428,2024-07-22,CUS-01369,PRD-0090,10,"37,690","376,900",
ORD-2024-001432,2024-07-22,CUS-01163,PRD-0102,11,"17,050","187,550",
ORD-2024-001439,2024-07-22,CUS-00564,PRD-0123,8,"14,410","115,280",
ORD-2024-001459,2024-07-22,CUS-00514,PRD-0165,4,"23,380","93,520",
ORD-2024-001470,2024-07-23,CUS-01560,PRD-0039,13,"14,770","192,010",
ORD-2024-001479,2024-07-23,CUS-02214,PRD-0062,4,"17,890","71,560",
ORD-2024-001481,2024-07-23,CUS-01693,PRD-0064,8,"36,350","290,800",
ORD-2024-001483,2024-07-23,,PRD-0067,3,"12,380","37,140",
ORD-2024-001485,2024-07-23,,PRD-0070,9,"19,240","173,160",
ORD-2024-001505,2024-07-23,CUS-01709,PRD-0090,7,"37,690","263,830",
ORD-2024-001508,2024-07-23,CUS-00644,PRD-0096,4,"23,060","92,240",
ORD-2024-001514,2024-07-23,CUS-01354,PRD-0111,1,"12,240","12,240",
ORD-2024-001520,2024-07-23,CUS-00258,PRD-0125,6,"15,380","92,280",
ORD-2024-001521,2024-07-23,CUS-01247,PRD-0137,1,"27,650","27,650",
ORD-2024-001532,2024-07-23,CUS-02191,PRD-0165,10,"23,380","233,800",
ORD-2024-001536,2024-07-24,CUS-01929,PRD-0004,15,"4,490","67,350",
ORD-2024-001542,2024-07-24,CUS-00789,PRD-0019,10,"31,240","312,400",
ORD-2024-001549,2024-07-24,CUS-00473,PRD-0036,2,"20,500","41,000",
ORD-2024-001552,2024-07-24,CUS-01996,PRD-0039,14,"14,770","206,780",
ORD-2024-001553,2024-07-24,CUS-01293,PRD-0039,7,"14,770","103,390",
ORD-2024-001555,2024-07-24,CUS-02423,PRD-0045,18,"7,340","132,120",
ORD-2024-001562,2024-07-24,CUS-00523,PRD-0061,20,"16,320","326,400",
ORD-2024-001563,2024-07-24,CUS-02063,PRD-0065,9,"34,000","306,000",
ORD-2024-001568,2024-07-24,CUS-02092,PRD-0076,6,"28,050","168,300",
ORD-2024-001580,2024-07-24,CUS-01890,PRD-0090,7,"37,690","263,830",
ORD-2024-001581,2024-07-24,CUS-01840,PRD-0091,10,"27,010","270,100",
ORD-2024-001582,2024-07-24,CUS-02418,PRD-0091,7,"27,010","189,070",
ORD-2024-001586,2024-07-24,CUS-01319,PRD-0098,30,"15,320","459,600",
ORD-2024-001587,2024-07-24,CUS-00116,PRD-0098,3,"15,320","45,960",
ORD-2024-001602,2024-07-24,CUS-00410,PRD-0146,8,"34,820","278,560",
ORD-2024-001606,2024-07-24,CUS-00951,PRD-0151,30,"42,840","1,285,200",
ORD-2024-001619,2024-07-25,CUS-01804,PRD-0029,3,"11,070","33,210",
ORD-2024-001628,2024-07-25,CUS-00745,PRD-0057,4,"18,040","72,160",
ORD-2024-001646,2024-07-25,CUS-01196,PRD-0091,10,"27,010","270,100",
ORD-2024-001649,2024-07-25,CUS-02081,PRD-0098,4,"15,320","61,280",
ORD-2024-001652,2024-07-25,CUS-01802,PRD-0100,4,"20,780","83,120",
ORD-2024-001661,2024-07-25,CUS-00758,PRD-0121,5,"26,430","132,150",
ORD-2024-001665,2024-07-25,CUS-01055,PRD-0125,9,"15,380","138,420",
ORD-2024-001666,2024-07-25,CUS-00770,PRD-0125,4,"15,380","61,520",
ORD-2024-001672,2024-07-25,CUS-01756,PRD-0155,13,"65,880","856,440",
ORD-2024-001673,2024-07-25,CUS-00531,PRD-0158,3,"33,720","101,160",
ORD-2024-001676,2024-07-25,CUS-01831,PRD-0160,14,"32,940","461,160",
ORD-2024-001677,2024-07-25,CUS-02261,PRD-0161,13,"32,640","424,320",
ORD-2024-001684,2024-07-26,CUS-00284,PRD-0017,9,"39,680","357,120",
ORD-2024-001686,2024-07-26,CUS-01659,PRD-0022,8,"11,680","93,440",
ORD-2024-001704,2024-07-26,CUS-02248,PRD-0064,6,"36,350","218,100",
ORD-2024-001724,2024-07-26,CUS-01456,PRD-0098,6,"15,320","91,920",
ORD-2024-001733,2024-07-26,CUS-01450,PRD-0118,5,"23,110","115,550",
ORD-2024-001737,2024-07-26,CUS-02451,PRD-0125,9,"15,380","138,420",
ORD-2024-001743,2024-07-26,CUS-01169,PRD-0135,8,"32,900","263,200",
ORD-2024-001745,2024-07-26,CUS-00390,PRD-0141,6,"38,600","231,600",
ORD-2024-001747,2024-07-26,CUS-01802,PRD-0145,14,"31,800","445,200",
ORD-2024-001755,2024-07-26,CUS-00022,PRD-0161,1,"32,640","32,640",
ORD-2024-001761,2024-07-27,CUS-01765,PRD-0001,9,"4,970","44,730",
ORD-2024-001764,2024-07-27,CUS-00097,PRD-0013,8,"11,970","95,760",
ORD-2024-001767,2024-07-27,CUS-01581,PRD-0023,6,"16,940","101,640",
ORD-2024-001770,2024-07-27,CUS-01021,PRD-0045,16,"7,340","117,440",
ORD-2024-001771,2024-07-27,CUS-00455,PRD-0048,4,"16,870","67,480",
ORD-2024-001772,2024-07-27,CUS-00427,PRD-0062,5,"17,890","89,450",
ORD-2024-001774,2024-07-27,CUS-01169,PRD-0075,11,"34,020","374,220",
ORD-2024-001779,2024-07-27,CUS-01173,PRD-0086,16,"28,180","450,880",
ORD-2024-001786,2024-07-27,CUS-00745,PRD-0098,9,"15,320","137,880",
ORD-2024-001791,2024-07-27,CUS-00035,PRD-0108,6,"30,750","184,500",
ORD-2024-001792,2024-07-27,CUS-01872,PRD-0109,33,"30,700","1,013,100",
ORD-2024-001801,2024-07-27,CUS-01293,PRD-0125,8,"15,380","123,040",
ORD-2024-001806,2024-07-27,CUS-01058,PRD-0135,7,"32,900","230,300",
ORD-2024-001819,2024-07-28,CUS-02343,PRD-0011,16,"17,170","274,720",
ORD-2024-001832,2024-07-28,CUS-01007,PRD-0083,15,"23,690","355,350",
ORD-2024-001833,2024-07-28,CUS-01237,PRD-0085,2,"32,580","65,160",
ORD-2024-001839,2024-07-28,CUS-02115,PRD-0100,2,"20,780","41,560",
ORD-2024-001847,2024-07-28,CUS-00023,PRD-0161,3,"32,640","97,920",
ORD-2024-001864,2024-07-29,CUS-00788,PRD-0076,6,"28,050","168,300",
ORD-2024-001869,2024-07-29,CUS-02355,PRD-0080,4,"23,900","95,600",
ORD-2024-001872,2024-07-29,CUS-02214,PRD-0084,8,"27,760","222,080",
ORD-2024-001887,2024-07-29,CUS-00373,PRD-0090,7,"37,690","263,830",
ORD-2024-001909,2024-07-29,CUS-02339,PRD-0130,1,"13,600","13,600",
ORD-2024-001912,2024-07-29,CUS-00748,PRD-0135,5,"32,900","164,500",
ORD-2024-001922,2024-07-29,CUS-02355,PRD-0151,15,"42,840","642,600",
ORD-2024-001929,2024-07-30,CUS-01347,PRD-0004,24,"4,490","107,760",
ORD-2024-001945,2024-07-30,CUS-01817,PRD-0058,13,"17,980","233,740",
ORD-2024-001950,2024-07-30,CUS-00272,PRD-0060,7,"57,540","402,780",
ORD-2024-001951,2024-07-30,CUS-02290,PRD-0061,6,"16,320","97,920",
ORD-2024-001956,2024-07-30,CUS-02328,PRD-0065,17,"34,000","578,000",
ORD-2024-001961,2024-07-30,CUS-01203,PRD-0074,15,"38,390","575,850",
ORD-2024-001963,2024-07-30,CUS-01763,PRD-0076,5,"28,050","140,250",
ORD-2024-001966,2024-07-30,CUS-01821,PRD-0080,4,"23,900","95,600",
ORD-2024-001970,2024-07-30,CUS-01805,PRD-0085,7,"32,580","228,060",
ORD-2024-001971,2024-07-30,CUS-00488,PRD-0085,1,"32,580","32,580",
ORD-2024-001982,2024-07-30,CUS-01477,PRD-0093,11,"23,080","253,880",
ORD-2024-001986,2024-07-30,CUS-00471,PRD-0100,16,"20,780","332,480",
ORD-2024-001988,2024-07-30,CUS-00112,PRD-0105,10,"41,060","410,600",
ORD-2024-001995,2024-07-30,CUS-00240,PRD-0125,4,"15,380","61,520",
ORD-2024-001999,2024-07-30,CUS-00748,PRD-0142,12,"52,030","624,360",
ORD-2024-002007,2024-07-30,CUS-01793,PRD-0156,11,"58,570","644,270",
ORD-2024-002010,2024-07-30,CUS-01763,PRD-0160,5,"32,940","164,700",
ORD-2024-002011,2024-07-30,CUS-01628,PRD-0160,4,"32,940","131,760",
ORD-2024-002020,2024-07-31,CUS-00131,PRD-0004,52,"4,490","233,480",
ORD-2024-002026,2024-07-31,CUS-01164,PRD-0030,3,"25,250","75,750",
ORD-2024-002038,2024-07-31,CUS-02214,PRD-0067,4,"12,380","49,520",
ORD-2024-002051,2024-07-31,CUS-00211,PRD-0100,5,"20,780","103,900",
ORD-2024-002055,2024-07-31,CUS-00765,PRD-0108,6,"30,750","184,500",
ORD-2024-002056,2024-07-31,CUS-00295,PRD-0116,7,"17,680","123,760",
ORD-2024-002071,2024-07-31,CUS-01072,PRD-0142,4,"52,030","208,120",
ORD-2024-002078,2024-07-31,CUS-02272,PRD-0158,5,"33,720","168,600",
ORD-2024-002089,2024-08-01,,PRD-0024,10,"9,800","98,000",
ORD-2024-002097,2024-08-01,CUS-01926,PRD-0061,2,"16,320","32,640",
ORD-2024-002103,2024-08-01,,PRD-0078,11,"33,720","370,920",
ORD-2024-002107,2024-08-01,CUS-02324,PRD-0086,4,"28,180","112,720",
ORD-2024-002108,2024-08-01,CUS-00820,PRD-0088,10,"15,290","152,900",
ORD-2024-002114,2024-08-01,CUS-02074,PRD-0090,7,"37,690","263,830",
ORD-2024-002134,2024-08-01,CUS-00181,PRD-0151,20,"42,840","856,800",
ORD-2024-002136,2024-08-01,CUS-01687,PRD-0155,5,"65,880","329,400",
ORD-2024-002142,2024-08-01,CUS-02386,PRD-0165,6,"23,380","140,280",
ORD-2024-002143,2024-08-01,CUS-00153,PRD-0167,4,"14,020","56,080",
ORD-2024-002163,2024-08-02,CUS-00457,PRD-0071,6,"17,380","104,280",
ORD-2024-002180,2024-08-02,CUS-01972,PRD-0090,4,"37,690","150,760",
ORD-2024-002181,2024-08-02,CUS-01247,PRD-0091,2,"27,010","54,020",
ORD-2024-002190,2024-08-02,CUS-01040,PRD-0113,5,"10,420","52,100",
ORD-2024-002194,2024-08-02,CUS-02481,PRD-0120,5,"14,740","73,700",
ORD-2024-002196,2024-08-02,CUS-01526,PRD-0122,7,"19,140","133,980",
ORD-2024-002197,2024-08-02,CUS-01316,PRD-0123,8,"14,410","115,280",
ORD-2024-002199,2024-08-02,CUS-00836,PRD-0128,10,"20,590","205,900",
ORD-2024-002208,2024-08-02,CUS-00211,PRD-0153,1,"24,220","24,220",
ORD-2024-002211,2024-08-02,CUS-00627,PRD-0160,4,"32,940","131,760",
ORD-2024-002215,2024-08-02,CUS-00786,PRD-0165,5,"23,380","116,900",
ORD-2024-002216,2024-08-02,CUS-02095,PRD-0167,3,"14,020","42,060",
ORD-2024-002226,2024-08-03,CUS-01164,PRD-0051,1,"43,070","43,070",
ORD-2024-002227,2024-08-03,CUS-02074,PRD-0052,2,"43,630","87,260",
ORD-2024-002237,2024-08-03,CUS-00553,PRD-0083,8,"23,690","189,520",
ORD-2024-002255,2024-08-03,CUS-02029,PRD-0121,10,"26,430","264,300",
ORD-2024-002259,2024-08-03,CUS-00617,PRD-0130,4,"13,600","54,400",
ORD-2024-002276,2024-08-03,CUS-01012,PRD-0161,3,"32,640","97,920",
ORD-2024-002283,2024-08-04,CUS-00789,PRD-0004,19,"4,490","85,310",
ORD-2024-002285,2024-08-04,CUS-02145,PRD-0016,17,"42,680","725,560",
ORD-2024-002291,2024-08-04,CUS-00550,PRD-0090,2,"37,690","75,380",
ORD-2024-002292,2024-08-04,CUS-01581,PRD-0096,3,"23,060","69,180",
ORD-2024-002297,2024-08-04,CUS-01607,PRD-0108,9,"30,750","276,750",
ORD-2024-002301,2024-08-04,CUS-00691,PRD-0125,9,"15,380","138,420",
ORD-2024-002302,2024-08-04,CUS-00670,PRD-0138,13,"27,020","351,260",
ORD-2024-002312,2024-08-05,CUS-00689,PRD-0024,2,"9,800","19,600",
ORD-2024-002316,2024-08-05,CUS-01792,PRD-0031,11,"36,660","403,260",
ORD-2024-002322,2024-08-05,CUS-01269,PRD-0057,4,"18,040","72,160",
ORD-2024-002338,2024-08-05,CUS-02399,PRD-0090,9,"37,690","339,210",
ORD-2024-002339,2024-08-05,CUS-00982,PRD-0090,4,"37,690","150,760",
ORD-2024-002351,2024-08-05,CUS-00477,PRD-0118,6,"23,110","138,660",
ORD-2024-002368,2024-08-05,CUS-02046,PRD-0153,11,"24,220","266,420",
ORD-2024-002382,2024-08-06,CUS-00759,PRD-0049,10,"18,190","181,900",
ORD-2024-002388,2024-08-06,CUS-00820,PRD-0070,5,"19,240","96,200",
ORD-2024-002392,2024-08-06,CUS-01765,PRD-0077,16,"31,120","497,920",
ORD-2024-002397,2024-08-06,CUS-00926,PRD-0086,9,"28,180","253,620",
ORD-2024-002403,2024-08-06,CUS-02119,PRD-0090,3,"37,690","113,070",
ORD-2024-002404,2024-08-06,CUS-01196,PRD-0090,12,"37,690","452,280",
ORD-2024-002405,2024-08-06,CUS-01087,PRD-0090,6,"37,690","226,140",
ORD-2024-002408,2024-08-06,CUS-01111,PRD-0096,2,"23,060","46,120",
ORD-2024-002416,2024-08-06,CUS-01031,PRD-0115,22,"21,210","466,620",
ORD-2024-002417,2024-08-06,CUS-01221,PRD-0115,5,"21,210","106,050",
ORD-2024-002427,2024-08-06,CUS-00792,PRD-0135,8,"32,900","263,200",
ORD-2024-002428,2024-08-06,CUS-02290,PRD-0138,8,"27,020","216,160",
ORD-2024-002440,2024-08-06,CUS-00044,PRD-0153,58,"24,220","1,404,760",
ORD-2024-002442,2024-08-06,CUS-01122,PRD-0160,5,"32,940","164,700",
ORD-2024-002443,2024-08-06,CUS-00904,PRD-0161,5,"32,640","163,200",
ORD-2024-002444,2024-08-06,CUS-02072,PRD-0164,3,"19,920","59,760",
ORD-2024-002451,2024-08-07,CUS-01883,PRD-0008,16,"16,360","261,760",
ORD-2024-002455,2024-08-07,CUS-02092,PRD-0037,6,"25,650","153,900",
ORD-2024-002469,2024-08-07,CUS-02091,PRD-0075,12,"34,020","408,240",
ORD-2024-002472,2024-08-07,CUS-02081,PRD-0078,18,"33,720","606,960",
ORD-2024-002477,2024-08-07,CUS-00164,PRD-0086,11,"28,180","309,980",
ORD-2024-002484,2024-08-07,CUS-01858,PRD-0090,6,"37,690","226,140",
ORD-2024-002488,2024-08-07,CUS-01799,PRD-0093,6,"23,080","138,480",
ORD-2024-002505,2024-08-07,CUS-02025,PRD-0125,4,"15,380","61,520",
ORD-2024-002515,2024-08-07,CUS-01328,PRD-0151,2,"42,840","85,680",
ORD-2024-002517,2024-08-07,CUS-00798,PRD-0153,9,"24,220","217,980",
ORD-2024-002523,2024-08-08,CUS-02063,PRD-0025,5,"5,090","25,450",
ORD-2024-002528,2024-08-08,CUS-00788,PRD-0035,7,"13,660","95,620",
ORD-2024-002533,2024-08-08,CUS-01378,PRD-0056,5,"25,020","125,100",
ORD-2024-002544,2024-08-08,CUS-02316,PRD-0078,2,"33,720","67,440",
ORD-2024-002545,2024-08-08,CUS-01845,PRD-0078,2,"33,720","67,440",
ORD-2024-002550,2024-08-08,CUS-01586,PRD-0083,3,"23,690","71,070",
ORD-2024-002552,2024-08-08,CUS-02423,PRD-0086,6,"28,180","169,080",
ORD-2024-002553,2024-08-08,CUS-01415,PRD-0086,3,"28,180","84,540",
ORD-2024-002560,2024-08-08,CUS-01401,PRD-0090,1,"37,690","37,690",
ORD-2024-002563,2024-08-08,CUS-00885,PRD-0103,17,"38,480","654,160",
ORD-2024-002575,2024-08-08,CUS-01788,PRD-0122,12,"19,140","229,680",
ORD-2024-002580,2024-08-08,CUS-01897,PRD-0138,5,"27,020","135,100",
ORD-2024-002587,2024-08-08,CUS-02450,PRD-0151,1,"42,840","42,840",
ORD-2024-002595,2024-08-08,CUS-00404,PRD-0165,12,"23,380","280,560",
ORD-2024-002601,2024-08-09,CUS-01415,PRD-0004,6,"4,490","26,940",
ORD-2024-002604,2024-08-09,CUS-02302,PRD-0017,8,"39,680","317,440",
ORD-2024-002606,2024-08-09,CUS-01422,PRD-0020,12,"29,210","350,520",
ORD-2024-002608,2024-08-09,CUS-02462,PRD-0025,18,"5,090","91,620",
ORD-2024-002635,2024-08-09,CUS-01186,PRD-0090,7,"37,690","263,830",
ORD-2024-002638,2024-08-09,CUS-00078,PRD-0093,12,"23,080","276,960",
ORD-2024-002639,2024-08-09,CUS-02251,PRD-0095,8,"20,290","162,320",
ORD-2024-002640,2024-08-09,CUS-02176,PRD-0098,10,"15,320","153,200",
ORD-2024-002643,2024-08-09,CUS-00085,PRD-0100,11,"20,780","228,580",
ORD-2024-002644,2024-08-09,CUS-01221,PRD-0100,2,"20,780","41,560",
ORD-2024-002649,2024-08-09,CUS-00765,PRD-0125,3,"15,380","46,140",
ORD-2024-002652,2024-08-09,CUS-00339,PRD-0134,2,"34,970","69,940",
ORD-2024-002653,2024-08-09,CUS-00640,PRD-0135,7,"32,900","230,300",
ORD-2024-002665,2024-08-09,CUS-00357,PRD-0156,7,"58,570","409,990",
ORD-2024-002674,2024-08-10,CUS-01283,PRD-0018,5,"62,570","312,850",
ORD-2024-002703,2024-08-10,CUS-02095,PRD-0110,5,"30,350","151,750",
ORD-2024-002720,2024-08-10,CUS-00027,PRD-0151,1,"42,840","42,840",
ORD-2024-002721,2024-08-10,CUS-00386,PRD-0151,3,"42,840","128,520",
ORD-2024-002735,2024-08-11,CUS-00240,PRD-0057,9,"18,040","162,360",
ORD-2024-002737,2024-08-11,CUS-00956,PRD-0062,10,"17,890","178,900",
ORD-2024-002742,2024-08-11,CUS-00773,PRD-0084,14,"27,760","388,640",
ORD-2024-002746,2024-08-11,CUS-02268,PRD-0100,18,"20,780","374,040",
ORD-2024-002758,2024-08-12,CUS-00523,PRD-0004,4,"4,490","17,960",
ORD-2024-002768,2024-08-12,CUS-00815,PRD-0039,9,"14,770","132,930",
ORD-2024-002776,2024-08-12,CUS-02138,PRD-0067,2,"12,380","24,760",
ORD-2024-002791,2024-08-12,CUS-01430,PRD-0100,36,"20,780","748,080",
ORD-2024-002792,2024-08-12,CUS-00196,PRD-0101,5,"22,590","112,950",
ORD-2024-002798,2024-08-12,CUS-00183,PRD-0108,3,"30,750","92,250",
ORD-2024-002804,2024-08-12,CUS-01303,PRD-0125,2,"15,380","30,760",
ORD-2024-002809,2024-08-12,CUS-02370,PRD-0135,4,"32,900","131,600",
ORD-2024-002818,2024-08-12,CUS-01335,PRD-0152,6,"24,900","149,400",
ORD-2024-002828,2024-08-13,CUS-01753,PRD-0004,7,"4,490","31,430",
ORD-2024-002829,2024-08-13,CUS-00617,PRD-0005,3,"3,110","9,330",
ORD-2024-002835,2024-08-13,CUS-02156,PRD-0039,7,"14,770","103,390",
ORD-2024-002836,2024-08-13,CUS-01111,PRD-0039,15,"14,770","221,550",
ORD-2024-002839,2024-08-13,CUS-00085,PRD-0051,5,"43,070","215,350",
ORD-2024-002842,2024-08-13,CUS-01753,PRD-0057,7,"18,040","126,280",
ORD-2024-002843,2024-08-13,CUS-01148,PRD-0061,16,"16,320","261,120",
ORD-2024-002847,2024-08-13,CUS-01920,PRD-0076,7,"28,050","196,350",
ORD-2024-002853,2024-08-13,CUS-00790,PRD-0086,8,"28,180","225,440",
ORD-2024-002860,2024-08-13,CUS-02115,PRD-0090,4,"37,690","150,760",
ORD-2024-002868,2024-08-13,CUS-00199,PRD-0109,8,"30,700","245,600",
ORD-2024-002885,2024-08-13,CUS-01401,PRD-0138,14,"27,020","378,280",
ORD-2024-002887,2024-08-13,CUS-02032,PRD-0141,6,"38,600","231,600",
ORD-2024-002888,2024-08-13,CUS-00934,PRD-0143,5,"48,640","243,200",
ORD-2024-002891,2024-08-13,CUS-01698,PRD-0151,7,"42,840","299,880",
ORD-2024-002893,2024-08-13,CUS-02480,PRD-0155,5,"65,880","329,400",
ORD-2024-002895,2024-08-13,CUS-02159,PRD-0160,8,"32,940","263,520",
ORD-2024-002920,2024-08-14,CUS-02206,PRD-0047,3,"19,060","57,180",
ORD-2024-002924,2024-08-14,CUS-01237,PRD-0068,26,"16,320","424,320",
ORD-2024-002926,2024-08-14,CUS-01205,PRD-0078,3,"33,720","101,160",
ORD-2024-002931,2024-08-14,CUS-02074,PRD-0086,5,"28,180","140,900",
ORD-2024-002938,2024-08-14,CUS-00027,PRD-0090,5,"37,690","188,450",
ORD-2024-002946,2024-08-14,CUS-00298,PRD-0103,13,"38,480","500,240",
ORD-2024-002954,2024-08-14,CUS-00822,PRD-0137,7,"27,650","193,550",
ORD-2024-002956,2024-08-14,CUS-00644,PRD-0138,10,"27,020","270,200",
ORD-2024-002958,2024-08-14,CUS-01173,PRD-0144,11,"31,990","351,890",
ORD-2024-002961,2024-08-14,CUS-00392,PRD-0150,5,"47,850","239,250",
ORD-2024-002971,2024-08-14,CUS-00042,PRD-0160,6,"32,940","197,640",
ORD-2024-002974,2024-08-14,CUS-00765,PRD-0170,37,"17,370","642,690",
ORD-2024-002982,2024-08-15,CUS-02355,PRD-0025,2,"5,090","10,180",
ORD-2024-002995,2024-08-15,CUS-01462,PRD-0077,2,"31,120","62,240",
ORD-2024-003002,2024-08-15,CUS-01221,PRD-0090,9,"37,690","339,210",
ORD-2024-003003,2024-08-15,CUS-02328,PRD-0090,4,"37,690","150,760",
ORD-2024-003004,2024-08-15,CUS-00284,PRD-0090,4,"37,690","150,760",
ORD-2024-003020,2024-08-15,CUS-02267,PRD-0131,8,"31,140","249,120",
ORD-2024-003028,2024-08-15,CUS-00759,PRD-0151,3,"42,840","128,520",
ORD-2024-003035,2024-08-15,CUS-00024,PRD-0170,8,"17,370","138,960",
ORD-2024-003038,2024-08-16,CUS-02115,PRD-0005,15,"3,110","46,650",
ORD-2024-003040,2024-08-16,CUS-01453,PRD-0016,7,"42,680","298,760",
ORD-2024-003043,2024-08-16,CUS-00815,PRD-0023,7,"16,940","118,580",
ORD-2024-003054,2024-08-16,CUS-00531,PRD-0049,1,"18,190","18,190",
ORD-2024-003056,2024-08-16,CUS-02421,PRD-0052,4,"43,630","174,520",
ORD-2024-003062,2024-08-16,CUS-01663,PRD-0074,7,"38,390","268,730",
ORD-2024-003075,2024-08-16,CUS-01007,PRD-0086,12,"28,180","338,160",
ORD-2024-003079,2024-08-16,CUS-01897,PRD-0090,12,"37,690","452,280",
ORD-2024-003080,2024-08-16,CUS-00348,PRD-0093,19,"23,080","438,520",
ORD-2024-003091,2024-08-16,CUS-01031,PRD-0120,3,"14,740","44,220",
ORD-2024-003111,2024-08-17,CUS-00048,PRD-0004,21,"4,490","94,290",
ORD-2024-003116,2024-08-17,CUS-01273,PRD-0020,4,"29,210","116,840",
ORD-2024-003127,2024-08-17,CUS-00468,PRD-0080,8,"23,900","191,200",
ORD-2024-003141,2024-08-17,CUS-00246,PRD-0090,9,"37,690","339,210",
ORD-2024-003143,2024-08-17,CUS-01592,PRD-0098,5,"15,320","76,600",
ORD-2024-003150,2024-08-17,CUS-00523,PRD-0111,10,"12,240","122,400",
ORD-2024-003159,2024-08-17,CUS-02274,PRD-0151,4,"42,840","171,360",
ORD-2024-003161,2024-08-17,CUS-01314,PRD-0156,5,"58,570","292,850",
ORD-2024-003165,2024-08-17,CUS-02055,PRD-0161,3,"32,640","97,920",
ORD-2024-003175,2024-08-18,CUS-02302,PRD-0064,3,"36,350","109,050",
ORD-2024-003200,2024-08-19,CUS-01865,PRD-0040,4,"14,100","56,400",
ORD-2024-003207,2024-08-19,CUS-00408,PRD-0061,8,"16,320","130,560",
ORD-2024-003212,2024-08-19,CUS-02352,PRD-0077,8,"31,120","248,960",
ORD-2024-003219,2024-08-19,CUS-00048,PRD-0084,6,"27,760","166,560",
ORD-2024-003226,2024-08-19,CUS-01696,PRD-0090,3,"37,690","113,070",
ORD-2024-003235,2024-08-19,CUS-00196,PRD-0122,18,"19,140","344,520",
ORD-2024-003240,2024-08-19,CUS-00294,PRD-0128,6,"20,590","123,540",
ORD-2024-003244,2024-08-19,CUS-00213,PRD-0138,3,"27,020","81,060",
ORD-2024-003255,2024-08-19,CUS-01059,PRD-0151,4,"42,840","171,360",
ORD-2024-003256,2024-08-19,CUS-00840,PRD-0151,22,"42,840","942,480",
ORD-2024-003257,2024-08-19,CUS-00550,PRD-0151,18,"42,840","771,120",
ORD-2024-003264,2024-08-19,CUS-00357,PRD-0161,4,"32,640","130,560",
ORD-2024-003272,2024-08-20,CUS-00151,PRD-0024,16,"9,800","156,800",
ORD-2024-003286,2024-08-20,CUS-00335,PRD-0057,6,"18,040","108,240",
ORD-2024-003287,2024-08-20,CUS-00151,PRD-0060,11,"57,540","632,940",
ORD-2024-003288,2024-08-20,CUS-01303,PRD-0060,2,"57,540","115,080",
ORD-2024-003292,2024-08-20,CUS-01559,PRD-0061,10,"16,320","163,200",
ORD-2024-003297,2024-08-20,CUS-00383,PRD-0076,5,"28,050","140,250",
ORD-2024-003299,2024-08-20,CUS-00427,PRD-0077,11,"31,120","342,320",
ORD-2024-003300,2024-08-20,CUS-00424,PRD-0077,2,"31,120","62,240",
ORD-2024-003310,2024-08-20,CUS-00054,PRD-0090,5,"37,690","188,450",
ORD-2024-003311,2024-08-20,CUS-00471,PRD-0090,4,"37,690","150,760",
ORD-2024-003324,2024-08-20,CUS-02119,PRD-0118,3,"23,110","69,330",
ORD-2024-003356,2024-08-21,CUS-02113,PRD-0057,1,"18,040","18,040",
ORD-2024-003365,2024-08-21,CUS-01672,PRD-0084,10,"27,760","277,600",
ORD-2024-003366,2024-08-21,CUS-01252,PRD-0085,13,"32,580","423,540",
ORD-2024-003379,2024-08-21,CUS-02341,PRD-0107,2,"39,590","79,180",
ORD-2024-003393,2024-08-21,CUS-01252,PRD-0145,3,"31,800","95,400",
ORD-2024-003397,2024-08-21,CUS-01389,PRD-0151,12,"42,840","514,080",
ORD-2024-003411,2024-08-22,CUS-02392,PRD-0007,18,"17,070","307,260",
ORD-2024-003417,2024-08-22,CUS-00065,PRD-0023,9,"16,940","152,460",
ORD-2024-003430,2024-08-22,CUS-00410,PRD-0083,7,"23,690","165,830",
ORD-2024-003431,2024-08-22,CUS-02119,PRD-0085,9,"32,580","293,220",
ORD-2024-003435,2024-08-22,CUS-00230,PRD-0086,11,"28,180","309,980",
ORD-2024-003445,2024-08-22,CUS-01581,PRD-0098,5,"15,320","76,600",
ORD-2024-003446,2024-08-22,CUS-00969,PRD-0100,2,"20,780","41,560",
ORD-2024-003448,2024-08-22,CUS-00386,PRD-0110,4,"30,350","121,400",
ORD-2024-003458,2024-08-22,CUS-02363,PRD-0142,2,"52,030","104,060",
ORD-2024-003487,2024-08-23,CUS-00914,PRD-0051,8,"43,070","344,560",
ORD-2024-003490,2024-08-23,CUS-02344,PRD-0057,26,"18,040","469,040",
ORD-2024-003493,2024-08-23,CUS-00390,PRD-0062,17,"17,890","304,130",
ORD-2024-003495,2024-08-23,CUS-01500,PRD-0065,25,"34,000","850,000",
ORD-2024-003504,2024-08-23,CUS-00515,PRD-0085,8,"32,580","260,640",
ORD-2024-003518,2024-08-23,CUS-02407,PRD-0125,8,"15,380","123,040",
ORD-2024-003524,2024-08-23,CUS-01058,PRD-0135,8,"32,900","263,200",
ORD-2024-003527,2024-08-23,CUS-01351,PRD-0146,10,"34,820","348,200",
ORD-2024-003544,2024-08-23,CUS-01453,PRD-0165,2,"23,380","46,760",
ORD-2024-003546,2024-08-23,CUS-02370,PRD-0169,3,"15,310","45,930",
ORD-2024-003551,2024-08-24,CUS-02496,PRD-0020,9,"29,210","262,890",
ORD-2024-003566,2024-08-24,CUS-00691,PRD-0086,9,"28,180","253,620",
ORD-2024-003577,2024-08-24,CUS-01450,PRD-0100,3,"20,780","62,340",
ORD-2024-003580,2024-08-24,CUS-00418,PRD-0108,11,"30,750","338,250",
ORD-2024-003590,2024-08-24,CUS-00813,PRD-0151,16,"42,840","685,440",
ORD-2024-003593,2024-08-24,CUS-00373,PRD-0154,2,"42,470","84,940",
ORD-2024-003598,2024-08-24,CUS-00836,PRD-0161,7,"32,640","228,480",
ORD-2024-003609,2024-08-25,CUS-02083,PRD-0090,1,"37,690","37,690",
ORD-2024-003610,2024-08-25,CUS-02399,PRD-0090,12,"37,690","452,280",
ORD-2024-003611,2024-08-25,CUS-01717,PRD-0098,8,"15,320","122,560",
ORD-2024-003616,2024-08-25,CUS-00969,PRD-0146,2,"34,820","69,640",
ORD-2024-003623,2024-08-25,CUS-01709,PRD-0166,21,"25,650","538,650",
ORD-2024-003630,2024-08-26,CUS-00424,PRD-0006,6,"3,060","18,360",
ORD-2024-003636,2024-08-26,CUS-00876,PRD-0011,21,"17,170","360,570",
ORD-2024-003644,2024-08-26,CUS-02113,PRD-0035,17,"13,660","232,220",
ORD-2024-003648,2024-08-26,CUS-01872,PRD-0047,10,"19,060","190,600",
ORD-2024-003655,2024-08-26,CUS-01890,PRD-0057,10,"18,040","180,400",
ORD-2024-003659,2024-08-26,CUS-01709,PRD-0075,3,"34,020","102,060",
ORD-2024-003662,2024-08-26,CUS-01865,PRD-0077,16,"31,120","497,920",
ORD-2024-003666,2024-08-26,CUS-01525,PRD-0083,3,"23,690","71,070",
ORD-2024-003668,2024-08-26,CUS-01354,PRD-0085,1,"32,580","32,580",
ORD-2024-003671,2024-08-26,CUS-02138,PRD-0086,9,"28,180","253,620",
ORD-2024-003677,2024-08-26,CUS-02332,PRD-0090,6,"37,690","226,140",
ORD-2024-003678,2024-08-26,CUS-01935,PRD-0090,6,"37,690","226,140",
ORD-2024-003679,2024-08-26,CUS-02138,PRD-0090,14,"37,690","527,660",
ORD-2024-003686,2024-08-26,CUS-00894,PRD-0108,6,"30,750","184,500",
ORD-2024-003690,2024-08-26,CUS-01607,PRD-0118,7,"23,110","161,770",
ORD-2024-003691,2024-08-26,,PRD-0118,7,"23,110","161,770",
ORD-2024-003696,2024-08-26,CUS-01319,PRD-0126,10,"29,270","292,700",
ORD-2024-003699,2024-08-26,CUS-02455,PRD-0136,10,"54,950","549,500",
ORD-2024-003717,2024-08-27,,PRD-0004,14,"4,490","62,860",
ORD-2024-003719,2024-08-27,CUS-00860,PRD-0017,3,"39,680","119,040",
ORD-2024-003728,2024-08-27,CUS-01247,PRD-0045,10,"7,340","73,400",
ORD-2024-003730,2024-08-27,CUS-02342,PRD-0047,1,"19,060","19,060",
ORD-2024-003732,2024-08-27,CUS-00341,PRD-0055,2,"16,990","33,980",
ORD-2024-003737,2024-08-27,CUS-00643,PRD-0058,3,"17,980","53,940",
ORD-2024-003741,2024-08-27,CUS-00245,PRD-0072,2,"42,600","85,200",
ORD-2024-003766,2024-08-27,CUS-00691,PRD-0103,3,"38,480","115,440",
ORD-2024-003777,2024-08-27,CUS-02083,PRD-0131,8,"31,140","249,120",
ORD-2024-003788,2024-08-27,CUS-02357,PRD-0151,12,"42,840","514,080",
ORD-2024-003789,2024-08-27,CUS-00628,PRD-0151,3,"42,840","128,520",
ORD-2024-003793,2024-08-27,CUS-00322,PRD-0161,10,"32,640","326,400",
ORD-2024-003815,2024-08-28,CUS-02014,PRD-0083,3,"23,690","71,070",
ORD-2024-003821,2024-08-28,CUS-02229,PRD-0090,2,"37,690","75,380",
ORD-2024-003822,2024-08-28,CUS-02098,PRD-0090,9,"37,690","339,210",
ORD-2024-003824,2024-08-28,CUS-01592,PRD-0093,6,"23,080","138,480",
ORD-2024-003830,2024-08-28,CUS-01284,PRD-0100,12,"20,780","249,360",
ORD-2024-003837,2024-08-28,CUS-00153,PRD-0120,2,"14,740","29,480",
ORD-2024-003839,2024-08-28,CUS-01003,PRD-0122,3,"19,140","57,420",
ORD-2024-003844,2024-08-28,CUS-01325,PRD-0138,5,"27,020","135,100",
ORD-2024-003863,2024-08-29,CUS-00342,PRD-0018,5,"62,570","312,850",
ORD-2024-003873,2024-08-29,CUS-00820,PRD-0057,8,"18,040","144,320",
ORD-2024-003881,2024-08-29,CUS-01804,PRD-0077,3,"31,120","93,360",
ORD-2024-003882,2024-08-29,CUS-02363,PRD-0077,9,"31,120","280,080",
ORD-2024-003883,2024-08-29,CUS-02067,PRD-0078,5,"33,720","168,600",
ORD-2024-003885,2024-08-29,CUS-02450,PRD-0080,7,"23,900","167,300",
ORD-2024-003896,2024-08-29,CUS-00135,PRD-0090,2,"37,690","75,380",
ORD-2024-003897,2024-08-29,CUS-01806,PRD-0090,6,"37,690","226,140",
ORD-2024-003898,2024-08-29,CUS-01179,PRD-0090,5,"37,690","188,450",
ORD-2024-003901,2024-08-29,CUS-00754,PRD-0093,12,"23,080","276,960",
ORD-2024-003911,2024-08-29,CUS-00433,PRD-0120,8,"14,740","117,920",
ORD-2024-003922,2024-08-29,CUS-01104,PRD-0130,12,"13,600","163,200",
ORD-2024-003935,2024-08-29,CUS-02474,PRD-0151,5,"42,840","214,200",
ORD-2024-003938,2024-08-29,CUS-00640,PRD-0155,7,"65,880","461,160",
ORD-2024-003939,2024-08-29,CUS-01538,PRD-0156,19,"58,570","1,112,830",
ORD-2024-003940,2024-08-29,CUS-02057,PRD-0157,4,"24,810","99,240",
ORD-2024-003949,2024-08-30,CUS-00969,PRD-0003,10,"4,840","48,400",
ORD-2024-003950,2024-08-30,CUS-01191,PRD-0005,10,"3,110","31,100",
ORD-2024-003957,2024-08-30,CUS-01592,PRD-0028,29,"4,910","142,390",
ORD-2024-003961,2024-08-30,CUS-02274,PRD-0047,9,"19,060","171,540",
ORD-2024-003967,2024-08-30,CUS-01769,PRD-0057,3,"18,040","54,120",
ORD-2024-003976,2024-08-30,CUS-01765,PRD-0080,9,"23,900","215,100",
ORD-2024-003984,2024-08-30,CUS-00758,PRD-0089,10,"13,010","130,100",
ORD-2024-004007,2024-08-30,CUS-00849,PRD-0108,13,"30,750","399,750",
ORD-2024-004008,2024-08-30,CUS-00885,PRD-0110,6,"30,350","182,100",
ORD-2024-004013,2024-08-30,CUS-00457,PRD-0122,8,"19,140","153,120",
ORD-2024-004014,2024-08-30,CUS-02138,PRD-0123,8,"14,410","115,280",
ORD-2024-004020,2024-08-30,CUS-01817,PRD-0135,10,"32,900","329,000",
ORD-2024-004021,2024-08-30,CUS-00097,PRD-0135,5,"32,900","164,500",
ORD-2024-004040,2024-08-30,CUS-01226,PRD-0161,16,"32,640","522,240",
ORD-2024-004053,2024-08-31,CUS-00617,PRD-0057,6,"18,040","108,240",
ORD-2024-004058,2024-08-31,CUS-02496,PRD-0079,5,"46,870","234,350",
ORD-2024-004061,2024-08-31,CUS-01935,PRD-0082,7,"30,730","215,110",
ORD-2024-004068,2024-08-31,CUS-02181,PRD-0095,8,"20,290","162,320",
ORD-2024-004070,2024-08-31,CUS-01090,PRD-0118,6,"23,110","138,660",
ORD-2024-004078,2024-08-31,CUS-00895,PRD-0138,4,"27,020","108,080",
ORD-2024-004090,2024-08-31,CUS-02291,PRD-0161,9,"32,640","293,760",
ORD-2024-004093,2024-09-01,CUS-01031,PRD-0018,6,"62,570","375,420",
ORD-2024-004103,2024-09-01,CUS-00840,PRD-0077,17,"31,120","529,040",
ORD-2024-004115,2024-09-01,CUS-01981,PRD-0142,6,"52,030","312,180",
ORD-2024-004124,2024-09-02,CUS-02014,PRD-0004,10,"4,490","44,900",
ORD-2024-004135,2024-09-02,CUS-01313,PRD-0042,3,"26,200","78,600",
ORD-2024-004137,2024-09-02,CUS-00480,PRD-0057,1,"18,040","18,040",
ORD-2024-004138,2024-09-02,CUS-02369,PRD-0060,11,"57,540","632,940",
ORD-2024-004141,2024-09-02,CUS-00404,PRD-0068,7,"16,320","114,240",
ORD-2024-004142,2024-09-02,CUS-01273,PRD-0068,16,"16,320","261,120",
ORD-2024-004144,2024-09-02,CUS-00715,PRD-0072,7,"42,600","298,200",
ORD-2024-004150,2024-09-02,CUS-01009,PRD-0083,7,"23,690","165,830",
ORD-2024-004160,2024-09-02,CUS-01525,PRD-0090,13,"37,690","489,970",
ORD-2024-004166,2024-09-02,CUS-02386,PRD-0100,50,"20,780","1,039,000",
ORD-2024-004168,2024-09-02,CUS-00329,PRD-0105,5,"41,060","205,300",
ORD-2024-004176,2024-09-02,CUS-00913,PRD-0141,1,"38,600","38,600",
ORD-2024-004187,2024-09-02,CUS-01100,PRD-0165,6,"23,380","140,280",
ORD-2024-004189,2024-09-02,CUS-00271,PRD-0167,15,"14,020","210,300",
ORD-2024-004199,2024-09-03,CUS-02081,PRD-0018,3,"62,570","187,710",
ORD-2024-004204,2024-09-03,CUS-00186,PRD-0026,8,"4,150","33,200",
ORD-2024-004207,2024-09-03,CUS-00198,PRD-0047,16,"19,060","304,960",
ORD-2024-004211,2024-09-03,,PRD-0061,3,"16,320","48,960",
ORD-2024-004213,2024-09-03,CUS-00392,PRD-0067,3,"12,380","37,140",
ORD-2024-004231,2024-09-03,CUS-00455,PRD-0090,14,"37,690","527,660",
ORD-2024-004233,2024-09-03,CUS-00823,PRD-0098,7,"15,320","107,240",
ORD-2024-004234,2024-09-03,CUS-00521,PRD-0098,9,"15,320","137,880",
ORD-2024-004240,2024-09-03,CUS-01169,PRD-0104,5,"17,130","85,650",
ORD-2024-004246,2024-09-03,CUS-02178,PRD-0120,11,"14,740","162,140",
ORD-2024-004248,2024-09-03,CUS-01651,PRD-0125,11,"15,380","169,180",
ORD-2024-004252,2024-09-03,CUS-01403,PRD-0131,16,"31,140","498,240",
ORD-2024-004260,2024-09-03,CUS-00550,PRD-0145,5,"31,800","159,000",
ORD-2024-004266,2024-09-03,CUS-00720,PRD-0151,16,"42,840","685,440",
ORD-2024-004276,2024-09-03,CUS-02475,PRD-0168,6,"19,490","116,940",
ORD-2024-004286,2024-09-04,CUS-02450,PRD-0037,11,"25,650","282,150",
ORD-2024-004299,2024-09-04,CUS-01296,PRD-0062,14,"17,890","250,460",
ORD-2024-004304,2024-09-04,CUS-00905,PRD-0072,10,"42,600","426,000",
ORD-2024-004306,2024-09-04,CUS-00267,PRD-0077,7,"31,120","217,840",
ORD-2024-004307,2024-09-04,CUS-00088,PRD-0082,4,"30,730","122,920",
ORD-2024-004316,2024-09-04,CUS-01010,PRD-0090,7,"37,690","263,830",
ORD-2024-004320,2024-09-04,CUS-01450,PRD-0108,6,"30,750","184,500",
ORD-2024-004344,2024-09-04,CUS-01179,PRD-0161,6,"32,640","195,840",
ORD-2024-004359,2024-09-05,CUS-00759,PRD-0020,5,"29,210","146,050",
ORD-2024-004360,2024-09-05,CUS-00968,PRD-0026,6,"4,150","24,900",
ORD-2024-004364,2024-09-05,CUS-01793,PRD-0039,4,"14,770","59,080",
ORD-2024-004376,2024-09-05,CUS-01646,PRD-0078,3,"33,720","101,160",
ORD-2024-004391,2024-09-05,CUS-00151,PRD-0090,8,"37,690","301,520",
ORD-2024-004395,2024-09-05,CUS-00631,PRD-0098,7,"15,320","107,240",
ORD-2024-004409,2024-09-05,CUS-00882,PRD-0121,5,"26,430","132,150",
ORD-2024-004410,2024-09-05,CUS-02341,PRD-0121,1,"26,430","26,430",
ORD-2024-004416,2024-09-05,CUS-01376,PRD-0128,9,"20,590","185,310",
ORD-2024-004418,2024-09-05,CUS-00988,PRD-0131,12,"31,140","373,680",
ORD-2024-004422,2024-09-05,CUS-00767,PRD-0142,3,"52,030","156,090",
ORD-2024-004425,2024-09-05,CUS-01844,PRD-0147,9,"32,330","290,970",
ORD-2024-004436,2024-09-05,CUS-00550,PRD-0160,16,"32,940","527,040",
ORD-2024-004437,2024-09-05,CUS-02244,PRD-0160,10,"32,940","329,400",
ORD-2024-004447,2024-09-06,CUS-02330,PRD-0011,5,"17,170","85,850",
ORD-2024-004448,2024-09-06,CUS-00765,PRD-0016,13,"42,680","554,840",
ORD-2024-004451,2024-09-06,CUS-01090,PRD-0026,4,"4,150","16,600",
ORD-2024-004457,2024-09-06,CUS-00284,PRD-0041,6,"6,830","40,980",
ORD-2024-004459,2024-09-06,CUS-01252,PRD-0050,4,"5,420","21,680",
ORD-2024-004460,2024-09-06,CUS-01929,PRD-0052,1,"43,630","43,630",
ORD-2024-004463,2024-09-06,CUS-00634,PRD-0063,9,"15,070","135,630",
ORD-2024-004467,2024-09-06,CUS-01169,PRD-0068,22,"16,320","359,040",
ORD-2024-004469,2024-09-06,CUS-01133,PRD-0077,2,"31,120","62,240",
ORD-2024-004473,2024-09-06,CUS-00521,PRD-0083,8,"23,690","189,520",
ORD-2024-004486,2024-09-06,CUS-00984,PRD-0090,26,"37,690","979,940",
ORD-2024-004509,2024-09-06,CUS-01122,PRD-0131,13,"31,140","404,820",
ORD-2024-004529,2024-09-06,CUS-00395,PRD-0160,3,"32,940","98,820",
ORD-2024-004537,2024-09-07,,PRD-0025,2,"5,090","10,180",
ORD-2024-004545,2024-09-07,CUS-01100,PRD-0047,7,"19,060","133,420",
ORD-2024-004547,2024-09-07,CUS-01700,PRD-0056,5,"25,020","125,100",
ORD-2024-004549,2024-09-07,CUS-01461,PRD-0063,12,"15,070","180,840",
ORD-2024-004551,2024-09-07,CUS-01472,PRD-0074,9,"38,390","345,510",
ORD-2024-004568,2024-09-07,CUS-01881,PRD-0105,8,"41,060","328,480",
ORD-2024-004577,2024-09-07,CUS-01581,PRD-0126,9,"29,270","263,430",
ORD-2024-004582,2024-09-07,CUS-02093,PRD-0151,26,"42,840","1,113,840",
ORD-2024-004584,2024-09-07,CUS-01228,PRD-0153,11,"24,220","266,420",
ORD-2024-004585,2024-09-07,CUS-01111,PRD-0153,4,"24,220","96,880",
ORD-2024-004603,2024-09-08,CUS-01376,PRD-0060,14,"57,540","805,560",
ORD-2024-004611,2024-09-08,CUS-00754,PRD-0109,4,"30,700","122,800",
ORD-2024-004613,2024-09-08,CUS-00035,PRD-0118,6,"23,110","138,660",
ORD-2024-004621,2024-09-09,CUS-02032,PRD-0004,6,"4,490","26,940",
ORD-2024-004632,2024-09-09,,PRD-0046,7,"17,360","121,520",
ORD-2024-004640,2024-09-09,CUS-01754,PRD-0072,2,"42,600","85,200",
ORD-2024-004648,2024-09-09,CUS-00080,PRD-0083,10,"23,690","236,900",
ORD-2024-004649,2024-09-09,CUS-00230,PRD-0083,3,"23,690","71,070",
ORD-2024-004662,2024-09-09,,PRD-0090,4,"37,690","150,760",
ORD-2024-004666,2024-09-09,CUS-01022,PRD-0093,5,"23,080","115,400",
ORD-2024-004670,2024-09-09,CUS-00710,PRD-0100,20,"20,780","415,600",
ORD-2024-004673,2024-09-09,CUS-01364,PRD-0118,9,"23,110","207,990",
ORD-2024-004681,2024-09-09,CUS-02244,PRD-0125,9,"15,380","138,420",
ORD-2024-004704,2024-09-10,CUS-00211,PRD-0007,3,"17,070","51,210",
ORD-2024-004706,2024-09-10,CUS-01184,PRD-0013,5,"11,970","59,850",
ORD-2024-004715,2024-09-10,CUS-00130,PRD-0039,27,"14,770","398,790",
ORD-2024-004745,2024-09-10,CUS-02352,PRD-0090,22,"37,690","829,180",
ORD-2024-004746,2024-09-10,CUS-02067,PRD-0090,9,"37,690","339,210",
ORD-2024-004747,2024-09-10,CUS-01122,PRD-0090,9,"37,690","339,210",
ORD-2024-004765,2024-09-10,CUS-01361,PRD-0125,15,"15,380","230,700",
ORD-2024-004780,2024-09-10,CUS-00035,PRD-0166,7,"25,650","179,550",
ORD-2024-004781,2024-09-11,CUS-01592,PRD-0002,4,"5,180","20,720",
ORD-2024-004790,2024-09-11,CUS-00131,PRD-0017,5,"39,680","198,400",
ORD-2024-004792,2024-09-11,CUS-01247,PRD-0023,9,"16,940","152,460",
ORD-2024-004811,2024-09-11,CUS-02461,PRD-0083,4,"23,690","94,760",
ORD-2024-004822,2024-09-11,CUS-01739,PRD-0090,3,"37,690","113,070",
ORD-2024-004823,2024-09-11,CUS-01426,PRD-0090,13,"37,690","489,970",
ORD-2024-004824,2024-09-11,CUS-00643,PRD-0090,20,"37,690","753,800",
ORD-2024-004826,2024-09-11,CUS-02288,PRD-0098,4,"15,320","61,280",
ORD-2024-004829,2024-09-11,CUS-00147,PRD-0100,11,"20,780","228,580",
ORD-2024-004830,2024-09-11,CUS-02092,PRD-0100,4,"20,780","83,120",
ORD-2024-004832,2024-09-11,CUS-02391,PRD-0103,10,"38,480","384,800",
ORD-2024-004836,2024-09-11,CUS-02461,PRD-0116,1,"17,680","17,680",
ORD-2024-004851,2024-09-11,CUS-01938,PRD-0145,14,"31,800","445,200",
ORD-2024-004860,2024-09-11,CUS-00531,PRD-0151,6,"42,840","257,040",
ORD-2024-004866,2024-09-11,CUS-01897,PRD-0161,4,"32,640","130,560",
ORD-2024-004869,2024-09-12,CUS-00478,PRD-0004,7,"4,490","31,430",
ORD-2024-004891,2024-09-12,CUS-01010,PRD-0065,8,"34,000","272,000",
ORD-2024-004893,2024-09-12,CUS-00670,PRD-0068,7,"16,320","114,240",
ORD-2024-004894,2024-09-12,CUS-01252,PRD-0076,15,"28,050","420,750",
ORD-2024-004908,2024-09-12,CUS-01361,PRD-0090,6,"37,690","226,140",
ORD-2024-004917,2024-09-12,CUS-02383,PRD-0108,5,"30,750","153,750",
ORD-2024-004922,2024-09-12,CUS-00322,PRD-0118,7,"23,110","161,770",
ORD-2024-004923,2024-09-12,CUS-01226,PRD-0120,5,"14,740","73,700",
ORD-2024-004926,2024-09-12,CUS-02272,PRD-0124,6,"8,790","52,740",
ORD-2024-004927,2024-09-12,CUS-00341,PRD-0124,2,"8,790","17,580",
ORD-2024-004934,2024-09-12,CUS-02423,PRD-0139,6,"33,360","200,160",
ORD-2024-004938,2024-09-12,CUS-00726,PRD-0144,9,"31,990","287,910",
ORD-2024-004953,2024-09-12,CUS-00617,PRD-0161,2,"32,640","65,280",
ORD-2024-004960,2024-09-13,,PRD-0022,5,"11,680","58,400",
ORD-2024-004965,2024-09-13,CUS-00014,PRD-0034,6,"15,350","92,100",
ORD-2024-004971,2024-09-13,CUS-01181,PRD-0057,26,"18,040","469,040",
ORD-2024-004973,2024-09-13,CUS-01921,PRD-0068,3,"16,320","48,960",
ORD-2024-004999,2024-09-13,CUS-00085,PRD-0100,2,"20,780","41,560",
ORD-2024-005007,2024-09-13,CUS-00129,PRD-0118,7,"23,110","161,770",
ORD-2024-005008,2024-09-13,CUS-00213,PRD-0121,7,"26,430","185,010",
ORD-2024-005009,2024-09-13,CUS-02267,PRD-0122,6,"19,140","114,840",
ORD-2024-005019,2024-09-13,CUS-00789,PRD-0145,6,"31,800","190,800",
ORD-2024-005028,2024-09-13,CUS-00895,PRD-0161,14,"32,640","456,960",
ORD-2024-005034,2024-09-13,CUS-00310,PRD-0165,10,"23,380","233,800",
ORD-2024-005042,2024-09-14,CUS-00480,PRD-0035,8,"13,660","109,280",
ORD-2024-005044,2024-09-14,CUS-01269,PRD-0047,7,"19,060","133,420",
ORD-2024-005050,2024-09-14,CUS-00634,PRD-0057,6,"18,040","108,240",
ORD-2024-005051,2024-09-14,CUS-01663,PRD-0058,4,"17,980","71,920",
ORD-2024-005061,2024-09-14,CUS-01732,PRD-0086,5,"28,180","140,900",
ORD-2024-005073,2024-09-14,CUS-00129,PRD-0125,3,"15,380","46,140",
ORD-2024-005082,2024-09-14,CUS-00116,PRD-0151,5,"42,840","214,200",
ORD-2024-005090,2024-09-14,CUS-00406,PRD-0161,14,"32,640","456,960",
ORD-2024-005091,2024-09-14,CUS-00734,PRD-0166,8,"25,650","205,200",
ORD-2024-005092,2024-09-14,CUS-01578,PRD-0166,9,"25,650","230,850",
ORD-2024-005097,2024-09-15,CUS-02326,PRD-0025,2,"5,090","10,180",
ORD-2024-005099,2024-09-15,CUS-02272,PRD-0026,2,"4,150","8,300",
ORD-2024-005101,2024-09-15,CUS-00773,PRD-0035,10,"13,660","136,600",
ORD-2024-005106,2024-09-15,CUS-01139,PRD-0058,16,"17,980","287,680",
ORD-2024-005113,2024-09-15,CUS-01347,PRD-0090,8,"37,690","301,520",
ORD-2024-005123,2024-09-15,CUS-01389,PRD-0147,9,"32,330","290,970",
ORD-2024-005130,2024-09-15,CUS-01122,PRD-0161,5,"32,640","163,200",
ORD-2024-005133,2024-09-16,,PRD-0004,9,"4,490","40,410",
ORD-2024-005138,2024-09-16,CUS-02496,PRD-0016,4,"42,680","170,720",
ORD-2024-005146,2024-09-16,CUS-01313,PRD-0037,6,"25,650","153,900",
ORD-2024-005148,2024-09-16,CUS-00702,PRD-0039,8,"14,770","118,160",
ORD-2024-005159,2024-09-16,CUS-01389,PRD-0079,2,"46,870","93,740",
ORD-2024-005162,2024-09-16,CUS-01072,PRD-0084,5,"27,760","138,800",
ORD-2024-005166,2024-09-16,CUS-00780,PRD-0086,2,"28,180","56,360",
ORD-2024-005167,2024-09-16,CUS-01268,PRD-0086,6,"28,180","169,080",
ORD-2024-005177,2024-09-16,CUS-01169,PRD-0090,6,"37,690","226,140",
ORD-2024-005178,2024-09-16,CUS-00895,PRD-0090,3,"37,690","113,070",
ORD-2024-005183,2024-09-16,CUS-01968,PRD-0100,7,"20,780","145,460",
ORD-2024-005193,2024-09-16,CUS-01628,PRD-0120,7,"14,740","103,180",
ORD-2024-005199,2024-09-16,CUS-00898,PRD-0128,7,"20,590","144,130",
ORD-2024-005200,2024-09-16,CUS-01318,PRD-0131,7,"31,140","217,980",
ORD-2024-005209,2024-09-16,CUS-01396,PRD-0151,5,"42,840","214,200",
ORD-2024-005210,2024-09-16,CUS-00773,PRD-0151,42,"42,840","1,799,280",
ORD-2024-005218,2024-09-17,CUS-01566,PRD-0004,3,"4,490","13,470",
ORD-2024-005223,2024-09-17,CUS-00823,PRD-0017,6,"39,680","238,080",
ORD-2024-005228,2024-09-17,CUS-01091,PRD-0033,9,"11,040","99,360",
ORD-2024-005237,2024-09-17,CUS-00329,PRD-0057,7,"18,040","126,280",
ORD-2024-005241,2024-09-17,CUS-01376,PRD-0068,3,"16,320","48,960",
ORD-2024-005269,2024-09-17,CUS-02113,PRD-0112,7,"15,500","108,500",
ORD-2024-005271,2024-09-17,CUS-01386,PRD-0113,3,"10,420","31,260",
ORD-2024-005284,2024-09-17,CUS-00151,PRD-0128,11,"20,590","226,490",
ORD-2024-005287,2024-09-17,CUS-02316,PRD-0144,8,"31,990","255,920",
ORD-2024-005294,2024-09-17,CUS-01293,PRD-0151,6,"42,840","257,040",
ORD-2024-005295,2024-09-17,CUS-00809,PRD-0151,35,"42,840","1,499,400",
ORD-2024-005300,2024-09-17,CUS-01724,PRD-0161,9,"32,640","293,760",
ORD-2024-005302,2024-09-17,CUS-01139,PRD-0165,9,"23,380","210,420",
ORD-2024-005305,2024-09-18,CUS-01688,PRD-0004,3,"4,490","13,470",
ORD-2024-005306,2024-09-18,CUS-00988,PRD-0005,5,"3,110","15,550",
ORD-2024-005316,2024-09-18,CUS-00876,PRD-0020,1,"29,210","29,210",
ORD-2024-005320,2024-09-18,CUS-01518,PRD-0037,3,"25,650","76,950",
ORD-2024-005328,2024-09-18,CUS-00805,PRD-0061,21,"16,320","342,720",
ORD-2024-005332,2024-09-18,CUS-02326,PRD-0068,6,"16,320","97,920",
ORD-2024-005333,2024-09-18,CUS-00186,PRD-0076,3,"28,050","84,150",
ORD-2024-005338,2024-09-18,CUS-01938,PRD-0081,2,"42,190","84,380",
ORD-2024-005346,2024-09-18,CUS-02102,PRD-0090,8,"37,690","301,520",
ORD-2024-005349,2024-09-18,CUS-00783,PRD-0098,23,"15,320","352,360",
ORD-2024-005354,2024-09-18,CUS-01477,PRD-0111,2,"12,240","24,480",
ORD-2024-005380,2024-09-18,CUS-00238,PRD-0151,8,"42,840","342,720",
ORD-2024-005381,2024-09-18,CUS-01589,PRD-0151,3,"42,840","128,520",
ORD-2024-005385,2024-09-18,CUS-00895,PRD-0156,6,"58,570","351,420",
ORD-2024-005387,2024-09-18,CUS-00116,PRD-0161,4,"32,640","130,560",
ORD-2024-005391,2024-09-18,CUS-00245,PRD-0169,5,"15,310","76,550",
ORD-2024-005398,2024-09-19,CUS-00840,PRD-0011,3,"17,170","51,510",
ORD-2024-005407,2024-09-19,CUS-00142,PRD-0057,22,"18,040","396,880",
ORD-2024-005408,2024-09-19,CUS-01461,PRD-0060,6,"57,540","345,240",
ORD-2024-005409,2024-09-19,CUS-00039,PRD-0060,7,"57,540","402,780",
ORD-2024-005412,2024-09-19,CUS-02444,PRD-0061,10,"16,320","163,200",
ORD-2024-005421,2024-09-19,CUS-01314,PRD-0077,12,"31,120","373,440",
ORD-2024-005423,2024-09-19,CUS-01566,PRD-0080,2,"23,900","47,800",
ORD-2024-005426,2024-09-19,CUS-02011,PRD-0083,5,"23,690","118,450",
ORD-2024-005434,2024-09-19,CUS-00208,PRD-0093,7,"23,080","161,560",
ORD-2024-005452,2024-09-19,CUS-01121,PRD-0150,16,"47,850","765,600",
ORD-2024-005457,2024-09-19,CUS-02267,PRD-0160,12,"32,940","395,280",
ORD-2024-005458,2024-09-19,CUS-00221,PRD-0160,11,"32,940","362,340",
ORD-2024-005460,2024-09-19,CUS-02370,PRD-0166,5,"25,650","128,250",
ORD-2024-005468,2024-09-20,CUS-00792,PRD-0016,4,"42,680","170,720",
ORD-2024-005485,2024-09-20,CUS-02248,PRD-0074,21,"38,390","806,190",
ORD-2024-005508,2024-09-20,,PRD-0107,6,"39,590","237,540",
ORD-2024-005512,2024-09-20,CUS-00003,PRD-0115,4,"21,210","84,840",
ORD-2024-005518,2024-09-20,CUS-00773,PRD-0123,6,"14,410","86,460",
ORD-2024-005523,2024-09-20,CUS-00088,PRD-0131,12,"31,140","373,680",
ORD-2024-005532,2024-09-20,CUS-01313,PRD-0151,22,"42,840","942,480",
ORD-2024-005533,2024-09-20,CUS-00283,PRD-0151,9,"42,840","385,560",
ORD-2024-005536,2024-09-20,CUS-02067,PRD-0154,5,"42,470","212,350",
ORD-2024-005542,2024-09-20,CUS-00938,PRD-0160,1,"32,940","32,940",
ORD-2024-005544,2024-09-20,CUS-00284,PRD-0161,8,"32,640","261,120",
ORD-2024-005548,2024-09-20,CUS-02376,PRD-0165,28,"23,380","654,640",
ORD-2024-005561,2024-09-21,CUS-00403,PRD-0057,4,"18,040","72,160",
ORD-2024-005563,2024-09-21,CUS-00054,PRD-0061,1,"16,320","16,320",
ORD-2024-005567,2024-09-21,CUS-00018,PRD-0070,8,"19,240","153,920",
ORD-2024-005573,2024-09-21,CUS-00918,PRD-0082,3,"30,730","92,190",
ORD-2024-005574,2024-09-21,CUS-01179,PRD-0084,7,"27,760","194,320",
ORD-2024-005581,2024-09-21,CUS-00822,PRD-0093,4,"23,080","92,320",
ORD-2024-005582,2024-09-21,CUS-01174,PRD-0095,13,"20,290","263,770",
ORD-2024-005589,2024-09-21,CUS-02352,PRD-0117,5,"17,520","87,600",
ORD-2024-005594,2024-09-21,CUS-00748,PRD-0125,9,"15,380","138,420",
ORD-2024-005604,2024-09-21,CUS-00765,PRD-0156,6,"58,570","351,420",
ORD-2024-005609,2024-09-21,CUS-00278,PRD-0165,2,"23,380","46,760",
ORD-2024-005612,2024-09-21,CUS-01353,PRD-0166,3,"25,650","76,950",
ORD-2024-005620,2024-09-22,CUS-00365,PRD-0045,3,"7,340","22,020",
ORD-2024-005629,2024-09-22,CUS-00745,PRD-0090,6,"37,690","226,140",
ORD-2024-005633,2024-09-22,CUS-01055,PRD-0114,4,"15,730","62,920",
ORD-2024-005641,2024-09-22,CUS-01912,PRD-0151,4,"42,840","171,360",
ORD-2024-005646,2024-09-23,CUS-01739,PRD-0004,41,"4,490","184,090",
ORD-2024-005647,2024-09-23,CUS-01422,PRD-0004,28,"4,490","125,720",
ORD-2024-005651,2024-09-23,CUS-02133,PRD-0009,9,"18,390","165,510",
ORD-2024-005658,2024-09-23,CUS-00978,PRD-0031,33,"36,660","1,209,780",
ORD-2024-005665,2024-09-23,CUS-00644,PRD-0039,6,"14,770","88,620",
ORD-2024-005674,2024-09-23,CUS-01322,PRD-0059,4,"50,810","203,240",
ORD-2024-005682,2024-09-23,CUS-00129,PRD-0064,3,"36,350","109,050",
ORD-2024-005685,2024-09-23,CUS-00605,PRD-0072,10,"42,600","426,000",
ORD-2024-005694,2024-09-23,CUS-01883,PRD-0083,21,"23,690","497,490",
ORD-2024-005697,2024-09-23,CUS-00383,PRD-0086,10,"28,180","281,800",
ORD-2024-005709,2024-09-23,CUS-02052,PRD-0090,7,"37,690","263,830",
ORD-2024-005710,2024-09-23,CUS-02206,PRD-0090,6,"37,690","226,140",
ORD-2024-005711,2024-09-23,CUS-02156,PRD-0090,6,"37,690","226,140",
ORD-2024-005715,2024-09-23,CUS-00564,PRD-0098,8,"15,320","122,560",
ORD-2024-005721,2024-09-23,CUS-01551,PRD-0107,2,"39,590","79,180",
ORD-2024-005725,2024-09-23,CUS-01159,PRD-0108,13,"30,750","399,750",
ORD-2024-005726,2024-09-23,CUS-01133,PRD-0111,3,"12,240","36,720",
ORD-2024-005730,2024-09-23,CUS-00386,PRD-0118,2,"23,110","46,220",
ORD-2024-005731,2024-09-23,CUS-00042,PRD-0118,10,"23,110","231,100",
ORD-2024-005733,2024-09-23,CUS-02032,PRD-0122,4,"19,140","76,560",
ORD-2024-005739,2024-09-23,CUS-02174,PRD-0125,8,"15,380","123,040",
ORD-2024-005750,2024-09-23,CUS-00023,PRD-0152,9,"24,900","224,100",
ORD-2024-005754,2024-09-23,CUS-01586,PRD-0156,16,"58,570","937,120",
ORD-2024-005761,2024-09-24,CUS-01335,PRD-0007,14,"17,070","238,980",
ORD-2024-005769,2024-09-24,CUS-02383,PRD-0025,5,"5,090","25,450",
ORD-2024-005771,2024-09-24,CUS-00796,PRD-0031,2,"36,660","73,320",
ORD-2024-005778,2024-09-24,CUS-01472,PRD-0051,5,"43,070","215,350",
ORD-2024-005780,2024-09-24,CUS-00805,PRD-0061,6,"16,320","97,920",
ORD-2024-005781,2024-09-24,CUS-00918,PRD-0062,4,"17,890","71,560",
ORD-2024-005784,2024-09-24,CUS-00938,PRD-0067,6,"12,380","74,280",
ORD-2024-005789,2024-09-24,CUS-02083,PRD-0081,3,"42,190","126,570",
ORD-2024-005790,2024-09-24,CUS-00471,PRD-0081,3,"42,190","126,570",
ORD-2024-005792,2024-09-24,CUS-01500,PRD-0082,4,"30,730","122,920",
ORD-2024-005797,2024-09-24,CUS-00753,PRD-0090,6,"37,690","226,140",
ORD-2024-005798,2024-09-24,CUS-00503,PRD-0090,5,"37,690","188,450",
ORD-2024-005799,2024-09-24,CUS-01981,PRD-0090,2,"37,690","75,380",
ORD-2024-005800,2024-09-24,CUS-00471,PRD-0090,9,"37,690","339,210",
ORD-2024-005810,2024-09-24,CUS-01865,PRD-0108,18,"30,750","553,500",
ORD-2024-005812,2024-09-24,CUS-01316,PRD-0118,6,"23,110","138,660",
ORD-2024-005818,2024-09-24,CUS-02272,PRD-0128,4,"20,590","82,360",
ORD-2024-005820,2024-09-24,CUS-00926,PRD-0136,5,"54,950","274,750",
ORD-2024-005822,2024-09-24,CUS-01604,PRD-0142,2,"52,030","104,060",
ORD-2024-005824,2024-09-24,CUS-00406,PRD-0145,2,"31,800","63,600",
ORD-2024-005833,2024-09-24,CUS-01883,PRD-0161,3,"32,640","97,920",
ORD-2024-005834,2024-09-24,CUS-00488,PRD-0162,3,"28,900","86,700",
ORD-2024-005838,2024-09-25,CUS-00116,PRD-0007,5,"17,070","85,350",
ORD-2024-005841,2024-09-25,CUS-01396,PRD-0016,3,"42,680","128,040",
ORD-2024-005843,2024-09-25,CUS-02068,PRD-0018,4,"62,570","250,280",
ORD-2024-005849,2024-09-25,CUS-01293,PRD-0026,10,"4,150","41,500",
ORD-2024-005859,2024-09-25,CUS-02176,PRD-0067,14,"12,380","173,320",
ORD-2024-005863,2024-09-25,CUS-00905,PRD-0077,14,"31,120","435,680",
ORD-2024-005880,2024-09-25,CUS-01739,PRD-0121,5,"26,430","132,150",
ORD-2024-005884,2024-09-25,CUS-00080,PRD-0125,20,"15,380","307,600",
ORD-2024-005885,2024-09-25,CUS-01383,PRD-0125,4,"15,380","61,520",
ORD-2024-005886,2024-09-25,CUS-00747,PRD-0125,6,"15,380","92,280",
ORD-2024-005890,2024-09-25,CUS-01057,PRD-0143,7,"48,640","340,480",
ORD-2024-005891,2024-09-25,CUS-00796,PRD-0144,19,"31,990","607,810",
ORD-2024-005893,2024-09-25,CUS-01285,PRD-0146,21,"34,820","731,220",
ORD-2024-005900,2024-09-25,CUS-02272,PRD-0151,4,"42,840","171,360",
ORD-2024-005909,2024-09-25,CUS-01369,PRD-0167,21,"14,020","294,420",
ORD-2024-005932,2024-09-26,CUS-01010,PRD-0077,6,"31,120","186,720",
ORD-2024-005936,2024-09-26,CUS-00788,PRD-0080,5,"23,900","119,500",
ORD-2024-005938,2024-09-26,CUS-00841,PRD-0086,26,"28,180","732,680",
ORD-2024-005945,2024-09-26,CUS-01693,PRD-0092,5,"30,260","151,300",
ORD-2024-005953,2024-09-26,CUS-01461,PRD-0121,2,"26,430","52,860",
ORD-2024-005955,2024-09-26,CUS-01111,PRD-0122,3,"19,140","57,420",
ORD-2024-005957,2024-09-26,CUS-00984,PRD-0125,3,"15,380","46,140",
ORD-2024-005959,2024-09-26,CUS-01021,PRD-0142,2,"52,030","104,060",
ORD-2024-005961,2024-09-26,CUS-00404,PRD-0144,4,"31,990","127,960",
ORD-2024-005964,2024-09-26,CUS-01397,PRD-0150,9,"47,850","430,650",
ORD-2024-005971,2024-09-26,CUS-02167,PRD-0160,5,"32,940","164,700",
ORD-2024-005975,2024-09-26,CUS-01277,PRD-0161,11,"32,640","359,040",
ORD-2024-005976,2024-09-26,CUS-00477,PRD-0161,23,"32,640","750,720",
ORD-2024-005977,2024-09-26,CUS-02040,PRD-0161,3,"32,640","97,920",
ORD-2024-005987,2024-09-27,CUS-01273,PRD-0037,9,"25,650","230,850",
ORD-2024-006000,2024-09-27,CUS-01055,PRD-0077,10,"31,120","311,200",
ORD-2024-006003,2024-09-27,CUS-00390,PRD-0084,11,"27,760","305,360",
ORD-2024-006004,2024-09-27,CUS-00582,PRD-0085,2,"32,580","65,160",
ORD-2024-006012,2024-09-27,CUS-02133,PRD-0090,14,"37,690","527,660",
ORD-2024-006013,2024-09-27,CUS-01637,PRD-0090,12,"37,690","452,280",
ORD-2024-006017,2024-09-27,CUS-01988,PRD-0095,3,"20,290","60,870",
ORD-2024-006019,2024-09-27,CUS-01109,PRD-0098,11,"15,320","168,520",
ORD-2024-006025,2024-09-27,CUS-00164,PRD-0115,3,"21,210","63,630",
ORD-2024-006027,2024-09-27,CUS-01186,PRD-0118,3,"23,110","69,330",
ORD-2024-006036,2024-09-27,CUS-01988,PRD-0125,6,"15,380","92,280",
ORD-2024-006041,2024-09-27,CUS-00471,PRD-0135,10,"32,900","329,000",
ORD-2024-006042,2024-09-27,CUS-01806,PRD-0135,3,"32,900","98,700",
ORD-2024-006044,2024-09-27,CUS-00938,PRD-0137,18,"27,650","497,700",
ORD-2024-006053,2024-09-27,CUS-02418,PRD-0151,18,"42,840","771,120",
ORD-2024-006056,2024-09-27,CUS-01012,PRD-0153,2,"24,220","48,440",
ORD-2024-006057,2024-09-27,CUS-02317,PRD-0154,3,"42,470","127,410",
ORD-2024-006060,2024-09-27,CUS-01228,PRD-0161,3,"32,640","97,920",
ORD-2024-006061,2024-09-27,CUS-02376,PRD-0161,11,"32,640","359,040",
ORD-2024-006067,2024-09-27,CUS-01163,PRD-0166,25,"25,650","641,250",
ORD-2024-006070,2024-09-28,CUS-01389,PRD-0006,6,"3,060","18,360",
ORD-2024-006088,2024-09-28,CUS-01401,PRD-0083,7,"23,690","165,830",
ORD-2024-006089,2024-09-28,CUS-01802,PRD-0083,8,"23,690","189,520",
ORD-2024-006090,2024-09-28,CUS-00042,PRD-0086,5,"28,180","140,900",
ORD-2024-006093,2024-09-28,CUS-02014,PRD-0090,15,"37,690","565,350",
ORD-2024-006100,2024-09-28,CUS-00294,PRD-0104,5,"17,130","85,650",
ORD-2024-006101,2024-09-28,CUS-02407,PRD-0105,5,"41,060","205,300",
ORD-2024-006105,2024-09-28,CUS-02176,PRD-0118,5,"23,110","115,550",
ORD-2024-006106,2024-09-28,CUS-00798,PRD-0121,5,"26,430","132,150",
ORD-2024-006111,2024-09-28,CUS-01872,PRD-0125,2,"15,380","30,760",
ORD-2024-006112,2024-09-28,CUS-00339,PRD-0125,7,"15,380","107,660",
ORD-2024-006124,2024-09-28,CUS-00240,PRD-0156,5,"58,570","292,850",
ORD-2024-006125,2024-09-28,CUS-00357,PRD-0156,14,"58,570","819,980",
ORD-2024-006129,2024-09-28,CUS-01169,PRD-0161,10,"32,640","326,400",
ORD-2024-006132,2024-09-29,CUS-02357,PRD-0037,4,"25,650","102,600",
ORD-2024-006134,2024-09-29,CUS-01974,PRD-0068,10,"16,320","163,200",
ORD-2024-006140,2024-09-29,CUS-01285,PRD-0109,16,"30,700","491,200",
ORD-2024-006141,2024-09-29,CUS-00429,PRD-0115,5,"21,210","106,050",
ORD-2024-006142,2024-09-29,CUS-00691,PRD-0118,1,"23,110","23,110",
ORD-2024-006161,2024-09-30,CUS-02480,PRD-0031,6,"36,660","219,960",
ORD-2024-006165,2024-09-30,CUS-01378,PRD-0039,3,"14,770","44,310",
ORD-2024-006169,2024-09-30,CUS-01804,PRD-0058,7,"17,980","125,860",
ORD-2024-006191,2024-09-30,CUS-01845,PRD-0093,10,"23,080","230,800",
ORD-2024-006192,2024-09-30,CUS-01426,PRD-0098,4,"15,320","61,280",
ORD-2024-006203,2024-09-30,CUS-01783,PRD-0109,8,"30,700","245,600",
ORD-2024-006214,2024-09-30,CUS-01403,PRD-0139,10,"33,360","333,600",
ORD-2024-006220,2024-09-30,CUS-00023,PRD-0150,4,"47,850","191,400",
ORD-2024-006221,2024-09-30,CUS-02433,PRD-0150,2,"47,850","95,700",
ORD-2024-006223,2024-09-30,CUS-01322,PRD-0151,1,"42,840","42,840",
ORD-2024-006228,2024-09-30,CUS-00515,PRD-0160,4,"32,940","131,760",
ORD-2024-006243,2024-10-01,CUS-01748,PRD-0039,5,"14,770","73,850",
ORD-2024-006249,2024-10-01,CUS-00617,PRD-0057,8,"18,040","144,320",
ORD-2024-006252,2024-10-01,CUS-02455,PRD-0077,7,"31,120","217,840",
ORD-2024-006255,2024-10-01,CUS-00227,PRD-0081,3,"42,190","126,570",
ORD-2024-006258,2024-10-01,CUS-02407,PRD-0086,4,"28,180","112,720",
ORD-2024-006266,2024-10-01,CUS-01319,PRD-0090,6,"37,690","226,140",
ORD-2024-006267,2024-10-01,CUS-01159,PRD-0090,13,"37,690","489,970",
ORD-2024-006268,2024-10-01,CUS-00335,PRD-0090,10,"37,690","376,900",
ORD-2024-006288,2024-10-01,CUS-02176,PRD-0128,8,"20,590","164,720",
ORD-2024-006292,2024-10-01,CUS-02227,PRD-0141,10,"38,600","386,000",
ORD-2024-006301,2024-10-01,CUS-00397,PRD-0151,16,"42,840","685,440",
ORD-2024-006302,2024-10-01,CUS-00188,PRD-0151,8,"42,840","342,720",
ORD-2024-006304,2024-10-01,CUS-00860,PRD-0153,4,"24,220","96,880",
ORD-2024-006305,2024-10-01,CUS-01422,PRD-0153,5,"24,220","121,100",
ORD-2024-006307,2024-10-01,CUS-00329,PRD-0156,16,"58,570","937,120",
ORD-2024-006308,2024-10-01,CUS-00823,PRD-0156,4,"58,570","234,280",
ORD-2024-006312,2024-10-01,CUS-01296,PRD-0161,6,"32,640","195,840",
ORD-2024-006319,2024-10-02,CUS-02119,PRD-0004,5,"4,490","22,450",
ORD-2024-006330,2024-10-02,CUS-00805,PRD-0035,14,"13,660","191,240",
ORD-2024-006341,2024-10-02,CUS-01072,PRD-0062,21,"17,890","375,690",
ORD-2024-006347,2024-10-02,CUS-00014,PRD-0079,3,"46,870","140,610",
ORD-2024-006356,2024-10-02,CUS-00715,PRD-0086,2,"28,180","56,360",
ORD-2024-006363,2024-10-02,CUS-01620,PRD-0090,8,"37,690","301,520",
ORD-2024-006365,2024-10-02,CUS-01237,PRD-0091,22,"27,010","594,220",
ORD-2024-006367,2024-10-02,CUS-02047,PRD-0093,2,"23,080","46,160",
ORD-2024-006384,2024-10-02,CUS-01159,PRD-0125,4,"15,380","61,520",
ORD-2024-006385,2024-10-02,CUS-01900,PRD-0125,3,"15,380","46,140",
ORD-2024-006400,2024-10-02,CUS-00765,PRD-0157,12,"24,810","297,720",
ORD-2024-006403,2024-10-02,CUS-01087,PRD-0160,4,"32,940","131,760",
ORD-2024-006405,2024-10-02,CUS-01316,PRD-0161,4,"32,640","130,560",
ORD-2024-006416,2024-10-03,CUS-00310,PRD-0018,7,"62,570","437,990",
ORD-2024-006417,2024-10-03,CUS-01266,PRD-0020,9,"29,210","262,890",
ORD-2024-006434,2024-10-03,CUS-02098,PRD-0077,1,"31,120","31,120",
ORD-2024-006439,2024-10-03,CUS-00003,PRD-0081,4,"42,190","168,760",
ORD-2024-006440,2024-10-03,CUS-01981,PRD-0082,4,"30,730","122,920",
ORD-2024-006448,2024-10-03,CUS-01765,PRD-0090,5,"37,690","188,450",
ORD-2024-006449,2024-10-03,CUS-01385,PRD-0090,3,"37,690","113,070",
ORD-2024-006450,2024-10-03,CUS-01881,PRD-0090,8,"37,690","301,520",
ORD-2024-006452,2024-10-03,CUS-01912,PRD-0100,4,"20,780","83,120",
ORD-2024-006459,2024-10-03,CUS-00377,PRD-0115,16,"21,210","339,360",
ORD-2024-006473,2024-10-03,CUS-01122,PRD-0135,3,"32,900","98,700",
ORD-2024-006484,2024-10-03,CUS-02091,PRD-0145,4,"31,800","127,200",
ORD-2024-006489,2024-10-03,CUS-00348,PRD-0151,6,"42,840","257,040",
ORD-2024-006490,2024-10-03,CUS-01788,PRD-0151,7,"42,840","299,880",
ORD-2024-006497,2024-10-03,CUS-02161,PRD-0161,6,"32,640","195,840",
ORD-2024-006505,2024-10-04,CUS-01456,PRD-0004,10,"4,490","44,900",
ORD-2024-006520,2024-10-04,CUS-02261,PRD-0062,6,"17,890","107,340",
ORD-2024-006526,2024-10-04,CUS-02370,PRD-0077,7,"31,120","217,840",
ORD-2024-006541,2024-10-04,CUS-00508,PRD-0090,44,"37,690","1,658,360",
ORD-2024-006542,2024-10-04,CUS-00035,PRD-0090,2,"37,690","75,380",
ORD-2024-006551,2024-10-04,CUS-02358,PRD-0112,7,"15,500","108,500",
ORD-2024-006561,2024-10-04,CUS-01283,PRD-0135,16,"32,900","526,400",
ORD-2024-006571,2024-10-04,CUS-00348,PRD-0151,19,"42,840","813,960",
ORD-2024-006572,2024-10-04,CUS-00284,PRD-0151,10,"42,840","428,400",
ORD-2024-006574,2024-10-04,CUS-02451,PRD-0153,4,"24,220","96,880",
ORD-2024-006590,2024-10-05,CUS-01313,PRD-0020,9,"29,210","262,890",
ORD-2024-006598,2024-10-05,CUS-02475,PRD-0039,11,"14,770","162,470",
ORD-2024-006605,2024-10-05,CUS-00564,PRD-0064,6,"36,350","218,100",
ORD-2024-006606,2024-10-05,CUS-01946,PRD-0074,5,"38,390","191,950",
ORD-2024-006625,2024-10-05,CUS-00147,PRD-0090,3,"37,690","113,070",
ORD-2024-006629,2024-10-05,CUS-01087,PRD-0100,6,"20,780","124,680",
ORD-2024-006638,2024-10-05,CUS-00488,PRD-0135,5,"32,900","164,500",
ORD-2024-006640,2024-10-05,CUS-00044,PRD-0148,6,"27,270","163,620",
ORD-2024-006644,2024-10-05,,PRD-0155,11,"65,880","724,680",
ORD-2024-006652,2024-10-06,CUS-00898,PRD-0037,8,"25,650","205,200",
ORD-2024-006655,2024-10-06,CUS-00222,PRD-0060,10,"57,540","575,400",
ORD-2024-006656,2024-10-06,CUS-00837,PRD-0062,2,"17,890","35,780",
ORD-2024-006665,2024-10-06,CUS-01921,PRD-0098,8,"15,320","122,560",
ORD-2024-006666,2024-10-06,CUS-01788,PRD-0098,5,"15,320","76,600",
ORD-2024-006671,2024-10-06,CUS-01303,PRD-0118,8,"23,110","184,880",
ORD-2024-006675,2024-10-06,CUS-01104,PRD-0144,9,"31,990","287,910",
ORD-2024-006683,2024-10-06,CUS-00404,PRD-0156,17,"58,570","995,690",
ORD-2024-006698,2024-10-07,CUS-00926,PRD-0024,13,"9,800","127,400",
ORD-2024-006699,2024-10-07,CUS-01768,PRD-0031,11,"36,660","403,260",
ORD-2024-006709,2024-10-07,CUS-00190,PRD-0048,2,"16,870","33,740",
ORD-2024-006720,2024-10-07,CUS-01247,PRD-0064,14,"36,350","508,900",
ORD-2024-006722,2024-10-07,CUS-02273,PRD-0068,7,"16,320","114,240",
ORD-2024-006729,2024-10-07,CUS-01335,PRD-0083,10,"23,690","236,900",
ORD-2024-006744,2024-10-07,CUS-00823,PRD-0090,9,"37,690","339,210",
ORD-2024-006747,2024-10-07,CUS-00978,PRD-0091,29,"27,010","783,290",
ORD-2024-006752,2024-10-07,CUS-00845,PRD-0100,5,"20,780","103,900",
ORD-2024-006758,2024-10-07,CUS-01436,PRD-0108,6,"30,750","184,500",
ORD-2024-006776,2024-10-07,CUS-00129,PRD-0143,9,"48,640","437,760",
ORD-2024-006797,2024-10-07,CUS-01001,PRD-0164,17,"19,920","338,640",
ORD-2024-006800,2024-10-07,CUS-01912,PRD-0166,11,"25,650","282,150",
ORD-2024-006802,2024-10-08,CUS-01872,PRD-0004,42,"4,490","188,580",
ORD-2024-006807,2024-10-08,CUS-00163,PRD-0016,6,"42,680","256,080",
ORD-2024-006809,2024-10-08,CUS-01159,PRD-0018,2,"62,570","125,140",
ORD-2024-006810,2024-10-08,CUS-01304,PRD-0018,4,"62,570","250,280",
ORD-2024-006823,2024-10-08,CUS-00934,PRD-0062,5,"17,890","89,450",
ORD-2024-006841,2024-10-08,CUS-01071,PRD-0090,11,"37,690","414,590",
ORD-2024-006842,2024-10-08,CUS-00951,PRD-0090,6,"37,690","226,140",
ORD-2024-006854,2024-10-08,CUS-01832,PRD-0108,9,"30,750","276,750",
ORD-2024-006862,2024-10-08,CUS-00747,PRD-0126,4,"29,270","117,080",
ORD-2024-006868,2024-10-08,CUS-00767,PRD-0145,15,"31,800","477,000",
ORD-2024-006873,2024-10-08,CUS-00753,PRD-0151,3,"42,840","128,520",
ORD-2024-006874,2024-10-08,CUS-01477,PRD-0151,1,"42,840","42,840",
ORD-2024-006875,2024-10-08,CUS-01910,PRD-0151,10,"42,840","428,400",
ORD-2024-006884,2024-10-08,CUS-02025,PRD-0160,3,"32,940","98,820",
ORD-2024-006890,2024-10-08,CUS-02229,PRD-0166,24,"25,650","615,600",
ORD-2024-006892,2024-10-09,CUS-01784,PRD-0012,28,"18,410","515,480",
ORD-2024-006896,2024-10-09,CUS-02433,PRD-0019,3,"31,240","93,720",
ORD-2024-006915,2024-10-09,CUS-00186,PRD-0068,19,"16,320","310,080",
ORD-2024-006921,2024-10-09,CUS-00521,PRD-0076,13,"28,050","364,650",
ORD-2024-006925,2024-10-09,CUS-00823,PRD-0082,59,"30,730","1,813,070",
ORD-2024-006943,2024-10-09,CUS-00523,PRD-0100,2,"20,780","41,560",
ORD-2024-006952,2024-10-09,CUS-02291,PRD-0121,4,"26,430","105,720",
ORD-2024-006954,2024-10-09,CUS-01450,PRD-0125,14,"15,380","215,320",
ORD-2024-006955,2024-10-09,CUS-01817,PRD-0127,8,"16,760","134,080",
ORD-2024-006961,2024-10-09,CUS-00024,PRD-0145,5,"31,800","159,000",
ORD-2024-006971,2024-10-09,CUS-02436,PRD-0151,11,"42,840","471,240",
ORD-2024-006992,2024-10-10,CUS-00938,PRD-0018,5,"62,570","312,850",
ORD-2024-006995,2024-10-10,CUS-01988,PRD-0023,3,"16,940","50,820",
ORD-2024-006997,2024-10-10,CUS-00329,PRD-0034,14,"15,350","214,900",
ORD-2024-007003,2024-10-10,CUS-00047,PRD-0050,9,"5,420","48,780",
ORD-2024-007005,2024-10-10,CUS-02057,PRD-0062,3,"17,890","53,670",
ORD-2024-007017,2024-10-10,CUS-00689,PRD-0086,6,"28,180","169,080",
ORD-2024-007040,2024-10-10,CUS-00689,PRD-0123,2,"14,410","28,820",
ORD-2024-007050,2024-10-10,CUS-02417,PRD-0151,3,"42,840","128,520",
ORD-2024-007059,2024-10-10,CUS-01200,PRD-0161,4,"32,640","130,560",
ORD-2024-007061,2024-10-10,CUS-01318,PRD-0165,6,"23,380","140,280",
ORD-2024-007066,2024-10-11,CUS-01198,PRD-0004,12,"4,490","53,880",
ORD-2024-007070,2024-10-11,CUS-00428,PRD-0007,9,"17,070","153,630",
ORD-2024-007084,2024-10-11,CUS-01900,PRD-0046,5,"17,360","86,800",
ORD-2024-007110,2024-10-11,CUS-01351,PRD-0090,4,"37,690","150,760",
ORD-2024-007111,2024-10-11,CUS-00468,PRD-0090,13,"37,690","489,970",
ORD-2024-007112,2024-10-11,CUS-02273,PRD-0090,11,"37,690","414,590",
ORD-2024-007113,2024-10-11,CUS-01481,PRD-0090,11,"37,690","414,590",
ORD-2024-007114,2024-10-11,CUS-01753,PRD-0090,7,"37,690","263,830",
ORD-2024-007117,2024-10-11,CUS-01732,PRD-0093,6,"23,080","138,480",
ORD-2024-007134,2024-10-11,CUS-00349,PRD-0121,4,"26,430","105,720",
ORD-2024-007135,2024-10-11,CUS-02344,PRD-0122,28,"19,140","535,920",
ORD-2024-007140,2024-10-11,CUS-02444,PRD-0138,3,"27,020","81,060",
ORD-2024-007141,2024-10-11,CUS-01763,PRD-0139,11,"33,360","366,960",
ORD-2024-007148,2024-10-11,CUS-00035,PRD-0151,7,"42,840","299,880",
ORD-2024-007157,2024-10-11,CUS-01865,PRD-0162,12,"28,900","346,800",
ORD-2024-007168,2024-10-12,CUS-00294,PRD-0015,4,"8,500","34,000",
ORD-2024-007170,2024-10-12,CUS-00770,PRD-0018,2,"62,570","125,140",
ORD-2024-007171,2024-10-12,CUS-01929,PRD-0026,3,"4,150","12,450",
ORD-2024-007181,2024-10-12,CUS-02436,PRD-0064,18,"36,350","654,300",
ORD-2024-007182,2024-10-12,CUS-01472,PRD-0067,14,"12,380","173,320",
ORD-2024-007208,2024-10-12,CUS-01226,PRD-0151,7,"42,840","299,880",
ORD-2024-007222,2024-10-13,CUS-01351,PRD-0037,5,"25,650","128,250",
ORD-2024-007233,2024-10-13,CUS-00643,PRD-0090,16,"37,690","603,040",
ORD-2024-007243,2024-10-13,CUS-01578,PRD-0156,8,"58,570","468,560",
ORD-2024-007244,2024-10-13,CUS-00311,PRD-0161,2,"32,640","65,280",
ORD-2024-007253,2024-10-14,CUS-00183,PRD-0012,11,"18,410","202,510",
ORD-2024-007258,2024-10-14,CUS-00044,PRD-0033,3,"11,040","33,120",
ORD-2024-007261,2024-10-14,CUS-01313,PRD-0037,3,"25,650","76,950",
ORD-2024-007262,2024-10-14,CUS-00410,PRD-0039,5,"14,770","73,850",
ORD-2024-007264,2024-10-14,CUS-02311,PRD-0042,7,"26,200","183,400",
ORD-2024-007269,2024-10-14,CUS-02191,PRD-0051,3,"43,070","129,210",
ORD-2024-007282,2024-10-14,CUS-01401,PRD-0076,14,"28,050","392,700",
ORD-2024-007286,2024-10-14,CUS-02496,PRD-0078,5,"33,720","168,600",
ORD-2024-007292,2024-10-14,CUS-01092,PRD-0083,14,"23,690","331,660",
ORD-2024-007310,2024-10-14,CUS-00348,PRD-0090,29,"37,690","1,093,010",
ORD-2024-007314,2024-10-14,CUS-02272,PRD-0098,6,"15,320","91,920",
ORD-2024-007316,2024-10-14,CUS-00025,PRD-0100,6,"20,780","124,680",
ORD-2024-007319,2024-10-14,CUS-00549,PRD-0109,5,"30,700","153,500",
ORD-2024-007321,2024-10-14,CUS-00211,PRD-0120,12,"14,740","176,880",
ORD-2024-007330,2024-10-14,CUS-01200,PRD-0125,2,"15,380","30,760",
ORD-2024-007341,2024-10-14,CUS-02291,PRD-0142,2,"52,030","104,060",
ORD-2024-007344,2024-10-14,CUS-01698,PRD-0144,7,"31,990","223,930",
ORD-2024-007355,2024-10-14,CUS-01430,PRD-0153,4,"24,220","96,880",
ORD-2024-007356,2024-10-14,CUS-01001,PRD-0153,12,"24,220","290,640",
ORD-2024-007359,2024-10-14,CUS-00221,PRD-0161,25,"32,640","816,000",
ORD-2024-007380,2024-10-15,CUS-02091,PRD-0026,12,"4,150","49,800",
ORD-2024-007387,2024-10-15,CUS-01056,PRD-0051,7,"43,070","301,490",
ORD-2024-007395,2024-10-15,CUS-00147,PRD-0074,6,"38,390","230,340",
ORD-2024-007396,2024-10-15,CUS-01544,PRD-0076,10,"28,050","280,500",
ORD-2024-007411,2024-10-15,CUS-01856,PRD-0090,20,"37,690","753,800",
ORD-2024-007412,2024-10-15,CUS-00670,PRD-0090,7,"37,690","263,830",
ORD-2024-007415,2024-10-15,CUS-00691,PRD-0093,10,"23,080","230,800",
ORD-2024-007425,2024-10-15,CUS-01087,PRD-0120,7,"14,740","103,180",
ORD-2024-007437,2024-10-15,CUS-01883,PRD-0151,2,"42,840","85,680",
ORD-2024-007442,2024-10-15,CUS-01918,PRD-0156,7,"58,570","409,990",
ORD-2024-007445,2024-10-15,CUS-01457,PRD-0160,14,"32,940","461,160",
ORD-2024-007450,2024-10-15,CUS-00131,PRD-0166,5,"25,650","128,250",
ORD-2024-007452,2024-10-16,CUS-01844,PRD-0002,1,"5,180","5,180",
ORD-2024-007456,2024-10-16,CUS-00227,PRD-0005,5,"3,110","15,550",
ORD-2024-007458,2024-10-16,CUS-02326,PRD-0011,6,"17,170","103,020",
ORD-2024-007460,2024-10-16,CUS-01498,PRD-0013,8,"11,970","95,760",
ORD-2024-007467,2024-10-16,CUS-00734,PRD-0032,1,"20,370","20,370",
ORD-2024-007475,2024-10-16,CUS-02055,PRD-0057,9,"18,040","162,360",
ORD-2024-007476,2024-10-16,CUS-00754,PRD-0058,4,"17,980","71,920",
ORD-2024-007480,2024-10-16,CUS-01471,PRD-0064,19,"36,350","690,650",
ORD-2024-007485,2024-10-16,CUS-00406,PRD-0082,5,"30,730","153,650",
ORD-2024-007486,2024-10-16,CUS-00199,PRD-0082,2,"30,730","61,460",
ORD-2024-007498,2024-10-16,CUS-02156,PRD-0090,5,"37,690","188,450",
ORD-2024-007501,2024-10-16,CUS-02461,PRD-0093,3,"23,080","69,240",
ORD-2024-007502,2024-10-16,CUS-01672,PRD-0093,21,"23,080","484,680",
ORD-2024-007517,2024-10-16,CUS-00905,PRD-0125,8,"15,380","123,040",
ORD-2024-007521,2024-10-16,CUS-00198,PRD-0130,17,"13,600","231,200",
ORD-2024-007531,2024-10-16,CUS-00463,PRD-0153,3,"24,220","72,660",
ORD-2024-007534,2024-10-16,CUS-00310,PRD-0156,6,"58,570","351,420",
ORD-2024-007541,2024-10-17,CUS-00258,PRD-0004,3,"4,490","13,470",
ORD-2024-007542,2024-10-17,CUS-00996,PRD-0007,20,"17,070","341,400",
ORD-2024-007569,2024-10-17,CUS-01806,PRD-0068,8,"16,320","130,560",
ORD-2024-007570,2024-10-17,CUS-01462,PRD-0068,2,"16,320","32,640",
ORD-2024-007573,2024-10-17,CUS-00996,PRD-0077,9,"31,120","280,080",
ORD-2024-007574,2024-10-17,,PRD-0077,6,"31,120","186,720",
ORD-2024-007587,2024-10-17,CUS-01498,PRD-0090,21,"37,690","791,490",
ORD-2024-007588,2024-10-17,CUS-01879,PRD-0096,6,"23,060","138,360",
ORD-2024-007590,2024-10-17,CUS-02268,PRD-0108,5,"30,750","153,750",
ORD-2024-007605,2024-10-17,CUS-01088,PRD-0151,6,"42,840","257,040",
ORD-2024-007606,2024-10-17,CUS-02175,PRD-0153,2,"24,220","48,440",
ORD-2024-007608,2024-10-17,CUS-00433,PRD-0156,3,"58,570","175,710",
ORD-2024-007612,2024-10-17,CUS-01325,PRD-0160,5,"32,940","164,700",
ORD-2024-007615,2024-10-17,CUS-01021,PRD-0162,7,"28,900","202,300",
ORD-2024-007617,2024-10-17,CUS-01021,PRD-0164,3,"19,920","59,760",
ORD-2024-007628,2024-10-18,CUS-01088,PRD-0034,1,"15,350","15,350",
ORD-2024-007635,2024-10-18,,PRD-0050,4,"5,420","21,680",
ORD-2024-007638,2024-10-18,CUS-00097,PRD-0057,5,"18,040","90,200",
ORD-2024-007643,2024-10-18,CUS-00221,PRD-0076,7,"28,050","196,350",
ORD-2024-007648,2024-10-18,CUS-00840,PRD-0084,6,"27,760","166,560",
ORD-2024-007663,2024-10-18,CUS-01328,PRD-0090,7,"37,690","263,830",
ORD-2024-007664,2024-10-18,CUS-00349,PRD-0090,7,"37,690","263,830",
ORD-2024-007665,2024-10-18,CUS-02358,PRD-0090,9,"37,690","339,210",
ORD-2024-007666,2024-10-18,CUS-00199,PRD-0090,27,"37,690","1,017,630",
ORD-2024-007675,2024-10-18,CUS-01318,PRD-0108,24,"30,750","738,000",
ORD-2024-007682,2024-10-18,CUS-00088,PRD-0120,17,"14,740","250,580",
ORD-2024-007690,2024-10-18,CUS-00822,PRD-0130,5,"13,600","68,000",
ORD-2024-007692,2024-10-18,CUS-01840,PRD-0150,8,"47,850","382,800",
ORD-2024-007696,2024-10-18,CUS-00310,PRD-0151,3,"42,840","128,520",
ORD-2024-007708,2024-10-19,CUS-00458,PRD-0004,17,"4,490","76,330",
ORD-2024-007720,2024-10-19,CUS-00477,PRD-0062,3,"17,890","53,670",
ORD-2024-007734,2024-10-19,CUS-00786,PRD-0090,8,"37,690","301,520",
ORD-2024-007735,2024-10-19,CUS-01058,PRD-0090,7,"37,690","263,830",
ORD-2024-007736,2024-10-19,CUS-01592,PRD-0093,1,"23,080","23,080",
ORD-2024-007737,2024-10-19,CUS-02363,PRD-0098,7,"15,320","107,240",
ORD-2024-007741,2024-10-19,CUS-00519,PRD-0100,10,"20,780","207,800",
ORD-2024-007742,2024-10-19,,PRD-0100,9,"20,780","187,020",
ORD-2024-007750,2024-10-19,CUS-01910,PRD-0115,2,"21,210","42,420",
ORD-2024-007751,2024-10-19,CUS-00549,PRD-0115,2,"21,210","42,420",
ORD-2024-007768,2024-10-19,CUS-00790,PRD-0151,5,"42,840","214,200",
ORD-2024-007775,2024-10-19,CUS-00976,PRD-0163,18,"27,790","500,220",
ORD-2024-007779,2024-10-20,CUS-01009,PRD-0004,22,"4,490","98,780",
ORD-2024-007781,2024-10-20,CUS-00365,PRD-0025,2,"5,090","10,180",
ORD-2024-007792,2024-10-20,CUS-02288,PRD-0090,1,"37,690","37,690",
ORD-2024-007794,2024-10-20,CUS-02074,PRD-0098,6,"15,320","91,920",
ORD-2024-007795,2024-10-20,CUS-00968,PRD-0099,5,"14,380","71,900",
ORD-2024-007804,2024-10-20,CUS-00786,PRD-0125,10,"15,380","153,800",
ORD-2024-007812,2024-10-21,CUS-01316,PRD-0004,15,"4,490","67,350",
ORD-2024-007817,2024-10-21,CUS-00809,PRD-0011,8,"17,170","137,360",
ORD-2024-007824,2024-10-21,CUS-01247,PRD-0047,10,"19,060","190,600",
ORD-2024-007831,2024-10-21,CUS-01378,PRD-0064,4,"36,350","145,400",
ORD-2024-007837,2024-10-21,CUS-00805,PRD-0077,3,"31,120","93,360",
ORD-2024-007846,2024-10-21,CUS-00786,PRD-0086,3,"28,180","84,540",
ORD-2024-007853,2024-10-21,CUS-01266,PRD-0090,5,"37,690","188,450",
ORD-2024-007854,2024-10-21,CUS-01199,PRD-0090,4,"37,690","150,760",
ORD-2024-007855,2024-10-21,CUS-00771,PRD-0090,5,"37,690","188,450",
ORD-2024-007861,2024-10-21,CUS-01481,PRD-0100,3,"20,780","62,340",
ORD-2024-007864,2024-10-21,CUS-02317,PRD-0108,2,"30,750","61,500",
ORD-2024-007870,2024-10-21,CUS-02119,PRD-0115,13,"21,210","275,730",
ORD-2024-007876,2024-10-21,CUS-01396,PRD-0131,4,"31,140","124,560",
ORD-2024-007882,2024-10-21,CUS-00359,PRD-0146,4,"34,820","139,280",
ORD-2024-007885,2024-10-21,CUS-01988,PRD-0151,4,"42,840","171,360",
ORD-2024-007898,2024-10-21,CUS-01972,PRD-0165,4,"23,380","93,520",
ORD-2024-007908,2024-10-22,CUS-01581,PRD-0031,5,"36,660","183,300",
ORD-2024-007915,2024-10-22,,PRD-0058,13,"17,980","233,740",
ORD-2024-007930,2024-10-22,CUS-02068,PRD-0085,9,"32,580","293,220",
ORD-2024-007939,2024-10-22,CUS-00815,PRD-0090,6,"37,690","226,140",
ORD-2024-007940,2024-10-22,CUS-01923,PRD-0090,5,"37,690","188,450",
ORD-2024-007951,2024-10-22,CUS-01205,PRD-0100,8,"20,780","166,240",
ORD-2024-007957,2024-10-22,CUS-00132,PRD-0121,13,"26,430","343,590",
ORD-2024-007958,2024-10-22,CUS-00841,PRD-0121,9,"26,430","237,870",
ORD-2024-007960,2024-10-22,CUS-01646,PRD-0122,3,"19,140","57,420",
ORD-2024-007965,2024-10-22,CUS-00648,PRD-0125,14,"15,380","215,320",
ORD-2024-007981,2024-10-22,CUS-00514,PRD-0166,3,"25,650","76,950",
ORD-2024-007987,2024-10-23,CUS-01799,PRD-0041,4,"6,830","27,320",
ORD-2024-007990,2024-10-23,CUS-01392,PRD-0048,6,"16,870","101,220",
ORD-2024-007993,2024-10-23,CUS-02462,PRD-0056,7,"25,020","175,140",
ORD-2024-007998,2024-10-23,CUS-02462,PRD-0067,5,"12,380","61,900",
ORD-2024-008004,2024-10-23,CUS-00894,PRD-0078,5,"33,720","168,600",
ORD-2024-008010,2024-10-23,CUS-01196,PRD-0090,3,"37,690","113,070",
ORD-2024-008011,2024-10-23,CUS-01821,PRD-0090,5,"37,690","188,450",
ORD-2024-008021,2024-10-23,CUS-00082,PRD-0103,1,"38,480","38,480",
ORD-2024-008028,2024-10-23,CUS-00733,PRD-0118,4,"23,110","92,440",
ORD-2024-008029,2024-10-23,CUS-00245,PRD-0118,13,"23,110","300,430",
ORD-2024-008032,2024-10-23,CUS-00024,PRD-0122,9,"19,140","172,260",
ORD-2024-008039,2024-10-23,CUS-00245,PRD-0135,4,"32,900","131,600",
ORD-2024-008049,2024-10-23,CUS-02423,PRD-0156,24,"58,570","1,405,680",
ORD-2024-008062,2024-10-24,CUS-01700,PRD-0004,2,"4,490","8,980",
ORD-2024-008069,2024-10-24,CUS-02133,PRD-0021,10,"19,390","193,900",
ORD-2024-008071,2024-10-24,CUS-00392,PRD-0023,11,"16,940","186,340",
ORD-2024-008073,2024-10-24,CUS-00129,PRD-0026,8,"4,150","33,200",
ORD-2024-008083,2024-10-24,CUS-00553,PRD-0065,8,"34,000","272,000",
ORD-2024-008092,2024-10-24,CUS-01792,PRD-0084,4,"27,760","111,040",
ORD-2024-008103,2024-10-24,CUS-02475,PRD-0090,11,"37,690","414,590",
ORD-2024-008104,2024-10-24,CUS-01058,PRD-0090,19,"37,690","716,110",
ORD-2024-008109,2024-10-24,CUS-02383,PRD-0098,5,"15,320","76,600",
ORD-2024-008113,2024-10-24,CUS-00139,PRD-0100,4,"20,780","83,120",
ORD-2024-008118,2024-10-24,CUS-00531,PRD-0109,2,"30,700","61,400",
ORD-2024-008120,2024-10-24,CUS-01921,PRD-0120,11,"14,740","162,140",
ORD-2024-008125,2024-10-24,CUS-02274,PRD-0125,2,"15,380","30,760",
ORD-2024-008132,2024-10-24,CUS-02108,PRD-0149,11,"45,880","504,680",
ORD-2024-008139,2024-10-24,CUS-00627,PRD-0151,7,"42,840","299,880",
ORD-2024-008151,2024-10-25,CUS-00531,PRD-0019,5,"31,240","156,200",
ORD-2024-008168,2024-10-25,CUS-02115,PRD-0057,25,"18,040","451,000",
ORD-2024-008170,2024-10-25,CUS-00342,PRD-0061,13,"16,320","212,160",
ORD-2024-008175,2024-10-25,CUS-01769,PRD-0074,8,"38,390","307,120",
ORD-2024-008187,2024-10-25,CUS-01988,PRD-0086,8,"28,180","225,440",
ORD-2024-008196,2024-10-25,CUS-01457,PRD-0090,8,"37,690","301,520",
ORD-2024-008197,2024-10-25,,PRD-0090,11,"37,690","414,590",
ORD-2024-008198,2024-10-25,CUS-01367,PRD-0090,6,"37,690","226,140",
ORD-2024-008208,2024-10-25,CUS-01898,PRD-0100,11,"20,780","228,580",
ORD-2024-008219,2024-10-25,CUS-02161,PRD-0128,5,"20,590","102,950",
ORD-2024-008220,2024-10-25,CUS-02342,PRD-0131,1,"31,140","31,140",
ORD-2024-008223,2024-10-25,CUS-01284,PRD-0135,9,"32,900","296,100",
ORD-2024-008228,2024-10-25,CUS-01688,PRD-0142,5,"52,030","260,150",
ORD-2024-008234,2024-10-25,CUS-01671,PRD-0151,30,"42,840","1,285,200",
ORD-2024-008250,2024-10-25,CUS-02288,PRD-0161,3,"32,640","97,920",
ORD-2024-008254,2024-10-26,CUS-01646,PRD-0004,7,"4,490","31,430",
ORD-2024-008259,2024-10-26,CUS-00267,PRD-0022,3,"11,680","35,040",
ORD-2024-008269,2024-10-26,CUS-01733,PRD-0057,5,"18,040","90,200",
ORD-2024-008271,2024-10-26,CUS-01883,PRD-0061,11,"16,320","179,520",
ORD-2024-008282,2024-10-26,CUS-01226,PRD-0086,17,"28,180","479,060",
ORD-2024-008286,2024-10-26,CUS-01090,PRD-0090,20,"37,690","753,800",
ORD-2024-008297,2024-10-26,CUS-00702,PRD-0123,12,"14,410","172,920",
ORD-2024-008301,2024-10-26,CUS-00047,PRD-0135,12,"32,900","394,800",
ORD-2024-008302,2024-10-26,CUS-01314,PRD-0138,6,"27,020","162,120",
ORD-2024-008314,2024-10-27,CUS-02095,PRD-0010,27,"16,050","433,350",
ORD-2024-008321,2024-10-27,CUS-00823,PRD-0070,26,"19,240","500,240",
ORD-2024-008323,2024-10-27,CUS-01269,PRD-0077,9,"31,120","280,080",
ORD-2024-008334,2024-10-28,CUS-01354,PRD-0001,14,"4,970","69,580",
ORD-2024-008339,2024-10-28,CUS-01304,PRD-0007,4,"17,070","68,280",
ORD-2024-008340,2024-10-28,CUS-02387,PRD-0016,5,"42,680","213,400",
ORD-2024-008365,2024-10-28,CUS-01988,PRD-0066,8,"51,920","415,360",
ORD-2024-008367,2024-10-28,CUS-01284,PRD-0074,10,"38,390","383,900",
ORD-2024-008374,2024-10-28,CUS-01121,PRD-0080,16,"23,900","382,400",
ORD-2024-008383,2024-10-28,CUS-02156,PRD-0086,3,"28,180","84,540",
ORD-2024-008392,2024-10-28,CUS-02108,PRD-0090,7,"37,690","263,830",
ORD-2024-008393,2024-10-28,CUS-01926,PRD-0090,6,"37,690","226,140",
ORD-2024-008394,2024-10-28,CUS-00427,PRD-0090,2,"37,690","75,380",
ORD-2024-008402,2024-10-28,CUS-01009,PRD-0102,2,"17,050","34,100",
ORD-2024-008428,2024-10-28,CUS-01500,PRD-0161,7,"32,640","228,480",
ORD-2024-008435,2024-10-29,CUS-01056,PRD-0019,5,"31,240","156,200",
ORD-2024-008440,2024-10-29,CUS-01313,PRD-0029,13,"11,070","143,910",
ORD-2024-008444,2024-10-29,CUS-01498,PRD-0047,1,"19,060","19,060",
ORD-2024-008458,2024-10-29,CUS-00130,PRD-0077,13,"31,120","404,560",
ORD-2024-008474,2024-10-29,CUS-00640,PRD-0100,6,"20,780","124,680",
ORD-2024-008484,2024-10-29,CUS-00135,PRD-0120,5,"14,740","73,700",
ORD-2024-008485,2024-10-29,CUS-00798,PRD-0121,13,"26,430","343,590",
ORD-2024-008495,2024-10-29,CUS-01961,PRD-0135,17,"32,900","559,300",
ORD-2024-008498,2024-10-29,CUS-01184,PRD-0143,11,"48,640","535,040",
ORD-2024-008505,2024-10-29,CUS-00153,PRD-0151,7,"42,840","299,880",
ORD-2024-008516,2024-10-29,CUS-01511,PRD-0165,11,"23,380","257,180",
ORD-2024-008544,2024-10-30,CUS-01472,PRD-0072,5,"42,600","213,000",
ORD-2024-008550,2024-10-30,CUS-01174,PRD-0083,5,"23,690","118,450",
ORD-2024-008562,2024-10-30,CUS-02363,PRD-0090,11,"37,690","414,590",
ORD-2024-008563,2024-10-30,CUS-01858,PRD-0090,4,"37,690","150,760",
ORD-2024-008564,2024-10-30,CUS-00754,PRD-0090,11,"37,690","414,590",
ORD-2024-008568,2024-10-30,CUS-01799,PRD-0098,1,"15,320","15,320",
ORD-2024-008578,2024-10-30,CUS-00283,PRD-0120,5,"14,740","73,700",
ORD-2024-008583,2024-10-30,CUS-01313,PRD-0129,6,"17,810","106,860",
ORD-2024-008594,2024-10-30,CUS-01200,PRD-0151,4,"42,840","171,360",
ORD-2024-008599,2024-10-30,CUS-00492,PRD-0154,4,"42,470","169,880",
ORD-2024-008608,2024-10-30,CUS-00457,PRD-0167,11,"14,020","154,220",
ORD-2024-008609,2024-10-30,CUS-01765,PRD-0169,5,"15,310","76,550",
ORD-2024-008619,2024-10-31,CUS-01415,PRD-0031,6,"36,660","219,960",
ORD-2024-008623,2024-10-31,CUS-00357,PRD-0051,4,"43,070","172,280",
ORD-2024-008629,2024-10-31,CUS-01693,PRD-0062,20,"17,890","357,800",
ORD-2024-008636,2024-10-31,CUS-01369,PRD-0074,13,"38,390","499,070",
ORD-2024-008638,2024-10-31,CUS-01293,PRD-0076,7,"28,050","196,350",
ORD-2024-008650,2024-10-31,CUS-00238,PRD-0090,27,"37,690","1,017,630",
ORD-2024-008659,2024-10-31,CUS-01754,PRD-0103,4,"38,480","153,920",
ORD-2024-008662,2024-10-31,CUS-02339,PRD-0118,18,"23,110","415,980",
ORD-2024-008664,2024-10-31,CUS-01033,PRD-0120,1,"14,740","14,740",
ORD-2024-008666,2024-10-31,CUS-02075,PRD-0122,7,"19,140","133,980",
ORD-2024-008667,2024-10-31,CUS-00112,PRD-0122,5,"19,140","95,700",
ORD-2024-008668,2024-10-31,,PRD-0122,8,"19,140","153,120",
ORD-2024-008671,2024-10-31,CUS-00982,PRD-0135,7,"32,900","230,300",
ORD-2024-008672,2024-10-31,CUS-00798,PRD-0141,4,"38,600","154,400",
ORD-2024-008678,2024-10-31,CUS-01377,PRD-0151,2,"42,840","85,680",
ORD-2024-008679,2024-10-31,CUS-00480,PRD-0151,5,"42,840","214,200",
ORD-2024-008698,2024-11-01,CUS-00849,PRD-0018,5,"62,570","312,850",
ORD-2024-008708,2024-11-01,CUS-01659,PRD-0043,10,"17,760","177,600",
ORD-2024-008712,2024-11-01,CUS-00406,PRD-0047,3,"19,060","57,180",
ORD-2024-008717,2024-11-01,CUS-01582,PRD-0064,5,"36,350","181,750",
ORD-2024-008723,2024-11-01,CUS-01199,PRD-0072,5,"42,600","213,000",
ORD-2024-008729,2024-11-01,CUS-02376,PRD-0078,4,"33,720","134,880",
ORD-2024-008739,2024-11-01,CUS-02324,PRD-0090,10,"37,690","376,900",
ORD-2024-008740,2024-11-01,CUS-01607,PRD-0090,2,"37,690","75,380",
ORD-2024-008748,2024-11-01,CUS-01724,PRD-0100,12,"20,780","249,360",
ORD-2024-008749,2024-11-01,CUS-00218,PRD-0100,13,"20,780","270,140",
ORD-2024-008752,2024-11-01,CUS-00765,PRD-0102,12,"17,050","204,600",
ORD-2024-008759,2024-11-01,CUS-00147,PRD-0121,6,"26,430","158,580",
ORD-2024-008761,2024-11-01,CUS-02455,PRD-0123,9,"14,410","129,690",
ORD-2024-008767,2024-11-01,CUS-00024,PRD-0128,8,"20,590","164,720",
ORD-2024-008769,2024-11-01,CUS-00341,PRD-0130,11,"13,600","149,600",
ORD-2024-008771,2024-11-01,CUS-02167,PRD-0131,3,"31,140","93,420",
ORD-2024-008785,2024-11-01,CUS-02391,PRD-0151,3,"42,840","128,520",
ORD-2024-008791,2024-11-01,CUS-01732,PRD-0156,8,"58,570","468,560",
ORD-2024-008799,2024-11-01,CUS-00488,PRD-0161,11,"32,640","359,040",
ORD-2024-008822,2024-11-02,CUS-00406,PRD-0061,1,"16,320","16,320",
ORD-2024-008823,2024-11-02,CUS-00786,PRD-0062,10,"17,890","178,900",
ORD-2024-008827,2024-11-02,CUS-01430,PRD-0065,3,"34,000","102,000",
ORD-2024-008841,2024-11-02,CUS-00473,PRD-0086,7,"28,180","197,260",
ORD-2024-008847,2024-11-02,CUS-00298,PRD-0090,5,"37,690","188,450",
ORD-2024-008865,2024-11-02,CUS-01657,PRD-0135,7,"32,900","230,300",
ORD-2024-008874,2024-11-02,CUS-00211,PRD-0153,4,"24,220","96,880",
ORD-2024-008875,2024-11-02,CUS-00904,PRD-0160,7,"32,940","230,580",
ORD-2024-008877,2024-11-02,CUS-02352,PRD-0161,22,"32,640","718,080",
ORD-2024-008887,2024-11-03,CUS-01559,PRD-0025,3,"5,090","15,270",
ORD-2024-008895,2024-11-03,CUS-02167,PRD-0068,8,"16,320","130,560",
ORD-2024-008897,2024-11-03,CUS-00283,PRD-0083,11,"23,690","260,590",
ORD-2024-008898,2024-11-03,CUS-00726,PRD-0085,7,"32,580","228,060",
ORD-2024-008902,2024-11-03,CUS-00715,PRD-0090,5,"37,690","188,450",
ORD-2024-008919,2024-11-03,CUS-00805,PRD-0160,14,"32,940","461,160",
ORD-2024-008921,2024-11-03,CUS-02355,PRD-0161,9,"32,640","293,760",
ORD-2024-008926,2024-11-04,CUS-01303,PRD-0011,5,"17,170","85,850",
ORD-2024-008937,2024-11-04,CUS-01303,PRD-0039,13,"14,770","192,010",
ORD-2024-008940,2024-11-04,CUS-01916,PRD-0051,13,"43,070","559,910",
ORD-2024-008944,2024-11-04,CUS-00024,PRD-0057,4,"18,040","72,160",
ORD-2024-008946,2024-11-04,CUS-00815,PRD-0060,17,"57,540","978,180",
ORD-2024-008958,2024-11-04,CUS-02067,PRD-0085,26,"32,580","847,080",
ORD-2024-008972,2024-11-04,CUS-00884,PRD-0090,8,"37,690","301,520",
ORD-2024-008982,2024-11-04,CUS-02152,PRD-0115,14,"21,210","296,940",
ORD-2024-009001,2024-11-04,CUS-01369,PRD-0151,5,"42,840","214,200",
ORD-2024-009006,2024-11-04,CUS-02174,PRD-0156,5,"58,570","292,850",
ORD-2024-009007,2024-11-04,CUS-01193,PRD-0158,4,"33,720","134,880",
ORD-2024-009011,2024-11-04,CUS-01462,PRD-0161,14,"32,640","456,960",
ORD-2024-009013,2024-11-04,CUS-01560,PRD-0163,10,"27,790","277,900",
ORD-2024-009015,2024-11-04,CUS-00072,PRD-0165,7,"23,380","163,660",
ORD-2024-009016,2024-11-04,CUS-00550,PRD-0165,29,"23,380","678,020",
ORD-2024-009017,2024-11-04,CUS-02073,PRD-0165,8,"23,380","187,040",
ORD-2024-009020,2024-11-05,CUS-00934,PRD-0003,8,"4,840","38,720",
ORD-2024-009023,2024-11-05,CUS-00186,PRD-0004,9,"4,490","40,410",
ORD-2024-009025,2024-11-05,CUS-00982,PRD-0007,5,"17,070","85,350",
ORD-2024-009028,2024-11-05,CUS-01921,PRD-0020,7,"29,210","204,470",
ORD-2024-009029,2024-11-05,CUS-00339,PRD-0023,6,"16,940","101,640",
ORD-2024-009035,2024-11-05,CUS-01792,PRD-0040,3,"14,100","42,300",
ORD-2024-009052,2024-11-05,CUS-00112,PRD-0082,4,"30,730","122,920",
ORD-2024-009055,2024-11-05,CUS-00458,PRD-0086,1,"28,180","28,180",
ORD-2024-009063,2024-11-05,CUS-02063,PRD-0090,5,"37,690","188,450",
ORD-2024-009065,2024-11-05,CUS-00956,PRD-0098,7,"15,320","107,240",
ORD-2024-009066,2024-11-05,CUS-01891,PRD-0103,25,"38,480","962,000",
ORD-2024-009076,2024-11-05,CUS-00036,PRD-0118,4,"23,110","92,440",
ORD-2024-009079,2024-11-05,CUS-02133,PRD-0125,12,"15,380","184,560",
ORD-2024-009084,2024-11-05,CUS-01637,PRD-0144,18,"31,990","575,820",
ORD-2024-009094,2024-11-05,CUS-00341,PRD-0153,11,"24,220","266,420",
ORD-2024-009095,2024-11-05,CUS-01646,PRD-0154,4,"42,470","169,880",
ORD-2024-009100,2024-11-05,CUS-02081,PRD-0157,12,"24,810","297,720",
ORD-2024-009102,2024-11-05,CUS-00132,PRD-0160,21,"32,940","691,740",
ORD-2024-009123,2024-11-06,CUS-00473,PRD-0027,5,"4,920","24,600",
ORD-2024-009137,2024-11-06,CUS-02074,PRD-0062,6,"17,890","107,340",
ORD-2024-009142,2024-11-06,CUS-01525,PRD-0074,7,"38,390","268,730",
ORD-2024-009144,2024-11-06,CUS-02092,PRD-0078,13,"33,720","438,360",
ORD-2024-009146,2024-11-06,CUS-00876,PRD-0081,5,"42,190","210,950",
ORD-2024-009150,2024-11-06,CUS-00193,PRD-0086,7,"28,180","197,260",
ORD-2024-009151,2024-11-06,CUS-01316,PRD-0086,3,"28,180","84,540",
ORD-2024-009161,2024-11-06,CUS-02433,PRD-0090,4,"37,690","150,760",
ORD-2024-009162,2024-11-06,CUS-00186,PRD-0090,4,"37,690","150,760",
ORD-2024-009163,2024-11-06,CUS-01920,PRD-0090,5,"37,690","188,450",
ORD-2024-009164,2024-11-06,CUS-00322,PRD-0090,5,"37,690","188,450",
ORD-2024-009171,2024-11-06,CUS-00359,PRD-0100,9,"20,780","187,020",
ORD-2024-009172,2024-11-06,CUS-00813,PRD-0102,4,"17,050","68,200",
ORD-2024-009177,2024-11-06,,PRD-0113,8,"10,420","83,360",
ORD-2024-009179,2024-11-06,CUS-02376,PRD-0116,6,"17,680","106,080",
ORD-2024-009192,2024-11-06,CUS-00976,PRD-0144,8,"31,990","255,920",
ORD-2024-009198,2024-11-06,CUS-00550,PRD-0151,6,"42,840","257,040",
ORD-2024-009199,2024-11-06,CUS-00648,PRD-0151,6,"42,840","257,040",
ORD-2024-009201,2024-11-06,CUS-01996,PRD-0154,38,"42,470","1,613,860",
ORD-2024-009206,2024-11-06,CUS-02358,PRD-0161,6,"32,640","195,840",
ORD-2024-009208,2024-11-06,CUS-00365,PRD-0165,41,"23,380","958,580",
ORD-2024-009211,2024-11-06,CUS-01385,PRD-0170,2,"17,370","34,740",
ORD-2024-009217,2024-11-07,CUS-01580,PRD-0018,13,"62,570","813,410",
ORD-2024-009222,2024-11-07,CUS-01109,PRD-0029,7,"11,070","77,490",
ORD-2024-009230,2024-11-07,CUS-00088,PRD-0062,4,"17,890","71,560",
ORD-2024-009232,2024-11-07,CUS-02151,PRD-0064,17,"36,350","617,950",
ORD-2024-009233,2024-11-07,CUS-00836,PRD-0065,23,"34,000","782,000",
ORD-2024-009241,2024-11-07,CUS-02025,PRD-0081,3,"42,190","126,570",
ORD-2024-009253,2024-11-07,CUS-00849,PRD-0090,21,"37,690","791,490",
ORD-2024-009255,2024-11-07,CUS-00130,PRD-0091,19,"27,010","513,190",
ORD-2024-009263,2024-11-07,CUS-02156,PRD-0100,9,"20,780","187,020",
ORD-2024-009264,2024-11-07,CUS-01221,PRD-0100,8,"20,780","166,240",
ORD-2024-009265,2024-11-07,CUS-00065,PRD-0100,2,"20,780","41,560",
ORD-2024-009277,2024-11-07,CUS-01806,PRD-0142,4,"52,030","208,120",
ORD-2024-009287,2024-11-07,CUS-01266,PRD-0151,19,"42,840","813,960",
ORD-2024-009288,2024-11-07,CUS-00508,PRD-0151,6,"42,840","257,040",
ORD-2024-009290,2024-11-07,CUS-02461,PRD-0153,12,"24,220","290,640",
ORD-2024-009297,2024-11-07,CUS-02450,PRD-0163,7,"27,790","194,530",
ORD-2024-009308,2024-11-08,CUS-02075,PRD-0004,14,"4,490","62,860",
ORD-2024-009309,2024-11-08,CUS-02291,PRD-0005,6,"3,110","18,660",
ORD-2024-009310,2024-11-08,CUS-00065,PRD-0005,5,"3,110","15,550",
ORD-2024-009311,2024-11-08,CUS-01559,PRD-0007,4,"17,070","68,280",
ORD-2024-009317,2024-11-08,CUS-02102,PRD-0039,4,"14,770","59,080",
ORD-2024-009324,2024-11-08,CUS-00918,PRD-0051,2,"43,070","86,140",
ORD-2024-009329,2024-11-08,CUS-00904,PRD-0062,11,"17,890","196,790",
ORD-2024-009337,2024-11-08,CUS-00141,PRD-0079,4,"46,870","187,480",
ORD-2024-009356,2024-11-08,CUS-00822,PRD-0090,8,"37,690","301,520",
ORD-2024-009367,2024-11-08,CUS-02227,PRD-0120,10,"14,740","147,400",
ORD-2024-009372,2024-11-08,CUS-01296,PRD-0125,5,"15,380","76,900",
ORD-2024-009373,2024-11-08,CUS-02074,PRD-0125,21,"15,380","322,980",
ORD-2024-009379,2024-11-08,CUS-01403,PRD-0138,10,"27,020","270,200",
ORD-2024-009387,2024-11-08,CUS-02187,PRD-0154,7,"42,470","297,290",
ORD-2024-009390,2024-11-08,,PRD-0165,1,"23,380","23,380",
ORD-2024-009395,2024-11-09,CUS-00823,PRD-0021,13,"19,390","252,070",
ORD-2024-009396,2024-11-09,CUS-00918,PRD-0022,7,"11,680","81,760",
ORD-2024-009397,2024-11-09,CUS-00747,PRD-0025,11,"5,090","55,990",
ORD-2024-009415,2024-11-09,CUS-01200,PRD-0090,8,"37,690","301,520",
ORD-2024-009416,2024-11-09,CUS-01033,PRD-0090,3,"37,690","113,070",
ORD-2024-009418,2024-11-09,CUS-00985,PRD-0091,8,"27,010","216,080",
ORD-2024-009425,2024-11-09,CUS-02093,PRD-0103,5,"38,480","192,400",
ORD-2024-009438,2024-11-09,CUS-00054,PRD-0131,9,"31,140","280,260",
ORD-2024-009442,2024-11-09,CUS-00355,PRD-0140,10,"27,740","277,400",
ORD-2024-009444,2024-11-09,CUS-00186,PRD-0142,3,"52,030","156,090",
ORD-2024-009447,2024-11-09,CUS-00132,PRD-0151,13,"42,840","556,920",
ORD-2024-009450,2024-11-09,CUS-00956,PRD-0156,5,"58,570","292,850",
ORD-2024-009452,2024-11-09,CUS-00240,PRD-0157,8,"24,810","198,480",
ORD-2024-009456,2024-11-09,CUS-00188,PRD-0165,6,"23,380","140,280",
ORD-2024-009457,2024-11-09,CUS-02177,PRD-0165,23,"23,380","537,740",
ORD-2024-009468,2024-11-10,CUS-01720,PRD-0064,4,"36,350","145,400",
ORD-2024-009477,2024-11-10,CUS-00018,PRD-0091,12,"27,010","324,120",
ORD-2024-009487,2024-11-10,CUS-00670,PRD-0137,16,"27,650","442,400",
ORD-2024-009494,2024-11-10,CUS-00550,PRD-0157,8,"24,810","198,480",
ORD-2024-009495,2024-11-10,CUS-00298,PRD-0160,4,"32,940","131,760",
ORD-2024-009496,2024-11-10,CUS-01335,PRD-0161,2,"32,640","65,280",
ORD-2024-009501,2024-11-11,CUS-00895,PRD-0013,4,"11,970","47,880",
ORD-2024-009502,2024-11-11,CUS-02178,PRD-0013,5,"11,970","59,850",
ORD-2024-009513,2024-11-11,CUS-02451,PRD-0037,10,"25,650","256,500",
ORD-2024-009515,2024-11-11,CUS-00319,PRD-0048,8,"16,870","134,960",
ORD-2024-009518,2024-11-11,CUS-01551,PRD-0055,14,"16,990","237,860",
ORD-2024-009525,2024-11-11,,PRD-0068,6,"16,320","97,920",
ORD-2024-009526,2024-11-11,CUS-00024,PRD-0073,10,"37,930","379,300",
ORD-2024-009531,2024-11-11,CUS-02447,PRD-0077,15,"31,120","466,800",
ORD-2024-009532,2024-11-11,CUS-02229,PRD-0077,24,"31,120","746,880",
ORD-2024-009549,2024-11-11,CUS-00473,PRD-0095,3,"20,290","60,870",
ORD-2024-009552,2024-11-11,CUS-01859,PRD-0102,4,"17,050","68,200",
ORD-2024-009562,2024-11-11,CUS-02046,PRD-0122,16,"19,140","306,240",
ORD-2024-009578,2024-11-11,CUS-00234,PRD-0151,10,"42,840","428,400",
ORD-2024-009579,2024-11-11,CUS-02387,PRD-0151,10,"42,840","428,400",
ORD-2024-009580,2024-11-11,CUS-00914,PRD-0154,7,"42,470","297,290",
ORD-2024-009598,2024-11-12,CUS-02316,PRD-0016,9,"42,680","384,120",
ORD-2024-009601,2024-11-12,CUS-00317,PRD-0023,4,"16,940","67,760",
ORD-2024-009602,2024-11-12,CUS-00023,PRD-0026,8,"4,150","33,200",
ORD-2024-009611,2024-11-12,CUS-00523,PRD-0037,7,"25,650","179,550",
ORD-2024-009613,2024-11-12,CUS-01918,PRD-0039,17,"14,770","251,090",
ORD-2024-009615,2024-11-12,CUS-02098,PRD-0041,10,"6,830","68,300",
ORD-2024-009619,2024-11-12,CUS-01799,PRD-0057,6,"18,040","108,240",
ORD-2024-009623,2024-11-12,CUS-00457,PRD-0068,6,"16,320","97,920",
ORD-2024-009627,2024-11-12,CUS-01315,PRD-0075,6,"34,020","204,120",
ORD-2024-009630,2024-11-12,CUS-00213,PRD-0077,3,"31,120","93,360",
ORD-2024-009632,2024-11-12,CUS-00894,PRD-0081,23,"42,190","970,370",
ORD-2024-009633,2024-11-12,CUS-01401,PRD-0081,5,"42,190","210,950",
ORD-2024-009636,2024-11-12,CUS-02175,PRD-0086,8,"28,180","225,440",
ORD-2024-009637,2024-11-12,CUS-01659,PRD-0086,11,"28,180","309,980",
ORD-2024-009645,2024-11-12,CUS-01009,PRD-0099,3,"14,380","43,140",
ORD-2024-009647,2024-11-12,CUS-01560,PRD-0100,9,"20,780","187,020",
ORD-2024-009648,2024-11-12,CUS-00956,PRD-0100,3,"20,780","62,340",
ORD-2024-009665,2024-11-12,CUS-01559,PRD-0141,16,"38,600","617,600",
ORD-2024-009666,2024-11-12,CUS-00978,PRD-0142,5,"52,030","260,150",
ORD-2024-009676,2024-11-12,CUS-00134,PRD-0151,51,"42,840","2,184,840",
ORD-2024-009677,2024-11-12,CUS-01724,PRD-0151,4,"42,840","171,360",
ORD-2024-009679,2024-11-12,CUS-01544,PRD-0153,3,"24,220","72,660",
ORD-2024-009682,2024-11-12,CUS-00357,PRD-0158,2,"33,720","67,440",
ORD-2024-009684,2024-11-12,CUS-01181,PRD-0161,4,"32,640","130,560",
ORD-2024-009699,2024-11-13,CUS-00478,PRD-0037,29,"25,650","743,850",
ORD-2024-009704,2024-11-13,CUS-02316,PRD-0054,9,"17,260","155,340",
ORD-2024-009707,2024-11-13,CUS-01386,PRD-0067,9,"12,380","111,420",
ORD-2024-009708,2024-11-13,CUS-00054,PRD-0068,7,"16,320","114,240",
ORD-2024-009714,2024-11-13,CUS-02074,PRD-0077,8,"31,120","248,960",
ORD-2024-009719,2024-11-13,CUS-01880,PRD-0086,4,"28,180","112,720",
ORD-2024-009728,2024-11-13,CUS-01174,PRD-0090,11,"37,690","414,590",
ORD-2024-009729,2024-11-13,CUS-02436,PRD-0090,20,"37,690","753,800",
ORD-2024-009731,2024-11-13,CUS-00141,PRD-0093,6,"23,080","138,480",
ORD-2024-009734,2024-11-13,CUS-00283,PRD-0098,7,"15,320","107,240",
ORD-2024-009738,2024-11-13,CUS-00227,PRD-0100,14,"20,780","290,920",
ORD-2024-009746,2024-11-13,CUS-02451,PRD-0122,16,"19,140","306,240",
ORD-2024-009748,2024-11-13,CUS-02418,PRD-0125,14,"15,380","215,320",
ORD-2024-009749,2024-11-13,CUS-00876,PRD-0126,8,"29,270","234,160",
ORD-2024-009759,2024-11-13,CUS-02025,PRD-0151,6,"42,840","257,040",
ORD-2024-009769,2024-11-13,CUS-01466,PRD-0166,5,"25,650","128,250",
ORD-2024-009770,2024-11-14,CUS-01266,PRD-0004,23,"4,490","103,270",
ORD-2024-009771,2024-11-14,CUS-01924,PRD-0004,7,"4,490","31,430",
ORD-2024-009772,2024-11-14,CUS-00193,PRD-0004,3,"4,490","13,470",
ORD-2024-009777,2024-11-14,CUS-00065,PRD-0019,19,"31,240","593,560",
ORD-2024-009781,2024-11-14,CUS-01397,PRD-0037,15,"25,650","384,750",
ORD-2024-009782,2024-11-14,CUS-01720,PRD-0037,20,"25,650","513,000",
ORD-2024-009784,2024-11-14,CUS-01551,PRD-0039,2,"14,770","29,540",
ORD-2024-009785,2024-11-14,CUS-01252,PRD-0041,6,"6,830","40,980",
ORD-2024-009786,2024-11-14,CUS-02098,PRD-0046,8,"17,360","138,880",
ORD-2024-009789,2024-11-14,CUS-00167,PRD-0053,10,"38,950","389,500",
ORD-2024-009793,2024-11-14,CUS-00670,PRD-0057,11,"18,040","198,440",
ORD-2024-009798,2024-11-14,CUS-00468,PRD-0067,7,"12,380","86,660",
ORD-2024-009806,2024-11-14,CUS-00515,PRD-0084,3,"27,760","83,280",
ORD-2024-009808,2024-11-14,CUS-01316,PRD-0085,4,"32,580","130,320",
ORD-2024-009821,2024-11-14,CUS-01296,PRD-0098,6,"15,320","91,920",
ORD-2024-009827,2024-11-14,CUS-00406,PRD-0123,7,"14,410","100,870",
ORD-2024-009837,2024-11-14,CUS-01872,PRD-0151,11,"42,840","471,240",
ORD-2024-009840,2024-11-14,CUS-01946,PRD-0154,9,"42,470","382,230",
ORD-2024-009844,2024-11-14,CUS-00240,PRD-0156,10,"58,570","585,700",
ORD-2024-009845,2024-11-14,CUS-00617,PRD-0158,16,"33,720","539,520",
ORD-2024-009862,2024-11-15,CUS-01111,PRD-0023,5,"16,940","84,700",
ORD-2024-009863,2024-11-15,CUS-00903,PRD-0024,8,"9,800","78,400",
ORD-2024-009872,2024-11-15,CUS-01672,PRD-0057,12,"18,040","216,480",
ORD-2024-009883,2024-11-15,CUS-00473,PRD-0077,8,"31,120","248,960",
ORD-2024-009906,2024-11-15,CUS-00823,PRD-0098,7,"15,320","107,240",
ORD-2024-009908,2024-11-15,CUS-00406,PRD-0100,7,"20,780","145,460",
ORD-2024-009909,2024-11-15,CUS-00142,PRD-0100,6,"20,780","124,680",
ORD-2024-009912,2024-11-15,CUS-01200,PRD-0108,17,"30,750","522,750",
ORD-2024-009914,2024-11-15,CUS-01637,PRD-0109,5,"30,700","153,500",
ORD-2024-009920,2024-11-15,CUS-00151,PRD-0120,3,"14,740","44,220",
ORD-2024-009923,2024-11-15,CUS-02057,PRD-0121,20,"26,430","528,600",
ORD-2024-009941,2024-11-15,CUS-00739,PRD-0151,2,"42,840","85,680",
ORD-2024-009943,2024-11-15,CUS-00455,PRD-0153,18,"24,220","435,960",
ORD-2024-009947,2024-11-15,CUS-00142,PRD-0161,13,"32,640","424,320",
ORD-2024-009952,2024-11-15,CUS-00348,PRD-0165,18,"23,380","420,840",
ORD-2024-009956,2024-11-16,CUS-02311,PRD-0004,9,"4,490","40,410",
ORD-2024-009960,2024-11-16,CUS-02344,PRD-0023,5,"16,940","84,700",
ORD-2024-009972,2024-11-16,CUS-01273,PRD-0077,12,"31,120","373,440",
ORD-2024-009973,2024-11-16,CUS-00094,PRD-0079,7,"46,870","328,090",
ORD-2024-009981,2024-11-16,CUS-00628,PRD-0092,2,"30,260","60,520",
ORD-2024-009989,2024-11-16,CUS-02451,PRD-0118,7,"23,110","161,770",
ORD-2024-009993,2024-11-16,,PRD-0125,3,"15,380","46,140",
ORD-2024-009999,2024-11-16,,PRD-0150,17,"47,850","813,450",
ORD-2024-010002,2024-11-16,CUS-02068,PRD-0153,8,"24,220","193,760",
ORD-2024-010004,2024-11-16,CUS-01056,PRD-0154,2,"42,470","84,940",
ORD-2024-010013,2024-11-16,CUS-01864,PRD-0166,48,"25,650","1,231,200",
ORD-2024-010015,2024-11-17,CUS-00167,PRD-0007,2,"17,070","34,140",
ORD-2024-010021,2024-11-17,CUS-00515,PRD-0060,5,"57,540","287,700",
ORD-2024-010045,2024-11-17,CUS-01518,PRD-0165,8,"23,380","187,040",
ORD-2024-010049,2024-11-18,CUS-01181,PRD-0004,14,"4,490","62,860",
ORD-2024-010050,2024-11-18,CUS-01119,PRD-0004,13,"4,490","58,370",
ORD-2024-010078,2024-11-18,CUS-01474,PRD-0068,3,"16,320","48,960",
ORD-2024-010079,2024-11-18,CUS-01169,PRD-0068,12,"16,320","195,840",
ORD-2024-010086,2024-11-18,CUS-01186,PRD-0077,9,"31,120","280,080",
ORD-2024-010087,2024-11-18,CUS-00691,PRD-0078,27,"33,720","910,440",
ORD-2024-010104,2024-11-18,CUS-01347,PRD-0090,10,"37,690","376,900",
ORD-2024-010122,2024-11-18,CUS-00985,PRD-0120,3,"14,740","44,220",
ORD-2024-010124,2024-11-18,CUS-01033,PRD-0121,8,"26,430","211,440",
ORD-2024-010127,2024-11-18,CUS-00457,PRD-0125,8,"15,380","123,040",
ORD-2024-010135,2024-11-18,CUS-01273,PRD-0150,15,"47,850","717,750",
ORD-2024-010153,2024-11-19,CUS-01335,PRD-0011,5,"17,170","85,850",
ORD-2024-010161,2024-11-19,CUS-01003,PRD-0031,7,"36,660","256,620",
ORD-2024-010162,2024-11-19,CUS-00025,PRD-0037,9,"25,650","230,850",
ORD-2024-010173,2024-11-19,CUS-01916,PRD-0059,4,"50,810","203,240",
ORD-2024-010176,2024-11-19,CUS-01996,PRD-0062,7,"17,890","125,230",
ORD-2024-010182,2024-11-19,CUS-01880,PRD-0070,14,"19,240","269,360",
ORD-2024-010184,2024-11-19,CUS-00088,PRD-0077,10,"31,120","311,200",
ORD-2024-010196,2024-11-19,CUS-02326,PRD-0089,13,"13,010","169,130",
ORD-2024-010199,2024-11-19,CUS-01347,PRD-0091,9,"27,010","243,090",
ORD-2024-010215,2024-11-19,CUS-00888,PRD-0109,9,"30,700","276,300",
ORD-2024-010216,2024-11-19,CUS-00135,PRD-0109,4,"30,700","122,800",
ORD-2024-010225,2024-11-19,CUS-00480,PRD-0125,9,"15,380","138,420",
ORD-2024-010227,2024-11-19,CUS-00477,PRD-0132,9,"38,360","345,240",
ORD-2024-010234,2024-11-19,CUS-01526,PRD-0151,11,"42,840","471,240",
ORD-2024-010235,2024-11-19,CUS-00845,PRD-0151,1,"42,840","42,840",
ORD-2024-010238,2024-11-19,CUS-00845,PRD-0154,2,"42,470","84,940",
ORD-2024-010239,2024-11-19,CUS-02352,PRD-0160,4,"32,940","131,760",
ORD-2024-010247,2024-11-20,CUS-01481,PRD-0012,13,"18,410","239,330",
ORD-2024-010264,2024-11-20,CUS-00181,PRD-0060,8,"57,540","460,320",
ORD-2024-010270,2024-11-20,CUS-00805,PRD-0076,4,"28,050","112,200",
ORD-2024-010273,2024-11-20,CUS-02083,PRD-0077,18,"31,120","560,160",
ORD-2024-010277,2024-11-20,CUS-01193,PRD-0086,18,"28,180","507,240",
ORD-2024-010297,2024-11-20,CUS-00418,PRD-0113,10,"10,420","104,200",
ORD-2024-010300,2024-11-20,CUS-01659,PRD-0118,10,"23,110","231,100",
ORD-2024-010303,2024-11-20,CUS-00410,PRD-0120,3,"14,740","44,220",
ORD-2024-010304,2024-11-20,CUS-00151,PRD-0120,2,"14,740","29,480",
ORD-2024-010321,2024-11-20,CUS-01273,PRD-0151,1,"42,840","42,840",
ORD-2024-010328,2024-11-20,,PRD-0166,3,"25,650","76,950",
ORD-2024-010333,2024-11-21,CUS-00456,PRD-0004,24,"4,490","107,760",
ORD-2024-010343,2024-11-21,CUS-01881,PRD-0053,15,"38,950","584,250",
ORD-2024-010392,2024-11-21,CUS-00914,PRD-0125,27,"15,380","415,260",
ORD-2024-010395,2024-11-21,CUS-01440,PRD-0127,6,"16,760","100,560",
ORD-2024-010399,2024-11-21,CUS-01057,PRD-0144,7,"31,990","223,930",
ORD-2024-010400,2024-11-21,CUS-00734,PRD-0145,14,"31,800","445,200",
ORD-2024-010405,2024-11-21,CUS-02475,PRD-0151,4,"42,840","171,360",
ORD-2024-010409,2024-11-21,CUS-01240,PRD-0154,5,"42,470","212,350",
ORD-2024-010411,2024-11-21,CUS-00519,PRD-0155,6,"65,880","395,280",
ORD-2024-010427,2024-11-22,CUS-01007,PRD-0023,8,"16,940","135,520",
ORD-2024-010440,2024-11-22,CUS-01293,PRD-0060,17,"57,540","978,180",
ORD-2024-010447,2024-11-22,CUS-01284,PRD-0074,20,"38,390","767,800",
ORD-2024-010464,2024-11-22,CUS-00205,PRD-0090,18,"37,690","678,420",
ORD-2024-010465,2024-11-22,CUS-01121,PRD-0090,10,"37,690","376,900",
ORD-2024-010471,2024-11-22,CUS-02278,PRD-0101,14,"22,590","316,260",
ORD-2024-010484,2024-11-22,CUS-01148,PRD-0125,8,"15,380","123,040",
ORD-2024-010492,2024-11-22,CUS-01935,PRD-0151,10,"42,840","428,400",
ORD-2024-010497,2024-11-22,CUS-01981,PRD-0156,15,"58,570","878,550",
ORD-2024-010498,2024-11-22,CUS-01396,PRD-0157,27,"24,810","669,870",
ORD-2024-010501,2024-11-22,CUS-02450,PRD-0161,9,"32,640","293,760",
ORD-2024-010522,2024-11-23,CUS-01318,PRD-0049,3,"18,190","54,570",
ORD-2024-010541,2024-11-23,CUS-01058,PRD-0090,11,"37,690","414,590",
ORD-2024-010551,2024-11-23,CUS-01481,PRD-0108,26,"30,750","799,500",
ORD-2024-010553,2024-11-23,CUS-01022,PRD-0112,6,"15,500","93,000",
ORD-2024-010558,2024-11-23,CUS-00976,PRD-0124,4,"8,790","35,160",
ORD-2024-010566,2024-11-23,CUS-02207,PRD-0142,8,"52,030","416,240",
ORD-2024-010567,2024-11-23,CUS-01173,PRD-0143,4,"48,640","194,560",
ORD-2024-010573,2024-11-23,CUS-00092,PRD-0151,9,"42,840","385,560",
ORD-2024-010578,2024-11-23,CUS-02072,PRD-0160,8,"32,940","263,520",
ORD-2024-010580,2024-11-23,CUS-02093,PRD-0161,3,"32,640","97,920",
ORD-2024-010581,2024-11-23,CUS-02288,PRD-0161,8,"32,640","261,120",
ORD-2024-010584,2024-11-23,CUS-01450,PRD-0165,6,"23,380","140,280",
ORD-2024-010589,2024-11-24,CUS-00888,PRD-0031,4,"36,660","146,640",
ORD-2024-010590,2024-11-24,CUS-00760,PRD-0037,3,"25,650","76,950",
ORD-2024-010593,2024-11-24,CUS-01890,PRD-0051,15,"43,070","646,050",
ORD-2024-010599,2024-11-24,CUS-01581,PRD-0098,8,"15,320","122,560",
ORD-2024-010600,2024-11-24,CUS-00311,PRD-0100,6,"20,780","124,680",
ORD-2024-010610,2024-11-24,CUS-02344,PRD-0151,9,"42,840","385,560",
ORD-2024-010624,2024-11-25,CUS-02108,PRD-0020,6,"29,210","175,260",
ORD-2024-010627,2024-11-25,CUS-01169,PRD-0031,8,"36,660","293,280",
ORD-2024-010661,2024-11-25,CUS-00044,PRD-0100,3,"20,780","62,340",
ORD-2024-010662,2024-11-25,CUS-00359,PRD-0100,12,"20,780","249,360",
ORD-2024-010664,2024-11-25,CUS-02311,PRD-0105,2,"41,060","82,120",
ORD-2024-010670,2024-11-25,CUS-01022,PRD-0109,5,"30,700","153,500",
ORD-2024-010679,2024-11-25,CUS-01881,PRD-0126,7,"29,270","204,890",
ORD-2024-010686,2024-11-25,CUS-00837,PRD-0143,6,"48,640","291,840",
ORD-2024-010688,2024-11-25,CUS-00626,PRD-0150,32,"47,850","1,531,200",
ORD-2024-010694,2024-11-25,CUS-02265,PRD-0151,19,"42,840","813,960",
ORD-2024-010695,2024-11-25,CUS-00715,PRD-0151,12,"42,840","514,080",
ORD-2024-010696,2024-11-25,CUS-02156,PRD-0153,8,"24,220","193,760",
ORD-2024-010705,2024-11-25,CUS-01436,PRD-0166,17,"25,650","436,050",
ORD-2024-010709,2024-11-26,CUS-01756,PRD-0006,6,"3,060","18,360",
ORD-2024-010712,2024-11-26,CUS-00605,PRD-0013,7,"11,970","83,790",
ORD-2024-010726,2024-11-26,CUS-00190,PRD-0049,14,"18,190","254,660",
ORD-2024-010734,2024-11-26,CUS-01221,PRD-0068,4,"16,320","65,280",
ORD-2024-010740,2024-11-26,CUS-01430,PRD-0080,1,"23,900","23,900",
ORD-2024-010745,2024-11-26,CUS-01788,PRD-0084,13,"27,760","360,880",
ORD-2024-010758,2024-11-26,CUS-00798,PRD-0098,2,"15,320","30,640",
ORD-2024-010782,2024-11-26,CUS-00222,PRD-0144,20,"31,990","639,800",
ORD-2024-010788,2024-11-26,CUS-01783,PRD-0151,12,"42,840","514,080",
ORD-2024-010803,2024-11-27,CUS-02156,PRD-0007,3,"17,070","51,210",
ORD-2024-010812,2024-11-27,CUS-00691,PRD-0033,12,"11,040","132,480",
ORD-2024-010813,2024-11-27,CUS-01226,PRD-0033,19,"11,040","209,760",
ORD-2024-010818,2024-11-27,CUS-02145,PRD-0046,3,"17,360","52,080",
ORD-2024-010821,2024-11-27,CUS-01935,PRD-0051,7,"43,070","301,490",
ORD-2024-010834,2024-11-27,CUS-02444,PRD-0076,4,"28,050","112,200",
ORD-2024-010840,2024-11-27,CUS-00183,PRD-0083,7,"23,690","165,830",
ORD-2024-010841,2024-11-27,CUS-00386,PRD-0083,3,"23,690","71,070",
ORD-2024-010842,2024-11-27,CUS-01920,PRD-0084,5,"27,760","138,800",
ORD-2024-010843,2024-11-27,CUS-00267,PRD-0084,35,"27,760","971,600",
ORD-2024-010853,2024-11-27,CUS-00894,PRD-0090,10,"37,690","376,900",
ORD-2024-010856,2024-11-27,CUS-01858,PRD-0098,4,"15,320","61,280",
ORD-2024-010857,2024-11-27,CUS-01858,PRD-0100,2,"20,780","41,560",
ORD-2024-010858,2024-11-27,CUS-01179,PRD-0100,3,"20,780","62,340",
ORD-2024-010870,2024-11-27,CUS-00836,PRD-0135,7,"32,900","230,300",
ORD-2024-010884,2024-11-27,CUS-00626,PRD-0162,5,"28,900","144,500",
ORD-2024-010886,2024-11-27,CUS-02248,PRD-0165,14,"23,380","327,320",
ORD-2024-010888,2024-11-27,CUS-01351,PRD-0166,2,"25,650","51,300",
ORD-2024-010889,2024-11-27,CUS-00734,PRD-0170,4,"17,370","69,480",
ORD-2024-010892,2024-11-28,CUS-00468,PRD-0004,5,"4,490","22,450",
ORD-2024-010898,2024-11-28,CUS-01457,PRD-0020,4,"29,210","116,840",
ORD-2024-010907,2024-11-28,CUS-00860,PRD-0048,2,"16,870","33,740",
ORD-2024-010909,2024-11-28,CUS-01007,PRD-0051,12,"43,070","516,840",
ORD-2024-010911,2024-11-28,CUS-00135,PRD-0057,4,"18,040","72,160",
ORD-2024-010917,2024-11-28,CUS-00976,PRD-0065,2,"34,000","68,000",
ORD-2024-010933,2024-11-28,CUS-01247,PRD-0086,6,"28,180","169,080",
ORD-2024-010941,2024-11-28,CUS-00245,PRD-0090,12,"37,690","452,280",
ORD-2024-010946,2024-11-28,CUS-00054,PRD-0106,10,"41,890","418,900",
ORD-2024-010949,2024-11-28,CUS-02159,PRD-0110,8,"30,350","242,800",
ORD-2024-010957,2024-11-28,CUS-01817,PRD-0121,21,"26,430","555,030",
ORD-2024-010960,2024-11-28,CUS-01968,PRD-0125,5,"15,380","76,900",
ORD-2024-010978,2024-11-28,CUS-01724,PRD-0151,4,"42,840","171,360",
ORD-2024-010979,2024-11-28,CUS-01753,PRD-0151,3,"42,840","128,520",
ORD-2024-010986,2024-11-28,CUS-00386,PRD-0160,5,"32,940","164,700",
ORD-2024-010992,2024-11-28,CUS-00710,PRD-0166,7,"25,650","179,550",
ORD-2024-011006,2024-11-29,CUS-00770,PRD-0026,6,"4,150","24,900",
ORD-2024-011008,2024-11-29,CUS-02312,PRD-0040,7,"14,100","98,700",
ORD-2024-011009,2024-11-29,CUS-00181,PRD-0041,7,"6,830","47,810",
ORD-2024-011016,2024-11-29,CUS-01724,PRD-0051,7,"43,070","301,490",
ORD-2024-011022,2024-11-29,CUS-00519,PRD-0064,17,"36,350","617,950",
ORD-2024-011024,2024-11-29,CUS-01364,PRD-0065,11,"34,000","374,000",
ORD-2024-011045,2024-11-29,CUS-01779,PRD-0090,3,"37,690","113,070",
ORD-2024-011048,2024-11-29,CUS-02261,PRD-0093,3,"23,080","69,240",
ORD-2024-011049,2024-11-29,CUS-02159,PRD-0093,15,"23,080","346,200",
ORD-2024-011058,2024-11-29,CUS-01797,PRD-0108,3,"30,750","92,250",
ORD-2024-011068,2024-11-29,CUS-00181,PRD-0126,3,"29,270","87,810",
ORD-2024-011070,2024-11-29,CUS-00147,PRD-0128,2,"20,590","41,180",
ORD-2024-011087,2024-11-29,CUS-01003,PRD-0151,5,"42,840","214,200",
ORD-2024-011088,2024-11-29,CUS-01797,PRD-0151,4,"42,840","171,360",
ORD-2024-011089,2024-11-29,CUS-01269,PRD-0151,8,"42,840","342,720",
ORD-2024-011095,2024-11-29,CUS-02100,PRD-0154,6,"42,470","254,820",
ORD-2024-011106,2024-11-29,CUS-00702,PRD-0165,4,"23,380","93,520",
ORD-2024-011115,2024-11-30,CUS-01397,PRD-0019,4,"31,240","124,960",
ORD-2024-011123,2024-11-30,CUS-01392,PRD-0051,16,"43,070","689,120",
ORD-2024-011125,2024-11-30,CUS-00164,PRD-0057,4,"18,040","72,160",
ORD-2024-011131,2024-11-30,,PRD-0075,9,"34,020","306,180",
ORD-2024-011138,2024-11-30,CUS-00094,PRD-0087,2,"24,070","48,140",
ORD-2024-011145,2024-11-30,CUS-00213,PRD-0090,5,"37,690","188,450",
ORD-2024-011148,2024-11-30,CUS-00410,PRD-0098,3,"15,320","45,960",
ORD-2024-011155,2024-11-30,CUS-00355,PRD-0113,3,"10,420","31,260",
ORD-2024-011156,2024-11-30,CUS-02052,PRD-0115,6,"21,210","127,260",
ORD-2024-011159,2024-11-30,CUS-01088,PRD-0125,23,"15,380","353,740",
ORD-2024-011162,2024-11-30,CUS-00996,PRD-0127,14,"16,760","234,640",
ORD-2024-011177,2024-11-30,CUS-00355,PRD-0160,4,"32,940","131,760",
ORD-2024-011179,2024-11-30,CUS-02091,PRD-0161,18,"32,640","587,520",
ORD-2024-011184,2024-12-01,CUS-00392,PRD-0031,4,"36,660","146,640",
ORD-2024-011186,2024-12-01,CUS-01033,PRD-0045,9,"7,340","66,060",
ORD-2024-011188,2024-12-01,CUS-01196,PRD-0050,2,"5,420","10,840",
ORD-2024-011196,2024-12-01,CUS-01104,PRD-0090,15,"37,690","565,350",
ORD-2024-011204,2024-12-01,CUS-00348,PRD-0120,21,"14,740","309,540",
ORD-2024-011212,2024-12-01,CUS-00048,PRD-0132,6,"38,360","230,160",
ORD-2024-011213,2024-12-01,CUS-01022,PRD-0144,5,"31,990","159,950",
ORD-2024-011223,2024-12-01,CUS-02248,PRD-0166,6,"25,650","153,900",
ORD-2024-011231,2024-12-02,CUS-00272,PRD-0025,14,"5,090","71,260",
ORD-2024-011236,2024-12-02,CUS-00456,PRD-0039,10,"14,770","147,700",
ORD-2024-011240,2024-12-02,CUS-01288,PRD-0046,3,"17,360","52,080",
ORD-2024-011241,2024-12-02,CUS-01119,PRD-0047,12,"19,060","228,720",
ORD-2024-011243,2024-12-02,CUS-02450,PRD-0049,2,"18,190","36,380",
ORD-2024-011247,2024-12-02,CUS-00154,PRD-0060,7,"57,540","402,780",
ORD-2024-011249,2024-12-02,CUS-01804,PRD-0061,22,"16,320","359,040",
ORD-2024-011259,2024-12-02,CUS-01856,PRD-0072,11,"42,600","468,600",
ORD-2024-011268,2024-12-02,CUS-00914,PRD-0083,2,"23,690","47,380",
ORD-2024-011279,2024-12-02,CUS-00355,PRD-0090,12,"37,690","452,280",
ORD-2024-011287,2024-12-02,CUS-00383,PRD-0108,4,"30,750","123,000",
ORD-2024-011290,2024-12-02,CUS-01319,PRD-0109,11,"30,700","337,700",
ORD-2024-011294,2024-12-02,CUS-00044,PRD-0113,14,"10,420","145,880",
ORD-2024-011311,2024-12-02,CUS-00805,PRD-0123,7,"14,410","100,870",
ORD-2024-011314,2024-12-02,CUS-00914,PRD-0125,7,"15,380","107,660",
ORD-2024-011320,2024-12-02,CUS-00258,PRD-0138,2,"27,020","54,040",
ORD-2024-011321,2024-12-02,CUS-00294,PRD-0138,5,"27,020","135,100",
ORD-2024-011324,2024-12-02,CUS-01916,PRD-0142,5,"52,030","260,150",
ORD-2024-011340,2024-12-02,CUS-00227,PRD-0153,5,"24,220","121,100",
ORD-2024-011346,2024-12-02,CUS-01010,PRD-0160,10,"32,940","329,400",
ORD-2024-011348,2024-12-02,CUS-01921,PRD-0161,14,"32,640","456,960",
ORD-2024-011349,2024-12-02,CUS-01181,PRD-0162,2,"28,900","57,800",
ORD-2024-011355,2024-12-03,CUS-01628,PRD-0004,14,"4,490","62,860",
ORD-2024-011359,2024-12-03,CUS-00190,PRD-0011,4,"17,170","68,680",
ORD-2024-011366,2024-12-03,CUS-00022,PRD-0025,5,"5,090","25,450",
ORD-2024-011368,2024-12-03,CUS-02328,PRD-0028,30,"4,910","147,300",
ORD-2024-011374,2024-12-03,CUS-01671,PRD-0039,5,"14,770","73,850",
ORD-2024-011379,2024-12-03,CUS-01221,PRD-0048,2,"16,870","33,740",
ORD-2024-011383,2024-12-03,CUS-01900,PRD-0057,5,"18,040","90,200",
ORD-2024-011403,2024-12-03,CUS-00386,PRD-0078,4,"33,720","134,880",
ORD-2024-011419,2024-12-03,CUS-01315,PRD-0090,9,"37,690","339,210",
ORD-2024-011425,2024-12-03,CUS-00913,PRD-0100,8,"20,780","166,240",
ORD-2024-011443,2024-12-03,CUS-01072,PRD-0125,9,"15,380","138,420",
ORD-2024-011465,2024-12-03,CUS-01169,PRD-0151,10,"42,840","428,400",
ORD-2024-011466,2024-12-03,CUS-00147,PRD-0151,10,"42,840","428,400",
ORD-2024-011467,2024-12-03,CUS-01773,PRD-0151,7,"42,840","299,880",
ORD-2024-011470,2024-12-03,CUS-01095,PRD-0154,4,"42,470","169,880",
ORD-2024-011481,2024-12-03,CUS-00985,PRD-0161,2,"32,640","65,280",
ORD-2024-011482,2024-12-03,CUS-00786,PRD-0163,6,"27,790","166,740",
ORD-2024-011490,2024-12-04,CUS-00003,PRD-0005,16,"3,110","49,760",
ORD-2024-011498,2024-12-04,CUS-01456,PRD-0018,7,"62,570","437,990",
ORD-2024-011515,2024-12-04,CUS-02115,PRD-0039,3,"14,770","44,310",
ORD-2024-011531,2024-12-04,CUS-01462,PRD-0068,6,"16,320","97,920",
ORD-2024-011542,2024-12-04,CUS-02152,PRD-0077,17,"31,120","529,040",
ORD-2024-011544,2024-12-04,CUS-01764,PRD-0078,2,"33,720","67,440",
ORD-2024-011550,2024-12-04,CUS-00383,PRD-0083,15,"23,690","355,350",
ORD-2024-011551,2024-12-04,CUS-00753,PRD-0085,4,"32,580","130,320",
ORD-2024-011562,2024-12-04,CUS-01606,PRD-0090,5,"37,690","188,450",
ORD-2024-011563,2024-12-04,CUS-01582,PRD-0090,5,"37,690","188,450",
ORD-2024-011570,2024-12-04,CUS-00773,PRD-0100,18,"20,780","374,040",
ORD-2024-011581,2024-12-04,CUS-01319,PRD-0121,12,"26,430","317,160",
ORD-2024-011589,2024-12-04,CUS-02057,PRD-0136,6,"54,950","329,700",
ORD-2024-011591,2024-12-04,CUS-00238,PRD-0138,2,"27,020","54,040",
ORD-2024-011593,2024-12-04,,PRD-0142,9,"52,030","468,270",
ORD-2024-011605,2024-12-04,CUS-02063,PRD-0157,7,"24,810","173,670",
ORD-2024-011607,2024-12-04,CUS-01926,PRD-0160,8,"32,940","263,520",
ORD-2024-011620,2024-12-05,CUS-02100,PRD-0002,2,"5,180","10,360",
ORD-2024-011626,2024-12-05,CUS-02206,PRD-0004,12,"4,490","53,880",
ORD-2024-011635,2024-12-05,CUS-00186,PRD-0018,12,"62,570","750,840",
ORD-2024-011638,2024-12-05,CUS-00894,PRD-0021,7,"19,390","135,730",
ORD-2024-011643,2024-12-05,CUS-01926,PRD-0026,17,"4,150","70,550",
ORD-2024-011654,2024-12-05,CUS-01179,PRD-0049,3,"18,190","54,570",
ORD-2024-011655,2024-12-05,CUS-01092,PRD-0049,25,"18,190","454,750",
ORD-2024-011657,2024-12-05,CUS-02407,PRD-0051,7,"43,070","301,490",
ORD-2024-011658,2024-12-05,CUS-00508,PRD-0051,3,"43,070","129,210",
ORD-2024-011659,2024-12-05,,PRD-0056,7,"25,020","175,140",
ORD-2024-011671,2024-12-05,CUS-00641,PRD-0065,12,"34,000","408,000",
ORD-2024-011684,2024-12-05,CUS-01091,PRD-0086,2,"28,180","56,360",
ORD-2024-011693,2024-12-05,CUS-02098,PRD-0090,4,"37,690","150,760",
ORD-2024-011695,2024-12-05,CUS-01935,PRD-0091,11,"27,010","297,110",
ORD-2024-011696,2024-12-05,CUS-00395,PRD-0093,6,"23,080","138,480",
ORD-2024-011698,2024-12-05,CUS-02391,PRD-0100,11,"20,780","228,580",
ORD-2024-011701,2024-12-05,CUS-02474,PRD-0103,4,"38,480","153,920",
ORD-2024-011706,2024-12-05,CUS-01581,PRD-0113,9,"10,420","93,780",
ORD-2024-011711,2024-12-05,CUS-00410,PRD-0120,14,"14,740","206,360",
ORD-2024-011725,2024-12-05,CUS-01996,PRD-0136,5,"54,950","274,750",
ORD-2024-011728,2024-12-05,CUS-01186,PRD-0138,15,"27,020","405,300",
ORD-2024-011729,2024-12-05,CUS-01974,PRD-0142,7,"52,030","364,210",
ORD-2024-011732,2024-12-05,CUS-01205,PRD-0146,1,"34,820","34,820",
ORD-2024-011734,2024-12-05,CUS-01988,PRD-0148,4,"27,270","109,080",
ORD-2024-011741,2024-12-05,CUS-00976,PRD-0151,9,"42,840","385,560",
ORD-2024-011742,2024-12-05,CUS-00406,PRD-0153,13,"24,220","314,860",
ORD-2024-011745,2024-12-05,CUS-01880,PRD-0156,22,"58,570","1,288,540",
ORD-2024-011747,2024-12-05,CUS-00014,PRD-0157,19,"24,810","471,390",
ORD-2024-011763,2024-12-06,CUS-01924,PRD-0016,12,"42,680","512,160",
ORD-2024-011767,2024-12-06,CUS-01518,PRD-0020,5,"29,210","146,050",
ORD-2024-011775,2024-12-06,CUS-00211,PRD-0037,15,"25,650","384,750",
ORD-2024-011785,2024-12-06,CUS-02312,PRD-0048,8,"16,870","134,960",
ORD-2024-011802,2024-12-06,CUS-00809,PRD-0078,1,"33,720","33,720",
ORD-2024-011824,2024-12-06,CUS-00789,PRD-0090,2,"37,690","75,380",
ORD-2024-011826,2024-12-06,CUS-00564,PRD-0093,6,"23,080","138,480",
ORD-2024-011832,2024-12-06,CUS-02481,PRD-0100,1,"20,780","20,780",
ORD-2024-011833,2024-12-06,CUS-01422,PRD-0102,3,"17,050","51,150",
ORD-2024-011859,2024-12-06,CUS-01840,PRD-0145,9,"31,800","286,200",
ORD-2024-011866,2024-12-06,CUS-00078,PRD-0151,5,"42,840","214,200",
ORD-2024-011867,2024-12-06,CUS-01088,PRD-0153,4,"24,220","96,880",
ORD-2024-011871,2024-12-06,CUS-00386,PRD-0156,7,"58,570","409,990",
ORD-2024-011874,2024-12-06,CUS-00463,PRD-0157,3,"24,810","74,430",
ORD-2024-011877,2024-12-06,CUS-00433,PRD-0160,9,"32,940","296,460",
ORD-2024-011884,2024-12-07,CUS-00025,PRD-0004,31,"4,490","139,190",
ORD-2024-011887,2024-12-07,CUS-00377,PRD-0016,2,"42,680","85,360",
ORD-2024-011891,2024-12-07,,PRD-0030,1,"25,250","25,250",
ORD-2024-011898,2024-12-07,CUS-00392,PRD-0040,4,"14,100","56,400",
ORD-2024-011902,2024-12-07,CUS-02095,PRD-0056,20,"25,020","500,400",
ORD-2024-011909,2024-12-07,CUS-00094,PRD-0068,4,"16,320","65,280",
ORD-2024-011917,2024-12-07,CUS-02302,PRD-0082,6,"30,730","184,380",
ORD-2024-011919,2024-12-07,CUS-00898,PRD-0083,5,"23,690","118,450",
ORD-2024-011921,2024-12-07,CUS-00582,PRD-0084,4,"27,760","111,040",
ORD-2024-011930,2024-12-07,CUS-02161,PRD-0090,5,"37,690","188,450",
ORD-2024-011931,2024-12-07,CUS-02251,PRD-0090,47,"37,690","1,771,430",
ORD-2024-011934,2024-12-07,CUS-01237,PRD-0098,12,"15,320","183,840",
ORD-2024-011942,2024-12-07,CUS-00691,PRD-0111,6,"12,240","73,440",
ORD-2024-011955,2024-12-07,CUS-00956,PRD-0137,65,"27,650","1,797,250",
ORD-2024-011958,2024-12-07,CUS-00163,PRD-0143,2,"48,640","97,280",
ORD-2024-011978,2024-12-07,CUS-00429,PRD-0166,5,"25,650","128,250",
ORD-2024-011984,2024-12-08,CUS-00054,PRD-0019,6,"31,240","187,440",
ORD-2024-011987,2024-12-08,CUS-02159,PRD-0039,17,"14,770","251,090",
ORD-2024-011991,2024-12-08,CUS-00211,PRD-0057,9,"18,040","162,360",
ORD-2024-011993,2024-12-08,CUS-00403,PRD-0061,4,"16,320","65,280",
ORD-2024-011996,2024-12-08,CUS-02073,PRD-0068,1,"16,320","16,320",
ORD-2024-012008,2024-12-08,CUS-02251,PRD-0122,9,"19,140","172,260",
ORD-2024-012010,2024-12-08,CUS-02108,PRD-0128,6,"20,590","123,540",
ORD-2024-012024,2024-12-09,CUS-00240,PRD-0011,11,"17,170","188,870",
ORD-2024-012036,2024-12-09,CUS-01920,PRD-0035,9,"13,660","122,940",
ORD-2024-012046,2024-12-09,CUS-01137,PRD-0049,6,"18,190","109,140",
ORD-2024-012050,2024-12-09,CUS-02326,PRD-0051,11,"43,070","473,770",
ORD-2024-012052,2024-12-09,CUS-00039,PRD-0063,1,"15,070","15,070",
ORD-2024-012053,2024-12-09,CUS-02072,PRD-0064,8,"36,350","290,800",
ORD-2024-012055,2024-12-09,CUS-02424,PRD-0067,6,"12,380","74,280",
ORD-2024-012065,2024-12-09,CUS-00278,PRD-0082,8,"30,730","245,840",
ORD-2024-012077,2024-12-09,CUS-02092,PRD-0090,13,"37,690","489,970",
ORD-2024-012078,2024-12-09,CUS-02288,PRD-0090,4,"37,690","150,760",
ORD-2024-012086,2024-12-09,CUS-00190,PRD-0098,9,"15,320","137,880",
ORD-2024-012090,2024-12-09,CUS-01021,PRD-0102,10,"17,050","170,500",
ORD-2024-012112,2024-12-09,CUS-01620,PRD-0125,4,"15,380","61,520",
ORD-2024-012121,2024-12-09,CUS-00976,PRD-0142,4,"52,030","208,120",
ORD-2024-012129,2024-12-09,CUS-01021,PRD-0153,7,"24,220","169,540",
ORD-2024-012130,2024-12-09,CUS-02133,PRD-0153,20,"24,220","484,400",
ORD-2024-012142,2024-12-09,CUS-00643,PRD-0161,5,"32,640","163,200",
ORD-2024-012143,2024-12-09,CUS-00745,PRD-0161,7,"32,640","228,480",
ORD-2024-012145,2024-12-09,CUS-01580,PRD-0163,15,"27,790","416,850",
ORD-2024-012153,2024-12-10,CUS-02474,PRD-0004,3,"4,490","13,470",
ORD-2024-012154,2024-12-10,CUS-02177,PRD-0004,5,"4,490","22,450",
ORD-2024-012159,2024-12-10,CUS-00026,PRD-0016,8,"42,680","341,440",
ORD-2024-012161,2024-12-10,CUS-01687,PRD-0018,9,"62,570","563,130",
ORD-2024-012188,2024-12-10,CUS-01466,PRD-0080,7,"23,900","167,300",
ORD-2024-012189,2024-12-10,,PRD-0082,20,"30,730","614,600",
ORD-2024-012205,2024-12-10,CUS-02274,PRD-0090,4,"37,690","150,760",
ORD-2024-012206,2024-12-10,CUS-02173,PRD-0090,18,"37,690","678,420",
ORD-2024-012213,2024-12-10,CUS-02417,PRD-0108,9,"30,750","276,750",
ORD-2024-012217,2024-12-10,CUS-00805,PRD-0117,10,"17,520","175,200",
ORD-2024-012228,2024-12-10,CUS-01805,PRD-0125,48,"15,380","738,240",
ORD-2024-012230,2024-12-10,CUS-02072,PRD-0130,17,"13,600","231,200",
ORD-2024-012233,2024-12-10,CUS-00635,PRD-0135,6,"32,900","197,400",
ORD-2024-012237,2024-12-10,CUS-00359,PRD-0142,13,"52,030","676,390",
ORD-2024-012239,2024-12-10,CUS-01087,PRD-0145,2,"31,800","63,600",
ORD-2024-012242,2024-12-10,CUS-02391,PRD-0150,2,"47,850","95,700",
ORD-2024-012251,2024-12-10,CUS-01261,PRD-0151,11,"42,840","471,240",
ORD-2024-012266,2024-12-10,,PRD-0166,11,"25,650","282,150",
ORD-2024-012268,2024-12-10,CUS-01372,PRD-0167,3,"14,020","42,060",
ORD-2024-012278,2024-12-11,CUS-02181,PRD-0012,7,"18,410","128,870",
ORD-2024-012281,2024-12-11,CUS-00278,PRD-0019,7,"31,240","218,680",
ORD-2024-012282,2024-12-11,CUS-02436,PRD-0019,9,"31,240","281,160",
ORD-2024-012286,2024-12-11,CUS-02447,PRD-0026,3,"4,150","12,450",
ORD-2024-012288,2024-12-11,CUS-02244,PRD-0031,2,"36,660","73,320",
ORD-2024-012296,2024-12-11,CUS-00109,PRD-0047,5,"19,060","95,300",
ORD-2024-012297,2024-12-11,CUS-01845,PRD-0048,2,"16,870","33,740",
ORD-2024-012305,2024-12-11,CUS-01566,PRD-0057,2,"18,040","36,080",
ORD-2024-012310,2024-12-11,CUS-02145,PRD-0061,6,"16,320","97,920",
ORD-2024-012327,2024-12-11,CUS-02025,PRD-0084,24,"27,760","666,240",
ORD-2024-012338,2024-12-11,CUS-02462,PRD-0090,3,"37,690","113,070",
ORD-2024-012358,2024-12-11,CUS-01397,PRD-0121,7,"26,430","185,010",
ORD-2024-012365,2024-12-11,CUS-01181,PRD-0125,7,"15,380","107,660",
ORD-2024-012370,2024-12-11,CUS-02481,PRD-0135,3,"32,900","98,700",
ORD-2024-012388,2024-12-11,CUS-01237,PRD-0151,12,"42,840","514,080",
ORD-2024-012399,2024-12-11,CUS-01221,PRD-0160,1,"32,940","32,940",
ORD-2024-012408,2024-12-11,CUS-00734,PRD-0161,9,"32,640","293,760",
ORD-2024-012409,2024-12-11,CUS-01700,PRD-0169,6,"15,310","91,860",
ORD-2024-012410,2024-12-12,CUS-02332,PRD-0001,6,"4,970","29,820",
ORD-2024-012412,2024-12-12,CUS-00298,PRD-0004,7,"4,490","31,430",
ORD-2024-012416,2024-12-12,CUS-00626,PRD-0006,4,"3,060","12,240",
ORD-2024-012417,2024-12-12,CUS-01733,PRD-0009,12,"18,390","220,680",
ORD-2024-012421,2024-12-12,CUS-00809,PRD-0021,1,"19,390","19,390",
ORD-2024-012427,2024-12-12,CUS-00199,PRD-0031,9,"36,660","329,940",
ORD-2024-012430,2024-12-12,CUS-01671,PRD-0045,7,"7,340","51,380",
ORD-2024-012434,2024-12-12,CUS-02091,PRD-0051,2,"43,070","86,140",
ORD-2024-012445,2024-12-12,CUS-00929,PRD-0074,11,"38,390","422,290",
ORD-2024-012446,2024-12-12,CUS-00473,PRD-0074,7,"38,390","268,730",
ORD-2024-012447,2024-12-12,CUS-00634,PRD-0075,15,"34,020","510,300",
ORD-2024-012452,2024-12-12,CUS-01179,PRD-0081,6,"42,190","253,140",
ORD-2024-012455,2024-12-12,CUS-00463,PRD-0082,5,"30,730","153,650",
ORD-2024-012472,2024-12-12,CUS-02081,PRD-0090,10,"37,690","376,900",
ORD-2024-012473,2024-12-12,CUS-01900,PRD-0090,2,"37,690","75,380",
ORD-2024-012490,2024-12-12,CUS-01457,PRD-0108,9,"30,750","276,750",
ORD-2024-012494,2024-12-12,CUS-02462,PRD-0118,9,"23,110","207,990",
ORD-2024-012495,2024-12-12,CUS-02352,PRD-0118,12,"23,110","277,320",
ORD-2024-012519,2024-12-12,CUS-00608,PRD-0145,6,"31,800","190,800",
ORD-2024-012521,2024-12-12,CUS-01087,PRD-0147,8,"32,330","258,640",
ORD-2024-012523,2024-12-12,CUS-00845,PRD-0150,8,"47,850","382,800",
ORD-2024-012536,2024-12-12,CUS-02291,PRD-0156,7,"58,570","409,990",
ORD-2024-012537,2024-12-12,,PRD-0156,4,"58,570","234,280",
ORD-2024-012539,2024-12-12,CUS-01364,PRD-0161,7,"32,640","228,480",
ORD-2024-012540,2024-12-12,CUS-00492,PRD-0161,5,"32,640","163,200",
ORD-2024-012541,2024-12-12,CUS-01880,PRD-0161,9,"32,640","293,760",
ORD-2024-012548,2024-12-12,CUS-02073,PRD-0169,6,"15,310","91,860",
ORD-2024-012554,2024-12-13,CUS-00042,PRD-0007,5,"17,070","85,350",
ORD-2024-012563,2024-12-13,,PRD-0020,4,"29,210","116,840",
ORD-2024-012572,2024-12-13,CUS-01763,PRD-0036,5,"20,500","102,500",
ORD-2024-012578,2024-12-13,CUS-01090,PRD-0046,7,"17,360","121,520",
ORD-2024-012585,2024-12-13,CUS-02181,PRD-0057,5,"18,040","90,200",
ORD-2024-012589,2024-12-13,CUS-00515,PRD-0062,11,"17,890","196,790",
ORD-2024-012590,2024-12-13,CUS-00463,PRD-0065,4,"34,000","136,000",
ORD-2024-012593,2024-12-13,,PRD-0068,12,"16,320","195,840",
ORD-2024-012622,2024-12-13,CUS-01586,PRD-0093,9,"23,080","207,720",
ORD-2024-012630,2024-12-13,CUS-00648,PRD-0103,7,"38,480","269,360",
ORD-2024-012636,2024-12-13,CUS-00617,PRD-0118,16,"23,110","369,760",
ORD-2024-012638,2024-12-13,CUS-01031,PRD-0120,2,"14,740","29,480",
ORD-2024-012652,2024-12-13,,PRD-0136,11,"54,950","604,450",
ORD-2024-012656,2024-12-13,CUS-00390,PRD-0143,5,"48,640","243,200",
ORD-2024-012669,2024-12-13,CUS-00720,PRD-0158,14,"33,720","472,080",
ORD-2024-012670,2024-12-13,CUS-00644,PRD-0160,6,"32,940","197,640",
ORD-2024-012676,2024-12-13,,PRD-0161,14,"32,640","456,960",
ORD-2024-012677,2024-12-13,CUS-01122,PRD-0161,8,"32,640","261,120",
ORD-2024-012678,2024-12-13,CUS-00213,PRD-0162,10,"28,900","289,000",
ORD-2024-012685,2024-12-13,CUS-00796,PRD-0166,11,"25,650","282,150",
ORD-2024-012693,2024-12-14,CUS-00823,PRD-0023,7,"16,940","118,580",
ORD-2024-012699,2024-12-14,CUS-02423,PRD-0057,1,"18,040","18,040",
ORD-2024-012705,2024-12-14,CUS-01586,PRD-0076,5,"28,050","140,250",
ORD-2024-012711,2024-12-14,CUS-00921,PRD-0083,6,"23,690","142,140",
ORD-2024-012724,2024-12-14,CUS-00956,PRD-0090,19,"37,690","716,110",
ORD-2024-012725,2024-12-14,CUS-02317,PRD-0090,4,"37,690","150,760",
ORD-2024-012732,2024-12-14,CUS-00515,PRD-0108,4,"30,750","123,000",
ORD-2024-012743,2024-12-14,CUS-00183,PRD-0125,6,"15,380","92,280",
ORD-2024-012744,2024-12-14,CUS-01121,PRD-0125,3,"15,380","46,140",
ORD-2024-012747,2024-12-14,CUS-01797,PRD-0135,11,"32,900","361,900",
ORD-2024-012763,2024-12-14,CUS-00508,PRD-0161,8,"32,640","261,120",
ORD-2024-012766,2024-12-14,CUS-00733,PRD-0165,5,"23,380","116,900",
ORD-2024-012780,2024-12-15,CUS-01095,PRD-0081,8,"42,190","337,520",
ORD-2024-012787,2024-12-15,CUS-01121,PRD-0107,1,"39,590","39,590",
ORD-2024-012789,2024-12-15,CUS-02098,PRD-0125,9,"15,380","138,420",
ORD-2024-012793,2024-12-15,CUS-00386,PRD-0141,5,"38,600","193,000",
ORD-2024-012812,2024-12-16,CUS-01450,PRD-0016,6,"42,680","256,080",
ORD-2024-012815,2024-12-16,CUS-01440,PRD-0018,1,"62,570","62,570",
ORD-2024-012818,2024-12-16,CUS-02119,PRD-0020,15,"29,210","438,150",
ORD-2024-012821,2024-12-16,CUS-02177,PRD-0025,8,"5,090","40,720",
ORD-2024-012822,2024-12-16,CUS-00397,PRD-0028,4,"4,910","19,640",
ORD-2024-012848,2024-12-16,CUS-01092,PRD-0077,3,"31,120","93,360",
ORD-2024-012849,2024-12-16,CUS-01606,PRD-0077,17,"31,120","529,040",
ORD-2024-012851,2024-12-16,CUS-00734,PRD-0078,3,"33,720","101,160",
ORD-2024-012854,2024-12-16,CUS-02423,PRD-0081,15,"42,190","632,850",
ORD-2024-012855,2024-12-16,CUS-00271,PRD-0082,2,"30,730","61,460",
ORD-2024-012867,2024-12-16,CUS-00553,PRD-0090,6,"37,690","226,140",
ORD-2024-012868,2024-12-16,CUS-01804,PRD-0090,6,"37,690","226,140",
ORD-2024-012874,2024-12-16,CUS-00582,PRD-0100,14,"20,780","290,920",
ORD-2024-012879,2024-12-16,CUS-02455,PRD-0112,6,"15,500","93,000",
ORD-2024-012889,2024-12-16,CUS-00377,PRD-0121,2,"26,430","52,860",
ORD-2024-012892,2024-12-16,CUS-01938,PRD-0125,4,"15,380","61,520",
ORD-2024-012893,2024-12-16,CUS-00885,PRD-0126,17,"29,270","497,590",
ORD-2024-012899,2024-12-16,CUS-02272,PRD-0135,6,"32,900","197,400",
ORD-2024-012932,2024-12-16,CUS-01151,PRD-0164,2,"19,920","39,840",
ORD-2024-012938,2024-12-17,CUS-01268,PRD-0004,5,"4,490","22,450",
ORD-2024-012949,2024-12-17,CUS-01090,PRD-0023,16,"16,940","271,040",
ORD-2024-012950,2024-12-17,CUS-01377,PRD-0025,3,"5,090","15,270",
ORD-2024-012965,2024-12-17,CUS-01559,PRD-0061,20,"16,320","326,400",
ORD-2024-012967,2024-12-17,CUS-01724,PRD-0064,4,"36,350","145,400",
ORD-2024-012975,2024-12-17,CUS-02421,PRD-0077,6,"31,120","186,720",
ORD-2024-012978,2024-12-17,CUS-00186,PRD-0082,16,"30,730","491,680",
ORD-2024-012981,2024-12-17,CUS-01022,PRD-0083,13,"23,690","307,970",
ORD-2024-012985,2024-12-17,CUS-00913,PRD-0086,12,"28,180","338,160",
ORD-2024-012996,2024-12-17,CUS-02138,PRD-0090,4,"37,690","150,760",
ORD-2024-012997,2024-12-17,CUS-00982,PRD-0090,4,"37,690","150,760",
ORD-2024-013004,2024-12-17,CUS-01450,PRD-0108,10,"30,750","307,500",
ORD-2024-013019,2024-12-17,CUS-01792,PRD-0128,4,"20,590","82,360",
ORD-2024-013037,2024-12-17,CUS-01996,PRD-0151,9,"42,840","385,560",
ORD-2024-013045,2024-12-17,CUS-00349,PRD-0156,11,"58,570","644,270",
ORD-2024-013048,2024-12-17,CUS-00036,PRD-0160,1,"32,940","32,940",
ORD-2024-013061,2024-12-18,CUS-01733,PRD-0020,4,"29,210","116,840",
ORD-2024-013067,2024-12-18,CUS-01930,PRD-0039,8,"14,770","118,160",
ORD-2024-013068,2024-12-18,CUS-00715,PRD-0040,8,"14,100","112,800",
ORD-2024-013072,2024-12-18,CUS-01304,PRD-0047,6,"19,060","114,360",
ORD-2024-013073,2024-12-18,CUS-01910,PRD-0047,37,"19,060","705,220",
ORD-2024-013088,2024-12-18,CUS-01883,PRD-0072,5,"42,600","213,000",
ORD-2024-013092,2024-12-18,CUS-01383,PRD-0078,12,"33,720","404,640",
ORD-2024-013096,2024-12-18,CUS-00196,PRD-0082,12,"30,730","368,760",
ORD-2024-013108,2024-12-18,CUS-00796,PRD-0090,13,"37,690","489,970",
ORD-2024-013109,2024-12-18,CUS-01657,PRD-0090,13,"37,690","489,970",
ORD-2024-013110,2024-12-18,CUS-02290,PRD-0090,11,"37,690","414,590",
ORD-2024-013111,2024-12-18,CUS-00359,PRD-0090,9,"37,690","339,210",
ORD-2024-013112,2024-12-18,CUS-00503,PRD-0090,7,"37,690","263,830",
ORD-2024-013113,2024-12-18,CUS-01369,PRD-0090,5,"37,690","188,450",
ORD-2024-013114,2024-12-18,CUS-02261,PRD-0090,10,"37,690","376,900",
ORD-2024-013121,2024-12-18,CUS-02444,PRD-0100,13,"20,780","270,140",
ORD-2024-013124,2024-12-18,CUS-01314,PRD-0111,10,"12,240","122,400",
ORD-2024-013129,2024-12-18,CUS-00088,PRD-0121,7,"26,430","185,010",
ORD-2024-013142,2024-12-18,,PRD-0141,11,"38,600","424,600",
ORD-2024-013145,2024-12-18,CUS-00759,PRD-0147,11,"32,330","355,630",
ORD-2024-013148,2024-12-18,CUS-01256,PRD-0150,2,"47,850","95,700",
ORD-2024-013153,2024-12-18,CUS-01247,PRD-0151,10,"42,840","428,400",
ORD-2024-013154,2024-12-18,CUS-01856,PRD-0151,11,"42,840","471,240",
ORD-2024-013161,2024-12-18,CUS-02214,PRD-0160,5,"32,940","164,700",
ORD-2024-013164,2024-12-18,CUS-00809,PRD-0161,6,"32,640","195,840",
ORD-2024-013174,2024-12-18,CUS-02025,PRD-0166,9,"25,650","230,850",
ORD-2024-013187,2024-12-19,CUS-00112,PRD-0011,4,"17,170","68,680",
ORD-2024-013192,2024-12-19,CUS-02248,PRD-0020,2,"29,210","58,420",
ORD-2024-013196,2024-12-19,CUS-01881,PRD-0047,7,"19,060","133,420",
ORD-2024-013197,2024-12-19,CUS-01586,PRD-0048,4,"16,870","67,480",
ORD-2024-013202,2024-12-19,CUS-02023,PRD-0061,1,"16,320","16,320",
ORD-2024-013203,2024-12-19,CUS-01607,PRD-0062,12,"17,890","214,680",
ORD-2024-013206,2024-12-19,CUS-01883,PRD-0065,22,"34,000","748,000",
ORD-2024-013215,2024-12-19,CUS-01748,PRD-0077,21,"31,120","653,520",
ORD-2024-013216,2024-12-19,CUS-02261,PRD-0077,10,"31,120","311,200",
ORD-2024-013225,2024-12-19,CUS-01151,PRD-0085,13,"32,580","423,540",
ORD-2024-013229,2024-12-19,CUS-00641,PRD-0086,13,"28,180","366,340",
ORD-2024-013237,2024-12-19,CUS-02274,PRD-0093,5,"23,080","115,400",
ORD-2024-013241,2024-12-19,CUS-00392,PRD-0100,20,"20,780","415,600",
ORD-2024-013255,2024-12-19,CUS-01879,PRD-0118,10,"23,110","231,100",
ORD-2024-013262,2024-12-19,CUS-00377,PRD-0122,7,"19,140","133,980",
ORD-2024-013263,2024-12-19,CUS-02355,PRD-0123,10,"14,410","144,100",
ORD-2024-013268,2024-12-19,CUS-01929,PRD-0131,5,"31,140","155,700",
ORD-2024-013286,2024-12-19,CUS-01930,PRD-0151,10,"42,840","428,400",
ORD-2024-013291,2024-12-19,CUS-01784,PRD-0155,7,"65,880","461,160",
ORD-2024-013295,2024-12-19,CUS-00245,PRD-0161,12,"32,640","391,680",
ORD-2024-013301,2024-12-20,CUS-02311,PRD-0004,3,"4,490","13,470",
ORD-2024-013305,2024-12-20,CUS-01582,PRD-0008,6,"16,360","98,160",
ORD-2024-013319,2024-12-20,CUS-00395,PRD-0023,1,"16,940","16,940",
ORD-2024-013324,2024-12-20,CUS-00914,PRD-0031,18,"36,660","659,880",
ORD-2024-013329,2024-12-20,CUS-02025,PRD-0045,4,"7,340","29,360",
ORD-2024-013332,2024-12-20,CUS-01864,PRD-0048,2,"16,870","33,740",
ORD-2024-013339,2024-12-20,CUS-02032,PRD-0056,17,"25,020","425,340",
ORD-2024-013352,2024-12-20,CUS-01578,PRD-0068,6,"16,320","97,920",
ORD-2024-013358,2024-12-20,CUS-02161,PRD-0078,3,"33,720","101,160",
ORD-2024-013360,2024-12-20,CUS-00429,PRD-0080,10,"23,900","239,000",
ORD-2024-013364,2024-12-20,CUS-00094,PRD-0086,12,"28,180","338,160",
ORD-2024-013371,2024-12-20,CUS-01476,PRD-0090,1,"37,690","37,690",
ORD-2024-013372,2024-12-20,CUS-01763,PRD-0090,1,"37,690","37,690",
ORD-2024-013373,2024-12-20,CUS-02152,PRD-0090,11,"37,690","414,590",
ORD-2024-013374,2024-12-20,CUS-02344,PRD-0090,7,"37,690","263,830",
ORD-2024-013375,2024-12-20,CUS-00796,PRD-0096,14,"23,060","322,840",
ORD-2024-013377,2024-12-20,CUS-02339,PRD-0098,6,"15,320","91,920",
ORD-2024-013391,2024-12-20,CUS-01768,PRD-0118,21,"23,110","485,310",
ORD-2024-013394,2024-12-20,CUS-00234,PRD-0121,5,"26,430","132,150",
ORD-2024-013405,2024-12-20,CUS-00531,PRD-0126,7,"29,270","204,890",
ORD-2024-013411,2024-12-20,CUS-00635,PRD-0135,6,"32,900","197,400",
ORD-2024-013413,2024-12-20,CUS-02174,PRD-0141,6,"38,600","231,600",
ORD-2024-013422,2024-12-20,CUS-00027,PRD-0151,5,"42,840","214,200",
ORD-2024-013423,2024-12-20,CUS-02156,PRD-0151,26,"42,840","1,113,840",
ORD-2024-013424,2024-12-20,CUS-01864,PRD-0151,8,"42,840","342,720",
ORD-2024-013428,2024-12-20,CUS-02475,PRD-0155,3,"65,880","197,640",
ORD-2024-013435,2024-12-20,CUS-00190,PRD-0160,9,"32,940","296,460",
ORD-2024-013452,2024-12-21,CUS-00317,PRD-0008,8,"16,360","130,880",
ORD-2024-013456,2024-12-21,CUS-00246,PRD-0019,6,"31,240","187,440",
ORD-2024-013461,2024-12-21,CUS-00684,PRD-0030,3,"25,250","75,750",
ORD-2024-013463,2024-12-21,CUS-02161,PRD-0031,2,"36,660","73,320",
ORD-2024-013476,2024-12-21,CUS-01865,PRD-0074,5,"38,390","191,950",
ORD-2024-013477,2024-12-21,CUS-00492,PRD-0077,6,"31,120","186,720",
ORD-2024-013494,2024-12-21,CUS-01031,PRD-0090,13,"37,690","489,970",
ORD-2024-013495,2024-12-21,CUS-00163,PRD-0090,4,"37,690","150,760",
ORD-2024-013499,2024-12-21,CUS-02119,PRD-0098,7,"15,320","107,240",
ORD-2024-013509,2024-12-21,CUS-00258,PRD-0123,7,"14,410","100,870",
ORD-2024-013519,2024-12-21,CUS-01436,PRD-0151,8,"42,840","342,720",
ORD-2024-013522,2024-12-21,CUS-01104,PRD-0161,9,"32,640","293,760",
ORD-2024-013531,2024-12-22,CUS-01783,PRD-0004,3,"4,490","13,470",
ORD-2024-013538,2024-12-22,CUS-02302,PRD-0057,2,"18,040","36,080",
ORD-2024-013545,2024-12-22,CUS-02115,PRD-0076,7,"28,050","196,350",
ORD-2024-013546,2024-12-22,CUS-02357,PRD-0081,7,"42,190","295,330",
ORD-2024-013568,2024-12-22,CUS-01012,PRD-0150,15,"47,850","717,750",
ORD-2024-013572,2024-12-22,CUS-02311,PRD-0151,8,"42,840","342,720",
ORD-2024-013580,2024-12-23,CUS-00072,PRD-0004,10,"4,490","44,900",
ORD-2024-013581,2024-12-23,CUS-00267,PRD-0004,2,"4,490","8,980",
ORD-2024-013597,2024-12-23,CUS-00715,PRD-0037,12,"25,650","307,800",
ORD-2024-013614,2024-12-23,CUS-02324,PRD-0060,10,"57,540","575,400",
ORD-2024-013628,2024-12-23,CUS-01022,PRD-0074,13,"38,390","499,070",
ORD-2024-013633,2024-12-23,CUS-00549,PRD-0077,4,"31,120","124,480",
ORD-2024-013634,2024-12-23,CUS-01397,PRD-0077,9,"31,120","280,080",
ORD-2024-013642,2024-12-23,CUS-01792,PRD-0084,2,"27,760","55,520",
ORD-2024-013656,2024-12-23,CUS-01121,PRD-0090,6,"37,690","226,140",
ORD-2024-013657,2024-12-23,CUS-02173,PRD-0090,10,"37,690","376,900",
ORD-2024-013658,2024-12-23,CUS-01415,PRD-0090,6,"37,690","226,140",
ORD-2024-013659,2024-12-23,CUS-00617,PRD-0090,6,"37,690","226,140",
ORD-2024-013660,2024-12-23,CUS-00914,PRD-0091,15,"27,010","405,150",
ORD-2024-013662,2024-12-23,CUS-01693,PRD-0092,4,"30,260","121,040",
ORD-2024-013669,2024-12-23,CUS-00065,PRD-0098,2,"15,320","30,640",
ORD-2024-013674,2024-12-23,CUS-02206,PRD-0120,5,"14,740","73,700",
ORD-2024-013705,2024-12-23,CUS-01559,PRD-0161,4,"32,640","130,560",
ORD-2024-013706,2024-12-23,CUS-00198,PRD-0161,5,"32,640","163,200",
ORD-2024-013707,2024-12-23,CUS-00218,PRD-0161,4,"32,640","130,560",
ORD-2024-013708,2024-12-23,CUS-01926,PRD-0161,4,"32,640","130,560",
ORD-2024-013715,2024-12-23,CUS-00822,PRD-0169,4,"15,310","61,240",
ORD-2024-013724,2024-12-24,CUS-01058,PRD-0033,12,"11,040","132,480",
ORD-2024-013725,2024-12-24,CUS-02311,PRD-0033,5,"11,040","55,200",
ORD-2024-013736,2024-12-24,CUS-00473,PRD-0048,12,"16,870","202,440",
ORD-2024-013739,2024-12-24,CUS-00644,PRD-0058,7,"17,980","125,860",
ORD-2024-013746,2024-12-24,CUS-01698,PRD-0067,11,"12,380","136,180",
ORD-2024-013757,2024-12-24,CUS-02174,PRD-0086,6,"28,180","169,080",
ORD-2024-013765,2024-12-24,CUS-00183,PRD-0090,23,"37,690","866,870",
ORD-2024-013767,2024-12-24,CUS-00345,PRD-0092,16,"30,260","484,160",
ORD-2024-013781,2024-12-24,CUS-00648,PRD-0113,9,"10,420","93,780",
ORD-2024-013783,2024-12-24,CUS-00349,PRD-0115,4,"21,210","84,840",
ORD-2024-013788,2024-12-24,CUS-01316,PRD-0131,22,"31,140","685,080",
ORD-2024-013797,2024-12-24,CUS-01930,PRD-0149,17,"45,880","779,960",
ORD-2024-013805,2024-12-24,CUS-00424,PRD-0151,19,"42,840","813,960",
ORD-2024-013806,2024-12-24,CUS-02248,PRD-0151,31,"42,840","1,328,040",
ORD-2024-013807,2024-12-24,CUS-01318,PRD-0151,4,"42,840","171,360",
ORD-2024-013819,2024-12-25,CUS-01589,PRD-0004,6,"4,490","26,940",
ORD-2024-013823,2024-12-25,CUS-00234,PRD-0011,12,"17,170","206,040",
ORD-2024-013832,2024-12-25,CUS-00151,PRD-0025,3,"5,090","15,270",
ORD-2024-013837,2024-12-25,CUS-02173,PRD-0040,3,"14,100","42,300",
ORD-2024-013849,2024-12-25,CUS-01226,PRD-0068,27,"16,320","440,640",
ORD-2024-013858,2024-12-25,CUS-01544,PRD-0081,11,"42,190","464,090",
ORD-2024-013877,2024-12-25,CUS-01100,PRD-0090,12,"37,690","452,280",
ORD-2024-013878,2024-12-25,CUS-00188,PRD-0090,9,"37,690","339,210",
ORD-2024-013879,2024-12-25,CUS-01988,PRD-0090,11,"37,690","414,590",
ORD-2024-013885,2024-12-25,CUS-01732,PRD-0100,5,"20,780","103,900",
ORD-2024-013893,2024-12-25,CUS-00670,PRD-0117,3,"17,520","52,560",
ORD-2024-013909,2024-12-25,CUS-02149,PRD-0141,10,"38,600","386,000",
ORD-2024-013913,2024-12-25,CUS-00294,PRD-0143,5,"48,640","243,200",
ORD-2024-013916,2024-12-25,CUS-02091,PRD-0151,5,"42,840","214,200",
ORD-2024-013917,2024-12-25,CUS-00790,PRD-0151,3,"42,840","128,520",
ORD-2024-013919,2024-12-25,CUS-00131,PRD-0154,4,"42,470","169,880",
ORD-2024-013924,2024-12-25,CUS-00116,PRD-0160,14,"32,940","461,160",
ORD-2024-013931,2024-12-25,CUS-00996,PRD-0166,9,"25,650","230,850",
ORD-2024-013932,2024-12-25,CUS-01378,PRD-0166,4,"25,650","102,600",
ORD-2024-013938,2024-12-26,CUS-02002,PRD-0009,1,"18,390","18,390",
ORD-2024-013951,2024-12-26,CUS-02424,PRD-0033,11,"11,040","121,440",
ORD-2024-013954,2024-12-26,CUS-00758,PRD-0035,4,"13,660","54,640",
ORD-2024-013955,2024-12-26,CUS-01430,PRD-0035,1,"13,660","13,660",
ORD-2024-013957,2024-12-26,CUS-00231,PRD-0037,9,"25,650","230,850",
ORD-2024-013959,2024-12-26,CUS-00903,PRD-0041,4,"6,830","27,320",
ORD-2024-013962,2024-12-26,CUS-02145,PRD-0050,8,"5,420","43,360",
ORD-2024-013969,2024-12-26,CUS-00480,PRD-0057,3,"18,040","54,120",
ORD-2024-013971,2024-12-26,CUS-01471,PRD-0059,8,"50,810","406,480",
ORD-2024-013999,2024-12-26,,PRD-0090,12,"37,690","452,280",
ORD-2024-014000,2024-12-26,CUS-00036,PRD-0090,4,"37,690","150,760",
ORD-2024-014006,2024-12-26,CUS-00183,PRD-0100,12,"20,780","249,360",
ORD-2024-014007,2024-12-26,CUS-00418,PRD-0100,6,"20,780","124,680",
ORD-2024-014008,2024-12-26,CUS-00408,PRD-0100,6,"20,780","124,680",
ORD-2024-014009,2024-12-26,CUS-01163,PRD-0102,5,"17,050","85,250",
ORD-2024-014015,2024-12-26,CUS-01698,PRD-0113,17,"10,420","177,140",
ORD-2024-014025,2024-12-26,CUS-02391,PRD-0125,4,"15,380","61,520",
ORD-2024-014031,2024-12-26,CUS-01651,PRD-0137,44,"27,650","1,216,600",
ORD-2024-014039,2024-12-26,CUS-02151,PRD-0150,6,"47,850","287,100",
ORD-2024-014046,2024-12-26,CUS-00515,PRD-0151,6,"42,840","257,040",
ORD-2024-014074,2024-12-27,CUS-01009,PRD-0011,4,"17,170","68,680",
ORD-2024-014077,2024-12-27,CUS-01754,PRD-0023,9,"16,940","152,460",
ORD-2024-014078,2024-12-27,CUS-00628,PRD-0026,8,"4,150","33,200",
ORD-2024-014084,2024-12-27,CUS-01001,PRD-0047,7,"19,060","133,420",
ORD-2024-014093,2024-12-27,CUS-01104,PRD-0057,2,"18,040","36,080",
ORD-2024-014094,2024-12-27,CUS-01560,PRD-0058,9,"17,980","161,820",
ORD-2024-014102,2024-12-27,CUS-02496,PRD-0064,2,"36,350","72,700",
ORD-2024-014105,2024-12-27,CUS-01456,PRD-0065,11,"34,000","374,000",
ORD-2024-014109,2024-12-27,CUS-00025,PRD-0068,11,"16,320","179,520",
ORD-2024-014119,2024-12-27,CUS-00238,PRD-0077,3,"31,120","93,360",
ORD-2024-014121,2024-12-27,CUS-01663,PRD-0083,10,"23,690","236,900",
ORD-2024-014124,2024-12-27,CUS-02268,PRD-0085,11,"32,580","358,380",
ORD-2024-014139,2024-12-27,CUS-01607,PRD-0090,1,"37,690","37,690",
ORD-2024-014140,2024-12-27,CUS-02175,PRD-0090,4,"37,690","150,760",
ORD-2024-014141,2024-12-27,CUS-01586,PRD-0090,11,"37,690","414,590",
ORD-2024-014149,2024-12-27,CUS-02091,PRD-0100,20,"20,780","415,600",
ORD-2024-014151,2024-12-27,CUS-00820,PRD-0108,18,"30,750","553,500",
ORD-2024-014156,2024-12-27,CUS-00702,PRD-0118,9,"23,110","207,990",
ORD-2024-014157,2024-12-27,CUS-02159,PRD-0118,41,"23,110","947,510",
ORD-2024-014163,2024-12-27,CUS-01040,PRD-0120,10,"14,740","147,400",
ORD-2024-014164,2024-12-27,CUS-02133,PRD-0120,14,"14,740","206,360",
ORD-2024-014166,2024-12-27,CUS-00339,PRD-0121,4,"26,430","105,720",
ORD-2024-014171,2024-12-27,CUS-01353,PRD-0122,3,"19,140","57,420",
ORD-2024-014177,2024-12-27,CUS-01457,PRD-0125,3,"15,380","46,140",
ORD-2024-014178,2024-12-27,CUS-02358,PRD-0125,6,"15,380","92,280",
ORD-2024-014195,2024-12-27,CUS-02462,PRD-0151,14,"42,840","599,760",
ORD-2024-014196,2024-12-27,CUS-02407,PRD-0154,5,"42,470","212,350",
ORD-2024-014200,2024-12-27,CUS-01055,PRD-0156,2,"58,570","117,140",
ORD-2024-014204,2024-12-27,CUS-01169,PRD-0160,2,"32,940","65,880",
ORD-2024-014205,2024-12-27,CUS-01456,PRD-0160,5,"32,940","164,700",
ORD-2024-014209,2024-12-27,CUS-01802,PRD-0161,7,"32,640","228,480",
ORD-2024-014210,2024-12-27,CUS-00702,PRD-0161,15,"32,640","489,600",
ORD-2024-014221,2024-12-28,CUS-01040,PRD-0021,13,"19,390","252,070",
ORD-2024-014228,2024-12-28,CUS-01387,PRD-0050,3,"5,420","16,260",
ORD-2024-014260,2024-12-28,CUS-02383,PRD-0090,3,"37,690","113,070",
ORD-2024-014281,2024-12-28,CUS-01511,PRD-0145,22,"31,800","699,600",
ORD-2024-014286,2024-12-28,CUS-00767,PRD-0156,15,"58,570","878,550",
ORD-2024-014297,2024-12-29,CUS-00971,PRD-0004,8,"4,490","35,920",
ORD-2024-014301,2024-12-29,CUS-00473,PRD-0025,4,"5,090","20,360",
ORD-2024-014306,2024-12-29,CUS-02267,PRD-0076,17,"28,050","476,850",
ORD-2024-014335,2024-12-29,CUS-01981,PRD-0153,26,"24,220","629,720",
ORD-2024-014342,2024-12-30,CUS-00514,PRD-0019,7,"31,240","218,680",
ORD-2024-014349,2024-12-30,CUS-01832,PRD-0041,4,"6,830","27,320",
ORD-2024-014351,2024-12-30,CUS-00424,PRD-0046,13,"17,360","225,680",
ORD-2024-014376,2024-12-30,CUS-02081,PRD-0086,9,"28,180","253,620",
ORD-2024-014385,2024-12-30,CUS-00914,PRD-0090,2,"37,690","75,380",
ORD-2024-014386,2024-12-30,CUS-02474,PRD-0090,27,"37,690","1,017,630",
ORD-2024-014387,2024-12-30,CUS-02417,PRD-0090,18,"37,690","678,420",
ORD-2024-014388,2024-12-30,CUS-02268,PRD-0090,18,"37,690","678,420",
ORD-2024-014404,2024-12-30,CUS-01199,PRD-0103,19,"38,480","731,120",
ORD-2024-014406,2024-12-30,CUS-00018,PRD-0108,2,"30,750","61,500",
ORD-2024-014413,2024-12-30,CUS-00641,PRD-0120,4,"14,740","58,960",
ORD-2024-014416,2024-12-30,CUS-01199,PRD-0121,7,"26,430","185,010",
ORD-2024-014424,2024-12-30,CUS-00163,PRD-0125,6,"15,380","92,280",
ORD-2024-014425,2024-12-30,CUS-00815,PRD-0125,18,"15,380","276,840",
ORD-2024-014428,2024-12-30,CUS-01582,PRD-0130,8,"13,600","108,800",
ORD-2024-014432,2024-12-30,CUS-01720,PRD-0135,15,"32,900","493,500",
ORD-2024-014438,2024-12-30,CUS-01314,PRD-0142,6,"52,030","312,180",
ORD-2024-014451,2024-12-30,CUS-01436,PRD-0161,35,"32,640","1,142,400",
ORD-2024-014456,2024-12-30,CUS-00342,PRD-0165,14,"23,380","327,320",
ORD-2024-014457,2024-12-30,CUS-00988,PRD-0165,9,"23,380","210,420",
ORD-2024-014458,2024-12-30,CUS-00783,PRD-0165,5,"23,380","116,900",
ORD-2024-014469,2024-12-31,CUS-00783,PRD-0018,4,"62,570","250,280",
ORD-2024-014470,2024-12-31,CUS-00984,PRD-0020,18,"29,210","525,780",
ORD-2024-014486,2024-12-31,CUS-01325,PRD-0061,17,"16,320","277,440",
ORD-2024-014490,2024-12-31,CUS-01498,PRD-0064,28,"36,350","1,017,800",
ORD-2024-014498,2024-12-31,CUS-00272,PRD-0076,10,"28,050","280,500",
ORD-2024-014503,2024-12-31,CUS-01364,PRD-0081,11,"42,190","464,090",
ORD-2024-014518,2024-12-31,CUS-00503,PRD-0090,8,"37,690","301,520",
ORD-2024-014519,2024-12-31,CUS-00097,PRD-0090,13,"37,690","489,970",
ORD-2024-014526,2024-12-31,CUS-02251,PRD-0098,22,"15,320","337,040",
ORD-2024-014533,2024-12-31,CUS-01325,PRD-0111,13,"12,240","159,120",
ORD-2024-014537,2024-12-31,CUS-01021,PRD-0118,1,"23,110","23,110",
ORD-2024-014548,2024-12-31,CUS-02462,PRD-0125,5,"15,380","76,900",
ORD-2024-014567,2024-12-31,CUS-01739,PRD-0151,9,"42,840","385,560",
ORD-2024-014569,2024-12-31,CUS-00904,PRD-0153,13,"24,220","314,860",
ORD-2024-014581,2024-12-31,CUS-00521,PRD-0161,6,"32,640","195,840",
ORD-2024-014583,2024-12-31,CUS-01055,PRD-0167,19,"14,020","266,380",
ORD-2025-014590,2025-01-01,CUS-01392,PRD-0018,5,"62,570","312,850",
ORD-2025-014591,2025-01-01,CUS-00014,PRD-0023,5,"16,940","84,700",
ORD-2025-014598,2025-01-01,CUS-00836,PRD-0061,7,"16,320","114,240",
ORD-2025-014602,2025-01-01,CUS-01872,PRD-0068,7,"16,320","114,240",
ORD-2025-014603,2025-01-01,CUS-01929,PRD-0070,11,"19,240","211,640",
ORD-2025-014611,2025-01-01,CUS-01628,PRD-0093,1,"23,080","23,080",
ORD-2025-014613,2025-01-01,CUS-00181,PRD-0098,5,"15,320","76,600",
ORD-2025-014615,2025-01-01,CUS-02267,PRD-0100,4,"20,780","83,120",
ORD-2025-014618,2025-01-01,CUS-01453,PRD-0116,19,"17,680","335,920",
ORD-2025-014632,2025-01-01,CUS-02098,PRD-0151,7,"42,840","299,880",
ORD-2025-014641,2025-01-01,CUS-00849,PRD-0167,10,"14,020","140,200",
ORD-2025-014642,2025-01-01,CUS-00796,PRD-0169,1,"15,310","15,310",
ORD-2025-014646,2025-01-01,CUS-02447,PRD-0170,8,"17,370","138,960",
ORD-2025-014650,2025-01-02,CUS-00841,PRD-0007,5,"17,070","85,350",
ORD-2025-014651,2025-01-02,CUS-01059,PRD-0011,9,"17,170","154,530",
ORD-2025-014687,2025-01-02,CUS-01688,PRD-0090,2,"37,690","75,380",
ORD-2025-014693,2025-01-02,CUS-02496,PRD-0100,12,"20,780","249,360",
ORD-2025-014705,2025-01-02,CUS-00319,PRD-0125,6,"15,380","92,280",
ORD-2025-014706,2025-01-02,CUS-02261,PRD-0126,2,"29,270","58,540",
ORD-2025-014712,2025-01-02,CUS-00926,PRD-0142,11,"52,030","572,330",
ORD-2025-014713,2025-01-02,CUS-02187,PRD-0142,7,"52,030","364,210",
ORD-2025-014714,2025-01-02,CUS-00463,PRD-0143,14,"48,640","680,960",
ORD-2025-014718,2025-01-02,CUS-01753,PRD-0151,6,"42,840","257,040",
ORD-2025-014736,2025-01-03,CUS-00211,PRD-0037,4,"25,650","102,600",
ORD-2025-014738,2025-01-03,CUS-01804,PRD-0048,2,"16,870","33,740",
ORD-2025-014739,2025-01-03,CUS-02161,PRD-0049,6,"18,190","109,140",
ORD-2025-014742,2025-01-03,CUS-02272,PRD-0056,1,"25,020","25,020",
ORD-2025-014743,2025-01-03,CUS-00359,PRD-0057,4,"18,040","72,160",
ORD-2025-014751,2025-01-03,CUS-00311,PRD-0085,9,"32,580","293,220",
ORD-2025-014762,2025-01-03,CUS-02496,PRD-0100,10,"20,780","207,800",
ORD-2025-014763,2025-01-03,CUS-00976,PRD-0103,15,"38,480","577,200",
ORD-2025-014768,2025-01-03,CUS-02420,PRD-0120,2,"14,740","29,480",
ORD-2025-014769,2025-01-03,CUS-01450,PRD-0120,8,"14,740","117,920",
ORD-2025-014781,2025-01-03,CUS-01056,PRD-0144,19,"31,990","607,810",
ORD-2025-014783,2025-01-03,CUS-00921,PRD-0151,10,"42,840","428,400",
ORD-2025-014786,2025-01-03,CUS-02291,PRD-0161,10,"32,640","326,400",
ORD-2025-014789,2025-01-03,CUS-00003,PRD-0165,27,"23,380","631,260",
ORD-2025-014792,2025-01-04,CUS-02291,PRD-0008,11,"16,360","179,960",
ORD-2025-014798,2025-01-04,CUS-02407,PRD-0060,7,"57,540","402,780",
ORD-2025-014806,2025-01-04,CUS-00477,PRD-0074,4,"38,390","153,560",
ORD-2025-014815,2025-01-04,CUS-02474,PRD-0090,3,"37,690","113,070",
ORD-2025-014816,2025-01-04,CUS-00488,PRD-0090,7,"37,690","263,830",
ORD-2025-014819,2025-01-04,CUS-00345,PRD-0098,5,"15,320","76,600",
ORD-2025-014829,2025-01-04,CUS-00845,PRD-0121,5,"26,430","132,150",
ORD-2025-014834,2025-01-04,CUS-01173,PRD-0125,9,"15,380","138,420",
ORD-2025-014835,2025-01-04,CUS-01090,PRD-0125,10,"15,380","153,800",
ORD-2025-014836,2025-01-04,CUS-00985,PRD-0125,11,"15,380","169,180",
ORD-2025-014847,2025-01-04,CUS-01700,PRD-0160,3,"32,940","98,820",
ORD-2025-014859,2025-01-05,CUS-00027,PRD-0074,6,"38,390","230,340",
ORD-2025-014860,2025-01-05,CUS-00456,PRD-0083,13,"23,690","307,970",
ORD-2025-014862,2025-01-05,CUS-01474,PRD-0086,5,"28,180","140,900",
ORD-2025-014870,2025-01-05,CUS-01559,PRD-0125,3,"15,380","46,140",
ORD-2025-014876,2025-01-06,CUS-01415,PRD-0004,5,"4,490","22,450",
ORD-2025-014883,2025-01-06,CUS-01277,PRD-0031,9,"36,660","329,940",
ORD-2025-014894,2025-01-06,CUS-00167,PRD-0061,4,"16,320","65,280",
ORD-2025-014896,2025-01-06,CUS-00267,PRD-0064,16,"36,350","581,600",
ORD-2025-014899,2025-01-06,CUS-01688,PRD-0074,14,"38,390","537,460",
ORD-2025-014904,2025-01-06,,PRD-0084,16,"27,760","444,160",
ORD-2025-014910,2025-01-06,CUS-01637,PRD-0090,3,"37,690","113,070",
ORD-2025-014911,2025-01-06,CUS-00477,PRD-0090,3,"37,690","113,070",
ORD-2025-014916,2025-01-06,CUS-00978,PRD-0102,16,"17,050","272,800",
ORD-2025-014929,2025-01-06,CUS-00442,PRD-0123,9,"14,410","129,690",
ORD-2025-014932,2025-01-06,CUS-01543,PRD-0125,8,"15,380","123,040",
ORD-2025-014945,2025-01-06,CUS-01240,PRD-0153,21,"24,220","508,620",
ORD-2025-014946,2025-01-06,CUS-01856,PRD-0153,4,"24,220","96,880",
ORD-2025-014951,2025-01-06,CUS-00295,PRD-0161,17,"32,640","554,880",
ORD-2025-014956,2025-01-07,CUS-00894,PRD-0004,8,"4,490","35,920",
ORD-2025-014961,2025-01-07,CUS-01733,PRD-0035,4,"13,660","54,640",
ORD-2025-014972,2025-01-07,CUS-01237,PRD-0081,27,"42,190","1,139,130",
ORD-2025-014977,2025-01-07,CUS-01935,PRD-0086,7,"28,180","197,260",
ORD-2025-014982,2025-01-07,CUS-01440,PRD-0090,8,"37,690","301,520",
ORD-2025-014983,2025-01-07,CUS-01119,PRD-0090,8,"37,690","301,520",
ORD-2025-014984,2025-01-07,CUS-01607,PRD-0090,11,"37,690","414,590",
ORD-2025-014985,2025-01-07,,PRD-0090,4,"37,690","150,760",
ORD-2025-014992,2025-01-07,CUS-02173,PRD-0113,4,"10,420","41,680",
ORD-2025-014994,2025-01-07,CUS-01092,PRD-0125,13,"15,380","199,940",
ORD-2025-014995,2025-01-07,CUS-00373,PRD-0132,6,"38,360","230,160",
ORD-2025-015004,2025-01-07,CUS-02057,PRD-0155,5,"65,880","329,400",
ORD-2025-015005,2025-01-07,CUS-00822,PRD-0156,4,"58,570","234,280",
ORD-2025-015006,2025-01-07,CUS-01792,PRD-0156,2,"58,570","117,140",
ORD-2025-015008,2025-01-07,CUS-00390,PRD-0160,6,"32,940","197,640",
ORD-2025-015014,2025-01-08,CUS-00894,PRD-0004,10,"4,490","44,900",
ORD-2025-015027,2025-01-08,CUS-00181,PRD-0040,14,"14,100","197,400",
ORD-2025-015035,2025-01-08,CUS-00631,PRD-0076,22,"28,050","617,100",
ORD-2025-015044,2025-01-08,CUS-01191,PRD-0090,3,"37,690","113,070",
ORD-2025-015048,2025-01-08,CUS-00790,PRD-0100,16,"20,780","332,480",
ORD-2025-015069,2025-01-08,CUS-01581,PRD-0146,15,"34,820","522,300",
ORD-2025-015070,2025-01-08,CUS-00796,PRD-0149,3,"45,880","137,640",
ORD-2025-015077,2025-01-08,CUS-00549,PRD-0151,16,"42,840","685,440",
ORD-2025-015095,2025-01-09,CUS-01525,PRD-0031,6,"36,660","219,960",
ORD-2025-015106,2025-01-09,CUS-00365,PRD-0067,10,"12,380","123,800",
ORD-2025-015111,2025-01-09,CUS-01620,PRD-0077,9,"31,120","280,080",
ORD-2025-015121,2025-01-09,CUS-01880,PRD-0086,2,"28,180","56,360",
ORD-2025-015126,2025-01-09,CUS-01111,PRD-0090,12,"37,690","452,280",
ORD-2025-015132,2025-01-09,CUS-00521,PRD-0120,3,"14,740","44,220",
ORD-2025-015138,2025-01-09,CUS-00218,PRD-0132,5,"38,360","191,800",
ORD-2025-015143,2025-01-09,CUS-00564,PRD-0136,2,"54,950","109,900",
ORD-2025-015146,2025-01-09,CUS-02316,PRD-0142,4,"52,030","208,120",
ORD-2025-015154,2025-01-09,CUS-00508,PRD-0160,15,"32,940","494,100",
ORD-2025-015156,2025-01-09,CUS-01865,PRD-0161,14,"32,640","456,960",
ORD-2025-015175,2025-01-10,CUS-01739,PRD-0051,4,"43,070","172,280",
ORD-2025-015181,2025-01-10,CUS-01793,PRD-0070,14,"19,240","269,360",
ORD-2025-015183,2025-01-10,CUS-00198,PRD-0074,2,"38,390","76,780",
ORD-2025-015184,2025-01-10,CUS-02480,PRD-0076,3,"28,050","84,150",
ORD-2025-015185,2025-01-10,CUS-00456,PRD-0077,4,"31,120","124,480",
ORD-2025-015199,2025-01-10,CUS-00773,PRD-0090,12,"37,690","452,280",
ORD-2025-015200,2025-01-10,CUS-01376,PRD-0090,3,"37,690","113,070",
ORD-2025-015205,2025-01-10,CUS-00365,PRD-0100,13,"20,780","270,140",
ORD-2025-015215,2025-01-10,CUS-02175,PRD-0135,13,"32,900","427,700",
ORD-2025-015218,2025-01-10,CUS-00982,PRD-0145,2,"31,800","63,600",
ORD-2025-015234,2025-01-10,CUS-00492,PRD-0165,4,"23,380","93,520",
ORD-2025-015239,2025-01-11,CUS-01930,PRD-0004,4,"4,490","17,960",
ORD-2025-015240,2025-01-11,CUS-00342,PRD-0004,14,"4,490","62,860",
ORD-2025-015241,2025-01-11,CUS-00715,PRD-0004,2,"4,490","8,980",
ORD-2025-015246,2025-01-11,CUS-01748,PRD-0042,10,"26,200","262,000",
ORD-2025-015247,2025-01-11,CUS-01773,PRD-0048,1,"16,870","16,870",
ORD-2025-015272,2025-01-11,CUS-00914,PRD-0090,5,"37,690","188,450",
ORD-2025-015287,2025-01-11,CUS-00082,PRD-0151,3,"42,840","128,520",
ORD-2025-015288,2025-01-11,CUS-00867,PRD-0151,5,"42,840","214,200",
ORD-2025-015297,2025-01-12,CUS-00836,PRD-0005,6,"3,110","18,660",
ORD-2025-015300,2025-01-12,CUS-00867,PRD-0061,13,"16,320","212,160",
ORD-2025-015309,2025-01-12,CUS-02206,PRD-0109,5,"30,700","153,500",
ORD-2025-015320,2025-01-13,CUS-00080,PRD-0004,8,"4,490","35,920",
ORD-2025-015354,2025-01-13,CUS-01663,PRD-0090,5,"37,690","188,450",
ORD-2025-015374,2025-01-13,CUS-01946,PRD-0125,11,"15,380","169,180",
ORD-2025-015376,2025-01-13,CUS-01856,PRD-0132,32,"38,360","1,227,520",
ORD-2025-015391,2025-01-13,CUS-00345,PRD-0151,4,"42,840","171,360",
ORD-2025-015393,2025-01-13,CUS-02187,PRD-0153,9,"24,220","217,980",
ORD-2025-015399,2025-01-13,CUS-00783,PRD-0161,9,"32,640","293,760",
ORD-2025-015401,2025-01-13,CUS-00022,PRD-0165,1,"23,380","23,380",
ORD-2025-015403,2025-01-13,CUS-01578,PRD-0166,7,"25,650","179,550",
ORD-2025-015407,2025-01-14,CUS-01926,PRD-0007,12,"17,070","204,840",
ORD-2025-015414,2025-01-14,CUS-02187,PRD-0045,32,"7,340","234,880",
ORD-2025-015421,2025-01-14,CUS-00885,PRD-0060,14,"57,540","805,560",
ORD-2025-015429,2025-01-14,CUS-01122,PRD-0068,2,"16,320","32,640",
ORD-2025-015431,2025-01-14,CUS-00929,PRD-0072,10,"42,600","426,000",
ORD-2025-015444,2025-01-14,CUS-00345,PRD-0086,2,"28,180","56,360",
ORD-2025-015451,2025-01-14,CUS-02291,PRD-0103,15,"38,480","577,200",
ORD-2025-015453,2025-01-14,CUS-00258,PRD-0108,13,"30,750","399,750",
ORD-2025-015465,2025-01-14,CUS-01055,PRD-0145,3,"31,800","95,400",
ORD-2025-015469,2025-01-14,CUS-01396,PRD-0151,11,"42,840","471,240",
ORD-2025-015491,2025-01-15,CUS-02057,PRD-0040,9,"14,100","126,900",
ORD-2025-015496,2025-01-15,CUS-01476,PRD-0057,8,"18,040","144,320",
ORD-2025-015499,2025-01-15,CUS-00294,PRD-0061,3,"16,320","48,960",
ORD-2025-015507,2025-01-15,CUS-00884,PRD-0077,8,"31,120","248,960",
ORD-2025-015514,2025-01-15,CUS-00072,PRD-0086,12,"28,180","338,160",
ORD-2025-015535,2025-01-15,CUS-00390,PRD-0125,7,"15,380","107,660",
ORD-2025-015536,2025-01-15,CUS-00199,PRD-0125,4,"15,380","61,520",
ORD-2025-015550,2025-01-15,CUS-00628,PRD-0160,7,"32,940","230,580",
ORD-2025-015558,2025-01-16,CUS-00141,PRD-0004,8,"4,490","35,920",
ORD-2025-015560,2025-01-16,CUS-00164,PRD-0008,10,"16,360","163,600",
ORD-2025-015562,2025-01-16,CUS-00477,PRD-0016,7,"42,680","298,760",
ORD-2025-015567,2025-01-16,CUS-00773,PRD-0050,4,"5,420","21,680",
ORD-2025-015577,2025-01-16,CUS-01559,PRD-0079,3,"46,870","140,610",
ORD-2025-015588,2025-01-16,CUS-01351,PRD-0090,2,"37,690","75,380",
ORD-2025-015589,2025-01-16,CUS-01972,PRD-0090,10,"37,690","376,900",
ORD-2025-015597,2025-01-16,CUS-00996,PRD-0120,17,"14,740","250,580",
ORD-2025-015608,2025-01-16,CUS-00488,PRD-0138,3,"27,020","81,060",
ORD-2025-015609,2025-01-16,CUS-01268,PRD-0139,29,"33,360","967,440",
ORD-2025-015611,2025-01-16,CUS-00789,PRD-0145,6,"31,800","190,800",
ORD-2025-015625,2025-01-17,CUS-02278,PRD-0004,4,"4,490","17,960",
ORD-2025-015629,2025-01-17,CUS-01261,PRD-0037,5,"25,650","128,250",
ORD-2025-015635,2025-01-17,CUS-00770,PRD-0057,7,"18,040","126,280",
ORD-2025-015639,2025-01-17,,PRD-0063,9,"15,070","135,630",
ORD-2025-015648,2025-01-17,CUS-02174,PRD-0079,27,"46,870","1,265,490",
ORD-2025-015649,2025-01-17,CUS-01748,PRD-0079,9,"46,870","421,830",
ORD-2025-015655,2025-01-17,CUS-00135,PRD-0086,14,"28,180","394,520",
ORD-2025-015661,2025-01-17,CUS-01090,PRD-0090,10,"37,690","376,900",
ORD-2025-015662,2025-01-17,CUS-01988,PRD-0090,12,"37,690","452,280",
ORD-2025-015664,2025-01-17,CUS-02047,PRD-0100,46,"20,780","955,880",
ORD-2025-015668,2025-01-17,CUS-00845,PRD-0108,4,"30,750","123,000",
ORD-2025-015673,2025-01-17,CUS-01361,PRD-0118,10,"23,110","231,100",
ORD-2025-015675,2025-01-17,CUS-00097,PRD-0126,13,"29,270","380,510",
ORD-2025-015678,2025-01-17,CUS-02133,PRD-0135,10,"32,900","329,000",
ORD-2025-015682,2025-01-17,CUS-01361,PRD-0145,3,"31,800","95,400",
ORD-2025-015688,2025-01-17,CUS-00080,PRD-0151,6,"42,840","257,040",
ORD-2025-015689,2025-01-17,CUS-01604,PRD-0151,4,"42,840","171,360",
ORD-2025-015690,2025-01-17,CUS-01566,PRD-0151,3,"42,840","128,520",
ORD-2025-015703,2025-01-18,CUS-00042,PRD-0047,5,"19,060","95,300",
ORD-2025-015712,2025-01-18,CUS-01335,PRD-0079,17,"46,870","796,790",
ORD-2025-015714,2025-01-18,CUS-01001,PRD-0083,7,"23,690","165,830",
ORD-2025-015715,2025-01-18,CUS-02073,PRD-0084,3,"27,760","83,280",
ORD-2025-015723,2025-01-18,CUS-01401,PRD-0090,12,"37,690","452,280",
ORD-2025-015724,2025-01-18,CUS-01313,PRD-0090,21,"37,690","791,490",
ORD-2025-015727,2025-01-18,CUS-00837,PRD-0102,6,"17,050","102,300",
ORD-2025-015730,2025-01-18,CUS-01525,PRD-0116,6,"17,680","106,080",
ORD-2025-015740,2025-01-18,CUS-01788,PRD-0160,7,"32,940","230,580",
ORD-2025-015741,2025-01-18,CUS-00626,PRD-0161,22,"32,640","718,080",
ORD-2025-015743,2025-01-19,CUS-00227,PRD-0001,9,"4,970","44,730",
ORD-2025-015752,2025-01-19,CUS-00971,PRD-0086,1,"28,180","28,180",
ORD-2025-015758,2025-01-19,CUS-00047,PRD-0116,9,"17,680","159,120",
ORD-2025-015792,2025-01-20,CUS-00783,PRD-0046,18,"17,360","312,480",
ORD-2025-015802,2025-01-20,CUS-00733,PRD-0078,11,"33,720","370,920",
ORD-2025-015803,2025-01-20,CUS-02119,PRD-0078,26,"33,720","876,720",
ORD-2025-015813,2025-01-20,CUS-02355,PRD-0090,3,"37,690","113,070",
ORD-2025-015814,2025-01-20,CUS-02265,PRD-0090,20,"37,690","753,800",
ORD-2025-015815,2025-01-20,CUS-02175,PRD-0096,20,"23,060","461,200",
ORD-2025-015816,2025-01-20,CUS-00976,PRD-0098,8,"15,320","122,560",
ORD-2025-015817,2025-01-20,CUS-00386,PRD-0102,3,"17,050","51,150",
ORD-2025-015820,2025-01-20,CUS-01696,PRD-0117,8,"17,520","140,160",
ORD-2025-015822,2025-01-20,CUS-00383,PRD-0120,16,"14,740","235,840",
ORD-2025-015826,2025-01-20,CUS-01174,PRD-0122,7,"19,140","133,980",
ORD-2025-015844,2025-01-20,CUS-00635,PRD-0151,2,"42,840","85,680",
ORD-2025-015845,2025-01-20,CUS-02444,PRD-0152,4,"24,900","99,600",
ORD-2025-015856,2025-01-21,CUS-02444,PRD-0012,5,"18,410","92,050",
ORD-2025-015859,2025-01-21,CUS-00733,PRD-0025,2,"5,090","10,180",
ORD-2025-015864,2025-01-21,CUS-01184,PRD-0051,6,"43,070","258,420",
ORD-2025-015871,2025-01-21,CUS-00023,PRD-0068,5,"16,320","81,600",
ORD-2025-015878,2025-01-21,CUS-00488,PRD-0081,6,"42,190","253,140",
ORD-2025-015887,2025-01-21,CUS-00670,PRD-0090,4,"37,690","150,760",
ORD-2025-015896,2025-01-21,CUS-01783,PRD-0108,10,"30,750","307,500",
ORD-2025-015908,2025-01-21,CUS-01946,PRD-0141,15,"38,600","579,000",
ORD-2025-015914,2025-01-21,CUS-01805,PRD-0155,7,"65,880","461,160",
ORD-2025-015922,2025-01-21,CUS-00820,PRD-0170,3,"17,370","52,110",
ORD-2025-015929,2025-01-22,CUS-02063,PRD-0037,20,"25,650","513,000",
ORD-2025-015930,2025-01-22,CUS-00418,PRD-0040,15,"14,100","211,500",
ORD-2025-015939,2025-01-22,CUS-02421,PRD-0065,3,"34,000","102,000",
ORD-2025-015942,2025-01-22,CUS-00357,PRD-0082,5,"30,730","153,650",
ORD-2025-015945,2025-01-22,CUS-00926,PRD-0084,14,"27,760","388,640",
ORD-2025-015950,2025-01-22,CUS-00841,PRD-0090,8,"37,690","301,520",
ORD-2025-015951,2025-01-22,CUS-01268,PRD-0090,2,"37,690","75,380",
ORD-2025-015952,2025-01-22,CUS-01377,PRD-0090,3,"37,690","113,070",
ORD-2025-015960,2025-01-22,CUS-02451,PRD-0108,9,"30,750","276,750",
ORD-2025-015984,2025-01-22,CUS-01316,PRD-0160,1,"32,940","32,940",
ORD-2025-015986,2025-01-22,CUS-02424,PRD-0165,15,"23,380","350,700",
ORD-2025-015987,2025-01-22,CUS-01806,PRD-0170,2,"17,370","34,740",
ORD-2025-016000,2025-01-23,CUS-01551,PRD-0067,16,"12,380","198,080",
ORD-2025-016006,2025-01-23,CUS-02149,PRD-0083,6,"23,690","142,140",
ORD-2025-016009,2025-01-23,CUS-00648,PRD-0086,2,"28,180","56,360",
ORD-2025-016012,2025-01-23,CUS-02151,PRD-0090,6,"37,690","226,140",
ORD-2025-016013,2025-01-23,CUS-02268,PRD-0090,7,"37,690","263,830",
ORD-2025-016015,2025-01-23,CUS-00684,PRD-0100,4,"20,780","83,120",
ORD-2025-016018,2025-01-23,CUS-01924,PRD-0109,4,"30,700","122,800",
ORD-2025-016019,2025-01-23,CUS-01923,PRD-0111,2,"12,240","24,480",
ORD-2025-016020,2025-01-23,CUS-00131,PRD-0116,20,"17,680","353,600",
ORD-2025-016027,2025-01-23,CUS-00035,PRD-0121,5,"26,430","132,150",
ORD-2025-016030,2025-01-23,CUS-00246,PRD-0135,4,"32,900","131,600",
ORD-2025-016033,2025-01-23,CUS-02444,PRD-0142,7,"52,030","364,210",
ORD-2025-016042,2025-01-23,CUS-02023,PRD-0151,2,"42,840","85,680",
ORD-2025-016051,2025-01-24,CUS-00410,PRD-0001,10,"4,970","49,700",
ORD-2025-016066,2025-01-24,CUS-01883,PRD-0045,4,"7,340","29,360",
ORD-2025-016074,2025-01-24,CUS-01864,PRD-0075,4,"34,020","136,080",
ORD-2025-016080,2025-01-24,CUS-01159,PRD-0086,5,"28,180","140,900",
ORD-2025-016088,2025-01-24,CUS-00553,PRD-0090,19,"37,690","716,110",
ORD-2025-016089,2025-01-24,CUS-00349,PRD-0090,2,"37,690","75,380",
ORD-2025-016090,2025-01-24,CUS-01315,PRD-0090,8,"37,690","301,520",
ORD-2025-016097,2025-01-24,CUS-01918,PRD-0103,9,"38,480","346,320",
ORD-2025-016102,2025-01-24,CUS-02370,PRD-0120,4,"14,740","58,960",
ORD-2025-016103,2025-01-24,CUS-00488,PRD-0120,5,"14,740","73,700",
ORD-2025-016107,2025-01-24,CUS-00860,PRD-0123,9,"14,410","129,690",
ORD-2025-016112,2025-01-24,CUS-01266,PRD-0125,5,"15,380","76,900",
ORD-2025-016113,2025-01-24,CUS-01620,PRD-0125,16,"15,380","246,080",
ORD-2025-016114,2025-01-24,CUS-00519,PRD-0135,13,"32,900","427,700",
ORD-2025-016118,2025-01-24,CUS-01880,PRD-0151,5,"42,840","214,200",
ORD-2025-016119,2025-01-24,CUS-02357,PRD-0151,21,"42,840","899,640",
ORD-2025-016120,2025-01-24,CUS-01511,PRD-0151,10,"42,840","428,400",
ORD-2025-016123,2025-01-24,CUS-01261,PRD-0153,7,"24,220","169,540",
ORD-2025-016129,2025-01-24,CUS-01938,PRD-0161,8,"32,640","261,120",
ORD-2025-016130,2025-01-24,CUS-00929,PRD-0161,7,"32,640","228,480",
ORD-2025-016132,2025-01-24,CUS-01845,PRD-0162,14,"28,900","404,600",
ORD-2025-016134,2025-01-24,CUS-01104,PRD-0165,15,"23,380","350,700",
ORD-2025-016144,2025-01-25,CUS-00849,PRD-0039,2,"14,770","29,540",
ORD-2025-016151,2025-01-25,CUS-00514,PRD-0076,12,"28,050","336,600",
ORD-2025-016154,2025-01-25,CUS-02032,PRD-0080,10,"23,900","239,000",
ORD-2025-016164,2025-01-25,CUS-00982,PRD-0091,5,"27,010","135,050",
ORD-2025-016178,2025-01-25,CUS-02355,PRD-0128,10,"20,590","205,900",
ORD-2025-016184,2025-01-25,CUS-02383,PRD-0151,6,"42,840","257,040",
ORD-2025-016191,2025-01-26,CUS-00227,PRD-0004,2,"4,490","8,980",
ORD-2025-016193,2025-01-26,CUS-01582,PRD-0008,10,"16,360","163,600",
ORD-2025-016199,2025-01-26,CUS-02248,PRD-0059,1,"50,810","50,810",
ORD-2025-016203,2025-01-26,CUS-00230,PRD-0074,6,"38,390","230,340",
ORD-2025-016205,2025-01-26,CUS-02181,PRD-0077,8,"31,120","248,960",
ORD-2025-016212,2025-01-26,CUS-00329,PRD-0151,8,"42,840","342,720",
ORD-2025-016213,2025-01-26,CUS-01900,PRD-0153,12,"24,220","290,640",
ORD-2025-016219,2025-01-27,CUS-00550,PRD-0004,10,"4,490","44,900",
ORD-2025-016220,2025-01-27,CUS-01687,PRD-0004,3,"4,490","13,470",
ORD-2025-016222,2025-01-27,CUS-01353,PRD-0023,19,"16,940","321,860",
ORD-2025-016227,2025-01-27,CUS-00410,PRD-0047,7,"19,060","133,420",
ORD-2025-016237,2025-01-27,CUS-00231,PRD-0078,3,"33,720","101,160",
ORD-2025-016243,2025-01-27,CUS-02068,PRD-0086,3,"28,180","84,540",
ORD-2025-016270,2025-01-27,CUS-00116,PRD-0125,7,"15,380","107,660",
ORD-2025-016277,2025-01-27,CUS-00771,PRD-0151,12,"42,840","514,080",
ORD-2025-016280,2025-01-27,CUS-02029,PRD-0159,5,"25,840","129,200",
ORD-2025-016286,2025-01-27,CUS-00188,PRD-0163,3,"27,790","83,370",
ORD-2025-016288,2025-01-27,CUS-00116,PRD-0165,7,"23,380","163,660",
ORD-2025-016294,2025-01-28,CUS-02206,PRD-0011,17,"17,170","291,890",
ORD-2025-016297,2025-01-28,CUS-01500,PRD-0016,7,"42,680","298,760",
ORD-2025-016298,2025-01-28,CUS-00442,PRD-0018,8,"62,570","500,560",
ORD-2025-016301,2025-01-28,CUS-02175,PRD-0031,9,"36,660","329,940",
ORD-2025-016302,2025-01-28,CUS-01926,PRD-0039,9,"14,770","132,930",
ORD-2025-016303,2025-01-28,CUS-01646,PRD-0041,5,"6,830","34,150",
ORD-2025-016306,2025-01-28,CUS-01832,PRD-0059,9,"50,810","457,290",
ORD-2025-016307,2025-01-28,CUS-02057,PRD-0061,1,"16,320","16,320",
ORD-2025-016309,2025-01-28,CUS-00456,PRD-0063,3,"15,070","45,210",
ORD-2025-016315,2025-01-28,CUS-01756,PRD-0071,16,"17,380","278,080",
ORD-2025-016317,2025-01-28,CUS-00134,PRD-0074,4,"38,390","153,560",
ORD-2025-016329,2025-01-28,CUS-00739,PRD-0090,3,"37,690","113,070",
ORD-2025-016330,2025-01-28,CUS-00035,PRD-0090,11,"37,690","414,590",
ORD-2025-016338,2025-01-28,CUS-02290,PRD-0108,11,"30,750","338,250",
ORD-2025-016346,2025-01-28,CUS-01477,PRD-0125,6,"15,380","92,280",
ORD-2025-016347,2025-01-28,CUS-01845,PRD-0125,8,"15,380","123,040",
ORD-2025-016355,2025-01-28,CUS-02433,PRD-0151,7,"42,840","299,880",
ORD-2025-016361,2025-01-28,CUS-01748,PRD-0166,3,"25,650","76,950",
ORD-2025-016363,2025-01-29,CUS-02436,PRD-0005,14,"3,110","43,540",
ORD-2025-016366,2025-01-29,CUS-00951,PRD-0021,9,"19,390","174,510",
ORD-2025-016367,2025-01-29,CUS-00377,PRD-0033,4,"11,040","44,160",
ORD-2025-016384,2025-01-29,CUS-01929,PRD-0077,19,"31,120","591,280",
ORD-2025-016386,2025-01-29,CUS-02073,PRD-0080,10,"23,900","239,000",
ORD-2025-016389,2025-01-29,CUS-02191,PRD-0083,2,"23,690","47,380",
ORD-2025-016390,2025-01-29,CUS-01200,PRD-0086,19,"28,180","535,420",
ORD-2025-016416,2025-01-29,CUS-00503,PRD-0157,11,"24,810","272,910",
ORD-2025-016421,2025-01-29,CUS-01058,PRD-0165,1,"23,380","23,380",
ORD-2025-016423,2025-01-30,CUS-00245,PRD-0005,4,"3,110","12,440",
ORD-2025-016428,2025-01-30,CUS-02149,PRD-0011,4,"17,170","68,680",
ORD-2025-016433,2025-01-30,CUS-02214,PRD-0035,3,"13,660","40,980",
ORD-2025-016434,2025-01-30,CUS-01456,PRD-0041,29,"6,830","198,070",
ORD-2025-016439,2025-01-30,CUS-01935,PRD-0058,6,"17,980","107,880",
ORD-2025-016456,2025-01-30,CUS-00044,PRD-0105,6,"41,060","246,360",
ORD-2025-016457,2025-01-30,CUS-01700,PRD-0108,4,"30,750","123,000",
ORD-2025-016461,2025-01-30,CUS-00492,PRD-0113,14,"10,420","145,880",
ORD-2025-016469,2025-01-30,CUS-00631,PRD-0125,9,"15,380","138,420",
ORD-2025-016475,2025-01-30,CUS-01659,PRD-0144,15,"31,990","479,850",
ORD-2025-016488,2025-01-30,CUS-02091,PRD-0161,18,"32,640","587,520",
ORD-2025-016499,2025-01-31,CUS-00130,PRD-0028,4,"4,910","19,640",
ORD-2025-016508,2025-01-31,CUS-02152,PRD-0051,19,"43,070","818,330",
ORD-2025-016511,2025-01-31,CUS-02095,PRD-0057,13,"18,040","234,520",
ORD-2025-016521,2025-01-31,CUS-00492,PRD-0081,17,"42,190","717,230",
ORD-2025-016534,2025-01-31,CUS-02055,PRD-0090,3,"37,690","113,070",
ORD-2025-016535,2025-01-31,CUS-01581,PRD-0090,6,"37,690","226,140",
ORD-2025-016545,2025-01-31,CUS-01335,PRD-0121,5,"26,430","132,150",
ORD-2025-016553,2025-01-31,CUS-01580,PRD-0131,8,"31,140","249,120",
ORD-2025-016597,2025-02-01,CUS-01961,PRD-0060,2,"57,540","115,080",
ORD-2025-016598,2025-02-01,CUS-00339,PRD-0065,2,"34,000","68,000",
ORD-2025-016610,2025-02-01,CUS-01559,PRD-0093,5,"23,080","115,400",
ORD-2025-016611,2025-02-01,CUS-01237,PRD-0098,8,"15,320","122,560",
ORD-2025-016612,2025-02-01,CUS-02278,PRD-0101,17,"22,590","384,030",
ORD-2025-016616,2025-02-01,CUS-00780,PRD-0115,4,"21,210","84,840",
ORD-2025-016628,2025-02-01,CUS-02072,PRD-0145,2,"31,800","63,600",
ORD-2025-016637,2025-02-01,CUS-02343,PRD-0160,3,"32,940","98,820",
ORD-2025-016639,2025-02-01,CUS-01671,PRD-0161,15,"32,640","489,600",
ORD-2025-016642,2025-02-01,CUS-00349,PRD-0168,22,"19,490","428,780",
ORD-2025-016647,2025-02-02,CUS-00377,PRD-0016,4,"42,680","170,720",
ORD-2025-016652,2025-02-02,CUS-02173,PRD-0079,6,"46,870","281,220",
ORD-2025-016653,2025-02-02,CUS-00097,PRD-0084,2,"27,760","55,520",
ORD-2025-016654,2025-02-02,CUS-02100,PRD-0090,9,"37,690","339,210",
ORD-2025-016659,2025-02-02,CUS-01193,PRD-0123,1,"14,410","14,410",
ORD-2025-016667,2025-02-02,CUS-01872,PRD-0151,9,"42,840","385,560",
ORD-2025-016668,2025-02-02,CUS-01607,PRD-0165,10,"23,380","233,800",
ORD-2025-016672,2025-02-03,CUS-02151,PRD-0012,2,"18,410","36,820",
ORD-2025-016673,2025-02-03,CUS-02151,PRD-0016,5,"42,680","213,400",
ORD-2025-016674,2025-02-03,CUS-00044,PRD-0016,6,"42,680","256,080",
ORD-2025-016675,2025-02-03,CUS-02376,PRD-0020,8,"29,210","233,680",
ORD-2025-016685,2025-02-03,CUS-01462,PRD-0060,7,"57,540","402,780",
ORD-2025-016690,2025-02-03,CUS-01111,PRD-0074,9,"38,390","345,510",
ORD-2025-016700,2025-02-03,CUS-01151,PRD-0084,9,"27,760","249,840",
ORD-2025-016711,2025-02-03,CUS-01304,PRD-0115,9,"21,210","190,890",
ORD-2025-016713,2025-02-03,CUS-01137,PRD-0122,3,"19,140","57,420",
ORD-2025-016716,2025-02-03,CUS-01196,PRD-0125,2,"15,380","30,760",
ORD-2025-016729,2025-02-03,CUS-00985,PRD-0151,6,"42,840","257,040",
ORD-2025-016741,2025-02-04,CUS-02067,PRD-0023,14,"16,940","237,160",
ORD-2025-016762,2025-02-04,CUS-00429,PRD-0084,5,"27,760","138,800",
ORD-2025-016764,2025-02-04,CUS-00951,PRD-0086,5,"28,180","140,900",
ORD-2025-016783,2025-02-04,CUS-00208,PRD-0125,5,"15,380","76,900",
ORD-2025-016786,2025-02-04,CUS-02290,PRD-0131,6,"31,140","186,840",
ORD-2025-016804,2025-02-04,CUS-00641,PRD-0151,11,"42,840","471,240",
ORD-2025-016815,2025-02-05,CUS-00295,PRD-0034,7,"15,350","107,450",
ORD-2025-016830,2025-02-05,CUS-00670,PRD-0068,5,"16,320","81,600",
ORD-2025-016834,2025-02-05,CUS-02014,PRD-0081,6,"42,190","253,140",
ORD-2025-016835,2025-02-05,CUS-00154,PRD-0082,26,"30,730","798,980",
ORD-2025-016845,2025-02-05,CUS-01784,PRD-0090,3,"37,690","113,070",
ORD-2025-016846,2025-02-05,CUS-01426,PRD-0091,7,"27,010","189,070",
ORD-2025-016853,2025-02-05,CUS-01754,PRD-0100,3,"20,780","62,340",
ORD-2025-016857,2025-02-05,CUS-01926,PRD-0116,11,"17,680","194,480",
ORD-2025-016873,2025-02-05,CUS-00359,PRD-0151,15,"42,840","642,600",
ORD-2025-016877,2025-02-05,CUS-00823,PRD-0160,4,"32,940","131,760",
ORD-2025-016892,2025-02-06,CUS-01196,PRD-0036,12,"20,500","246,000",
ORD-2025-016896,2025-02-06,CUS-00860,PRD-0046,10,"17,360","173,600",
ORD-2025-016899,2025-02-06,CUS-00044,PRD-0052,9,"43,630","392,670",
ORD-2025-016903,2025-02-06,CUS-01351,PRD-0059,12,"50,810","609,720",
ORD-2025-016907,2025-02-06,CUS-01203,PRD-0077,11,"31,120","342,320",
ORD-2025-016912,2025-02-06,CUS-00134,PRD-0083,5,"23,690","118,450",
ORD-2025-016913,2025-02-06,CUS-01386,PRD-0085,21,"32,580","684,180",
ORD-2025-016924,2025-02-06,CUS-02138,PRD-0098,4,"15,320","61,280",
ORD-2025-016939,2025-02-06,CUS-00903,PRD-0144,8,"31,990","255,920",
ORD-2025-016945,2025-02-06,CUS-02167,PRD-0151,9,"42,840","385,560",
ORD-2025-016948,2025-02-06,CUS-00849,PRD-0154,16,"42,470","679,520",
ORD-2025-016953,2025-02-06,CUS-01845,PRD-0156,4,"58,570","234,280",
ORD-2025-016959,2025-02-06,CUS-00190,PRD-0165,14,"23,380","327,320",
ORD-2025-016960,2025-02-06,CUS-02317,PRD-0170,7,"17,370","121,590",
ORD-2025-016979,2025-02-07,CUS-02267,PRD-0063,6,"15,070","90,420",
ORD-2025-016981,2025-02-07,,PRD-0067,12,"12,380","148,560",
ORD-2025-017003,2025-02-07,CUS-02370,PRD-0109,2,"30,700","61,400",
ORD-2025-017005,2025-02-07,CUS-00468,PRD-0113,3,"10,420","31,260",
ORD-2025-017007,2025-02-07,CUS-01779,PRD-0120,7,"14,740","103,180",
ORD-2025-017025,2025-02-07,CUS-01316,PRD-0153,3,"24,220","72,660",
ORD-2025-017027,2025-02-07,CUS-01353,PRD-0156,19,"58,570","1,112,830",
ORD-2025-017044,2025-02-08,CUS-00733,PRD-0049,21,"18,190","381,990",
ORD-2025-017047,2025-02-08,CUS-02046,PRD-0090,4,"37,690","150,760",
ORD-2025-017048,2025-02-08,CUS-01228,PRD-0090,5,"37,690","188,450",
ORD-2025-017059,2025-02-08,CUS-02023,PRD-0125,11,"15,380","169,180",
ORD-2025-017064,2025-02-08,CUS-01768,PRD-0151,19,"42,840","813,960",
ORD-2025-017067,2025-02-08,CUS-01396,PRD-0168,13,"19,490","253,370",
ORD-2025-017077,2025-02-09,CUS-00271,PRD-0090,15,"37,690","565,350",
ORD-2025-017078,2025-02-09,CUS-00951,PRD-0090,4,"37,690","150,760",
ORD-2025-017091,2025-02-09,CUS-02311,PRD-0166,5,"25,650","128,250",
ORD-2025-017092,2025-02-10,CUS-02330,PRD-0001,2,"4,970","9,940",
ORD-2025-017097,2025-02-10,CUS-00968,PRD-0011,3,"17,170","51,510",
ORD-2025-017110,2025-02-10,CUS-00702,PRD-0049,10,"18,190","181,900",
ORD-2025-017117,2025-02-10,CUS-00139,PRD-0059,3,"50,810","152,430",
ORD-2025-017125,2025-02-10,CUS-00523,PRD-0077,5,"31,120","155,600",
ORD-2025-017131,2025-02-10,CUS-01805,PRD-0086,2,"28,180","56,360",
ORD-2025-017142,2025-02-10,CUS-01865,PRD-0102,15,"17,050","255,750",
ORD-2025-017168,2025-02-10,CUS-01783,PRD-0151,12,"42,840","514,080",
ORD-2025-017173,2025-02-10,CUS-00628,PRD-0164,5,"19,920","99,600",
ORD-2025-017175,2025-02-10,CUS-01240,PRD-0165,15,"23,380","350,700",
ORD-2025-017182,2025-02-11,CUS-00345,PRD-0016,2,"42,680","85,360",
ORD-2025-017183,2025-02-11,CUS-01586,PRD-0026,8,"4,150","33,200",
ORD-2025-017184,2025-02-11,CUS-01268,PRD-0030,10,"25,250","252,500",
ORD-2025-017191,2025-02-11,CUS-00934,PRD-0045,5,"7,340","36,700",
ORD-2025-017201,2025-02-11,CUS-01453,PRD-0074,6,"38,390","230,340",
ORD-2025-017210,2025-02-11,CUS-00627,PRD-0083,11,"23,690","260,590",
ORD-2025-017224,2025-02-11,CUS-01293,PRD-0126,8,"29,270","234,160",
ORD-2025-017226,2025-02-11,,PRD-0131,8,"31,140","249,120",
ORD-2025-017228,2025-02-11,CUS-01056,PRD-0138,29,"27,020","783,580",
ORD-2025-017235,2025-02-11,CUS-00531,PRD-0155,6,"65,880","395,280",
ORD-2025-017244,2025-02-11,CUS-00196,PRD-0165,4,"23,380","93,520",
ORD-2025-017262,2025-02-12,CUS-01322,PRD-0061,7,"16,320","114,240",
ORD-2025-017272,2025-02-12,CUS-00798,PRD-0086,9,"28,180","253,620",
ORD-2025-017273,2025-02-12,CUS-00996,PRD-0086,8,"28,180","225,440",
ORD-2025-017282,2025-02-12,CUS-00921,PRD-0090,8,"37,690","301,520",
ORD-2025-017283,2025-02-12,CUS-00022,PRD-0090,1,"37,690","37,690",
ORD-2025-017284,2025-02-12,CUS-02108,PRD-0090,6,"37,690","226,140",
ORD-2025-017292,2025-02-12,CUS-00684,PRD-0100,5,"20,780","103,900",
ORD-2025-017307,2025-02-12,CUS-01996,PRD-0126,1,"29,270","29,270",
ORD-2025-017309,2025-02-12,CUS-00468,PRD-0135,7,"32,900","230,300",
ORD-2025-017319,2025-02-12,CUS-01269,PRD-0161,6,"32,640","195,840",
ORD-2025-017321,2025-02-12,CUS-02074,PRD-0167,4,"14,020","56,080",
ORD-2025-017324,2025-02-13,CUS-00789,PRD-0011,9,"17,170","154,530",
ORD-2025-017328,2025-02-13,CUS-00888,PRD-0057,9,"18,040","162,360",
ORD-2025-017333,2025-02-13,CUS-00088,PRD-0067,6,"12,380","74,280",
ORD-2025-017338,2025-02-13,CUS-00726,PRD-0073,9,"37,930","341,370",
ORD-2025-017340,2025-02-13,CUS-01092,PRD-0076,3,"28,050","84,150",
ORD-2025-017356,2025-02-13,CUS-01916,PRD-0090,5,"37,690","188,450",
ORD-2025-017357,2025-02-13,CUS-00047,PRD-0090,1,"37,690","37,690",
ORD-2025-017362,2025-02-13,CUS-00341,PRD-0098,9,"15,320","137,880",
ORD-2025-017373,2025-02-13,CUS-00406,PRD-0125,12,"15,380","184,560",
ORD-2025-017376,2025-02-13,CUS-01328,PRD-0144,5,"31,990","159,950",
ORD-2025-017378,2025-02-13,CUS-00815,PRD-0150,5,"47,850","239,250",
ORD-2025-017390,2025-02-13,CUS-01580,PRD-0161,22,"32,640","718,080",
ORD-2025-017391,2025-02-13,CUS-01328,PRD-0163,17,"27,790","472,430",
ORD-2025-017393,2025-02-13,CUS-01089,PRD-0165,5,"23,380","116,900",
ORD-2025-017400,2025-02-14,CUS-02475,PRD-0013,8,"11,970","95,760",
ORD-2025-017411,2025-02-14,CUS-00349,PRD-0039,18,"14,770","265,860",
ORD-2025-017431,2025-02-14,CUS-00014,PRD-0090,8,"37,690","301,520",
ORD-2025-017433,2025-02-14,CUS-00726,PRD-0099,7,"14,380","100,660",
ORD-2025-017438,2025-02-14,CUS-01237,PRD-0101,14,"22,590","316,260",
ORD-2025-017439,2025-02-14,CUS-00905,PRD-0108,4,"30,750","123,000",
ORD-2025-017447,2025-02-14,CUS-02417,PRD-0125,6,"15,380","92,280",
ORD-2025-017449,2025-02-14,CUS-00047,PRD-0130,2,"13,600","27,200",
ORD-2025-017450,2025-02-14,,PRD-0142,6,"52,030","312,180",
ORD-2025-017461,2025-02-14,CUS-00582,PRD-0164,11,"19,920","219,120",
ORD-2025-017470,2025-02-15,CUS-00433,PRD-0004,8,"4,490","35,920",
ORD-2025-017471,2025-02-15,CUS-01200,PRD-0022,7,"11,680","81,760",
ORD-2025-017490,2025-02-15,CUS-02156,PRD-0090,12,"37,690","452,280",
ORD-2025-017491,2025-02-15,CUS-01920,PRD-0090,6,"37,690","226,140",
ORD-2025-017492,2025-02-15,CUS-00758,PRD-0090,4,"37,690","150,760",
ORD-2025-017505,2025-02-15,CUS-01012,PRD-0118,4,"23,110","92,440",
ORD-2025-017510,2025-02-15,CUS-02251,PRD-0125,12,"15,380","184,560",
ORD-2025-017517,2025-02-15,CUS-01318,PRD-0138,6,"27,020","162,120",
ORD-2025-017519,2025-02-15,CUS-01111,PRD-0139,4,"33,360","133,440",
ORD-2025-017533,2025-02-15,CUS-01285,PRD-0166,17,"25,650","436,050",
ORD-2025-017543,2025-02-16,CUS-01935,PRD-0058,12,"17,980","215,760",
ORD-2025-017545,2025-02-16,CUS-00234,PRD-0064,6,"36,350","218,100",
ORD-2025-017546,2025-02-16,CUS-00605,PRD-0077,2,"31,120","62,240",
ORD-2025-017549,2025-02-16,CUS-01396,PRD-0085,3,"32,580","97,740",
ORD-2025-017559,2025-02-17,CUS-00813,PRD-0007,15,"17,070","256,050",
ORD-2025-017579,2025-02-17,CUS-01769,PRD-0070,13,"19,240","250,120",
ORD-2025-017587,2025-02-17,CUS-01361,PRD-0077,3,"31,120","93,360",
ORD-2025-017588,2025-02-17,CUS-00969,PRD-0078,7,"33,720","236,040",
ORD-2025-017589,2025-02-17,CUS-01817,PRD-0078,36,"33,720","1,213,920",
ORD-2025-017613,2025-02-17,CUS-01163,PRD-0126,5,"29,270","146,350",
ORD-2025-017616,2025-02-17,CUS-00689,PRD-0128,22,"20,590","452,980",
ORD-2025-017617,2025-02-17,CUS-01179,PRD-0132,23,"38,360","882,280",
ORD-2025-017621,2025-02-17,CUS-01560,PRD-0142,3,"52,030","156,090",
ORD-2025-017643,2025-02-18,CUS-00238,PRD-0020,7,"29,210","204,470",
ORD-2025-017648,2025-02-18,CUS-00898,PRD-0041,8,"6,830","54,640",
ORD-2025-017661,2025-02-18,CUS-01476,PRD-0068,3,"16,320","48,960",
ORD-2025-017662,2025-02-18,CUS-01055,PRD-0069,4,"17,210","68,840",
ORD-2025-017664,2025-02-18,CUS-01277,PRD-0077,7,"31,120","217,840",
ORD-2025-017677,2025-02-18,CUS-01203,PRD-0097,16,"21,780","348,480",
ORD-2025-017687,2025-02-18,CUS-00129,PRD-0125,4,"15,380","61,520",
ORD-2025-017690,2025-02-18,CUS-00044,PRD-0137,10,"27,650","276,500",
ORD-2025-017691,2025-02-18,CUS-00456,PRD-0142,27,"52,030","1,404,810",
ORD-2025-017695,2025-02-18,CUS-01804,PRD-0153,7,"24,220","169,540",
ORD-2025-017700,2025-02-19,CUS-02343,PRD-0007,23,"17,070","392,610",
ORD-2025-017702,2025-02-19,CUS-00748,PRD-0011,1,"17,170","17,170",
ORD-2025-017703,2025-02-19,CUS-00424,PRD-0015,2,"8,500","17,000",
ORD-2025-017705,2025-02-19,CUS-00153,PRD-0017,12,"39,680","476,160",
ORD-2025-017717,2025-02-19,CUS-00424,PRD-0068,8,"16,320","130,560",
ORD-2025-017720,2025-02-19,CUS-01266,PRD-0078,6,"33,720","202,320",
ORD-2025-017726,2025-02-19,CUS-00951,PRD-0090,6,"37,690","226,140",
ORD-2025-017727,2025-02-19,CUS-02011,PRD-0090,12,"37,690","452,280",
ORD-2025-017728,2025-02-19,CUS-00238,PRD-0090,3,"37,690","113,070",
ORD-2025-017730,2025-02-19,CUS-01724,PRD-0100,3,"20,780","62,340",
ORD-2025-017731,2025-02-19,CUS-02369,PRD-0100,3,"20,780","62,340",
ORD-2025-017735,2025-02-19,CUS-01403,PRD-0107,23,"39,590","910,570",
ORD-2025-017737,2025-02-19,CUS-01283,PRD-0108,4,"30,750","123,000",
ORD-2025-017738,2025-02-19,CUS-01196,PRD-0109,6,"30,700","184,200",
ORD-2025-017749,2025-02-19,CUS-00895,PRD-0128,5,"20,590","102,950",
ORD-2025-017754,2025-02-19,CUS-00267,PRD-0135,11,"32,900","361,900",
ORD-2025-017759,2025-02-19,CUS-00442,PRD-0150,8,"47,850","382,800",
ORD-2025-017767,2025-02-19,CUS-02014,PRD-0160,1,"32,940","32,940",
ORD-2025-017782,2025-02-20,CUS-01763,PRD-0047,11,"19,060","209,660",
ORD-2025-017788,2025-02-20,CUS-02149,PRD-0058,4,"17,980","71,920",
ORD-2025-017793,2025-02-20,CUS-01240,PRD-0067,8,"12,380","99,040",
ORD-2025-017796,2025-02-20,CUS-01832,PRD-0081,4,"42,190","168,760",
ORD-2025-017803,2025-02-20,CUS-01151,PRD-0090,3,"37,690","113,070",
ORD-2025-017804,2025-02-20,CUS-02407,PRD-0090,7,"37,690","263,830",
ORD-2025-017810,2025-02-20,CUS-01173,PRD-0103,15,"38,480","577,200",
ORD-2025-017830,2025-02-20,CUS-00082,PRD-0145,3,"31,800","95,400",
ORD-2025-017837,2025-02-20,CUS-01159,PRD-0155,1,"65,880","65,880",
ORD-2025-017840,2025-02-21,CUS-02178,PRD-0004,10,"4,490","44,900",
ORD-2025-017842,2025-02-21,CUS-00383,PRD-0014,10,"13,790","137,900",
ORD-2025-017845,2025-02-21,CUS-01325,PRD-0035,10,"13,660","136,600",
ORD-2025-017850,2025-02-21,CUS-00047,PRD-0046,8,"17,360","138,880",
ORD-2025-017859,2025-02-21,CUS-01137,PRD-0064,6,"36,350","218,100",
ORD-2025-017867,2025-02-21,CUS-00199,PRD-0077,3,"31,120","93,360",
ORD-2025-017873,2025-02-21,CUS-00427,PRD-0086,2,"28,180","56,360",
ORD-2025-017879,2025-02-21,CUS-00295,PRD-0090,3,"37,690","113,070",
ORD-2025-017887,2025-02-21,CUS-01288,PRD-0118,8,"23,110","184,880",
ORD-2025-017893,2025-02-21,CUS-01071,PRD-0121,3,"26,430","79,290",
ORD-2025-017897,2025-02-21,CUS-00715,PRD-0126,4,"29,270","117,080",
ORD-2025-017905,2025-02-21,CUS-02011,PRD-0151,12,"42,840","514,080",
ORD-2025-017906,2025-02-21,CUS-00267,PRD-0151,25,"42,840","1,071,000",
ORD-2025-017907,2025-02-21,CUS-02046,PRD-0151,3,"42,840","128,520",
ORD-2025-017912,2025-02-21,CUS-00720,PRD-0163,10,"27,790","277,900",
ORD-2025-017914,2025-02-21,CUS-02151,PRD-0165,10,"23,380","233,800",
ORD-2025-017916,2025-02-21,CUS-00823,PRD-0166,24,"25,650","615,600",
ORD-2025-017920,2025-02-22,CUS-00754,PRD-0016,3,"42,680","128,040",
ORD-2025-017926,2025-02-22,CUS-01739,PRD-0048,3,"16,870","50,610",
ORD-2025-017928,2025-02-22,CUS-02029,PRD-0051,2,"43,070","86,140",
ORD-2025-017930,2025-02-22,CUS-01764,PRD-0064,14,"36,350","508,900",
ORD-2025-017936,2025-02-22,CUS-01456,PRD-0086,24,"28,180","676,320",
ORD-2025-017940,2025-02-22,CUS-01392,PRD-0090,5,"37,690","188,450",
ORD-2025-017941,2025-02-22,CUS-00092,PRD-0090,27,"37,690","1,017,630",
ORD-2025-017944,2025-02-22,CUS-00335,PRD-0100,3,"20,780","62,340",
ORD-2025-017949,2025-02-22,CUS-01288,PRD-0111,2,"12,240","24,480",
ORD-2025-017954,2025-02-22,CUS-01935,PRD-0121,6,"26,430","158,580",
ORD-2025-017964,2025-02-22,CUS-01872,PRD-0161,5,"32,640","163,200",
ORD-2025-017965,2025-02-22,CUS-00218,PRD-0162,10,"28,900","289,000",
ORD-2025-017985,2025-02-24,CUS-00116,PRD-0005,4,"3,110","12,440",
ORD-2025-017988,2025-02-24,CUS-01764,PRD-0023,15,"16,940","254,100",
ORD-2025-017993,2025-02-24,CUS-02274,PRD-0036,17,"20,500","348,500",
ORD-2025-018016,2025-02-24,CUS-00042,PRD-0078,7,"33,720","236,040",
ORD-2025-018019,2025-02-24,CUS-01559,PRD-0083,14,"23,690","331,660",
ORD-2025-018020,2025-02-24,CUS-01589,PRD-0084,4,"27,760","111,040",
ORD-2025-018028,2025-02-24,CUS-01003,PRD-0090,3,"37,690","113,070",
ORD-2025-018029,2025-02-24,CUS-02093,PRD-0090,15,"37,690","565,350",
ORD-2025-018046,2025-02-24,CUS-00643,PRD-0132,9,"38,360","345,240",
ORD-2025-018052,2025-02-24,CUS-01056,PRD-0151,23,"42,840","985,320",
ORD-2025-018056,2025-02-24,CUS-01351,PRD-0160,5,"32,940","164,700",
ORD-2025-018066,2025-02-25,CUS-02072,PRD-0011,6,"17,170","103,020",
ORD-2025-018070,2025-02-25,CUS-01968,PRD-0018,11,"62,570","688,270",
ORD-2025-018080,2025-02-25,CUS-00898,PRD-0045,2,"7,340","14,680",
ORD-2025-018081,2025-02-25,CUS-00747,PRD-0045,12,"7,340","88,080",
ORD-2025-018094,2025-02-25,CUS-01890,PRD-0084,2,"27,760","55,520",
ORD-2025-018103,2025-02-25,CUS-01057,PRD-0090,7,"37,690","263,830",
ORD-2025-018104,2025-02-25,CUS-00222,PRD-0090,5,"37,690","188,450",
ORD-2025-018118,2025-02-25,CUS-02278,PRD-0121,14,"26,430","370,020",
ORD-2025-018124,2025-02-25,CUS-00134,PRD-0129,3,"17,810","53,430",
ORD-2025-018139,2025-02-25,CUS-01148,PRD-0151,12,"42,840","514,080",
ORD-2025-018140,2025-02-25,CUS-01930,PRD-0151,3,"42,840","128,520",
ORD-2025-018154,2025-02-25,CUS-01763,PRD-0165,4,"23,380","93,520",
ORD-2025-018160,2025-02-26,CUS-02370,PRD-0007,7,"17,070","119,490",
ORD-2025-018169,2025-02-26,CUS-00934,PRD-0051,9,"43,070","387,630",
ORD-2025-018170,2025-02-26,CUS-02261,PRD-0051,3,"43,070","129,210",
ORD-2025-018174,2025-02-26,CUS-00884,PRD-0069,6,"17,210","103,260",
ORD-2025-018188,2025-02-26,CUS-01315,PRD-0103,3,"38,480","115,440",
ORD-2025-018191,2025-02-26,CUS-01240,PRD-0115,8,"21,210","169,680",
ORD-2025-018194,2025-02-26,CUS-02138,PRD-0125,6,"15,380","92,280",
ORD-2025-018199,2025-02-26,CUS-01687,PRD-0146,31,"34,820","1,079,420",
ORD-2025-018200,2025-02-26,CUS-00404,PRD-0148,10,"27,270","272,700",
ORD-2025-018205,2025-02-26,CUS-00342,PRD-0151,4,"42,840","171,360",
ORD-2025-018208,2025-02-26,CUS-02113,PRD-0153,4,"24,220","96,880",
ORD-2025-018217,2025-02-26,CUS-01604,PRD-0168,4,"19,490","77,960",
ORD-2025-018233,2025-02-27,CUS-01783,PRD-0055,13,"16,990","220,870",
ORD-2025-018240,2025-02-27,CUS-00424,PRD-0074,7,"38,390","268,730",
ORD-2025-018245,2025-02-27,CUS-01203,PRD-0084,5,"27,760","138,800",
ORD-2025-018248,2025-02-27,CUS-00771,PRD-0086,3,"28,180","84,540",
ORD-2025-018256,2025-02-27,CUS-00147,PRD-0090,4,"37,690","150,760",
ORD-2025-018257,2025-02-27,CUS-02311,PRD-0090,16,"37,690","603,040",
ORD-2025-018258,2025-02-27,CUS-02229,PRD-0090,13,"37,690","489,970",
ORD-2025-018259,2025-02-27,CUS-01169,PRD-0090,5,"37,690","188,450",
ORD-2025-018262,2025-02-27,CUS-01335,PRD-0091,2,"27,010","54,020",
ORD-2025-018278,2025-02-27,CUS-01010,PRD-0125,28,"15,380","430,640",
ORD-2025-018294,2025-02-28,CUS-00183,PRD-0004,3,"4,490","13,470",
ORD-2025-018299,2025-02-28,CUS-01457,PRD-0016,6,"42,680","256,080",
ORD-2025-018303,2025-02-28,CUS-02178,PRD-0023,3,"16,940","50,820",
ORD-2025-018304,2025-02-28,CUS-01091,PRD-0025,15,"5,090","76,350",
ORD-2025-018307,2025-02-28,CUS-02278,PRD-0033,6,"11,040","66,240",
ORD-2025-018320,2025-02-28,CUS-01788,PRD-0068,4,"16,320","65,280",
ORD-2025-018325,2025-02-28,CUS-01981,PRD-0080,7,"23,900","167,300",
ORD-2025-018340,2025-02-28,CUS-02119,PRD-0090,7,"37,690","263,830",
ORD-2025-018341,2025-02-28,CUS-00442,PRD-0090,7,"37,690","263,830",
ORD-2025-018342,2025-02-28,CUS-00473,PRD-0090,5,"37,690","188,450",
ORD-2025-018344,2025-02-28,CUS-01900,PRD-0093,1,"23,080","23,080",
ORD-2025-018348,2025-02-28,CUS-02475,PRD-0100,5,"20,780","103,900",
ORD-2025-018362,2025-02-28,CUS-02265,PRD-0125,7,"15,380","107,660",
ORD-2025-018371,2025-02-28,CUS-01403,PRD-0151,17,"42,840","728,280",
ORD-2025-018381,2025-02-28,CUS-00271,PRD-0162,5,"28,900","144,500",
ORD-2025-018388,2025-03-01,CUS-02328,PRD-0002,2,"5,180","10,360",
ORD-2025-018396,2025-03-01,CUS-02091,PRD-0017,3,"39,680","119,040",
ORD-2025-018414,2025-03-01,CUS-01221,PRD-0090,20,"37,690","753,800",
ORD-2025-018415,2025-03-01,CUS-01799,PRD-0090,6,"37,690","226,140",
ORD-2025-018420,2025-03-01,CUS-00921,PRD-0108,6,"30,750","184,500",
ORD-2025-018439,2025-03-01,CUS-00715,PRD-0157,11,"24,810","272,910",
ORD-2025-018444,2025-03-02,CUS-01104,PRD-0007,6,"17,070","102,420",
ORD-2025-018458,2025-03-02,CUS-02138,PRD-0122,4,"19,140","76,560",
ORD-2025-018477,2025-03-03,CUS-00788,PRD-0020,7,"29,210","204,470",
ORD-2025-018492,2025-03-03,CUS-02291,PRD-0061,7,"16,320","114,240",
ORD-2025-018494,2025-03-03,CUS-00427,PRD-0065,5,"34,000","170,000",
ORD-2025-018519,2025-03-03,CUS-01226,PRD-0090,3,"37,690","113,070",
ORD-2025-018533,2025-03-03,CUS-00151,PRD-0125,4,"15,380","61,520",
ORD-2025-018535,2025-03-03,CUS-00322,PRD-0137,8,"27,650","221,200",
ORD-2025-018546,2025-03-03,CUS-01364,PRD-0151,8,"42,840","342,720",
ORD-2025-018556,2025-03-04,CUS-01422,PRD-0008,4,"16,360","65,440",
ORD-2025-018558,2025-03-04,CUS-02312,PRD-0011,12,"17,170","206,040",
ORD-2025-018564,2025-03-04,CUS-00208,PRD-0024,6,"9,800","58,800",
ORD-2025-018571,2025-03-04,CUS-00759,PRD-0041,16,"6,830","109,280",
ORD-2025-018576,2025-03-04,CUS-01845,PRD-0051,1,"43,070","43,070",
ORD-2025-018600,2025-03-04,CUS-00022,PRD-0090,8,"37,690","301,520",
ORD-2025-018613,2025-03-04,CUS-00047,PRD-0127,24,"16,760","402,240",
ORD-2025-018620,2025-03-04,CUS-02161,PRD-0150,13,"47,850","622,050",
ORD-2025-018630,2025-03-04,CUS-00760,PRD-0151,13,"42,840","556,920",
ORD-2025-018633,2025-03-04,CUS-01450,PRD-0156,4,"58,570","234,280",
ORD-2025-018634,2025-03-04,CUS-00424,PRD-0157,29,"24,810","719,490",
ORD-2025-018640,2025-03-04,CUS-02227,PRD-0161,1,"32,640","32,640",
ORD-2025-018645,2025-03-05,CUS-01284,PRD-0011,10,"17,170","171,700",
ORD-2025-018660,2025-03-05,CUS-00458,PRD-0064,14,"36,350","508,900",
ORD-2025-018663,2025-03-05,CUS-02418,PRD-0074,9,"38,390","345,510",
ORD-2025-018679,2025-03-05,CUS-00188,PRD-0098,10,"15,320","153,200",
ORD-2025-018682,2025-03-05,CUS-00689,PRD-0106,3,"41,890","125,670",
ORD-2025-018690,2025-03-05,CUS-02369,PRD-0125,6,"15,380","92,280",
ORD-2025-018701,2025-03-05,CUS-00473,PRD-0161,7,"32,640","228,480",
ORD-2025-018708,2025-03-06,CUS-00670,PRD-0025,3,"5,090","15,270",
ORD-2025-018725,2025-03-06,CUS-02290,PRD-0085,8,"32,580","260,640",
ORD-2025-018730,2025-03-06,CUS-00627,PRD-0089,4,"13,010","52,040",
ORD-2025-018739,2025-03-06,CUS-02343,PRD-0090,11,"37,690","414,590",
ORD-2025-018744,2025-03-06,CUS-01930,PRD-0102,10,"17,050","170,500",
ORD-2025-018753,2025-03-06,CUS-01440,PRD-0120,7,"14,740","103,180",
ORD-2025-018754,2025-03-06,CUS-01285,PRD-0120,7,"14,740","103,180",
ORD-2025-018757,2025-03-06,CUS-02267,PRD-0125,3,"15,380","46,140",
ORD-2025-018764,2025-03-06,CUS-01354,PRD-0142,2,"52,030","104,060",
ORD-2025-018770,2025-03-06,CUS-00905,PRD-0151,9,"42,840","385,560",
ORD-2025-018790,2025-03-07,CUS-01920,PRD-0013,2,"11,970","23,940",
ORD-2025-018794,2025-03-07,CUS-01856,PRD-0020,5,"29,210","146,050",
ORD-2025-018828,2025-03-07,CUS-02424,PRD-0090,20,"37,690","753,800",
ORD-2025-018829,2025-03-07,CUS-00042,PRD-0093,4,"23,080","92,320",
ORD-2025-018837,2025-03-07,CUS-01318,PRD-0109,10,"30,700","307,000",
ORD-2025-018838,2025-03-07,CUS-01095,PRD-0110,5,"30,350","151,750",
ORD-2025-018840,2025-03-07,CUS-02268,PRD-0120,16,"14,740","235,840",
ORD-2025-018841,2025-03-07,CUS-00163,PRD-0120,1,"14,740","14,740",
ORD-2025-018842,2025-03-07,CUS-02290,PRD-0121,14,"26,430","370,020",
ORD-2025-018864,2025-03-07,CUS-01733,PRD-0160,3,"32,940","98,820",
ORD-2025-018866,2025-03-07,CUS-02474,PRD-0161,14,"32,640","456,960",
ORD-2025-018867,2025-03-07,CUS-02303,PRD-0161,3,"32,640","97,920",
ORD-2025-018891,2025-03-08,CUS-01200,PRD-0062,9,"17,890","161,010",
ORD-2025-018914,2025-03-08,CUS-02115,PRD-0125,6,"15,380","92,280",
ORD-2025-018925,2025-03-08,CUS-00092,PRD-0155,5,"65,880","329,400",
ORD-2025-018929,2025-03-09,CUS-00888,PRD-0001,5,"4,970","24,850",
ORD-2025-018933,2025-03-09,CUS-01918,PRD-0069,20,"17,210","344,200",
ORD-2025-018934,2025-03-09,CUS-02475,PRD-0070,13,"19,240","250,120",
ORD-2025-018941,2025-03-09,CUS-00478,PRD-0090,11,"37,690","414,590",
ORD-2025-018950,2025-03-09,CUS-01071,PRD-0160,8,"32,940","263,520",
ORD-2025-018954,2025-03-10,CUS-00078,PRD-0004,15,"4,490","67,350",
ORD-2025-018957,2025-03-10,CUS-01891,PRD-0010,4,"16,050","64,200",
ORD-2025-018964,2025-03-10,CUS-00503,PRD-0037,15,"25,650","384,750",
ORD-2025-018973,2025-03-10,CUS-00635,PRD-0062,10,"17,890","178,900",
ORD-2025-018985,2025-03-10,CUS-00903,PRD-0083,4,"23,690","94,760",
ORD-2025-018987,2025-03-10,CUS-01104,PRD-0085,17,"32,580","553,860",
ORD-2025-018998,2025-03-10,CUS-00345,PRD-0091,3,"27,010","81,030",
ORD-2025-019004,2025-03-10,CUS-01092,PRD-0102,14,"17,050","238,700",
ORD-2025-019013,2025-03-10,CUS-01832,PRD-0121,3,"26,430","79,290",
ORD-2025-019016,2025-03-10,CUS-00424,PRD-0141,3,"38,600","115,800",
ORD-2025-019022,2025-03-10,CUS-00783,PRD-0156,15,"58,570","878,550",
ORD-2025-019026,2025-03-10,CUS-01200,PRD-0161,19,"32,640","620,160",
ORD-2025-019027,2025-03-10,CUS-00641,PRD-0166,3,"25,650","76,950",
ORD-2025-019034,2025-03-11,CUS-02032,PRD-0004,7,"4,490","31,430",
ORD-2025-019042,2025-03-11,CUS-01926,PRD-0024,2,"9,800","19,600",
ORD-2025-019046,2025-03-11,CUS-01426,PRD-0035,3,"13,660","40,980",
ORD-2025-019057,2025-03-11,CUS-02083,PRD-0059,9,"50,810","457,290",
ORD-2025-019067,2025-03-11,CUS-00341,PRD-0077,20,"31,120","622,400",
ORD-2025-019068,2025-03-11,CUS-01277,PRD-0078,2,"33,720","67,440",
ORD-2025-019078,2025-03-11,CUS-02174,PRD-0090,7,"37,690","263,830",
ORD-2025-019079,2025-03-11,CUS-01386,PRD-0090,4,"37,690","150,760",
ORD-2025-019088,2025-03-11,CUS-02424,PRD-0113,8,"10,420","83,360",
ORD-2025-019097,2025-03-11,CUS-01898,PRD-0125,9,"15,380","138,420",
ORD-2025-019098,2025-03-11,CUS-02151,PRD-0125,6,"15,380","92,280",
ORD-2025-019107,2025-03-11,CUS-01858,PRD-0151,5,"42,840","214,200",
ORD-2025-019113,2025-03-11,CUS-01586,PRD-0161,3,"32,640","97,920",
ORD-2025-019114,2025-03-11,CUS-00246,PRD-0163,9,"27,790","250,110",
ORD-2025-019116,2025-03-11,CUS-02075,PRD-0165,5,"23,380","116,900",
ORD-2025-019119,2025-03-11,CUS-01586,PRD-0169,3,"15,310","45,930",
ORD-2025-019120,2025-03-12,CUS-01100,PRD-0001,6,"4,970","29,820",
ORD-2025-019122,2025-03-12,CUS-00985,PRD-0004,5,"4,490","22,450",
ORD-2025-019125,2025-03-12,CUS-00805,PRD-0013,18,"11,970","215,460",
ORD-2025-019138,2025-03-12,CUS-00790,PRD-0049,26,"18,190","472,940",
ORD-2025-019139,2025-03-12,CUS-02451,PRD-0050,22,"5,420","119,240",
ORD-2025-019147,2025-03-12,CUS-01456,PRD-0063,4,"15,070","60,280",
ORD-2025-019156,2025-03-12,CUS-01974,PRD-0084,6,"27,760","166,560",
ORD-2025-019161,2025-03-12,CUS-02052,PRD-0086,2,"28,180","56,360",
ORD-2025-019167,2025-03-12,CUS-01367,PRD-0090,3,"37,690","113,070",
ORD-2025-019169,2025-03-12,CUS-02057,PRD-0093,38,"23,080","877,040",
ORD-2025-019180,2025-03-12,CUS-00024,PRD-0121,23,"26,430","607,890",
ORD-2025-019188,2025-03-12,CUS-02461,PRD-0125,4,"15,380","61,520",
ORD-2025-019191,2025-03-12,CUS-01898,PRD-0134,10,"34,970","349,700",
ORD-2025-019199,2025-03-12,CUS-01700,PRD-0147,8,"32,330","258,640",
ORD-2025-019213,2025-03-13,,PRD-0012,26,"18,410","478,660",
ORD-2025-019214,2025-03-13,CUS-01511,PRD-0016,22,"42,680","938,960",
ORD-2025-019217,2025-03-13,CUS-01607,PRD-0020,9,"29,210","262,890",
ORD-2025-019225,2025-03-13,CUS-00982,PRD-0037,9,"25,650","230,850",
ORD-2025-019226,2025-03-13,CUS-01773,PRD-0039,5,"14,770","73,850",
ORD-2025-019245,2025-03-13,CUS-02068,PRD-0081,10,"42,190","421,900",
ORD-2025-019249,2025-03-13,CUS-01764,PRD-0083,7,"23,690","165,830",
ORD-2025-019258,2025-03-13,CUS-01021,PRD-0090,6,"37,690","226,140",
ORD-2025-019260,2025-03-13,CUS-00221,PRD-0095,2,"20,290","40,580",
ORD-2025-019269,2025-03-13,CUS-01581,PRD-0119,9,"21,950","197,550",
ORD-2025-019277,2025-03-13,CUS-00112,PRD-0150,9,"47,850","430,650",
ORD-2025-019280,2025-03-13,CUS-02316,PRD-0151,1,"42,840","42,840",
ORD-2025-019283,2025-03-13,CUS-02344,PRD-0155,2,"65,880","131,760",
ORD-2025-019287,2025-03-13,CUS-01981,PRD-0161,2,"32,640","65,280",
ORD-2025-019288,2025-03-13,CUS-01091,PRD-0161,1,"32,640","32,640",
ORD-2025-019289,2025-03-13,CUS-00213,PRD-0165,9,"23,380","210,420",
ORD-2025-019297,2025-03-14,CUS-00116,PRD-0027,16,"4,920","78,720",
ORD-2025-019303,2025-03-14,CUS-00519,PRD-0039,9,"14,770","132,930",
ORD-2025-019304,2025-03-14,CUS-00390,PRD-0039,3,"14,770","44,310",
ORD-2025-019305,2025-03-14,CUS-01137,PRD-0040,5,"14,100","70,500",
ORD-2025-019317,2025-03-14,CUS-00634,PRD-0068,9,"16,320","146,880",
ORD-2025-019330,2025-03-14,CUS-02376,PRD-0090,12,"37,690","452,280",
ORD-2025-019331,2025-03-14,CUS-01273,PRD-0090,13,"37,690","489,970",
ORD-2025-019332,2025-03-14,CUS-01240,PRD-0090,13,"37,690","489,970",
ORD-2025-019340,2025-03-14,,PRD-0116,6,"17,680","106,080",
ORD-2025-019359,2025-03-14,CUS-02363,PRD-0151,3,"42,840","128,520",
ORD-2025-019365,2025-03-14,CUS-00820,PRD-0165,22,"23,380","514,360",
ORD-2025-019369,2025-03-15,CUS-02268,PRD-0005,3,"3,110","9,330",
ORD-2025-019385,2025-03-15,CUS-00088,PRD-0068,12,"16,320","195,840",
ORD-2025-019386,2025-03-15,CUS-00823,PRD-0082,7,"30,730","215,110",
ORD-2025-019396,2025-03-15,CUS-01733,PRD-0090,3,"37,690","113,070",
ORD-2025-019407,2025-03-15,CUS-01164,PRD-0125,4,"15,380","61,520",
ORD-2025-019412,2025-03-15,CUS-01696,PRD-0151,6,"42,840","257,040",
ORD-2025-019414,2025-03-15,CUS-01100,PRD-0160,15,"32,940","494,100",
ORD-2025-019415,2025-03-15,CUS-01968,PRD-0165,15,"23,380","350,700",
ORD-2025-019423,2025-03-16,CUS-00428,PRD-0045,9,"7,340","66,060",
ORD-2025-019425,2025-03-16,CUS-02383,PRD-0057,2,"18,040","36,080",
ORD-2025-019427,2025-03-16,CUS-00357,PRD-0072,13,"42,600","553,800",
ORD-2025-019429,2025-03-16,CUS-02451,PRD-0086,7,"28,180","197,260",
ORD-2025-019438,2025-03-16,CUS-01256,PRD-0160,20,"32,940","658,800",
ORD-2025-019446,2025-03-17,CUS-01783,PRD-0016,11,"42,680","469,480",
ORD-2025-019452,2025-03-17,CUS-01401,PRD-0033,20,"11,040","220,800",
ORD-2025-019455,2025-03-17,CUS-02100,PRD-0039,11,"14,770","162,470",
ORD-2025-019460,2025-03-17,CUS-02181,PRD-0061,14,"16,320","228,480",
ORD-2025-019467,2025-03-17,CUS-01551,PRD-0072,2,"42,600","85,200",
ORD-2025-019482,2025-03-17,CUS-01186,PRD-0090,13,"37,690","489,970",
ORD-2025-019483,2025-03-17,CUS-01397,PRD-0090,4,"37,690","150,760",
ORD-2025-019487,2025-03-17,CUS-01946,PRD-0097,5,"21,780","108,900",
ORD-2025-019491,2025-03-17,CUS-00199,PRD-0100,9,"20,780","187,020",
ORD-2025-019496,2025-03-17,CUS-01430,PRD-0109,4,"30,700","122,800",
ORD-2025-019497,2025-03-17,CUS-02108,PRD-0110,1,"30,350","30,350",
ORD-2025-019498,2025-03-17,CUS-01474,PRD-0111,11,"12,240","134,640",
ORD-2025-019500,2025-03-17,CUS-01898,PRD-0118,11,"23,110","254,210",
ORD-2025-019502,2025-03-17,CUS-01663,PRD-0120,7,"14,740","103,180",
ORD-2025-019504,2025-03-17,CUS-02145,PRD-0121,29,"26,430","766,470",
ORD-2025-019508,2025-03-17,CUS-00036,PRD-0125,2,"15,380","30,760",
ORD-2025-019513,2025-03-17,CUS-02014,PRD-0145,4,"31,800","127,200",
ORD-2025-019514,2025-03-17,CUS-01620,PRD-0146,4,"34,820","139,280",
ORD-2025-019521,2025-03-17,CUS-00759,PRD-0151,6,"42,840","257,040",
ORD-2025-019522,2025-03-17,CUS-02462,PRD-0151,12,"42,840","514,080",
ORD-2025-019524,2025-03-17,CUS-02328,PRD-0152,23,"24,900","572,700",
ORD-2025-019528,2025-03-17,CUS-00926,PRD-0160,8,"32,940","263,520",
ORD-2025-019538,2025-03-18,CUS-02073,PRD-0016,2,"42,680","85,360",
ORD-2025-019539,2025-03-18,CUS-00258,PRD-0017,4,"39,680","158,720",
ORD-2025-019544,2025-03-18,CUS-02046,PRD-0026,10,"4,150","41,500",
ORD-2025-019545,2025-03-18,CUS-00424,PRD-0026,9,"4,150","37,350",
ORD-2025-019560,2025-03-18,CUS-02343,PRD-0061,2,"16,320","32,640",
ORD-2025-019562,2025-03-18,CUS-01133,PRD-0064,7,"36,350","254,450",
ORD-2025-019569,2025-03-18,CUS-00820,PRD-0081,2,"42,190","84,380",
ORD-2025-019574,2025-03-18,CUS-01768,PRD-0086,7,"28,180","197,260",
ORD-2025-019587,2025-03-18,CUS-00310,PRD-0090,17,"37,690","640,730",
ORD-2025-019596,2025-03-18,CUS-00627,PRD-0120,3,"14,740","44,220",
ORD-2025-019600,2025-03-18,CUS-01386,PRD-0122,6,"19,140","114,840",
ORD-2025-019612,2025-03-18,CUS-02302,PRD-0148,6,"27,270","163,620",
ORD-2025-019614,2025-03-18,CUS-01040,PRD-0151,7,"42,840","299,880",
ORD-2025-019618,2025-03-18,,PRD-0156,20,"58,570","1,171,400",
ORD-2025-019630,2025-03-19,CUS-01637,PRD-0011,15,"17,170","257,550",
ORD-2025-019632,2025-03-19,CUS-00154,PRD-0016,2,"42,680","85,360",
ORD-2025-019633,2025-03-19,CUS-01672,PRD-0016,9,"42,680","384,120",
ORD-2025-019639,2025-03-19,CUS-00271,PRD-0048,3,"16,870","50,610",
ORD-2025-019640,2025-03-19,CUS-00039,PRD-0052,5,"43,630","218,150",
ORD-2025-019658,2025-03-19,CUS-02002,PRD-0090,17,"37,690","640,730",
ORD-2025-019661,2025-03-19,CUS-01240,PRD-0091,11,"27,010","297,110",
ORD-2025-019665,2025-03-19,CUS-01806,PRD-0100,6,"20,780","124,680",
ORD-2025-019670,2025-03-19,CUS-02274,PRD-0108,14,"30,750","430,500",
ORD-2025-019672,2025-03-19,CUS-01256,PRD-0118,7,"23,110","161,770",
ORD-2025-019679,2025-03-19,,PRD-0131,10,"31,140","311,400",
ORD-2025-019686,2025-03-19,CUS-00025,PRD-0143,9,"48,640","437,760",
ORD-2025-019690,2025-03-19,CUS-00837,PRD-0150,4,"47,850","191,400",
ORD-2025-019694,2025-03-19,CUS-01196,PRD-0151,1,"42,840","42,840",
ORD-2025-019695,2025-03-19,CUS-00424,PRD-0153,6,"24,220","145,320",
ORD-2025-019698,2025-03-19,CUS-00926,PRD-0160,28,"32,940","922,320",
ORD-2025-019704,2025-03-19,CUS-01651,PRD-0166,3,"25,650","76,950",
ORD-2025-019712,2025-03-20,CUS-02288,PRD-0029,3,"11,070","33,210",
ORD-2025-019713,2025-03-20,,PRD-0031,1,"36,660","36,660",
ORD-2025-019719,2025-03-20,CUS-02311,PRD-0047,10,"19,060","190,600",
ORD-2025-019722,2025-03-20,CUS-00142,PRD-0056,4,"25,020","100,080",
ORD-2025-019733,2025-03-20,CUS-02081,PRD-0077,3,"31,120","93,360",
ORD-2025-019734,2025-03-20,CUS-01453,PRD-0077,9,"31,120","280,080",
ORD-2025-019749,2025-03-20,CUS-01646,PRD-0100,10,"20,780","207,800",
ORD-2025-019754,2025-03-20,CUS-01864,PRD-0108,8,"30,750","246,000",
ORD-2025-019758,2025-03-20,CUS-01797,PRD-0125,8,"15,380","123,040",
ORD-2025-019759,2025-03-20,CUS-01628,PRD-0126,8,"29,270","234,160",
ORD-2025-019768,2025-03-20,CUS-02433,PRD-0139,17,"33,360","567,120",
ORD-2025-019781,2025-03-20,CUS-02083,PRD-0160,6,"32,940","197,640",
ORD-2025-019789,2025-03-20,CUS-01198,PRD-0166,4,"25,650","102,600",
ORD-2025-019796,2025-03-21,CUS-01921,PRD-0029,7,"11,070","77,490",
ORD-2025-019807,2025-03-21,CUS-01389,PRD-0060,1,"57,540","57,540",
ORD-2025-019808,2025-03-21,CUS-01704,PRD-0062,10,"17,890","178,900",
ORD-2025-019815,2025-03-21,CUS-00648,PRD-0077,12,"31,120","373,440",
ORD-2025-019816,2025-03-21,CUS-00132,PRD-0077,15,"31,120","466,800",
ORD-2025-019817,2025-03-21,CUS-01805,PRD-0077,2,"31,120","62,240",
ORD-2025-019845,2025-03-21,CUS-02191,PRD-0101,4,"22,590","90,360",
ORD-2025-019852,2025-03-21,CUS-00480,PRD-0109,4,"30,700","122,800",
ORD-2025-019856,2025-03-21,CUS-02423,PRD-0120,5,"14,740","73,700",
ORD-2025-019857,2025-03-21,CUS-01100,PRD-0120,5,"14,740","73,700",
ORD-2025-019861,2025-03-21,CUS-01968,PRD-0134,3,"34,970","104,910",
ORD-2025-019870,2025-03-21,CUS-01200,PRD-0151,17,"42,840","728,280",
ORD-2025-019878,2025-03-21,CUS-00024,PRD-0160,10,"32,940","329,400",
ORD-2025-019883,2025-03-21,CUS-00190,PRD-0161,12,"32,640","391,680",
ORD-2025-019884,2025-03-21,CUS-01415,PRD-0163,6,"27,790","166,740",
ORD-2025-019890,2025-03-21,CUS-01059,PRD-0169,11,"15,310","168,410",
ORD-2025-019906,2025-03-22,CUS-02074,PRD-0064,9,"36,350","327,150",
ORD-2025-019907,2025-03-22,CUS-01071,PRD-0064,14,"36,350","508,900",
ORD-2025-019911,2025-03-22,CUS-00134,PRD-0068,2,"16,320","32,640",
ORD-2025-019915,2025-03-22,CUS-00477,PRD-0084,10,"27,760","277,600",
ORD-2025-019922,2025-03-22,CUS-01865,PRD-0099,26,"14,380","373,880",
ORD-2025-019927,2025-03-22,CUS-00478,PRD-0121,8,"26,430","211,440",
ORD-2025-019935,2025-03-22,CUS-00035,PRD-0135,48,"32,900","1,579,200",
ORD-2025-019937,2025-03-22,CUS-01793,PRD-0144,16,"31,990","511,840",
ORD-2025-019938,2025-03-22,CUS-02159,PRD-0145,14,"31,800","445,200",
ORD-2025-019953,2025-03-23,CUS-00519,PRD-0041,10,"6,830","68,300",
ORD-2025-019957,2025-03-23,CUS-00054,PRD-0057,10,"18,040","180,400",
ORD-2025-019959,2025-03-23,CUS-02073,PRD-0062,5,"17,890","89,450",
ORD-2025-019961,2025-03-23,CUS-02272,PRD-0085,17,"32,580","553,860",
ORD-2025-019962,2025-03-23,CUS-00245,PRD-0090,10,"37,690","376,900",
ORD-2025-019963,2025-03-23,CUS-00339,PRD-0091,6,"27,010","162,060",
ORD-2025-019965,2025-03-23,CUS-00088,PRD-0100,11,"20,780","228,580",
ORD-2025-019967,2025-03-23,CUS-01671,PRD-0122,19,"19,140","363,660",
ORD-2025-019975,2025-03-23,CUS-00456,PRD-0153,3,"24,220","72,660",
ORD-2025-019995,2025-03-24,CUS-01720,PRD-0050,8,"5,420","43,360",
ORD-2025-020003,2025-03-24,CUS-02133,PRD-0068,5,"16,320","81,600",
ORD-2025-020006,2025-03-24,CUS-00845,PRD-0078,10,"33,720","337,200",
ORD-2025-020008,2025-03-24,CUS-02176,PRD-0079,4,"46,870","187,480",
ORD-2025-020016,2025-03-24,CUS-00134,PRD-0090,27,"37,690","1,017,630",
ORD-2025-020017,2025-03-24,CUS-00617,PRD-0090,8,"37,690","301,520",
ORD-2025-020023,2025-03-24,CUS-01450,PRD-0100,15,"20,780","311,700",
ORD-2025-020030,2025-03-24,CUS-02330,PRD-0117,13,"17,520","227,760",
ORD-2025-020032,2025-03-24,CUS-00341,PRD-0121,6,"26,430","158,580",
ORD-2025-020040,2025-03-24,CUS-00477,PRD-0131,17,"31,140","529,380",
ORD-2025-020077,2025-03-25,CUS-02095,PRD-0039,6,"14,770","88,620",
ORD-2025-020082,2025-03-25,CUS-00023,PRD-0051,7,"43,070","301,490",
ORD-2025-020090,2025-03-25,CUS-00341,PRD-0072,5,"42,600","213,000",
ORD-2025-020094,2025-03-25,CUS-01389,PRD-0086,6,"28,180","169,080",
ORD-2025-020100,2025-03-25,CUS-00913,PRD-0090,3,"37,690","113,070",
ORD-2025-020101,2025-03-25,CUS-02207,PRD-0090,7,"37,690","263,830",
ORD-2025-020105,2025-03-25,CUS-01200,PRD-0091,3,"27,010","81,030",
ORD-2025-020122,2025-03-25,CUS-00934,PRD-0125,11,"15,380","169,180",
ORD-2025-020129,2025-03-25,CUS-02119,PRD-0141,3,"38,600","115,800",
ORD-2025-020143,2025-03-25,CUS-02074,PRD-0160,5,"32,940","164,700",
ORD-2025-020145,2025-03-25,CUS-01240,PRD-0161,9,"32,640","293,760",
ORD-2025-020146,2025-03-25,CUS-00733,PRD-0161,2,"32,640","65,280",
ORD-2025-020148,2025-03-25,CUS-02191,PRD-0166,2,"25,650","51,300",
ORD-2025-020149,2025-03-25,CUS-01845,PRD-0167,6,"14,020","84,120",
ORD-2025-020156,2025-03-26,CUS-00765,PRD-0025,4,"5,090","20,360",
ORD-2025-020161,2025-03-26,CUS-01996,PRD-0051,6,"43,070","258,420",
ORD-2025-020162,2025-03-26,CUS-01518,PRD-0060,3,"57,540","172,620",
ORD-2025-020177,2025-03-26,CUS-01288,PRD-0090,3,"37,690","113,070",
ORD-2025-020185,2025-03-26,CUS-01247,PRD-0100,17,"20,780","353,260",
ORD-2025-020186,2025-03-26,CUS-01845,PRD-0102,14,"17,050","238,700",
ORD-2025-020190,2025-03-26,CUS-00457,PRD-0118,8,"23,110","184,880",
ORD-2025-020191,2025-03-26,CUS-01696,PRD-0118,6,"23,110","138,660",
ORD-2025-020203,2025-03-26,CUS-00894,PRD-0145,5,"31,800","159,000",
ORD-2025-020220,2025-03-26,CUS-00342,PRD-0170,10,"17,370","173,700",
ORD-2025-020237,2025-03-27,CUS-02108,PRD-0051,6,"43,070","258,420",
ORD-2025-020244,2025-03-27,CUS-01910,PRD-0064,10,"36,350","363,500",
ORD-2025-020248,2025-03-27,CUS-00815,PRD-0080,12,"23,900","286,800",
ORD-2025-020249,2025-03-27,CUS-01817,PRD-0082,3,"30,730","92,190",
ORD-2025-020270,2025-03-27,CUS-01385,PRD-0111,14,"12,240","171,360",
ORD-2025-020275,2025-03-27,CUS-00026,PRD-0121,7,"26,430","185,010",
ORD-2025-020276,2025-03-27,CUS-00403,PRD-0121,3,"26,430","79,290",
ORD-2025-020277,2025-03-27,CUS-01095,PRD-0125,6,"15,380","92,280",
ORD-2025-020278,2025-03-27,CUS-00984,PRD-0126,8,"29,270","234,160",
ORD-2025-020280,2025-03-27,,PRD-0132,25,"38,360","959,000",
ORD-2025-020283,2025-03-27,CUS-01285,PRD-0139,5,"33,360","166,800",
ORD-2025-020286,2025-03-27,CUS-00733,PRD-0150,1,"47,850","47,850",
ORD-2025-020295,2025-03-27,CUS-01891,PRD-0153,3,"24,220","72,660",
ORD-2025-020302,2025-03-27,CUS-00403,PRD-0165,7,"23,380","163,660",
ORD-2025-020305,2025-03-27,CUS-00022,PRD-0170,9,"17,370","156,330",
ORD-2025-020334,2025-03-28,CUS-01088,PRD-0081,14,"42,190","590,660",
ORD-2025-020348,2025-03-28,CUS-01764,PRD-0090,7,"37,690","263,830",
ORD-2025-020349,2025-03-28,CUS-01891,PRD-0090,3,"37,690","113,070",
ORD-2025-020352,2025-03-28,CUS-00463,PRD-0098,5,"15,320","76,600",
ORD-2025-020357,2025-03-28,CUS-02475,PRD-0118,27,"23,110","623,970",
ORD-2025-020386,2025-03-28,CUS-00845,PRD-0165,6,"23,380","140,280",
ORD-2025-020398,2025-03-29,CUS-01284,PRD-0039,7,"14,770","103,390",
ORD-2025-020401,2025-03-29,CUS-01288,PRD-0050,3,"5,420","16,260",
ORD-2025-020406,2025-03-29,CUS-01012,PRD-0068,22,"16,320","359,040",
ORD-2025-020411,2025-03-29,CUS-02358,PRD-0077,8,"31,120","248,960",
ORD-2025-020417,2025-03-29,CUS-01159,PRD-0083,15,"23,690","355,350",
ORD-2025-020425,2025-03-29,CUS-00626,PRD-0090,12,"37,690","452,280",
ORD-2025-020426,2025-03-29,CUS-01095,PRD-0090,4,"37,690","150,760",
ORD-2025-020427,2025-03-29,CUS-01804,PRD-0090,12,"37,690","452,280",
ORD-2025-020428,2025-03-29,CUS-01057,PRD-0090,8,"37,690","301,520",
ORD-2025-020432,2025-03-29,CUS-02029,PRD-0104,7,"17,130","119,910",
ORD-2025-020434,2025-03-29,CUS-02159,PRD-0122,10,"19,140","191,400",
ORD-2025-020443,2025-03-29,CUS-00085,PRD-0151,17,"42,840","728,280",
ORD-2025-020445,2025-03-29,CUS-00904,PRD-0153,3,"24,220","72,660",
ORD-2025-020447,2025-03-29,CUS-00088,PRD-0156,6,"58,570","351,420",
ORD-2025-020451,2025-03-29,CUS-02391,PRD-0160,7,"32,940","230,580",
ORD-2025-020454,2025-03-30,CUS-00294,PRD-0004,9,"4,490","40,410",
ORD-2025-020458,2025-03-30,CUS-00767,PRD-0082,6,"30,730","184,380",
ORD-2025-020474,2025-03-31,CUS-00903,PRD-0001,4,"4,970","19,880",
ORD-2025-020475,2025-03-31,CUS-01181,PRD-0005,3,"3,110","9,330",
ORD-2025-020493,2025-03-31,CUS-00521,PRD-0064,5,"36,350","181,750",
ORD-2025-020502,2025-03-31,CUS-01890,PRD-0086,5,"28,180","140,900",
ORD-2025-020515,2025-03-31,CUS-01926,PRD-0090,6,"37,690","226,140",
ORD-2025-020516,2025-03-31,CUS-01376,PRD-0090,14,"37,690","527,660",
ORD-2025-020523,2025-03-31,CUS-00109,PRD-0100,5,"20,780","103,900",
ORD-2025-020529,2025-03-31,,PRD-0108,24,"30,750","738,000",
ORD-2025-020535,2025-03-31,CUS-02274,PRD-0121,12,"26,430","317,160",
ORD-2025-020556,2025-04-01,CUS-00840,PRD-0004,10,"4,490","44,900",
ORD-2025-020565,2025-04-01,CUS-02383,PRD-0020,6,"29,210","175,260",
ORD-2025-020567,2025-04-01,CUS-00789,PRD-0025,5,"5,090","25,450",
ORD-2025-020580,2025-04-01,CUS-02119,PRD-0057,1,"18,040","18,040",
ORD-2025-020581,2025-04-01,CUS-02462,PRD-0057,23,"18,040","414,920",
ORD-2025-020582,2025-04-01,CUS-00508,PRD-0060,36,"57,540","2,071,440",
ORD-2025-020598,2025-04-01,CUS-02324,PRD-0090,11,"37,690","414,590",
ORD-2025-020599,2025-04-01,CUS-01748,PRD-0093,30,"23,080","692,400",
ORD-2025-020602,2025-04-01,CUS-02332,PRD-0098,3,"15,320","45,960",
ORD-2025-020604,2025-04-01,CUS-00329,PRD-0100,3,"20,780","62,340",
ORD-2025-020616,2025-04-01,CUS-02391,PRD-0125,5,"15,380","76,900",
ORD-2025-020635,2025-04-01,CUS-01646,PRD-0155,23,"65,880","1,515,240",
ORD-2025-020644,2025-04-01,CUS-00515,PRD-0161,7,"32,640","228,480",
ORD-2025-020653,2025-04-02,CUS-01607,PRD-0019,3,"31,240","93,720",
ORD-2025-020658,2025-04-02,CUS-00294,PRD-0041,19,"6,830","129,770",
ORD-2025-020660,2025-04-02,CUS-02339,PRD-0061,9,"16,320","146,880",
ORD-2025-020661,2025-04-02,CUS-00044,PRD-0068,12,"16,320","195,840",
ORD-2025-020663,2025-04-02,CUS-01526,PRD-0077,9,"31,120","280,080",
ORD-2025-020664,2025-04-02,CUS-00822,PRD-0077,9,"31,120","280,080",
ORD-2025-020667,2025-04-02,CUS-00196,PRD-0086,3,"28,180","84,540",
ORD-2025-020673,2025-04-02,CUS-01092,PRD-0090,13,"37,690","489,970",
ORD-2025-020674,2025-04-02,CUS-01316,PRD-0090,7,"37,690","263,830",
ORD-2025-020675,2025-04-02,CUS-01897,PRD-0091,24,"27,010","648,240",
ORD-2025-020677,2025-04-02,CUS-00971,PRD-0098,25,"15,320","383,000",
ORD-2025-020683,2025-04-02,CUS-01968,PRD-0108,16,"30,750","492,000",
ORD-2025-020684,2025-04-02,CUS-02383,PRD-0108,7,"30,750","215,250",
ORD-2025-020686,2025-04-02,CUS-01092,PRD-0120,35,"14,740","515,900",
ORD-2025-020699,2025-04-02,CUS-01671,PRD-0142,10,"52,030","520,300",
ORD-2025-020708,2025-04-02,CUS-00342,PRD-0151,19,"42,840","813,960",
ORD-2025-020726,2025-04-03,CUS-00473,PRD-0046,4,"17,360","69,440",
ORD-2025-020736,2025-04-03,CUS-02092,PRD-0064,9,"36,350","327,150",
ORD-2025-020737,2025-04-03,CUS-00092,PRD-0072,4,"42,600","170,400",
ORD-2025-020750,2025-04-03,CUS-00139,PRD-0090,7,"37,690","263,830",
ORD-2025-020757,2025-04-03,CUS-02326,PRD-0102,10,"17,050","170,500",
ORD-2025-020766,2025-04-03,CUS-00131,PRD-0125,3,"15,380","46,140",
ORD-2025-020778,2025-04-03,CUS-01865,PRD-0161,15,"32,640","489,600",
ORD-2025-020779,2025-04-03,CUS-02317,PRD-0161,9,"32,640","293,760",
ORD-2025-020782,2025-04-03,CUS-01148,PRD-0168,8,"19,490","155,920",
ORD-2025-020783,2025-04-03,CUS-00715,PRD-0170,17,"17,370","295,290",
ORD-2025-020791,2025-04-04,CUS-01313,PRD-0023,7,"16,940","118,580",
ORD-2025-020797,2025-04-04,CUS-00519,PRD-0035,1,"13,660","13,660",
ORD-2025-020802,2025-04-04,CUS-00631,PRD-0043,6,"17,760","106,560",
ORD-2025-020808,2025-04-04,CUS-00978,PRD-0051,9,"43,070","387,630",
ORD-2025-020813,2025-04-04,CUS-02227,PRD-0065,7,"34,000","238,000",
ORD-2025-020814,2025-04-04,CUS-00193,PRD-0067,3,"12,380","37,140",
ORD-2025-020822,2025-04-04,CUS-02420,PRD-0081,9,"42,190","379,710",
ORD-2025-020834,2025-04-04,CUS-00783,PRD-0090,5,"37,690","188,450",
ORD-2025-020839,2025-04-04,CUS-01974,PRD-0098,6,"15,320","91,920",
ORD-2025-020845,2025-04-04,CUS-00139,PRD-0102,5,"17,050","85,250",
ORD-2025-020848,2025-04-04,CUS-01378,PRD-0109,12,"30,700","368,400",
ORD-2025-020869,2025-04-04,CUS-01072,PRD-0144,12,"31,990","383,880",
ORD-2025-020874,2025-04-04,CUS-02251,PRD-0151,1,"42,840","42,840",
ORD-2025-020876,2025-04-04,CUS-01845,PRD-0155,6,"65,880","395,280",
ORD-2025-020886,2025-04-04,CUS-01361,PRD-0166,14,"25,650","359,100",
ORD-2025-020895,2025-04-05,CUS-00335,PRD-0056,12,"25,020","300,240",
ORD-2025-020899,2025-04-05,CUS-01709,PRD-0070,5,"19,240","96,200",
ORD-2025-020900,2025-04-05,CUS-00758,PRD-0078,1,"33,720","33,720",
ORD-2025-020901,2025-04-05,CUS-02344,PRD-0080,12,"23,900","286,800",
ORD-2025-020912,2025-04-05,CUS-01717,PRD-0090,9,"37,690","339,210",
ORD-2025-020913,2025-04-05,CUS-00198,PRD-0090,21,"37,690","791,490",
ORD-2025-020914,2025-04-05,CUS-00836,PRD-0090,8,"37,690","301,520",
ORD-2025-020915,2025-04-05,CUS-00715,PRD-0090,5,"37,690","188,450",
ORD-2025-020916,2025-04-05,CUS-02133,PRD-0090,3,"37,690","113,070",
ORD-2025-020918,2025-04-05,CUS-02138,PRD-0093,10,"23,080","230,800",
ORD-2025-020928,2025-04-05,CUS-01525,PRD-0125,12,"15,380","184,560",
ORD-2025-020931,2025-04-05,CUS-01386,PRD-0150,2,"47,850","95,700",
ORD-2025-020944,2025-04-05,CUS-01900,PRD-0161,9,"32,640","293,760",
ORD-2025-020951,2025-04-06,CUS-00429,PRD-0074,8,"38,390","307,120",
ORD-2025-020963,2025-04-06,CUS-00188,PRD-0120,15,"14,740","221,100",
ORD-2025-020983,2025-04-07,CUS-01481,PRD-0038,10,"15,680","156,800",
ORD-2025-020999,2025-04-07,CUS-02332,PRD-0077,8,"31,120","248,960",
ORD-2025-021004,2025-04-07,CUS-00765,PRD-0083,5,"23,690","118,450",
ORD-2025-021005,2025-04-07,CUS-02474,PRD-0083,8,"23,690","189,520",
ORD-2025-021021,2025-04-07,CUS-01544,PRD-0090,13,"37,690","489,970",
ORD-2025-021022,2025-04-07,CUS-02187,PRD-0090,5,"37,690","188,450",
ORD-2025-021024,2025-04-07,CUS-01753,PRD-0100,20,"20,780","415,600",
ORD-2025-021027,2025-04-07,CUS-01918,PRD-0111,5,"12,240","61,200",
ORD-2025-021035,2025-04-07,CUS-00406,PRD-0125,1,"15,380","15,380",
ORD-2025-021043,2025-04-07,CUS-00753,PRD-0144,10,"31,990","319,900",
ORD-2025-021045,2025-04-07,CUS-02063,PRD-0147,15,"32,330","484,950",
ORD-2025-021051,2025-04-07,CUS-02267,PRD-0153,7,"24,220","169,540",
ORD-2025-021054,2025-04-07,CUS-02433,PRD-0160,3,"32,940","98,820",
ORD-2025-021064,2025-04-08,CUS-00790,PRD-0035,10,"13,660","136,600",
ORD-2025-021069,2025-04-08,CUS-01551,PRD-0051,11,"43,070","473,770",
ORD-2025-021073,2025-04-08,CUS-00272,PRD-0060,38,"57,540","2,186,520",
ORD-2025-021076,2025-04-08,CUS-02326,PRD-0061,17,"16,320","277,440",
ORD-2025-021090,2025-04-08,CUS-01200,PRD-0081,6,"42,190","253,140",
ORD-2025-021098,2025-04-08,CUS-02098,PRD-0086,1,"28,180","28,180",
ORD-2025-021117,2025-04-08,CUS-01753,PRD-0115,19,"21,210","402,990",
ORD-2025-021119,2025-04-08,CUS-01313,PRD-0119,8,"21,950","175,600",
ORD-2025-021121,2025-04-08,CUS-01693,PRD-0120,9,"14,740","132,660",
ORD-2025-021136,2025-04-08,CUS-00181,PRD-0150,21,"47,850","1,004,850",
ORD-2025-021139,2025-04-08,CUS-00754,PRD-0151,16,"42,840","685,440",
ORD-2025-021150,2025-04-08,CUS-00895,PRD-0166,9,"25,650","230,850",
ORD-2025-021167,2025-04-09,CUS-00284,PRD-0039,11,"14,770","162,470",
ORD-2025-021172,2025-04-09,CUS-00181,PRD-0059,12,"50,810","609,720",
ORD-2025-021182,2025-04-09,CUS-02447,PRD-0077,10,"31,120","311,200",
ORD-2025-021183,2025-04-09,CUS-00968,PRD-0077,6,"31,120","186,720",
ORD-2025-021188,2025-04-09,CUS-02115,PRD-0081,36,"42,190","1,518,840",
ORD-2025-021202,2025-04-09,CUS-00691,PRD-0098,5,"15,320","76,600",
ORD-2025-021208,2025-04-09,CUS-02302,PRD-0118,5,"23,110","115,550",
ORD-2025-021209,2025-04-09,CUS-00097,PRD-0120,10,"14,740","147,400",
ORD-2025-021213,2025-04-09,CUS-02273,PRD-0125,6,"15,380","92,280",
ORD-2025-021219,2025-04-09,CUS-02444,PRD-0141,5,"38,600","193,000",
ORD-2025-021221,2025-04-09,CUS-01773,PRD-0142,9,"52,030","468,270",
ORD-2025-021224,2025-04-09,CUS-00147,PRD-0149,9,"45,880","412,920",
ORD-2025-021229,2025-04-09,CUS-00521,PRD-0157,4,"24,810","99,240",
ORD-2025-021238,2025-04-10,CUS-00710,PRD-0009,11,"18,390","202,290",
ORD-2025-021243,2025-04-10,CUS-01415,PRD-0023,9,"16,940","152,460",
ORD-2025-021245,2025-04-10,CUS-02386,PRD-0035,12,"13,660","163,920",
ORD-2025-021251,2025-04-10,CUS-00427,PRD-0067,5,"12,380","61,900",
ORD-2025-021265,2025-04-10,CUS-01313,PRD-0103,4,"38,480","153,920",
ORD-2025-021266,2025-04-10,CUS-01912,PRD-0113,11,"10,420","114,620",
ORD-2025-021270,2025-04-10,CUS-00442,PRD-0120,1,"14,740","14,740",
ORD-2025-021273,2025-04-10,CUS-01057,PRD-0121,4,"26,430","105,720",
ORD-2025-021275,2025-04-10,CUS-00258,PRD-0123,5,"14,410","72,050",
ORD-2025-021285,2025-04-10,CUS-00956,PRD-0148,5,"27,270","136,350",
ORD-2025-021292,2025-04-10,CUS-01199,PRD-0151,4,"42,840","171,360",
ORD-2025-021295,2025-04-10,CUS-00519,PRD-0154,4,"42,470","169,880",
ORD-2025-021301,2025-04-10,CUS-00754,PRD-0161,3,"32,640","97,920",
ORD-2025-021303,2025-04-10,CUS-00605,PRD-0165,6,"23,380","140,280",
ORD-2025-021307,2025-04-10,CUS-00720,PRD-0170,7,"17,370","121,590",
ORD-2025-021308,2025-04-11,CUS-00082,PRD-0001,10,"4,970","49,700",
ORD-2025-021313,2025-04-11,CUS-00648,PRD-0018,4,"62,570","250,280",
ORD-2025-021316,2025-04-11,CUS-00918,PRD-0028,33,"4,910","162,030",
ORD-2025-021327,2025-04-11,CUS-00514,PRD-0051,8,"43,070","344,560",
ORD-2025-021329,2025-04-11,CUS-00183,PRD-0057,8,"18,040","144,320",
ORD-2025-021332,2025-04-11,CUS-01386,PRD-0058,6,"17,980","107,880",
ORD-2025-021335,2025-04-11,CUS-01607,PRD-0063,1,"15,070","15,070",
ORD-2025-021347,2025-04-11,CUS-01314,PRD-0083,14,"23,690","331,660",
ORD-2025-021348,2025-04-11,CUS-01356,PRD-0083,8,"23,690","189,520",
ORD-2025-021349,2025-04-11,CUS-00429,PRD-0084,8,"27,760","222,080",
ORD-2025-021351,2025-04-11,CUS-02424,PRD-0086,35,"28,180","986,300",
ORD-2025-021360,2025-04-11,CUS-02370,PRD-0098,3,"15,320","45,960",
ORD-2025-021382,2025-04-11,CUS-01457,PRD-0151,10,"42,840","428,400",
ORD-2025-021395,2025-04-12,CUS-00238,PRD-0024,14,"9,800","137,200",
ORD-2025-021396,2025-04-12,CUS-01544,PRD-0026,2,"4,150","8,300",
ORD-2025-021400,2025-04-12,CUS-01457,PRD-0047,8,"19,060","152,480",
ORD-2025-021408,2025-04-12,CUS-00246,PRD-0078,7,"33,720","236,040",
ORD-2025-021409,2025-04-12,CUS-00488,PRD-0080,6,"23,900","143,400",
ORD-2025-021422,2025-04-12,CUS-00798,PRD-0118,3,"23,110","69,330",
ORD-2025-021425,2025-04-12,CUS-02291,PRD-0125,14,"15,380","215,320",
ORD-2025-021426,2025-04-12,CUS-02214,PRD-0130,18,"13,600","244,800",
ORD-2025-021429,2025-04-12,CUS-01733,PRD-0138,6,"27,020","162,120",
ORD-2025-021434,2025-04-12,CUS-02251,PRD-0151,2,"42,840","85,680",
ORD-2025-021446,2025-04-13,CUS-01912,PRD-0037,8,"25,650","205,200",
ORD-2025-021450,2025-04-13,CUS-01137,PRD-0046,2,"17,360","34,720",
ORD-2025-021452,2025-04-13,CUS-00770,PRD-0050,6,"5,420","32,520",
ORD-2025-021466,2025-04-13,CUS-00188,PRD-0086,5,"28,180","140,900",
ORD-2025-021471,2025-04-13,CUS-02187,PRD-0090,13,"37,690","489,970",
ORD-2025-021472,2025-04-13,CUS-01802,PRD-0090,2,"37,690","75,380",
ORD-2025-021476,2025-04-13,CUS-02248,PRD-0100,6,"20,780","124,680",
ORD-2025-021479,2025-04-13,CUS-00410,PRD-0121,5,"26,430","132,150",
ORD-2025-021480,2025-04-13,CUS-00278,PRD-0122,13,"19,140","248,820",
ORD-2025-021481,2025-04-13,CUS-00514,PRD-0123,10,"14,410","144,100",
ORD-2025-021483,2025-04-13,CUS-01792,PRD-0142,6,"52,030","312,180",
ORD-2025-021487,2025-04-13,CUS-00904,PRD-0166,4,"25,650","102,600",
ORD-2025-021493,2025-04-14,CUS-00898,PRD-0011,29,"17,170","497,930",
ORD-2025-021496,2025-04-14,CUS-02119,PRD-0018,7,"62,570","437,990",
ORD-2025-021497,2025-04-14,CUS-00969,PRD-0018,6,"62,570","375,420",
ORD-2025-021499,2025-04-14,CUS-00458,PRD-0045,6,"7,340","44,040",
ORD-2025-021509,2025-04-14,CUS-00036,PRD-0084,13,"27,760","360,880",
ORD-2025-021517,2025-04-14,CUS-00837,PRD-0086,3,"28,180","84,540",
ORD-2025-021533,2025-04-14,CUS-01356,PRD-0108,15,"30,750","461,250",
ORD-2025-021538,2025-04-14,CUS-00813,PRD-0120,2,"14,740","29,480",
ORD-2025-021544,2025-04-14,CUS-00024,PRD-0131,3,"31,140","93,420",
ORD-2025-021546,2025-04-14,CUS-00813,PRD-0139,14,"33,360","467,040",
ORD-2025-021549,2025-04-14,CUS-00531,PRD-0145,4,"31,800","127,200",
ORD-2025-021562,2025-04-14,CUS-00234,PRD-0155,6,"65,880","395,280",
ORD-2025-021566,2025-04-14,CUS-01319,PRD-0156,35,"58,570","2,049,950",
ORD-2025-021567,2025-04-14,CUS-00626,PRD-0158,9,"33,720","303,480",
ORD-2025-021576,2025-04-14,CUS-01923,PRD-0167,12,"14,020","168,240",
ORD-2025-021581,2025-04-15,CUS-01009,PRD-0005,6,"3,110","18,660",
ORD-2025-021584,2025-04-15,CUS-01372,PRD-0016,5,"42,680","213,400",
ORD-2025-021588,2025-04-15,CUS-00348,PRD-0034,9,"15,350","138,150",
ORD-2025-021592,2025-04-15,CUS-00726,PRD-0041,6,"6,830","40,980",
ORD-2025-021595,2025-04-15,CUS-01283,PRD-0057,10,"18,040","180,400",
ORD-2025-021601,2025-04-15,CUS-00628,PRD-0065,10,"34,000","340,000",
ORD-2025-021605,2025-04-15,CUS-02229,PRD-0072,8,"42,600","340,800",
ORD-2025-021606,2025-04-15,CUS-01440,PRD-0074,10,"38,390","383,900",
ORD-2025-021607,2025-04-15,CUS-01720,PRD-0076,9,"28,050","252,450",
ORD-2025-021615,2025-04-15,CUS-00418,PRD-0085,2,"32,580","65,160",
ORD-2025-021616,2025-04-15,CUS-00164,PRD-0086,4,"28,180","112,720",
ORD-2025-021626,2025-04-15,CUS-00753,PRD-0090,11,"37,690","414,590",
ORD-2025-021633,2025-04-15,CUS-01088,PRD-0108,4,"30,750","123,000",
ORD-2025-021636,2025-04-15,CUS-01832,PRD-0118,12,"23,110","277,320",
ORD-2025-021639,2025-04-15,CUS-01916,PRD-0122,8,"19,140","153,120",
ORD-2025-021656,2025-04-15,CUS-01347,PRD-0151,5,"42,840","214,200",
ORD-2025-021658,2025-04-15,CUS-00193,PRD-0153,4,"24,220","96,880",
ORD-2025-021668,2025-04-16,CUS-00355,PRD-0011,17,"17,170","291,890",
ORD-2025-021673,2025-04-16,CUS-02496,PRD-0032,3,"20,370","61,110",
ORD-2025-021687,2025-04-16,CUS-01221,PRD-0079,4,"46,870","187,480",
ORD-2025-021699,2025-04-16,CUS-01095,PRD-0090,4,"37,690","150,760",
ORD-2025-021700,2025-04-16,CUS-00240,PRD-0090,7,"37,690","263,830",
ORD-2025-021716,2025-04-16,CUS-02342,PRD-0125,6,"15,380","92,280",
ORD-2025-021717,2025-04-16,CUS-01091,PRD-0125,5,"15,380","76,900",
ORD-2025-021719,2025-04-16,CUS-01397,PRD-0140,4,"27,740","110,960",
ORD-2025-021720,2025-04-16,CUS-02177,PRD-0141,14,"38,600","540,400",
ORD-2025-021732,2025-04-17,CUS-01203,PRD-0007,3,"17,070","51,210",
ORD-2025-021737,2025-04-17,CUS-02075,PRD-0035,13,"13,660","177,580",
ORD-2025-021743,2025-04-17,CUS-02174,PRD-0057,7,"18,040","126,280",
ORD-2025-021747,2025-04-17,CUS-02480,PRD-0062,22,"17,890","393,580",
ORD-2025-021754,2025-04-17,CUS-01095,PRD-0079,1,"46,870","46,870",
ORD-2025-021765,2025-04-17,CUS-00039,PRD-0090,5,"37,690","188,450",
ORD-2025-021772,2025-04-17,CUS-00428,PRD-0108,4,"30,750","123,000",
ORD-2025-021773,2025-04-17,CUS-00822,PRD-0108,2,"30,750","61,500",
ORD-2025-021777,2025-04-17,CUS-01806,PRD-0119,17,"21,950","373,150",
ORD-2025-021781,2025-04-17,CUS-00085,PRD-0131,19,"31,140","591,660",
ORD-2025-021793,2025-04-17,CUS-00024,PRD-0160,8,"32,940","263,520",
ORD-2025-021801,2025-04-18,CUS-00759,PRD-0005,10,"3,110","31,100",
ORD-2025-021803,2025-04-18,CUS-01377,PRD-0007,1,"17,070","17,070",
ORD-2025-021820,2025-04-18,CUS-02363,PRD-0061,13,"16,320","212,160",
ORD-2025-021862,2025-04-18,CUS-01646,PRD-0151,2,"42,840","85,680",
ORD-2025-021864,2025-04-18,CUS-00442,PRD-0156,5,"58,570","292,850",
ORD-2025-021866,2025-04-18,CUS-00035,PRD-0160,12,"32,940","395,280",
ORD-2025-021870,2025-04-18,CUS-01090,PRD-0166,17,"25,650","436,050",
ORD-2025-021879,2025-04-19,CUS-02461,PRD-0037,1,"25,650","25,650",
ORD-2025-021886,2025-04-19,CUS-02383,PRD-0060,9,"57,540","517,860",
ORD-2025-021894,2025-04-19,CUS-02480,PRD-0078,22,"33,720","741,840",
ORD-2025-021897,2025-04-19,CUS-00404,PRD-0083,1,"23,690","23,690",
ORD-2025-021911,2025-04-19,CUS-00988,PRD-0096,9,"23,060","207,540",
ORD-2025-021915,2025-04-19,CUS-01200,PRD-0121,6,"26,430","158,580",
ORD-2025-021919,2025-04-19,CUS-00190,PRD-0123,6,"14,410","86,460",
ORD-2025-021942,2025-04-19,CUS-02268,PRD-0160,11,"32,940","362,340",
ORD-2025-021945,2025-04-19,CUS-00628,PRD-0166,8,"25,650","205,200",
ORD-2025-021946,2025-04-19,CUS-01179,PRD-0169,9,"15,310","137,790",
ORD-2025-021948,2025-04-20,CUS-01133,PRD-0039,9,"14,770","132,930",
ORD-2025-021972,2025-04-21,CUS-00283,PRD-0004,4,"4,490","17,960",
ORD-2025-021973,2025-04-21,CUS-00284,PRD-0007,1,"17,070","17,070",
ORD-2025-021976,2025-04-21,CUS-00283,PRD-0018,3,"62,570","187,710",
ORD-2025-021982,2025-04-21,CUS-01240,PRD-0049,2,"18,190","36,380",
ORD-2025-021984,2025-04-21,CUS-01303,PRD-0057,19,"18,040","342,760",
ORD-2025-021987,2025-04-21,CUS-00272,PRD-0060,8,"57,540","460,320",
ORD-2025-021991,2025-04-21,CUS-00390,PRD-0070,23,"19,240","442,520",
ORD-2025-022013,2025-04-21,CUS-00904,PRD-0090,3,"37,690","113,070",
ORD-2025-022014,2025-04-21,CUS-02376,PRD-0090,14,"37,690","527,660",
ORD-2025-022020,2025-04-21,CUS-00813,PRD-0108,8,"30,750","246,000",
ORD-2025-022021,2025-04-21,CUS-00468,PRD-0108,2,"30,750","61,500",
ORD-2025-022025,2025-04-21,CUS-01698,PRD-0116,3,"17,680","53,040",
ORD-2025-022031,2025-04-21,CUS-01753,PRD-0125,2,"15,380","30,760",
ORD-2025-022040,2025-04-21,CUS-02177,PRD-0151,4,"42,840","171,360",
ORD-2025-022041,2025-04-21,CUS-01543,PRD-0151,12,"42,840","514,080",
ORD-2025-022042,2025-04-21,CUS-01385,PRD-0153,10,"24,220","242,200",
ORD-2025-022043,2025-04-21,CUS-01450,PRD-0160,5,"32,940","164,700",
ORD-2025-022047,2025-04-21,CUS-01228,PRD-0165,6,"23,380","140,280",
ORD-2025-022048,2025-04-21,CUS-01582,PRD-0166,4,"25,650","102,600",
ORD-2025-022065,2025-04-22,CUS-00205,PRD-0046,7,"17,360","121,520",
ORD-2025-022069,2025-04-22,CUS-02370,PRD-0057,10,"18,040","180,400",
ORD-2025-022070,2025-04-22,CUS-01538,PRD-0060,7,"57,540","402,780",
ORD-2025-022075,2025-04-22,CUS-00112,PRD-0071,16,"17,380","278,080",
ORD-2025-022083,2025-04-22,CUS-01396,PRD-0082,5,"30,730","153,650",
ORD-2025-022085,2025-04-22,CUS-01072,PRD-0083,5,"23,690","118,450",
ORD-2025-022109,2025-04-22,CUS-02317,PRD-0109,7,"30,700","214,900",
ORD-2025-022118,2025-04-22,CUS-00329,PRD-0135,3,"32,900","98,700",
ORD-2025-022130,2025-04-22,CUS-01316,PRD-0151,16,"42,840","685,440",
ORD-2025-022131,2025-04-22,CUS-01377,PRD-0151,3,"42,840","128,520",
ORD-2025-022134,2025-04-22,CUS-01981,PRD-0153,5,"24,220","121,100",
ORD-2025-022140,2025-04-22,CUS-01582,PRD-0161,2,"32,640","65,280",
ORD-2025-022149,2025-04-23,CUS-01784,PRD-0019,5,"31,240","156,200",
ORD-2025-022151,2025-04-23,CUS-00036,PRD-0033,7,"11,040","77,280",
ORD-2025-022173,2025-04-23,CUS-02073,PRD-0090,8,"37,690","301,520",
ORD-2025-022174,2025-04-23,CUS-00404,PRD-0090,46,"37,690","1,733,740",
ORD-2025-022175,2025-04-23,,PRD-0090,5,"37,690","188,450",
ORD-2025-022176,2025-04-23,CUS-01461,PRD-0090,2,"37,690","75,380",
ORD-2025-022178,2025-04-23,CUS-01474,PRD-0103,4,"38,480","153,920",
ORD-2025-022187,2025-04-23,CUS-00549,PRD-0127,1,"16,760","16,760",
ORD-2025-022200,2025-04-23,CUS-02023,PRD-0159,5,"25,840","129,200",
ORD-2025-022229,2025-04-24,CUS-01273,PRD-0086,29,"28,180","817,220",
ORD-2025-022234,2025-04-24,CUS-00521,PRD-0090,4,"37,690","150,760",
ORD-2025-022236,2025-04-24,CUS-00355,PRD-0094,6,"22,360","134,160",
ORD-2025-022250,2025-04-24,CUS-00231,PRD-0122,3,"19,140","57,420",
ORD-2025-022259,2025-04-24,CUS-01071,PRD-0156,30,"58,570","1,757,100",
ORD-2025-022264,2025-04-24,CUS-00222,PRD-0161,3,"32,640","97,920",
ORD-2025-022265,2025-04-24,CUS-02369,PRD-0161,10,"32,640","326,400",
ORD-2025-022269,2025-04-25,CUS-00747,PRD-0004,7,"4,490","31,430",
ORD-2025-022293,2025-04-25,CUS-02343,PRD-0085,8,"32,580","260,640",
ORD-2025-022304,2025-04-25,CUS-00023,PRD-0100,4,"20,780","83,120",
ORD-2025-022315,2025-04-25,CUS-02081,PRD-0123,34,"14,410","489,940",
ORD-2025-022318,2025-04-25,CUS-01753,PRD-0125,19,"15,380","292,220",
ORD-2025-022336,2025-04-25,CUS-01389,PRD-0166,6,"25,650","153,900",
ORD-2025-022342,2025-04-26,CUS-01687,PRD-0033,9,"11,040","99,360",
ORD-2025-022348,2025-04-26,CUS-02032,PRD-0061,4,"16,320","65,280",
ORD-2025-022356,2025-04-26,CUS-01093,PRD-0078,4,"33,720","134,880",
ORD-2025-022369,2025-04-26,CUS-00456,PRD-0097,3,"21,780","65,340",
ORD-2025-022370,2025-04-26,CUS-00199,PRD-0098,12,"15,320","183,840",
ORD-2025-022382,2025-04-26,CUS-00218,PRD-0131,2,"31,140","62,280",
ORD-2025-022389,2025-04-26,,PRD-0144,15,"31,990","479,850",
ORD-2025-022390,2025-04-26,CUS-00488,PRD-0144,8,"31,990","255,920",
ORD-2025-022394,2025-04-26,CUS-01440,PRD-0151,8,"42,840","342,720",
ORD-2025-022402,2025-04-27,CUS-02057,PRD-0068,5,"16,320","81,600",
ORD-2025-022427,2025-04-28,CUS-02029,PRD-0016,5,"42,680","213,400",
ORD-2025-022434,2025-04-28,CUS-01268,PRD-0039,27,"14,770","398,790",
ORD-2025-022435,2025-04-28,CUS-00938,PRD-0039,15,"14,770","221,550",
ORD-2025-022438,2025-04-28,CUS-01754,PRD-0045,10,"7,340","73,400",
ORD-2025-022444,2025-04-28,CUS-02098,PRD-0056,10,"25,020","250,200",
ORD-2025-022446,2025-04-28,CUS-01466,PRD-0057,2,"18,040","36,080",
ORD-2025-022449,2025-04-28,CUS-01765,PRD-0062,5,"17,890","89,450",
ORD-2025-022470,2025-04-28,CUS-00689,PRD-0086,12,"28,180","338,160",
ORD-2025-022481,2025-04-28,CUS-01198,PRD-0090,4,"37,690","150,760",
ORD-2025-022498,2025-04-28,CUS-02174,PRD-0125,9,"15,380","138,420",
ORD-2025-022506,2025-04-28,,PRD-0136,39,"54,950","2,143,050",
ORD-2025-022514,2025-04-28,CUS-00295,PRD-0153,2,"24,220","48,440",
ORD-2025-022531,2025-04-29,CUS-01268,PRD-0027,10,"4,920","49,200",
ORD-2025-022538,2025-04-29,CUS-01693,PRD-0057,1,"18,040","18,040",
ORD-2025-022564,2025-04-29,CUS-01430,PRD-0090,7,"37,690","263,830",
ORD-2025-022567,2025-04-29,CUS-00240,PRD-0093,9,"23,080","207,720",
ORD-2025-022578,2025-04-29,CUS-00635,PRD-0120,23,"14,740","339,020",
ORD-2025-022588,2025-04-29,CUS-00163,PRD-0151,12,"42,840","514,080",
ORD-2025-022601,2025-04-29,CUS-00196,PRD-0161,8,"32,640","261,120",
ORD-2025-022616,2025-04-30,CUS-02355,PRD-0047,1,"19,060","19,060",
ORD-2025-022640,2025-04-30,CUS-01453,PRD-0090,2,"37,690","75,380",
ORD-2025-022645,2025-04-30,,PRD-0100,11,"20,780","228,580",
ORD-2025-022660,2025-04-30,CUS-02138,PRD-0142,6,"52,030","312,180",
ORD-2025-022665,2025-04-30,CUS-01687,PRD-0151,30,"42,840","1,285,200",
ORD-2025-022684,2025-05-01,CUS-00523,PRD-0041,13,"6,830","88,790",
ORD-2025-022693,2025-05-01,CUS-00348,PRD-0074,8,"38,390","307,120",
ORD-2025-022695,2025-05-01,CUS-00635,PRD-0076,7,"28,050","196,350",
ORD-2025-022698,2025-05-01,CUS-01293,PRD-0077,3,"31,120","93,360",
ORD-2025-022715,2025-05-01,CUS-01430,PRD-0090,4,"37,690","150,760",
ORD-2025-022717,2025-05-01,CUS-00386,PRD-0093,11,"23,080","253,880",
ORD-2025-022736,2025-05-01,CUS-00078,PRD-0127,5,"16,760","83,800",
ORD-2025-022737,2025-05-01,CUS-00895,PRD-0127,14,"16,760","234,640",
ORD-2025-022739,2025-05-01,CUS-02344,PRD-0130,3,"13,600","40,800",
ORD-2025-022742,2025-05-01,CUS-01012,PRD-0145,5,"31,800","159,000",
ORD-2025-022748,2025-05-01,CUS-00424,PRD-0161,2,"32,640","65,280",
ORD-2025-022752,2025-05-01,CUS-02083,PRD-0164,8,"19,920","159,360",
ORD-2025-022759,2025-05-02,CUS-01586,PRD-0004,3,"4,490","13,470",
ORD-2025-022760,2025-05-02,CUS-00553,PRD-0004,5,"4,490","22,450",
ORD-2025-022766,2025-05-02,CUS-00988,PRD-0011,9,"17,170","154,530",
ORD-2025-022783,2025-05-02,CUS-00918,PRD-0060,8,"57,540","460,320",
ORD-2025-022785,2025-05-02,CUS-00042,PRD-0064,4,"36,350","145,400",
ORD-2025-022788,2025-05-02,CUS-02274,PRD-0072,2,"42,600","85,200",
ORD-2025-022789,2025-05-02,CUS-01422,PRD-0077,6,"31,120","186,720",
ORD-2025-022806,2025-05-02,CUS-01663,PRD-0090,10,"37,690","376,900",
ORD-2025-022807,2025-05-02,CUS-02423,PRD-0090,3,"37,690","113,070",
ORD-2025-022810,2025-05-02,CUS-00231,PRD-0098,4,"15,320","61,280",
ORD-2025-022822,2025-05-02,,PRD-0122,13,"19,140","248,820",
ORD-2025-022823,2025-05-02,CUS-01526,PRD-0123,2,"14,410","28,820",
ORD-2025-022826,2025-05-02,CUS-00357,PRD-0125,11,"15,380","169,180",
ORD-2025-022847,2025-05-03,CUS-01159,PRD-0005,11,"3,110","34,210",
ORD-2025-022848,2025-05-03,CUS-01430,PRD-0005,6,"3,110","18,660",
ORD-2025-022858,2025-05-03,CUS-00231,PRD-0035,17,"13,660","232,220",
ORD-2025-022867,2025-05-03,CUS-02290,PRD-0051,6,"43,070","258,420",
ORD-2025-022874,2025-05-03,CUS-01440,PRD-0077,18,"31,120","560,160",
ORD-2025-022875,2025-05-03,CUS-00088,PRD-0077,4,"31,120","124,480",
ORD-2025-022888,2025-05-03,CUS-00684,PRD-0098,4,"15,320","61,280",
ORD-2025-022893,2025-05-03,CUS-02046,PRD-0109,7,"30,700","214,900",
ORD-2025-022897,2025-05-03,CUS-02451,PRD-0118,10,"23,110","231,100",
ORD-2025-022898,2025-05-03,CUS-02450,PRD-0120,4,"14,740","58,960",
ORD-2025-022907,2025-05-03,CUS-00345,PRD-0138,9,"27,020","243,180",
ORD-2025-022908,2025-05-03,CUS-01186,PRD-0141,9,"38,600","347,400",
ORD-2025-022921,2025-05-03,CUS-00092,PRD-0161,2,"32,640","65,280",
ORD-2025-022934,2025-05-04,CUS-01872,PRD-0090,17,"37,690","640,730",
ORD-2025-022937,2025-05-04,CUS-02326,PRD-0108,3,"30,750","92,250",
ORD-2025-022940,2025-05-04,CUS-00463,PRD-0132,12,"38,360","460,320",
ORD-2025-022941,2025-05-04,CUS-02175,PRD-0135,2,"32,900","65,800",
ORD-2025-022953,2025-05-05,CUS-01586,PRD-0017,6,"39,680","238,080",
ORD-2025-022957,2025-05-05,CUS-00018,PRD-0035,17,"13,660","232,220",
ORD-2025-022960,2025-05-05,CUS-00845,PRD-0041,3,"6,830","20,490",
ORD-2025-022961,2025-05-05,CUS-02332,PRD-0041,12,"6,830","81,960",
ORD-2025-022964,2025-05-05,CUS-02421,PRD-0045,24,"7,340","176,160",
ORD-2025-022969,2025-05-05,CUS-01277,PRD-0059,3,"50,810","152,430",
ORD-2025-022972,2025-05-05,CUS-00641,PRD-0063,25,"15,070","376,750",
ORD-2025-022976,2025-05-05,CUS-01900,PRD-0069,18,"17,210","309,780",
ORD-2025-022986,2025-05-05,CUS-01401,PRD-0086,13,"28,180","366,340",
ORD-2025-022987,2025-05-05,CUS-01462,PRD-0086,17,"28,180","479,060",
ORD-2025-023000,2025-05-05,CUS-02267,PRD-0090,7,"37,690","263,830",
ORD-2025-023001,2025-05-05,CUS-01091,PRD-0093,2,"23,080","46,160",
ORD-2025-023017,2025-05-05,CUS-01356,PRD-0118,4,"23,110","92,440",
ORD-2025-023019,2025-05-05,CUS-00139,PRD-0121,2,"26,430","52,860",
ORD-2025-023023,2025-05-05,CUS-01268,PRD-0132,1,"38,360","38,360",
ORD-2025-023033,2025-05-05,CUS-00786,PRD-0151,6,"42,840","257,040",
ORD-2025-023034,2025-05-05,CUS-00373,PRD-0151,8,"42,840","342,720",
ORD-2025-023035,2025-05-05,CUS-00349,PRD-0153,2,"24,220","48,440",
ORD-2025-023042,2025-05-05,CUS-02290,PRD-0162,2,"28,900","57,800",
ORD-2025-023043,2025-05-05,,PRD-0165,14,"23,380","327,320",
ORD-2025-023048,2025-05-06,CUS-01739,PRD-0011,11,"17,170","188,870",
ORD-2025-023071,2025-05-06,,PRD-0068,4,"16,320","65,280",
ORD-2025-023075,2025-05-06,CUS-01926,PRD-0076,8,"28,050","224,400",
ORD-2025-023091,2025-05-06,CUS-01753,PRD-0090,6,"37,690","226,140",
ORD-2025-023092,2025-05-06,CUS-01087,PRD-0090,5,"37,690","188,450",
ORD-2025-023093,2025-05-06,CUS-01193,PRD-0090,18,"37,690","678,420",
ORD-2025-023096,2025-05-06,CUS-01148,PRD-0098,8,"15,320","122,560",
ORD-2025-023104,2025-05-06,CUS-01620,PRD-0109,10,"30,700","307,000",
ORD-2025-023114,2025-05-06,CUS-00294,PRD-0138,13,"27,020","351,260",
ORD-2025-023116,2025-05-06,CUS-00218,PRD-0145,6,"31,800","190,800",
ORD-2025-023117,2025-05-06,CUS-00199,PRD-0145,20,"31,800","636,000",
ORD-2025-023119,2025-05-06,CUS-01466,PRD-0146,10,"34,820","348,200",
ORD-2025-023136,2025-05-07,CUS-00783,PRD-0004,10,"4,490","44,900",
ORD-2025-023145,2025-05-07,CUS-01879,PRD-0037,11,"25,650","282,150",
ORD-2025-023156,2025-05-07,CUS-01100,PRD-0081,10,"42,190","421,900",
ORD-2025-023162,2025-05-07,CUS-02341,PRD-0090,3,"37,690","113,070",
ORD-2025-023163,2025-05-07,,PRD-0090,7,"37,690","263,830",
ORD-2025-023174,2025-05-07,CUS-01784,PRD-0113,11,"10,420","114,620",
ORD-2025-023178,2025-05-07,CUS-00238,PRD-0122,4,"19,140","76,560",
ORD-2025-023180,2025-05-07,CUS-01268,PRD-0128,3,"20,590","61,770",
ORD-2025-023197,2025-05-07,CUS-02447,PRD-0167,9,"14,020","126,180",
ORD-2025-023199,2025-05-08,CUS-01604,PRD-0004,5,"4,490","22,450",
ORD-2025-023206,2025-05-08,CUS-00238,PRD-0018,14,"62,570","875,980",
ORD-2025-023208,2025-05-08,CUS-01698,PRD-0025,9,"5,090","45,810",
ORD-2025-023211,2025-05-08,CUS-00860,PRD-0039,15,"14,770","221,550",
ORD-2025-023225,2025-05-08,CUS-01092,PRD-0080,2,"23,900","47,800",
ORD-2025-023228,2025-05-08,CUS-01304,PRD-0084,2,"27,760","55,520",
ORD-2025-023232,2025-05-08,CUS-02176,PRD-0086,11,"28,180","309,980",
ORD-2025-023243,2025-05-08,CUS-01056,PRD-0090,6,"37,690","226,140",
ORD-2025-023244,2025-05-08,CUS-01881,PRD-0090,11,"37,690","414,590",
ORD-2025-023247,2025-05-08,CUS-00094,PRD-0093,15,"23,080","346,200",
ORD-2025-023256,2025-05-08,CUS-00745,PRD-0118,7,"23,110","161,770",
ORD-2025-023259,2025-05-08,CUS-02316,PRD-0121,1,"26,430","26,430",
ORD-2025-023264,2025-05-08,CUS-00395,PRD-0125,20,"15,380","307,600",
ORD-2025-023269,2025-05-08,CUS-00805,PRD-0139,20,"33,360","667,200",
ORD-2025-023272,2025-05-08,CUS-01580,PRD-0143,10,"48,640","486,400",
ORD-2025-023275,2025-05-08,CUS-01353,PRD-0145,3,"31,800","95,400",
ORD-2025-023279,2025-05-08,CUS-02011,PRD-0151,4,"42,840","171,360",
ORD-2025-023280,2025-05-08,CUS-01426,PRD-0151,14,"42,840","599,760",
ORD-2025-023282,2025-05-08,CUS-00196,PRD-0153,6,"24,220","145,320",
ORD-2025-023286,2025-05-08,CUS-02151,PRD-0160,7,"32,940","230,580",
ORD-2025-023291,2025-05-08,CUS-01930,PRD-0161,4,"32,640","130,560",
ORD-2025-023303,2025-05-09,CUS-00978,PRD-0017,4,"39,680","158,720",
ORD-2025-023306,2025-05-09,CUS-00213,PRD-0024,17,"9,800","166,600",
ORD-2025-023309,2025-05-09,CUS-01269,PRD-0028,11,"4,910","54,010",
ORD-2025-023310,2025-05-09,CUS-00035,PRD-0041,7,"6,830","47,810",
ORD-2025-023329,2025-05-09,CUS-00267,PRD-0082,17,"30,730","522,410",
ORD-2025-023346,2025-05-09,CUS-00234,PRD-0090,16,"37,690","603,040",
ORD-2025-023361,2025-05-09,CUS-00408,PRD-0100,5,"20,780","103,900",
ORD-2025-023375,2025-05-09,CUS-01500,PRD-0125,8,"15,380","123,040",
ORD-2025-023377,2025-05-09,CUS-00147,PRD-0128,6,"20,590","123,540",
ORD-2025-023383,2025-05-09,CUS-00754,PRD-0148,6,"27,270","163,620",
ORD-2025-023400,2025-05-09,CUS-00523,PRD-0165,2,"23,380","46,760",
ORD-2025-023403,2025-05-09,CUS-01604,PRD-0169,5,"15,310","76,550",
ORD-2025-023409,2025-05-10,CUS-00097,PRD-0018,3,"62,570","187,710",
ORD-2025-023410,2025-05-10,CUS-00702,PRD-0019,6,"31,240","187,440",
ORD-2025-023414,2025-05-10,CUS-01799,PRD-0045,3,"7,340","22,020",
ORD-2025-023416,2025-05-10,CUS-00644,PRD-0050,17,"5,420","92,140",
ORD-2025-023421,2025-05-10,CUS-00914,PRD-0067,10,"12,380","123,800",
ORD-2025-023422,2025-05-10,CUS-00272,PRD-0067,8,"12,380","99,040",
ORD-2025-023431,2025-05-10,CUS-01477,PRD-0090,6,"37,690","226,140",
ORD-2025-023438,2025-05-10,CUS-01403,PRD-0113,6,"10,420","62,520",
ORD-2025-023444,2025-05-10,CUS-00760,PRD-0127,2,"16,760","33,520",
ORD-2025-023449,2025-05-10,CUS-00790,PRD-0149,6,"45,880","275,280",
ORD-2025-023453,2025-05-10,CUS-00322,PRD-0151,7,"42,840","299,880",
ORD-2025-023454,2025-05-10,CUS-00521,PRD-0151,6,"42,840","257,040",
ORD-2025-023456,2025-05-10,CUS-02011,PRD-0155,4,"65,880","263,520",
ORD-2025-023462,2025-05-11,CUS-00167,PRD-0024,2,"9,800","19,600",
ORD-2025-023464,2025-05-11,CUS-00968,PRD-0039,5,"14,770","73,850",
ORD-2025-023473,2025-05-11,CUS-00163,PRD-0086,11,"28,180","309,980",
ORD-2025-023481,2025-05-11,,PRD-0109,6,"30,700","184,200",
ORD-2025-023494,2025-05-11,CUS-00134,PRD-0166,5,"25,650","128,250",
ORD-2025-023507,2025-05-12,CUS-01880,PRD-0038,9,"15,680","141,120",
ORD-2025-023520,2025-05-12,CUS-00167,PRD-0077,3,"31,120","93,360",
ORD-2025-023521,2025-05-12,CUS-00085,PRD-0077,13,"31,120","404,560",
ORD-2025-023522,2025-05-12,CUS-01912,PRD-0077,4,"31,120","124,480",
ORD-2025-023539,2025-05-12,CUS-01284,PRD-0090,5,"37,690","188,450",
ORD-2025-023540,2025-05-12,CUS-02145,PRD-0090,3,"37,690","113,070",
ORD-2025-023542,2025-05-12,CUS-02330,PRD-0093,4,"23,080","92,320",
ORD-2025-023545,2025-05-12,CUS-02011,PRD-0100,23,"20,780","477,940",
ORD-2025-023548,2025-05-12,CUS-00837,PRD-0102,34,"17,050","579,700",
ORD-2025-023549,2025-05-12,CUS-01806,PRD-0103,7,"38,480","269,360",
ORD-2025-023571,2025-05-12,CUS-01179,PRD-0153,2,"24,220","48,440",
ORD-2025-023578,2025-05-13,CUS-01921,PRD-0005,10,"3,110","31,100",
ORD-2025-023579,2025-05-13,CUS-00311,PRD-0005,12,"3,110","37,320",
ORD-2025-023580,2025-05-13,CUS-01646,PRD-0007,37,"17,070","631,590",
ORD-2025-023583,2025-05-13,CUS-02433,PRD-0018,7,"62,570","437,990",
ORD-2025-023590,2025-05-13,CUS-01100,PRD-0029,5,"11,070","55,350",
ORD-2025-023592,2025-05-13,CUS-00024,PRD-0034,9,"15,350","138,150",
ORD-2025-023607,2025-05-13,CUS-01477,PRD-0077,6,"31,120","186,720",
ORD-2025-023624,2025-05-13,CUS-00392,PRD-0090,7,"37,690","263,830",
ORD-2025-023625,2025-05-13,CUS-01071,PRD-0090,8,"37,690","301,520",
ORD-2025-023626,2025-05-13,CUS-00463,PRD-0090,9,"37,690","339,210",
ORD-2025-023627,2025-05-13,CUS-02363,PRD-0090,5,"37,690","188,450",
ORD-2025-023628,2025-05-13,CUS-01457,PRD-0090,7,"37,690","263,830",
ORD-2025-023635,2025-05-13,CUS-01581,PRD-0108,10,"30,750","307,500",
ORD-2025-023644,2025-05-13,CUS-01628,PRD-0125,10,"15,380","153,800",
ORD-2025-023662,2025-05-13,CUS-00355,PRD-0161,4,"32,640","130,560",
ORD-2025-023664,2025-05-13,CUS-02387,PRD-0165,5,"23,380","116,900",
ORD-2025-023671,2025-05-14,CUS-00885,PRD-0017,3,"39,680","119,040",
ORD-2025-023685,2025-05-14,CUS-01122,PRD-0072,3,"42,600","127,800",
ORD-2025-023688,2025-05-14,CUS-00227,PRD-0080,6,"23,900","143,400",
ORD-2025-023726,2025-05-14,CUS-01285,PRD-0151,4,"42,840","171,360",
ORD-2025-023727,2025-05-14,CUS-00163,PRD-0151,7,"42,840","299,880",
ORD-2025-023728,2025-05-14,CUS-01858,PRD-0151,10,"42,840","428,400",
ORD-2025-023733,2025-05-14,CUS-02417,PRD-0156,16,"58,570","937,120",
ORD-2025-023736,2025-05-14,CUS-01377,PRD-0161,6,"32,640","195,840",
ORD-2025-023741,2025-05-14,CUS-00231,PRD-0170,8,"17,370","138,960",
ORD-2025-023742,2025-05-15,CUS-00132,PRD-0004,26,"4,490","116,740",
ORD-2025-023745,2025-05-15,CUS-01273,PRD-0016,20,"42,680","853,600",
ORD-2025-023747,2025-05-15,CUS-00471,PRD-0018,13,"62,570","813,410",
ORD-2025-023764,2025-05-15,CUS-01607,PRD-0076,4,"28,050","112,200",
ORD-2025-023768,2025-05-15,CUS-00283,PRD-0083,8,"23,690","189,520",
ORD-2025-023778,2025-05-15,CUS-01981,PRD-0090,4,"37,690","150,760",
ORD-2025-023779,2025-05-15,CUS-01988,PRD-0090,7,"37,690","263,830",
ORD-2025-023788,2025-05-15,CUS-01186,PRD-0119,3,"21,950","65,850",
ORD-2025-023800,2025-05-15,CUS-02173,PRD-0151,4,"42,840","171,360",
ORD-2025-023807,2025-05-15,CUS-01203,PRD-0157,9,"24,810","223,290",
ORD-2025-023813,2025-05-15,CUS-02421,PRD-0165,19,"23,380","444,220",
ORD-2025-023815,2025-05-15,CUS-00295,PRD-0166,34,"25,650","872,100",
ORD-2025-023817,2025-05-15,CUS-00322,PRD-0168,4,"19,490","77,960",
ORD-2025-023820,2025-05-16,CUS-01831,PRD-0007,9,"17,070","153,630",
ORD-2025-023822,2025-05-16,CUS-01981,PRD-0010,8,"16,050","128,400",
ORD-2025-023833,2025-05-16,CUS-01091,PRD-0033,5,"11,040","55,200",
ORD-2025-023843,2025-05-16,CUS-01256,PRD-0063,2,"15,070","30,140",
ORD-2025-023850,2025-05-16,CUS-02081,PRD-0074,2,"38,390","76,780",
ORD-2025-023853,2025-05-16,CUS-01804,PRD-0077,3,"31,120","93,360",
ORD-2025-023867,2025-05-16,CUS-00129,PRD-0099,5,"14,380","71,900",
ORD-2025-023875,2025-05-16,CUS-01133,PRD-0109,11,"30,700","337,700",
ORD-2025-023882,2025-05-16,CUS-01457,PRD-0120,5,"14,740","73,700",
ORD-2025-023889,2025-05-16,CUS-01739,PRD-0125,14,"15,380","215,320",
ORD-2025-023900,2025-05-16,CUS-00670,PRD-0151,3,"42,840","128,520",
ORD-2025-023905,2025-05-16,CUS-00789,PRD-0162,8,"28,900","231,200",
ORD-2025-023915,2025-05-17,CUS-01205,PRD-0011,6,"17,170","103,020",
ORD-2025-023932,2025-05-17,CUS-02191,PRD-0051,5,"43,070","215,350",
ORD-2025-023949,2025-05-17,CUS-00213,PRD-0098,9,"15,320","137,880",
ORD-2025-023951,2025-05-17,CUS-00734,PRD-0103,6,"38,480","230,880",
ORD-2025-023959,2025-05-17,CUS-00684,PRD-0141,5,"38,600","193,000",
ORD-2025-023962,2025-05-17,CUS-00582,PRD-0151,17,"42,840","728,280",
ORD-2025-023963,2025-05-17,CUS-00433,PRD-0151,6,"42,840","257,040",
ORD-2025-023964,2025-05-17,CUS-01422,PRD-0151,10,"42,840","428,400",
ORD-2025-023969,2025-05-18,CUS-02376,PRD-0019,7,"31,240","218,680",
ORD-2025-023970,2025-05-18,CUS-00836,PRD-0033,20,"11,040","220,800",
ORD-2025-023975,2025-05-18,CUS-00403,PRD-0049,8,"18,190","145,520",
ORD-2025-023998,2025-05-18,CUS-01296,PRD-0165,8,"23,380","187,040",
ORD-2025-024009,2025-05-19,CUS-01200,PRD-0018,6,"62,570","375,420",
ORD-2025-024024,2025-05-19,CUS-01920,PRD-0057,4,"18,040","72,160",
ORD-2025-024027,2025-05-19,CUS-00549,PRD-0061,5,"16,320","81,600",
ORD-2025-024031,2025-05-19,CUS-02461,PRD-0073,7,"37,930","265,510",
ORD-2025-024041,2025-05-19,CUS-02480,PRD-0085,4,"32,580","130,320",
ORD-2025-024043,2025-05-19,CUS-00767,PRD-0086,7,"28,180","197,260",
ORD-2025-024062,2025-05-19,,PRD-0125,4,"15,380","61,520",
ORD-2025-024069,2025-05-19,CUS-01203,PRD-0135,1,"32,900","32,900",
ORD-2025-024073,2025-05-19,CUS-00463,PRD-0150,25,"47,850","1,196,250",
ORD-2025-024082,2025-05-19,CUS-01580,PRD-0161,6,"32,640","195,840",
ORD-2025-024089,2025-05-20,CUS-02095,PRD-0005,3,"3,110","9,330",
ORD-2025-024092,2025-05-20,CUS-00985,PRD-0007,22,"17,070","375,540",
ORD-2025-024093,2025-05-20,CUS-01543,PRD-0007,19,"17,070","324,330",
ORD-2025-024096,2025-05-20,CUS-01369,PRD-0026,18,"4,150","74,700",
ORD-2025-024098,2025-05-20,CUS-00345,PRD-0028,8,"4,910","39,280",
ORD-2025-024104,2025-05-20,CUS-02324,PRD-0052,8,"43,630","349,040",
ORD-2025-024114,2025-05-20,CUS-02342,PRD-0083,10,"23,690","236,900",
ORD-2025-024116,2025-05-20,CUS-02328,PRD-0088,4,"15,290","61,160",
ORD-2025-024123,2025-05-20,CUS-01354,PRD-0090,3,"37,690","113,070",
ORD-2025-024131,2025-05-20,CUS-01753,PRD-0117,16,"17,520","280,320",
ORD-2025-024133,2025-05-20,CUS-01196,PRD-0120,7,"14,740","103,180",
ORD-2025-024143,2025-05-20,CUS-00092,PRD-0125,6,"15,380","92,280",
ORD-2025-024167,2025-05-20,CUS-00357,PRD-0166,6,"25,650","153,900",
ORD-2025-024169,2025-05-20,CUS-02108,PRD-0169,3,"15,310","45,930",
ORD-2025-024174,2025-05-21,CUS-01589,PRD-0013,5,"11,970","59,850",
ORD-2025-024179,2025-05-21,CUS-00631,PRD-0047,13,"19,060","247,780",
ORD-2025-024181,2025-05-21,CUS-00508,PRD-0049,10,"18,190","181,900",
ORD-2025-024186,2025-05-21,CUS-00116,PRD-0062,7,"17,890","125,230",
ORD-2025-024192,2025-05-21,CUS-00404,PRD-0078,5,"33,720","168,600",
ORD-2025-024194,2025-05-21,CUS-02173,PRD-0083,12,"23,690","284,280",
ORD-2025-024208,2025-05-21,CUS-00689,PRD-0100,4,"20,780","83,120",
ORD-2025-024216,2025-05-21,CUS-00876,PRD-0124,8,"8,790","70,320",
ORD-2025-024220,2025-05-21,CUS-02341,PRD-0125,13,"15,380","199,940",
ORD-2025-024231,2025-05-21,CUS-00048,PRD-0160,8,"32,940","263,520",
ORD-2025-024233,2025-05-21,CUS-02151,PRD-0161,13,"32,640","424,320",
ORD-2025-024234,2025-05-21,CUS-00039,PRD-0161,3,"32,640","97,920",
ORD-2025-024238,2025-05-21,CUS-00626,PRD-0167,2,"14,020","28,040",
ORD-2025-024241,2025-05-22,CUS-00109,PRD-0016,8,"42,680","341,440",
ORD-2025-024242,2025-05-22,CUS-00181,PRD-0022,6,"11,680","70,080",
ORD-2025-024247,2025-05-22,CUS-02191,PRD-0035,5,"13,660","68,300",
ORD-2025-024250,2025-05-22,CUS-02341,PRD-0037,30,"25,650","769,500",
ORD-2025-024251,2025-05-22,CUS-02352,PRD-0055,1,"16,990","16,990",
ORD-2025-024255,2025-05-22,CUS-00480,PRD-0060,9,"57,540","517,860",
ORD-2025-024261,2025-05-22,CUS-01193,PRD-0068,11,"16,320","179,520",
ORD-2025-024266,2025-05-22,CUS-00640,PRD-0078,7,"33,720","236,040",
ORD-2025-024283,2025-05-22,CUS-00386,PRD-0102,4,"17,050","68,200",
ORD-2025-024289,2025-05-22,CUS-01450,PRD-0122,5,"19,140","95,700",
ORD-2025-024301,2025-05-22,CUS-00186,PRD-0151,9,"42,840","385,560",
ORD-2025-024302,2025-05-22,CUS-02433,PRD-0151,13,"42,840","556,920",
ORD-2025-024305,2025-05-22,CUS-01369,PRD-0155,4,"65,880","263,520",
ORD-2025-024306,2025-05-22,CUS-00088,PRD-0156,10,"58,570","585,700",
ORD-2025-024314,2025-05-22,CUS-00383,PRD-0161,10,"32,640","326,400",
ORD-2025-024315,2025-05-22,CUS-00786,PRD-0161,7,"32,640","228,480",
ORD-2025-024327,2025-05-23,CUS-01859,PRD-0012,14,"18,410","257,740",
ORD-2025-024329,2025-05-23,CUS-01891,PRD-0016,6,"42,680","256,080",
ORD-2025-024331,2025-05-23,CUS-02407,PRD-0025,12,"5,090","61,080",
ORD-2025-024332,2025-05-23,CUS-00715,PRD-0026,8,"4,150","33,200",
ORD-2025-024334,2025-05-23,CUS-00271,PRD-0031,3,"36,660","109,980",
ORD-2025-024337,2025-05-23,CUS-00213,PRD-0037,4,"25,650","102,600",
ORD-2025-024345,2025-05-23,CUS-02420,PRD-0057,12,"18,040","216,480",
ORD-2025-024347,2025-05-23,CUS-01525,PRD-0060,22,"57,540","1,265,880",
ORD-2025-024351,2025-05-23,CUS-00978,PRD-0065,4,"34,000","136,000",
ORD-2025-024359,2025-05-23,CUS-02098,PRD-0078,27,"33,720","910,440",
ORD-2025-024360,2025-05-23,CUS-01328,PRD-0078,12,"33,720","404,640",
ORD-2025-024374,2025-05-23,CUS-01198,PRD-0090,16,"37,690","603,040",
ORD-2025-024379,2025-05-23,CUS-00792,PRD-0098,4,"15,320","61,280",
ORD-2025-024398,2025-05-23,CUS-01768,PRD-0125,12,"15,380","184,560",
ORD-2025-024399,2025-05-23,CUS-00164,PRD-0127,11,"16,760","184,360",
ORD-2025-024401,2025-05-23,CUS-01237,PRD-0133,3,"27,960","83,880",
ORD-2025-024402,2025-05-23,CUS-02417,PRD-0134,2,"34,970","69,940",
ORD-2025-024418,2025-05-23,CUS-01148,PRD-0151,3,"42,840","128,520",
ORD-2025-024426,2025-05-23,,PRD-0161,7,"32,640","228,480",
ORD-2025-024427,2025-05-23,CUS-01001,PRD-0161,5,"32,640","163,200",
ORD-2025-024429,2025-05-23,CUS-01926,PRD-0164,3,"19,920","59,760",
ORD-2025-024431,2025-05-23,CUS-01007,PRD-0166,17,"25,650","436,050",
ORD-2025-024432,2025-05-23,CUS-02330,PRD-0168,11,"19,490","214,390",
ORD-2025-024440,2025-05-24,CUS-00373,PRD-0031,5,"36,660","183,300",
ORD-2025-024446,2025-05-24,CUS-02369,PRD-0054,24,"17,260","414,240",
ORD-2025-024449,2025-05-24,CUS-01137,PRD-0067,8,"12,380","99,040",
ORD-2025-024450,2025-05-24,CUS-02057,PRD-0068,4,"16,320","65,280",
ORD-2025-024458,2025-05-24,CUS-00397,PRD-0090,3,"37,690","113,070",
ORD-2025-024461,2025-05-24,CUS-00745,PRD-0093,14,"23,080","323,120",
ORD-2025-024464,2025-05-24,CUS-02161,PRD-0098,3,"15,320","45,960",
ORD-2025-024475,2025-05-24,CUS-00903,PRD-0125,8,"15,380","123,040",
ORD-2025-024476,2025-05-24,CUS-01303,PRD-0125,12,"15,380","184,560",
ORD-2025-024490,2025-05-24,CUS-00230,PRD-0161,9,"32,640","293,760",
ORD-2025-024494,2025-05-25,CUS-01353,PRD-0037,6,"25,650","153,900",
ORD-2025-024504,2025-05-25,CUS-00317,PRD-0127,29,"16,760","486,040",
ORD-2025-024514,2025-05-26,CUS-00867,PRD-0004,12,"4,490","53,880",
ORD-2025-024519,2025-05-26,CUS-00092,PRD-0019,9,"31,240","281,160",
ORD-2025-024521,2025-05-26,CUS-01864,PRD-0025,5,"5,090","25,450",
ORD-2025-024525,2025-05-26,CUS-01304,PRD-0039,11,"14,770","162,470",
ORD-2025-024534,2025-05-26,,PRD-0062,23,"17,890","411,470",
ORD-2025-024538,2025-05-26,CUS-00135,PRD-0072,12,"42,600","511,200",
ORD-2025-024556,2025-05-26,CUS-01920,PRD-0090,9,"37,690","339,210",
ORD-2025-024557,2025-05-26,CUS-01273,PRD-0090,8,"37,690","301,520",
ORD-2025-024558,2025-05-26,CUS-00492,PRD-0090,2,"37,690","75,380",
ORD-2025-024561,2025-05-26,CUS-02206,PRD-0093,3,"23,080","69,240",
ORD-2025-024568,2025-05-26,CUS-02480,PRD-0100,8,"20,780","166,240",
ORD-2025-024586,2025-05-26,CUS-00065,PRD-0125,4,"15,380","61,520",
ORD-2025-024587,2025-05-26,CUS-00790,PRD-0125,5,"15,380","76,900",
ORD-2025-024589,2025-05-26,CUS-00410,PRD-0126,17,"29,270","497,590",
ORD-2025-024592,2025-05-26,CUS-00822,PRD-0138,14,"27,020","378,280",
ORD-2025-024593,2025-05-26,,PRD-0138,15,"27,020","405,300",
ORD-2025-024598,2025-05-26,CUS-02481,PRD-0147,5,"32,330","161,650",
ORD-2025-024599,2025-05-26,CUS-01466,PRD-0150,3,"47,850","143,550",
ORD-2025-024605,2025-05-26,CUS-01580,PRD-0151,12,"42,840","514,080",
ORD-2025-024606,2025-05-26,CUS-02273,PRD-0151,11,"42,840","471,240",
ORD-2025-024610,2025-05-26,CUS-00392,PRD-0160,2,"32,940","65,880",
ORD-2025-024613,2025-05-27,CUS-01891,PRD-0006,6,"3,060","18,360",
ORD-2025-024622,2025-05-27,CUS-00164,PRD-0023,12,"16,940","203,280",
ORD-2025-024630,2025-05-27,CUS-00758,PRD-0078,4,"33,720","134,880",
ORD-2025-024634,2025-05-27,CUS-01466,PRD-0083,7,"23,690","165,830",
ORD-2025-024637,2025-05-27,,PRD-0086,6,"28,180","169,080",
ORD-2025-024642,2025-05-27,CUS-02040,PRD-0090,3,"37,690","113,070",
ORD-2025-024643,2025-05-27,CUS-02251,PRD-0090,14,"37,690","527,660",
ORD-2025-024645,2025-05-27,CUS-01277,PRD-0091,23,"27,010","621,230",
ORD-2025-024649,2025-05-27,CUS-01671,PRD-0106,10,"41,890","418,900",
ORD-2025-024650,2025-05-27,CUS-00408,PRD-0108,13,"30,750","399,750",
ORD-2025-024652,2025-05-27,CUS-00471,PRD-0115,1,"21,210","21,210",
ORD-2025-024661,2025-05-27,CUS-02267,PRD-0128,5,"20,590","102,950",
ORD-2025-024673,2025-05-27,CUS-00815,PRD-0151,8,"42,840","342,720",
ORD-2025-024686,2025-05-28,CUS-00691,PRD-0004,5,"4,490","22,450",
ORD-2025-024687,2025-05-28,CUS-01001,PRD-0008,8,"16,360","130,880",
ORD-2025-024690,2025-05-28,CUS-01122,PRD-0021,5,"19,390","96,950",
ORD-2025-024692,2025-05-28,CUS-00921,PRD-0039,4,"14,770","59,080",
ORD-2025-024696,2025-05-28,CUS-01453,PRD-0057,16,"18,040","288,640",
ORD-2025-024727,2025-05-28,CUS-01696,PRD-0090,15,"37,690","565,350",
ORD-2025-024728,2025-05-28,CUS-00605,PRD-0090,4,"37,690","150,760",
ORD-2025-024729,2025-05-28,CUS-02177,PRD-0090,4,"37,690","150,760",
ORD-2025-024730,2025-05-28,,PRD-0090,4,"37,690","150,760",
ORD-2025-024731,2025-05-28,CUS-00294,PRD-0101,4,"22,590","90,360",
ORD-2025-024733,2025-05-28,CUS-00458,PRD-0111,11,"12,240","134,640",
ORD-2025-024742,2025-05-28,CUS-01732,PRD-0122,54,"19,140","1,033,560",
ORD-2025-024749,2025-05-28,CUS-00294,PRD-0132,15,"38,360","575,400",
ORD-2025-024751,2025-05-28,CUS-00272,PRD-0135,6,"32,900","197,400",
ORD-2025-024752,2025-05-28,CUS-01139,PRD-0136,7,"54,950","384,650",
ORD-2025-024755,2025-05-28,CUS-01055,PRD-0145,20,"31,800","636,000",
ORD-2025-024763,2025-05-28,CUS-01538,PRD-0155,4,"65,880","263,520",
ORD-2025-024765,2025-05-28,CUS-01476,PRD-0156,12,"58,570","702,840",
ORD-2025-024778,2025-05-29,CUS-00608,PRD-0013,7,"11,970","83,790",
ORD-2025-024782,2025-05-29,CUS-01910,PRD-0023,5,"16,940","84,700",
ORD-2025-024786,2025-05-29,CUS-00153,PRD-0034,3,"15,350","46,050",
ORD-2025-024790,2025-05-29,CUS-01186,PRD-0039,6,"14,770","88,620",
ORD-2025-024804,2025-05-29,CUS-00283,PRD-0083,4,"23,690","94,760",
ORD-2025-024805,2025-05-29,CUS-00424,PRD-0083,2,"23,690","47,380",
ORD-2025-024810,2025-05-29,CUS-01221,PRD-0086,5,"28,180","140,900",
ORD-2025-024819,2025-05-29,CUS-01383,PRD-0090,16,"37,690","603,040",
ORD-2025-024820,2025-05-29,CUS-01385,PRD-0090,4,"37,690","150,760",
ORD-2025-024827,2025-05-29,CUS-00798,PRD-0100,3,"20,780","62,340",
ORD-2025-024828,2025-05-29,CUS-00311,PRD-0100,11,"20,780","228,580",
ORD-2025-024830,2025-05-29,CUS-02159,PRD-0118,4,"23,110","92,440",
ORD-2025-024833,2025-05-29,CUS-02032,PRD-0125,3,"15,380","46,140",
ORD-2025-024834,2025-05-29,CUS-01252,PRD-0125,13,"15,380","199,940",
ORD-2025-024842,2025-05-29,CUS-00988,PRD-0146,16,"34,820","557,120",
ORD-2025-024863,2025-05-29,CUS-00790,PRD-0162,7,"28,900","202,300",
ORD-2025-024867,2025-05-29,CUS-00820,PRD-0166,1,"25,650","25,650",
ORD-2025-024869,2025-05-29,CUS-01929,PRD-0170,14,"17,370","243,180",
ORD-2025-024880,2025-05-30,CUS-00789,PRD-0028,5,"4,910","24,550",
ORD-2025-024885,2025-05-30,CUS-01304,PRD-0045,17,"7,340","124,780",
ORD-2025-024886,2025-05-30,CUS-00837,PRD-0051,12,"43,070","516,840",
ORD-2025-024894,2025-05-30,CUS-01198,PRD-0076,3,"28,050","84,150",
ORD-2025-024895,2025-05-30,CUS-02151,PRD-0077,43,"31,120","1,338,160",
ORD-2025-024904,2025-05-30,CUS-01387,PRD-0086,7,"28,180","197,260",
ORD-2025-024908,2025-05-30,CUS-02480,PRD-0090,1,"37,690","37,690",
ORD-2025-024909,2025-05-30,CUS-01151,PRD-0090,5,"37,690","188,450",
ORD-2025-024915,2025-05-30,CUS-02291,PRD-0100,4,"20,780","83,120",
ORD-2025-024916,2025-05-30,CUS-00267,PRD-0103,11,"38,480","423,280",
ORD-2025-024917,2025-05-30,CUS-02273,PRD-0103,2,"38,480","76,960",
ORD-2025-024922,2025-05-30,CUS-01879,PRD-0108,88,"30,750","2,706,000",
ORD-2025-024924,2025-05-30,CUS-00048,PRD-0117,4,"17,520","70,080",
ORD-2025-024933,2025-05-30,CUS-00885,PRD-0125,15,"15,380","230,700",
ORD-2025-024952,2025-05-30,CUS-00796,PRD-0151,15,"42,840","642,600",
ORD-2025-024954,2025-05-30,CUS-00310,PRD-0153,25,"24,220","605,500",
ORD-2025-024955,2025-05-30,CUS-01092,PRD-0153,10,"24,220","242,200",
ORD-2025-024961,2025-05-30,CUS-02093,PRD-0161,10,"32,640","326,400",
ORD-2025-024962,2025-05-30,CUS-01974,PRD-0161,14,"32,640","456,960",
ORD-2025-024965,2025-05-30,CUS-02421,PRD-0166,17,"25,650","436,050",
ORD-2025-024967,2025-05-31,CUS-02145,PRD-0015,1,"8,500","8,500",
ORD-2025-024972,2025-05-31,CUS-01040,PRD-0028,3,"4,910","14,730",
ORD-2025-024976,2025-05-31,CUS-02272,PRD-0045,5,"7,340","36,700",
ORD-2025-024978,2025-05-31,CUS-01091,PRD-0057,8,"18,040","144,320",
ORD-2025-024979,2025-05-31,CUS-01387,PRD-0057,7,"18,040","126,280",
ORD-2025-025005,2025-05-31,,PRD-0125,7,"15,380","107,660",
ORD-2025-025007,2025-05-31,CUS-01057,PRD-0127,7,"16,760","117,320",
ORD-2025-025008,2025-05-31,CUS-00888,PRD-0142,9,"52,030","468,270",
ORD-2025-025013,2025-05-31,CUS-02355,PRD-0151,8,"42,840","342,720",
ORD-2025-025016,2025-05-31,CUS-01961,PRD-0166,8,"25,650","205,200",
ORD-2025-025021,2025-06-01,CUS-00163,PRD-0057,6,"18,040","108,240",
ORD-2025-025023,2025-06-01,CUS-00167,PRD-0063,6,"15,070","90,420",
ORD-2025-025025,2025-06-01,CUS-02444,PRD-0084,3,"27,760","83,280",
ORD-2025-025029,2025-06-01,CUS-00199,PRD-0121,2,"26,430","52,860",
ORD-2025-025030,2025-06-01,CUS-01988,PRD-0128,6,"20,590","123,540",
ORD-2025-025037,2025-06-01,CUS-00319,PRD-0161,22,"32,640","718,080",
ORD-2025-025038,2025-06-02,CUS-01040,PRD-0004,11,"4,490","49,390",
ORD-2025-025040,2025-06-02,CUS-00222,PRD-0017,7,"39,680","277,760",
ORD-2025-025046,2025-06-02,CUS-01453,PRD-0033,4,"11,040","44,160",
ORD-2025-025058,2025-06-02,CUS-00926,PRD-0071,12,"17,380","208,560",
ORD-2025-025063,2025-06-02,CUS-00342,PRD-0078,25,"33,720","843,000",
ORD-2025-025067,2025-06-02,CUS-00813,PRD-0083,5,"23,690","118,450",
ORD-2025-025079,2025-06-02,CUS-00771,PRD-0090,12,"37,690","452,280",
ORD-2025-025080,2025-06-02,CUS-01923,PRD-0090,2,"37,690","75,380",
ORD-2025-025081,2025-06-02,CUS-00139,PRD-0090,35,"37,690","1,319,150",
ORD-2025-025088,2025-06-02,CUS-00329,PRD-0100,6,"20,780","124,680",
ORD-2025-025092,2025-06-02,CUS-01832,PRD-0103,7,"38,480","269,360",
ORD-2025-025100,2025-06-02,CUS-01386,PRD-0125,3,"15,380","46,140",
ORD-2025-025116,2025-06-02,CUS-02261,PRD-0151,8,"42,840","342,720",
ORD-2025-025119,2025-06-02,CUS-00167,PRD-0153,2,"24,220","48,440",
ORD-2025-025124,2025-06-02,CUS-02072,PRD-0160,5,"32,940","164,700",
ORD-2025-025137,2025-06-03,CUS-00758,PRD-0026,1,"4,150","4,150",
ORD-2025-025139,2025-06-03,CUS-01285,PRD-0037,2,"25,650","51,300",
ORD-2025-025140,2025-06-03,CUS-02119,PRD-0039,4,"14,770","59,080",
ORD-2025-025165,2025-06-03,CUS-01200,PRD-0090,2,"37,690","75,380",
ORD-2025-025178,2025-06-03,CUS-02357,PRD-0118,4,"23,110","92,440",
ORD-2025-025197,2025-06-03,CUS-00813,PRD-0161,7,"32,640","228,480",
ORD-2025-025198,2025-06-03,CUS-00845,PRD-0161,4,"32,640","130,560",
ORD-2025-025205,2025-06-04,CUS-00359,PRD-0007,12,"17,070","204,840",
ORD-2025-025209,2025-06-04,CUS-00605,PRD-0023,4,"16,940","67,760",
ORD-2025-025212,2025-06-04,CUS-00035,PRD-0039,29,"14,770","428,330",
ORD-2025-025218,2025-06-04,CUS-01430,PRD-0060,1,"57,540","57,540",
ORD-2025-025221,2025-06-04,CUS-00198,PRD-0061,14,"16,320","228,480",
ORD-2025-025224,2025-06-04,CUS-00027,PRD-0076,7,"28,050","196,350",
ORD-2025-025225,2025-06-04,CUS-01592,PRD-0076,13,"28,050","364,650",
ORD-2025-025227,2025-06-04,CUS-00978,PRD-0077,2,"31,120","62,240",
ORD-2025-025238,2025-06-04,CUS-01865,PRD-0090,30,"37,690","1,130,700",
ORD-2025-025255,2025-06-04,CUS-01538,PRD-0134,2,"34,970","69,940",
ORD-2025-025262,2025-06-04,CUS-02278,PRD-0151,10,"42,840","428,400",
ORD-2025-025272,2025-06-05,CUS-01109,PRD-0004,4,"4,490","17,960",
ORD-2025-025281,2025-06-05,CUS-00635,PRD-0046,14,"17,360","243,040",
ORD-2025-025282,2025-06-05,CUS-01315,PRD-0047,11,"19,060","209,660",
ORD-2025-025287,2025-06-05,CUS-00311,PRD-0057,6,"18,040","108,240",
ORD-2025-025289,2025-06-05,CUS-02399,PRD-0068,11,"16,320","179,520",
ORD-2025-025307,2025-06-05,CUS-00702,PRD-0100,7,"20,780","145,460",
ORD-2025-025313,2025-06-05,CUS-02133,PRD-0115,9,"21,210","190,890",
ORD-2025-025314,2025-06-05,CUS-00317,PRD-0117,9,"17,520","157,680",
ORD-2025-025329,2025-06-05,CUS-02156,PRD-0150,12,"47,850","574,200",
ORD-2025-025334,2025-06-05,CUS-01753,PRD-0156,24,"58,570","1,405,680",
ORD-2025-025344,2025-06-06,CUS-00904,PRD-0020,8,"29,210","233,680",
ORD-2025-025357,2025-06-06,CUS-02023,PRD-0062,2,"17,890","35,780",
ORD-2025-025368,2025-06-06,CUS-01733,PRD-0082,3,"30,730","92,190",
ORD-2025-025377,2025-06-06,CUS-00205,PRD-0091,6,"27,010","162,060",
ORD-2025-025384,2025-06-06,CUS-00608,PRD-0108,7,"30,750","215,250",
ORD-2025-025389,2025-06-06,CUS-02002,PRD-0132,8,"38,360","306,880",
ORD-2025-025392,2025-06-06,CUS-02399,PRD-0139,4,"33,360","133,440",
ORD-2025-025400,2025-06-06,CUS-02073,PRD-0156,22,"58,570","1,288,540",
ORD-2025-025414,2025-06-07,CUS-02011,PRD-0064,8,"36,350","290,800",
ORD-2025-025415,2025-06-07,CUS-01315,PRD-0078,4,"33,720","134,880",
ORD-2025-025426,2025-06-07,CUS-01325,PRD-0090,14,"37,690","527,660",
ORD-2025-025429,2025-06-07,CUS-01191,PRD-0103,4,"38,480","153,920",
ORD-2025-025445,2025-06-07,CUS-00841,PRD-0145,6,"31,800","190,800",
ORD-2025-025446,2025-06-07,CUS-01929,PRD-0151,4,"42,840","171,360",
ORD-2025-025463,2025-06-08,CUS-00392,PRD-0068,7,"16,320","114,240",
ORD-2025-025465,2025-06-08,CUS-01498,PRD-0077,12,"31,120","373,440",
ORD-2025-025468,2025-06-08,CUS-01974,PRD-0090,4,"37,690","150,760",
ORD-2025-025469,2025-06-08,CUS-00129,PRD-0090,6,"37,690","226,140",
ORD-2025-025476,2025-06-08,CUS-00186,PRD-0108,12,"30,750","369,000",
ORD-2025-025477,2025-06-08,CUS-00199,PRD-0124,3,"8,790","26,370",
ORD-2025-025485,2025-06-08,CUS-02091,PRD-0166,11,"25,650","282,150",
ORD-2025-025497,2025-06-09,CUS-01968,PRD-0051,5,"43,070","215,350",
ORD-2025-025505,2025-06-09,CUS-02480,PRD-0077,6,"31,120","186,720",
ORD-2025-025510,2025-06-09,CUS-01511,PRD-0081,4,"42,190","168,760",
ORD-2025-025533,2025-06-09,CUS-02399,PRD-0118,6,"23,110","138,660",
ORD-2025-025537,2025-06-09,CUS-01466,PRD-0125,3,"15,380","46,140",
ORD-2025-025538,2025-06-09,CUS-01397,PRD-0125,7,"15,380","107,660",
ORD-2025-025551,2025-06-09,CUS-02278,PRD-0153,8,"24,220","193,760",
ORD-2025-025554,2025-06-09,,PRD-0157,4,"24,810","99,240",
ORD-2025-025559,2025-06-09,CUS-01474,PRD-0164,3,"19,920","59,760",
ORD-2025-025561,2025-06-09,CUS-00112,PRD-0165,5,"23,380","116,900",
ORD-2025-025568,2025-06-10,CUS-01179,PRD-0012,5,"18,410","92,050",
ORD-2025-025574,2025-06-10,CUS-00025,PRD-0034,3,"15,350","46,050",
ORD-2025-025579,2025-06-10,CUS-02156,PRD-0047,4,"19,060","76,240",
ORD-2025-025582,2025-06-10,CUS-01890,PRD-0055,11,"16,990","186,890",
ORD-2025-025591,2025-06-10,CUS-00789,PRD-0077,10,"31,120","311,200",
ORD-2025-025596,2025-06-10,CUS-02052,PRD-0085,13,"32,580","423,540",
ORD-2025-025600,2025-06-10,CUS-01880,PRD-0086,4,"28,180","112,720",
ORD-2025-025611,2025-06-10,CUS-01946,PRD-0090,15,"37,690","565,350",
ORD-2025-025612,2025-06-10,CUS-01354,PRD-0090,7,"37,690","263,830",
ORD-2025-025613,2025-06-10,CUS-02115,PRD-0090,3,"37,690","113,070",
ORD-2025-025614,2025-06-10,CUS-01040,PRD-0090,18,"37,690","678,420",
ORD-2025-025615,2025-06-10,CUS-00477,PRD-0090,9,"37,690","339,210",
ORD-2025-025639,2025-06-10,CUS-02450,PRD-0123,3,"14,410","43,230",
ORD-2025-025643,2025-06-10,CUS-00342,PRD-0132,4,"38,360","153,440",
ORD-2025-025667,2025-06-11,CUS-01788,PRD-0031,8,"36,660","293,280",
ORD-2025-025668,2025-06-11,CUS-02420,PRD-0031,4,"36,660","146,640",
ORD-2025-025675,2025-06-11,CUS-00644,PRD-0051,9,"43,070","387,630",
ORD-2025-025680,2025-06-11,CUS-01765,PRD-0062,10,"17,890","178,900",
ORD-2025-025681,2025-06-11,CUS-01981,PRD-0067,7,"12,380","86,660",
ORD-2025-025695,2025-06-11,CUS-01910,PRD-0090,6,"37,690","226,140",
ORD-2025-025699,2025-06-11,CUS-01426,PRD-0108,14,"30,750","430,500",
ORD-2025-025705,2025-06-11,CUS-00406,PRD-0120,55,"14,740","810,700",
ORD-2025-025708,2025-06-11,CUS-00478,PRD-0125,3,"15,380","46,140",
ORD-2025-025720,2025-06-11,CUS-01663,PRD-0151,2,"42,840","85,680",
ORD-2025-025729,2025-06-12,CUS-01498,PRD-0004,7,"4,490","31,430",
ORD-2025-025743,2025-06-12,CUS-01511,PRD-0039,7,"14,770","103,390",
ORD-2025-025767,2025-06-12,CUS-00823,PRD-0090,9,"37,690","339,210",
ORD-2025-025768,2025-06-12,CUS-00345,PRD-0090,2,"37,690","75,380",
ORD-2025-025771,2025-06-12,CUS-00428,PRD-0093,5,"23,080","115,400",
ORD-2025-025775,2025-06-12,CUS-00468,PRD-0098,4,"15,320","61,280",
ORD-2025-025781,2025-06-12,CUS-02029,PRD-0100,3,"20,780","62,340",
ORD-2025-025789,2025-06-12,CUS-00631,PRD-0131,5,"31,140","155,700",
ORD-2025-025795,2025-06-12,CUS-01657,PRD-0144,8,"31,990","255,920",
ORD-2025-025802,2025-06-12,CUS-01313,PRD-0156,4,"58,570","234,280",
ORD-2025-025804,2025-06-12,CUS-00377,PRD-0157,4,"24,810","99,240",
ORD-2025-025823,2025-06-13,CUS-00894,PRD-0065,5,"34,000","170,000",
ORD-2025-025826,2025-06-13,CUS-02417,PRD-0076,11,"28,050","308,550",
ORD-2025-025828,2025-06-13,CUS-00036,PRD-0079,6,"46,870","281,220",
ORD-2025-025836,2025-06-13,CUS-01087,PRD-0085,10,"32,580","325,800",
ORD-2025-025845,2025-06-13,CUS-01732,PRD-0090,4,"37,690","150,760",
ORD-2025-025846,2025-06-13,CUS-02461,PRD-0090,16,"37,690","603,040",
ORD-2025-025851,2025-06-13,CUS-02383,PRD-0100,3,"20,780","62,340",
ORD-2025-025857,2025-06-13,CUS-01072,PRD-0121,9,"26,430","237,870",
ORD-2025-025858,2025-06-13,CUS-01010,PRD-0121,15,"26,430","396,450",
ORD-2025-025871,2025-06-13,CUS-01059,PRD-0155,5,"65,880","329,400",
ORD-2025-025873,2025-06-13,CUS-01981,PRD-0156,2,"58,570","117,140",
ORD-2025-025878,2025-06-13,CUS-00982,PRD-0165,8,"23,380","187,040",
ORD-2025-025879,2025-06-13,CUS-02207,PRD-0165,3,"23,380","70,140",
ORD-2025-025880,2025-06-13,CUS-00758,PRD-0166,9,"25,650","230,850",
ORD-2025-025884,2025-06-14,CUS-01012,PRD-0004,2,"4,490","8,980",
ORD-2025-025889,2025-06-14,CUS-01133,PRD-0037,4,"25,650","102,600",
ORD-2025-025890,2025-06-14,CUS-00433,PRD-0037,6,"25,650","153,900",
ORD-2025-025895,2025-06-14,CUS-01672,PRD-0079,4,"46,870","187,480",
ORD-2025-025898,2025-06-14,CUS-01456,PRD-0083,3,"23,690","71,070",
ORD-2025-025904,2025-06-14,CUS-00971,PRD-0090,11,"37,690","414,590",
ORD-2025-025905,2025-06-14,CUS-01672,PRD-0090,3,"37,690","113,070",
ORD-2025-025910,2025-06-14,CUS-00267,PRD-0100,4,"20,780","83,120",
ORD-2025-025911,2025-06-14,,PRD-0108,8,"30,750","246,000",
ORD-2025-025919,2025-06-14,CUS-02447,PRD-0125,2,"15,380","30,760",
ORD-2025-025920,2025-06-14,CUS-01700,PRD-0125,6,"15,380","92,280",
ORD-2025-025924,2025-06-14,CUS-00024,PRD-0132,5,"38,360","191,800",
ORD-2025-025927,2025-06-14,CUS-02181,PRD-0163,3,"27,790","83,370",
ORD-2025-025940,2025-06-15,,PRD-0078,3,"33,720","101,160",
ORD-2025-025941,2025-06-15,CUS-00349,PRD-0078,10,"33,720","337,200",
ORD-2025-025951,2025-06-15,CUS-00383,PRD-0125,7,"15,380","107,660",
ORD-2025-025953,2025-06-15,CUS-00926,PRD-0141,5,"38,600","193,000",
ORD-2025-025957,2025-06-15,CUS-00047,PRD-0165,5,"23,380","116,900",
ORD-2025-025969,2025-06-16,CUS-00773,PRD-0039,2,"14,770","29,540",
ORD-2025-025972,2025-06-16,CUS-01313,PRD-0046,7,"17,360","121,520",
ORD-2025-025984,2025-06-16,CUS-01104,PRD-0071,4,"17,380","69,520",
ORD-2025-026000,2025-06-16,CUS-00691,PRD-0086,2,"28,180","56,360",
ORD-2025-026001,2025-06-16,CUS-01581,PRD-0086,4,"28,180","112,720",
ORD-2025-026006,2025-06-16,CUS-01088,PRD-0090,6,"37,690","226,140",
ORD-2025-026016,2025-06-16,CUS-00798,PRD-0118,4,"23,110","92,440",
ORD-2025-026022,2025-06-16,CUS-02399,PRD-0127,11,"16,760","184,360",
ORD-2025-026025,2025-06-16,CUS-02407,PRD-0131,3,"31,140","93,420",
ORD-2025-026027,2025-06-16,CUS-00739,PRD-0138,5,"27,020","135,100",
ORD-2025-026028,2025-06-16,CUS-02357,PRD-0150,2,"47,850","95,700",
ORD-2025-026030,2025-06-16,CUS-00985,PRD-0151,4,"42,840","171,360",
ORD-2025-026038,2025-06-16,CUS-01200,PRD-0167,6,"14,020","84,120",
ORD-2025-026040,2025-06-17,CUS-00406,PRD-0010,7,"16,050","112,350",
ORD-2025-026043,2025-06-17,CUS-01196,PRD-0026,20,"4,150","83,000",
ORD-2025-026060,2025-06-17,CUS-01367,PRD-0068,5,"16,320","81,600",
ORD-2025-026061,2025-06-17,CUS-01151,PRD-0068,5,"16,320","81,600",
ORD-2025-026062,2025-06-17,CUS-00227,PRD-0070,13,"19,240","250,120",
ORD-2025-026077,2025-06-17,CUS-01095,PRD-0090,7,"37,690","263,830",
ORD-2025-026083,2025-06-17,CUS-02391,PRD-0098,3,"15,320","45,960",
ORD-2025-026087,2025-06-17,CUS-01361,PRD-0100,11,"20,780","228,580",
ORD-2025-026116,2025-06-18,CUS-02267,PRD-0007,4,"17,070","68,280",
ORD-2025-026119,2025-06-18,CUS-02447,PRD-0031,19,"36,660","696,540",
ORD-2025-026132,2025-06-18,CUS-02433,PRD-0064,19,"36,350","690,650",
ORD-2025-026143,2025-06-18,CUS-00634,PRD-0086,5,"28,180","140,900",
ORD-2025-026144,2025-06-18,CUS-02138,PRD-0086,4,"28,180","112,720",
ORD-2025-026150,2025-06-18,CUS-01386,PRD-0090,7,"37,690","263,830",
ORD-2025-026152,2025-06-18,CUS-02357,PRD-0097,5,"21,780","108,900",
ORD-2025-026156,2025-06-18,CUS-02450,PRD-0100,11,"20,780","228,580",
ORD-2025-026160,2025-06-18,CUS-01401,PRD-0108,5,"30,750","153,750",
ORD-2025-026161,2025-06-18,CUS-02290,PRD-0109,14,"30,700","429,800",
ORD-2025-026163,2025-06-18,CUS-00988,PRD-0116,27,"17,680","477,360",
ORD-2025-026170,2025-06-18,CUS-00131,PRD-0125,13,"15,380","199,940",
ORD-2025-026171,2025-06-18,CUS-00211,PRD-0125,6,"15,380","92,280",
ORD-2025-026182,2025-06-18,CUS-00271,PRD-0151,7,"42,840","299,880",
ORD-2025-026185,2025-06-18,CUS-02481,PRD-0156,5,"58,570","292,850",
ORD-2025-026201,2025-06-19,CUS-02417,PRD-0015,3,"8,500","25,500",
ORD-2025-026203,2025-06-19,CUS-01121,PRD-0016,3,"42,680","128,040",
ORD-2025-026206,2025-06-19,CUS-01560,PRD-0021,10,"19,390","193,900",
ORD-2025-026209,2025-06-19,CUS-00408,PRD-0028,9,"4,910","44,190",
ORD-2025-026215,2025-06-19,CUS-01396,PRD-0047,12,"19,060","228,720",
ORD-2025-026237,2025-06-19,CUS-00582,PRD-0086,14,"28,180","394,520",
ORD-2025-026248,2025-06-19,CUS-01319,PRD-0090,10,"37,690","376,900",
ORD-2025-026249,2025-06-19,CUS-01387,PRD-0090,12,"37,690","452,280",
ORD-2025-026252,2025-06-19,CUS-01071,PRD-0120,3,"14,740","44,220",
ORD-2025-026258,2025-06-19,CUS-02181,PRD-0149,6,"45,880","275,280",
ORD-2025-026266,2025-06-19,CUS-00918,PRD-0161,10,"32,640","326,400",
ORD-2025-026267,2025-06-19,CUS-02302,PRD-0166,6,"25,650","153,900",
ORD-2025-026271,2025-06-20,CUS-02436,PRD-0007,23,"17,070","392,610",
ORD-2025-026272,2025-06-20,CUS-00246,PRD-0007,19,"17,070","324,330",
ORD-2025-026281,2025-06-20,CUS-01009,PRD-0026,5,"4,150","20,750",
ORD-2025-026282,2025-06-20,CUS-01946,PRD-0026,12,"4,150","49,800",
ORD-2025-026285,2025-06-20,CUS-02447,PRD-0035,18,"13,660","245,880",
ORD-2025-026288,2025-06-20,,PRD-0037,7,"25,650","179,550",
ORD-2025-026289,2025-06-20,CUS-01768,PRD-0039,2,"14,770","29,540",
ORD-2025-026292,2025-06-20,CUS-01163,PRD-0046,4,"17,360","69,440",
ORD-2025-026303,2025-06-20,CUS-01935,PRD-0077,13,"31,120","404,560",
ORD-2025-026307,2025-06-20,CUS-00342,PRD-0079,9,"46,870","421,830",
ORD-2025-026349,2025-06-20,CUS-01879,PRD-0125,2,"15,380","30,760",
ORD-2025-026350,2025-06-20,CUS-00365,PRD-0128,6,"20,590","123,540",
ORD-2025-026354,2025-06-20,CUS-00151,PRD-0135,3,"32,900","98,700",
ORD-2025-026359,2025-06-20,CUS-01361,PRD-0151,4,"42,840","171,360",
ORD-2025-026360,2025-06-20,CUS-02073,PRD-0152,18,"24,900","448,200",
ORD-2025-026363,2025-06-20,CUS-00792,PRD-0157,8,"24,810","198,480",
ORD-2025-026367,2025-06-20,CUS-00246,PRD-0161,31,"32,640","1,011,840",
ORD-2025-026369,2025-06-20,CUS-00523,PRD-0164,3,"19,920","59,760",
ORD-2025-026373,2025-06-21,CUS-01856,PRD-0004,8,"4,490","35,920",
ORD-2025-026387,2025-06-21,CUS-01864,PRD-0068,12,"16,320","195,840",
ORD-2025-026388,2025-06-21,CUS-01881,PRD-0070,26,"19,240","500,240",
ORD-2025-026391,2025-06-21,CUS-00813,PRD-0079,11,"46,870","515,570",
ORD-2025-026398,2025-06-21,CUS-01938,PRD-0086,5,"28,180","140,900",
ORD-2025-026403,2025-06-21,CUS-01148,PRD-0090,10,"37,690","376,900",
ORD-2025-026404,2025-06-21,CUS-00329,PRD-0098,5,"15,320","76,600",
ORD-2025-026406,2025-06-21,CUS-02496,PRD-0100,7,"20,780","145,460",
ORD-2025-026411,2025-06-21,CUS-01651,PRD-0103,8,"38,480","307,840",
ORD-2025-026413,2025-06-21,CUS-01498,PRD-0106,1,"41,890","41,890",
ORD-2025-026417,2025-06-21,CUS-01010,PRD-0122,5,"19,140","95,700",
ORD-2025-026426,2025-06-21,CUS-00131,PRD-0151,8,"42,840","342,720",
ORD-2025-026427,2025-06-21,CUS-01883,PRD-0151,25,"42,840","1,071,000",
ORD-2025-026460,2025-06-22,CUS-00458,PRD-0120,8,"14,740","117,920",
ORD-2025-026465,2025-06-22,CUS-01193,PRD-0153,9,"24,220","217,980",
ORD-2025-026468,2025-06-22,CUS-00094,PRD-0164,11,"19,920","219,120",
ORD-2025-026482,2025-06-23,CUS-00025,PRD-0035,10,"13,660","136,600",
ORD-2025-026489,2025-06-23,,PRD-0051,6,"43,070","258,420",
ORD-2025-026500,2025-06-23,CUS-02474,PRD-0068,7,"16,320","114,240",
ORD-2025-026505,2025-06-23,CUS-01753,PRD-0078,6,"33,720","202,320",
ORD-2025-026509,2025-06-23,CUS-00480,PRD-0082,5,"30,730","153,650",
ORD-2025-026528,2025-06-23,CUS-01788,PRD-0090,2,"37,690","75,380",
ORD-2025-026529,2025-06-23,CUS-00521,PRD-0090,18,"37,690","678,420",
ORD-2025-026530,2025-06-23,CUS-00072,PRD-0090,3,"37,690","113,070",
ORD-2025-026538,2025-06-23,CUS-01724,PRD-0100,8,"20,780","166,240",
ORD-2025-026559,2025-06-23,CUS-00921,PRD-0135,6,"32,900","197,400",
ORD-2025-026561,2025-06-23,CUS-01303,PRD-0145,3,"31,800","95,400",
ORD-2025-026568,2025-06-23,CUS-01322,PRD-0160,11,"32,940","362,340",
ORD-2025-026569,2025-06-23,CUS-00141,PRD-0161,6,"32,640","195,840",
ORD-2025-026576,2025-06-24,CUS-00463,PRD-0002,3,"5,180","15,540",
ORD-2025-026579,2025-06-24,CUS-01821,PRD-0017,11,"39,680","436,480",
ORD-2025-026589,2025-06-24,CUS-00488,PRD-0057,2,"18,040","36,080",
ORD-2025-026592,2025-06-24,CUS-00617,PRD-0063,2,"15,070","30,140",
ORD-2025-026593,2025-06-24,CUS-01198,PRD-0064,4,"36,350","145,400",
ORD-2025-026594,2025-06-24,CUS-02029,PRD-0065,12,"34,000","408,000",
ORD-2025-026597,2025-06-24,CUS-01784,PRD-0074,9,"38,390","345,510",
ORD-2025-026602,2025-06-24,CUS-02057,PRD-0084,8,"27,760","222,080",
ORD-2025-026620,2025-06-24,CUS-01961,PRD-0100,2,"20,780","41,560",
ORD-2025-026622,2025-06-24,CUS-00240,PRD-0109,8,"30,700","245,600",
ORD-2025-026625,2025-06-24,CUS-00230,PRD-0120,12,"14,740","176,880",
ORD-2025-026626,2025-06-24,,PRD-0121,2,"26,430","52,860",
ORD-2025-026627,2025-06-24,CUS-00205,PRD-0122,4,"19,140","76,560",
ORD-2025-026630,2025-06-24,CUS-00780,PRD-0131,6,"31,140","186,840",
ORD-2025-026643,2025-06-24,CUS-01148,PRD-0152,4,"24,900","99,600",
ORD-2025-026645,2025-06-24,CUS-01663,PRD-0156,9,"58,570","527,130",
ORD-2025-026651,2025-06-24,CUS-00715,PRD-0166,9,"25,650","230,850",
ORD-2025-026652,2025-06-24,,PRD-0168,18,"19,490","350,820",
ORD-2025-026653,2025-06-24,CUS-00786,PRD-0169,14,"15,310","214,340",
ORD-2025-026658,2025-06-25,,PRD-0020,8,"29,210","233,680",
ORD-2025-026663,2025-06-25,CUS-00684,PRD-0048,6,"16,870","101,220",
ORD-2025-026668,2025-06-25,CUS-01221,PRD-0058,40,"17,980","719,200",
ORD-2025-026671,2025-06-25,CUS-02265,PRD-0064,31,"36,350","1,126,850",
ORD-2025-026672,2025-06-25,CUS-01961,PRD-0068,14,"16,320","228,480",
ORD-2025-026674,2025-06-25,CUS-01119,PRD-0076,3,"28,050","84,150",
ORD-2025-026675,2025-06-25,CUS-01769,PRD-0077,12,"31,120","373,440",
ORD-2025-026679,2025-06-25,CUS-01972,PRD-0080,5,"23,900","119,500",
ORD-2025-026681,2025-06-25,CUS-02290,PRD-0086,3,"28,180","84,540",
ORD-2025-026688,2025-06-25,CUS-01657,PRD-0090,12,"37,690","452,280",
ORD-2025-026690,2025-06-25,CUS-02176,PRD-0100,7,"20,780","145,460",
ORD-2025-026692,2025-06-25,CUS-00921,PRD-0118,32,"23,110","739,520",
ORD-2025-026694,2025-06-25,CUS-00582,PRD-0121,11,"26,430","290,730",
ORD-2025-026703,2025-06-25,CUS-00841,PRD-0150,8,"47,850","382,800",
ORD-2025-026704,2025-06-25,CUS-01883,PRD-0150,12,"47,850","574,200",
ORD-2025-026715,2025-06-25,CUS-01200,PRD-0166,6,"25,650","153,900",
ORD-2025-026719,2025-06-26,CUS-00317,PRD-0004,1,"4,490","4,490",
ORD-2025-026724,2025-06-26,CUS-01314,PRD-0016,16,"42,680","682,880",
ORD-2025-026734,2025-06-26,CUS-00956,PRD-0057,4,"18,040","72,160",
ORD-2025-026761,2025-06-26,CUS-00796,PRD-0123,19,"14,410","273,790",
ORD-2025-026762,2025-06-26,CUS-01560,PRD-0124,1,"8,790","8,790",
ORD-2025-026766,2025-06-26,CUS-00726,PRD-0125,4,"15,380","61,520",
ORD-2025-026768,2025-06-26,CUS-01477,PRD-0137,2,"27,650","55,300",
ORD-2025-026771,2025-06-26,CUS-01392,PRD-0151,2,"42,840","85,680",
ORD-2025-026781,2025-06-26,CUS-00112,PRD-0165,9,"23,380","210,420",
ORD-2025-026786,2025-06-26,CUS-01237,PRD-0166,14,"25,650","359,100",
ORD-2025-026788,2025-06-27,CUS-00342,PRD-0004,6,"4,490","26,940",
ORD-2025-026797,2025-06-27,CUS-01385,PRD-0031,7,"36,660","256,620",
ORD-2025-026798,2025-06-27,CUS-01059,PRD-0035,6,"13,660","81,960",
ORD-2025-026801,2025-06-27,CUS-02267,PRD-0047,3,"19,060","57,180",
ORD-2025-026802,2025-06-27,CUS-02046,PRD-0050,8,"5,420","43,360",
ORD-2025-026804,2025-06-27,CUS-00904,PRD-0061,24,"16,320","391,680",
ORD-2025-026808,2025-06-27,CUS-01471,PRD-0072,17,"42,600","724,200",
ORD-2025-026811,2025-06-27,CUS-01792,PRD-0076,13,"28,050","364,650",
ORD-2025-026815,2025-06-27,CUS-02417,PRD-0077,13,"31,120","404,560",
ORD-2025-026820,2025-06-27,CUS-00227,PRD-0085,12,"32,580","390,960",
ORD-2025-026828,2025-06-27,CUS-01354,PRD-0093,10,"23,080","230,800",
ORD-2025-026833,2025-06-27,CUS-00357,PRD-0098,6,"15,320","91,920",
ORD-2025-026838,2025-06-27,CUS-01392,PRD-0108,13,"30,750","399,750",
ORD-2025-026840,2025-06-27,CUS-01159,PRD-0110,2,"30,350","60,700",
ORD-2025-026844,2025-06-27,CUS-00938,PRD-0125,4,"15,380","61,520",
ORD-2025-026849,2025-06-27,CUS-00023,PRD-0135,8,"32,900","263,200",
ORD-2025-026863,2025-06-27,CUS-02462,PRD-0163,40,"27,790","1,111,600",
ORD-2025-026868,2025-06-28,CUS-01003,PRD-0004,14,"4,490","62,860",
ORD-2025-026875,2025-06-28,CUS-00211,PRD-0023,33,"16,940","559,020",
ORD-2025-026886,2025-06-28,CUS-00024,PRD-0075,9,"34,020","306,180",
ORD-2025-026902,2025-06-28,CUS-01538,PRD-0094,6,"22,360","134,160",
ORD-2025-026904,2025-06-28,CUS-01763,PRD-0098,5,"15,320","76,600",
ORD-2025-026905,2025-06-28,CUS-00748,PRD-0098,6,"15,320","91,920",
ORD-2025-026907,2025-06-28,CUS-02330,PRD-0107,8,"39,590","316,720",
ORD-2025-026911,2025-06-28,CUS-01055,PRD-0108,3,"30,750","92,250",
ORD-2025-026931,2025-06-28,CUS-00298,PRD-0161,19,"32,640","620,160",
ORD-2025-026932,2025-06-28,CUS-01247,PRD-0164,15,"19,920","298,800",
ORD-2025-026933,2025-06-28,CUS-01087,PRD-0165,3,"23,380","70,140",
ORD-2025-026952,2025-06-29,CUS-01087,PRD-0090,16,"37,690","603,040",
ORD-2025-026959,2025-06-29,CUS-01057,PRD-0115,6,"21,210","127,260",
ORD-2025-026964,2025-06-29,,PRD-0151,3,"42,840","128,520",
ORD-2025-026969,2025-06-30,CUS-01793,PRD-0005,6,"3,110","18,660",
ORD-2025-026973,2025-06-30,CUS-00054,PRD-0016,5,"42,680","213,400",
ORD-2025-026985,2025-06-30,CUS-00054,PRD-0052,3,"43,630","130,890",
ORD-2025-027001,2025-06-30,CUS-01137,PRD-0086,8,"28,180","225,440",
ORD-2025-027010,2025-06-30,CUS-02093,PRD-0098,5,"15,320","76,600",
ORD-2025-027013,2025-06-30,CUS-00792,PRD-0100,9,"20,780","187,020",
ORD-2025-027018,2025-06-30,CUS-01566,PRD-0115,4,"21,210","84,840",
ORD-2025-027025,2025-06-30,CUS-00971,PRD-0122,5,"19,140","95,700",
ORD-2025-027028,2025-06-30,CUS-01817,PRD-0128,9,"20,590","185,310",
ORD-2025-027029,2025-06-30,CUS-00689,PRD-0135,14,"32,900","460,600",
ORD-2025-027035,2025-06-30,CUS-00473,PRD-0147,8,"32,330","258,640",
ORD-2025-027046,2025-06-30,CUS-01247,PRD-0157,5,"24,810","124,050",
ORD-2025-027051,2025-06-30,CUS-00822,PRD-0161,3,"32,640","97,920",
ORD-2025-027057,2025-06-30,CUS-00514,PRD-0169,11,"15,310","168,410",
ORD-2025-027060,2025-07-01,CUS-00153,PRD-0004,9,"4,490","40,410",
ORD-2025-027062,2025-07-01,CUS-01696,PRD-0006,4,"3,060","12,240",
ORD-2025-027065,2025-07-01,CUS-01968,PRD-0024,5,"9,800","49,000",
ORD-2025-027077,2025-07-01,CUS-01226,PRD-0074,6,"38,390","230,340",
ORD-2025-027080,2025-07-01,CUS-01872,PRD-0077,6,"31,120","186,720",
ORD-2025-027102,2025-07-01,CUS-02227,PRD-0121,3,"26,430","79,290",
ORD-2025-027106,2025-07-01,CUS-01293,PRD-0124,8,"8,790","70,320",
ORD-2025-027114,2025-07-01,CUS-01471,PRD-0150,22,"47,850","1,052,700",
ORD-2025-027137,2025-07-02,CUS-00702,PRD-0045,5,"7,340","36,700",
ORD-2025-027146,2025-07-02,CUS-01646,PRD-0065,14,"34,000","476,000",
ORD-2025-027149,2025-07-02,CUS-01426,PRD-0070,7,"19,240","134,680",
ORD-2025-027167,2025-07-02,CUS-00976,PRD-0109,8,"30,700","245,600",
ORD-2025-027173,2025-07-02,CUS-01121,PRD-0122,4,"19,140","76,560",
ORD-2025-027176,2025-07-02,CUS-00222,PRD-0130,12,"13,600","163,200",
ORD-2025-027177,2025-07-02,CUS-02392,PRD-0132,6,"38,360","230,160",
ORD-2025-027185,2025-07-02,CUS-01756,PRD-0160,7,"32,940","230,580",
ORD-2025-027190,2025-07-03,CUS-01637,PRD-0011,12,"17,170","206,040",
ORD-2025-027199,2025-07-03,CUS-00702,PRD-0045,1,"7,340","7,340",
ORD-2025-027207,2025-07-03,CUS-00135,PRD-0062,8,"17,890","143,120",
ORD-2025-027213,2025-07-03,CUS-01087,PRD-0081,9,"42,190","379,710",
ORD-2025-027214,2025-07-03,CUS-00626,PRD-0083,9,"23,690","213,210",
ORD-2025-027216,2025-07-03,CUS-02317,PRD-0085,4,"32,580","130,320",
ORD-2025-027225,2025-07-03,CUS-01779,PRD-0100,1,"20,780","20,780",
ORD-2025-027226,2025-07-03,CUS-00780,PRD-0103,8,"38,480","307,840",
ORD-2025-027236,2025-07-03,CUS-00190,PRD-0125,4,"15,380","61,520",
ORD-2025-027237,2025-07-03,CUS-01657,PRD-0125,6,"15,380","92,280",
ORD-2025-027242,2025-07-03,CUS-01456,PRD-0143,4,"48,640","194,560",
ORD-2025-027244,2025-07-03,CUS-00635,PRD-0145,8,"31,800","254,400",
ORD-2025-027251,2025-07-03,CUS-02029,PRD-0156,1,"58,570","58,570",
ORD-2025-027252,2025-07-03,CUS-01095,PRD-0160,4,"32,940","131,760",
ORD-2025-027254,2025-07-03,CUS-01121,PRD-0163,3,"27,790","83,370",
ORD-2025-027259,2025-07-04,CUS-00183,PRD-0016,4,"42,680","170,720",
ORD-2025-027264,2025-07-04,CUS-01367,PRD-0039,6,"14,770","88,620",
ORD-2025-027270,2025-07-04,CUS-02358,PRD-0058,13,"17,980","233,740",
ORD-2025-027295,2025-07-04,CUS-02149,PRD-0090,5,"37,690","188,450",
ORD-2025-027297,2025-07-04,CUS-01844,PRD-0098,1,"15,320","15,320",
ORD-2025-027301,2025-07-04,CUS-01328,PRD-0108,8,"30,750","246,000",
ORD-2025-027302,2025-07-04,CUS-00164,PRD-0109,4,"30,700","122,800",
ORD-2025-027308,2025-07-04,CUS-01864,PRD-0121,8,"26,430","211,440",
ORD-2025-027310,2025-07-04,CUS-02047,PRD-0124,9,"8,790","79,110",
ORD-2025-027311,2025-07-04,CUS-02272,PRD-0125,16,"15,380","246,080",
ORD-2025-027312,2025-07-04,CUS-00934,PRD-0126,4,"29,270","117,080",
ORD-2025-027314,2025-07-04,CUS-01968,PRD-0131,5,"31,140","155,700",
ORD-2025-027317,2025-07-04,CUS-02291,PRD-0146,8,"34,820","278,560",
ORD-2025-027321,2025-07-04,CUS-00329,PRD-0151,12,"42,840","514,080",
ORD-2025-027335,2025-07-05,CUS-00355,PRD-0031,6,"36,660","219,960",
ORD-2025-027337,2025-07-05,CUS-01269,PRD-0037,1,"25,650","25,650",
ORD-2025-027338,2025-07-05,CUS-02138,PRD-0049,11,"18,190","200,090",
ORD-2025-027342,2025-07-05,CUS-01659,PRD-0060,8,"57,540","460,320",
ORD-2025-027348,2025-07-05,CUS-00644,PRD-0064,6,"36,350","218,100",
ORD-2025-027364,2025-07-05,CUS-01687,PRD-0145,4,"31,800","127,200",
ORD-2025-027380,2025-07-06,CUS-01059,PRD-0076,2,"28,050","56,100",
ORD-2025-027384,2025-07-06,CUS-00018,PRD-0090,7,"37,690","263,830",
ORD-2025-027391,2025-07-06,CUS-02330,PRD-0161,6,"32,640","195,840",
ORD-2025-027392,2025-07-06,CUS-02032,PRD-0165,11,"23,380","257,180",
ORD-2025-027393,2025-07-06,CUS-02161,PRD-0165,1,"23,380","23,380",
ORD-2025-027407,2025-07-07,CUS-01856,PRD-0035,4,"13,660","54,640",
ORD-2025-027412,2025-07-07,CUS-00934,PRD-0048,14,"16,870","236,180",
ORD-2025-027414,2025-07-07,CUS-00458,PRD-0051,4,"43,070","172,280",
ORD-2025-027430,2025-07-07,CUS-00272,PRD-0090,9,"37,690","339,210",
ORD-2025-027435,2025-07-07,CUS-02290,PRD-0109,22,"30,700","675,400",
ORD-2025-027445,2025-07-07,CUS-00023,PRD-0128,2,"20,590","41,180",
ORD-2025-027453,2025-07-07,CUS-02369,PRD-0151,4,"42,840","171,360",
ORD-2025-027454,2025-07-07,CUS-01700,PRD-0151,17,"42,840","728,280",
ORD-2025-027455,2025-07-07,CUS-00238,PRD-0151,5,"42,840","214,200",
ORD-2025-027456,2025-07-07,CUS-02421,PRD-0153,10,"24,220","242,200",
ORD-2025-027459,2025-07-07,CUS-00918,PRD-0156,14,"58,570","819,980",
ORD-2025-027460,2025-07-07,CUS-01988,PRD-0156,13,"58,570","761,410",
ORD-2025-027464,2025-07-07,CUS-00783,PRD-0169,7,"15,310","107,170",
ORD-2025-027471,2025-07-08,CUS-00026,PRD-0020,3,"29,210","87,630",
ORD-2025-027477,2025-07-08,CUS-01247,PRD-0039,3,"14,770","44,310",
ORD-2025-027482,2025-07-08,CUS-02055,PRD-0052,4,"43,630","174,520",
ORD-2025-027494,2025-07-08,CUS-02358,PRD-0082,9,"30,730","276,570",
ORD-2025-027495,2025-07-08,CUS-01566,PRD-0085,18,"32,580","586,440",
ORD-2025-027498,2025-07-08,CUS-00519,PRD-0086,6,"28,180","169,080",
ORD-2025-027505,2025-07-08,CUS-01221,PRD-0098,12,"15,320","183,840",
ORD-2025-027510,2025-07-08,CUS-00822,PRD-0103,2,"38,480","76,960",
ORD-2025-027518,2025-07-08,CUS-00608,PRD-0122,4,"19,140","76,560",
ORD-2025-027520,2025-07-08,CUS-02083,PRD-0125,14,"15,380","215,320",
ORD-2025-027535,2025-07-08,CUS-00044,PRD-0165,6,"23,380","140,280",
ORD-2025-027538,2025-07-09,CUS-01688,PRD-0006,11,"3,060","33,660",
ORD-2025-027539,2025-07-09,CUS-01055,PRD-0016,7,"42,680","298,760",
ORD-2025-027542,2025-07-09,,PRD-0024,4,"9,800","39,200",
ORD-2025-027551,2025-07-09,CUS-00956,PRD-0051,7,"43,070","301,490",
ORD-2025-027562,2025-07-09,CUS-01151,PRD-0069,21,"17,210","361,410",
ORD-2025-027564,2025-07-09,CUS-02023,PRD-0076,7,"28,050","196,350",
ORD-2025-027574,2025-07-09,CUS-00748,PRD-0083,6,"23,690","142,140",
ORD-2025-027591,2025-07-09,CUS-02344,PRD-0107,8,"39,590","316,720",
ORD-2025-027598,2025-07-09,CUS-01088,PRD-0120,15,"14,740","221,100",
ORD-2025-027602,2025-07-09,CUS-01779,PRD-0125,9,"15,380","138,420",
ORD-2025-027607,2025-07-09,CUS-01471,PRD-0135,12,"32,900","394,800",
ORD-2025-027620,2025-07-09,CUS-00231,PRD-0153,17,"24,220","411,740",
ORD-2025-027623,2025-07-09,CUS-00643,PRD-0156,5,"58,570","292,850",
ORD-2025-027628,2025-07-09,CUS-00198,PRD-0162,9,"28,900","260,100",
ORD-2025-027635,2025-07-10,CUS-01252,PRD-0023,10,"16,940","169,400",
ORD-2025-027644,2025-07-10,CUS-00938,PRD-0051,5,"43,070","215,350",
ORD-2025-027648,2025-07-10,CUS-00205,PRD-0062,3,"17,890","53,670",
ORD-2025-027660,2025-07-10,CUS-01560,PRD-0083,4,"23,690","94,760",
ORD-2025-027669,2025-07-10,CUS-02496,PRD-0090,15,"37,690","565,350",
ORD-2025-027670,2025-07-10,CUS-01865,PRD-0093,3,"23,080","69,240",
ORD-2025-027676,2025-07-10,CUS-01498,PRD-0113,6,"10,420","62,520",
ORD-2025-027684,2025-07-10,CUS-02102,PRD-0127,6,"16,760","100,560",
ORD-2025-027688,2025-07-10,CUS-00018,PRD-0141,4,"38,600","154,400",
ORD-2025-027703,2025-07-10,CUS-01148,PRD-0166,16,"25,650","410,400",
ORD-2025-027705,2025-07-11,CUS-01283,PRD-0011,4,"17,170","68,680",
ORD-2025-027706,2025-07-11,CUS-00424,PRD-0011,4,"17,170","68,680",
ORD-2025-027707,2025-07-11,CUS-00913,PRD-0013,11,"11,970","131,670",
ORD-2025-027710,2025-07-11,CUS-00531,PRD-0025,25,"5,090","127,250",
ORD-2025-027726,2025-07-11,CUS-01581,PRD-0068,4,"16,320","65,280",
ORD-2025-027732,2025-07-11,CUS-01092,PRD-0074,11,"38,390","422,290",
ORD-2025-027735,2025-07-11,CUS-00112,PRD-0077,17,"31,120","529,040",
ORD-2025-027736,2025-07-11,CUS-02363,PRD-0078,5,"33,720","168,600",
ORD-2025-027738,2025-07-11,CUS-00181,PRD-0082,8,"30,730","245,840",
ORD-2025-027745,2025-07-11,CUS-00205,PRD-0090,13,"37,690","489,970",
ORD-2025-027748,2025-07-11,CUS-00710,PRD-0107,8,"39,590","316,720",
ORD-2025-027751,2025-07-11,CUS-00151,PRD-0119,9,"21,950","197,550",
ORD-2025-027752,2025-07-11,CUS-01831,PRD-0119,6,"21,950","131,700",
ORD-2025-027757,2025-07-11,CUS-02328,PRD-0125,2,"15,380","30,760",
ORD-2025-027758,2025-07-11,CUS-01007,PRD-0128,5,"20,590","102,950",
ORD-2025-027760,2025-07-11,CUS-00404,PRD-0131,6,"31,140","186,840",
ORD-2025-027768,2025-07-11,,PRD-0151,3,"42,840","128,520",
ORD-2025-027769,2025-07-11,CUS-01318,PRD-0151,9,"42,840","385,560",
ORD-2025-027780,2025-07-11,CUS-01788,PRD-0164,11,"19,920","219,120",
ORD-2025-027782,2025-07-11,CUS-01367,PRD-0166,1,"25,650","25,650",
ORD-2025-027783,2025-07-11,CUS-02480,PRD-0166,3,"25,650","76,950",
ORD-2025-027786,2025-07-11,CUS-01897,PRD-0169,11,"15,310","168,410",
ORD-2025-027792,2025-07-12,CUS-01821,PRD-0019,4,"31,240","124,960",
ORD-2025-027793,2025-07-12,CUS-01415,PRD-0022,7,"11,680","81,760",
ORD-2025-027805,2025-07-12,CUS-01003,PRD-0077,6,"31,120","186,720",
ORD-2025-027806,2025-07-12,CUS-01784,PRD-0080,16,"23,900","382,400",
ORD-2025-027812,2025-07-12,CUS-00605,PRD-0086,4,"28,180","112,720",
ORD-2025-027818,2025-07-12,CUS-01181,PRD-0109,8,"30,700","245,600",
ORD-2025-027828,2025-07-12,CUS-01033,PRD-0151,14,"42,840","599,760",
ORD-2025-027829,2025-07-12,CUS-00770,PRD-0152,15,"24,900","373,500",
ORD-2025-027830,2025-07-12,CUS-02288,PRD-0155,4,"65,880","263,520",
ORD-2025-027835,2025-07-13,CUS-00135,PRD-0017,3,"39,680","119,040",
ORD-2025-027842,2025-07-13,CUS-01687,PRD-0081,9,"42,190","379,710",
ORD-2025-027844,2025-07-13,CUS-01538,PRD-0082,10,"30,730","307,300",
ORD-2025-027850,2025-07-13,CUS-02369,PRD-0125,16,"15,380","246,080",
ORD-2025-027857,2025-07-13,CUS-01055,PRD-0157,21,"24,810","521,010",
ORD-2025-027860,2025-07-13,CUS-02229,PRD-0161,3,"32,640","97,920",
ORD-2025-027868,2025-07-14,CUS-02011,PRD-0041,16,"6,830","109,280",
ORD-2025-027872,2025-07-14,CUS-02261,PRD-0050,12,"5,420","65,040",
ORD-2025-027883,2025-07-14,CUS-02376,PRD-0080,12,"23,900","286,800",
ORD-2025-027895,2025-07-14,CUS-01186,PRD-0090,36,"37,690","1,356,840",
ORD-2025-027902,2025-07-14,CUS-00549,PRD-0103,8,"38,480","307,840",
ORD-2025-027924,2025-07-14,CUS-02273,PRD-0144,4,"31,990","127,960",
ORD-2025-027932,2025-07-14,CUS-00884,PRD-0156,16,"58,570","937,120",
ORD-2025-027935,2025-07-14,CUS-00408,PRD-0165,8,"23,380","187,040",
ORD-2025-027943,2025-07-15,CUS-00468,PRD-0037,11,"25,650","282,150",
ORD-2025-027951,2025-07-15,CUS-00976,PRD-0062,25,"17,890","447,250",
ORD-2025-027952,2025-07-15,CUS-02317,PRD-0072,7,"42,600","298,200",
ORD-2025-027953,2025-07-15,CUS-01898,PRD-0074,5,"38,390","191,950",
ORD-2025-027957,2025-07-15,CUS-00789,PRD-0078,6,"33,720","202,320",
ORD-2025-027959,2025-07-15,CUS-01100,PRD-0080,23,"23,900","549,700",
ORD-2025-027976,2025-07-15,CUS-01319,PRD-0090,1,"37,690","37,690",
ORD-2025-027987,2025-07-15,CUS-01582,PRD-0123,14,"14,410","201,740",
ORD-2025-027995,2025-07-15,CUS-00190,PRD-0135,3,"32,900","98,700",
ORD-2025-028012,2025-07-15,CUS-00904,PRD-0170,11,"17,370","191,070",
ORD-2025-028021,2025-07-16,CUS-00969,PRD-0033,11,"11,040","121,440",
ORD-2025-028024,2025-07-16,CUS-00564,PRD-0040,4,"14,100","56,400",
ORD-2025-028030,2025-07-16,CUS-01926,PRD-0058,4,"17,980","71,920",
ORD-2025-028038,2025-07-16,CUS-01543,PRD-0065,8,"34,000","272,000",
ORD-2025-028039,2025-07-16,CUS-00026,PRD-0066,7,"51,920","363,440",
ORD-2025-028044,2025-07-16,CUS-01256,PRD-0076,8,"28,050","224,400",
ORD-2025-028049,2025-07-16,CUS-00390,PRD-0086,4,"28,180","112,720",
ORD-2025-028053,2025-07-16,CUS-00885,PRD-0090,9,"37,690","339,210",
ORD-2025-028054,2025-07-16,CUS-01500,PRD-0090,21,"37,690","791,490",
ORD-2025-028055,2025-07-16,CUS-00956,PRD-0090,4,"37,690","150,760",
ORD-2025-028056,2025-07-16,CUS-01628,PRD-0091,6,"27,010","162,060",
ORD-2025-028070,2025-07-16,CUS-01717,PRD-0125,4,"15,380","61,520",
ORD-2025-028092,2025-07-17,CUS-00841,PRD-0035,21,"13,660","286,860",
ORD-2025-028112,2025-07-17,CUS-00082,PRD-0077,3,"31,120","93,360",
ORD-2025-028121,2025-07-17,CUS-01256,PRD-0090,6,"37,690","226,140",
ORD-2025-028129,2025-07-17,CUS-01559,PRD-0100,3,"20,780","62,340",
ORD-2025-028149,2025-07-17,CUS-00471,PRD-0161,2,"32,640","65,280",
ORD-2025-028155,2025-07-18,CUS-01328,PRD-0004,3,"4,490","13,470",
ORD-2025-028161,2025-07-18,CUS-00298,PRD-0046,2,"17,360","34,720",
ORD-2025-028193,2025-07-18,CUS-01164,PRD-0117,12,"17,520","210,240",
ORD-2025-028199,2025-07-18,CUS-00796,PRD-0123,3,"14,410","43,230",
ORD-2025-028200,2025-07-18,CUS-01769,PRD-0124,11,"8,790","96,690",
ORD-2025-028202,2025-07-18,CUS-01471,PRD-0128,3,"20,590","61,770",
ORD-2025-028213,2025-07-18,CUS-02029,PRD-0161,4,"32,640","130,560",
ORD-2025-028217,2025-07-18,CUS-00514,PRD-0169,21,"15,310","321,510",
ORD-2025-028218,2025-07-18,CUS-00078,PRD-0169,2,"15,310","30,620",
ORD-2025-028228,2025-07-19,CUS-02251,PRD-0037,17,"25,650","436,050",
ORD-2025-028231,2025-07-19,CUS-01926,PRD-0052,2,"43,630","87,260",
ORD-2025-028245,2025-07-19,CUS-00726,PRD-0100,12,"20,780","249,360",
ORD-2025-028248,2025-07-19,CUS-00684,PRD-0113,13,"10,420","135,460",
ORD-2025-028256,2025-07-19,CUS-00792,PRD-0145,19,"31,800","604,200",
ORD-2025-028258,2025-07-19,CUS-01472,PRD-0151,16,"42,840","685,440",
ORD-2025-028259,2025-07-19,CUS-02268,PRD-0151,7,"42,840","299,880",
ORD-2025-028260,2025-07-19,CUS-01500,PRD-0151,3,"42,840","128,520",
ORD-2025-028266,2025-07-20,CUS-00640,PRD-0006,4,"3,060","12,240",
ORD-2025-028271,2025-07-20,CUS-00884,PRD-0079,4,"46,870","187,480",
ORD-2025-028279,2025-07-20,CUS-00164,PRD-0108,4,"30,750","123,000",
ORD-2025-028280,2025-07-20,CUS-01651,PRD-0115,28,"21,210","593,880",
ORD-2025-028281,2025-07-20,CUS-02133,PRD-0115,3,"21,210","63,630",
ORD-2025-028296,2025-07-21,CUS-02274,PRD-0023,7,"16,940","118,580",
ORD-2025-028298,2025-07-21,CUS-01376,PRD-0026,34,"4,150","141,100",
ORD-2025-028299,2025-07-21,CUS-01832,PRD-0026,15,"4,150","62,250",
ORD-2025-028303,2025-07-21,CUS-02100,PRD-0035,13,"13,660","177,580",
ORD-2025-028310,2025-07-21,CUS-00386,PRD-0060,15,"57,540","863,100",
ORD-2025-028319,2025-07-21,CUS-01912,PRD-0077,5,"31,120","155,600",
ORD-2025-028332,2025-07-21,CUS-00745,PRD-0090,19,"37,690","716,110",
ORD-2025-028333,2025-07-21,CUS-02273,PRD-0090,4,"37,690","150,760",
ORD-2025-028334,2025-07-21,CUS-01578,PRD-0091,21,"27,010","567,210",
ORD-2025-028355,2025-07-21,CUS-01173,PRD-0135,8,"32,900","263,200",
ORD-2025-028379,2025-07-21,CUS-00294,PRD-0170,12,"17,370","208,440",
ORD-2025-028381,2025-07-22,CUS-02481,PRD-0004,4,"4,490","17,960",
ORD-2025-028387,2025-07-22,,PRD-0020,7,"29,210","204,470",
ORD-2025-028390,2025-07-22,CUS-01688,PRD-0037,8,"25,650","205,200",
ORD-2025-028392,2025-07-22,CUS-00790,PRD-0047,10,"19,060","190,600",
ORD-2025-028404,2025-07-22,CUS-00151,PRD-0083,4,"23,690","94,760",
ORD-2025-028413,2025-07-22,CUS-00996,PRD-0090,2,"37,690","75,380",
ORD-2025-028414,2025-07-22,CUS-01450,PRD-0091,40,"27,010","1,080,400",
ORD-2025-028415,2025-07-22,CUS-01181,PRD-0092,12,"30,260","363,120",
ORD-2025-028417,2025-07-22,CUS-01754,PRD-0093,9,"23,080","207,720",
ORD-2025-028418,2025-07-22,CUS-01646,PRD-0093,7,"23,080","161,560",
ORD-2025-028426,2025-07-22,CUS-00348,PRD-0100,17,"20,780","353,260",
ORD-2025-028428,2025-07-22,CUS-01181,PRD-0103,11,"38,480","423,280",
ORD-2025-028442,2025-07-22,CUS-01543,PRD-0142,4,"52,030","208,120",
ORD-2025-028445,2025-07-22,CUS-00024,PRD-0147,2,"32,330","64,660",
ORD-2025-028450,2025-07-22,CUS-02023,PRD-0151,6,"42,840","257,040",
ORD-2025-028454,2025-07-22,CUS-01240,PRD-0160,9,"32,940","296,460",
ORD-2025-028462,2025-07-23,CUS-01022,PRD-0016,6,"42,680","256,080",
ORD-2025-028469,2025-07-23,CUS-01003,PRD-0040,8,"14,100","112,800",
ORD-2025-028472,2025-07-23,CUS-02330,PRD-0047,10,"19,060","190,600",
ORD-2025-028473,2025-07-23,CUS-01930,PRD-0050,5,"5,420","27,100",
ORD-2025-028476,2025-07-23,CUS-02073,PRD-0051,3,"43,070","129,210",
ORD-2025-028479,2025-07-23,CUS-01657,PRD-0061,31,"16,320","505,920",
ORD-2025-028491,2025-07-23,CUS-00109,PRD-0086,11,"28,180","309,980",
ORD-2025-028496,2025-07-23,CUS-00025,PRD-0090,44,"37,690","1,658,360",
ORD-2025-028501,2025-07-23,CUS-00403,PRD-0100,5,"20,780","103,900",
ORD-2025-028532,2025-07-23,CUS-00151,PRD-0160,2,"32,940","65,880",
ORD-2025-028538,2025-07-23,CUS-02436,PRD-0166,10,"25,650","256,500",
ORD-2025-028545,2025-07-24,CUS-01606,PRD-0004,7,"4,490","31,430",
ORD-2025-028547,2025-07-24,CUS-00635,PRD-0020,1,"29,210","29,210",
ORD-2025-028550,2025-07-24,CUS-02326,PRD-0041,11,"6,830","75,130",
ORD-2025-028563,2025-07-24,CUS-01663,PRD-0077,7,"31,120","217,840",
ORD-2025-028575,2025-07-24,CUS-02496,PRD-0090,27,"37,690","1,017,630",
ORD-2025-028576,2025-07-24,CUS-00298,PRD-0090,5,"37,690","188,450",
ORD-2025-028577,2025-07-24,CUS-01240,PRD-0090,5,"37,690","188,450",
ORD-2025-028583,2025-07-24,CUS-01322,PRD-0106,6,"41,890","251,340",
ORD-2025-028584,2025-07-24,,PRD-0108,6,"30,750","184,500",
ORD-2025-028587,2025-07-24,CUS-00888,PRD-0123,6,"14,410","86,460",
ORD-2025-028590,2025-07-24,CUS-00888,PRD-0135,13,"32,900","427,700",
ORD-2025-028591,2025-07-24,CUS-00134,PRD-0142,7,"52,030","364,210",
ORD-2025-028602,2025-07-24,CUS-01430,PRD-0151,3,"42,840","128,520",
ORD-2025-028603,2025-07-24,CUS-00726,PRD-0151,19,"42,840","813,960",
ORD-2025-028606,2025-07-24,CUS-01663,PRD-0161,5,"32,640","163,200",
ORD-2025-028612,2025-07-25,CUS-01386,PRD-0018,4,"62,570","250,280",
ORD-2025-028614,2025-07-25,CUS-01456,PRD-0051,4,"43,070","172,280",
ORD-2025-028617,2025-07-25,CUS-01481,PRD-0060,2,"57,540","115,080",
ORD-2025-028619,2025-07-25,CUS-01779,PRD-0067,3,"12,380","37,140",
ORD-2025-028624,2025-07-25,CUS-01637,PRD-0077,15,"31,120","466,800",
ORD-2025-028625,2025-07-25,CUS-00134,PRD-0078,4,"33,720","134,880",
ORD-2025-028631,2025-07-25,CUS-02083,PRD-0082,9,"30,730","276,570",
ORD-2025-028632,2025-07-25,CUS-01806,PRD-0082,15,"30,730","460,950",
ORD-2025-028633,2025-07-25,CUS-02421,PRD-0085,6,"32,580","195,480",
ORD-2025-028638,2025-07-25,CUS-01481,PRD-0098,17,"15,320","260,440",
ORD-2025-028647,2025-07-25,CUS-00508,PRD-0121,1,"26,430","26,430",
ORD-2025-028658,2025-07-25,CUS-00895,PRD-0141,13,"38,600","501,800",
ORD-2025-028660,2025-07-25,CUS-01918,PRD-0144,4,"31,990","127,960",
ORD-2025-028664,2025-07-25,CUS-01426,PRD-0151,3,"42,840","128,520",
ORD-2025-028673,2025-07-26,CUS-00410,PRD-0004,6,"4,490","26,940",
ORD-2025-028680,2025-07-26,CUS-01151,PRD-0018,4,"62,570","250,280",
ORD-2025-028702,2025-07-26,CUS-02083,PRD-0108,2,"30,750","61,500",
ORD-2025-028708,2025-07-26,CUS-00841,PRD-0137,14,"27,650","387,100",
ORD-2025-028727,2025-07-26,CUS-02267,PRD-0161,21,"32,640","685,440",
ORD-2025-028728,2025-07-26,CUS-01471,PRD-0165,5,"23,380","116,900",
ORD-2025-028730,2025-07-27,CUS-00092,PRD-0004,12,"4,490","53,880",
ORD-2025-028739,2025-07-27,CUS-01203,PRD-0077,6,"31,120","186,720",
ORD-2025-028740,2025-07-27,CUS-00230,PRD-0078,4,"33,720","134,880",
ORD-2025-028751,2025-07-27,CUS-01607,PRD-0151,5,"42,840","214,200",
ORD-2025-028754,2025-07-27,CUS-00641,PRD-0166,6,"25,650","153,900",
ORD-2025-028774,2025-07-28,CUS-01890,PRD-0055,3,"16,990","50,970",
ORD-2025-028776,2025-07-28,CUS-00789,PRD-0057,2,"18,040","36,080",
ORD-2025-028778,2025-07-28,CUS-01284,PRD-0062,11,"17,890","196,790",
ORD-2025-028783,2025-07-28,CUS-01109,PRD-0076,7,"28,050","196,350",
ORD-2025-028784,2025-07-28,CUS-00044,PRD-0077,1,"31,120","31,120",
ORD-2025-028789,2025-07-28,CUS-00298,PRD-0085,10,"32,580","325,800",
ORD-2025-028797,2025-07-28,CUS-02055,PRD-0090,7,"37,690","263,830",
ORD-2025-028814,2025-07-28,CUS-02108,PRD-0130,5,"13,600","68,000",
ORD-2025-028825,2025-07-28,CUS-00151,PRD-0156,14,"58,570","819,980",
ORD-2025-028838,2025-07-29,CUS-01325,PRD-0023,8,"16,940","135,520",
ORD-2025-028841,2025-07-29,CUS-01137,PRD-0050,1,"5,420","5,420",
ORD-2025-028851,2025-07-29,CUS-01946,PRD-0075,13,"34,020","442,260",
ORD-2025-028858,2025-07-29,CUS-01930,PRD-0084,4,"27,760","111,040",
ORD-2025-028860,2025-07-29,CUS-02421,PRD-0086,6,"28,180","169,080",
ORD-2025-028864,2025-07-29,CUS-00054,PRD-0090,20,"37,690","753,800",
ORD-2025-028874,2025-07-29,CUS-01369,PRD-0109,4,"30,700","122,800",
ORD-2025-028880,2025-07-29,CUS-02040,PRD-0125,11,"15,380","169,180",
ORD-2025-028881,2025-07-29,CUS-01923,PRD-0125,21,"15,380","322,980",
ORD-2025-028884,2025-07-29,CUS-00643,PRD-0140,9,"27,740","249,660",
ORD-2025-028887,2025-07-29,CUS-01318,PRD-0146,3,"34,820","104,460",
ORD-2025-028890,2025-07-29,CUS-01559,PRD-0151,19,"42,840","813,960",
ORD-2025-028903,2025-07-30,CUS-01898,PRD-0035,2,"13,660","27,320",
ORD-2025-028906,2025-07-30,CUS-00205,PRD-0046,1,"17,360","17,360",
ORD-2025-028912,2025-07-30,CUS-01196,PRD-0057,11,"18,040","198,440",
ORD-2025-028917,2025-07-30,CUS-01720,PRD-0072,15,"42,600","639,000",
ORD-2025-028918,2025-07-30,CUS-02011,PRD-0079,6,"46,870","281,220",
ORD-2025-028920,2025-07-30,CUS-00044,PRD-0082,2,"30,730","61,460",
ORD-2025-028931,2025-07-30,CUS-00018,PRD-0090,8,"37,690","301,520",
ORD-2025-028941,2025-07-30,CUS-00027,PRD-0121,7,"26,430","185,010",
ORD-2025-028945,2025-07-30,CUS-02108,PRD-0131,9,"31,140","280,260",
ORD-2025-028950,2025-07-30,CUS-00094,PRD-0145,2,"31,800","63,600",
ORD-2025-028993,2025-07-31,CUS-02176,PRD-0090,11,"37,690","414,590",
ORD-2025-028997,2025-07-31,CUS-00473,PRD-0096,3,"23,060","69,180",
ORD-2025-028998,2025-07-31,CUS-00978,PRD-0098,4,"15,320","61,280",
ORD-2025-029000,2025-07-31,CUS-00582,PRD-0100,11,"20,780","228,580",
ORD-2025-029001,2025-07-31,CUS-02326,PRD-0100,10,"20,780","207,800",
ORD-2025-029003,2025-07-31,CUS-00468,PRD-0103,6,"38,480","230,880",
ORD-2025-029004,2025-07-31,CUS-02052,PRD-0108,14,"30,750","430,500",
ORD-2025-029005,2025-07-31,CUS-01122,PRD-0108,10,"30,750","307,500",
ORD-2025-029024,2025-07-31,CUS-00365,PRD-0153,2,"24,220","48,440",
ORD-2025-029045,2025-08-01,CUS-01378,PRD-0022,5,"11,680","58,400",
ORD-2025-029055,2025-08-01,CUS-00788,PRD-0057,6,"18,040","108,240",
ORD-2025-029056,2025-08-01,CUS-01361,PRD-0057,4,"18,040","72,160",
ORD-2025-029057,2025-08-01,CUS-01582,PRD-0062,19,"17,890","339,910",
ORD-2025-029064,2025-08-01,CUS-01961,PRD-0077,12,"31,120","373,440",
ORD-2025-029065,2025-08-01,CUS-01881,PRD-0077,26,"31,120","809,120",
ORD-2025-029084,2025-08-01,CUS-00753,PRD-0120,6,"14,740","88,440",
ORD-2025-029089,2025-08-01,CUS-02067,PRD-0125,4,"15,380","61,520",
ORD-2025-029090,2025-08-01,CUS-02302,PRD-0125,4,"15,380","61,520",
ORD-2025-029095,2025-08-01,CUS-00471,PRD-0151,8,"42,840","342,720",
ORD-2025-029097,2025-08-01,CUS-00463,PRD-0154,6,"42,470","254,820",
ORD-2025-029110,2025-08-02,CUS-00142,PRD-0001,7,"4,970","34,790",
ORD-2025-029114,2025-08-02,CUS-01269,PRD-0010,11,"16,050","176,550",
ORD-2025-029116,2025-08-02,CUS-00689,PRD-0016,1,"42,680","42,680",
ORD-2025-029119,2025-08-02,CUS-00549,PRD-0031,1,"36,660","36,660",
ORD-2025-029123,2025-08-02,CUS-01007,PRD-0037,7,"25,650","179,550",
ORD-2025-029127,2025-08-02,CUS-00406,PRD-0062,7,"17,890","125,230",
ORD-2025-029133,2025-08-02,CUS-01769,PRD-0085,11,"32,580","358,380",
ORD-2025-029134,2025-08-02,CUS-01559,PRD-0086,14,"28,180","394,520",
ORD-2025-029135,2025-08-02,CUS-00492,PRD-0086,5,"28,180","140,900",
ORD-2025-029150,2025-08-02,CUS-01474,PRD-0151,6,"42,840","257,040",
ORD-2025-029164,2025-08-03,CUS-01221,PRD-0042,5,"26,200","131,000",
ORD-2025-029167,2025-08-03,CUS-01457,PRD-0074,2,"38,390","76,780",
ORD-2025-029170,2025-08-03,CUS-02370,PRD-0090,4,"37,690","150,760",
ORD-2025-029171,2025-08-03,CUS-00164,PRD-0094,13,"22,360","290,680",
ORD-2025-029172,2025-08-03,CUS-00985,PRD-0102,3,"17,050","51,150",
ORD-2025-029173,2025-08-03,CUS-02462,PRD-0115,16,"21,210","339,360",
ORD-2025-029179,2025-08-04,CUS-01456,PRD-0001,7,"4,970","34,790",
ORD-2025-029194,2025-08-04,CUS-02447,PRD-0037,4,"25,650","102,600",
ORD-2025-029196,2025-08-04,CUS-00164,PRD-0040,4,"14,100","56,400",
ORD-2025-029197,2025-08-04,CUS-01566,PRD-0047,6,"19,060","114,360",
ORD-2025-029203,2025-08-04,CUS-00284,PRD-0069,10,"17,210","172,100",
ORD-2025-029204,2025-08-04,CUS-02145,PRD-0072,13,"42,600","553,800",
ORD-2025-029207,2025-08-04,CUS-00054,PRD-0077,11,"31,120","342,320",
ORD-2025-029209,2025-08-04,CUS-00905,PRD-0083,38,"23,690","900,220",
ORD-2025-029213,2025-08-04,CUS-01988,PRD-0086,28,"28,180","789,040",
ORD-2025-029219,2025-08-04,CUS-02376,PRD-0093,5,"23,080","115,400",
ORD-2025-029222,2025-08-04,CUS-00882,PRD-0102,5,"17,050","85,250",
ORD-2025-029223,2025-08-04,CUS-00342,PRD-0102,3,"17,050","51,150",
ORD-2025-029230,2025-08-04,CUS-00097,PRD-0122,8,"19,140","153,120",
ORD-2025-029233,2025-08-04,CUS-00628,PRD-0125,2,"15,380","30,760",
ORD-2025-029248,2025-08-04,CUS-00271,PRD-0151,8,"42,840","342,720",
ORD-2025-029262,2025-08-05,CUS-00767,PRD-0019,3,"31,240","93,720",
ORD-2025-029263,2025-08-05,CUS-01560,PRD-0020,7,"29,210","204,470",
ORD-2025-029273,2025-08-05,CUS-01169,PRD-0048,37,"16,870","624,190",
ORD-2025-029280,2025-08-05,CUS-01184,PRD-0083,14,"23,690","331,660",
ORD-2025-029283,2025-08-05,CUS-01040,PRD-0090,13,"37,690","489,970",
ORD-2025-029286,2025-08-05,CUS-01169,PRD-0100,2,"20,780","41,560",
ORD-2025-029291,2025-08-05,CUS-01637,PRD-0116,3,"17,680","53,040",
ORD-2025-029297,2025-08-05,CUS-02274,PRD-0126,1,"29,270","29,270",
ORD-2025-029298,2025-08-05,CUS-00196,PRD-0130,4,"13,600","54,400",
ORD-2025-029323,2025-08-06,CUS-01184,PRD-0065,2,"34,000","68,000",
ORD-2025-029327,2025-08-06,CUS-02343,PRD-0077,7,"31,120","217,840",
ORD-2025-029328,2025-08-06,CUS-00885,PRD-0082,6,"30,730","184,380",
ORD-2025-029336,2025-08-06,CUS-01087,PRD-0086,1,"28,180","28,180",
ORD-2025-029344,2025-08-06,CUS-00492,PRD-0090,4,"37,690","150,760",
ORD-2025-029345,2025-08-06,CUS-00885,PRD-0090,10,"37,690","376,900",
ORD-2025-029360,2025-08-06,CUS-00531,PRD-0108,2,"30,750","61,500",
ORD-2025-029362,2025-08-06,CUS-01426,PRD-0109,2,"30,700","61,400",
ORD-2025-029374,2025-08-06,CUS-01607,PRD-0125,2,"15,380","30,760",
ORD-2025-029379,2025-08-06,CUS-02119,PRD-0140,13,"27,740","360,620",
ORD-2025-029386,2025-08-06,CUS-02156,PRD-0151,10,"42,840","428,400",
ORD-2025-029387,2025-08-06,CUS-01526,PRD-0151,20,"42,840","856,800",
ORD-2025-029388,2025-08-06,CUS-00397,PRD-0151,5,"42,840","214,200",
ORD-2025-029389,2025-08-06,CUS-01544,PRD-0151,16,"42,840","685,440",
ORD-2025-029392,2025-08-06,CUS-00631,PRD-0156,2,"58,570","117,140",
ORD-2025-029395,2025-08-06,CUS-00234,PRD-0161,1,"32,640","32,640",
ORD-2025-029411,2025-08-07,CUS-01518,PRD-0053,7,"38,950","272,650",
ORD-2025-029417,2025-08-07,CUS-01589,PRD-0074,12,"38,390","460,680",
ORD-2025-029430,2025-08-07,CUS-01191,PRD-0090,41,"37,690","1,545,290",
ORD-2025-029448,2025-08-07,CUS-01476,PRD-0120,5,"14,740","73,700",
ORD-2025-029450,2025-08-07,CUS-00968,PRD-0121,18,"26,430","475,740",
ORD-2025-029466,2025-08-07,CUS-00458,PRD-0151,4,"42,840","171,360",
ORD-2025-029480,2025-08-08,CUS-00796,PRD-0004,10,"4,490","44,900",
ORD-2025-029481,2025-08-08,CUS-00147,PRD-0018,3,"62,570","187,710",
ORD-2025-029485,2025-08-08,CUS-02011,PRD-0032,6,"20,370","122,220",
ORD-2025-029489,2025-08-08,CUS-01773,PRD-0039,18,"14,770","265,860",
ORD-2025-029493,2025-08-08,CUS-00213,PRD-0048,1,"16,870","16,870",
ORD-2025-029502,2025-08-08,,PRD-0065,8,"34,000","272,000",
ORD-2025-029506,2025-08-08,CUS-00406,PRD-0077,3,"31,120","93,360",
ORD-2025-029510,2025-08-08,CUS-02480,PRD-0083,4,"23,690","94,760",
ORD-2025-029521,2025-08-08,CUS-01974,PRD-0090,6,"37,690","226,140",
ORD-2025-029524,2025-08-08,CUS-00845,PRD-0092,9,"30,260","272,340",
ORD-2025-029542,2025-08-08,,PRD-0122,8,"19,140","153,120",
ORD-2025-029549,2025-08-08,CUS-00860,PRD-0127,9,"16,760","150,840",
ORD-2025-029559,2025-08-08,CUS-01139,PRD-0156,6,"58,570","351,420",
ORD-2025-029564,2025-08-08,CUS-00788,PRD-0166,6,"25,650","153,900",
ORD-2025-029574,2025-08-09,CUS-00208,PRD-0054,7,"17,260","120,820",
ORD-2025-029576,2025-08-09,CUS-00196,PRD-0057,6,"18,040","108,240",
ORD-2025-029577,2025-08-09,CUS-01607,PRD-0062,8,"17,890","143,120",
ORD-2025-029579,2025-08-09,CUS-01764,PRD-0065,15,"34,000","510,000",
ORD-2025-029582,2025-08-09,CUS-00230,PRD-0077,5,"31,120","155,600",
ORD-2025-029586,2025-08-09,CUS-02177,PRD-0093,12,"23,080","276,960",
ORD-2025-029590,2025-08-09,CUS-02108,PRD-0103,15,"38,480","577,200",
ORD-2025-029592,2025-08-09,CUS-00754,PRD-0108,14,"30,750","430,500",
ORD-2025-029594,2025-08-09,CUS-02047,PRD-0120,13,"14,740","191,620",
ORD-2025-029602,2025-08-09,CUS-01581,PRD-0151,11,"42,840","471,240",
ORD-2025-029603,2025-08-09,CUS-01328,PRD-0151,22,"42,840","942,480",
ORD-2025-029622,2025-08-10,CUS-00921,PRD-0103,5,"38,480","192,400",
ORD-2025-029631,2025-08-11,CUS-02057,PRD-0004,2,"4,490","8,980",
ORD-2025-029640,2025-08-11,CUS-01376,PRD-0028,10,"4,910","49,100",
ORD-2025-029643,2025-08-11,CUS-01498,PRD-0035,11,"13,660","150,260",
ORD-2025-029653,2025-08-11,CUS-01283,PRD-0061,5,"16,320","81,600",
ORD-2025-029657,2025-08-11,CUS-01450,PRD-0076,7,"28,050","196,350",
ORD-2025-029666,2025-08-11,CUS-01369,PRD-0090,7,"37,690","263,830",
ORD-2025-029674,2025-08-11,CUS-01293,PRD-0100,7,"20,780","145,460",
ORD-2025-029678,2025-08-11,CUS-02138,PRD-0111,28,"12,240","342,720",
ORD-2025-029680,2025-08-11,CUS-00246,PRD-0118,8,"23,110","184,880",
ORD-2025-029691,2025-08-11,CUS-01526,PRD-0125,6,"15,380","92,280",
ORD-2025-029694,2025-08-11,CUS-00627,PRD-0135,30,"32,900","987,000",
ORD-2025-029702,2025-08-11,CUS-01104,PRD-0151,9,"42,840","385,560",
ORD-2025-029703,2025-08-11,CUS-01879,PRD-0151,31,"42,840","1,328,040",
ORD-2025-029705,2025-08-11,CUS-00153,PRD-0153,10,"24,220","242,200",
ORD-2025-029706,2025-08-11,CUS-00765,PRD-0153,11,"24,220","266,420",
ORD-2025-029709,2025-08-11,CUS-02206,PRD-0157,5,"24,810","124,050",
ORD-2025-029714,2025-08-11,CUS-01606,PRD-0161,7,"32,640","228,480",
ORD-2025-029726,2025-08-12,CUS-00477,PRD-0018,8,"62,570","500,560",
ORD-2025-029734,2025-08-12,CUS-02092,PRD-0058,8,"17,980","143,840",
ORD-2025-029737,2025-08-12,CUS-00531,PRD-0065,5,"34,000","170,000",
ORD-2025-029742,2025-08-12,CUS-00198,PRD-0079,8,"46,870","374,960",
ORD-2025-029752,2025-08-12,CUS-01328,PRD-0090,3,"37,690","113,070",
ORD-2025-029755,2025-08-12,CUS-02029,PRD-0098,6,"15,320","91,920",
ORD-2025-029761,2025-08-12,CUS-00139,PRD-0125,14,"15,380","215,320",
ORD-2025-029772,2025-08-12,CUS-01387,PRD-0161,4,"32,640","130,560",
ORD-2025-029774,2025-08-12,CUS-00783,PRD-0163,17,"27,790","472,430",
ORD-2025-029783,2025-08-13,CUS-02181,PRD-0016,20,"42,680","853,600",
ORD-2025-029785,2025-08-13,CUS-01237,PRD-0023,8,"16,940","135,520",
ORD-2025-029786,2025-08-13,CUS-01389,PRD-0023,6,"16,940","101,640",
ORD-2025-029787,2025-08-13,CUS-01426,PRD-0023,5,"16,940","84,700",
ORD-2025-029789,2025-08-13,CUS-00383,PRD-0031,10,"36,660","366,600",
ORD-2025-029797,2025-08-13,CUS-01930,PRD-0075,5,"34,020","170,100",
ORD-2025-029821,2025-08-13,CUS-01091,PRD-0110,9,"30,350","273,150",
ORD-2025-029835,2025-08-13,CUS-02159,PRD-0150,11,"47,850","526,350",
ORD-2025-029839,2025-08-13,CUS-01328,PRD-0151,7,"42,840","299,880",
ORD-2025-029840,2025-08-13,CUS-01912,PRD-0151,13,"42,840","556,920",
ORD-2025-029842,2025-08-13,CUS-00186,PRD-0157,3,"24,810","74,430",
ORD-2025-029849,2025-08-13,CUS-01191,PRD-0167,12,"14,020","168,240",
ORD-2025-029851,2025-08-14,CUS-00836,PRD-0006,11,"3,060","33,660",
ORD-2025-029856,2025-08-14,CUS-00348,PRD-0025,9,"5,090","45,810",
ORD-2025-029870,2025-08-14,CUS-02177,PRD-0064,5,"36,350","181,750",
ORD-2025-029873,2025-08-14,CUS-00971,PRD-0077,3,"31,120","93,360",
ORD-2025-029874,2025-08-14,CUS-00845,PRD-0078,8,"33,720","269,760",
ORD-2025-029877,2025-08-14,CUS-01859,PRD-0082,10,"30,730","307,300",
ORD-2025-029890,2025-08-14,CUS-00141,PRD-0091,6,"27,010","162,060",
ORD-2025-029891,2025-08-14,CUS-02025,PRD-0093,14,"23,080","323,120",
ORD-2025-029893,2025-08-14,CUS-01228,PRD-0100,15,"20,780","311,700",
ORD-2025-029894,2025-08-14,CUS-00734,PRD-0100,8,"20,780","166,240",
ORD-2025-029900,2025-08-14,CUS-02119,PRD-0111,7,"12,240","85,680",
ORD-2025-029919,2025-08-14,CUS-01450,PRD-0163,14,"27,790","389,060",
ORD-2025-029920,2025-08-14,CUS-01897,PRD-0166,3,"25,650","76,950",
ORD-2025-029926,2025-08-15,CUS-02399,PRD-0017,15,"39,680","595,200",
ORD-2025-029932,2025-08-15,CUS-02273,PRD-0045,28,"7,340","205,520",
ORD-2025-029936,2025-08-15,CUS-00339,PRD-0051,19,"43,070","818,330",
ORD-2025-029952,2025-08-15,CUS-01511,PRD-0082,15,"30,730","460,950",
ORD-2025-029960,2025-08-15,CUS-00564,PRD-0090,4,"37,690","150,760",
ORD-2025-029965,2025-08-15,CUS-02075,PRD-0108,6,"30,750","184,500",
ORD-2025-029968,2025-08-15,CUS-00753,PRD-0118,2,"23,110","46,220",
ORD-2025-029969,2025-08-15,CUS-02145,PRD-0123,6,"14,410","86,460",
ORD-2025-029982,2025-08-15,CUS-02173,PRD-0151,44,"42,840","1,884,960",
ORD-2025-029985,2025-08-15,CUS-01865,PRD-0154,3,"42,470","127,410",
ORD-2025-029996,2025-08-16,CUS-01392,PRD-0001,18,"4,970","89,460",
ORD-2025-030000,2025-08-16,CUS-01797,PRD-0035,8,"13,660","109,280",
ORD-2025-030001,2025-08-16,CUS-01378,PRD-0035,4,"13,660","54,640",
ORD-2025-030002,2025-08-16,CUS-01091,PRD-0055,33,"16,990","560,670",
ORD-2025-030004,2025-08-16,CUS-01056,PRD-0057,4,"18,040","72,160",
ORD-2025-030009,2025-08-16,CUS-01111,PRD-0077,7,"31,120","217,840",
ORD-2025-030016,2025-08-16,CUS-01739,PRD-0093,7,"23,080","161,560",
ORD-2025-030021,2025-08-16,CUS-02214,PRD-0113,9,"10,420","93,780",
ORD-2025-030024,2025-08-16,CUS-01792,PRD-0121,5,"26,430","132,150",
ORD-2025-030038,2025-08-16,CUS-01091,PRD-0156,18,"58,570","1,054,260",
ORD-2025-030041,2025-08-16,CUS-00635,PRD-0163,6,"27,790","166,740",
ORD-2025-030046,2025-08-17,CUS-01768,PRD-0033,7,"11,040","77,280",
ORD-2025-030050,2025-08-17,CUS-00760,PRD-0064,5,"36,350","181,750",
ORD-2025-030064,2025-08-17,CUS-01303,PRD-0137,9,"27,650","248,850",
ORD-2025-030072,2025-08-17,CUS-00789,PRD-0166,2,"25,650","51,300",
ORD-2025-030080,2025-08-18,CUS-02214,PRD-0024,11,"9,800","107,800",
ORD-2025-030085,2025-08-18,CUS-00085,PRD-0035,12,"13,660","163,920",
ORD-2025-030090,2025-08-18,CUS-00167,PRD-0058,5,"17,980","89,900",
ORD-2025-030093,2025-08-18,CUS-00938,PRD-0061,5,"16,320","81,600",
ORD-2025-030101,2025-08-18,CUS-01968,PRD-0077,7,"31,120","217,840",
ORD-2025-030111,2025-08-18,CUS-02274,PRD-0090,14,"37,690","527,660",
ORD-2025-030122,2025-08-18,CUS-00523,PRD-0104,5,"17,130","85,650",
ORD-2025-030123,2025-08-18,CUS-00181,PRD-0109,10,"30,700","307,000",
ORD-2025-030130,2025-08-18,CUS-01203,PRD-0118,11,"23,110","254,210",
ORD-2025-030135,2025-08-18,CUS-01883,PRD-0128,9,"20,590","185,310",
ORD-2025-030141,2025-08-18,CUS-01193,PRD-0144,23,"31,990","735,770",
ORD-2025-030146,2025-08-18,CUS-00549,PRD-0151,3,"42,840","128,520",
ORD-2025-030147,2025-08-18,CUS-00342,PRD-0151,6,"42,840","257,040",
ORD-2025-030149,2025-08-18,CUS-02108,PRD-0155,6,"65,880","395,280",
ORD-2025-030151,2025-08-18,CUS-02159,PRD-0157,17,"24,810","421,770",
ORD-2025-030157,2025-08-18,CUS-00135,PRD-0166,13,"25,650","333,450",
ORD-2025-030164,2025-08-19,CUS-01266,PRD-0004,7,"4,490","31,430",
ORD-2025-030173,2025-08-19,CUS-00747,PRD-0033,7,"11,040","77,280",
ORD-2025-030185,2025-08-19,CUS-02475,PRD-0068,2,"16,320","32,640",
ORD-2025-030192,2025-08-19,CUS-00026,PRD-0086,6,"28,180","169,080",
ORD-2025-030193,2025-08-19,CUS-01181,PRD-0086,17,"28,180","479,060",
ORD-2025-030202,2025-08-19,CUS-01057,PRD-0090,4,"37,690","150,760",
ORD-2025-030203,2025-08-19,CUS-00640,PRD-0090,9,"37,690","339,210",
ORD-2025-030208,2025-08-19,CUS-01831,PRD-0103,5,"38,480","192,400",
ORD-2025-030211,2025-08-19,CUS-00130,PRD-0109,6,"30,700","184,200",
ORD-2025-030215,2025-08-19,CUS-01109,PRD-0118,3,"23,110","69,330",
ORD-2025-030217,2025-08-19,CUS-01881,PRD-0120,20,"14,740","294,800",
ORD-2025-030218,2025-08-19,CUS-01972,PRD-0120,8,"14,740","117,920",
ORD-2025-030224,2025-08-19,CUS-00503,PRD-0132,4,"38,360","153,440",
ORD-2025-030229,2025-08-19,CUS-00348,PRD-0135,2,"32,900","65,800",
ORD-2025-030231,2025-08-19,CUS-00720,PRD-0145,2,"31,800","63,600",
ORD-2025-030259,2025-08-20,CUS-02339,PRD-0077,38,"31,120","1,182,560",
ORD-2025-030281,2025-08-20,CUS-01526,PRD-0108,11,"30,750","338,250",
ORD-2025-030291,2025-08-20,CUS-01732,PRD-0127,7,"16,760","117,320",
ORD-2025-030296,2025-08-20,CUS-00036,PRD-0137,6,"27,650","165,900",
ORD-2025-030298,2025-08-20,CUS-02462,PRD-0142,10,"52,030","520,300",
ORD-2025-030307,2025-08-20,CUS-01453,PRD-0152,11,"24,900","273,900",
ORD-2025-030318,2025-08-20,CUS-02272,PRD-0165,26,"23,380","607,880",
ORD-2025-030319,2025-08-20,CUS-00458,PRD-0165,1,"23,380","23,380",
ORD-2025-030324,2025-08-21,CUS-01923,PRD-0016,4,"42,680","170,720",
ORD-2025-030331,2025-08-21,CUS-01769,PRD-0068,3,"16,320","48,960",
ORD-2025-030333,2025-08-21,CUS-00753,PRD-0075,3,"34,020","102,060",
ORD-2025-030339,2025-08-21,CUS-01200,PRD-0086,3,"28,180","84,540",
ORD-2025-030343,2025-08-21,CUS-00820,PRD-0091,3,"27,010","81,030",
ORD-2025-030360,2025-08-21,CUS-01988,PRD-0125,3,"15,380","46,140",
ORD-2025-030363,2025-08-21,CUS-01003,PRD-0131,5,"31,140","155,700",
ORD-2025-030364,2025-08-21,CUS-02339,PRD-0135,4,"32,900","131,600",
ORD-2025-030370,2025-08-21,CUS-00770,PRD-0151,4,"42,840","171,360",
ORD-2025-030379,2025-08-21,CUS-02244,PRD-0166,1,"25,650","25,650",
ORD-2025-030394,2025-08-22,CUS-01856,PRD-0022,3,"11,680","35,040",
ORD-2025-030401,2025-08-22,CUS-01804,PRD-0048,1,"16,870","16,870",
ORD-2025-030413,2025-08-22,CUS-01354,PRD-0076,1,"28,050","28,050",
ORD-2025-030430,2025-08-22,CUS-01657,PRD-0096,6,"23,060","138,360",
ORD-2025-030454,2025-08-22,CUS-01879,PRD-0145,11,"31,800","349,800",
ORD-2025-030456,2025-08-22,CUS-02317,PRD-0150,9,"47,850","430,650",
ORD-2025-030461,2025-08-22,CUS-02175,PRD-0151,40,"42,840","1,713,600",
ORD-2025-030465,2025-08-22,CUS-00582,PRD-0155,14,"65,880","922,320",
ORD-2025-030471,2025-08-22,CUS-00245,PRD-0161,9,"32,640","293,760",
ORD-2025-030473,2025-08-22,CUS-01392,PRD-0166,5,"25,650","128,250",
ORD-2025-030477,2025-08-23,CUS-01856,PRD-0011,10,"17,170","171,700",
ORD-2025-030479,2025-08-23,CUS-02326,PRD-0020,7,"29,210","204,470",
ORD-2025-030480,2025-08-23,CUS-01923,PRD-0024,3,"9,800","29,400",
ORD-2025-030487,2025-08-23,CUS-02418,PRD-0048,1,"16,870","16,870",
ORD-2025-030494,2025-08-23,CUS-00771,PRD-0057,7,"18,040","126,280",
ORD-2025-030504,2025-08-23,CUS-02480,PRD-0081,5,"42,190","210,950",
ORD-2025-030518,2025-08-23,CUS-02339,PRD-0115,4,"21,210","84,840",
ORD-2025-030520,2025-08-23,CUS-00433,PRD-0120,8,"14,740","117,920",
ORD-2025-030527,2025-08-23,CUS-01471,PRD-0131,2,"31,140","62,280",
ORD-2025-030542,2025-08-23,CUS-01266,PRD-0160,12,"32,940","395,280",
ORD-2025-030544,2025-08-24,CUS-01200,PRD-0005,20,"3,110","62,200",
ORD-2025-030559,2025-08-24,CUS-01071,PRD-0102,8,"17,050","136,400",
ORD-2025-030561,2025-08-24,CUS-02093,PRD-0131,3,"31,140","93,420",
ORD-2025-030565,2025-08-24,CUS-00404,PRD-0161,6,"32,640","195,840",
ORD-2025-030573,2025-08-25,CUS-00205,PRD-0031,10,"36,660","366,600",
ORD-2025-030575,2025-08-25,CUS-01768,PRD-0043,3,"17,760","53,280",
ORD-2025-030589,2025-08-25,CUS-02447,PRD-0080,13,"23,900","310,700",
ORD-2025-030599,2025-08-25,CUS-02040,PRD-0090,9,"37,690","339,210",
ORD-2025-030600,2025-08-25,CUS-00969,PRD-0090,3,"37,690","113,070",
ORD-2025-030606,2025-08-25,CUS-00231,PRD-0098,8,"15,320","122,560",
ORD-2025-030608,2025-08-25,CUS-01456,PRD-0100,4,"20,780","83,120",
ORD-2025-030610,2025-08-25,CUS-00147,PRD-0107,9,"39,590","356,310",
ORD-2025-030611,2025-08-25,CUS-00767,PRD-0111,9,"12,240","110,160",
ORD-2025-030615,2025-08-25,CUS-00392,PRD-0120,4,"14,740","58,960",
ORD-2025-030617,2025-08-25,CUS-01538,PRD-0122,6,"19,140","114,840",
ORD-2025-030619,2025-08-25,CUS-01754,PRD-0126,5,"29,270","146,350",
ORD-2025-030622,2025-08-25,CUS-00022,PRD-0138,10,"27,020","270,200",
ORD-2025-030636,2025-08-25,CUS-01918,PRD-0159,11,"25,840","284,240",
ORD-2025-030657,2025-08-26,CUS-01415,PRD-0023,8,"16,940","135,520",
ORD-2025-030659,2025-08-26,CUS-01199,PRD-0026,11,"4,150","45,650",
ORD-2025-030661,2025-08-26,CUS-01151,PRD-0031,22,"36,660","806,520",
ORD-2025-030663,2025-08-26,CUS-00198,PRD-0040,9,"14,100","126,900",
ORD-2025-030664,2025-08-26,CUS-00747,PRD-0045,14,"7,340","102,760",
ORD-2025-030666,2025-08-26,CUS-01372,PRD-0062,17,"17,890","304,130",
ORD-2025-030668,2025-08-26,CUS-02392,PRD-0067,6,"12,380","74,280",
ORD-2025-030679,2025-08-26,CUS-00783,PRD-0083,22,"23,690","521,180",
ORD-2025-030690,2025-08-26,CUS-00267,PRD-0090,16,"37,690","603,040",
ORD-2025-030691,2025-08-26,,PRD-0090,6,"37,690","226,140",
ORD-2025-030692,2025-08-26,CUS-01151,PRD-0090,13,"37,690","489,970",
ORD-2025-030698,2025-08-26,CUS-00294,PRD-0100,6,"20,780","124,680",
ORD-2025-030706,2025-08-26,CUS-01009,PRD-0115,7,"21,210","148,470",
ORD-2025-030711,2025-08-26,CUS-00702,PRD-0131,4,"31,140","124,560",
ORD-2025-030719,2025-08-26,CUS-02461,PRD-0151,17,"42,840","728,280",
ORD-2025-030726,2025-08-26,CUS-01891,PRD-0160,13,"32,940","428,220",
ORD-2025-030729,2025-08-26,CUS-02341,PRD-0161,3,"32,640","97,920",
ORD-2025-030731,2025-08-26,CUS-02113,PRD-0163,3,"27,790","83,370",
ORD-2025-030743,2025-08-27,CUS-00142,PRD-0033,16,"11,040","176,640",
ORD-2025-030750,2025-08-27,CUS-01277,PRD-0056,8,"25,020","200,160",
ORD-2025-030752,2025-08-27,CUS-00926,PRD-0064,22,"36,350","799,700",
ORD-2025-030759,2025-08-27,CUS-01354,PRD-0076,1,"28,050","28,050",
ORD-2025-030770,2025-08-27,CUS-01367,PRD-0083,17,"23,690","402,730",
ORD-2025-030790,2025-08-27,CUS-02152,PRD-0120,6,"14,740","88,440",
ORD-2025-030791,2025-08-27,CUS-00116,PRD-0120,16,"14,740","235,840",
ORD-2025-030798,2025-08-27,CUS-01266,PRD-0137,4,"27,650","110,600",
ORD-2025-030807,2025-08-27,CUS-02100,PRD-0153,9,"24,220","217,980",
ORD-2025-030811,2025-08-27,,PRD-0160,10,"32,940","329,400",
ORD-2025-030812,2025-08-27,CUS-01693,PRD-0161,9,"32,640","293,760",
ORD-2025-030819,2025-08-28,CUS-01754,PRD-0004,24,"4,490","107,760",
ORD-2025-030826,2025-08-28,CUS-00092,PRD-0020,5,"29,210","146,050",
ORD-2025-030829,2025-08-28,CUS-01269,PRD-0035,3,"13,660","40,980",
ORD-2025-030860,2025-08-28,CUS-02352,PRD-0098,13,"15,320","199,160",
ORD-2025-030862,2025-08-28,CUS-02173,PRD-0100,12,"20,780","249,360",
ORD-2025-030873,2025-08-28,CUS-02418,PRD-0131,6,"31,140","186,840",
ORD-2025-030878,2025-08-28,CUS-00355,PRD-0147,9,"32,330","290,970",
ORD-2025-030884,2025-08-28,CUS-00684,PRD-0151,10,"42,840","428,400",
ORD-2025-030906,2025-08-29,CUS-01918,PRD-0021,9,"19,390","174,510",
ORD-2025-030907,2025-08-29,,PRD-0023,8,"16,940","135,520",
ORD-2025-030909,2025-08-29,CUS-01315,PRD-0025,9,"5,090","45,810",
ORD-2025-030915,2025-08-29,CUS-02302,PRD-0039,26,"14,770","384,020",
ORD-2025-030917,2025-08-29,CUS-00882,PRD-0047,1,"19,060","19,060",
ORD-2025-030926,2025-08-29,CUS-01717,PRD-0058,5,"17,980","89,900",
ORD-2025-030928,2025-08-29,CUS-01859,PRD-0060,3,"57,540","172,620",
ORD-2025-030930,2025-08-29,CUS-01929,PRD-0065,7,"34,000","238,000",
ORD-2025-030934,2025-08-29,CUS-01313,PRD-0072,11,"42,600","468,600",
ORD-2025-030944,2025-08-29,CUS-01203,PRD-0083,4,"23,690","94,760",
ORD-2025-030954,2025-08-29,CUS-01091,PRD-0090,21,"37,690","791,490",
ORD-2025-030955,2025-08-29,CUS-01095,PRD-0090,10,"37,690","376,900",
ORD-2025-030956,2025-08-29,CUS-01056,PRD-0090,8,"37,690","301,520",
ORD-2025-030957,2025-08-29,CUS-00969,PRD-0090,6,"37,690","226,140",
ORD-2025-030973,2025-08-29,CUS-00196,PRD-0135,5,"32,900","164,500",
ORD-2025-030976,2025-08-29,CUS-01151,PRD-0139,4,"33,360","133,440",
ORD-2025-030978,2025-08-29,CUS-01929,PRD-0142,6,"52,030","312,180",
ORD-2025-030988,2025-08-29,CUS-02303,PRD-0151,9,"42,840","385,560",
ORD-2025-030991,2025-08-29,CUS-00112,PRD-0156,24,"58,570","1,405,680",
ORD-2025-030993,2025-08-29,CUS-02386,PRD-0160,2,"32,940","65,880",
ORD-2025-031000,2025-08-29,CUS-00898,PRD-0166,10,"25,650","256,500",
ORD-2025-031005,2025-08-30,CUS-01387,PRD-0015,10,"8,500","85,000",
ORD-2025-031011,2025-08-30,CUS-00531,PRD-0048,28,"16,870","472,360",
ORD-2025-031023,2025-08-30,CUS-02455,PRD-0081,5,"42,190","210,950",
ORD-2025-031026,2025-08-30,CUS-01314,PRD-0086,10,"28,180","281,800",
ORD-2025-031029,2025-08-30,CUS-00648,PRD-0090,9,"37,690","339,210",
ORD-2025-031030,2025-08-30,CUS-00139,PRD-0090,4,"37,690","150,760",
ORD-2025-031033,2025-08-30,CUS-01687,PRD-0093,10,"23,080","230,800",
ORD-2025-031038,2025-08-30,CUS-00996,PRD-0100,16,"20,780","332,480",
ORD-2025-031053,2025-08-30,CUS-01169,PRD-0156,4,"58,570","234,280",
ORD-2025-031055,2025-08-30,CUS-01840,PRD-0161,14,"32,640","456,960",
ORD-2025-031059,2025-08-31,CUS-01376,PRD-0016,35,"42,680","1,493,800",
ORD-2025-031061,2025-08-31,CUS-02311,PRD-0051,7,"43,070","301,490",
ORD-2025-031064,2025-08-31,CUS-01269,PRD-0072,9,"42,600","383,400",
ORD-2025-031077,2025-08-31,CUS-01304,PRD-0151,9,"42,840","385,560",
ORD-2025-031080,2025-08-31,CUS-02291,PRD-0160,8,"32,940","263,520",
ORD-2025-031082,2025-08-31,CUS-01193,PRD-0164,8,"19,920","159,360",
ORD-2025-031100,2025-09-01,CUS-00134,PRD-0060,5,"57,540","287,700",
ORD-2025-031116,2025-09-01,CUS-02191,PRD-0086,9,"28,180","253,620",
ORD-2025-031117,2025-09-01,CUS-00508,PRD-0086,9,"28,180","253,620",
ORD-2025-031140,2025-09-01,CUS-00582,PRD-0125,1,"15,380","15,380",
ORD-2025-031147,2025-09-01,CUS-00238,PRD-0150,11,"47,850","526,350",
ORD-2025-031153,2025-09-01,CUS-00468,PRD-0154,5,"42,470","212,350",
ORD-2025-031158,2025-09-01,CUS-02461,PRD-0166,5,"25,650","128,250",
ORD-2025-031164,2025-09-02,CUS-02151,PRD-0016,6,"42,680","256,080",
ORD-2025-031172,2025-09-02,CUS-02343,PRD-0040,3,"14,100","42,300",
ORD-2025-031174,2025-09-02,CUS-02100,PRD-0045,11,"7,340","80,740",
ORD-2025-031188,2025-09-02,CUS-00805,PRD-0065,3,"34,000","102,000",
ORD-2025-031190,2025-09-02,CUS-02265,PRD-0067,4,"12,380","49,520",
ORD-2025-031194,2025-09-02,CUS-00739,PRD-0070,7,"19,240","134,680",
ORD-2025-031195,2025-09-02,CUS-00035,PRD-0072,15,"42,600","639,000",
ORD-2025-031197,2025-09-02,CUS-00258,PRD-0077,3,"31,120","93,360",
ORD-2025-031214,2025-09-02,CUS-02057,PRD-0090,15,"37,690","565,350",
ORD-2025-031219,2025-09-02,CUS-00631,PRD-0105,4,"41,060","164,240",
ORD-2025-031227,2025-09-02,CUS-00564,PRD-0130,12,"13,600","163,200",
ORD-2025-031234,2025-09-02,CUS-01313,PRD-0151,11,"42,840","471,240",
ORD-2025-031239,2025-09-02,CUS-00903,PRD-0155,3,"65,880","197,640",
ORD-2025-031245,2025-09-03,CUS-01203,PRD-0018,12,"62,570","750,840",
ORD-2025-031246,2025-09-03,CUS-02095,PRD-0022,3,"11,680","35,040",
ORD-2025-031251,2025-09-03,CUS-01021,PRD-0037,7,"25,650","179,550",
ORD-2025-031257,2025-09-03,CUS-00428,PRD-0060,3,"57,540","172,620",
ORD-2025-031260,2025-09-03,CUS-00640,PRD-0075,8,"34,020","272,160",
ORD-2025-031264,2025-09-03,CUS-01856,PRD-0078,8,"33,720","269,760",
ORD-2025-031266,2025-09-03,CUS-00317,PRD-0079,36,"46,870","1,687,320",
ORD-2025-031269,2025-09-03,CUS-00014,PRD-0081,4,"42,190","168,760",
ORD-2025-031271,2025-09-03,CUS-01457,PRD-0084,10,"27,760","277,600",
ORD-2025-031279,2025-09-03,CUS-02461,PRD-0090,14,"37,690","527,660",
ORD-2025-031280,2025-09-03,CUS-01472,PRD-0090,10,"37,690","376,900",
ORD-2025-031281,2025-09-03,CUS-01318,PRD-0090,8,"37,690","301,520",
ORD-2025-031282,2025-09-03,CUS-01266,PRD-0090,12,"37,690","452,280",
ORD-2025-031293,2025-09-03,CUS-00515,PRD-0121,2,"26,430","52,860",
ORD-2025-031296,2025-09-03,CUS-01163,PRD-0131,11,"31,140","342,540",
ORD-2025-031324,2025-09-03,,PRD-0169,2,"15,310","30,620",
ORD-2025-031339,2025-09-04,CUS-02068,PRD-0048,13,"16,870","219,310",
ORD-2025-031347,2025-09-04,CUS-01739,PRD-0060,23,"57,540","1,323,420",
ORD-2025-031348,2025-09-04,CUS-00456,PRD-0062,4,"17,890","71,560",
ORD-2025-031351,2025-09-04,CUS-01657,PRD-0068,1,"16,320","16,320",
ORD-2025-031355,2025-09-04,CUS-02450,PRD-0076,14,"28,050","392,700",
ORD-2025-031372,2025-09-04,CUS-01111,PRD-0090,14,"37,690","527,660",
ORD-2025-031389,2025-09-04,CUS-00770,PRD-0132,8,"38,360","306,880",
ORD-2025-031390,2025-09-04,CUS-01268,PRD-0133,4,"27,960","111,840",
ORD-2025-031392,2025-09-04,CUS-02092,PRD-0138,9,"27,020","243,180",
ORD-2025-031393,2025-09-04,CUS-02176,PRD-0138,3,"27,020","81,060",
ORD-2025-031419,2025-09-05,CUS-00065,PRD-0050,7,"5,420","37,940",
ORD-2025-031429,2025-09-05,CUS-01056,PRD-0076,8,"28,050","224,400",
ORD-2025-031433,2025-09-05,CUS-02328,PRD-0077,2,"31,120","62,240",
ORD-2025-031437,2025-09-05,CUS-00164,PRD-0084,15,"27,760","416,400",
ORD-2025-031449,2025-09-05,CUS-00258,PRD-0098,3,"15,320","45,960",
ORD-2025-031455,2025-09-05,CUS-01698,PRD-0109,26,"30,700","798,200",
ORD-2025-031458,2025-09-05,CUS-02272,PRD-0115,1,"21,210","21,210",
ORD-2025-031460,2025-09-05,CUS-01139,PRD-0120,1,"14,740","14,740",
ORD-2025-031461,2025-09-05,CUS-01226,PRD-0120,24,"14,740","353,760",
ORD-2025-031482,2025-09-05,CUS-00926,PRD-0157,7,"24,810","173,670",
ORD-2025-031494,2025-09-06,CUS-00845,PRD-0068,14,"16,320","228,480",
ORD-2025-031499,2025-09-06,,PRD-0085,12,"32,580","390,960",
ORD-2025-031501,2025-09-06,CUS-01566,PRD-0090,14,"37,690","527,660",
ORD-2025-031511,2025-09-06,CUS-00640,PRD-0108,2,"30,750","61,500",
ORD-2025-031514,2025-09-06,CUS-01651,PRD-0120,5,"14,740","73,700",
ORD-2025-031529,2025-09-06,CUS-00759,PRD-0157,1,"24,810","24,810",
ORD-2025-031537,2025-09-07,CUS-02145,PRD-0002,6,"5,180","31,080",
ORD-2025-031540,2025-09-07,CUS-01088,PRD-0051,1,"43,070","43,070",
ORD-2025-031568,2025-09-08,CUS-01607,PRD-0031,8,"36,660","293,280",
ORD-2025-031583,2025-09-08,CUS-00193,PRD-0061,8,"16,320","130,560",
ORD-2025-031584,2025-09-08,CUS-00359,PRD-0062,24,"17,890","429,360",
ORD-2025-031587,2025-09-08,CUS-00048,PRD-0071,7,"17,380","121,660",
ORD-2025-031592,2025-09-08,CUS-01581,PRD-0084,9,"27,760","249,840",
ORD-2025-031601,2025-09-08,CUS-01672,PRD-0090,5,"37,690","188,450",
ORD-2025-031602,2025-09-08,CUS-00670,PRD-0090,2,"37,690","75,380",
ORD-2025-031607,2025-09-08,CUS-00142,PRD-0098,1,"15,320","15,320",
ORD-2025-031617,2025-09-08,CUS-01972,PRD-0121,7,"26,430","185,010",
ORD-2025-031621,2025-09-08,CUS-01462,PRD-0131,6,"31,140","186,840",
ORD-2025-031625,2025-09-08,CUS-00926,PRD-0139,6,"33,360","200,160",
ORD-2025-031636,2025-09-08,CUS-00042,PRD-0155,3,"65,880","197,640",
ORD-2025-031643,2025-09-08,CUS-00786,PRD-0165,10,"23,380","233,800",
ORD-2025-031645,2025-09-09,CUS-00088,PRD-0004,8,"4,490","35,920",
ORD-2025-031650,2025-09-09,CUS-00116,PRD-0020,1,"29,210","29,210",
ORD-2025-031653,2025-09-09,CUS-02288,PRD-0031,2,"36,660","73,320",
ORD-2025-031659,2025-09-09,CUS-02149,PRD-0039,2,"14,770","29,540",
ORD-2025-031663,2025-09-09,CUS-01646,PRD-0061,14,"16,320","228,480",
ORD-2025-031665,2025-09-09,,PRD-0077,13,"31,120","404,560",
ORD-2025-031683,2025-09-09,CUS-01551,PRD-0091,3,"27,010","81,030",
ORD-2025-031720,2025-09-09,CUS-00845,PRD-0165,1,"23,380","23,380",
ORD-2025-031724,2025-09-09,CUS-01256,PRD-0166,5,"25,650","128,250",
ORD-2025-031726,2025-09-10,CUS-01071,PRD-0004,10,"4,490","44,900",
ORD-2025-031745,2025-09-10,CUS-00968,PRD-0078,3,"33,720","101,160",
ORD-2025-031757,2025-09-10,CUS-01133,PRD-0093,13,"23,080","300,040",
ORD-2025-031769,2025-09-10,CUS-02433,PRD-0113,10,"10,420","104,200",
ORD-2025-031772,2025-09-10,CUS-00617,PRD-0123,11,"14,410","158,510",
ORD-2025-031774,2025-09-10,CUS-01450,PRD-0129,4,"17,810","71,240",
ORD-2025-031780,2025-09-10,CUS-01273,PRD-0148,10,"27,270","272,700",
ORD-2025-031784,2025-09-10,CUS-00783,PRD-0151,11,"42,840","471,240",
ORD-2025-031799,2025-09-11,CUS-01221,PRD-0005,12,"3,110","37,320",
ORD-2025-031803,2025-09-11,CUS-02407,PRD-0025,3,"5,090","15,270",
ORD-2025-031819,2025-09-11,CUS-01858,PRD-0068,2,"16,320","32,640",
ORD-2025-031828,2025-09-11,CUS-01372,PRD-0086,4,"28,180","112,720",
ORD-2025-031829,2025-09-11,CUS-00227,PRD-0086,3,"28,180","84,540",
ORD-2025-031836,2025-09-11,CUS-00710,PRD-0090,9,"37,690","339,210",
ORD-2025-031837,2025-09-11,CUS-02339,PRD-0090,6,"37,690","226,140",
ORD-2025-031851,2025-09-11,CUS-01797,PRD-0141,9,"38,600","347,400",
ORD-2025-031853,2025-09-11,CUS-00097,PRD-0150,3,"47,850","143,550",
ORD-2025-031857,2025-09-11,CUS-01240,PRD-0151,4,"42,840","171,360",
ORD-2025-031858,2025-09-11,CUS-00211,PRD-0151,1,"42,840","42,840",
ORD-2025-031860,2025-09-11,CUS-01880,PRD-0154,8,"42,470","339,760",
ORD-2025-031868,2025-09-11,CUS-02343,PRD-0165,5,"23,380","116,900",
ORD-2025-031872,2025-09-12,,PRD-0005,10,"3,110","31,100",
ORD-2025-031877,2025-09-12,CUS-01095,PRD-0018,7,"62,570","437,990",
ORD-2025-031880,2025-09-12,CUS-00837,PRD-0023,15,"16,940","254,100",
ORD-2025-031881,2025-09-12,CUS-01422,PRD-0023,4,"16,940","67,760",
ORD-2025-031888,2025-09-12,,PRD-0060,6,"57,540","345,240",
ORD-2025-031895,2025-09-12,CUS-01111,PRD-0068,2,"16,320","32,640",
ORD-2025-031898,2025-09-12,CUS-01205,PRD-0076,6,"28,050","168,300",
ORD-2025-031913,2025-09-12,CUS-01266,PRD-0100,7,"20,780","145,460",
ORD-2025-031915,2025-09-12,CUS-00550,PRD-0108,10,"30,750","307,500",
ORD-2025-031926,2025-09-12,CUS-01056,PRD-0125,8,"15,380","123,040",
ORD-2025-031927,2025-09-12,CUS-02178,PRD-0125,2,"15,380","30,760",
ORD-2025-031929,2025-09-12,CUS-01709,PRD-0131,9,"31,140","280,260",
ORD-2025-031934,2025-09-12,CUS-00473,PRD-0145,4,"31,800","127,200",
ORD-2025-031936,2025-09-12,CUS-00348,PRD-0147,2,"32,330","64,660",
ORD-2025-031944,2025-09-12,CUS-00885,PRD-0151,21,"42,840","899,640",
ORD-2025-031949,2025-09-12,CUS-00798,PRD-0154,9,"42,470","382,230",
ORD-2025-031955,2025-09-12,CUS-01739,PRD-0165,4,"23,380","93,520",
ORD-2025-031968,2025-09-13,CUS-01793,PRD-0051,4,"43,070","172,280",
ORD-2025-031978,2025-09-13,CUS-01779,PRD-0084,5,"27,760","138,800",
ORD-2025-031987,2025-09-13,CUS-02339,PRD-0094,7,"22,360","156,520",
ORD-2025-032007,2025-09-13,CUS-02181,PRD-0166,12,"25,650","307,800",
ORD-2025-032012,2025-09-14,CUS-01773,PRD-0020,5,"29,210","146,050",
ORD-2025-032015,2025-09-14,CUS-01753,PRD-0051,18,"43,070","775,260",
ORD-2025-032024,2025-09-14,CUS-00026,PRD-0144,17,"31,990","543,830",
ORD-2025-032031,2025-09-15,CUS-00480,PRD-0005,6,"3,110","18,660",
ORD-2025-032035,2025-09-15,CUS-00078,PRD-0012,6,"18,410","110,460",
ORD-2025-032047,2025-09-15,CUS-01881,PRD-0039,14,"14,770","206,780",
ORD-2025-032049,2025-09-15,CUS-00860,PRD-0047,6,"19,060","114,360",
ORD-2025-032054,2025-09-15,CUS-00753,PRD-0056,3,"25,020","75,060",
ORD-2025-032062,2025-09-15,CUS-00895,PRD-0060,5,"57,540","287,700",
ORD-2025-032065,2025-09-15,CUS-01163,PRD-0061,2,"16,320","32,640",
ORD-2025-032067,2025-09-15,CUS-01918,PRD-0064,8,"36,350","290,800",
ORD-2025-032089,2025-09-15,CUS-02417,PRD-0090,12,"37,690","452,280",
ORD-2025-032095,2025-09-15,CUS-01237,PRD-0100,5,"20,780","103,900",
ORD-2025-032103,2025-09-15,CUS-00348,PRD-0113,10,"10,420","104,200",
ORD-2025-032104,2025-09-15,CUS-01526,PRD-0115,4,"21,210","84,840",
ORD-2025-032105,2025-09-15,CUS-01198,PRD-0118,10,"23,110","231,100",
ORD-2025-032112,2025-09-15,CUS-00477,PRD-0130,7,"13,600","95,200",
ORD-2025-032115,2025-09-15,CUS-00153,PRD-0131,4,"31,140","124,560",
ORD-2025-032118,2025-09-15,CUS-01474,PRD-0142,8,"52,030","416,240",
ORD-2025-032127,2025-09-15,CUS-02108,PRD-0156,15,"58,570","878,550",
ORD-2025-032129,2025-09-15,CUS-01056,PRD-0160,17,"32,940","559,980",
ORD-2025-032133,2025-09-15,CUS-02161,PRD-0161,13,"32,640","424,320",
ORD-2025-032134,2025-09-15,CUS-00193,PRD-0161,12,"32,640","391,680",
ORD-2025-032136,2025-09-15,CUS-00221,PRD-0163,41,"27,790","1,139,390",
ORD-2025-032146,2025-09-16,CUS-01923,PRD-0026,5,"4,150","20,750",
ORD-2025-032151,2025-09-16,CUS-02311,PRD-0041,29,"6,830","198,070",
ORD-2025-032157,2025-09-16,CUS-02108,PRD-0057,23,"18,040","414,920",
ORD-2025-032161,2025-09-16,CUS-01058,PRD-0067,3,"12,380","37,140",
ORD-2025-032168,2025-09-16,CUS-00798,PRD-0081,3,"42,190","126,570",
ORD-2025-032169,2025-09-16,CUS-00898,PRD-0082,14,"30,730","430,220",
ORD-2025-032170,2025-09-16,CUS-01426,PRD-0082,5,"30,730","153,650",
ORD-2025-032171,2025-09-16,CUS-00036,PRD-0084,7,"27,760","194,320",
ORD-2025-032172,2025-09-16,CUS-00039,PRD-0084,2,"27,760","55,520",
ORD-2025-032173,2025-09-16,CUS-00283,PRD-0084,12,"27,760","333,120",
ORD-2025-032178,2025-09-16,CUS-00278,PRD-0086,4,"28,180","112,720",
ORD-2025-032186,2025-09-16,CUS-00383,PRD-0090,5,"37,690","188,450",
ORD-2025-032187,2025-09-16,CUS-01121,PRD-0090,8,"37,690","301,520",
ORD-2025-032188,2025-09-16,CUS-01369,PRD-0090,4,"37,690","150,760",
ORD-2025-032212,2025-09-16,CUS-01058,PRD-0135,9,"32,900","296,100",
ORD-2025-032214,2025-09-16,CUS-01912,PRD-0145,18,"31,800","572,400",
ORD-2025-032216,2025-09-16,CUS-01881,PRD-0149,1,"45,880","45,880",
ORD-2025-032218,2025-09-16,CUS-02251,PRD-0151,6,"42,840","257,040",
ORD-2025-032222,2025-09-16,CUS-00240,PRD-0156,11,"58,570","644,270",
ORD-2025-032226,2025-09-16,CUS-00397,PRD-0161,3,"32,640","97,920",
ORD-2025-032227,2025-09-16,CUS-00142,PRD-0161,19,"32,640","620,160",
ORD-2025-032228,2025-09-16,CUS-00153,PRD-0161,8,"32,640","261,120",
ORD-2025-032233,2025-09-17,CUS-01389,PRD-0004,11,"4,490","49,390",
ORD-2025-032236,2025-09-17,CUS-00996,PRD-0019,5,"31,240","156,200",
ORD-2025-032244,2025-09-17,CUS-00039,PRD-0060,3,"57,540","172,620",
ORD-2025-032248,2025-09-17,CUS-02083,PRD-0070,3,"19,240","57,720",
ORD-2025-032253,2025-09-17,CUS-01671,PRD-0084,5,"27,760","138,800",
ORD-2025-032265,2025-09-17,CUS-00311,PRD-0098,8,"15,320","122,560",
ORD-2025-032278,2025-09-17,CUS-00022,PRD-0120,12,"14,740","176,880",
ORD-2025-032284,2025-09-17,CUS-00199,PRD-0139,16,"33,360","533,760",
ORD-2025-032288,2025-09-17,CUS-00882,PRD-0142,7,"52,030","364,210",
ORD-2025-032314,2025-09-18,CUS-00227,PRD-0005,4,"3,110","12,440",
ORD-2025-032315,2025-09-18,CUS-00271,PRD-0005,6,"3,110","18,660",
ORD-2025-032318,2025-09-18,CUS-00758,PRD-0017,17,"39,680","674,560",
ORD-2025-032321,2025-09-18,CUS-02312,PRD-0021,7,"19,390","135,730",
ORD-2025-032325,2025-09-18,CUS-01526,PRD-0037,7,"25,650","179,550",
ORD-2025-032326,2025-09-18,CUS-00790,PRD-0049,8,"18,190","145,520",
ORD-2025-032332,2025-09-18,CUS-00798,PRD-0064,14,"36,350","508,900",
ORD-2025-032338,2025-09-18,CUS-01858,PRD-0077,3,"31,120","93,360",
ORD-2025-032340,2025-09-18,CUS-00267,PRD-0082,12,"30,730","368,760",
ORD-2025-032344,2025-09-18,CUS-02352,PRD-0086,20,"28,180","563,600",
ORD-2025-032349,2025-09-18,CUS-01881,PRD-0090,4,"37,690","150,760",
ORD-2025-032353,2025-09-18,CUS-01974,PRD-0106,4,"41,890","167,560",
ORD-2025-032359,2025-09-18,CUS-01137,PRD-0121,6,"26,430","158,580",
ORD-2025-032377,2025-09-18,CUS-00515,PRD-0161,4,"32,640","130,560",
ORD-2025-032378,2025-09-18,CUS-02303,PRD-0161,12,"32,640","391,680",
ORD-2025-032383,2025-09-19,CUS-00759,PRD-0003,13,"4,840","62,920",
ORD-2025-032387,2025-09-19,CUS-00258,PRD-0004,4,"4,490","17,960",
ORD-2025-032392,2025-09-19,CUS-00758,PRD-0045,10,"7,340","73,400",
ORD-2025-032396,2025-09-19,CUS-00014,PRD-0049,3,"18,190","54,570",
ORD-2025-032400,2025-09-19,CUS-00198,PRD-0063,15,"15,070","226,050",
ORD-2025-032403,2025-09-19,CUS-00468,PRD-0065,2,"34,000","68,000",
ORD-2025-032408,2025-09-19,CUS-02386,PRD-0078,14,"33,720","472,080",
ORD-2025-032420,2025-09-19,CUS-00085,PRD-0090,7,"37,690","263,830",
ORD-2025-032421,2025-09-19,CUS-02324,PRD-0090,3,"37,690","113,070",
ORD-2025-032429,2025-09-19,CUS-00097,PRD-0100,12,"20,780","249,360",
ORD-2025-032437,2025-09-19,CUS-01845,PRD-0118,6,"23,110","138,660",
ORD-2025-032464,2025-09-20,CUS-00813,PRD-0004,6,"4,490","26,940",
ORD-2025-032467,2025-09-20,CUS-00605,PRD-0006,6,"3,060","18,360",
ORD-2025-032473,2025-09-20,CUS-02332,PRD-0023,4,"16,940","67,760",
ORD-2025-032480,2025-09-20,CUS-01498,PRD-0057,5,"18,040","90,200",
ORD-2025-032494,2025-09-20,CUS-01269,PRD-0090,6,"37,690","226,140",
ORD-2025-032495,2025-09-20,CUS-01058,PRD-0090,21,"37,690","791,490",
ORD-2025-032500,2025-09-20,CUS-00112,PRD-0102,6,"17,050","102,300",
ORD-2025-032507,2025-09-20,CUS-00335,PRD-0141,5,"38,600","193,000",
ORD-2025-032516,2025-09-20,CUS-00929,PRD-0160,2,"32,940","65,880",
ORD-2025-032547,2025-09-22,CUS-00951,PRD-0011,2,"17,170","34,340",
ORD-2025-032553,2025-09-22,CUS-00929,PRD-0033,18,"11,040","198,720",
ORD-2025-032575,2025-09-22,CUS-01566,PRD-0084,23,"27,760","638,480",
ORD-2025-032587,2025-09-22,CUS-00837,PRD-0097,10,"21,780","217,800",
ORD-2025-032594,2025-09-22,CUS-00406,PRD-0108,28,"30,750","861,000",
ORD-2025-032595,2025-09-22,CUS-00553,PRD-0109,23,"30,700","706,100",
ORD-2025-032608,2025-09-22,CUS-01293,PRD-0144,2,"31,990","63,980",
ORD-2025-032610,2025-09-22,CUS-01347,PRD-0150,11,"47,850","526,350",
ORD-2025-032618,2025-09-22,CUS-02091,PRD-0165,9,"23,380","210,420",
ORD-2025-032621,2025-09-23,CUS-02067,PRD-0003,3,"4,840","14,520",
ORD-2025-032623,2025-09-23,CUS-00739,PRD-0018,17,"62,570","1,063,690",
ORD-2025-032625,2025-09-23,CUS-01007,PRD-0020,8,"29,210","233,680",
ORD-2025-032629,2025-09-23,CUS-01739,PRD-0026,2,"4,150","8,300",
ORD-2025-032631,2025-09-23,CUS-01560,PRD-0029,4,"11,070","44,280",
ORD-2025-032643,2025-09-23,CUS-02444,PRD-0058,14,"17,980","251,720",
ORD-2025-032646,2025-09-23,CUS-02424,PRD-0068,8,"16,320","130,560",
ORD-2025-032648,2025-09-23,CUS-01779,PRD-0077,10,"31,120","311,200",
ORD-2025-032651,2025-09-23,CUS-00985,PRD-0078,7,"33,720","236,040",
ORD-2025-032652,2025-09-23,CUS-01163,PRD-0079,2,"46,870","93,740",
ORD-2025-032662,2025-09-23,CUS-00167,PRD-0090,2,"37,690","75,380",
ORD-2025-032670,2025-09-23,CUS-00403,PRD-0108,3,"30,750","92,250",
ORD-2025-032678,2025-09-23,CUS-02311,PRD-0123,3,"14,410","43,230",
ORD-2025-032683,2025-09-23,CUS-01805,PRD-0125,6,"15,380","92,280",
ORD-2025-032684,2025-09-23,CUS-00022,PRD-0125,4,"15,380","61,520",
ORD-2025-032685,2025-09-23,CUS-00023,PRD-0125,4,"15,380","61,520",
ORD-2025-032704,2025-09-23,CUS-01088,PRD-0161,6,"32,640","195,840",
ORD-2025-032705,2025-09-23,CUS-01198,PRD-0161,5,"32,640","163,200",
ORD-2025-032709,2025-09-23,CUS-00395,PRD-0166,1,"25,650","25,650",
ORD-2025-032711,2025-09-24,CUS-02011,PRD-0007,5,"17,070","85,350",
ORD-2025-032717,2025-09-24,CUS-00956,PRD-0023,10,"16,940","169,400",
ORD-2025-032721,2025-09-24,CUS-00477,PRD-0049,3,"18,190","54,570",
ORD-2025-032723,2025-09-24,CUS-00492,PRD-0057,8,"18,040","144,320",
ORD-2025-032728,2025-09-24,CUS-01456,PRD-0077,14,"31,120","435,680",
ORD-2025-032744,2025-09-24,CUS-00934,PRD-0100,4,"20,780","83,120",
ORD-2025-032745,2025-09-24,CUS-00142,PRD-0103,3,"38,480","115,440",
ORD-2025-032746,2025-09-24,CUS-00790,PRD-0107,17,"39,590","673,030",
ORD-2025-032760,2025-09-24,CUS-00139,PRD-0125,8,"15,380","123,040",
ORD-2025-032762,2025-09-24,CUS-00211,PRD-0127,19,"16,760","318,440",
ORD-2025-032766,2025-09-24,CUS-01315,PRD-0135,10,"32,900","329,000",
ORD-2025-032771,2025-09-24,CUS-00860,PRD-0142,17,"52,030","884,510",
ORD-2025-032777,2025-09-24,CUS-02386,PRD-0151,34,"42,840","1,456,560",
ORD-2025-032789,2025-09-25,CUS-01104,PRD-0005,7,"3,110","21,770",
ORD-2025-032792,2025-09-25,CUS-01325,PRD-0011,27,"17,170","463,590",
ORD-2025-032794,2025-09-25,CUS-01072,PRD-0018,5,"62,570","312,850",
ORD-2025-032816,2025-09-25,CUS-02302,PRD-0085,12,"32,580","390,960",
ORD-2025-032824,2025-09-25,CUS-00094,PRD-0090,8,"37,690","301,520",
ORD-2025-032825,2025-09-25,CUS-00022,PRD-0090,2,"37,690","75,380",
ORD-2025-032826,2025-09-25,CUS-01364,PRD-0090,3,"37,690","113,070",
ORD-2025-032827,2025-09-25,CUS-01881,PRD-0090,2,"37,690","75,380",
ORD-2025-032834,2025-09-25,CUS-02040,PRD-0101,6,"22,590","135,540",
ORD-2025-032835,2025-09-25,CUS-01191,PRD-0111,2,"12,240","24,480",
ORD-2025-032837,2025-09-25,,PRD-0120,26,"14,740","383,240",
ORD-2025-032867,2025-09-26,CUS-01133,PRD-0017,13,"39,680","515,840",
ORD-2025-032870,2025-09-26,CUS-02312,PRD-0033,8,"11,040","88,320",
ORD-2025-032875,2025-09-26,CUS-01021,PRD-0038,5,"15,680","78,400",
ORD-2025-032882,2025-09-26,CUS-00521,PRD-0060,6,"57,540","345,240",
ORD-2025-032891,2025-09-26,CUS-00985,PRD-0077,6,"31,120","186,720",
ORD-2025-032892,2025-09-26,CUS-00617,PRD-0078,6,"33,720","202,320",
ORD-2025-032915,2025-09-26,CUS-02046,PRD-0122,4,"19,140","76,560",
ORD-2025-032925,2025-09-26,CUS-01164,PRD-0153,15,"24,220","363,300",
ORD-2025-032934,2025-09-26,CUS-02052,PRD-0160,1,"32,940","32,940",
ORD-2025-032941,2025-09-26,CUS-01319,PRD-0164,25,"19,920","498,000",
ORD-2025-032943,2025-09-26,CUS-02433,PRD-0166,4,"25,650","102,600",
ORD-2025-032944,2025-09-26,CUS-00805,PRD-0166,7,"25,650","179,550",
ORD-2025-032955,2025-09-27,CUS-00747,PRD-0049,15,"18,190","272,850",
ORD-2025-032958,2025-09-27,CUS-01058,PRD-0053,13,"38,950","506,350",
ORD-2025-032962,2025-09-27,CUS-01858,PRD-0076,4,"28,050","112,200",
ORD-2025-032966,2025-09-27,CUS-01559,PRD-0084,5,"27,760","138,800",
ORD-2025-032971,2025-09-27,CUS-01247,PRD-0090,4,"37,690","150,760",
ORD-2025-032972,2025-09-27,CUS-01832,PRD-0090,9,"37,690","339,210",
ORD-2025-032973,2025-09-27,CUS-01733,PRD-0090,8,"37,690","301,520",
ORD-2025-032980,2025-09-27,CUS-00773,PRD-0106,15,"41,890","628,350",
ORD-2025-032981,2025-09-27,CUS-01748,PRD-0107,1,"39,590","39,590",
ORD-2025-032983,2025-09-27,CUS-01383,PRD-0108,17,"30,750","522,750",
ORD-2025-032991,2025-09-27,CUS-02029,PRD-0135,19,"32,900","625,100",
ORD-2025-032997,2025-09-27,CUS-02151,PRD-0156,10,"58,570","585,700",
ORD-2025-033003,2025-09-27,CUS-01093,PRD-0161,13,"32,640","424,320",
ORD-2025-033009,2025-09-28,CUS-00036,PRD-0051,7,"43,070","301,490",
ORD-2025-033011,2025-09-28,CUS-00549,PRD-0057,7,"18,040","126,280",
ORD-2025-033012,2025-09-28,CUS-00427,PRD-0062,10,"17,890","178,900",
ORD-2025-033017,2025-09-28,CUS-01672,PRD-0090,10,"37,690","376,900",
ORD-2025-033020,2025-09-28,,PRD-0145,8,"31,800","254,400",
ORD-2025-033023,2025-09-28,CUS-01704,PRD-0160,13,"32,940","428,220",
ORD-2025-033026,2025-09-29,CUS-01104,PRD-0004,2,"4,490","8,980",
ORD-2025-033034,2025-09-29,CUS-01401,PRD-0032,16,"20,370","325,920",
ORD-2025-033040,2025-09-29,CUS-01335,PRD-0051,8,"43,070","344,560",
ORD-2025-033042,2025-09-29,CUS-02417,PRD-0057,10,"18,040","180,400",
ORD-2025-033045,2025-09-29,CUS-00521,PRD-0059,3,"50,810","152,430",
ORD-2025-033050,2025-09-29,CUS-00726,PRD-0076,7,"28,050","196,350",
ORD-2025-033056,2025-09-29,CUS-02073,PRD-0080,4,"23,900","95,600",
ORD-2025-033061,2025-09-29,CUS-00760,PRD-0089,23,"13,010","299,230",
ORD-2025-033072,2025-09-29,CUS-01930,PRD-0090,9,"37,690","339,210",
ORD-2025-033077,2025-09-29,CUS-02151,PRD-0100,2,"20,780","41,560",
ORD-2025-033089,2025-09-29,CUS-00383,PRD-0118,7,"23,110","161,770",
ORD-2025-033092,2025-09-29,CUS-01386,PRD-0131,12,"31,140","373,680",
ORD-2025-033107,2025-09-29,CUS-02357,PRD-0151,6,"42,840","257,040",
ORD-2025-033116,2025-09-29,CUS-00710,PRD-0161,16,"32,640","522,240",
ORD-2025-033122,2025-09-30,CUS-00359,PRD-0007,7,"17,070","119,490",
ORD-2025-033124,2025-09-30,CUS-00154,PRD-0019,3,"31,240","93,720",
ORD-2025-033126,2025-09-30,CUS-02424,PRD-0023,7,"16,940","118,580",
ORD-2025-033129,2025-09-30,CUS-00221,PRD-0039,5,"14,770","73,850",
ORD-2025-033137,2025-09-30,CUS-00605,PRD-0057,7,"18,040","126,280",
ORD-2025-033139,2025-09-30,CUS-01148,PRD-0062,6,"17,890","107,340",
ORD-2025-033143,2025-09-30,CUS-02067,PRD-0065,19,"34,000","646,000",
ORD-2025-033152,2025-09-30,CUS-01604,PRD-0078,12,"33,720","404,640",
ORD-2025-033158,2025-09-30,CUS-01022,PRD-0083,6,"23,690","142,140",
ORD-2025-033160,2025-09-30,CUS-01891,PRD-0085,14,"32,580","456,120",
ORD-2025-033163,2025-09-30,CUS-00988,PRD-0090,4,"37,690","150,760",
ORD-2025-033164,2025-09-30,CUS-01921,PRD-0091,4,"27,010","108,040",
ORD-2025-033175,2025-09-30,CUS-01972,PRD-0124,6,"8,790","52,740",
ORD-2025-033178,2025-09-30,CUS-00424,PRD-0125,5,"15,380","76,900",
ORD-2025-033179,2025-09-30,CUS-02052,PRD-0130,14,"13,600","190,400",
ORD-2025-033182,2025-09-30,CUS-02272,PRD-0137,3,"27,650","82,950",
ORD-2025-033193,2025-09-30,CUS-02363,PRD-0151,11,"42,840","471,240",
ORD-2025-033201,2025-09-30,,PRD-0161,5,"32,640","163,200",
ORD-2025-033203,2025-09-30,CUS-00885,PRD-0165,5,"23,380","116,900",
ORD-2025-033209,2025-10-01,CUS-00097,PRD-0004,7,"4,490","31,430",
ORD-2025-033210,2025-10-01,CUS-00564,PRD-0011,13,"17,170","223,210",
ORD-2025-033229,2025-10-01,CUS-01378,PRD-0064,17,"36,350","617,950",
ORD-2025-033235,2025-10-01,CUS-02138,PRD-0082,11,"30,730","338,030",
ORD-2025-033242,2025-10-01,CUS-00397,PRD-0090,5,"37,690","188,450",
ORD-2025-033247,2025-10-01,CUS-01401,PRD-0108,9,"30,750","276,750",
ORD-2025-033250,2025-10-01,CUS-01378,PRD-0118,6,"23,110","138,660",
ORD-2025-033251,2025-10-01,CUS-01092,PRD-0119,10,"21,950","219,500",
ORD-2025-033253,2025-10-01,CUS-01891,PRD-0123,5,"14,410","72,050",
ORD-2025-033258,2025-10-01,CUS-01923,PRD-0128,2,"20,590","41,180",
ORD-2025-033259,2025-10-01,CUS-00531,PRD-0128,5,"20,590","102,950",
ORD-2025-033264,2025-10-01,CUS-00365,PRD-0144,8,"31,990","255,920",
ORD-2025-033274,2025-10-01,CUS-00142,PRD-0154,22,"42,470","934,340",
ORD-2025-033275,2025-10-01,CUS-02496,PRD-0156,23,"58,570","1,347,110",
ORD-2025-033278,2025-10-01,CUS-01879,PRD-0160,1,"32,940","32,940",
ORD-2025-033279,2025-10-01,CUS-00003,PRD-0161,7,"32,640","228,480",
ORD-2025-033280,2025-10-01,CUS-00488,PRD-0162,5,"28,900","144,500",
ORD-2025-033284,2025-10-01,,PRD-0166,2,"25,650","51,300",
ORD-2025-033305,2025-10-02,CUS-00355,PRD-0064,2,"36,350","72,700",
ORD-2025-033309,2025-10-02,CUS-02358,PRD-0078,6,"33,720","202,320",
ORD-2025-033310,2025-10-02,CUS-00208,PRD-0078,3,"33,720","101,160",
ORD-2025-033315,2025-10-02,CUS-00956,PRD-0083,11,"23,690","260,590",
ORD-2025-033316,2025-10-02,CUS-00310,PRD-0084,10,"27,760","277,600",
ORD-2025-033329,2025-10-02,CUS-01929,PRD-0100,4,"20,780","83,120",
ORD-2025-033330,2025-10-02,CUS-02265,PRD-0106,8,"41,890","335,120",
ORD-2025-033334,2025-10-02,CUS-01832,PRD-0120,10,"14,740","147,400",
ORD-2025-033337,2025-10-02,CUS-01353,PRD-0122,18,"19,140","344,520",
ORD-2025-033341,2025-10-02,CUS-01193,PRD-0125,3,"15,380","46,140",
ORD-2025-033342,2025-10-02,CUS-01806,PRD-0125,11,"15,380","169,180",
ORD-2025-033353,2025-10-02,CUS-00193,PRD-0160,5,"32,940","164,700",
ORD-2025-033357,2025-10-02,CUS-02407,PRD-0161,7,"32,640","228,480",
ORD-2025-033358,2025-10-02,CUS-01199,PRD-0161,10,"32,640","326,400",
ORD-2025-033367,2025-10-03,CUS-00404,PRD-0030,9,"25,250","227,250",
ORD-2025-033370,2025-10-03,CUS-02303,PRD-0040,6,"14,100","84,600",
ORD-2025-033372,2025-10-03,CUS-01543,PRD-0041,1,"6,830","6,830",
ORD-2025-033386,2025-10-03,CUS-01924,PRD-0060,5,"57,540","287,700",
ORD-2025-033392,2025-10-03,CUS-01031,PRD-0077,3,"31,120","93,360",
ORD-2025-033399,2025-10-03,CUS-00131,PRD-0086,8,"28,180","225,440",
ORD-2025-033400,2025-10-03,CUS-01698,PRD-0086,10,"28,180","281,800",
ORD-2025-033406,2025-10-03,CUS-01756,PRD-0090,6,"37,690","226,140",
ORD-2025-033408,2025-10-03,CUS-02063,PRD-0091,16,"27,010","432,160",
ORD-2025-033409,2025-10-03,CUS-01525,PRD-0092,15,"30,260","453,900",
ORD-2025-033421,2025-10-03,CUS-02052,PRD-0108,5,"30,750","153,750",
ORD-2025-033422,2025-10-03,CUS-02047,PRD-0108,21,"30,750","645,750",
ORD-2025-033431,2025-10-03,CUS-02091,PRD-0125,5,"15,380","76,900",
ORD-2025-033444,2025-10-03,CUS-02447,PRD-0151,11,"42,840","471,240",
ORD-2025-033467,2025-10-04,CUS-01748,PRD-0060,14,"57,540","805,560",
ORD-2025-033479,2025-10-04,CUS-00754,PRD-0081,3,"42,190","126,570",
ORD-2025-033482,2025-10-04,CUS-00798,PRD-0085,4,"32,580","130,320",
ORD-2025-033492,2025-10-04,CUS-00898,PRD-0098,7,"15,320","107,240",
ORD-2025-033514,2025-10-04,CUS-00876,PRD-0153,6,"24,220","145,320",
ORD-2025-033528,2025-10-05,CUS-00882,PRD-0077,3,"31,120","93,360",
ORD-2025-033532,2025-10-05,CUS-00904,PRD-0090,10,"37,690","376,900",
ORD-2025-033535,2025-10-05,CUS-00072,PRD-0108,18,"30,750","553,500",
ORD-2025-033538,2025-10-05,CUS-00116,PRD-0125,5,"15,380","76,900",
ORD-2025-033541,2025-10-05,CUS-00322,PRD-0131,9,"31,140","280,260",
ORD-2025-033543,2025-10-05,CUS-02344,PRD-0147,7,"32,330","226,310",
ORD-2025-033544,2025-10-05,CUS-01322,PRD-0147,7,"32,330","226,310",
ORD-2025-033565,2025-10-06,CUS-00790,PRD-0039,11,"14,770","162,470",
ORD-2025-033567,2025-10-06,CUS-02424,PRD-0040,3,"14,100","42,300",
ORD-2025-033574,2025-10-06,CUS-00213,PRD-0077,6,"31,120","186,720",
ORD-2025-033580,2025-10-06,CUS-00640,PRD-0081,9,"42,190","379,710",
ORD-2025-033582,2025-10-06,CUS-00798,PRD-0085,3,"32,580","97,740",
ORD-2025-033583,2025-10-06,CUS-01472,PRD-0086,14,"28,180","394,520",
ORD-2025-033584,2025-10-06,CUS-00341,PRD-0086,9,"28,180","253,620",
ORD-2025-033591,2025-10-06,CUS-02098,PRD-0090,15,"37,690","565,350",
ORD-2025-033599,2025-10-06,CUS-00455,PRD-0118,8,"23,110","184,880",
ORD-2025-033601,2025-10-06,CUS-02067,PRD-0120,5,"14,740","73,700",
ORD-2025-033602,2025-10-06,CUS-01179,PRD-0120,2,"14,740","29,480",
ORD-2025-033613,2025-10-06,CUS-00311,PRD-0142,7,"52,030","364,210",
ORD-2025-033618,2025-10-06,CUS-01335,PRD-0151,8,"42,840","342,720",
ORD-2025-033622,2025-10-06,CUS-00386,PRD-0157,9,"24,810","223,290",
ORD-2025-033624,2025-10-06,CUS-01859,PRD-0160,2,"32,940","65,880",
ORD-2025-033626,2025-10-06,CUS-01784,PRD-0161,12,"32,640","391,680",
ORD-2025-033631,2025-10-07,CUS-01582,PRD-0002,13,"5,180","67,340",
ORD-2025-033648,2025-10-07,CUS-00884,PRD-0035,19,"13,660","259,540",
ORD-2025-033665,2025-10-07,CUS-00284,PRD-0070,5,"19,240","96,200",
ORD-2025-033680,2025-10-07,CUS-01367,PRD-0090,8,"37,690","301,520",
ORD-2025-033681,2025-10-07,CUS-02068,PRD-0090,2,"37,690","75,380",
ORD-2025-033682,2025-10-07,CUS-00903,PRD-0090,9,"37,690","339,210",
ORD-2025-033688,2025-10-07,CUS-00221,PRD-0117,8,"17,520","140,160",
ORD-2025-033691,2025-10-07,CUS-01788,PRD-0121,3,"26,430","79,290",
ORD-2025-033698,2025-10-07,CUS-01788,PRD-0132,25,"38,360","959,000",
ORD-2025-033701,2025-10-07,CUS-01164,PRD-0143,9,"48,640","437,760",
ORD-2025-033708,2025-10-07,CUS-02272,PRD-0151,11,"42,840","471,240",
ORD-2025-033715,2025-10-07,,PRD-0165,3,"23,380","70,140",
ORD-2025-033719,2025-10-08,CUS-01104,PRD-0001,6,"4,970","29,820",
ORD-2025-033724,2025-10-08,CUS-01072,PRD-0011,20,"17,170","343,400",
ORD-2025-033726,2025-10-08,CUS-02332,PRD-0017,13,"39,680","515,840",
ORD-2025-033733,2025-10-08,CUS-01589,PRD-0051,20,"43,070","861,400",
ORD-2025-033749,2025-10-08,CUS-02451,PRD-0084,5,"27,760","138,800",
ORD-2025-033757,2025-10-08,CUS-02302,PRD-0090,2,"37,690","75,380",
ORD-2025-033770,2025-10-08,CUS-00044,PRD-0118,13,"23,110","300,430",
ORD-2025-033772,2025-10-08,CUS-02176,PRD-0121,11,"26,430","290,730",
ORD-2025-033773,2025-10-08,CUS-01377,PRD-0122,2,"19,140","38,280",
ORD-2025-033778,2025-10-08,CUS-01163,PRD-0129,6,"17,810","106,860",
ORD-2025-033788,2025-10-08,CUS-01831,PRD-0151,6,"42,840","257,040",
ORD-2025-033796,2025-10-08,CUS-01389,PRD-0165,4,"23,380","93,520",
ORD-2025-033805,2025-10-09,CUS-01688,PRD-0018,4,"62,570","250,280",
ORD-2025-033808,2025-10-09,CUS-01793,PRD-0031,26,"36,660","953,160",
ORD-2025-033811,2025-10-09,CUS-00348,PRD-0039,2,"14,770","29,540",
ORD-2025-033815,2025-10-09,CUS-02290,PRD-0049,7,"18,190","127,330",
ORD-2025-033822,2025-10-09,CUS-00183,PRD-0067,4,"12,380","49,520",
ORD-2025-033825,2025-10-09,CUS-00840,PRD-0074,4,"38,390","153,560",
ORD-2025-033828,2025-10-09,CUS-01560,PRD-0077,13,"31,120","404,560",
ORD-2025-033843,2025-10-09,CUS-01285,PRD-0090,2,"37,690","75,380",
ORD-2025-033860,2025-10-09,CUS-01935,PRD-0134,15,"34,970","524,550",
ORD-2025-033864,2025-10-09,CUS-01056,PRD-0142,26,"52,030","1,352,780",
ORD-2025-033865,2025-10-09,CUS-02248,PRD-0142,4,"52,030","208,120",
ORD-2025-033867,2025-10-09,CUS-01858,PRD-0144,5,"31,990","159,950",
ORD-2025-033878,2025-10-09,CUS-00608,PRD-0151,2,"42,840","85,680",
ORD-2025-033879,2025-10-09,CUS-02392,PRD-0151,5,"42,840","214,200",
ORD-2025-033881,2025-10-09,CUS-01288,PRD-0164,2,"19,920","39,840",
ORD-2025-033906,2025-10-10,CUS-00097,PRD-0065,9,"34,000","306,000",
ORD-2025-033907,2025-10-10,CUS-01304,PRD-0065,5,"34,000","170,000",
ORD-2025-033909,2025-10-10,CUS-00553,PRD-0074,3,"38,390","115,170",
ORD-2025-033910,2025-10-10,CUS-00339,PRD-0074,26,"38,390","998,140",
ORD-2025-033920,2025-10-10,CUS-01804,PRD-0093,9,"23,080","207,720",
ORD-2025-033926,2025-10-10,CUS-01466,PRD-0110,5,"30,350","151,750",
ORD-2025-033931,2025-10-10,CUS-01119,PRD-0118,3,"23,110","69,330",
ORD-2025-033935,2025-10-10,CUS-01173,PRD-0121,68,"26,430","1,797,240",
ORD-2025-033936,2025-10-10,CUS-02073,PRD-0122,1,"19,140","19,140",
ORD-2025-033946,2025-10-10,CUS-02093,PRD-0144,22,"31,990","703,780",
ORD-2025-033958,2025-10-10,CUS-01580,PRD-0156,7,"58,570","409,990",
ORD-2025-033959,2025-10-10,CUS-01377,PRD-0157,5,"24,810","124,050",
ORD-2025-033966,2025-10-11,CUS-01269,PRD-0007,4,"17,070","68,280",
ORD-2025-033968,2025-10-11,CUS-00971,PRD-0011,22,"17,170","377,740",
ORD-2025-033969,2025-10-11,CUS-02138,PRD-0020,16,"29,210","467,360",
ORD-2025-033978,2025-10-11,CUS-01040,PRD-0052,2,"43,630","87,260",
ORD-2025-033980,2025-10-11,CUS-01226,PRD-0057,7,"18,040","126,280",
ORD-2025-033985,2025-10-11,CUS-01456,PRD-0063,14,"15,070","210,980",
ORD-2025-033995,2025-10-11,CUS-01560,PRD-0090,14,"37,690","527,660",
ORD-2025-034006,2025-10-11,CUS-00531,PRD-0103,1,"38,480","38,480",
ORD-2025-034010,2025-10-11,CUS-00477,PRD-0118,10,"23,110","231,100",
ORD-2025-034027,2025-10-11,CUS-02418,PRD-0160,2,"32,940","65,880",
ORD-2025-034029,2025-10-11,CUS-02480,PRD-0161,3,"32,640","97,920",
ORD-2025-034039,2025-10-12,CUS-01637,PRD-0061,3,"16,320","48,960",
ORD-2025-034040,2025-10-12,CUS-00904,PRD-0064,4,"36,350","145,400",
ORD-2025-034042,2025-10-12,CUS-02496,PRD-0076,4,"28,050","112,200",
ORD-2025-034047,2025-10-12,CUS-01856,PRD-0086,4,"28,180","112,720",
ORD-2025-034052,2025-10-12,CUS-00383,PRD-0090,4,"37,690","150,760",
ORD-2025-034056,2025-10-12,CUS-00515,PRD-0111,2,"12,240","24,480",
ORD-2025-034060,2025-10-12,CUS-00515,PRD-0125,8,"15,380","123,040",
ORD-2025-034063,2025-10-12,CUS-01392,PRD-0142,9,"52,030","468,270",
ORD-2025-034067,2025-10-12,CUS-01356,PRD-0166,5,"25,650","128,250",
ORD-2025-034070,2025-10-13,CUS-00820,PRD-0005,25,"3,110","77,750",
ORD-2025-034075,2025-10-13,CUS-01303,PRD-0016,13,"42,680","554,840",
ORD-2025-034079,2025-10-13,CUS-02363,PRD-0037,11,"25,650","282,150",
ORD-2025-034080,2025-10-13,CUS-00047,PRD-0041,10,"6,830","68,300",
ORD-2025-034087,2025-10-13,CUS-01361,PRD-0056,8,"25,020","200,160",
ORD-2025-034089,2025-10-13,CUS-01845,PRD-0064,6,"36,350","218,100",
ORD-2025-034091,2025-10-13,CUS-00968,PRD-0075,24,"34,020","816,480",
ORD-2025-034096,2025-10-13,CUS-00788,PRD-0086,7,"28,180","197,260",
ORD-2025-034102,2025-10-13,CUS-02343,PRD-0090,6,"37,690","226,140",
ORD-2025-034103,2025-10-13,CUS-01397,PRD-0090,4,"37,690","150,760",
ORD-2025-034106,2025-10-13,CUS-00747,PRD-0098,12,"15,320","183,840",
ORD-2025-034107,2025-10-13,CUS-00072,PRD-0098,8,"15,320","122,560",
ORD-2025-034109,2025-10-13,CUS-00183,PRD-0100,3,"20,780","62,340",
ORD-2025-034110,2025-10-13,CUS-01392,PRD-0100,11,"20,780","228,580",
ORD-2025-034118,2025-10-13,,PRD-0108,3,"30,750","92,250",
ORD-2025-034124,2025-10-13,CUS-00643,PRD-0118,15,"23,110","346,650",
ORD-2025-034130,2025-10-13,CUS-01109,PRD-0127,10,"16,760","167,600",
ORD-2025-034139,2025-10-13,CUS-01056,PRD-0150,5,"47,850","239,250",
ORD-2025-034143,2025-10-13,CUS-00783,PRD-0151,1,"42,840","42,840",
ORD-2025-034154,2025-10-13,CUS-00770,PRD-0167,9,"14,020","126,180",
ORD-2025-034161,2025-10-14,CUS-00335,PRD-0033,2,"11,040","22,080",
ORD-2025-034163,2025-10-14,CUS-02115,PRD-0048,14,"16,870","236,180",
ORD-2025-034164,2025-10-14,CUS-01961,PRD-0051,5,"43,070","215,350",
ORD-2025-034168,2025-10-14,CUS-01606,PRD-0057,3,"18,040","54,120",
ORD-2025-034169,2025-10-14,CUS-02055,PRD-0057,23,"18,040","414,920",
ORD-2025-034182,2025-10-14,CUS-00094,PRD-0077,4,"31,120","124,480",
ORD-2025-034188,2025-10-14,CUS-01319,PRD-0085,7,"32,580","228,060",
ORD-2025-034189,2025-10-14,CUS-00186,PRD-0086,8,"28,180","225,440",
ORD-2025-034193,2025-10-14,CUS-02063,PRD-0090,2,"37,690","75,380",
ORD-2025-034201,2025-10-14,CUS-00054,PRD-0120,7,"14,740","103,180",
ORD-2025-034208,2025-10-14,CUS-01916,PRD-0125,5,"15,380","76,900",
ORD-2025-034210,2025-10-14,CUS-01566,PRD-0128,16,"20,590","329,440",
ORD-2025-034212,2025-10-14,CUS-02387,PRD-0135,2,"32,900","65,800",
ORD-2025-034215,2025-10-14,CUS-01240,PRD-0150,6,"47,850","287,100",
ORD-2025-034234,2025-10-14,CUS-01058,PRD-0157,5,"24,810","124,050",
ORD-2025-034242,2025-10-15,CUS-00841,PRD-0009,12,"18,390","220,680",
ORD-2025-034257,2025-10-15,CUS-02145,PRD-0039,4,"14,770","59,080",
ORD-2025-034258,2025-10-15,CUS-02376,PRD-0045,4,"7,340","29,360",
ORD-2025-034260,2025-10-15,CUS-00349,PRD-0056,1,"25,020","25,020",
ORD-2025-034263,2025-10-15,CUS-00823,PRD-0065,14,"34,000","476,000",
ORD-2025-034270,2025-10-15,CUS-00085,PRD-0074,5,"38,390","191,950",
ORD-2025-034291,2025-10-15,CUS-02091,PRD-0100,9,"20,780","187,020",
ORD-2025-034292,2025-10-15,CUS-00186,PRD-0100,5,"20,780","103,900",
ORD-2025-034294,2025-10-15,CUS-01560,PRD-0108,5,"30,750","153,750",
ORD-2025-034298,2025-10-15,CUS-00463,PRD-0121,1,"26,430","26,430",
ORD-2025-034319,2025-10-15,CUS-01511,PRD-0151,10,"42,840","428,400",
ORD-2025-034321,2025-10-15,CUS-01883,PRD-0156,2,"58,570","117,140",
ORD-2025-034323,2025-10-16,CUS-01935,PRD-0002,7,"5,180","36,260",
ORD-2025-034341,2025-10-16,CUS-01347,PRD-0056,5,"25,020","125,100",
ORD-2025-034344,2025-10-16,CUS-01543,PRD-0057,23,"18,040","414,920",
ORD-2025-034346,2025-10-16,CUS-00167,PRD-0058,10,"17,980","179,800",
ORD-2025-034347,2025-10-16,CUS-01739,PRD-0060,11,"57,540","632,940",
ORD-2025-034348,2025-10-16,CUS-00773,PRD-0060,4,"57,540","230,160",
ORD-2025-034352,2025-10-16,CUS-00456,PRD-0068,3,"16,320","48,960",
ORD-2025-034357,2025-10-16,CUS-00267,PRD-0077,7,"31,120","217,840",
ORD-2025-034361,2025-10-16,CUS-02177,PRD-0086,7,"28,180","197,260",
ORD-2025-034372,2025-10-16,CUS-02248,PRD-0090,4,"37,690","150,760",
ORD-2025-034373,2025-10-16,CUS-00758,PRD-0090,9,"37,690","339,210",
ORD-2025-034374,2025-10-16,CUS-02418,PRD-0090,21,"37,690","791,490",
ORD-2025-034392,2025-10-16,CUS-01303,PRD-0151,9,"42,840","385,560",
ORD-2025-034393,2025-10-16,CUS-00003,PRD-0151,12,"42,840","514,080",
ORD-2025-034394,2025-10-16,CUS-00198,PRD-0155,1,"65,880","65,880",
ORD-2025-034399,2025-10-16,CUS-01988,PRD-0161,16,"32,640","522,240",
ORD-2025-034400,2025-10-16,CUS-02178,PRD-0164,9,"19,920","179,280",
ORD-2025-034402,2025-10-16,CUS-01589,PRD-0165,3,"23,380","70,140",
ORD-2025-034407,2025-10-17,CUS-01477,PRD-0004,2,"4,490","8,980",
ORD-2025-034414,2025-10-17,CUS-00760,PRD-0017,6,"39,680","238,080",
ORD-2025-034421,2025-10-17,CUS-02206,PRD-0023,4,"16,940","67,760",
ORD-2025-034430,2025-10-17,CUS-01392,PRD-0050,3,"5,420","16,260",
ORD-2025-034434,2025-10-17,CUS-00770,PRD-0051,15,"43,070","646,050",
ORD-2025-034442,2025-10-17,CUS-02052,PRD-0065,4,"34,000","136,000",
ORD-2025-034444,2025-10-17,CUS-00080,PRD-0067,2,"12,380","24,760",
ORD-2025-034447,2025-10-17,CUS-00131,PRD-0076,4,"28,050","112,200",
ORD-2025-034448,2025-10-17,CUS-02480,PRD-0077,4,"31,120","124,480",
ORD-2025-034453,2025-10-17,CUS-00605,PRD-0082,11,"30,730","338,030",
ORD-2025-034467,2025-10-17,CUS-00132,PRD-0090,7,"37,690","263,830",
ORD-2025-034468,2025-10-17,CUS-00199,PRD-0090,4,"37,690","150,760",
ORD-2025-034469,2025-10-17,CUS-00284,PRD-0090,6,"37,690","226,140",
ORD-2025-034470,2025-10-17,CUS-01792,PRD-0090,3,"37,690","113,070",
ORD-2025-034471,2025-10-17,CUS-00644,PRD-0090,18,"37,690","678,420",
ORD-2025-034472,2025-10-17,CUS-01551,PRD-0093,25,"23,080","577,000",
ORD-2025-034479,2025-10-17,CUS-00365,PRD-0102,9,"17,050","153,450",
ORD-2025-034512,2025-10-17,CUS-01415,PRD-0161,12,"32,640","391,680",
ORD-2025-034514,2025-10-17,CUS-01169,PRD-0164,3,"19,920","59,760",
ORD-2025-034521,2025-10-18,CUS-01191,PRD-0004,7,"4,490","31,430",
ORD-2025-034523,2025-10-18,CUS-01628,PRD-0016,15,"42,680","640,200",
ORD-2025-034546,2025-10-18,CUS-00003,PRD-0090,20,"37,690","753,800",
ORD-2025-034563,2025-10-18,CUS-02115,PRD-0151,13,"42,840","556,920",
ORD-2025-034571,2025-10-19,CUS-02328,PRD-0057,3,"18,040","54,120",
ORD-2025-034584,2025-10-19,CUS-01151,PRD-0125,3,"15,380","46,140",
ORD-2025-034585,2025-10-19,CUS-01137,PRD-0125,14,"15,380","215,320",
ORD-2025-034587,2025-10-19,CUS-00135,PRD-0139,4,"33,360","133,440",
ORD-2025-034588,2025-10-19,CUS-02462,PRD-0151,4,"42,840","171,360",
ORD-2025-034589,2025-10-19,CUS-00294,PRD-0151,18,"42,840","771,120",
ORD-2025-034591,2025-10-19,CUS-00311,PRD-0166,18,"25,650","461,700",
ORD-2025-034606,2025-10-20,CUS-02091,PRD-0042,4,"26,200","104,800",
ORD-2025-034607,2025-10-20,CUS-02383,PRD-0047,4,"19,060","76,240",
ORD-2025-034615,2025-10-20,CUS-02092,PRD-0064,10,"36,350","363,500",
ORD-2025-034619,2025-10-20,CUS-02098,PRD-0068,11,"16,320","179,520",
ORD-2025-034621,2025-10-20,CUS-00065,PRD-0074,8,"38,390","307,120",
ORD-2025-034623,2025-10-20,CUS-02357,PRD-0076,13,"28,050","364,650",
ORD-2025-034624,2025-10-20,CUS-00355,PRD-0077,7,"31,120","217,840",
ORD-2025-034645,2025-10-20,CUS-01296,PRD-0090,6,"37,690","226,140",
ORD-2025-034646,2025-10-20,CUS-01476,PRD-0090,3,"37,690","113,070",
ORD-2025-034647,2025-10-20,CUS-00996,PRD-0090,5,"37,690","188,450",
ORD-2025-034655,2025-10-20,CUS-00238,PRD-0106,15,"41,890","628,350",
ORD-2025-034683,2025-10-20,CUS-00345,PRD-0142,18,"52,030","936,540",
ORD-2025-034700,2025-10-20,CUS-00112,PRD-0161,4,"32,640","130,560",
ORD-2025-034708,2025-10-21,CUS-01369,PRD-0008,11,"16,360","179,960",
ORD-2025-034710,2025-10-21,CUS-00691,PRD-0013,12,"11,970","143,640",
ORD-2025-034714,2025-10-21,CUS-01318,PRD-0024,9,"9,800","88,200",
ORD-2025-034717,2025-10-21,CUS-01415,PRD-0035,5,"13,660","68,300",
ORD-2025-034720,2025-10-21,CUS-01890,PRD-0041,15,"6,830","102,450",
ORD-2025-034729,2025-10-21,CUS-01756,PRD-0064,1,"36,350","36,350",
ORD-2025-034730,2025-10-21,CUS-01089,PRD-0065,6,"34,000","204,000",
ORD-2025-034733,2025-10-21,,PRD-0074,5,"38,390","191,950",
ORD-2025-034734,2025-10-21,CUS-00934,PRD-0075,3,"34,020","102,060",
ORD-2025-034737,2025-10-21,CUS-00205,PRD-0077,7,"31,120","217,840",
ORD-2025-034738,2025-10-21,CUS-02068,PRD-0079,14,"46,870","656,180",
ORD-2025-034742,2025-10-21,CUS-00213,PRD-0082,7,"30,730","215,110",
ORD-2025-034759,2025-10-21,CUS-00805,PRD-0090,28,"37,690","1,055,320",
ORD-2025-034762,2025-10-21,CUS-01981,PRD-0100,9,"20,780","187,020",
ORD-2025-034763,2025-10-21,CUS-00141,PRD-0100,9,"20,780","187,020",
ORD-2025-034773,2025-10-21,CUS-01193,PRD-0122,6,"19,140","114,840",
ORD-2025-034779,2025-10-21,CUS-01926,PRD-0125,9,"15,380","138,420",
ORD-2025-034793,2025-10-21,CUS-02251,PRD-0151,6,"42,840","257,040",
ORD-2025-034806,2025-10-22,CUS-02387,PRD-0004,2,"4,490","8,980",
ORD-2025-034807,2025-10-22,CUS-00129,PRD-0004,10,"4,490","44,900",
ORD-2025-034808,2025-10-22,CUS-01457,PRD-0005,16,"3,110","49,760",
ORD-2025-034811,2025-10-22,CUS-01184,PRD-0016,7,"42,680","298,760",
ORD-2025-034814,2025-10-22,CUS-02278,PRD-0019,2,"31,240","62,480",
ORD-2025-034832,2025-10-22,CUS-02450,PRD-0057,5,"18,040","90,200",
ORD-2025-034833,2025-10-22,,PRD-0057,27,"18,040","487,080",
ORD-2025-034836,2025-10-22,CUS-00092,PRD-0061,9,"16,320","146,880",
ORD-2025-034845,2025-10-22,CUS-02268,PRD-0084,8,"27,760","222,080",
ORD-2025-034847,2025-10-22,CUS-01322,PRD-0086,4,"28,180","112,720",
ORD-2025-034855,2025-10-22,CUS-02317,PRD-0090,29,"37,690","1,093,010",
ORD-2025-034856,2025-10-22,CUS-00748,PRD-0090,17,"37,690","640,730",
ORD-2025-034857,2025-10-22,CUS-01109,PRD-0090,7,"37,690","263,830",
ORD-2025-034866,2025-10-22,CUS-00267,PRD-0110,14,"30,350","424,900",
ORD-2025-034871,2025-10-22,CUS-00531,PRD-0117,18,"17,520","315,360",
ORD-2025-034872,2025-10-22,CUS-01724,PRD-0121,4,"26,430","105,720",
ORD-2025-034877,2025-10-22,CUS-00783,PRD-0125,5,"15,380","76,900",
ORD-2025-034878,2025-10-22,CUS-01792,PRD-0126,13,"29,270","380,510",
ORD-2025-034881,2025-10-22,CUS-00390,PRD-0131,8,"31,140","249,120",
ORD-2025-034884,2025-10-22,CUS-01012,PRD-0150,3,"47,850","143,550",
ORD-2025-034887,2025-10-22,CUS-00186,PRD-0151,8,"42,840","342,720",
ORD-2025-034888,2025-10-22,CUS-00477,PRD-0151,14,"42,840","599,760",
ORD-2025-034889,2025-10-22,CUS-02392,PRD-0151,4,"42,840","171,360",
ORD-2025-034890,2025-10-22,CUS-00355,PRD-0153,5,"24,220","121,100",
ORD-2025-034896,2025-10-22,CUS-00635,PRD-0162,11,"28,900","317,900",
ORD-2025-034901,2025-10-23,CUS-00377,PRD-0004,17,"4,490","76,330",
ORD-2025-034909,2025-10-23,CUS-02342,PRD-0042,1,"26,200","26,200",
ORD-2025-034931,2025-10-23,CUS-00024,PRD-0084,7,"27,760","194,320",
ORD-2025-034934,2025-10-23,CUS-02177,PRD-0086,14,"28,180","394,520",
ORD-2025-034945,2025-10-23,CUS-00355,PRD-0090,12,"37,690","452,280",
ORD-2025-034946,2025-10-23,CUS-02025,PRD-0090,19,"37,690","716,110",
ORD-2025-034947,2025-10-23,CUS-00684,PRD-0090,2,"37,690","75,380",
ORD-2025-034948,2025-10-23,CUS-02407,PRD-0091,6,"27,010","162,060",
ORD-2025-034951,2025-10-23,CUS-01769,PRD-0098,52,"15,320","796,640",
ORD-2025-034955,2025-10-23,CUS-00508,PRD-0100,5,"20,780","103,900",
ORD-2025-034975,2025-10-23,CUS-01872,PRD-0137,6,"27,650","165,900",
ORD-2025-034977,2025-10-23,CUS-00608,PRD-0142,7,"52,030","364,210",
ORD-2025-034979,2025-10-23,CUS-01111,PRD-0144,21,"31,990","671,790",
ORD-2025-034985,2025-10-23,CUS-01364,PRD-0151,2,"42,840","85,680",
ORD-2025-034986,2025-10-23,CUS-01733,PRD-0151,9,"42,840","385,560",
ORD-2025-034987,2025-10-23,CUS-01476,PRD-0151,6,"42,840","257,040",
ORD-2025-035000,2025-10-23,CUS-01457,PRD-0161,5,"32,640","163,200",
ORD-2025-035002,2025-10-23,CUS-01148,PRD-0165,7,"23,380","163,660",
ORD-2025-035003,2025-10-23,CUS-01139,PRD-0165,1,"23,380","23,380",
ORD-2025-035005,2025-10-24,CUS-00813,PRD-0001,11,"4,970","54,670",
ORD-2025-035013,2025-10-24,CUS-00809,PRD-0020,7,"29,210","204,470",
ORD-2025-035034,2025-10-24,CUS-01228,PRD-0065,11,"34,000","374,000",
ORD-2025-035041,2025-10-24,CUS-01109,PRD-0083,7,"23,690","165,830",
ORD-2025-035048,2025-10-24,CUS-01472,PRD-0086,5,"28,180","140,900",
ORD-2025-035049,2025-10-24,CUS-01010,PRD-0086,9,"28,180","253,620",
ORD-2025-035055,2025-10-24,CUS-01403,PRD-0090,16,"37,690","603,040",
ORD-2025-035056,2025-10-24,CUS-00635,PRD-0093,8,"23,080","184,640",
ORD-2025-035058,2025-10-24,CUS-02029,PRD-0098,24,"15,320","367,680",
ORD-2025-035082,2025-10-24,CUS-01920,PRD-0128,7,"20,590","144,130",
ORD-2025-035095,2025-10-24,CUS-01203,PRD-0160,1,"32,940","32,940",
ORD-2025-035096,2025-10-24,CUS-00627,PRD-0160,1,"32,940","32,940",
ORD-2025-035108,2025-10-25,CUS-01198,PRD-0018,11,"62,570","688,270",
ORD-2025-035119,2025-10-25,CUS-02418,PRD-0083,7,"23,690","165,830",
ORD-2025-035124,2025-10-25,CUS-02119,PRD-0090,6,"37,690","226,140",
ORD-2025-035137,2025-10-25,CUS-01474,PRD-0125,15,"15,380","230,700",
ORD-2025-035144,2025-10-25,CUS-01277,PRD-0151,55,"42,840","2,356,200",
ORD-2025-035145,2025-10-25,CUS-01325,PRD-0151,6,"42,840","257,040",
ORD-2025-035157,2025-10-26,CUS-02332,PRD-0077,11,"31,120","342,320",
ORD-2025-035167,2025-10-26,CUS-01481,PRD-0090,10,"37,690","376,900",
ORD-2025-035175,2025-10-26,CUS-01511,PRD-0139,11,"33,360","366,960",
ORD-2025-035196,2025-10-27,CUS-01646,PRD-0028,24,"4,910","117,840",
ORD-2025-035201,2025-10-27,CUS-00644,PRD-0051,9,"43,070","387,630",
ORD-2025-035205,2025-10-27,CUS-01474,PRD-0072,10,"42,600","426,000",
ORD-2025-035207,2025-10-27,CUS-00905,PRD-0077,8,"31,120","248,960",
ORD-2025-035215,2025-10-27,CUS-01440,PRD-0086,13,"28,180","366,340",
ORD-2025-035221,2025-10-27,CUS-02268,PRD-0090,5,"37,690","188,450",
ORD-2025-035222,2025-10-27,CUS-01961,PRD-0090,6,"37,690","226,140",
ORD-2025-035241,2025-10-27,CUS-01269,PRD-0120,10,"14,740","147,400",
ORD-2025-035262,2025-10-27,CUS-00164,PRD-0151,14,"42,840","599,760",
ORD-2025-035263,2025-10-27,CUS-00458,PRD-0151,22,"42,840","942,480",
ORD-2025-035264,2025-10-27,CUS-01462,PRD-0151,10,"42,840","428,400",
ORD-2025-035266,2025-10-27,CUS-01361,PRD-0157,6,"24,810","148,860",
ORD-2025-035290,2025-10-28,CUS-01604,PRD-0039,10,"14,770","147,700",
ORD-2025-035291,2025-10-28,CUS-00245,PRD-0039,7,"14,770","103,390",
ORD-2025-035293,2025-10-28,CUS-00231,PRD-0043,4,"17,760","71,040",
ORD-2025-035299,2025-10-28,CUS-01500,PRD-0051,21,"43,070","904,470",
ORD-2025-035300,2025-10-28,CUS-00617,PRD-0052,6,"43,630","261,780",
ORD-2025-035304,2025-10-28,CUS-01386,PRD-0061,7,"16,320","114,240",
ORD-2025-035312,2025-10-28,CUS-02175,PRD-0078,7,"33,720","236,040",
ORD-2025-035315,2025-10-28,CUS-01898,PRD-0085,5,"32,580","162,900",
ORD-2025-035316,2025-10-28,CUS-00345,PRD-0086,3,"28,180","84,540",
ORD-2025-035325,2025-10-28,CUS-00039,PRD-0090,8,"37,690","301,520",
ORD-2025-035333,2025-10-28,CUS-01832,PRD-0109,4,"30,700","122,800",
ORD-2025-035337,2025-10-28,CUS-01422,PRD-0113,3,"10,420","31,260",
ORD-2025-035341,2025-10-28,CUS-02358,PRD-0125,7,"15,380","107,660",
ORD-2025-035347,2025-10-28,CUS-02302,PRD-0142,9,"52,030","468,270",
ORD-2025-035352,2025-10-28,CUS-01089,PRD-0154,5,"42,470","212,350",
ORD-2025-035355,2025-10-28,CUS-00648,PRD-0156,9,"58,570","527,130",
ORD-2025-035357,2025-10-28,CUS-00456,PRD-0158,1,"33,720","33,720",
ORD-2025-035361,2025-10-28,CUS-00691,PRD-0163,4,"27,790","111,160",
ORD-2025-035363,2025-10-28,CUS-01159,PRD-0165,4,"23,380","93,520",
ORD-2025-035364,2025-10-28,CUS-01935,PRD-0166,21,"25,650","538,650",
ORD-2025-035366,2025-10-29,CUS-01277,PRD-0004,9,"4,490","40,410",
ORD-2025-035379,2025-10-29,CUS-01169,PRD-0063,5,"15,070","75,350",
ORD-2025-035388,2025-10-29,CUS-01646,PRD-0077,2,"31,120","62,240",
ORD-2025-035399,2025-10-29,CUS-01313,PRD-0086,9,"28,180","253,620",
ORD-2025-035408,2025-10-29,CUS-02174,PRD-0090,9,"37,690","339,210",
ORD-2025-035409,2025-10-29,CUS-00918,PRD-0090,9,"37,690","339,210",
ORD-2025-035410,2025-10-29,CUS-02311,PRD-0095,4,"20,290","81,160",
ORD-2025-035430,2025-10-29,CUS-00628,PRD-0151,23,"42,840","985,320",
ORD-2025-035431,2025-10-29,CUS-00841,PRD-0151,2,"42,840","85,680",
ORD-2025-035438,2025-10-29,CUS-01688,PRD-0161,10,"32,640","326,400",
ORD-2025-035459,2025-10-30,CUS-02176,PRD-0079,11,"46,870","515,570",
ORD-2025-035475,2025-10-30,CUS-00097,PRD-0090,7,"37,690","263,830",
ORD-2025-035476,2025-10-30,CUS-01462,PRD-0090,11,"37,690","414,590",
ORD-2025-035478,2025-10-30,CUS-00142,PRD-0091,20,"27,010","540,200",
ORD-2025-035498,2025-10-30,CUS-02191,PRD-0131,10,"31,140","311,400",
ORD-2025-035509,2025-10-30,CUS-01396,PRD-0151,3,"42,840","128,520",
ORD-2025-035510,2025-10-30,CUS-00026,PRD-0151,4,"42,840","171,360",
ORD-2025-035512,2025-10-30,CUS-00914,PRD-0160,17,"32,940","559,980",
ORD-2025-035522,2025-10-31,CUS-01500,PRD-0011,6,"17,170","103,020",
ORD-2025-035524,2025-10-31,CUS-00951,PRD-0014,9,"13,790","124,110",
ORD-2025-035533,2025-10-31,CUS-02451,PRD-0028,6,"4,910","29,460",
ORD-2025-035536,2025-10-31,CUS-00042,PRD-0035,11,"13,660","150,260",
ORD-2025-035549,2025-10-31,CUS-01856,PRD-0063,16,"15,070","241,120",
ORD-2025-035577,2025-10-31,CUS-01181,PRD-0090,5,"37,690","188,450",
ORD-2025-035591,2025-10-31,CUS-02383,PRD-0103,5,"38,480","192,400",
ORD-2025-035596,2025-10-31,CUS-01946,PRD-0108,4,"30,750","123,000",
ORD-2025-035597,2025-10-31,CUS-01387,PRD-0108,15,"30,750","461,250",
ORD-2025-035603,2025-10-31,CUS-00720,PRD-0118,6,"23,110","138,660",
ORD-2025-035611,2025-10-31,CUS-01090,PRD-0125,3,"15,380","46,140",
ORD-2025-035612,2025-10-31,CUS-00635,PRD-0125,8,"15,380","123,040",
ORD-2025-035614,2025-10-31,,PRD-0131,14,"31,140","435,960",
ORD-2025-035623,2025-10-31,CUS-00164,PRD-0151,4,"42,840","171,360",
ORD-2025-035628,2025-10-31,CUS-01461,PRD-0161,3,"32,640","97,920",
ORD-2025-035645,2025-11-01,CUS-00048,PRD-0035,16,"13,660","218,560",
ORD-2025-035647,2025-11-01,CUS-00837,PRD-0039,5,"14,770","73,850",
ORD-2025-035656,2025-11-01,CUS-01009,PRD-0062,2,"17,890","35,780",
ORD-2025-035660,2025-11-01,CUS-01498,PRD-0082,5,"30,730","153,650",
ORD-2025-035662,2025-11-01,CUS-00196,PRD-0083,2,"23,690","47,380",
ORD-2025-035663,2025-11-01,CUS-02151,PRD-0086,34,"28,180","958,120",
ORD-2025-035666,2025-11-01,CUS-00514,PRD-0090,12,"37,690","452,280",
ORD-2025-035672,2025-11-01,CUS-01981,PRD-0121,9,"26,430","237,870",
ORD-2025-035673,2025-11-01,CUS-01700,PRD-0124,5,"8,790","43,950",
ORD-2025-035679,2025-11-01,CUS-01704,PRD-0135,21,"32,900","690,900",
ORD-2025-035689,2025-11-01,CUS-00188,PRD-0151,9,"42,840","385,560",
ORD-2025-035699,2025-11-01,CUS-02342,PRD-0168,4,"19,490","77,960",
ORD-2025-035701,2025-11-02,CUS-02133,PRD-0011,5,"17,170","85,850",
ORD-2025-035703,2025-11-02,CUS-01059,PRD-0045,8,"7,340","58,720",
ORD-2025-035706,2025-11-02,CUS-01466,PRD-0068,20,"16,320","326,400",
ORD-2025-035726,2025-11-02,CUS-00849,PRD-0130,30,"13,600","408,000",
ORD-2025-035728,2025-11-02,CUS-01092,PRD-0142,3,"52,030","156,090",
ORD-2025-035731,2025-11-02,CUS-00549,PRD-0151,2,"42,840","85,680",
ORD-2025-035756,2025-11-03,CUS-00767,PRD-0058,7,"17,980","125,860",
ORD-2025-035766,2025-11-03,CUS-02181,PRD-0079,6,"46,870","281,220",
ORD-2025-035781,2025-11-03,CUS-02083,PRD-0090,22,"37,690","829,180",
ORD-2025-035782,2025-11-03,CUS-02355,PRD-0090,6,"37,690","226,140",
ORD-2025-035786,2025-11-03,CUS-00644,PRD-0093,11,"23,080","253,880",
ORD-2025-035788,2025-11-03,CUS-01335,PRD-0098,4,"15,320","61,280",
ORD-2025-035793,2025-11-03,CUS-01100,PRD-0100,7,"20,780","145,460",
ORD-2025-035799,2025-11-03,CUS-01709,PRD-0109,2,"30,700","61,400",
ORD-2025-035800,2025-11-03,CUS-00348,PRD-0111,12,"12,240","146,880",
ORD-2025-035805,2025-11-03,CUS-00151,PRD-0121,11,"26,430","290,730",
ORD-2025-035807,2025-11-03,CUS-02075,PRD-0125,3,"15,380","46,140",
ORD-2025-035808,2025-11-03,CUS-02113,PRD-0127,18,"16,760","301,680",
ORD-2025-035816,2025-11-03,CUS-01859,PRD-0145,8,"31,800","254,400",
ORD-2025-035826,2025-11-03,,PRD-0151,3,"42,840","128,520",
ORD-2025-035827,2025-11-03,CUS-02451,PRD-0151,9,"42,840","385,560",
ORD-2025-035841,2025-11-03,CUS-02046,PRD-0163,4,"27,790","111,160",
ORD-2025-035847,2025-11-04,CUS-01804,PRD-0004,13,"4,490","58,370",
ORD-2025-035877,2025-11-04,CUS-00080,PRD-0077,7,"31,120","217,840",
ORD-2025-035883,2025-11-04,CUS-02032,PRD-0083,15,"23,690","355,350",
ORD-2025-035898,2025-11-04,CUS-00938,PRD-0090,7,"37,690","263,830",
ORD-2025-035899,2025-11-04,CUS-01009,PRD-0090,7,"37,690","263,830",
ORD-2025-035901,2025-11-04,CUS-00258,PRD-0094,11,"22,360","245,960",
ORD-2025-035929,2025-11-04,CUS-00131,PRD-0151,7,"42,840","299,880",
ORD-2025-035935,2025-11-04,CUS-01237,PRD-0160,6,"32,940","197,640",
ORD-2025-035938,2025-11-04,CUS-01198,PRD-0161,20,"32,640","652,800",
ORD-2025-035948,2025-11-05,CUS-00329,PRD-0017,9,"39,680","357,120",
ORD-2025-035974,2025-11-05,CUS-02178,PRD-0077,4,"31,120","124,480",
ORD-2025-035977,2025-11-05,CUS-02383,PRD-0083,18,"23,690","426,420",
ORD-2025-035992,2025-11-05,CUS-00733,PRD-0090,28,"37,690","1,055,320",
ORD-2025-035993,2025-11-05,CUS-01466,PRD-0092,5,"30,260","151,300",
ORD-2025-035994,2025-11-05,CUS-00617,PRD-0094,6,"22,360","134,160",
ORD-2025-036005,2025-11-05,CUS-00181,PRD-0121,4,"26,430","105,720",
ORD-2025-036010,2025-11-05,CUS-00553,PRD-0135,9,"32,900","296,100",
ORD-2025-036012,2025-11-05,CUS-01768,PRD-0144,17,"31,990","543,830",
ORD-2025-036016,2025-11-05,CUS-00876,PRD-0146,8,"34,820","278,560",
ORD-2025-036023,2025-11-05,CUS-02461,PRD-0152,7,"24,900","174,300",
ORD-2025-036024,2025-11-05,CUS-01347,PRD-0155,7,"65,880","461,160",
ORD-2025-036028,2025-11-05,CUS-00231,PRD-0161,9,"32,640","293,760",
ORD-2025-036029,2025-11-05,,PRD-0161,6,"32,640","195,840",
ORD-2025-036033,2025-11-05,CUS-00272,PRD-0170,10,"17,370","173,700",
ORD-2025-036041,2025-11-06,CUS-02376,PRD-0017,3,"39,680","119,040",
ORD-2025-036045,2025-11-06,CUS-00342,PRD-0025,4,"5,090","20,360",
ORD-2025-036049,2025-11-06,CUS-00754,PRD-0036,12,"20,500","246,000",
ORD-2025-036050,2025-11-06,CUS-02138,PRD-0047,4,"19,060","76,240",
ORD-2025-036061,2025-11-06,CUS-01313,PRD-0064,17,"36,350","617,950",
ORD-2025-036067,2025-11-06,CUS-01898,PRD-0080,22,"23,900","525,800",
ORD-2025-036069,2025-11-06,CUS-00765,PRD-0083,6,"23,690","142,140",
ORD-2025-036071,2025-11-06,CUS-01430,PRD-0084,2,"27,760","55,520",
ORD-2025-036089,2025-11-06,CUS-01228,PRD-0098,5,"15,320","76,600",
ORD-2025-036090,2025-11-06,CUS-01511,PRD-0100,11,"20,780","228,580",
ORD-2025-036093,2025-11-06,CUS-02248,PRD-0108,18,"30,750","553,500",
ORD-2025-036105,2025-11-06,CUS-02175,PRD-0125,4,"15,380","61,520",
ORD-2025-036110,2025-11-06,CUS-02392,PRD-0142,8,"52,030","416,240",
ORD-2025-036125,2025-11-06,CUS-01090,PRD-0160,12,"32,940","395,280",
ORD-2025-036128,2025-11-06,CUS-02447,PRD-0161,6,"32,640","195,840",
ORD-2025-036129,2025-11-06,CUS-00457,PRD-0163,18,"27,790","500,220",
ORD-2025-036130,2025-11-06,CUS-01179,PRD-0169,8,"15,310","122,480",
ORD-2025-036151,2025-11-07,CUS-02358,PRD-0064,19,"36,350","690,650",
ORD-2025-036157,2025-11-07,CUS-02324,PRD-0076,5,"28,050","140,250",
ORD-2025-036178,2025-11-07,CUS-00788,PRD-0090,29,"37,690","1,093,010",
ORD-2025-036187,2025-11-07,CUS-01383,PRD-0100,7,"20,780","145,460",
ORD-2025-036193,2025-11-07,CUS-02363,PRD-0113,2,"10,420","20,840",
ORD-2025-036198,2025-11-07,CUS-00767,PRD-0118,16,"23,110","369,760",
ORD-2025-036216,2025-11-07,CUS-00508,PRD-0151,2,"42,840","85,680",
ORD-2025-036223,2025-11-07,CUS-00377,PRD-0160,15,"32,940","494,100",
ORD-2025-036230,2025-11-07,CUS-00968,PRD-0165,6,"23,380","140,280",
ORD-2025-036232,2025-11-07,CUS-00739,PRD-0168,8,"19,490","155,920",
ORD-2025-036235,2025-11-08,CUS-01315,PRD-0004,5,"4,490","22,450",
ORD-2025-036236,2025-11-08,,PRD-0004,3,"4,490","13,470",
ORD-2025-036253,2025-11-08,CUS-00406,PRD-0080,2,"23,900","47,800",
ORD-2025-036261,2025-11-08,CUS-00246,PRD-0090,7,"37,690","263,830",
ORD-2025-036262,2025-11-08,CUS-02081,PRD-0090,6,"37,690","226,140",
ORD-2025-036272,2025-11-08,CUS-02417,PRD-0118,11,"23,110","254,210",
ORD-2025-036273,2025-11-08,CUS-01426,PRD-0122,15,"19,140","287,100",
ORD-2025-036279,2025-11-08,CUS-01010,PRD-0139,4,"33,360","133,440",
ORD-2025-036280,2025-11-08,CUS-01792,PRD-0145,6,"31,800","190,800",
ORD-2025-036289,2025-11-08,CUS-01898,PRD-0160,9,"32,940","296,460",
ORD-2025-036295,2025-11-09,CUS-00508,PRD-0023,9,"16,940","152,460",
ORD-2025-036300,2025-11-09,CUS-01961,PRD-0065,14,"34,000","476,000",
ORD-2025-036302,2025-11-09,CUS-00433,PRD-0068,17,"16,320","277,440",
ORD-2025-036303,2025-11-09,CUS-01137,PRD-0069,3,"17,210","51,630",
ORD-2025-036311,2025-11-09,CUS-00985,PRD-0090,5,"37,690","188,450",
ORD-2025-036313,2025-11-09,CUS-01768,PRD-0125,3,"15,380","46,140",
ORD-2025-036321,2025-11-09,CUS-01578,PRD-0161,20,"32,640","652,800",
ORD-2025-036350,2025-11-10,CUS-02330,PRD-0058,15,"17,980","269,700",
ORD-2025-036354,2025-11-10,CUS-01325,PRD-0064,7,"36,350","254,450",
ORD-2025-036359,2025-11-10,CUS-00634,PRD-0067,18,"12,380","222,840",
ORD-2025-036360,2025-11-10,CUS-00770,PRD-0067,20,"12,380","247,600",
ORD-2025-036376,2025-11-10,CUS-01592,PRD-0091,1,"27,010","27,010",
ORD-2025-036383,2025-11-10,CUS-00480,PRD-0103,4,"38,480","153,920",
ORD-2025-036388,2025-11-10,CUS-02248,PRD-0115,20,"21,210","424,200",
ORD-2025-036390,2025-11-10,CUS-01059,PRD-0119,4,"21,950","87,800",
ORD-2025-036404,2025-11-10,CUS-00025,PRD-0147,10,"32,330","323,300",
ORD-2025-036405,2025-11-10,CUS-02014,PRD-0149,3,"45,880","137,640",
ORD-2025-036413,2025-11-10,CUS-02480,PRD-0151,15,"42,840","642,600",
ORD-2025-036414,2025-11-10,CUS-02178,PRD-0151,4,"42,840","171,360",
ORD-2025-036417,2025-11-10,CUS-00876,PRD-0157,14,"24,810","347,340",
ORD-2025-036423,2025-11-10,CUS-00164,PRD-0161,9,"32,640","293,760",
ORD-2025-036424,2025-11-10,CUS-00211,PRD-0161,2,"32,640","65,280",
ORD-2025-036425,2025-11-10,CUS-02159,PRD-0161,13,"32,640","424,320",
ORD-2025-036429,2025-11-10,CUS-00428,PRD-0168,7,"19,490","136,430",
ORD-2025-036433,2025-11-11,CUS-00635,PRD-0016,4,"42,680","170,720",
ORD-2025-036435,2025-11-11,CUS-02102,PRD-0026,8,"4,150","33,200",
ORD-2025-036445,2025-11-11,CUS-01256,PRD-0059,4,"50,810","203,240",
ORD-2025-036456,2025-11-11,CUS-01221,PRD-0081,4,"42,190","168,760",
ORD-2025-036463,2025-11-11,CUS-00196,PRD-0090,2,"37,690","75,380",
ORD-2025-036467,2025-11-11,CUS-00914,PRD-0098,8,"15,320","122,560",
ORD-2025-036470,2025-11-11,CUS-01273,PRD-0100,38,"20,780","789,640",
ORD-2025-036474,2025-11-11,CUS-00734,PRD-0113,14,"10,420","145,880",
ORD-2025-036479,2025-11-11,CUS-00734,PRD-0121,4,"26,430","105,720",
ORD-2025-036498,2025-11-11,CUS-00342,PRD-0151,3,"42,840","128,520",
ORD-2025-036503,2025-11-11,CUS-00377,PRD-0161,4,"32,640","130,560",
ORD-2025-036509,2025-11-11,CUS-00860,PRD-0170,16,"17,370","277,920",
ORD-2025-036519,2025-11-12,CUS-01659,PRD-0028,11,"4,910","54,010",
ORD-2025-036542,2025-11-12,CUS-00582,PRD-0080,5,"23,900","119,500",
ORD-2025-036544,2025-11-12,CUS-01461,PRD-0082,8,"30,730","245,840",
ORD-2025-036545,2025-11-12,CUS-00564,PRD-0083,2,"23,690","47,380",
ORD-2025-036549,2025-11-12,CUS-00564,PRD-0086,6,"28,180","169,080",
ORD-2025-036560,2025-11-12,CUS-01733,PRD-0090,13,"37,690","489,970",
ORD-2025-036561,2025-11-12,CUS-01203,PRD-0090,7,"37,690","263,830",
ORD-2025-036562,2025-11-12,CUS-01021,PRD-0090,3,"37,690","113,070",
ORD-2025-036575,2025-11-12,CUS-01544,PRD-0108,2,"30,750","61,500",
ORD-2025-036579,2025-11-12,CUS-01376,PRD-0125,6,"15,380","92,280",
ORD-2025-036580,2025-11-12,CUS-00753,PRD-0131,19,"31,140","591,660",
ORD-2025-036584,2025-11-12,,PRD-0141,7,"38,600","270,200",
ORD-2025-036587,2025-11-12,CUS-00392,PRD-0147,11,"32,330","355,630",
ORD-2025-036606,2025-11-12,CUS-01720,PRD-0165,13,"23,380","303,940",
ORD-2025-036619,2025-11-13,,PRD-0032,12,"20,370","244,440",
ORD-2025-036633,2025-11-13,CUS-01663,PRD-0064,13,"36,350","472,550",
ORD-2025-036635,2025-11-13,CUS-01924,PRD-0065,5,"34,000","170,000",
ORD-2025-036637,2025-11-13,CUS-02214,PRD-0068,12,"16,320","195,840",
ORD-2025-036645,2025-11-13,CUS-00088,PRD-0081,6,"42,190","253,140",
ORD-2025-036647,2025-11-13,CUS-00342,PRD-0082,10,"30,730","307,300",
ORD-2025-036669,2025-11-13,CUS-00914,PRD-0118,7,"23,110","161,770",
ORD-2025-036670,2025-11-13,CUS-01935,PRD-0118,7,"23,110","161,770",
ORD-2025-036683,2025-11-13,CUS-01372,PRD-0135,2,"32,900","65,800",
ORD-2025-036688,2025-11-13,CUS-00773,PRD-0142,26,"52,030","1,352,780",
ORD-2025-036702,2025-11-13,CUS-01938,PRD-0151,5,"42,840","214,200",
ORD-2025-036706,2025-11-13,CUS-00951,PRD-0153,2,"24,220","48,440",
ORD-2025-036712,2025-11-13,CUS-00634,PRD-0160,14,"32,940","461,160",
ORD-2025-036716,2025-11-13,CUS-01663,PRD-0161,15,"32,640","489,600",
ORD-2025-036735,2025-11-14,CUS-00342,PRD-0048,5,"16,870","84,350",
ORD-2025-036745,2025-11-14,CUS-01739,PRD-0057,38,"18,040","685,520",
ORD-2025-036751,2025-11-14,CUS-01935,PRD-0074,8,"38,390","307,120",
ORD-2025-036754,2025-11-14,CUS-02075,PRD-0077,14,"31,120","435,680",
ORD-2025-036773,2025-11-14,CUS-01589,PRD-0090,8,"37,690","301,520",
ORD-2025-036775,2025-11-14,CUS-02392,PRD-0091,5,"27,010","135,050",
ORD-2025-036778,2025-11-14,CUS-02343,PRD-0098,5,"15,320","76,600",
ORD-2025-036779,2025-11-14,CUS-00523,PRD-0102,3,"17,050","51,150",
ORD-2025-036787,2025-11-14,CUS-01518,PRD-0121,7,"26,430","185,010",
ORD-2025-036795,2025-11-14,CUS-01273,PRD-0130,5,"13,600","68,000",
ORD-2025-036800,2025-11-14,CUS-00258,PRD-0145,18,"31,800","572,400",
ORD-2025-036801,2025-11-14,CUS-00188,PRD-0145,7,"31,800","222,600",
ORD-2025-036811,2025-11-14,CUS-02352,PRD-0156,5,"58,570","292,850",
ORD-2025-036814,2025-11-14,CUS-00383,PRD-0161,6,"32,640","195,840",
ORD-2025-036815,2025-11-14,CUS-01119,PRD-0165,10,"23,380","233,800",
ORD-2025-036819,2025-11-14,CUS-01121,PRD-0169,18,"15,310","275,580",
ORD-2025-036821,2025-11-15,CUS-02113,PRD-0019,6,"31,240","187,440",
ORD-2025-036825,2025-11-15,CUS-01972,PRD-0050,4,"5,420","21,680",
ORD-2025-036826,2025-11-15,CUS-02436,PRD-0051,13,"43,070","559,910",
ORD-2025-036837,2025-11-15,CUS-00996,PRD-0080,21,"23,900","501,900",
ORD-2025-036838,2025-11-15,CUS-00836,PRD-0084,6,"27,760","166,560",
ORD-2025-036841,2025-11-15,CUS-01739,PRD-0086,1,"28,180","28,180",
ORD-2025-036846,2025-11-15,CUS-02093,PRD-0090,6,"37,690","226,140",
ORD-2025-036847,2025-11-15,CUS-01880,PRD-0090,7,"37,690","263,830",
ORD-2025-036853,2025-11-15,CUS-01269,PRD-0108,10,"30,750","307,500",
ORD-2025-036862,2025-11-15,CUS-02328,PRD-0125,4,"15,380","61,520",
ORD-2025-036881,2025-11-15,CUS-00670,PRD-0161,15,"32,640","489,600",
ORD-2025-036884,2025-11-16,CUS-00154,PRD-0020,17,"29,210","496,570",
ORD-2025-036904,2025-11-16,CUS-01474,PRD-0125,12,"15,380","184,560",
ORD-2025-036909,2025-11-16,CUS-01199,PRD-0151,7,"42,840","299,880",
ORD-2025-036914,2025-11-17,CUS-00605,PRD-0004,3,"4,490","13,470",
ORD-2025-036915,2025-11-17,CUS-00626,PRD-0004,4,"4,490","17,960",
ORD-2025-036916,2025-11-17,CUS-01325,PRD-0016,5,"42,680","213,400",
ORD-2025-036925,2025-11-17,CUS-00403,PRD-0044,8,"8,810","70,480",
ORD-2025-036929,2025-11-17,CUS-01946,PRD-0050,9,"5,420","48,780",
ORD-2025-036933,2025-11-17,CUS-01500,PRD-0057,2,"18,040","36,080",
ORD-2025-036944,2025-11-17,CUS-01285,PRD-0079,4,"46,870","187,480",
ORD-2025-036945,2025-11-17,CUS-01353,PRD-0081,4,"42,190","168,760",
ORD-2025-036965,2025-11-17,CUS-01921,PRD-0090,38,"37,690","1,432,220",
ORD-2025-036972,2025-11-17,CUS-00684,PRD-0100,3,"20,780","62,340",
ORD-2025-036975,2025-11-17,CUS-01858,PRD-0108,12,"30,750","369,000",
ORD-2025-036995,2025-11-17,CUS-02138,PRD-0138,4,"27,020","108,080",
ORD-2025-037001,2025-11-17,CUS-01918,PRD-0151,9,"42,840","385,560",
ORD-2025-037005,2025-11-17,CUS-02391,PRD-0153,29,"24,220","702,380",
ORD-2025-037006,2025-11-17,CUS-00553,PRD-0154,3,"42,470","127,410",
ORD-2025-037016,2025-11-17,CUS-00648,PRD-0161,6,"32,640","195,840",
ORD-2025-037029,2025-11-18,CUS-01696,PRD-0028,2,"4,910","9,820",
ORD-2025-037040,2025-11-18,CUS-01581,PRD-0057,6,"18,040","108,240",
ORD-2025-037041,2025-11-18,CUS-01173,PRD-0060,11,"57,540","632,940",
ORD-2025-037046,2025-11-18,CUS-00628,PRD-0077,10,"31,120","311,200",
ORD-2025-037069,2025-11-18,CUS-01657,PRD-0100,24,"20,780","498,720",
ORD-2025-037070,2025-11-18,CUS-00025,PRD-0102,39,"17,050","664,950",
ORD-2025-037071,2025-11-18,CUS-02244,PRD-0103,15,"38,480","577,200",
ORD-2025-037073,2025-11-18,CUS-00082,PRD-0113,6,"10,420","62,520",
ORD-2025-037077,2025-11-18,CUS-02424,PRD-0122,14,"19,140","267,960",
ORD-2025-037091,2025-11-18,CUS-02052,PRD-0151,11,"42,840","471,240",
ORD-2025-037096,2025-11-18,CUS-01883,PRD-0156,2,"58,570","117,140",
ORD-2025-037102,2025-11-18,CUS-02358,PRD-0161,8,"32,640","261,120",
ORD-2025-037108,2025-11-19,CUS-00758,PRD-0011,15,"17,170","257,550",
ORD-2025-037109,2025-11-19,CUS-00271,PRD-0013,11,"11,970","131,670",
ORD-2025-037112,2025-11-19,CUS-00094,PRD-0026,11,"4,150","45,650",
ORD-2025-037119,2025-11-19,CUS-01377,PRD-0051,8,"43,070","344,560",
ORD-2025-037122,2025-11-19,CUS-01240,PRD-0057,5,"18,040","90,200",
ORD-2025-037127,2025-11-19,CUS-00968,PRD-0073,7,"37,930","265,510",
ORD-2025-037128,2025-11-19,CUS-02324,PRD-0073,18,"37,930","682,740",
ORD-2025-037146,2025-11-19,CUS-01926,PRD-0098,7,"15,320","107,240",
ORD-2025-037150,2025-11-19,CUS-01137,PRD-0100,3,"20,780","62,340",
ORD-2025-037153,2025-11-19,CUS-01436,PRD-0111,15,"12,240","183,600",
ORD-2025-037158,2025-11-19,CUS-01453,PRD-0123,2,"14,410","28,820",
ORD-2025-037160,2025-11-19,CUS-01898,PRD-0125,8,"15,380","123,040",
ORD-2025-037161,2025-11-19,CUS-00065,PRD-0125,9,"15,380","138,420",
ORD-2025-037165,2025-11-19,CUS-00003,PRD-0135,3,"32,900","98,700",
ORD-2025-037170,2025-11-19,CUS-01252,PRD-0146,3,"34,820","104,460",
ORD-2025-037176,2025-11-19,CUS-00733,PRD-0151,3,"42,840","128,520",
ORD-2025-037196,2025-11-20,CUS-00914,PRD-0012,9,"18,410","165,690",
ORD-2025-037198,2025-11-20,CUS-02474,PRD-0016,11,"42,680","469,480",
ORD-2025-037213,2025-11-20,CUS-01924,PRD-0047,6,"19,060","114,360",
ORD-2025-037214,2025-11-20,CUS-01415,PRD-0049,4,"18,190","72,760",
ORD-2025-037215,2025-11-20,CUS-01104,PRD-0051,5,"43,070","215,350",
ORD-2025-037217,2025-11-20,CUS-01724,PRD-0057,6,"18,040","108,240",
ORD-2025-037219,2025-11-20,CUS-02068,PRD-0061,20,"16,320","326,400",
ORD-2025-037224,2025-11-20,CUS-02339,PRD-0070,10,"19,240","192,400",
ORD-2025-037230,2025-11-20,CUS-01277,PRD-0084,12,"27,760","333,120",
ORD-2025-037248,2025-11-20,CUS-01139,PRD-0111,8,"12,240","97,920",
ORD-2025-037253,2025-11-20,CUS-02383,PRD-0125,6,"15,380","92,280",
ORD-2025-037270,2025-11-20,CUS-01779,PRD-0156,4,"58,570","234,280",
ORD-2025-037274,2025-11-20,CUS-00463,PRD-0163,7,"27,790","194,530",
ORD-2025-037283,2025-11-21,CUS-00024,PRD-0026,9,"4,150","37,350",
ORD-2025-037297,2025-11-21,CUS-00183,PRD-0057,18,"18,040","324,720",
ORD-2025-037299,2025-11-21,CUS-02177,PRD-0061,6,"16,320","97,920",
ORD-2025-037307,2025-11-21,CUS-01119,PRD-0068,17,"16,320","277,440",
ORD-2025-037310,2025-11-21,CUS-02214,PRD-0076,6,"28,050","168,300",
ORD-2025-037315,2025-11-21,CUS-02376,PRD-0077,1,"31,120","31,120",
ORD-2025-037317,2025-11-21,CUS-02133,PRD-0083,16,"23,690","379,040",
ORD-2025-037318,2025-11-21,CUS-01560,PRD-0083,14,"23,690","331,660",
ORD-2025-037334,2025-11-21,CUS-01461,PRD-0100,4,"20,780","83,120",
ORD-2025-037338,2025-11-21,CUS-01657,PRD-0109,5,"30,700","153,500",
ORD-2025-037350,2025-11-21,CUS-01100,PRD-0125,2,"15,380","30,760",
ORD-2025-037356,2025-11-21,CUS-02387,PRD-0135,7,"32,900","230,300",
ORD-2025-037364,2025-11-21,CUS-00508,PRD-0148,4,"27,270","109,080",
ORD-2025-037373,2025-11-21,CUS-01972,PRD-0151,6,"42,840","257,040",
ORD-2025-037374,2025-11-21,CUS-01426,PRD-0151,5,"42,840","214,200",
ORD-2025-037384,2025-11-21,CUS-00183,PRD-0161,2,"32,640","65,280",
ORD-2025-037412,2025-11-22,CUS-02450,PRD-0077,10,"31,120","311,200",
ORD-2025-037429,2025-11-22,CUS-01466,PRD-0106,4,"41,890","167,560",
ORD-2025-037437,2025-11-22,CUS-01773,PRD-0130,2,"13,600","27,200",
ORD-2025-037452,2025-11-22,CUS-00849,PRD-0161,10,"32,640","326,400",
ORD-2025-037456,2025-11-23,CUS-00849,PRD-0001,13,"4,970","64,610",
ORD-2025-037462,2025-11-23,CUS-02433,PRD-0051,1,"43,070","43,070",
ORD-2025-037466,2025-11-23,CUS-00433,PRD-0084,8,"27,760","222,080",
ORD-2025-037476,2025-11-23,CUS-01387,PRD-0131,15,"31,140","467,100",
ORD-2025-037477,2025-11-23,CUS-01457,PRD-0151,11,"42,840","471,240",
ORD-2025-037478,2025-11-23,CUS-01592,PRD-0154,23,"42,470","976,810",
ORD-2025-037479,2025-11-23,CUS-01709,PRD-0157,1,"24,810","24,810",
ORD-2025-037488,2025-11-24,CUS-02068,PRD-0004,9,"4,490","40,410",
ORD-2025-037490,2025-11-24,CUS-01890,PRD-0006,3,"3,060","9,180",
ORD-2025-037505,2025-11-24,CUS-00348,PRD-0039,15,"14,770","221,550",
ORD-2025-037508,2025-11-24,CUS-01607,PRD-0041,1,"6,830","6,830",
ORD-2025-037515,2025-11-24,CUS-01582,PRD-0057,13,"18,040","234,520",
ORD-2025-037518,2025-11-24,CUS-02302,PRD-0064,4,"36,350","145,400",
ORD-2025-037520,2025-11-24,CUS-00840,PRD-0069,10,"17,210","172,100",
ORD-2025-037522,2025-11-24,CUS-01526,PRD-0077,8,"31,120","248,960",
ORD-2025-037523,2025-11-24,CUS-00397,PRD-0077,12,"31,120","373,440",
ORD-2025-037526,2025-11-24,CUS-01578,PRD-0081,25,"42,190","1,054,750",
ORD-2025-037531,2025-11-24,CUS-00710,PRD-0085,7,"32,580","228,060",
ORD-2025-037545,2025-11-24,CUS-00355,PRD-0093,16,"23,080","369,280",
ORD-2025-037546,2025-11-24,CUS-00905,PRD-0096,13,"23,060","299,780",
ORD-2025-037550,2025-11-24,CUS-02423,PRD-0101,27,"22,590","609,930",
ORD-2025-037552,2025-11-24,CUS-02363,PRD-0104,8,"17,130","137,040",
ORD-2025-037559,2025-11-24,CUS-02386,PRD-0115,23,"21,210","487,830",
ORD-2025-037563,2025-11-24,CUS-02214,PRD-0120,5,"14,740","73,700",
ORD-2025-037582,2025-11-24,CUS-00154,PRD-0153,6,"24,220","145,320",
ORD-2025-037589,2025-11-24,CUS-01001,PRD-0165,8,"23,380","187,040",
ORD-2025-037604,2025-11-25,CUS-01929,PRD-0018,11,"62,570","688,270",
ORD-2025-037605,2025-11-25,CUS-00905,PRD-0018,2,"62,570","125,140",
ORD-2025-037608,2025-11-25,CUS-00429,PRD-0023,9,"16,940","152,460",
ORD-2025-037614,2025-11-25,CUS-00027,PRD-0039,15,"14,770","221,550",
ORD-2025-037620,2025-11-25,CUS-02251,PRD-0048,17,"16,870","286,790",
ORD-2025-037629,2025-11-25,CUS-02342,PRD-0062,16,"17,890","286,240",
ORD-2025-037633,2025-11-25,CUS-00357,PRD-0065,5,"34,000","170,000",
ORD-2025-037639,2025-11-25,CUS-01651,PRD-0075,13,"34,020","442,260",
ORD-2025-037641,2025-11-25,CUS-01033,PRD-0076,3,"28,050","84,150",
ORD-2025-037645,2025-11-25,CUS-01314,PRD-0077,11,"31,120","342,320",
ORD-2025-037648,2025-11-25,CUS-02093,PRD-0080,23,"23,900","549,700",
ORD-2025-037655,2025-11-25,CUS-01581,PRD-0086,10,"28,180","281,800",
ORD-2025-037666,2025-11-25,CUS-00691,PRD-0090,33,"37,690","1,243,770",
ORD-2025-037671,2025-11-25,CUS-01372,PRD-0100,7,"20,780","145,460",
ORD-2025-037676,2025-11-25,CUS-02418,PRD-0110,4,"30,350","121,400",
ORD-2025-037677,2025-11-25,CUS-01385,PRD-0112,13,"15,500","201,500",
ORD-2025-037678,2025-11-25,CUS-00322,PRD-0113,6,"10,420","62,520",
ORD-2025-037682,2025-11-25,CUS-01221,PRD-0120,19,"14,740","280,060",
ORD-2025-037702,2025-11-25,CUS-01764,PRD-0151,10,"42,840","428,400",
ORD-2025-037726,2025-11-26,CUS-01199,PRD-0031,7,"36,660","256,620",
ORD-2025-037727,2025-11-26,CUS-00648,PRD-0035,11,"13,660","150,260",
ORD-2025-037731,2025-11-26,CUS-01799,PRD-0039,12,"14,770","177,240",
ORD-2025-037738,2025-11-26,CUS-00765,PRD-0075,7,"34,020","238,140",
ORD-2025-037743,2025-11-26,CUS-02272,PRD-0083,2,"23,690","47,380",
ORD-2025-037754,2025-11-26,CUS-00867,PRD-0090,10,"37,690","376,900",
ORD-2025-037758,2025-11-26,CUS-00348,PRD-0093,16,"23,080","369,280",
ORD-2025-037778,2025-11-26,CUS-01704,PRD-0143,7,"48,640","340,480",
ORD-2025-037779,2025-11-26,CUS-01354,PRD-0143,1,"48,640","48,640",
ORD-2025-037787,2025-11-26,CUS-02399,PRD-0151,11,"42,840","471,240",
ORD-2025-037792,2025-11-26,CUS-00238,PRD-0161,3,"32,640","97,920",
ORD-2025-037798,2025-11-27,CUS-00888,PRD-0004,4,"4,490","17,960",
ORD-2025-037799,2025-11-27,CUS-02462,PRD-0004,4,"4,490","17,960",
ORD-2025-037809,2025-11-27,CUS-00132,PRD-0041,2,"6,830","13,660",
ORD-2025-037811,2025-11-27,CUS-00978,PRD-0047,2,"19,060","38,120",
ORD-2025-037812,2025-11-27,CUS-01093,PRD-0056,5,"25,020","125,100",
ORD-2025-037818,2025-11-27,CUS-00531,PRD-0063,5,"15,070","75,350",
ORD-2025-037826,2025-11-27,CUS-00345,PRD-0077,10,"31,120","311,200",
ORD-2025-037830,2025-11-27,CUS-00640,PRD-0080,3,"23,900","71,700",
ORD-2025-037836,2025-11-27,CUS-02014,PRD-0083,7,"23,690","165,830",
ORD-2025-037844,2025-11-27,CUS-01592,PRD-0086,4,"28,180","112,720",
ORD-2025-037848,2025-11-27,CUS-00322,PRD-0090,8,"37,690","301,520",
ORD-2025-037849,2025-11-27,CUS-00342,PRD-0090,3,"37,690","113,070",
ORD-2025-037852,2025-11-27,CUS-00154,PRD-0098,26,"15,320","398,320",
ORD-2025-037862,2025-11-27,CUS-01353,PRD-0108,7,"30,750","215,250",
ORD-2025-037863,2025-11-27,CUS-01364,PRD-0108,12,"30,750","369,000",
ORD-2025-037864,2025-11-27,CUS-00905,PRD-0108,1,"30,750","30,750",
ORD-2025-037872,2025-11-27,CUS-00951,PRD-0121,4,"26,430","105,720",
ORD-2025-037890,2025-11-27,CUS-02119,PRD-0156,18,"58,570","1,054,260",
ORD-2025-037893,2025-11-27,CUS-00627,PRD-0165,1,"23,380","23,380",
ORD-2025-037894,2025-11-27,CUS-01672,PRD-0165,5,"23,380","116,900",
ORD-2025-037896,2025-11-27,CUS-01900,PRD-0166,1,"25,650","25,650",
ORD-2025-037899,2025-11-28,CUS-00760,PRD-0005,14,"3,110","43,540",
ORD-2025-037913,2025-11-28,CUS-01698,PRD-0034,7,"15,350","107,450",
ORD-2025-037930,2025-11-28,CUS-00429,PRD-0068,1,"16,320","16,320",
ORD-2025-037951,2025-11-28,CUS-01804,PRD-0100,9,"20,780","187,020",
ORD-2025-037955,2025-11-28,CUS-00885,PRD-0108,4,"30,750","123,000",
ORD-2025-037961,2025-11-28,CUS-02011,PRD-0123,3,"14,410","43,230",
ORD-2025-037965,2025-11-28,CUS-00153,PRD-0125,10,"15,380","153,800",
ORD-2025-037968,2025-11-28,CUS-01511,PRD-0138,7,"27,020","189,140",
ORD-2025-037970,2025-11-28,CUS-02339,PRD-0145,7,"31,800","222,600",
ORD-2025-037976,2025-11-28,CUS-01620,PRD-0151,4,"42,840","171,360",
ORD-2025-037977,2025-11-28,CUS-01511,PRD-0151,15,"42,840","642,600",
ORD-2025-037979,2025-11-28,CUS-01059,PRD-0152,12,"24,900","298,800",
ORD-2025-037997,2025-11-29,CUS-01021,PRD-0025,17,"5,090","86,530",
ORD-2025-038009,2025-11-29,CUS-00971,PRD-0061,3,"16,320","48,960",
ORD-2025-038019,2025-11-29,CUS-01247,PRD-0077,5,"31,120","155,600",
ORD-2025-038036,2025-11-29,CUS-02178,PRD-0090,5,"37,690","188,450",
ORD-2025-038041,2025-11-29,CUS-02343,PRD-0108,3,"30,750","92,250",
ORD-2025-038048,2025-11-29,CUS-00410,PRD-0125,9,"15,380","138,420",
ORD-2025-038056,2025-11-29,CUS-00390,PRD-0142,23,"52,030","1,196,690",
ORD-2025-038061,2025-11-29,CUS-00903,PRD-0145,16,"31,800","508,800",
ORD-2025-038069,2025-11-30,CUS-01779,PRD-0005,7,"3,110","21,770",
ORD-2025-038071,2025-11-30,CUS-00488,PRD-0023,9,"16,940","152,460",
ORD-2025-038074,2025-11-30,CUS-00403,PRD-0037,2,"25,650","51,300",
ORD-2025-038078,2025-11-30,CUS-00564,PRD-0064,4,"36,350","145,400",
ORD-2025-038091,2025-11-30,CUS-00836,PRD-0090,11,"37,690","414,590",
ORD-2025-038094,2025-11-30,CUS-00335,PRD-0108,9,"30,750","276,750",
ORD-2025-038095,2025-11-30,CUS-02363,PRD-0120,13,"14,740","191,620",
ORD-2025-038097,2025-11-30,CUS-01457,PRD-0122,6,"19,140","114,840",
ORD-2025-038106,2025-11-30,CUS-00258,PRD-0151,1,"42,840","42,840",
ORD-2025-038113,2025-12-01,CUS-02290,PRD-0007,2,"17,070","34,140",
ORD-2025-038144,2025-12-01,CUS-01353,PRD-0062,9,"17,890","161,010",
ORD-2025-038154,2025-12-01,CUS-01518,PRD-0076,27,"28,050","757,350",
ORD-2025-038158,2025-12-01,CUS-01831,PRD-0079,7,"46,870","328,090",
ORD-2025-038159,2025-12-01,CUS-01831,PRD-0080,4,"23,900","95,600",
ORD-2025-038163,2025-12-01,CUS-01793,PRD-0084,20,"27,760","555,200",
ORD-2025-038165,2025-12-01,CUS-02181,PRD-0085,11,"32,580","358,380",
ORD-2025-038169,2025-12-01,CUS-00230,PRD-0086,8,"28,180","225,440",
ORD-2025-038178,2025-12-01,CUS-01783,PRD-0090,5,"37,690","188,450",
ORD-2025-038179,2025-12-01,CUS-00088,PRD-0091,4,"27,010","108,040",
ORD-2025-038227,2025-12-01,CUS-00428,PRD-0151,5,"42,840","214,200",
ORD-2025-038235,2025-12-01,CUS-00564,PRD-0161,6,"32,640","195,840",
ORD-2025-038236,2025-12-01,CUS-01831,PRD-0167,11,"14,020","154,220",
ORD-2025-038244,2025-12-02,CUS-01704,PRD-0024,11,"9,800","107,800",
ORD-2025-038250,2025-12-02,CUS-01369,PRD-0037,4,"25,650","102,600",
ORD-2025-038263,2025-12-02,CUS-00410,PRD-0062,4,"17,890","71,560",
ORD-2025-038264,2025-12-02,CUS-01559,PRD-0064,15,"36,350","545,250",
ORD-2025-038267,2025-12-02,CUS-00392,PRD-0067,21,"12,380","259,980",
ORD-2025-038269,2025-12-02,,PRD-0076,26,"28,050","729,300",
ORD-2025-038272,2025-12-02,CUS-00238,PRD-0077,5,"31,120","155,600",
ORD-2025-038274,2025-12-02,CUS-02386,PRD-0078,3,"33,720","101,160",
ORD-2025-038277,2025-12-02,CUS-01205,PRD-0082,16,"30,730","491,680",
ORD-2025-038292,2025-12-02,CUS-00386,PRD-0090,5,"37,690","188,450",
ORD-2025-038293,2025-12-02,CUS-00492,PRD-0090,3,"37,690","113,070",
ORD-2025-038294,2025-12-02,CUS-01151,PRD-0090,6,"37,690","226,140",
ORD-2025-038297,2025-12-02,CUS-01100,PRD-0094,4,"22,360","89,440",
ORD-2025-038310,2025-12-02,CUS-00193,PRD-0113,20,"10,420","208,400",
ORD-2025-038311,2025-12-02,CUS-00082,PRD-0114,6,"15,730","94,380",
ORD-2025-038313,2025-12-02,CUS-02383,PRD-0115,27,"21,210","572,670",
ORD-2025-038323,2025-12-02,CUS-00014,PRD-0121,5,"26,430","132,150",
ORD-2025-038324,2025-12-02,CUS-00758,PRD-0121,2,"26,430","52,860",
ORD-2025-038352,2025-12-02,CUS-02178,PRD-0154,4,"42,470","169,880",
ORD-2025-038357,2025-12-02,CUS-02113,PRD-0161,9,"32,640","293,760",
ORD-2025-038359,2025-12-02,CUS-00670,PRD-0165,9,"23,380","210,420",
ORD-2025-038367,2025-12-03,CUS-01293,PRD-0007,4,"17,070","68,280",
ORD-2025-038374,2025-12-03,CUS-01783,PRD-0016,6,"42,680","256,080",
ORD-2025-038378,2025-12-03,CUS-00521,PRD-0025,1,"5,090","5,090",
ORD-2025-038383,2025-12-03,CUS-02032,PRD-0035,16,"13,660","218,560",
ORD-2025-038387,2025-12-03,CUS-00211,PRD-0039,5,"14,770","73,850",
ORD-2025-038396,2025-12-03,CUS-01657,PRD-0058,3,"17,980","53,940",
ORD-2025-038401,2025-12-03,CUS-00295,PRD-0063,14,"15,070","210,980",
ORD-2025-038417,2025-12-03,CUS-02474,PRD-0082,13,"30,730","399,490",
ORD-2025-038420,2025-12-03,CUS-00357,PRD-0086,4,"28,180","112,720",
ORD-2025-038421,2025-12-03,CUS-01918,PRD-0086,9,"28,180","253,620",
ORD-2025-038440,2025-12-03,CUS-00455,PRD-0100,10,"20,780","207,800",
ORD-2025-038441,2025-12-03,CUS-01526,PRD-0100,3,"20,780","62,340",
ORD-2025-038456,2025-12-03,CUS-00222,PRD-0126,6,"29,270","175,620",
ORD-2025-038472,2025-12-03,CUS-00317,PRD-0151,3,"42,840","128,520",
ORD-2025-038473,2025-12-03,CUS-00238,PRD-0151,7,"42,840","299,880",
ORD-2025-038474,2025-12-03,CUS-00022,PRD-0151,5,"42,840","214,200",
ORD-2025-038479,2025-12-03,CUS-00390,PRD-0155,29,"65,880","1,910,520",
ORD-2025-038481,2025-12-03,CUS-01009,PRD-0156,23,"58,570","1,347,110",
ORD-2025-038511,2025-12-04,CUS-01256,PRD-0035,4,"13,660","54,640",
ORD-2025-038518,2025-12-04,CUS-00329,PRD-0041,6,"6,830","40,980",
ORD-2025-038527,2025-12-04,CUS-00767,PRD-0076,13,"28,050","364,650",
ORD-2025-038529,2025-12-04,CUS-00823,PRD-0077,5,"31,120","155,600",
ORD-2025-038536,2025-12-04,CUS-01100,PRD-0081,9,"42,190","379,710",
ORD-2025-038541,2025-12-04,CUS-00488,PRD-0083,3,"23,690","71,070",
ORD-2025-038552,2025-12-04,CUS-00130,PRD-0090,8,"37,690","301,520",
ORD-2025-038559,2025-12-04,CUS-00418,PRD-0098,10,"15,320","153,200",
ORD-2025-038564,2025-12-04,CUS-01198,PRD-0107,12,"39,590","475,080",
ORD-2025-038572,2025-12-04,CUS-01756,PRD-0118,7,"23,110","161,770",
ORD-2025-038578,2025-12-04,CUS-01240,PRD-0125,5,"15,380","76,900",
ORD-2025-038579,2025-12-04,CUS-01604,PRD-0125,12,"15,380","184,560",
ORD-2025-038586,2025-12-04,CUS-00230,PRD-0139,2,"33,360","66,720",
ORD-2025-038588,2025-12-04,CUS-01377,PRD-0145,14,"31,800","445,200",
ORD-2025-038593,2025-12-04,CUS-01916,PRD-0151,13,"42,840","556,920",
ORD-2025-038597,2025-12-04,CUS-01369,PRD-0157,3,"24,810","74,430",
ORD-2025-038602,2025-12-04,CUS-00163,PRD-0161,9,"32,640","293,760",
ORD-2025-038603,2025-12-04,CUS-02100,PRD-0161,4,"32,640","130,560",
ORD-2025-038611,2025-12-05,CUS-00085,PRD-0018,9,"62,570","563,130",
ORD-2025-038618,2025-12-05,CUS-02387,PRD-0039,2,"14,770","29,540",
ORD-2025-038621,2025-12-05,CUS-00112,PRD-0048,29,"16,870","489,230",
ORD-2025-038622,2025-12-05,CUS-01450,PRD-0050,10,"5,420","54,200",
ORD-2025-038635,2025-12-05,CUS-01121,PRD-0065,4,"34,000","136,000",
ORD-2025-038643,2025-12-05,CUS-02291,PRD-0076,9,"28,050","252,450",
ORD-2025-038645,2025-12-05,CUS-01198,PRD-0077,6,"31,120","186,720",
ORD-2025-038664,2025-12-05,CUS-00503,PRD-0090,3,"37,690","113,070",
ORD-2025-038665,2025-12-05,CUS-00208,PRD-0090,6,"37,690","226,140",
ORD-2025-038673,2025-12-05,CUS-02229,PRD-0100,15,"20,780","311,700",
ORD-2025-038675,2025-12-05,CUS-01356,PRD-0106,8,"41,890","335,120",
ORD-2025-038681,2025-12-05,CUS-01840,PRD-0118,27,"23,110","623,970",
ORD-2025-038683,2025-12-05,CUS-01756,PRD-0122,11,"19,140","210,540",
ORD-2025-038686,2025-12-05,CUS-02341,PRD-0126,13,"29,270","380,510",
ORD-2025-038692,2025-12-05,CUS-01322,PRD-0136,5,"54,950","274,750",
ORD-2025-038704,2025-12-05,CUS-00003,PRD-0150,3,"47,850","143,550",
ORD-2025-038715,2025-12-05,CUS-02093,PRD-0153,7,"24,220","169,540",
ORD-2025-038718,2025-12-05,CUS-01104,PRD-0161,10,"32,640","326,400",
ORD-2025-038719,2025-12-05,CUS-00720,PRD-0161,3,"32,640","97,920",
ORD-2025-038721,2025-12-05,CUS-00427,PRD-0165,6,"23,380","140,280",
ORD-2025-038722,2025-12-05,CUS-02113,PRD-0165,16,"23,380","374,080",
ORD-2025-038733,2025-12-06,CUS-02138,PRD-0011,7,"17,170","120,190",
ORD-2025-038736,2025-12-06,CUS-01606,PRD-0018,7,"62,570","437,990",
ORD-2025-038748,2025-12-06,CUS-02358,PRD-0057,6,"18,040","108,240",
ORD-2025-038754,2025-12-06,CUS-01111,PRD-0068,11,"16,320","179,520",
ORD-2025-038768,2025-12-06,CUS-02177,PRD-0090,15,"37,690","565,350",
ORD-2025-038769,2025-12-06,CUS-00988,PRD-0090,8,"37,690","301,520",
ORD-2025-038771,2025-12-06,CUS-01071,PRD-0093,11,"23,080","253,880",
ORD-2025-038780,2025-12-06,CUS-02067,PRD-0108,12,"30,750","369,000",
ORD-2025-038784,2025-12-06,CUS-02433,PRD-0121,19,"26,430","502,170",
ORD-2025-038790,2025-12-06,CUS-00047,PRD-0131,5,"31,140","155,700",
ORD-2025-038792,2025-12-06,CUS-00822,PRD-0135,15,"32,900","493,500",
ORD-2025-038795,2025-12-06,CUS-00458,PRD-0147,13,"32,330","420,290",
ORD-2025-038800,2025-12-06,CUS-01137,PRD-0151,19,"42,840","813,960",
ORD-2025-038801,2025-12-06,CUS-01184,PRD-0151,5,"42,840","214,200",
ORD-2025-038802,2025-12-06,CUS-02178,PRD-0151,6,"42,840","257,040",
ORD-2025-038803,2025-12-06,CUS-00188,PRD-0153,8,"24,220","193,760",
ORD-2025-038808,2025-12-06,CUS-00836,PRD-0156,9,"58,570","527,130",
ORD-2025-038815,2025-12-06,CUS-02451,PRD-0161,9,"32,640","293,760",
ORD-2025-038817,2025-12-06,CUS-01376,PRD-0163,7,"27,790","194,530",
ORD-2025-038823,2025-12-07,CUS-01389,PRD-0001,10,"4,970","49,700",
ORD-2025-038827,2025-12-07,CUS-00463,PRD-0017,14,"39,680","555,520",
ORD-2025-038828,2025-12-07,CUS-01283,PRD-0018,3,"62,570","187,710",
ORD-2025-038832,2025-12-07,CUS-02093,PRD-0051,4,"43,070","172,280",
ORD-2025-038836,2025-12-07,CUS-00428,PRD-0065,30,"34,000","1,020,000",
ORD-2025-038848,2025-12-07,CUS-01372,PRD-0121,8,"26,430","211,440",
ORD-2025-038856,2025-12-08,CUS-00631,PRD-0004,9,"4,490","40,410",
ORD-2025-038866,2025-12-08,CUS-01672,PRD-0016,4,"42,680","170,720",
ORD-2025-038875,2025-12-08,CUS-00783,PRD-0031,1,"36,660","36,660",
ORD-2025-038876,2025-12-08,CUS-00198,PRD-0034,6,"15,350","92,100",
ORD-2025-038882,2025-12-08,CUS-01356,PRD-0051,8,"43,070","344,560",
ORD-2025-038883,2025-12-08,CUS-00720,PRD-0051,4,"43,070","172,280",
ORD-2025-038885,2025-12-08,CUS-02342,PRD-0057,9,"18,040","162,360",
ORD-2025-038888,2025-12-08,CUS-00631,PRD-0062,8,"17,890","143,120",
ORD-2025-038889,2025-12-08,CUS-00442,PRD-0064,2,"36,350","72,700",
ORD-2025-038890,2025-12-08,CUS-00480,PRD-0064,12,"36,350","436,200",
ORD-2025-038891,2025-12-08,CUS-01356,PRD-0067,3,"12,380","37,140",
ORD-2025-038894,2025-12-08,CUS-00823,PRD-0068,8,"16,320","130,560",
ORD-2025-038897,2025-12-08,CUS-01799,PRD-0070,11,"19,240","211,640",
ORD-2025-038901,2025-12-08,CUS-01672,PRD-0074,7,"38,390","268,730",
ORD-2025-038905,2025-12-08,CUS-00130,PRD-0077,4,"31,120","124,480",
ORD-2025-038931,2025-12-08,CUS-02040,PRD-0090,1,"37,690","37,690",
ORD-2025-038945,2025-12-08,CUS-00549,PRD-0115,5,"21,210","106,050",
ORD-2025-038946,2025-12-08,CUS-01093,PRD-0115,4,"21,210","84,840",
ORD-2025-038947,2025-12-08,CUS-02046,PRD-0115,7,"21,210","148,470",
ORD-2025-038955,2025-12-08,CUS-01890,PRD-0121,9,"26,430","237,870",
ORD-2025-038956,2025-12-08,CUS-00635,PRD-0121,13,"26,430","343,590",
ORD-2025-038961,2025-12-08,CUS-00770,PRD-0125,4,"15,380","61,520",
ORD-2025-038962,2025-12-08,CUS-01872,PRD-0125,10,"15,380","153,800",
ORD-2025-038966,2025-12-08,CUS-01840,PRD-0129,6,"17,810","106,860",
ORD-2025-038970,2025-12-08,CUS-01607,PRD-0135,7,"32,900","230,300",
ORD-2025-038986,2025-12-08,CUS-00884,PRD-0151,5,"42,840","214,200",
ORD-2025-038987,2025-12-08,CUS-01022,PRD-0151,9,"42,840","385,560",
ORD-2025-039000,2025-12-09,CUS-00039,PRD-0005,23,"3,110","71,530",
ORD-2025-039001,2025-12-09,CUS-01920,PRD-0008,10,"16,360","163,600",
ORD-2025-039015,2025-12-09,CUS-01466,PRD-0046,14,"17,360","243,040",
ORD-2025-039024,2025-12-09,CUS-01364,PRD-0061,15,"16,320","244,800",
ORD-2025-039025,2025-12-09,CUS-01779,PRD-0061,4,"16,320","65,280",
ORD-2025-039045,2025-12-09,CUS-01318,PRD-0077,8,"31,120","248,960",
ORD-2025-039070,2025-12-09,CUS-00427,PRD-0090,6,"37,690","226,140",
ORD-2025-039071,2025-12-09,CUS-00238,PRD-0090,5,"37,690","188,450",
ORD-2025-039072,2025-12-09,CUS-00317,PRD-0090,7,"37,690","263,830",
ORD-2025-039087,2025-12-09,CUS-02420,PRD-0113,8,"10,420","83,360",
ORD-2025-039104,2025-12-09,CUS-00406,PRD-0134,7,"34,970","244,790",
ORD-2025-039107,2025-12-09,CUS-01319,PRD-0139,13,"33,360","433,680",
ORD-2025-039111,2025-12-09,CUS-00134,PRD-0145,6,"31,800","190,800",
ORD-2025-039117,2025-12-09,CUS-01256,PRD-0151,3,"42,840","128,520",
ORD-2025-039118,2025-12-09,CUS-02326,PRD-0151,3,"42,840","128,520",
ORD-2025-039124,2025-12-09,CUS-02424,PRD-0156,4,"58,570","234,280",
ORD-2025-039125,2025-12-09,CUS-01296,PRD-0156,3,"58,570","175,710",
ORD-2025-039129,2025-12-09,CUS-00429,PRD-0160,13,"32,940","428,220",
ORD-2025-039132,2025-12-09,CUS-01314,PRD-0161,6,"32,640","195,840",
ORD-2025-039140,2025-12-10,CUS-01688,PRD-0007,1,"17,070","17,070",
ORD-2025-039143,2025-12-10,CUS-00884,PRD-0016,4,"42,680","170,720",
ORD-2025-039147,2025-12-10,,PRD-0028,2,"4,910","9,820",
ORD-2025-039154,2025-12-10,CUS-02436,PRD-0053,15,"38,950","584,250",
ORD-2025-039171,2025-12-10,CUS-01462,PRD-0080,9,"23,900","215,100",
ORD-2025-039193,2025-12-10,CUS-00765,PRD-0098,6,"15,320","91,920",
ORD-2025-039206,2025-12-10,CUS-00984,PRD-0109,18,"30,700","552,600",
ORD-2025-039210,2025-12-10,CUS-01440,PRD-0117,19,"17,520","332,880",
ORD-2025-039213,2025-12-10,CUS-02181,PRD-0118,16,"23,110","369,760",
ORD-2025-039219,2025-12-10,CUS-01440,PRD-0125,4,"15,380","61,520",
ORD-2025-039220,2025-12-10,CUS-01137,PRD-0125,14,"15,380","215,320",
ORD-2025-039221,2025-12-10,CUS-01322,PRD-0125,5,"15,380","76,900",
ORD-2025-039222,2025-12-10,CUS-00644,PRD-0126,6,"29,270","175,620",
ORD-2025-039228,2025-12-10,CUS-02268,PRD-0139,7,"33,360","233,520",
ORD-2025-039241,2025-12-10,CUS-00418,PRD-0151,4,"42,840","171,360",
ORD-2025-039242,2025-12-10,CUS-00921,PRD-0151,1,"42,840","42,840",
ORD-2025-039243,2025-12-10,CUS-00085,PRD-0151,7,"42,840","299,880",
ORD-2025-039249,2025-12-10,CUS-02207,PRD-0160,2,"32,940","65,880",
ORD-2025-039251,2025-12-10,CUS-00190,PRD-0161,17,"32,640","554,880",
ORD-2025-039254,2025-12-10,CUS-02029,PRD-0165,12,"23,380","280,560",
ORD-2025-039258,2025-12-10,CUS-02358,PRD-0170,4,"17,370","69,480",
ORD-2025-039264,2025-12-11,CUS-00196,PRD-0008,11,"16,360","179,960",
ORD-2025-039273,2025-12-11,CUS-02363,PRD-0031,8,"36,660","293,280",
ORD-2025-039280,2025-12-11,CUS-01581,PRD-0060,2,"57,540","115,080",
ORD-2025-039285,2025-12-11,CUS-00167,PRD-0076,3,"28,050","84,150",
ORD-2025-039288,2025-12-11,CUS-00468,PRD-0077,9,"31,120","280,080",
ORD-2025-039306,2025-12-11,CUS-00129,PRD-0093,29,"23,080","669,320",
ORD-2025-039313,2025-12-11,CUS-00193,PRD-0108,6,"30,750","184,500",
ORD-2025-039333,2025-12-11,CUS-00805,PRD-0150,10,"47,850","478,500",
ORD-2025-039359,2025-12-11,CUS-00142,PRD-0170,5,"17,370","86,850",
ORD-2025-039365,2025-12-12,CUS-00715,PRD-0004,9,"4,490","40,410",
ORD-2025-039368,2025-12-12,CUS-02177,PRD-0016,21,"42,680","896,280",
ORD-2025-039374,2025-12-12,CUS-00238,PRD-0033,8,"11,040","88,320",
ORD-2025-039376,2025-12-12,CUS-02369,PRD-0037,9,"25,650","230,850",
ORD-2025-039378,2025-12-12,CUS-00492,PRD-0039,5,"14,770","73,850",
ORD-2025-039388,2025-12-12,CUS-02326,PRD-0059,15,"50,810","762,150",
ORD-2025-039396,2025-12-12,CUS-02149,PRD-0062,2,"17,890","35,780",
ORD-2025-039420,2025-12-12,CUS-01228,PRD-0084,5,"27,760","138,800",
ORD-2025-039424,2025-12-12,CUS-00406,PRD-0086,4,"28,180","112,720",
ORD-2025-039435,2025-12-12,CUS-01001,PRD-0090,9,"37,690","339,210",
ORD-2025-039444,2025-12-12,CUS-01269,PRD-0102,1,"17,050","17,050",
ORD-2025-039446,2025-12-12,CUS-00523,PRD-0105,4,"41,060","164,240",
ORD-2025-039447,2025-12-12,CUS-00094,PRD-0107,4,"39,590","158,360",
ORD-2025-039450,2025-12-12,CUS-02159,PRD-0116,11,"17,680","194,480",
ORD-2025-039466,2025-12-12,CUS-00739,PRD-0135,8,"32,900","263,200",
ORD-2025-039469,2025-12-12,CUS-02290,PRD-0139,1,"33,360","33,360",
ORD-2025-039477,2025-12-12,CUS-02302,PRD-0151,3,"42,840","128,520",
ORD-2025-039500,2025-12-13,CUS-02055,PRD-0007,13,"17,070","221,910",
ORD-2025-039503,2025-12-13,CUS-01137,PRD-0023,7,"16,940","118,580",
ORD-2025-039507,2025-12-13,CUS-00820,PRD-0035,3,"13,660","40,980",
ORD-2025-039508,2025-12-13,CUS-00164,PRD-0035,8,"13,660","109,280",
ORD-2025-039511,2025-12-13,CUS-01921,PRD-0041,2,"6,830","13,660",
ORD-2025-039522,2025-12-13,CUS-00403,PRD-0077,3,"31,120","93,360",
ORD-2025-039523,2025-12-13,CUS-01525,PRD-0077,2,"31,120","62,240",
ORD-2025-039528,2025-12-13,CUS-01092,PRD-0085,18,"32,580","586,440",
ORD-2025-039529,2025-12-13,CUS-01688,PRD-0088,4,"15,290","61,160",
ORD-2025-039544,2025-12-13,CUS-02047,PRD-0103,4,"38,480","153,920",
ORD-2025-039547,2025-12-13,CUS-00186,PRD-0109,17,"30,700","521,900",
ORD-2025-039548,2025-12-13,CUS-01856,PRD-0109,10,"30,700","307,000",
ORD-2025-039557,2025-12-13,CUS-00072,PRD-0125,2,"15,380","30,760",
ORD-2025-039560,2025-12-13,CUS-02474,PRD-0128,6,"20,590","123,540",
ORD-2025-039564,2025-12-13,CUS-00054,PRD-0136,9,"54,950","494,550",
ORD-2025-039571,2025-12-13,CUS-00190,PRD-0145,4,"31,800","127,200",
ORD-2025-039577,2025-12-13,CUS-00458,PRD-0153,3,"24,220","72,660",
ORD-2025-039594,2025-12-14,CUS-00035,PRD-0028,7,"4,910","34,370",
ORD-2025-039602,2025-12-14,CUS-01367,PRD-0068,10,"16,320","163,200",
ORD-2025-039610,2025-12-14,CUS-01436,PRD-0091,5,"27,010","135,050",
ORD-2025-039618,2025-12-14,CUS-01805,PRD-0125,9,"15,380","138,420",
ORD-2025-039629,2025-12-15,CUS-02175,PRD-0005,7,"3,110","21,770",
ORD-2025-039630,2025-12-15,CUS-02177,PRD-0012,9,"18,410","165,690",
ORD-2025-039637,2025-12-15,,PRD-0027,6,"4,920","29,520",
ORD-2025-039647,2025-12-15,CUS-00298,PRD-0060,3,"57,540","172,620",
ORD-2025-039648,2025-12-15,CUS-00492,PRD-0062,8,"17,890","143,120",
ORD-2025-039652,2025-12-15,CUS-01268,PRD-0077,6,"31,120","186,720",
ORD-2025-039657,2025-12-15,CUS-02074,PRD-0081,15,"42,190","632,850",
ORD-2025-039659,2025-12-15,CUS-00240,PRD-0082,9,"30,730","276,570",
ORD-2025-039668,2025-12-15,CUS-02369,PRD-0086,13,"28,180","366,340",
ORD-2025-039675,2025-12-15,CUS-00097,PRD-0090,4,"37,690","150,760",
ORD-2025-039676,2025-12-15,CUS-01764,PRD-0090,8,"37,690","301,520",
ORD-2025-039677,2025-12-15,CUS-02288,PRD-0090,12,"37,690","452,280",
ORD-2025-039678,2025-12-15,CUS-00151,PRD-0093,9,"23,080","207,720",
ORD-2025-039681,2025-12-15,CUS-00458,PRD-0098,9,"15,320","137,880",
ORD-2025-039689,2025-12-15,CUS-01793,PRD-0103,17,"38,480","654,160",
ORD-2025-039691,2025-12-15,CUS-00039,PRD-0109,21,"30,700","644,700",
ORD-2025-039692,2025-12-15,CUS-00196,PRD-0116,12,"17,680","212,160",
ORD-2025-039693,2025-12-15,CUS-01607,PRD-0117,4,"17,520","70,080",
ORD-2025-039696,2025-12-15,CUS-01844,PRD-0120,10,"14,740","147,400",
ORD-2025-039716,2025-12-15,CUS-00976,PRD-0142,2,"52,030","104,060",
ORD-2025-039721,2025-12-15,CUS-01450,PRD-0149,14,"45,880","642,320",
ORD-2025-039727,2025-12-15,CUS-02083,PRD-0151,4,"42,840","171,360",
ORD-2025-039736,2025-12-15,CUS-02067,PRD-0160,2,"32,940","65,880",
ORD-2025-039743,2025-12-15,CUS-01589,PRD-0165,2,"23,380","46,760",
ORD-2025-039744,2025-12-15,CUS-02206,PRD-0165,3,"23,380","70,140",
ORD-2025-039750,2025-12-16,CUS-01864,PRD-0004,1,"4,490","4,490",
ORD-2025-039755,2025-12-16,CUS-00190,PRD-0016,12,"42,680","512,160",
ORD-2025-039762,2025-12-16,CUS-01284,PRD-0028,12,"4,910","58,920",
ORD-2025-039766,2025-12-16,CUS-00134,PRD-0039,4,"14,770","59,080",
ORD-2025-039767,2025-12-16,CUS-01832,PRD-0042,18,"26,200","471,600",
ORD-2025-039771,2025-12-16,CUS-02370,PRD-0047,7,"19,060","133,420",
ORD-2025-039776,2025-12-16,CUS-02067,PRD-0057,10,"18,040","180,400",
ORD-2025-039778,2025-12-16,CUS-01228,PRD-0061,11,"16,320","179,520",
ORD-2025-039791,2025-12-16,CUS-01663,PRD-0079,8,"46,870","374,960",
ORD-2025-039808,2025-12-16,CUS-00359,PRD-0090,5,"37,690","188,450",
ORD-2025-039809,2025-12-16,CUS-00914,PRD-0091,8,"27,010","216,080",
ORD-2025-039811,2025-12-16,CUS-00836,PRD-0100,6,"20,780","124,680",
ORD-2025-039833,2025-12-16,CUS-01651,PRD-0137,1,"27,650","27,650",
ORD-2025-039838,2025-12-16,CUS-01566,PRD-0145,3,"31,800","95,400",
ORD-2025-039850,2025-12-16,CUS-01353,PRD-0151,5,"42,840","214,200",
ORD-2025-039855,2025-12-16,CUS-00929,PRD-0156,5,"58,570","292,850",
ORD-2025-039861,2025-12-16,CUS-00753,PRD-0161,5,"32,640","163,200",
ORD-2025-039883,2025-12-17,CUS-00092,PRD-0020,13,"29,210","379,730",
ORD-2025-039887,2025-12-17,CUS-02149,PRD-0027,8,"4,920","39,360",
ORD-2025-039888,2025-12-17,CUS-00283,PRD-0031,16,"36,660","586,560",
ORD-2025-039892,2025-12-17,CUS-02272,PRD-0039,4,"14,770","59,080",
ORD-2025-039905,2025-12-17,CUS-01898,PRD-0068,2,"16,320","32,640",
ORD-2025-039906,2025-12-17,CUS-00720,PRD-0072,20,"42,600","852,000",
ORD-2025-039913,2025-12-17,CUS-01883,PRD-0078,9,"33,720","303,480",
ORD-2025-039916,2025-12-17,CUS-00926,PRD-0079,3,"46,870","140,610",
ORD-2025-039918,2025-12-17,CUS-00349,PRD-0081,10,"42,190","421,900",
ORD-2025-039935,2025-12-17,CUS-01351,PRD-0090,5,"37,690","188,450",
ORD-2025-039937,2025-12-17,CUS-02052,PRD-0098,23,"15,320","352,360",
ORD-2025-039944,2025-12-17,CUS-02352,PRD-0108,3,"30,750","92,250",
ORD-2025-039948,2025-12-17,CUS-00208,PRD-0116,9,"17,680","159,120",
ORD-2025-039957,2025-12-17,CUS-02357,PRD-0125,5,"15,380","76,900",
ORD-2025-039959,2025-12-17,CUS-01403,PRD-0127,5,"16,760","83,800",
ORD-2025-039963,2025-12-17,CUS-01269,PRD-0131,4,"31,140","124,560",
ORD-2025-039971,2025-12-17,CUS-00771,PRD-0143,15,"48,640","729,600",
ORD-2025-039984,2025-12-17,CUS-02174,PRD-0151,11,"42,840","471,240",
ORD-2025-039985,2025-12-17,CUS-01139,PRD-0153,4,"24,220","96,880",
ORD-2025-039992,2025-12-17,CUS-00488,PRD-0156,17,"58,570","995,690",
ORD-2025-040001,2025-12-17,CUS-02328,PRD-0165,3,"23,380","70,140",
ORD-2025-040008,2025-12-18,CUS-01288,PRD-0005,6,"3,110","18,660",
ORD-2025-040009,2025-12-18,CUS-00860,PRD-0005,9,"3,110","27,990",
ORD-2025-040010,2025-12-18,CUS-01164,PRD-0007,11,"17,070","187,770",
ORD-2025-040014,2025-12-18,CUS-01538,PRD-0019,15,"31,240","468,600",
ORD-2025-040020,2025-12-18,CUS-00815,PRD-0035,11,"13,660","150,260",
ORD-2025-040023,2025-12-18,CUS-01205,PRD-0037,7,"25,650","179,550",
ORD-2025-040026,2025-12-18,CUS-02339,PRD-0047,11,"19,060","209,660",
ORD-2025-040030,2025-12-18,CUS-00018,PRD-0049,12,"18,190","218,280",
ORD-2025-040050,2025-12-18,CUS-01891,PRD-0080,8,"23,900","191,200",
ORD-2025-040057,2025-12-18,CUS-01582,PRD-0086,8,"28,180","225,440",
ORD-2025-040058,2025-12-18,CUS-01091,PRD-0086,7,"28,180","197,260",
ORD-2025-040067,2025-12-18,CUS-02138,PRD-0090,7,"37,690","263,830",
ORD-2025-040068,2025-12-18,CUS-02317,PRD-0090,9,"37,690","339,210",
ORD-2025-040069,2025-12-18,CUS-01401,PRD-0090,2,"37,690","75,380",
ORD-2025-040072,2025-12-18,,PRD-0097,2,"21,780","43,560",
ORD-2025-040077,2025-12-18,CUS-02399,PRD-0100,3,"20,780","62,340",
ORD-2025-040083,2025-12-18,CUS-00022,PRD-0112,6,"15,500","93,000",
ORD-2025-040095,2025-12-18,CUS-01353,PRD-0134,6,"34,970","209,820",
ORD-2025-040097,2025-12-18,CUS-00129,PRD-0135,4,"32,900","131,600",
ORD-2025-040102,2025-12-18,CUS-00463,PRD-0147,10,"32,330","323,300",
ORD-2025-040140,2025-12-19,CUS-01592,PRD-0012,11,"18,410","202,510",
ORD-2025-040142,2025-12-19,CUS-00373,PRD-0016,5,"42,680","213,400",
ORD-2025-040145,2025-12-19,CUS-01122,PRD-0023,6,"16,940","101,640",
ORD-2025-040148,2025-12-19,CUS-02207,PRD-0025,2,"5,090","10,180",
ORD-2025-040155,2025-12-19,CUS-00773,PRD-0053,8,"38,950","311,600",
ORD-2025-040160,2025-12-19,CUS-00240,PRD-0060,7,"57,540","402,780",
ORD-2025-040161,2025-12-19,CUS-01095,PRD-0060,25,"57,540","1,438,500",
ORD-2025-040165,2025-12-19,CUS-00164,PRD-0062,14,"17,890","250,460",
ORD-2025-040185,2025-12-19,CUS-00786,PRD-0086,20,"28,180","563,600",
ORD-2025-040204,2025-12-19,CUS-02055,PRD-0098,12,"15,320","183,840",
ORD-2025-040208,2025-12-19,CUS-02092,PRD-0100,43,"20,780","893,540",
ORD-2025-040215,2025-12-19,CUS-01111,PRD-0118,5,"23,110","115,550",
ORD-2025-040218,2025-12-19,CUS-00186,PRD-0120,5,"14,740","73,700",
ORD-2025-040223,2025-12-19,CUS-01720,PRD-0122,27,"19,140","516,780",
ORD-2025-040231,2025-12-19,CUS-01179,PRD-0126,11,"29,270","321,970",
ORD-2025-040233,2025-12-19,CUS-00190,PRD-0131,9,"31,140","280,260",
ORD-2025-040268,2025-12-20,CUS-02386,PRD-0004,5,"4,490","22,450",
ORD-2025-040269,2025-12-20,CUS-01920,PRD-0009,9,"18,390","165,510",
ORD-2025-040274,2025-12-20,CUS-01361,PRD-0023,12,"16,940","203,280",
ORD-2025-040296,2025-12-20,CUS-01559,PRD-0078,3,"33,720","101,160",
ORD-2025-040300,2025-12-20,CUS-00258,PRD-0083,19,"23,690","450,110",
ORD-2025-040302,2025-12-20,CUS-00365,PRD-0084,15,"27,760","416,400",
ORD-2025-040307,2025-12-20,CUS-01093,PRD-0089,11,"13,010","143,110",
ORD-2025-040310,2025-12-20,CUS-01104,PRD-0091,5,"27,010","135,050",
ORD-2025-040317,2025-12-20,CUS-02278,PRD-0100,7,"20,780","145,460",
ORD-2025-040326,2025-12-20,CUS-02177,PRD-0124,7,"8,790","61,530",
ORD-2025-040342,2025-12-20,CUS-01831,PRD-0151,6,"42,840","257,040",
ORD-2025-040343,2025-12-20,CUS-00183,PRD-0151,12,"42,840","514,080",
ORD-2025-040349,2025-12-20,CUS-00553,PRD-0161,5,"32,640","163,200",
ORD-2025-040372,2025-12-21,CUS-00605,PRD-0090,6,"37,690","226,140",
ORD-2025-040373,2025-12-21,CUS-00022,PRD-0091,4,"27,010","108,040",
ORD-2025-040376,2025-12-21,CUS-00238,PRD-0100,15,"20,780","311,700",
ORD-2025-040383,2025-12-21,CUS-01972,PRD-0135,2,"32,900","65,800",
ORD-2025-040390,2025-12-21,CUS-01974,PRD-0151,7,"42,840","299,880",
ORD-2025-040401,2025-12-22,CUS-01385,PRD-0004,8,"4,490","35,920",
ORD-2025-040405,2025-12-22,CUS-01385,PRD-0007,7,"17,070","119,490",
ORD-2025-040415,2025-12-22,CUS-00798,PRD-0026,7,"4,150","29,050",
ORD-2025-040421,2025-12-22,CUS-02272,PRD-0047,1,"19,060","19,060",
ORD-2025-040426,2025-12-22,CUS-02383,PRD-0060,15,"57,540","863,100",
ORD-2025-040428,2025-12-22,CUS-02358,PRD-0061,6,"16,320","97,920",
ORD-2025-040433,2025-12-22,CUS-01169,PRD-0075,11,"34,020","374,220",
ORD-2025-040436,2025-12-22,CUS-01582,PRD-0078,8,"33,720","269,760",
ORD-2025-040443,2025-12-22,CUS-01604,PRD-0083,6,"23,690","142,140",
ORD-2025-040462,2025-12-22,CUS-00468,PRD-0098,6,"15,320","91,920",
ORD-2025-040463,2025-12-22,CUS-00748,PRD-0098,5,"15,320","76,600",
ORD-2025-040468,2025-12-22,CUS-00044,PRD-0100,3,"20,780","62,340",
ORD-2025-040469,2025-12-22,CUS-00283,PRD-0102,17,"17,050","289,850",
ORD-2025-040470,2025-12-22,,PRD-0103,8,"38,480","307,840",
ORD-2025-040477,2025-12-22,CUS-00026,PRD-0108,11,"30,750","338,250",
ORD-2025-040481,2025-12-22,CUS-00339,PRD-0109,1,"30,700","30,700",
ORD-2025-040492,2025-12-22,CUS-01247,PRD-0122,11,"19,140","210,540",
ORD-2025-040521,2025-12-22,CUS-01500,PRD-0151,3,"42,840","128,520",
ORD-2025-040522,2025-12-22,CUS-01057,PRD-0151,4,"42,840","171,360",
ORD-2025-040523,2025-12-22,CUS-01900,PRD-0151,3,"42,840","128,520",
ORD-2025-040528,2025-12-22,CUS-01221,PRD-0155,3,"65,880","197,640",
ORD-2025-040536,2025-12-22,CUS-00383,PRD-0161,6,"32,640","195,840",
ORD-2025-040539,2025-12-22,CUS-00702,PRD-0165,20,"23,380","467,600",
ORD-2025-040541,2025-12-23,CUS-00319,PRD-0004,8,"4,490","35,920",
ORD-2025-040551,2025-12-23,CUS-00088,PRD-0018,6,"62,570","375,420",
ORD-2025-040558,2025-12-23,CUS-00284,PRD-0037,21,"25,650","538,650",
ORD-2025-040563,2025-12-23,CUS-01560,PRD-0048,10,"16,870","168,700",
ORD-2025-040564,2025-12-23,CUS-00634,PRD-0049,10,"18,190","181,900",
ORD-2025-040567,2025-12-23,CUS-01817,PRD-0055,1,"16,990","16,990",
ORD-2025-040576,2025-12-23,CUS-00109,PRD-0064,7,"36,350","254,450",
ORD-2025-040594,2025-12-23,CUS-00929,PRD-0085,13,"32,580","423,540",
ORD-2025-040595,2025-12-23,CUS-00478,PRD-0086,5,"28,180","140,900",
ORD-2025-040605,2025-12-23,CUS-00514,PRD-0090,5,"37,690","188,450",
ORD-2025-040606,2025-12-23,CUS-01277,PRD-0094,13,"22,360","290,680",
ORD-2025-040610,2025-12-23,CUS-00392,PRD-0103,9,"38,480","346,320",
ORD-2025-040622,2025-12-23,CUS-00739,PRD-0125,44,"15,380","676,720",
ORD-2025-040640,2025-12-23,,PRD-0151,7,"42,840","299,880",
ORD-2025-040641,2025-12-23,CUS-01139,PRD-0151,8,"42,840","342,720",
ORD-2025-040646,2025-12-23,CUS-00734,PRD-0160,23,"32,940","757,620",
ORD-2025-040647,2025-12-23,CUS-02352,PRD-0160,4,"32,940","131,760",
ORD-2025-040652,2025-12-23,CUS-00904,PRD-0161,7,"32,640","228,480",
ORD-2025-040672,2025-12-24,,PRD-0037,6,"25,650","153,900",
ORD-2025-040674,2025-12-24,CUS-02268,PRD-0039,7,"14,770","103,390",
ORD-2025-040677,2025-12-24,,PRD-0043,2,"17,760","35,520",
ORD-2025-040679,2025-12-24,CUS-00014,PRD-0045,6,"7,340","44,040",
ORD-2025-040691,2025-12-24,CUS-01910,PRD-0061,9,"16,320","146,880",
ORD-2025-040701,2025-12-24,CUS-02095,PRD-0081,5,"42,190","210,950",
ORD-2025-040703,2025-12-24,CUS-00298,PRD-0085,3,"32,580","97,740",
ORD-2025-040706,2025-12-24,CUS-00710,PRD-0086,21,"28,180","591,780",
ORD-2025-040712,2025-12-24,CUS-02074,PRD-0090,7,"37,690","263,830",
ORD-2025-040713,2025-12-24,,PRD-0090,2,"37,690","75,380",
ORD-2025-040714,2025-12-24,CUS-00921,PRD-0090,17,"37,690","640,730",
ORD-2025-040715,2025-12-24,CUS-00183,PRD-0090,3,"37,690","113,070",
ORD-2025-040716,2025-12-24,CUS-01799,PRD-0091,4,"27,010","108,040",
ORD-2025-040722,2025-12-24,CUS-01386,PRD-0108,7,"30,750","215,250",
ORD-2025-040727,2025-12-24,CUS-01784,PRD-0118,6,"23,110","138,660",
ORD-2025-040738,2025-12-24,CUS-00208,PRD-0128,6,"20,590","123,540",
ORD-2025-040740,2025-12-24,CUS-01040,PRD-0131,5,"31,140","155,700",
ORD-2025-040746,2025-12-24,CUS-00395,PRD-0138,6,"27,020","162,120",
ORD-2025-040759,2025-12-24,CUS-01009,PRD-0151,11,"42,840","471,240",
ORD-2025-040760,2025-12-24,CUS-01687,PRD-0151,6,"42,840","257,040",
ORD-2025-040766,2025-12-24,CUS-02075,PRD-0157,4,"24,810","99,240",
ORD-2025-040773,2025-12-24,CUS-02461,PRD-0163,11,"27,790","305,690",
ORD-2025-040774,2025-12-24,,PRD-0170,9,"17,370","156,330",
ORD-2025-040788,2025-12-25,CUS-00222,PRD-0037,3,"25,650","76,950",
ORD-2025-040793,2025-12-25,CUS-00617,PRD-0047,3,"19,060","57,180",
ORD-2025-040794,2025-12-25,CUS-00085,PRD-0051,8,"43,070","344,560",
ORD-2025-040801,2025-12-25,CUS-00617,PRD-0065,16,"34,000","544,000",
ORD-2025-040804,2025-12-25,CUS-00720,PRD-0074,4,"38,390","153,560",
ORD-2025-040807,2025-12-25,CUS-00246,PRD-0077,3,"31,120","93,360",
ORD-2025-040810,2025-12-25,CUS-02344,PRD-0083,12,"23,690","284,280",
ORD-2025-040813,2025-12-25,CUS-00876,PRD-0084,6,"27,760","166,560",
ORD-2025-040815,2025-12-25,CUS-01315,PRD-0085,3,"32,580","97,740",
ORD-2025-040816,2025-12-25,CUS-02083,PRD-0085,13,"32,580","423,540",
ORD-2025-040827,2025-12-25,CUS-01137,PRD-0090,3,"37,690","113,070",
ORD-2025-040828,2025-12-25,CUS-02055,PRD-0092,5,"30,260","151,300",
ORD-2025-040839,2025-12-25,CUS-01169,PRD-0118,8,"23,110","184,880",
ORD-2025-040843,2025-12-25,CUS-00238,PRD-0122,5,"19,140","95,700",
ORD-2025-040849,2025-12-25,CUS-00181,PRD-0125,21,"15,380","322,980",
ORD-2025-040867,2025-12-25,CUS-00841,PRD-0151,3,"42,840","128,520",
ORD-2025-040868,2025-12-25,CUS-00359,PRD-0151,6,"42,840","257,040",
ORD-2025-040869,2025-12-25,CUS-01198,PRD-0151,2,"42,840","85,680",
ORD-2025-040879,2025-12-25,CUS-00048,PRD-0161,5,"32,640","163,200",
ORD-2025-040880,2025-12-25,CUS-00956,PRD-0161,4,"32,640","130,560",
ORD-2025-040883,2025-12-25,CUS-01586,PRD-0165,6,"23,380","140,280",
ORD-2025-040895,2025-12-26,CUS-00754,PRD-0020,6,"29,210","175,260",
ORD-2025-040897,2025-12-26,,PRD-0025,6,"5,090","30,540",
ORD-2025-040900,2025-12-26,CUS-01518,PRD-0034,9,"15,350","138,150",
ORD-2025-040909,2025-12-26,CUS-02273,PRD-0051,8,"43,070","344,560",
ORD-2025-040917,2025-12-26,CUS-00196,PRD-0068,29,"16,320","473,280",
ORD-2025-040937,2025-12-26,CUS-00786,PRD-0086,14,"28,180","394,520",
ORD-2025-040938,2025-12-26,CUS-01268,PRD-0086,15,"28,180","422,700",
ORD-2025-040948,2025-12-26,CUS-01946,PRD-0090,9,"37,690","339,210",
ORD-2025-040953,2025-12-26,,PRD-0097,3,"21,780","65,340",
ORD-2025-040955,2025-12-26,CUS-01831,PRD-0098,4,"15,320","61,280",
ORD-2025-040956,2025-12-26,CUS-01832,PRD-0098,6,"15,320","91,920",
ORD-2025-040962,2025-12-26,CUS-00142,PRD-0109,4,"30,700","122,800",
ORD-2025-040986,2025-12-26,CUS-00072,PRD-0138,3,"27,020","81,060",
ORD-2025-040988,2025-12-26,CUS-02474,PRD-0139,6,"33,360","200,160",
ORD-2025-040989,2025-12-26,CUS-02461,PRD-0147,16,"32,330","517,280",
ORD-2025-040997,2025-12-26,CUS-00221,PRD-0156,3,"58,570","175,710",
ORD-2025-041000,2025-12-26,CUS-00885,PRD-0160,19,"32,940","625,860",
ORD-2025-041001,2025-12-26,CUS-01935,PRD-0160,9,"32,940","296,460",
ORD-2025-041003,2025-12-26,CUS-01961,PRD-0161,4,"32,640","130,560",
ORD-2025-041010,2025-12-26,CUS-01972,PRD-0166,7,"25,650","179,550",
ORD-2025-041013,2025-12-27,CUS-01385,PRD-0002,21,"5,180","108,780",
ORD-2025-041014,2025-12-27,CUS-01471,PRD-0004,9,"4,490","40,410",
ORD-2025-041015,2025-12-27,CUS-00294,PRD-0004,7,"4,490","31,430",
ORD-2025-041018,2025-12-27,CUS-01538,PRD-0008,2,"16,360","32,720",
ORD-2025-041032,2025-12-27,CUS-01559,PRD-0039,7,"14,770","103,390",
ORD-2025-041039,2025-12-27,CUS-00860,PRD-0058,3,"17,980","53,940",
ORD-2025-041042,2025-12-27,CUS-01543,PRD-0067,4,"12,380","49,520",
ORD-2025-041053,2025-12-27,CUS-01764,PRD-0086,15,"28,180","422,700",
ORD-2025-041065,2025-12-27,CUS-01856,PRD-0115,7,"21,210","148,470",
ORD-2025-041068,2025-12-27,CUS-02178,PRD-0120,12,"14,740","176,880",
ORD-2025-041072,2025-12-27,CUS-00468,PRD-0125,3,"15,380","46,140",
ORD-2025-041073,2025-12-27,CUS-01476,PRD-0126,4,"29,270","117,080",
ORD-2025-041084,2025-12-27,CUS-01832,PRD-0151,10,"42,840","428,400",
ORD-2025-041085,2025-12-27,CUS-01929,PRD-0152,14,"24,900","348,600",
ORD-2025-041092,2025-12-27,CUS-01704,PRD-0160,12,"32,940","395,280",
ORD-2025-041094,2025-12-27,,PRD-0161,26,"32,640","848,640",
ORD-2025-041099,2025-12-28,CUS-00519,PRD-0004,4,"4,490","17,960",
ORD-2025-041107,2025-12-28,CUS-01322,PRD-0035,7,"13,660","95,620",
ORD-2025-041110,2025-12-28,CUS-00951,PRD-0057,18,"18,040","324,720",
ORD-2025-041135,2025-12-28,CUS-00626,PRD-0151,20,"42,840","856,800",
ORD-2025-041139,2025-12-28,CUS-00164,PRD-0161,24,"32,640","783,360",
ORD-2025-041140,2025-12-28,CUS-01284,PRD-0161,11,"32,640","359,040",
ORD-2025-041145,2025-12-29,CUS-00753,PRD-0005,3,"3,110","9,330",
ORD-2025-041150,2025-12-29,CUS-01784,PRD-0016,6,"42,680","256,080",
ORD-2025-041160,2025-12-29,CUS-01709,PRD-0039,5,"14,770","73,850",
ORD-2025-041161,2025-12-29,CUS-01389,PRD-0040,21,"14,100","296,100",
ORD-2025-041163,2025-12-29,CUS-00840,PRD-0047,4,"19,060","76,240",
ORD-2025-041166,2025-12-29,CUS-02475,PRD-0057,7,"18,040","126,280",
ORD-2025-041167,2025-12-29,CUS-00564,PRD-0057,6,"18,040","108,240",
ORD-2025-041171,2025-12-29,CUS-02063,PRD-0060,2,"57,540","115,080",
ORD-2025-041178,2025-12-29,CUS-01764,PRD-0064,19,"36,350","690,650",
ORD-2025-041184,2025-12-29,CUS-01021,PRD-0072,6,"42,600","255,600",
ORD-2025-041202,2025-12-29,CUS-01269,PRD-0090,10,"37,690","376,900",
ORD-2025-041203,2025-12-29,CUS-00039,PRD-0090,1,"37,690","37,690",
ORD-2025-041217,2025-12-29,CUS-01779,PRD-0100,38,"20,780","789,640",
ORD-2025-041220,2025-12-29,CUS-00515,PRD-0108,19,"30,750","584,250",
ORD-2025-041221,2025-12-29,CUS-00230,PRD-0109,12,"30,700","368,400",
ORD-2025-041226,2025-12-29,CUS-01356,PRD-0120,20,"14,740","294,800",
ORD-2025-041233,2025-12-29,CUS-00193,PRD-0125,1,"15,380","15,380",
ORD-2025-041234,2025-12-29,CUS-01247,PRD-0125,19,"15,380","292,220",
ORD-2025-041235,2025-12-29,CUS-01821,PRD-0128,6,"20,590","123,540",
ORD-2025-041236,2025-12-29,CUS-02095,PRD-0131,16,"31,140","498,240",
ORD-2025-041238,2025-12-29,CUS-00823,PRD-0135,25,"32,900","822,500",
ORD-2025-041256,2025-12-29,CUS-01174,PRD-0151,25,"42,840","1,071,000",
ORD-2025-041257,2025-12-29,CUS-00022,PRD-0151,13,"42,840","556,920",
ORD-2025-041261,2025-12-29,CUS-01137,PRD-0160,17,"32,940","559,980",
ORD-2025-041266,2025-12-29,CUS-01646,PRD-0161,5,"32,640","163,200",
ORD-2025-041267,2025-12-29,CUS-02369,PRD-0163,13,"27,790","361,270",
ORD-2025-041268,2025-12-29,CUS-00341,PRD-0170,12,"17,370","208,440",
ORD-2025-041272,2025-12-30,CUS-02376,PRD-0004,23,"4,490","103,270",
ORD-2025-041273,2025-12-30,CUS-00109,PRD-0004,6,"4,490","26,940",
ORD-2025-041274,2025-12-30,CUS-00186,PRD-0007,6,"17,070","102,420",
ORD-2025-041277,2025-12-30,CUS-00898,PRD-0016,7,"42,680","298,760",
ORD-2025-041280,2025-12-30,CUS-00921,PRD-0018,6,"62,570","375,420",
ORD-2025-041287,2025-12-30,CUS-00982,PRD-0037,2,"25,650","51,300",
ORD-2025-041288,2025-12-30,CUS-00310,PRD-0039,14,"14,770","206,780",
ORD-2025-041298,2025-12-30,CUS-00365,PRD-0057,12,"18,040","216,480",
ORD-2025-041299,2025-12-30,CUS-00634,PRD-0057,6,"18,040","108,240",
ORD-2025-041308,2025-12-30,,PRD-0074,8,"38,390","307,120",
ORD-2025-041327,2025-12-30,CUS-01010,PRD-0090,21,"37,690","791,490",
ORD-2025-041328,2025-12-30,CUS-01184,PRD-0090,6,"37,690","226,140",
ORD-2025-041329,2025-12-30,CUS-01181,PRD-0090,2,"37,690","75,380",
ORD-2025-041330,2025-12-30,CUS-02272,PRD-0095,4,"20,290","81,160",
ORD-2025-041338,2025-12-30,CUS-01059,PRD-0108,7,"30,750","215,250",
ORD-2025-041339,2025-12-30,CUS-02357,PRD-0109,10,"30,700","307,000",
ORD-2025-041340,2025-12-30,CUS-01387,PRD-0109,12,"30,700","368,400",
ORD-2025-041347,2025-12-30,CUS-00190,PRD-0120,6,"14,740","88,440",
ORD-2025-041348,2025-12-30,CUS-01918,PRD-0122,4,"19,140","76,560",
ORD-2025-041349,2025-12-30,CUS-00860,PRD-0123,13,"14,410","187,330",
ORD-2025-041356,2025-12-30,CUS-01351,PRD-0138,8,"27,020","216,160",
ORD-2025-041373,2025-12-30,CUS-00227,PRD-0160,3,"32,940","98,820",
ORD-2025-041381,2025-12-30,CUS-00918,PRD-0165,11,"23,380","257,180",
ORD-2025-041389,2025-12-31,CUS-01453,PRD-0017,20,"39,680","793,600",
ORD-2025-041408,2025-12-31,CUS-02424,PRD-0058,6,"17,980","107,880",
ORD-2025-041411,2025-12-31,CUS-00198,PRD-0061,13,"16,320","212,160",
ORD-2025-041413,2025-12-31,CUS-01296,PRD-0068,6,"16,320","97,920",
ORD-2025-041439,2025-12-31,CUS-02167,PRD-0090,5,"37,690","188,450",
ORD-2025-041446,2025-12-31,CUS-00641,PRD-0100,4,"20,780","83,120",
ORD-2025-041451,2025-12-31,CUS-00428,PRD-0108,7,"30,750","215,250",
ORD-2025-041452,2025-12-31,CUS-00349,PRD-0109,5,"30,700","153,500",
ORD-2025-041453,2025-12-31,CUS-00480,PRD-0111,7,"12,240","85,680",
ORD-2025-041454,2025-12-31,CUS-00884,PRD-0111,6,"12,240","73,440",
ORD-2025-041457,2025-12-31,CUS-00134,PRD-0118,3,"23,110","69,330",
ORD-2025-041458,2025-12-31,CUS-01304,PRD-0118,4,"23,110","92,440",
ORD-2025-041466,2025-12-31,CUS-00514,PRD-0127,6,"16,760","100,560",
ORD-2025-041471,2025-12-31,CUS-01071,PRD-0131,1,"31,140","31,140",
ORD-2025-041482,2025-12-31,CUS-01526,PRD-0151,15,"42,840","642,600",
ORD-2025-041486,2025-12-31,CUS-02074,PRD-0153,11,"24,220","266,420",
ORD-2025-041499,2025-12-31,CUS-00167,PRD-0166,3,"25,650","76,950",
ORD-2026-041505,2026-01-01,CUS-01651,PRD-0023,10,"16,940","169,400",
ORD-2026-041509,2026-01-01,CUS-02455,PRD-0039,16,"14,770","236,320",
ORD-2026-041514,2026-01-01,CUS-00271,PRD-0055,27,"16,990","458,730",
ORD-2026-041520,2026-01-01,CUS-02418,PRD-0068,3,"16,320","48,960",
ORD-2026-041524,2026-01-01,CUS-00339,PRD-0082,3,"30,730","92,190",
ORD-2026-041531,2026-01-01,CUS-02181,PRD-0090,2,"37,690","75,380",
ORD-2026-041532,2026-01-01,CUS-00410,PRD-0090,10,"37,690","376,900",
ORD-2026-041533,2026-01-01,CUS-00492,PRD-0093,7,"23,080","161,560",
ORD-2026-041535,2026-01-01,CUS-00968,PRD-0094,3,"22,360","67,080",
ORD-2026-041536,2026-01-01,CUS-01880,PRD-0094,6,"22,360","134,160",
ORD-2026-041546,2026-01-01,CUS-01879,PRD-0122,2,"19,140","38,280",
ORD-2026-041551,2026-01-01,CUS-00339,PRD-0142,9,"52,030","468,270",
ORD-2026-041552,2026-01-01,CUS-01930,PRD-0143,3,"48,640","145,920",
ORD-2026-041555,2026-01-01,CUS-00317,PRD-0150,5,"47,850","239,250",
ORD-2026-041563,2026-01-01,CUS-01325,PRD-0156,8,"58,570","468,560",
ORD-2026-041572,2026-01-02,CUS-01003,PRD-0008,31,"16,360","507,160",
ORD-2026-041575,2026-01-02,CUS-00480,PRD-0018,4,"62,570","250,280",
ORD-2026-041583,2026-01-02,CUS-02187,PRD-0039,21,"14,770","310,170",
ORD-2026-041584,2026-01-02,CUS-00523,PRD-0041,18,"6,830","122,940",
ORD-2026-041587,2026-01-02,CUS-02181,PRD-0053,11,"38,950","428,450",
ORD-2026-041588,2026-01-02,CUS-02098,PRD-0057,9,"18,040","162,360",
ORD-2026-041589,2026-01-02,,PRD-0059,13,"50,810","660,530",
ORD-2026-041592,2026-01-02,CUS-01240,PRD-0068,8,"16,320","130,560",
ORD-2026-041605,2026-01-02,CUS-00934,PRD-0090,3,"37,690","113,070",
ORD-2026-041606,2026-01-02,CUS-02386,PRD-0090,1,"37,690","37,690",
ORD-2026-041607,2026-01-02,CUS-00023,PRD-0093,2,"23,080","46,160",
ORD-2026-041615,2026-01-02,CUS-00042,PRD-0102,3,"17,050","51,150",
ORD-2026-041622,2026-01-02,CUS-01797,PRD-0116,3,"17,680","53,040",
ORD-2026-041626,2026-01-02,CUS-00428,PRD-0121,5,"26,430","132,150",
ORD-2026-041635,2026-01-02,CUS-02355,PRD-0135,1,"32,900","32,900",
ORD-2026-041646,2026-01-02,CUS-01481,PRD-0151,15,"42,840","642,600",
ORD-2026-041674,2026-01-03,CUS-00823,PRD-0054,10,"17,260","172,600",
ORD-2026-041675,2026-01-03,CUS-00092,PRD-0068,28,"16,320","456,960",
ORD-2026-041677,2026-01-03,CUS-01252,PRD-0077,7,"31,120","217,840",
ORD-2026-041686,2026-01-03,CUS-00213,PRD-0090,9,"37,690","339,210",
ORD-2026-041687,2026-01-03,CUS-01273,PRD-0093,9,"23,080","207,720",
ORD-2026-041694,2026-01-03,CUS-00024,PRD-0121,3,"26,430","79,290",
ORD-2026-041698,2026-01-03,CUS-00348,PRD-0135,11,"32,900","361,900",
ORD-2026-041700,2026-01-03,CUS-01687,PRD-0149,10,"45,880","458,800",
ORD-2026-041706,2026-01-03,CUS-00564,PRD-0151,8,"42,840","342,720",
ORD-2026-041714,2026-01-04,CUS-01912,PRD-0060,4,"57,540","230,160",
ORD-2026-041720,2026-01-04,CUS-01788,PRD-0090,3,"37,690","113,070",
ORD-2026-041722,2026-01-04,CUS-02267,PRD-0100,4,"20,780","83,120",
ORD-2026-041730,2026-01-05,CUS-02244,PRD-0002,6,"5,180","31,080",
ORD-2026-041738,2026-01-05,CUS-01500,PRD-0035,3,"13,660","40,980",
ORD-2026-041745,2026-01-05,CUS-01010,PRD-0043,2,"17,760","35,520",
ORD-2026-041763,2026-01-05,CUS-00222,PRD-0077,11,"31,120","342,320",
ORD-2026-041767,2026-01-05,CUS-01007,PRD-0084,10,"27,760","277,600",
ORD-2026-041774,2026-01-05,CUS-00792,PRD-0090,19,"37,690","716,110",
ORD-2026-041775,2026-01-05,CUS-00342,PRD-0090,2,"37,690","75,380",
ORD-2026-041783,2026-01-05,CUS-01845,PRD-0102,9,"17,050","153,450",
ORD-2026-041789,2026-01-05,CUS-01518,PRD-0109,2,"30,700","61,400",
ORD-2026-041796,2026-01-05,CUS-02119,PRD-0125,5,"15,380","76,900",
ORD-2026-041797,2026-01-05,CUS-01784,PRD-0131,8,"31,140","249,120",
ORD-2026-041808,2026-01-05,CUS-01961,PRD-0153,4,"24,220","96,880",
ORD-2026-041819,2026-01-06,CUS-00733,PRD-0011,2,"17,170","34,340",
ORD-2026-041825,2026-01-06,CUS-00065,PRD-0026,3,"4,150","12,450",
ORD-2026-041827,2026-01-06,CUS-00734,PRD-0035,3,"13,660","40,980",
ORD-2026-041828,2026-01-06,CUS-01186,PRD-0036,1,"20,500","20,500",
ORD-2026-041838,2026-01-06,CUS-01021,PRD-0061,7,"16,320","114,240",
ORD-2026-041847,2026-01-06,CUS-01671,PRD-0079,16,"46,870","749,920",
ORD-2026-041859,2026-01-06,CUS-02244,PRD-0090,3,"37,690","113,070",
ORD-2026-041863,2026-01-06,CUS-00047,PRD-0098,3,"15,320","45,960",
ORD-2026-041866,2026-01-06,CUS-01361,PRD-0100,3,"20,780","62,340",
ORD-2026-041868,2026-01-06,CUS-00805,PRD-0108,11,"30,750","338,250",
ORD-2026-041876,2026-01-06,CUS-01221,PRD-0126,2,"29,270","58,540",
ORD-2026-041882,2026-01-06,CUS-00199,PRD-0131,3,"31,140","93,420",
ORD-2026-041884,2026-01-06,CUS-00836,PRD-0135,8,"32,900","263,200",
ORD-2026-041885,2026-01-06,CUS-00082,PRD-0135,1,"32,900","32,900",
ORD-2026-041893,2026-01-06,CUS-00218,PRD-0151,6,"42,840","257,040",
ORD-2026-041905,2026-01-07,CUS-01805,PRD-0007,8,"17,070","136,560",
ORD-2026-041906,2026-01-07,CUS-02268,PRD-0007,2,"17,070","34,140",
ORD-2026-041909,2026-01-07,CUS-01269,PRD-0024,6,"9,800","58,800",
ORD-2026-041911,2026-01-07,CUS-00635,PRD-0026,2,"4,150","8,300",
ORD-2026-041913,2026-01-07,CUS-01376,PRD-0031,10,"36,660","366,600",
ORD-2026-041918,2026-01-07,CUS-01817,PRD-0045,6,"7,340","44,040",
ORD-2026-041923,2026-01-07,CUS-00044,PRD-0062,6,"17,890","107,340",
ORD-2026-041924,2026-01-07,CUS-00985,PRD-0064,11,"36,350","399,850",
ORD-2026-041926,2026-01-07,CUS-02152,PRD-0067,10,"12,380","123,800",
ORD-2026-041931,2026-01-07,CUS-01401,PRD-0076,8,"28,050","224,400",
ORD-2026-041935,2026-01-07,CUS-02151,PRD-0082,3,"30,730","92,190",
ORD-2026-041945,2026-01-07,CUS-01383,PRD-0090,9,"37,690","339,210",
ORD-2026-041946,2026-01-07,CUS-01252,PRD-0090,20,"37,690","753,800",
ORD-2026-041954,2026-01-07,CUS-01303,PRD-0108,5,"30,750","153,750",
ORD-2026-041959,2026-01-07,CUS-01198,PRD-0124,10,"8,790","87,900",
ORD-2026-041962,2026-01-07,,PRD-0125,55,"15,380","845,900",
ORD-2026-041964,2026-01-07,CUS-00116,PRD-0134,8,"34,970","279,760",
ORD-2026-041966,2026-01-07,CUS-01033,PRD-0135,3,"32,900","98,700",
ORD-2026-041967,2026-01-07,CUS-01304,PRD-0139,1,"33,360","33,360",
ORD-2026-041972,2026-01-07,CUS-02095,PRD-0147,3,"32,330","96,990",
ORD-2026-041976,2026-01-07,CUS-02187,PRD-0153,5,"24,220","121,100",
ORD-2026-041996,2026-01-08,CUS-02311,PRD-0051,11,"43,070","473,770",
ORD-2026-041998,2026-01-08,CUS-00745,PRD-0057,3,"18,040","54,120",
ORD-2026-042004,2026-01-08,CUS-00971,PRD-0074,9,"38,390","345,510",
ORD-2026-042007,2026-01-08,CUS-01010,PRD-0077,9,"31,120","280,080",
ORD-2026-042008,2026-01-08,CUS-00648,PRD-0077,15,"31,120","466,800",
ORD-2026-042020,2026-01-08,CUS-00022,PRD-0090,10,"37,690","376,900",
ORD-2026-042021,2026-01-08,CUS-01315,PRD-0090,3,"37,690","113,070",
ORD-2026-042022,2026-01-08,CUS-00895,PRD-0090,4,"37,690","150,760",
ORD-2026-042025,2026-01-08,CUS-02093,PRD-0091,8,"27,010","216,080",
ORD-2026-042030,2026-01-08,CUS-02063,PRD-0100,6,"20,780","124,680",
ORD-2026-042033,2026-01-08,CUS-01318,PRD-0108,15,"30,750","461,250",
ORD-2026-042035,2026-01-08,CUS-00918,PRD-0115,3,"21,210","63,630",
ORD-2026-042045,2026-01-08,CUS-01385,PRD-0142,7,"52,030","364,210",
ORD-2026-042050,2026-01-08,CUS-00386,PRD-0156,3,"58,570","175,710",
ORD-2026-042072,2026-01-09,CUS-00747,PRD-0020,9,"29,210","262,890",
ORD-2026-042073,2026-01-09,CUS-00790,PRD-0023,12,"16,940","203,280",
ORD-2026-042076,2026-01-09,CUS-00918,PRD-0039,2,"14,770","29,540",
ORD-2026-042082,2026-01-09,CUS-00473,PRD-0057,8,"18,040","144,320",
ORD-2026-042087,2026-01-09,CUS-02187,PRD-0079,6,"46,870","281,220",
ORD-2026-042097,2026-01-09,CUS-01266,PRD-0090,2,"37,690","75,380",
ORD-2026-042098,2026-01-09,CUS-01890,PRD-0090,3,"37,690","113,070",
ORD-2026-042101,2026-01-09,CUS-01688,PRD-0100,3,"20,780","62,340",
ORD-2026-042110,2026-01-09,CUS-01205,PRD-0125,31,"15,380","476,780",
ORD-2026-042111,2026-01-09,CUS-00458,PRD-0125,6,"15,380","92,280",
ORD-2026-042122,2026-01-09,CUS-02032,PRD-0151,7,"42,840","299,880",
ORD-2026-042126,2026-01-09,CUS-02343,PRD-0160,12,"32,940","395,280",
ORD-2026-042128,2026-01-09,CUS-01436,PRD-0161,3,"32,640","97,920",
ORD-2026-042132,2026-01-10,CUS-00733,PRD-0005,2,"3,110","6,220",
ORD-2026-042143,2026-01-10,CUS-00014,PRD-0060,3,"57,540","172,620",
ORD-2026-042147,2026-01-10,CUS-01387,PRD-0065,27,"34,000","918,000",
ORD-2026-042160,2026-01-10,CUS-00918,PRD-0098,5,"15,320","76,600",
ORD-2026-042175,2026-01-10,CUS-01109,PRD-0157,14,"24,810","347,340",
ORD-2026-042185,2026-01-11,CUS-01088,PRD-0028,7,"4,910","34,370",
ORD-2026-042186,2026-01-11,CUS-02447,PRD-0037,8,"25,650","205,200",
ORD-2026-042198,2026-01-11,CUS-02481,PRD-0125,12,"15,380","184,560",
ORD-2026-042209,2026-01-12,CUS-02339,PRD-0011,7,"17,170","120,190",
ORD-2026-042216,2026-01-12,CUS-02421,PRD-0024,5,"9,800","49,000",
ORD-2026-042223,2026-01-12,CUS-01688,PRD-0051,7,"43,070","301,490",
ORD-2026-042231,2026-01-12,CUS-01090,PRD-0076,4,"28,050","112,200",
ORD-2026-042245,2026-01-12,CUS-00841,PRD-0090,34,"37,690","1,281,460",
ORD-2026-042246,2026-01-12,CUS-00884,PRD-0090,12,"37,690","452,280",
ORD-2026-042247,2026-01-12,CUS-01389,PRD-0090,12,"37,690","452,280",
ORD-2026-042248,2026-01-12,CUS-01007,PRD-0090,4,"37,690","150,760",
ORD-2026-042281,2026-01-12,CUS-01268,PRD-0151,2,"42,840","85,680",
ORD-2026-042297,2026-01-13,CUS-01121,PRD-0016,6,"42,680","256,080",
ORD-2026-042299,2026-01-13,CUS-01383,PRD-0019,30,"31,240","937,200",
ORD-2026-042311,2026-01-13,CUS-02383,PRD-0057,3,"18,040","54,120",
ORD-2026-042315,2026-01-13,CUS-02474,PRD-0076,15,"28,050","420,750",
ORD-2026-042320,2026-01-13,CUS-00773,PRD-0083,11,"23,690","260,590",
ORD-2026-042321,2026-01-13,CUS-02032,PRD-0084,12,"27,760","333,120",
ORD-2026-042334,2026-01-13,CUS-00357,PRD-0100,30,"20,780","623,400",
ORD-2026-042335,2026-01-13,CUS-02032,PRD-0100,10,"20,780","207,800",
ORD-2026-042336,2026-01-13,CUS-02173,PRD-0103,11,"38,480","423,280",
ORD-2026-042348,2026-01-13,CUS-00390,PRD-0135,11,"32,900","361,900",
ORD-2026-042353,2026-01-13,CUS-00786,PRD-0148,6,"27,270","163,620",
ORD-2026-042362,2026-01-13,CUS-02417,PRD-0161,7,"32,640","228,480",
ORD-2026-042373,2026-01-14,CUS-00492,PRD-0062,2,"17,890","35,780",
ORD-2026-042383,2026-01-14,CUS-01109,PRD-0090,6,"37,690","226,140",
ORD-2026-042384,2026-01-14,CUS-01946,PRD-0090,3,"37,690","113,070",
ORD-2026-042393,2026-01-14,CUS-01765,PRD-0111,7,"12,240","85,680",
ORD-2026-042404,2026-01-14,CUS-00153,PRD-0124,6,"8,790","52,740",
ORD-2026-042406,2026-01-14,CUS-01240,PRD-0125,17,"15,380","261,460",
ORD-2026-042408,2026-01-14,CUS-02023,PRD-0143,10,"48,640","486,400",
ORD-2026-042412,2026-01-14,CUS-02055,PRD-0150,31,"47,850","1,483,350",
ORD-2026-042420,2026-01-14,CUS-02326,PRD-0153,6,"24,220","145,320",
ORD-2026-042427,2026-01-15,CUS-00640,PRD-0008,7,"16,360","114,520",
ORD-2026-042434,2026-01-15,CUS-02267,PRD-0057,5,"18,040","90,200",
ORD-2026-042455,2026-01-15,CUS-02011,PRD-0098,9,"15,320","137,880",
ORD-2026-042458,2026-01-15,CUS-01551,PRD-0103,4,"38,480","153,920",
ORD-2026-042462,2026-01-15,CUS-00410,PRD-0128,2,"20,590","41,180",
ORD-2026-042469,2026-01-15,CUS-01687,PRD-0143,5,"48,640","243,200",
ORD-2026-042470,2026-01-15,CUS-00205,PRD-0150,4,"47,850","191,400",
ORD-2026-042477,2026-01-15,CUS-00809,PRD-0151,3,"42,840","128,520",
ORD-2026-042478,2026-01-15,CUS-02386,PRD-0151,9,"42,840","385,560",
ORD-2026-042479,2026-01-15,CUS-00458,PRD-0151,3,"42,840","128,520",
ORD-2026-042489,2026-01-15,CUS-00691,PRD-0161,3,"32,640","97,920",
ORD-2026-042494,2026-01-16,CUS-00988,PRD-0004,5,"4,490","22,450",
ORD-2026-042495,2026-01-16,CUS-01200,PRD-0004,9,"4,490","40,410",
ORD-2026-042497,2026-01-16,CUS-02177,PRD-0006,3,"3,060","9,180",
ORD-2026-042508,2026-01-16,CUS-00433,PRD-0045,2,"7,340","14,680",
ORD-2026-042523,2026-01-16,CUS-02370,PRD-0083,4,"23,690","94,760",
ORD-2026-042529,2026-01-16,CUS-02326,PRD-0090,3,"37,690","113,070",
ORD-2026-042530,2026-01-16,CUS-00747,PRD-0090,8,"37,690","301,520",
ORD-2026-042546,2026-01-16,CUS-02073,PRD-0125,5,"15,380","76,900",
ORD-2026-042556,2026-01-16,CUS-01361,PRD-0151,10,"42,840","428,400",
ORD-2026-042557,2026-01-16,CUS-01453,PRD-0151,4,"42,840","171,360",
ORD-2026-042558,2026-01-16,CUS-02436,PRD-0157,6,"24,810","148,860",
ORD-2026-042567,2026-01-16,CUS-02102,PRD-0161,1,"32,640","32,640",
ORD-2026-042579,2026-01-17,CUS-00094,PRD-0023,19,"16,940","321,860",
ORD-2026-042581,2026-01-17,CUS-00684,PRD-0026,3,"4,150","12,450",
ORD-2026-042584,2026-01-17,CUS-00809,PRD-0039,5,"14,770","73,850",
ORD-2026-042593,2026-01-17,CUS-00088,PRD-0077,9,"31,120","280,080",
ORD-2026-042597,2026-01-17,CUS-02341,PRD-0084,3,"27,760","83,280",
ORD-2026-042604,2026-01-17,CUS-01089,PRD-0090,7,"37,690","263,830",
ORD-2026-042605,2026-01-17,CUS-01422,PRD-0090,5,"37,690","188,450",
ORD-2026-042606,2026-01-17,CUS-01930,PRD-0096,2,"23,060","46,120",
ORD-2026-042618,2026-01-17,CUS-01773,PRD-0125,4,"15,380","61,520",
ORD-2026-042628,2026-01-17,CUS-00322,PRD-0150,9,"47,850","430,650",
ORD-2026-042632,2026-01-17,CUS-01974,PRD-0161,22,"32,640","718,080",
ORD-2026-042644,2026-01-18,CUS-00134,PRD-0081,8,"42,190","337,520",
ORD-2026-042645,2026-01-18,CUS-02040,PRD-0086,10,"28,180","281,800",
ORD-2026-042649,2026-01-18,CUS-00523,PRD-0100,16,"20,780","332,480",
ORD-2026-042653,2026-01-18,CUS-01797,PRD-0125,3,"15,380","46,140",
ORD-2026-042667,2026-01-19,CUS-01237,PRD-0048,14,"16,870","236,180",
ORD-2026-042669,2026-01-19,,PRD-0056,11,"25,020","275,220",
ORD-2026-042678,2026-01-19,CUS-01912,PRD-0068,7,"16,320","114,240",
ORD-2026-042680,2026-01-19,CUS-02423,PRD-0074,19,"38,390","729,410",
ORD-2026-042683,2026-01-19,CUS-02407,PRD-0082,4,"30,730","122,920",
ORD-2026-042688,2026-01-19,CUS-01440,PRD-0086,8,"28,180","225,440",
ORD-2026-042697,2026-01-19,CUS-00349,PRD-0090,4,"37,690","150,760",
ORD-2026-042700,2026-01-19,CUS-00789,PRD-0093,7,"23,080","161,560",
ORD-2026-042709,2026-01-19,CUS-02421,PRD-0103,7,"38,480","269,360",
ORD-2026-042713,2026-01-19,CUS-02091,PRD-0111,9,"12,240","110,160",
ORD-2026-042725,2026-01-19,CUS-00026,PRD-0138,13,"27,020","351,260",
ORD-2026-042729,2026-01-19,CUS-01476,PRD-0142,12,"52,030","624,360",
ORD-2026-042739,2026-01-19,CUS-01921,PRD-0160,5,"32,940","164,700",
ORD-2026-042746,2026-01-20,CUS-01864,PRD-0011,21,"17,170","360,570",
ORD-2026-042762,2026-01-20,CUS-02067,PRD-0057,5,"18,040","90,200",
ORD-2026-042765,2026-01-20,CUS-00514,PRD-0064,2,"36,350","72,700",
ORD-2026-042776,2026-01-20,CUS-00691,PRD-0086,10,"28,180","281,800",
ORD-2026-042782,2026-01-20,CUS-00131,PRD-0090,17,"37,690","640,730",
ORD-2026-042784,2026-01-20,CUS-02433,PRD-0091,19,"27,010","513,190",
ORD-2026-042790,2026-01-20,CUS-02063,PRD-0100,20,"20,780","415,600",
ORD-2026-042791,2026-01-20,CUS-00404,PRD-0108,14,"30,750","430,500",
ORD-2026-042794,2026-01-20,CUS-00427,PRD-0113,3,"10,420","31,260",
ORD-2026-042801,2026-01-20,CUS-01193,PRD-0125,4,"15,380","61,520",
ORD-2026-042802,2026-01-20,CUS-00934,PRD-0135,6,"32,900","197,400",
ORD-2026-042811,2026-01-20,CUS-00968,PRD-0156,6,"58,570","351,420",
ORD-2026-042812,2026-01-20,CUS-00929,PRD-0156,6,"58,570","351,420",
ORD-2026-042833,2026-01-21,CUS-00720,PRD-0045,8,"7,340","58,720",
ORD-2026-042836,2026-01-21,CUS-01059,PRD-0058,11,"17,980","197,780",
ORD-2026-042841,2026-01-21,CUS-02002,PRD-0068,2,"16,320","32,640",
ORD-2026-042859,2026-01-21,CUS-02341,PRD-0111,5,"12,240","61,200",
ORD-2026-042861,2026-01-21,CUS-02462,PRD-0115,8,"21,210","169,680",
ORD-2026-042871,2026-01-21,CUS-01511,PRD-0151,11,"42,840","471,240",
ORD-2026-042873,2026-01-21,CUS-00918,PRD-0154,2,"42,470","84,940",
ORD-2026-042875,2026-01-21,CUS-00809,PRD-0156,3,"58,570","175,710",
ORD-2026-042885,2026-01-22,CUS-01057,PRD-0011,11,"17,170","188,870",
ORD-2026-042893,2026-01-22,CUS-01659,PRD-0042,14,"26,200","366,800",
ORD-2026-042894,2026-01-22,CUS-01121,PRD-0048,2,"16,870","33,740",
ORD-2026-042897,2026-01-22,CUS-01968,PRD-0069,2,"17,210","34,420",
ORD-2026-042900,2026-01-22,CUS-00164,PRD-0077,14,"31,120","435,680",
ORD-2026-042903,2026-01-22,CUS-01651,PRD-0083,6,"23,690","142,140",
ORD-2026-042904,2026-01-22,CUS-01186,PRD-0084,13,"27,760","360,880",
ORD-2026-042906,2026-01-22,CUS-01221,PRD-0086,5,"28,180","140,900",
ORD-2026-042916,2026-01-22,CUS-00884,PRD-0090,15,"37,690","565,350",
ORD-2026-042918,2026-01-22,CUS-01926,PRD-0093,5,"23,080","115,400",
ORD-2026-042942,2026-01-22,CUS-01205,PRD-0168,1,"19,490","19,490",
ORD-2026-042948,2026-01-23,CUS-01578,PRD-0004,14,"4,490","62,860",
ORD-2026-042959,2026-01-23,CUS-01426,PRD-0051,8,"43,070","344,560",
ORD-2026-042963,2026-01-23,CUS-00753,PRD-0061,7,"16,320","114,240",
ORD-2026-042975,2026-01-23,CUS-02115,PRD-0086,6,"28,180","169,080",
ORD-2026-042985,2026-01-23,CUS-02083,PRD-0090,18,"37,690","678,420",
ORD-2026-042986,2026-01-23,CUS-01022,PRD-0090,3,"37,690","113,070",
ORD-2026-042992,2026-01-23,CUS-00298,PRD-0098,6,"15,320","91,920",
ORD-2026-042999,2026-01-23,CUS-01104,PRD-0111,13,"12,240","159,120",
ORD-2026-043016,2026-01-23,CUS-00702,PRD-0145,5,"31,800","159,000",
ORD-2026-043030,2026-01-23,CUS-00455,PRD-0165,14,"23,380","327,320",
ORD-2026-043033,2026-01-24,CUS-00904,PRD-0004,1,"4,490","4,490",
ORD-2026-043034,2026-01-24,CUS-00792,PRD-0004,4,"4,490","17,960",
ORD-2026-043043,2026-01-24,CUS-01285,PRD-0057,17,"18,040","306,680",
ORD-2026-043044,2026-01-24,CUS-02057,PRD-0061,5,"16,320","81,600",
ORD-2026-043047,2026-01-24,CUS-02421,PRD-0068,6,"16,320","97,920",
ORD-2026-043051,2026-01-24,CUS-00739,PRD-0076,7,"28,050","196,350",
ORD-2026-043053,2026-01-24,CUS-01466,PRD-0077,5,"31,120","155,600",
ORD-2026-043054,2026-01-24,CUS-00211,PRD-0082,27,"30,730","829,710",
ORD-2026-043055,2026-01-24,CUS-01033,PRD-0083,2,"23,690","47,380",
ORD-2026-043063,2026-01-24,CUS-01578,PRD-0108,10,"30,750","307,500",
ORD-2026-043064,2026-01-24,CUS-01560,PRD-0115,4,"21,210","84,840",
ORD-2026-043066,2026-01-24,CUS-00359,PRD-0118,6,"23,110","138,660",
ORD-2026-043070,2026-01-24,CUS-01056,PRD-0138,9,"27,020","243,180",
ORD-2026-043071,2026-01-24,CUS-01422,PRD-0140,1,"27,740","27,740",
ORD-2026-043074,2026-01-24,CUS-01021,PRD-0151,3,"42,840","128,520",
ORD-2026-043075,2026-01-24,CUS-01883,PRD-0151,3,"42,840","128,520",
ORD-2026-043076,2026-01-24,CUS-00550,PRD-0151,5,"42,840","214,200",
ORD-2026-043095,2026-01-25,CUS-01261,PRD-0145,8,"31,800","254,400",
ORD-2026-043099,2026-01-25,CUS-01109,PRD-0161,13,"32,640","424,320",
ORD-2026-043105,2026-01-26,CUS-02151,PRD-0008,1,"16,360","16,360",
ORD-2026-043112,2026-01-26,CUS-01831,PRD-0031,1,"36,660","36,660",
ORD-2026-043117,2026-01-26,CUS-01367,PRD-0046,5,"17,360","86,800",
ORD-2026-043118,2026-01-26,CUS-01543,PRD-0048,15,"16,870","253,050",
ORD-2026-043120,2026-01-26,CUS-01946,PRD-0057,6,"18,040","108,240",
ORD-2026-043121,2026-01-26,CUS-00211,PRD-0058,7,"17,980","125,860",
ORD-2026-043130,2026-01-26,CUS-02267,PRD-0078,12,"33,720","404,640",
ORD-2026-043133,2026-01-26,CUS-01897,PRD-0084,9,"27,760","249,840",
ORD-2026-043144,2026-01-26,CUS-01237,PRD-0090,2,"37,690","75,380",
ORD-2026-043146,2026-01-26,CUS-00258,PRD-0100,5,"20,780","103,900",
ORD-2026-043147,2026-01-26,CUS-02119,PRD-0103,15,"38,480","577,200",
ORD-2026-043161,2026-01-26,CUS-02352,PRD-0122,2,"19,140","38,280",
ORD-2026-043173,2026-01-26,CUS-01961,PRD-0151,14,"42,840","599,760",
ORD-2026-043185,2026-01-27,CUS-02098,PRD-0011,11,"17,170","188,870",
ORD-2026-043196,2026-01-27,CUS-00978,PRD-0035,10,"13,660","136,600",
ORD-2026-043208,2026-01-27,CUS-01865,PRD-0063,3,"15,070","45,210",
ORD-2026-043210,2026-01-27,CUS-00151,PRD-0065,3,"34,000","102,000",
ORD-2026-043216,2026-01-27,CUS-00809,PRD-0084,2,"27,760","55,520",
ORD-2026-043223,2026-01-27,CUS-02330,PRD-0090,4,"37,690","150,760",
ORD-2026-043224,2026-01-27,CUS-00898,PRD-0098,9,"15,320","137,880",
ORD-2026-043228,2026-01-27,CUS-00913,PRD-0110,3,"30,350","91,050",
ORD-2026-043236,2026-01-27,CUS-00044,PRD-0128,5,"20,590","102,950",
ORD-2026-043249,2026-01-27,CUS-00284,PRD-0153,6,"24,220","145,320",
ORD-2026-043255,2026-01-27,CUS-00109,PRD-0165,3,"23,380","70,140",
ORD-2026-043264,2026-01-28,CUS-00702,PRD-0039,3,"14,770","44,310",
ORD-2026-043266,2026-01-28,CUS-00754,PRD-0052,4,"43,630","174,520",
ORD-2026-043283,2026-01-28,CUS-01768,PRD-0090,6,"37,690","226,140",
ORD-2026-043284,2026-01-28,CUS-01732,PRD-0090,6,"37,690","226,140",
ORD-2026-043291,2026-01-28,CUS-00455,PRD-0098,5,"15,320","76,600",
ORD-2026-043302,2026-01-28,CUS-02357,PRD-0107,11,"39,590","435,490",
ORD-2026-043309,2026-01-28,CUS-02273,PRD-0121,1,"26,430","26,430",
ORD-2026-043310,2026-01-28,CUS-01544,PRD-0122,10,"19,140","191,400",
ORD-2026-043314,2026-01-28,CUS-00023,PRD-0138,14,"27,020","378,280",
ORD-2026-043320,2026-01-28,CUS-01733,PRD-0151,6,"42,840","257,040",
ORD-2026-043321,2026-01-28,CUS-02095,PRD-0153,9,"24,220","217,980",
ORD-2026-043325,2026-01-28,CUS-00153,PRD-0161,8,"32,640","261,120",
ORD-2026-043344,2026-01-29,CUS-00311,PRD-0068,7,"16,320","114,240",
ORD-2026-043347,2026-01-29,CUS-01304,PRD-0077,8,"31,120","248,960",
ORD-2026-043351,2026-01-29,CUS-02207,PRD-0080,3,"23,900","71,700",
ORD-2026-043352,2026-01-29,CUS-01033,PRD-0083,13,"23,690","307,970",
ORD-2026-043356,2026-01-29,CUS-00082,PRD-0085,35,"32,580","1,140,300",
ORD-2026-043369,2026-01-29,CUS-00929,PRD-0103,4,"38,480","153,920",
ORD-2026-043373,2026-01-29,CUS-01196,PRD-0109,6,"30,700","184,200",
ORD-2026-043374,2026-01-29,CUS-01283,PRD-0115,6,"21,210","127,260",
ORD-2026-043386,2026-01-29,CUS-01228,PRD-0151,5,"42,840","214,200",
ORD-2026-043387,2026-01-29,CUS-00424,PRD-0153,5,"24,220","121,100",
ORD-2026-043388,2026-01-29,CUS-02152,PRD-0155,8,"65,880","527,040",
ORD-2026-043394,2026-01-29,CUS-00317,PRD-0166,13,"25,650","333,450",
ORD-2026-043401,2026-01-30,,PRD-0007,9,"17,070","153,630",
ORD-2026-043402,2026-01-30,CUS-00976,PRD-0028,1,"4,910","4,910",
ORD-2026-043407,2026-01-30,CUS-01879,PRD-0047,3,"19,060","57,180",
ORD-2026-043408,2026-01-30,CUS-00929,PRD-0048,20,"16,870","337,400",
ORD-2026-043422,2026-01-30,CUS-00027,PRD-0077,19,"31,120","591,280",
ORD-2026-043428,2026-01-30,CUS-01089,PRD-0086,3,"28,180","84,540",
ORD-2026-043435,2026-01-30,CUS-00458,PRD-0090,2,"37,690","75,380",
ORD-2026-043441,2026-01-30,CUS-01498,PRD-0100,2,"20,780","41,560",
ORD-2026-043442,2026-01-30,CUS-02383,PRD-0100,21,"20,780","436,380",
ORD-2026-043449,2026-01-30,CUS-00424,PRD-0121,5,"26,430","132,150",
ORD-2026-043460,2026-01-30,CUS-00976,PRD-0144,2,"31,990","63,980",
ORD-2026-043463,2026-01-30,CUS-01293,PRD-0151,4,"42,840","171,360",
ORD-2026-043471,2026-01-30,CUS-01173,PRD-0169,12,"15,310","183,720",
ORD-2026-043499,2026-01-31,CUS-02363,PRD-0112,4,"15,500","62,000",
ORD-2026-043502,2026-01-31,CUS-00786,PRD-0125,14,"15,380","215,320",
ORD-2026-043514,2026-01-31,CUS-00845,PRD-0161,3,"32,640","97,920",
ORD-2026-043515,2026-01-31,CUS-01288,PRD-0165,5,"23,380","116,900",
ORD-2026-043516,2026-01-31,CUS-01474,PRD-0167,5,"14,020","70,100",
ORD-2026-043518,2026-02-01,CUS-00094,PRD-0068,1,"16,320","16,320",
ORD-2026-043520,2026-02-01,CUS-00094,PRD-0076,9,"28,050","252,450",
ORD-2026-043521,2026-02-01,CUS-00643,PRD-0076,4,"28,050","112,200",
ORD-2026-043529,2026-02-01,CUS-00134,PRD-0118,4,"23,110","92,440",
ORD-2026-043543,2026-02-02,CUS-00457,PRD-0007,2,"17,070","34,140",
ORD-2026-043547,2026-02-02,,PRD-0034,20,"15,350","307,000",
ORD-2026-043551,2026-02-02,CUS-02181,PRD-0046,5,"17,360","86,800",
ORD-2026-043553,2026-02-02,CUS-02462,PRD-0055,2,"16,990","33,980",
ORD-2026-043562,2026-02-02,CUS-00025,PRD-0068,22,"16,320","359,040",
ORD-2026-043566,2026-02-02,CUS-02207,PRD-0076,3,"28,050","84,150",
ORD-2026-043581,2026-02-02,CUS-00627,PRD-0090,8,"37,690","301,520",
ORD-2026-043590,2026-02-02,CUS-01938,PRD-0109,20,"30,700","614,000",
ORD-2026-043591,2026-02-02,CUS-00188,PRD-0110,2,"30,350","60,700",
ORD-2026-043593,2026-02-02,CUS-02272,PRD-0120,5,"14,740","73,700",
ORD-2026-043595,2026-02-02,CUS-01003,PRD-0121,3,"26,430","79,290",
ORD-2026-043598,2026-02-02,CUS-01104,PRD-0125,8,"15,380","123,040",
ORD-2026-043605,2026-02-02,CUS-00283,PRD-0151,4,"42,840","171,360",
ORD-2026-043607,2026-02-02,CUS-01021,PRD-0153,4,"24,220","96,880",
ORD-2026-043612,2026-02-02,CUS-01139,PRD-0160,11,"32,940","362,340",
ORD-2026-043613,2026-02-02,CUS-00488,PRD-0160,8,"32,940","263,520",
ORD-2026-043617,2026-02-03,CUS-00134,PRD-0004,4,"4,490","17,960",
ORD-2026-043618,2026-02-03,CUS-00097,PRD-0004,15,"4,490","67,350",
ORD-2026-043628,2026-02-03,CUS-01620,PRD-0037,24,"25,650","615,600",
ORD-2026-043639,2026-02-03,CUS-01148,PRD-0068,4,"16,320","65,280",
ORD-2026-043653,2026-02-03,CUS-00088,PRD-0090,4,"37,690","150,760",
ORD-2026-043655,2026-02-03,CUS-00488,PRD-0093,24,"23,080","553,920",
ORD-2026-043663,2026-02-03,CUS-01693,PRD-0125,12,"15,380","184,560",
ORD-2026-043676,2026-02-03,CUS-00373,PRD-0161,11,"32,640","359,040",
ORD-2026-043678,2026-02-03,CUS-01879,PRD-0165,20,"23,380","467,600",
ORD-2026-043687,2026-02-04,CUS-00230,PRD-0018,4,"62,570","250,280",
ORD-2026-043696,2026-02-04,CUS-02092,PRD-0060,20,"57,540","1,150,800",
ORD-2026-043708,2026-02-04,CUS-00205,PRD-0078,7,"33,720","236,040",
ORD-2026-043710,2026-02-04,CUS-01058,PRD-0082,10,"30,730","307,300",
ORD-2026-043723,2026-02-04,CUS-01996,PRD-0090,4,"37,690","150,760",
ORD-2026-043724,2026-02-04,CUS-02046,PRD-0090,16,"37,690","603,040",
ORD-2026-043725,2026-02-04,CUS-01910,PRD-0090,14,"37,690","527,660",
ORD-2026-043726,2026-02-04,CUS-01910,PRD-0090,8,"37,690","301,520",
ORD-2026-043733,2026-02-04,CUS-01269,PRD-0102,6,"17,050","102,300",
ORD-2026-043736,2026-02-04,CUS-02100,PRD-0112,7,"15,500","108,500",
ORD-2026-043740,2026-02-04,CUS-01671,PRD-0120,7,"14,740","103,180",
ORD-2026-043745,2026-02-04,CUS-00988,PRD-0125,7,"15,380","107,660",
ORD-2026-043755,2026-02-04,CUS-02421,PRD-0151,6,"42,840","257,040",
ORD-2026-043768,2026-02-05,CUS-00823,PRD-0004,5,"4,490","22,450",
ORD-2026-043769,2026-02-05,CUS-00767,PRD-0005,11,"3,110","34,210",
ORD-2026-043782,2026-02-05,CUS-01500,PRD-0077,24,"31,120","746,880",
ORD-2026-043790,2026-02-05,CUS-00903,PRD-0090,4,"37,690","150,760",
ORD-2026-043795,2026-02-05,CUS-00109,PRD-0117,17,"17,520","297,840",
ORD-2026-043804,2026-02-05,CUS-02023,PRD-0145,24,"31,800","763,200",
ORD-2026-043807,2026-02-05,CUS-00198,PRD-0151,8,"42,840","342,720",
ORD-2026-043809,2026-02-05,CUS-01173,PRD-0154,17,"42,470","721,990",
ORD-2026-043818,2026-02-06,CUS-00018,PRD-0001,11,"4,970","54,670",
ORD-2026-043820,2026-02-06,CUS-01926,PRD-0005,1,"3,110","3,110",
ORD-2026-043824,2026-02-06,CUS-01921,PRD-0023,3,"16,940","50,820",
ORD-2026-043825,2026-02-06,,PRD-0023,15,"16,940","254,100",
ORD-2026-043838,2026-02-06,CUS-01929,PRD-0051,3,"43,070","129,210",
ORD-2026-043849,2026-02-06,CUS-01961,PRD-0074,3,"38,390","115,170",
ORD-2026-043852,2026-02-06,CUS-01426,PRD-0083,8,"23,690","189,520",
ORD-2026-043853,2026-02-06,CUS-01763,PRD-0083,4,"23,690","94,760",
ORD-2026-043868,2026-02-06,CUS-02433,PRD-0100,3,"20,780","62,340",
ORD-2026-043870,2026-02-06,CUS-00726,PRD-0103,4,"38,480","153,920",
ORD-2026-043871,2026-02-06,CUS-01637,PRD-0103,15,"38,480","577,200",
ORD-2026-043874,2026-02-06,CUS-00457,PRD-0111,7,"12,240","85,680",
ORD-2026-043889,2026-02-06,CUS-01912,PRD-0145,5,"31,800","159,000",
ORD-2026-043890,2026-02-06,CUS-02496,PRD-0150,2,"47,850","95,700",
ORD-2026-043899,2026-02-06,CUS-01088,PRD-0162,7,"28,900","202,300",
ORD-2026-043900,2026-02-06,CUS-01518,PRD-0163,23,"27,790","639,170",
ORD-2026-043904,2026-02-07,CUS-01748,PRD-0004,39,"4,490","175,110",
ORD-2026-043922,2026-02-07,CUS-00080,PRD-0081,6,"42,190","253,140",
ORD-2026-043925,2026-02-07,CUS-02496,PRD-0083,6,"23,690","142,140",
ORD-2026-043933,2026-02-07,CUS-02387,PRD-0100,37,"20,780","768,860",
ORD-2026-043934,2026-02-07,CUS-01397,PRD-0100,7,"20,780","145,460",
ORD-2026-043935,2026-02-07,CUS-00978,PRD-0102,8,"17,050","136,400",
ORD-2026-043936,2026-02-07,CUS-00468,PRD-0120,6,"14,740","88,440",
ORD-2026-043937,2026-02-07,CUS-00135,PRD-0122,7,"19,140","133,980",
ORD-2026-043939,2026-02-07,CUS-00373,PRD-0125,5,"15,380","76,900",
ORD-2026-043940,2026-02-07,CUS-02244,PRD-0134,2,"34,970","69,940",
ORD-2026-043955,2026-02-07,CUS-00132,PRD-0165,8,"23,380","187,040",
ORD-2026-043964,2026-02-08,CUS-01923,PRD-0082,17,"30,730","522,410",
ORD-2026-043968,2026-02-08,CUS-01988,PRD-0108,4,"30,750","123,000",
ORD-2026-043974,2026-02-09,CUS-00885,PRD-0004,13,"4,490","58,370",
ORD-2026-043992,2026-02-09,CUS-00163,PRD-0080,12,"23,900","286,800",
ORD-2026-043994,2026-02-09,CUS-01440,PRD-0082,5,"30,730","153,650",
ORD-2026-043996,2026-02-09,CUS-01806,PRD-0083,11,"23,690","260,590",
ORD-2026-044008,2026-02-09,CUS-02330,PRD-0090,17,"37,690","640,730",
ORD-2026-044012,2026-02-09,CUS-02161,PRD-0100,10,"20,780","207,800",
ORD-2026-044016,2026-02-09,CUS-02265,PRD-0109,8,"30,700","245,600",
ORD-2026-044020,2026-02-09,CUS-00151,PRD-0111,5,"12,240","61,200",
ORD-2026-044023,2026-02-09,CUS-00747,PRD-0120,7,"14,740","103,180",
ORD-2026-044029,2026-02-09,CUS-00734,PRD-0125,8,"15,380","123,040",
ORD-2026-044032,2026-02-09,CUS-00849,PRD-0138,32,"27,020","864,640",
ORD-2026-044037,2026-02-09,CUS-00968,PRD-0151,8,"42,840","342,720",
ORD-2026-044053,2026-02-09,CUS-00550,PRD-0162,12,"28,900","346,800",
ORD-2026-044057,2026-02-10,CUS-00341,PRD-0005,5,"3,110","15,550",
ORD-2026-044065,2026-02-10,CUS-02176,PRD-0028,7,"4,910","34,370",
ORD-2026-044072,2026-02-10,CUS-00246,PRD-0048,1,"16,870","16,870",
ORD-2026-044076,2026-02-10,CUS-00167,PRD-0057,5,"18,040","90,200",
ORD-2026-044080,2026-02-10,CUS-00335,PRD-0065,9,"34,000","306,000",
ORD-2026-044081,2026-02-10,CUS-02177,PRD-0065,2,"34,000","68,000",
ORD-2026-044082,2026-02-10,CUS-02244,PRD-0067,1,"12,380","12,380",
ORD-2026-044089,2026-02-10,CUS-01372,PRD-0080,6,"23,900","143,400",
ORD-2026-044090,2026-02-10,CUS-01148,PRD-0083,25,"23,690","592,250",
ORD-2026-044098,2026-02-10,CUS-00903,PRD-0090,6,"37,690","226,140",
ORD-2026-044104,2026-02-10,CUS-01456,PRD-0098,3,"15,320","45,960",
ORD-2026-044108,2026-02-10,CUS-00395,PRD-0108,8,"30,750","246,000",
ORD-2026-044119,2026-02-10,CUS-02418,PRD-0125,8,"15,380","123,040",
ORD-2026-044146,2026-02-11,CUS-00193,PRD-0048,9,"16,870","151,830",
ORD-2026-044153,2026-02-11,CUS-00072,PRD-0073,18,"37,930","682,740",
ORD-2026-044156,2026-02-11,CUS-01646,PRD-0077,7,"31,120","217,840",
ORD-2026-044164,2026-02-11,CUS-00759,PRD-0086,6,"28,180","169,080",
ORD-2026-044170,2026-02-11,CUS-00181,PRD-0090,41,"37,690","1,545,290",
ORD-2026-044189,2026-02-11,CUS-01831,PRD-0138,18,"27,020","486,360",
ORD-2026-044190,2026-02-11,CUS-00968,PRD-0142,3,"52,030","156,090",
ORD-2026-044209,2026-02-12,CUS-01186,PRD-0051,7,"43,070","301,490",
ORD-2026-044210,2026-02-12,CUS-02391,PRD-0051,20,"43,070","861,400",
ORD-2026-044211,2026-02-12,CUS-01805,PRD-0057,12,"18,040","216,480",
ORD-2026-044224,2026-02-12,CUS-01709,PRD-0077,1,"31,120","31,120",
ORD-2026-044227,2026-02-12,CUS-00199,PRD-0084,2,"27,760","55,520",
ORD-2026-044230,2026-02-12,CUS-01058,PRD-0086,4,"28,180","112,720",
ORD-2026-044238,2026-02-12,CUS-01319,PRD-0093,7,"23,080","161,560",
ORD-2026-044241,2026-02-12,CUS-02330,PRD-0103,7,"38,480","269,360",
ORD-2026-044254,2026-02-12,CUS-00903,PRD-0145,11,"31,800","349,800",
ORD-2026-044263,2026-02-12,CUS-01055,PRD-0151,4,"42,840","171,360",
ORD-2026-044270,2026-02-12,CUS-01477,PRD-0163,18,"27,790","500,220",
ORD-2026-044272,2026-02-12,CUS-02357,PRD-0166,8,"25,650","205,200",
ORD-2026-044275,2026-02-13,CUS-00026,PRD-0008,10,"16,360","163,600",
ORD-2026-044279,2026-02-13,CUS-02063,PRD-0012,6,"18,410","110,460",
ORD-2026-044282,2026-02-13,CUS-00553,PRD-0021,9,"19,390","174,510",
ORD-2026-044286,2026-02-13,CUS-02002,PRD-0028,6,"4,910","29,460",
ORD-2026-044291,2026-02-13,CUS-00047,PRD-0051,3,"43,070","129,210",
ORD-2026-044296,2026-02-13,CUS-00322,PRD-0064,5,"36,350","181,750",
ORD-2026-044298,2026-02-13,CUS-02267,PRD-0073,6,"37,930","227,580",
ORD-2026-044304,2026-02-13,CUS-00183,PRD-0080,27,"23,900","645,300",
ORD-2026-044305,2026-02-13,CUS-00968,PRD-0081,5,"42,190","210,950",
ORD-2026-044331,2026-02-13,CUS-00044,PRD-0135,9,"32,900","296,100",
ORD-2026-044332,2026-02-13,,PRD-0137,36,"27,650","995,400",
ORD-2026-044335,2026-02-13,CUS-01946,PRD-0142,3,"52,030","156,090",
ORD-2026-044337,2026-02-13,CUS-00748,PRD-0145,10,"31,800","318,000",
ORD-2026-044339,2026-02-13,CUS-00167,PRD-0151,14,"42,840","599,760",
ORD-2026-044340,2026-02-13,CUS-00035,PRD-0151,2,"42,840","85,680",
ORD-2026-044360,2026-02-14,CUS-01586,PRD-0051,3,"43,070","129,210",
ORD-2026-044363,2026-02-14,CUS-00154,PRD-0061,4,"16,320","65,280",
ORD-2026-044364,2026-02-14,CUS-02343,PRD-0061,16,"16,320","261,120",
ORD-2026-044371,2026-02-14,CUS-00211,PRD-0079,4,"46,870","187,480",
ORD-2026-044375,2026-02-14,CUS-01461,PRD-0086,7,"28,180","197,260",
ORD-2026-044385,2026-02-14,CUS-01988,PRD-0120,4,"14,740","58,960",
ORD-2026-044388,2026-02-14,CUS-00329,PRD-0125,6,"15,380","92,280",
ORD-2026-044390,2026-02-14,CUS-01637,PRD-0129,10,"17,810","178,100",
ORD-2026-044392,2026-02-14,CUS-00116,PRD-0141,5,"38,600","193,000",
ORD-2026-044400,2026-02-15,CUS-00771,PRD-0010,7,"16,050","112,350",
ORD-2026-044403,2026-02-15,CUS-02261,PRD-0034,1,"15,350","15,350",
ORD-2026-044407,2026-02-15,CUS-02341,PRD-0091,7,"27,010","189,070",
ORD-2026-044413,2026-02-15,CUS-00390,PRD-0161,1,"32,640","32,640",
ORD-2026-044416,2026-02-16,CUS-02474,PRD-0003,2,"4,840","9,680",
ORD-2026-044426,2026-02-16,CUS-01316,PRD-0039,7,"14,770","103,390",
ORD-2026-044438,2026-02-16,CUS-01376,PRD-0082,6,"30,730","184,380",
ORD-2026-044443,2026-02-16,CUS-01756,PRD-0083,3,"23,690","71,070",
ORD-2026-044446,2026-02-16,CUS-00373,PRD-0085,17,"32,580","553,860",
ORD-2026-044458,2026-02-16,CUS-01318,PRD-0112,1,"15,500","15,500",
ORD-2026-044463,2026-02-16,CUS-01898,PRD-0126,2,"29,270","58,540",
ORD-2026-044465,2026-02-16,CUS-00508,PRD-0136,12,"54,950","659,400",
ORD-2026-044466,2026-02-16,CUS-01205,PRD-0138,6,"27,020","162,120",
ORD-2026-044488,2026-02-17,CUS-01385,PRD-0004,11,"4,490","49,390",
ORD-2026-044490,2026-02-17,CUS-01088,PRD-0011,7,"17,170","120,190",
ORD-2026-044493,2026-02-17,CUS-01058,PRD-0027,4,"4,920","19,680",
ORD-2026-044497,2026-02-17,CUS-01422,PRD-0041,21,"6,830","143,430",
ORD-2026-044498,2026-02-17,CUS-00088,PRD-0045,4,"7,340","29,360",
ORD-2026-044500,2026-02-17,CUS-02444,PRD-0048,6,"16,870","101,220",
ORD-2026-044508,2026-02-17,CUS-02002,PRD-0070,3,"19,240","57,720",
ORD-2026-044509,2026-02-17,CUS-01700,PRD-0077,6,"31,120","186,720",
ORD-2026-044528,2026-02-17,CUS-00531,PRD-0098,3,"15,320","45,960",
ORD-2026-044535,2026-02-17,CUS-02181,PRD-0109,7,"30,700","214,900",
ORD-2026-044549,2026-02-17,CUS-01732,PRD-0160,7,"32,940","230,580",
ORD-2026-044550,2026-02-17,CUS-00760,PRD-0160,12,"32,940","395,280",
ORD-2026-044552,2026-02-17,CUS-00427,PRD-0161,5,"32,640","163,200",
ORD-2026-044565,2026-02-18,CUS-02316,PRD-0065,5,"34,000","170,000",
ORD-2026-044586,2026-02-18,CUS-00549,PRD-0090,4,"37,690","150,760",
ORD-2026-044588,2026-02-18,CUS-01040,PRD-0098,11,"15,320","168,520",
ORD-2026-044607,2026-02-18,CUS-01009,PRD-0145,3,"31,800","95,400",
ORD-2026-044609,2026-02-18,CUS-02342,PRD-0147,6,"32,330","193,980",
ORD-2026-044617,2026-02-18,CUS-00116,PRD-0151,5,"42,840","214,200",
ORD-2026-044620,2026-02-18,CUS-00065,PRD-0154,1,"42,470","42,470",
ORD-2026-044632,2026-02-19,CUS-01739,PRD-0004,3,"4,490","13,470",
ORD-2026-044634,2026-02-19,CUS-01763,PRD-0014,7,"13,790","96,530",
ORD-2026-044638,2026-02-19,CUS-01472,PRD-0031,22,"36,660","806,520",
ORD-2026-044641,2026-02-19,CUS-02074,PRD-0039,19,"14,770","280,630",
ORD-2026-044650,2026-02-19,CUS-00404,PRD-0076,7,"28,050","196,350",
ORD-2026-044656,2026-02-19,CUS-02407,PRD-0081,7,"42,190","295,330",
ORD-2026-044668,2026-02-19,CUS-01891,PRD-0090,7,"37,690","263,830",
ORD-2026-044669,2026-02-19,CUS-00515,PRD-0090,5,"37,690","188,450",
ORD-2026-044672,2026-02-19,CUS-01462,PRD-0102,6,"17,050","102,300",
ORD-2026-044675,2026-02-19,CUS-00934,PRD-0108,6,"30,750","184,500",
ORD-2026-044676,2026-02-19,CUS-00786,PRD-0108,19,"30,750","584,250",
ORD-2026-044683,2026-02-19,CUS-02324,PRD-0120,22,"14,740","324,280",
ORD-2026-044695,2026-02-19,CUS-02159,PRD-0151,2,"42,840","85,680",
ORD-2026-044701,2026-02-19,CUS-01763,PRD-0156,4,"58,570","234,280",
ORD-2026-044704,2026-02-19,CUS-01356,PRD-0160,2,"32,940","65,880",
ORD-2026-044710,2026-02-19,CUS-00770,PRD-0166,33,"25,650","846,450",
ORD-2026-044712,2026-02-20,CUS-01840,PRD-0004,36,"4,490","161,640",
ORD-2026-044728,2026-02-20,CUS-02145,PRD-0039,7,"14,770","103,390",
ORD-2026-044729,2026-02-20,CUS-00478,PRD-0040,18,"14,100","253,800",
ORD-2026-044733,2026-02-20,CUS-00903,PRD-0057,8,"18,040","144,320",
ORD-2026-044758,2026-02-20,CUS-01788,PRD-0093,11,"23,080","253,880",
ORD-2026-044761,2026-02-20,CUS-00428,PRD-0100,4,"20,780","83,120",
ORD-2026-044764,2026-02-20,CUS-02278,PRD-0116,21,"17,680","371,280",
ORD-2026-044774,2026-02-20,,PRD-0143,4,"48,640","194,560",
ORD-2026-044784,2026-02-20,CUS-01477,PRD-0154,11,"42,470","467,170",
ORD-2026-044786,2026-02-20,CUS-01277,PRD-0156,12,"58,570","702,840",
ORD-2026-044791,2026-02-21,CUS-01318,PRD-0004,1,"4,490","4,490",
ORD-2026-044802,2026-02-21,CUS-00035,PRD-0056,7,"25,020","175,140",
ORD-2026-044805,2026-02-21,CUS-01430,PRD-0076,2,"28,050","56,100",
ORD-2026-044819,2026-02-21,CUS-01426,PRD-0090,5,"37,690","188,450",
ORD-2026-044830,2026-02-21,CUS-01500,PRD-0125,3,"15,380","46,140",
ORD-2026-044834,2026-02-21,CUS-02040,PRD-0142,1,"52,030","52,030",
ORD-2026-044835,2026-02-21,CUS-00238,PRD-0144,2,"31,990","63,980",
ORD-2026-044851,2026-02-22,CUS-01003,PRD-0047,3,"19,060","57,180",
ORD-2026-044859,2026-02-22,CUS-01880,PRD-0088,41,"15,290","626,890",
ORD-2026-044874,2026-02-22,CUS-02156,PRD-0166,8,"25,650","205,200",
ORD-2026-044880,2026-02-23,CUS-01386,PRD-0026,11,"4,150","45,650",
ORD-2026-044882,2026-02-23,CUS-00408,PRD-0039,11,"14,770","162,470",
ORD-2026-044888,2026-02-23,CUS-01543,PRD-0068,5,"16,320","81,600",
ORD-2026-044894,2026-02-23,CUS-00770,PRD-0082,7,"30,730","215,110",
ORD-2026-044896,2026-02-23,CUS-00929,PRD-0086,14,"28,180","394,520",
ORD-2026-044901,2026-02-23,CUS-02369,PRD-0090,8,"37,690","301,520",
ORD-2026-044911,2026-02-23,CUS-00753,PRD-0102,4,"17,050","68,200",
ORD-2026-044912,2026-02-23,CUS-01560,PRD-0108,3,"30,750","92,250",
ORD-2026-044926,2026-02-23,CUS-01817,PRD-0147,6,"32,330","193,980",
ORD-2026-044928,2026-02-23,CUS-01968,PRD-0150,5,"47,850","239,250",
ORD-2026-044934,2026-02-23,CUS-02352,PRD-0151,11,"42,840","471,240",
ORD-2026-044938,2026-02-23,CUS-00929,PRD-0161,7,"32,640","228,480",
ORD-2026-044946,2026-02-24,CUS-00199,PRD-0025,2,"5,090","10,180",
ORD-2026-044947,2026-02-24,CUS-01946,PRD-0025,3,"5,090","15,270",
ORD-2026-044971,2026-02-24,CUS-01316,PRD-0068,11,"16,320","179,520",
ORD-2026-044980,2026-02-24,CUS-01385,PRD-0079,6,"46,870","281,220",
ORD-2026-044987,2026-02-24,CUS-00054,PRD-0086,3,"28,180","84,540",
ORD-2026-044992,2026-02-24,CUS-02341,PRD-0090,11,"37,690","414,590",
ORD-2026-044996,2026-02-24,CUS-01865,PRD-0100,9,"20,780","187,020",
ORD-2026-045000,2026-02-24,CUS-00198,PRD-0109,11,"30,700","337,700",
ORD-2026-045009,2026-02-24,CUS-01009,PRD-0125,8,"15,380","123,040",
ORD-2026-045013,2026-02-24,CUS-00888,PRD-0151,8,"42,840","342,720",
ORD-2026-045018,2026-02-24,CUS-02480,PRD-0166,3,"25,650","76,950",
ORD-2026-045022,2026-02-25,CUS-01792,PRD-0021,5,"19,390","96,950",
ORD-2026-045031,2026-02-25,CUS-00345,PRD-0039,8,"14,770","118,160",
ORD-2026-045032,2026-02-25,CUS-00397,PRD-0045,4,"7,340","29,360",
ORD-2026-045039,2026-02-25,CUS-01938,PRD-0060,30,"57,540","1,726,200",
ORD-2026-045049,2026-02-25,CUS-01364,PRD-0078,7,"33,720","236,040",
ORD-2026-045053,2026-02-25,CUS-00788,PRD-0083,18,"23,690","426,420",
ORD-2026-045054,2026-02-25,CUS-01091,PRD-0083,14,"23,690","331,660",
ORD-2026-045055,2026-02-25,CUS-01383,PRD-0085,8,"32,580","260,640",
ORD-2026-045056,2026-02-25,CUS-01929,PRD-0086,8,"28,180","225,440",
ORD-2026-045068,2026-02-25,CUS-02387,PRD-0113,7,"10,420","72,940",
ORD-2026-045070,2026-02-25,,PRD-0118,5,"23,110","115,550",
ORD-2026-045077,2026-02-25,CUS-00198,PRD-0125,2,"15,380","30,760",
ORD-2026-045099,2026-02-26,CUS-00198,PRD-0031,4,"36,660","146,640",
ORD-2026-045102,2026-02-26,CUS-01377,PRD-0037,7,"25,650","179,550",
ORD-2026-045103,2026-02-26,CUS-02352,PRD-0048,5,"16,870","84,350",
ORD-2026-045109,2026-02-26,CUS-00753,PRD-0057,5,"18,040","90,200",
ORD-2026-045124,2026-02-26,CUS-00211,PRD-0086,16,"28,180","450,880",
ORD-2026-045129,2026-02-26,CUS-00836,PRD-0090,2,"37,690","75,380",
ORD-2026-045130,2026-02-26,CUS-00088,PRD-0090,22,"37,690","829,180",
ORD-2026-045131,2026-02-26,CUS-01981,PRD-0090,7,"37,690","263,830",
ORD-2026-045135,2026-02-26,CUS-01247,PRD-0105,3,"41,060","123,180",
ORD-2026-045143,2026-02-26,CUS-01929,PRD-0123,5,"14,410","72,050",
ORD-2026-045147,2026-02-26,CUS-02370,PRD-0125,12,"15,380","184,560",
ORD-2026-045151,2026-02-26,CUS-00404,PRD-0135,36,"32,900","1,184,400",
ORD-2026-045153,2026-02-26,CUS-02480,PRD-0139,7,"33,360","233,520",
ORD-2026-045167,2026-02-26,CUS-01091,PRD-0163,18,"27,790","500,220",
ORD-2026-045170,2026-02-26,CUS-01930,PRD-0169,8,"15,310","122,480",
ORD-2026-045175,2026-02-27,CUS-01788,PRD-0011,12,"17,170","206,040",
ORD-2026-045177,2026-02-27,CUS-01974,PRD-0017,1,"39,680","39,680",
ORD-2026-045179,2026-02-27,CUS-01592,PRD-0028,9,"4,910","44,190",
ORD-2026-045185,2026-02-27,CUS-02081,PRD-0045,6,"7,340","44,040",
ORD-2026-045186,2026-02-27,CUS-01724,PRD-0048,4,"16,870","67,480",
ORD-2026-045200,2026-02-27,CUS-02317,PRD-0086,8,"28,180","225,440",
ORD-2026-045206,2026-02-27,CUS-00193,PRD-0090,28,"37,690","1,055,320",
ORD-2026-045207,2026-02-27,CUS-01196,PRD-0090,4,"37,690","150,760",
ORD-2026-045208,2026-02-27,CUS-00139,PRD-0091,5,"27,010","135,050",
ORD-2026-045210,2026-02-27,CUS-01453,PRD-0098,6,"15,320","91,920",
ORD-2026-045226,2026-02-27,CUS-01430,PRD-0139,3,"33,360","100,080",
ORD-2026-045234,2026-02-27,CUS-02274,PRD-0156,5,"58,570","292,850",
ORD-2026-045237,2026-02-27,CUS-01093,PRD-0166,15,"25,650","384,750",
ORD-2026-045240,2026-02-27,CUS-01436,PRD-0169,8,"15,310","122,480",
ORD-2026-045245,2026-02-28,CUS-02355,PRD-0016,4,"42,680","170,720",
ORD-2026-045258,2026-02-28,CUS-00726,PRD-0078,11,"33,720","370,920",
ORD-2026-045260,2026-02-28,CUS-00044,PRD-0081,8,"42,190","337,520",
ORD-2026-045263,2026-02-28,CUS-00745,PRD-0083,4,"23,690","94,760",
ORD-2026-045264,2026-02-28,CUS-01403,PRD-0085,6,"32,580","195,480",
ORD-2026-045271,2026-02-28,CUS-00748,PRD-0090,7,"37,690","263,830",
ORD-2026-045272,2026-02-28,CUS-00218,PRD-0098,4,"15,320","61,280",
ORD-2026-045273,2026-02-28,CUS-00929,PRD-0106,7,"41,890","293,230",
ORD-2026-045278,2026-02-28,CUS-02265,PRD-0120,9,"14,740","132,660",
ORD-2026-045282,2026-02-28,CUS-01367,PRD-0124,6,"8,790","52,740",
ORD-2026-045285,2026-02-28,CUS-01604,PRD-0139,11,"33,360","366,960",
ORD-2026-045289,2026-02-28,CUS-02339,PRD-0151,1,"42,840","42,840",
ORD-2026-045290,2026-02-28,CUS-01277,PRD-0151,8,"42,840","342,720",
ORD-2026-045293,2026-02-28,CUS-00733,PRD-0158,5,"33,720","168,600",
ORD-2026-045297,2026-02-28,CUS-00339,PRD-0161,10,"32,640","326,400",
ORD-2026-045298,2026-02-28,,PRD-0161,1,"32,640","32,640",
ORD-2026-045299,2026-02-28,CUS-00748,PRD-0161,7,"32,640","228,480",
ORD-2026-045303,2026-03-01,CUS-01607,PRD-0013,16,"11,970","191,520",
ORD-2026-045306,2026-03-01,CUS-01304,PRD-0062,11,"17,890","196,790",
ORD-2026-045311,2026-03-01,CUS-01252,PRD-0108,6,"30,750","184,500",
ORD-2026-045314,2026-03-01,CUS-00759,PRD-0121,4,"26,430","105,720",
ORD-2026-045323,2026-03-02,CUS-00097,PRD-0007,6,"17,070","102,420",
ORD-2026-045336,2026-03-02,CUS-02261,PRD-0035,9,"13,660","122,940",
ORD-2026-045339,2026-03-02,CUS-01831,PRD-0039,11,"14,770","162,470",
ORD-2026-045340,2026-03-02,CUS-01284,PRD-0046,5,"17,360","86,800",
ORD-2026-045343,2026-03-02,CUS-00643,PRD-0051,11,"43,070","473,770",
ORD-2026-045344,2026-03-02,CUS-01191,PRD-0053,23,"38,950","895,850",
ORD-2026-045359,2026-03-02,CUS-02342,PRD-0090,5,"37,690","188,450",
ORD-2026-045376,2026-03-02,CUS-01996,PRD-0131,8,"31,140","249,120",
ORD-2026-045378,2026-03-02,CUS-01396,PRD-0135,4,"32,900","131,600",
ORD-2026-045388,2026-03-02,CUS-01422,PRD-0151,10,"42,840","428,400",
ORD-2026-045390,2026-03-02,CUS-01805,PRD-0153,12,"24,220","290,640",
ORD-2026-045391,2026-03-02,,PRD-0153,1,"24,220","24,220",
ORD-2026-045419,2026-03-03,CUS-01961,PRD-0060,13,"57,540","748,020",
ORD-2026-045440,2026-03-03,CUS-01319,PRD-0090,4,"37,690","150,760",
ORD-2026-045451,2026-03-03,CUS-01198,PRD-0118,2,"23,110","46,220",
ORD-2026-045454,2026-03-03,CUS-01351,PRD-0121,10,"26,430","264,300",
ORD-2026-045463,2026-03-03,CUS-00023,PRD-0125,36,"15,380","553,680",
ORD-2026-045464,2026-03-03,CUS-01237,PRD-0128,5,"20,590","102,950",
ORD-2026-045471,2026-03-03,CUS-00771,PRD-0145,8,"31,800","254,400",
ORD-2026-045488,2026-03-03,CUS-01139,PRD-0166,16,"25,650","410,400",
ORD-2026-045496,2026-03-04,CUS-00141,PRD-0017,3,"39,680","119,040",
ORD-2026-045498,2026-03-04,CUS-01179,PRD-0018,4,"62,570","250,280",
ORD-2026-045502,2026-03-04,CUS-01314,PRD-0026,18,"4,150","74,700",
ORD-2026-045503,2026-03-04,CUS-01783,PRD-0035,12,"13,660","163,920",
ORD-2026-045513,2026-03-04,CUS-02229,PRD-0070,7,"19,240","134,680",
ORD-2026-045530,2026-03-04,CUS-00427,PRD-0090,4,"37,690","150,760",
ORD-2026-045531,2026-03-04,CUS-01788,PRD-0090,11,"37,690","414,590",
ORD-2026-045534,2026-03-04,CUS-00164,PRD-0091,20,"27,010","540,200",
ORD-2026-045536,2026-03-04,CUS-01709,PRD-0100,7,"20,780","145,460",
ORD-2026-045544,2026-03-04,CUS-00455,PRD-0124,5,"8,790","43,950",
ORD-2026-045549,2026-03-04,CUS-01659,PRD-0125,8,"15,380","123,040",
ORD-2026-045550,2026-03-04,CUS-00227,PRD-0125,21,"15,380","322,980",
ORD-2026-045561,2026-03-04,CUS-00913,PRD-0144,4,"31,990","127,960",
ORD-2026-045584,2026-03-05,CUS-00926,PRD-0008,17,"16,360","278,120",
ORD-2026-045586,2026-03-05,CUS-00359,PRD-0011,6,"17,170","103,020",
ORD-2026-045592,2026-03-05,CUS-02355,PRD-0037,6,"25,650","153,900",
ORD-2026-045594,2026-03-05,CUS-00458,PRD-0039,28,"14,770","413,560",
ORD-2026-045602,2026-03-05,CUS-02332,PRD-0077,12,"31,120","373,440",
ORD-2026-045604,2026-03-05,CUS-00767,PRD-0084,3,"27,760","83,280",
ORD-2026-045606,2026-03-05,CUS-01732,PRD-0086,4,"28,180","112,720",
ORD-2026-045612,2026-03-05,CUS-01319,PRD-0090,2,"37,690","75,380",
ORD-2026-045617,2026-03-05,CUS-01916,PRD-0101,1,"22,590","22,590",
ORD-2026-045620,2026-03-05,CUS-00985,PRD-0108,11,"30,750","338,250",
ORD-2026-045638,2026-03-05,,PRD-0150,3,"47,850","143,550",
ORD-2026-045642,2026-03-05,CUS-00428,PRD-0151,11,"42,840","471,240",
ORD-2026-045644,2026-03-05,CUS-02330,PRD-0153,8,"24,220","193,760",
ORD-2026-045648,2026-03-05,CUS-01926,PRD-0161,41,"32,640","1,338,240",
ORD-2026-045650,2026-03-05,CUS-00531,PRD-0163,4,"27,790","111,160",
ORD-2026-045662,2026-03-06,CUS-00164,PRD-0023,3,"16,940","50,820",
ORD-2026-045668,2026-03-06,CUS-00418,PRD-0045,1,"7,340","7,340",
ORD-2026-045678,2026-03-06,CUS-00514,PRD-0064,12,"36,350","436,200",
ORD-2026-045685,2026-03-06,CUS-01133,PRD-0074,3,"38,390","115,170",
ORD-2026-045689,2026-03-06,CUS-00926,PRD-0077,13,"31,120","404,560",
ORD-2026-045698,2026-03-06,CUS-02324,PRD-0086,4,"28,180","112,720",
ORD-2026-045704,2026-03-06,CUS-01261,PRD-0090,5,"37,690","188,450",
ORD-2026-045705,2026-03-06,CUS-02032,PRD-0090,29,"37,690","1,093,010",
ORD-2026-045707,2026-03-06,CUS-01769,PRD-0093,8,"23,080","184,640",
ORD-2026-045712,2026-03-06,CUS-00078,PRD-0105,4,"41,060","164,240",
ORD-2026-045716,2026-03-06,CUS-02423,PRD-0108,4,"30,750","123,000",
ORD-2026-045727,2026-03-06,CUS-01704,PRD-0126,5,"29,270","146,350",
ORD-2026-045728,2026-03-06,CUS-02149,PRD-0127,24,"16,760","402,240",
ORD-2026-045729,2026-03-06,CUS-00082,PRD-0128,4,"20,590","82,360",
ORD-2026-045735,2026-03-06,CUS-01920,PRD-0151,10,"42,840","428,400",
ORD-2026-045736,2026-03-06,CUS-02248,PRD-0153,13,"24,220","314,860",
ORD-2026-045749,2026-03-07,CUS-01186,PRD-0026,6,"4,150","24,900",
ORD-2026-045751,2026-03-07,CUS-02023,PRD-0031,5,"36,660","183,300",
ORD-2026-045754,2026-03-07,CUS-02391,PRD-0037,4,"25,650","102,600",
ORD-2026-045756,2026-03-07,CUS-00508,PRD-0046,2,"17,360","34,720",
ORD-2026-045757,2026-03-07,CUS-00913,PRD-0056,21,"25,020","525,420",
ORD-2026-045759,2026-03-07,CUS-02174,PRD-0057,13,"18,040","234,520",
ORD-2026-045763,2026-03-07,CUS-02173,PRD-0078,4,"33,720","134,880",
ORD-2026-045773,2026-03-07,,PRD-0100,5,"20,780","103,900",
ORD-2026-045776,2026-03-07,CUS-01724,PRD-0108,2,"30,750","61,500",
ORD-2026-045785,2026-03-07,CUS-01059,PRD-0132,7,"38,360","268,520",
ORD-2026-045794,2026-03-07,CUS-01364,PRD-0162,5,"28,900","144,500",
ORD-2026-045795,2026-03-07,CUS-01288,PRD-0166,4,"25,650","102,600",
ORD-2026-045797,2026-03-08,CUS-01353,PRD-0007,5,"17,070","85,350",
ORD-2026-045798,2026-03-08,CUS-01237,PRD-0008,7,"16,360","114,520",
ORD-2026-045815,2026-03-08,,PRD-0103,34,"38,480","1,308,320",
ORD-2026-045825,2026-03-08,CUS-01578,PRD-0163,10,"27,790","277,900",
ORD-2026-045841,2026-03-09,CUS-00758,PRD-0039,5,"14,770","73,850",
ORD-2026-045850,2026-03-09,CUS-01897,PRD-0061,3,"16,320","48,960",
ORD-2026-045851,2026-03-09,CUS-00715,PRD-0062,2,"17,890","35,780",
ORD-2026-045858,2026-03-09,CUS-00418,PRD-0077,3,"31,120","93,360",
ORD-2026-045859,2026-03-09,CUS-01844,PRD-0079,12,"46,870","562,440",
ORD-2026-045864,2026-03-09,CUS-02455,PRD-0086,11,"28,180","309,980",
ORD-2026-045880,2026-03-09,CUS-01319,PRD-0121,2,"26,430","52,860",
ORD-2026-045891,2026-03-09,CUS-01802,PRD-0151,27,"42,840","1,156,680",
ORD-2026-045892,2026-03-09,CUS-00134,PRD-0151,9,"42,840","385,560",
ORD-2026-045893,2026-03-09,CUS-01426,PRD-0151,10,"42,840","428,400",
ORD-2026-045894,2026-03-09,CUS-01765,PRD-0151,8,"42,840","342,720",
ORD-2026-045903,2026-03-09,CUS-02267,PRD-0166,4,"25,650","102,600",
ORD-2026-045911,2026-03-10,CUS-00984,PRD-0025,3,"5,090","15,270",
ORD-2026-045913,2026-03-10,CUS-00956,PRD-0037,6,"25,650","153,900",
ORD-2026-045920,2026-03-10,CUS-01805,PRD-0055,6,"16,990","101,940",
ORD-2026-045921,2026-03-10,CUS-01055,PRD-0058,11,"17,980","197,780",
ORD-2026-045922,2026-03-10,CUS-00458,PRD-0064,8,"36,350","290,800",
ORD-2026-045931,2026-03-10,CUS-02227,PRD-0078,4,"33,720","134,880",
ORD-2026-045936,2026-03-10,CUS-01058,PRD-0085,4,"32,580","130,320",
ORD-2026-045939,2026-03-10,CUS-02324,PRD-0086,8,"28,180","225,440",
ORD-2026-045952,2026-03-10,CUS-00904,PRD-0100,5,"20,780","103,900",
ORD-2026-045955,2026-03-10,CUS-00404,PRD-0108,4,"30,750","123,000",
ORD-2026-045958,2026-03-10,CUS-01921,PRD-0120,13,"14,740","191,620",
ORD-2026-045961,2026-03-10,CUS-01988,PRD-0122,5,"19,140","95,700",
ORD-2026-045966,2026-03-10,CUS-00519,PRD-0135,5,"32,900","164,500",
ORD-2026-045968,2026-03-10,CUS-00985,PRD-0145,7,"31,800","222,600",
ORD-2026-045969,2026-03-10,CUS-00193,PRD-0145,5,"31,800","159,000",
ORD-2026-045973,2026-03-10,CUS-00608,PRD-0151,7,"42,840","299,880",
ORD-2026-045987,2026-03-11,CUS-00798,PRD-0018,4,"62,570","250,280",
ORD-2026-045992,2026-03-11,CUS-00456,PRD-0028,28,"4,910","137,480",
ORD-2026-045997,2026-03-11,CUS-01918,PRD-0057,11,"18,040","198,440",
ORD-2026-046008,2026-03-11,CUS-01793,PRD-0077,6,"31,120","186,720",
ORD-2026-046024,2026-03-11,CUS-01806,PRD-0108,4,"30,750","123,000",
ORD-2026-046025,2026-03-11,CUS-00199,PRD-0109,5,"30,700","153,500",
ORD-2026-046028,2026-03-11,CUS-00130,PRD-0120,5,"14,740","73,700",
ORD-2026-046032,2026-03-11,CUS-01799,PRD-0128,20,"20,590","411,800",
ORD-2026-046037,2026-03-11,CUS-00971,PRD-0142,10,"52,030","520,300",
ORD-2026-046049,2026-03-11,CUS-01184,PRD-0151,4,"42,840","171,360",
ORD-2026-046084,2026-03-12,CUS-01461,PRD-0083,9,"23,690","213,210",
ORD-2026-046087,2026-03-12,CUS-02177,PRD-0086,18,"28,180","507,240",
ORD-2026-046095,2026-03-12,CUS-01403,PRD-0090,2,"37,690","75,380",
ORD-2026-046096,2026-03-12,CUS-01091,PRD-0090,2,"37,690","75,380",
ORD-2026-046103,2026-03-12,CUS-01709,PRD-0108,24,"30,750","738,000",
ORD-2026-046105,2026-03-12,CUS-01912,PRD-0109,5,"30,700","153,500",
ORD-2026-046124,2026-03-12,CUS-01001,PRD-0151,2,"42,840","85,680",
ORD-2026-046127,2026-03-12,CUS-01916,PRD-0153,4,"24,220","96,880",
ORD-2026-046130,2026-03-12,CUS-01688,PRD-0161,4,"32,640","130,560",
ORD-2026-046133,2026-03-12,CUS-01453,PRD-0166,18,"25,650","461,700",
ORD-2026-046157,2026-03-13,CUS-01799,PRD-0046,3,"17,360","52,080",
ORD-2026-046159,2026-03-13,CUS-00154,PRD-0051,10,"43,070","430,700",
ORD-2026-046163,2026-03-13,CUS-01376,PRD-0065,9,"34,000","306,000",
ORD-2026-046184,2026-03-13,CUS-02206,PRD-0090,11,"37,690","414,590",
ORD-2026-046197,2026-03-13,CUS-01526,PRD-0125,13,"15,380","199,940",
ORD-2026-046204,2026-03-13,CUS-01184,PRD-0150,8,"47,850","382,800",
ORD-2026-046207,2026-03-13,CUS-01199,PRD-0151,4,"42,840","171,360",
ORD-2026-046208,2026-03-13,CUS-02383,PRD-0152,5,"24,900","124,500",
ORD-2026-046211,2026-03-13,CUS-00747,PRD-0156,17,"58,570","995,690",
ORD-2026-046212,2026-03-13,CUS-02102,PRD-0159,2,"25,840","51,680",
ORD-2026-046226,2026-03-14,CUS-01900,PRD-0035,11,"13,660","150,260",
ORD-2026-046230,2026-03-14,CUS-01526,PRD-0051,9,"43,070","387,630",
ORD-2026-046231,2026-03-14,CUS-00634,PRD-0056,26,"25,020","650,520",
ORD-2026-046234,2026-03-14,CUS-01773,PRD-0062,6,"17,890","107,340",
ORD-2026-046249,2026-03-14,CUS-00349,PRD-0090,13,"37,690","489,970",
ORD-2026-046252,2026-03-14,CUS-00643,PRD-0100,9,"20,780","187,020",
ORD-2026-046253,2026-03-14,CUS-01196,PRD-0100,3,"20,780","62,340",
ORD-2026-046254,2026-03-14,CUS-01821,PRD-0108,7,"30,750","215,250",
ORD-2026-046256,2026-03-14,CUS-01001,PRD-0113,14,"10,420","145,880",
ORD-2026-046259,2026-03-14,CUS-02108,PRD-0126,8,"29,270","234,160",
ORD-2026-046268,2026-03-14,CUS-01277,PRD-0151,9,"42,840","385,560",
ORD-2026-046270,2026-03-14,CUS-00403,PRD-0153,4,"24,220","96,880",
ORD-2026-046275,2026-03-14,,PRD-0164,4,"19,920","79,680",
ORD-2026-046279,2026-03-15,CUS-02023,PRD-0028,4,"4,910","19,640",
ORD-2026-046280,2026-03-15,CUS-00926,PRD-0029,3,"11,070","33,210",
ORD-2026-046285,2026-03-15,CUS-01466,PRD-0067,2,"12,380","24,760",
ORD-2026-046304,2026-03-15,CUS-01372,PRD-0153,6,"24,220","145,320",
ORD-2026-046312,2026-03-16,CUS-00670,PRD-0011,5,"17,170","85,850",
ORD-2026-046317,2026-03-16,CUS-02029,PRD-0031,3,"36,660","109,980",
ORD-2026-046320,2026-03-16,CUS-00222,PRD-0046,3,"17,360","52,080",
ORD-2026-046330,2026-03-16,CUS-02326,PRD-0068,4,"16,320","65,280",
ORD-2026-046331,2026-03-16,CUS-02303,PRD-0074,4,"38,390","153,560",
ORD-2026-046338,2026-03-16,CUS-02357,PRD-0080,2,"23,900","47,800",
ORD-2026-046343,2026-03-16,CUS-01353,PRD-0086,12,"28,180","338,160",
ORD-2026-046351,2026-03-16,CUS-01283,PRD-0090,4,"37,690","150,760",
ORD-2026-046353,2026-03-16,CUS-01057,PRD-0091,6,"27,010","162,060",
ORD-2026-046359,2026-03-16,CUS-00508,PRD-0100,9,"20,780","187,020",
ORD-2026-046375,2026-03-16,CUS-01461,PRD-0135,1,"32,900","32,900",
ORD-2026-046380,2026-03-16,CUS-00553,PRD-0138,8,"27,020","216,160",
ORD-2026-046396,2026-03-16,CUS-02014,PRD-0161,6,"32,640","195,840",
ORD-2026-046400,2026-03-17,CUS-01476,PRD-0004,12,"4,490","53,880",
ORD-2026-046412,2026-03-17,CUS-00341,PRD-0057,22,"18,040","396,880",
ORD-2026-046417,2026-03-17,CUS-00295,PRD-0065,19,"34,000","646,000",
ORD-2026-046420,2026-03-17,CUS-00116,PRD-0069,2,"17,210","34,420",
ORD-2026-046421,2026-03-17,CUS-01844,PRD-0072,6,"42,600","255,600",
ORD-2026-046422,2026-03-17,CUS-00397,PRD-0072,2,"42,600","85,200",
ORD-2026-046427,2026-03-17,,PRD-0077,8,"31,120","248,960",
ORD-2026-046429,2026-03-17,CUS-00564,PRD-0083,7,"23,690","165,830",
ORD-2026-046438,2026-03-17,CUS-00082,PRD-0090,14,"37,690","527,660",
ORD-2026-046439,2026-03-17,CUS-00903,PRD-0090,8,"37,690","301,520",
ORD-2026-046440,2026-03-17,CUS-00094,PRD-0090,7,"37,690","263,830",
ORD-2026-046468,2026-03-17,CUS-00635,PRD-0127,11,"16,760","184,360",
ORD-2026-046483,2026-03-17,CUS-02100,PRD-0160,18,"32,940","592,920",
ORD-2026-046495,2026-03-18,CUS-02475,PRD-0013,12,"11,970","143,640",
ORD-2026-046500,2026-03-18,CUS-00147,PRD-0031,5,"36,660","183,300",
ORD-2026-046501,2026-03-18,CUS-01543,PRD-0031,11,"36,660","403,260",
ORD-2026-046517,2026-03-18,CUS-01169,PRD-0073,17,"37,930","644,810",
ORD-2026-046521,2026-03-18,CUS-01732,PRD-0080,2,"23,900","47,800",
ORD-2026-046531,2026-03-18,CUS-01996,PRD-0090,12,"37,690","452,280",
ORD-2026-046533,2026-03-18,CUS-00022,PRD-0095,10,"20,290","202,900",
ORD-2026-046536,2026-03-18,CUS-00339,PRD-0098,15,"15,320","229,800",
ORD-2026-046554,2026-03-18,CUS-01303,PRD-0132,7,"38,360","268,520",
ORD-2026-046555,2026-03-18,CUS-01912,PRD-0135,10,"32,900","329,000",
ORD-2026-046559,2026-03-18,CUS-00503,PRD-0142,3,"52,030","156,090",
ORD-2026-046560,2026-03-18,CUS-01912,PRD-0149,2,"45,880","91,760",
ORD-2026-046568,2026-03-18,CUS-00348,PRD-0165,16,"23,380","374,080",
ORD-2026-046572,2026-03-19,CUS-00635,PRD-0005,7,"3,110","21,770",
ORD-2026-046573,2026-03-19,,PRD-0005,8,"3,110","24,880",
ORD-2026-046577,2026-03-19,CUS-01481,PRD-0008,6,"16,360","98,160",
ORD-2026-046586,2026-03-19,CUS-00457,PRD-0023,8,"16,940","135,520",
ORD-2026-046587,2026-03-19,CUS-00141,PRD-0023,7,"16,940","118,580",
ORD-2026-046602,2026-03-19,CUS-00457,PRD-0077,2,"31,120","62,240",
ORD-2026-046604,2026-03-19,CUS-00457,PRD-0086,6,"28,180","169,080",
ORD-2026-046610,2026-03-19,CUS-01303,PRD-0090,10,"37,690","376,900",
ORD-2026-046611,2026-03-19,CUS-01012,PRD-0090,11,"37,690","414,590",
ORD-2026-046614,2026-03-19,CUS-00132,PRD-0098,17,"15,320","260,440",
ORD-2026-046626,2026-03-19,CUS-01164,PRD-0125,3,"15,380","46,140",
ORD-2026-046628,2026-03-19,CUS-01376,PRD-0134,6,"34,970","209,820",
ORD-2026-046649,2026-03-19,CUS-02174,PRD-0161,3,"32,640","97,920",
ORD-2026-046650,2026-03-19,CUS-00283,PRD-0161,5,"32,640","163,200",
ORD-2026-046652,2026-03-19,CUS-02207,PRD-0165,7,"23,380","163,660",
ORD-2026-046657,2026-03-20,CUS-01456,PRD-0004,7,"4,490","31,430",
ORD-2026-046659,2026-03-20,CUS-01088,PRD-0010,6,"16,050","96,300",
ORD-2026-046672,2026-03-20,CUS-00895,PRD-0051,24,"43,070","1,033,680",
ORD-2026-046677,2026-03-20,CUS-00837,PRD-0060,2,"57,540","115,080",
ORD-2026-046681,2026-03-20,CUS-01646,PRD-0067,1,"12,380","12,380",
ORD-2026-046682,2026-03-20,CUS-00926,PRD-0072,5,"42,600","213,000",
ORD-2026-046683,2026-03-20,CUS-00408,PRD-0076,2,"28,050","56,100",
ORD-2026-046690,2026-03-20,CUS-02265,PRD-0086,2,"28,180","56,360",
ORD-2026-046696,2026-03-20,CUS-00231,PRD-0090,10,"37,690","376,900",
ORD-2026-046707,2026-03-20,CUS-01671,PRD-0125,13,"15,380","199,940",
ORD-2026-046708,2026-03-20,CUS-00278,PRD-0131,20,"31,140","622,800",
ORD-2026-046712,2026-03-20,CUS-00956,PRD-0143,5,"48,640","243,200",
ORD-2026-046719,2026-03-20,CUS-01383,PRD-0151,5,"42,840","214,200",
ORD-2026-046728,2026-03-20,CUS-01100,PRD-0161,10,"32,640","326,400",
ORD-2026-046729,2026-03-20,CUS-01367,PRD-0161,8,"32,640","261,120",
ORD-2026-046731,2026-03-20,CUS-01121,PRD-0163,7,"27,790","194,530",
ORD-2026-046741,2026-03-21,CUS-01389,PRD-0039,12,"14,770","177,240",
ORD-2026-046744,2026-03-21,CUS-00894,PRD-0051,4,"43,070","172,280",
ORD-2026-046746,2026-03-21,CUS-01440,PRD-0064,2,"36,350","72,700",
ORD-2026-046764,2026-03-21,CUS-01756,PRD-0117,11,"17,520","192,720",
ORD-2026-046769,2026-03-21,CUS-01184,PRD-0120,6,"14,740","88,440",
ORD-2026-046795,2026-03-22,CUS-00468,PRD-0086,23,"28,180","648,140",
ORD-2026-046799,2026-03-22,CUS-01910,PRD-0100,4,"20,780","83,120",
ORD-2026-046804,2026-03-22,CUS-00888,PRD-0138,9,"27,020","243,180",
ORD-2026-046812,2026-03-22,CUS-01430,PRD-0165,11,"23,380","257,180",
ORD-2026-046823,2026-03-23,CUS-02383,PRD-0020,17,"29,210","496,570",
ORD-2026-046830,2026-03-23,CUS-01087,PRD-0057,18,"18,040","324,720",
ORD-2026-046835,2026-03-23,CUS-01111,PRD-0068,15,"16,320","244,800",
ORD-2026-046836,2026-03-23,CUS-00458,PRD-0077,4,"31,120","124,480",
ORD-2026-046843,2026-03-23,CUS-01921,PRD-0086,2,"28,180","56,360",
ORD-2026-046844,2026-03-23,CUS-01109,PRD-0086,1,"28,180","28,180",
ORD-2026-046853,2026-03-23,CUS-01890,PRD-0090,9,"37,690","339,210",
ORD-2026-046854,2026-03-23,CUS-01385,PRD-0090,1,"37,690","37,690",
ORD-2026-046855,2026-03-23,CUS-02312,PRD-0090,2,"37,690","75,380",
ORD-2026-046856,2026-03-23,CUS-00018,PRD-0091,17,"27,010","459,170",
ORD-2026-046861,2026-03-23,CUS-00531,PRD-0103,2,"38,480","76,960",
ORD-2026-046872,2026-03-23,CUS-01717,PRD-0128,14,"20,590","288,260",
ORD-2026-046873,2026-03-23,CUS-00805,PRD-0136,16,"54,950","879,200",
ORD-2026-046889,2026-03-23,CUS-01313,PRD-0164,22,"19,920","438,240",
ORD-2026-046896,2026-03-24,CUS-01607,PRD-0004,3,"4,490","13,470",
ORD-2026-046900,2026-03-24,CUS-01383,PRD-0014,13,"13,790","179,270",
ORD-2026-046901,2026-03-24,CUS-01353,PRD-0016,12,"42,680","512,160",
ORD-2026-046902,2026-03-24,CUS-01122,PRD-0016,14,"42,680","597,520",
ORD-2026-046904,2026-03-24,CUS-01361,PRD-0031,3,"36,660","109,980",
ORD-2026-046920,2026-03-24,CUS-01704,PRD-0074,5,"38,390","191,950",
ORD-2026-046926,2026-03-24,CUS-00222,PRD-0083,18,"23,690","426,420",
ORD-2026-046927,2026-03-24,CUS-02391,PRD-0084,5,"27,760","138,800",
ORD-2026-046928,2026-03-24,CUS-00903,PRD-0086,7,"28,180","197,260",
ORD-2026-046934,2026-03-24,CUS-00492,PRD-0098,16,"15,320","245,120",
ORD-2026-046938,2026-03-24,CUS-01586,PRD-0103,34,"38,480","1,308,320",
ORD-2026-046943,2026-03-24,CUS-01397,PRD-0117,7,"17,520","122,640",
ORD-2026-046951,2026-03-24,CUS-01880,PRD-0132,6,"38,360","230,160",
ORD-2026-046994,2026-03-25,CUS-01121,PRD-0070,4,"19,240","76,960",
ORD-2026-046996,2026-03-25,CUS-02392,PRD-0072,7,"42,600","298,200",
ORD-2026-047001,2026-03-25,CUS-00860,PRD-0084,13,"27,760","360,880",
ORD-2026-047010,2026-03-25,CUS-01351,PRD-0090,15,"37,690","565,350",
ORD-2026-047020,2026-03-25,CUS-00231,PRD-0100,11,"20,780","228,580",
ORD-2026-047023,2026-03-25,CUS-00898,PRD-0108,4,"30,750","123,000",
ORD-2026-047034,2026-03-25,CUS-01198,PRD-0131,13,"31,140","404,820",
ORD-2026-047045,2026-03-25,CUS-01754,PRD-0151,6,"42,840","257,040",
ORD-2026-047051,2026-03-25,CUS-02386,PRD-0161,8,"32,640","261,120",
ORD-2026-047052,2026-03-25,CUS-01739,PRD-0161,8,"32,640","261,120",
ORD-2026-047053,2026-03-25,CUS-01198,PRD-0161,2,"32,640","65,280",
ORD-2026-047058,2026-03-26,CUS-00463,PRD-0004,5,"4,490","22,450",
ORD-2026-047059,2026-03-26,CUS-00234,PRD-0004,9,"4,490","40,410",
ORD-2026-047081,2026-03-26,CUS-01100,PRD-0090,8,"37,690","301,520",
ORD-2026-047082,2026-03-26,CUS-01200,PRD-0090,10,"37,690","376,900",
ORD-2026-047083,2026-03-26,CUS-00635,PRD-0090,15,"37,690","565,350",
ORD-2026-047084,2026-03-26,CUS-01139,PRD-0090,5,"37,690","188,450",
ORD-2026-047085,2026-03-26,CUS-00895,PRD-0090,7,"37,690","263,830",
ORD-2026-047094,2026-03-26,CUS-01261,PRD-0121,6,"26,430","158,580",
ORD-2026-047099,2026-03-26,CUS-02113,PRD-0125,14,"15,380","215,320",
ORD-2026-047100,2026-03-26,CUS-02312,PRD-0125,4,"15,380","61,520",
ORD-2026-047102,2026-03-26,,PRD-0128,16,"20,590","329,440",
ORD-2026-047113,2026-03-26,CUS-01316,PRD-0156,18,"58,570","1,054,260",
ORD-2026-047114,2026-03-26,CUS-00617,PRD-0157,1,"24,810","24,810",
ORD-2026-047115,2026-03-26,CUS-00837,PRD-0157,2,"24,810","49,620",
ORD-2026-047116,2026-03-26,CUS-00085,PRD-0163,6,"27,790","166,740",
ORD-2026-047119,2026-03-26,CUS-01462,PRD-0168,15,"19,490","292,350",
ORD-2026-047121,2026-03-27,CUS-00867,PRD-0004,12,"4,490","53,880",
ORD-2026-047127,2026-03-27,CUS-01071,PRD-0027,26,"4,920","127,920",
ORD-2026-047133,2026-03-27,CUS-00404,PRD-0045,14,"7,340","102,760",
ORD-2026-047141,2026-03-27,CUS-01093,PRD-0061,8,"16,320","130,560",
ORD-2026-047156,2026-03-27,CUS-02355,PRD-0093,9,"23,080","207,720",
ORD-2026-047161,2026-03-27,CUS-00786,PRD-0098,6,"15,320","91,920",
ORD-2026-047165,2026-03-27,CUS-01266,PRD-0105,2,"41,060","82,120",
ORD-2026-047169,2026-03-27,CUS-00348,PRD-0118,11,"23,110","254,210",
ORD-2026-047170,2026-03-27,CUS-01179,PRD-0118,6,"23,110","138,660",
ORD-2026-047177,2026-03-27,CUS-02152,PRD-0125,5,"15,380","76,900",
ORD-2026-047178,2026-03-27,CUS-02391,PRD-0126,4,"29,270","117,080",
ORD-2026-047185,2026-03-27,CUS-01387,PRD-0146,4,"34,820","139,280",
ORD-2026-047194,2026-03-27,CUS-00783,PRD-0151,12,"42,840","514,080",
ORD-2026-047195,2026-03-27,CUS-02274,PRD-0151,4,"42,840","171,360",
ORD-2026-047218,2026-03-28,CUS-00024,PRD-0055,14,"16,990","237,860",
ORD-2026-047227,2026-03-28,CUS-00163,PRD-0074,9,"38,390","345,510",
ORD-2026-047241,2026-03-28,CUS-00227,PRD-0100,8,"20,780","166,240",
ORD-2026-047254,2026-03-28,CUS-00885,PRD-0125,4,"15,380","61,520",
ORD-2026-047261,2026-03-28,CUS-01793,PRD-0139,13,"33,360","433,680",
ORD-2026-047271,2026-03-28,CUS-01092,PRD-0156,7,"58,570","409,990",
ORD-2026-047272,2026-03-28,CUS-01100,PRD-0156,10,"58,570","585,700",
ORD-2026-047274,2026-03-28,CUS-01367,PRD-0160,14,"32,940","461,160",
ORD-2026-047286,2026-03-29,CUS-02115,PRD-0081,6,"42,190","253,140",
ORD-2026-047295,2026-03-30,CUS-00758,PRD-0009,5,"18,390","91,950",
ORD-2026-047304,2026-03-30,CUS-00702,PRD-0048,12,"16,870","202,440",
ORD-2026-047325,2026-03-30,CUS-00433,PRD-0117,9,"17,520","157,680",
ORD-2026-047330,2026-03-30,CUS-02462,PRD-0128,14,"20,590","288,260",
ORD-2026-047350,2026-03-30,CUS-00739,PRD-0163,9,"27,790","250,110",
ORD-2026-047352,2026-03-31,CUS-01095,PRD-0004,6,"4,490","26,940",
ORD-2026-047356,2026-03-31,CUS-02474,PRD-0029,4,"11,070","44,280",
ORD-2026-047359,2026-03-31,CUS-01318,PRD-0031,14,"36,660","513,240",
ORD-2026-047365,2026-03-31,CUS-01856,PRD-0057,22,"18,040","396,880",
ORD-2026-047366,2026-03-31,CUS-01325,PRD-0057,11,"18,040","198,440",
ORD-2026-047370,2026-03-31,CUS-01293,PRD-0068,7,"16,320","114,240",
ORD-2026-047373,2026-03-31,CUS-02149,PRD-0077,5,"31,120","155,600",
ORD-2026-047380,2026-03-31,CUS-00770,PRD-0086,2,"28,180","56,360",
ORD-2026-047390,2026-03-31,CUS-00473,PRD-0093,4,"23,080","92,320",
ORD-2026-047398,2026-03-31,CUS-02407,PRD-0111,8,"12,240","97,920",
ORD-2026-047402,2026-03-31,CUS-00345,PRD-0120,7,"14,740","103,180",
ORD-2026-047404,2026-03-31,CUS-00395,PRD-0122,20,"19,140","382,800",
ORD-2026-047415,2026-03-31,CUS-00644,PRD-0145,11,"31,800","349,800",
ORD-2026-047422,2026-03-31,CUS-01768,PRD-0151,15,"42,840","642,600",
ORD-2026-047427,2026-03-31,CUS-02274,PRD-0160,5,"32,940","164,700",
ORD-2026-047442,2026-04-01,CUS-01688,PRD-0048,10,"16,870","168,700",
ORD-2026-047449,2026-04-01,CUS-00134,PRD-0060,33,"57,540","1,898,820",
ORD-2026-047468,2026-04-01,CUS-01163,PRD-0086,10,"28,180","281,800",
ORD-2026-047474,2026-04-01,CUS-02032,PRD-0090,7,"37,690","263,830",
ORD-2026-047477,2026-04-01,CUS-00840,PRD-0098,15,"15,320","229,800",
ORD-2026-047484,2026-04-01,CUS-00860,PRD-0118,2,"23,110","46,220",
ORD-2026-047486,2026-04-01,CUS-01476,PRD-0121,5,"26,430","132,150",
ORD-2026-047492,2026-04-01,CUS-01881,PRD-0125,11,"15,380","169,180",
ORD-2026-047493,2026-04-01,CUS-01440,PRD-0130,8,"13,600","108,800",
ORD-2026-047498,2026-04-01,CUS-00515,PRD-0135,10,"32,900","329,000",
ORD-2026-047516,2026-04-01,CUS-02032,PRD-0157,11,"24,810","272,910",
ORD-2026-047517,2026-04-01,CUS-02227,PRD-0158,11,"33,720","370,920",
ORD-2026-047518,2026-04-01,CUS-00284,PRD-0160,8,"32,940","263,520",
ORD-2026-047525,2026-04-01,CUS-01059,PRD-0161,9,"32,640","293,760",
ORD-2026-047528,2026-04-01,CUS-01009,PRD-0170,3,"17,370","52,110",
ORD-2026-047533,2026-04-02,CUS-01773,PRD-0015,8,"8,500","68,000",
ORD-2026-047545,2026-04-02,CUS-01304,PRD-0045,4,"7,340","29,360",
ORD-2026-047546,2026-04-02,CUS-01799,PRD-0045,7,"7,340","51,380",
ORD-2026-047554,2026-04-02,CUS-02023,PRD-0080,11,"23,900","262,900",
ORD-2026-047558,2026-04-02,CUS-00903,PRD-0086,12,"28,180","338,160",
ORD-2026-047566,2026-04-02,CUS-01430,PRD-0090,14,"37,690","527,660",
ORD-2026-047569,2026-04-02,CUS-02444,PRD-0097,4,"21,780","87,120",
ORD-2026-047577,2026-04-02,CUS-02317,PRD-0125,16,"15,380","246,080",
ORD-2026-047579,2026-04-02,CUS-01821,PRD-0128,4,"20,590","82,360",
ORD-2026-047581,2026-04-02,CUS-00198,PRD-0135,10,"32,900","329,000",
ORD-2026-047583,2026-04-02,CUS-01453,PRD-0138,5,"27,020","135,100",
ORD-2026-047593,2026-04-02,CUS-01389,PRD-0151,4,"42,840","171,360",
ORD-2026-047597,2026-04-02,CUS-00553,PRD-0163,25,"27,790","694,750",
ORD-2026-047601,2026-04-03,CUS-00025,PRD-0004,9,"4,490","40,410",
ORD-2026-047608,2026-04-03,CUS-01319,PRD-0031,8,"36,660","293,280",
ORD-2026-047612,2026-04-03,CUS-00198,PRD-0051,25,"43,070","1,076,750",
ORD-2026-047616,2026-04-03,CUS-00342,PRD-0064,4,"36,350","145,400",
ORD-2026-047619,2026-04-03,CUS-01672,PRD-0068,3,"16,320","48,960",
ORD-2026-047620,2026-04-03,CUS-01845,PRD-0077,4,"31,120","124,480",
ORD-2026-047627,2026-04-03,CUS-00408,PRD-0090,9,"37,690","339,210",
ORD-2026-047628,2026-04-03,CUS-01148,PRD-0090,23,"37,690","866,870",
ORD-2026-047644,2026-04-03,CUS-01748,PRD-0109,8,"30,700","245,600",
ORD-2026-047646,2026-04-03,CUS-01938,PRD-0111,7,"12,240","85,680",
ORD-2026-047678,2026-04-03,CUS-00359,PRD-0156,13,"58,570","761,410",
ORD-2026-047682,2026-04-04,CUS-01031,PRD-0001,3,"4,970","14,910",
ORD-2026-047688,2026-04-04,CUS-01007,PRD-0031,8,"36,660","293,280",
ORD-2026-047690,2026-04-04,CUS-01832,PRD-0037,5,"25,650","128,250",
ORD-2026-047693,2026-04-04,CUS-02265,PRD-0042,4,"26,200","104,800",
ORD-2026-047694,2026-04-04,CUS-00898,PRD-0046,8,"17,360","138,880",
ORD-2026-047705,2026-04-04,CUS-00109,PRD-0080,13,"23,900","310,700",
ORD-2026-047708,2026-04-04,CUS-00617,PRD-0082,5,"30,730","153,650",
ORD-2026-047711,2026-04-04,CUS-01926,PRD-0086,19,"28,180","535,420",
ORD-2026-047717,2026-04-04,CUS-02383,PRD-0090,10,"37,690","376,900",
ORD-2026-047718,2026-04-04,CUS-01981,PRD-0090,6,"37,690","226,140",
ORD-2026-047719,2026-04-04,CUS-00080,PRD-0090,27,"37,690","1,017,630",
ORD-2026-047720,2026-04-04,CUS-00258,PRD-0090,2,"37,690","75,380",
ORD-2026-047721,2026-04-04,CUS-01430,PRD-0090,5,"37,690","188,450",
ORD-2026-047722,2026-04-04,CUS-02496,PRD-0091,12,"27,010","324,120",
ORD-2026-047723,2026-04-04,CUS-00024,PRD-0094,11,"22,360","245,960",
ORD-2026-047728,2026-04-04,CUS-02342,PRD-0103,11,"38,480","423,280",
ORD-2026-047736,2026-04-04,CUS-00914,PRD-0121,11,"26,430","290,730",
ORD-2026-047745,2026-04-04,CUS-02332,PRD-0147,18,"32,330","581,940",
ORD-2026-047748,2026-04-04,CUS-00643,PRD-0153,6,"24,220","145,320",
ORD-2026-047750,2026-04-04,CUS-01498,PRD-0157,13,"24,810","322,530",
ORD-2026-047752,2026-04-04,CUS-01763,PRD-0161,4,"32,640","130,560",
ORD-2026-047754,2026-04-05,CUS-01010,PRD-0017,7,"39,680","277,760",
ORD-2026-047755,2026-04-05,CUS-00480,PRD-0018,3,"62,570","187,710",
ORD-2026-047761,2026-04-05,CUS-01389,PRD-0051,11,"43,070","473,770",
ORD-2026-047766,2026-04-05,CUS-02370,PRD-0080,5,"23,900","119,500",
ORD-2026-047790,2026-04-06,CUS-01620,PRD-0018,12,"62,570","750,840",
ORD-2026-047806,2026-04-06,CUS-01788,PRD-0068,14,"16,320","228,480",
ORD-2026-047808,2026-04-06,CUS-01313,PRD-0077,12,"31,120","373,440",
ORD-2026-047811,2026-04-06,CUS-01319,PRD-0081,3,"42,190","126,570",
ORD-2026-047828,2026-04-06,CUS-00404,PRD-0090,14,"37,690","527,660",
ORD-2026-047847,2026-04-06,CUS-01325,PRD-0138,5,"27,020","135,100",
ORD-2026-047859,2026-04-06,CUS-02133,PRD-0153,1,"24,220","24,220",
ORD-2026-047867,2026-04-06,CUS-00092,PRD-0161,1,"32,640","32,640",
ORD-2026-047880,2026-04-07,CUS-00608,PRD-0018,9,"62,570","563,130",
ORD-2026-047886,2026-04-07,CUS-01637,PRD-0026,7,"4,150","29,050",
ORD-2026-047889,2026-04-07,CUS-02093,PRD-0039,8,"14,770","118,160",
ORD-2026-047898,2026-04-07,CUS-01367,PRD-0057,13,"18,040","234,520",
ORD-2026-047900,2026-04-07,CUS-00913,PRD-0064,4,"36,350","145,400",
ORD-2026-047905,2026-04-07,CUS-01844,PRD-0074,9,"38,390","345,510",
ORD-2026-047915,2026-04-07,CUS-00488,PRD-0083,22,"23,690","521,180",
ORD-2026-047916,2026-04-07,CUS-00221,PRD-0084,6,"27,760","166,560",
ORD-2026-047917,2026-04-07,CUS-00196,PRD-0084,7,"27,760","194,320",
ORD-2026-047929,2026-04-07,CUS-00753,PRD-0090,11,"37,690","414,590",
ORD-2026-047932,2026-04-07,CUS-02072,PRD-0100,2,"20,780","41,560",
ORD-2026-047933,2026-04-07,CUS-00951,PRD-0100,9,"20,780","187,020",
ORD-2026-047937,2026-04-07,CUS-02436,PRD-0114,7,"15,730","110,110",
ORD-2026-047938,2026-04-07,CUS-00311,PRD-0118,16,"23,110","369,760",
ORD-2026-047941,2026-04-07,CUS-01092,PRD-0123,19,"14,410","273,790",
ORD-2026-047942,2026-04-07,CUS-01315,PRD-0123,8,"14,410","115,280",
ORD-2026-047946,2026-04-07,CUS-01277,PRD-0131,14,"31,140","435,960",
ORD-2026-047950,2026-04-07,CUS-02326,PRD-0145,5,"31,800","159,000",
ORD-2026-047951,2026-04-07,CUS-01897,PRD-0147,5,"32,330","161,650",
ORD-2026-047966,2026-04-07,CUS-01401,PRD-0165,7,"23,380","163,660",
ORD-2026-047967,2026-04-08,,PRD-0001,5,"4,970","24,850",
ORD-2026-047972,2026-04-08,CUS-00151,PRD-0019,3,"31,240","93,720",
ORD-2026-047975,2026-04-08,CUS-01163,PRD-0026,2,"4,150","8,300",
ORD-2026-047980,2026-04-08,CUS-01033,PRD-0039,5,"14,770","73,850",
ORD-2026-047981,2026-04-08,CUS-01268,PRD-0040,19,"14,100","267,900",
ORD-2026-047994,2026-04-08,CUS-00836,PRD-0077,10,"31,120","311,200",
ORD-2026-047995,2026-04-08,CUS-02278,PRD-0077,2,"31,120","62,240",
ORD-2026-048002,2026-04-08,CUS-00634,PRD-0082,10,"30,730","307,300",
ORD-2026-048009,2026-04-08,CUS-00196,PRD-0090,6,"37,690","226,140",
ORD-2026-048010,2026-04-08,CUS-01551,PRD-0090,9,"37,690","339,210",
ORD-2026-048011,2026-04-08,CUS-01748,PRD-0090,18,"37,690","678,420",
ORD-2026-048027,2026-04-08,CUS-00199,PRD-0125,6,"15,380","92,280",
ORD-2026-048030,2026-04-08,CUS-00837,PRD-0131,15,"31,140","467,100",
ORD-2026-048031,2026-04-08,CUS-02207,PRD-0132,2,"38,360","76,720",
ORD-2026-048046,2026-04-09,CUS-01620,PRD-0002,5,"5,180","25,900",
ORD-2026-048050,2026-04-09,CUS-01164,PRD-0007,11,"17,070","187,770",
ORD-2026-048052,2026-04-09,CUS-00644,PRD-0008,5,"16,360","81,800",
ORD-2026-048066,2026-04-09,CUS-01748,PRD-0061,11,"16,320","179,520",
ORD-2026-048086,2026-04-09,CUS-00837,PRD-0089,2,"13,010","26,020",
ORD-2026-048089,2026-04-09,CUS-02261,PRD-0090,16,"37,690","603,040",
ORD-2026-048090,2026-04-09,CUS-01450,PRD-0090,8,"37,690","301,520",
ORD-2026-048095,2026-04-09,CUS-02175,PRD-0106,6,"41,890","251,340",
ORD-2026-048100,2026-04-09,CUS-01551,PRD-0118,2,"23,110","46,220",
ORD-2026-048103,2026-04-09,,PRD-0121,11,"26,430","290,730",
ORD-2026-048113,2026-04-09,CUS-02311,PRD-0138,2,"27,020","54,040",
ORD-2026-048115,2026-04-09,CUS-00550,PRD-0143,29,"48,640","1,410,560",
ORD-2026-048121,2026-04-09,CUS-00080,PRD-0151,2,"42,840","85,680",
ORD-2026-048126,2026-04-09,CUS-01266,PRD-0166,9,"25,650","230,850",
ORD-2026-048136,2026-04-10,CUS-00789,PRD-0018,2,"62,570","125,140",
ORD-2026-048142,2026-04-10,CUS-00154,PRD-0045,4,"7,340","29,360",
ORD-2026-048143,2026-04-10,CUS-00198,PRD-0048,5,"16,870","84,350",
ORD-2026-048150,2026-04-10,CUS-00798,PRD-0057,18,"18,040","324,720",
ORD-2026-048153,2026-04-10,CUS-01700,PRD-0058,4,"17,980","71,920",
ORD-2026-048155,2026-04-10,CUS-01226,PRD-0063,18,"15,070","271,260",
ORD-2026-048159,2026-04-10,CUS-00488,PRD-0065,2,"34,000","68,000",
ORD-2026-048162,2026-04-10,CUS-01087,PRD-0077,18,"31,120","560,160",
ORD-2026-048165,2026-04-10,CUS-00404,PRD-0084,10,"27,760","277,600",
ORD-2026-048167,2026-04-10,CUS-00359,PRD-0089,33,"13,010","429,330",
ORD-2026-048172,2026-04-10,CUS-01422,PRD-0090,2,"37,690","75,380",
ORD-2026-048173,2026-04-10,CUS-01938,PRD-0090,8,"37,690","301,520",
ORD-2026-048174,2026-04-10,CUS-01268,PRD-0090,7,"37,690","263,830",
ORD-2026-048185,2026-04-10,CUS-01033,PRD-0120,7,"14,740","103,180",
ORD-2026-048187,2026-04-10,CUS-02081,PRD-0122,11,"19,140","210,540",
ORD-2026-048188,2026-04-10,CUS-02311,PRD-0126,3,"29,270","87,810",
ORD-2026-048190,2026-04-10,CUS-01768,PRD-0131,7,"31,140","217,980",
ORD-2026-048206,2026-04-10,CUS-02055,PRD-0161,5,"32,640","163,200",
ORD-2026-048209,2026-04-10,CUS-01009,PRD-0164,10,"19,920","199,200",
ORD-2026-048211,2026-04-11,CUS-00553,PRD-0001,9,"4,970","44,730",
ORD-2026-048215,2026-04-11,CUS-00424,PRD-0018,2,"62,570","125,140",
ORD-2026-048234,2026-04-11,CUS-02387,PRD-0083,3,"23,690","71,070",
ORD-2026-048239,2026-04-11,CUS-00885,PRD-0090,7,"37,690","263,830",
ORD-2026-048248,2026-04-11,CUS-01844,PRD-0118,3,"23,110","69,330",
ORD-2026-048252,2026-04-11,CUS-01003,PRD-0125,10,"15,380","153,800",
ORD-2026-048275,2026-04-12,CUS-00780,PRD-0090,7,"37,690","263,830",
ORD-2026-048276,2026-04-12,CUS-01121,PRD-0099,13,"14,380","186,940",
ORD-2026-048280,2026-04-12,CUS-01203,PRD-0140,16,"27,740","443,840",
ORD-2026-048297,2026-04-13,CUS-00424,PRD-0026,4,"4,150","16,600",
ORD-2026-048308,2026-04-13,CUS-01001,PRD-0061,12,"16,320","195,840",
ORD-2026-048312,2026-04-13,CUS-00754,PRD-0068,4,"16,320","65,280",
ORD-2026-048320,2026-04-13,CUS-02316,PRD-0077,2,"31,120","62,240",
ORD-2026-048331,2026-04-13,CUS-00092,PRD-0086,4,"28,180","112,720",
ORD-2026-048332,2026-04-13,CUS-01111,PRD-0086,4,"28,180","112,720",
ORD-2026-048340,2026-04-13,CUS-00634,PRD-0090,4,"37,690","150,760",
ORD-2026-048341,2026-04-13,CUS-01783,PRD-0090,10,"37,690","376,900",
ORD-2026-048345,2026-04-13,CUS-01091,PRD-0094,2,"22,360","44,720",
ORD-2026-048347,2026-04-13,CUS-01364,PRD-0100,7,"20,780","145,460",
ORD-2026-048357,2026-04-13,CUS-02324,PRD-0120,3,"14,740","44,220",
ORD-2026-048359,2026-04-13,CUS-02278,PRD-0121,2,"26,430","52,860",
ORD-2026-048361,2026-04-13,CUS-02052,PRD-0125,14,"15,380","215,320",
ORD-2026-048362,2026-04-13,CUS-02214,PRD-0131,3,"31,140","93,420",
ORD-2026-048366,2026-04-13,CUS-01821,PRD-0139,12,"33,360","400,320",
ORD-2026-048371,2026-04-13,CUS-00271,PRD-0145,6,"31,800","190,800",
ORD-2026-048376,2026-04-13,CUS-00193,PRD-0151,5,"42,840","214,200",
ORD-2026-048377,2026-04-13,CUS-02046,PRD-0151,13,"42,840","556,920",
ORD-2026-048383,2026-04-13,CUS-01525,PRD-0160,6,"32,940","197,640",
ORD-2026-048386,2026-04-13,CUS-00582,PRD-0166,11,"25,650","282,150",
ORD-2026-048389,2026-04-14,CUS-01389,PRD-0004,2,"4,490","8,980",
ORD-2026-048395,2026-04-14,CUS-01191,PRD-0029,10,"11,070","110,700",
ORD-2026-048399,2026-04-14,CUS-00151,PRD-0047,3,"19,060","57,180",
ORD-2026-048404,2026-04-14,CUS-01022,PRD-0057,4,"18,040","72,160",
ORD-2026-048414,2026-04-14,CUS-00395,PRD-0078,22,"33,720","741,840",
ORD-2026-048426,2026-04-14,CUS-00018,PRD-0090,7,"37,690","263,830",
ORD-2026-048430,2026-04-14,CUS-00820,PRD-0104,4,"17,130","68,520",
ORD-2026-048434,2026-04-14,CUS-01200,PRD-0108,8,"30,750","246,000",
ORD-2026-048439,2026-04-14,CUS-02417,PRD-0141,11,"38,600","424,600",
ORD-2026-048440,2026-04-14,CUS-01996,PRD-0142,4,"52,030","208,120",
ORD-2026-048453,2026-04-14,CUS-01477,PRD-0165,7,"23,380","163,660",
ORD-2026-048459,2026-04-15,CUS-00267,PRD-0008,19,"16,360","310,840",
ORD-2026-048460,2026-04-15,CUS-01511,PRD-0008,5,"16,360","81,800",
ORD-2026-048469,2026-04-15,CUS-00809,PRD-0039,15,"14,770","221,550",
ORD-2026-048475,2026-04-15,CUS-01620,PRD-0060,6,"57,540","345,240",
ORD-2026-048491,2026-04-15,CUS-00531,PRD-0090,18,"37,690","678,420",
ORD-2026-048498,2026-04-15,CUS-01732,PRD-0118,14,"23,110","323,540",
ORD-2026-048509,2026-04-15,CUS-01221,PRD-0131,4,"31,140","124,560",
ORD-2026-048519,2026-04-15,CUS-01462,PRD-0151,11,"42,840","471,240",
ORD-2026-048524,2026-04-15,CUS-01831,PRD-0157,7,"24,810","173,670",
ORD-2026-048546,2026-04-16,CUS-01269,PRD-0045,4,"7,340","29,360",
ORD-2026-048547,2026-04-16,CUS-00272,PRD-0051,4,"43,070","172,280",
ORD-2026-048570,2026-04-16,CUS-00867,PRD-0090,3,"37,690","113,070",
ORD-2026-048576,2026-04-16,CUS-01148,PRD-0098,6,"15,320","91,920",
ORD-2026-048582,2026-04-16,CUS-01293,PRD-0102,7,"17,050","119,350",
ORD-2026-048591,2026-04-16,CUS-01946,PRD-0122,7,"19,140","133,980",
ORD-2026-048604,2026-04-16,CUS-01879,PRD-0151,11,"42,840","471,240",
ORD-2026-048611,2026-04-16,CUS-00272,PRD-0161,1,"32,640","32,640",
ORD-2026-048612,2026-04-16,CUS-01981,PRD-0161,7,"32,640","228,480",
ORD-2026-048624,2026-04-17,CUS-01693,PRD-0025,28,"5,090","142,520",
ORD-2026-048631,2026-04-17,CUS-01698,PRD-0046,6,"17,360","104,160",
ORD-2026-048632,2026-04-17,CUS-02161,PRD-0049,1,"18,190","18,190",
ORD-2026-048634,2026-04-17,CUS-02167,PRD-0057,5,"18,040","90,200",
ORD-2026-048659,2026-04-17,CUS-01283,PRD-0090,10,"37,690","376,900",
ORD-2026-048660,2026-04-17,CUS-00386,PRD-0090,5,"37,690","188,450",
ORD-2026-048676,2026-04-17,CUS-01720,PRD-0118,38,"23,110","878,180",
ORD-2026-048686,2026-04-17,,PRD-0135,15,"32,900","493,500",
ORD-2026-048701,2026-04-17,CUS-01912,PRD-0161,1,"32,640","32,640",
ORD-2026-048714,2026-04-18,CUS-00139,PRD-0027,3,"4,920","14,760",
ORD-2026-048722,2026-04-18,CUS-02421,PRD-0046,10,"17,360","173,600",
ORD-2026-048724,2026-04-18,CUS-00377,PRD-0048,30,"16,870","506,100",
ORD-2026-048727,2026-04-18,CUS-00042,PRD-0070,14,"19,240","269,360",
ORD-2026-048736,2026-04-18,CUS-02417,PRD-0090,9,"37,690","339,210",
ORD-2026-048738,2026-04-18,CUS-00429,PRD-0098,5,"15,320","76,600",
ORD-2026-048740,2026-04-18,CUS-00488,PRD-0117,10,"17,520","175,200",
ORD-2026-048757,2026-04-18,,PRD-0156,3,"58,570","175,710",
ORD-2026-048762,2026-04-19,CUS-00271,PRD-0035,4,"13,660","54,640",
ORD-2026-048765,2026-04-19,CUS-01732,PRD-0047,5,"19,060","95,300",
ORD-2026-048767,2026-04-19,CUS-02161,PRD-0057,5,"18,040","90,200",
ORD-2026-048769,2026-04-19,CUS-00753,PRD-0079,5,"46,870","234,350",
ORD-2026-048774,2026-04-19,CUS-00882,PRD-0111,6,"12,240","73,440",
ORD-2026-048777,2026-04-19,CUS-01021,PRD-0125,10,"15,380","153,800",
ORD-2026-048791,2026-04-20,CUS-02399,PRD-0020,10,"29,210","292,100",
ORD-2026-048792,2026-04-20,CUS-02176,PRD-0023,8,"16,940","135,520",
ORD-2026-048795,2026-04-20,CUS-02436,PRD-0037,3,"25,650","76,950",
ORD-2026-048812,2026-04-20,CUS-01092,PRD-0068,4,"16,320","65,280",
ORD-2026-048830,2026-04-20,CUS-00231,PRD-0090,10,"37,690","376,900",
ORD-2026-048831,2026-04-20,CUS-01620,PRD-0090,3,"37,690","113,070",
ORD-2026-048832,2026-04-20,,PRD-0090,6,"37,690","226,140",
ORD-2026-048839,2026-04-20,CUS-01582,PRD-0103,7,"38,480","269,360",
ORD-2026-048841,2026-04-20,CUS-00608,PRD-0123,10,"14,410","144,100",
ORD-2026-048844,2026-04-20,CUS-01988,PRD-0125,2,"15,380","30,760",
ORD-2026-048845,2026-04-20,CUS-00427,PRD-0125,1,"15,380","15,380",
ORD-2026-048846,2026-04-20,CUS-02344,PRD-0126,9,"29,270","263,430",
ORD-2026-048857,2026-04-20,CUS-01783,PRD-0150,10,"47,850","478,500",
ORD-2026-048877,2026-04-20,CUS-01021,PRD-0165,3,"23,380","70,140",
ORD-2026-048879,2026-04-20,CUS-00478,PRD-0167,5,"14,020","70,100",
ORD-2026-048898,2026-04-21,CUS-00112,PRD-0050,1,"5,420","5,420",
ORD-2026-048902,2026-04-21,CUS-01318,PRD-0067,6,"12,380","74,280",
ORD-2026-048906,2026-04-21,CUS-01769,PRD-0072,4,"42,600","170,400",
ORD-2026-048911,2026-04-21,CUS-01511,PRD-0083,5,"23,690","118,450",
ORD-2026-048915,2026-04-21,CUS-00492,PRD-0086,1,"28,180","28,180",
ORD-2026-048922,2026-04-21,CUS-01450,PRD-0090,4,"37,690","150,760",
ORD-2026-048925,2026-04-21,CUS-00765,PRD-0093,4,"23,080","92,320",
ORD-2026-048927,2026-04-21,CUS-02151,PRD-0108,3,"30,750","92,250",
ORD-2026-048928,2026-04-21,CUS-01753,PRD-0108,32,"30,750","984,000",
ORD-2026-048935,2026-04-21,CUS-00876,PRD-0125,10,"15,380","153,800",
ORD-2026-048940,2026-04-21,CUS-01764,PRD-0147,5,"32,330","161,650",
ORD-2026-048954,2026-04-21,CUS-01457,PRD-0161,29,"32,640","946,560",
ORD-2026-048955,2026-04-21,CUS-01119,PRD-0161,3,"32,640","97,920",
ORD-2026-048967,2026-04-22,CUS-00720,PRD-0021,6,"19,390","116,340",
ORD-2026-048968,2026-04-22,CUS-01055,PRD-0029,4,"11,070","44,280",
ORD-2026-048981,2026-04-22,CUS-01450,PRD-0058,6,"17,980","107,880",
ORD-2026-048983,2026-04-22,CUS-00359,PRD-0061,17,"16,320","277,440",
ORD-2026-048992,2026-04-22,CUS-01883,PRD-0083,4,"23,690","94,760",
ORD-2026-049003,2026-04-22,CUS-01303,PRD-0090,2,"37,690","75,380",
ORD-2026-049004,2026-04-22,CUS-00514,PRD-0090,20,"37,690","753,800",
ORD-2026-049005,2026-04-22,CUS-01481,PRD-0090,8,"37,690","301,520",
ORD-2026-049011,2026-04-22,CUS-00798,PRD-0108,7,"30,750","215,250",
ORD-2026-049014,2026-04-22,CUS-01804,PRD-0118,11,"23,110","254,210",
ORD-2026-049015,2026-04-22,CUS-01354,PRD-0118,6,"23,110","138,660",
ORD-2026-049018,2026-04-22,CUS-02091,PRD-0121,4,"26,430","105,720",
ORD-2026-049024,2026-04-22,CUS-02399,PRD-0128,18,"20,590","370,620",
ORD-2026-049025,2026-04-22,CUS-00468,PRD-0128,6,"20,590","123,540",
ORD-2026-049026,2026-04-22,,PRD-0134,5,"34,970","174,850",
ORD-2026-049032,2026-04-22,CUS-01657,PRD-0142,3,"52,030","156,090",
ORD-2026-049034,2026-04-22,CUS-02316,PRD-0150,9,"47,850","430,650",
ORD-2026-049041,2026-04-22,CUS-01089,PRD-0156,13,"58,570","761,410",
ORD-2026-049065,2026-04-23,CUS-01389,PRD-0062,5,"17,890","89,450",
ORD-2026-049067,2026-04-23,CUS-00003,PRD-0064,5,"36,350","181,750",
ORD-2026-049077,2026-04-23,CUS-01122,PRD-0085,3,"32,580","97,740",
ORD-2026-049082,2026-04-23,CUS-01325,PRD-0090,9,"37,690","339,210",
ORD-2026-049086,2026-04-23,CUS-01457,PRD-0098,9,"15,320","137,880",
ORD-2026-049090,2026-04-23,CUS-00373,PRD-0100,8,"20,780","166,240",
ORD-2026-049091,2026-04-23,CUS-01022,PRD-0105,7,"41,060","287,420",
ORD-2026-049096,2026-04-23,CUS-02339,PRD-0118,10,"23,110","231,100",
ORD-2026-049105,2026-04-23,CUS-01010,PRD-0135,8,"32,900","263,200",
ORD-2026-049107,2026-04-23,CUS-00134,PRD-0139,12,"33,360","400,320",
ORD-2026-049120,2026-04-23,CUS-00196,PRD-0160,28,"32,940","922,320",
ORD-2026-049121,2026-04-23,CUS-02424,PRD-0160,4,"32,940","131,760",
ORD-2026-049126,2026-04-23,CUS-00455,PRD-0166,1,"25,650","25,650",
ORD-2026-049127,2026-04-23,CUS-00921,PRD-0167,10,"14,020","140,200",
ORD-2026-049131,2026-04-24,CUS-00788,PRD-0007,2,"17,070","34,140",
ORD-2026-049159,2026-04-24,CUS-01173,PRD-0077,9,"31,120","280,080",
ORD-2026-049160,2026-04-24,CUS-02145,PRD-0079,14,"46,870","656,180",
ORD-2026-049164,2026-04-24,CUS-00823,PRD-0086,6,"28,180","169,080",
ORD-2026-049172,2026-04-24,CUS-02046,PRD-0090,4,"37,690","150,760",
ORD-2026-049173,2026-04-24,CUS-00222,PRD-0090,9,"37,690","339,210",
ORD-2026-049174,2026-04-24,CUS-02311,PRD-0090,5,"37,690","188,450",
ORD-2026-049178,2026-04-24,CUS-01378,PRD-0098,4,"15,320","61,280",
ORD-2026-049183,2026-04-24,,PRD-0103,13,"38,480","500,240",
ORD-2026-049186,2026-04-24,CUS-02330,PRD-0108,8,"30,750","246,000",
ORD-2026-049187,2026-04-24,CUS-00341,PRD-0108,8,"30,750","246,000",
ORD-2026-049191,2026-04-24,CUS-00284,PRD-0121,7,"26,430","185,010",
ORD-2026-049195,2026-04-24,CUS-00969,PRD-0125,10,"15,380","153,800",
ORD-2026-049200,2026-04-24,CUS-00339,PRD-0135,3,"32,900","98,700",
ORD-2026-049203,2026-04-24,CUS-00702,PRD-0145,6,"31,800","190,800",
ORD-2026-049204,2026-04-24,CUS-01285,PRD-0145,5,"31,800","159,000",
ORD-2026-049208,2026-04-24,CUS-01754,PRD-0151,9,"42,840","385,560",
ORD-2026-049210,2026-04-24,CUS-00670,PRD-0156,10,"58,570","585,700",
ORD-2026-049211,2026-04-24,CUS-00186,PRD-0156,13,"58,570","761,410",
ORD-2026-049220,2026-04-25,CUS-00771,PRD-0004,13,"4,490","58,370",
ORD-2026-049223,2026-04-25,CUS-00188,PRD-0012,4,"18,410","73,640",
ORD-2026-049227,2026-04-25,CUS-00985,PRD-0018,7,"62,570","437,990",
ORD-2026-049229,2026-04-25,CUS-00455,PRD-0020,16,"29,210","467,360",
ORD-2026-049232,2026-04-25,CUS-02363,PRD-0033,5,"11,040","55,200",
ORD-2026-049233,2026-04-25,CUS-01832,PRD-0037,7,"25,650","179,550",
ORD-2026-049234,2026-04-25,CUS-01315,PRD-0040,4,"14,100","56,400",
ORD-2026-049247,2026-04-25,CUS-00938,PRD-0086,30,"28,180","845,400",
ORD-2026-049252,2026-04-25,CUS-02214,PRD-0090,3,"37,690","113,070",
ORD-2026-049253,2026-04-25,CUS-02370,PRD-0090,5,"37,690","188,450",
ORD-2026-049254,2026-04-25,CUS-02091,PRD-0098,10,"15,320","153,200",
ORD-2026-049256,2026-04-25,CUS-02052,PRD-0100,16,"20,780","332,480",
ORD-2026-049281,2026-04-25,CUS-01009,PRD-0168,11,"19,490","214,390",
ORD-2026-049287,2026-04-26,CUS-00198,PRD-0057,5,"18,040","90,200",
ORD-2026-049296,2026-04-26,CUS-00739,PRD-0109,6,"30,700","184,200",
ORD-2026-049303,2026-04-26,CUS-00805,PRD-0161,2,"32,640","65,280",
ORD-2026-049310,2026-04-27,CUS-01471,PRD-0011,14,"17,170","240,380",
ORD-2026-049312,2026-04-27,CUS-00790,PRD-0033,2,"11,040","22,080",
ORD-2026-049321,2026-04-27,CUS-02047,PRD-0054,5,"17,260","86,300",
ORD-2026-049334,2026-04-27,CUS-00392,PRD-0076,19,"28,050","532,950",
ORD-2026-049338,2026-04-27,CUS-00745,PRD-0080,9,"23,900","215,100",
ORD-2026-049340,2026-04-27,CUS-00996,PRD-0082,13,"30,730","399,490",
ORD-2026-049342,2026-04-27,CUS-01765,PRD-0085,4,"32,580","130,320",
ORD-2026-049343,2026-04-27,CUS-00027,PRD-0085,1,"32,580","32,580",
ORD-2026-049347,2026-04-27,CUS-00773,PRD-0087,7,"24,070","168,490",
ORD-2026-049355,2026-04-27,CUS-01709,PRD-0090,5,"37,690","188,450",
ORD-2026-049356,2026-04-27,CUS-00080,PRD-0090,10,"37,690","376,900",
ORD-2026-049357,2026-04-27,CUS-00135,PRD-0090,11,"37,690","414,590",
ORD-2026-049358,2026-04-27,CUS-01586,PRD-0093,10,"23,080","230,800",
ORD-2026-049369,2026-04-27,CUS-02317,PRD-0112,9,"15,500","139,500",
ORD-2026-049370,2026-04-27,CUS-01733,PRD-0118,3,"23,110","69,330",
ORD-2026-049371,2026-04-27,CUS-02417,PRD-0118,2,"23,110","46,220",
ORD-2026-049381,2026-04-27,CUS-00003,PRD-0125,4,"15,380","61,520",
ORD-2026-049383,2026-04-27,CUS-02278,PRD-0126,2,"29,270","58,540",
ORD-2026-049386,2026-04-27,CUS-00183,PRD-0138,3,"27,020","81,060",
ORD-2026-049390,2026-04-27,CUS-00240,PRD-0145,8,"31,800","254,400",
ORD-2026-049391,2026-04-27,CUS-02357,PRD-0145,12,"31,800","381,600",
ORD-2026-049396,2026-04-27,CUS-01396,PRD-0151,6,"42,840","257,040",
ORD-2026-049397,2026-04-27,CUS-01288,PRD-0151,8,"42,840","342,720",
ORD-2026-049411,2026-04-27,CUS-01095,PRD-0169,28,"15,310","428,680",
ORD-2026-049414,2026-04-28,CUS-01415,PRD-0031,10,"36,660","366,600",
ORD-2026-049417,2026-04-28,CUS-01059,PRD-0037,14,"25,650","359,100",
ORD-2026-049427,2026-04-28,CUS-00322,PRD-0069,17,"17,210","292,570",
ORD-2026-049430,2026-04-28,CUS-00272,PRD-0077,4,"31,120","124,480",
ORD-2026-049433,2026-04-28,CUS-00845,PRD-0086,10,"28,180","281,800",
ORD-2026-049440,2026-04-28,CUS-01580,PRD-0090,3,"37,690","113,070",
ORD-2026-049463,2026-04-28,CUS-02151,PRD-0151,6,"42,840","257,040",
ORD-2026-049464,2026-04-28,CUS-00519,PRD-0153,18,"24,220","435,960",
ORD-2026-049467,2026-04-28,CUS-00748,PRD-0160,15,"32,940","494,100",
ORD-2026-049470,2026-04-28,CUS-01526,PRD-0161,3,"32,640","97,920",
ORD-2026-049475,2026-04-28,CUS-01768,PRD-0166,20,"25,650","513,000",
ORD-2026-049476,2026-04-28,CUS-00267,PRD-0166,7,"25,650","179,550",
ORD-2026-049477,2026-04-28,CUS-02175,PRD-0170,7,"17,370","121,590",
ORD-2026-049487,2026-04-29,,PRD-0039,7,"14,770","103,390",
ORD-2026-049495,2026-04-29,CUS-00310,PRD-0062,10,"17,890","178,900",
ORD-2026-049509,2026-04-29,CUS-00627,PRD-0090,8,"37,690","301,520",
ORD-2026-049513,2026-04-29,CUS-02265,PRD-0098,12,"15,320","183,840",
ORD-2026-049522,2026-04-29,CUS-00521,PRD-0111,10,"12,240","122,400",
ORD-2026-049528,2026-04-29,CUS-02072,PRD-0118,11,"23,110","254,210",
ORD-2026-049530,2026-04-29,CUS-01840,PRD-0120,8,"14,740","117,920",
ORD-2026-049541,2026-04-29,CUS-01087,PRD-0151,12,"42,840","514,080",
ORD-2026-049542,2026-04-29,CUS-01921,PRD-0151,5,"42,840","214,200",
ORD-2026-049543,2026-04-29,CUS-01916,PRD-0153,3,"24,220","72,660",
ORD-2026-049544,2026-04-29,CUS-02014,PRD-0154,13,"42,470","552,110",
ORD-2026-049551,2026-04-29,CUS-00628,PRD-0161,10,"32,640","326,400",
ORD-2026-049559,2026-04-30,CUS-01422,PRD-0009,8,"18,390","147,120",
ORD-2026-049564,2026-04-30,CUS-02303,PRD-0032,6,"20,370","122,220",
ORD-2026-049570,2026-04-30,CUS-00765,PRD-0045,5,"7,340","36,700",
ORD-2026-049572,2026-04-30,CUS-00345,PRD-0051,6,"43,070","258,420",
ORD-2026-049585,2026-04-30,CUS-00788,PRD-0081,4,"42,190","168,760",
ORD-2026-049586,2026-04-30,CUS-01237,PRD-0082,13,"30,730","399,490",
ORD-2026-049590,2026-04-30,CUS-02073,PRD-0084,7,"27,760","194,320",
ORD-2026-049595,2026-04-30,CUS-00747,PRD-0086,1,"28,180","28,180",
ORD-2026-049599,2026-04-30,CUS-00733,PRD-0090,6,"37,690","226,140",
ORD-2026-049602,2026-04-30,CUS-00199,PRD-0098,23,"15,320","352,360",
ORD-2026-049604,2026-04-30,CUS-00373,PRD-0106,6,"41,890","251,340",
ORD-2026-049611,2026-04-30,CUS-01525,PRD-0115,9,"21,210","190,890",
ORD-2026-049620,2026-04-30,CUS-01247,PRD-0135,6,"32,900","197,400",
ORD-2026-049638,2026-04-30,CUS-01415,PRD-0169,16,"15,310","244,960",
ORD-2026-049639,2026-04-30,CUS-00796,PRD-0169,7,"15,310","107,170",
ORD-2026-049647,2026-05-01,CUS-01607,PRD-0016,11,"42,680","469,480",
ORD-2026-049649,2026-05-01,CUS-01284,PRD-0018,7,"62,570","437,990",
ORD-2026-049664,2026-05-01,CUS-00003,PRD-0051,8,"43,070","344,560",
ORD-2026-049680,2026-05-01,CUS-01191,PRD-0085,6,"32,580","195,480",
ORD-2026-049683,2026-05-01,CUS-02083,PRD-0086,23,"28,180","648,140",
ORD-2026-049688,2026-05-01,CUS-01693,PRD-0090,12,"37,690","452,280",
ORD-2026-049695,2026-05-01,CUS-01058,PRD-0103,7,"38,480","269,360",
ORD-2026-049698,2026-05-01,CUS-00345,PRD-0108,7,"30,750","215,250",
ORD-2026-049700,2026-05-01,CUS-00024,PRD-0117,4,"17,520","70,080",
ORD-2026-049710,2026-05-01,CUS-02343,PRD-0125,10,"15,380","153,800",
ORD-2026-049720,2026-05-01,CUS-01313,PRD-0142,7,"52,030","364,210",
ORD-2026-049729,2026-05-01,CUS-02102,PRD-0153,3,"24,220","72,660",
ORD-2026-049740,2026-05-01,CUS-00643,PRD-0161,8,"32,640","261,120",
ORD-2026-049744,2026-05-01,CUS-01318,PRD-0166,4,"25,650","102,600",
ORD-2026-049745,2026-05-01,CUS-01620,PRD-0170,9,"17,370","156,330",
ORD-2026-049756,2026-05-02,CUS-01604,PRD-0035,11,"13,660","150,260",
ORD-2026-049760,2026-05-02,CUS-01314,PRD-0039,6,"14,770","88,620",
ORD-2026-049772,2026-05-02,CUS-00984,PRD-0077,16,"31,120","497,920",
ORD-2026-049787,2026-05-02,CUS-01544,PRD-0120,9,"14,740","132,660",
ORD-2026-049791,2026-05-02,CUS-02067,PRD-0131,5,"31,140","155,700",
ORD-2026-049795,2026-05-02,CUS-00898,PRD-0150,16,"47,850","765,600",
ORD-2026-049799,2026-05-02,CUS-01474,PRD-0151,4,"42,840","171,360",
ORD-2026-049800,2026-05-02,CUS-01058,PRD-0151,5,"42,840","214,200",
ORD-2026-049801,2026-05-02,CUS-01972,PRD-0151,31,"42,840","1,328,040",
ORD-2026-049803,2026-05-02,CUS-00365,PRD-0153,5,"24,220","121,100",
ORD-2026-049809,2026-05-03,CUS-00477,PRD-0011,3,"17,170","51,510",
ORD-2026-049810,2026-05-03,CUS-02268,PRD-0015,24,"8,500","204,000",
ORD-2026-049812,2026-05-03,CUS-00996,PRD-0037,7,"25,650","179,550",
ORD-2026-049820,2026-05-03,CUS-01022,PRD-0100,2,"20,780","41,560",
ORD-2026-049826,2026-05-03,CUS-00754,PRD-0126,9,"29,270","263,430",
ORD-2026-049836,2026-05-04,CUS-00876,PRD-0011,3,"17,170","51,510",
ORD-2026-049845,2026-05-04,CUS-00984,PRD-0050,12,"5,420","65,040",
ORD-2026-049854,2026-05-04,CUS-02046,PRD-0077,12,"31,120","373,440",
ORD-2026-049869,2026-05-04,CUS-00514,PRD-0090,4,"37,690","150,760",
ORD-2026-049870,2026-05-04,CUS-00377,PRD-0091,10,"27,010","270,100",
ORD-2026-049887,2026-05-04,CUS-00245,PRD-0121,7,"26,430","185,010",
ORD-2026-049903,2026-05-04,CUS-00531,PRD-0153,15,"24,220","363,300",
ORD-2026-049905,2026-05-04,CUS-01092,PRD-0157,10,"24,810","248,100",
ORD-2026-049912,2026-05-04,CUS-00836,PRD-0161,18,"32,640","587,520",
ORD-2026-049917,2026-05-04,CUS-01022,PRD-0167,2,"14,020","28,040",
ORD-2026-049923,2026-05-05,CUS-02311,PRD-0018,18,"62,570","1,126,260",
ORD-2026-049924,2026-05-05,CUS-01607,PRD-0020,10,"29,210","292,100",
ORD-2026-049926,2026-05-05,CUS-02265,PRD-0025,2,"5,090","10,180",
ORD-2026-049935,2026-05-05,CUS-01314,PRD-0061,15,"16,320","244,800",
ORD-2026-049943,2026-05-05,CUS-02496,PRD-0065,3,"34,000","102,000",
ORD-2026-049958,2026-05-05,CUS-02339,PRD-0090,7,"37,690","263,830",
ORD-2026-049960,2026-05-05,CUS-01193,PRD-0091,1,"27,010","27,010",
ORD-2026-049964,2026-05-05,CUS-00745,PRD-0100,22,"20,780","457,160",
ORD-2026-049966,2026-05-05,CUS-01704,PRD-0108,8,"30,750","246,000",
ORD-2026-049968,2026-05-05,CUS-02328,PRD-0111,7,"12,240","85,680",
ORD-2026-049970,2026-05-05,CUS-02075,PRD-0118,7,"23,110","161,770",
ORD-2026-049972,2026-05-05,CUS-02248,PRD-0120,5,"14,740","73,700",
ORD-2026-049978,2026-05-05,CUS-02072,PRD-0146,5,"34,820","174,100",
ORD-2026-049981,2026-05-05,CUS-00984,PRD-0153,5,"24,220","121,100",
ORD-2026-049985,2026-05-05,CUS-00670,PRD-0160,22,"32,940","724,680",
ORD-2026-049986,2026-05-05,CUS-01500,PRD-0160,2,"32,940","65,880",
ORD-2026-049990,2026-05-05,CUS-01856,PRD-0161,6,"32,640","195,840",
ORD-2026-049997,2026-05-06,CUS-02173,PRD-0004,3,"4,490","13,470",
ORD-2026-049998,2026-05-06,,PRD-0006,14,"3,060","42,840",
ORD-2026-050000,2026-05-06,CUS-02173,PRD-0007,6,"17,070","102,420",
ORD-2026-050007,2026-05-06,CUS-01500,PRD-0028,3,"4,910","14,730",
ORD-2026-050013,2026-05-06,CUS-01724,PRD-0048,5,"16,870","84,350",
ORD-2026-050017,2026-05-06,CUS-01111,PRD-0060,16,"57,540","920,640",
ORD-2026-050019,2026-05-06,CUS-00222,PRD-0062,11,"17,890","196,790",
ORD-2026-050025,2026-05-06,CUS-01589,PRD-0077,23,"31,120","715,760",
ORD-2026-050026,2026-05-06,CUS-01240,PRD-0078,1,"33,720","33,720",
ORD-2026-050033,2026-05-06,CUS-01764,PRD-0086,21,"28,180","591,780",
ORD-2026-050044,2026-05-06,CUS-00996,PRD-0095,8,"20,290","162,320",
ORD-2026-050047,2026-05-06,CUS-01765,PRD-0100,16,"20,780","332,480",
ORD-2026-050050,2026-05-06,CUS-00471,PRD-0117,34,"17,520","595,680",
ORD-2026-050055,2026-05-06,CUS-00054,PRD-0121,6,"26,430","158,580",
ORD-2026-050056,2026-05-06,CUS-00564,PRD-0121,12,"26,430","317,160",
ORD-2026-050065,2026-05-06,CUS-00427,PRD-0148,19,"27,270","518,130",
ORD-2026-050073,2026-05-06,CUS-02244,PRD-0151,10,"42,840","428,400",
ORD-2026-050078,2026-05-06,CUS-00773,PRD-0161,5,"32,640","163,200",
ORD-2026-050079,2026-05-06,,PRD-0161,10,"32,640","326,400",
ORD-2026-050086,2026-05-07,CUS-01392,PRD-0004,6,"4,490","26,940",
ORD-2026-050087,2026-05-07,CUS-01059,PRD-0011,15,"17,170","257,550",
ORD-2026-050095,2026-05-07,CUS-00956,PRD-0049,5,"18,190","90,950",
ORD-2026-050097,2026-05-07,CUS-00390,PRD-0056,7,"25,020","175,140",
ORD-2026-050099,2026-05-07,CUS-02176,PRD-0057,7,"18,040","126,280",
ORD-2026-050101,2026-05-07,CUS-01581,PRD-0059,7,"50,810","355,670",
ORD-2026-050107,2026-05-07,CUS-00027,PRD-0065,12,"34,000","408,000",
ORD-2026-050108,2026-05-07,CUS-02357,PRD-0068,15,"16,320","244,800",
ORD-2026-050111,2026-05-07,CUS-01788,PRD-0077,20,"31,120","622,400",
ORD-2026-050112,2026-05-07,CUS-01988,PRD-0077,10,"31,120","311,200",
ORD-2026-050118,2026-05-07,CUS-00284,PRD-0084,6,"27,760","166,560",
ORD-2026-050132,2026-05-07,CUS-00395,PRD-0096,5,"23,060","115,300",
ORD-2026-050134,2026-05-07,CUS-01457,PRD-0100,2,"20,780","41,560",
ORD-2026-050138,2026-05-07,CUS-02145,PRD-0121,3,"26,430","79,290",
ORD-2026-050148,2026-05-07,CUS-00339,PRD-0142,10,"52,030","520,300",
ORD-2026-050149,2026-05-07,CUS-01607,PRD-0142,2,"52,030","104,060",
ORD-2026-050155,2026-05-07,,PRD-0151,2,"42,840","85,680",
ORD-2026-050159,2026-05-07,CUS-00921,PRD-0161,13,"32,640","424,320",
ORD-2026-050166,2026-05-08,CUS-00996,PRD-0004,4,"4,490","17,960",
ORD-2026-050169,2026-05-08,CUS-01972,PRD-0011,5,"17,170","85,850",
ORD-2026-050180,2026-05-08,,PRD-0057,2,"18,040","36,080",
ORD-2026-050210,2026-05-08,CUS-01698,PRD-0090,8,"37,690","301,520",
ORD-2026-050211,2026-05-08,CUS-01403,PRD-0090,15,"37,690","565,350",
ORD-2026-050212,2026-05-08,CUS-01186,PRD-0090,2,"37,690","75,380",
ORD-2026-050228,2026-05-08,CUS-01430,PRD-0125,2,"15,380","30,760",
ORD-2026-050229,2026-05-08,CUS-00471,PRD-0126,15,"29,270","439,050",
ORD-2026-050231,2026-05-08,CUS-01559,PRD-0133,12,"27,960","335,520",
ORD-2026-050240,2026-05-08,CUS-01383,PRD-0151,2,"42,840","85,680",
ORD-2026-050254,2026-05-09,CUS-00805,PRD-0004,1,"4,490","4,490",
ORD-2026-050260,2026-05-09,CUS-00154,PRD-0025,5,"5,090","25,450",
ORD-2026-050278,2026-05-09,CUS-01273,PRD-0077,5,"31,120","155,600",
ORD-2026-050294,2026-05-09,CUS-00397,PRD-0090,12,"37,690","452,280",
ORD-2026-050295,2026-05-09,CUS-01797,PRD-0090,17,"37,690","640,730",
ORD-2026-050298,2026-05-09,CUS-00860,PRD-0116,4,"17,680","70,720",
ORD-2026-050300,2026-05-09,CUS-01347,PRD-0118,1,"23,110","23,110",
ORD-2026-050301,2026-05-09,CUS-02161,PRD-0121,23,"26,430","607,890",
ORD-2026-050303,2026-05-09,CUS-01500,PRD-0122,3,"19,140","57,420",
ORD-2026-050307,2026-05-09,CUS-00783,PRD-0135,12,"32,900","394,800",
ORD-2026-050309,2026-05-09,CUS-00082,PRD-0138,8,"27,020","216,160",
ORD-2026-050317,2026-05-09,CUS-01169,PRD-0160,18,"32,940","592,920",
ORD-2026-050318,2026-05-09,CUS-01802,PRD-0160,3,"32,940","98,820",
ORD-2026-050320,2026-05-09,CUS-00985,PRD-0161,4,"32,640","130,560",
ORD-2026-050327,2026-05-10,CUS-01090,PRD-0031,3,"36,660","109,980",
ORD-2026-050339,2026-05-10,CUS-00780,PRD-0123,10,"14,410","144,100",
ORD-2026-050343,2026-05-10,CUS-00684,PRD-0138,5,"27,020","135,100",
ORD-2026-050355,2026-05-11,CUS-00284,PRD-0025,6,"5,090","30,540",
ORD-2026-050357,2026-05-11,CUS-00341,PRD-0030,5,"25,250","126,250",
ORD-2026-050359,2026-05-11,,PRD-0045,23,"7,340","168,820",
ORD-2026-050367,2026-05-11,CUS-01009,PRD-0060,10,"57,540","575,400",
ORD-2026-050373,2026-05-11,CUS-00199,PRD-0083,8,"23,690","189,520",
ORD-2026-050374,2026-05-11,CUS-01733,PRD-0083,20,"23,690","473,800",
ORD-2026-050388,2026-05-11,CUS-00267,PRD-0090,8,"37,690","301,520",
ORD-2026-050389,2026-05-11,CUS-00790,PRD-0090,18,"37,690","678,420",
ORD-2026-050401,2026-05-11,CUS-02424,PRD-0121,2,"26,430","52,860",
ORD-2026-050402,2026-05-11,CUS-01139,PRD-0122,13,"19,140","248,820",
ORD-2026-050403,2026-05-11,CUS-02011,PRD-0122,29,"19,140","555,060",
ORD-2026-050408,2026-05-11,CUS-00044,PRD-0135,3,"32,900","98,700",
ORD-2026-050411,2026-05-11,CUS-01477,PRD-0149,7,"45,880","321,160",
ORD-2026-050417,2026-05-11,CUS-01935,PRD-0151,17,"42,840","728,280",
ORD-2026-050418,2026-05-11,CUS-01268,PRD-0151,19,"42,840","813,960",
ORD-2026-050419,2026-05-11,CUS-02119,PRD-0151,19,"42,840","813,960",
ORD-2026-050424,2026-05-11,CUS-02267,PRD-0161,6,"32,640","195,840",
ORD-2026-050436,2026-05-12,CUS-02339,PRD-0037,4,"25,650","102,600",
ORD-2026-050440,2026-05-12,CUS-00929,PRD-0045,5,"7,340","36,700",
ORD-2026-050450,2026-05-12,CUS-00365,PRD-0061,2,"16,320","32,640",
ORD-2026-050456,2026-05-12,CUS-01498,PRD-0077,3,"31,120","93,360",
ORD-2026-050469,2026-05-12,CUS-02108,PRD-0090,5,"37,690","188,450",
ORD-2026-050470,2026-05-12,CUS-00348,PRD-0090,14,"37,690","527,660",
ORD-2026-050495,2026-05-12,CUS-00773,PRD-0156,7,"58,570","409,990",
ORD-2026-050498,2026-05-12,CUS-01383,PRD-0160,15,"32,940","494,100",
ORD-2026-050503,2026-05-12,CUS-00786,PRD-0161,5,"32,640","163,200",
ORD-2026-050505,2026-05-12,CUS-00181,PRD-0165,2,"23,380","46,760",
ORD-2026-050518,2026-05-13,CUS-00734,PRD-0017,6,"39,680","238,080",
ORD-2026-050529,2026-05-13,CUS-01364,PRD-0041,14,"6,830","95,620",
ORD-2026-050539,2026-05-13,CUS-00442,PRD-0062,12,"17,890","214,680",
ORD-2026-050543,2026-05-13,CUS-00283,PRD-0070,3,"19,240","57,720",
ORD-2026-050544,2026-05-13,CUS-00758,PRD-0074,14,"38,390","537,460",
ORD-2026-050555,2026-05-13,CUS-00670,PRD-0092,13,"30,260","393,380",
ORD-2026-050570,2026-05-13,CUS-00929,PRD-0120,25,"14,740","368,500",
ORD-2026-050571,2026-05-13,CUS-00788,PRD-0121,2,"26,430","52,860",
ORD-2026-050572,2026-05-13,CUS-02145,PRD-0122,5,"19,140","95,700",
ORD-2026-050573,2026-05-13,CUS-01100,PRD-0125,15,"15,380","230,700",
ORD-2026-050574,2026-05-13,CUS-00027,PRD-0125,10,"15,380","153,800",
ORD-2026-050575,2026-05-13,CUS-01477,PRD-0135,5,"32,900","164,500",
ORD-2026-050591,2026-05-13,,PRD-0160,8,"32,940","263,520",
ORD-2026-050598,2026-05-14,CUS-00342,PRD-0009,5,"18,390","91,950",
ORD-2026-050609,2026-05-14,CUS-01538,PRD-0037,11,"25,650","282,150",
ORD-2026-050616,2026-05-14,CUS-01518,PRD-0053,11,"38,950","428,450",
ORD-2026-050622,2026-05-14,CUS-01604,PRD-0065,7,"34,000","238,000",
ORD-2026-050638,2026-05-14,CUS-00147,PRD-0083,3,"23,690","71,070",
ORD-2026-050671,2026-05-14,CUS-00767,PRD-0128,34,"20,590","700,060",
ORD-2026-050677,2026-05-14,CUS-01240,PRD-0145,9,"31,800","286,200",
ORD-2026-050681,2026-05-14,CUS-01859,PRD-0150,4,"47,850","191,400",
ORD-2026-050686,2026-05-14,CUS-00167,PRD-0151,4,"42,840","171,360",
ORD-2026-050688,2026-05-14,CUS-00355,PRD-0153,9,"24,220","217,980",
ORD-2026-050695,2026-05-14,CUS-01328,PRD-0167,3,"14,020","42,060",
ORD-2026-050700,2026-05-15,CUS-00471,PRD-0017,10,"39,680","396,800",
ORD-2026-050702,2026-05-15,CUS-02098,PRD-0023,3,"16,940","50,820",
ORD-2026-050703,2026-05-15,CUS-01378,PRD-0023,16,"16,940","271,040",
ORD-2026-050705,2026-05-15,CUS-02387,PRD-0025,6,"5,090","30,540",
ORD-2026-050708,2026-05-15,CUS-00898,PRD-0035,6,"13,660","81,960",
ORD-2026-050713,2026-05-15,CUS-00702,PRD-0048,8,"16,870","134,960",
ORD-2026-050727,2026-05-15,CUS-00230,PRD-0071,4,"17,380","69,520",
ORD-2026-050728,2026-05-15,CUS-02317,PRD-0076,6,"28,050","168,300",
ORD-2026-050729,2026-05-15,CUS-01688,PRD-0079,9,"46,870","421,830",
ORD-2026-050734,2026-05-15,CUS-01620,PRD-0081,2,"42,190","84,380",
ORD-2026-050736,2026-05-15,CUS-01560,PRD-0086,8,"28,180","225,440",
ORD-2026-050746,2026-05-15,CUS-00134,PRD-0090,3,"37,690","113,070",
ORD-2026-050747,2026-05-15,CUS-02159,PRD-0090,2,"37,690","75,380",
ORD-2026-050761,2026-05-15,CUS-01088,PRD-0109,13,"30,700","399,100",
ORD-2026-050763,2026-05-15,CUS-01377,PRD-0112,6,"15,500","93,000",
ORD-2026-050768,2026-05-15,CUS-00047,PRD-0118,13,"23,110","300,430",
ORD-2026-050775,2026-05-15,CUS-00154,PRD-0125,3,"15,380","46,140",
ORD-2026-050786,2026-05-15,CUS-01139,PRD-0135,19,"32,900","625,100",
ORD-2026-050795,2026-05-15,CUS-01457,PRD-0151,24,"42,840","1,028,160",
ORD-2026-050802,2026-05-15,CUS-00109,PRD-0165,8,"23,380","187,040",
ORD-2026-050811,2026-05-16,CUS-00026,PRD-0016,10,"42,680","426,800",
ORD-2026-050817,2026-05-16,,PRD-0026,8,"4,150","33,200",
ORD-2026-050838,2026-05-16,CUS-01717,PRD-0103,6,"38,480","230,880",
ORD-2026-050850,2026-05-16,CUS-01688,PRD-0125,4,"15,380","61,520",
ORD-2026-050859,2026-05-16,CUS-02191,PRD-0147,6,"32,330","193,980",
ORD-2026-050860,2026-05-16,CUS-00349,PRD-0149,3,"45,880","137,640",
ORD-2026-050869,2026-05-17,CUS-01203,PRD-0004,7,"4,490","31,430",
ORD-2026-050880,2026-05-17,CUS-00134,PRD-0098,23,"15,320","352,360",
ORD-2026-050884,2026-05-17,CUS-02418,PRD-0108,12,"30,750","369,000",
ORD-2026-050885,2026-05-17,CUS-00813,PRD-0125,10,"15,380","153,800",
ORD-2026-050886,2026-05-17,CUS-01671,PRD-0131,14,"31,140","435,960",
ORD-2026-050890,2026-05-17,,PRD-0163,16,"27,790","444,640",
ORD-2026-050901,2026-05-18,CUS-01481,PRD-0023,29,"16,940","491,260",
ORD-2026-050904,2026-05-18,CUS-00860,PRD-0037,18,"25,650","461,700",
ORD-2026-050910,2026-05-18,CUS-00047,PRD-0056,12,"25,020","300,240",
ORD-2026-050911,2026-05-18,CUS-00985,PRD-0057,4,"18,040","72,160",
ORD-2026-050928,2026-05-18,CUS-02057,PRD-0090,7,"37,690","263,830",
ORD-2026-050929,2026-05-18,CUS-01709,PRD-0090,2,"37,690","75,380",
ORD-2026-050930,2026-05-18,CUS-01415,PRD-0090,19,"37,690","716,110",
ORD-2026-050935,2026-05-18,CUS-00786,PRD-0098,12,"15,320","183,840",
ORD-2026-050942,2026-05-18,CUS-01974,PRD-0115,13,"21,210","275,730",
ORD-2026-050945,2026-05-18,CUS-01396,PRD-0118,2,"23,110","46,220",
ORD-2026-050947,2026-05-18,CUS-01974,PRD-0121,15,"26,430","396,450",
ORD-2026-050948,2026-05-18,CUS-00408,PRD-0123,5,"14,410","72,050",
ORD-2026-050954,2026-05-18,CUS-02433,PRD-0125,9,"15,380","138,420",
ORD-2026-050959,2026-05-18,CUS-01797,PRD-0137,10,"27,650","276,500",
ORD-2026-050971,2026-05-18,CUS-01765,PRD-0151,7,"42,840","299,880",
ORD-2026-050974,2026-05-18,CUS-00392,PRD-0156,7,"58,570","409,990",
ORD-2026-050975,2026-05-18,CUS-02316,PRD-0160,3,"32,940","98,820",
ORD-2026-050981,2026-05-18,CUS-01544,PRD-0165,14,"23,380","327,320",
ORD-2026-050982,2026-05-18,CUS-00631,PRD-0165,7,"23,380","163,660",
ORD-2026-051006,2026-05-19,CUS-01929,PRD-0060,10,"57,540","575,400",
ORD-2026-051008,2026-05-19,CUS-02417,PRD-0067,3,"12,380","37,140",
ORD-2026-051016,2026-05-19,CUS-02274,PRD-0077,8,"31,120","248,960",
ORD-2026-051029,2026-05-19,CUS-01651,PRD-0090,37,"37,690","1,394,530",
ORD-2026-051036,2026-05-19,CUS-01196,PRD-0098,6,"15,320","91,920",
ORD-2026-051040,2026-05-19,CUS-01273,PRD-0105,6,"41,060","246,360",
ORD-2026-051044,2026-05-19,CUS-01266,PRD-0113,8,"10,420","83,360",
ORD-2026-051061,2026-05-19,CUS-01221,PRD-0151,5,"42,840","214,200",
ORD-2026-051062,2026-05-19,CUS-02391,PRD-0153,2,"24,220","48,440",
ORD-2026-051067,2026-05-19,CUS-01461,PRD-0160,1,"32,940","32,940",
ORD-2026-051073,2026-05-20,CUS-01181,PRD-0013,11,"11,970","131,670",
ORD-2026-051077,2026-05-20,CUS-00820,PRD-0018,1,"62,570","62,570",
ORD-2026-051081,2026-05-20,CUS-01089,PRD-0038,12,"15,680","188,160",
ORD-2026-051090,2026-05-20,CUS-00582,PRD-0065,15,"34,000","510,000",
ORD-2026-051100,2026-05-20,CUS-01361,PRD-0085,30,"32,580","977,400",
ORD-2026-051114,2026-05-20,CUS-01831,PRD-0090,6,"37,690","226,140",
ORD-2026-051115,2026-05-20,CUS-00085,PRD-0090,4,"37,690","150,760",
ORD-2026-051116,2026-05-20,CUS-00860,PRD-0090,44,"37,690","1,658,360",
ORD-2026-051133,2026-05-20,CUS-00433,PRD-0135,8,"32,900","263,200",
ORD-2026-051148,2026-05-20,CUS-01119,PRD-0156,12,"58,570","702,840",
ORD-2026-051151,2026-05-20,CUS-00112,PRD-0161,5,"32,640","163,200",
ORD-2026-051153,2026-05-21,CUS-01769,PRD-0005,8,"3,110","24,880",
ORD-2026-051169,2026-05-21,CUS-00234,PRD-0057,4,"18,040","72,160",
ORD-2026-051172,2026-05-21,CUS-02339,PRD-0069,3,"17,210","51,630",
ORD-2026-051177,2026-05-21,CUS-01968,PRD-0080,6,"23,900","143,400",
ORD-2026-051180,2026-05-21,CUS-00428,PRD-0085,2,"32,580","65,160",
ORD-2026-051182,2026-05-21,CUS-00349,PRD-0086,3,"28,180","84,540",
ORD-2026-051187,2026-05-21,CUS-00088,PRD-0090,3,"37,690","113,070",
ORD-2026-051188,2026-05-21,CUS-01709,PRD-0090,8,"37,690","301,520",
ORD-2026-051189,2026-05-21,CUS-01924,PRD-0090,5,"37,690","188,450",
ORD-2026-051200,2026-05-21,CUS-00234,PRD-0118,12,"23,110","277,320",
ORD-2026-051216,2026-05-21,CUS-00238,PRD-0145,14,"31,800","445,200",
ORD-2026-051221,2026-05-21,CUS-01137,PRD-0151,3,"42,840","128,520",
ORD-2026-051223,2026-05-21,CUS-00631,PRD-0157,5,"24,810","124,050",
ORD-2026-051225,2026-05-21,CUS-00455,PRD-0161,2,"32,640","65,280",
ORD-2026-051231,2026-05-22,CUS-00442,PRD-0004,14,"4,490","62,860",
ORD-2026-051244,2026-05-22,CUS-02055,PRD-0039,21,"14,770","310,170",
ORD-2026-051246,2026-05-22,CUS-00221,PRD-0047,2,"19,060","38,120",
ORD-2026-051253,2026-05-22,CUS-01900,PRD-0071,5,"17,380","86,900",
ORD-2026-051255,2026-05-22,CUS-01628,PRD-0077,6,"31,120","186,720",
ORD-2026-051257,2026-05-22,CUS-01237,PRD-0082,5,"30,730","153,650",
ORD-2026-051258,2026-05-22,CUS-01296,PRD-0083,9,"23,690","213,210",
ORD-2026-051274,2026-05-22,CUS-01462,PRD-0090,37,"37,690","1,394,530",
ORD-2026-051275,2026-05-22,CUS-00134,PRD-0090,22,"37,690","829,180",
ORD-2026-051276,2026-05-22,CUS-02108,PRD-0090,14,"37,690","527,660",
ORD-2026-051280,2026-05-22,CUS-01592,PRD-0098,10,"15,320","153,200",
ORD-2026-051290,2026-05-22,CUS-00956,PRD-0110,2,"30,350","60,700",
ORD-2026-051302,2026-05-22,CUS-01481,PRD-0128,5,"20,590","102,950",
ORD-2026-051304,2026-05-22,CUS-00956,PRD-0135,3,"32,900","98,700",
ORD-2026-051305,2026-05-22,CUS-01273,PRD-0135,7,"32,900","230,300",
ORD-2026-051317,2026-05-22,CUS-00310,PRD-0151,9,"42,840","385,560",
ORD-2026-051318,2026-05-22,CUS-01003,PRD-0151,9,"42,840","385,560",
ORD-2026-051319,2026-05-22,CUS-00311,PRD-0151,8,"42,840","342,720",
ORD-2026-051325,2026-05-22,CUS-02023,PRD-0165,9,"23,380","210,420",
ORD-2026-051326,2026-05-22,CUS-00383,PRD-0165,8,"23,380","187,040",
ORD-2026-051331,2026-05-23,CUS-02081,PRD-0004,15,"4,490","67,350",
ORD-2026-051332,2026-05-23,CUS-01139,PRD-0007,2,"17,070","34,140",
ORD-2026-051342,2026-05-23,CUS-01720,PRD-0035,12,"13,660","163,920",
ORD-2026-051346,2026-05-23,CUS-00258,PRD-0045,5,"7,340","36,700",
ORD-2026-051360,2026-05-23,CUS-01920,PRD-0086,5,"28,180","140,900",
ORD-2026-051365,2026-05-23,CUS-01974,PRD-0090,4,"37,690","150,760",
ORD-2026-051371,2026-05-23,CUS-01700,PRD-0100,3,"20,780","62,340",
ORD-2026-051372,2026-05-23,CUS-00205,PRD-0100,6,"20,780","124,680",
ORD-2026-051375,2026-05-23,CUS-00054,PRD-0115,7,"21,210","148,470",
ORD-2026-051377,2026-05-23,CUS-02227,PRD-0123,7,"14,410","100,870",
ORD-2026-051400,2026-05-24,CUS-00424,PRD-0011,16,"17,170","274,720",
ORD-2026-051422,2026-05-24,CUS-02261,PRD-0161,11,"32,640","359,040",
ORD-2026-051429,2026-05-25,CUS-01093,PRD-0020,4,"29,210","116,840",
ORD-2026-051435,2026-05-25,CUS-01477,PRD-0037,6,"25,650","153,900",
ORD-2026-051439,2026-05-25,CUS-01720,PRD-0055,12,"16,990","203,880",
ORD-2026-051444,2026-05-25,CUS-00258,PRD-0074,6,"38,390","230,340",
ORD-2026-051448,2026-05-25,CUS-01538,PRD-0077,2,"31,120","62,240",
ORD-2026-051463,2026-05-25,CUS-01881,PRD-0090,21,"37,690","791,490",
ORD-2026-051464,2026-05-25,CUS-00996,PRD-0090,2,"37,690","75,380",
ORD-2026-051477,2026-05-25,CUS-00335,PRD-0123,10,"14,410","144,100",
ORD-2026-051487,2026-05-25,CUS-01916,PRD-0143,3,"48,640","145,920",
ORD-2026-051498,2026-05-25,CUS-00386,PRD-0161,10,"32,640","326,400",
ORD-2026-051505,2026-05-26,CUS-00626,PRD-0011,7,"17,170","120,190",
ORD-2026-051510,2026-05-26,CUS-01566,PRD-0029,9,"11,070","99,630",
ORD-2026-051517,2026-05-26,CUS-00322,PRD-0048,36,"16,870","607,320",
ORD-2026-051547,2026-05-26,CUS-02251,PRD-0090,20,"37,690","753,800",
ORD-2026-051548,2026-05-26,CUS-01462,PRD-0090,4,"37,690","150,760",
ORD-2026-051549,2026-05-26,CUS-02311,PRD-0090,23,"37,690","866,870",
ORD-2026-051550,2026-05-26,CUS-00341,PRD-0091,8,"27,010","216,080",
ORD-2026-051554,2026-05-26,CUS-01769,PRD-0098,15,"15,320","229,800",
ORD-2026-051558,2026-05-26,CUS-01972,PRD-0100,6,"20,780","124,680",
ORD-2026-051561,2026-05-26,CUS-01133,PRD-0103,3,"38,480","115,440",
ORD-2026-051570,2026-05-26,,PRD-0120,10,"14,740","147,400",
ORD-2026-051585,2026-05-26,CUS-00428,PRD-0151,9,"42,840","385,560",
ORD-2026-051586,2026-05-26,CUS-01754,PRD-0151,11,"42,840","471,240",
ORD-2026-051598,2026-05-27,CUS-00456,PRD-0004,5,"4,490","22,450",
ORD-2026-051599,2026-05-27,CUS-01890,PRD-0006,15,"3,060","45,900",
ORD-2026-051604,2026-05-27,CUS-00720,PRD-0047,5,"19,060","95,300",
ORD-2026-051606,2026-05-27,CUS-01422,PRD-0064,44,"36,350","1,599,400",
ORD-2026-051611,2026-05-27,CUS-01880,PRD-0077,17,"31,120","529,040",
ORD-2026-051612,2026-05-27,CUS-00027,PRD-0080,7,"23,900","167,300",
ORD-2026-051613,2026-05-27,CUS-02187,PRD-0083,7,"23,690","165,830",
ORD-2026-051614,2026-05-27,CUS-00390,PRD-0083,16,"23,690","379,040",
ORD-2026-051622,2026-05-27,CUS-01981,PRD-0090,11,"37,690","414,590",
ORD-2026-051623,2026-05-27,CUS-01453,PRD-0090,2,"37,690","75,380",
ORD-2026-051624,2026-05-27,CUS-01010,PRD-0091,6,"27,010","162,060",
ORD-2026-051627,2026-05-27,CUS-01268,PRD-0100,3,"20,780","62,340",
ORD-2026-051643,2026-05-27,CUS-01092,PRD-0151,16,"42,840","685,440",
ORD-2026-051656,2026-05-27,CUS-01093,PRD-0170,8,"17,370","138,960",
ORD-2026-051667,2026-05-28,CUS-01148,PRD-0037,10,"25,650","256,500",
ORD-2026-051668,2026-05-28,CUS-00054,PRD-0043,17,"17,760","301,920",
ORD-2026-051671,2026-05-28,CUS-02462,PRD-0050,1,"5,420","5,420",
ORD-2026-051674,2026-05-28,CUS-00985,PRD-0062,11,"17,890","196,790",
ORD-2026-051677,2026-05-28,CUS-01544,PRD-0068,5,"16,320","81,600",
ORD-2026-051680,2026-05-28,CUS-01620,PRD-0079,3,"46,870","140,610",
ORD-2026-051681,2026-05-28,CUS-02417,PRD-0082,4,"30,730","122,920",
ORD-2026-051689,2026-05-28,CUS-01269,PRD-0090,6,"37,690","226,140",
ORD-2026-051693,2026-05-28,CUS-01768,PRD-0098,1,"15,320","15,320",
ORD-2026-051694,2026-05-28,CUS-01732,PRD-0100,1,"20,780","20,780",
ORD-2026-051702,2026-05-28,CUS-00238,PRD-0113,16,"10,420","166,720",
ORD-2026-051725,2026-05-28,CUS-00272,PRD-0151,15,"42,840","642,600",
ORD-2026-051729,2026-05-28,CUS-00840,PRD-0153,45,"24,220","1,089,900",
ORD-2026-051751,2026-05-29,,PRD-0040,12,"14,100","169,200",
ORD-2026-051755,2026-05-29,CUS-00163,PRD-0047,8,"19,060","152,480",
ORD-2026-051770,2026-05-29,CUS-02332,PRD-0068,3,"16,320","48,960",
ORD-2026-051775,2026-05-29,CUS-02447,PRD-0076,11,"28,050","308,550",
ORD-2026-051780,2026-05-29,CUS-02302,PRD-0081,3,"42,190","126,570",
ORD-2026-051784,2026-05-29,CUS-01802,PRD-0083,5,"23,690","118,450",
ORD-2026-051800,2026-05-29,CUS-02040,PRD-0101,11,"22,590","248,490",
ORD-2026-051810,2026-05-29,CUS-01804,PRD-0125,9,"15,380","138,420",
ORD-2026-051814,2026-05-29,CUS-00759,PRD-0135,4,"32,900","131,600",
ORD-2026-051822,2026-05-29,CUS-02391,PRD-0154,4,"42,470","169,880",
ORD-2026-051826,2026-05-29,CUS-01003,PRD-0156,1,"58,570","58,570",
ORD-2026-051829,2026-05-29,CUS-01426,PRD-0160,4,"32,940","131,760",
ORD-2026-051852,2026-05-30,CUS-00759,PRD-0062,7,"17,890","125,230",
ORD-2026-051853,2026-05-30,CUS-02032,PRD-0064,9,"36,350","327,150",
ORD-2026-051863,2026-05-30,CUS-00246,PRD-0083,11,"23,690","260,590",
ORD-2026-051900,2026-05-30,CUS-01203,PRD-0161,3,"32,640","97,920",
ORD-2026-051906,2026-05-30,CUS-01059,PRD-0169,9,"15,310","137,790",
ORD-2026-051914,2026-05-31,CUS-02102,PRD-0090,3,"37,690","113,070",
ORD-2026-051917,2026-05-31,CUS-00094,PRD-0118,4,"23,110","92,440",
ORD-2026-051923,2026-05-31,CUS-00733,PRD-0157,1,"24,810","24,810",
ORD-2026-051960,2026-06-01,CUS-02025,PRD-0086,3,"28,180","84,540",
ORD-2026-051963,2026-06-01,CUS-01401,PRD-0090,13,"37,690","489,970",
ORD-2026-051964,2026-06-01,CUS-01792,PRD-0090,20,"37,690","753,800",
ORD-2026-051971,2026-06-01,CUS-01033,PRD-0100,11,"20,780","228,580",
ORD-2026-051972,2026-06-01,CUS-02278,PRD-0107,3,"39,590","118,770",
ORD-2026-051982,2026-06-01,CUS-02100,PRD-0125,12,"15,380","184,560",
ORD-2026-051985,2026-06-01,CUS-00188,PRD-0147,2,"32,330","64,660",
ORD-2026-051993,2026-06-01,CUS-02174,PRD-0154,11,"42,470","467,170",
ORD-2026-052010,2026-06-02,CUS-00813,PRD-0034,16,"15,350","245,600",
ORD-2026-052016,2026-06-02,CUS-02100,PRD-0039,8,"14,770","118,160",
ORD-2026-052023,2026-06-02,CUS-01693,PRD-0057,24,"18,040","432,960",
ORD-2026-052029,2026-06-02,CUS-00167,PRD-0077,9,"31,120","280,080",
ORD-2026-052031,2026-06-02,CUS-00767,PRD-0078,4,"33,720","134,880",
ORD-2026-052035,2026-06-02,CUS-01040,PRD-0083,3,"23,690","71,070",
ORD-2026-052036,2026-06-02,CUS-02063,PRD-0084,2,"27,760","55,520",
ORD-2026-052047,2026-06-02,CUS-00759,PRD-0090,11,"37,690","414,590",
ORD-2026-052051,2026-06-02,CUS-01186,PRD-0100,2,"20,780","41,560",
ORD-2026-052052,2026-06-02,CUS-01237,PRD-0100,17,"20,780","353,260",
ORD-2026-052054,2026-06-02,CUS-00027,PRD-0102,3,"17,050","51,150",
ORD-2026-052059,2026-06-02,CUS-00521,PRD-0120,1,"14,740","14,740",
ORD-2026-052062,2026-06-02,CUS-00329,PRD-0125,10,"15,380","153,800",
ORD-2026-052071,2026-06-02,CUS-02433,PRD-0150,20,"47,850","957,000",
ORD-2026-052072,2026-06-02,CUS-00221,PRD-0150,13,"47,850","622,050",
ORD-2026-052078,2026-06-02,CUS-01354,PRD-0153,5,"24,220","121,100",
ORD-2026-052081,2026-06-02,CUS-01221,PRD-0157,10,"24,810","248,100",
ORD-2026-052082,2026-06-02,CUS-01898,PRD-0157,4,"24,810","99,240",
ORD-2026-052087,2026-06-02,CUS-01628,PRD-0165,5,"23,380","116,900",
ORD-2026-052088,2026-06-02,CUS-02328,PRD-0170,12,"17,370","208,440",
ORD-2026-052092,2026-06-03,CUS-01805,PRD-0035,11,"13,660","150,260",
ORD-2026-052112,2026-06-03,CUS-02174,PRD-0088,2,"15,290","30,580",
ORD-2026-052118,2026-06-03,CUS-01356,PRD-0105,7,"41,060","287,420",
ORD-2026-052120,2026-06-03,,PRD-0108,9,"30,750","276,750",
ORD-2026-052124,2026-06-03,CUS-01031,PRD-0120,14,"14,740","206,360",
ORD-2026-052140,2026-06-03,CUS-00747,PRD-0160,5,"32,940","164,700",
ORD-2026-052147,2026-06-03,CUS-02424,PRD-0161,22,"32,640","718,080",
ORD-2026-052148,2026-06-03,CUS-02302,PRD-0166,12,"25,650","307,800",
ORD-2026-052158,2026-06-04,CUS-01720,PRD-0028,12,"4,910","58,920",
ORD-2026-052167,2026-06-04,CUS-02474,PRD-0061,7,"16,320","114,240",
ORD-2026-052179,2026-06-04,CUS-01551,PRD-0077,5,"31,120","155,600",
ORD-2026-052199,2026-06-04,CUS-00836,PRD-0090,3,"37,690","113,070",
ORD-2026-052200,2026-06-04,CUS-02119,PRD-0090,7,"37,690","263,830",
ORD-2026-052204,2026-06-04,CUS-00515,PRD-0098,5,"15,320","76,600",
ORD-2026-052225,2026-06-04,CUS-00888,PRD-0143,7,"48,640","340,480",
ORD-2026-052228,2026-06-04,CUS-01916,PRD-0151,2,"42,840","85,680",
ORD-2026-052229,2026-06-04,CUS-00245,PRD-0151,4,"42,840","171,360",
ORD-2026-052230,2026-06-04,CUS-00473,PRD-0151,30,"42,840","1,285,200",
ORD-2026-052231,2026-06-04,CUS-01890,PRD-0151,4,"42,840","171,360",
ORD-2026-052232,2026-06-04,CUS-00424,PRD-0151,6,"42,840","257,040",
ORD-2026-052239,2026-06-04,CUS-01856,PRD-0168,6,"19,490","116,940",
ORD-2026-052247,2026-06-05,CUS-00317,PRD-0023,7,"16,940","118,580",
ORD-2026-052251,2026-06-05,CUS-02480,PRD-0035,4,"13,660","54,640",
ORD-2026-052252,2026-06-05,CUS-02376,PRD-0037,4,"25,650","102,600",
ORD-2026-052265,2026-06-05,CUS-00550,PRD-0064,10,"36,350","363,500",
ORD-2026-052266,2026-06-05,CUS-00758,PRD-0065,8,"34,000","272,000",
ORD-2026-052272,2026-06-05,CUS-00047,PRD-0080,9,"23,900","215,100",
ORD-2026-052273,2026-06-05,CUS-00759,PRD-0081,32,"42,190","1,350,080",
ORD-2026-052276,2026-06-05,CUS-02302,PRD-0084,18,"27,760","499,680",
ORD-2026-052288,2026-06-05,CUS-01266,PRD-0103,11,"38,480","423,280",
ORD-2026-052304,2026-06-05,CUS-01313,PRD-0125,3,"15,380","46,140",
ORD-2026-052305,2026-06-05,CUS-00377,PRD-0128,3,"20,590","61,770",
ORD-2026-052327,2026-06-06,CUS-02288,PRD-0047,15,"19,060","285,900",
ORD-2026-052335,2026-06-06,CUS-01872,PRD-0082,7,"30,730","215,110",
ORD-2026-052345,2026-06-06,CUS-01293,PRD-0090,5,"37,690","188,450",
ORD-2026-052351,2026-06-06,CUS-02392,PRD-0113,20,"10,420","208,400",
ORD-2026-052358,2026-06-06,CUS-00884,PRD-0125,6,"15,380","92,280",
ORD-2026-052359,2026-06-06,CUS-01401,PRD-0125,1,"15,380","15,380",
ORD-2026-052369,2026-06-06,CUS-01403,PRD-0153,15,"24,220","363,300",
ORD-2026-052373,2026-06-06,CUS-02474,PRD-0160,6,"32,940","197,640",
ORD-2026-052388,2026-06-07,CUS-01169,PRD-0064,10,"36,350","363,500",
ORD-2026-052393,2026-06-07,CUS-01797,PRD-0131,11,"31,140","342,540",
ORD-2026-052397,2026-06-07,CUS-00429,PRD-0153,4,"24,220","96,880",
ORD-2026-052398,2026-06-07,CUS-02115,PRD-0160,1,"32,940","32,940",
ORD-2026-052416,2026-06-08,CUS-00023,PRD-0048,3,"16,870","50,610",
ORD-2026-052422,2026-06-08,CUS-02272,PRD-0064,7,"36,350","254,450",
ORD-2026-052429,2026-06-08,CUS-02273,PRD-0077,3,"31,120","93,360",
ORD-2026-052435,2026-06-08,CUS-00969,PRD-0080,6,"23,900","143,400",
ORD-2026-052441,2026-06-08,CUS-02391,PRD-0086,4,"28,180","112,720",
ORD-2026-052449,2026-06-08,CUS-00455,PRD-0098,5,"15,320","76,600",
ORD-2026-052450,2026-06-08,CUS-00196,PRD-0098,12,"15,320","183,840",
ORD-2026-052453,2026-06-08,CUS-00582,PRD-0100,4,"20,780","83,120",
ORD-2026-052472,2026-06-08,CUS-02161,PRD-0135,3,"32,900","98,700",
ORD-2026-052485,2026-06-08,CUS-01415,PRD-0151,7,"42,840","299,880",
ORD-2026-052486,2026-06-08,CUS-00926,PRD-0151,12,"42,840","514,080",
ORD-2026-052495,2026-06-08,CUS-00798,PRD-0161,2,"32,640","65,280",
ORD-2026-052498,2026-06-08,CUS-01926,PRD-0168,2,"19,490","38,980",
ORD-2026-052500,2026-06-09,CUS-01920,PRD-0001,10,"4,970","49,700",
ORD-2026-052518,2026-06-09,CUS-02481,PRD-0054,5,"17,260","86,300",
ORD-2026-052536,2026-06-09,CUS-01122,PRD-0086,10,"28,180","281,800",
ORD-2026-052537,2026-06-09,CUS-00971,PRD-0086,7,"28,180","197,260",
ORD-2026-052542,2026-06-09,,PRD-0090,16,"37,690","603,040",
ORD-2026-052543,2026-06-09,CUS-01687,PRD-0090,15,"37,690","565,350",
ORD-2026-052548,2026-06-09,,PRD-0107,2,"39,590","79,180",
ORD-2026-052552,2026-06-09,CUS-01732,PRD-0118,12,"23,110","277,320",
ORD-2026-052555,2026-06-09,CUS-02328,PRD-0125,20,"15,380","307,600",
ORD-2026-052556,2026-06-09,CUS-00349,PRD-0125,4,"15,380","61,520",
ORD-2026-052562,2026-06-09,CUS-00631,PRD-0128,2,"20,590","41,180",
ORD-2026-052563,2026-06-09,CUS-01353,PRD-0135,8,"32,900","263,200",
ORD-2026-052566,2026-06-09,CUS-01003,PRD-0147,14,"32,330","452,620",
ORD-2026-052583,2026-06-10,CUS-02341,PRD-0031,23,"36,660","843,180",
ORD-2026-052589,2026-06-10,CUS-00921,PRD-0046,8,"17,360","138,880",
ORD-2026-052599,2026-06-10,CUS-02481,PRD-0067,6,"12,380","74,280",
ORD-2026-052611,2026-06-10,CUS-00397,PRD-0090,10,"37,690","376,900",
ORD-2026-052619,2026-06-10,CUS-02261,PRD-0110,4,"30,350","121,400",
ORD-2026-052622,2026-06-10,CUS-00044,PRD-0118,7,"23,110","161,770",
ORD-2026-052640,2026-06-10,CUS-00234,PRD-0153,9,"24,220","217,980",
ORD-2026-052641,2026-06-10,CUS-00246,PRD-0156,27,"58,570","1,581,390",
ORD-2026-052644,2026-06-10,CUS-00767,PRD-0161,8,"32,640","261,120",
ORD-2026-052650,2026-06-10,CUS-02317,PRD-0167,13,"14,020","182,260",
ORD-2026-052668,2026-06-11,CUS-00410,PRD-0068,9,"16,320","146,880",
ORD-2026-052676,2026-06-11,CUS-02244,PRD-0086,2,"28,180","56,360",
ORD-2026-052685,2026-06-11,CUS-00410,PRD-0090,4,"37,690","150,760",
ORD-2026-052694,2026-06-11,CUS-01200,PRD-0125,14,"15,380","215,320",
ORD-2026-052696,2026-06-11,CUS-02328,PRD-0142,16,"52,030","832,480",
ORD-2026-052697,2026-06-11,CUS-00403,PRD-0142,11,"52,030","572,330",
ORD-2026-052700,2026-06-11,CUS-01456,PRD-0149,5,"45,880","229,400",
ORD-2026-052701,2026-06-11,CUS-01671,PRD-0151,7,"42,840","299,880",
ORD-2026-052706,2026-06-11,CUS-01663,PRD-0162,3,"28,900","86,700",
ORD-2026-052708,2026-06-11,CUS-00230,PRD-0165,6,"23,380","140,280",
ORD-2026-052709,2026-06-11,CUS-00222,PRD-0166,8,"25,650","205,200",
ORD-2026-052712,2026-06-12,CUS-00691,PRD-0004,6,"4,490","26,940",
ORD-2026-052713,2026-06-12,CUS-01897,PRD-0004,6,"4,490","26,940",
ORD-2026-052720,2026-06-12,CUS-00823,PRD-0028,3,"4,910","14,730",
ORD-2026-052725,2026-06-12,CUS-00181,PRD-0057,5,"18,040","90,200",
ORD-2026-052728,2026-06-12,CUS-00141,PRD-0061,4,"16,320","65,280",
ORD-2026-052732,2026-06-12,CUS-02444,PRD-0073,5,"37,930","189,650",
ORD-2026-052733,2026-06-12,CUS-02418,PRD-0074,6,"38,390","230,340",
ORD-2026-052734,2026-06-12,CUS-00139,PRD-0076,11,"28,050","308,550",
ORD-2026-052736,2026-06-12,CUS-01022,PRD-0077,2,"31,120","62,240",
ORD-2026-052763,2026-06-12,CUS-00218,PRD-0125,7,"15,380","107,660",
ORD-2026-052769,2026-06-12,CUS-00840,PRD-0137,6,"27,650","165,900",
ORD-2026-052770,2026-06-12,CUS-01198,PRD-0138,11,"27,020","297,220",
ORD-2026-052776,2026-06-12,CUS-01858,PRD-0145,16,"31,800","508,800",
ORD-2026-052780,2026-06-12,CUS-01293,PRD-0151,9,"42,840","385,560",
ORD-2026-052787,2026-06-12,CUS-00876,PRD-0167,18,"14,020","252,360",
ORD-2026-052808,2026-06-13,CUS-01739,PRD-0077,4,"31,120","124,480",
ORD-2026-052810,2026-06-13,CUS-01806,PRD-0079,3,"46,870","140,610",
ORD-2026-052822,2026-06-13,CUS-01198,PRD-0090,4,"37,690","150,760",
ORD-2026-052823,2026-06-13,CUS-00790,PRD-0090,12,"37,690","452,280",
ORD-2026-052824,2026-06-13,CUS-02229,PRD-0090,8,"37,690","301,520",
ORD-2026-052828,2026-06-13,CUS-01318,PRD-0104,5,"17,130","85,650",
ORD-2026-052837,2026-06-13,CUS-01277,PRD-0135,5,"32,900","164,500",
ORD-2026-052838,2026-06-13,CUS-02423,PRD-0145,14,"31,800","445,200",
ORD-2026-052845,2026-06-13,CUS-00456,PRD-0161,27,"32,640","881,280",
ORD-2026-052846,2026-06-13,CUS-01092,PRD-0161,13,"32,640","424,320",
ORD-2026-052847,2026-06-13,CUS-02267,PRD-0162,14,"28,900","404,600",
ORD-2026-052853,2026-06-14,CUS-01628,PRD-0042,7,"26,200","183,400",
ORD-2026-052854,2026-06-14,CUS-00109,PRD-0055,4,"16,990","67,960",
ORD-2026-052860,2026-06-14,CUS-00617,PRD-0084,11,"27,760","305,360",
ORD-2026-052865,2026-06-14,CUS-01361,PRD-0090,5,"37,690","188,450",
ORD-2026-052866,2026-06-14,CUS-00097,PRD-0118,5,"23,110","115,550",
ORD-2026-052871,2026-06-14,CUS-02444,PRD-0135,4,"32,900","131,600",
ORD-2026-052883,2026-06-15,CUS-01802,PRD-0018,7,"62,570","437,990",
ORD-2026-052893,2026-06-15,CUS-01376,PRD-0040,12,"14,100","169,200",
ORD-2026-052902,2026-06-15,CUS-00230,PRD-0060,6,"57,540","345,240",
ORD-2026-052924,2026-06-15,CUS-00478,PRD-0090,3,"37,690","113,070",
ORD-2026-052925,2026-06-15,CUS-01033,PRD-0090,9,"37,690","339,210",
ORD-2026-052929,2026-06-15,CUS-00885,PRD-0106,1,"41,890","41,890",
ORD-2026-052936,2026-06-15,CUS-00798,PRD-0121,18,"26,430","475,740",
ORD-2026-052952,2026-06-15,CUS-02311,PRD-0151,13,"42,840","556,920",
ORD-2026-052956,2026-06-15,CUS-00715,PRD-0156,4,"58,570","234,280",
ORD-2026-052963,2026-06-15,CUS-00550,PRD-0161,6,"32,640","195,840",
ORD-2026-052964,2026-06-15,CUS-02268,PRD-0161,3,"32,640","97,920",
ORD-2026-052969,2026-06-15,CUS-00036,PRD-0167,2,"14,020","28,040",
ORD-2026-052981,2026-06-16,CUS-01072,PRD-0035,11,"13,660","150,260",
ORD-2026-052984,2026-06-16,CUS-00408,PRD-0039,9,"14,770","132,930",
ORD-2026-052996,2026-06-16,CUS-00836,PRD-0074,2,"38,390","76,780",
ORD-2026-053002,2026-06-16,CUS-00626,PRD-0079,9,"46,870","421,830",
ORD-2026-053006,2026-06-16,CUS-02265,PRD-0086,6,"28,180","169,080",
ORD-2026-053016,2026-06-16,CUS-00492,PRD-0090,9,"37,690","339,210",
ORD-2026-053025,2026-06-16,CUS-01898,PRD-0118,16,"23,110","369,760",
ORD-2026-053028,2026-06-16,CUS-01930,PRD-0123,18,"14,410","259,380",
ORD-2026-053032,2026-06-16,CUS-01779,PRD-0125,6,"15,380","92,280",
ORD-2026-053043,2026-06-16,CUS-01924,PRD-0153,6,"24,220","145,320",
ORD-2026-053074,2026-06-17,CUS-01228,PRD-0064,6,"36,350","218,100",
ORD-2026-053079,2026-06-17,CUS-02480,PRD-0077,10,"31,120","311,200",
ORD-2026-053103,2026-06-17,CUS-00715,PRD-0121,2,"26,430","52,860",
ORD-2026-053104,2026-06-17,CUS-01783,PRD-0123,9,"14,410","129,690",
ORD-2026-053116,2026-06-17,,PRD-0151,9,"42,840","385,560",
ORD-2026-053117,2026-06-17,CUS-01163,PRD-0151,7,"42,840","299,880",
ORD-2026-053123,2026-06-17,CUS-01788,PRD-0165,4,"23,380","93,520",
ORD-2026-053127,2026-06-18,CUS-00913,PRD-0009,2,"18,390","36,780",
ORD-2026-053129,2026-06-18,CUS-02113,PRD-0029,6,"11,070","66,420",
ORD-2026-053136,2026-06-18,CUS-00926,PRD-0060,3,"57,540","172,620",
ORD-2026-053142,2026-06-18,CUS-00142,PRD-0079,23,"46,870","1,078,010",
ORD-2026-053144,2026-06-18,CUS-00295,PRD-0083,7,"23,690","165,830",
ORD-2026-053154,2026-06-18,CUS-01111,PRD-0090,17,"37,690","640,730",
ORD-2026-053155,2026-06-18,CUS-00044,PRD-0090,7,"37,690","263,830",
ORD-2026-053156,2026-06-18,CUS-02040,PRD-0090,1,"37,690","37,690",
ORD-2026-053162,2026-06-18,CUS-00240,PRD-0100,7,"20,780","145,460",
ORD-2026-053168,2026-06-18,CUS-01968,PRD-0118,1,"23,110","23,110",
ORD-2026-053185,2026-06-18,CUS-00373,PRD-0151,4,"42,840","171,360",
ORD-2026-053187,2026-06-18,CUS-02138,PRD-0153,6,"24,220","145,320",
ORD-2026-053189,2026-06-18,CUS-00213,PRD-0156,6,"58,570","351,420",
ORD-2026-053190,2026-06-18,CUS-01693,PRD-0156,6,"58,570","351,420",
ORD-2026-053201,2026-06-19,CUS-01181,PRD-0004,13,"4,490","58,370",
ORD-2026-053204,2026-06-19,CUS-00442,PRD-0010,15,"16,050","240,750",
ORD-2026-053205,2026-06-19,CUS-01010,PRD-0015,5,"8,500","42,500",
ORD-2026-053206,2026-06-19,CUS-01663,PRD-0016,5,"42,680","213,400",
ORD-2026-053216,2026-06-19,CUS-00319,PRD-0047,10,"19,060","190,600",
ORD-2026-053235,2026-06-19,CUS-00748,PRD-0093,4,"23,080","92,320",
ORD-2026-053239,2026-06-19,CUS-02261,PRD-0100,8,"20,780","166,240",
ORD-2026-053245,2026-06-19,CUS-01252,PRD-0121,1,"26,430","26,430",
ORD-2026-053247,2026-06-19,,PRD-0125,18,"15,380","276,840",
ORD-2026-053251,2026-06-19,CUS-00631,PRD-0138,21,"27,020","567,420",
ORD-2026-053254,2026-06-19,CUS-01872,PRD-0143,7,"48,640","340,480",
ORD-2026-053255,2026-06-19,CUS-02108,PRD-0144,3,"31,990","95,970",
ORD-2026-053268,2026-06-19,CUS-00895,PRD-0161,22,"32,640","718,080",
ORD-2026-053269,2026-06-19,CUS-02288,PRD-0163,4,"27,790","111,160",
ORD-2026-053274,2026-06-20,CUS-01057,PRD-0004,6,"4,490","26,940",
ORD-2026-053275,2026-06-20,CUS-00221,PRD-0016,4,"42,680","170,720",
ORD-2026-053278,2026-06-20,CUS-01773,PRD-0034,13,"15,350","199,550",
ORD-2026-053284,2026-06-20,CUS-00837,PRD-0062,5,"17,890","89,450",
ORD-2026-053288,2026-06-20,CUS-01910,PRD-0070,4,"19,240","76,960",
ORD-2026-053300,2026-06-20,CUS-01328,PRD-0090,6,"37,690","226,140",
ORD-2026-053311,2026-06-20,CUS-00849,PRD-0122,15,"19,140","287,100",
ORD-2026-053319,2026-06-20,CUS-01900,PRD-0142,4,"52,030","208,120",
ORD-2026-053327,2026-06-20,CUS-01916,PRD-0161,9,"32,640","293,760",
ORD-2026-053330,2026-06-21,CUS-02145,PRD-0017,5,"39,680","198,400",
ORD-2026-053331,2026-06-21,CUS-02244,PRD-0033,2,"11,040","22,080",
ORD-2026-053332,2026-06-21,CUS-00840,PRD-0047,6,"19,060","114,360",
ORD-2026-053349,2026-06-21,CUS-00186,PRD-0131,4,"31,140","124,560",
ORD-2026-053351,2026-06-21,CUS-02433,PRD-0142,2,"52,030","104,060",
ORD-2026-053354,2026-06-21,CUS-00163,PRD-0151,5,"42,840","214,200",
ORD-2026-053357,2026-06-21,CUS-01898,PRD-0161,22,"32,640","718,080",
ORD-2026-053358,2026-06-21,CUS-02268,PRD-0161,5,"32,640","163,200",
ORD-2026-053360,2026-06-21,CUS-01040,PRD-0169,17,"15,310","260,270",
ORD-2026-053369,2026-06-22,CUS-00132,PRD-0034,3,"15,350","46,050",
ORD-2026-053377,2026-06-22,CUS-01845,PRD-0065,5,"34,000","170,000",
ORD-2026-053381,2026-06-22,CUS-01580,PRD-0078,9,"33,720","303,480",
ORD-2026-053389,2026-06-22,CUS-01369,PRD-0086,5,"28,180","140,900",
ORD-2026-053396,2026-06-22,CUS-00198,PRD-0090,3,"37,690","113,070",
ORD-2026-053397,2026-06-22,CUS-00488,PRD-0090,6,"37,690","226,140",
ORD-2026-053401,2026-06-22,CUS-00898,PRD-0098,6,"15,320","91,920",
ORD-2026-053403,2026-06-22,CUS-01057,PRD-0100,14,"20,780","290,920",
ORD-2026-053404,2026-06-22,CUS-01369,PRD-0100,7,"20,780","145,460",
ORD-2026-053405,2026-06-22,CUS-00310,PRD-0100,7,"20,780","145,460",
ORD-2026-053432,2026-06-22,CUS-02074,PRD-0153,10,"24,220","242,200",
ORD-2026-053441,2026-06-23,CUS-01383,PRD-0018,3,"62,570","187,710",
ORD-2026-053443,2026-06-23,CUS-00813,PRD-0019,10,"31,240","312,400",
ORD-2026-053444,2026-06-23,CUS-01315,PRD-0032,3,"20,370","61,110",
ORD-2026-053447,2026-06-23,CUS-01269,PRD-0061,2,"16,320","32,640",
ORD-2026-053454,2026-06-23,CUS-01316,PRD-0083,11,"23,690","260,590",
ORD-2026-053462,2026-06-23,CUS-00151,PRD-0090,4,"37,690","150,760",
ORD-2026-053467,2026-06-23,CUS-00116,PRD-0102,17,"17,050","289,850",
ORD-2026-053469,2026-06-23,CUS-02081,PRD-0103,3,"38,480","115,440",
ORD-2026-053473,2026-06-23,CUS-02341,PRD-0125,9,"15,380","138,420",
ORD-2026-053474,2026-06-23,CUS-01261,PRD-0125,8,"15,380","123,040",
ORD-2026-053478,2026-06-23,CUS-01072,PRD-0139,1,"33,360","33,360",
ORD-2026-053480,2026-06-23,CUS-01912,PRD-0147,16,"32,330","517,280",
ORD-2026-053485,2026-06-23,CUS-00976,PRD-0151,7,"42,840","299,880",
ORD-2026-053486,2026-06-23,CUS-00085,PRD-0151,2,"42,840","85,680",
ORD-2026-053490,2026-06-23,CUS-02100,PRD-0154,12,"42,470","509,640",
ORD-2026-053495,2026-06-23,CUS-02167,PRD-0161,6,"32,640","195,840",
ORD-2026-053498,2026-06-23,CUS-00227,PRD-0170,10,"17,370","173,700",
ORD-2026-053501,2026-06-24,CUS-02251,PRD-0008,4,"16,360","65,440",
ORD-2026-053505,2026-06-24,CUS-00702,PRD-0026,8,"4,150","33,200",
ORD-2026-053509,2026-06-24,CUS-00550,PRD-0037,16,"25,650","410,400",
ORD-2026-053510,2026-06-24,CUS-01285,PRD-0039,15,"14,770","221,550",
ORD-2026-053514,2026-06-24,CUS-01268,PRD-0057,8,"18,040","144,320",
ORD-2026-053526,2026-06-24,CUS-02098,PRD-0077,6,"31,120","186,720",
ORD-2026-053531,2026-06-24,CUS-01055,PRD-0087,4,"24,070","96,280",
ORD-2026-053537,2026-06-24,CUS-01765,PRD-0090,5,"37,690","188,450",
ORD-2026-053542,2026-06-24,CUS-00410,PRD-0098,11,"15,320","168,520",
ORD-2026-053543,2026-06-24,CUS-01369,PRD-0098,13,"15,320","199,160",
ORD-2026-053546,2026-06-24,CUS-00457,PRD-0102,9,"17,050","153,450",
ORD-2026-053550,2026-06-24,CUS-00867,PRD-0122,3,"19,140","57,420",
ORD-2026-053557,2026-06-24,CUS-01805,PRD-0131,2,"31,140","62,280",
ORD-2026-053558,2026-06-24,CUS-00365,PRD-0137,6,"27,650","165,900",
ORD-2026-053566,2026-06-24,CUS-00758,PRD-0151,10,"42,840","428,400",
ORD-2026-053569,2026-06-24,CUS-01804,PRD-0156,2,"58,570","117,140",
ORD-2026-053570,2026-06-24,CUS-00183,PRD-0164,6,"19,920","119,520",
ORD-2026-053581,2026-06-25,CUS-01748,PRD-0011,4,"17,170","68,680",
ORD-2026-053587,2026-06-25,CUS-02173,PRD-0045,9,"7,340","66,060",
ORD-2026-053594,2026-06-25,CUS-01203,PRD-0057,4,"18,040","72,160",
ORD-2026-053598,2026-06-25,CUS-01266,PRD-0072,19,"42,600","809,400",
ORD-2026-053600,2026-06-25,CUS-00319,PRD-0077,2,"31,120","62,240",
ORD-2026-053614,2026-06-25,CUS-00345,PRD-0091,2,"27,010","54,020",
ORD-2026-053616,2026-06-25,CUS-01844,PRD-0093,16,"23,080","369,280",
ORD-2026-053620,2026-06-25,CUS-01304,PRD-0098,4,"15,320","61,280",
ORD-2026-053626,2026-06-25,CUS-00710,PRD-0103,9,"38,480","346,320",
ORD-2026-053641,2026-06-25,CUS-01859,PRD-0145,7,"31,800","222,600",
ORD-2026-053649,2026-06-25,CUS-01456,PRD-0151,4,"42,840","171,360",
ORD-2026-053654,2026-06-25,CUS-00956,PRD-0160,29,"32,940","955,260",
ORD-2026-053657,2026-06-25,CUS-01261,PRD-0161,4,"32,640","130,560",
ORD-2026-053658,2026-06-25,CUS-02302,PRD-0161,7,"32,640","228,480",
ORD-2026-053659,2026-06-25,CUS-01059,PRD-0164,3,"19,920","59,760",
ORD-2026-053662,2026-06-26,CUS-00433,PRD-0001,8,"4,970","39,760",
ORD-2026-053684,2026-06-26,CUS-01891,PRD-0080,11,"23,900","262,900",
ORD-2026-053686,2026-06-26,CUS-02152,PRD-0082,5,"30,730","153,650",
ORD-2026-053700,2026-06-26,CUS-01367,PRD-0090,2,"37,690","75,380",
ORD-2026-053701,2026-06-26,CUS-02268,PRD-0090,2,"37,690","75,380",
ORD-2026-053704,2026-06-26,CUS-00112,PRD-0100,21,"20,780","436,380",
ORD-2026-053714,2026-06-26,CUS-01269,PRD-0122,2,"19,140","38,280",
ORD-2026-053719,2026-06-26,CUS-00754,PRD-0131,5,"31,140","155,700",
ORD-2026-053720,2026-06-26,CUS-00186,PRD-0137,2,"27,650","55,300",
ORD-2026-053729,2026-06-26,CUS-01696,PRD-0151,7,"42,840","299,880",
ORD-2026-053739,2026-06-26,CUS-00760,PRD-0170,2,"17,370","34,740",
ORD-2026-053741,2026-06-27,CUS-01858,PRD-0004,4,"4,490","17,960",
ORD-2026-053742,2026-06-27,CUS-01582,PRD-0005,6,"3,110","18,660",
ORD-2026-053748,2026-06-27,CUS-02352,PRD-0031,3,"36,660","109,980",
ORD-2026-053753,2026-06-27,CUS-01930,PRD-0050,25,"5,420","135,500",
ORD-2026-053755,2026-06-27,CUS-01148,PRD-0060,3,"57,540","172,620",
ORD-2026-053757,2026-06-27,CUS-00641,PRD-0061,2,"16,320","32,640",
ORD-2026-053761,2026-06-27,CUS-00042,PRD-0068,4,"16,320","65,280",
ORD-2026-053772,2026-06-27,CUS-01040,PRD-0086,21,"28,180","591,780",
ORD-2026-053774,2026-06-27,CUS-01325,PRD-0090,31,"37,690","1,168,390",
ORD-2026-053775,2026-06-27,CUS-01797,PRD-0090,3,"37,690","113,070",
ORD-2026-053780,2026-06-27,CUS-01671,PRD-0100,10,"20,780","207,800",
ORD-2026-053786,2026-06-27,CUS-00193,PRD-0123,13,"14,410","187,330",
ORD-2026-053787,2026-06-27,CUS-01784,PRD-0123,5,"14,410","72,050",
ORD-2026-053789,2026-06-27,CUS-00841,PRD-0126,3,"29,270","87,810",
ORD-2026-053795,2026-06-27,CUS-00295,PRD-0151,11,"42,840","471,240",
ORD-2026-053797,2026-06-27,CUS-01704,PRD-0156,7,"58,570","409,990",
ORD-2026-053798,2026-06-27,CUS-00478,PRD-0156,13,"58,570","761,410",
ORD-2026-053807,2026-06-28,CUS-00211,PRD-0061,3,"16,320","48,960",
ORD-2026-053810,2026-06-28,CUS-02055,PRD-0081,4,"42,190","168,760",
ORD-2026-053819,2026-06-28,CUS-00837,PRD-0113,13,"10,420","135,460",
ORD-2026-053821,2026-06-28,CUS-02040,PRD-0125,1,"15,380","15,380",
ORD-2026-053823,2026-06-28,CUS-01912,PRD-0138,24,"27,020","648,480",
ORD-2026-053827,2026-06-28,,PRD-0150,13,"47,850","622,050",
ORD-2026-053831,2026-06-28,CUS-00141,PRD-0151,3,"42,840","128,520",
ORD-2026-053832,2026-06-28,CUS-01071,PRD-0156,4,"58,570","234,280",
ORD-2026-053833,2026-06-29,CUS-00267,PRD-0005,11,"3,110","34,210",
ORD-2026-053836,2026-06-29,CUS-02420,PRD-0008,10,"16,360","163,600",
ORD-2026-053837,2026-06-29,CUS-00246,PRD-0016,21,"42,680","896,280",
ORD-2026-053844,2026-06-29,CUS-02268,PRD-0039,3,"14,770","44,310",
ORD-2026-053846,2026-06-29,CUS-02387,PRD-0048,8,"16,870","134,960",
ORD-2026-053850,2026-06-29,CUS-01288,PRD-0062,22,"17,890","393,580",
ORD-2026-053859,2026-06-29,CUS-01474,PRD-0068,8,"16,320","130,560",
ORD-2026-053862,2026-06-29,CUS-00024,PRD-0072,5,"42,600","213,000",
ORD-2026-053878,2026-06-29,CUS-01518,PRD-0091,18,"27,010","486,180",
ORD-2026-053879,2026-06-29,CUS-00836,PRD-0100,9,"20,780","187,020",
ORD-2026-053891,2026-06-29,CUS-01544,PRD-0131,8,"31,140","249,120",
ORD-2026-053896,2026-06-29,CUS-01387,PRD-0150,15,"47,850","717,750",
ORD-2026-053897,2026-06-29,CUS-01806,PRD-0151,10,"42,840","428,400",
ORD-2026-053905,2026-06-29,CUS-00183,PRD-0161,31,"32,640","1,011,840",
ORD-2026-053906,2026-06-29,CUS-01059,PRD-0161,9,"32,640","293,760",
ORD-2026-053909,2026-06-29,CUS-01009,PRD-0166,5,"25,650","128,250",
ORD-2026-053910,2026-06-29,CUS-01687,PRD-0166,6,"25,650","153,900",
ORD-2026-053913,2026-06-30,CUS-01805,PRD-0004,5,"4,490","22,450",
ORD-2026-053916,2026-06-30,CUS-01988,PRD-0007,6,"17,070","102,420",
ORD-2026-053920,2026-06-30,CUS-02091,PRD-0021,6,"19,390","116,340",
ORD-2026-053930,2026-06-30,CUS-00734,PRD-0060,15,"57,540","863,100",
ORD-2026-053932,2026-06-30,CUS-00786,PRD-0064,5,"36,350","181,750",
ORD-2026-053941,2026-06-30,,PRD-0078,11,"33,720","370,920",
ORD-2026-053953,2026-06-30,CUS-00341,PRD-0090,2,"37,690","75,380",
ORD-2026-053957,2026-06-30,CUS-01606,PRD-0098,1,"15,320","15,320",
ORD-2026-053967,2026-06-30,CUS-00141,PRD-0125,5,"15,380","76,900",
ORD-2026-053975,2026-06-30,CUS-02187,PRD-0151,25,"42,840","1,071,000",
ORD-2026-053979,2026-06-30,CUS-00689,PRD-0157,11,"24,810","272,910",
ORD-2026-053981,2026-06-30,CUS-00455,PRD-0161,11,"32,640","359,040",
ORD-2026-053982,2026-06-30,CUS-01109,PRD-0166,14,"25,650","359,100",
