OrderID,OrderDate,CustomerID,ProductID,Quantity,UnitPrice,LineTotal
ORD-2024-000001,01-Jul-24,CUS-00568,PRD-0003,4,4840,19360
ORD-2024-000004,01-Jul-24,CUS-00253,PRD-0004,7,4490,31430
ORD-2024-000010,01-Jul-24,CUS-00280,PRD-0026,8,4150,33200
ORD-2024-000020,01-Jul-24,CUS-00901,PRD-0065,5,34000,170000
ORD-2024-000041,01-Jul-24,CUS-01755,PRD-0090,15,37690,565350
ORD-2024-000051,01-Jul-24,CUS-01683,PRD-0108,13,30750,399750
ORD-2024-000051,01-Jul-24,CUS-01683,PRD-0108,13,30750,399750
ORD-2024-000053,01-Jul-24,CUS-02409,PRD-0111,7,12240,85680
ORD-2024-000063,01-Jul-24,CUS-00992,PRD-0125,13,15380,199940
ORD-2024-000067,01-Jul-24,CUS-01528,PRD-0128,11,20590,226490
ORD-2024-000072,01-Jul-24,CUS-02457,PRD-0150,11,47850,526350
ORD-2024-000077,01-Jul-24,CUS-01966,PRD-0151,4,42840,171360
ORD-2024-000078,01-Jul-24,CUS-02158,PRD-0153,6,24220,145320
ORD-2024-000085,01-Jul-24,CUS-02189,PRD-0160,9,32940,296460
ORD-2024-000088,01-Jul-24,CUS-01008,PRD-0164,10,19920,199200
ORD-2024-000092,02-Jul-24,CUS-00679,PRD-0007,11,17070,187770
ORD-2024-000095,02-Jul-24,CUS-02334,PRD-0016,1,42680,42680
ORD-2024-000099,02-Jul-24,CUS-00764,PRD-0039,40,14770,590800
ORD-2024-000104,02-Jul-24,CUS-00922,PRD-0056,9,25020,225180
ORD-2024-000110,02-Jul-24,CUS-01933,PRD-0065,8,34000,272000
ORD-2024-000112,02-Jul-24,CUS-02479,PRD-0076,5,28050,140250
ORD-2024-000121,02-Jul-24,CUS-00013,PRD-0093,21,23080,484680
ORD-2024-000124,02-Jul-24,CUS-01660,PRD-0102,12,17050,204600
ORD-2024-000125,02-Jul-24,CUS-01755,PRD-0105,7,41060,287420
ORD-2024-000126,02-Jul-24,CUS-00995,PRD-0109,16,30700,491200
ORD-2024-000130,02-Jul-24,CUS-02441,PRD-0114,10,15730,157300
ORD-2024-000139,02-Jul-24,CUS-00441,PRD-0128,43,20590,885370
ORD-2024-000144,02-Jul-24,CUS-00782,PRD-0143,5,48640,243200
ORD-2024-000145,02-Jul-24,CUS-01626,PRD-0143,5,48640,243200
ORD-2024-000147,02-Jul-24,CUS-01041,PRD-0151,3,42840,128520
ORD-2024-000157,03-Jul-24,CUS-00602,PRD-0002,13,5180,67340
ORD-2024-000167,03-Jul-24,CUS-00291,PRD-0041,9,6830,61470
ORD-2024-000171,03-Jul-24,CUS-00117,PRD-0057,3,18040,54120
ORD-2024-000173,03-Jul-24,CUS-01486,PRD-0072,9,42600,383400
ORD-2024-000177,03-Jul-24,CUS-01567,PRD-0086,11,28180,309980
ORD-2024-000182,03-Jul-24,CUS-00038,PRD-0090,9,37690,339210
ORD-2024-000190,03-Jul-24,CUS-00692,PRD-0104,7,17130,119910
ORD-2024-000191,03-Jul-24,CUS-00992,PRD-0111,9,12240,110160
ORD-2024-000194,03-Jul-24,CUS-02234,PRD-0125,17,15380,261460
ORD-2024-000205,03-Jul-24,CUS-01816,PRD-0151,6,42840,257040
ORD-2024-000206,03-Jul-24,CUS-02183,PRD-0151,6,42840,257040
ORD-2024-000207,03-Jul-24,CUS-00663,PRD-0151,6,42840,257040
ORD-2024-000216,03-Jul-24,CUS-01726,PRD-0165,7,23380,163660
ORD-2024-000231,04-Jul-24,CUS-00052,PRD-0035,9,13660,122940
ORD-2024-000232,04-Jul-24,CUS-00528,PRD-0037,10,25650,256500
ORD-2024-000235,04-Jul-24,CUS-01714,PRD-0058,4,17980,71920
ORD-2024-000244,04-Jul-24,CUS-00575,PRD-0076,2,28050,56100
ORD-2024-000247,04-Jul-24,CUS-00105,PRD-0081,18,42190,759420
ORD-2024-000255,04-Jul-24,CUS-00775,PRD-0090,3,37690,113070
ORD-2024-000258,04-Jul-24,CUS-01860,PRD-0098,7,15320,107240
ORD-2024-000263,04-Jul-24,CUS-00010,PRD-0100,20,20780,415600
ORD-2024-000269,04-Jul-24,CUS-00835,PRD-0117,7,17520,122640
ORD-2024-000269,04-Jul-24,CUS-00835,PRD-0117,7,17520,122640
ORD-2024-000275,04-Jul-24,CUS-01851,PRD-0125,3,15380,46140
ORD-2024-000279,04-Jul-24,CUS-02122,PRD-0131,1,31140,31140
ORD-2024-000281,04-Jul-24,CUS-02144,PRD-0136,8,54950,439600
ORD-2024-000302,05-Jul-24,CUS-01899,PRD-0004,3,4490,13470
ORD-2024-000304,05-Jul-24,CUS-00948,PRD-0011,4,17170,68680
ORD-2024-000311,05-Jul-24,CUS-00990,PRD-0039,1,14770,14770
ORD-2024-000316,05-Jul-24,CUS-01264,PRD-0057,4,18040,72160
ORD-2024-000325,05-Jul-24,CUS-00223,PRD-0072,3,42600,127800
ORD-2024-000328,05-Jul-24,CUS-00297,PRD-0077,2,31120,62240
ORD-2024-000333,05-Jul-24,CUS-01728,PRD-0083,10,23690,236900
ORD-2024-000339,05-Jul-24,CUS-01062,PRD-0090,3,37690,113070
ORD-2024-000342,05-Jul-24,CUS-00015,PRD-0093,11,23080,253880
ORD-2024-000349,05-Jul-24,CUS-01242,PRD-0116,12,17680,212160
ORD-2024-000354,05-Jul-24,CUS-00165,PRD-0121,5,26430,132150
ORD-2024-000361,05-Jul-24,CUS-01382,PRD-0148,17,27270,463590
ORD-2024-000362,05-Jul-24,CUS-01647,PRD-0149,6,45880,275280
ORD-2024-000367,05-Jul-24,CUS-01413,PRD-0151,8,42840,342720
ORD-2024-000373,05-Jul-24,CUS-01636,PRD-0160,1,32940,32940
ORD-2024-000377,05-Jul-24,CUS-00688,PRD-0161,9,32640,293760
ORD-2024-000378,05-Jul-24,CUS-02486,PRD-0165,7,23380,163660
ORD-2024-000392,06-Jul-24,CUS-02406,PRD-0057,27,18040,487080
ORD-2024-000398,06-Jul-24,CUS-00416,PRD-0067,2,12380,24760
ORD-2024-000406,06-Jul-24,CUS-00011,PRD-0086,6,28180,169080
ORD-2024-000413,06-Jul-24,CUS-01152,PRD-0090,3,37690,113070
ORD-2024-000416,06-Jul-24,CUS-01691,PRD-0100,6,20780,124680
ORD-2024-000418,06-Jul-24,CUS-00137,PRD-0109,8,30700,245600
ORD-2024-000419,06-Jul-24,CUS-01182,PRD-0117,2,17520,35040
ORD-2024-000423,06-Jul-24,CUS-02020,PRD-0124,12,8790,105480
ORD-2024-000425,06-Jul-24,CUS-01976,PRD-0136,8,54950,439600
ORD-2024-000428,06-Jul-24,CUS-00350,PRD-0150,13,47850,622050
ORD-2024-000432,06-Jul-24,CUS-00156,PRD-0156,8,58570,468560
ORD-2024-000437,06-Jul-24,CUS-01154,PRD-0162,1,28900,28900
ORD-2024-000449,07-Jul-24,CUS-02400,PRD-0077,5,31120,155600
ORD-2024-000451,07-Jul-24,CUS-02222,PRD-0090,2,37690,75380
ORD-2024-000452,07-Jul-24,CUS-00915,PRD-0090,10,37690,376900
ORD-2024-000454,07-Jul-24,CUS-01579,PRD-0108,19,30750,584250
ORD-2024-000477,08-Jul-24,CUS-01044,PRD-0077,5,31120,155600
ORD-2024-000485,08-Jul-24,CUS-01223,PRD-0088,6,15290,91740
ORD-2024-000513,08-Jul-24,CUS-00438,PRD-0125,11,15380,169180
ORD-2024-000514,08-Jul-24,CUS-01508,PRD-0125,6,15380,92280
ORD-2024-000527,08-Jul-24,CUS-00532,PRD-0151,5,42840,214200
ORD-2024-000530,08-Jul-24,CUS-02239,PRD-0156,11,58570,644270
ORD-2024-000533,08-Jul-24,CUS-01896,PRD-0160,4,32940,131760
ORD-2024-000538,08-Jul-24,CUS-01099,PRD-0166,4,25650,102600
ORD-2024-000543,09-Jul-24,CUS-00746,PRD-0006,1,3060,3060
ORD-2024-000544,09-Jul-24,CUS-00262,PRD-0007,6,17070,102420
ORD-2024-000547,09-Jul-24,CUS-01790,PRD-0016,5,42680,213400
ORD-2024-000549,09-Jul-24,CUS-00821,PRD-0024,5,9800,49000
ORD-2024-000568,09-Jul-24,CUS-01987,PRD-0090,3,37690,113070
ORD-2024-000569,09-Jul-24,CUS-00651,PRD-0090,15,37690,565350
ORD-2024-000575,09-Jul-24,CUS-01766,PRD-0101,3,22590,67770
ORD-2024-000597,09-Jul-24,CUS-00887,PRD-0150,1,47850,47850
ORD-2024-000602,09-Jul-24,CUS-00073,PRD-0157,1,24810,24810
ORD-2024-000606,09-Jul-24,CUS-01528,PRD-0170,4,17370,69480
ORD-2024-000609,10-Jul-24,CUS-01683,PRD-0008,11,16360,179960
ORD-2024-000612,10-Jul-24,CUS-02275,PRD-0039,18,14770,265860
ORD-2024-000618,10-Jul-24,CUS-00915,PRD-0057,14,18040,252560
ORD-2024-000629,10-Jul-24,CUS-00055,PRD-0065,6,34000,204000
ORD-2024-000634,10-Jul-24,CUS-00962,PRD-0079,6,46870,281220
ORD-2024-000635,10-Jul-24,CUS-02323,PRD-0083,23,23690,544870
ORD-2024-000637,10-Jul-24,CUS-00184,PRD-0086,32,28180,901760
ORD-2024-000643,10-Jul-24,CUS-01388,PRD-0090,11,37690,414590
ORD-2024-000644,10-Jul-24,CUS-00833,PRD-0090,7,37690,263830
ORD-2024-000647,10-Jul-24,CUS-00299,PRD-0093,28,23080,646240
ORD-2024-000652,10-Jul-24,CUS-00074,PRD-0113,18,10420,187560
ORD-2024-000658,10-Jul-24,CUS-01112,PRD-0125,4,15380,61520
ORD-2024-000660,10-Jul-24,CUS-02245,PRD-0135,9,32900,296100
ORD-2024-000668,10-Jul-24,CUS-01579,PRD-0151,2,42840,85680
ORD-2024-000668,10-Jul-24,CUS-01579,PRD-0151,2,42840,85680
ORD-2024-000669,10-Jul-24,CUS-01950,PRD-0151,16,42840,685440
ORD-2024-000670,10-Jul-24,CUS-02154,PRD-0151,14,42840,599760
ORD-2024-000673,10-Jul-24,CUS-00705,PRD-0156,6,58570,351420
ORD-2024-000674,10-Jul-24,CUS-01070,PRD-0156,12,58570,702840
ORD-2024-000675,10-Jul-24,CUS-01497,PRD-0160,9,32940,296460
ORD-2024-000676,10-Jul-24,CUS-02104,PRD-0160,4,32940,131760
ORD-2024-000680,10-Jul-24,CUS-00852,PRD-0166,3,25650,76950
ORD-2024-000686,11-Jul-24,CUS-01465,PRD-0010,7,16050,112350
ORD-2024-000690,11-Jul-24,CUS-00490,PRD-0033,19,11040,209760
ORD-2024-000692,11-Jul-24,CUS-00870,PRD-0041,2,6830,13660
ORD-2024-000697,11-Jul-24,CUS-00011,PRD-0065,45,34000,1530000
ORD-2024-000712,11-Jul-24,CUS-00775,PRD-0090,14,37690,527660
ORD-2024-000716,11-Jul-24,CUS-02428,PRD-0098,11,15320,168520
ORD-2024-000724,11-Jul-24,CUS-02325,PRD-0121,3,26430,79290
ORD-2024-000734,11-Jul-24,CUS-02219,PRD-0156,11,58570,644270
ORD-2024-000736,11-Jul-24,CUS-00527,PRD-0161,13,32640,424320
ORD-2024-000737,11-Jul-24,CUS-01911,PRD-0163,2,27790,55580
ORD-2024-000745,12-Jul-24,CUS-01677,PRD-0018,48,62570,3003360
ORD-2024-000746,12-Jul-24,CUS-01740,PRD-0019,8,31240,249920
ORD-2024-000752,12-Jul-24,CUS-02367,PRD-0035,11,13660,150260
ORD-2024-000778,12-Jul-24,CUS-02373,PRD-0090,4,37690,150760
ORD-2024-000788,12-Jul-24,CUS-00667,PRD-0108,8,30750,246000
ORD-2024-000797,12-Jul-24,CUS-01340,PRD-0121,6,26430,158580
ORD-2024-000803,12-Jul-24,CUS-00762,PRD-0125,2,15380,30760
ORD-2024-000805,12-Jul-24,CUS-00870,PRD-0126,9,29270,263430
ORD-2024-000817,12-Jul-24,CUS-02406,PRD-0151,2,42840,85680
ORD-2024-000818,12-Jul-24,CUS-00255,PRD-0151,2,42840,85680
ORD-2024-000819,12-Jul-24,CUS-01694,PRD-0151,5,42840,214200
ORD-2024-000820,12-Jul-24,CUS-01936,PRD-0154,1,42470,42470
ORD-2024-000827,12-Jul-24,CUS-00727,PRD-0161,18,32640,587520
ORD-2024-000829,13-Jul-24,CUS-01467,PRD-0015,9,8500,76500
ORD-2024-000842,13-Jul-24,CUS-00105,PRD-0064,17,36350,617950
ORD-2024-000853,13-Jul-24,CUS-00575,PRD-0084,6,27760,166560
ORD-2024-000862,13-Jul-24,CUS-01338,PRD-0108,9,30750,276750
ORD-2024-000868,13-Jul-24,CUS-01020,PRD-0122,7,19140,133980
ORD-2024-000877,14-Jul-24,CUS-00440,PRD-0033,7,11040,77280
ORD-2024-000885,14-Jul-24,CUS-01152,PRD-0081,4,42190,168760
ORD-2024-000890,14-Jul-24,CUS-00512,PRD-0123,31,14410,446710
ORD-2024-000909,15-Jul-24,CUS-00233,PRD-0035,8,13660,109280
ORD-2024-000910,15-Jul-24,CUS-00619,PRD-0035,9,13660,122940
ORD-2024-000913,15-Jul-24,CUS-00011,PRD-0046,7,17360,121520
ORD-2024-000914,15-Jul-24,CUS-02215,PRD-0049,13,18190,236470
ORD-2024-000915,15-Jul-24,CUS-02203,PRD-0049,12,18190,218280
ORD-2024-000916,15-Jul-24,CUS-01677,PRD-0052,10,43630,436300
ORD-2024-000917,15-Jul-24,CUS-01486,PRD-0057,8,18040,144320
ORD-2024-000921,15-Jul-24,CUS-00008,PRD-0061,11,16320,179520
ORD-2024-000924,15-Jul-24,CUS-02479,PRD-0076,1,28050,28050
ORD-2024-000930,15-Jul-24,CUS-00527,PRD-0086,6,28180,169080
ORD-2024-000941,15-Jul-24,CUS-01627,PRD-0090,5,37690,188450
ORD-2024-000946,15-Jul-24,CUS-00679,PRD-0100,25,20780,519500
ORD-2024-000950,15-Jul-24,CUS-00333,PRD-0108,15,30750,461250
ORD-2024-000964,15-Jul-24,CUS-01812,PRD-0161,9,32640,293760
ORD-2024-000969,15-Jul-24,CUS-00178,PRD-0165,20,23380,467600
ORD-2024-000971,15-Jul-24,CUS-01755,PRD-0166,7,25650,179550
ORD-2024-000975,16-Jul-24,CUS-01816,PRD-0004,14,4490,62860
ORD-2024-000979,16-Jul-24,CUS-00674,PRD-0012,19,18410,349790
ORD-2024-000981,16-Jul-24,CUS-02183,PRD-0023,3,16940,50820
ORD-2024-000985,16-Jul-24,CUS-01197,PRD-0027,3,4920,14760
ORD-2024-000990,16-Jul-24,CUS-02439,PRD-0051,13,43070,559910
ORD-2024-000991,16-Jul-24,CUS-00416,PRD-0051,8,43070,344560
ORD-2024-000995,16-Jul-24,CUS-00124,PRD-0057,3,18040,54120
ORD-2024-001006,16-Jul-24,CUS-01557,PRD-0080,7,23900,167300
ORD-2024-001007,16-Jul-24,CUS-00603,PRD-0080,1,23900,23900
ORD-2024-001022,16-Jul-24,CUS-00525,PRD-0090,11,37690,414590
ORD-2024-001028,16-Jul-24,CUS-00291,PRD-0100,2,20780,41560
ORD-2024-001056,16-Jul-24,CUS-01911,PRD-0151,27,42840,1156680
ORD-2024-001057,16-Jul-24,CUS-02367,PRD-0151,7,42840,299880
ORD-2024-001065,16-Jul-24,CUS-01337,PRD-0169,23,15310,352130
ORD-2024-001068,17-Jul-24,CUS-02457,PRD-0004,21,4490,94290
ORD-2024-001070,17-Jul-24,CUS-01712,PRD-0014,10,13790,137900
ORD-2024-001072,17-Jul-24,CUS-00180,PRD-0018,4,62570,250280
ORD-2024-001073,17-Jul-24,CUS-01357,PRD-0020,4,29210,116840
ORD-2024-001078,17-Jul-24,CUS-01827,PRD-0041,6,6830,40980
ORD-2024-001079,17-Jul-24,CUS-00459,PRD-0045,9,7340,66060
ORD-2024-001089,17-Jul-24,CUS-01647,PRD-0057,16,18040,288640
ORD-2024-001098,17-Jul-24,CUS-01936,PRD-0083,7,23690,165830
ORD-2024-001102,17-Jul-24,CUS-00331,PRD-0090,3,37690,113070
ORD-2024-001106,17-Jul-24,CUS-01225,PRD-0093,2,23080,46160
ORD-2024-001137,17-Jul-24,CUS-01420,PRD-0154,12,42470,509640
ORD-2024-001140,17-Jul-24,CUS-02035,PRD-0164,9,19920,179280
ORD-2024-001145,18-Jul-24,CUS-01168,PRD-0004,3,4490,13470
ORD-2024-001146,18-Jul-24,CUS-01762,PRD-0004,13,4490,58370
ORD-2024-001154,18-Jul-24,CUS-01820,PRD-0031,5,36660,183300
ORD-2024-001176,18-Jul-24,CUS-00340,PRD-0080,10,23900,239000
ORD-2024-001186,18-Jul-24,CUS-01004,PRD-0090,9,37690,339210
ORD-2024-001187,18-Jul-24,CUS-01259,PRD-0090,2,37690,75380
ORD-2024-001188,18-Jul-24,CUS-01781,PRD-0090,6,37690,226140
ORD-2024-001190,18-Jul-24,CUS-00592,PRD-0091,7,27010,189070
ORD-2024-001193,18-Jul-24,CUS-00451,PRD-0098,5,15320,76600
ORD-2024-001196,18-Jul-24,CUS-00052,PRD-0100,18,20780,374040
ORD-2024-001197,18-Jul-24,CUS-02109,PRD-0100,7,20780,145460
ORD-2024-001208,18-Jul-24,CUS-01393,PRD-0130,12,13600,163200
ORD-2024-001210,18-Jul-24,CUS-01723,PRD-0143,4,48640,194560
ORD-2024-001211,18-Jul-24,CUS-00340,PRD-0143,4,48640,194560
ORD-2024-001222,18-Jul-24,CUS-00394,PRD-0151,5,42840,214200
ORD-2024-001231,18-Jul-24,CUS-02071,PRD-0166,12,25650,307800
ORD-2024-001235,19-Jul-24,CUS-01242,PRD-0007,21,17070,358470
ORD-2024-001237,19-Jul-24,CUS-00066,PRD-0022,6,11680,70080
ORD-2024-001239,19-Jul-24,CUS-02182,PRD-0025,13,5090,66170
ORD-2024-001242,19-Jul-24,CUS-01814,PRD-0028,11,4910,54010
ORD-2024-001253,19-Jul-24,CUS-02134,PRD-0061,5,16320,81600
ORD-2024-001256,19-Jul-24,CUS-02094,PRD-0066,6,51920,311520
ORD-2024-001279,19-Jul-24,CUS-00614,PRD-0102,6,17050,102300
ORD-2024-001288,19-Jul-24,CUS-02258,PRD-0139,7,33360,233520
ORD-2024-001293,19-Jul-24,CUS-01579,PRD-0148,3,27270,81810
ORD-2024-001295,19-Jul-24,CUS-01036,PRD-0151,4,42840,171360
ORD-2024-001303,19-Jul-24,CUS-00237,PRD-0161,2,32640,65280
ORD-2024-001304,19-Jul-24,CUS-01893,PRD-0161,3,32640,97920
ORD-2024-001305,19-Jul-24,CUS-02483,PRD-0161,30,32640,979200
ORD-2024-001311,19-Jul-24,CUS-01964,PRD-0166,30,25650,769500
ORD-2024-001318,20-Jul-24,CUS-00099,PRD-0028,6,4910,29460
ORD-2024-001339,20-Jul-24,CUS-01324,PRD-0090,7,37690,263830
ORD-2024-001340,20-Jul-24,CUS-00973,PRD-0090,5,37690,188450
ORD-2024-001341,20-Jul-24,CUS-02245,PRD-0090,1,37690,37690
ORD-2024-001342,20-Jul-24,CUS-00370,PRD-0090,8,37690,301520
ORD-2024-001343,20-Jul-24,CUS-02472,PRD-0098,10,15320,153200
ORD-2024-001351,20-Jul-24,CUS-00614,PRD-0121,21,26430,555030
ORD-2024-001357,20-Jul-24,CUS-00607,PRD-0131,6,31140,186840
ORD-2024-001358,20-Jul-24,CUS-01723,PRD-0138,14,27020,378280
ORD-2024-001361,20-Jul-24,CUS-00713,PRD-0151,11,42840,471240
ORD-2024-001367,20-Jul-24,CUS-01279,PRD-0161,7,32640,228480
ORD-2024-001369,20-Jul-24,CUS-01223,PRD-0164,6,19920,119520
ORD-2024-001370,21-Jul-24,CUS-00444,PRD-0004,6,4490,26940
ORD-2024-001374,21-Jul-24,CUS-01966,PRD-0064,10,36350,363500
ORD-2024-001383,21-Jul-24,CUS-01246,PRD-0132,1,38360,38360
ORD-2024-001386,21-Jul-24,CUS-00847,PRD-0170,24,17370,416880
ORD-2024-001389,22-Jul-24,CUS-00224,PRD-0007,17,17070,290190
ORD-2024-001394,22-Jul-24,CUS-01395,PRD-0020,6,29210,175260
ORD-2024-001405,22-Jul-24,CUS-02464,PRD-0061,15,16320,244800
ORD-2024-001411,22-Jul-24,CUS-00741,PRD-0068,6,16320,97920
ORD-2024-001420,22-Jul-24,CUS-01218,PRD-0078,5,33720,168600
ORD-2024-001426,22-Jul-24,CUS-00525,PRD-0090,10,37690,376900
ORD-2024-001427,22-Jul-24,CUS-01964,PRD-0090,14,37690,527660
ORD-2024-001431,22-Jul-24,CUS-01138,PRD-0100,19,20780,394820
ORD-2024-001433,22-Jul-24,CUS-02439,PRD-0108,9,30750,276750
ORD-2024-001437,22-Jul-24,CUS-01052,PRD-0122,26,19140,497640
ORD-2024-001443,22-Jul-24,CUS-02012,PRD-0139,11,33360,366960
ORD-2024-001451,22-Jul-24,CUS-00818,PRD-0153,4,24220,96880
ORD-2024-001455,22-Jul-24,CUS-01893,PRD-0160,9,32940,296460
ORD-2024-001456,22-Jul-24,CUS-02497,PRD-0160,7,32940,230580
ORD-2024-001458,22-Jul-24,CUS-02249,PRD-0161,4,32640,130560
ORD-2024-001463,23-Jul-24,CUS-01728,PRD-0016,3,42680,128040
ORD-2024-001466,23-Jul-24,CUS-00793,PRD-0035,3,13660,40980
ORD-2024-001467,23-Jul-24,CUS-01070,PRD-0035,5,13660,68300
ORD-2024-001468,23-Jul-24,CUS-01744,PRD-0035,5,13660,68300
ORD-2024-001474,23-Jul-24,CUS-00571,PRD-0051,8,43070,344560
ORD-2024-001492,23-Jul-24,CUS-02201,PRD-0084,6,27760,166560
ORD-2024-001503,23-Jul-24,CUS-02379,PRD-0090,2,37690,75380
ORD-2024-001504,23-Jul-24,CUS-02287,PRD-0090,7,37690,263830
ORD-2024-001511,23-Jul-24,CUS-01809,PRD-0100,7,20780,145460
ORD-2024-001512,23-Jul-24,CUS-00944,PRD-0100,14,20780,290920
ORD-2024-001516,23-Jul-24,CUS-02158,PRD-0120,13,14740,191620
ORD-2024-001518,23-Jul-24,CUS-02384,PRD-0124,2,8790,17580
ORD-2024-001526,23-Jul-24,CUS-01150,PRD-0151,4,42840,171360
ORD-2024-001537,24-Jul-24,CUS-01627,PRD-0005,1,3110,3110
ORD-2024-001543,24-Jul-24,CUS-02007,PRD-0020,6,29210,175260
ORD-2024-001545,24-Jul-24,CUS-01305,PRD-0028,5,4910,24550
ORD-2024-001550,24-Jul-24,CUS-01977,PRD-0037,11,25650,282150
ORD-2024-001561,24-Jul-24,CUS-00545,PRD-0061,10,16320,163200
ORD-2024-001565,24-Jul-24,CUS-00714,PRD-0068,2,16320,32640
ORD-2024-001572,24-Jul-24,CUS-01911,PRD-0081,2,42190,84380
ORD-2024-001588,24-Jul-24,CUS-02205,PRD-0100,6,20780,124680
ORD-2024-001594,24-Jul-24,CUS-01067,PRD-0120,11,14740,162140
ORD-2024-001596,24-Jul-24,CUS-00045,PRD-0123,12,14410,172920
ORD-2024-001604,24-Jul-24,CUS-01650,PRD-0151,3,42840,128520
ORD-2024-001605,24-Jul-24,CUS-01155,PRD-0151,7,42840,299880
ORD-2024-001608,24-Jul-24,CUS-00663,PRD-0160,4,32940,131760
ORD-2024-001623,25-Jul-24,CUS-01822,PRD-0044,5,8810,44050
ORD-2024-001626,25-Jul-24,CUS-02027,PRD-0055,8,16990,135920
ORD-2024-001636,25-Jul-24,CUS-01388,PRD-0083,7,23690,165830
ORD-2024-001638,25-Jul-24,CUS-01667,PRD-0086,3,28180,84540
ORD-2024-001639,25-Jul-24,CUS-00806,PRD-0086,4,28180,112720
ORD-2024-001644,25-Jul-24,CUS-01272,PRD-0090,3,37690,113070
ORD-2024-001648,25-Jul-24,CUS-00011,PRD-0098,7,15320,107240
ORD-2024-001657,25-Jul-24,CUS-00482,PRD-0118,19,23110,439090
ORD-2024-001660,25-Jul-24,CUS-02225,PRD-0121,2,26430,52860
ORD-2024-001675,25-Jul-24,CUS-01497,PRD-0160,3,32940,98820
ORD-2024-001683,26-Jul-24,CUS-01992,PRD-0013,12,11970,143640
ORD-2024-001687,26-Jul-24,CUS-01041,PRD-0025,16,5090,81440
ORD-2024-001688,26-Jul-24,CUS-00084,PRD-0028,8,4910,39280
ORD-2024-001693,26-Jul-24,CUS-02195,PRD-0037,4,25650,102600
ORD-2024-001698,26-Jul-24,CUS-02021,PRD-0045,11,7340,80740
ORD-2024-001707,26-Jul-24,CUS-00544,PRD-0067,17,12380,210460
ORD-2024-001711,26-Jul-24,CUS-00778,PRD-0074,45,38390,1727550
ORD-2024-001715,26-Jul-24,CUS-00636,PRD-0077,8,31120,248960
ORD-2024-001717,26-Jul-24,CUS-01824,PRD-0086,8,28180,225440
ORD-2024-001728,26-Jul-24,CUS-01694,PRD-0103,9,38480,346320
ORD-2024-001734,26-Jul-24,CUS-01622,PRD-0120,10,14740,147400
ORD-2024-001744,26-Jul-24,CUS-01627,PRD-0141,4,38600,154400
ORD-2024-001750,26-Jul-24,CUS-02439,PRD-0150,6,47850,287100
ORD-2024-001751,26-Jul-24,CUS-00870,PRD-0151,26,42840,1113840
ORD-2024-001752,26-Jul-24,CUS-00886,PRD-0151,12,42840,514080
ORD-2024-001758,26-Jul-24,CUS-00212,PRD-0164,2,19920,39840
ORD-2024-001759,26-Jul-24,CUS-02409,PRD-0165,6,23380,140280
ORD-2024-001769,27-Jul-24,CUS-02382,PRD-0034,8,15350,122800
ORD-2024-001782,27-Jul-24,CUS-00388,PRD-0090,6,37690,226140
ORD-2024-001783,27-Jul-24,CUS-01947,PRD-0091,6,27010,162060
ORD-2024-001789,27-Jul-24,CUS-02292,PRD-0101,10,22590,225900
ORD-2024-001790,27-Jul-24,CUS-00090,PRD-0102,28,17050,477400
ORD-2024-001802,27-Jul-24,CUS-00667,PRD-0131,3,31140,93420
ORD-2024-001808,27-Jul-24,CUS-00275,PRD-0144,3,31990,95970
ORD-2024-001814,27-Jul-24,CUS-00318,PRD-0157,11,24810,272910
ORD-2024-001822,28-Jul-24,CUS-00541,PRD-0018,7,62570,437990
ORD-2024-001830,28-Jul-24,CUS-01741,PRD-0082,7,30730,215110
ORD-2024-001834,28-Jul-24,CUS-02459,PRD-0086,18,28180,507240
ORD-2024-001838,28-Jul-24,CUS-00932,PRD-0098,6,15320,91920
ORD-2024-001842,28-Jul-24,CUS-01827,PRD-0125,3,15380,46140
ORD-2024-001843,28-Jul-24,CUS-02084,PRD-0149,4,45880,183520
ORD-2024-001850,29-Jul-24,CUS-01124,PRD-0007,8,17070,136560
ORD-2024-001853,29-Jul-24,CUS-01514,PRD-0031,16,36660,586560
ORD-2024-001861,29-Jul-24,CUS-00528,PRD-0064,7,36350,254450
ORD-2024-001874,29-Jul-24,CUS-01574,PRD-0089,5,13010,65050
ORD-2024-001885,29-Jul-24,CUS-00057,PRD-0090,14,37690,527660
ORD-2024-001886,29-Jul-24,CUS-01102,PRD-0090,10,37690,376900
ORD-2024-001888,29-Jul-24,CUS-00381,PRD-0091,7,27010,189070
ORD-2024-001891,29-Jul-24,CUS-01108,PRD-0100,2,20780,41560
ORD-2024-001895,29-Jul-24,CUS-02490,PRD-0105,6,41060,246360
ORD-2024-001911,29-Jul-24,CUS-00548,PRD-0135,6,32900,197400
ORD-2024-001921,29-Jul-24,CUS-01567,PRD-0151,24,42840,1028160
ORD-2024-001925,29-Jul-24,CUS-00821,PRD-0156,6,58570,351420
ORD-2024-001926,29-Jul-24,CUS-02406,PRD-0160,10,32940,329400
ORD-2024-001931,30-Jul-24,CUS-01270,PRD-0016,5,42680,213400
ORD-2024-001942,30-Jul-24,CUS-00858,PRD-0037,14,25650,359100
ORD-2024-001954,30-Jul-24,CUS-00274,PRD-0064,19,36350,690650
ORD-2024-001958,30-Jul-24,CUS-01977,PRD-0068,4,16320,65280
ORD-2024-001960,30-Jul-24,CUS-01487,PRD-0073,7,37930,265510
ORD-2024-001968,30-Jul-24,CUS-00394,PRD-0083,5,23690,118450
ORD-2024-001975,30-Jul-24,CUS-01853,PRD-0086,10,28180,281800
ORD-2024-001975,30-Jul-24,CUS-01853,PRD-0086,10,28180,281800
ORD-2024-001976,30-Jul-24,CUS-01959,PRD-0090,35,37690,1319150
ORD-2024-001976,30-Jul-24,CUS-01959,PRD-0090,35,37690,1319150
ORD-2024-001977,30-Jul-24,CUS-00886,PRD-0090,30,37690,1130700
ORD-2024-001978,30-Jul-24,CUS-00667,PRD-0090,1,37690,37690
ORD-2024-001979,30-Jul-24,CUS-01911,PRD-0090,6,37690,226140
ORD-2024-001981,30-Jul-24,CUS-01812,PRD-0092,9,30260,272340
ORD-2024-001998,30-Jul-24,CUS-00923,PRD-0142,40,52030,2081200
ORD-2024-002001,30-Jul-24,CUS-00255,PRD-0149,8,45880,367040
ORD-2024-002006,30-Jul-24,CUS-01242,PRD-0151,25,42840,1071000
ORD-2024-002015,30-Jul-24,CUS-02314,PRD-0162,11,28900,317900
ORD-2024-002024,31-Jul-24,CUS-00328,PRD-0019,16,31240,499840
ORD-2024-002030,31-Jul-24,CUS-00953,PRD-0051,5,43070,215350
ORD-2024-002034,31-Jul-24,CUS-02135,PRD-0063,7,15070,105490
ORD-2024-002035,31-Jul-24,CUS-02225,PRD-0064,11,36350,399850
ORD-2024-002046,31-Jul-24,CUS-01134,PRD-0090,14,37690,527660
ORD-2024-002047,31-Jul-24,CUS-01264,PRD-0090,1,37690,37690
ORD-2024-002053,31-Jul-24,CUS-01262,PRD-0102,1,17050,17050
ORD-2024-002061,31-Jul-24,CUS-00204,PRD-0122,3,19140,57420
ORD-2024-002064,31-Jul-24,CUS-01005,PRD-0127,8,16760,134080
ORD-2024-002068,31-Jul-24,CUS-00011,PRD-0135,14,32900,460600
ORD-2024-002070,31-Jul-24,CUS-00636,PRD-0142,13,52030,676390
ORD-2024-002075,31-Jul-24,CUS-01887,PRD-0151,29,42840,1242360
ORD-2024-002088,01-Aug-24,CUS-02122,PRD-0018,8,62570,500560
ORD-2024-002094,01-Aug-24,CUS-00305,PRD-0050,4,5420,21680
ORD-2024-002102,01-Aug-24,CUS-00948,PRD-0078,13,33720,438360
ORD-2024-002113,01-Aug-24,CUS-02442,PRD-0090,8,37690,301520
ORD-2024-002116,01-Aug-24,CUS-00090,PRD-0107,13,39590,514670
ORD-2024-002119,01-Aug-24,CUS-00778,PRD-0126,4,29270,117080
ORD-2024-002126,01-Aug-24,CUS-00708,PRD-0142,15,52030,780450
ORD-2024-002127,01-Aug-24,CUS-00331,PRD-0144,6,31990,191940
ORD-2024-002137,01-Aug-24,CUS-01052,PRD-0156,4,58570,234280
ORD-2024-002139,01-Aug-24,CUS-01605,PRD-0160,5,32940,164700
ORD-2024-002140,01-Aug-24,CUS-00602,PRD-0161,6,32640,195840
ORD-2024-002147,02-Aug-24,CUS-02404,PRD-0020,23,29210,671830
ORD-2024-002151,02-Aug-24,CUS-02027,PRD-0039,7,14770,103390
ORD-2024-002154,02-Aug-24,CUS-02035,PRD-0048,3,16870,50610
ORD-2024-002157,02-Aug-24,CUS-00103,PRD-0060,1,57540,57540
ORD-2024-002159,02-Aug-24,CUS-01110,PRD-0064,8,36350,290800
ORD-2024-002161,02-Aug-24,CUS-00491,PRD-0068,5,16320,81600
ORD-2024-002182,02-Aug-24,CUS-02279,PRD-0093,1,23080,23080
ORD-2024-002183,02-Aug-24,CUS-00865,PRD-0097,6,21780,130680
ORD-2024-002185,02-Aug-24,CUS-01956,PRD-0098,37,15320,566840
ORD-2024-002185,02-Aug-24,CUS-01956,PRD-0098,37,15320,566840
ORD-2024-002187,02-Aug-24,CUS-01112,PRD-0108,33,30750,1014750
ORD-2024-002193,02-Aug-24,CUS-01064,PRD-0120,4,14740,58960
ORD-2024-002200,02-Aug-24,CUS-00011,PRD-0135,1,32900,32900
ORD-2024-002201,02-Aug-24,CUS-02193,PRD-0142,3,52030,156090
ORD-2024-002203,02-Aug-24,CUS-00445,PRD-0145,11,31800,349800
ORD-2024-002207,02-Aug-24,CUS-00852,PRD-0153,3,24220,72660
ORD-2024-002218,03-Aug-24,CUS-01639,PRD-0016,5,42680,213400
ORD-2024-002219,03-Aug-24,CUS-01636,PRD-0018,16,62570,1001120
ORD-2024-002221,03-Aug-24,CUS-00223,PRD-0021,4,19390,77560
ORD-2024-002223,03-Aug-24,CUS-02104,PRD-0023,2,16940,33880
ORD-2024-002235,03-Aug-24,CUS-00274,PRD-0080,5,23900,119500
ORD-2024-002238,03-Aug-24,CUS-00571,PRD-0088,6,15290,91740
ORD-2024-002241,03-Aug-24,CUS-01627,PRD-0090,4,37690,150760
ORD-2024-002245,03-Aug-24,CUS-00775,PRD-0103,15,38480,577200
ORD-2024-002250,03-Aug-24,CUS-02419,PRD-0108,8,30750,246000
ORD-2024-002257,03-Aug-24,CUS-00276,PRD-0125,4,15380,61520
ORD-2024-002264,03-Aug-24,CUS-00675,PRD-0142,2,52030,104060
ORD-2024-002268,03-Aug-24,CUS-00740,PRD-0151,7,42840,299880
ORD-2024-002269,03-Aug-24,CUS-01064,PRD-0151,2,42840,85680
ORD-2024-002277,03-Aug-24,CUS-00255,PRD-0162,2,28900,57800
ORD-2024-002282,04-Aug-24,CUS-00104,PRD-0004,15,4490,67350
ORD-2024-002286,04-Aug-24,CUS-00636,PRD-0017,13,39680,515840
ORD-2024-002290,04-Aug-24,CUS-00008,PRD-0090,6,37690,226140
ORD-2024-002296,04-Aug-24,CUS-00932,PRD-0103,15,38480,577200
ORD-2024-002300,04-Aug-24,CUS-00806,PRD-0125,8,15380,123040
ORD-2024-002305,04-Aug-24,CUS-02307,PRD-0151,12,42840,514080
ORD-2024-002306,04-Aug-24,CUS-00155,PRD-0153,3,24220,72660
ORD-2024-002317,05-Aug-24,CUS-01025,PRD-0033,8,11040,88320
ORD-2024-002321,05-Aug-24,CUS-00707,PRD-0045,3,7340,22020
ORD-2024-002326,05-Aug-24,CUS-00948,PRD-0064,4,36350,145400
ORD-2024-002333,05-Aug-24,CUS-01152,PRD-0082,3,30730,92190
ORD-2024-002337,05-Aug-24,CUS-02094,PRD-0090,5,37690,188450
ORD-2024-002347,05-Aug-24,CUS-02135,PRD-0103,6,38480,230880
ORD-2024-002356,05-Aug-24,CUS-00915,PRD-0120,26,14740,383240
ORD-2024-002357,05-Aug-24,CUS-01679,PRD-0123,5,14410,72050
ORD-2024-002360,05-Aug-24,CUS-01004,PRD-0125,20,15380,307600
ORD-2024-002361,05-Aug-24,CUS-00910,PRD-0128,1,20590,20590
ORD-2024-002370,05-Aug-24,CUS-01813,PRD-0156,4,58570,234280
ORD-2024-002373,05-Aug-24,CUS-00465,PRD-0163,5,27790,138950
ORD-2024-002374,05-Aug-24,CUS-01723,PRD-0166,4,25650,102600
ORD-2024-002376,06-Aug-24,CUS-00761,PRD-0008,16,16360,261760
ORD-2024-002378,06-Aug-24,CUS-00124,PRD-0035,7,13660,95620
ORD-2024-002381,06-Aug-24,CUS-01070,PRD-0049,2,18190,36380
ORD-2024-002389,06-Aug-24,CUS-02380,PRD-0073,4,37930,151720
ORD-2024-002391,06-Aug-24,CUS-02125,PRD-0077,8,31120,248960
ORD-2024-002391,06-Aug-24,CUS-02125,PRD-0077,8,31120,248960
ORD-2024-002413,06-Aug-24,CUS-02020,PRD-0100,1,20780,20780
ORD-2024-002415,06-Aug-24,CUS-01822,PRD-0113,8,10420,83360
ORD-2024-002418,06-Aug-24,CUS-00021,PRD-0118,14,23110,323540
ORD-2024-002422,06-Aug-24,CUS-01875,PRD-0125,3,15380,46140
ORD-2024-002426,06-Aug-24,CUS-00301,PRD-0135,16,32900,526400
ORD-2024-002433,06-Aug-24,CUS-00672,PRD-0148,3,27270,81810
ORD-2024-002436,06-Aug-24,CUS-00100,PRD-0151,12,42840,514080
ORD-2024-002437,06-Aug-24,CUS-01875,PRD-0151,2,42840,85680
ORD-2024-002447,07-Aug-24,CUS-00877,PRD-0004,2,4490,8980
ORD-2024-002448,07-Aug-24,CUS-00502,PRD-0005,10,3110,31100
ORD-2024-002452,07-Aug-24,CUS-01762,PRD-0020,8,29210,233680
ORD-2024-002461,07-Aug-24,CUS-02182,PRD-0047,10,19060,190600
ORD-2024-002464,07-Aug-24,CUS-01041,PRD-0059,8,50810,406480
ORD-2024-002465,07-Aug-24,CUS-00558,PRD-0059,3,50810,152430
ORD-2024-002471,07-Aug-24,CUS-01064,PRD-0077,12,31120,373440
ORD-2024-002478,07-Aug-24,CUS-02104,PRD-0089,5,13010,65050
ORD-2024-002485,07-Aug-24,CUS-02419,PRD-0091,8,27010,216080
ORD-2024-002501,07-Aug-24,CUS-00830,PRD-0121,6,26430,158580
ORD-2024-002508,07-Aug-24,CUS-01185,PRD-0135,12,32900,394800
ORD-2024-002510,07-Aug-24,CUS-01357,PRD-0144,2,31990,63980
ORD-2024-002512,07-Aug-24,CUS-02366,PRD-0151,4,42840,171360
ORD-2024-002513,07-Aug-24,CUS-02201,PRD-0151,9,42840,385560
ORD-2024-002514,07-Aug-24,CUS-01047,PRD-0151,5,42840,214200
ORD-2024-002520,08-Aug-24,CUS-00033,PRD-0005,4,3110,12440
ORD-2024-002522,08-Aug-24,CUS-00180,PRD-0011,6,17170,103020
ORD-2024-002526,08-Aug-24,CUS-02367,PRD-0033,6,11040,66240
ORD-2024-002531,08-Aug-24,CUS-01427,PRD-0047,6,19060,114360
ORD-2024-002540,08-Aug-24,CUS-01670,PRD-0067,20,12380,247600
ORD-2024-002547,08-Aug-24,CUS-00636,PRD-0080,9,23900,215100
ORD-2024-002549,08-Aug-24,CUS-01627,PRD-0083,4,23690,94760
ORD-2024-002551,08-Aug-24,CUS-02321,PRD-0084,6,27760,166560
ORD-2024-002559,08-Aug-24,CUS-01504,PRD-0090,9,37690,339210
ORD-2024-002565,08-Aug-24,CUS-00260,PRD-0109,11,30700,337700
ORD-2024-002567,08-Aug-24,CUS-00682,PRD-0111,3,12240,36720
ORD-2024-002568,08-Aug-24,CUS-00922,PRD-0115,21,21210,445410
ORD-2024-002572,08-Aug-24,CUS-01815,PRD-0120,7,14740,103180
ORD-2024-002574,08-Aug-24,CUS-00100,PRD-0121,4,26430,105720
ORD-2024-002578,08-Aug-24,CUS-00499,PRD-0128,17,20590,350030
ORD-2024-002592,08-Aug-24,CUS-01154,PRD-0160,9,32940,296460
ORD-2024-002598,08-Aug-24,CUS-00764,PRD-0166,12,25650,307800
ORD-2024-002600,09-Aug-24,CUS-01413,PRD-0004,11,4490,49390
ORD-2024-002607,09-Aug-24,CUS-00043,PRD-0024,13,9800,127400
ORD-2024-002611,09-Aug-24,CUS-00440,PRD-0037,12,25650,307800
ORD-2024-002612,09-Aug-24,CUS-01558,PRD-0039,10,14770,147700
ORD-2024-002617,09-Aug-24,CUS-01083,PRD-0058,4,17980,71920
ORD-2024-002626,09-Aug-24,CUS-01236,PRD-0084,6,27760,166560
ORD-2024-002634,09-Aug-24,CUS-00950,PRD-0090,7,37690,263830
ORD-2024-002636,09-Aug-24,CUS-00043,PRD-0091,1,27010,27010
ORD-2024-002642,09-Aug-24,CUS-01281,PRD-0100,2,20780,41560
ORD-2024-002645,09-Aug-24,CUS-01674,PRD-0105,9,41060,369540
ORD-2024-002647,09-Aug-24,CUS-02292,PRD-0118,19,23110,439090
ORD-2024-002648,09-Aug-24,CUS-01815,PRD-0121,36,26430,951480
ORD-2024-002650,09-Aug-24,CUS-01142,PRD-0128,9,20590,185310
ORD-2024-002651,09-Aug-24,CUS-00155,PRD-0128,11,20590,226490
ORD-2024-002663,09-Aug-24,CUS-00499,PRD-0151,9,42840,385560
ORD-2024-002667,09-Aug-24,CUS-00595,PRD-0160,5,32940,164700
ORD-2024-002671,09-Aug-24,CUS-01106,PRD-0169,2,15310,30620
ORD-2024-002676,10-Aug-24,CUS-01150,PRD-0027,2,4920,9840
ORD-2024-002677,10-Aug-24,CUS-01755,PRD-0028,9,4910,44190
ORD-2024-002679,10-Aug-24,CUS-01954,PRD-0039,28,14770,413560
ORD-2024-002680,10-Aug-24,CUS-00878,PRD-0047,2,19060,38120
ORD-2024-002682,10-Aug-24,CUS-01349,PRD-0056,19,25020,475380
ORD-2024-002684,10-Aug-24,CUS-00592,PRD-0064,1,36350,36350
ORD-2024-002686,10-Aug-24,CUS-02231,PRD-0077,1,31120,31120
ORD-2024-002695,10-Aug-24,CUS-01083,PRD-0090,4,37690,150760
ORD-2024-002696,10-Aug-24,CUS-01126,PRD-0092,18,30260,544680
ORD-2024-002701,10-Aug-24,CUS-00055,PRD-0100,35,20780,727300
ORD-2024-002702,10-Aug-24,CUS-00735,PRD-0100,8,20780,166240
ORD-2024-002712,10-Aug-24,CUS-00544,PRD-0126,9,29270,263430
ORD-2024-002719,10-Aug-24,CUS-00636,PRD-0151,3,42840,128520
ORD-2024-002724,10-Aug-24,CUS-01036,PRD-0160,10,32940,329400
ORD-2024-002725,10-Aug-24,CUS-00491,PRD-0170,15,17370,260550
ORD-2024-002730,11-Aug-24,CUS-00607,PRD-0024,3,9800,29400
ORD-2024-002733,11-Aug-24,CUS-01703,PRD-0056,43,25020,1075860
ORD-2024-002740,11-Aug-24,CUS-01549,PRD-0076,12,28050,336600
ORD-2024-002747,11-Aug-24,CUS-00541,PRD-0102,4,17050,68200
ORD-2024-002765,12-Aug-24,CUS-00226,PRD-0028,67,4910,328970
ORD-2024-002772,12-Aug-24,CUS-01909,PRD-0061,4,16320,65280
ORD-2024-002775,12-Aug-24,CUS-00962,PRD-0067,1,12380,12380
ORD-2024-002782,12-Aug-24,CUS-01209,PRD-0083,17,23690,402730
ORD-2024-002783,12-Aug-24,CUS-01911,PRD-0083,6,23690,142140
ORD-2024-002785,12-Aug-24,CUS-00778,PRD-0090,14,37690,527660
ORD-2024-002786,12-Aug-24,CUS-00299,PRD-0090,19,37690,716110
ORD-2024-002794,12-Aug-24,CUS-01537,PRD-0104,3,17130,51390
ORD-2024-002801,12-Aug-24,CUS-02359,PRD-0122,3,19140,57420
ORD-2024-002807,12-Aug-24,CUS-01166,PRD-0129,10,17810,178100
ORD-2024-002810,12-Aug-24,CUS-02402,PRD-0136,21,54950,1153950
ORD-2024-002812,12-Aug-24,CUS-01066,PRD-0141,6,38600,231600
ORD-2024-002814,12-Aug-24,CUS-01516,PRD-0149,7,45880,321160
ORD-2024-002825,12-Aug-24,CUS-02154,PRD-0165,7,23380,163660
ORD-2024-002831,13-Aug-24,CUS-01588,PRD-0028,6,4910,29460
ORD-2024-002837,13-Aug-24,CUS-02088,PRD-0047,7,19060,133420
ORD-2024-002841,13-Aug-24,CUS-01585,PRD-0057,11,18040,198440
ORD-2024-002845,13-Aug-24,CUS-02441,PRD-0072,5,42600,213000
ORD-2024-002846,13-Aug-24,CUS-01004,PRD-0074,7,38390,268730
ORD-2024-002849,13-Aug-24,CUS-01083,PRD-0077,6,31120,186720
ORD-2024-002852,13-Aug-24,CUS-02354,PRD-0086,7,28180,197260
ORD-2024-002858,13-Aug-24,CUS-00990,PRD-0090,1,37690,37690
ORD-2024-002859,13-Aug-24,CUS-01616,PRD-0090,5,37690,188450
ORD-2024-002872,13-Aug-24,CUS-00811,PRD-0116,2,17680,35360
ORD-2024-002874,13-Aug-24,CUS-00762,PRD-0121,20,26430,528600
ORD-2024-002886,13-Aug-24,CUS-01978,PRD-0139,4,33360,133440
ORD-2024-002889,13-Aug-24,CUS-01744,PRD-0147,5,32330,161650
ORD-2024-002894,13-Aug-24,CUS-02287,PRD-0156,15,58570,878550
ORD-2024-002897,13-Aug-24,CUS-01911,PRD-0161,10,32640,326400
ORD-2024-002899,13-Aug-24,CUS-00667,PRD-0162,13,28900,375700
ORD-2024-002901,13-Aug-24,CUS-00750,PRD-0166,11,25650,282150
ORD-2024-002904,14-Aug-24,CUS-01106,PRD-0015,3,8500,25500
ORD-2024-002906,14-Aug-24,CUS-00973,PRD-0016,5,42680,213400
ORD-2024-002913,14-Aug-24,CUS-01246,PRD-0026,5,4150,20750
ORD-2024-002914,14-Aug-24,CUS-00632,PRD-0031,15,36660,549900
ORD-2024-002916,14-Aug-24,CUS-00674,PRD-0035,13,13660,177580
ORD-2024-002917,14-Aug-24,CUS-01449,PRD-0041,4,6830,27320
ORD-2024-002917,14-Aug-24,CUS-01449,PRD-0041,4,6830,27320
ORD-2024-002918,14-Aug-24,CUS-00603,PRD-0045,8,7340,58720
ORD-2024-002919,14-Aug-24,CUS-01152,PRD-0045,10,7340,73400
ORD-2024-002921,14-Aug-24,CUS-02020,PRD-0057,2,18040,36080
ORD-2024-002922,14-Aug-24,CUS-02001,PRD-0057,5,18040,90200
ORD-2024-002945,14-Aug-24,CUS-00327,PRD-0098,10,15320,153200
ORD-2024-002947,14-Aug-24,CUS-02329,PRD-0108,2,30750,61500
ORD-2024-002950,14-Aug-24,CUS-01936,PRD-0125,3,15380,46140
ORD-2024-002951,14-Aug-24,CUS-00995,PRD-0135,9,32900,296100
ORD-2024-002952,14-Aug-24,CUS-01225,PRD-0135,7,32900,230300
ORD-2024-002960,14-Aug-24,CUS-00126,PRD-0150,12,47850,574200
ORD-2024-002960,14-Aug-24,CUS-00126,PRD-0150,12,47850,574200
ORD-2024-002966,14-Aug-24,CUS-00010,PRD-0151,3,42840,128520
ORD-2024-002979,15-Aug-24,CUS-00308,PRD-0016,27,42680,1152360
ORD-2024-002981,15-Aug-24,CUS-00318,PRD-0023,9,16940,152460
ORD-2024-002983,15-Aug-24,CUS-01427,PRD-0026,5,4150,20750
ORD-2024-002985,15-Aug-24,CUS-02449,PRD-0039,6,14770,88620
ORD-2024-002988,15-Aug-24,CUS-00484,PRD-0061,12,16320,195840
ORD-2024-002993,15-Aug-24,CUS-02245,PRD-0068,7,16320,114240
ORD-2024-002997,15-Aug-24,CUS-02005,PRD-0081,10,42190,421900
ORD-2024-003001,15-Aug-24,CUS-00544,PRD-0090,14,37690,527660
ORD-2024-003008,15-Aug-24,CUS-00454,PRD-0102,5,17050,85250
ORD-2024-003018,15-Aug-24,CUS-02084,PRD-0128,2,20590,41180
ORD-2024-003019,15-Aug-24,CUS-00038,PRD-0131,3,31140,93420
ORD-2024-003021,15-Aug-24,CUS-00340,PRD-0138,27,27020,729540
ORD-2024-003022,15-Aug-24,CUS-00337,PRD-0142,3,52030,156090
ORD-2024-003023,15-Aug-24,CUS-01166,PRD-0144,2,31990,63980
ORD-2024-003026,15-Aug-24,CUS-02038,PRD-0151,4,42840,171360
ORD-2024-003027,15-Aug-24,CUS-01281,PRD-0151,7,42840,299880
ORD-2024-003033,15-Aug-24,CUS-00927,PRD-0161,3,32640,97920
ORD-2024-003034,15-Aug-24,CUS-01478,PRD-0166,7,25650,179550
ORD-2024-003047,16-Aug-24,CUS-02464,PRD-0035,2,13660,27320
ORD-2024-003050,16-Aug-24,CUS-00618,PRD-0041,4,6830,27320
ORD-2024-003051,16-Aug-24,CUS-01066,PRD-0045,3,7340,22020
ORD-2024-003061,16-Aug-24,CUS-01636,PRD-0072,7,42600,298200
ORD-2024-003064,16-Aug-24,CUS-00509,PRD-0077,8,31120,248960
ORD-2024-003070,16-Aug-24,CUS-00630,PRD-0083,15,23690,355350
ORD-2024-003073,16-Aug-24,CUS-01860,PRD-0085,5,32580,162900
ORD-2024-003074,16-Aug-24,CUS-00858,PRD-0086,8,28180,225440
ORD-2024-003081,16-Aug-24,CUS-01223,PRD-0098,1,15320,15320
ORD-2024-003086,16-Aug-24,CUS-01766,PRD-0117,7,17520,122640
ORD-2024-003094,16-Aug-24,CUS-00297,PRD-0125,6,15380,92280
ORD-2024-003098,16-Aug-24,CUS-02021,PRD-0142,2,52030,104060
ORD-2024-003103,16-Aug-24,CUS-02097,PRD-0151,32,42840,1370880
ORD-2024-003108,16-Aug-24,CUS-01703,PRD-0166,4,25650,102600
ORD-2024-003109,16-Aug-24,CUS-01112,PRD-0166,3,25650,76950
ORD-2024-003110,16-Aug-24,CUS-00953,PRD-0170,7,17370,121590
ORD-2024-003113,17-Aug-24,CUS-01008,PRD-0016,12,42680,512160
ORD-2024-003114,17-Aug-24,CUS-02249,PRD-0018,24,62570,1501680
ORD-2024-003118,17-Aug-24,CUS-01497,PRD-0036,8,20500,164000
ORD-2024-003123,17-Aug-24,CUS-02128,PRD-0076,2,28050,56100
ORD-2024-003139,17-Aug-24,CUS-01827,PRD-0090,7,37690,263830
ORD-2024-003140,17-Aug-24,CUS-00012,PRD-0090,22,37690,829180
ORD-2024-003146,17-Aug-24,CUS-01639,PRD-0100,3,20780,62340
ORD-2024-003146,17-Aug-24,CUS-01639,PRD-0100,3,20780,62340
ORD-2024-003147,17-Aug-24,CUS-02276,PRD-0103,9,38480,346320
ORD-2024-003148,17-Aug-24,CUS-02141,PRD-0104,8,17130,137040
ORD-2024-003162,17-Aug-24,CUS-02007,PRD-0160,2,32940,65880
ORD-2024-003164,17-Aug-24,CUS-02048,PRD-0161,7,32640,228480
ORD-2024-003170,17-Aug-24,CUS-00607,PRD-0165,3,23380,70140
ORD-2024-003174,18-Aug-24,CUS-01735,PRD-0040,23,14100,324300
ORD-2024-003178,18-Aug-24,CUS-01465,PRD-0084,17,27760,471920
ORD-2024-003181,18-Aug-24,CUS-01674,PRD-0090,2,37690,75380
ORD-2024-003182,18-Aug-24,CUS-01206,PRD-0090,4,37690,150760
ORD-2024-003183,18-Aug-24,CUS-02287,PRD-0090,5,37690,188450
ORD-2024-003185,18-Aug-24,CUS-01166,PRD-0115,7,21210,148470
ORD-2024-003187,18-Aug-24,CUS-01741,PRD-0120,30,14740,442200
ORD-2024-003190,18-Aug-24,CUS-01679,PRD-0166,7,25650,179550
ORD-2024-003195,19-Aug-24,CUS-02219,PRD-0029,8,11070,88560
ORD-2024-003198,19-Aug-24,CUS-02282,PRD-0031,3,36660,109980
ORD-2024-003202,19-Aug-24,CUS-01683,PRD-0048,4,16870,67480
ORD-2024-003204,19-Aug-24,CUS-00717,PRD-0055,3,16990,50970
ORD-2024-003208,19-Aug-24,CUS-00066,PRD-0068,3,16320,48960
ORD-2024-003214,19-Aug-24,CUS-00818,PRD-0078,14,33720,472080
ORD-2024-003216,19-Aug-24,CUS-01960,PRD-0084,7,27760,194320
ORD-2024-003217,19-Aug-24,CUS-01669,PRD-0084,12,27760,333120
ORD-2024-003218,19-Aug-24,CUS-00953,PRD-0084,6,27760,166560
ORD-2024-003227,19-Aug-24,CUS-01875,PRD-0093,9,23080,207720
ORD-2024-003230,19-Aug-24,CUS-02280,PRD-0108,5,30750,153750
ORD-2024-003238,19-Aug-24,CUS-00751,PRD-0125,7,15380,107660
ORD-2024-003239,19-Aug-24,CUS-01992,PRD-0125,9,15380,138420
ORD-2024-003254,19-Aug-24,CUS-01558,PRD-0151,14,42840,599760
ORD-2024-003265,19-Aug-24,CUS-01460,PRD-0165,12,23380,280560
ORD-2024-003266,19-Aug-24,CUS-02276,PRD-0170,2,17370,34740
ORD-2024-003267,20-Aug-24,CUS-01690,PRD-0001,9,4970,44730
ORD-2024-003268,20-Aug-24,CUS-02164,PRD-0007,12,17070,204840
ORD-2024-003271,20-Aug-24,CUS-01272,PRD-0020,6,29210,175260
ORD-2024-003274,20-Aug-24,CUS-00987,PRD-0031,40,36660,1466400
ORD-2024-003291,20-Aug-24,CUS-01155,PRD-0061,11,16320,179520
ORD-2024-003301,20-Aug-24,CUS-01341,PRD-0078,2,33720,67440
ORD-2024-003317,20-Aug-24,CUS-01126,PRD-0100,7,20780,145460
ORD-2024-003321,20-Aug-24,CUS-00846,PRD-0115,4,21210,84840
ORD-2024-003323,20-Aug-24,CUS-00368,PRD-0118,9,23110,207990
ORD-2024-003328,20-Aug-24,CUS-00816,PRD-0123,11,14410,158510
ORD-2024-003330,20-Aug-24,CUS-01264,PRD-0131,7,31140,217980
ORD-2024-003332,20-Aug-24,CUS-01893,PRD-0136,7,54950,384650
ORD-2024-003335,20-Aug-24,CUS-00375,PRD-0144,2,31990,63980
ORD-2024-003339,20-Aug-24,CUS-01182,PRD-0151,2,42840,85680
ORD-2024-003340,20-Aug-24,CUS-00066,PRD-0151,4,42840,171360
ORD-2024-003362,21-Aug-24,CUS-01081,PRD-0077,2,31120,62240
ORD-2024-003363,21-Aug-24,CUS-02239,PRD-0081,10,42190,421900
ORD-2024-003367,21-Aug-24,CUS-02435,PRD-0086,17,28180,479060
ORD-2024-003389,21-Aug-24,CUS-02195,PRD-0125,2,15380,30760
ORD-2024-003396,21-Aug-24,CUS-00370,PRD-0151,5,42840,214200
ORD-2024-003398,21-Aug-24,CUS-01134,PRD-0152,1,24900,24900
ORD-2024-003401,21-Aug-24,CUS-01959,PRD-0153,7,24220,169540
ORD-2024-003402,21-Aug-24,CUS-02323,PRD-0153,6,24220,145320
ORD-2024-003405,21-Aug-24,CUS-00021,PRD-0160,2,32940,65880
ORD-2024-003408,21-Aug-24,CUS-00015,PRD-0166,1,25650,25650
ORD-2024-003409,21-Aug-24,CUS-00330,PRD-0167,12,14020,168240
ORD-2024-003410,22-Aug-24,CUS-00959,PRD-0005,1,3110,3110
ORD-2024-003416,22-Aug-24,CUS-02125,PRD-0018,20,62570,1251400
ORD-2024-003420,22-Aug-24,CUS-01893,PRD-0047,5,19060,95300
ORD-2024-003422,22-Aug-24,CUS-01811,PRD-0062,3,17890,53670
ORD-2024-003424,22-Aug-24,CUS-01178,PRD-0065,18,34000,612000
ORD-2024-003425,22-Aug-24,CUS-01225,PRD-0069,10,17210,172100
ORD-2024-003426,22-Aug-24,CUS-01650,PRD-0074,4,38390,153560
ORD-2024-003433,22-Aug-24,CUS-01774,PRD-0086,4,28180,112720
ORD-2024-003434,22-Aug-24,CUS-00045,PRD-0086,6,28180,169080
ORD-2024-003442,22-Aug-24,CUS-00079,PRD-0090,5,37690,188450
ORD-2024-003443,22-Aug-24,CUS-02442,PRD-0090,14,37690,527660
ORD-2024-003451,22-Aug-24,CUS-01502,PRD-0125,3,15380,46140
ORD-2024-003452,22-Aug-24,CUS-00964,PRD-0128,8,20590,164720
ORD-2024-003453,22-Aug-24,CUS-01508,PRD-0128,24,20590,494160
ORD-2024-003455,22-Aug-24,CUS-00663,PRD-0134,4,34970,139880
ORD-2024-003462,22-Aug-24,CUS-00100,PRD-0153,7,24220,169540
ORD-2024-003469,22-Aug-24,CUS-02035,PRD-0161,19,32640,620160
ORD-2024-003470,22-Aug-24,CUS-01838,PRD-0161,4,32640,130560
ORD-2024-003474,22-Aug-24,CUS-00740,PRD-0166,6,25650,153900
ORD-2024-003476,23-Aug-24,CUS-01368,PRD-0005,1,3110,3110
ORD-2024-003477,23-Aug-24,CUS-00663,PRD-0011,10,17170,171700
ORD-2024-003483,23-Aug-24,CUS-01574,PRD-0045,4,7340,29360
ORD-2024-003485,23-Aug-24,CUS-01600,PRD-0046,3,17360,52080
ORD-2024-003499,23-Aug-24,CUS-00992,PRD-0078,6,33720,202320
ORD-2024-003502,23-Aug-24,CUS-01726,PRD-0083,12,23690,284280
ORD-2024-003503,23-Aug-24,CUS-00347,PRD-0085,12,32580,390960
ORD-2024-003506,23-Aug-24,CUS-01125,PRD-0086,14,28180,394520
ORD-2024-003507,23-Aug-24,CUS-02307,PRD-0086,23,28180,648140
ORD-2024-003508,23-Aug-24,CUS-00090,PRD-0090,3,37690,113070
ORD-2024-003517,23-Aug-24,CUS-00992,PRD-0125,7,15380,107660
ORD-2024-003519,23-Aug-24,CUS-00592,PRD-0126,6,29270,175620
ORD-2024-003522,23-Aug-24,CUS-01349,PRD-0132,4,38360,153440
ORD-2024-003526,23-Aug-24,CUS-01487,PRD-0145,12,31800,381600
ORD-2024-003532,23-Aug-24,CUS-01434,PRD-0151,3,42840,128520
ORD-2024-003533,23-Aug-24,CUS-01567,PRD-0153,3,24220,72660
ORD-2024-003540,23-Aug-24,CUS-00761,PRD-0161,2,32640,65280
ORD-2024-003541,23-Aug-24,CUS-00299,PRD-0161,3,32640,97920
ORD-2024-003552,24-Aug-24,CUS-01735,PRD-0023,2,16940,33880
ORD-2024-003561,24-Aug-24,CUS-00162,PRD-0070,12,19240,230880
ORD-2024-003564,24-Aug-24,CUS-01683,PRD-0085,4,32580,130320
ORD-2024-003584,24-Aug-24,CUS-00870,PRD-0128,5,20590,102950
ORD-2024-003597,24-Aug-24,CUS-02195,PRD-0160,3,32940,98820
ORD-2024-003599,24-Aug-24,CUS-01197,PRD-0162,5,28900,144500
ORD-2024-003604,25-Aug-24,CUS-02233,PRD-0052,11,43630,479930
ORD-2024-003608,25-Aug-24,CUS-01964,PRD-0090,36,37690,1356840
ORD-2024-003614,25-Aug-24,CUS-00958,PRD-0127,3,16760,50280
ORD-2024-003622,25-Aug-24,CUS-01812,PRD-0165,14,23380,327320
ORD-2024-003627,26-Aug-24,CUS-00657,PRD-0004,7,4490,31430
ORD-2024-003632,26-Aug-24,CUS-02134,PRD-0008,4,16360,65440
ORD-2024-003643,26-Aug-24,CUS-01101,PRD-0035,4,13660,54640
ORD-2024-003646,26-Aug-24,CUS-00764,PRD-0040,4,14100,56400
ORD-2024-003656,26-Aug-24,CUS-01382,PRD-0061,4,16320,65280
ORD-2024-003663,26-Aug-24,CUS-00632,PRD-0078,7,33720,236040
ORD-2024-003670,26-Aug-24,CUS-00223,PRD-0086,13,28180,366340
ORD-2024-003681,26-Aug-24,CUS-00986,PRD-0093,9,23080,207720
ORD-2024-003683,26-Aug-24,CUS-01635,PRD-0098,4,15320,61280
ORD-2024-003687,26-Aug-24,CUS-01612,PRD-0111,11,12240,134640
ORD-2024-003688,26-Aug-24,CUS-02282,PRD-0113,2,10420,20840
ORD-2024-003695,26-Aug-24,CUS-00381,PRD-0125,3,15380,46140
ORD-2024-003702,26-Aug-24,CUS-01714,PRD-0144,3,31990,95970
ORD-2024-003707,26-Aug-24,CUS-00750,PRD-0156,8,58570,468560
ORD-2024-003716,27-Aug-24,CUS-00957,PRD-0004,24,4490,107760
ORD-2024-003725,27-Aug-24,CUS-01075,PRD-0036,2,20500,41000
ORD-2024-003726,27-Aug-24,CUS-01097,PRD-0037,3,25650,76950
ORD-2024-003736,27-Aug-24,CUS-02287,PRD-0057,9,18040,162360
ORD-2024-003739,27-Aug-24,CUS-00652,PRD-0068,7,16320,114240
ORD-2024-003740,27-Aug-24,CUS-01735,PRD-0068,3,16320,48960
ORD-2024-003745,27-Aug-24,CUS-02020,PRD-0078,5,33720,168600
ORD-2024-003753,27-Aug-24,CUS-02071,PRD-0090,6,37690,226140
ORD-2024-003754,27-Aug-24,CUS-00440,PRD-0090,10,37690,376900
ORD-2024-003755,27-Aug-24,CUS-00437,PRD-0090,8,37690,301520
ORD-2024-003757,27-Aug-24,CUS-02135,PRD-0091,14,27010,378140
ORD-2024-003764,27-Aug-24,CUS-00288,PRD-0100,4,20780,83120
ORD-2024-003772,27-Aug-24,CUS-01728,PRD-0110,2,30350,60700
ORD-2024-003779,27-Aug-24,CUS-01835,PRD-0145,4,31800,127200
ORD-2024-003785,27-Aug-24,CUS-01936,PRD-0151,6,42840,257040
ORD-2024-003786,27-Aug-24,CUS-02257,PRD-0151,14,42840,599760
ORD-2024-003787,27-Aug-24,CUS-00647,PRD-0151,9,42840,385560
ORD-2024-003794,27-Aug-24,CUS-02354,PRD-0165,21,23380,490980
ORD-2024-003795,27-Aug-24,CUS-00328,PRD-0166,1,25650,25650
ORD-2024-003804,28-Aug-24,CUS-00180,PRD-0045,4,7340,29360
ORD-2024-003812,28-Aug-24,CUS-02329,PRD-0073,8,37930,303440
ORD-2024-003814,28-Aug-24,CUS-01959,PRD-0081,4,42190,168760
ORD-2024-003820,28-Aug-24,CUS-01102,PRD-0090,3,37690,113070
ORD-2024-003831,28-Aug-24,CUS-00944,PRD-0103,7,38480,269360
ORD-2024-003836,28-Aug-24,CUS-01491,PRD-0116,5,17680,88400
ORD-2024-003846,28-Aug-24,CUS-01550,PRD-0144,4,31990,127960
ORD-2024-003852,28-Aug-24,CUS-00454,PRD-0157,10,24810,248100
ORD-2024-003854,28-Aug-24,CUS-01341,PRD-0166,4,25650,102600
ORD-2024-003857,29-Aug-24,CUS-02280,PRD-0004,29,4490,130210
ORD-2024-003858,29-Aug-24,CUS-01270,PRD-0004,8,4490,35920
ORD-2024-003862,29-Aug-24,CUS-00778,PRD-0016,8,42680,341440
ORD-2024-003864,29-Aug-24,CUS-01590,PRD-0019,4,31240,124960
ORD-2024-003868,29-Aug-24,CUS-02164,PRD-0035,34,13660,464440
ORD-2024-003870,29-Aug-24,CUS-00808,PRD-0048,7,16870,118090
ORD-2024-003871,29-Aug-24,CUS-00045,PRD-0051,12,43070,516840
ORD-2024-003889,29-Aug-24,CUS-01668,PRD-0086,13,28180,366340
ORD-2024-003895,29-Aug-24,CUS-01740,PRD-0090,11,37690,414590
ORD-2024-003909,29-Aug-24,CUS-02449,PRD-0118,4,23110,92440
ORD-2024-003912,29-Aug-24,CUS-00057,PRD-0121,9,26430,237870
ORD-2024-003917,29-Aug-24,CUS-00990,PRD-0125,15,15380,230700
ORD-2024-003918,29-Aug-24,CUS-00299,PRD-0125,18,15380,276840
ORD-2024-003920,29-Aug-24,CUS-00713,PRD-0126,7,29270,204890
ORD-2024-003926,29-Aug-24,CUS-00614,PRD-0150,3,47850,143550
ORD-2024-003933,29-Aug-24,CUS-02062,PRD-0151,6,42840,257040
ORD-2024-003934,29-Aug-24,CUS-00717,PRD-0151,3,42840,128520
ORD-2024-003941,29-Aug-24,CUS-01197,PRD-0160,7,32940,230580
ORD-2024-003946,29-Aug-24,CUS-01473,PRD-0165,5,23380,116900
ORD-2024-003948,30-Aug-24,CUS-01608,PRD-0001,9,4970,44730
ORD-2024-003954,30-Aug-24,CUS-01020,PRD-0018,6,62570,375420
ORD-2024-003963,30-Aug-24,CUS-00851,PRD-0049,5,18190,90950
ORD-2024-003965,30-Aug-24,CUS-00619,PRD-0057,18,18040,324720
ORD-2024-003966,30-Aug-24,CUS-01337,PRD-0057,5,18040,90200
ORD-2024-003981,30-Aug-24,CUS-02038,PRD-0084,2,27760,55520
ORD-2024-003991,30-Aug-24,CUS-01395,PRD-0090,7,37690,263830
ORD-2024-003996,30-Aug-24,CUS-00600,PRD-0098,10,15320,153200
ORD-2024-003997,30-Aug-24,CUS-00436,PRD-0098,4,15320,61280
ORD-2024-004002,30-Aug-24,CUS-01887,PRD-0100,2,20780,41560
ORD-2024-004003,30-Aug-24,CUS-01020,PRD-0103,3,38480,115440
ORD-2024-004004,30-Aug-24,CUS-01669,PRD-0106,1,41890,41890
ORD-2024-004010,30-Aug-24,CUS-02276,PRD-0118,6,23110,138660
ORD-2024-004011,30-Aug-24,CUS-01887,PRD-0120,7,14740,103180
ORD-2024-004022,30-Aug-24,CUS-00155,PRD-0140,2,27740,55480
ORD-2024-004026,30-Aug-24,CUS-00350,PRD-0150,3,47850,143550
ORD-2024-004029,30-Aug-24,CUS-02411,PRD-0151,11,42840,471240
ORD-2024-004033,30-Aug-24,CUS-02411,PRD-0156,30,58570,1757100
ORD-2024-004041,30-Aug-24,CUS-02233,PRD-0165,6,23380,140280
ORD-2024-004044,31-Aug-24,CUS-02087,PRD-0004,10,4490,44900
ORD-2024-004045,31-Aug-24,CUS-02020,PRD-0006,4,3060,12240
ORD-2024-004047,31-Aug-24,CUS-01780,PRD-0023,7,16940,118580
ORD-2024-004049,31-Aug-24,CUS-01257,PRD-0040,24,14100,338400
ORD-2024-004052,31-Aug-24,CUS-02026,PRD-0047,8,19060,152480
ORD-2024-004060,31-Aug-24,CUS-00856,PRD-0082,14,30730,430220
ORD-2024-004066,31-Aug-24,CUS-01585,PRD-0093,23,23080,530840
ORD-2024-004067,31-Aug-24,CUS-01723,PRD-0095,10,20290,202900
ORD-2024-004088,31-Aug-24,CUS-02307,PRD-0160,14,32940,461160
ORD-2024-004098,01-Sep-24,CUS-00877,PRD-0057,13,18040,234520
ORD-2024-004099,01-Sep-24,CUS-01388,PRD-0058,5,17980,89900
ORD-2024-004114,01-Sep-24,CUS-00520,PRD-0135,4,32900,131600
ORD-2024-004116,01-Sep-24,CUS-00316,PRD-0143,14,48640,680960
ORD-2024-004119,01-Sep-24,CUS-00600,PRD-0147,4,32330,129320
ORD-2024-004120,01-Sep-24,CUS-02038,PRD-0150,1,47850,47850
ORD-2024-004121,01-Sep-24,CUS-00299,PRD-0154,13,42470,552110
ORD-2024-004122,01-Sep-24,CUS-01496,PRD-0160,3,32940,98820
ORD-2024-004125,02-Sep-24,CUS-01665,PRD-0007,2,17070,34140
ORD-2024-004127,02-Sep-24,CUS-00727,PRD-0011,8,17170,137360
ORD-2024-004128,02-Sep-24,CUS-02281,PRD-0018,2,62570,125140
ORD-2024-004145,02-Sep-24,CUS-01083,PRD-0074,8,38390,307120
ORD-2024-004147,02-Sep-24,CUS-00224,PRD-0078,7,33720,236040
ORD-2024-004148,02-Sep-24,CUS-00146,PRD-0080,11,23900,262900
ORD-2024-004152,02-Sep-24,CUS-02122,PRD-0086,4,28180,112720
ORD-2024-004159,02-Sep-24,CUS-00532,PRD-0090,8,37690,301520
ORD-2024-004163,02-Sep-24,CUS-00212,PRD-0098,4,15320,61280
ORD-2024-004167,02-Sep-24,CUS-02409,PRD-0105,3,41060,123180
ORD-2024-004173,02-Sep-24,CUS-02367,PRD-0125,59,15380,907420
ORD-2024-004178,02-Sep-24,CUS-01279,PRD-0148,2,27270,54540
ORD-2024-004181,02-Sep-24,CUS-02394,PRD-0157,2,24810,49620
ORD-2024-004182,02-Sep-24,CUS-00570,PRD-0160,6,32940,197640
ORD-2024-004193,03-Sep-24,CUS-02205,PRD-0004,11,4490,49390
ORD-2024-004196,03-Sep-24,CUS-02281,PRD-0014,17,13790,234430
ORD-2024-004198,03-Sep-24,CUS-01365,PRD-0016,11,42680,469480
ORD-2024-004201,03-Sep-24,CUS-00375,PRD-0023,17,16940,287980
ORD-2024-004209,03-Sep-24,CUS-00100,PRD-0057,7,18040,126280
ORD-2024-004210,03-Sep-24,CUS-00833,PRD-0058,20,17980,359600
ORD-2024-004215,03-Sep-24,CUS-01706,PRD-0070,11,19240,211640
ORD-2024-004216,03-Sep-24,CUS-00155,PRD-0072,7,42600,298200
ORD-2024-004218,03-Sep-24,CUS-00679,PRD-0076,7,28050,196350
ORD-2024-004220,03-Sep-24,CUS-02193,PRD-0082,3,30730,92190
ORD-2024-004221,03-Sep-24,CUS-01813,PRD-0082,9,30730,276570
ORD-2024-004223,03-Sep-24,CUS-00084,PRD-0089,14,13010,182140
ORD-2024-004238,03-Sep-24,CUS-01824,PRD-0100,6,20780,124680
ORD-2024-004239,03-Sep-24,CUS-02490,PRD-0100,27,20780,561060
ORD-2024-004243,03-Sep-24,CUS-00146,PRD-0115,4,21210,84840
ORD-2024-004244,03-Sep-24,CUS-01150,PRD-0117,18,17520,315360
ORD-2024-004247,03-Sep-24,CUS-01041,PRD-0122,10,19140,191400
ORD-2024-004253,03-Sep-24,CUS-02219,PRD-0132,3,38360,115080
ORD-2024-004255,03-Sep-24,CUS-01794,PRD-0135,8,32900,263200
ORD-2024-004257,03-Sep-24,CUS-01124,PRD-0137,2,27650,55300
ORD-2024-004261,03-Sep-24,CUS-00382,PRD-0147,4,32330,129320
ORD-2024-004263,03-Sep-24,CUS-00209,PRD-0149,3,45880,137640
ORD-2024-004265,03-Sep-24,CUS-00090,PRD-0151,14,42840,599760
ORD-2024-004274,03-Sep-24,CUS-00327,PRD-0165,12,23380,280560
ORD-2024-004275,03-Sep-24,CUS-00735,PRD-0165,11,23380,257180
ORD-2024-004278,04-Sep-24,CUS-01706,PRD-0007,24,17070,409680
ORD-2024-004284,04-Sep-24,CUS-01224,PRD-0034,2,15350,30700
ORD-2024-004285,04-Sep-24,CUS-00973,PRD-0035,6,13660,81960
ORD-2024-004288,04-Sep-24,CUS-01876,PRD-0043,4,17760,71040
ORD-2024-004290,04-Sep-24,CUS-01875,PRD-0047,2,19060,38120
ORD-2024-004295,04-Sep-24,CUS-01683,PRD-0057,16,18040,288640
ORD-2024-004298,04-Sep-24,CUS-01155,PRD-0061,5,16320,81600
ORD-2024-004305,04-Sep-24,CUS-00099,PRD-0077,6,31120,186720
ORD-2024-004312,04-Sep-24,CUS-02053,PRD-0090,5,37690,188450
ORD-2024-004313,04-Sep-24,CUS-01102,PRD-0090,4,37690,150760
ORD-2024-004314,04-Sep-24,CUS-01262,PRD-0090,7,37690,263830
ORD-2024-004315,04-Sep-24,CUS-01150,PRD-0090,8,37690,301520
ORD-2024-004317,04-Sep-24,CUS-02104,PRD-0093,5,23080,115400
ORD-2024-004321,04-Sep-24,CUS-01590,PRD-0111,8,12240,97920
ORD-2024-004322,04-Sep-24,CUS-01064,PRD-0117,7,17520,122640
ORD-2024-004324,04-Sep-24,CUS-01097,PRD-0118,16,23110,369760
ORD-2024-004327,04-Sep-24,CUS-02035,PRD-0122,8,19140,153120
ORD-2024-004340,04-Sep-24,CUS-00259,PRD-0160,7,32940,230580
ORD-2024-004343,04-Sep-24,CUS-01108,PRD-0161,6,32640,195840
ORD-2024-004345,04-Sep-24,CUS-01670,PRD-0163,8,27790,222320
ORD-2024-004352,05-Sep-24,CUS-00074,PRD-0004,6,4490,26940
ORD-2024-004361,05-Sep-24,CUS-02193,PRD-0035,7,13660,95620
ORD-2024-004363,05-Sep-24,CUS-00607,PRD-0039,1,14770,14770
ORD-2024-004368,05-Sep-24,CUS-01114,PRD-0065,10,34000,340000
ORD-2024-004369,05-Sep-24,CUS-01168,PRD-0066,4,51920,207680
ORD-2024-004372,05-Sep-24,CUS-02427,PRD-0076,9,28050,252450
ORD-2024-004373,05-Sep-24,CUS-00033,PRD-0076,5,28050,140250
ORD-2024-004378,05-Sep-24,CUS-02084,PRD-0082,10,30730,307300
ORD-2024-004388,05-Sep-24,CUS-00305,PRD-0090,4,37690,150760
ORD-2024-004389,05-Sep-24,CUS-00987,PRD-0090,1,37690,37690
ORD-2024-004390,05-Sep-24,CUS-01934,PRD-0090,5,37690,188450
ORD-2024-004393,05-Sep-24,CUS-01608,PRD-0092,2,30260,60520
ORD-2024-004400,05-Sep-24,CUS-01487,PRD-0102,3,17050,51150
ORD-2024-004412,05-Sep-24,CUS-02007,PRD-0125,8,15380,123040
ORD-2024-004413,05-Sep-24,CUS-00827,PRD-0125,4,15380,61520
ORD-2024-004414,05-Sep-24,CUS-00923,PRD-0125,20,15380,307600
ORD-2024-004415,05-Sep-24,CUS-01600,PRD-0127,16,16760,268160
ORD-2024-004424,05-Sep-24,CUS-00301,PRD-0144,3,31990,95970
ORD-2024-004429,05-Sep-24,CUS-00962,PRD-0153,25,24220,605500
ORD-2024-004430,05-Sep-24,CUS-00465,PRD-0153,2,24220,48440
ORD-2024-004432,05-Sep-24,CUS-02146,PRD-0155,7,65880,461160
ORD-2024-004442,05-Sep-24,CUS-01182,PRD-0165,4,23380,93520
ORD-2024-004444,05-Sep-24,CUS-01958,PRD-0168,16,19490,311840
ORD-2024-004450,06-Sep-24,CUS-00375,PRD-0023,6,16940,101640
ORD-2024-004461,06-Sep-24,CUS-00981,PRD-0060,5,57540,287700
ORD-2024-004474,06-Sep-24,CUS-02037,PRD-0085,13,32580,423540
ORD-2024-004485,06-Sep-24,CUS-01911,PRD-0090,2,37690,75380
ORD-2024-004487,06-Sep-24,CUS-00833,PRD-0091,11,27010,297110
ORD-2024-004492,06-Sep-24,CUS-01648,PRD-0100,10,20780,207800
ORD-2024-004495,06-Sep-24,CUS-01774,PRD-0103,2,38480,76960
ORD-2024-004500,06-Sep-24,CUS-01340,PRD-0108,12,30750,369000
ORD-2024-004508,06-Sep-24,CUS-02483,PRD-0131,12,31140,373680
ORD-2024-004516,06-Sep-24,CUS-01150,PRD-0138,8,27020,216160
ORD-2024-004519,06-Sep-24,CUS-00102,PRD-0145,5,31800,159000
ORD-2024-004525,06-Sep-24,CUS-01102,PRD-0156,10,58570,585700
ORD-2024-004533,06-Sep-24,CUS-01528,PRD-0161,5,32640,163200
ORD-2024-004540,07-Sep-24,CUS-01004,PRD-0031,15,36660,549900
ORD-2024-004550,07-Sep-24,CUS-01853,PRD-0070,2,19240,38480
ORD-2024-004556,07-Sep-24,CUS-02130,PRD-0079,35,46870,1640450
ORD-2024-004566,07-Sep-24,CUS-00441,PRD-0100,8,20780,166240
ORD-2024-004570,07-Sep-24,CUS-00484,PRD-0109,1,30700,30700
ORD-2024-004578,07-Sep-24,CUS-01896,PRD-0137,7,27650,193550
ORD-2024-004607,08-Sep-24,CUS-00331,PRD-0083,7,23690,165830
ORD-2024-004609,08-Sep-24,CUS-00620,PRD-0090,4,37690,150760
ORD-2024-004627,09-Sep-24,CUS-01818,PRD-0017,6,39680,238080
ORD-2024-004631,09-Sep-24,CUS-00853,PRD-0039,15,14770,221550
ORD-2024-004636,09-Sep-24,CUS-00484,PRD-0064,7,36350,254450
ORD-2024-004639,09-Sep-24,CUS-00673,PRD-0070,4,19240,76960
ORD-2024-004641,09-Sep-24,CUS-01860,PRD-0076,3,28050,84150
ORD-2024-004645,09-Sep-24,CUS-02307,PRD-0082,3,30730,92190
ORD-2024-004651,09-Sep-24,CUS-00966,PRD-0086,14,28180,394520
ORD-2024-004652,09-Sep-24,CUS-01225,PRD-0087,5,24070,120350
ORD-2024-004660,09-Sep-24,CUS-01934,PRD-0090,3,37690,113070
ORD-2024-004661,09-Sep-24,CUS-00651,PRD-0090,4,37690,150760
ORD-2024-004665,09-Sep-24,CUS-00705,PRD-0092,13,30260,393380
ORD-2024-004667,09-Sep-24,CUS-00623,PRD-0097,12,21780,261360
ORD-2024-004684,09-Sep-24,CUS-00665,PRD-0135,6,32900,197400
ORD-2024-004686,09-Sep-24,CUS-01667,PRD-0137,7,27650,193550
ORD-2024-004697,09-Sep-24,CUS-01206,PRD-0153,9,24220,217980
ORD-2024-004699,09-Sep-24,CUS-00229,PRD-0160,5,32940,164700
ORD-2024-004700,09-Sep-24,CUS-02275,PRD-0170,26,17370,451620
ORD-2024-004701,10-Sep-24,CUS-01954,PRD-0001,8,4970,39760
ORD-2024-004703,10-Sep-24,CUS-00394,PRD-0004,7,4490,31430
ORD-2024-004708,10-Sep-24,CUS-00548,PRD-0023,6,16940,101640
ORD-2024-004727,10-Sep-24,CUS-00119,PRD-0074,14,38390,537460
ORD-2024-004731,10-Sep-24,CUS-02088,PRD-0078,5,33720,168600
ORD-2024-004764,10-Sep-24,CUS-00793,PRD-0125,4,15380,61520
ORD-2024-004774,10-Sep-24,CUS-01712,PRD-0159,6,25840,155040
ORD-2024-004777,10-Sep-24,CUS-01827,PRD-0160,5,32940,164700
ORD-2024-004779,10-Sep-24,CUS-00877,PRD-0166,1,25650,25650
ORD-2024-004783,11-Sep-24,CUS-02126,PRD-0004,3,4490,13470
ORD-2024-004789,11-Sep-24,CUS-00438,PRD-0017,8,39680,317440
ORD-2024-004796,11-Sep-24,CUS-00296,PRD-0037,22,25650,564300
ORD-2024-004799,11-Sep-24,CUS-01612,PRD-0047,4,19060,76240
ORD-2024-004804,11-Sep-24,CUS-00992,PRD-0062,6,17890,107340
ORD-2024-004809,11-Sep-24,CUS-01502,PRD-0081,49,42190,2067310
ORD-2024-004812,11-Sep-24,CUS-01189,PRD-0086,5,28180,140900
ORD-2024-004821,11-Sep-24,CUS-01627,PRD-0090,3,37690,113070
ORD-2024-004831,11-Sep-24,CUS-00595,PRD-0102,7,17050,119350
ORD-2024-004840,11-Sep-24,CUS-02122,PRD-0119,4,21950,87800
ORD-2024-004843,11-Sep-24,CUS-00666,PRD-0125,6,15380,92280
ORD-2024-004844,11-Sep-24,CUS-00388,PRD-0125,3,15380,46140
ORD-2024-004858,11-Sep-24,CUS-01368,PRD-0151,11,42840,471240
ORD-2024-004859,11-Sep-24,CUS-02373,PRD-0151,3,42840,128520
ORD-2024-004864,11-Sep-24,CUS-00821,PRD-0161,1,32640,32640
ORD-2024-004865,11-Sep-24,CUS-00957,PRD-0161,7,32640,228480
ORD-2024-004872,12-Sep-24,CUS-01814,PRD-0016,2,42680,85360
ORD-2024-004876,12-Sep-24,CUS-01182,PRD-0027,12,4920,59040
ORD-2024-004880,12-Sep-24,CUS-02239,PRD-0045,9,7340,66060
ORD-2024-004882,12-Sep-24,CUS-00184,PRD-0047,4,19060,76240
ORD-2024-004889,12-Sep-24,CUS-01489,PRD-0061,5,16320,81600
ORD-2024-004892,12-Sep-24,CUS-01218,PRD-0068,4,16320,65280
ORD-2024-004896,12-Sep-24,CUS-01384,PRD-0079,1,46870,46870
ORD-2024-004902,12-Sep-24,CUS-00464,PRD-0086,8,28180,225440
ORD-2024-004907,12-Sep-24,CUS-02071,PRD-0090,5,37690,188450
ORD-2024-004919,12-Sep-24,CUS-01152,PRD-0113,12,10420,125040
ORD-2024-004930,12-Sep-24,CUS-01113,PRD-0128,3,20590,61770
ORD-2024-004947,12-Sep-24,CUS-02048,PRD-0151,3,42840,128520
ORD-2024-004948,12-Sep-24,CUS-00124,PRD-0151,18,42840,771120
ORD-2024-004949,12-Sep-24,CUS-00682,PRD-0154,9,42470,382230
ORD-2024-004952,12-Sep-24,CUS-01915,PRD-0161,5,32640,163200
ORD-2024-004954,12-Sep-24,CUS-01434,PRD-0166,21,25650,538650
ORD-2024-004956,13-Sep-24,CUS-01631,PRD-0004,5,4490,22450
ORD-2024-004957,13-Sep-24,CUS-02182,PRD-0007,10,17070,170700
ORD-2024-004961,13-Sep-24,CUS-00614,PRD-0025,19,5090,96710
ORD-2024-004966,13-Sep-24,CUS-01549,PRD-0037,9,25650,230850
ORD-2024-004968,13-Sep-24,CUS-01969,PRD-0055,1,16990,16990
ORD-2024-004975,13-Sep-24,CUS-01828,PRD-0074,6,38390,230340
ORD-2024-004978,13-Sep-24,CUS-00528,PRD-0077,3,31120,93360
ORD-2024-004993,13-Sep-24,CUS-01008,PRD-0090,5,37690,188450
ORD-2024-004994,13-Sep-24,CUS-02144,PRD-0090,37,37690,1394530
ORD-2024-005002,13-Sep-24,CUS-02037,PRD-0112,2,15500,31000
ORD-2024-005003,13-Sep-24,CUS-01038,PRD-0113,30,10420,312600
ORD-2024-005015,13-Sep-24,CUS-01603,PRD-0135,9,32900,296100
ORD-2024-005015,13-Sep-24,CUS-01603,PRD-0135,9,32900,296100
ORD-2024-005021,13-Sep-24,CUS-01412,PRD-0151,21,42840,899640
ORD-2024-005022,13-Sep-24,CUS-00102,PRD-0152,4,24900,99600
ORD-2024-005025,13-Sep-24,CUS-00713,PRD-0160,18,32940,592920
ORD-2024-005033,13-Sep-24,CUS-02184,PRD-0165,7,23380,163660
ORD-2024-005040,14-Sep-24,CUS-00906,PRD-0025,11,5090,55990
ORD-2024-005041,14-Sep-24,CUS-00995,PRD-0029,4,11070,44280
ORD-2024-005049,14-Sep-24,CUS-01670,PRD-0057,8,18040,144320
ORD-2024-005066,14-Sep-24,CUS-00079,PRD-0090,4,37690,150760
ORD-2024-005067,14-Sep-24,CUS-01365,PRD-0090,13,37690,489970
ORD-2024-005068,14-Sep-24,CUS-01822,PRD-0090,13,37690,489970
ORD-2024-005069,14-Sep-24,CUS-00751,PRD-0090,14,37690,527660
ORD-2024-005074,14-Sep-24,CUS-01197,PRD-0131,7,31140,217980
ORD-2024-005076,14-Sep-24,CUS-01712,PRD-0143,5,48640,243200
ORD-2024-005079,14-Sep-24,CUS-01969,PRD-0151,4,42840,171360
ORD-2024-005080,14-Sep-24,CUS-02053,PRD-0151,11,42840,471240
ORD-2024-005081,14-Sep-24,CUS-01025,PRD-0151,8,42840,342720
ORD-2024-005084,14-Sep-24,CUS-01917,PRD-0153,10,24220,242200
ORD-2024-005085,14-Sep-24,CUS-00778,PRD-0155,7,65880,461160
ORD-2024-005089,14-Sep-24,CUS-00850,PRD-0161,5,32640,163200
ORD-2024-005108,15-Sep-24,CUS-01047,PRD-0076,5,28050,140250
ORD-2024-005119,15-Sep-24,CUS-00046,PRD-0125,14,15380,215320
ORD-2024-005129,15-Sep-24,CUS-02404,PRD-0161,6,32640,195840
ORD-2024-005131,15-Sep-24,CUS-02253,PRD-0166,3,25650,76950
ORD-2024-005132,15-Sep-24,CUS-02027,PRD-0169,3,15310,45930
ORD-2024-005135,16-Sep-24,CUS-01679,PRD-0008,17,16360,278120
ORD-2024-005144,16-Sep-24,CUS-00010,PRD-0035,8,13660,109280
ORD-2024-005145,16-Sep-24,CUS-01110,PRD-0037,5,25650,128250
ORD-2024-005147,16-Sep-24,CUS-01851,PRD-0039,7,14770,103390
ORD-2024-005149,16-Sep-24,CUS-00575,PRD-0050,6,5420,32520
ORD-2024-005150,16-Sep-24,CUS-00411,PRD-0051,22,43070,947540
ORD-2024-005158,16-Sep-24,CUS-01522,PRD-0079,5,46870,234350
ORD-2024-005164,16-Sep-24,CUS-00226,PRD-0086,3,28180,84540
ORD-2024-005165,16-Sep-24,CUS-00144,PRD-0086,3,28180,84540
ORD-2024-005174,16-Sep-24,CUS-02085,PRD-0090,6,37690,226140
ORD-2024-005175,16-Sep-24,CUS-02104,PRD-0090,3,37690,113070
ORD-2024-005176,16-Sep-24,CUS-02406,PRD-0090,8,37690,301520
ORD-2024-005186,16-Sep-24,CUS-00436,PRD-0103,14,38480,538720
ORD-2024-005189,16-Sep-24,CUS-01393,PRD-0113,15,10420,156300
ORD-2024-005190,16-Sep-24,CUS-01024,PRD-0113,6,10420,62520
ORD-2024-005195,16-Sep-24,CUS-00444,PRD-0124,10,8790,87900
ORD-2024-005195,16-Sep-24,CUS-00444,PRD-0124,10,8790,87900
ORD-2024-005197,16-Sep-24,CUS-02109,PRD-0127,2,16760,33520
ORD-2024-005202,16-Sep-24,CUS-02490,PRD-0137,14,27650,387100
ORD-2024-005202,16-Sep-24,CUS-02490,PRD-0137,14,27650,387100
ORD-2024-005203,16-Sep-24,CUS-01467,PRD-0141,9,38600,347400
ORD-2024-005205,16-Sep-24,CUS-02158,PRD-0145,16,31800,508800
ORD-2024-005208,16-Sep-24,CUS-00663,PRD-0151,11,42840,471240
ORD-2024-005213,16-Sep-24,CUS-00333,PRD-0155,5,65880,329400
ORD-2024-005214,16-Sep-24,CUS-00669,PRD-0156,10,58570,585700
ORD-2024-005215,16-Sep-24,CUS-01340,PRD-0166,6,25650,153900
ORD-2024-005225,17-Sep-24,CUS-00416,PRD-0025,15,5090,76350
ORD-2024-005227,17-Sep-24,CUS-00248,PRD-0030,9,25250,227250
ORD-2024-005233,17-Sep-24,CUS-01714,PRD-0047,6,19060,114360
ORD-2024-005240,17-Sep-24,CUS-00490,PRD-0065,3,34000,102000
ORD-2024-005243,17-Sep-24,CUS-02134,PRD-0080,22,23900,525800
ORD-2024-005249,17-Sep-24,CUS-00878,PRD-0083,10,23690,236900
ORD-2024-005265,17-Sep-24,CUS-01812,PRD-0100,20,20780,415600
ORD-2024-005266,17-Sep-24,CUS-00890,PRD-0100,7,20780,145460
ORD-2024-005267,17-Sep-24,CUS-00008,PRD-0108,7,30750,215250
ORD-2024-005268,17-Sep-24,CUS-00887,PRD-0108,2,30750,61500
ORD-2024-005275,17-Sep-24,CUS-02220,PRD-0121,5,26430,132150
ORD-2024-005292,17-Sep-24,CUS-00812,PRD-0151,20,42840,856800
ORD-2024-005293,17-Sep-24,CUS-02384,PRD-0151,7,42840,299880
ORD-2024-005297,17-Sep-24,CUS-02406,PRD-0153,3,24220,72660
ORD-2024-005303,17-Sep-24,CUS-02314,PRD-0167,4,14020,56080
ORD-2024-005311,18-Sep-24,CUS-00966,PRD-0007,10,17070,170700
ORD-2024-005323,18-Sep-24,CUS-01365,PRD-0040,18,14100,253800
ORD-2024-005327,18-Sep-24,CUS-01755,PRD-0060,4,57540,230160
ORD-2024-005330,18-Sep-24,CUS-02239,PRD-0064,7,36350,254450
ORD-2024-005331,18-Sep-24,CUS-00117,PRD-0067,10,12380,123800
ORD-2024-005339,18-Sep-24,CUS-00992,PRD-0084,7,27760,194320
ORD-2024-005341,18-Sep-24,CUS-00299,PRD-0088,3,15290,45870
ORD-2024-005345,18-Sep-24,CUS-01899,PRD-0090,8,37690,301520
ORD-2024-005348,18-Sep-24,CUS-01853,PRD-0098,10,15320,153200
ORD-2024-005350,18-Sep-24,CUS-02439,PRD-0100,1,20780,20780
ORD-2024-005363,18-Sep-24,CUS-02134,PRD-0120,5,14740,73700
ORD-2024-005364,18-Sep-24,CUS-00923,PRD-0121,8,26430,211440
ORD-2024-005373,18-Sep-24,CUS-01062,PRD-0128,4,20590,82360
ORD-2024-005374,18-Sep-24,CUS-00923,PRD-0135,10,32900,329000
ORD-2024-005386,18-Sep-24,CUS-00705,PRD-0160,13,32940,428220
ORD-2024-005399,19-Sep-24,CUS-01820,PRD-0016,9,42680,384120
ORD-2024-005405,19-Sep-24,CUS-01721,PRD-0048,6,16870,101220
ORD-2024-005415,19-Sep-24,CUS-00308,PRD-0068,6,16320,97920
ORD-2024-005415,19-Sep-24,CUS-00308,PRD-0068,6,16320,97920
ORD-2024-005418,19-Sep-24,CUS-01650,PRD-0074,5,38390,191950
ORD-2024-005420,19-Sep-24,CUS-01528,PRD-0077,8,31120,248960
ORD-2024-005425,19-Sep-24,CUS-02087,PRD-0082,10,30730,307300
ORD-2024-005427,19-Sep-24,CUS-02182,PRD-0085,18,32580,586440
ORD-2024-005432,19-Sep-24,CUS-00137,PRD-0090,9,37690,339210
ORD-2024-005438,19-Sep-24,CUS-02203,PRD-0100,6,20780,124680
ORD-2024-005440,19-Sep-24,CUS-00950,PRD-0104,3,17130,51390
ORD-2024-005446,19-Sep-24,CUS-01781,PRD-0126,4,29270,117080
ORD-2024-005466,20-Sep-24,CUS-00226,PRD-0016,5,42680,213400
ORD-2024-005467,20-Sep-24,CUS-00665,PRD-0016,4,42680,170720
ORD-2024-005467,20-Sep-24,CUS-00665,PRD-0016,4,42680,170720
ORD-2024-005472,20-Sep-24,CUS-02243,PRD-0047,6,19060,114360
ORD-2024-005477,20-Sep-24,CUS-01437,PRD-0057,3,18040,54120
ORD-2024-005491,20-Sep-24,CUS-02314,PRD-0080,4,23900,95600
ORD-2024-005493,20-Sep-24,CUS-01714,PRD-0084,10,27760,277600
ORD-2024-005497,20-Sep-24,CUS-01670,PRD-0086,4,28180,112720
ORD-2024-005498,20-Sep-24,CUS-00178,PRD-0086,11,28180,309980
ORD-2024-005499,20-Sep-24,CUS-00688,PRD-0089,3,13010,39030
ORD-2024-005522,20-Sep-24,CUS-01114,PRD-0125,7,15380,107660
ORD-2024-005525,20-Sep-24,CUS-01083,PRD-0134,7,34970,244790
ORD-2024-005541,20-Sep-24,CUS-01262,PRD-0160,5,32940,164700
ORD-2024-005553,21-Sep-24,CUS-01281,PRD-0026,3,4150,12450
ORD-2024-005554,21-Sep-24,CUS-00204,PRD-0031,7,36660,256620
ORD-2024-005558,21-Sep-24,CUS-00137,PRD-0039,5,14770,73850
ORD-2024-005562,21-Sep-24,CUS-02483,PRD-0058,30,17980,539400
ORD-2024-005566,21-Sep-24,CUS-00886,PRD-0068,4,16320,65280
ORD-2024-005568,21-Sep-24,CUS-01049,PRD-0076,5,28050,140250
ORD-2024-005569,21-Sep-24,CUS-01085,PRD-0076,2,28050,56100
ORD-2024-005570,21-Sep-24,CUS-02486,PRD-0076,2,28050,56100
ORD-2024-005571,21-Sep-24,CUS-02471,PRD-0077,6,31120,186720
ORD-2024-005579,21-Sep-24,CUS-02082,PRD-0090,1,37690,37690
ORD-2024-005580,21-Sep-24,CUS-01305,PRD-0090,4,37690,150760
ORD-2024-005593,21-Sep-24,CUS-00505,PRD-0123,12,14410,172920
ORD-2024-005596,21-Sep-24,CUS-00007,PRD-0126,6,29270,175620
ORD-2024-005598,21-Sep-24,CUS-01044,PRD-0142,3,52030,156090
ORD-2024-005601,21-Sep-24,CUS-01349,PRD-0151,1,42840,42840
ORD-2024-005602,21-Sep-24,CUS-01118,PRD-0151,8,42840,342720
ORD-2024-005603,21-Sep-24,CUS-02419,PRD-0153,14,24220,339080
ORD-2024-005606,21-Sep-24,CUS-01648,PRD-0161,4,32640,130560
ORD-2024-005613,22-Sep-24,CUS-01781,PRD-0002,6,5180,31080
ORD-2024-005614,22-Sep-24,CUS-00675,PRD-0003,1,4840,4840
ORD-2024-005617,22-Sep-24,CUS-00528,PRD-0028,3,4910,14730
ORD-2024-005624,22-Sep-24,CUS-00505,PRD-0062,5,17890,89450
ORD-2024-005632,22-Sep-24,CUS-00778,PRD-0100,7,20780,145460
ORD-2024-005634,22-Sep-24,CUS-02062,PRD-0120,6,14740,88440
ORD-2024-005637,22-Sep-24,CUS-00224,PRD-0141,4,38600,154400
ORD-2024-005639,22-Sep-24,CUS-02234,PRD-0142,7,52030,364210
ORD-2024-005645,23-Sep-24,CUS-01223,PRD-0004,16,4490,71840
ORD-2024-005652,23-Sep-24,CUS-00100,PRD-0010,13,16050,208650
ORD-2024-005653,23-Sep-24,CUS-01154,PRD-0016,7,42680,298760
ORD-2024-005659,23-Sep-24,CUS-00793,PRD-0033,5,11040,55200
ORD-2024-005666,23-Sep-24,CUS-00171,PRD-0046,15,17360,260400
ORD-2024-005668,23-Sep-24,CUS-01008,PRD-0050,11,5420,59620
ORD-2024-005680,23-Sep-24,CUS-00012,PRD-0062,5,17890,89450
ORD-2024-005688,23-Sep-24,CUS-01246,PRD-0077,7,31120,217840
ORD-2024-005693,23-Sep-24,CUS-01969,PRD-0082,5,30730,153650
ORD-2024-005696,23-Sep-24,CUS-00799,PRD-0086,2,28180,56360
ORD-2024-005705,23-Sep-24,CUS-02020,PRD-0090,5,37690,188450
ORD-2024-005706,23-Sep-24,CUS-02486,PRD-0090,11,37690,414590
ORD-2024-005707,23-Sep-24,CUS-00276,PRD-0090,13,37690,489970
ORD-2024-005708,23-Sep-24,CUS-00782,PRD-0090,4,37690,150760
ORD-2024-005716,23-Sep-24,CUS-02292,PRD-0099,10,14380,143800
ORD-2024-005719,23-Sep-24,CUS-02104,PRD-0100,19,20780,394820
ORD-2024-005720,23-Sep-24,CUS-01008,PRD-0102,1,17050,17050
ORD-2024-005729,23-Sep-24,CUS-02084,PRD-0118,6,23110,138660
ORD-2024-005737,23-Sep-24,CUS-02189,PRD-0125,4,15380,61520
ORD-2024-005738,23-Sep-24,CUS-00015,PRD-0125,23,15380,353740
ORD-2024-005746,23-Sep-24,CUS-01790,PRD-0149,3,45880,137640
ORD-2024-005749,23-Sep-24,CUS-01413,PRD-0151,4,42840,171360
ORD-2024-005756,23-Sep-24,CUS-01126,PRD-0158,4,33720,134880
ORD-2024-005759,24-Sep-24,CUS-02233,PRD-0004,12,4490,53880
ORD-2024-005764,24-Sep-24,CUS-00735,PRD-0016,23,42680,981640
ORD-2024-005768,24-Sep-24,CUS-00735,PRD-0023,3,16940,50820
ORD-2024-005772,24-Sep-24,CUS-01818,PRD-0033,14,11040,154560
ORD-2024-005773,24-Sep-24,CUS-00600,PRD-0035,24,13660,327840
ORD-2024-005777,24-Sep-24,CUS-00657,PRD-0047,19,19060,362140
ORD-2024-005783,24-Sep-24,CUS-00571,PRD-0065,57,34000,1938000
ORD-2024-005787,24-Sep-24,CUS-01083,PRD-0077,3,31120,93360
ORD-2024-005793,24-Sep-24,CUS-01236,PRD-0083,12,23690,284280
ORD-2024-005794,24-Sep-24,CUS-01838,PRD-0086,33,28180,929940
ORD-2024-005795,24-Sep-24,CUS-00445,PRD-0090,3,37690,113070
ORD-2024-005796,24-Sep-24,CUS-02190,PRD-0090,4,37690,150760
ORD-2024-005806,24-Sep-24,CUS-00340,PRD-0100,21,20780,436380
ORD-2024-005811,24-Sep-24,CUS-01911,PRD-0118,3,23110,69330
ORD-2024-005825,24-Sep-24,CUS-02154,PRD-0148,17,27270,463590
ORD-2024-005832,24-Sep-24,CUS-02366,PRD-0161,8,32640,261120
ORD-2024-005839,25-Sep-24,CUS-00330,PRD-0008,2,16360,32720
ORD-2024-005845,25-Sep-24,CUS-01665,PRD-0020,4,29210,116840
ORD-2024-005847,25-Sep-24,CUS-00850,PRD-0024,4,9800,39200
ORD-2024-005851,25-Sep-24,CUS-00647,PRD-0037,2,25650,51300
ORD-2024-005854,25-Sep-24,CUS-01936,PRD-0051,21,43070,904470
ORD-2024-005857,25-Sep-24,CUS-01149,PRD-0060,5,57540,287700
ORD-2024-005865,25-Sep-24,CUS-00225,PRD-0082,4,30730,122920
ORD-2024-005867,25-Sep-24,CUS-00055,PRD-0088,9,15290,137610
ORD-2024-005873,25-Sep-24,CUS-02478,PRD-0093,3,23080,69240
ORD-2024-005875,25-Sep-24,CUS-01512,PRD-0100,15,20780,311700
ORD-2024-005878,25-Sep-24,CUS-00741,PRD-0116,4,17680,70720
ORD-2024-005883,25-Sep-24,CUS-01395,PRD-0125,7,15380,107660
ORD-2024-005899,25-Sep-24,CUS-02427,PRD-0151,14,42840,599760
ORD-2024-005903,25-Sep-24,CUS-01254,PRD-0160,25,32940,823500
ORD-2024-005906,25-Sep-24,CUS-01522,PRD-0161,9,32640,293760
ORD-2024-005912,26-Sep-24,CUS-01357,PRD-0005,14,3110,43540
ORD-2024-005917,26-Sep-24,CUS-01794,PRD-0023,3,16940,50820
ORD-2024-005918,26-Sep-24,CUS-01680,PRD-0027,10,4920,49200
ORD-2024-005920,26-Sep-24,CUS-01124,PRD-0035,10,13660,136600
ORD-2024-005931,26-Sep-24,CUS-00033,PRD-0077,6,31120,186720
ORD-2024-005940,26-Sep-24,CUS-02329,PRD-0090,13,37690,489970
ORD-2024-005941,26-Sep-24,CUS-00119,PRD-0090,14,37690,527660
ORD-2024-005949,26-Sep-24,CUS-00890,PRD-0109,9,30700,276300
ORD-2024-005954,26-Sep-24,CUS-00987,PRD-0122,11,19140,210540
ORD-2024-005958,26-Sep-24,CUS-01816,PRD-0142,2,52030,104060
ORD-2024-005967,26-Sep-24,CUS-01712,PRD-0151,7,42840,299880
ORD-2024-005970,26-Sep-24,CUS-00340,PRD-0160,11,32940,362340
ORD-2024-005974,26-Sep-24,CUS-01155,PRD-0161,9,32640,293760
ORD-2024-005978,27-Sep-24,CUS-01677,PRD-0005,13,3110,40430
ORD-2024-005980,27-Sep-24,CUS-02126,PRD-0008,4,16360,65440
ORD-2024-005982,27-Sep-24,CUS-02456,PRD-0018,5,62570,312850
ORD-2024-005986,27-Sep-24,CUS-01956,PRD-0033,11,11040,121440
ORD-2024-005988,27-Sep-24,CUS-00237,PRD-0040,4,14100,56400
ORD-2024-005993,27-Sep-24,CUS-00007,PRD-0057,4,18040,72160
ORD-2024-005994,27-Sep-24,CUS-01155,PRD-0057,12,18040,216480
ORD-2024-006011,27-Sep-24,CUS-00583,PRD-0090,2,37690,75380
ORD-2024-006023,27-Sep-24,CUS-01491,PRD-0108,4,30750,123000
ORD-2024-006026,27-Sep-24,CUS-00052,PRD-0118,6,23110,138660
ORD-2024-006034,27-Sep-24,CUS-01585,PRD-0125,5,15380,76900
ORD-2024-006035,27-Sep-24,CUS-00679,PRD-0125,2,15380,30760
ORD-2024-006037,27-Sep-24,CUS-00347,PRD-0128,21,20590,432390
ORD-2024-006043,27-Sep-24,CUS-00606,PRD-0137,12,27650,331800
ORD-2024-006047,27-Sep-24,CUS-01101,PRD-0145,19,31800,604200
ORD-2024-006048,27-Sep-24,CUS-00146,PRD-0145,13,31800,413400
ORD-2024-006052,27-Sep-24,CUS-00438,PRD-0151,5,42840,214200
ORD-2024-006068,28-Sep-24,CUS-00878,PRD-0004,1,4490,4490
ORD-2024-006072,28-Sep-24,CUS-01876,PRD-0007,5,17070,85350
ORD-2024-006082,28-Sep-24,CUS-02286,PRD-0065,27,34000,918000
ORD-2024-006116,28-Sep-24,CUS-00932,PRD-0144,5,31990,159950
ORD-2024-006123,28-Sep-24,CUS-00010,PRD-0156,4,58570,234280
ORD-2024-006131,29-Sep-24,CUS-00102,PRD-0019,13,31240,406120
ORD-2024-006155,30-Sep-24,CUS-02203,PRD-0007,2,17070,34140
ORD-2024-006157,30-Sep-24,CUS-01114,PRD-0023,9,16940,152460
ORD-2024-006158,30-Sep-24,CUS-00567,PRD-0025,5,5090,25450
ORD-2024-006160,30-Sep-24,CUS-00713,PRD-0031,1,36660,36660
ORD-2024-006167,30-Sep-24,CUS-01187,PRD-0051,2,43070,86140
ORD-2024-006168,30-Sep-24,CUS-00607,PRD-0057,8,18040,144320
ORD-2024-006170,30-Sep-24,CUS-01665,PRD-0065,2,34000,68000
ORD-2024-006175,30-Sep-24,CUS-02001,PRD-0075,12,34020,408240
ORD-2024-006177,30-Sep-24,CUS-00818,PRD-0076,10,28050,280500
ORD-2024-006179,30-Sep-24,CUS-01648,PRD-0084,7,27760,194320
ORD-2024-006181,30-Sep-24,CUS-02144,PRD-0086,3,28180,84540
ORD-2024-006188,30-Sep-24,CUS-01183,PRD-0090,6,37690,226140
ORD-2024-006189,30-Sep-24,CUS-02439,PRD-0090,9,37690,339210
ORD-2024-006190,30-Sep-24,CUS-00301,PRD-0093,4,23080,92320
ORD-2024-006199,30-Sep-24,CUS-00818,PRD-0100,4,20780,83120
ORD-2024-006202,30-Sep-24,CUS-02314,PRD-0108,12,30750,369000
ORD-2024-006208,30-Sep-24,CUS-01815,PRD-0122,3,19140,57420
ORD-2024-006209,30-Sep-24,CUS-00375,PRD-0122,2,19140,38280
ORD-2024-006213,30-Sep-24,CUS-02286,PRD-0139,2,33360,66720
ORD-2024-006230,30-Sep-24,CUS-00592,PRD-0170,6,17370,104220
ORD-2024-006236,01-Oct-24,CUS-00762,PRD-0011,6,17170,103020
ORD-2024-006237,01-Oct-24,CUS-01150,PRD-0016,6,42680,256080
ORD-2024-006238,01-Oct-24,CUS-01067,PRD-0018,9,62570,563130
ORD-2024-006242,01-Oct-24,CUS-00541,PRD-0039,9,14770,132930
ORD-2024-006254,01-Oct-24,CUS-01959,PRD-0080,11,23900,262900
ORD-2024-006256,01-Oct-24,CUS-02005,PRD-0083,3,23690,71070
ORD-2024-006264,01-Oct-24,CUS-00275,PRD-0090,4,37690,150760
ORD-2024-006265,01-Oct-24,CUS-00015,PRD-0090,14,37690,527660
ORD-2024-006269,01-Oct-24,CUS-00688,PRD-0091,13,27010,351130
ORD-2024-006273,01-Oct-24,CUS-02104,PRD-0100,14,20780,290920
ORD-2024-006275,01-Oct-24,CUS-01816,PRD-0110,4,30350,121400
ORD-2024-006278,01-Oct-24,CUS-00079,PRD-0118,2,23110,46220
ORD-2024-006280,01-Oct-24,CUS-01670,PRD-0121,11,26430,290730
ORD-2024-006286,01-Oct-24,CUS-00308,PRD-0125,15,15380,230700
ORD-2024-006311,01-Oct-24,CUS-00336,PRD-0161,5,32640,163200
ORD-2024-006315,01-Oct-24,CUS-00465,PRD-0166,10,25650,256500
ORD-2024-006317,02-Oct-24,CUS-01616,PRD-0002,3,5180,15540
ORD-2024-006343,02-Oct-24,CUS-00499,PRD-0065,9,34000,306000
ORD-2024-006350,02-Oct-24,CUS-00175,PRD-0083,8,23690,189520
ORD-2024-006355,02-Oct-24,CUS-00099,PRD-0086,12,28180,338160
ORD-2024-006361,02-Oct-24,CUS-00370,PRD-0090,3,37690,113070
ORD-2024-006362,02-Oct-24,CUS-02457,PRD-0090,14,37690,527660
ORD-2024-006368,02-Oct-24,CUS-00276,PRD-0097,1,21780,21780
ORD-2024-006378,02-Oct-24,CUS-00673,PRD-0108,5,30750,153750
ORD-2024-006379,02-Oct-24,CUS-02483,PRD-0108,2,30750,61500
ORD-2024-006380,02-Oct-24,CUS-01041,PRD-0112,8,15500,124000
ORD-2024-006382,02-Oct-24,CUS-01951,PRD-0122,4,19140,76560
ORD-2024-006382,02-Oct-24,CUS-01951,PRD-0122,4,19140,76560
ORD-2024-006383,02-Oct-24,CUS-00288,PRD-0125,11,15380,169180
ORD-2024-006388,02-Oct-24,CUS-01954,PRD-0130,2,13600,27200
ORD-2024-006392,02-Oct-24,CUS-00144,PRD-0142,17,52030,884510
ORD-2024-006406,02-Oct-24,CUS-01049,PRD-0162,6,28900,173400
ORD-2024-006410,03-Oct-24,CUS-00394,PRD-0003,8,4840,38720
ORD-2024-006412,03-Oct-24,CUS-00017,PRD-0004,6,4490,26940
ORD-2024-006431,03-Oct-24,CUS-01609,PRD-0072,17,42600,724200
ORD-2024-006446,03-Oct-24,CUS-01692,PRD-0090,11,37690,414590
ORD-2024-006447,03-Oct-24,CUS-02062,PRD-0090,6,37690,226140
ORD-2024-006454,03-Oct-24,CUS-01694,PRD-0108,5,30750,153750
ORD-2024-006457,03-Oct-24,CUS-02321,PRD-0109,5,30700,153500
ORD-2024-006466,03-Oct-24,CUS-02457,PRD-0125,22,15380,338360
ORD-2024-006467,03-Oct-24,CUS-00126,PRD-0127,8,16760,134080
ORD-2024-006469,03-Oct-24,CUS-00297,PRD-0131,4,31140,124560
ORD-2024-006471,03-Oct-24,CUS-00707,PRD-0132,6,38360,230160
ORD-2024-006472,03-Oct-24,CUS-00950,PRD-0132,7,38360,268520
ORD-2024-006480,03-Oct-24,CUS-02084,PRD-0144,18,31990,575820
ORD-2024-006483,03-Oct-24,CUS-00620,PRD-0145,19,31800,604200
ORD-2024-006486,03-Oct-24,CUS-01242,PRD-0151,3,42840,128520
ORD-2024-006487,03-Oct-24,CUS-01489,PRD-0151,11,42840,471240
ORD-2024-006488,03-Oct-24,CUS-01690,PRD-0151,9,42840,385560
ORD-2024-006498,03-Oct-24,CUS-01679,PRD-0162,6,28900,173400
ORD-2024-006504,04-Oct-24,CUS-00073,PRD-0004,2,4490,8980
ORD-2024-006508,04-Oct-24,CUS-01557,PRD-0013,16,11970,191520
ORD-2024-006511,04-Oct-24,CUS-00253,PRD-0023,4,16940,67760
ORD-2024-006518,04-Oct-24,CUS-00642,PRD-0057,15,18040,270600
ORD-2024-006521,04-Oct-24,CUS-02154,PRD-0067,7,12380,86660
ORD-2024-006525,04-Oct-24,CUS-02246,PRD-0077,3,31120,93360
ORD-2024-006539,04-Oct-24,CUS-00573,PRD-0090,6,37690,226140
ORD-2024-006540,04-Oct-24,CUS-02282,PRD-0090,28,37690,1055320
ORD-2024-006545,04-Oct-24,CUS-00015,PRD-0098,5,15320,76600
ORD-2024-006546,04-Oct-24,CUS-00451,PRD-0102,12,17050,204600
ORD-2024-006550,04-Oct-24,CUS-01099,PRD-0108,1,30750,30750
ORD-2024-006552,04-Oct-24,CUS-02325,PRD-0115,4,21210,84840
ORD-2024-006554,04-Oct-24,CUS-02231,PRD-0121,16,26430,422880
ORD-2024-006559,04-Oct-24,CUS-00045,PRD-0130,3,13600,40800
ORD-2024-006564,04-Oct-24,CUS-01899,PRD-0140,6,27740,166440
ORD-2024-006566,04-Oct-24,CUS-00863,PRD-0145,7,31800,222600
ORD-2024-006587,05-Oct-24,CUS-00502,PRD-0004,9,4490,40410
ORD-2024-006588,05-Oct-24,CUS-02456,PRD-0018,4,62570,250280
ORD-2024-006595,05-Oct-24,CUS-02404,PRD-0037,6,25650,153900
ORD-2024-006601,05-Oct-24,CUS-01393,PRD-0041,16,6830,109280
ORD-2024-006603,05-Oct-24,CUS-01384,PRD-0062,12,17890,214680
ORD-2024-006604,05-Oct-24,CUS-01590,PRD-0064,10,36350,363500
ORD-2024-006609,05-Oct-24,CUS-01781,PRD-0080,14,23900,334600
ORD-2024-006633,05-Oct-24,CUS-01622,PRD-0118,9,23110,207990
ORD-2024-006635,05-Oct-24,CUS-00162,PRD-0121,2,26430,52860
ORD-2024-006647,06-Oct-24,CUS-02359,PRD-0011,4,17170,68680
ORD-2024-006659,06-Oct-24,CUS-01206,PRD-0086,15,28180,422700
ORD-2024-006670,06-Oct-24,CUS-01780,PRD-0117,5,17520,87600
ORD-2024-006673,06-Oct-24,CUS-00713,PRD-0128,17,20590,350030
ORD-2024-006681,06-Oct-24,CUS-01152,PRD-0151,13,42840,556920
ORD-2024-006682,06-Oct-24,CUS-01522,PRD-0155,5,65880,329400
ORD-2024-006685,07-Oct-24,CUS-01690,PRD-0001,3,4970,14910
ORD-2024-006688,07-Oct-24,CUS-02087,PRD-0005,4,3110,12440
ORD-2024-006692,07-Oct-24,CUS-01915,PRD-0008,13,16360,212680
ORD-2024-006695,07-Oct-24,CUS-01382,PRD-0018,5,62570,312850
ORD-2024-006696,07-Oct-24,CUS-00674,PRD-0020,11,29210,321310
ORD-2024-006700,07-Oct-24,CUS-00021,PRD-0034,7,15350,107450
ORD-2024-006705,07-Oct-24,CUS-01875,PRD-0039,3,14770,44310
ORD-2024-006707,07-Oct-24,CUS-00906,PRD-0040,5,14100,70500
ORD-2024-006712,07-Oct-24,CUS-00465,PRD-0055,46,16990,781540
ORD-2024-006714,07-Oct-24,CUS-02239,PRD-0060,11,57540,632940
ORD-2024-006715,07-Oct-24,CUS-00614,PRD-0060,1,57540,57540
ORD-2024-006716,07-Oct-24,CUS-02449,PRD-0060,3,57540,172620
ORD-2024-006718,07-Oct-24,CUS-01486,PRD-0063,53,15070,798710
ORD-2024-006725,07-Oct-24,CUS-01143,PRD-0074,9,38390,345510
ORD-2024-006740,07-Oct-24,CUS-00465,PRD-0090,6,37690,226140
ORD-2024-006741,07-Oct-24,CUS-00865,PRD-0090,13,37690,489970
ORD-2024-006742,07-Oct-24,CUS-01811,PRD-0090,7,37690,263830
ORD-2024-006743,07-Oct-24,CUS-01242,PRD-0090,5,37690,188450
ORD-2024-006753,07-Oct-24,CUS-01324,PRD-0102,22,17050,375100
ORD-2024-006754,07-Oct-24,CUS-00910,PRD-0103,6,38480,230880
ORD-2024-006762,07-Oct-24,CUS-01951,PRD-0122,15,19140,287100
ORD-2024-006763,07-Oct-24,CUS-01168,PRD-0123,8,14410,115280
ORD-2024-006764,07-Oct-24,CUS-02380,PRD-0124,7,8790,61530
ORD-2024-006769,07-Oct-24,CUS-00337,PRD-0125,11,15380,169180
ORD-2024-006783,07-Oct-24,CUS-02449,PRD-0151,9,42840,385560
ORD-2024-006789,07-Oct-24,CUS-01047,PRD-0155,6,65880,395280
ORD-2024-006792,07-Oct-24,CUS-02020,PRD-0160,10,32940,329400
ORD-2024-006793,07-Oct-24,CUS-01875,PRD-0160,9,32940,296460
ORD-2024-006794,07-Oct-24,CUS-01915,PRD-0160,5,32940,164700
ORD-2024-006803,08-Oct-24,CUS-00454,PRD-0005,27,3110,83970
ORD-2024-006830,08-Oct-24,CUS-00571,PRD-0078,5,33720,168600
ORD-2024-006832,08-Oct-24,CUS-01755,PRD-0082,23,30730,706790
ORD-2024-006835,08-Oct-24,CUS-00623,PRD-0086,8,28180,225440
ORD-2024-006840,08-Oct-24,CUS-02037,PRD-0090,7,37690,263830
ORD-2024-006843,08-Oct-24,CUS-00066,PRD-0093,2,23080,46160
ORD-2024-006846,08-Oct-24,CUS-02334,PRD-0100,7,20780,145460
ORD-2024-006853,08-Oct-24,CUS-00162,PRD-0108,6,30750,184500
ORD-2024-006856,08-Oct-24,CUS-01206,PRD-0113,26,10420,270920
ORD-2024-006857,08-Oct-24,CUS-00852,PRD-0118,5,23110,115550
ORD-2024-006871,08-Oct-24,CUS-00180,PRD-0151,1,42840,42840
ORD-2024-006872,08-Oct-24,CUS-01741,PRD-0151,3,42840,128520
ORD-2024-006876,08-Oct-24,CUS-01340,PRD-0155,4,65880,263520
ORD-2024-006878,08-Oct-24,CUS-00487,PRD-0156,9,58570,527130
ORD-2024-006889,08-Oct-24,CUS-01165,PRD-0166,5,25650,128250
ORD-2024-006893,09-Oct-24,CUS-02428,PRD-0013,7,11970,83790
ORD-2024-006901,09-Oct-24,CUS-00660,PRD-0040,13,14100,183300
ORD-2024-006903,09-Oct-24,CUS-00724,PRD-0049,10,18190,181900
ORD-2024-006906,09-Oct-24,CUS-02426,PRD-0057,9,18040,162360
ORD-2024-006907,09-Oct-24,CUS-02400,PRD-0058,5,17980,89900
ORD-2024-006913,09-Oct-24,CUS-02062,PRD-0067,10,12380,123800
ORD-2024-006916,09-Oct-24,CUS-01155,PRD-0070,13,19240,250120
ORD-2024-006926,09-Oct-24,CUS-01480,PRD-0083,6,23690,142140
ORD-2024-006927,09-Oct-24,CUS-01187,PRD-0083,9,23690,213210
ORD-2024-006938,09-Oct-24,CUS-01516,PRD-0091,5,27010,135050
ORD-2024-006941,09-Oct-24,CUS-02109,PRD-0098,8,15320,122560
ORD-2024-006948,09-Oct-24,CUS-00746,PRD-0118,10,23110,231100
ORD-2024-006956,09-Oct-24,CUS-02373,PRD-0135,15,32900,493500
ORD-2024-006969,09-Oct-24,CUS-01182,PRD-0151,17,42840,728280
ORD-2024-006970,09-Oct-24,CUS-00445,PRD-0151,2,42840,85680
ORD-2024-006973,09-Oct-24,CUS-02249,PRD-0153,9,24220,217980
ORD-2024-006974,09-Oct-24,CUS-00490,PRD-0153,6,24220,145320
ORD-2024-006979,09-Oct-24,CUS-00887,PRD-0161,6,32640,195840
ORD-2024-006985,10-Oct-24,CUS-01357,PRD-0005,4,3110,12440
ORD-2024-006988,10-Oct-24,CUS-00021,PRD-0011,6,17170,103020
ORD-2024-006989,10-Oct-24,CUS-01600,PRD-0011,5,17170,85850
ORD-2024-006991,10-Oct-24,CUS-02406,PRD-0016,7,42680,298760
ORD-2024-006996,10-Oct-24,CUS-01134,PRD-0031,7,36660,256620
ORD-2024-007004,10-Oct-24,CUS-01434,PRD-0053,9,38950,350550
ORD-2024-007007,10-Oct-24,CUS-02087,PRD-0074,3,38390,115170
ORD-2024-007010,10-Oct-24,CUS-01899,PRD-0078,8,33720,269760
ORD-2024-007012,10-Oct-24,CUS-01514,PRD-0081,9,42190,379710
ORD-2024-007013,10-Oct-24,CUS-01899,PRD-0082,7,30730,215110
ORD-2024-007014,10-Oct-24,CUS-00417,PRD-0082,7,30730,215110
ORD-2024-007024,10-Oct-24,CUS-01660,PRD-0090,5,37690,188450
ORD-2024-007035,10-Oct-24,CUS-00011,PRD-0103,34,38480,1308320
ORD-2024-007039,10-Oct-24,CUS-01668,PRD-0121,2,26430,52860
ORD-2024-007043,10-Oct-24,CUS-01219,PRD-0137,31,27650,857150
ORD-2024-007044,10-Oct-24,CUS-01838,PRD-0138,10,27020,270200
ORD-2024-007045,10-Oct-24,CUS-00248,PRD-0142,7,52030,364210
ORD-2024-007057,10-Oct-24,CUS-01154,PRD-0160,4,32940,131760
ORD-2024-007058,10-Oct-24,CUS-00948,PRD-0161,11,32640,359040
ORD-2024-007062,10-Oct-24,CUS-00253,PRD-0166,5,25650,128250
ORD-2024-007068,11-Oct-24,CUS-00607,PRD-0006,11,3060,33660
ORD-2024-007072,11-Oct-24,CUS-00286,PRD-0008,7,16360,114520
ORD-2024-007073,11-Oct-24,CUS-02479,PRD-0014,15,13790,206850
ORD-2024-007077,11-Oct-24,CUS-01337,PRD-0024,8,9800,78400
ORD-2024-007080,11-Oct-24,CUS-02242,PRD-0031,15,36660,549900
ORD-2024-007086,11-Oct-24,CUS-01195,PRD-0049,4,18190,72760
ORD-2024-007092,11-Oct-24,CUS-02195,PRD-0064,7,36350,254450
ORD-2024-007096,11-Oct-24,CUS-01824,PRD-0068,4,16320,65280
ORD-2024-007097,11-Oct-24,CUS-01959,PRD-0072,6,42600,255600
ORD-2024-007101,11-Oct-24,CUS-01070,PRD-0077,8,31120,248960
ORD-2024-007109,11-Oct-24,CUS-00038,PRD-0090,5,37690,188450
ORD-2024-007116,11-Oct-24,CUS-00992,PRD-0093,7,23080,161560
ORD-2024-007120,11-Oct-24,CUS-02020,PRD-0098,12,15320,183840
ORD-2024-007121,11-Oct-24,CUS-01437,PRD-0100,2,20780,41560
ORD-2024-007125,11-Oct-24,CUS-00568,PRD-0108,13,30750,399750
ORD-2024-007128,11-Oct-24,CUS-01609,PRD-0117,6,17520,105120
ORD-2024-007139,11-Oct-24,CUS-00707,PRD-0135,3,32900,98700
ORD-2024-007142,11-Oct-24,CUS-00288,PRD-0141,1,38600,38600
ORD-2024-007143,11-Oct-24,CUS-01679,PRD-0144,10,31990,319900
ORD-2024-007162,11-Oct-24,CUS-01703,PRD-0170,5,17370,86850
ORD-2024-007163,12-Oct-24,CUS-00652,PRD-0005,13,3110,40430
ORD-2024-007165,12-Oct-24,CUS-01480,PRD-0008,8,16360,130880
ORD-2024-007176,12-Oct-24,CUS-01242,PRD-0057,6,18040,108240
ORD-2024-007180,12-Oct-24,CUS-00296,PRD-0064,16,36350,581600
ORD-2024-007188,12-Oct-24,CUS-00887,PRD-0080,19,23900,454100
ORD-2024-007193,12-Oct-24,CUS-01259,PRD-0090,8,37690,301520
ORD-2024-007195,12-Oct-24,CUS-00618,PRD-0100,20,20780,415600
ORD-2024-007202,12-Oct-24,CUS-01112,PRD-0125,23,15380,353740
ORD-2024-007204,12-Oct-24,CUS-00180,PRD-0143,13,48640,632320
ORD-2024-007211,12-Oct-24,CUS-00660,PRD-0161,2,32640,65280
ORD-2024-007212,12-Oct-24,CUS-00663,PRD-0161,15,32640,489600
ORD-2024-007214,12-Oct-24,CUS-02026,PRD-0167,3,14020,42060
ORD-2024-007218,13-Oct-24,CUS-01814,PRD-0016,9,42680,384120
ORD-2024-007219,13-Oct-24,CUS-01340,PRD-0019,7,31240,218680
ORD-2024-007220,13-Oct-24,CUS-00144,PRD-0033,20,11040,220800
ORD-2024-007229,13-Oct-24,CUS-02007,PRD-0086,4,28180,112720
ORD-2024-007237,13-Oct-24,CUS-00066,PRD-0121,4,26430,105720
ORD-2024-007250,14-Oct-24,CUS-00043,PRD-0007,6,17070,102420
ORD-2024-007257,14-Oct-24,CUS-02201,PRD-0031,4,36660,146640
ORD-2024-007273,14-Oct-24,CUS-01259,PRD-0060,12,57540,690480
ORD-2024-007284,14-Oct-24,CUS-00388,PRD-0077,2,31120,62240
ORD-2024-007293,14-Oct-24,CUS-00746,PRD-0084,3,27760,83280
ORD-2024-007296,14-Oct-24,CUS-01381,PRD-0086,4,28180,112720
ORD-2024-007307,14-Oct-24,CUS-01150,PRD-0090,5,37690,188450
ORD-2024-007308,14-Oct-24,CUS-00262,PRD-0090,3,37690,113070
ORD-2024-007309,14-Oct-24,CUS-01740,PRD-0090,3,37690,113070
ORD-2024-007312,14-Oct-24,CUS-01612,PRD-0093,9,23080,207720
ORD-2024-007315,14-Oct-24,CUS-01690,PRD-0100,20,20780,415600
ORD-2024-007320,14-Oct-24,CUS-01549,PRD-0113,13,10420,135460
ORD-2024-007334,14-Oct-24,CUS-00746,PRD-0135,17,32900,559300
ORD-2024-007336,14-Oct-24,CUS-01393,PRD-0138,3,27020,81060
ORD-2024-007337,14-Oct-24,CUS-00276,PRD-0141,15,38600,579000
ORD-2024-007346,14-Oct-24,CUS-00074,PRD-0149,12,45880,550560
ORD-2024-007353,14-Oct-24,CUS-00119,PRD-0151,13,42840,556920
ORD-2024-007354,14-Oct-24,CUS-00595,PRD-0153,3,24220,72660
ORD-2024-007363,14-Oct-24,CUS-00942,PRD-0164,7,19920,139440
ORD-2024-007364,14-Oct-24,CUS-00865,PRD-0165,5,23380,116900
ORD-2024-007367,14-Oct-24,CUS-02190,PRD-0166,16,25650,410400
ORD-2024-007370,15-Oct-24,CUS-01365,PRD-0009,6,18390,110340
ORD-2024-007374,15-Oct-24,CUS-00318,PRD-0018,10,62570,625700
ORD-2024-007382,15-Oct-24,CUS-01964,PRD-0037,18,25650,461700
ORD-2024-007400,15-Oct-24,CUS-02334,PRD-0079,8,46870,374960
ORD-2024-007402,15-Oct-24,CUS-00305,PRD-0084,7,27760,194320
ORD-2024-007409,15-Oct-24,CUS-00353,PRD-0090,5,37690,188450
ORD-2024-007410,15-Oct-24,CUS-02026,PRD-0090,12,37690,452280
ORD-2024-007414,15-Oct-24,CUS-01824,PRD-0093,5,23080,115400
ORD-2024-007419,15-Oct-24,CUS-01373,PRD-0100,6,20780,124680
ORD-2024-007420,15-Oct-24,CUS-01950,PRD-0103,4,38480,153920
ORD-2024-007423,15-Oct-24,CUS-00520,PRD-0115,4,21210,84840
ORD-2024-007432,15-Oct-24,CUS-00679,PRD-0142,2,52030,104060
ORD-2024-007448,15-Oct-24,CUS-01338,PRD-0162,9,28900,260100
ORD-2024-007454,16-Oct-24,CUS-00964,PRD-0004,7,4490,31430
ORD-2024-007457,16-Oct-24,CUS-00465,PRD-0010,4,16050,64200
ORD-2024-007462,16-Oct-24,CUS-01670,PRD-0020,24,29210,701040
ORD-2024-007469,16-Oct-24,CUS-00260,PRD-0035,3,13660,40980
ORD-2024-007472,16-Oct-24,CUS-00740,PRD-0042,5,26200,131000
ORD-2024-007474,16-Oct-24,CUS-01588,PRD-0057,5,18040,90200
ORD-2024-007477,16-Oct-24,CUS-01515,PRD-0061,8,16320,130560
ORD-2024-007482,16-Oct-24,CUS-00171,PRD-0074,2,38390,76780
ORD-2024-007488,16-Oct-24,CUS-01631,PRD-0086,43,28180,1211740
ORD-2024-007500,16-Oct-24,CUS-00746,PRD-0093,22,23080,507760
ORD-2024-007506,16-Oct-24,CUS-00033,PRD-0106,7,41890,293230
ORD-2024-007509,16-Oct-24,CUS-01044,PRD-0108,10,30750,307500
ORD-2024-007516,16-Oct-24,CUS-00602,PRD-0125,8,15380,123040
ORD-2024-007525,16-Oct-24,CUS-00370,PRD-0151,3,42840,128520
ORD-2024-007530,16-Oct-24,CUS-00666,PRD-0153,15,24220,363300
ORD-2024-007532,16-Oct-24,CUS-01197,PRD-0155,9,65880,592920
ORD-2024-007533,16-Oct-24,CUS-01667,PRD-0156,7,58570,409990
ORD-2024-007535,16-Oct-24,CUS-00416,PRD-0157,5,24810,124050
ORD-2024-007538,16-Oct-24,CUS-00074,PRD-0161,5,32640,163200
ORD-2024-007545,17-Oct-24,CUS-01373,PRD-0019,10,31240,312400
ORD-2024-007548,17-Oct-24,CUS-01964,PRD-0024,11,9800,107800
ORD-2024-007550,17-Oct-24,CUS-01986,PRD-0025,5,5090,25450
ORD-2024-007559,17-Oct-24,CUS-00663,PRD-0051,2,43070,86140
ORD-2024-007560,17-Oct-24,CUS-00274,PRD-0051,28,43070,1205960
ORD-2024-007565,17-Oct-24,CUS-00013,PRD-0067,7,12380,86660
ORD-2024-007566,17-Oct-24,CUS-02144,PRD-0067,5,12380,61900
ORD-2024-007568,17-Oct-24,CUS-01616,PRD-0068,7,16320,114240
ORD-2024-007571,17-Oct-24,CUS-00851,PRD-0075,8,34020,272160
ORD-2024-007577,17-Oct-24,CUS-00741,PRD-0079,7,46870,328090
ORD-2024-007579,17-Oct-24,CUS-02456,PRD-0086,5,28180,140900
ORD-2024-007591,17-Oct-24,CUS-00932,PRD-0111,3,12240,36720
ORD-2024-007595,17-Oct-24,CUS-00105,PRD-0122,5,19140,95700
ORD-2024-007598,17-Oct-24,CUS-00033,PRD-0125,12,15380,184560
ORD-2024-007599,17-Oct-24,CUS-01480,PRD-0131,6,31140,186840
ORD-2024-007607,17-Oct-24,CUS-00499,PRD-0156,5,58570,292850
ORD-2024-007610,17-Oct-24,CUS-00735,PRD-0157,4,24810,99240
ORD-2024-007614,17-Oct-24,CUS-01338,PRD-0161,5,32640,163200
ORD-2024-007621,18-Oct-24,CUS-01502,PRD-0004,3,4490,13470
ORD-2024-007631,18-Oct-24,CUS-00066,PRD-0039,9,14770,132930
ORD-2024-007637,18-Oct-24,CUS-00464,PRD-0057,2,18040,36080
ORD-2024-007647,18-Oct-24,CUS-02379,PRD-0083,7,23690,165830
ORD-2024-007652,18-Oct-24,CUS-00675,PRD-0086,20,28180,563600
ORD-2024-007660,18-Oct-24,CUS-01413,PRD-0090,2,37690,75380
ORD-2024-007661,18-Oct-24,CUS-00657,PRD-0090,2,37690,75380
ORD-2024-007662,18-Oct-24,CUS-01574,PRD-0090,5,37690,188450
ORD-2024-007667,18-Oct-24,CUS-00015,PRD-0091,5,27010,135050
ORD-2024-007674,18-Oct-24,CUS-00260,PRD-0108,19,30750,584250
ORD-2024-007681,18-Oct-24,CUS-00942,PRD-0120,13,14740,191620
ORD-2024-007685,18-Oct-24,CUS-00155,PRD-0123,7,14410,100870
ORD-2024-007687,18-Oct-24,CUS-02323,PRD-0125,6,15380,92280
ORD-2024-007695,18-Oct-24,CUS-02405,PRD-0151,3,42840,128520
ORD-2024-007700,18-Oct-24,CUS-00953,PRD-0153,15,24220,363300
ORD-2024-007706,18-Oct-24,CUS-02201,PRD-0167,5,14020,70100
ORD-2024-007710,19-Oct-24,CUS-01976,PRD-0009,7,18390,128730
ORD-2024-007711,19-Oct-24,CUS-01680,PRD-0018,12,62570,750840
ORD-2024-007716,19-Oct-24,CUS-00382,PRD-0047,7,19060,133420
ORD-2024-007725,19-Oct-24,CUS-01977,PRD-0076,11,28050,308550
ORD-2024-007727,19-Oct-24,CUS-01992,PRD-0086,16,28180,450880
ORD-2024-007733,19-Oct-24,CUS-01206,PRD-0090,3,37690,113070
ORD-2024-007743,19-Oct-24,CUS-00296,PRD-0102,33,17050,562650
ORD-2024-007748,19-Oct-24,CUS-00347,PRD-0110,28,30350,849800
ORD-2024-007763,19-Oct-24,CUS-01811,PRD-0147,6,32330,193980
ORD-2024-007767,19-Oct-24,CUS-01762,PRD-0151,1,42840,42840
ORD-2024-007774,19-Oct-24,CUS-01636,PRD-0161,26,32640,848640
ORD-2024-007782,20-Oct-24,CUS-01113,PRD-0039,4,14770,59080
ORD-2024-007798,20-Oct-24,CUS-01660,PRD-0108,14,30750,430500
ORD-2024-007801,20-Oct-24,CUS-00672,PRD-0116,5,17680,88400
ORD-2024-007802,20-Oct-24,CUS-01225,PRD-0120,6,14740,88440
ORD-2024-007805,20-Oct-24,CUS-00525,PRD-0127,17,16760,284920
ORD-2024-007806,20-Oct-24,CUS-01665,PRD-0151,8,42840,342720
ORD-2024-007807,20-Oct-24,CUS-01008,PRD-0156,9,58570,527130
ORD-2024-007809,21-Oct-24,CUS-00986,PRD-0002,1,5180,5180
ORD-2024-007810,21-Oct-24,CUS-02205,PRD-0002,5,5180,25900
ORD-2024-007813,21-Oct-24,CUS-00172,PRD-0007,10,17070,170700
ORD-2024-007814,21-Oct-24,CUS-01813,PRD-0008,6,16360,98160
ORD-2024-007818,21-Oct-24,CUS-01360,PRD-0020,13,29210,379730
ORD-2024-007823,21-Oct-24,CUS-01044,PRD-0047,25,19060,476500
ORD-2024-007827,21-Oct-24,CUS-02026,PRD-0057,5,18040,90200
ORD-2024-007839,21-Oct-24,CUS-01473,PRD-0081,12,42190,506280
ORD-2024-007842,21-Oct-24,CUS-01608,PRD-0084,2,27760,55520
ORD-2024-007856,21-Oct-24,CUS-00038,PRD-0091,15,27010,405150
ORD-2024-007860,21-Oct-24,CUS-00678,PRD-0100,4,20780,83120
ORD-2024-007877,21-Oct-24,CUS-01934,PRD-0135,29,32900,954100
ORD-2024-007878,21-Oct-24,CUS-01818,PRD-0137,5,27650,138250
ORD-2024-007881,21-Oct-24,CUS-00682,PRD-0144,16,31990,511840
ORD-2024-007884,21-Oct-24,CUS-01114,PRD-0151,3,42840,128520
ORD-2024-007886,21-Oct-24,CUS-02286,PRD-0152,5,24900,124500
ORD-2024-007889,21-Oct-24,CUS-00459,PRD-0156,1,58570,58570
ORD-2024-007896,21-Oct-24,CUS-01639,PRD-0164,3,19920,59760
ORD-2024-007896,21-Oct-24,CUS-01639,PRD-0164,3,19920,59760
ORD-2024-007899,21-Oct-24,CUS-01896,PRD-0166,6,25650,153900
ORD-2024-007900,21-Oct-24,CUS-02367,PRD-0169,5,15310,76550
ORD-2024-007904,22-Oct-24,CUS-02428,PRD-0018,3,62570,187710
ORD-2024-007910,22-Oct-24,CUS-00775,PRD-0036,29,20500,594500
ORD-2024-007911,22-Oct-24,CUS-01822,PRD-0042,5,26200,131000
ORD-2024-007926,22-Oct-24,CUS-01114,PRD-0077,8,31120,248960
ORD-2024-007937,22-Oct-24,CUS-01359,PRD-0090,30,37690,1130700
ORD-2024-007938,22-Oct-24,CUS-01616,PRD-0090,7,37690,263830
ORD-2024-007942,22-Oct-24,CUS-01691,PRD-0096,4,23060,92240
ORD-2024-007971,22-Oct-24,CUS-01434,PRD-0142,6,52030,312180
ORD-2024-007974,22-Oct-24,CUS-01893,PRD-0153,4,24220,96880
ORD-2024-007978,22-Oct-24,CUS-00619,PRD-0161,14,32640,456960
ORD-2024-007979,22-Oct-24,CUS-01412,PRD-0161,3,32640,97920
ORD-2024-007980,22-Oct-24,CUS-00663,PRD-0163,4,27790,111160
ORD-2024-007985,23-Oct-24,CUS-00852,PRD-0035,35,13660,478100
ORD-2024-007991,23-Oct-24,CUS-01368,PRD-0051,11,43070,473770
ORD-2024-007995,23-Oct-24,CUS-02478,PRD-0063,5,15070,75350
ORD-2024-008000,23-Oct-24,CUS-02048,PRD-0072,5,42600,213000
ORD-2024-008005,23-Oct-24,CUS-01047,PRD-0084,24,27760,666240
ORD-2024-008012,23-Oct-24,CUS-01670,PRD-0091,3,27010,81030
ORD-2024-008017,23-Oct-24,CUS-01588,PRD-0098,5,15320,76600
ORD-2024-008019,23-Oct-24,CUS-02246,PRD-0103,4,38480,153920
ORD-2024-008020,23-Oct-24,CUS-00705,PRD-0103,4,38480,153920
ORD-2024-008025,23-Oct-24,CUS-02318,PRD-0109,2,30700,61400
ORD-2024-008042,23-Oct-24,CUS-00225,PRD-0139,3,33360,100080
ORD-2024-008046,23-Oct-24,CUS-01393,PRD-0151,5,42840,214200
ORD-2024-008047,23-Oct-24,CUS-00973,PRD-0151,12,42840,514080
ORD-2024-008051,23-Oct-24,CUS-02442,PRD-0160,3,32940,98820
ORD-2024-008052,23-Oct-24,CUS-00812,PRD-0160,17,32940,559980
ORD-2024-008054,23-Oct-24,CUS-00607,PRD-0161,11,32640,359040
ORD-2024-008055,23-Oct-24,CUS-01669,PRD-0161,7,32640,228480
ORD-2024-008056,23-Oct-24,CUS-00297,PRD-0161,12,32640,391680
ORD-2024-008057,23-Oct-24,CUS-01270,PRD-0163,5,27790,138950
ORD-2024-008058,23-Oct-24,CUS-00280,PRD-0164,17,19920,338640
ORD-2024-008059,24-Oct-24,CUS-01075,PRD-0001,31,4970,154070
ORD-2024-008061,24-Oct-24,CUS-00229,PRD-0004,2,4490,8980
ORD-2024-008066,24-Oct-24,CUS-01413,PRD-0012,3,18410,55230
ORD-2024-008068,24-Oct-24,CUS-01097,PRD-0016,16,42680,682880
ORD-2024-008070,24-Oct-24,CUS-02367,PRD-0023,8,16940,135520
ORD-2024-008082,24-Oct-24,CUS-01741,PRD-0065,3,34000,102000
ORD-2024-008085,24-Oct-24,CUS-00057,PRD-0068,4,16320,65280
ORD-2024-008102,24-Oct-24,CUS-01388,PRD-0090,20,37690,753800
ORD-2024-008108,24-Oct-24,CUS-01231,PRD-0098,8,15320,122560
ORD-2024-008115,24-Oct-24,CUS-02292,PRD-0102,2,17050,34100
ORD-2024-008116,24-Oct-24,CUS-02094,PRD-0108,5,30750,153750
ORD-2024-008117,24-Oct-24,CUS-01650,PRD-0109,2,30700,61400
ORD-2024-008123,24-Oct-24,CUS-02135,PRD-0122,8,19140,153120
ORD-2024-008138,24-Oct-24,CUS-02134,PRD-0151,10,42840,428400
ORD-2024-008141,24-Oct-24,CUS-01626,PRD-0160,5,32940,164700
ORD-2024-008142,24-Oct-24,CUS-00465,PRD-0163,6,27790,166740
ORD-2024-008145,24-Oct-24,CUS-01502,PRD-0167,6,14020,84120
ORD-2024-008149,25-Oct-24,CUS-01149,PRD-0010,9,16050,144450
ORD-2024-008155,25-Oct-24,CUS-01187,PRD-0028,4,4910,19640
ORD-2024-008165,25-Oct-24,CUS-02026,PRD-0056,5,25020,125100
ORD-2024-008171,25-Oct-24,CUS-01393,PRD-0064,10,36350,363500
ORD-2024-008172,25-Oct-24,CUS-01465,PRD-0067,2,12380,24760
ORD-2024-008176,25-Oct-24,CUS-01373,PRD-0075,17,34020,578340
ORD-2024-008180,25-Oct-24,CUS-01987,PRD-0080,3,23900,71700
ORD-2024-008186,25-Oct-24,CUS-01236,PRD-0086,2,28180,56360
ORD-2024-008203,25-Oct-24,CUS-01969,PRD-0098,2,15320,30640
ORD-2024-008207,25-Oct-24,CUS-00375,PRD-0100,7,20780,145460
ORD-2024-008214,25-Oct-24,CUS-00630,PRD-0120,3,14740,44220
ORD-2024-008218,25-Oct-24,CUS-00675,PRD-0128,10,20590,205900
ORD-2024-008229,25-Oct-24,CUS-02329,PRD-0143,6,48640,291840
ORD-2024-008233,25-Oct-24,CUS-01085,PRD-0151,2,42840,85680
ORD-2024-008237,25-Oct-24,CUS-02428,PRD-0153,5,24220,121100
ORD-2024-008249,25-Oct-24,CUS-02212,PRD-0161,7,32640,228480
ORD-2024-008253,26-Oct-24,CUS-00881,PRD-0004,3,4490,13470
ORD-2024-008257,26-Oct-24,CUS-01062,PRD-0017,5,39680,198400
ORD-2024-008261,26-Oct-24,CUS-00858,PRD-0024,5,9800,49000
ORD-2024-008265,26-Oct-24,CUS-02409,PRD-0039,9,14770,132930
ORD-2024-008268,26-Oct-24,CUS-01677,PRD-0052,18,43630,785340
ORD-2024-008270,26-Oct-24,CUS-01609,PRD-0061,5,16320,81600
ORD-2024-008285,26-Oct-24,CUS-02035,PRD-0090,4,37690,150760
ORD-2024-008293,26-Oct-24,CUS-00445,PRD-0111,27,12240,330480
ORD-2024-008294,26-Oct-24,CUS-01066,PRD-0117,11,17520,192720
ORD-2024-008296,26-Oct-24,CUS-02027,PRD-0121,7,26430,185010
ORD-2024-008300,26-Oct-24,CUS-02125,PRD-0135,5,32900,164500
ORD-2024-008317,27-Oct-24,CUS-00099,PRD-0041,19,6830,129770
ORD-2024-008322,27-Oct-24,CUS-01814,PRD-0077,17,31120,529040
ORD-2024-008324,27-Oct-24,CUS-00155,PRD-0090,9,37690,339210
ORD-2024-008331,27-Oct-24,CUS-01508,PRD-0151,3,42840,128520
ORD-2024-008332,27-Oct-24,CUS-01480,PRD-0161,17,32640,554880
ORD-2024-008333,27-Oct-24,CUS-02215,PRD-0165,8,23380,187040
ORD-2024-008338,28-Oct-24,CUS-02486,PRD-0004,4,4490,17960
ORD-2024-008342,28-Oct-24,CUS-01219,PRD-0018,11,62570,688270
ORD-2024-008346,28-Oct-24,CUS-01036,PRD-0031,19,36660,696540
ORD-2024-008359,28-Oct-24,CUS-00417,PRD-0060,5,57540,287700
ORD-2024-008360,28-Oct-24,CUS-01025,PRD-0061,18,16320,293760
ORD-2024-008361,28-Oct-24,CUS-00105,PRD-0061,6,16320,97920
ORD-2024-008369,28-Oct-24,CUS-01976,PRD-0076,6,28050,168300
ORD-2024-008373,28-Oct-24,CUS-00076,PRD-0080,9,23900,215100
ORD-2024-008376,28-Oct-24,CUS-01600,PRD-0081,5,42190,210950
ORD-2024-008389,28-Oct-24,CUS-01102,PRD-0090,14,37690,527660
ORD-2024-008390,28-Oct-24,CUS-00852,PRD-0090,5,37690,188450
ORD-2024-008391,28-Oct-24,CUS-01160,PRD-0090,13,37690,489970
ORD-2024-008395,28-Oct-24,CUS-02125,PRD-0091,20,27010,540200
ORD-2024-008399,28-Oct-24,CUS-02402,PRD-0100,10,20780,207800
ORD-2024-008400,28-Oct-24,CUS-00714,PRD-0100,2,20780,41560
ORD-2024-008403,28-Oct-24,CUS-00333,PRD-0111,7,12240,85680
ORD-2024-008408,28-Oct-24,CUS-01487,PRD-0122,14,19140,267960
ORD-2024-008423,28-Oct-24,CUS-00382,PRD-0151,3,42840,128520
ORD-2024-008431,29-Oct-24,CUS-02212,PRD-0001,3,4970,14910
ORD-2024-008437,29-Oct-24,CUS-00253,PRD-0023,9,16940,152460
ORD-2024-008438,29-Oct-24,CUS-00592,PRD-0023,26,16940,440440
ORD-2024-008443,29-Oct-24,CUS-01896,PRD-0046,15,17360,260400
ORD-2024-008446,29-Oct-24,CUS-00735,PRD-0057,7,18040,126280
ORD-2024-008450,29-Oct-24,CUS-02456,PRD-0064,9,36350,327150
ORD-2024-008451,29-Oct-24,CUS-01964,PRD-0064,14,36350,508900
ORD-2024-008455,29-Oct-24,CUS-01019,PRD-0072,9,42600,383400
ORD-2024-008463,29-Oct-24,CUS-01691,PRD-0086,5,28180,140900
ORD-2024-008468,29-Oct-24,CUS-01183,PRD-0090,1,37690,37690
ORD-2024-008469,29-Oct-24,CUS-00595,PRD-0090,13,37690,489970
ORD-2024-008478,29-Oct-24,CUS-00464,PRD-0109,2,30700,61400
ORD-2024-008481,29-Oct-24,CUS-01504,PRD-0116,6,17680,106080
ORD-2024-008486,29-Oct-24,CUS-00201,PRD-0122,11,19140,210540
ORD-2024-008487,29-Oct-24,CUS-00336,PRD-0125,6,15380,92280
ORD-2024-008488,29-Oct-24,CUS-01950,PRD-0126,7,29270,204890
ORD-2024-008490,29-Oct-24,CUS-02020,PRD-0130,10,13600,136000
ORD-2024-008491,29-Oct-24,CUS-01124,PRD-0131,14,31140,435960
ORD-2024-008494,29-Oct-24,CUS-00030,PRD-0135,18,32900,592200
ORD-2024-008504,29-Oct-24,CUS-02441,PRD-0151,20,42840,856800
ORD-2024-008510,29-Oct-24,CUS-00713,PRD-0160,11,32940,362340
ORD-2024-008513,29-Oct-24,CUS-01809,PRD-0161,3,32640,97920
ORD-2024-008536,30-Oct-24,CUS-02201,PRD-0053,4,38950,155800
ORD-2024-008537,30-Oct-24,CUS-01790,PRD-0053,3,38950,116850
ORD-2024-008538,30-Oct-24,CUS-01818,PRD-0057,15,18040,270600
ORD-2024-008539,30-Oct-24,CUS-02125,PRD-0063,8,15070,120560
ORD-2024-008545,30-Oct-24,CUS-01887,PRD-0079,10,46870,468700
ORD-2024-008546,30-Oct-24,CUS-01005,PRD-0080,14,23900,334600
ORD-2024-008547,30-Oct-24,CUS-02411,PRD-0082,8,30730,245840
ORD-2024-008549,30-Oct-24,CUS-02012,PRD-0083,5,23690,118450
ORD-2024-008555,30-Oct-24,CUS-02062,PRD-0086,4,28180,112720
ORD-2024-008567,30-Oct-24,CUS-00171,PRD-0098,4,15320,61280
ORD-2024-008572,30-Oct-24,CUS-01257,PRD-0100,11,20780,228580
ORD-2024-008573,30-Oct-24,CUS-01097,PRD-0100,4,20780,83120
ORD-2024-008576,30-Oct-24,CUS-00286,PRD-0108,9,30750,276750
ORD-2024-008577,30-Oct-24,CUS-02400,PRD-0110,7,30350,212450
ORD-2024-008585,30-Oct-24,CUS-01437,PRD-0135,3,32900,98700
ORD-2024-008587,30-Oct-24,CUS-01324,PRD-0144,3,31990,95970
ORD-2024-008592,30-Oct-24,CUS-01036,PRD-0151,3,42840,128520
ORD-2024-008593,30-Oct-24,CUS-00986,PRD-0151,5,42840,214200
ORD-2024-008597,30-Oct-24,CUS-00688,PRD-0153,12,24220,290640
ORD-2024-008604,30-Oct-24,CUS-01958,PRD-0161,3,32640,97920
ORD-2024-008607,30-Oct-24,CUS-02084,PRD-0167,5,14020,70100
ORD-2024-008614,31-Oct-24,CUS-00372,PRD-0007,1,17070,17070
ORD-2024-008618,31-Oct-24,CUS-00614,PRD-0023,6,16940,101640
ORD-2024-008621,31-Oct-24,CUS-01206,PRD-0045,5,7340,36700
ORD-2024-008622,31-Oct-24,CUS-00602,PRD-0050,28,5420,151760
ORD-2024-008624,31-Oct-24,CUS-00180,PRD-0055,8,16990,135920
ORD-2024-008627,31-Oct-24,CUS-01231,PRD-0060,4,57540,230160
ORD-2024-008628,31-Oct-24,CUS-00881,PRD-0062,12,17890,214680
ORD-2024-008633,31-Oct-24,CUS-01528,PRD-0070,5,19240,96200
ORD-2024-008634,31-Oct-24,CUS-00717,PRD-0071,10,17380,173800
ORD-2024-008648,31-Oct-24,CUS-00818,PRD-0090,4,37690,150760
ORD-2024-008649,31-Oct-24,CUS-01197,PRD-0090,6,37690,226140
ORD-2024-008651,31-Oct-24,CUS-00224,PRD-0091,13,27010,351130
ORD-2024-008655,31-Oct-24,CUS-01154,PRD-0100,6,20780,124680
ORD-2024-008656,31-Oct-24,CUS-00727,PRD-0100,8,20780,166240
ORD-2024-008658,31-Oct-24,CUS-01600,PRD-0103,7,38480,269360
ORD-2024-008669,31-Oct-24,CUS-02428,PRD-0125,2,15380,30760
ORD-2024-008670,31-Oct-24,CUS-02179,PRD-0126,5,29270,146350
ORD-2024-008677,31-Oct-24,CUS-01781,PRD-0151,11,42840,471240
ORD-2024-008687,31-Oct-24,CUS-01828,PRD-0165,3,23380,70140
ORD-2024-008700,01-Nov-24,CUS-00340,PRD-0020,36,29210,1051560
ORD-2024-008701,01-Nov-24,CUS-00858,PRD-0025,8,5090,40720
ORD-2024-008706,01-Nov-24,CUS-00224,PRD-0037,10,25650,256500
ORD-2024-008711,01-Nov-24,CUS-00253,PRD-0047,9,19060,171540
ORD-2024-008724,01-Nov-24,CUS-00647,PRD-0076,12,28050,336600
ORD-2024-008728,01-Nov-24,CUS-00948,PRD-0077,10,31120,311200
ORD-2024-008730,01-Nov-24,CUS-01264,PRD-0080,8,23900,191200
ORD-2024-008731,01-Nov-24,CUS-02354,PRD-0081,4,42190,168760
ORD-2024-008732,01-Nov-24,CUS-02020,PRD-0082,4,30730,122920
ORD-2024-008743,01-Nov-24,CUS-02225,PRD-0093,24,23080,553920
ORD-2024-008751,01-Nov-24,CUS-01038,PRD-0102,1,17050,17050
ORD-2024-008753,01-Nov-24,CUS-01639,PRD-0106,4,41890,167560
ORD-2024-008760,01-Nov-24,CUS-00593,PRD-0123,5,14410,72050
ORD-2024-008765,01-Nov-24,CUS-00811,PRD-0125,2,15380,30760
ORD-2024-008768,01-Nov-24,CUS-00013,PRD-0130,3,13600,40800
ORD-2024-008774,01-Nov-24,CUS-01101,PRD-0142,9,52030,468270
ORD-2024-008784,01-Nov-24,CUS-02459,PRD-0151,8,42840,342720
ORD-2024-008795,01-Nov-24,CUS-00209,PRD-0160,2,32940,65880
ORD-2024-008806,02-Nov-24,CUS-01550,PRD-0003,6,4840,29040
ORD-2024-008812,02-Nov-24,CUS-01648,PRD-0017,5,39680,198400
ORD-2024-008820,02-Nov-24,CUS-02249,PRD-0057,7,18040,126280
ORD-2024-008825,02-Nov-24,CUS-00944,PRD-0064,7,36350,254450
ORD-2024-008826,02-Nov-24,CUS-02104,PRD-0065,14,34000,476000
ORD-2024-008832,02-Nov-24,CUS-01270,PRD-0074,12,38390,460680
ORD-2024-008834,02-Nov-24,CUS-01150,PRD-0077,26,31120,809120
ORD-2024-008838,02-Nov-24,CUS-02367,PRD-0083,10,23690,236900
ORD-2024-008854,02-Nov-24,CUS-01101,PRD-0108,5,30750,153750
ORD-2024-008855,02-Nov-24,CUS-02164,PRD-0108,5,30750,153750
ORD-2024-008858,02-Nov-24,CUS-00520,PRD-0118,8,23110,184880
ORD-2024-008861,02-Nov-24,CUS-00912,PRD-0123,12,14410,172920
ORD-2024-008864,02-Nov-24,CUS-01257,PRD-0131,2,31140,62280
ORD-2024-008866,02-Nov-24,CUS-00606,PRD-0141,3,38600,115800
ORD-2024-008867,02-Nov-24,CUS-00051,PRD-0143,26,48640,1264640
ORD-2024-008872,02-Nov-24,CUS-00262,PRD-0151,1,42840,42840
ORD-2024-008873,02-Nov-24,CUS-01588,PRD-0153,2,24220,48440
ORD-2024-008876,02-Nov-24,CUS-01627,PRD-0161,6,32640,195840
ORD-2024-008879,02-Nov-24,CUS-01670,PRD-0162,7,28900,202300
ORD-2024-008886,03-Nov-24,CUS-02109,PRD-0018,17,62570,1063690
ORD-2024-008888,03-Nov-24,CUS-01052,PRD-0026,5,4150,20750
ORD-2024-008889,03-Nov-24,CUS-01790,PRD-0039,7,14770,103390
ORD-2024-008899,03-Nov-24,CUS-01794,PRD-0086,9,28180,253620
ORD-2024-008904,03-Nov-24,CUS-01691,PRD-0118,22,23110,508420
ORD-2024-008905,03-Nov-24,CUS-02035,PRD-0120,3,14740,44220
ORD-2024-008915,03-Nov-24,CUS-02384,PRD-0151,8,42840,342720
ORD-2024-008916,03-Nov-24,CUS-00084,PRD-0156,2,58570,117140
ORD-2024-008922,03-Nov-24,CUS-00762,PRD-0162,17,28900,491300
ORD-2024-008938,04-Nov-24,CUS-00033,PRD-0047,9,19060,171540
ORD-2024-008941,04-Nov-24,CUS-00440,PRD-0052,1,43630,43630
ORD-2024-008948,04-Nov-24,CUS-00237,PRD-0062,5,17890,89450
ORD-2024-008950,04-Nov-24,CUS-01008,PRD-0064,3,36350,109050
ORD-2024-008951,04-Nov-24,CUS-00593,PRD-0067,19,12380,235220
ORD-2024-008955,04-Nov-24,CUS-00372,PRD-0079,8,46870,374960
ORD-2024-008957,04-Nov-24,CUS-01412,PRD-0084,4,27760,111040
ORD-2024-008960,04-Nov-24,CUS-00275,PRD-0086,17,28180,479060
ORD-2024-008969,04-Nov-24,CUS-02382,PRD-0090,4,37690,150760
ORD-2024-008970,04-Nov-24,CUS-00372,PRD-0090,10,37690,376900
ORD-2024-008971,04-Nov-24,CUS-01340,PRD-0090,14,37690,527660
ORD-2024-008973,04-Nov-24,CUS-01508,PRD-0093,6,23080,138480
ORD-2024-008978,04-Nov-24,CUS-00180,PRD-0108,4,30750,123000
ORD-2024-008985,04-Nov-24,CUS-00973,PRD-0125,6,15380,92280
ORD-2024-008987,04-Nov-24,CUS-01064,PRD-0128,6,20590,123540
ORD-2024-009000,04-Nov-24,CUS-00618,PRD-0151,10,42840,428400
ORD-2024-009005,04-Nov-24,CUS-01638,PRD-0156,3,58570,175710
ORD-2024-009008,04-Nov-24,CUS-00878,PRD-0161,14,32640,456960
ORD-2024-009009,04-Nov-24,CUS-02282,PRD-0161,3,32640,97920
ORD-2024-009010,04-Nov-24,CUS-01947,PRD-0161,10,32640,326400
ORD-2024-009021,05-Nov-24,CUS-01960,PRD-0004,10,4490,44900
ORD-2024-009022,05-Nov-24,CUS-00030,PRD-0004,5,4490,22450
ORD-2024-009032,05-Nov-24,CUS-01914,PRD-0034,14,15350,214900
ORD-2024-009034,05-Nov-24,CUS-00017,PRD-0039,7,14770,103390
ORD-2024-009037,05-Nov-24,CUS-00942,PRD-0041,9,6830,61470
ORD-2024-009041,05-Nov-24,CUS-00175,PRD-0055,12,16990,203880
ORD-2024-009042,05-Nov-24,CUS-01813,PRD-0062,23,17890,411470
ORD-2024-009045,05-Nov-24,CUS-01486,PRD-0072,4,42600,170400
ORD-2024-009046,05-Nov-24,CUS-01809,PRD-0072,14,42600,596400
ORD-2024-009047,05-Nov-24,CUS-01706,PRD-0075,5,34020,170100
ORD-2024-009050,05-Nov-24,CUS-01966,PRD-0081,2,42190,84380
ORD-2024-009060,05-Nov-24,CUS-01626,PRD-0090,11,37690,414590
ORD-2024-009061,05-Nov-24,CUS-01099,PRD-0090,14,37690,527660
ORD-2024-009062,05-Nov-24,CUS-01024,PRD-0090,12,37690,452280
ORD-2024-009064,05-Nov-24,CUS-01909,PRD-0097,4,21780,87120
ORD-2024-009068,05-Nov-24,CUS-01183,PRD-0108,1,30750,30750
ORD-2024-009099,05-Nov-24,CUS-00301,PRD-0156,1,58570,58570
ORD-2024-009101,05-Nov-24,CUS-01677,PRD-0160,1,32940,32940
ORD-2024-009106,05-Nov-24,CUS-00652,PRD-0167,10,14020,140200
ORD-2024-009111,06-Nov-24,CUS-00833,PRD-0004,6,4490,26940
ORD-2024-009122,06-Nov-24,CUS-02233,PRD-0027,9,4920,44280
ORD-2024-009122,06-Nov-24,CUS-02233,PRD-0027,9,4920,44280
ORD-2024-009138,06-Nov-24,CUS-00226,PRD-0064,4,36350,145400
ORD-2024-009160,06-Nov-24,CUS-02239,PRD-0090,18,37690,678420
ORD-2024-009176,06-Nov-24,CUS-01427,PRD-0111,25,12240,306000
ORD-2024-009178,06-Nov-24,CUS-01721,PRD-0116,23,17680,406640
ORD-2024-009182,06-Nov-24,CUS-01338,PRD-0120,7,14740,103180
ORD-2024-009183,06-Nov-24,CUS-02037,PRD-0120,24,14740,353760
ORD-2024-009187,06-Nov-24,CUS-00487,PRD-0132,17,38360,652120
ORD-2024-009188,06-Nov-24,CUS-01631,PRD-0133,6,27960,167760
ORD-2024-009189,06-Nov-24,CUS-00030,PRD-0137,3,27650,82950
ORD-2024-009197,06-Nov-24,CUS-01070,PRD-0151,8,42840,342720
ORD-2024-009200,06-Nov-24,CUS-02264,PRD-0153,11,24220,266420
ORD-2024-009204,06-Nov-24,CUS-01690,PRD-0157,6,24810,148860
ORD-2024-009205,06-Nov-24,CUS-01486,PRD-0161,3,32640,97920
ORD-2024-009205,06-Nov-24,CUS-01486,PRD-0161,3,32640,97920
ORD-2024-009215,07-Nov-24,CUS-00833,PRD-0012,3,18410,55230
ORD-2024-009216,07-Nov-24,CUS-01728,PRD-0016,12,42680,512160
ORD-2024-009218,07-Nov-24,CUS-01024,PRD-0022,3,11680,35040
ORD-2024-009226,07-Nov-24,CUS-00212,PRD-0048,4,16870,67480
ORD-2024-009228,07-Nov-24,CUS-01971,PRD-0060,2,57540,115080
ORD-2024-009229,07-Nov-24,CUS-01622,PRD-0061,17,16320,277440
ORD-2024-009235,07-Nov-24,CUS-01272,PRD-0070,6,19240,115440
ORD-2024-009245,07-Nov-24,CUS-01652,PRD-0083,15,23690,355350
ORD-2024-009252,07-Nov-24,CUS-01950,PRD-0090,4,37690,150760
ORD-2024-009254,07-Nov-24,CUS-00682,PRD-0091,6,27010,162060
ORD-2024-009257,07-Nov-24,CUS-02035,PRD-0093,6,23080,138480
ORD-2024-009258,07-Nov-24,CUS-01279,PRD-0098,7,15320,107240
ORD-2024-009262,07-Nov-24,CUS-00987,PRD-0100,1,20780,20780
ORD-2024-009266,07-Nov-24,CUS-02281,PRD-0103,6,38480,230880
ORD-2024-009286,07-Nov-24,CUS-00219,PRD-0151,1,42840,42840
ORD-2024-009289,07-Nov-24,CUS-02260,PRD-0153,3,24220,72660
ORD-2024-009307,08-Nov-24,CUS-00156,PRD-0004,83,4490,372670
ORD-2024-009316,08-Nov-24,CUS-00347,PRD-0016,6,42680,256080
ORD-2024-009316,08-Nov-24,CUS-00347,PRD-0016,6,42680,256080
ORD-2024-009318,08-Nov-24,CUS-02190,PRD-0045,13,7340,95420
ORD-2024-009321,08-Nov-24,CUS-00417,PRD-0047,7,19060,133420
ORD-2024-009328,08-Nov-24,CUS-01721,PRD-0062,10,17890,178900
ORD-2024-009332,08-Nov-24,CUS-00505,PRD-0068,16,16320,261120
ORD-2024-009333,08-Nov-24,CUS-00262,PRD-0068,4,16320,65280
ORD-2024-009353,08-Nov-24,CUS-02427,PRD-0090,3,37690,113070
ORD-2024-009354,08-Nov-24,CUS-01365,PRD-0090,2,37690,75380
ORD-2024-009355,08-Nov-24,CUS-01915,PRD-0090,4,37690,150760
ORD-2024-009360,08-Nov-24,CUS-00619,PRD-0100,10,20780,207800
ORD-2024-009364,08-Nov-24,CUS-00520,PRD-0112,7,15500,108500
ORD-2024-009368,08-Nov-24,CUS-01703,PRD-0123,5,14410,72050
ORD-2024-009377,08-Nov-24,CUS-01182,PRD-0131,14,31140,435960
ORD-2024-009385,08-Nov-24,CUS-01603,PRD-0151,4,42840,171360
ORD-2024-009388,08-Nov-24,CUS-00331,PRD-0161,7,32640,228480
ORD-2024-009389,08-Nov-24,CUS-02401,PRD-0165,5,23380,116900
ORD-2024-009391,08-Nov-24,CUS-01631,PRD-0170,15,17370,260550
ORD-2024-009391,08-Nov-24,CUS-01631,PRD-0170,15,17370,260550
ORD-2024-009392,09-Nov-24,CUS-02253,PRD-0012,6,18410,110460
ORD-2024-009394,09-Nov-24,CUS-01467,PRD-0020,2,29210,58420
ORD-2024-009398,09-Nov-24,CUS-00583,PRD-0030,4,25250,101000
ORD-2024-009398,09-Nov-24,CUS-00583,PRD-0030,4,25250,101000
ORD-2024-009400,09-Nov-24,CUS-00225,PRD-0057,1,18040,18040
ORD-2024-009403,09-Nov-24,CUS-00030,PRD-0064,10,36350,363500
ORD-2024-009404,09-Nov-24,CUS-02479,PRD-0079,2,46870,93740
ORD-2024-009412,09-Nov-24,CUS-00165,PRD-0090,9,37690,339210
ORD-2024-009413,09-Nov-24,CUS-00509,PRD-0090,9,37690,339210
ORD-2024-009414,09-Nov-24,CUS-00124,PRD-0090,15,37690,565350
ORD-2024-009419,09-Nov-24,CUS-01585,PRD-0094,10,22360,223600
ORD-2024-009432,09-Nov-24,CUS-02220,PRD-0124,9,8790,79110
ORD-2024-009434,09-Nov-24,CUS-01465,PRD-0125,7,15380,107660
ORD-2024-009435,09-Nov-24,CUS-01762,PRD-0125,7,15380,107660
ORD-2024-009437,09-Nov-24,CUS-00741,PRD-0126,2,29270,58540
ORD-2024-009440,09-Nov-24,CUS-00001,PRD-0138,4,27020,108080
ORD-2024-009441,09-Nov-24,CUS-00117,PRD-0138,10,27020,270200
ORD-2024-009454,09-Nov-24,CUS-02411,PRD-0161,13,32640,424320
ORD-2024-009454,09-Nov-24,CUS-02411,PRD-0161,13,32640,424320
ORD-2024-009455,09-Nov-24,CUS-00090,PRD-0165,8,23380,187040
ORD-2024-009460,10-Nov-24,CUS-00877,PRD-0025,4,5090,20360
ORD-2024-009463,10-Nov-24,CUS-01652,PRD-0051,3,43070,129210
ORD-2024-009464,10-Nov-24,CUS-01954,PRD-0056,6,25020,150120
ORD-2024-009467,10-Nov-24,CUS-01588,PRD-0064,14,36350,508900
ORD-2024-009470,10-Nov-24,CUS-01626,PRD-0077,1,31120,31120
ORD-2024-009471,10-Nov-24,CUS-01125,PRD-0083,11,23690,260590
ORD-2024-009472,10-Nov-24,CUS-02233,PRD-0085,6,32580,195480
ORD-2024-009475,10-Nov-24,CUS-02027,PRD-0090,8,37690,301520
ORD-2024-009478,10-Nov-24,CUS-02027,PRD-0100,15,20780,311700
ORD-2024-009486,10-Nov-24,CUS-02249,PRD-0128,9,20590,185310
ORD-2024-009489,10-Nov-24,CUS-00180,PRD-0142,24,52030,1248720
ORD-2024-009490,10-Nov-24,CUS-01437,PRD-0142,15,52030,780450
ORD-2024-009491,10-Nov-24,CUS-01626,PRD-0146,12,34820,417840
ORD-2024-009497,11-Nov-24,CUS-00585,PRD-0004,3,4490,13470
ORD-2024-009505,11-Nov-24,CUS-00184,PRD-0018,25,62570,1564250
ORD-2024-009514,11-Nov-24,CUS-01679,PRD-0039,3,14770,44310
ORD-2024-009520,11-Nov-24,CUS-02401,PRD-0057,4,18040,72160
ORD-2024-009529,11-Nov-24,CUS-02184,PRD-0077,9,31120,280080
ORD-2024-009530,11-Nov-24,CUS-02249,PRD-0077,12,31120,373440
ORD-2024-009533,11-Nov-24,CUS-01382,PRD-0080,4,23900,95600
ORD-2024-009534,11-Nov-24,CUS-02026,PRD-0081,37,42190,1561030
ORD-2024-009536,11-Nov-24,CUS-02203,PRD-0083,76,23690,1800440
ORD-2024-009538,11-Nov-24,CUS-00858,PRD-0085,8,32580,260640
ORD-2024-009547,11-Nov-24,CUS-01992,PRD-0090,7,37690,263830
ORD-2024-009548,11-Nov-24,CUS-01740,PRD-0090,7,37690,263830
ORD-2024-009557,11-Nov-24,CUS-00219,PRD-0109,6,30700,184200
ORD-2024-009560,11-Nov-24,CUS-01515,PRD-0121,3,26430,79290
ORD-2024-009567,11-Nov-24,CUS-00448,PRD-0126,10,29270,292700
ORD-2024-009570,11-Nov-24,CUS-00484,PRD-0138,12,27020,324240
ORD-2024-009571,11-Nov-24,CUS-01083,PRD-0141,11,38600,424600
ORD-2024-009583,11-Nov-24,CUS-00675,PRD-0156,4,58570,234280
ORD-2024-009588,11-Nov-24,CUS-00007,PRD-0165,7,23380,163660
ORD-2024-009589,11-Nov-24,CUS-02318,PRD-0165,1,23380,23380
ORD-2024-009594,12-Nov-24,CUS-01766,PRD-0004,10,4490,44900
ORD-2024-009595,12-Nov-24,CUS-00847,PRD-0005,11,3110,34210
ORD-2024-009603,12-Nov-24,CUS-01818,PRD-0031,10,36660,366600
ORD-2024-009622,12-Nov-24,CUS-01183,PRD-0061,3,16320,48960
ORD-2024-009629,12-Nov-24,CUS-02314,PRD-0077,19,31120,591280
ORD-2024-009643,12-Nov-24,CUS-02231,PRD-0092,10,30260,302600
ORD-2024-009646,12-Nov-24,CUS-00532,PRD-0100,9,20780,187020
ORD-2024-009649,12-Nov-24,CUS-01714,PRD-0102,1,17050,17050
ORD-2024-009651,12-Nov-24,CUS-00057,PRD-0103,8,38480,307840
ORD-2024-009656,12-Nov-24,CUS-01020,PRD-0111,7,12240,85680
ORD-2024-009658,12-Nov-24,CUS-02231,PRD-0115,7,21210,148470
ORD-2024-009661,12-Nov-24,CUS-00226,PRD-0125,4,15380,61520
ORD-2024-009664,12-Nov-24,CUS-02281,PRD-0138,4,27020,108080
ORD-2024-009683,12-Nov-24,CUS-01838,PRD-0161,7,32640,228480
ORD-2024-009687,13-Nov-24,CUS-01178,PRD-0004,8,4490,35920
ORD-2024-009690,13-Nov-24,CUS-00808,PRD-0016,2,42680,85360
ORD-2024-009691,13-Nov-24,CUS-00043,PRD-0018,3,62570,187710
ORD-2024-009692,13-Nov-24,CUS-01947,PRD-0024,8,9800,78400
ORD-2024-009696,13-Nov-24,CUS-00011,PRD-0037,3,25650,76950
ORD-2024-009697,13-Nov-24,CUS-00057,PRD-0037,4,25650,102600
ORD-2024-009698,13-Nov-24,CUS-00863,PRD-0037,35,25650,897750
ORD-2024-009701,13-Nov-24,CUS-01019,PRD-0045,7,7340,51380
ORD-2024-009713,13-Nov-24,CUS-00149,PRD-0077,1,31120,31120
ORD-2024-009718,13-Nov-24,CUS-00987,PRD-0086,8,28180,225440
ORD-2024-009726,13-Nov-24,CUS-01278,PRD-0090,7,37690,263830
ORD-2024-009727,13-Nov-24,CUS-02220,PRD-0090,7,37690,263830
ORD-2024-009732,13-Nov-24,CUS-02234,PRD-0098,2,15320,30640
ORD-2024-009733,13-Nov-24,CUS-01270,PRD-0098,3,15320,45960
ORD-2024-009740,13-Nov-24,CUS-00612,PRD-0111,7,12240,85680
ORD-2024-009742,13-Nov-24,CUS-01281,PRD-0114,4,15730,62920
ORD-2024-009743,13-Nov-24,CUS-01097,PRD-0115,9,21210,190890
ORD-2024-009744,13-Nov-24,CUS-00336,PRD-0119,7,21950,153650
ORD-2024-009747,13-Nov-24,CUS-00219,PRD-0125,7,15380,107660
ORD-2024-009755,13-Nov-24,CUS-02035,PRD-0143,4,48640,194560
ORD-2024-009760,13-Nov-24,CUS-00417,PRD-0152,7,24900,174300
ORD-2024-009765,13-Nov-24,CUS-01762,PRD-0160,27,32940,889380
ORD-2024-009780,14-Nov-24,CUS-01683,PRD-0037,5,25650,128250
ORD-2024-009783,14-Nov-24,CUS-01168,PRD-0039,9,14770,132930
ORD-2024-009787,14-Nov-24,CUS-01978,PRD-0048,10,16870,168700
ORD-2024-009795,14-Nov-24,CUS-02464,PRD-0061,6,16320,97920
ORD-2024-009797,14-Nov-24,CUS-00847,PRD-0065,12,34000,408000
ORD-2024-009801,14-Nov-24,CUS-00667,PRD-0078,16,33720,539520
ORD-2024-009802,14-Nov-24,CUS-00001,PRD-0080,3,23900,71700
ORD-2024-009809,14-Nov-24,CUS-01992,PRD-0086,46,28180,1296280
ORD-2024-009817,14-Nov-24,CUS-00313,PRD-0090,10,37690,376900
ORD-2024-009818,14-Nov-24,CUS-02366,PRD-0090,3,37690,113070
ORD-2024-009824,14-Nov-24,CUS-01820,PRD-0112,2,15500,31000
ORD-2024-009825,14-Nov-24,CUS-01142,PRD-0120,14,14740,206360
ORD-2024-009836,14-Nov-24,CUS-02037,PRD-0151,3,42840,128520
ORD-2024-009841,14-Nov-24,CUS-00331,PRD-0155,8,65880,527040
ORD-2024-009850,14-Nov-24,CUS-01527,PRD-0167,9,14020,126180
ORD-2024-009851,15-Nov-24,CUS-00124,PRD-0002,24,5180,124320
ORD-2024-009852,15-Nov-24,CUS-00401,PRD-0003,8,4840,38720
ORD-2024-009855,15-Nov-24,CUS-00137,PRD-0008,3,16360,49080
ORD-2024-009858,15-Nov-24,CUS-01822,PRD-0016,3,42680,128040
ORD-2024-009860,15-Nov-24,CUS-00276,PRD-0018,10,62570,625700
ORD-2024-009866,15-Nov-24,CUS-02220,PRD-0040,10,14100,141000
ORD-2024-009871,15-Nov-24,CUS-02275,PRD-0051,4,43070,172280
ORD-2024-009891,15-Nov-24,CUS-00299,PRD-0086,6,28180,169080
ORD-2024-009892,15-Nov-24,CUS-02245,PRD-0086,4,28180,112720
ORD-2024-009898,15-Nov-24,CUS-00927,PRD-0090,2,37690,75380
ORD-2024-009899,15-Nov-24,CUS-01168,PRD-0090,12,37690,452280
ORD-2024-009924,15-Nov-24,CUS-00981,PRD-0124,12,8790,105480
ORD-2024-009928,15-Nov-24,CUS-01359,PRD-0131,6,31140,186840
ORD-2024-009929,15-Nov-24,CUS-00651,PRD-0132,4,38360,153440
ORD-2024-009934,15-Nov-24,CUS-01337,PRD-0144,15,31990,479850
ORD-2024-009939,15-Nov-24,CUS-00881,PRD-0151,43,42840,1842120
ORD-2024-009940,15-Nov-24,CUS-00751,PRD-0151,23,42840,985320
ORD-2024-009942,15-Nov-24,CUS-00673,PRD-0153,12,24220,290640
ORD-2024-009946,15-Nov-24,CUS-02097,PRD-0161,5,32640,163200
ORD-2024-009955,16-Nov-24,CUS-02354,PRD-0004,6,4490,26940
ORD-2024-009965,16-Nov-24,CUS-01085,PRD-0043,4,17760,71040
ORD-2024-009979,16-Nov-24,CUS-01616,PRD-0090,17,37690,640730
ORD-2024-009983,16-Nov-24,CUS-01508,PRD-0098,15,15320,229800
ORD-2024-009985,16-Nov-24,CUS-01279,PRD-0113,2,10420,20840
ORD-2024-009986,16-Nov-24,CUS-02210,PRD-0115,17,21210,360570
ORD-2024-009994,16-Nov-24,CUS-02182,PRD-0126,11,29270,321970
ORD-2024-009995,16-Nov-24,CUS-02257,PRD-0135,2,32900,65800
ORD-2024-010006,16-Nov-24,CUS-00126,PRD-0156,10,58570,585700
ORD-2024-010009,16-Nov-24,CUS-00255,PRD-0157,3,24810,74430
ORD-2024-010012,16-Nov-24,CUS-01340,PRD-0165,11,23380,257180
ORD-2024-010014,17-Nov-24,CUS-02366,PRD-0004,4,4490,17960
ORD-2024-010018,17-Nov-24,CUS-01183,PRD-0049,3,18190,54570
ORD-2024-010025,17-Nov-24,CUS-01622,PRD-0074,12,38390,460680
ORD-2024-010027,17-Nov-24,CUS-00038,PRD-0084,7,27760,194320
ORD-2024-010030,17-Nov-24,CUS-00593,PRD-0090,14,37690,527660
ORD-2024-010031,17-Nov-24,CUS-02126,PRD-0090,5,37690,188450
ORD-2024-010035,17-Nov-24,CUS-02243,PRD-0121,5,26430,132150
ORD-2024-010036,17-Nov-24,CUS-00484,PRD-0133,4,27960,111840
ORD-2024-010037,17-Nov-24,CUS-01195,PRD-0147,14,32330,452620
ORD-2024-010042,17-Nov-24,CUS-02164,PRD-0151,3,42840,128520
ORD-2024-010043,17-Nov-24,CUS-01149,PRD-0151,21,42840,899640
ORD-2024-010056,18-Nov-24,CUS-01478,PRD-0017,3,39680,119040
ORD-2024-010059,18-Nov-24,CUS-00818,PRD-0019,3,31240,93720
ORD-2024-010069,18-Nov-24,CUS-00512,PRD-0048,2,16870,33740
ORD-2024-010075,18-Nov-24,CUS-00487,PRD-0064,12,36350,436200
ORD-2024-010077,18-Nov-24,CUS-00305,PRD-0068,7,16320,114240
ORD-2024-010080,18-Nov-24,CUS-00233,PRD-0069,17,17210,292570
ORD-2024-010083,18-Nov-24,CUS-02054,PRD-0074,10,38390,383900
ORD-2024-010084,18-Nov-24,CUS-00313,PRD-0076,12,28050,336600
ORD-2024-010091,18-Nov-24,CUS-00224,PRD-0085,3,32580,97740
ORD-2024-010092,18-Nov-24,CUS-02334,PRD-0086,5,28180,140900
ORD-2024-010093,18-Nov-24,CUS-01189,PRD-0086,4,28180,112720
ORD-2024-010094,18-Nov-24,CUS-01515,PRD-0086,9,28180,253620
ORD-2024-010103,18-Nov-24,CUS-00833,PRD-0090,4,37690,150760
ORD-2024-010107,18-Nov-24,CUS-01514,PRD-0098,10,15320,153200
ORD-2024-010113,18-Nov-24,CUS-01741,PRD-0100,7,20780,145460
ORD-2024-010114,18-Nov-24,CUS-00305,PRD-0105,5,41060,205300
ORD-2024-010116,18-Nov-24,CUS-01152,PRD-0108,6,30750,184500
ORD-2024-010118,18-Nov-24,CUS-01052,PRD-0115,5,21210,106050
ORD-2024-010121,18-Nov-24,CUS-00808,PRD-0118,4,23110,92440
ORD-2024-010126,18-Nov-24,CUS-01706,PRD-0123,8,14410,115280
ORD-2024-010134,18-Nov-24,CUS-00942,PRD-0150,38,47850,1818300
ORD-2024-010138,18-Nov-24,CUS-00280,PRD-0151,14,42840,599760
ORD-2024-010142,18-Nov-24,CUS-01665,PRD-0156,6,58570,351420
ORD-2024-010148,18-Nov-24,CUS-01959,PRD-0166,7,25650,179550
ORD-2024-010149,18-Nov-24,CUS-01820,PRD-0166,11,25650,282150
ORD-2024-010151,19-Nov-24,CUS-01609,PRD-0001,15,4970,74550
ORD-2024-010155,19-Nov-24,CUS-02037,PRD-0019,10,31240,312400
ORD-2024-010159,19-Nov-24,CUS-01609,PRD-0029,2,11070,22140
ORD-2024-010165,19-Nov-24,CUS-00675,PRD-0041,6,6830,40980
ORD-2024-010169,19-Nov-24,CUS-00300,PRD-0056,3,25020,75060
ORD-2024-010181,19-Nov-24,CUS-01971,PRD-0070,6,19240,115440
ORD-2024-010193,19-Nov-24,CUS-00512,PRD-0084,17,27760,471920
ORD-2024-010198,19-Nov-24,CUS-00830,PRD-0090,17,37690,640730
ORD-2024-010202,19-Nov-24,CUS-00674,PRD-0095,7,20290,142030
ORD-2024-010204,19-Nov-24,CUS-01412,PRD-0098,17,15320,260440
ORD-2024-010210,19-Nov-24,CUS-01413,PRD-0103,3,38480,115440
ORD-2024-010213,19-Nov-24,CUS-01605,PRD-0108,7,30750,215250
ORD-2024-010219,19-Nov-24,CUS-00602,PRD-0113,6,10420,62520
ORD-2024-010221,19-Nov-24,CUS-00328,PRD-0120,7,14740,103180
ORD-2024-010241,19-Nov-24,CUS-01412,PRD-0161,12,32640,391680
ORD-2024-010249,20-Nov-24,CUS-02292,PRD-0017,3,39680,119040
ORD-2024-010255,20-Nov-24,CUS-01933,PRD-0035,4,13660,54640
ORD-2024-010261,20-Nov-24,CUS-02048,PRD-0049,5,18190,90950
ORD-2024-010266,20-Nov-24,CUS-01502,PRD-0068,7,16320,114240
ORD-2024-010268,20-Nov-24,CUS-00741,PRD-0074,6,38390,230340
ORD-2024-010272,20-Nov-24,CUS-00852,PRD-0077,3,31120,93360
ORD-2024-010286,20-Nov-24,CUS-02126,PRD-0090,6,37690,226140
ORD-2024-010287,20-Nov-24,CUS-00856,PRD-0090,8,37690,301520
ORD-2024-010288,20-Nov-24,CUS-01478,PRD-0090,4,37690,150760
ORD-2024-010310,20-Nov-24,CUS-00017,PRD-0135,8,32900,263200
ORD-2024-010311,20-Nov-24,CUS-01066,PRD-0142,4,52030,208120
ORD-2024-010312,20-Nov-24,CUS-02104,PRD-0142,8,52030,416240
ORD-2024-010313,20-Nov-24,CUS-02220,PRD-0145,20,31800,636000
ORD-2024-010314,20-Nov-24,CUS-02367,PRD-0148,9,27270,245430
ORD-2024-010315,20-Nov-24,CUS-02233,PRD-0150,9,47850,430650
ORD-2024-010326,20-Nov-24,CUS-01600,PRD-0163,26,27790,722540
ORD-2024-010330,20-Nov-24,CUS-00331,PRD-0167,10,14020,140200
ORD-2024-010334,21-Nov-24,CUS-01558,PRD-0016,18,42680,768240
ORD-2024-010335,21-Nov-24,CUS-00592,PRD-0017,26,39680,1031680
ORD-2024-010342,21-Nov-24,CUS-01113,PRD-0049,6,18190,109140
ORD-2024-010349,21-Nov-24,CUS-01182,PRD-0065,10,34000,340000
ORD-2024-010360,21-Nov-24,CUS-02239,PRD-0083,6,23690,142140
ORD-2024-010370,21-Nov-24,CUS-00308,PRD-0090,2,37690,75380
ORD-2024-010371,21-Nov-24,CUS-01049,PRD-0090,4,37690,150760
ORD-2024-010381,21-Nov-24,CUS-00237,PRD-0108,4,30750,123000
ORD-2024-010384,21-Nov-24,CUS-02426,PRD-0117,23,17520,402960
ORD-2024-010385,21-Nov-24,CUS-01875,PRD-0121,3,26430,79290
ORD-2024-010391,21-Nov-24,CUS-01508,PRD-0125,15,15380,230700
ORD-2024-010394,21-Nov-24,CUS-02483,PRD-0127,7,16760,117320
ORD-2024-010396,21-Nov-24,CUS-00459,PRD-0132,3,38360,115080
ORD-2024-010398,21-Nov-24,CUS-02126,PRD-0143,5,48640,243200
ORD-2024-010404,21-Nov-24,CUS-00775,PRD-0151,20,42840,856800
ORD-2024-010416,21-Nov-24,CUS-02245,PRD-0164,2,19920,39840
ORD-2024-010418,21-Nov-24,CUS-02334,PRD-0166,3,25650,76950
ORD-2024-010424,22-Nov-24,CUS-02472,PRD-0018,26,62570,1626820
ORD-2024-010428,22-Nov-24,CUS-00057,PRD-0031,5,36660,183300
ORD-2024-010437,22-Nov-24,CUS-01936,PRD-0051,4,43070,172280
ORD-2024-010439,22-Nov-24,CUS-00485,PRD-0060,6,57540,345240
ORD-2024-010444,22-Nov-24,CUS-00959,PRD-0064,7,36350,254450
ORD-2024-010445,22-Nov-24,CUS-00051,PRD-0064,11,36350,399850
ORD-2024-010452,22-Nov-24,CUS-02456,PRD-0084,7,27760,194320
ORD-2024-010454,22-Nov-24,CUS-02234,PRD-0085,5,32580,162900
ORD-2024-010456,22-Nov-24,CUS-02486,PRD-0086,2,28180,56360
ORD-2024-010460,22-Nov-24,CUS-02329,PRD-0090,2,37690,75380
ORD-2024-010461,22-Nov-24,CUS-00612,PRD-0090,28,37690,1055320
ORD-2024-010462,22-Nov-24,CUS-00525,PRD-0090,5,37690,188450
ORD-2024-010463,22-Nov-24,CUS-00038,PRD-0090,5,37690,188450
ORD-2024-010467,22-Nov-24,CUS-00089,PRD-0098,2,15320,30640
ORD-2024-010470,22-Nov-24,CUS-01812,PRD-0100,3,20780,62340
ORD-2024-010473,22-Nov-24,CUS-01667,PRD-0105,3,41060,123180
ORD-2024-010475,22-Nov-24,CUS-01815,PRD-0109,16,30700,491200
ORD-2024-010479,22-Nov-24,CUS-00017,PRD-0118,8,23110,184880
ORD-2024-010480,22-Nov-24,CUS-02212,PRD-0120,1,14740,14740
ORD-2024-010486,22-Nov-24,CUS-00877,PRD-0150,18,47850,861300
ORD-2024-010490,22-Nov-24,CUS-01185,PRD-0151,2,42840,85680
ORD-2024-010491,22-Nov-24,CUS-00612,PRD-0151,2,42840,85680
ORD-2024-010494,22-Nov-24,CUS-01537,PRD-0153,9,24220,217980
ORD-2024-010500,22-Nov-24,CUS-00169,PRD-0160,3,32940,98820
ORD-2024-010504,22-Nov-24,CUS-00672,PRD-0165,2,23380,46760
ORD-2024-010507,22-Nov-24,CUS-00280,PRD-0166,4,25650,102600
ORD-2024-010509,22-Nov-24,CUS-00499,PRD-0170,5,17370,86850
ORD-2024-010516,23-Nov-24,CUS-02479,PRD-0023,6,16940,101640
ORD-2024-010517,23-Nov-24,CUS-00451,PRD-0036,8,20500,164000
ORD-2024-010542,23-Nov-24,CUS-00678,PRD-0096,2,23060,46120
ORD-2024-010543,23-Nov-24,CUS-01811,PRD-0098,11,15320,168520
ORD-2024-010545,23-Nov-24,CUS-01337,PRD-0100,2,20780,41560
ORD-2024-010546,23-Nov-24,CUS-00401,PRD-0100,6,20780,124680
ORD-2024-010548,23-Nov-24,CUS-00144,PRD-0102,15,17050,255750
ORD-2024-010549,23-Nov-24,CUS-01816,PRD-0102,3,17050,51150
ORD-2024-010560,23-Nov-24,CUS-02222,PRD-0125,4,15380,61520
ORD-2024-010562,23-Nov-24,CUS-00878,PRD-0132,8,38360,306880
ORD-2024-010563,23-Nov-24,CUS-01638,PRD-0134,2,34970,69940
ORD-2024-010565,23-Nov-24,CUS-01085,PRD-0140,5,27740,138700
ORD-2024-010568,23-Nov-24,CUS-01811,PRD-0144,3,31990,95970
ORD-2024-010568,23-Nov-24,CUS-01811,PRD-0144,3,31990,95970
ORD-2024-010571,23-Nov-24,CUS-01487,PRD-0151,8,42840,342720
ORD-2024-010572,23-Nov-24,CUS-02409,PRD-0151,4,42840,171360
ORD-2024-010577,23-Nov-24,CUS-00021,PRD-0160,22,32940,724680
ORD-2024-010596,24-Nov-24,CUS-01818,PRD-0085,4,32580,130320
ORD-2024-010597,24-Nov-24,CUS-02087,PRD-0086,7,28180,197260
ORD-2024-010598,24-Nov-24,CUS-00806,PRD-0090,10,37690,376900
ORD-2024-010603,24-Nov-24,CUS-01465,PRD-0120,13,14740,191620
ORD-2024-010604,24-Nov-24,CUS-01875,PRD-0121,5,26430,132150
ORD-2024-010609,24-Nov-24,CUS-01138,PRD-0151,13,42840,556920
ORD-2024-010615,25-Nov-24,CUS-00502,PRD-0004,8,4490,35920
ORD-2024-010617,25-Nov-24,CUS-00864,PRD-0007,13,17070,221910
ORD-2024-010618,25-Nov-24,CUS-01893,PRD-0007,5,17070,85350
ORD-2024-010629,25-Nov-24,CUS-01388,PRD-0039,23,14770,339710
ORD-2024-010636,25-Nov-24,CUS-02179,PRD-0077,6,31120,186720
ORD-2024-010637,25-Nov-24,CUS-01755,PRD-0077,14,31120,435680
ORD-2024-010638,25-Nov-24,CUS-00833,PRD-0080,3,23900,71700
ORD-2024-010639,25-Nov-24,CUS-01627,PRD-0081,14,42190,590660
ORD-2024-010642,25-Nov-24,CUS-02037,PRD-0085,15,32580,488700
ORD-2024-010643,25-Nov-24,CUS-01515,PRD-0086,7,28180,197260
ORD-2024-010651,25-Nov-24,CUS-01987,PRD-0090,8,37690,301520
ORD-2024-010652,25-Nov-24,CUS-00977,PRD-0090,8,37690,301520
ORD-2024-010660,25-Nov-24,CUS-02219,PRD-0100,13,20780,270140
ORD-2024-010677,25-Nov-24,CUS-01815,PRD-0125,2,15380,30760
ORD-2024-010678,25-Nov-24,CUS-00887,PRD-0125,12,15380,184560
ORD-2024-010683,25-Nov-24,CUS-02439,PRD-0135,5,32900,164500
ORD-2024-010684,25-Nov-24,CUS-00502,PRD-0140,38,27740,1054120
ORD-2024-010685,25-Nov-24,CUS-01950,PRD-0143,6,48640,291840
ORD-2024-010698,25-Nov-24,CUS-00636,PRD-0157,15,24810,372150
ORD-2024-010699,25-Nov-24,CUS-01893,PRD-0160,12,32940,395280
ORD-2024-010708,26-Nov-24,CUS-00333,PRD-0004,19,4490,85310
ORD-2024-010714,26-Nov-24,CUS-00950,PRD-0016,3,42680,128040
ORD-2024-010721,26-Nov-24,CUS-01373,PRD-0039,3,14770,44310
ORD-2024-010722,26-Nov-24,CUS-00740,PRD-0045,4,7340,29360
ORD-2024-010730,26-Nov-24,CUS-01044,PRD-0060,3,57540,172620
ORD-2024-010736,26-Nov-24,CUS-01987,PRD-0070,9,19240,173160
ORD-2024-010739,26-Nov-24,CUS-01976,PRD-0077,32,31120,995840
ORD-2024-010741,26-Nov-24,CUS-01887,PRD-0081,8,42190,337520
ORD-2024-010746,26-Nov-24,CUS-02104,PRD-0085,3,32580,97740
ORD-2024-010749,26-Nov-24,CUS-01340,PRD-0086,4,28180,112720
ORD-2024-010754,26-Nov-24,CUS-00673,PRD-0090,7,37690,263830
ORD-2024-010755,26-Nov-24,CUS-00901,PRD-0090,5,37690,188450
ORD-2024-010761,26-Nov-24,CUS-01019,PRD-0100,6,20780,124680
ORD-2024-010766,26-Nov-24,CUS-01790,PRD-0111,17,12240,208080
ORD-2024-010768,26-Nov-24,CUS-01185,PRD-0120,18,14740,265320
ORD-2024-010772,26-Nov-24,CUS-01067,PRD-0122,25,19140,478500
ORD-2024-010774,26-Nov-24,CUS-00987,PRD-0123,12,14410,172920
ORD-2024-010776,26-Nov-24,CUS-01691,PRD-0125,5,15380,76900
ORD-2024-010786,26-Nov-24,CUS-01373,PRD-0151,81,42840,3470040
ORD-2024-010787,26-Nov-24,CUS-00465,PRD-0151,7,42840,299880
ORD-2024-010789,26-Nov-24,CUS-01365,PRD-0156,4,58570,234280
ORD-2024-010790,26-Nov-24,CUS-01309,PRD-0160,1,32940,32940
ORD-2024-010793,26-Nov-24,CUS-02134,PRD-0161,16,32640,522240
ORD-2024-010796,26-Nov-24,CUS-00575,PRD-0165,31,23380,724780
ORD-2024-010802,27-Nov-24,CUS-02242,PRD-0004,6,4490,26940
ORD-2024-010808,27-Nov-24,CUS-02384,PRD-0026,4,4150,16600
ORD-2024-010817,27-Nov-24,CUS-01504,PRD-0039,3,14770,44310
ORD-2024-010820,27-Nov-24,CUS-01324,PRD-0051,4,43070,172280
ORD-2024-010825,27-Nov-24,CUS-02126,PRD-0059,4,50810,203240
ORD-2024-010827,27-Nov-24,CUS-01124,PRD-0066,9,51920,467280
ORD-2024-010832,27-Nov-24,CUS-02234,PRD-0076,15,28050,420750
ORD-2024-010833,27-Nov-24,CUS-01437,PRD-0076,38,28050,1065900
ORD-2024-010839,27-Nov-24,CUS-00305,PRD-0083,3,23690,71070
ORD-2024-010849,27-Nov-24,CUS-00901,PRD-0090,3,37690,113070
ORD-2024-010850,27-Nov-24,CUS-01301,PRD-0090,3,37690,113070
ORD-2024-010851,27-Nov-24,CUS-01909,PRD-0090,5,37690,188450
ORD-2024-010852,27-Nov-24,CUS-00291,PRD-0090,17,37690,640730
ORD-2024-010860,27-Nov-24,CUS-01766,PRD-0103,9,38480,346320
ORD-2024-010864,27-Nov-24,CUS-02314,PRD-0117,16,17520,280320
ORD-2024-010865,27-Nov-24,CUS-01112,PRD-0118,10,23110,231100
ORD-2024-010866,27-Nov-24,CUS-00692,PRD-0125,8,15380,123040
ORD-2024-010873,27-Nov-24,CUS-01067,PRD-0139,5,33360,166800
ORD-2024-010874,27-Nov-24,CUS-02427,PRD-0139,13,33360,433680
ORD-2024-010879,27-Nov-24,CUS-00887,PRD-0151,9,42840,385560
ORD-2024-010881,27-Nov-24,CUS-00288,PRD-0156,7,58570,409990
ORD-2024-010897,28-Nov-24,CUS-00944,PRD-0019,7,31240,218680
ORD-2024-010913,28-Nov-24,CUS-00436,PRD-0062,16,17890,286240
ORD-2024-010916,28-Nov-24,CUS-01166,PRD-0064,11,36350,399850
ORD-2024-010923,28-Nov-24,CUS-00932,PRD-0075,6,34020,204120
ORD-2024-010925,28-Nov-24,CUS-00652,PRD-0077,11,31120,342320
ORD-2024-010928,28-Nov-24,CUS-00225,PRD-0080,13,23900,310700
ORD-2024-010929,28-Nov-24,CUS-00308,PRD-0081,5,42190,210950
ORD-2024-010932,28-Nov-24,CUS-01622,PRD-0086,5,28180,140900
ORD-2024-010938,28-Nov-24,CUS-02021,PRD-0090,6,37690,226140
ORD-2024-010939,28-Nov-24,CUS-02053,PRD-0090,20,37690,753800
ORD-2024-010940,28-Nov-24,CUS-00593,PRD-0090,8,37690,301520
ORD-2024-010942,28-Nov-24,CUS-01384,PRD-0094,2,22360,44720
ORD-2024-010950,28-Nov-24,CUS-00224,PRD-0113,6,10420,62520
ORD-2024-010953,28-Nov-24,CUS-01647,PRD-0120,10,14740,147400
ORD-2024-010956,28-Nov-24,CUS-02411,PRD-0121,23,26430,607890
ORD-2024-010967,28-Nov-24,CUS-00545,PRD-0140,6,27740,166440
ORD-2024-010970,28-Nov-24,CUS-00175,PRD-0147,5,32330,161650
ORD-2024-010976,28-Nov-24,CUS-02203,PRD-0151,8,42840,342720
ORD-2024-010977,28-Nov-24,CUS-00353,PRD-0151,8,42840,342720
ORD-2024-010983,28-Nov-24,CUS-01527,PRD-0156,13,58570,761410
ORD-2024-010985,28-Nov-24,CUS-02400,PRD-0160,28,32940,922320
ORD-2024-010996,29-Nov-24,CUS-02053,PRD-0004,5,4490,22450
ORD-2024-011005,29-Nov-24,CUS-00090,PRD-0026,3,4150,12450
ORD-2024-011011,29-Nov-24,CUS-00451,PRD-0048,23,16870,388010
ORD-2024-011021,29-Nov-24,CUS-00782,PRD-0064,4,36350,145400
ORD-2024-011023,29-Nov-24,CUS-00305,PRD-0065,7,34000,238000
ORD-2024-011029,29-Nov-24,CUS-00597,PRD-0073,3,37930,113790
ORD-2024-011031,29-Nov-24,CUS-02189,PRD-0076,4,28050,112200
ORD-2024-011038,29-Nov-24,CUS-01478,PRD-0086,5,28180,140900
ORD-2024-011054,29-Nov-24,CUS-00043,PRD-0100,4,20780,83120
ORD-2024-011060,29-Nov-24,CUS-02249,PRD-0110,10,30350,303500
ORD-2024-011063,29-Nov-24,CUS-00923,PRD-0120,17,14740,250580
ORD-2024-011066,29-Nov-24,CUS-00527,PRD-0125,2,15380,30760
ORD-2024-011067,29-Nov-24,CUS-02085,PRD-0125,5,15380,76900
ORD-2024-011073,29-Nov-24,CUS-00707,PRD-0139,18,33360,600480
ORD-2024-011086,29-Nov-24,CUS-02007,PRD-0151,6,42840,257040
ORD-2024-011090,29-Nov-24,CUS-02411,PRD-0152,4,24900,99600
ORD-2024-011094,29-Nov-24,CUS-01085,PRD-0153,6,24220,145320
ORD-2024-011100,29-Nov-24,CUS-02459,PRD-0161,11,32640,359040
ORD-2024-011105,29-Nov-24,CUS-01692,PRD-0165,5,23380,116900
ORD-2024-011118,30-Nov-24,CUS-00990,PRD-0040,9,14100,126900
ORD-2024-011119,30-Nov-24,CUS-02205,PRD-0040,10,14100,141000
ORD-2024-011124,30-Nov-24,CUS-02215,PRD-0057,8,18040,144320
ORD-2024-011133,30-Nov-24,CUS-00333,PRD-0077,3,31120,93360
ORD-2024-011134,30-Nov-24,CUS-01113,PRD-0078,4,33720,134880
ORD-2024-011135,30-Nov-24,CUS-00568,PRD-0079,13,46870,609310
ORD-2024-011149,30-Nov-24,CUS-01195,PRD-0100,5,20780,103900
ORD-2024-011150,30-Nov-24,CUS-01590,PRD-0100,6,20780,124680
ORD-2024-011152,30-Nov-24,CUS-00990,PRD-0103,8,38480,307840
ORD-2024-011161,30-Nov-24,CUS-00835,PRD-0127,16,16760,268160
ORD-2024-011168,30-Nov-24,CUS-01150,PRD-0142,7,52030,364210
ORD-2024-011175,30-Nov-24,CUS-00915,PRD-0156,9,58570,527130
ORD-2024-011182,01-Dec-24,CUS-01812,PRD-0016,2,42680,85360
ORD-2024-011193,01-Dec-24,CUS-00156,PRD-0083,3,23690,71070
ORD-2024-011203,01-Dec-24,CUS-00276,PRD-0109,2,30700,61400
ORD-2024-011207,01-Dec-24,CUS-02486,PRD-0125,9,15380,138420
ORD-2024-011208,01-Dec-24,CUS-01639,PRD-0125,4,15380,61520
ORD-2024-011217,01-Dec-24,CUS-00965,PRD-0156,4,58570,234280
ORD-2024-011219,01-Dec-24,CUS-00541,PRD-0161,21,32640,685440
ORD-2024-011220,01-Dec-24,CUS-01257,PRD-0161,12,32640,391680
ORD-2024-011225,02-Dec-24,CUS-01349,PRD-0004,10,4490,44900
ORD-2024-011229,02-Dec-24,CUS-02382,PRD-0016,14,42680,597520
ORD-2024-011230,02-Dec-24,CUS-01853,PRD-0018,2,62570,125140
ORD-2024-011233,02-Dec-24,CUS-02210,PRD-0026,7,4150,29050
ORD-2024-011238,02-Dec-24,CUS-02130,PRD-0045,4,7340,29360
ORD-2024-011246,02-Dec-24,CUS-00464,PRD-0058,6,17980,107880
ORD-2024-011251,02-Dec-24,CUS-00850,PRD-0064,4,36350,145400
ORD-2024-011257,02-Dec-24,CUS-00099,PRD-0067,2,12380,24760
ORD-2024-011260,02-Dec-24,CUS-02212,PRD-0074,9,38390,345510
ORD-2024-011265,02-Dec-24,CUS-00675,PRD-0078,10,33720,337200
ORD-2024-011270,02-Dec-24,CUS-02367,PRD-0086,70,28180,1972600
ORD-2024-011271,02-Dec-24,CUS-00830,PRD-0086,12,28180,338160
ORD-2024-011285,02-Dec-24,CUS-01480,PRD-0103,9,38480,346320
ORD-2024-011291,02-Dec-24,CUS-00318,PRD-0110,12,30350,364200
ORD-2024-011293,02-Dec-24,CUS-02325,PRD-0111,7,12240,85680
ORD-2024-011301,02-Dec-24,CUS-00923,PRD-0119,23,21950,504850
ORD-2024-011307,02-Dec-24,CUS-01467,PRD-0121,6,26430,158580
ORD-2024-011309,02-Dec-24,CUS-00046,PRD-0122,11,19140,210540
ORD-2024-011317,02-Dec-24,CUS-01075,PRD-0134,2,34970,69940
ORD-2024-011338,02-Dec-24,CUS-00520,PRD-0151,10,42840,428400
ORD-2024-011339,02-Dec-24,CUS-00074,PRD-0151,5,42840,214200
ORD-2024-011344,02-Dec-24,CUS-00746,PRD-0156,1,58570,58570
ORD-2024-011353,02-Dec-24,CUS-01660,PRD-0166,7,25650,179550
ORD-2024-011354,02-Dec-24,CUS-00291,PRD-0170,14,17370,243180
ORD-2024-011360,03-Dec-24,CUS-01588,PRD-0016,17,42680,725560
ORD-2024-011363,03-Dec-24,CUS-02134,PRD-0023,2,16940,33880
ORD-2024-011378,03-Dec-24,CUS-02242,PRD-0048,3,16870,50610
ORD-2024-011388,03-Dec-24,CUS-01987,PRD-0061,3,16320,48960
ORD-2024-011391,03-Dec-24,CUS-00440,PRD-0064,5,36350,181750
ORD-2024-011394,03-Dec-24,CUS-02367,PRD-0067,19,12380,235220
ORD-2024-011410,03-Dec-24,CUS-00683,PRD-0086,8,28180,225440
ORD-2024-011421,03-Dec-24,CUS-00209,PRD-0093,15,23080,346200
ORD-2024-011427,03-Dec-24,CUS-01909,PRD-0108,14,30750,430500
ORD-2024-011431,03-Dec-24,CUS-01337,PRD-0113,18,10420,187560
ORD-2024-011433,03-Dec-24,CUS-00679,PRD-0118,4,23110,92440
ORD-2024-011436,03-Dec-24,CUS-02203,PRD-0123,10,14410,144100
ORD-2024-011445,03-Dec-24,CUS-01774,PRD-0127,6,16760,100560
ORD-2024-011449,03-Dec-24,CUS-01669,PRD-0141,1,38600,38600
ORD-2024-011450,03-Dec-24,CUS-01338,PRD-0142,6,52030,312180
ORD-2024-011451,03-Dec-24,CUS-02400,PRD-0144,5,31990,159950
ORD-2024-011453,03-Dec-24,CUS-02037,PRD-0145,2,31800,63600
ORD-2024-011456,03-Dec-24,CUS-01741,PRD-0150,7,47850,334950
ORD-2024-011464,03-Dec-24,CUS-01236,PRD-0151,5,42840,214200
ORD-2024-011471,03-Dec-24,CUS-01537,PRD-0156,5,58570,292850
ORD-2024-011472,03-Dec-24,CUS-01360,PRD-0156,1,58570,58570
ORD-2024-011480,03-Dec-24,CUS-01270,PRD-0161,16,32640,522240
ORD-2024-011488,03-Dec-24,CUS-00030,PRD-0169,14,15310,214340
ORD-2024-011492,04-Dec-24,CUS-01262,PRD-0009,7,18390,128730
ORD-2024-011497,04-Dec-24,CUS-02094,PRD-0018,5,62570,312850
ORD-2024-011502,04-Dec-24,CUS-01667,PRD-0020,10,29210,292100
ORD-2024-011503,04-Dec-24,CUS-01933,PRD-0021,27,19390,523530
ORD-2024-011504,04-Dec-24,CUS-00799,PRD-0024,6,9800,58800
ORD-2024-011508,04-Dec-24,CUS-01112,PRD-0035,6,13660,81960
ORD-2024-011508,04-Dec-24,CUS-01112,PRD-0035,6,13660,81960
ORD-2024-011512,04-Dec-24,CUS-00835,PRD-0037,8,25650,205200
ORD-2024-011518,04-Dec-24,CUS-02242,PRD-0041,8,6830,54640
ORD-2024-011520,04-Dec-24,CUS-00180,PRD-0047,11,19060,209660
ORD-2024-011523,04-Dec-24,CUS-02483,PRD-0051,7,43070,301490
ORD-2024-011527,04-Dec-24,CUS-01223,PRD-0061,14,16320,228480
ORD-2024-011539,04-Dec-24,CUS-00219,PRD-0077,6,31120,186720
ORD-2024-011540,04-Dec-24,CUS-02456,PRD-0077,6,31120,186720
ORD-2024-011541,04-Dec-24,CUS-00669,PRD-0077,4,31120,124480
ORD-2024-011543,04-Dec-24,CUS-00180,PRD-0078,4,33720,134880
ORD-2024-011548,04-Dec-24,CUS-00683,PRD-0083,12,23690,284280
ORD-2024-011549,04-Dec-24,CUS-00180,PRD-0083,16,23690,379040
ORD-2024-011553,04-Dec-24,CUS-02212,PRD-0086,5,28180,140900
ORD-2024-011578,04-Dec-24,CUS-00090,PRD-0120,5,14740,73700
ORD-2024-011579,04-Dec-24,CUS-00528,PRD-0121,25,26430,660750
ORD-2024-011580,04-Dec-24,CUS-00846,PRD-0121,3,26430,79290
ORD-2024-011582,04-Dec-24,CUS-02321,PRD-0123,3,14410,43230
ORD-2024-011587,04-Dec-24,CUS-00701,PRD-0125,2,15380,30760
ORD-2024-011592,04-Dec-24,CUS-01652,PRD-0142,3,52030,156090
ORD-2024-011597,04-Dec-24,CUS-01992,PRD-0150,15,47850,717750
ORD-2024-011599,04-Dec-24,CUS-02471,PRD-0151,11,42840,471240
ORD-2024-011600,04-Dec-24,CUS-00011,PRD-0151,1,42840,42840
ORD-2024-011602,04-Dec-24,CUS-00454,PRD-0153,10,24220,242200
ORD-2024-011613,04-Dec-24,CUS-00388,PRD-0161,4,32640,130560
ORD-2024-011615,04-Dec-24,CUS-00851,PRD-0165,12,23380,280560
ORD-2024-011616,04-Dec-24,CUS-02426,PRD-0165,19,23380,444220
ORD-2024-011618,04-Dec-24,CUS-00682,PRD-0166,9,25650,230850
ORD-2024-011619,04-Dec-24,CUS-00818,PRD-0169,8,15310,122480
ORD-2024-011625,05-Dec-24,CUS-02409,PRD-0004,20,4490,89800
ORD-2024-011628,05-Dec-24,CUS-01616,PRD-0006,9,3060,27540
ORD-2024-011630,05-Dec-24,CUS-00962,PRD-0013,4,11970,47880
ORD-2024-011633,05-Dec-24,CUS-00073,PRD-0016,15,42680,640200
ORD-2024-011642,05-Dec-24,CUS-02366,PRD-0025,12,5090,61080
ORD-2024-011644,05-Dec-24,CUS-00030,PRD-0037,6,25650,153900
ORD-2024-011646,05-Dec-24,CUS-01101,PRD-0039,4,14770,59080
ORD-2024-011647,05-Dec-24,CUS-00592,PRD-0041,4,6830,27320
ORD-2024-011651,05-Dec-24,CUS-00275,PRD-0048,3,16870,50610
ORD-2024-011652,05-Dec-24,CUS-00021,PRD-0048,3,16870,50610
ORD-2024-011661,05-Dec-24,CUS-01835,PRD-0058,8,17980,143840
ORD-2024-011667,05-Dec-24,CUS-01665,PRD-0063,4,15070,60280
ORD-2024-011670,05-Dec-24,CUS-00223,PRD-0065,8,34000,272000
ORD-2024-011678,05-Dec-24,CUS-01195,PRD-0077,15,31120,466800
ORD-2024-011679,05-Dec-24,CUS-00201,PRD-0078,2,33720,67440
ORD-2024-011680,05-Dec-24,CUS-00727,PRD-0078,3,33720,101160
ORD-2024-011681,05-Dec-24,CUS-00499,PRD-0085,6,32580,195480
ORD-2024-011710,05-Dec-24,CUS-00237,PRD-0118,2,23110,46220
ORD-2024-011720,05-Dec-24,CUS-02097,PRD-0125,4,15380,61520
ORD-2024-011733,05-Dec-24,CUS-01231,PRD-0147,4,32330,129320
ORD-2024-011740,05-Dec-24,CUS-00827,PRD-0151,5,42840,214200
ORD-2024-011746,05-Dec-24,CUS-01413,PRD-0157,13,24810,322530
ORD-2024-011753,05-Dec-24,CUS-01341,PRD-0161,2,32640,65280
ORD-2024-011754,05-Dec-24,CUS-01460,PRD-0164,3,19920,59760
ORD-2024-011755,05-Dec-24,CUS-01818,PRD-0165,4,23380,93520
ORD-2024-011764,06-Dec-24,CUS-00973,PRD-0018,3,62570,187710
ORD-2024-011770,06-Dec-24,CUS-00038,PRD-0026,6,4150,24900
ORD-2024-011774,06-Dec-24,CUS-01460,PRD-0029,3,11070,33210
ORD-2024-011780,06-Dec-24,CUS-01357,PRD-0045,8,7340,58720
ORD-2024-011782,06-Dec-24,CUS-01914,PRD-0046,1,17360,17360
ORD-2024-011784,06-Dec-24,CUS-02195,PRD-0048,6,16870,101220
ORD-2024-011786,06-Dec-24,CUS-01384,PRD-0051,5,43070,215350
ORD-2024-011788,06-Dec-24,CUS-00411,PRD-0060,3,57540,172620
ORD-2024-011791,06-Dec-24,CUS-00683,PRD-0061,11,16320,179520
ORD-2024-011804,06-Dec-24,CUS-00827,PRD-0082,12,30730,368760
ORD-2024-011805,06-Dec-24,CUS-02144,PRD-0082,2,30730,61460
ORD-2024-011806,06-Dec-24,CUS-00318,PRD-0083,6,23690,142140
ORD-2024-011808,06-Dec-24,CUS-00509,PRD-0084,9,27760,249840
ORD-2024-011809,06-Dec-24,CUS-00451,PRD-0084,2,27760,55520
ORD-2024-011814,06-Dec-24,CUS-01537,PRD-0086,1,28180,28180
ORD-2024-011851,06-Dec-24,CUS-01626,PRD-0126,17,29270,497590
ORD-2024-011857,06-Dec-24,CUS-01851,PRD-0138,15,27020,405300
ORD-2024-011865,06-Dec-24,CUS-01384,PRD-0151,15,42840,642600
ORD-2024-011880,06-Dec-24,CUS-00034,PRD-0161,6,32640,195840
ORD-2024-011888,07-Dec-24,CUS-00532,PRD-0018,8,62570,500560
ORD-2024-011893,07-Dec-24,CUS-00852,PRD-0033,17,11040,187680
ORD-2024-011899,07-Dec-24,CUS-01669,PRD-0041,6,6830,40980
ORD-2024-011903,07-Dec-24,CUS-01062,PRD-0057,7,18040,126280
ORD-2024-011904,07-Dec-24,CUS-01557,PRD-0060,5,57540,287700
ORD-2024-011908,07-Dec-24,CUS-01197,PRD-0067,15,12380,185700
ORD-2024-011922,07-Dec-24,CUS-00212,PRD-0086,11,28180,309980
ORD-2024-011933,07-Dec-24,CUS-00964,PRD-0098,7,15320,107240
ORD-2024-011938,07-Dec-24,CUS-01223,PRD-0102,6,17050,102300
ORD-2024-011943,07-Dec-24,CUS-00922,PRD-0117,4,17520,70080
ORD-2024-011945,07-Dec-24,CUS-00623,PRD-0118,1,23110,23110
ORD-2024-011956,07-Dec-24,CUS-01558,PRD-0138,5,27020,135100
ORD-2024-011957,07-Dec-24,CUS-01762,PRD-0138,3,27020,81060
ORD-2024-011959,07-Dec-24,CUS-00600,PRD-0146,12,34820,417840
ORD-2024-011961,07-Dec-24,CUS-01679,PRD-0150,12,47850,574200
ORD-2024-011962,07-Dec-24,CUS-00811,PRD-0150,7,47850,334950
ORD-2024-011968,07-Dec-24,CUS-00438,PRD-0153,11,24220,266420
ORD-2024-011969,07-Dec-24,CUS-01956,PRD-0153,3,24220,72660
ORD-2024-011971,07-Dec-24,CUS-01134,PRD-0156,4,58570,234280
ORD-2024-011972,07-Dec-24,CUS-01600,PRD-0160,4,32940,131760
ORD-2024-011977,07-Dec-24,CUS-02154,PRD-0164,7,19920,139440
ORD-2024-011985,08-Dec-24,CUS-02146,PRD-0020,1,29210,29210
ORD-2024-011997,08-Dec-24,CUS-00995,PRD-0076,8,28050,224400
ORD-2024-012001,08-Dec-24,CUS-00665,PRD-0078,8,33720,269760
ORD-2024-012003,08-Dec-24,CUS-01648,PRD-0093,10,23080,230800
ORD-2024-012007,08-Dec-24,CUS-00248,PRD-0121,4,26430,105720
ORD-2024-012027,09-Dec-24,CUS-01491,PRD-0016,6,42680,256080
ORD-2024-012039,09-Dec-24,CUS-01489,PRD-0039,7,14770,103390
ORD-2024-012041,09-Dec-24,CUS-01182,PRD-0046,3,17360,52080
ORD-2024-012042,09-Dec-24,CUS-01690,PRD-0047,5,19060,95300
ORD-2024-012043,09-Dec-24,CUS-02020,PRD-0047,12,19060,228720
ORD-2024-012047,09-Dec-24,CUS-01478,PRD-0050,9,5420,48780
ORD-2024-012051,09-Dec-24,CUS-02128,PRD-0060,9,57540,517860
ORD-2024-012054,09-Dec-24,CUS-02125,PRD-0065,6,34000,204000
ORD-2024-012057,09-Dec-24,CUS-02094,PRD-0070,1,19240,19240
ORD-2024-012064,09-Dec-24,CUS-01047,PRD-0082,32,30730,983360
ORD-2024-012066,09-Dec-24,CUS-01066,PRD-0083,5,23690,118450
ORD-2024-012081,09-Dec-24,CUS-00923,PRD-0094,11,22360,245960
ORD-2024-012093,09-Dec-24,CUS-01983,PRD-0108,4,30750,123000
ORD-2024-012093,09-Dec-24,CUS-01983,PRD-0108,4,30750,123000
ORD-2024-012094,09-Dec-24,CUS-01152,PRD-0108,3,30750,92250
ORD-2024-012095,09-Dec-24,CUS-01917,PRD-0108,10,30750,307500
ORD-2024-012096,09-Dec-24,CUS-01723,PRD-0109,11,30700,337700
ORD-2024-012097,09-Dec-24,CUS-01781,PRD-0112,17,15500,263500
ORD-2024-012100,09-Dec-24,CUS-01465,PRD-0113,6,10420,62520
ORD-2024-012105,09-Dec-24,CUS-00570,PRD-0118,7,23110,161770
ORD-2024-012118,09-Dec-24,CUS-00438,PRD-0135,11,32900,361900
ORD-2024-012119,09-Dec-24,CUS-00619,PRD-0135,26,32900,855400
ORD-2024-012120,09-Dec-24,CUS-02497,PRD-0138,3,27020,81060
ORD-2024-012127,09-Dec-24,CUS-00545,PRD-0151,13,42840,556920
ORD-2024-012128,09-Dec-24,CUS-00724,PRD-0153,12,24220,290640
ORD-2024-012133,09-Dec-24,CUS-02053,PRD-0155,24,65880,1581120
ORD-2024-012140,09-Dec-24,CUS-01971,PRD-0161,4,32640,130560
ORD-2024-012141,09-Dec-24,CUS-00174,PRD-0161,26,32640,848640
ORD-2024-012144,09-Dec-24,CUS-00746,PRD-0163,10,27790,277900
ORD-2024-012149,09-Dec-24,CUS-01909,PRD-0165,9,23380,210420
ORD-2024-012152,10-Dec-24,CUS-01706,PRD-0004,5,4490,22450
ORD-2024-012156,10-Dec-24,CUS-01324,PRD-0006,14,3060,42840
ORD-2024-012157,10-Dec-24,CUS-01600,PRD-0007,10,17070,170700
ORD-2024-012160,10-Dec-24,CUS-02054,PRD-0018,3,62570,187710
ORD-2024-012167,10-Dec-24,CUS-01683,PRD-0030,2,25250,50500
ORD-2024-012171,10-Dec-24,CUS-00642,PRD-0039,6,14770,88620
ORD-2024-012173,10-Dec-24,CUS-00288,PRD-0041,5,6830,34150
ORD-2024-012175,10-Dec-24,CUS-00124,PRD-0047,2,19060,38120
ORD-2024-012180,10-Dec-24,CUS-01635,PRD-0061,15,16320,244800
ORD-2024-012186,10-Dec-24,CUS-01373,PRD-0077,19,31120,591280
ORD-2024-012194,10-Dec-24,CUS-01726,PRD-0083,3,23690,71070
ORD-2024-012195,10-Dec-24,CUS-02179,PRD-0084,7,27760,194320
ORD-2024-012196,10-Dec-24,CUS-02053,PRD-0085,15,32580,488700
ORD-2024-012207,10-Dec-24,CUS-00740,PRD-0091,5,27010,135050
ORD-2024-012212,10-Dec-24,CUS-02249,PRD-0108,6,30750,184500
ORD-2024-012220,10-Dec-24,CUS-00679,PRD-0121,3,26430,79290
ORD-2024-012221,10-Dec-24,CUS-00740,PRD-0121,20,26430,528600
ORD-2024-012227,10-Dec-24,CUS-02001,PRD-0125,8,15380,123040
ORD-2024-012231,10-Dec-24,CUS-01214,PRD-0131,13,31140,404820
ORD-2024-012241,10-Dec-24,CUS-00051,PRD-0147,8,32330,258640
ORD-2024-012249,10-Dec-24,CUS-02212,PRD-0151,7,42840,299880
ORD-2024-012250,10-Dec-24,CUS-00778,PRD-0151,10,42840,428400
ORD-2024-012258,10-Dec-24,CUS-00667,PRD-0160,16,32940,527040
ORD-2024-012262,10-Dec-24,CUS-00811,PRD-0161,23,32640,750720
ORD-2024-012263,10-Dec-24,CUS-01527,PRD-0161,8,32640,261120
ORD-2024-012264,10-Dec-24,CUS-00491,PRD-0162,8,28900,231200
ORD-2024-012271,11-Dec-24,CUS-00330,PRD-0004,4,4490,17960
ORD-2024-012272,11-Dec-24,CUS-00865,PRD-0004,10,4490,44900
ORD-2024-012273,11-Dec-24,CUS-01706,PRD-0004,11,4490,49390
ORD-2024-012274,11-Dec-24,CUS-00491,PRD-0004,11,4490,49390
ORD-2024-012276,11-Dec-24,CUS-02427,PRD-0011,7,17170,120190
ORD-2024-012284,11-Dec-24,CUS-01388,PRD-0024,5,9800,49000
ORD-2024-012285,11-Dec-24,CUS-00340,PRD-0026,4,4150,16600
ORD-2024-012301,11-Dec-24,CUS-02104,PRD-0051,1,43070,43070
ORD-2024-012303,11-Dec-24,CUS-00137,PRD-0057,26,18040,469040
ORD-2024-012304,11-Dec-24,CUS-01197,PRD-0057,15,18040,270600
ORD-2024-012314,11-Dec-24,CUS-01124,PRD-0067,4,12380,49520
ORD-2024-012315,11-Dec-24,CUS-00701,PRD-0067,2,12380,24760
ORD-2024-012323,11-Dec-24,CUS-01893,PRD-0080,7,23900,167300
ORD-2024-012324,11-Dec-24,CUS-02219,PRD-0080,2,23900,47800
ORD-2024-012326,11-Dec-24,CUS-00910,PRD-0083,8,23690,189520
ORD-2024-012329,11-Dec-24,CUS-02182,PRD-0086,7,28180,197260
ORD-2024-012330,11-Dec-24,CUS-02005,PRD-0086,11,28180,309980
ORD-2024-012347,11-Dec-24,CUS-02275,PRD-0100,6,20780,124680
ORD-2024-012364,11-Dec-24,CUS-00015,PRD-0125,7,15380,107660
ORD-2024-012366,11-Dec-24,CUS-01427,PRD-0128,7,20590,144130
ORD-2024-012367,11-Dec-24,CUS-02359,PRD-0128,2,20590,41180
ORD-2024-012369,11-Dec-24,CUS-00679,PRD-0134,21,34970,734370
ORD-2024-012373,11-Dec-24,CUS-01605,PRD-0142,2,52030,104060
ORD-2024-012385,11-Dec-24,CUS-00545,PRD-0151,8,42840,342720
ORD-2024-012386,11-Dec-24,CUS-00808,PRD-0151,3,42840,128520
ORD-2024-012387,11-Dec-24,CUS-01264,PRD-0151,7,42840,299880
ORD-2024-012393,11-Dec-24,CUS-01741,PRD-0154,2,42470,84940
ORD-2024-012406,11-Dec-24,CUS-00445,PRD-0161,42,32640,1370880
ORD-2024-012407,11-Dec-24,CUS-02264,PRD-0161,6,32640,195840
ORD-2024-012420,12-Dec-24,CUS-02276,PRD-0018,10,62570,625700
ORD-2024-012424,12-Dec-24,CUS-01195,PRD-0026,5,4150,20750
ORD-2024-012450,12-Dec-24,CUS-01956,PRD-0080,7,23900,167300
ORD-2024-012453,12-Dec-24,CUS-01822,PRD-0082,1,30730,30730
ORD-2024-012454,12-Dec-24,CUS-01281,PRD-0082,5,30730,153650
ORD-2024-012458,12-Dec-24,CUS-02088,PRD-0084,5,27760,138800
ORD-2024-012471,12-Dec-24,CUS-01674,PRD-0090,9,37690,339210
ORD-2024-012478,12-Dec-24,CUS-02183,PRD-0097,5,21780,108900
ORD-2024-012479,12-Dec-24,CUS-02359,PRD-0098,13,15320,199160
ORD-2024-012480,12-Dec-24,CUS-02402,PRD-0098,54,15320,827280
ORD-2024-012502,12-Dec-24,CUS-00441,PRD-0125,4,15380,61520
ORD-2024-012509,12-Dec-24,CUS-00959,PRD-0135,2,32900,65800
ORD-2024-012511,12-Dec-24,CUS-00057,PRD-0140,5,27740,138700
ORD-2024-012516,12-Dec-24,CUS-00705,PRD-0144,6,31990,191940
ORD-2024-012518,12-Dec-24,CUS-00651,PRD-0145,4,31800,127200
ORD-2024-012528,12-Dec-24,CUS-00280,PRD-0151,1,42840,42840
ORD-2024-012529,12-Dec-24,CUS-02435,PRD-0151,14,42840,599760
ORD-2024-012530,12-Dec-24,CUS-00401,PRD-0151,2,42840,85680
ORD-2024-012545,12-Dec-24,CUS-00901,PRD-0167,15,14020,210300
ORD-2024-012550,13-Dec-24,CUS-00330,PRD-0002,8,5180,41440
ORD-2024-012555,13-Dec-24,CUS-01218,PRD-0009,13,18390,239070
ORD-2024-012562,13-Dec-24,CUS-01149,PRD-0018,4,62570,250280
ORD-2024-012569,13-Dec-24,CUS-02292,PRD-0028,3,4910,14730
ORD-2024-012576,13-Dec-24,CUS-01992,PRD-0039,14,14770,206780
ORD-2024-012583,13-Dec-24,CUS-02449,PRD-0057,18,18040,324720
ORD-2024-012584,13-Dec-24,CUS-00652,PRD-0057,13,18040,234520
ORD-2024-012588,13-Dec-24,CUS-01373,PRD-0061,9,16320,146880
ORD-2024-012601,13-Dec-24,CUS-01143,PRD-0079,18,46870,843660
ORD-2024-012611,13-Dec-24,CUS-00906,PRD-0088,6,15290,91740
ORD-2024-012617,13-Dec-24,CUS-00437,PRD-0090,32,37690,1206080
ORD-2024-012618,13-Dec-24,CUS-00864,PRD-0090,20,37690,753800
ORD-2024-012619,13-Dec-24,CUS-00137,PRD-0090,6,37690,226140
ORD-2024-012620,13-Dec-24,CUS-02253,PRD-0090,3,37690,113070
ORD-2024-012621,13-Dec-24,CUS-00799,PRD-0091,4,27010,108040
ORD-2024-012625,13-Dec-24,CUS-01652,PRD-0099,12,14380,172560
ORD-2024-012627,13-Dec-24,CUS-00090,PRD-0100,3,20780,62340
ORD-2024-012640,13-Dec-24,CUS-01522,PRD-0121,6,26430,158580
ORD-2024-012641,13-Dec-24,CUS-01527,PRD-0122,5,19140,95700
ORD-2024-012648,13-Dec-24,CUS-01714,PRD-0131,5,31140,155700
ORD-2024-012663,13-Dec-24,CUS-01741,PRD-0151,5,42840,214200
ORD-2024-012664,13-Dec-24,CUS-01790,PRD-0151,8,42840,342720
ORD-2024-012665,13-Dec-24,CUS-01420,PRD-0151,65,42840,2784600
ORD-2024-012668,13-Dec-24,CUS-00209,PRD-0156,2,58570,117140
ORD-2024-012674,13-Dec-24,CUS-01465,PRD-0161,6,32640,195840
ORD-2024-012675,13-Dec-24,CUS-01309,PRD-0161,18,32640,587520
ORD-2024-012682,13-Dec-24,CUS-00663,PRD-0165,8,23380,187040
ORD-2024-012684,13-Dec-24,CUS-01231,PRD-0166,2,25650,51300
ORD-2024-012688,14-Dec-24,CUS-00149,PRD-0006,7,3060,21420
ORD-2024-012690,14-Dec-24,CUS-01600,PRD-0011,16,17170,274720
ORD-2024-012698,14-Dec-24,CUS-01893,PRD-0057,13,18040,234520
ORD-2024-012704,14-Dec-24,CUS-01036,PRD-0062,6,17890,107340
ORD-2024-012723,14-Dec-24,CUS-01636,PRD-0090,5,37690,188450
ORD-2024-012729,14-Dec-24,CUS-01626,PRD-0098,6,15320,91920
ORD-2024-012729,14-Dec-24,CUS-01626,PRD-0098,6,15320,91920
ORD-2024-012730,14-Dec-24,CUS-01189,PRD-0100,9,20780,187020
ORD-2024-012734,14-Dec-24,CUS-01960,PRD-0110,3,30350,91050
ORD-2024-012736,14-Dec-24,CUS-01721,PRD-0111,7,12240,85680
ORD-2024-012739,14-Dec-24,CUS-00886,PRD-0118,8,23110,184880
ORD-2024-012741,14-Dec-24,CUS-02012,PRD-0120,7,14740,103180
ORD-2024-012754,14-Dec-24,CUS-01875,PRD-0145,13,31800,413400
ORD-2024-012765,14-Dec-24,CUS-01138,PRD-0165,2,23380,46760
ORD-2024-012770,15-Dec-24,CUS-00827,PRD-0021,1,19390,19390
ORD-2024-012771,15-Dec-24,CUS-01257,PRD-0023,5,16940,84700
ORD-2024-012778,15-Dec-24,CUS-00340,PRD-0076,5,28050,140250
ORD-2024-012783,15-Dec-24,CUS-00835,PRD-0090,12,37690,452280
ORD-2024-012785,15-Dec-24,CUS-01612,PRD-0100,17,20780,353260
ORD-2024-012790,15-Dec-24,CUS-02190,PRD-0126,5,29270,146350
ORD-2024-012792,15-Dec-24,CUS-00388,PRD-0136,10,54950,549500
ORD-2024-012817,16-Dec-24,CUS-00445,PRD-0020,2,29210,58420
ORD-2024-012820,16-Dec-24,CUS-01209,PRD-0023,7,16940,118580
ORD-2024-012827,16-Dec-24,CUS-02419,PRD-0040,18,14100,253800
ORD-2024-012838,16-Dec-24,CUS-00212,PRD-0062,10,17890,178900
ORD-2024-012839,16-Dec-24,CUS-00901,PRD-0062,14,17890,250460
ORD-2024-012843,16-Dec-24,CUS-00484,PRD-0065,11,34000,374000
ORD-2024-012846,16-Dec-24,CUS-01070,PRD-0072,8,42600,340800
ORD-2024-012850,16-Dec-24,CUS-00171,PRD-0078,3,33720,101160
ORD-2024-012852,16-Dec-24,CUS-01149,PRD-0079,9,46870,421830
ORD-2024-012856,16-Dec-24,CUS-00074,PRD-0084,7,27760,194320
ORD-2024-012865,16-Dec-24,CUS-01004,PRD-0090,6,37690,226140
ORD-2024-012866,16-Dec-24,CUS-00119,PRD-0090,11,37690,414590
ORD-2024-012873,16-Dec-24,CUS-01357,PRD-0100,7,20780,145460
ORD-2024-012878,16-Dec-24,CUS-01812,PRD-0109,8,30700,245600
ORD-2024-012880,16-Dec-24,CUS-01954,PRD-0113,11,10420,114620
ORD-2024-012880,16-Dec-24,CUS-01954,PRD-0113,11,10420,114620
ORD-2024-012886,16-Dec-24,CUS-01112,PRD-0120,11,14740,162140
ORD-2024-012898,16-Dec-24,CUS-00033,PRD-0135,2,32900,65800
ORD-2024-012902,16-Dec-24,CUS-01340,PRD-0144,22,31990,703780
ORD-2024-012905,16-Dec-24,CUS-01894,PRD-0149,9,45880,412920
ORD-2024-012918,16-Dec-24,CUS-00600,PRD-0156,8,58570,468560
ORD-2024-012921,16-Dec-24,CUS-01264,PRD-0160,8,32940,263520
ORD-2024-012922,16-Dec-24,CUS-00297,PRD-0160,1,32940,32940
ORD-2024-012923,16-Dec-24,CUS-02094,PRD-0160,2,32940,65880
ORD-2024-012927,16-Dec-24,CUS-01125,PRD-0161,7,32640,228480
ORD-2024-012928,16-Dec-24,CUS-00331,PRD-0161,7,32640,228480
ORD-2024-012934,16-Dec-24,CUS-01242,PRD-0167,7,14020,98140
ORD-2024-012937,16-Dec-24,CUS-01795,PRD-0169,5,15310,76550
ORD-2024-012939,17-Dec-24,CUS-02005,PRD-0005,21,3110,65310
ORD-2024-012941,17-Dec-24,CUS-02222,PRD-0007,7,17070,119490
ORD-2024-012945,17-Dec-24,CUS-01605,PRD-0016,16,42680,682880
ORD-2024-012955,17-Dec-24,CUS-00441,PRD-0033,8,11040,88320
ORD-2024-012974,17-Dec-24,CUS-00673,PRD-0077,8,31120,248960
ORD-2024-012976,17-Dec-24,CUS-00299,PRD-0078,18,33720,606960
ORD-2024-012977,17-Dec-24,CUS-02457,PRD-0079,10,46870,468700
ORD-2024-012980,17-Dec-24,CUS-01165,PRD-0083,4,23690,94760
ORD-2024-012994,17-Dec-24,CUS-01603,PRD-0090,8,37690,301520
ORD-2024-012995,17-Dec-24,CUS-01134,PRD-0090,10,37690,376900
ORD-2024-013007,17-Dec-24,CUS-01631,PRD-0118,2,23110,46220
ORD-2024-013008,17-Dec-24,CUS-02478,PRD-0118,5,23110,115550
ORD-2024-013013,17-Dec-24,CUS-00021,PRD-0121,2,26430,52860
ORD-2024-013017,17-Dec-24,CUS-01508,PRD-0125,3,15380,46140
ORD-2024-013018,17-Dec-24,CUS-00673,PRD-0128,5,20590,102950
ORD-2024-013026,17-Dec-24,CUS-02225,PRD-0138,1,27020,27020
ORD-2024-013027,17-Dec-24,CUS-01070,PRD-0139,3,33360,100080
ORD-2024-013036,17-Dec-24,CUS-02195,PRD-0151,9,42840,385560
ORD-2024-013042,17-Dec-24,CUS-02084,PRD-0156,4,58570,234280
ORD-2024-013043,17-Dec-24,CUS-01934,PRD-0156,4,58570,234280
ORD-2024-013044,17-Dec-24,CUS-02373,PRD-0156,14,58570,819980
ORD-2024-013046,17-Dec-24,CUS-01567,PRD-0159,1,25840,25840
ORD-2024-013054,18-Dec-24,CUS-02411,PRD-0003,10,4840,48400
ORD-2024-013058,18-Dec-24,CUS-00944,PRD-0016,11,42680,469480
ORD-2024-013059,18-Dec-24,CUS-00291,PRD-0018,7,62570,437990
ORD-2024-013060,18-Dec-24,CUS-01828,PRD-0019,3,31240,93720
ORD-2024-013065,18-Dec-24,CUS-00973,PRD-0039,11,14770,162470
ORD-2024-013066,18-Dec-24,CUS-02404,PRD-0039,4,14770,59080
ORD-2024-013083,18-Dec-24,CUS-00219,PRD-0061,44,16320,718080
ORD-2024-013085,18-Dec-24,CUS-00021,PRD-0064,7,36350,254450
ORD-2024-013095,18-Dec-24,CUS-00833,PRD-0081,5,42190,210950
ORD-2024-013099,18-Dec-24,CUS-01486,PRD-0085,15,32580,488700
ORD-2024-013103,18-Dec-24,CUS-01626,PRD-0086,6,28180,169080
ORD-2024-013107,18-Dec-24,CUS-01986,PRD-0090,7,37690,263830
ORD-2024-013122,18-Dec-24,CUS-01674,PRD-0110,14,30350,424900
ORD-2024-013123,18-Dec-24,CUS-00301,PRD-0111,7,12240,85680
ORD-2024-013125,18-Dec-24,CUS-00066,PRD-0118,3,23110,69330
ORD-2024-013127,18-Dec-24,CUS-00965,PRD-0120,5,14740,73700
ORD-2024-013137,18-Dec-24,CUS-02184,PRD-0131,6,31140,186840
ORD-2024-013147,18-Dec-24,CUS-02146,PRD-0150,2,47850,95700
ORD-2024-013151,18-Dec-24,CUS-01038,PRD-0151,6,42840,257040
ORD-2024-013152,18-Dec-24,CUS-01168,PRD-0151,4,42840,171360
ORD-2024-013156,18-Dec-24,CUS-00149,PRD-0155,13,65880,856440
ORD-2024-013181,19-Dec-24,CUS-01165,PRD-0004,15,4490,67350
ORD-2024-013182,19-Dec-24,CUS-01978,PRD-0004,13,4490,58370
ORD-2024-013185,19-Dec-24,CUS-02026,PRD-0011,14,17170,240380
ORD-2024-013186,19-Dec-24,CUS-00636,PRD-0011,9,17170,154530
ORD-2024-013188,19-Dec-24,CUS-01977,PRD-0012,9,18410,165690
ORD-2024-013191,19-Dec-24,CUS-01338,PRD-0020,9,29210,262890
ORD-2024-013195,19-Dec-24,CUS-01971,PRD-0039,2,14770,29540
ORD-2024-013208,19-Dec-24,CUS-02359,PRD-0067,24,12380,297120
ORD-2024-013214,19-Dec-24,CUS-01828,PRD-0077,14,31120,435680
ORD-2024-013217,19-Dec-24,CUS-01986,PRD-0078,11,33720,370920
ORD-2024-013228,19-Dec-24,CUS-01337,PRD-0086,8,28180,225440
ORD-2024-013235,19-Dec-24,CUS-00847,PRD-0090,32,37690,1206080
ORD-2024-013236,19-Dec-24,CUS-01527,PRD-0090,3,37690,113070
ORD-2024-013240,19-Dec-24,CUS-00812,PRD-0100,6,20780,124680
ORD-2024-013254,19-Dec-24,CUS-00105,PRD-0118,2,23110,46220
ORD-2024-013257,19-Dec-24,CUS-00675,PRD-0120,14,14740,206360
ORD-2024-013260,19-Dec-24,CUS-00445,PRD-0121,8,26430,211440
ORD-2024-013261,19-Dec-24,CUS-00260,PRD-0122,8,19140,153120
ORD-2024-013267,19-Dec-24,CUS-00607,PRD-0126,7,29270,204890
ORD-2024-013285,19-Dec-24,CUS-00444,PRD-0151,9,42840,385560
ORD-2024-013292,19-Dec-24,CUS-01958,PRD-0156,4,58570,234280
ORD-2024-013293,19-Dec-24,CUS-00057,PRD-0161,32,32640,1044480
ORD-2024-013294,19-Dec-24,CUS-01337,PRD-0161,12,32640,391680
ORD-2024-013299,19-Dec-24,CUS-02231,PRD-0168,3,19490,58470
ORD-2024-013300,20-Dec-24,CUS-01648,PRD-0001,25,4970,124250
ORD-2024-013304,20-Dec-24,CUS-02314,PRD-0007,4,17070,68280
ORD-2024-013306,20-Dec-24,CUS-00105,PRD-0011,14,17170,240380
ORD-2024-013308,20-Dec-24,CUS-00313,PRD-0012,5,18410,92050
ORD-2024-013313,20-Dec-24,CUS-01049,PRD-0016,16,42680,682880
ORD-2024-013317,20-Dec-24,CUS-02245,PRD-0019,5,31240,156200
ORD-2024-013325,20-Dec-24,CUS-02382,PRD-0032,5,20370,101850
ORD-2024-013331,20-Dec-24,CUS-02318,PRD-0047,34,19060,648040
ORD-2024-013338,20-Dec-24,CUS-01340,PRD-0053,5,38950,194750
ORD-2024-013344,20-Dec-24,CUS-00651,PRD-0062,40,17890,715600
ORD-2024-013347,20-Dec-24,CUS-02275,PRD-0065,7,34000,238000
ORD-2024-013348,20-Dec-24,CUS-01301,PRD-0065,16,34000,544000
ORD-2024-013351,20-Dec-24,CUS-02380,PRD-0068,4,16320,65280
ORD-2024-013357,20-Dec-24,CUS-00922,PRD-0078,8,33720,269760
ORD-2024-013380,20-Dec-24,CUS-01487,PRD-0100,7,20780,145460
ORD-2024-013381,20-Dec-24,CUS-02282,PRD-0101,7,22590,158130
ORD-2024-013385,20-Dec-24,CUS-00102,PRD-0108,9,30750,276750
ORD-2024-013390,20-Dec-24,CUS-01178,PRD-0118,9,23110,207990
ORD-2024-013400,20-Dec-24,CUS-00441,PRD-0125,4,15380,61520
ORD-2024-013401,20-Dec-24,CUS-01150,PRD-0125,7,15380,107660
ORD-2024-013402,20-Dec-24,CUS-00262,PRD-0125,6,15380,92280
ORD-2024-013403,20-Dec-24,CUS-01496,PRD-0125,3,15380,46140
ORD-2024-013404,20-Dec-24,CUS-00291,PRD-0125,11,15380,169180
ORD-2024-013406,20-Dec-24,CUS-01486,PRD-0128,5,20590,102950
ORD-2024-013407,20-Dec-24,CUS-02210,PRD-0129,3,17810,53430
ORD-2024-013419,20-Dec-24,CUS-02314,PRD-0151,11,42840,471240
ORD-2024-013419,20-Dec-24,CUS-02314,PRD-0151,11,42840,471240
ORD-2024-013420,20-Dec-24,CUS-00647,PRD-0151,13,42840,556920
ORD-2024-013421,20-Dec-24,CUS-00751,PRD-0151,4,42840,171360
ORD-2024-013433,20-Dec-24,CUS-01899,PRD-0156,8,58570,468560
ORD-2024-013444,20-Dec-24,CUS-02201,PRD-0169,6,15310,91860
ORD-2024-013446,21-Dec-24,CUS-01497,PRD-0002,9,5180,46620
ORD-2024-013448,21-Dec-24,CUS-01125,PRD-0004,6,4490,26940
ORD-2024-013449,21-Dec-24,CUS-00330,PRD-0005,4,3110,12440
ORD-2024-013453,21-Dec-24,CUS-01515,PRD-0013,9,11970,107730
ORD-2024-013464,21-Dec-24,CUS-01381,PRD-0037,3,25650,76950
ORD-2024-013468,21-Dec-24,CUS-00057,PRD-0057,6,18040,108240
ORD-2024-013469,21-Dec-24,CUS-01647,PRD-0057,13,18040,234520
ORD-2024-013470,21-Dec-24,CUS-00444,PRD-0060,5,57540,287700
ORD-2024-013471,21-Dec-24,CUS-02144,PRD-0063,6,15070,90420
ORD-2024-013482,21-Dec-24,CUS-00568,PRD-0082,41,30730,1259930
ORD-2024-013492,21-Dec-24,CUS-00223,PRD-0090,27,37690,1017630
ORD-2024-013493,21-Dec-24,CUS-01340,PRD-0090,12,37690,452280
ORD-2024-013497,21-Dec-24,CUS-01338,PRD-0093,16,23080,369280
ORD-2024-013498,21-Dec-24,CUS-00901,PRD-0098,5,15320,76600
ORD-2024-013501,21-Dec-24,CUS-01824,PRD-0100,10,20780,207800
ORD-2024-013502,21-Dec-24,CUS-02253,PRD-0100,4,20780,83120
ORD-2024-013505,21-Dec-24,CUS-00046,PRD-0108,4,30750,123000
ORD-2024-013510,21-Dec-24,CUS-01978,PRD-0125,12,15380,184560
ORD-2024-013512,21-Dec-24,CUS-00890,PRD-0128,4,20590,82360
ORD-2024-013518,21-Dec-24,CUS-01236,PRD-0151,9,42840,385560
ORD-2024-013524,21-Dec-24,CUS-00437,PRD-0163,5,27790,138950
ORD-2024-013527,21-Dec-24,CUS-01465,PRD-0166,7,25650,179550
ORD-2024-013529,22-Dec-24,CUS-01694,PRD-0002,8,5180,41440
ORD-2024-013534,22-Dec-24,CUS-01574,PRD-0016,4,42680,170720
ORD-2024-013535,22-Dec-24,CUS-01627,PRD-0019,4,31240,124960
ORD-2024-013537,22-Dec-24,CUS-02245,PRD-0051,6,43070,258420
ORD-2024-013542,22-Dec-24,CUS-01818,PRD-0068,6,16320,97920
ORD-2024-013544,22-Dec-24,CUS-00775,PRD-0076,4,28050,112200
ORD-2024-013548,22-Dec-24,CUS-01790,PRD-0086,3,28180,84540
ORD-2024-013553,22-Dec-24,CUS-00162,PRD-0102,2,17050,34100
ORD-2024-013554,22-Dec-24,CUS-01238,PRD-0106,7,41890,293230
ORD-2024-013560,22-Dec-24,CUS-02097,PRD-0125,13,15380,199940
ORD-2024-013561,22-Dec-24,CUS-02212,PRD-0125,4,15380,61520
ORD-2024-013562,22-Dec-24,CUS-02195,PRD-0125,13,15380,199940
ORD-2024-013563,22-Dec-24,CUS-00084,PRD-0127,8,16760,134080
ORD-2024-013565,22-Dec-24,CUS-02234,PRD-0135,5,32900,164500
ORD-2024-013570,22-Dec-24,CUS-00863,PRD-0151,16,42840,685440
ORD-2024-013571,22-Dec-24,CUS-01600,PRD-0151,3,42840,128520
ORD-2024-013577,22-Dec-24,CUS-01373,PRD-0166,17,25650,436050
ORD-2024-013578,23-Dec-24,CUS-00505,PRD-0002,3,5180,15540
ORD-2024-013579,23-Dec-24,CUS-00761,PRD-0004,1,4490,4490
ORD-2024-013584,23-Dec-24,CUS-02280,PRD-0007,7,17070,119490
ORD-2024-013585,23-Dec-24,CUS-00660,PRD-0007,1,17070,17070
ORD-2024-013594,23-Dec-24,CUS-01449,PRD-0034,6,15350,92100
ORD-2024-013595,23-Dec-24,CUS-01150,PRD-0035,8,13660,109280
ORD-2024-013596,23-Dec-24,CUS-01114,PRD-0036,3,20500,61500
ORD-2024-013609,23-Dec-24,CUS-01085,PRD-0052,1,43630,43630
ORD-2024-013610,23-Dec-24,CUS-01324,PRD-0053,12,38950,467400
ORD-2024-013618,23-Dec-24,CUS-00305,PRD-0061,11,16320,179520
ORD-2024-013624,23-Dec-24,CUS-02439,PRD-0065,18,34000,612000
ORD-2024-013635,23-Dec-24,CUS-02384,PRD-0078,8,33720,269760
ORD-2024-013639,23-Dec-24,CUS-00618,PRD-0083,8,23690,189520
ORD-2024-013640,23-Dec-24,CUS-02394,PRD-0084,4,27760,111040
ORD-2024-013641,23-Dec-24,CUS-01393,PRD-0084,16,27760,444160
ORD-2024-013654,23-Dec-24,CUS-01667,PRD-0090,4,37690,150760
ORD-2024-013655,23-Dec-24,CUS-02001,PRD-0090,6,37690,226140
ORD-2024-013665,23-Dec-24,CUS-00948,PRD-0093,5,23080,115400
ORD-2024-013672,23-Dec-24,CUS-00485,PRD-0109,1,30700,30700
ORD-2024-013677,23-Dec-24,CUS-02126,PRD-0121,1,26430,26430
ORD-2024-013679,23-Dec-24,CUS-01178,PRD-0125,6,15380,92280
ORD-2024-013682,23-Dec-24,CUS-01154,PRD-0135,4,32900,131600
ORD-2024-013689,23-Dec-24,CUS-00811,PRD-0145,15,31800,477000
ORD-2024-013690,23-Dec-24,CUS-01917,PRD-0145,7,31800,222600
ORD-2024-013692,23-Dec-24,CUS-00225,PRD-0149,11,45880,504680
ORD-2024-013699,23-Dec-24,CUS-01507,PRD-0151,8,42840,342720
ORD-2024-013700,23-Dec-24,CUS-01627,PRD-0151,16,42840,685440
ORD-2024-013701,23-Dec-24,CUS-01064,PRD-0151,2,42840,85680
ORD-2024-013709,23-Dec-24,CUS-00806,PRD-0162,7,28900,202300
ORD-2024-013710,23-Dec-24,CUS-01909,PRD-0164,5,19920,99600
ORD-2024-013714,23-Dec-24,CUS-00532,PRD-0166,2,25650,51300
ORD-2024-013717,24-Dec-24,CUS-01143,PRD-0007,4,17070,68280
ORD-2024-013721,24-Dec-24,CUS-02035,PRD-0019,23,31240,718520
ORD-2024-013730,24-Dec-24,CUS-01774,PRD-0039,34,14770,502180
ORD-2024-013733,24-Dec-24,CUS-02231,PRD-0045,3,7340,22020
ORD-2024-013742,24-Dec-24,CUS-01626,PRD-0063,7,15070,105490
ORD-2024-013748,24-Dec-24,CUS-00965,PRD-0074,14,38390,537460
ORD-2024-013750,24-Dec-24,CUS-00262,PRD-0079,6,46870,281220
ORD-2024-013753,24-Dec-24,CUS-00073,PRD-0082,6,30730,184380
ORD-2024-013754,24-Dec-24,CUS-00964,PRD-0082,7,30730,215110
ORD-2024-013754,24-Dec-24,CUS-00964,PRD-0082,7,30730,215110
ORD-2024-013758,24-Dec-24,CUS-00441,PRD-0088,3,15290,45870
ORD-2024-013766,24-Dec-24,CUS-01373,PRD-0091,17,27010,459170
ORD-2024-013773,24-Dec-24,CUS-02048,PRD-0100,3,20780,62340
ORD-2024-013784,24-Dec-24,CUS-02379,PRD-0122,7,19140,133980
ORD-2024-013787,24-Dec-24,CUS-00229,PRD-0128,2,20590,41180
ORD-2024-013791,24-Dec-24,CUS-02193,PRD-0138,7,27020,189140
ORD-2024-013794,24-Dec-24,CUS-00597,PRD-0142,2,52030,104060
ORD-2024-013796,24-Dec-24,CUS-00248,PRD-0146,6,34820,208920
ORD-2024-013803,24-Dec-24,CUS-00034,PRD-0151,11,42840,471240
ORD-2024-013804,24-Dec-24,CUS-02020,PRD-0151,8,42840,342720
ORD-2024-013812,24-Dec-24,CUS-01828,PRD-0161,8,32640,261120
ORD-2024-013813,24-Dec-24,CUS-00607,PRD-0161,5,32640,163200
ORD-2024-013814,24-Dec-24,CUS-00184,PRD-0163,10,27790,277900
ORD-2024-013817,25-Dec-24,CUS-01936,PRD-0004,3,4490,13470
ORD-2024-013818,25-Dec-24,CUS-01801,PRD-0004,4,4490,17960
ORD-2024-013825,25-Dec-24,CUS-01195,PRD-0015,3,8500,25500
ORD-2024-013827,25-Dec-24,CUS-01822,PRD-0016,1,42680,42680
ORD-2024-013828,25-Dec-24,CUS-01652,PRD-0019,6,31240,187440
ORD-2024-013829,25-Dec-24,CUS-00532,PRD-0020,5,29210,146050
ORD-2024-013831,25-Dec-24,CUS-01062,PRD-0025,2,5090,10180
ORD-2024-013835,25-Dec-24,CUS-01660,PRD-0035,11,13660,150260
ORD-2024-013841,25-Dec-24,CUS-00852,PRD-0057,10,18040,180400
ORD-2024-013846,25-Dec-24,CUS-01486,PRD-0065,10,34000,340000
ORD-2024-013847,25-Dec-24,CUS-00665,PRD-0065,4,34000,136000
ORD-2024-013848,25-Dec-24,CUS-00607,PRD-0067,7,12380,86660
ORD-2024-013852,25-Dec-24,CUS-00717,PRD-0077,23,31120,715760
ORD-2024-013853,25-Dec-24,CUS-01465,PRD-0077,11,31120,342320
ORD-2024-013857,25-Dec-24,CUS-02012,PRD-0081,5,42190,210950
ORD-2024-013859,25-Dec-24,CUS-01182,PRD-0082,2,30730,61460
ORD-2024-013862,25-Dec-24,CUS-00545,PRD-0083,11,23690,260590
ORD-2024-013864,25-Dec-24,CUS-02439,PRD-0088,8,15290,122320
ORD-2024-013874,25-Dec-24,CUS-02164,PRD-0090,10,37690,376900
ORD-2024-013875,25-Dec-24,CUS-00330,PRD-0090,7,37690,263830
ORD-2024-013876,25-Dec-24,CUS-00850,PRD-0090,11,37690,414590
ORD-2024-013880,25-Dec-24,CUS-00454,PRD-0092,11,30260,332860
ORD-2024-013880,25-Dec-24,CUS-00454,PRD-0092,11,30260,332860
ORD-2024-013881,25-Dec-24,CUS-01218,PRD-0093,4,23080,92320
ORD-2024-013896,25-Dec-24,CUS-00490,PRD-0122,19,19140,363660
ORD-2024-013899,25-Dec-24,CUS-00915,PRD-0125,25,15380,384500
ORD-2024-013901,25-Dec-24,CUS-00381,PRD-0127,15,16760,251400
ORD-2024-013902,25-Dec-24,CUS-01183,PRD-0130,10,13600,136000
ORD-2024-013905,25-Dec-24,CUS-00099,PRD-0135,2,32900,65800
ORD-2024-013923,25-Dec-24,CUS-01790,PRD-0160,16,32940,527040
ORD-2024-013930,25-Dec-24,CUS-01067,PRD-0165,7,23380,163660
ORD-2024-013937,26-Dec-24,CUS-00291,PRD-0007,17,17070,290190
ORD-2024-013941,26-Dec-24,CUS-00973,PRD-0017,9,39680,357120
ORD-2024-013943,26-Dec-24,CUS-00782,PRD-0019,3,31240,93720
ORD-2024-013944,26-Dec-24,CUS-00870,PRD-0020,3,29210,87630
ORD-2024-013960,26-Dec-24,CUS-00382,PRD-0046,6,17360,104160
ORD-2024-013972,26-Dec-24,CUS-01168,PRD-0060,8,57540,460320
ORD-2024-013976,26-Dec-24,CUS-00964,PRD-0064,14,36350,508900
ORD-2024-013980,26-Dec-24,CUS-01762,PRD-0076,12,28050,336600
ORD-2024-013981,26-Dec-24,CUS-01706,PRD-0077,5,31120,155600
ORD-2024-013982,26-Dec-24,CUS-02222,PRD-0077,26,31120,809120
ORD-2024-013984,26-Dec-24,CUS-00180,PRD-0080,10,23900,239000
ORD-2024-013985,26-Dec-24,CUS-02325,PRD-0081,13,42190,548470
ORD-2024-013991,26-Dec-24,CUS-00368,PRD-0086,2,28180,56360
ORD-2024-013992,26-Dec-24,CUS-00618,PRD-0086,3,28180,84540
ORD-2024-013997,26-Dec-24,CUS-01124,PRD-0090,4,37690,150760
ORD-2024-013998,26-Dec-24,CUS-01801,PRD-0090,2,37690,75380
ORD-2024-014005,26-Dec-24,CUS-00368,PRD-0100,16,20780,332480
ORD-2024-014017,26-Dec-24,CUS-00808,PRD-0118,5,23110,115550
ORD-2024-014024,26-Dec-24,CUS-01067,PRD-0125,7,15380,107660
ORD-2024-014026,26-Dec-24,CUS-00847,PRD-0126,8,29270,234160
ORD-2024-014029,26-Dec-24,CUS-01588,PRD-0135,5,32900,164500
ORD-2024-014035,26-Dec-24,CUS-02428,PRD-0142,3,52030,156090
ORD-2024-014038,26-Dec-24,CUS-01049,PRD-0147,10,32330,323300
ORD-2024-014045,26-Dec-24,CUS-00259,PRD-0151,18,42840,771120
ORD-2024-014052,26-Dec-24,CUS-00887,PRD-0153,4,24220,96880
ORD-2024-014056,26-Dec-24,CUS-02366,PRD-0158,7,33720,236040
ORD-2024-014061,26-Dec-24,CUS-02082,PRD-0163,9,27790,250110
ORD-2024-014070,27-Dec-24,CUS-02088,PRD-0004,4,4490,17960
ORD-2024-014082,27-Dec-24,CUS-00313,PRD-0045,5,7340,36700
ORD-2024-014095,27-Dec-24,CUS-02038,PRD-0060,12,57540,690480
ORD-2024-014101,27-Dec-24,CUS-00438,PRD-0062,2,17890,35780
ORD-2024-014107,27-Dec-24,CUS-00318,PRD-0067,10,12380,123800
ORD-2024-014108,27-Dec-24,CUS-00853,PRD-0067,11,12380,136180
ORD-2024-014118,27-Dec-24,CUS-01124,PRD-0077,12,31120,373440
ORD-2024-014120,27-Dec-24,CUS-01246,PRD-0082,7,30730,215110
ORD-2024-014129,27-Dec-24,CUS-00465,PRD-0086,5,28180,140900
ORD-2024-014129,27-Dec-24,CUS-00465,PRD-0086,5,28180,140900
ORD-2024-014130,27-Dec-24,CUS-00299,PRD-0086,14,28180,394520
ORD-2024-014137,27-Dec-24,CUS-01537,PRD-0090,10,37690,376900
ORD-2024-014138,27-Dec-24,CUS-01987,PRD-0090,10,37690,376900
ORD-2024-014142,27-Dec-24,CUS-02020,PRD-0093,1,23080,23080
ORD-2024-014143,27-Dec-24,CUS-01762,PRD-0098,9,15320,137880
ORD-2024-014148,27-Dec-24,CUS-02193,PRD-0100,1,20780,20780
ORD-2024-014150,27-Dec-24,CUS-02164,PRD-0108,2,30750,61500
ORD-2024-014153,27-Dec-24,CUS-02279,PRD-0113,21,10420,218820
ORD-2024-014169,27-Dec-24,CUS-00301,PRD-0122,5,19140,95700
ORD-2024-014170,27-Dec-24,CUS-01616,PRD-0122,3,19140,57420
ORD-2024-014175,27-Dec-24,CUS-01723,PRD-0125,21,15380,322980
ORD-2024-014176,27-Dec-24,CUS-00942,PRD-0125,4,15380,61520
ORD-2024-014183,27-Dec-24,CUS-00717,PRD-0142,6,52030,312180
ORD-2024-014186,27-Dec-24,CUS-01106,PRD-0143,2,48640,97280
ORD-2024-014187,27-Dec-24,CUS-00863,PRD-0145,9,31800,286200
ORD-2024-014211,27-Dec-24,CUS-02220,PRD-0165,15,23380,350700
ORD-2024-014219,28-Dec-24,CUS-02276,PRD-0012,26,18410,478660
ORD-2024-014220,28-Dec-24,CUS-00735,PRD-0017,11,39680,436480
ORD-2024-014238,28-Dec-24,CUS-01860,PRD-0062,8,17890,143120
ORD-2024-014239,28-Dec-24,CUS-01896,PRD-0067,2,12380,24760
ORD-2024-014240,28-Dec-24,CUS-00119,PRD-0068,5,16320,81600
ORD-2024-014241,28-Dec-24,CUS-01809,PRD-0076,8,28050,224400
ORD-2024-014250,28-Dec-24,CUS-00416,PRD-0085,4,32580,130320
ORD-2024-014251,28-Dec-24,CUS-01338,PRD-0086,10,28180,281800
ORD-2024-014258,28-Dec-24,CUS-01257,PRD-0090,8,37690,301520
ORD-2024-014259,28-Dec-24,CUS-02419,PRD-0090,7,37690,263830
ORD-2024-014265,28-Dec-24,CUS-02323,PRD-0100,15,20780,311700
ORD-2024-014267,28-Dec-24,CUS-01487,PRD-0108,13,30750,399750
ORD-2024-014268,28-Dec-24,CUS-02007,PRD-0109,2,30700,61400
ORD-2024-014270,28-Dec-24,CUS-00008,PRD-0115,7,21210,148470
ORD-2024-014275,28-Dec-24,CUS-01622,PRD-0127,5,16760,83800
ORD-2024-014276,28-Dec-24,CUS-02478,PRD-0127,2,16760,33520
ORD-2024-014280,28-Dec-24,CUS-00034,PRD-0142,11,52030,572330
ORD-2024-014285,28-Dec-24,CUS-01236,PRD-0156,2,58570,117140
ORD-2024-014287,28-Dec-24,CUS-00830,PRD-0160,17,32940,559980
ORD-2024-014288,28-Dec-24,CUS-01933,PRD-0160,12,32940,395280
ORD-2024-014298,29-Dec-24,CUS-00104,PRD-0011,6,17170,103020
ORD-2024-014304,29-Dec-24,CUS-02242,PRD-0070,3,19240,57720
ORD-2024-014316,29-Dec-24,CUS-02179,PRD-0090,2,37690,75380
ORD-2024-014317,29-Dec-24,CUS-01324,PRD-0090,5,37690,188450
ORD-2024-014328,29-Dec-24,CUS-00647,PRD-0128,5,20590,102950
ORD-2024-014329,29-Dec-24,CUS-01382,PRD-0140,3,27740,83220
ORD-2024-014334,29-Dec-24,CUS-00727,PRD-0151,10,42840,428400
ORD-2024-014339,30-Dec-24,CUS-01635,PRD-0004,13,4490,58370
ORD-2024-014344,30-Dec-24,CUS-02164,PRD-0020,9,29210,262890
ORD-2024-014352,30-Dec-24,CUS-00353,PRD-0051,11,43070,473770
ORD-2024-014353,30-Dec-24,CUS-01281,PRD-0051,14,43070,602980
ORD-2024-014354,30-Dec-24,CUS-02411,PRD-0051,5,43070,215350
ORD-2024-014357,30-Dec-24,CUS-00575,PRD-0057,3,18040,54120
ORD-2024-014358,30-Dec-24,CUS-00714,PRD-0058,16,17980,287680
ORD-2024-014362,30-Dec-24,CUS-00008,PRD-0067,7,12380,86660
ORD-2024-014366,30-Dec-24,CUS-00046,PRD-0076,8,28050,224400
ORD-2024-014369,30-Dec-24,CUS-00015,PRD-0082,2,30730,61460
ORD-2024-014372,30-Dec-24,CUS-00297,PRD-0084,13,27760,360880
ORD-2024-014377,30-Dec-24,CUS-02292,PRD-0088,9,15290,137610
ORD-2024-014383,30-Dec-24,CUS-02053,PRD-0090,8,37690,301520
ORD-2024-014384,30-Dec-24,CUS-01954,PRD-0090,8,37690,301520
ORD-2024-014391,30-Dec-24,CUS-01766,PRD-0093,17,23080,392360
ORD-2024-014392,30-Dec-24,CUS-01044,PRD-0093,7,23080,161560
ORD-2024-014400,30-Dec-24,CUS-00089,PRD-0100,5,20780,103900
ORD-2024-014405,30-Dec-24,CUS-02325,PRD-0108,4,30750,123000
ORD-2024-014412,30-Dec-24,CUS-01909,PRD-0118,5,23110,115550
ORD-2024-014415,30-Dec-24,CUS-01142,PRD-0121,7,26430,185010
ORD-2024-014420,30-Dec-24,CUS-01954,PRD-0123,2,14410,28820
ORD-2024-014423,30-Dec-24,CUS-01165,PRD-0125,3,15380,46140
ORD-2024-014427,30-Dec-24,CUS-00717,PRD-0128,5,20590,102950
ORD-2024-014429,30-Dec-24,CUS-02183,PRD-0132,5,38360,191800
ORD-2024-014430,30-Dec-24,CUS-01514,PRD-0135,5,32900,164500
ORD-2024-014431,30-Dec-24,CUS-01626,PRD-0135,9,32900,296100
ORD-2024-014435,30-Dec-24,CUS-00012,PRD-0139,4,33360,133440
ORD-2024-014436,30-Dec-24,CUS-02427,PRD-0139,3,33360,100080
ORD-2024-014442,30-Dec-24,CUS-02401,PRD-0151,22,42840,942480
ORD-2024-014443,30-Dec-24,CUS-01281,PRD-0151,8,42840,342720
ORD-2024-014449,30-Dec-24,CUS-00149,PRD-0161,6,32640,195840
ORD-2024-014450,30-Dec-24,CUS-02329,PRD-0161,9,32640,293760
ORD-2024-014452,30-Dec-24,CUS-01986,PRD-0162,5,28900,144500
ORD-2024-014453,30-Dec-24,CUS-00505,PRD-0163,4,27790,111160
ORD-2024-014466,31-Dec-24,CUS-02419,PRD-0017,13,39680,515840
ORD-2024-014471,31-Dec-24,CUS-00618,PRD-0023,19,16940,321860
ORD-2024-014475,31-Dec-24,CUS-01639,PRD-0034,4,15350,61400
ORD-2024-014477,31-Dec-24,CUS-01486,PRD-0039,16,14770,236320
ORD-2024-014478,31-Dec-24,CUS-01648,PRD-0039,3,14770,44310
ORD-2024-014484,31-Dec-24,CUS-00877,PRD-0057,2,18040,36080
ORD-2024-014495,31-Dec-24,CUS-01324,PRD-0068,5,16320,81600
ORD-2024-014500,31-Dec-24,CUS-02158,PRD-0077,17,31120,529040
ORD-2024-014502,31-Dec-24,CUS-00606,PRD-0080,6,23900,143400
ORD-2024-014505,31-Dec-24,CUS-00735,PRD-0082,13,30730,399490
ORD-2024-014506,31-Dec-24,CUS-01478,PRD-0083,6,23690,142140
ORD-2024-014507,31-Dec-24,CUS-01744,PRD-0085,4,32580,130320
ORD-2024-014509,31-Dec-24,CUS-01278,PRD-0086,1,28180,28180
ORD-2024-014521,31-Dec-24,CUS-00835,PRD-0091,2,27010,54020
ORD-2024-014529,31-Dec-24,CUS-00286,PRD-0108,15,30750,461250
ORD-2024-014531,31-Dec-24,CUS-01964,PRD-0109,4,30700,122800
ORD-2024-014536,31-Dec-24,CUS-02183,PRD-0118,11,23110,254210
ORD-2024-014539,31-Dec-24,CUS-02401,PRD-0122,1,19140,19140
ORD-2024-014541,31-Dec-24,CUS-01099,PRD-0123,11,14410,158510
ORD-2024-014547,31-Dec-24,CUS-02245,PRD-0125,2,15380,30760
ORD-2024-014551,31-Dec-24,CUS-01473,PRD-0135,4,32900,131600
ORD-2024-014552,31-Dec-24,CUS-01496,PRD-0135,4,32900,131600
ORD-2024-014553,31-Dec-24,CUS-00117,PRD-0135,6,32900,197400
ORD-2024-014555,31-Dec-24,CUS-01914,PRD-0140,2,27740,55480
ORD-2024-014565,31-Dec-24,CUS-01801,PRD-0151,8,42840,342720
ORD-2024-014566,31-Dec-24,CUS-02260,PRD-0151,4,42840,171360
ORD-2024-014573,31-Dec-24,CUS-00775,PRD-0156,3,58570,175710
ORD-2024-014585,31-Dec-24,CUS-01236,PRD-0170,5,17370,86850
ORD-2025-014595,01-Jan-25,CUS-01951,PRD-0049,7,18190,127330
ORD-2025-014596,01-Jan-25,CUS-00454,PRD-0051,4,43070,172280
ORD-2025-014607,01-Jan-25,CUS-00262,PRD-0077,10,31120,311200
ORD-2025-014608,01-Jan-25,CUS-00927,PRD-0085,15,32580,488700
ORD-2025-014614,01-Jan-25,CUS-02318,PRD-0100,9,20780,187020
ORD-2025-014623,01-Jan-25,CUS-01766,PRD-0125,4,15380,61520
ORD-2025-014624,01-Jan-25,CUS-00571,PRD-0125,10,15380,153800
ORD-2025-014625,01-Jan-25,CUS-02189,PRD-0137,4,27650,110600
ORD-2025-014633,01-Jan-25,CUS-00454,PRD-0154,1,42470,42470
ORD-2025-014636,01-Jan-25,CUS-01667,PRD-0160,2,32940,65880
ORD-2025-014645,01-Jan-25,CUS-02401,PRD-0170,9,17370,156330
ORD-2025-014649,02-Jan-25,CUS-01605,PRD-0006,7,3060,21420
ORD-2025-014659,02-Jan-25,CUS-01822,PRD-0048,3,16870,50610
ORD-2025-014662,02-Jan-25,CUS-01958,PRD-0052,2,43630,87260
ORD-2025-014666,02-Jan-25,CUS-02087,PRD-0059,9,50810,457290
ORD-2025-014668,02-Jan-25,CUS-01473,PRD-0077,9,31120,280080
ORD-2025-014669,02-Jan-25,CUS-02292,PRD-0077,12,31120,373440
ORD-2025-014676,02-Jan-25,CUS-01070,PRD-0086,13,28180,366340
ORD-2025-014688,02-Jan-25,CUS-01978,PRD-0091,5,27010,135050
ORD-2025-014698,02-Jan-25,CUS-00958,PRD-0113,15,10420,156300
ORD-2025-014700,02-Jan-25,CUS-02334,PRD-0120,7,14740,103180
ORD-2025-014702,02-Jan-25,CUS-01101,PRD-0123,8,14410,115280
ORD-2025-014710,02-Jan-25,CUS-00055,PRD-0142,7,52030,364210
ORD-2025-014711,02-Jan-25,CUS-00708,PRD-0142,7,52030,364210
ORD-2025-014720,02-Jan-25,CUS-00762,PRD-0156,24,58570,1405680
ORD-2025-014721,02-Jan-25,CUS-01427,PRD-0156,4,58570,234280
ORD-2025-014724,03-Jan-25,CUS-00180,PRD-0004,15,4490,67350
ORD-2025-014730,03-Jan-25,CUS-00454,PRD-0019,3,31240,93720
ORD-2025-014730,03-Jan-25,CUS-00454,PRD-0019,3,31240,93720
ORD-2025-014758,03-Jan-25,CUS-01388,PRD-0090,7,37690,263830
ORD-2025-014759,03-Jan-25,CUS-00440,PRD-0090,3,37690,113070
ORD-2025-014766,03-Jan-25,CUS-01976,PRD-0118,3,23110,69330
ORD-2025-014770,03-Jan-25,CUS-01735,PRD-0125,2,15380,30760
ORD-2025-014771,03-Jan-25,CUS-00570,PRD-0125,1,15380,15380
ORD-2025-014775,03-Jan-25,CUS-01514,PRD-0138,5,27020,135100
ORD-2025-014778,03-Jan-25,CUS-00717,PRD-0142,15,52030,780450
ORD-2025-014790,03-Jan-25,CUS-02464,PRD-0166,25,25650,641250
ORD-2025-014793,04-Jan-25,CUS-01206,PRD-0020,6,29210,175260
ORD-2025-014800,04-Jan-25,CUS-01024,PRD-0064,4,36350,145400
ORD-2025-014808,04-Jan-25,CUS-01549,PRD-0080,12,23900,286800
ORD-2025-014809,04-Jan-25,CUS-01735,PRD-0080,13,23900,310700
ORD-2025-014811,04-Jan-25,CUS-00568,PRD-0086,11,28180,309980
ORD-2025-014827,04-Jan-25,CUS-01978,PRD-0116,2,17680,35360
ORD-2025-014846,04-Jan-25,CUS-01182,PRD-0151,2,42840,85680
ORD-2025-014850,04-Jan-25,CUS-00146,PRD-0165,8,23380,187040
ORD-2025-014851,04-Jan-25,CUS-00162,PRD-0165,14,23380,327320
ORD-2025-014852,04-Jan-25,CUS-00038,PRD-0166,9,25650,230850
ORD-2025-014853,04-Jan-25,CUS-01977,PRD-0167,19,14020,266380
ORD-2025-014854,05-Jan-25,CUS-02027,PRD-0033,1,11040,11040
ORD-2025-014855,05-Jan-25,CUS-00499,PRD-0033,3,11040,33120
ORD-2025-014864,05-Jan-25,CUS-00417,PRD-0090,35,37690,1319150
ORD-2025-014868,05-Jan-25,CUS-00013,PRD-0109,2,30700,61400
ORD-2025-014872,05-Jan-25,CUS-00001,PRD-0151,35,42840,1499400
ORD-2025-014877,06-Jan-25,CUS-01674,PRD-0005,25,3110,77750
ORD-2025-014881,06-Jan-25,CUS-02258,PRD-0022,7,11680,81760
ORD-2025-014882,06-Jan-25,CUS-01992,PRD-0026,9,4150,37350
ORD-2025-014888,06-Jan-25,CUS-00856,PRD-0039,13,14770,192010
ORD-2025-014897,06-Jan-25,CUS-00683,PRD-0068,5,16320,81600
ORD-2025-014907,06-Jan-25,CUS-00368,PRD-0086,6,28180,169080
ORD-2025-014909,06-Jan-25,CUS-01113,PRD-0090,5,37690,188450
ORD-2025-014913,06-Jan-25,CUS-00812,PRD-0093,1,23080,23080
ORD-2025-014920,06-Jan-25,CUS-01381,PRD-0108,71,30750,2183250
ORD-2025-014925,06-Jan-25,CUS-01648,PRD-0118,5,23110,115550
ORD-2025-014934,06-Jan-25,CUS-00382,PRD-0128,26,20590,535340
ORD-2025-014940,06-Jan-25,CUS-00877,PRD-0144,6,31990,191940
ORD-2025-014944,06-Jan-25,CUS-01195,PRD-0151,1,42840,42840
ORD-2025-014950,06-Jan-25,CUS-01956,PRD-0161,9,32640,293760
ORD-2025-014957,07-Jan-25,CUS-00451,PRD-0007,5,17070,85350
ORD-2025-014959,07-Jan-25,CUS-00870,PRD-0031,5,36660,183300
ORD-2025-014968,07-Jan-25,CUS-00864,PRD-0076,3,28050,84150
ORD-2025-014973,07-Jan-25,CUS-00223,PRD-0083,25,23690,592250
ORD-2025-014988,07-Jan-25,CUS-01437,PRD-0100,11,20780,228580
ORD-2025-014991,07-Jan-25,CUS-01951,PRD-0113,26,10420,270920
ORD-2025-014999,07-Jan-25,CUS-02246,PRD-0149,17,45880,779960
ORD-2025-015007,07-Jan-25,CUS-00944,PRD-0160,13,32940,428220
ORD-2025-015010,07-Jan-25,CUS-01108,PRD-0162,10,28900,289000
ORD-2025-015013,07-Jan-25,CUS-00852,PRD-0165,2,23380,46760
ORD-2025-015016,08-Jan-25,CUS-01647,PRD-0005,2,3110,6220
ORD-2025-015018,08-Jan-25,CUS-00806,PRD-0012,7,18410,128870
ORD-2025-015021,08-Jan-25,CUS-00226,PRD-0018,4,62570,250280
ORD-2025-015024,08-Jan-25,CUS-02122,PRD-0037,8,25650,205200
ORD-2025-015030,08-Jan-25,CUS-01714,PRD-0057,10,18040,180400
ORD-2025-015032,08-Jan-25,CUS-00679,PRD-0067,11,12380,136180
ORD-2025-015036,08-Jan-25,CUS-01947,PRD-0077,13,31120,404560
ORD-2025-015046,08-Jan-25,CUS-01504,PRD-0093,2,23080,46160
ORD-2025-015049,08-Jan-25,CUS-00966,PRD-0105,4,41060,164240
ORD-2025-015056,08-Jan-25,CUS-00986,PRD-0123,5,14410,72050
ORD-2025-015061,08-Jan-25,CUS-02026,PRD-0125,4,15380,61520
ORD-2025-015080,08-Jan-25,CUS-00953,PRD-0155,2,65880,131760
ORD-2025-015082,08-Jan-25,CUS-01281,PRD-0161,7,32640,228480
ORD-2025-015090,09-Jan-25,CUS-01384,PRD-0013,4,11970,47880
ORD-2025-015092,09-Jan-25,CUS-01781,PRD-0019,10,31240,312400
ORD-2025-015096,09-Jan-25,CUS-02325,PRD-0041,12,6830,81960
ORD-2025-015098,09-Jan-25,CUS-01189,PRD-0052,4,43630,174520
ORD-2025-015107,09-Jan-25,CUS-01189,PRD-0068,3,16320,48960
ORD-2025-015108,09-Jan-25,CUS-00932,PRD-0074,10,38390,383900
ORD-2025-015116,09-Jan-25,CUS-00545,PRD-0084,10,27760,277600
ORD-2025-015117,09-Jan-25,CUS-01125,PRD-0084,4,27760,111040
ORD-2025-015120,09-Jan-25,CUS-00010,PRD-0086,11,28180,309980
ORD-2025-015128,09-Jan-25,CUS-02088,PRD-0108,1,30750,30750
ORD-2025-015148,09-Jan-25,CUS-01301,PRD-0150,27,47850,1291950
ORD-2025-015153,09-Jan-25,CUS-00007,PRD-0160,2,32940,65880
ORD-2025-015160,10-Jan-25,CUS-01818,PRD-0006,6,3060,18360
ORD-2025-015173,10-Jan-25,CUS-00592,PRD-0050,9,5420,48780
ORD-2025-015178,10-Jan-25,CUS-00074,PRD-0060,8,57540,460320
ORD-2025-015186,10-Jan-25,CUS-00485,PRD-0078,9,33720,303480
ORD-2025-015187,10-Jan-25,CUS-01165,PRD-0078,12,33720,404640
ORD-2025-015197,10-Jan-25,CUS-00333,PRD-0090,2,37690,75380
ORD-2025-015198,10-Jan-25,CUS-01491,PRD-0090,7,37690,263830
ORD-2025-015201,10-Jan-25,CUS-01309,PRD-0091,14,27010,378140
ORD-2025-015202,10-Jan-25,CUS-01209,PRD-0098,4,15320,61280
ORD-2025-015206,10-Jan-25,CUS-01114,PRD-0121,17,26430,449310
ORD-2025-015207,10-Jan-25,CUS-00260,PRD-0121,18,26430,475740
ORD-2025-015210,10-Jan-25,CUS-01081,PRD-0125,20,15380,307600
ORD-2025-015217,10-Jan-25,CUS-00818,PRD-0145,13,31800,413400
ORD-2025-015226,10-Jan-25,CUS-02334,PRD-0151,19,42840,813960
ORD-2025-015232,10-Jan-25,CUS-01774,PRD-0161,7,32640,228480
ORD-2025-015236,10-Jan-25,CUS-01712,PRD-0166,13,25650,333450
ORD-2025-015244,11-Jan-25,CUS-00724,PRD-0028,60,4910,294600
ORD-2025-015248,11-Jan-25,CUS-00046,PRD-0051,2,43070,86140
ORD-2025-015255,11-Jan-25,CUS-01066,PRD-0065,3,34000,102000
ORD-2025-015257,11-Jan-25,CUS-01683,PRD-0068,10,16320,163200
ORD-2025-015271,11-Jan-25,CUS-00986,PRD-0090,2,37690,75380
ORD-2025-015275,11-Jan-25,CUS-01099,PRD-0098,8,15320,122560
ORD-2025-015278,11-Jan-25,CUS-01497,PRD-0124,9,8790,79110
ORD-2025-015280,11-Jan-25,CUS-00417,PRD-0125,6,15380,92280
ORD-2025-015286,11-Jan-25,CUS-02323,PRD-0151,4,42840,171360
ORD-2025-015314,12-Jan-25,CUS-02134,PRD-0141,6,38600,231600
ORD-2025-015316,12-Jan-25,CUS-00021,PRD-0156,17,58570,995690
ORD-2025-015324,13-Jan-25,CUS-02182,PRD-0025,4,5090,20360
ORD-2025-015329,13-Jan-25,CUS-01124,PRD-0039,12,14770,177240
ORD-2025-015337,13-Jan-25,CUS-01359,PRD-0068,3,16320,48960
ORD-2025-015345,13-Jan-25,CUS-01412,PRD-0086,3,28180,84540
ORD-2025-015352,13-Jan-25,CUS-02135,PRD-0090,15,37690,565350
ORD-2025-015353,13-Jan-25,CUS-02071,PRD-0090,11,37690,414590
ORD-2025-015367,13-Jan-25,CUS-02219,PRD-0119,7,21950,153650
ORD-2025-015369,13-Jan-25,CUS-00887,PRD-0121,4,26430,105720
ORD-2025-015377,13-Jan-25,CUS-00013,PRD-0134,5,34970,174850
ORD-2025-015378,13-Jan-25,CUS-01118,PRD-0135,8,32900,263200
ORD-2025-015380,13-Jan-25,CUS-02442,PRD-0138,9,27020,243180
ORD-2025-015384,13-Jan-25,CUS-02001,PRD-0148,1,27270,27270
ORD-2025-015389,13-Jan-25,CUS-01969,PRD-0151,10,42840,428400
ORD-2025-015390,13-Jan-25,CUS-01812,PRD-0151,9,42840,385560
ORD-2025-015396,13-Jan-25,CUS-01024,PRD-0156,13,58570,761410
ORD-2025-015400,13-Jan-25,CUS-00328,PRD-0165,3,23380,70140
ORD-2025-015406,14-Jan-25,CUS-02243,PRD-0007,4,17070,68280
ORD-2025-015408,14-Jan-25,CUS-01667,PRD-0011,9,17170,154530
ORD-2025-015410,14-Jan-25,CUS-01735,PRD-0016,5,42680,213400
ORD-2025-015411,14-Jan-25,CUS-00623,PRD-0020,11,29210,321310
ORD-2025-015418,14-Jan-25,CUS-00276,PRD-0057,6,18040,108240
ORD-2025-015430,14-Jan-25,CUS-00441,PRD-0069,2,17210,34420
ORD-2025-015435,14-Jan-25,CUS-01795,PRD-0077,16,31120,497920
ORD-2025-015439,14-Jan-25,CUS-01550,PRD-0083,5,23690,118450
ORD-2025-015442,14-Jan-25,CUS-01264,PRD-0085,1,32580,32580
ORD-2025-015449,14-Jan-25,CUS-02321,PRD-0093,5,23080,115400
ORD-2025-015450,14-Jan-25,CUS-01744,PRD-0098,8,15320,122560
ORD-2025-015459,14-Jan-25,CUS-02158,PRD-0128,4,20590,82360
ORD-2025-015460,14-Jan-25,CUS-00079,PRD-0132,9,38360,345240
ORD-2025-015461,14-Jan-25,CUS-02048,PRD-0138,16,27020,432320
ORD-2025-015466,14-Jan-25,CUS-01219,PRD-0150,3,47850,143550
ORD-2025-015486,15-Jan-25,CUS-00262,PRD-0021,19,19390,368410
ORD-2025-015495,15-Jan-25,CUS-00575,PRD-0053,11,38950,428450
ORD-2025-015505,15-Jan-25,CUS-02087,PRD-0077,3,31120,93360
ORD-2025-015506,15-Jan-25,CUS-01605,PRD-0077,3,31120,93360
ORD-2025-015513,15-Jan-25,CUS-01983,PRD-0086,51,28180,1437180
ORD-2025-015519,15-Jan-25,CUS-01650,PRD-0090,8,37690,301520
ORD-2025-015527,15-Jan-25,CUS-02205,PRD-0113,18,10420,187560
ORD-2025-015534,15-Jan-25,CUS-00528,PRD-0125,4,15380,61520
ORD-2025-015537,15-Jan-25,CUS-02459,PRD-0127,14,16760,234640
ORD-2025-015538,15-Jan-25,CUS-01182,PRD-0128,5,20590,102950
ORD-2025-015539,15-Jan-25,CUS-02497,PRD-0131,26,31140,809640
ORD-2025-015546,15-Jan-25,CUS-00052,PRD-0153,5,24220,121100
ORD-2025-015547,15-Jan-25,CUS-00465,PRD-0153,2,24220,48440
ORD-2025-015557,15-Jan-25,CUS-01236,PRD-0166,2,25650,51300
ORD-2025-015561,16-Jan-25,CUS-01639,PRD-0015,9,8500,76500
ORD-2025-015564,16-Jan-25,CUS-01487,PRD-0030,6,25250,151500
ORD-2025-015573,16-Jan-25,CUS-02373,PRD-0068,8,16320,130560
ORD-2025-015584,16-Jan-25,CUS-01669,PRD-0090,5,37690,188450
ORD-2025-015585,16-Jan-25,CUS-02201,PRD-0090,6,37690,226140
ORD-2025-015586,16-Jan-25,CUS-01338,PRD-0090,24,37690,904560
ORD-2025-015587,16-Jan-25,CUS-01218,PRD-0090,5,37690,188450
ORD-2025-015592,16-Jan-25,CUS-02122,PRD-0111,4,12240,48960
ORD-2025-015601,16-Jan-25,CUS-00382,PRD-0125,11,15380,169180
ORD-2025-015615,16-Jan-25,CUS-02382,PRD-0156,6,58570,351420
ORD-2025-015620,16-Jan-25,CUS-00010,PRD-0165,13,23380,303940
ORD-2025-015628,17-Jan-25,CUS-00571,PRD-0035,7,13660,95620
ORD-2025-015634,17-Jan-25,CUS-00995,PRD-0055,5,16990,84950
ORD-2025-015638,17-Jan-25,CUS-01101,PRD-0063,20,15070,301400
ORD-2025-015638,17-Jan-25,CUS-01101,PRD-0063,20,15070,301400
ORD-2025-015647,17-Jan-25,CUS-00353,PRD-0076,7,28050,196350
ORD-2025-015650,17-Jan-25,CUS-00219,PRD-0082,6,30730,184380
ORD-2025-015660,17-Jan-25,CUS-00416,PRD-0090,16,37690,603040
ORD-2025-015667,17-Jan-25,CUS-02233,PRD-0108,5,30750,153750
ORD-2025-015669,17-Jan-25,CUS-01936,PRD-0110,9,30350,273150
ORD-2025-015674,17-Jan-25,CUS-02497,PRD-0121,6,26430,158580
ORD-2025-015676,17-Jan-25,CUS-02260,PRD-0128,4,20590,82360
ORD-2025-015687,17-Jan-25,CUS-01820,PRD-0151,7,42840,299880
ORD-2025-015695,17-Jan-25,CUS-01395,PRD-0162,6,28900,173400
ORD-2025-015705,18-Jan-25,CUS-00100,PRD-0058,3,17980,53940
ORD-2025-015710,18-Jan-25,CUS-01667,PRD-0077,20,31120,622400
ORD-2025-015726,18-Jan-25,CUS-02020,PRD-0100,5,20780,103900
ORD-2025-015731,18-Jan-25,CUS-00597,PRD-0120,7,14740,103180
ORD-2025-015736,18-Jan-25,CUS-00445,PRD-0148,5,27270,136350
ORD-2025-015737,18-Jan-25,CUS-01528,PRD-0155,4,65880,263520
ORD-2025-015742,18-Jan-25,CUS-01182,PRD-0164,3,19920,59760
ORD-2025-015747,19-Jan-25,CUS-01279,PRD-0025,6,5090,30540
ORD-2025-015748,19-Jan-25,CUS-02276,PRD-0046,10,17360,173600
ORD-2025-015749,19-Jan-25,CUS-00830,PRD-0047,1,19060,19060
ORD-2025-015751,19-Jan-25,CUS-02082,PRD-0083,8,23690,189520
ORD-2025-015755,19-Jan-25,CUS-01726,PRD-0100,11,20780,228580
ORD-2025-015762,19-Jan-25,CUS-00178,PRD-0125,9,15380,138420
ORD-2025-015763,19-Jan-25,CUS-00735,PRD-0127,3,16760,50280
ORD-2025-015764,19-Jan-25,CUS-00986,PRD-0147,5,32330,161650
ORD-2025-015767,19-Jan-25,CUS-01168,PRD-0153,2,24220,48440
ORD-2025-015768,19-Jan-25,CUS-01976,PRD-0153,10,24220,242200
ORD-2025-015772,19-Jan-25,CUS-00255,PRD-0165,7,23380,163660
ORD-2025-015774,19-Jan-25,CUS-02405,PRD-0170,1,17370,17370
ORD-2025-015782,20-Jan-25,CUS-01958,PRD-0027,19,4920,93480
ORD-2025-015788,20-Jan-25,CUS-00448,PRD-0037,4,25650,102600
ORD-2025-015791,20-Jan-25,CUS-01381,PRD-0039,3,14770,44310
ORD-2025-015794,20-Jan-25,CUS-00484,PRD-0061,19,16320,310080
ORD-2025-015804,20-Jan-25,CUS-00165,PRD-0081,35,42190,1476650
ORD-2025-015807,20-Jan-25,CUS-02094,PRD-0089,5,13010,65050
ORD-2025-015812,20-Jan-25,CUS-01279,PRD-0090,39,37690,1469910
ORD-2025-015821,20-Jan-25,CUS-00830,PRD-0118,4,23110,92440
ORD-2025-015828,20-Jan-25,CUS-02239,PRD-0123,4,14410,57640
ORD-2025-015830,20-Jan-25,CUS-00105,PRD-0125,6,15380,92280
ORD-2025-015831,20-Jan-25,CUS-00015,PRD-0126,10,29270,292700
ORD-2025-015832,20-Jan-25,CUS-02435,PRD-0126,4,29270,117080
ORD-2025-015835,20-Jan-25,CUS-00233,PRD-0138,5,27020,135100
ORD-2025-015837,20-Jan-25,CUS-01305,PRD-0143,5,48640,243200
ORD-2025-015838,20-Jan-25,CUS-01674,PRD-0146,4,34820,139280
ORD-2025-015843,20-Jan-25,CUS-00619,PRD-0151,12,42840,514080
ORD-2025-015846,20-Jan-25,CUS-01838,PRD-0157,14,24810,347340
ORD-2025-015848,20-Jan-25,CUS-02026,PRD-0160,7,32940,230580
ORD-2025-015851,20-Jan-25,CUS-01585,PRD-0165,5,23380,116900
ORD-2025-015857,21-Jan-25,CUS-01960,PRD-0016,9,42680,384120
ORD-2025-015858,21-Jan-25,CUS-01522,PRD-0025,17,5090,86530
ORD-2025-015867,21-Jan-25,CUS-01254,PRD-0062,7,17890,125230
ORD-2025-015868,21-Jan-25,CUS-00288,PRD-0064,5,36350,181750
ORD-2025-015872,21-Jan-25,CUS-00291,PRD-0072,2,42600,85200
ORD-2025-015873,21-Jan-25,CUS-01622,PRD-0076,5,28050,140250
ORD-2025-015874,21-Jan-25,CUS-00692,PRD-0077,7,31120,217840
ORD-2025-015881,21-Jan-25,CUS-01721,PRD-0086,7,28180,197260
ORD-2025-015885,21-Jan-25,CUS-00300,PRD-0090,3,37690,113070
ORD-2025-015886,21-Jan-25,CUS-02442,PRD-0090,7,37690,263830
ORD-2025-015888,21-Jan-25,CUS-00388,PRD-0091,2,27010,54020
ORD-2025-015893,21-Jan-25,CUS-00821,PRD-0102,4,17050,68200
ORD-2025-015895,21-Jan-25,CUS-00764,PRD-0104,19,17130,325470
ORD-2025-015903,21-Jan-25,CUS-01960,PRD-0128,2,20590,41180
ORD-2025-015916,21-Jan-25,CUS-02037,PRD-0156,6,58570,351420
ORD-2025-015918,21-Jan-25,CUS-00853,PRD-0160,10,32940,329400
ORD-2025-015928,22-Jan-25,CUS-00986,PRD-0034,6,15350,92100
ORD-2025-015931,22-Jan-25,CUS-00017,PRD-0041,8,6830,54640
ORD-2025-015937,22-Jan-25,CUS-02406,PRD-0061,3,16320,48960
ORD-2025-015949,22-Jan-25,CUS-00602,PRD-0090,6,37690,226140
ORD-2025-015956,22-Jan-25,CUS-00375,PRD-0100,4,20780,83120
ORD-2025-015970,22-Jan-25,CUS-00585,PRD-0125,9,15380,138420
ORD-2025-015973,22-Jan-25,CUS-01465,PRD-0144,5,31990,159950
ORD-2025-015978,22-Jan-25,CUS-01735,PRD-0151,9,42840,385560
ORD-2025-015985,22-Jan-25,CUS-01714,PRD-0161,9,32640,293760
ORD-2025-015990,23-Jan-25,CUS-02329,PRD-0011,4,17170,68680
ORD-2025-015991,23-Jan-25,CUS-00950,PRD-0016,13,42680,554840
ORD-2025-016003,23-Jan-25,CUS-01160,PRD-0077,17,31120,529040
ORD-2025-016004,23-Jan-25,CUS-01909,PRD-0079,1,46870,46870
ORD-2025-016005,23-Jan-25,CUS-02158,PRD-0083,4,23690,94760
ORD-2025-016011,23-Jan-25,CUS-01934,PRD-0090,8,37690,301520
ORD-2025-016024,23-Jan-25,CUS-01467,PRD-0120,21,14740,309540
ORD-2025-016026,23-Jan-25,CUS-00932,PRD-0121,10,26430,264300
ORD-2025-016032,23-Jan-25,CUS-00012,PRD-0138,15,27020,405300
ORD-2025-016037,23-Jan-25,CUS-01272,PRD-0148,13,27270,354510
ORD-2025-016050,23-Jan-25,CUS-02439,PRD-0161,6,32640,195840
ORD-2025-016062,24-Jan-25,CUS-02249,PRD-0031,3,36660,109980
ORD-2025-016067,24-Jan-25,CUS-01020,PRD-0046,12,17360,208320
ORD-2025-016070,24-Jan-25,CUS-00340,PRD-0059,8,50810,406480
ORD-2025-016073,24-Jan-25,CUS-02026,PRD-0067,18,12380,222840
ORD-2025-016075,24-Jan-25,CUS-00958,PRD-0076,15,28050,420750
ORD-2025-016079,24-Jan-25,CUS-00642,PRD-0086,6,28180,169080
ORD-2025-016087,24-Jan-25,CUS-00688,PRD-0090,9,37690,339210
ORD-2025-016110,24-Jan-25,CUS-02483,PRD-0125,6,15380,92280
ORD-2025-016111,24-Jan-25,CUS-01231,PRD-0125,1,15380,15380
ORD-2025-016117,24-Jan-25,CUS-00701,PRD-0151,12,42840,514080
ORD-2025-016125,24-Jan-25,CUS-01853,PRD-0160,5,32940,164700
ORD-2025-016133,24-Jan-25,CUS-01160,PRD-0163,9,27790,250110
ORD-2025-016143,25-Jan-25,CUS-01083,PRD-0035,9,13660,122940
ORD-2025-016147,25-Jan-25,CUS-01714,PRD-0058,3,17980,53940
ORD-2025-016163,25-Jan-25,CUS-01236,PRD-0090,10,37690,376900
ORD-2025-016166,25-Jan-25,CUS-01112,PRD-0093,13,23080,300040
ORD-2025-016168,25-Jan-25,CUS-00137,PRD-0103,4,38480,153920
ORD-2025-016174,25-Jan-25,CUS-00437,PRD-0121,1,26430,26430
ORD-2025-016180,25-Jan-25,CUS-00280,PRD-0142,3,52030,156090
ORD-2025-016181,25-Jan-25,CUS-01851,PRD-0145,10,31800,318000
ORD-2025-016187,25-Jan-25,CUS-02193,PRD-0153,7,24220,169540
ORD-2025-016190,26-Jan-25,CUS-02497,PRD-0003,20,4840,96800
ORD-2025-016196,26-Jan-25,CUS-00965,PRD-0033,6,11040,66240
ORD-2025-016202,26-Jan-25,CUS-00046,PRD-0065,3,34000,102000
ORD-2025-016209,26-Jan-25,CUS-00010,PRD-0125,31,15380,476780
ORD-2025-016211,26-Jan-25,CUS-00886,PRD-0142,5,52030,260150
ORD-2025-016214,26-Jan-25,CUS-01413,PRD-0160,22,32940,724680
ORD-2025-016215,26-Jan-25,CUS-02035,PRD-0161,7,32640,228480
ORD-2025-016216,26-Jan-25,CUS-00847,PRD-0165,13,23380,303940
ORD-2025-016218,27-Jan-25,CUS-00850,PRD-0004,13,4490,58370
ORD-2025-016231,27-Jan-25,CUS-01337,PRD-0062,25,17890,447250
ORD-2025-016233,27-Jan-25,CUS-01324,PRD-0067,4,12380,49520
ORD-2025-016250,27-Jan-25,CUS-02141,PRD-0090,18,37690,678420
ORD-2025-016256,27-Jan-25,CUS-00724,PRD-0100,4,20780,83120
ORD-2025-016258,27-Jan-25,CUS-02394,PRD-0105,6,41060,246360
ORD-2025-016261,27-Jan-25,CUS-00707,PRD-0111,56,12240,685440
ORD-2025-016263,27-Jan-25,CUS-00100,PRD-0118,16,23110,369760
ORD-2025-016278,27-Jan-25,CUS-00906,PRD-0153,8,24220,193760
ORD-2025-016279,27-Jan-25,CUS-00962,PRD-0154,8,42470,339760
ORD-2025-016283,27-Jan-25,CUS-02122,PRD-0161,16,32640,522240
ORD-2025-016287,27-Jan-25,CUS-02400,PRD-0164,2,19920,39840
ORD-2025-016290,28-Jan-25,CUS-01504,PRD-0003,2,4840,9680
ORD-2025-016295,28-Jan-25,CUS-02141,PRD-0012,8,18410,147280
ORD-2025-016299,28-Jan-25,CUS-01278,PRD-0023,13,16940,220220
ORD-2025-016304,28-Jan-25,CUS-01395,PRD-0046,4,17360,69440
ORD-2025-016310,28-Jan-25,CUS-01638,PRD-0064,15,36350,545250
ORD-2025-016313,28-Jan-25,CUS-00775,PRD-0068,4,16320,65280
ORD-2025-016328,28-Jan-25,CUS-02222,PRD-0090,5,37690,188450
ORD-2025-016335,28-Jan-25,CUS-00490,PRD-0100,4,20780,83120
ORD-2025-016336,28-Jan-25,CUS-00012,PRD-0100,7,20780,145460
ORD-2025-016337,28-Jan-25,CUS-01187,PRD-0101,2,22590,45180
ORD-2025-016344,28-Jan-25,CUS-00724,PRD-0122,4,19140,76560
ORD-2025-016354,28-Jan-25,CUS-00165,PRD-0151,9,42840,385560
ORD-2025-016356,28-Jan-25,CUS-00300,PRD-0153,15,24220,363300
ORD-2025-016360,28-Jan-25,CUS-00717,PRD-0164,12,19920,239040
ORD-2025-016368,29-Jan-25,CUS-01496,PRD-0046,7,17360,121520
ORD-2025-016379,29-Jan-25,CUS-00818,PRD-0076,3,28050,84150
ORD-2025-016380,29-Jan-25,CUS-01381,PRD-0076,16,28050,448800
ORD-2025-016383,29-Jan-25,CUS-00818,PRD-0077,6,31120,186720
ORD-2025-016385,29-Jan-25,CUS-00966,PRD-0080,6,23900,143400
ORD-2025-016395,29-Jan-25,CUS-00313,PRD-0100,12,20780,249360
ORD-2025-016396,29-Jan-25,CUS-01626,PRD-0102,7,17050,119350
ORD-2025-016397,29-Jan-25,CUS-00021,PRD-0103,14,38480,538720
ORD-2025-016398,29-Jan-25,CUS-01437,PRD-0103,2,38480,76960
ORD-2025-016406,29-Jan-25,CUS-02231,PRD-0142,11,52030,572330
ORD-2025-016412,29-Jan-25,CUS-02486,PRD-0151,10,42840,428400
ORD-2025-016413,29-Jan-25,CUS-00620,PRD-0151,5,42840,214200
ORD-2025-016414,29-Jan-25,CUS-00735,PRD-0153,16,24220,387520
ORD-2025-016422,29-Jan-25,CUS-00808,PRD-0167,7,14020,98140
ORD-2025-016432,30-Jan-25,CUS-01154,PRD-0029,7,11070,77490
ORD-2025-016436,30-Jan-25,CUS-00381,PRD-0051,5,43070,215350
ORD-2025-016438,30-Jan-25,CUS-01665,PRD-0057,4,18040,72160
ORD-2025-016443,30-Jan-25,CUS-01020,PRD-0068,4,16320,65280
ORD-2025-016448,30-Jan-25,CUS-00717,PRD-0086,3,28180,84540
ORD-2025-016454,30-Jan-25,CUS-01259,PRD-0090,1,37690,37690
ORD-2025-016465,30-Jan-25,CUS-00015,PRD-0118,3,23110,69330
ORD-2025-016468,30-Jan-25,CUS-00585,PRD-0125,9,15380,138420
ORD-2025-016474,30-Jan-25,CUS-00890,PRD-0143,8,48640,389120
ORD-2025-016484,30-Jan-25,CUS-00669,PRD-0160,8,32940,263520
ORD-2025-016487,30-Jan-25,CUS-01851,PRD-0161,6,32640,195840
ORD-2025-016504,31-Jan-25,CUS-01340,PRD-0049,4,18190,72760
ORD-2025-016510,31-Jan-25,CUS-01860,PRD-0057,3,18040,54120
ORD-2025-016513,31-Jan-25,CUS-00255,PRD-0061,6,16320,97920
ORD-2025-016517,31-Jan-25,CUS-01097,PRD-0070,6,19240,115440
ORD-2025-016520,31-Jan-25,CUS-02486,PRD-0081,9,42190,379710
ORD-2025-016525,31-Jan-25,CUS-00030,PRD-0086,6,28180,169080
ORD-2025-016532,31-Jan-25,CUS-01182,PRD-0090,4,37690,150760
ORD-2025-016533,31-Jan-25,CUS-00741,PRD-0090,5,37690,188450
ORD-2025-016547,31-Jan-25,CUS-01246,PRD-0123,10,14410,144100
ORD-2025-016550,31-Jan-25,CUS-01958,PRD-0125,15,15380,230700
ORD-2025-016552,31-Jan-25,CUS-00541,PRD-0128,16,20590,329440
ORD-2025-016555,31-Jan-25,CUS-01744,PRD-0135,9,32900,296100
ORD-2025-016556,31-Jan-25,CUS-02419,PRD-0135,19,32900,625100
ORD-2025-016557,31-Jan-25,CUS-01893,PRD-0136,16,54950,879200
ORD-2025-016561,31-Jan-25,CUS-02497,PRD-0142,3,52030,156090
ORD-2025-016562,31-Jan-25,CUS-00683,PRD-0142,3,52030,156090
ORD-2025-016563,31-Jan-25,CUS-00259,PRD-0142,6,52030,312180
ORD-2025-016566,31-Jan-25,CUS-00347,PRD-0147,19,32330,614270
ORD-2025-016570,31-Jan-25,CUS-02005,PRD-0151,11,42840,471240
ORD-2025-016571,31-Jan-25,CUS-00806,PRD-0151,2,42840,85680
ORD-2025-016576,31-Jan-25,CUS-01337,PRD-0156,6,58570,351420
ORD-2025-016585,01-Feb-25,CUS-01427,PRD-0023,20,16940,338800
ORD-2025-016589,01-Feb-25,CUS-00008,PRD-0039,15,14770,221550
ORD-2025-016591,01-Feb-25,CUS-00912,PRD-0051,3,43070,129210
ORD-2025-016600,01-Feb-25,CUS-01978,PRD-0068,9,16320,146880
ORD-2025-016602,01-Feb-25,CUS-00573,PRD-0077,15,31120,466800
ORD-2025-016603,01-Feb-25,CUS-02088,PRD-0077,8,31120,248960
ORD-2025-016604,01-Feb-25,CUS-01677,PRD-0085,5,32580,162900
ORD-2025-016613,01-Feb-25,CUS-01467,PRD-0107,2,39590,79180
ORD-2025-016617,01-Feb-25,CUS-00441,PRD-0120,7,14740,103180
ORD-2025-016618,01-Feb-25,CUS-00444,PRD-0123,3,14410,43230
ORD-2025-016623,01-Feb-25,CUS-02082,PRD-0136,9,54950,494550
ORD-2025-016631,01-Feb-25,CUS-02022,PRD-0147,2,32330,64660
ORD-2025-016633,01-Feb-25,CUS-02231,PRD-0151,20,42840,856800
ORD-2025-016634,01-Feb-25,CUS-01085,PRD-0154,12,42470,509640
ORD-2025-016651,02-Feb-25,CUS-00761,PRD-0069,8,17210,137680
ORD-2025-016664,02-Feb-25,CUS-02128,PRD-0136,9,54950,494550
ORD-2025-016680,03-Feb-25,CUS-00280,PRD-0046,4,17360,69440
ORD-2025-016692,03-Feb-25,CUS-00327,PRD-0076,17,28050,476850
ORD-2025-016694,03-Feb-25,CUS-02084,PRD-0077,15,31120,466800
ORD-2025-016696,03-Feb-25,CUS-02464,PRD-0079,3,46870,140610
ORD-2025-016699,03-Feb-25,CUS-01986,PRD-0083,11,23690,260590
ORD-2025-016705,03-Feb-25,CUS-02471,PRD-0090,8,37690,301520
ORD-2025-016706,03-Feb-25,CUS-00052,PRD-0090,4,37690,150760
ORD-2025-016723,03-Feb-25,CUS-01373,PRD-0138,12,27020,324240
ORD-2025-016723,03-Feb-25,CUS-01373,PRD-0138,12,27020,324240
ORD-2025-016728,03-Feb-25,CUS-02366,PRD-0151,4,42840,171360
ORD-2025-016732,03-Feb-25,CUS-00683,PRD-0161,4,32640,130560
ORD-2025-016733,03-Feb-25,CUS-02141,PRD-0161,11,32640,359040
ORD-2025-016734,03-Feb-25,CUS-02428,PRD-0163,14,27790,389060
ORD-2025-016736,03-Feb-25,CUS-01627,PRD-0166,29,25650,743850
ORD-2025-016752,04-Feb-25,CUS-00337,PRD-0060,5,57540,287700
ORD-2025-016753,04-Feb-25,CUS-01005,PRD-0068,1,16320,16320
ORD-2025-016754,04-Feb-25,CUS-00117,PRD-0070,14,19240,269360
ORD-2025-016771,04-Feb-25,CUS-00066,PRD-0108,22,30750,676500
ORD-2025-016782,04-Feb-25,CUS-01020,PRD-0125,7,15380,107660
ORD-2025-016791,04-Feb-25,CUS-00201,PRD-0138,10,27020,270200
ORD-2025-016794,04-Feb-25,CUS-02405,PRD-0142,30,52030,1560900
ORD-2025-016795,04-Feb-25,CUS-02087,PRD-0144,7,31990,223930
ORD-2025-016797,04-Feb-25,CUS-00011,PRD-0147,4,32330,129320
ORD-2025-016802,04-Feb-25,CUS-02382,PRD-0151,8,42840,342720
ORD-2025-016803,04-Feb-25,CUS-02088,PRD-0151,12,42840,514080
ORD-2025-016809,04-Feb-25,CUS-01790,PRD-0161,10,32640,326400
ORD-2025-016813,05-Feb-25,CUS-01412,PRD-0020,3,29210,87630
ORD-2025-016819,05-Feb-25,CUS-01465,PRD-0037,9,25650,230850
ORD-2025-016820,05-Feb-25,CUS-02380,PRD-0039,1,14770,14770
ORD-2025-016821,05-Feb-25,CUS-02314,PRD-0039,14,14770,206780
ORD-2025-016822,05-Feb-25,CUS-00652,PRD-0040,2,14100,28200
ORD-2025-016827,05-Feb-25,CUS-01558,PRD-0065,9,34000,306000
ORD-2025-016829,05-Feb-25,CUS-01667,PRD-0068,18,16320,293760
ORD-2025-016843,05-Feb-25,CUS-02020,PRD-0090,4,37690,150760
ORD-2025-016844,05-Feb-25,CUS-01712,PRD-0090,5,37690,188450
ORD-2025-016852,05-Feb-25,CUS-01341,PRD-0100,6,20780,124680
ORD-2025-016859,05-Feb-25,CUS-01257,PRD-0125,9,15380,138420
ORD-2025-016860,05-Feb-25,CUS-01816,PRD-0125,24,15380,369120
ORD-2025-016861,05-Feb-25,CUS-00863,PRD-0125,2,15380,30760
ORD-2025-016867,05-Feb-25,CUS-01726,PRD-0138,19,27020,513380
ORD-2025-016868,05-Feb-25,CUS-02082,PRD-0142,4,52030,208120
ORD-2025-016869,05-Feb-25,CUS-01557,PRD-0142,30,52030,1560900
ORD-2025-016872,05-Feb-25,CUS-01381,PRD-0151,20,42840,856800
ORD-2025-016882,06-Feb-25,CUS-00597,PRD-0007,6,17070,102420
ORD-2025-016885,06-Feb-25,CUS-00583,PRD-0016,9,42680,384120
ORD-2025-016888,06-Feb-25,CUS-00541,PRD-0019,12,31240,374880
ORD-2025-016894,06-Feb-25,CUS-01818,PRD-0040,14,14100,197400
ORD-2025-016901,06-Feb-25,CUS-01126,PRD-0053,3,38950,116850
ORD-2025-016905,06-Feb-25,CUS-00055,PRD-0062,6,17890,107340
ORD-2025-016906,06-Feb-25,CUS-01694,PRD-0077,12,31120,373440
ORD-2025-016908,06-Feb-25,CUS-01301,PRD-0078,12,33720,404640
ORD-2025-016911,06-Feb-25,CUS-00201,PRD-0080,7,23900,167300
ORD-2025-016919,06-Feb-25,CUS-01041,PRD-0090,33,37690,1243770
ORD-2025-016920,06-Feb-25,CUS-00870,PRD-0090,3,37690,113070
ORD-2025-016923,06-Feb-25,CUS-00636,PRD-0098,6,15320,91920
ORD-2025-016926,06-Feb-25,CUS-01622,PRD-0101,5,22590,112950
ORD-2025-016930,06-Feb-25,CUS-01781,PRD-0118,11,23110,254210
ORD-2025-016935,06-Feb-25,CUS-01992,PRD-0131,7,31140,217980
ORD-2025-016937,06-Feb-25,CUS-02104,PRD-0139,2,33360,66720
ORD-2025-016947,06-Feb-25,CUS-00337,PRD-0154,10,42470,424700
ORD-2025-016951,06-Feb-25,CUS-02193,PRD-0156,9,58570,527130
ORD-2025-016951,06-Feb-25,CUS-02193,PRD-0156,9,58570,527130
ORD-2025-016952,06-Feb-25,CUS-01987,PRD-0156,16,58570,937120
ORD-2025-016955,06-Feb-25,CUS-02367,PRD-0161,20,32640,652800
ORD-2025-016956,06-Feb-25,CUS-00149,PRD-0161,8,32640,261120
ORD-2025-016957,06-Feb-25,CUS-02428,PRD-0161,7,32640,228480
ORD-2025-016958,06-Feb-25,CUS-00714,PRD-0165,10,23380,233800
ORD-2025-016961,07-Feb-25,CUS-00741,PRD-0001,5,4970,24850
ORD-2025-016967,07-Feb-25,CUS-01660,PRD-0035,4,13660,54640
ORD-2025-016971,07-Feb-25,CUS-00990,PRD-0051,4,43070,172280
ORD-2025-016972,07-Feb-25,CUS-00045,PRD-0054,6,17260,103560
ORD-2025-016973,07-Feb-25,CUS-01835,PRD-0055,10,16990,169900
ORD-2025-016984,07-Feb-25,CUS-01960,PRD-0077,11,31120,342320
ORD-2025-016987,07-Feb-25,CUS-00864,PRD-0081,3,42190,126570
ORD-2025-016988,07-Feb-25,CUS-02022,PRD-0083,9,23690,213210
ORD-2025-016990,07-Feb-25,CUS-00012,PRD-0086,5,28180,140900
ORD-2025-016993,07-Feb-25,CUS-01024,PRD-0090,14,37690,527660
ORD-2025-016994,07-Feb-25,CUS-00830,PRD-0090,15,37690,565350
ORD-2025-016995,07-Feb-25,CUS-01143,PRD-0090,14,37690,527660
ORD-2025-016997,07-Feb-25,CUS-01635,PRD-0093,3,23080,69240
ORD-2025-016998,07-Feb-25,CUS-00001,PRD-0093,9,23080,207720
ORD-2025-017009,07-Feb-25,CUS-01478,PRD-0121,10,26430,264300
ORD-2025-017015,07-Feb-25,CUS-00618,PRD-0141,4,38600,154400
ORD-2025-017024,07-Feb-25,CUS-02464,PRD-0151,1,42840,42840
ORD-2025-017036,08-Feb-25,CUS-01507,PRD-0004,14,4490,62860
ORD-2025-017039,08-Feb-25,CUS-01185,PRD-0016,15,42680,640200
ORD-2025-017042,08-Feb-25,CUS-01197,PRD-0021,6,19390,116340
ORD-2025-017043,08-Feb-25,CUS-00705,PRD-0026,5,4150,20750
ORD-2025-017049,08-Feb-25,CUS-02264,PRD-0092,7,30260,211820
ORD-2025-017051,08-Feb-25,CUS-02225,PRD-0102,2,17050,34100
ORD-2025-017055,08-Feb-25,CUS-00957,PRD-0115,8,21210,169680
ORD-2025-017068,09-Feb-25,CUS-00607,PRD-0011,10,17170,171700
ORD-2025-017071,09-Feb-25,CUS-02457,PRD-0033,4,11040,44160
ORD-2025-017072,09-Feb-25,CUS-00169,PRD-0055,13,16990,220870
ORD-2025-017074,09-Feb-25,CUS-00034,PRD-0057,7,18040,126280
ORD-2025-017075,09-Feb-25,CUS-01160,PRD-0086,7,28180,197260
ORD-2025-017076,09-Feb-25,CUS-00180,PRD-0090,2,37690,75380
ORD-2025-017088,09-Feb-25,CUS-00055,PRD-0151,7,42840,299880
ORD-2025-017093,10-Feb-25,CUS-02126,PRD-0004,7,4490,31430
ORD-2025-017094,10-Feb-25,CUS-00074,PRD-0006,6,3060,18360
ORD-2025-017095,10-Feb-25,CUS-02406,PRD-0009,7,18390,128730
ORD-2025-017099,10-Feb-25,CUS-01106,PRD-0016,9,42680,384120
ORD-2025-017100,10-Feb-25,CUS-01627,PRD-0016,9,42680,384120
ORD-2025-017103,10-Feb-25,CUS-00950,PRD-0023,18,16940,304920
ORD-2025-017105,10-Feb-25,CUS-01735,PRD-0026,6,4150,24900
ORD-2025-017106,10-Feb-25,CUS-01338,PRD-0033,5,11040,55200
ORD-2025-017114,10-Feb-25,CUS-00305,PRD-0057,2,18040,36080
ORD-2025-017115,10-Feb-25,CUS-02394,PRD-0057,3,18040,54120
ORD-2025-017122,10-Feb-25,CUS-00811,PRD-0070,3,19240,57720
ORD-2025-017124,10-Feb-25,CUS-00692,PRD-0076,1,28050,28050
ORD-2025-017136,10-Feb-25,CUS-00411,PRD-0090,5,37690,188450
ORD-2025-017137,10-Feb-25,CUS-01142,PRD-0090,4,37690,150760
ORD-2025-017138,10-Feb-25,CUS-00411,PRD-0090,9,37690,339210
ORD-2025-017141,10-Feb-25,CUS-00707,PRD-0100,8,20780,166240
ORD-2025-017155,10-Feb-25,CUS-00288,PRD-0125,34,15380,522920
ORD-2025-017161,10-Feb-25,CUS-01813,PRD-0136,7,54950,384650
ORD-2025-017163,10-Feb-25,CUS-02314,PRD-0138,10,27020,270200
ORD-2025-017167,10-Feb-25,CUS-02128,PRD-0151,3,42840,128520
ORD-2025-017170,10-Feb-25,CUS-00074,PRD-0159,11,25840,284240
ORD-2025-017176,10-Feb-25,CUS-00204,PRD-0166,3,25650,76950
ORD-2025-017177,10-Feb-25,CUS-00169,PRD-0166,6,25650,153900
ORD-2025-017185,11-Feb-25,CUS-01143,PRD-0033,4,11040,44160
ORD-2025-017186,11-Feb-25,CUS-01365,PRD-0035,2,13660,27320
ORD-2025-017187,11-Feb-25,CUS-01679,PRD-0039,8,14770,118160
ORD-2025-017200,11-Feb-25,CUS-00782,PRD-0068,14,16320,228480
ORD-2025-017212,11-Feb-25,CUS-01853,PRD-0086,9,28180,253620
ORD-2025-017214,11-Feb-25,CUS-00864,PRD-0090,5,37690,188450
ORD-2025-017215,11-Feb-25,CUS-00688,PRD-0090,13,37690,489970
ORD-2025-017218,11-Feb-25,CUS-00156,PRD-0100,2,20780,41560
ORD-2025-017223,11-Feb-25,CUS-01600,PRD-0125,25,15380,384500
ORD-2025-017233,11-Feb-25,CUS-01677,PRD-0151,5,42840,214200
ORD-2025-017242,11-Feb-25,CUS-00327,PRD-0161,4,32640,130560
ORD-2025-017243,11-Feb-25,CUS-00229,PRD-0161,4,32640,130560
ORD-2025-017254,12-Feb-25,CUS-01189,PRD-0041,12,6830,81960
ORD-2025-017255,12-Feb-25,CUS-01008,PRD-0041,10,6830,68300
ORD-2025-017258,12-Feb-25,CUS-00347,PRD-0057,9,18040,162360
ORD-2025-017261,12-Feb-25,CUS-01899,PRD-0060,11,57540,632940
ORD-2025-017265,12-Feb-25,CUS-02464,PRD-0077,2,31120,62240
ORD-2025-017267,12-Feb-25,CUS-00927,PRD-0080,4,23900,95600
ORD-2025-017271,12-Feb-25,CUS-00592,PRD-0086,7,28180,197260
ORD-2025-017280,12-Feb-25,CUS-02464,PRD-0090,2,37690,75380
ORD-2025-017281,12-Feb-25,CUS-01537,PRD-0090,9,37690,339210
ORD-2025-017288,12-Feb-25,CUS-01149,PRD-0098,8,15320,122560
ORD-2025-017294,12-Feb-25,CUS-01815,PRD-0109,3,30700,92100
ORD-2025-017295,12-Feb-25,CUS-02215,PRD-0116,4,17680,70720
ORD-2025-017298,12-Feb-25,CUS-01692,PRD-0118,3,23110,69330
ORD-2025-017299,12-Feb-25,CUS-00057,PRD-0119,5,21950,109750
ORD-2025-017300,12-Feb-25,CUS-02212,PRD-0122,8,19140,153120
ORD-2025-017305,12-Feb-25,CUS-00808,PRD-0125,8,15380,123040
ORD-2025-017306,12-Feb-25,CUS-00237,PRD-0125,13,15380,199940
ORD-2025-017316,12-Feb-25,CUS-01639,PRD-0151,15,42840,642600
ORD-2025-017318,12-Feb-25,CUS-00595,PRD-0156,3,58570,175710
ORD-2025-017320,12-Feb-25,CUS-01527,PRD-0166,12,25650,307800
ORD-2025-017323,13-Feb-25,CUS-00274,PRD-0005,3,3110,9330
ORD-2025-017332,13-Feb-25,CUS-00178,PRD-0067,10,12380,123800
ORD-2025-017336,13-Feb-25,CUS-00073,PRD-0070,5,19240,96200
ORD-2025-017342,13-Feb-25,CUS-01214,PRD-0077,18,31120,560160
ORD-2025-017355,13-Feb-25,CUS-00593,PRD-0090,6,37690,226140
ORD-2025-017359,13-Feb-25,CUS-00340,PRD-0096,8,23060,184480
ORD-2025-017365,13-Feb-25,CUS-00575,PRD-0100,10,20780,207800
ORD-2025-017368,13-Feb-25,CUS-02048,PRD-0108,15,30750,461250
ORD-2025-017381,13-Feb-25,CUS-01066,PRD-0151,30,42840,1285200
ORD-2025-017382,13-Feb-25,CUS-02184,PRD-0151,9,42840,385560
ORD-2025-017387,13-Feb-25,CUS-01860,PRD-0153,9,24220,217980
ORD-2025-017388,13-Feb-25,CUS-00623,PRD-0156,4,58570,234280
ORD-2025-017401,14-Feb-25,CUS-01036,PRD-0019,4,31240,124960
ORD-2025-017404,14-Feb-25,CUS-02379,PRD-0031,2,36660,73320
ORD-2025-017407,14-Feb-25,CUS-00057,PRD-0037,4,25650,102600
ORD-2025-017414,14-Feb-25,CUS-00714,PRD-0046,3,17360,52080
ORD-2025-017417,14-Feb-25,CUS-02286,PRD-0057,3,18040,54120
ORD-2025-017420,14-Feb-25,CUS-00015,PRD-0064,3,36350,109050
ORD-2025-017421,14-Feb-25,CUS-00683,PRD-0081,7,42190,295330
ORD-2025-017424,14-Feb-25,CUS-02210,PRD-0084,4,27760,111040
ORD-2025-017425,14-Feb-25,CUS-01677,PRD-0085,5,32580,162900
ORD-2025-017432,14-Feb-25,CUS-00381,PRD-0098,6,15320,91920
ORD-2025-017446,14-Feb-25,CUS-00174,PRD-0125,5,15380,76900
ORD-2025-017451,14-Feb-25,CUS-00620,PRD-0150,7,47850,334950
ORD-2025-017454,14-Feb-25,CUS-00487,PRD-0156,5,58570,292850
ORD-2025-017456,14-Feb-25,CUS-00669,PRD-0160,7,32940,230580
ORD-2025-017457,14-Feb-25,CUS-00055,PRD-0160,19,32940,625860
ORD-2025-017472,15-Feb-25,CUS-01567,PRD-0025,4,5090,20360
ORD-2025-017473,15-Feb-25,CUS-00986,PRD-0025,8,5090,40720
ORD-2025-017473,15-Feb-25,CUS-00986,PRD-0025,8,5090,40720
ORD-2025-017477,15-Feb-25,CUS-00544,PRD-0062,8,17890,143120
ORD-2025-017487,15-Feb-25,CUS-02141,PRD-0090,3,37690,113070
ORD-2025-017488,15-Feb-25,CUS-02280,PRD-0090,6,37690,226140
ORD-2025-017489,15-Feb-25,CUS-02141,PRD-0090,17,37690,640730
ORD-2025-017499,15-Feb-25,CUS-02439,PRD-0103,37,38480,1423760
ORD-2025-017501,15-Feb-25,CUS-00782,PRD-0107,4,39590,158360
ORD-2025-017502,15-Feb-25,CUS-02275,PRD-0109,4,30700,122800
ORD-2025-017504,15-Feb-25,CUS-01894,PRD-0115,7,21210,148470
ORD-2025-017509,15-Feb-25,CUS-01278,PRD-0125,5,15380,76900
ORD-2025-017512,15-Feb-25,CUS-00099,PRD-0134,12,34970,419640
ORD-2025-017515,15-Feb-25,CUS-01413,PRD-0135,17,32900,559300
ORD-2025-017522,15-Feb-25,CUS-01368,PRD-0145,5,31800,159000
ORD-2025-017528,15-Feb-25,CUS-02287,PRD-0151,3,42840,128520
ORD-2025-017544,16-Feb-25,CUS-00178,PRD-0063,4,15070,60280
ORD-2025-017548,16-Feb-25,CUS-02144,PRD-0083,10,23690,236900
ORD-2025-017560,17-Feb-25,CUS-01083,PRD-0011,16,17170,274720
ORD-2025-017562,17-Feb-25,CUS-00750,PRD-0017,17,39680,674560
ORD-2025-017563,17-Feb-25,CUS-00623,PRD-0019,4,31240,124960
ORD-2025-017573,17-Feb-25,CUS-00567,PRD-0057,3,18040,54120
ORD-2025-017574,17-Feb-25,CUS-00762,PRD-0060,3,57540,172620
ORD-2025-017578,17-Feb-25,CUS-00944,PRD-0065,3,34000,102000
ORD-2025-017586,17-Feb-25,CUS-00375,PRD-0077,8,31120,248960
ORD-2025-017590,17-Feb-25,CUS-02239,PRD-0082,2,30730,61460
ORD-2025-017594,17-Feb-25,CUS-01622,PRD-0090,12,37690,452280
ORD-2025-017595,17-Feb-25,CUS-01070,PRD-0090,40,37690,1507600
ORD-2025-017596,17-Feb-25,CUS-00571,PRD-0090,10,37690,376900
ORD-2025-017597,17-Feb-25,CUS-01987,PRD-0090,17,37690,640730
ORD-2025-017598,17-Feb-25,CUS-02456,PRD-0090,12,37690,452280
ORD-2025-017600,17-Feb-25,CUS-01113,PRD-0098,18,15320,275760
ORD-2025-017601,17-Feb-25,CUS-00104,PRD-0100,10,20780,207800
ORD-2025-017607,17-Feb-25,CUS-00337,PRD-0115,7,21210,148470
ORD-2025-017609,17-Feb-25,CUS-02233,PRD-0119,13,21950,285350
ORD-2025-017620,17-Feb-25,CUS-00906,PRD-0142,7,52030,364210
ORD-2025-017628,17-Feb-25,CUS-01238,PRD-0151,11,42840,471240
ORD-2025-017630,17-Feb-25,CUS-01134,PRD-0153,8,24220,193760
ORD-2025-017631,17-Feb-25,CUS-00045,PRD-0155,15,65880,988200
ORD-2025-017633,17-Feb-25,CUS-00672,PRD-0160,3,32940,98820
ORD-2025-017639,17-Feb-25,CUS-01516,PRD-0165,8,23380,187040
ORD-2025-017642,18-Feb-25,CUS-00962,PRD-0020,16,29210,467360
ORD-2025-017645,18-Feb-25,CUS-01384,PRD-0031,5,36660,183300
ORD-2025-017647,18-Feb-25,CUS-00010,PRD-0037,11,25650,282150
ORD-2025-017653,18-Feb-25,CUS-02164,PRD-0057,13,18040,234520
ORD-2025-017656,18-Feb-25,CUS-01950,PRD-0061,51,16320,832320
ORD-2025-017657,18-Feb-25,CUS-01617,PRD-0061,6,16320,97920
ORD-2025-017660,18-Feb-25,CUS-00045,PRD-0065,7,34000,238000
ORD-2025-017663,18-Feb-25,CUS-02225,PRD-0070,4,19240,76960
ORD-2025-017666,18-Feb-25,CUS-00603,PRD-0078,10,33720,337200
ORD-2025-017669,18-Feb-25,CUS-01259,PRD-0084,12,27760,333120
ORD-2025-017674,18-Feb-25,CUS-01497,PRD-0090,8,37690,301520
ORD-2025-017675,18-Feb-25,CUS-02373,PRD-0090,5,37690,188450
ORD-2025-017701,19-Feb-25,CUS-02321,PRD-0008,2,16360,32720
ORD-2025-017708,19-Feb-25,CUS-01813,PRD-0028,7,4910,34370
ORD-2025-017709,19-Feb-25,CUS-01522,PRD-0031,8,36660,293280
ORD-2025-017712,19-Feb-25,CUS-00705,PRD-0057,6,18040,108240
ORD-2025-017713,19-Feb-25,CUS-01947,PRD-0061,5,16320,81600
ORD-2025-017721,19-Feb-25,CUS-00799,PRD-0084,27,27760,749520
ORD-2025-017724,19-Feb-25,CUS-01588,PRD-0086,8,28180,225440
ORD-2025-017725,19-Feb-25,CUS-01189,PRD-0090,11,37690,414590
ORD-2025-017740,19-Feb-25,CUS-00007,PRD-0117,9,17520,157680
ORD-2025-017748,19-Feb-25,CUS-01219,PRD-0125,13,15380,199940
ORD-2025-017756,19-Feb-25,CUS-01875,PRD-0144,2,31990,63980
ORD-2025-017763,19-Feb-25,CUS-00057,PRD-0151,7,42840,299880
ORD-2025-017764,19-Feb-25,CUS-00981,PRD-0151,14,42840,599760
ORD-2025-017765,19-Feb-25,CUS-00288,PRD-0151,10,42840,428400
ORD-2025-017766,19-Feb-25,CUS-01118,PRD-0156,8,58570,468560
ORD-2025-017768,19-Feb-25,CUS-02082,PRD-0163,10,27790,277900
ORD-2025-017769,20-Feb-25,CUS-00901,PRD-0002,12,5180,62160
ORD-2025-017770,20-Feb-25,CUS-01603,PRD-0004,7,4490,31430
ORD-2025-017772,20-Feb-25,CUS-00229,PRD-0007,9,17070,153630
ORD-2025-017779,20-Feb-25,CUS-01108,PRD-0031,11,36660,403260
ORD-2025-017783,20-Feb-25,CUS-01794,PRD-0050,8,5420,43360
ORD-2025-017792,20-Feb-25,CUS-01305,PRD-0065,10,34000,340000
ORD-2025-017797,20-Feb-25,CUS-02457,PRD-0084,13,27760,360880
ORD-2025-017802,20-Feb-25,CUS-00683,PRD-0090,3,37690,113070
ORD-2025-017809,20-Feb-25,CUS-00958,PRD-0103,4,38480,153920
ORD-2025-017814,20-Feb-25,CUS-02182,PRD-0113,5,10420,52100
ORD-2025-017818,20-Feb-25,CUS-01790,PRD-0120,12,14740,176880
ORD-2025-017819,20-Feb-25,CUS-02243,PRD-0121,16,26430,422880
ORD-2025-017823,20-Feb-25,CUS-02220,PRD-0128,21,20590,432390
ORD-2025-017824,20-Feb-25,CUS-00992,PRD-0128,11,20590,226490
ORD-2025-017826,20-Feb-25,CUS-00212,PRD-0131,1,31140,31140
ORD-2025-017827,20-Feb-25,CUS-01741,PRD-0135,5,32900,164500
ORD-2025-017829,20-Feb-25,CUS-01177,PRD-0142,7,52030,364210
ORD-2025-017835,20-Feb-25,CUS-01735,PRD-0151,10,42840,428400
ORD-2025-017836,20-Feb-25,CUS-01712,PRD-0153,37,24220,896140
ORD-2025-017846,21-Feb-25,CUS-00600,PRD-0036,4,20500,82000
ORD-2025-017858,21-Feb-25,CUS-01420,PRD-0064,2,36350,72700
ORD-2025-017862,21-Feb-25,CUS-02373,PRD-0067,2,12380,24760
ORD-2025-017872,21-Feb-25,CUS-01189,PRD-0086,6,28180,169080
ORD-2025-017877,21-Feb-25,CUS-01851,PRD-0090,7,37690,263830
ORD-2025-017878,21-Feb-25,CUS-00454,PRD-0090,14,37690,527660
ORD-2025-017882,21-Feb-25,CUS-02164,PRD-0100,7,20780,145460
ORD-2025-017883,21-Feb-25,CUS-01766,PRD-0107,6,39590,237540
ORD-2025-017890,21-Feb-25,CUS-01590,PRD-0120,7,14740,103180
ORD-2025-017900,21-Feb-25,CUS-01047,PRD-0131,17,31140,529380
ORD-2025-017901,21-Feb-25,CUS-00812,PRD-0138,7,27020,189140
ORD-2025-017904,21-Feb-25,CUS-00987,PRD-0151,9,42840,385560
ORD-2025-017913,21-Feb-25,CUS-00761,PRD-0165,4,23380,93520
ORD-2025-017915,21-Feb-25,CUS-01189,PRD-0166,8,25650,205200
ORD-2025-017918,22-Feb-25,CUS-00701,PRD-0012,4,18410,73640
ORD-2025-017919,22-Feb-25,CUS-02280,PRD-0012,6,18410,110460
ORD-2025-017931,22-Feb-25,CUS-00806,PRD-0065,2,34000,68000
ORD-2025-017934,22-Feb-25,CUS-01508,PRD-0077,9,31120,280080
ORD-2025-017947,22-Feb-25,CUS-01270,PRD-0106,2,41890,83780
ORD-2025-017952,22-Feb-25,CUS-00597,PRD-0118,8,23110,184880
ORD-2025-017953,22-Feb-25,CUS-01679,PRD-0120,2,14740,29480
ORD-2025-017955,22-Feb-25,CUS-00165,PRD-0131,9,31140,280260
ORD-2025-017956,22-Feb-25,CUS-00878,PRD-0136,3,54950,164850
ORD-2025-017963,22-Feb-25,CUS-00592,PRD-0161,3,32640,97920
ORD-2025-017967,22-Feb-25,CUS-01025,PRD-0164,2,19920,39840
ORD-2025-017969,22-Feb-25,CUS-00618,PRD-0166,4,25650,102600
ORD-2025-017983,23-Feb-25,CUS-01983,PRD-0166,4,25650,102600
ORD-2025-017987,24-Feb-25,CUS-00372,PRD-0023,4,16940,67760
ORD-2025-017992,24-Feb-25,CUS-01368,PRD-0035,2,13660,27320
ORD-2025-017995,24-Feb-25,CUS-00901,PRD-0039,17,14770,251090
ORD-2025-017996,24-Feb-25,CUS-02321,PRD-0039,3,14770,44310
ORD-2025-018005,24-Feb-25,CUS-00327,PRD-0061,14,16320,228480
ORD-2025-018006,24-Feb-25,CUS-02134,PRD-0061,6,16320,97920
ORD-2025-018017,24-Feb-25,CUS-01309,PRD-0080,10,23900,239000
ORD-2025-018021,24-Feb-25,CUS-00912,PRD-0086,2,28180,56360
ORD-2025-018022,24-Feb-25,CUS-01887,PRD-0089,5,13010,65050
ORD-2025-018027,24-Feb-25,CUS-00856,PRD-0090,8,37690,301520
ORD-2025-018030,24-Feb-25,CUS-01081,PRD-0092,13,30260,393380
ORD-2025-018037,24-Feb-25,CUS-00835,PRD-0103,11,38480,423280
ORD-2025-018043,24-Feb-25,CUS-01066,PRD-0126,8,29270,234160
ORD-2025-018048,24-Feb-25,CUS-00126,PRD-0142,7,52030,364210
ORD-2025-018061,25-Feb-25,CUS-02249,PRD-0007,10,17070,170700
ORD-2025-018063,25-Feb-25,CUS-01008,PRD-0008,11,16360,179960
ORD-2025-018065,25-Feb-25,CUS-02126,PRD-0011,14,17170,240380
ORD-2025-018071,25-Feb-25,CUS-00033,PRD-0019,5,31240,156200
ORD-2025-018075,25-Feb-25,CUS-01218,PRD-0034,15,15350,230250
ORD-2025-018078,25-Feb-25,CUS-02373,PRD-0041,4,6830,27320
ORD-2025-018098,25-Feb-25,CUS-01281,PRD-0086,9,28180,253620
ORD-2025-018111,25-Feb-25,CUS-01740,PRD-0100,2,20780,41560
ORD-2025-018117,25-Feb-25,CUS-00454,PRD-0121,19,26430,502170
ORD-2025-018129,25-Feb-25,CUS-00502,PRD-0144,35,31990,1119650
ORD-2025-018131,25-Feb-25,CUS-01231,PRD-0147,10,32330,323300
ORD-2025-018138,25-Feb-25,CUS-01206,PRD-0151,3,42840,128520
ORD-2025-018142,25-Feb-25,CUS-00155,PRD-0153,8,24220,193760
ORD-2025-018146,25-Feb-25,CUS-01617,PRD-0156,19,58570,1112830
ORD-2025-018147,25-Feb-25,CUS-00852,PRD-0156,4,58570,234280
ORD-2025-018153,25-Feb-25,CUS-00799,PRD-0165,3,23380,70140
ORD-2025-018165,26-Feb-25,CUS-00927,PRD-0029,4,11070,44280
ORD-2025-018166,26-Feb-25,CUS-01622,PRD-0031,9,36660,329940
ORD-2025-018167,26-Feb-25,CUS-01165,PRD-0035,31,13660,423460
ORD-2025-018168,26-Feb-25,CUS-00663,PRD-0045,6,7340,44040
ORD-2025-018173,26-Feb-25,CUS-01178,PRD-0064,10,36350,363500
ORD-2025-018186,26-Feb-25,CUS-02457,PRD-0100,3,20780,62340
ORD-2025-018203,26-Feb-25,CUS-01259,PRD-0151,8,42840,342720
ORD-2025-018204,26-Feb-25,CUS-01420,PRD-0151,3,42840,128520
ORD-2025-018212,26-Feb-25,CUS-01177,PRD-0161,10,32640,326400
ORD-2025-018215,26-Feb-25,CUS-02242,PRD-0165,9,23380,210420
ORD-2025-018220,27-Feb-25,CUS-00652,PRD-0005,7,3110,21770
ORD-2025-018223,27-Feb-25,CUS-01794,PRD-0024,5,9800,49000
ORD-2025-018224,27-Feb-25,CUS-01242,PRD-0026,16,4150,66400
ORD-2025-018237,27-Feb-25,CUS-00224,PRD-0061,7,16320,114240
ORD-2025-018241,27-Feb-25,CUS-01257,PRD-0076,5,28050,140250
ORD-2025-018254,27-Feb-25,CUS-02122,PRD-0090,2,37690,75380
ORD-2025-018255,27-Feb-25,CUS-00286,PRD-0090,4,37690,150760
ORD-2025-018265,27-Feb-25,CUS-00445,PRD-0100,3,20780,62340
ORD-2025-018268,27-Feb-25,CUS-02122,PRD-0109,7,30700,214900
ORD-2025-018268,27-Feb-25,CUS-02122,PRD-0109,7,30700,214900
ORD-2025-018290,27-Feb-25,CUS-01795,PRD-0160,12,32940,395280
ORD-2025-018291,27-Feb-25,CUS-01894,PRD-0161,5,32640,163200
ORD-2025-018292,27-Feb-25,CUS-00688,PRD-0161,5,32640,163200
ORD-2025-018296,28-Feb-25,CUS-01818,PRD-0015,6,8500,51000
ORD-2025-018298,28-Feb-25,CUS-01893,PRD-0016,7,42680,298760
ORD-2025-018309,28-Feb-25,CUS-00301,PRD-0037,5,25650,128250
ORD-2025-018313,28-Feb-25,CUS-00248,PRD-0061,10,16320,163200
ORD-2025-018315,28-Feb-25,CUS-01478,PRD-0062,11,17890,196790
ORD-2025-018316,28-Feb-25,CUS-02007,PRD-0062,6,17890,107340
ORD-2025-018319,28-Feb-25,CUS-02275,PRD-0068,5,16320,81600
ORD-2025-018322,28-Feb-25,CUS-01070,PRD-0076,7,28050,196350
ORD-2025-018324,28-Feb-25,CUS-01603,PRD-0077,5,31120,155600
ORD-2025-018334,28-Feb-25,CUS-02087,PRD-0086,9,28180,253620
ORD-2025-018335,28-Feb-25,CUS-00959,PRD-0086,3,28180,84540
ORD-2025-018339,28-Feb-25,CUS-02354,PRD-0090,13,37690,489970
ORD-2025-018351,28-Feb-25,CUS-01679,PRD-0118,3,23110,69330
ORD-2025-018352,28-Feb-25,CUS-00124,PRD-0119,14,21950,307300
ORD-2025-018354,28-Feb-25,CUS-02367,PRD-0121,10,26430,264300
ORD-2025-018355,28-Feb-25,CUS-02366,PRD-0121,15,26430,396450
ORD-2025-018359,28-Feb-25,CUS-02471,PRD-0124,5,8790,43950
ORD-2025-018361,28-Feb-25,CUS-01024,PRD-0125,7,15380,107660
ORD-2025-018370,28-Feb-25,CUS-02054,PRD-0145,13,31800,413400
ORD-2025-018376,28-Feb-25,CUS-01373,PRD-0157,1,24810,24810
ORD-2025-018377,28-Feb-25,CUS-00688,PRD-0157,4,24810,99240
ORD-2025-018380,28-Feb-25,CUS-00226,PRD-0161,12,32640,391680
ORD-2025-018390,01-Mar-25,CUS-00066,PRD-0004,4,4490,17960
ORD-2025-018394,01-Mar-25,CUS-01936,PRD-0012,9,18410,165690
ORD-2025-018397,01-Mar-25,CUS-00865,PRD-0022,6,11680,70080
ORD-2025-018404,01-Mar-25,CUS-00280,PRD-0085,8,32580,260640
ORD-2025-018412,01-Mar-25,CUS-01224,PRD-0090,7,37690,263830
ORD-2025-018413,01-Mar-25,CUS-00144,PRD-0090,17,37690,640730
ORD-2025-018417,01-Mar-25,CUS-00592,PRD-0093,3,23080,69240
ORD-2025-018424,01-Mar-25,CUS-00417,PRD-0118,4,23110,92440
ORD-2025-018425,01-Mar-25,CUS-01744,PRD-0121,11,26430,290730
ORD-2025-018430,01-Mar-25,CUS-01338,PRD-0131,9,31140,280260
ORD-2025-018438,01-Mar-25,CUS-00144,PRD-0153,13,24220,314860
ORD-2025-018446,02-Mar-25,CUS-01412,PRD-0017,13,39680,515840
ORD-2025-018450,02-Mar-25,CUS-02183,PRD-0067,4,12380,49520
ORD-2025-018461,02-Mar-25,CUS-02264,PRD-0128,16,20590,329440
ORD-2025-018466,02-Mar-25,CUS-01692,PRD-0150,32,47850,1531200
ORD-2025-018468,02-Mar-25,CUS-01609,PRD-0153,10,24220,242200
ORD-2025-018473,03-Mar-25,CUS-00831,PRD-0011,15,17170,257550
ORD-2025-018474,03-Mar-25,CUS-01143,PRD-0018,5,62570,312850
ORD-2025-018476,03-Mar-25,CUS-00912,PRD-0020,13,29210,379730
ORD-2025-018487,03-Mar-25,CUS-00701,PRD-0045,7,7340,51380
ORD-2025-018490,03-Mar-25,CUS-02020,PRD-0051,5,43070,215350
ORD-2025-018497,03-Mar-25,CUS-02053,PRD-0074,4,38390,153560
ORD-2025-018499,03-Mar-25,CUS-00174,PRD-0076,8,28050,224400
ORD-2025-018502,03-Mar-25,CUS-00647,PRD-0078,8,33720,269760
ORD-2025-018517,03-Mar-25,CUS-00910,PRD-0090,12,37690,452280
ORD-2025-018518,03-Mar-25,CUS-02264,PRD-0090,3,37690,113070
ORD-2025-018523,03-Mar-25,CUS-01005,PRD-0100,4,20780,83120
ORD-2025-018524,03-Mar-25,CUS-02404,PRD-0100,3,20780,62340
ORD-2025-018526,03-Mar-25,CUS-02426,PRD-0109,11,30700,337700
ORD-2025-018529,03-Mar-25,CUS-01359,PRD-0120,10,14740,147400
ORD-2025-018532,03-Mar-25,CUS-00201,PRD-0125,6,15380,92280
ORD-2025-018538,03-Mar-25,CUS-02243,PRD-0148,4,27270,109080
ORD-2025-018545,03-Mar-25,CUS-01388,PRD-0151,6,42840,257040
ORD-2025-018548,03-Mar-25,CUS-01915,PRD-0153,3,24220,72660
ORD-2025-018550,03-Mar-25,CUS-00030,PRD-0160,66,32940,2174040
ORD-2025-018552,03-Mar-25,CUS-00229,PRD-0166,9,25650,230850
ORD-2025-018560,04-Mar-25,CUS-02292,PRD-0017,4,39680,158720
ORD-2025-018561,04-Mar-25,CUS-02441,PRD-0018,22,62570,1376540
ORD-2025-018568,04-Mar-25,CUS-01851,PRD-0031,9,36660,329940
ORD-2025-018570,04-Mar-25,CUS-00727,PRD-0035,14,13660,191240
ORD-2025-018573,04-Mar-25,CUS-00119,PRD-0045,12,7340,88080
ORD-2025-018575,04-Mar-25,CUS-01278,PRD-0048,8,16870,134960
ORD-2025-018581,04-Mar-25,CUS-02258,PRD-0060,4,57540,230160
ORD-2025-018585,04-Mar-25,CUS-01635,PRD-0066,10,51920,519200
ORD-2025-018586,04-Mar-25,CUS-00600,PRD-0068,8,16320,130560
ORD-2025-018589,04-Mar-25,CUS-01516,PRD-0076,3,28050,84150
ORD-2025-018591,04-Mar-25,CUS-00846,PRD-0082,2,30730,61460
ORD-2025-018599,04-Mar-25,CUS-02088,PRD-0090,14,37690,527660
ORD-2025-018605,04-Mar-25,CUS-02459,PRD-0109,2,30700,61400
ORD-2025-018609,04-Mar-25,CUS-02144,PRD-0116,5,17680,88400
ORD-2025-018616,04-Mar-25,CUS-01044,PRD-0135,11,32900,361900
ORD-2025-018628,04-Mar-25,CUS-01766,PRD-0151,18,42840,771120
ORD-2025-018629,04-Mar-25,CUS-00953,PRD-0151,5,42840,214200
ORD-2025-018632,04-Mar-25,CUS-02252,PRD-0156,4,58570,234280
ORD-2025-018637,04-Mar-25,CUS-02154,PRD-0160,1,32940,32940
ORD-2025-018644,05-Mar-25,CUS-01639,PRD-0007,4,17070,68280
ORD-2025-018647,05-Mar-25,CUS-00381,PRD-0016,3,42680,128040
ORD-2025-018648,05-Mar-25,CUS-01987,PRD-0025,3,5090,15270
ORD-2025-018653,05-Mar-25,CUS-00713,PRD-0043,18,17760,319680
ORD-2025-018656,05-Mar-25,CUS-01052,PRD-0056,4,25020,100080
ORD-2025-018659,05-Mar-25,CUS-01794,PRD-0062,10,17890,178900
ORD-2025-018664,05-Mar-25,CUS-00441,PRD-0077,11,31120,342320
ORD-2025-018665,05-Mar-25,CUS-01097,PRD-0077,2,31120,62240
ORD-2025-018666,05-Mar-25,CUS-01209,PRD-0079,5,46870,234350
ORD-2025-018669,05-Mar-25,CUS-00607,PRD-0082,7,30730,215110
ORD-2025-018670,05-Mar-25,CUS-02428,PRD-0083,5,23690,118450
ORD-2025-018671,05-Mar-25,CUS-02307,PRD-0085,12,32580,390960
ORD-2025-018674,05-Mar-25,CUS-00692,PRD-0086,7,28180,197260
ORD-2025-018678,05-Mar-25,CUS-00528,PRD-0093,3,23080,69240
ORD-2025-018689,05-Mar-25,CUS-00944,PRD-0125,2,15380,30760
ORD-2025-018689,05-Mar-25,CUS-00944,PRD-0125,2,15380,30760
ORD-2025-018698,05-Mar-25,CUS-02071,PRD-0151,4,42840,171360
ORD-2025-018699,05-Mar-25,CUS-01964,PRD-0151,17,42840,728280
ORD-2025-018703,05-Mar-25,CUS-01246,PRD-0167,3,14020,42060
ORD-2025-018704,06-Mar-25,CUS-00812,PRD-0004,25,4490,112250
ORD-2025-018711,06-Mar-25,CUS-02253,PRD-0035,6,13660,81960
ORD-2025-018712,06-Mar-25,CUS-00103,PRD-0037,8,25650,205200
ORD-2025-018716,06-Mar-25,CUS-01665,PRD-0047,6,19060,114360
ORD-2025-018718,06-Mar-25,CUS-00570,PRD-0050,6,5420,32520
ORD-2025-018737,06-Mar-25,CUS-00124,PRD-0090,17,37690,640730
ORD-2025-018738,06-Mar-25,CUS-01473,PRD-0090,8,37690,301520
ORD-2025-018743,06-Mar-25,CUS-00512,PRD-0100,2,20780,41560
ORD-2025-018758,06-Mar-25,CUS-01714,PRD-0129,14,17810,249340
ORD-2025-018761,06-Mar-25,CUS-00520,PRD-0135,22,32900,723800
ORD-2025-018762,06-Mar-25,CUS-02321,PRD-0135,3,32900,98700
ORD-2025-018769,06-Mar-25,CUS-00043,PRD-0151,12,42840,514080
ORD-2025-018772,06-Mar-25,CUS-00260,PRD-0154,8,42470,339760
ORD-2025-018777,06-Mar-25,CUS-00806,PRD-0160,8,32940,263520
ORD-2025-018778,06-Mar-25,CUS-00568,PRD-0160,12,32940,395280
ORD-2025-018780,06-Mar-25,CUS-01514,PRD-0161,5,32640,163200
ORD-2025-018782,07-Mar-25,CUS-01114,PRD-0004,14,4490,62860
ORD-2025-018785,07-Mar-25,CUS-01668,PRD-0010,1,16050,16050
ORD-2025-018788,07-Mar-25,CUS-00416,PRD-0013,5,11970,59850
ORD-2025-018789,07-Mar-25,CUS-02071,PRD-0013,10,11970,119700
ORD-2025-018795,07-Mar-25,CUS-00679,PRD-0023,12,16940,203280
ORD-2025-018797,07-Mar-25,CUS-01413,PRD-0035,3,13660,40980
ORD-2025-018800,07-Mar-25,CUS-02249,PRD-0039,20,14770,295400
ORD-2025-018804,07-Mar-25,CUS-02219,PRD-0047,24,19060,457440
ORD-2025-018812,07-Mar-25,CUS-00778,PRD-0061,3,16320,48960
ORD-2025-018815,07-Mar-25,CUS-02212,PRD-0077,5,31120,155600
ORD-2025-018817,07-Mar-25,CUS-01155,PRD-0080,9,23900,215100
ORD-2025-018820,07-Mar-25,CUS-00657,PRD-0085,4,32580,130320
ORD-2025-018821,07-Mar-25,CUS-01183,PRD-0085,4,32580,130320
ORD-2025-018826,07-Mar-25,CUS-00117,PRD-0090,10,37690,376900
ORD-2025-018827,07-Mar-25,CUS-01723,PRD-0090,3,37690,113070
ORD-2025-018830,07-Mar-25,CUS-00821,PRD-0097,9,21780,196020
ORD-2025-018834,07-Mar-25,CUS-01219,PRD-0108,11,30750,338250
ORD-2025-018835,07-Mar-25,CUS-00856,PRD-0108,16,30750,492000
ORD-2025-018848,07-Mar-25,CUS-01110,PRD-0125,12,15380,184560
ORD-2025-018849,07-Mar-25,CUS-01887,PRD-0135,4,32900,131600
ORD-2025-018851,07-Mar-25,CUS-00863,PRD-0142,8,52030,416240
ORD-2025-018853,07-Mar-25,CUS-00381,PRD-0150,11,47850,526350
ORD-2025-018856,07-Mar-25,CUS-01969,PRD-0151,4,42840,171360
ORD-2025-018860,07-Mar-25,CUS-01986,PRD-0156,8,58570,468560
ORD-2025-018862,07-Mar-25,CUS-01514,PRD-0159,11,25840,284240
ORD-2025-018869,07-Mar-25,CUS-00602,PRD-0162,13,28900,375700
ORD-2025-018873,08-Mar-25,CUS-02373,PRD-0001,2,4970,9940
ORD-2025-018874,08-Mar-25,CUS-00105,PRD-0005,4,3110,12440
ORD-2025-018882,08-Mar-25,CUS-01197,PRD-0033,2,11040,22080
ORD-2025-018885,08-Mar-25,CUS-00388,PRD-0046,4,17360,69440
ORD-2025-018889,08-Mar-25,CUS-01066,PRD-0057,6,18040,108240
ORD-2025-018892,08-Mar-25,CUS-00607,PRD-0074,8,38390,307120
ORD-2025-018897,08-Mar-25,CUS-00286,PRD-0086,4,28180,112720
ORD-2025-018898,08-Mar-25,CUS-00274,PRD-0086,17,28180,479060
ORD-2025-018904,08-Mar-25,CUS-00505,PRD-0098,4,15320,61280
ORD-2025-018907,08-Mar-25,CUS-00444,PRD-0100,4,20780,83120
ORD-2025-018910,08-Mar-25,CUS-01024,PRD-0117,27,17520,473040
ORD-2025-018916,08-Mar-25,CUS-02471,PRD-0128,5,20590,102950
ORD-2025-018918,08-Mar-25,CUS-02456,PRD-0135,7,32900,230300
ORD-2025-018936,09-Mar-25,CUS-00436,PRD-0079,2,46870,93740
ORD-2025-018944,09-Mar-25,CUS-00667,PRD-0108,9,30750,276750
ORD-2025-018948,09-Mar-25,CUS-02154,PRD-0151,3,42840,128520
ORD-2025-018953,10-Mar-25,CUS-00607,PRD-0004,15,4490,67350
ORD-2025-018956,10-Mar-25,CUS-02203,PRD-0010,10,16050,160500
ORD-2025-018958,10-Mar-25,CUS-01515,PRD-0016,14,42680,597520
ORD-2025-018961,10-Mar-25,CUS-02435,PRD-0025,7,5090,35630
ORD-2025-018966,10-Mar-25,CUS-01958,PRD-0041,7,6830,47810
ORD-2025-018970,10-Mar-25,CUS-01125,PRD-0051,6,43070,258420
ORD-2025-018982,10-Mar-25,CUS-01360,PRD-0081,3,42190,126570
ORD-2025-018983,10-Mar-25,CUS-00717,PRD-0083,6,23690,142140
ORD-2025-018984,10-Mar-25,CUS-00465,PRD-0083,5,23690,118450
ORD-2025-018988,10-Mar-25,CUS-00948,PRD-0086,5,28180,140900
ORD-2025-018994,10-Mar-25,CUS-02449,PRD-0090,20,37690,753800
ORD-2025-018995,10-Mar-25,CUS-01081,PRD-0090,4,37690,150760
ORD-2025-018996,10-Mar-25,CUS-00948,PRD-0090,4,37690,150760
ORD-2025-018997,10-Mar-25,CUS-00204,PRD-0090,5,37690,188450
ORD-2025-019003,10-Mar-25,CUS-02257,PRD-0100,9,20780,187020
ORD-2025-019005,10-Mar-25,CUS-02037,PRD-0107,10,39590,395900
ORD-2025-019010,10-Mar-25,CUS-01978,PRD-0120,42,14740,619080
ORD-2025-019012,10-Mar-25,CUS-01794,PRD-0121,4,26430,105720
ORD-2025-019020,10-Mar-25,CUS-02082,PRD-0151,7,42840,299880
ORD-2025-019024,10-Mar-25,CUS-01609,PRD-0161,4,32640,130560
ORD-2025-019025,10-Mar-25,CUS-00717,PRD-0161,10,32640,326400
ORD-2025-019030,11-Mar-25,CUS-01558,PRD-0001,5,4970,24850
ORD-2025-019033,11-Mar-25,CUS-00484,PRD-0004,4,4490,17960
ORD-2025-019036,11-Mar-25,CUS-02459,PRD-0005,8,3110,24880
ORD-2025-019038,11-Mar-25,CUS-00102,PRD-0010,4,16050,64200
ORD-2025-019047,11-Mar-25,CUS-02409,PRD-0037,4,25650,102600
ORD-2025-019053,11-Mar-25,CUS-00606,PRD-0048,8,16870,134960
ORD-2025-019077,11-Mar-25,CUS-01679,PRD-0090,7,37690,263830
ORD-2025-019082,11-Mar-25,CUS-01647,PRD-0099,22,14380,316360
ORD-2025-019083,11-Mar-25,CUS-00017,PRD-0099,6,14380,86280
ORD-2025-019087,11-Mar-25,CUS-01954,PRD-0109,18,30700,552600
ORD-2025-019091,11-Mar-25,CUS-01183,PRD-0120,2,14740,29480
ORD-2025-019093,11-Mar-25,CUS-02314,PRD-0121,1,26430,26430
ORD-2025-019095,11-Mar-25,CUS-02220,PRD-0123,5,14410,72050
ORD-2025-019112,11-Mar-25,CUS-01813,PRD-0161,28,32640,913920
ORD-2025-019118,11-Mar-25,CUS-01838,PRD-0167,2,14020,28040
ORD-2025-019131,12-Mar-25,CUS-00851,PRD-0034,3,15350,46050
ORD-2025-019137,12-Mar-25,CUS-01166,PRD-0049,9,18190,163710
ORD-2025-019149,12-Mar-25,CUS-02258,PRD-0065,2,34000,68000
ORD-2025-019150,12-Mar-25,CUS-01114,PRD-0070,3,19240,57720
ORD-2025-019151,12-Mar-25,CUS-01762,PRD-0070,9,19240,173160
ORD-2025-019155,12-Mar-25,CUS-02212,PRD-0084,8,27760,222080
ORD-2025-019166,12-Mar-25,CUS-01703,PRD-0090,5,37690,188450
ORD-2025-019178,12-Mar-25,CUS-02405,PRD-0118,4,23110,92440
ORD-2025-019186,12-Mar-25,CUS-00388,PRD-0125,3,15380,46140
ORD-2025-019187,12-Mar-25,CUS-02022,PRD-0125,3,15380,46140
ORD-2025-019189,12-Mar-25,CUS-02286,PRD-0131,19,31140,591660
ORD-2025-019190,12-Mar-25,CUS-00657,PRD-0131,5,31140,155700
ORD-2025-019194,12-Mar-25,CUS-02212,PRD-0142,7,52030,364210
ORD-2025-019201,12-Mar-25,CUS-00652,PRD-0151,12,42840,514080
ORD-2025-019202,12-Mar-25,CUS-01726,PRD-0151,2,42840,85680
ORD-2025-019203,12-Mar-25,CUS-01357,PRD-0151,8,42840,342720
ORD-2025-019205,12-Mar-25,CUS-02276,PRD-0160,7,32940,230580
ORD-2025-019207,12-Mar-25,CUS-00274,PRD-0163,6,27790,166740
ORD-2025-019209,12-Mar-25,CUS-02183,PRD-0165,3,23380,70140
ORD-2025-019211,13-Mar-25,CUS-01652,PRD-0004,2,4490,8980
ORD-2025-019218,13-Mar-25,CUS-02219,PRD-0021,13,19390,252070
ORD-2025-019219,13-Mar-25,CUS-00912,PRD-0022,4,11680,46720
ORD-2025-019221,13-Mar-25,CUS-00491,PRD-0026,10,4150,41500
ORD-2025-019222,13-Mar-25,CUS-01025,PRD-0027,5,4920,24600
ORD-2025-019233,13-Mar-25,CUS-00276,PRD-0051,17,43070,732190
ORD-2025-019239,13-Mar-25,CUS-01373,PRD-0076,9,28050,252450
ORD-2025-019241,13-Mar-25,CUS-02109,PRD-0077,36,31120,1120320
ORD-2025-019242,13-Mar-25,CUS-00665,PRD-0077,3,31120,93360
ORD-2025-019247,13-Mar-25,CUS-00602,PRD-0082,41,30730,1259930
ORD-2025-019251,13-Mar-25,CUS-01950,PRD-0086,14,28180,394520
ORD-2025-019262,13-Mar-25,CUS-02249,PRD-0098,7,15320,107240
ORD-2025-019265,13-Mar-25,CUS-02379,PRD-0103,29,38480,1115920
ORD-2025-019267,13-Mar-25,CUS-01875,PRD-0108,5,30750,153750
ORD-2025-019268,13-Mar-25,CUS-01465,PRD-0118,11,23110,254210
ORD-2025-019270,13-Mar-25,CUS-00927,PRD-0121,4,26430,105720
ORD-2025-019273,13-Mar-25,CUS-01969,PRD-0131,6,31140,186840
ORD-2025-019279,13-Mar-25,CUS-01064,PRD-0151,1,42840,42840
ORD-2025-019281,13-Mar-25,CUS-02048,PRD-0152,12,24900,298800
ORD-2025-019284,13-Mar-25,CUS-01382,PRD-0157,1,24810,24810
ORD-2025-019298,14-Mar-25,CUS-02048,PRD-0031,3,36660,109980
ORD-2025-019312,14-Mar-25,CUS-00782,PRD-0062,23,17890,411470
ORD-2025-019314,14-Mar-25,CUS-02323,PRD-0064,5,36350,181750
ORD-2025-019316,14-Mar-25,CUS-01497,PRD-0068,10,16320,163200
ORD-2025-019336,14-Mar-25,CUS-00512,PRD-0096,8,23060,184480
ORD-2025-019337,14-Mar-25,CUS-01692,PRD-0098,3,15320,45960
ORD-2025-019338,14-Mar-25,CUS-02037,PRD-0100,5,20780,103900
ORD-2025-019342,14-Mar-25,CUS-00034,PRD-0121,13,26430,343590
ORD-2025-019343,14-Mar-25,CUS-02249,PRD-0125,9,15380,138420
ORD-2025-019349,14-Mar-25,CUS-02279,PRD-0142,10,52030,520300
ORD-2025-019353,14-Mar-25,CUS-00223,PRD-0145,19,31800,604200
ORD-2025-019354,14-Mar-25,CUS-01113,PRD-0147,3,32330,96990
ORD-2025-019361,14-Mar-25,CUS-01309,PRD-0160,4,32940,131760
ORD-2025-019366,14-Mar-25,CUS-01049,PRD-0167,23,14020,322460
ORD-2025-019367,14-Mar-25,CUS-00043,PRD-0168,8,19490,155920
ORD-2025-019371,15-Mar-25,CUS-00299,PRD-0024,5,9800,49000
ORD-2025-019374,15-Mar-25,CUS-01627,PRD-0040,4,14100,56400
ORD-2025-019387,15-Mar-25,CUS-00811,PRD-0083,6,23690,142140
ORD-2025-019388,15-Mar-25,CUS-02222,PRD-0083,2,23690,47380
ORD-2025-019394,15-Mar-25,CUS-00527,PRD-0090,8,37690,301520
ORD-2025-019395,15-Mar-25,CUS-00347,PRD-0090,11,37690,414590
ORD-2025-019402,15-Mar-25,CUS-01004,PRD-0109,15,30700,460500
ORD-2025-019406,15-Mar-25,CUS-00172,PRD-0125,4,15380,61520
ORD-2025-019419,16-Mar-25,CUS-01899,PRD-0004,7,4490,31430
ORD-2025-019420,16-Mar-25,CUS-01393,PRD-0023,9,16940,152460
ORD-2025-019436,16-Mar-25,CUS-01008,PRD-0151,8,42840,342720
ORD-2025-019447,17-Mar-25,CUS-00055,PRD-0025,18,5090,91620
ORD-2025-019451,17-Mar-25,CUS-01489,PRD-0033,7,11040,77280
ORD-2025-019457,17-Mar-25,CUS-00735,PRD-0050,6,5420,32520
ORD-2025-019459,17-Mar-25,CUS-01557,PRD-0060,4,57540,230160
ORD-2025-019463,17-Mar-25,CUS-00375,PRD-0062,22,17890,393580
ORD-2025-019468,17-Mar-25,CUS-02245,PRD-0074,12,38390,460680
ORD-2025-019470,17-Mar-25,CUS-00212,PRD-0079,4,46870,187480
ORD-2025-019479,17-Mar-25,CUS-00330,PRD-0090,7,37690,263830
ORD-2025-019480,17-Mar-25,CUS-02456,PRD-0090,5,37690,188450
ORD-2025-019481,17-Mar-25,CUS-02130,PRD-0090,15,37690,565350
ORD-2025-019490,17-Mar-25,CUS-00482,PRD-0100,6,20780,124680
ORD-2025-019520,17-Mar-25,CUS-02334,PRD-0151,7,42840,299880
ORD-2025-019526,17-Mar-25,CUS-01515,PRD-0159,22,25840,568480
ORD-2025-019527,17-Mar-25,CUS-00438,PRD-0160,5,32940,164700
ORD-2025-019530,17-Mar-25,CUS-01449,PRD-0163,8,27790,222320
ORD-2025-019541,18-Mar-25,CUS-00280,PRD-0018,8,62570,500560
ORD-2025-019542,18-Mar-25,CUS-01337,PRD-0024,3,9800,29400
ORD-2025-019546,18-Mar-25,CUS-02252,PRD-0028,2,4910,9820
ORD-2025-019547,18-Mar-25,CUS-00013,PRD-0029,4,11070,44280
ORD-2025-019548,18-Mar-25,CUS-00571,PRD-0030,11,25250,277750
ORD-2025-019551,18-Mar-25,CUS-01665,PRD-0039,4,14770,59080
ORD-2025-019552,18-Mar-25,CUS-00672,PRD-0039,22,14770,324940
ORD-2025-019556,18-Mar-25,CUS-02037,PRD-0059,21,50810,1067010
ORD-2025-019559,18-Mar-25,CUS-02479,PRD-0061,3,16320,48960
ORD-2025-019561,18-Mar-25,CUS-01309,PRD-0063,1,15070,15070
ORD-2025-019564,18-Mar-25,CUS-00229,PRD-0067,6,12380,74280
ORD-2025-019568,18-Mar-25,CUS-00986,PRD-0080,15,23900,358500
ORD-2025-019585,18-Mar-25,CUS-00811,PRD-0090,11,37690,414590
ORD-2025-019586,18-Mar-25,CUS-00675,PRD-0090,12,37690,452280
ORD-2025-019594,18-Mar-25,CUS-01154,PRD-0118,16,23110,369760
ORD-2025-019599,18-Mar-25,CUS-01838,PRD-0122,10,19140,191400
ORD-2025-019605,18-Mar-25,CUS-00038,PRD-0131,11,31140,342540
ORD-2025-019611,18-Mar-25,CUS-01508,PRD-0146,5,34820,174100
ORD-2025-019617,18-Mar-25,CUS-01585,PRD-0156,3,58570,175710
ORD-2025-019635,19-Mar-25,CUS-01915,PRD-0019,5,31240,156200
ORD-2025-019636,19-Mar-25,CUS-00007,PRD-0033,18,11040,198720
ORD-2025-019642,19-Mar-25,CUS-02205,PRD-0064,4,36350,145400
ORD-2025-019643,19-Mar-25,CUS-00262,PRD-0064,12,36350,436200
ORD-2025-019647,19-Mar-25,CUS-02201,PRD-0081,5,42190,210950
ORD-2025-019652,19-Mar-25,CUS-01933,PRD-0086,5,28180,140900
ORD-2025-019656,19-Mar-25,CUS-00162,PRD-0090,4,37690,150760
ORD-2025-019657,19-Mar-25,CUS-02384,PRD-0090,11,37690,414590
ORD-2025-019662,19-Mar-25,CUS-02183,PRD-0098,16,15320,245120
ORD-2025-019664,19-Mar-25,CUS-02054,PRD-0100,9,20780,187020
ORD-2025-019666,19-Mar-25,CUS-01025,PRD-0101,5,22590,112950
ORD-2025-019676,19-Mar-25,CUS-01692,PRD-0125,11,15380,169180
ORD-2025-019677,19-Mar-25,CUS-01178,PRD-0125,3,15380,46140
ORD-2025-019693,19-Mar-25,CUS-01755,PRD-0151,3,42840,128520
ORD-2025-019696,19-Mar-25,CUS-01665,PRD-0155,7,65880,461160
ORD-2025-019701,19-Mar-25,CUS-00260,PRD-0163,8,27790,222320
ORD-2025-019705,19-Mar-25,CUS-01257,PRD-0167,3,14020,42060
ORD-2025-019706,20-Mar-25,CUS-00316,PRD-0002,17,5180,88060
ORD-2025-019708,20-Mar-25,CUS-01887,PRD-0005,9,3110,27990
ORD-2025-019717,20-Mar-25,CUS-02406,PRD-0038,4,15680,62720
ORD-2025-019726,20-Mar-25,CUS-00614,PRD-0062,2,17890,35780
ORD-2025-019727,20-Mar-25,CUS-00313,PRD-0064,3,36350,109050
ORD-2025-019737,20-Mar-25,CUS-02144,PRD-0084,18,27760,499680
ORD-2025-019743,20-Mar-25,CUS-01467,PRD-0090,11,37690,414590
ORD-2025-019744,20-Mar-25,CUS-00717,PRD-0090,6,37690,226140
ORD-2025-019745,20-Mar-25,CUS-00099,PRD-0090,3,37690,113070
ORD-2025-019748,20-Mar-25,CUS-01101,PRD-0100,7,20780,145460
ORD-2025-019750,20-Mar-25,CUS-02478,PRD-0101,6,22590,135540
ORD-2025-019760,20-Mar-25,CUS-00821,PRD-0127,5,16760,83800
ORD-2025-019764,20-Mar-25,CUS-02379,PRD-0131,5,31140,155700
ORD-2025-019766,20-Mar-25,CUS-01177,PRD-0135,3,32900,98700
ORD-2025-019767,20-Mar-25,CUS-01790,PRD-0138,5,27020,135100
ORD-2025-019771,20-Mar-25,CUS-01971,PRD-0143,4,48640,194560
ORD-2025-019783,20-Mar-25,CUS-02307,PRD-0161,4,32640,130560
ORD-2025-019786,20-Mar-25,CUS-00401,PRD-0165,16,23380,374080
ORD-2025-019787,20-Mar-25,CUS-01616,PRD-0165,3,23380,70140
ORD-2025-019793,21-Mar-25,CUS-02471,PRD-0011,10,17170,171700
ORD-2025-019794,21-Mar-25,CUS-01934,PRD-0018,15,62570,938550
ORD-2025-019797,21-Mar-25,CUS-00870,PRD-0031,16,36660,586560
ORD-2025-019800,21-Mar-25,CUS-00337,PRD-0039,3,14770,44310
ORD-2025-019804,21-Mar-25,CUS-02231,PRD-0048,6,16870,101220
ORD-2025-019805,21-Mar-25,CUS-01504,PRD-0056,2,25020,50040
ORD-2025-019809,21-Mar-25,CUS-00881,PRD-0063,23,15070,346610
ORD-2025-019832,21-Mar-25,CUS-02483,PRD-0090,9,37690,339210
ORD-2025-019833,21-Mar-25,CUS-02478,PRD-0090,4,37690,150760
ORD-2025-019834,21-Mar-25,CUS-01099,PRD-0090,3,37690,113070
ORD-2025-019835,21-Mar-25,CUS-00103,PRD-0090,15,37690,565350
ORD-2025-019843,21-Mar-25,CUS-01497,PRD-0100,5,20780,103900
ORD-2025-019844,21-Mar-25,CUS-01067,PRD-0101,2,22590,45180
ORD-2025-019854,21-Mar-25,CUS-01189,PRD-0115,10,21210,212100
ORD-2025-019860,21-Mar-25,CUS-01019,PRD-0128,9,20590,185310
ORD-2025-019866,21-Mar-25,CUS-00714,PRD-0149,15,45880,688200
ORD-2025-019871,21-Mar-25,CUS-01373,PRD-0153,8,24220,193760
ORD-2025-019872,21-Mar-25,CUS-00674,PRD-0154,15,42470,637050
ORD-2025-019877,21-Mar-25,CUS-01106,PRD-0160,17,32940,559980
ORD-2025-019882,21-Mar-25,CUS-00137,PRD-0161,20,32640,652800
ORD-2025-019885,21-Mar-25,CUS-00877,PRD-0165,5,23380,116900
ORD-2025-019888,21-Mar-25,CUS-01005,PRD-0166,7,25650,179550
ORD-2025-019891,22-Mar-25,CUS-01373,PRD-0003,2,4840,9680
ORD-2025-019895,22-Mar-25,CUS-02130,PRD-0016,8,42680,341440
ORD-2025-019898,22-Mar-25,CUS-01281,PRD-0039,2,14770,29540
ORD-2025-019902,22-Mar-25,CUS-01004,PRD-0057,13,18040,234520
ORD-2025-019905,22-Mar-25,CUS-00017,PRD-0064,8,36350,290800
ORD-2025-019914,22-Mar-25,CUS-00532,PRD-0077,10,31120,311200
ORD-2025-019919,22-Mar-25,CUS-01966,PRD-0090,12,37690,452280
ORD-2025-019921,22-Mar-25,CUS-01449,PRD-0093,7,23080,161560
ORD-2025-019931,22-Mar-25,CUS-02134,PRD-0125,3,15380,46140
ORD-2025-019932,22-Mar-25,CUS-01617,PRD-0131,8,31140,249120
ORD-2025-019966,23-Mar-25,CUS-00881,PRD-0121,5,26430,132150
ORD-2025-019970,23-Mar-25,CUS-02038,PRD-0136,15,54950,824250
ORD-2025-019980,23-Mar-25,CUS-02084,PRD-0160,4,32940,131760
ORD-2025-019997,24-Mar-25,CUS-02426,PRD-0060,9,57540,517860
ORD-2025-019998,24-Mar-25,CUS-02380,PRD-0062,10,17890,178900
ORD-2025-020005,24-Mar-25,CUS-00370,PRD-0077,16,31120,497920
ORD-2025-020015,24-Mar-25,CUS-00614,PRD-0090,23,37690,866870
ORD-2025-020020,24-Mar-25,CUS-00886,PRD-0092,3,30260,90780
ORD-2025-020031,24-Mar-25,CUS-01427,PRD-0120,3,14740,44220
ORD-2025-020044,24-Mar-25,CUS-00525,PRD-0135,1,32900,32900
ORD-2025-020048,24-Mar-25,CUS-00296,PRD-0143,8,48640,389120
ORD-2025-020056,24-Mar-25,CUS-02233,PRD-0151,10,42840,428400
ORD-2025-020059,24-Mar-25,CUS-02497,PRD-0157,8,24810,198480
ORD-2025-020061,24-Mar-25,CUS-00300,PRD-0160,8,32940,263520
ORD-2025-020071,25-Mar-25,CUS-01896,PRD-0018,6,62570,375420
ORD-2025-020074,25-Mar-25,CUS-00178,PRD-0032,5,20370,101850
ORD-2025-020081,25-Mar-25,CUS-01706,PRD-0051,20,43070,861400
ORD-2025-020088,25-Mar-25,CUS-00119,PRD-0064,3,36350,109050
ORD-2025-020089,25-Mar-25,CUS-02486,PRD-0072,5,42600,213000
ORD-2025-020099,25-Mar-25,CUS-01359,PRD-0090,12,37690,452280
ORD-2025-020110,25-Mar-25,CUS-02464,PRD-0100,8,20780,166240
ORD-2025-020114,25-Mar-25,CUS-02380,PRD-0112,13,15500,201500
ORD-2025-020116,25-Mar-25,CUS-01081,PRD-0117,1,17520,17520
ORD-2025-020118,25-Mar-25,CUS-02082,PRD-0123,6,14410,86460
ORD-2025-020120,25-Mar-25,CUS-01835,PRD-0125,5,15380,76900
ORD-2025-020121,25-Mar-25,CUS-02234,PRD-0125,2,15380,30760
ORD-2025-020124,25-Mar-25,CUS-00156,PRD-0128,3,20590,61770
ORD-2025-020141,25-Mar-25,CUS-00105,PRD-0159,8,25840,206720
ORD-2025-020151,26-Mar-25,CUS-01257,PRD-0002,2,5180,10360
ORD-2025-020153,26-Mar-25,CUS-02082,PRD-0016,4,42680,170720
ORD-2025-020154,26-Mar-25,CUS-02329,PRD-0018,7,62570,437990
ORD-2025-020159,26-Mar-25,CUS-01549,PRD-0051,8,43070,344560
ORD-2025-020160,26-Mar-25,CUS-01820,PRD-0051,7,43070,301490
ORD-2025-020166,26-Mar-25,CUS-02164,PRD-0062,3,17890,53670
ORD-2025-020168,26-Mar-25,CUS-00603,PRD-0074,5,38390,191950
ORD-2025-020169,26-Mar-25,CUS-00505,PRD-0077,14,31120,435680
ORD-2025-020172,26-Mar-25,CUS-00155,PRD-0089,4,13010,52040
ORD-2025-020176,26-Mar-25,CUS-01075,PRD-0090,6,37690,226140
ORD-2025-020184,26-Mar-25,CUS-00950,PRD-0100,4,20780,83120
ORD-2025-020188,26-Mar-25,CUS-00667,PRD-0117,26,17520,455520
ORD-2025-020188,26-Mar-25,CUS-00667,PRD-0117,26,17520,455520
ORD-2025-020189,26-Mar-25,CUS-01585,PRD-0118,2,23110,46220
ORD-2025-020194,26-Mar-25,CUS-02359,PRD-0121,6,26430,158580
ORD-2025-020197,26-Mar-25,CUS-01036,PRD-0125,3,15380,46140
ORD-2025-020202,26-Mar-25,CUS-01828,PRD-0142,11,52030,572330
ORD-2025-020207,26-Mar-25,CUS-00602,PRD-0151,7,42840,299880
ORD-2025-020208,26-Mar-25,CUS-00953,PRD-0151,12,42840,514080
ORD-2025-020209,26-Mar-25,CUS-00632,PRD-0151,17,42840,728280
ORD-2025-020211,26-Mar-25,CUS-01648,PRD-0154,15,42470,637050
ORD-2025-020213,26-Mar-25,CUS-01097,PRD-0156,5,58570,292850
ORD-2025-020218,26-Mar-25,CUS-00602,PRD-0165,18,23380,420840
ORD-2025-020222,27-Mar-25,CUS-01703,PRD-0001,3,4970,14910
ORD-2025-020227,27-Mar-25,CUS-02021,PRD-0018,2,62570,125140
ORD-2025-020230,27-Mar-25,CUS-01683,PRD-0029,9,11070,99630
ORD-2025-020236,27-Mar-25,CUS-00274,PRD-0048,8,16870,134960
ORD-2025-020243,27-Mar-25,CUS-02323,PRD-0064,31,36350,1126850
ORD-2025-020247,27-Mar-25,CUS-01081,PRD-0080,9,23900,215100
ORD-2025-020252,27-Mar-25,CUS-00076,PRD-0086,46,28180,1296280
ORD-2025-020253,27-Mar-25,CUS-02321,PRD-0086,10,28180,281800
ORD-2025-020253,27-Mar-25,CUS-02321,PRD-0086,10,28180,281800
ORD-2025-020254,27-Mar-25,CUS-00669,PRD-0086,2,28180,56360
ORD-2025-020259,27-Mar-25,CUS-01609,PRD-0090,15,37690,565350
ORD-2025-020262,27-Mar-25,CUS-01496,PRD-0098,2,15320,30640
ORD-2025-020272,27-Mar-25,CUS-01723,PRD-0115,7,21210,148470
ORD-2025-020291,27-Mar-25,CUS-01876,PRD-0151,24,42840,1028160
ORD-2025-020292,27-Mar-25,CUS-02264,PRD-0151,9,42840,385560
ORD-2025-020293,27-Mar-25,CUS-00055,PRD-0151,8,42840,342720
ORD-2025-020298,27-Mar-25,CUS-00603,PRD-0160,9,32940,296460
ORD-2025-020299,27-Mar-25,CUS-00959,PRD-0162,12,28900,346800
ORD-2025-020300,27-Mar-25,CUS-02314,PRD-0164,1,19920,19920
ORD-2025-020310,28-Mar-25,CUS-01762,PRD-0023,9,16940,152460
ORD-2025-020312,28-Mar-25,CUS-00013,PRD-0024,2,9800,19600
ORD-2025-020313,28-Mar-25,CUS-01691,PRD-0025,2,5090,10180
ORD-2025-020315,28-Mar-25,CUS-01041,PRD-0037,19,25650,487350
ORD-2025-020318,28-Mar-25,CUS-01977,PRD-0047,12,19060,228720
ORD-2025-020319,28-Mar-25,CUS-00614,PRD-0053,5,38950,194750
ORD-2025-020321,28-Mar-25,CUS-00255,PRD-0056,7,25020,175140
ORD-2025-020325,28-Mar-25,CUS-00816,PRD-0061,4,16320,65280
ORD-2025-020326,28-Mar-25,CUS-00350,PRD-0068,45,16320,734400
ORD-2025-020328,28-Mar-25,CUS-01368,PRD-0070,7,19240,134680
ORD-2025-020337,28-Mar-25,CUS-01118,PRD-0083,7,23690,165830
ORD-2025-020354,28-Mar-25,CUS-01309,PRD-0100,5,20780,103900
ORD-2025-020360,28-Mar-25,CUS-00330,PRD-0120,3,14740,44220
ORD-2025-020367,28-Mar-25,CUS-02035,PRD-0135,10,32900,329000
ORD-2025-020376,28-Mar-25,CUS-01108,PRD-0151,5,42840,214200
ORD-2025-020380,28-Mar-25,CUS-00301,PRD-0160,16,32940,527040
ORD-2025-020381,28-Mar-25,CUS-02314,PRD-0160,3,32940,98820
ORD-2025-020384,28-Mar-25,CUS-01622,PRD-0165,5,23380,116900
ORD-2025-020385,28-Mar-25,CUS-00021,PRD-0165,5,23380,116900
ORD-2025-020388,28-Mar-25,CUS-00253,PRD-0166,8,25650,205200
ORD-2025-020396,29-Mar-25,CUS-02125,PRD-0037,1,25650,25650
ORD-2025-020399,29-Mar-25,CUS-02472,PRD-0046,5,17360,86800
ORD-2025-020405,29-Mar-25,CUS-00021,PRD-0067,15,12380,185700
ORD-2025-020412,29-Mar-25,CUS-01384,PRD-0078,11,33720,370920
ORD-2025-020413,29-Mar-25,CUS-01964,PRD-0079,17,46870,796790
ORD-2025-020415,29-Mar-25,CUS-00663,PRD-0083,3,23690,71070
ORD-2025-020416,29-Mar-25,CUS-00962,PRD-0083,13,23690,307970
ORD-2025-020418,29-Mar-25,CUS-00571,PRD-0084,12,27760,333120
ORD-2025-020424,29-Mar-25,CUS-02441,PRD-0090,2,37690,75380
ORD-2025-020431,29-Mar-25,CUS-02439,PRD-0100,7,20780,145460
ORD-2025-020436,29-Mar-25,CUS-01766,PRD-0131,12,31140,373680
ORD-2025-020439,29-Mar-25,CUS-01187,PRD-0142,5,52030,260150
ORD-2025-020450,29-Mar-25,CUS-02037,PRD-0160,9,32940,296460
ORD-2025-020455,30-Mar-25,CUS-01025,PRD-0006,2,3060,6120
ORD-2025-020459,30-Mar-25,CUS-00171,PRD-0083,2,23690,47380
ORD-2025-020465,30-Mar-25,CUS-02249,PRD-0090,6,37690,226140
ORD-2025-020466,30-Mar-25,CUS-02456,PRD-0090,2,37690,75380
ORD-2025-020468,30-Mar-25,CUS-00441,PRD-0098,3,15320,45960
ORD-2025-020479,31-Mar-25,CUS-01349,PRD-0016,7,42680,298760
ORD-2025-020487,31-Mar-25,CUS-02457,PRD-0040,7,14100,98700
ORD-2025-020490,31-Mar-25,CUS-01735,PRD-0062,8,17890,143120
ORD-2025-020495,31-Mar-25,CUS-00964,PRD-0067,6,12380,74280
ORD-2025-020497,31-Mar-25,CUS-02334,PRD-0082,13,30730,399490
ORD-2025-020498,31-Mar-25,CUS-01588,PRD-0083,6,23690,142140
ORD-2025-020499,31-Mar-25,CUS-00992,PRD-0084,32,27760,888320
ORD-2025-020510,31-Mar-25,CUS-02253,PRD-0090,5,37690,188450
ORD-2025-020511,31-Mar-25,CUS-00660,PRD-0090,7,37690,263830
ORD-2025-020512,31-Mar-25,CUS-00375,PRD-0090,6,37690,226140
ORD-2025-020513,31-Mar-25,CUS-00966,PRD-0090,2,37690,75380
ORD-2025-020514,31-Mar-25,CUS-00416,PRD-0090,6,37690,226140
ORD-2025-020520,31-Mar-25,CUS-02427,PRD-0093,8,23080,184640
ORD-2025-020526,31-Mar-25,CUS-00525,PRD-0103,15,38480,577200
ORD-2025-020533,31-Mar-25,CUS-00761,PRD-0121,14,26430,370020
ORD-2025-020534,31-Mar-25,CUS-00299,PRD-0121,3,26430,79290
ORD-2025-020536,31-Mar-25,CUS-00708,PRD-0122,22,19140,421080
ORD-2025-020544,31-Mar-25,CUS-00297,PRD-0151,7,42840,299880
ORD-2025-020546,31-Mar-25,CUS-01680,PRD-0154,6,42470,254820
ORD-2025-020547,31-Mar-25,CUS-00066,PRD-0156,3,58570,175710
ORD-2025-020551,31-Mar-25,CUS-00707,PRD-0161,13,32640,424320
ORD-2025-020553,31-Mar-25,CUS-01338,PRD-0166,2,25650,51300
ORD-2025-020559,01-Apr-25,CUS-00297,PRD-0008,4,16360,65440
ORD-2025-020564,01-Apr-25,CUS-01631,PRD-0020,3,29210,87630
ORD-2025-020566,01-Apr-25,CUS-00030,PRD-0023,20,16940,338800
ORD-2025-020571,01-Apr-25,CUS-02021,PRD-0037,9,25650,230850
ORD-2025-020573,01-Apr-25,CUS-01384,PRD-0040,9,14100,126900
ORD-2025-020583,01-Apr-25,CUS-01550,PRD-0065,4,34000,136000
ORD-2025-020584,01-Apr-25,CUS-01515,PRD-0074,12,38390,460680
ORD-2025-020587,01-Apr-25,CUS-01987,PRD-0081,15,42190,632850
ORD-2025-020589,01-Apr-25,CUS-01893,PRD-0084,3,27760,83280
ORD-2025-020597,01-Apr-25,CUS-00833,PRD-0090,3,37690,113070
ORD-2025-020600,01-Apr-25,CUS-00532,PRD-0094,6,22360,134160
ORD-2025-020615,01-Apr-25,CUS-02253,PRD-0125,15,15380,230700
ORD-2025-020617,01-Apr-25,CUS-02215,PRD-0128,5,20590,102950
ORD-2025-020624,01-Apr-25,CUS-02354,PRD-0145,1,31800,31800
ORD-2025-020630,01-Apr-25,CUS-02184,PRD-0151,3,42840,128520
ORD-2025-020633,01-Apr-25,CUS-01395,PRD-0153,5,24220,121100
ORD-2025-020638,01-Apr-25,CUS-00571,PRD-0156,3,58570,175710
ORD-2025-020648,02-Apr-25,CUS-00253,PRD-0004,19,4490,85310
ORD-2025-020649,02-Apr-25,CUS-02479,PRD-0009,4,18390,73560
ORD-2025-020652,02-Apr-25,CUS-02053,PRD-0016,4,42680,170720
ORD-2025-020654,02-Apr-25,CUS-01986,PRD-0022,11,11680,128480
ORD-2025-020666,02-Apr-25,CUS-00010,PRD-0086,4,28180,112720
ORD-2025-020671,02-Apr-25,CUS-02087,PRD-0090,13,37690,489970
ORD-2025-020672,02-Apr-25,CUS-01838,PRD-0090,10,37690,376900
ORD-2025-020678,02-Apr-25,CUS-02026,PRD-0100,9,20780,187020
ORD-2025-020679,02-Apr-25,CUS-00618,PRD-0100,14,20780,290920
ORD-2025-020682,02-Apr-25,CUS-00459,PRD-0108,10,30750,307500
ORD-2025-020692,02-Apr-25,CUS-00520,PRD-0128,3,20590,61770
ORD-2025-020693,02-Apr-25,CUS-01755,PRD-0128,7,20590,144130
ORD-2025-020696,02-Apr-25,CUS-01189,PRD-0135,9,32900,296100
ORD-2025-020697,02-Apr-25,CUS-02382,PRD-0138,7,27020,189140
ORD-2025-020701,02-Apr-25,CUS-00602,PRD-0146,1,34820,34820
ORD-2025-020705,02-Apr-25,CUS-02164,PRD-0151,15,42840,642600
ORD-2025-020706,02-Apr-25,CUS-00830,PRD-0151,9,42840,385560
ORD-2025-020707,02-Apr-25,CUS-00548,PRD-0151,4,42840,171360
ORD-2025-020713,02-Apr-25,CUS-00126,PRD-0161,33,32640,1077120
ORD-2025-020715,03-Apr-25,CUS-01694,PRD-0003,3,4840,14520
ORD-2025-020716,03-Apr-25,CUS-02220,PRD-0005,17,3110,52870
ORD-2025-020717,03-Apr-25,CUS-00808,PRD-0007,3,17070,51210
ORD-2025-020719,03-Apr-25,CUS-00444,PRD-0018,20,62570,1251400
ORD-2025-020720,03-Apr-25,CUS-00619,PRD-0023,18,16940,304920
ORD-2025-020725,03-Apr-25,CUS-02441,PRD-0039,8,14770,118160
ORD-2025-020727,03-Apr-25,CUS-00509,PRD-0047,6,19060,114360
ORD-2025-020733,03-Apr-25,CUS-02276,PRD-0057,9,18040,162360
ORD-2025-020747,03-Apr-25,CUS-00057,PRD-0086,3,28180,84540
ORD-2025-020752,03-Apr-25,CUS-00657,PRD-0093,32,23080,738560
ORD-2025-020755,03-Apr-25,CUS-00612,PRD-0100,6,20780,124680
ORD-2025-020758,03-Apr-25,CUS-02026,PRD-0103,7,38480,269360
ORD-2025-020759,03-Apr-25,CUS-01691,PRD-0103,13,38480,500240
ORD-2025-020763,03-Apr-25,CUS-01549,PRD-0120,5,14740,73700
ORD-2025-020765,03-Apr-25,CUS-00259,PRD-0125,27,15380,415260
ORD-2025-020767,03-Apr-25,CUS-01648,PRD-0130,12,13600,163200
ORD-2025-020771,03-Apr-25,CUS-00375,PRD-0151,4,42840,171360
ORD-2025-020776,03-Apr-25,CUS-00375,PRD-0160,9,32940,296460
ORD-2025-020781,03-Apr-25,CUS-00451,PRD-0167,1,14020,14020
ORD-2025-020785,04-Apr-25,CUS-01434,PRD-0011,3,17170,51510
ORD-2025-020786,04-Apr-25,CUS-01627,PRD-0016,3,42680,128040
ORD-2025-020789,04-Apr-25,CUS-01395,PRD-0020,7,29210,204470
ORD-2025-020795,04-Apr-25,CUS-00570,PRD-0028,12,4910,58920
ORD-2025-020800,04-Apr-25,CUS-00863,PRD-0041,18,6830,122940
ORD-2025-020810,04-Apr-25,CUS-01112,PRD-0058,6,17980,107880
ORD-2025-020816,04-Apr-25,CUS-01036,PRD-0068,6,16320,97920
ORD-2025-020817,04-Apr-25,CUS-01528,PRD-0076,5,28050,140250
ORD-2025-020820,04-Apr-25,CUS-00570,PRD-0078,10,33720,337200
ORD-2025-020826,04-Apr-25,CUS-02275,PRD-0084,6,27760,166560
ORD-2025-020832,04-Apr-25,CUS-01004,PRD-0090,3,37690,113070
ORD-2025-020833,04-Apr-25,CUS-00630,PRD-0090,13,37690,489970
ORD-2025-020838,04-Apr-25,CUS-01108,PRD-0098,11,15320,168520
ORD-2025-020843,04-Apr-25,CUS-02048,PRD-0100,33,20780,685740
ORD-2025-020844,04-Apr-25,CUS-01101,PRD-0100,4,20780,83120
ORD-2025-020846,04-Apr-25,CUS-00973,PRD-0103,5,38480,192400
ORD-2025-020853,04-Apr-25,CUS-01781,PRD-0121,9,26430,237870
ORD-2025-020866,04-Apr-25,CUS-00073,PRD-0139,5,33360,166800
ORD-2025-020881,04-Apr-25,CUS-00033,PRD-0161,3,32640,97920
ORD-2025-020884,04-Apr-25,CUS-02334,PRD-0166,3,25650,76950
ORD-2025-020885,04-Apr-25,CUS-01491,PRD-0166,14,25650,359100
ORD-2025-020890,05-Apr-25,CUS-01728,PRD-0011,22,17170,377740
ORD-2025-020911,05-Apr-25,CUS-00253,PRD-0090,20,37690,753800
ORD-2025-020917,05-Apr-25,CUS-00782,PRD-0091,12,27010,324120
ORD-2025-020923,05-Apr-25,CUS-01223,PRD-0113,5,10420,52100
ORD-2025-020923,05-Apr-25,CUS-01223,PRD-0113,5,10420,52100
ORD-2025-020930,05-Apr-25,CUS-01774,PRD-0135,20,32900,658000
ORD-2025-020935,05-Apr-25,CUS-01413,PRD-0151,3,42840,128520
ORD-2025-020936,05-Apr-25,CUS-01951,PRD-0151,4,42840,171360
ORD-2025-020939,05-Apr-25,CUS-00977,PRD-0156,12,58570,702840
ORD-2025-020943,05-Apr-25,CUS-00117,PRD-0161,8,32640,261120
ORD-2025-020945,05-Apr-25,CUS-01381,PRD-0162,3,28900,86700
ORD-2025-020950,06-Apr-25,CUS-00865,PRD-0067,23,12380,284740
ORD-2025-020962,06-Apr-25,CUS-01491,PRD-0120,1,14740,14740
ORD-2025-020968,06-Apr-25,CUS-02245,PRD-0145,3,31800,95400
ORD-2025-020976,07-Apr-25,CUS-02158,PRD-0005,9,3110,27990
ORD-2025-020978,07-Apr-25,CUS-01774,PRD-0011,22,17170,377740
ORD-2025-020989,07-Apr-25,CUS-00966,PRD-0058,9,17980,161820
ORD-2025-020997,07-Apr-25,CUS-01052,PRD-0077,4,31120,124480
ORD-2025-020998,07-Apr-25,CUS-01795,PRD-0077,1,31120,31120
ORD-2025-021001,07-Apr-25,CUS-00262,PRD-0080,8,23900,191200
ORD-2025-021002,07-Apr-25,CUS-02323,PRD-0081,9,42190,379710
ORD-2025-021018,07-Apr-25,CUS-00881,PRD-0090,8,37690,301520
ORD-2025-021019,07-Apr-25,CUS-01670,PRD-0090,4,37690,150760
ORD-2025-021020,07-Apr-25,CUS-00595,PRD-0090,7,37690,263830
ORD-2025-021023,07-Apr-25,CUS-00201,PRD-0100,34,20780,706520
ORD-2025-021034,07-Apr-25,CUS-00291,PRD-0125,9,15380,138420
ORD-2025-021037,07-Apr-25,CUS-00750,PRD-0127,5,16760,83800
ORD-2025-021038,07-Apr-25,CUS-02253,PRD-0131,8,31140,249120
ORD-2025-021046,07-Apr-25,CUS-00964,PRD-0150,6,47850,287100
ORD-2025-021049,07-Apr-25,CUS-00008,PRD-0151,2,42840,85680
ORD-2025-021057,07-Apr-25,CUS-01049,PRD-0167,29,14020,406580
ORD-2025-021058,08-Apr-25,CUS-01515,PRD-0006,4,3060,12240
ORD-2025-021065,08-Apr-25,CUS-01166,PRD-0037,4,25650,102600
ORD-2025-021071,08-Apr-25,CUS-02026,PRD-0058,2,17980,35960
ORD-2025-021081,08-Apr-25,CUS-02258,PRD-0069,19,17210,326990
ORD-2025-021084,08-Apr-25,CUS-01373,PRD-0076,3,28050,84150
ORD-2025-021087,08-Apr-25,CUS-01231,PRD-0077,6,31120,186720
ORD-2025-021093,08-Apr-25,CUS-00090,PRD-0083,5,23690,118450
ORD-2025-021096,08-Apr-25,CUS-00651,PRD-0086,1,28180,28180
ORD-2025-021097,08-Apr-25,CUS-00830,PRD-0086,2,28180,56360
ORD-2025-021107,08-Apr-25,CUS-00229,PRD-0090,5,37690,188450
ORD-2025-021111,08-Apr-25,CUS-00544,PRD-0098,4,15320,61280
ORD-2025-021116,08-Apr-25,CUS-02020,PRD-0115,9,21210,190890
ORD-2025-021118,08-Apr-25,CUS-01101,PRD-0118,4,23110,92440
ORD-2025-021122,08-Apr-25,CUS-01887,PRD-0121,5,26430,132150
ORD-2025-021125,08-Apr-25,CUS-00986,PRD-0124,14,8790,123060
ORD-2025-021132,08-Apr-25,CUS-02258,PRD-0131,10,31140,311400
ORD-2025-021134,08-Apr-25,CUS-02479,PRD-0141,14,38600,540400
ORD-2025-021135,08-Apr-25,CUS-01960,PRD-0144,3,31990,95970
ORD-2025-021138,08-Apr-25,CUS-01896,PRD-0151,5,42840,214200
ORD-2025-021142,08-Apr-25,CUS-01224,PRD-0156,3,58570,175710
ORD-2025-021143,08-Apr-25,CUS-01579,PRD-0156,12,58570,702840
ORD-2025-021149,08-Apr-25,CUS-00816,PRD-0161,1,32640,32640
ORD-2025-021155,09-Apr-25,CUS-02478,PRD-0004,9,4490,40410
ORD-2025-021160,09-Apr-25,CUS-02243,PRD-0018,20,62570,1251400
ORD-2025-021161,09-Apr-25,CUS-00612,PRD-0018,11,62570,688270
ORD-2025-021162,09-Apr-25,CUS-00901,PRD-0018,5,62570,312850
ORD-2025-021165,09-Apr-25,CUS-02219,PRD-0034,11,15350,168850
ORD-2025-021166,09-Apr-25,CUS-00171,PRD-0039,6,14770,88620
ORD-2025-021170,09-Apr-25,CUS-00201,PRD-0051,8,43070,344560
ORD-2025-021178,09-Apr-25,CUS-01272,PRD-0067,5,12380,61900
ORD-2025-021179,09-Apr-25,CUS-00033,PRD-0068,17,16320,277440
ORD-2025-021184,09-Apr-25,CUS-02427,PRD-0079,19,46870,890530
ORD-2025-021187,09-Apr-25,CUS-00102,PRD-0081,10,42190,421900
ORD-2025-021193,09-Apr-25,CUS-02144,PRD-0090,3,37690,113070
ORD-2025-021194,09-Apr-25,CUS-02457,PRD-0090,8,37690,301520
ORD-2025-021195,09-Apr-25,CUS-00532,PRD-0090,8,37690,301520
ORD-2025-021198,09-Apr-25,CUS-01126,PRD-0093,16,23080,369280
ORD-2025-021201,09-Apr-25,CUS-01238,PRD-0098,6,15320,91920
ORD-2025-021204,09-Apr-25,CUS-01977,PRD-0100,5,20780,103900
ORD-2025-021204,09-Apr-25,CUS-01977,PRD-0100,5,20780,103900
ORD-2025-021206,09-Apr-25,CUS-00713,PRD-0117,12,17520,210240
ORD-2025-021207,09-Apr-25,CUS-01340,PRD-0118,6,23110,138660
ORD-2025-021211,09-Apr-25,CUS-00714,PRD-0125,4,15380,61520
ORD-2025-021212,09-Apr-25,CUS-01066,PRD-0125,5,15380,76900
ORD-2025-021220,09-Apr-25,CUS-00155,PRD-0142,15,52030,780450
ORD-2025-021222,09-Apr-25,CUS-00204,PRD-0146,3,34820,104460
ORD-2025-021239,10-Apr-25,CUS-01449,PRD-0011,5,17170,85850
ORD-2025-021244,10-Apr-25,CUS-01650,PRD-0028,21,4910,103110
ORD-2025-021250,10-Apr-25,CUS-01674,PRD-0062,20,17890,357800
ORD-2025-021254,10-Apr-25,CUS-02281,PRD-0082,18,30730,553140
ORD-2025-021255,10-Apr-25,CUS-01214,PRD-0084,7,27760,194320
ORD-2025-021255,10-Apr-25,CUS-01214,PRD-0084,7,27760,194320
ORD-2025-021268,10-Apr-25,CUS-01209,PRD-0120,3,14740,44220
ORD-2025-021269,10-Apr-25,CUS-00223,PRD-0120,2,14740,29480
ORD-2025-021278,10-Apr-25,CUS-02394,PRD-0128,5,20590,102950
ORD-2025-021279,10-Apr-25,CUS-01460,PRD-0133,6,27960,167760
ORD-2025-021282,10-Apr-25,CUS-02021,PRD-0138,10,27020,270200
ORD-2025-021291,10-Apr-25,CUS-01917,PRD-0151,8,42840,342720
ORD-2025-021293,10-Apr-25,CUS-01820,PRD-0153,8,24220,193760
ORD-2025-021314,11-Apr-25,CUS-01795,PRD-0023,7,16940,118580
ORD-2025-021317,11-Apr-25,CUS-00973,PRD-0031,1,36660,36660
ORD-2025-021346,11-Apr-25,CUS-02183,PRD-0083,20,23690,473800
ORD-2025-021363,11-Apr-25,CUS-01099,PRD-0108,2,30750,61500
ORD-2025-021367,11-Apr-25,CUS-01876,PRD-0118,8,23110,184880
ORD-2025-021368,11-Apr-25,CUS-00276,PRD-0120,44,14740,648560
ORD-2025-021370,11-Apr-25,CUS-01341,PRD-0121,4,26430,105720
ORD-2025-021373,11-Apr-25,CUS-02334,PRD-0125,6,15380,92280
ORD-2025-021388,11-Apr-25,CUS-01189,PRD-0161,13,32640,424320
ORD-2025-021390,12-Apr-25,CUS-01992,PRD-0007,3,17070,51210
ORD-2025-021394,12-Apr-25,CUS-01460,PRD-0023,10,16940,169400
ORD-2025-021399,12-Apr-25,CUS-01721,PRD-0045,18,7340,132120
ORD-2025-021404,12-Apr-25,CUS-01486,PRD-0057,15,18040,270600
ORD-2025-021410,12-Apr-25,CUS-01368,PRD-0081,6,42190,253140
ORD-2025-021411,12-Apr-25,CUS-02144,PRD-0084,19,27760,527440
ORD-2025-021414,12-Apr-25,CUS-01393,PRD-0090,5,37690,188450
ORD-2025-021415,12-Apr-25,CUS-02005,PRD-0091,18,27010,486180
ORD-2025-021424,12-Apr-25,CUS-00219,PRD-0125,13,15380,199940
ORD-2025-021427,12-Apr-25,CUS-02287,PRD-0135,10,32900,329000
ORD-2025-021428,12-Apr-25,CUS-00482,PRD-0138,8,27020,216160
ORD-2025-021435,12-Apr-25,CUS-01636,PRD-0153,3,24220,72660
ORD-2025-021437,12-Apr-25,CUS-01528,PRD-0164,5,19920,99600
ORD-2025-021438,12-Apr-25,CUS-01983,PRD-0164,7,19920,139440
ORD-2025-021439,12-Apr-25,CUS-02190,PRD-0165,13,23380,303940
ORD-2025-021440,12-Apr-25,CUS-01340,PRD-0165,2,23380,46760
ORD-2025-021442,13-Apr-25,CUS-00614,PRD-0015,9,8500,76500
ORD-2025-021445,13-Apr-25,CUS-00816,PRD-0035,3,13660,40980
ORD-2025-021447,13-Apr-25,CUS-02275,PRD-0038,4,15680,62720
ORD-2025-021454,13-Apr-25,CUS-00808,PRD-0051,7,43070,301490
ORD-2025-021460,13-Apr-25,CUS-02287,PRD-0077,14,31120,435680
ORD-2025-021461,13-Apr-25,CUS-00833,PRD-0078,10,33720,337200
ORD-2025-021463,13-Apr-25,CUS-00746,PRD-0083,5,23690,118450
ORD-2025-021470,13-Apr-25,CUS-00021,PRD-0090,10,37690,376900
ORD-2025-021475,13-Apr-25,CUS-00084,PRD-0098,24,15320,367680
ORD-2025-021478,13-Apr-25,CUS-00445,PRD-0118,20,23110,462200
ORD-2025-021482,13-Apr-25,CUS-00353,PRD-0126,27,29270,790290
ORD-2025-021486,13-Apr-25,CUS-00375,PRD-0155,7,65880,461160
ORD-2025-021489,14-Apr-25,CUS-01486,PRD-0005,13,3110,40430
ORD-2025-021516,14-Apr-25,CUS-01218,PRD-0086,5,28180,140900
ORD-2025-021523,14-Apr-25,CUS-02449,PRD-0090,16,37690,603040
ORD-2025-021524,14-Apr-25,CUS-01636,PRD-0090,11,37690,414590
ORD-2025-021528,14-Apr-25,CUS-02094,PRD-0098,12,15320,183840
ORD-2025-021529,14-Apr-25,CUS-00850,PRD-0102,2,17050,34100
ORD-2025-021532,14-Apr-25,CUS-00806,PRD-0108,3,30750,92250
ORD-2025-021534,14-Apr-25,CUS-00184,PRD-0113,26,10420,270920
ORD-2025-021537,14-Apr-25,CUS-01622,PRD-0120,3,14740,44220
ORD-2025-021543,14-Apr-25,CUS-01694,PRD-0125,6,15380,92280
ORD-2025-021550,14-Apr-25,CUS-01567,PRD-0146,3,34820,104460
ORD-2025-021556,14-Apr-25,CUS-02411,PRD-0153,3,24220,72660
ORD-2025-021557,14-Apr-25,CUS-01110,PRD-0153,9,24220,217980
ORD-2025-021558,14-Apr-25,CUS-01395,PRD-0153,18,24220,435960
ORD-2025-021561,14-Apr-25,CUS-01341,PRD-0155,4,65880,263520
ORD-2025-021572,14-Apr-25,CUS-01005,PRD-0164,9,19920,179280
ORD-2025-021575,14-Apr-25,CUS-00727,PRD-0166,6,25650,153900
ORD-2025-021579,15-Apr-25,CUS-00965,PRD-0004,17,4490,76330
ORD-2025-021580,15-Apr-25,CUS-02478,PRD-0004,5,4490,22450
ORD-2025-021598,15-Apr-25,CUS-00502,PRD-0062,6,17890,107340
ORD-2025-021599,15-Apr-25,CUS-00570,PRD-0062,11,17890,196790
ORD-2025-021625,15-Apr-25,CUS-01125,PRD-0090,15,37690,565350
ORD-2025-021630,15-Apr-25,CUS-01915,PRD-0105,6,41060,246360
ORD-2025-021632,15-Apr-25,CUS-00505,PRD-0108,10,30750,307500
ORD-2025-021634,15-Apr-25,CUS-01183,PRD-0109,5,30700,153500
ORD-2025-021635,15-Apr-25,CUS-00465,PRD-0115,12,21210,254520
ORD-2025-021640,15-Apr-25,CUS-02428,PRD-0125,13,15380,199940
ORD-2025-021641,15-Apr-25,CUS-00372,PRD-0125,21,15380,322980
ORD-2025-021643,15-Apr-25,CUS-01694,PRD-0127,16,16760,268160
ORD-2025-021645,15-Apr-25,CUS-01627,PRD-0131,14,31140,435960
ORD-2025-021646,15-Apr-25,CUS-01357,PRD-0135,5,32900,164500
ORD-2025-021648,15-Apr-25,CUS-02275,PRD-0139,3,33360,100080
ORD-2025-021650,15-Apr-25,CUS-02404,PRD-0149,1,45880,45880
ORD-2025-021654,15-Apr-25,CUS-00570,PRD-0151,2,42840,85680
ORD-2025-021655,15-Apr-25,CUS-02134,PRD-0151,2,42840,85680
ORD-2025-021662,15-Apr-25,CUS-01218,PRD-0162,2,28900,57800
ORD-2025-021665,16-Apr-25,CUS-01437,PRD-0006,14,3060,42840
ORD-2025-021667,16-Apr-25,CUS-00172,PRD-0011,5,17170,85850
ORD-2025-021669,16-Apr-25,CUS-02478,PRD-0016,5,42680,213400
ORD-2025-021670,16-Apr-25,CUS-01679,PRD-0018,8,62570,500560
ORD-2025-021675,16-Apr-25,CUS-00652,PRD-0047,11,19060,209660
ORD-2025-021676,16-Apr-25,CUS-01851,PRD-0056,6,25020,150120
ORD-2025-021680,16-Apr-25,CUS-01608,PRD-0062,8,17890,143120
ORD-2025-021683,16-Apr-25,CUS-01349,PRD-0073,2,37930,75860
ORD-2025-021685,16-Apr-25,CUS-02401,PRD-0077,6,31120,186720
ORD-2025-021692,16-Apr-25,CUS-02379,PRD-0084,8,27760,222080
ORD-2025-021693,16-Apr-25,CUS-00226,PRD-0086,9,28180,253620
ORD-2025-021698,16-Apr-25,CUS-00606,PRD-0090,32,37690,1206080
ORD-2025-021705,16-Apr-25,CUS-00330,PRD-0100,5,20780,103900
ORD-2025-021710,16-Apr-25,CUS-00782,PRD-0112,3,15500,46500
ORD-2025-021711,16-Apr-25,CUS-00180,PRD-0118,9,23110,207990
ORD-2025-021712,16-Apr-25,CUS-00548,PRD-0118,8,23110,184880
ORD-2025-021714,16-Apr-25,CUS-01774,PRD-0122,18,19140,344520
ORD-2025-021721,16-Apr-25,CUS-01744,PRD-0142,10,52030,520300
ORD-2025-021725,16-Apr-25,CUS-01762,PRD-0151,12,42840,514080
ORD-2025-021726,16-Apr-25,CUS-00600,PRD-0154,3,42470,127410
ORD-2025-021745,17-Apr-25,CUS-00169,PRD-0060,4,57540,230160
ORD-2025-021752,17-Apr-25,CUS-00038,PRD-0075,8,34020,272160
ORD-2025-021755,17-Apr-25,CUS-00204,PRD-0082,2,30730,61460
ORD-2025-021760,17-Apr-25,CUS-01112,PRD-0086,17,28180,479060
ORD-2025-021766,17-Apr-25,CUS-01958,PRD-0092,5,30260,151300
ORD-2025-021768,17-Apr-25,CUS-01549,PRD-0098,3,15320,45960
ORD-2025-021770,17-Apr-25,CUS-02456,PRD-0103,23,38480,885040
ORD-2025-021776,17-Apr-25,CUS-00178,PRD-0118,14,23110,323540
ORD-2025-021779,17-Apr-25,CUS-01478,PRD-0125,4,15380,61520
ORD-2025-021789,17-Apr-25,CUS-01480,PRD-0151,15,42840,642600
ORD-2025-021792,17-Apr-25,CUS-00381,PRD-0160,7,32940,230580
ORD-2025-021802,18-Apr-25,CUS-02321,PRD-0007,7,17070,119490
ORD-2025-021804,18-Apr-25,CUS-00436,PRD-0009,5,18390,91950
ORD-2025-021805,18-Apr-25,CUS-02195,PRD-0016,13,42680,554840
ORD-2025-021811,18-Apr-25,CUS-01951,PRD-0039,7,14770,103390
ORD-2025-021815,18-Apr-25,CUS-02038,PRD-0051,4,43070,172280
ORD-2025-021825,18-Apr-25,CUS-00660,PRD-0077,1,31120,31120
ORD-2025-021830,18-Apr-25,CUS-02459,PRD-0085,3,32580,97740
ORD-2025-021832,18-Apr-25,CUS-00827,PRD-0086,6,28180,169080
ORD-2025-021833,18-Apr-25,CUS-00155,PRD-0088,14,15290,214060
ORD-2025-021837,18-Apr-25,CUS-01911,PRD-0090,4,37690,150760
ORD-2025-021838,18-Apr-25,CUS-00713,PRD-0090,6,37690,226140
ORD-2025-021839,18-Apr-25,CUS-01437,PRD-0090,2,37690,75380
ORD-2025-021840,18-Apr-25,CUS-01486,PRD-0090,2,37690,75380
ORD-2025-021845,18-Apr-25,CUS-01504,PRD-0108,4,30750,123000
ORD-2025-021848,18-Apr-25,CUS-01815,PRD-0120,9,14740,132660
ORD-2025-021850,18-Apr-25,CUS-02490,PRD-0122,9,19140,172260
ORD-2025-021851,18-Apr-25,CUS-01966,PRD-0125,4,15380,61520
ORD-2025-021853,18-Apr-25,CUS-01574,PRD-0138,11,27020,297220
ORD-2025-021856,18-Apr-25,CUS-01223,PRD-0146,10,34820,348200
ORD-2025-021860,18-Apr-25,CUS-00184,PRD-0151,3,42840,128520
ORD-2025-021861,18-Apr-25,CUS-01674,PRD-0151,11,42840,471240
ORD-2025-021869,18-Apr-25,CUS-01278,PRD-0166,3,25650,76950
ORD-2025-021873,19-Apr-25,CUS-01126,PRD-0018,2,62570,125140
ORD-2025-021876,19-Apr-25,CUS-02126,PRD-0024,10,9800,98000
ORD-2025-021880,19-Apr-25,CUS-00965,PRD-0040,2,14100,28200
ORD-2025-021882,19-Apr-25,CUS-00688,PRD-0045,19,7340,139460
ORD-2025-021891,19-Apr-25,CUS-02464,PRD-0068,8,16320,130560
ORD-2025-021892,19-Apr-25,CUS-01166,PRD-0076,19,28050,532950
ORD-2025-021896,19-Apr-25,CUS-00484,PRD-0083,14,23690,331660
ORD-2025-021914,19-Apr-25,CUS-02318,PRD-0103,3,38480,115440
ORD-2025-021923,19-Apr-25,CUS-01780,PRD-0135,2,32900,65800
ORD-2025-021924,19-Apr-25,CUS-00927,PRD-0135,14,32900,460600
ORD-2025-021930,19-Apr-25,CUS-02220,PRD-0145,17,31800,540600
ORD-2025-021935,19-Apr-25,CUS-00665,PRD-0153,9,24220,217980
ORD-2025-021936,19-Apr-25,CUS-00381,PRD-0153,6,24220,145320
ORD-2025-021937,19-Apr-25,CUS-01020,PRD-0153,4,24220,96880
ORD-2025-021941,19-Apr-25,CUS-01835,PRD-0160,6,32940,197640
ORD-2025-021944,19-Apr-25,CUS-01677,PRD-0163,7,27790,194530
ORD-2025-021961,20-Apr-25,CUS-00666,PRD-0137,5,27650,138250
ORD-2025-021964,20-Apr-25,CUS-01041,PRD-0160,6,32940,197640
ORD-2025-021968,20-Apr-25,CUS-02005,PRD-0165,11,23380,257180
ORD-2025-021977,21-Apr-25,CUS-00090,PRD-0029,3,11070,33210
ORD-2025-021980,21-Apr-25,CUS-01667,PRD-0045,5,7340,36700
ORD-2025-021993,21-Apr-25,CUS-01960,PRD-0075,3,34020,102060
ORD-2025-021998,21-Apr-25,CUS-00353,PRD-0078,12,33720,404640
ORD-2025-022000,21-Apr-25,CUS-00137,PRD-0081,4,42190,168760
ORD-2025-022001,21-Apr-25,CUS-00666,PRD-0081,6,42190,253140
ORD-2025-022005,21-Apr-25,CUS-00595,PRD-0083,4,23690,94760
ORD-2025-022005,21-Apr-25,CUS-00595,PRD-0083,4,23690,94760
ORD-2025-022007,21-Apr-25,CUS-00636,PRD-0085,5,32580,162900
ORD-2025-022012,21-Apr-25,CUS-00001,PRD-0090,2,37690,75380
ORD-2025-022024,21-Apr-25,CUS-01723,PRD-0116,4,17680,70720
ORD-2025-022026,21-Apr-25,CUS-00811,PRD-0121,4,26430,105720
ORD-2025-022034,21-Apr-25,CUS-00043,PRD-0146,3,34820,104460
ORD-2025-022037,21-Apr-25,CUS-00485,PRD-0151,3,42840,128520
ORD-2025-022038,21-Apr-25,CUS-01978,PRD-0151,9,42840,385560
ORD-2025-022039,21-Apr-25,CUS-00169,PRD-0151,6,42840,257040
ORD-2025-022062,22-Apr-25,CUS-01168,PRD-0039,24,14770,354480
ORD-2025-022063,22-Apr-25,CUS-00927,PRD-0043,7,17760,124320
ORD-2025-022068,22-Apr-25,CUS-01219,PRD-0057,2,18040,36080
ORD-2025-022078,22-Apr-25,CUS-00735,PRD-0075,6,34020,204120
ORD-2025-022088,22-Apr-25,CUS-00816,PRD-0086,8,28180,225440
ORD-2025-022097,22-Apr-25,CUS-00499,PRD-0090,4,37690,150760
ORD-2025-022098,22-Apr-25,CUS-00011,PRD-0090,7,37690,263830
ORD-2025-022103,22-Apr-25,CUS-00741,PRD-0098,26,15320,398320
ORD-2025-022104,22-Apr-25,CUS-01558,PRD-0100,3,20780,62340
ORD-2025-022106,22-Apr-25,CUS-00944,PRD-0108,2,30750,61500
ORD-2025-022107,22-Apr-25,CUS-02497,PRD-0108,3,30750,92250
ORD-2025-022110,22-Apr-25,CUS-00708,PRD-0111,11,12240,134640
ORD-2025-022113,22-Apr-25,CUS-00007,PRD-0121,2,26430,52860
ORD-2025-022120,22-Apr-25,CUS-00262,PRD-0139,6,33360,200160
ORD-2025-022128,22-Apr-25,CUS-01766,PRD-0151,3,42840,128520
ORD-2025-022129,22-Apr-25,CUS-01124,PRD-0151,4,42840,171360
ORD-2025-022141,22-Apr-25,CUS-01813,PRD-0164,27,19920,537840
ORD-2025-022145,23-Apr-25,CUS-01209,PRD-0004,4,4490,17960
ORD-2025-022146,23-Apr-25,CUS-00750,PRD-0011,13,17170,223210
ORD-2025-022157,23-Apr-25,CUS-01528,PRD-0051,9,43070,387630
ORD-2025-022158,23-Apr-25,CUS-00229,PRD-0051,3,43070,129210
ORD-2025-022160,23-Apr-25,CUS-00226,PRD-0061,7,16320,114240
ORD-2025-022170,23-Apr-25,CUS-02183,PRD-0090,7,37690,263830
ORD-2025-022171,23-Apr-25,CUS-02084,PRD-0090,8,37690,301520
ORD-2025-022172,23-Apr-25,CUS-00835,PRD-0090,12,37690,452280
ORD-2025-022185,23-Apr-25,CUS-02082,PRD-0121,8,26430,211440
ORD-2025-022188,23-Apr-25,CUS-00660,PRD-0137,12,27650,331800
ORD-2025-022194,23-Apr-25,CUS-00663,PRD-0150,23,47850,1100550
ORD-2025-022197,23-Apr-25,CUS-00233,PRD-0151,16,42840,685440
ORD-2025-022199,23-Apr-25,CUS-01502,PRD-0157,3,24810,74430
ORD-2025-022201,23-Apr-25,CUS-01605,PRD-0161,64,32640,2088960
ORD-2025-022211,24-Apr-25,CUS-01449,PRD-0031,3,36660,109980
ORD-2025-022213,24-Apr-25,CUS-01066,PRD-0036,13,20500,266500
ORD-2025-022214,24-Apr-25,CUS-00034,PRD-0037,17,25650,436050
ORD-2025-022215,24-Apr-25,CUS-01349,PRD-0048,55,16870,927850
ORD-2025-022220,24-Apr-25,CUS-00296,PRD-0064,6,36350,218100
ORD-2025-022224,24-Apr-25,CUS-01478,PRD-0083,8,23690,189520
ORD-2025-022227,24-Apr-25,CUS-01324,PRD-0086,6,28180,169080
ORD-2025-022228,24-Apr-25,CUS-02242,PRD-0086,6,28180,169080
ORD-2025-022237,24-Apr-25,CUS-00253,PRD-0097,14,21780,304920
ORD-2025-022242,24-Apr-25,CUS-01987,PRD-0108,11,30750,338250
ORD-2025-022246,24-Apr-25,CUS-01650,PRD-0115,2,21210,42420
ORD-2025-022249,24-Apr-25,CUS-01496,PRD-0122,4,19140,76560
ORD-2025-022252,24-Apr-25,CUS-00887,PRD-0125,7,15380,107660
ORD-2025-022254,24-Apr-25,CUS-01160,PRD-0139,13,33360,433680
ORD-2025-022257,24-Apr-25,CUS-01851,PRD-0151,4,42840,171360
ORD-2025-022263,24-Apr-25,CUS-01512,PRD-0161,14,32640,456960
ORD-2025-022273,25-Apr-25,CUS-00612,PRD-0020,4,29210,116840
ORD-2025-022274,25-Apr-25,CUS-02426,PRD-0031,5,36660,183300
ORD-2025-022275,25-Apr-25,CUS-01052,PRD-0031,5,36660,183300
ORD-2025-022277,25-Apr-25,CUS-01605,PRD-0039,27,14770,398790
ORD-2025-022287,25-Apr-25,CUS-02435,PRD-0068,14,16320,228480
ORD-2025-022288,25-Apr-25,CUS-01272,PRD-0071,6,17380,104280
ORD-2025-022297,25-Apr-25,CUS-00618,PRD-0090,15,37690,565350
ORD-2025-022298,25-Apr-25,CUS-00632,PRD-0090,8,37690,301520
ORD-2025-022299,25-Apr-25,CUS-00614,PRD-0090,2,37690,75380
ORD-2025-022300,25-Apr-25,CUS-02062,PRD-0098,10,15320,153200
ORD-2025-022311,25-Apr-25,CUS-00808,PRD-0115,5,21210,106050
ORD-2025-022316,25-Apr-25,CUS-01853,PRD-0125,4,15380,61520
ORD-2025-022317,25-Apr-25,CUS-01893,PRD-0125,10,15380,153800
ORD-2025-022324,25-Apr-25,CUS-00484,PRD-0145,13,31800,413400
ORD-2025-022325,25-Apr-25,CUS-00717,PRD-0146,4,34820,139280
ORD-2025-022326,25-Apr-25,CUS-00327,PRD-0147,6,32330,193980
ORD-2025-022327,25-Apr-25,CUS-00942,PRD-0148,3,27270,81810
ORD-2025-022328,25-Apr-25,CUS-00502,PRD-0150,2,47850,95700
ORD-2025-022328,25-Apr-25,CUS-00502,PRD-0150,2,47850,95700
ORD-2025-022331,25-Apr-25,CUS-00509,PRD-0151,13,42840,556920
ORD-2025-022332,25-Apr-25,CUS-01497,PRD-0151,12,42840,514080
ORD-2025-022333,25-Apr-25,CUS-01427,PRD-0151,2,42840,85680
ORD-2025-022338,26-Apr-25,CUS-01976,PRD-0007,4,17070,68280
ORD-2025-022341,26-Apr-25,CUS-00651,PRD-0028,5,4910,24550
ORD-2025-022346,26-Apr-25,CUS-02183,PRD-0057,8,18040,144320
ORD-2025-022354,26-Apr-25,CUS-00910,PRD-0077,7,31120,217840
ORD-2025-022357,26-Apr-25,CUS-00669,PRD-0079,5,46870,234350
ORD-2025-022361,26-Apr-25,CUS-01679,PRD-0085,4,32580,130320
ORD-2025-022366,26-Apr-25,CUS-02038,PRD-0090,13,37690,489970
ORD-2025-022372,26-Apr-25,CUS-00090,PRD-0108,3,30750,92250
ORD-2025-022373,26-Apr-25,CUS-02222,PRD-0109,9,30700,276300
ORD-2025-022374,26-Apr-25,CUS-02021,PRD-0109,11,30700,337700
ORD-2025-022380,26-Apr-25,CUS-01338,PRD-0117,7,17520,122640
ORD-2025-022383,26-Apr-25,CUS-00835,PRD-0137,9,27650,248850
ORD-2025-022392,26-Apr-25,CUS-01934,PRD-0150,6,47850,287100
ORD-2025-022395,26-Apr-25,CUS-00657,PRD-0155,3,65880,197640
ORD-2025-022398,26-Apr-25,CUS-00821,PRD-0166,11,25650,282150
ORD-2025-022400,27-Apr-25,CUS-01723,PRD-0020,4,29210,116840
ORD-2025-022404,27-Apr-25,CUS-01790,PRD-0077,4,31120,124480
ORD-2025-022408,27-Apr-25,CUS-02242,PRD-0090,23,37690,866870
ORD-2025-022409,27-Apr-25,CUS-02435,PRD-0093,5,23080,115400
ORD-2025-022413,27-Apr-25,CUS-01617,PRD-0118,3,23110,69330
ORD-2025-022421,28-Apr-25,CUS-01978,PRD-0007,5,17070,85350
ORD-2025-022425,28-Apr-25,CUS-00735,PRD-0013,5,11970,59850
ORD-2025-022426,28-Apr-25,CUS-01557,PRD-0015,8,8500,68000
ORD-2025-022433,28-Apr-25,CUS-01516,PRD-0038,5,15680,78400
ORD-2025-022437,28-Apr-25,CUS-00499,PRD-0045,19,7340,139460
ORD-2025-022443,28-Apr-25,CUS-00021,PRD-0055,1,16990,16990
ORD-2025-022445,28-Apr-25,CUS-00301,PRD-0057,16,18040,288640
ORD-2025-022453,28-Apr-25,CUS-01124,PRD-0068,20,16320,326400
ORD-2025-022454,28-Apr-25,CUS-01692,PRD-0068,6,16320,97920
ORD-2025-022454,28-Apr-25,CUS-01692,PRD-0068,6,16320,97920
ORD-2025-022455,28-Apr-25,CUS-00333,PRD-0072,12,42600,511200
ORD-2025-022456,28-Apr-25,CUS-02428,PRD-0076,10,28050,280500
ORD-2025-022460,28-Apr-25,CUS-02005,PRD-0079,8,46870,374960
ORD-2025-022462,28-Apr-25,CUS-01025,PRD-0080,4,23900,95600
ORD-2025-022463,28-Apr-25,CUS-00021,PRD-0080,11,23900,262900
ORD-2025-022467,28-Apr-25,CUS-00573,PRD-0083,6,23690,142140
ORD-2025-022479,28-Apr-25,CUS-01504,PRD-0090,7,37690,263830
ORD-2025-022480,28-Apr-25,CUS-00209,PRD-0090,14,37690,527660
ORD-2025-022483,28-Apr-25,CUS-01185,PRD-0091,4,27010,108040
ORD-2025-022487,28-Apr-25,CUS-00688,PRD-0100,8,20780,166240
ORD-2025-022488,28-Apr-25,CUS-02239,PRD-0101,5,22590,112950
ORD-2025-022489,28-Apr-25,CUS-01893,PRD-0108,14,30750,430500
ORD-2025-022490,28-Apr-25,CUS-01118,PRD-0108,2,30750,61500
ORD-2025-022492,28-Apr-25,CUS-01795,PRD-0111,4,12240,48960
ORD-2025-022501,28-Apr-25,CUS-00337,PRD-0130,20,13600,272000
ORD-2025-022504,28-Apr-25,CUS-00906,PRD-0131,3,31140,93420
ORD-2025-022508,28-Apr-25,CUS-00851,PRD-0142,17,52030,884510
ORD-2025-022512,28-Apr-25,CUS-01487,PRD-0151,7,42840,299880
ORD-2025-022513,28-Apr-25,CUS-02210,PRD-0151,3,42840,128520
ORD-2025-022517,28-Apr-25,CUS-00336,PRD-0160,7,32940,230580
ORD-2025-022519,28-Apr-25,CUS-00007,PRD-0165,29,23380,678020
ORD-2025-022530,29-Apr-25,CUS-02373,PRD-0023,7,16940,118580
ORD-2025-022534,29-Apr-25,CUS-01703,PRD-0046,7,17360,121520
ORD-2025-022535,29-Apr-25,CUS-01112,PRD-0051,3,43070,129210
ORD-2025-022536,29-Apr-25,CUS-00995,PRD-0056,5,25020,125100
ORD-2025-022537,29-Apr-25,CUS-00333,PRD-0057,3,18040,54120
ORD-2025-022537,29-Apr-25,CUS-00333,PRD-0057,3,18040,54120
ORD-2025-022545,29-Apr-25,CUS-02135,PRD-0065,34,34000,1156000
ORD-2025-022550,29-Apr-25,CUS-02190,PRD-0078,9,33720,303480
ORD-2025-022555,29-Apr-25,CUS-00642,PRD-0085,8,32580,260640
ORD-2025-022556,29-Apr-25,CUS-01814,PRD-0085,6,32580,195480
ORD-2025-022563,29-Apr-25,CUS-00910,PRD-0090,1,37690,37690
ORD-2025-022570,29-Apr-25,CUS-00459,PRD-0098,2,15320,30640
ORD-2025-022572,29-Apr-25,CUS-00451,PRD-0110,5,30350,151750
ORD-2025-022573,29-Apr-25,CUS-01178,PRD-0111,4,12240,48960
ORD-2025-022577,29-Apr-25,CUS-01437,PRD-0120,12,14740,176880
ORD-2025-022579,29-Apr-25,CUS-02071,PRD-0122,26,19140,497640
ORD-2025-022580,29-Apr-25,CUS-01257,PRD-0125,12,15380,184560
ORD-2025-022582,29-Apr-25,CUS-00707,PRD-0135,4,32900,131600
ORD-2025-022583,29-Apr-25,CUS-00237,PRD-0139,1,33360,33360
ORD-2025-022584,29-Apr-25,CUS-02258,PRD-0142,11,52030,572330
ORD-2025-022586,29-Apr-25,CUS-00981,PRD-0151,10,42840,428400
ORD-2025-022586,29-Apr-25,CUS-00981,PRD-0151,10,42840,428400
ORD-2025-022587,29-Apr-25,CUS-02141,PRD-0151,11,42840,471240
ORD-2025-022594,29-Apr-25,CUS-00336,PRD-0156,4,58570,234280
ORD-2025-022596,29-Apr-25,CUS-01178,PRD-0160,3,32940,98820
ORD-2025-022596,29-Apr-25,CUS-01178,PRD-0160,3,32940,98820
ORD-2025-022600,29-Apr-25,CUS-00485,PRD-0161,7,32640,228480
ORD-2025-022604,29-Apr-25,CUS-00666,PRD-0170,15,17370,260550
ORD-2025-022607,30-Apr-25,CUS-00864,PRD-0007,11,17070,187770
ORD-2025-022617,30-Apr-25,CUS-02478,PRD-0059,6,50810,304860
ORD-2025-022627,30-Apr-25,CUS-01514,PRD-0084,9,27760,249840
ORD-2025-022635,30-Apr-25,CUS-02189,PRD-0090,5,37690,188450
ORD-2025-022636,30-Apr-25,CUS-02085,PRD-0090,3,37690,113070
ORD-2025-022637,30-Apr-25,CUS-01108,PRD-0090,3,37690,113070
ORD-2025-022638,30-Apr-25,CUS-01812,PRD-0090,4,37690,150760
ORD-2025-022639,30-Apr-25,CUS-01496,PRD-0090,6,37690,226140
ORD-2025-022649,30-Apr-25,CUS-01049,PRD-0109,16,30700,491200
ORD-2025-022655,30-Apr-25,CUS-01728,PRD-0131,11,31140,342540
ORD-2025-022663,30-Apr-25,CUS-02144,PRD-0151,10,42840,428400
ORD-2025-022664,30-Apr-25,CUS-01166,PRD-0151,13,42840,556920
ORD-2025-022675,30-Apr-25,CUS-00573,PRD-0165,2,23380,46760
ORD-2025-022679,01-May-25,CUS-00416,PRD-0020,15,29210,438150
ORD-2025-022688,01-May-25,CUS-01225,PRD-0062,5,17890,89450
ORD-2025-022690,01-May-25,CUS-01460,PRD-0065,3,34000,102000
ORD-2025-022692,01-May-25,CUS-00155,PRD-0074,10,38390,383900
ORD-2025-022697,01-May-25,CUS-01549,PRD-0077,47,31120,1462640
ORD-2025-022703,01-May-25,CUS-00445,PRD-0084,19,27760,527440
ORD-2025-022704,01-May-25,CUS-01183,PRD-0084,13,27760,360880
ORD-2025-022706,01-May-25,CUS-02245,PRD-0086,4,28180,112720
ORD-2025-022714,01-May-25,CUS-01025,PRD-0090,24,37690,904560
ORD-2025-022720,01-May-25,CUS-01814,PRD-0098,11,15320,168520
ORD-2025-022724,01-May-25,CUS-01794,PRD-0108,5,30750,153750
ORD-2025-022731,01-May-25,CUS-00490,PRD-0123,10,14410,144100
ORD-2025-022734,01-May-25,CUS-01600,PRD-0125,9,15380,138420
ORD-2025-022735,01-May-25,CUS-01652,PRD-0125,4,15380,61520
ORD-2025-022740,01-May-25,CUS-01899,PRD-0135,6,32900,197400
ORD-2025-022741,01-May-25,CUS-00669,PRD-0141,7,38600,270200
ORD-2025-022746,01-May-25,CUS-01214,PRD-0160,3,32940,98820
ORD-2025-022754,01-May-25,CUS-00347,PRD-0168,7,19490,136430
ORD-2025-022758,02-May-25,CUS-02239,PRD-0004,1,4490,4490
ORD-2025-022763,02-May-25,CUS-01246,PRD-0007,11,17070,187770
ORD-2025-022764,02-May-25,CUS-00436,PRD-0008,3,16360,49080
ORD-2025-022768,02-May-25,CUS-00308,PRD-0017,4,39680,158720
ORD-2025-022772,02-May-25,CUS-00665,PRD-0035,6,13660,81960
ORD-2025-022775,02-May-25,CUS-01590,PRD-0046,16,17360,277760
ORD-2025-022787,02-May-25,CUS-00237,PRD-0072,9,42600,383400
ORD-2025-022805,02-May-25,CUS-00707,PRD-0090,6,37690,226140
ORD-2025-022813,02-May-25,CUS-02359,PRD-0100,1,20780,20780
ORD-2025-022814,02-May-25,CUS-00149,PRD-0102,12,17050,204600
ORD-2025-022820,02-May-25,CUS-00751,PRD-0120,2,14740,29480
ORD-2025-022825,02-May-25,CUS-02457,PRD-0125,34,15380,522920
ORD-2025-022828,02-May-25,CUS-01301,PRD-0131,9,31140,280260
ORD-2025-022830,02-May-25,CUS-01259,PRD-0132,10,38360,383600
ORD-2025-022839,02-May-25,CUS-01600,PRD-0151,6,42840,257040
ORD-2025-022840,02-May-25,CUS-00964,PRD-0151,2,42840,85680
ORD-2025-022842,02-May-25,CUS-00571,PRD-0154,12,42470,509640
ORD-2025-022845,02-May-25,CUS-01790,PRD-0161,11,32640,359040
ORD-2025-022846,02-May-25,CUS-01966,PRD-0166,4,25650,102600
ORD-2025-022851,03-May-25,CUS-00201,PRD-0007,16,17070,273120
ORD-2025-022860,03-May-25,CUS-00055,PRD-0037,6,25650,153900
ORD-2025-022866,03-May-25,CUS-00761,PRD-0051,12,43070,516840
ORD-2025-022886,03-May-25,CUS-00808,PRD-0090,3,37690,113070
ORD-2025-022890,03-May-25,CUS-00464,PRD-0100,7,20780,145460
ORD-2025-022894,03-May-25,CUS-01270,PRD-0113,16,10420,166720
ORD-2025-022901,03-May-25,CUS-00746,PRD-0126,3,29270,87810
ORD-2025-022903,03-May-25,CUS-00165,PRD-0127,6,16760,100560
ORD-2025-022904,03-May-25,CUS-01894,PRD-0127,13,16760,217880
ORD-2025-022925,04-May-25,CUS-00959,PRD-0074,10,38390,383900
ORD-2025-022926,04-May-25,CUS-01512,PRD-0077,10,31120,311200
ORD-2025-022930,04-May-25,CUS-00657,PRD-0086,6,28180,169080
ORD-2025-022936,04-May-25,CUS-01647,PRD-0102,2,17050,34100
ORD-2025-022965,05-May-25,CUS-01969,PRD-0047,4,19060,76240
ORD-2025-022971,05-May-25,CUS-01413,PRD-0060,8,57540,460320
ORD-2025-022975,05-May-25,CUS-00619,PRD-0068,15,16320,244800
ORD-2025-022981,05-May-25,CUS-00337,PRD-0076,5,28050,140250
ORD-2025-022997,05-May-25,CUS-01612,PRD-0090,3,37690,113070
ORD-2025-022998,05-May-25,CUS-01008,PRD-0090,4,37690,150760
ORD-2025-022999,05-May-25,CUS-00995,PRD-0090,4,37690,150760
ORD-2025-023008,05-May-25,CUS-00336,PRD-0108,5,30750,153750
ORD-2025-023028,05-May-25,CUS-00165,PRD-0147,2,32330,64660
ORD-2025-023039,05-May-25,CUS-00692,PRD-0157,5,24810,124050
ORD-2025-023050,06-May-25,CUS-00100,PRD-0018,8,62570,500560
ORD-2025-023059,06-May-25,CUS-02479,PRD-0041,10,6830,68300
ORD-2025-023060,06-May-25,CUS-00291,PRD-0045,2,7340,14680
ORD-2025-023061,06-May-25,CUS-01047,PRD-0045,17,7340,124780
ORD-2025-023062,06-May-25,CUS-01813,PRD-0049,31,18190,563890
ORD-2025-023065,06-May-25,CUS-00237,PRD-0057,5,18040,90200
ORD-2025-023067,06-May-25,CUS-00394,PRD-0060,12,57540,690480
ORD-2025-023070,06-May-25,CUS-01527,PRD-0063,6,15070,90420
ORD-2025-023083,06-May-25,CUS-01195,PRD-0083,2,23690,47380
ORD-2025-023090,06-May-25,CUS-02233,PRD-0090,23,37690,866870
ORD-2025-023090,06-May-25,CUS-02233,PRD-0090,23,37690,866870
ORD-2025-023099,06-May-25,CUS-00665,PRD-0101,5,22590,112950
ORD-2025-023109,06-May-25,CUS-01083,PRD-0118,17,23110,392870
ORD-2025-023112,06-May-25,CUS-01381,PRD-0121,10,26430,264300
ORD-2025-023113,06-May-25,CUS-02456,PRD-0125,3,15380,46140
ORD-2025-023125,06-May-25,CUS-00593,PRD-0151,6,42840,257040
ORD-2025-023126,06-May-25,CUS-00372,PRD-0151,18,42840,771120
ORD-2025-023132,06-May-25,CUS-01558,PRD-0160,1,32940,32940
ORD-2025-023133,06-May-25,CUS-00090,PRD-0161,3,32640,97920
ORD-2025-023134,06-May-25,CUS-02400,PRD-0166,3,25650,76950
ORD-2025-023141,07-May-25,CUS-00583,PRD-0016,14,42680,597520
ORD-2025-023143,07-May-25,CUS-00746,PRD-0028,6,4910,29460
ORD-2025-023147,07-May-25,CUS-01795,PRD-0042,10,26200,262000
ORD-2025-023151,07-May-25,CUS-02279,PRD-0068,7,16320,114240
ORD-2025-023152,07-May-25,CUS-00007,PRD-0068,1,16320,16320
ORD-2025-023160,07-May-25,CUS-00910,PRD-0090,8,37690,301520
ORD-2025-023161,07-May-25,CUS-02183,PRD-0090,3,37690,113070
ORD-2025-023172,07-May-25,CUS-00887,PRD-0102,7,17050,119350
ORD-2025-023182,07-May-25,CUS-00701,PRD-0135,2,32900,65800
ORD-2025-023188,07-May-25,CUS-02220,PRD-0151,5,42840,214200
ORD-2025-023193,07-May-25,CUS-01512,PRD-0156,18,58570,1054260
ORD-2025-023217,08-May-25,CUS-01887,PRD-0061,5,16320,81600
ORD-2025-023226,08-May-25,CUS-00674,PRD-0082,8,30730,245840
ORD-2025-023231,08-May-25,CUS-01680,PRD-0086,3,28180,84540
ORD-2025-023241,08-May-25,CUS-02456,PRD-0090,19,37690,716110
ORD-2025-023242,08-May-25,CUS-01005,PRD-0090,18,37690,678420
ORD-2025-023245,08-May-25,CUS-01487,PRD-0091,5,27010,135050
ORD-2025-023246,08-May-25,CUS-00674,PRD-0093,1,23080,23080
ORD-2025-023253,08-May-25,CUS-00850,PRD-0103,6,38480,230880
ORD-2025-023263,08-May-25,CUS-00833,PRD-0125,38,15380,584440
ORD-2025-023263,08-May-25,CUS-00833,PRD-0125,38,15380,584440
ORD-2025-023265,08-May-25,CUS-00033,PRD-0126,8,29270,234160
ORD-2025-023268,08-May-25,CUS-01149,PRD-0139,4,33360,133440
ORD-2025-023283,08-May-25,CUS-00597,PRD-0155,5,65880,329400
ORD-2025-023285,08-May-25,CUS-00055,PRD-0156,22,58570,1288540
ORD-2025-023290,08-May-25,CUS-02419,PRD-0161,4,32640,130560
ORD-2025-023294,08-May-25,CUS-01828,PRD-0163,11,27790,305690
ORD-2025-023300,09-May-25,CUS-01617,PRD-0004,5,4490,22450
ORD-2025-023304,09-May-25,CUS-00454,PRD-0018,32,62570,2002240
ORD-2025-023305,09-May-25,CUS-01780,PRD-0023,10,16940,169400
ORD-2025-023314,09-May-25,CUS-00233,PRD-0055,7,16990,118930
ORD-2025-023316,09-May-25,CUS-02380,PRD-0057,2,18040,36080
ORD-2025-023321,09-May-25,CUS-01992,PRD-0065,12,34000,408000
ORD-2025-023323,09-May-25,CUS-00156,PRD-0074,14,38390,537460
ORD-2025-023324,09-May-25,CUS-01978,PRD-0079,2,46870,93740
ORD-2025-023328,09-May-25,CUS-00459,PRD-0081,13,42190,548470
ORD-2025-023331,09-May-25,CUS-01691,PRD-0085,33,32580,1075140
ORD-2025-023335,09-May-25,CUS-01680,PRD-0086,1,28180,28180
ORD-2025-023344,09-May-25,CUS-00830,PRD-0090,4,37690,150760
ORD-2025-023345,09-May-25,CUS-01616,PRD-0090,12,37690,452280
ORD-2025-023350,09-May-25,CUS-01550,PRD-0092,11,30260,332860
ORD-2025-023355,09-May-25,CUS-02323,PRD-0098,1,15320,15320
ORD-2025-023358,09-May-25,CUS-00575,PRD-0100,19,20780,394820
ORD-2025-023359,09-May-25,CUS-00441,PRD-0100,6,20780,124680
ORD-2025-023360,09-May-25,CUS-00011,PRD-0100,6,20780,124680
ORD-2025-023362,09-May-25,CUS-00440,PRD-0103,6,38480,230880
ORD-2025-023378,09-May-25,CUS-00600,PRD-0135,10,32900,329000
ORD-2025-023380,09-May-25,CUS-01811,PRD-0143,3,48640,145920
ORD-2025-023381,09-May-25,CUS-01149,PRD-0144,3,31990,95970
ORD-2025-023387,09-May-25,CUS-02243,PRD-0155,16,65880,1054080
ORD-2025-023389,09-May-25,CUS-00864,PRD-0156,6,58570,351420
ORD-2025-023399,09-May-25,CUS-01860,PRD-0165,15,23380,350700
ORD-2025-023402,09-May-25,CUS-00012,PRD-0166,2,25650,51300
ORD-2025-023405,09-May-25,CUS-01660,PRD-0170,5,17370,86850
ORD-2025-023407,10-May-25,CUS-01420,PRD-0017,8,39680,317440
ORD-2025-023415,10-May-25,CUS-02037,PRD-0050,26,5420,140920
ORD-2025-023430,10-May-25,CUS-02164,PRD-0090,13,37690,489970
ORD-2025-023439,10-May-25,CUS-02085,PRD-0117,1,17520,17520
ORD-2025-023447,10-May-25,CUS-01041,PRD-0133,3,27960,83880
ORD-2025-023448,10-May-25,CUS-01608,PRD-0143,10,48640,486400
ORD-2025-023452,10-May-25,CUS-01357,PRD-0151,2,42840,85680
ORD-2025-023457,10-May-25,CUS-00280,PRD-0161,10,32640,326400
ORD-2025-023459,10-May-25,CUS-01740,PRD-0167,6,14020,84120
ORD-2025-023460,11-May-25,CUS-00045,PRD-0007,11,17070,187770
ORD-2025-023461,11-May-25,CUS-01741,PRD-0018,8,62570,500560
ORD-2025-023463,11-May-25,CUS-02239,PRD-0031,4,36660,146640
ORD-2025-023468,11-May-25,CUS-01976,PRD-0064,3,36350,109050
ORD-2025-023469,11-May-25,CUS-00248,PRD-0068,3,16320,48960
ORD-2025-023482,11-May-25,CUS-02037,PRD-0110,7,30350,212450
ORD-2025-023486,11-May-25,CUS-02231,PRD-0128,19,20590,391210
ORD-2025-023487,11-May-25,CUS-02215,PRD-0135,9,32900,296100
ORD-2025-023488,11-May-25,CUS-01489,PRD-0145,11,31800,349800
ORD-2025-023496,12-May-25,CUS-01762,PRD-0004,18,4490,80820
ORD-2025-023497,12-May-25,CUS-00008,PRD-0011,11,17170,188870
ORD-2025-023498,12-May-25,CUS-00992,PRD-0015,6,8500,51000
ORD-2025-023504,12-May-25,CUS-01820,PRD-0034,4,15350,61400
ORD-2025-023505,12-May-25,CUS-01588,PRD-0034,7,15350,107450
ORD-2025-023508,12-May-25,CUS-01809,PRD-0046,2,17360,34720
ORD-2025-023513,12-May-25,CUS-01567,PRD-0064,3,36350,109050
ORD-2025-023528,12-May-25,CUS-00017,PRD-0086,6,28180,169080
ORD-2025-023529,12-May-25,CUS-01588,PRD-0086,15,28180,422700
ORD-2025-023530,12-May-25,CUS-01915,PRD-0086,13,28180,366340
ORD-2025-023535,12-May-25,CUS-00827,PRD-0090,6,37690,226140
ORD-2025-023536,12-May-25,CUS-01512,PRD-0090,7,37690,263830
ORD-2025-023537,12-May-25,CUS-01497,PRD-0090,2,37690,75380
ORD-2025-023538,12-May-25,CUS-00212,PRD-0090,3,37690,113070
ORD-2025-023541,12-May-25,CUS-01214,PRD-0091,7,27010,189070
ORD-2025-023546,12-May-25,CUS-00959,PRD-0101,8,22590,180720
ORD-2025-023552,12-May-25,CUS-00226,PRD-0108,5,30750,153750
ORD-2025-023554,12-May-25,CUS-02184,PRD-0113,4,10420,41680
ORD-2025-023557,12-May-25,CUS-00735,PRD-0122,8,19140,153120
ORD-2025-023560,12-May-25,CUS-00705,PRD-0125,9,15380,138420
ORD-2025-023570,12-May-25,CUS-01781,PRD-0153,2,24220,48440
ORD-2025-023572,12-May-25,CUS-00782,PRD-0160,6,32940,197640
ORD-2025-023573,12-May-25,CUS-00959,PRD-0160,3,32940,98820
ORD-2025-023582,13-May-25,CUS-02464,PRD-0016,11,42680,469480
ORD-2025-023586,13-May-25,CUS-01781,PRD-0023,17,16940,287980
ORD-2025-023589,13-May-25,CUS-00853,PRD-0027,6,4920,29520
ORD-2025-023591,13-May-25,CUS-01038,PRD-0031,3,36660,109980
ORD-2025-023602,13-May-25,CUS-01812,PRD-0074,2,38390,76780
ORD-2025-023608,13-May-25,CUS-02035,PRD-0078,1,33720,33720
ORD-2025-023609,13-May-25,CUS-02144,PRD-0080,14,23900,334600
ORD-2025-023613,13-May-25,CUS-01434,PRD-0086,16,28180,450880
ORD-2025-023614,13-May-25,CUS-02409,PRD-0089,1,13010,13010
ORD-2025-023621,13-May-25,CUS-01899,PRD-0090,2,37690,75380
ORD-2025-023622,13-May-25,CUS-01279,PRD-0090,6,37690,226140
ORD-2025-023623,13-May-25,CUS-02088,PRD-0090,17,37690,640730
ORD-2025-023630,13-May-25,CUS-00568,PRD-0095,11,20290,223190
ORD-2025-023638,13-May-25,CUS-00411,PRD-0115,14,21210,296940
ORD-2025-023640,13-May-25,CUS-01177,PRD-0120,2,14740,29480
ORD-2025-023641,13-May-25,CUS-01099,PRD-0122,4,19140,76560
ORD-2025-023656,13-May-25,CUS-01814,PRD-0156,8,58570,468560
ORD-2025-023658,13-May-25,CUS-02212,PRD-0160,4,32940,131760
ORD-2025-023670,14-May-25,CUS-00520,PRD-0017,9,39680,357120
ORD-2025-023674,14-May-25,CUS-01956,PRD-0039,24,14770,354480
ORD-2025-023679,14-May-25,CUS-01585,PRD-0064,11,36350,399850
ORD-2025-023694,14-May-25,CUS-01357,PRD-0086,2,28180,56360
ORD-2025-023695,14-May-25,CUS-01579,PRD-0086,12,28180,338160
ORD-2025-023699,14-May-25,CUS-00126,PRD-0090,19,37690,716110
ORD-2025-023700,14-May-25,CUS-00573,PRD-0090,3,37690,113070
ORD-2025-023702,14-May-25,CUS-01112,PRD-0093,9,23080,207720
ORD-2025-023705,14-May-25,CUS-01609,PRD-0100,4,20780,83120
ORD-2025-023706,14-May-25,CUS-02252,PRD-0100,17,20780,353260
ORD-2025-023707,14-May-25,CUS-02280,PRD-0100,7,20780,145460
ORD-2025-023710,14-May-25,CUS-00831,PRD-0120,8,14740,117920
ORD-2025-023721,14-May-25,CUS-01915,PRD-0150,6,47850,287100
ORD-2025-023730,14-May-25,CUS-00347,PRD-0153,12,24220,290640
ORD-2025-023757,15-May-25,CUS-01257,PRD-0039,12,14770,177240
ORD-2025-023762,15-May-25,CUS-02479,PRD-0064,9,36350,327150
ORD-2025-023763,15-May-25,CUS-01977,PRD-0065,8,34000,272000
ORD-2025-023763,15-May-25,CUS-01977,PRD-0065,8,34000,272000
ORD-2025-023766,15-May-25,CUS-00175,PRD-0078,15,33720,505800
ORD-2025-023770,15-May-25,CUS-01674,PRD-0086,3,28180,84540
ORD-2025-023776,15-May-25,CUS-01691,PRD-0090,10,37690,376900
ORD-2025-023777,15-May-25,CUS-01755,PRD-0090,23,37690,866870
ORD-2025-023781,15-May-25,CUS-00229,PRD-0100,6,20780,124680
ORD-2025-023789,15-May-25,CUS-01182,PRD-0120,9,14740,132660
ORD-2025-023792,15-May-25,CUS-00076,PRD-0125,1,15380,15380
ORD-2025-023795,15-May-25,CUS-00225,PRD-0142,9,52030,468270
ORD-2025-023797,15-May-25,CUS-01187,PRD-0146,4,34820,139280
ORD-2025-023798,15-May-25,CUS-02464,PRD-0147,6,32330,193980
ORD-2025-023801,15-May-25,CUS-00482,PRD-0153,9,24220,217980
ORD-2025-023804,15-May-25,CUS-01703,PRD-0156,13,58570,761410
ORD-2025-023805,15-May-25,CUS-00105,PRD-0156,12,58570,702840
ORD-2025-023806,15-May-25,CUS-01219,PRD-0156,3,58570,175710
ORD-2025-023810,15-May-25,CUS-01142,PRD-0160,3,32940,98820
ORD-2025-023818,16-May-25,CUS-00233,PRD-0001,3,4970,14910
ORD-2025-023826,16-May-25,CUS-00052,PRD-0024,2,9800,19600
ORD-2025-023827,16-May-25,CUS-00651,PRD-0024,1,9800,9800
ORD-2025-023829,16-May-25,CUS-00015,PRD-0025,7,5090,35630
ORD-2025-023830,16-May-25,CUS-00966,PRD-0025,4,5090,20360
ORD-2025-023836,16-May-25,CUS-00394,PRD-0037,3,25650,76950
ORD-2025-023838,16-May-25,CUS-00593,PRD-0048,5,16870,84350
ORD-2025-023839,16-May-25,CUS-02038,PRD-0058,6,17980,107880
ORD-2025-023839,16-May-25,CUS-02038,PRD-0058,6,17980,107880
ORD-2025-023842,16-May-25,CUS-01983,PRD-0061,2,16320,32640
ORD-2025-023852,16-May-25,CUS-01062,PRD-0077,11,31120,342320
ORD-2025-023854,16-May-25,CUS-02411,PRD-0078,2,33720,67440
ORD-2025-023858,16-May-25,CUS-01024,PRD-0086,5,28180,140900
ORD-2025-023865,16-May-25,CUS-00852,PRD-0091,10,27010,270100
ORD-2025-023869,16-May-25,CUS-01549,PRD-0100,6,20780,124680
ORD-2025-023870,16-May-25,CUS-02286,PRD-0100,9,20780,187020
ORD-2025-023873,16-May-25,CUS-02426,PRD-0103,6,38480,230880
ORD-2025-023876,16-May-25,CUS-00830,PRD-0110,5,30350,151750
ORD-2025-023878,16-May-25,CUS-00847,PRD-0117,21,17520,367920
ORD-2025-023881,16-May-25,CUS-00782,PRD-0120,11,14740,162140
ORD-2025-023885,16-May-25,CUS-01947,PRD-0121,16,26430,422880
ORD-2025-023890,16-May-25,CUS-01795,PRD-0126,3,29270,87810
ORD-2025-023891,16-May-25,CUS-01828,PRD-0127,5,16760,83800
ORD-2025-023899,16-May-25,CUS-01950,PRD-0151,7,42840,299880
ORD-2025-023903,16-May-25,CUS-00011,PRD-0160,6,32940,197640
ORD-2025-023906,16-May-25,CUS-01726,PRD-0163,27,27790,750330
ORD-2025-023907,16-May-25,CUS-01264,PRD-0164,13,19920,258960
ORD-2025-023916,17-May-25,CUS-01206,PRD-0016,40,42680,1707200
ORD-2025-023919,17-May-25,CUS-02234,PRD-0026,6,4150,24900
ORD-2025-023922,17-May-25,CUS-00923,PRD-0034,7,15350,107450
ORD-2025-023926,17-May-25,CUS-00545,PRD-0037,57,25650,1462050
ORD-2025-023927,17-May-25,CUS-00673,PRD-0039,4,14770,59080
ORD-2025-023929,17-May-25,CUS-00705,PRD-0046,6,17360,104160
ORD-2025-023931,17-May-25,CUS-01473,PRD-0051,8,43070,344560
ORD-2025-023938,17-May-25,CUS-00327,PRD-0068,22,16320,359040
ORD-2025-023942,17-May-25,CUS-01992,PRD-0074,4,38390,153560
ORD-2025-023948,17-May-25,CUS-02179,PRD-0091,10,27010,270100
ORD-2025-023952,17-May-25,CUS-00520,PRD-0107,11,39590,435490
ORD-2025-023958,17-May-25,CUS-01138,PRD-0141,36,38600,1389600
ORD-2025-023966,17-May-25,CUS-01917,PRD-0165,7,23380,163660
ORD-2025-023976,18-May-25,CUS-00372,PRD-0056,8,25020,200160
ORD-2025-023985,18-May-25,CUS-01070,PRD-0115,2,21210,42420
ORD-2025-023987,18-May-25,CUS-02071,PRD-0130,5,13600,68000
ORD-2025-023992,18-May-25,CUS-00593,PRD-0156,16,58570,937120
ORD-2025-024001,19-May-25,CUS-00253,PRD-0004,5,4490,22450
ORD-2025-024003,19-May-25,CUS-00603,PRD-0007,3,17070,51210
ORD-2025-024008,19-May-25,CUS-00411,PRD-0018,22,62570,1376540
ORD-2025-024011,19-May-25,CUS-00705,PRD-0021,4,19390,77560
ORD-2025-024013,19-May-25,CUS-00906,PRD-0026,4,4150,16600
ORD-2025-024021,19-May-25,CUS-00986,PRD-0045,4,7340,29360
ORD-2025-024026,19-May-25,CUS-02292,PRD-0060,17,57540,978180
ORD-2025-024028,19-May-25,CUS-01349,PRD-0064,9,36350,327150
ORD-2025-024032,19-May-25,CUS-00663,PRD-0074,9,38390,345510
ORD-2025-024035,19-May-25,CUS-00416,PRD-0077,15,31120,466800
ORD-2025-024049,19-May-25,CUS-01272,PRD-0090,21,37690,791490
ORD-2025-024050,19-May-25,CUS-00995,PRD-0090,4,37690,150760
ORD-2025-024056,19-May-25,CUS-01726,PRD-0117,4,17520,70080
ORD-2025-024058,19-May-25,CUS-02367,PRD-0118,4,23110,92440
ORD-2025-024061,19-May-25,CUS-00958,PRD-0125,11,15380,169180
ORD-2025-024065,19-May-25,CUS-01254,PRD-0128,3,20590,61770
ORD-2025-024067,19-May-25,CUS-01365,PRD-0134,15,34970,524550
ORD-2025-024071,19-May-25,CUS-00034,PRD-0145,10,31800,318000
ORD-2025-024078,19-May-25,CUS-02471,PRD-0151,2,42840,85680
ORD-2025-024084,19-May-25,CUS-00986,PRD-0166,1,25650,25650
ORD-2025-024088,20-May-25,CUS-01496,PRD-0005,5,3110,15550
ORD-2025-024095,20-May-25,CUS-01340,PRD-0019,11,31240,343640
ORD-2025-024100,20-May-25,CUS-02380,PRD-0035,2,13660,27320
ORD-2025-024101,20-May-25,CUS-00830,PRD-0037,7,25650,179550
ORD-2025-024102,20-May-25,CUS-00532,PRD-0037,11,25650,282150
ORD-2025-024106,20-May-25,CUS-00570,PRD-0056,8,25020,200160
ORD-2025-024107,20-May-25,CUS-01616,PRD-0058,2,17980,35960
ORD-2025-024109,20-May-25,CUS-01828,PRD-0068,12,16320,195840
ORD-2025-024122,20-May-25,CUS-00509,PRD-0090,2,37690,75380
ORD-2025-024141,20-May-25,CUS-02094,PRD-0123,9,14410,129690
ORD-2025-024144,20-May-25,CUS-00350,PRD-0131,3,31140,93420
ORD-2025-024145,20-May-25,CUS-01714,PRD-0135,20,32900,658000
ORD-2025-024146,20-May-25,CUS-00835,PRD-0137,12,27650,331800
ORD-2025-024147,20-May-25,CUS-01486,PRD-0145,6,31800,190800
ORD-2025-024149,20-May-25,CUS-01894,PRD-0150,8,47850,382800
ORD-2025-024150,20-May-25,CUS-00724,PRD-0150,12,47850,574200
ORD-2025-024154,20-May-25,CUS-00012,PRD-0151,11,42840,471240
ORD-2025-024155,20-May-25,CUS-01549,PRD-0154,4,42470,169880
ORD-2025-024162,20-May-25,CUS-01487,PRD-0160,19,32940,625860
ORD-2025-024176,21-May-25,CUS-01242,PRD-0022,8,11680,93440
ORD-2025-024177,21-May-25,CUS-01514,PRD-0025,20,5090,101800
ORD-2025-024178,21-May-25,CUS-01341,PRD-0046,15,17360,260400
ORD-2025-024180,21-May-25,CUS-02239,PRD-0048,9,16870,151830
ORD-2025-024182,21-May-25,CUS-00620,PRD-0057,10,18040,180400
ORD-2025-024184,21-May-25,CUS-00727,PRD-0059,2,50810,101620
ORD-2025-024185,21-May-25,CUS-02021,PRD-0060,2,57540,115080
ORD-2025-024187,21-May-25,CUS-00688,PRD-0065,3,34000,102000
ORD-2025-024189,21-May-25,CUS-01047,PRD-0074,10,38390,383900
ORD-2025-024191,21-May-25,CUS-02409,PRD-0078,6,33720,202320
ORD-2025-024196,21-May-25,CUS-00233,PRD-0086,8,28180,225440
ORD-2025-024202,21-May-25,CUS-00451,PRD-0090,5,37690,188450
ORD-2025-024209,21-May-25,CUS-01070,PRD-0102,5,17050,85250
ORD-2025-024212,21-May-25,CUS-00932,PRD-0108,5,30750,153750
ORD-2025-024219,21-May-25,CUS-01639,PRD-0125,7,15380,107660
ORD-2025-024227,21-May-25,CUS-00987,PRD-0151,7,42840,299880
ORD-2025-024229,21-May-25,CUS-00276,PRD-0157,4,24810,99240
ORD-2025-024240,22-May-25,CUS-01412,PRD-0004,9,4490,40410
ORD-2025-024246,22-May-25,CUS-02282,PRD-0033,14,11040,154560
ORD-2025-024249,22-May-25,CUS-01381,PRD-0037,10,25650,256500
ORD-2025-024256,22-May-25,CUS-01281,PRD-0061,8,16320,130560
ORD-2025-024257,22-May-25,CUS-02401,PRD-0063,8,15070,120560
ORD-2025-024276,22-May-25,CUS-01427,PRD-0090,9,37690,339210
ORD-2025-024279,22-May-25,CUS-01101,PRD-0095,5,20290,101450
ORD-2025-024281,22-May-25,CUS-01388,PRD-0100,23,20780,477940
ORD-2025-024286,22-May-25,CUS-02359,PRD-0108,6,30750,184500
ORD-2025-024288,22-May-25,CUS-00034,PRD-0113,10,10420,104200
ORD-2025-024295,22-May-25,CUS-00229,PRD-0142,17,52030,884510
ORD-2025-024296,22-May-25,CUS-01668,PRD-0148,5,27270,136350
ORD-2025-024303,22-May-25,CUS-00034,PRD-0153,8,24220,193760
ORD-2025-024304,22-May-25,CUS-02037,PRD-0153,4,24220,96880
ORD-2025-024322,23-May-25,CUS-01790,PRD-0006,9,3060,27540
ORD-2025-024324,23-May-25,CUS-02158,PRD-0011,11,17170,188870
ORD-2025-024325,23-May-25,CUS-00512,PRD-0011,3,17170,51510
ORD-2025-024326,23-May-25,CUS-01101,PRD-0012,5,18410,92050
ORD-2025-024333,23-May-25,CUS-02459,PRD-0028,3,4910,14730
ORD-2025-024336,23-May-25,CUS-01917,PRD-0035,5,13660,68300
ORD-2025-024340,23-May-25,CUS-01527,PRD-0041,9,6830,61470
ORD-2025-024346,23-May-25,CUS-00870,PRD-0058,3,17980,53940
ORD-2025-024349,23-May-25,CUS-02109,PRD-0061,6,16320,97920
ORD-2025-024358,23-May-25,CUS-02367,PRD-0078,5,33720,168600
ORD-2025-024365,23-May-25,CUS-00051,PRD-0082,20,30730,614600
ORD-2025-024375,23-May-25,CUS-01947,PRD-0092,3,30260,90780
ORD-2025-024378,23-May-25,CUS-00276,PRD-0098,12,15320,183840
ORD-2025-024380,23-May-25,CUS-01185,PRD-0100,5,20780,103900
ORD-2025-024381,23-May-25,CUS-01947,PRD-0100,11,20780,228580
ORD-2025-024390,23-May-25,CUS-01178,PRD-0115,6,21210,127260
ORD-2025-024391,23-May-25,CUS-00630,PRD-0118,6,23110,138660
ORD-2025-024400,23-May-25,CUS-00663,PRD-0128,14,20590,288260
ORD-2025-024406,23-May-25,CUS-00705,PRD-0135,11,32900,361900
ORD-2025-024410,23-May-25,CUS-01876,PRD-0138,7,27020,189140
ORD-2025-024413,23-May-25,CUS-01083,PRD-0144,9,31990,287910
ORD-2025-024416,23-May-25,CUS-01124,PRD-0151,9,42840,385560
ORD-2025-024417,23-May-25,CUS-02400,PRD-0151,29,42840,1242360
ORD-2025-024428,23-May-25,CUS-02409,PRD-0163,45,27790,1250550
ORD-2025-024428,23-May-25,CUS-02409,PRD-0163,45,27790,1250550
ORD-2025-024436,24-May-25,CUS-01005,PRD-0017,5,39680,198400
ORD-2025-024437,24-May-25,CUS-00305,PRD-0020,4,29210,116840
ORD-2025-024438,24-May-25,CUS-00806,PRD-0031,17,36660,623220
ORD-2025-024439,24-May-25,CUS-01827,PRD-0031,5,36660,183300
ORD-2025-024441,24-May-25,CUS-01853,PRD-0039,3,14770,44310
ORD-2025-024443,24-May-25,CUS-01225,PRD-0043,4,17760,71040
ORD-2025-024465,24-May-25,CUS-02373,PRD-0100,5,20780,103900
ORD-2025-024470,24-May-25,CUS-00090,PRD-0117,5,17520,87600
ORD-2025-024471,24-May-25,CUS-02334,PRD-0120,3,14740,44220
ORD-2025-024472,24-May-25,CUS-02054,PRD-0120,2,14740,29480
ORD-2025-024480,24-May-25,CUS-01612,PRD-0135,3,32900,98700
ORD-2025-024483,24-May-25,CUS-02012,PRD-0142,11,52030,572330
ORD-2025-024492,24-May-25,CUS-01605,PRD-0170,8,17370,138960
ORD-2025-024495,25-May-25,CUS-00459,PRD-0039,1,14770,14770
ORD-2025-024498,25-May-25,CUS-00906,PRD-0067,12,12380,148560
ORD-2025-024498,25-May-25,CUS-00906,PRD-0067,12,12380,148560
ORD-2025-024500,25-May-25,CUS-02012,PRD-0086,1,28180,28180
ORD-2025-024501,25-May-25,CUS-00603,PRD-0086,7,28180,197260
ORD-2025-024510,25-May-25,CUS-00959,PRD-0166,2,25650,51300
ORD-2025-024511,25-May-25,CUS-02210,PRD-0167,9,14020,126180
ORD-2025-024516,26-May-25,CUS-02419,PRD-0012,5,18410,92050
ORD-2025-024522,26-May-25,CUS-01876,PRD-0026,5,4150,20750
ORD-2025-024540,26-May-25,CUS-02292,PRD-0078,16,33720,539520
ORD-2025-024541,26-May-25,CUS-00034,PRD-0081,5,42190,210950
ORD-2025-024543,26-May-25,CUS-00012,PRD-0083,3,23690,71070
ORD-2025-024565,26-May-25,CUS-02497,PRD-0098,6,15320,91920
ORD-2025-024567,26-May-25,CUS-00459,PRD-0100,9,20780,187020
ORD-2025-024569,26-May-25,CUS-00370,PRD-0101,12,22590,271080
ORD-2025-024575,26-May-25,CUS-00778,PRD-0108,7,30750,215250
ORD-2025-024577,26-May-25,CUS-01795,PRD-0111,8,12240,97920
ORD-2025-024578,26-May-25,CUS-01341,PRD-0113,56,10420,583520
ORD-2025-024580,26-May-25,CUS-01020,PRD-0118,13,23110,300430
ORD-2025-024597,26-May-25,CUS-00603,PRD-0147,9,32330,290970
ORD-2025-024604,26-May-25,CUS-02457,PRD-0151,15,42840,642600
ORD-2025-024607,26-May-25,CUS-01118,PRD-0157,5,24810,124050
ORD-2025-024612,27-May-25,CUS-02260,PRD-0005,6,3110,18660
ORD-2025-024616,27-May-25,CUS-01413,PRD-0007,19,17070,324330
ORD-2025-024617,27-May-25,CUS-00034,PRD-0009,9,18390,165510
ORD-2025-024624,27-May-25,CUS-01138,PRD-0045,8,7340,58720
ORD-2025-024629,27-May-25,CUS-02128,PRD-0077,8,31120,248960
ORD-2025-024636,27-May-25,CUS-01309,PRD-0086,3,28180,84540
ORD-2025-024654,27-May-25,CUS-00603,PRD-0121,27,26430,713610
ORD-2025-024655,27-May-25,CUS-00381,PRD-0121,6,26430,158580
ORD-2025-024665,27-May-25,CUS-01515,PRD-0145,9,31800,286200
ORD-2025-024672,27-May-25,CUS-01893,PRD-0151,10,42840,428400
ORD-2025-024680,27-May-25,CUS-02253,PRD-0161,15,32640,489600
ORD-2025-024681,27-May-25,CUS-00527,PRD-0161,4,32640,130560
ORD-2025-024682,27-May-25,CUS-02384,PRD-0167,2,14020,28040
ORD-2025-024683,27-May-25,CUS-01337,PRD-0169,28,15310,428680
ORD-2025-024700,28-May-25,CUS-00440,PRD-0062,3,17890,53670
ORD-2025-024713,28-May-25,CUS-01004,PRD-0084,1,27760,27760
ORD-2025-024714,28-May-25,CUS-02472,PRD-0084,6,27760,166560
ORD-2025-024743,28-May-25,CUS-00201,PRD-0124,4,8790,35160
ORD-2025-024746,28-May-25,CUS-01413,PRD-0125,4,15380,61520
ORD-2025-024753,28-May-25,CUS-01507,PRD-0138,18,27020,486360
ORD-2025-024756,28-May-25,CUS-01514,PRD-0148,3,27270,81810
ORD-2025-024757,28-May-25,CUS-00502,PRD-0150,7,47850,334950
ORD-2025-024761,28-May-25,CUS-02384,PRD-0151,11,42840,471240
ORD-2025-024762,28-May-25,CUS-00291,PRD-0151,4,42840,171360
ORD-2025-024764,28-May-25,CUS-02464,PRD-0156,5,58570,292850
ORD-2025-024771,28-May-25,CUS-00288,PRD-0161,35,32640,1142400
ORD-2025-024776,29-May-25,CUS-01828,PRD-0004,8,4490,35920
ORD-2025-024779,29-May-25,CUS-02215,PRD-0017,15,39680,595200
ORD-2025-024781,29-May-25,CUS-02026,PRD-0023,17,16940,287980
ORD-2025-024788,29-May-25,CUS-00347,PRD-0037,13,25650,333450
ORD-2025-024794,29-May-25,CUS-01537,PRD-0057,12,18040,216480
ORD-2025-024809,29-May-25,CUS-01741,PRD-0086,25,28180,704500
ORD-2025-024817,29-May-25,CUS-00441,PRD-0090,5,37690,188450
ORD-2025-024818,29-May-25,CUS-01816,PRD-0090,20,37690,753800
ORD-2025-024829,29-May-25,CUS-00011,PRD-0118,6,23110,138660
ORD-2025-024841,29-May-25,CUS-01726,PRD-0145,18,31800,572400
ORD-2025-024843,29-May-25,CUS-02135,PRD-0148,27,27270,736290
ORD-2025-024857,29-May-25,CUS-00368,PRD-0151,6,42840,257040
ORD-2025-024871,30-May-25,CUS-01214,PRD-0005,2,3110,6220
ORD-2025-024874,30-May-25,CUS-00886,PRD-0013,2,11970,23940
ORD-2025-024881,30-May-25,CUS-02164,PRD-0031,6,36660,219960
ORD-2025-024889,30-May-25,CUS-02125,PRD-0061,12,16320,195840
ORD-2025-024898,30-May-25,CUS-02400,PRD-0082,18,30730,553140
ORD-2025-024899,30-May-25,CUS-00583,PRD-0082,2,30730,61460
ORD-2025-024903,30-May-25,CUS-00568,PRD-0086,9,28180,253620
ORD-2025-024907,30-May-25,CUS-02252,PRD-0090,3,37690,113070
ORD-2025-024910,30-May-25,CUS-01875,PRD-0091,9,27010,243090
ORD-2025-024930,30-May-25,CUS-02318,PRD-0123,7,14410,100870
ORD-2025-024932,30-May-25,CUS-02279,PRD-0125,6,15380,92280
ORD-2025-024934,30-May-25,CUS-01189,PRD-0131,28,31140,871920
ORD-2025-024938,30-May-25,CUS-01020,PRD-0144,16,31990,511840
ORD-2025-024950,30-May-25,CUS-01876,PRD-0151,3,42840,128520
ORD-2025-024951,30-May-25,CUS-00084,PRD-0151,1,42840,42840
ORD-2025-024956,30-May-25,CUS-00333,PRD-0155,4,65880,263520
ORD-2025-024957,30-May-25,CUS-00607,PRD-0156,9,58570,527130
ORD-2025-024958,30-May-25,CUS-00827,PRD-0157,6,24810,148860
ORD-2025-024964,30-May-25,CUS-01712,PRD-0165,5,23380,116900
ORD-2025-024966,31-May-25,CUS-02419,PRD-0005,2,3110,6220
ORD-2025-024969,31-May-25,CUS-01987,PRD-0017,11,39680,436480
ORD-2025-024971,31-May-25,CUS-01728,PRD-0028,8,4910,39280
ORD-2025-024973,31-May-25,CUS-01112,PRD-0033,6,11040,66240
ORD-2025-024974,31-May-25,CUS-02441,PRD-0034,6,15350,92100
ORD-2025-024977,31-May-25,CUS-00021,PRD-0057,9,18040,162360
ORD-2025-024987,31-May-25,CUS-00011,PRD-0090,2,37690,75380
ORD-2025-024988,31-May-25,CUS-01631,PRD-0090,12,37690,452280
ORD-2025-024992,31-May-25,CUS-00394,PRD-0100,4,20780,83120
ORD-2025-024993,31-May-25,CUS-02038,PRD-0107,1,39590,39590
ORD-2025-024995,31-May-25,CUS-02084,PRD-0108,15,30750,461250
ORD-2025-024996,31-May-25,CUS-00103,PRD-0113,5,10420,52100
ORD-2025-024997,31-May-25,CUS-01257,PRD-0113,8,10420,83360
ORD-2025-025004,31-May-25,CUS-01008,PRD-0125,7,15380,107660
ORD-2025-025006,31-May-25,CUS-01262,PRD-0127,6,16760,100560
ORD-2025-025012,31-May-25,CUS-00808,PRD-0151,4,42840,171360
ORD-2025-025015,31-May-25,CUS-01557,PRD-0160,4,32940,131760
ORD-2025-025018,01-Jun-25,CUS-00219,PRD-0049,28,18190,509320
ORD-2025-025031,01-Jun-25,CUS-00104,PRD-0137,8,27650,221200
ORD-2025-025045,02-Jun-25,CUS-00010,PRD-0030,2,25250,50500
ORD-2025-025055,02-Jun-25,CUS-00835,PRD-0062,2,17890,35780
ORD-2025-025060,02-Jun-25,CUS-01473,PRD-0074,5,38390,191950
ORD-2025-025078,02-Jun-25,CUS-01824,PRD-0090,6,37690,226140
ORD-2025-025087,02-Jun-25,CUS-02379,PRD-0098,13,15320,199160
ORD-2025-025090,02-Jun-25,CUS-00532,PRD-0102,12,17050,204600
ORD-2025-025091,02-Jun-25,CUS-00831,PRD-0102,1,17050,17050
ORD-2025-025094,02-Jun-25,CUS-02257,PRD-0113,8,10420,83360
ORD-2025-025099,02-Jun-25,CUS-00225,PRD-0125,5,15380,76900
ORD-2025-025106,02-Jun-25,CUS-01516,PRD-0144,2,31990,63980
ORD-2025-025107,02-Jun-25,CUS-01177,PRD-0145,2,31800,63600
ORD-2025-025115,02-Jun-25,CUS-01067,PRD-0151,4,42840,171360
ORD-2025-025120,02-Jun-25,CUS-00436,PRD-0156,13,58570,761410
ORD-2025-025121,02-Jun-25,CUS-00890,PRD-0156,7,58570,409990
ORD-2025-025122,02-Jun-25,CUS-01978,PRD-0156,2,58570,117140
ORD-2025-025131,03-Jun-25,CUS-02246,PRD-0016,15,42680,640200
ORD-2025-025145,03-Jun-25,CUS-00669,PRD-0047,9,19060,171540
ORD-2025-025146,03-Jun-25,CUS-01020,PRD-0055,9,16990,152910
ORD-2025-025148,03-Jun-25,CUS-00055,PRD-0057,4,18040,72160
ORD-2025-025149,03-Jun-25,CUS-02314,PRD-0058,5,17980,89900
ORD-2025-025151,03-Jun-25,CUS-02325,PRD-0074,5,38390,191950
ORD-2025-025157,03-Jun-25,CUS-00149,PRD-0084,7,27760,194320
ORD-2025-025162,03-Jun-25,CUS-00881,PRD-0090,5,37690,188450
ORD-2025-025163,03-Jun-25,CUS-02215,PRD-0090,9,37690,339210
ORD-2025-025164,03-Jun-25,CUS-00156,PRD-0090,3,37690,113070
ORD-2025-025172,03-Jun-25,CUS-00165,PRD-0100,6,20780,124680
ORD-2025-025183,03-Jun-25,CUS-01195,PRD-0125,7,15380,107660
ORD-2025-025189,03-Jun-25,CUS-01381,PRD-0146,28,34820,974960
ORD-2025-025190,03-Jun-25,CUS-01914,PRD-0147,15,32330,484950
ORD-2025-025193,03-Jun-25,CUS-02144,PRD-0151,1,42840,42840
ORD-2025-025194,03-Jun-25,CUS-00286,PRD-0153,6,24220,145320
ORD-2025-025204,04-Jun-25,CUS-00451,PRD-0007,9,17070,153630
ORD-2025-025213,04-Jun-25,CUS-00276,PRD-0040,9,14100,126900
ORD-2025-025217,04-Jun-25,CUS-00465,PRD-0060,3,57540,172620
ORD-2025-025223,04-Jun-25,CUS-01616,PRD-0066,4,51920,207680
ORD-2025-025237,04-Jun-25,CUS-01224,PRD-0090,20,37690,753800
ORD-2025-025241,04-Jun-25,CUS-01537,PRD-0098,2,15320,30640
ORD-2025-025248,04-Jun-25,CUS-02402,PRD-0121,7,26430,185010
ORD-2025-025249,04-Jun-25,CUS-01044,PRD-0122,7,19140,133980
ORD-2025-025253,04-Jun-25,CUS-00575,PRD-0125,19,15380,292220
ORD-2025-025260,04-Jun-25,CUS-00259,PRD-0150,7,47850,334950
ORD-2025-025261,04-Jun-25,CUS-00532,PRD-0151,8,42840,342720
ORD-2025-025266,04-Jun-25,CUS-01964,PRD-0160,22,32940,724680
ORD-2025-025283,05-Jun-25,CUS-00669,PRD-0048,4,16870,67480
ORD-2025-025284,05-Jun-25,CUS-01178,PRD-0053,4,38950,155800
ORD-2025-025291,05-Jun-25,CUS-00665,PRD-0070,4,19240,76960
ORD-2025-025297,05-Jun-25,CUS-01036,PRD-0086,29,28180,817220
ORD-2025-025309,05-Jun-25,CUS-00761,PRD-0108,8,30750,246000
ORD-2025-025311,05-Jun-25,CUS-01824,PRD-0111,1,12240,12240
ORD-2025-025319,05-Jun-25,CUS-00886,PRD-0125,8,15380,123040
ORD-2025-025320,05-Jun-25,CUS-01812,PRD-0127,9,16760,150840
ORD-2025-025322,05-Jun-25,CUS-00852,PRD-0138,12,27020,324240
ORD-2025-025323,05-Jun-25,CUS-00300,PRD-0142,10,52030,520300
ORD-2025-025333,05-Jun-25,CUS-01160,PRD-0156,8,58570,468560
ORD-2025-025340,06-Jun-25,CUS-00910,PRD-0001,17,4970,84490
ORD-2025-025348,06-Jun-25,CUS-01828,PRD-0037,12,25650,307800
ORD-2025-025349,06-Jun-25,CUS-00665,PRD-0039,3,14770,44310
ORD-2025-025350,06-Jun-25,CUS-00073,PRD-0039,2,14770,29540
ORD-2025-025351,06-Jun-25,CUS-01956,PRD-0045,1,7340,7340
ORD-2025-025355,06-Jun-25,CUS-00296,PRD-0060,6,57540,345240
ORD-2025-025360,06-Jun-25,CUS-02245,PRD-0065,5,34000,170000
ORD-2025-025365,06-Jun-25,CUS-00229,PRD-0077,7,31120,217840
ORD-2025-025370,06-Jun-25,CUS-00274,PRD-0084,7,27760,194320
ORD-2025-025378,06-Jun-25,CUS-01660,PRD-0093,3,23080,69240
ORD-2025-025381,06-Jun-25,CUS-00074,PRD-0100,2,20780,41560
ORD-2025-025382,06-Jun-25,CUS-01160,PRD-0107,4,39590,158360
ORD-2025-025383,06-Jun-25,CUS-01824,PRD-0108,16,30750,492000
ORD-2025-025383,06-Jun-25,CUS-01824,PRD-0108,16,30750,492000
ORD-2025-025388,06-Jun-25,CUS-01875,PRD-0125,2,15380,30760
ORD-2025-025391,06-Jun-25,CUS-01278,PRD-0135,13,32900,427700
ORD-2025-025398,06-Jun-25,CUS-01669,PRD-0155,9,65880,592920
ORD-2025-025403,06-Jun-25,CUS-01638,PRD-0160,15,32940,494100
ORD-2025-025404,06-Jun-25,CUS-00856,PRD-0161,8,32640,261120
ORD-2025-025406,07-Jun-25,CUS-01209,PRD-0008,4,16360,65440
ORD-2025-025406,07-Jun-25,CUS-01209,PRD-0008,4,16360,65440
ORD-2025-025425,07-Jun-25,CUS-00619,PRD-0090,14,37690,527660
ORD-2025-025433,07-Jun-25,CUS-02007,PRD-0109,23,30700,706100
ORD-2025-025434,07-Jun-25,CUS-00347,PRD-0111,19,12240,232560
ORD-2025-025440,07-Jun-25,CUS-00877,PRD-0125,6,15380,92280
ORD-2025-025450,07-Jun-25,CUS-00180,PRD-0156,2,58570,117140
ORD-2025-025451,07-Jun-25,CUS-01674,PRD-0156,5,58570,292850
ORD-2025-025453,07-Jun-25,CUS-02245,PRD-0161,31,32640,1011840
ORD-2025-025454,07-Jun-25,CUS-02126,PRD-0161,7,32640,228480
ORD-2025-025461,08-Jun-25,CUS-00818,PRD-0060,16,57540,920640
ORD-2025-025467,08-Jun-25,CUS-01740,PRD-0090,5,37690,188450
ORD-2025-025470,08-Jun-25,CUS-01735,PRD-0095,5,20290,101450
ORD-2025-025478,08-Jun-25,CUS-01790,PRD-0135,7,32900,230300
ORD-2025-025481,08-Jun-25,CUS-00175,PRD-0151,13,42840,556920
ORD-2025-025483,08-Jun-25,CUS-02233,PRD-0162,28,28900,809200
ORD-2025-025495,09-Jun-25,CUS-00672,PRD-0045,21,7340,154140
ORD-2025-025495,09-Jun-25,CUS-00672,PRD-0045,21,7340,154140
ORD-2025-025503,09-Jun-25,CUS-00816,PRD-0077,13,31120,404560
ORD-2025-025504,09-Jun-25,CUS-01138,PRD-0077,6,31120,186720
ORD-2025-025509,09-Jun-25,CUS-02281,PRD-0081,9,42190,379710
ORD-2025-025518,09-Jun-25,CUS-01465,PRD-0090,9,37690,339210
ORD-2025-025519,09-Jun-25,CUS-01143,PRD-0090,5,37690,188450
ORD-2025-025520,09-Jun-25,CUS-01650,PRD-0090,24,37690,904560
ORD-2025-025521,09-Jun-25,CUS-00333,PRD-0090,5,37690,188450
ORD-2025-025526,09-Jun-25,CUS-02071,PRD-0108,3,30750,92250
ORD-2025-025529,09-Jun-25,CUS-00276,PRD-0113,3,10420,31260
ORD-2025-025531,09-Jun-25,CUS-00573,PRD-0117,3,17520,52560
ORD-2025-025540,09-Jun-25,CUS-01155,PRD-0128,2,20590,41180
ORD-2025-025544,09-Jun-25,CUS-01514,PRD-0140,2,27740,55480
ORD-2025-025549,09-Jun-25,CUS-01537,PRD-0151,8,42840,342720
ORD-2025-025567,10-Jun-25,CUS-02457,PRD-0005,4,3110,12440
ORD-2025-025583,10-Jun-25,CUS-00485,PRD-0058,13,17980,233740
ORD-2025-025589,10-Jun-25,CUS-01838,PRD-0070,5,19240,96200
ORD-2025-025593,10-Jun-25,CUS-00146,PRD-0081,11,42190,464090
ORD-2025-025599,10-Jun-25,CUS-00007,PRD-0086,5,28180,140900
ORD-2025-025608,10-Jun-25,CUS-01384,PRD-0090,12,37690,452280
ORD-2025-025609,10-Jun-25,CUS-01691,PRD-0090,11,37690,414590
ORD-2025-025610,10-Jun-25,CUS-02384,PRD-0090,5,37690,188450
ORD-2025-025617,10-Jun-25,CUS-02246,PRD-0098,4,15320,61280
ORD-2025-025632,10-Jun-25,CUS-01956,PRD-0118,4,23110,92440
ORD-2025-025633,10-Jun-25,CUS-01818,PRD-0118,12,23110,277320
ORD-2025-025634,10-Jun-25,CUS-01550,PRD-0118,11,23110,254210
ORD-2025-025646,10-Jun-25,CUS-02243,PRD-0142,26,52030,1352780
ORD-2025-025648,10-Jun-25,CUS-02026,PRD-0145,2,31800,63600
ORD-2025-025649,10-Jun-25,CUS-00597,PRD-0150,3,47850,143550
ORD-2025-025666,11-Jun-25,CUS-01281,PRD-0020,23,29210,671830
ORD-2025-025679,11-Jun-25,CUS-00950,PRD-0062,2,17890,35780
ORD-2025-025683,11-Jun-25,CUS-01113,PRD-0068,2,16320,32640
ORD-2025-025694,11-Jun-25,CUS-01106,PRD-0090,3,37690,113070
ORD-2025-025698,11-Jun-25,CUS-02125,PRD-0103,4,38480,153920
ORD-2025-025707,11-Jun-25,CUS-01954,PRD-0125,10,15380,153800
ORD-2025-025718,11-Jun-25,CUS-01349,PRD-0151,14,42840,599760
ORD-2025-025719,11-Jun-25,CUS-01254,PRD-0151,4,42840,171360
ORD-2025-025731,12-Jun-25,CUS-00375,PRD-0007,2,17070,34140
ORD-2025-025734,12-Jun-25,CUS-00175,PRD-0018,16,62570,1001120
ORD-2025-025735,12-Jun-25,CUS-00614,PRD-0018,6,62570,375420
ORD-2025-025736,12-Jun-25,CUS-02282,PRD-0020,7,29210,204470
ORD-2025-025749,12-Jun-25,CUS-00011,PRD-0057,3,18040,54120
ORD-2025-025750,12-Jun-25,CUS-01395,PRD-0058,4,17980,71920
ORD-2025-025751,12-Jun-25,CUS-01420,PRD-0063,8,15070,120560
ORD-2025-025753,12-Jun-25,CUS-01195,PRD-0068,14,16320,228480
ORD-2025-025753,12-Jun-25,CUS-01195,PRD-0068,14,16320,228480
ORD-2025-025755,12-Jun-25,CUS-01460,PRD-0079,4,46870,187480
ORD-2025-025756,12-Jun-25,CUS-01279,PRD-0081,11,42190,464090
ORD-2025-025760,12-Jun-25,CUS-01875,PRD-0086,6,28180,169080
ORD-2025-025766,12-Jun-25,CUS-01780,PRD-0090,8,37690,301520
ORD-2025-025783,12-Jun-25,CUS-01309,PRD-0108,9,30750,276750
ORD-2025-025784,12-Jun-25,CUS-01489,PRD-0109,3,30700,92100
ORD-2025-025788,12-Jun-25,CUS-00482,PRD-0122,20,19140,382800
ORD-2025-025801,12-Jun-25,CUS-02184,PRD-0153,15,24220,363300
ORD-2025-025808,12-Jun-25,CUS-00372,PRD-0166,26,25650,666900
ORD-2025-025810,12-Jun-25,CUS-01504,PRD-0167,7,14020,98140
ORD-2025-025811,13-Jun-25,CUS-00995,PRD-0005,5,3110,15550
ORD-2025-025816,13-Jun-25,CUS-00255,PRD-0023,1,16940,16940
ORD-2025-025824,13-Jun-25,CUS-02282,PRD-0067,5,12380,61900
ORD-2025-025834,13-Jun-25,CUS-01206,PRD-0084,10,27760,277600
ORD-2025-025843,13-Jun-25,CUS-00606,PRD-0090,5,37690,188450
ORD-2025-025844,13-Jun-25,CUS-01638,PRD-0090,3,37690,113070
ORD-2025-025853,13-Jun-25,CUS-00886,PRD-0117,16,17520,280320
ORD-2025-025856,13-Jun-25,CUS-00575,PRD-0120,14,14740,206360
ORD-2025-025867,13-Jun-25,CUS-01674,PRD-0151,3,42840,128520
ORD-2025-025875,13-Jun-25,CUS-00881,PRD-0161,13,32640,424320
ORD-2025-025891,14-Jun-25,CUS-02087,PRD-0041,25,6830,170750
ORD-2025-025909,14-Jun-25,CUS-00981,PRD-0100,2,20780,41560
ORD-2025-025913,14-Jun-25,CUS-00597,PRD-0120,7,14740,103180
ORD-2025-025917,14-Jun-25,CUS-00237,PRD-0125,2,15380,30760
ORD-2025-025918,14-Jun-25,CUS-02193,PRD-0125,8,15380,123040
ORD-2025-025928,14-Jun-25,CUS-01359,PRD-0164,9,19920,179280
ORD-2025-025936,15-Jun-25,CUS-00212,PRD-0037,3,25650,76950
ORD-2025-025937,15-Jun-25,CUS-00707,PRD-0048,37,16870,624190
ORD-2025-025950,15-Jun-25,CUS-00782,PRD-0125,9,15380,138420
ORD-2025-025952,15-Jun-25,CUS-02427,PRD-0135,14,32900,460600
ORD-2025-025960,16-Jun-25,CUS-02292,PRD-0016,6,42680,256080
ORD-2025-025961,16-Jun-25,CUS-01514,PRD-0019,42,31240,1312080
ORD-2025-025967,16-Jun-25,CUS-01281,PRD-0031,2,36660,73320
ORD-2025-025976,16-Jun-25,CUS-00818,PRD-0051,5,43070,215350
ORD-2025-025994,16-Jun-25,CUS-00175,PRD-0077,7,31120,217840
ORD-2025-025997,16-Jun-25,CUS-01070,PRD-0084,15,27760,416400
ORD-2025-026009,16-Jun-25,CUS-00705,PRD-0098,4,15320,61280
ORD-2025-026010,16-Jun-25,CUS-00816,PRD-0098,10,15320,153200
ORD-2025-026014,16-Jun-25,CUS-01680,PRD-0109,6,30700,184200
ORD-2025-026019,16-Jun-25,CUS-00705,PRD-0121,13,26430,343590
ORD-2025-026020,16-Jun-25,CUS-01508,PRD-0122,13,19140,248820
ORD-2025-026021,16-Jun-25,CUS-02225,PRD-0125,12,15380,184560
ORD-2025-026026,16-Jun-25,CUS-01954,PRD-0135,4,32900,131600
ORD-2025-026032,16-Jun-25,CUS-01118,PRD-0154,5,42470,212350
ORD-2025-026033,16-Jun-25,CUS-01195,PRD-0155,43,65880,2832840
ORD-2025-026037,16-Jun-25,CUS-01795,PRD-0166,3,25650,76950
ORD-2025-026057,17-Jun-25,CUS-02048,PRD-0064,1,36350,36350
ORD-2025-026066,17-Jun-25,CUS-02190,PRD-0081,7,42190,295330
ORD-2025-026068,17-Jun-25,CUS-02334,PRD-0084,12,27760,333120
ORD-2025-026076,17-Jun-25,CUS-02205,PRD-0090,3,37690,113070
ORD-2025-026082,17-Jun-25,CUS-00102,PRD-0091,3,27010,81030
ORD-2025-026086,17-Jun-25,CUS-00288,PRD-0100,8,20780,166240
ORD-2025-026092,17-Jun-25,CUS-02135,PRD-0119,8,21950,175600
ORD-2025-026095,17-Jun-25,CUS-02053,PRD-0122,10,19140,191400
ORD-2025-026096,17-Jun-25,CUS-00973,PRD-0123,15,14410,216150
ORD-2025-026098,17-Jun-25,CUS-01085,PRD-0128,7,20590,144130
ORD-2025-026099,17-Jun-25,CUS-01341,PRD-0129,5,17810,89050
ORD-2025-026101,17-Jun-25,CUS-02027,PRD-0144,2,31990,63980
ORD-2025-026106,17-Jun-25,CUS-02441,PRD-0155,10,65880,658800
ORD-2025-026107,17-Jun-25,CUS-02179,PRD-0156,5,58570,292850
ORD-2025-026110,17-Jun-25,CUS-00761,PRD-0161,14,32640,456960
ORD-2025-026120,18-Jun-25,CUS-00013,PRD-0035,5,13660,68300
ORD-2025-026125,18-Jun-25,CUS-02366,PRD-0051,4,43070,172280
ORD-2025-026128,18-Jun-25,CUS-01101,PRD-0057,14,18040,252560
ORD-2025-026129,18-Jun-25,CUS-01934,PRD-0059,4,50810,203240
ORD-2025-026136,18-Jun-25,CUS-01223,PRD-0076,24,28050,673200
ORD-2025-026137,18-Jun-25,CUS-02411,PRD-0078,5,33720,168600
ORD-2025-026138,18-Jun-25,CUS-00762,PRD-0078,4,33720,134880
ORD-2025-026155,18-Jun-25,CUS-00171,PRD-0100,2,20780,41560
ORD-2025-026157,18-Jun-25,CUS-02472,PRD-0103,4,38480,153920
ORD-2025-026165,18-Jun-25,CUS-00568,PRD-0121,1,26430,26430
ORD-2025-026169,18-Jun-25,CUS-01567,PRD-0125,10,15380,153800
ORD-2025-026187,18-Jun-25,CUS-01934,PRD-0157,4,24810,99240
ORD-2025-026188,18-Jun-25,CUS-02243,PRD-0157,6,24810,148860
ORD-2025-026190,18-Jun-25,CUS-00821,PRD-0160,9,32940,296460
ORD-2025-026202,19-Jun-25,CUS-01875,PRD-0016,7,42680,298760
ORD-2025-026204,19-Jun-25,CUS-00340,PRD-0018,7,62570,437990
ORD-2025-026210,19-Jun-25,CUS-02184,PRD-0035,13,13660,177580
ORD-2025-026213,19-Jun-25,CUS-01574,PRD-0046,5,17360,86800
ORD-2025-026214,19-Jun-25,CUS-01721,PRD-0046,3,17360,52080
ORD-2025-026223,19-Jun-25,CUS-02020,PRD-0070,7,19240,134680
ORD-2025-026228,19-Jun-25,CUS-00465,PRD-0077,20,31120,622400
ORD-2025-026232,19-Jun-25,CUS-02225,PRD-0082,3,30730,92190
ORD-2025-026245,19-Jun-25,CUS-00642,PRD-0090,2,37690,75380
ORD-2025-026246,19-Jun-25,CUS-01516,PRD-0090,24,37690,904560
ORD-2025-026247,19-Jun-25,CUS-02427,PRD-0090,6,37690,226140
ORD-2025-026261,19-Jun-25,CUS-01183,PRD-0151,20,42840,856800
ORD-2025-026263,19-Jun-25,CUS-00545,PRD-0157,11,24810,272910
ORD-2025-026277,20-Jun-25,CUS-01934,PRD-0016,5,42680,213400
ORD-2025-026284,20-Jun-25,CUS-00950,PRD-0031,29,36660,1063140
ORD-2025-026287,20-Jun-25,CUS-01896,PRD-0037,5,25650,128250
ORD-2025-026296,20-Jun-25,CUS-00953,PRD-0056,1,25020,25020
ORD-2025-026300,20-Jun-25,CUS-02054,PRD-0072,3,42600,127800
ORD-2025-026302,20-Jun-25,CUS-00487,PRD-0076,4,28050,112200
ORD-2025-026314,20-Jun-25,CUS-02126,PRD-0086,3,28180,84540
ORD-2025-026321,20-Jun-25,CUS-01887,PRD-0090,9,37690,339210
ORD-2025-026322,20-Jun-25,CUS-00713,PRD-0090,3,37690,113070
ORD-2025-026323,20-Jun-25,CUS-01936,PRD-0090,5,37690,188450
ORD-2025-026324,20-Jun-25,CUS-00388,PRD-0090,5,37690,188450
ORD-2025-026325,20-Jun-25,CUS-01683,PRD-0090,7,37690,263830
ORD-2025-026325,20-Jun-25,CUS-01683,PRD-0090,7,37690,263830
ORD-2025-026335,20-Jun-25,CUS-01166,PRD-0100,43,20780,893540
ORD-2025-026337,20-Jun-25,CUS-01966,PRD-0103,3,38480,115440
ORD-2025-026339,20-Jun-25,CUS-00437,PRD-0113,13,10420,135460
ORD-2025-026343,20-Jun-25,CUS-01835,PRD-0120,6,14740,88440
ORD-2025-026348,20-Jun-25,CUS-00350,PRD-0125,5,15380,76900
ORD-2025-026353,20-Jun-25,CUS-00275,PRD-0131,5,31140,155700
ORD-2025-026358,20-Jun-25,CUS-02359,PRD-0151,9,42840,385560
ORD-2025-026372,21-Jun-25,CUS-00487,PRD-0004,1,4490,4490
ORD-2025-026375,21-Jun-25,CUS-01114,PRD-0025,18,5090,91620
ORD-2025-026381,21-Jun-25,CUS-00520,PRD-0041,13,6830,88790
ORD-2025-026384,21-Jun-25,CUS-00175,PRD-0057,5,18040,90200
ORD-2025-026392,21-Jun-25,CUS-02158,PRD-0080,8,23900,191200
ORD-2025-026401,21-Jun-25,CUS-02088,PRD-0090,7,37690,263830
ORD-2025-026402,21-Jun-25,CUS-01735,PRD-0090,12,37690,452280
ORD-2025-026405,21-Jun-25,CUS-00300,PRD-0100,20,20780,415600
ORD-2025-026414,21-Jun-25,CUS-01616,PRD-0120,2,14740,29480
ORD-2025-026415,21-Jun-25,CUS-00411,PRD-0121,12,26430,317160
ORD-2025-026425,21-Jun-25,CUS-01038,PRD-0151,6,42840,257040
ORD-2025-026429,21-Jun-25,CUS-00775,PRD-0158,11,33720,370920
ORD-2025-026431,21-Jun-25,CUS-00084,PRD-0160,7,32940,230580
ORD-2025-026432,21-Jun-25,CUS-02062,PRD-0160,7,32940,230580
ORD-2025-026436,21-Jun-25,CUS-02189,PRD-0166,4,25650,102600
ORD-2025-026437,21-Jun-25,CUS-01102,PRD-0169,8,15310,122480
ORD-2025-026439,22-Jun-25,CUS-00416,PRD-0017,10,39680,396800
ORD-2025-026443,22-Jun-25,CUS-00992,PRD-0060,6,57540,345240
ORD-2025-026446,22-Jun-25,CUS-00156,PRD-0068,7,16320,114240
ORD-2025-026447,22-Jun-25,CUS-00509,PRD-0072,7,42600,298200
ORD-2025-026449,22-Jun-25,CUS-01384,PRD-0077,4,31120,124480
ORD-2025-026450,22-Jun-25,CUS-02380,PRD-0082,12,30730,368760
ORD-2025-026451,22-Jun-25,CUS-02084,PRD-0084,8,27760,222080
ORD-2025-026458,22-Jun-25,CUS-01638,PRD-0100,33,20780,685740
ORD-2025-026459,22-Jun-25,CUS-01590,PRD-0111,4,12240,48960
ORD-2025-026463,22-Jun-25,CUS-00394,PRD-0143,4,48640,194560
ORD-2025-026464,22-Jun-25,CUS-02323,PRD-0151,1,42840,42840
ORD-2025-026470,22-Jun-25,CUS-00485,PRD-0166,3,25650,76950
ORD-2025-026471,23-Jun-25,CUS-00333,PRD-0006,5,3060,15300
ORD-2025-026474,23-Jun-25,CUS-01958,PRD-0008,6,16360,98160
ORD-2025-026475,23-Jun-25,CUS-00835,PRD-0008,6,16360,98160
ORD-2025-026481,23-Jun-25,CUS-01911,PRD-0024,9,9800,88200
ORD-2025-026491,23-Jun-25,CUS-01242,PRD-0057,16,18040,288640
ORD-2025-026498,23-Jun-25,CUS-01047,PRD-0067,13,12380,160940
ORD-2025-026523,23-Jun-25,CUS-00372,PRD-0090,14,37690,527660
ORD-2025-026524,23-Jun-25,CUS-01692,PRD-0090,14,37690,527660
ORD-2025-026525,23-Jun-25,CUS-00910,PRD-0090,6,37690,226140
ORD-2025-026526,23-Jun-25,CUS-02233,PRD-0090,8,37690,301520
ORD-2025-026527,23-Jun-25,CUS-00512,PRD-0090,4,37690,150760
ORD-2025-026532,23-Jun-25,CUS-01876,PRD-0097,4,21780,87120
ORD-2025-026540,23-Jun-25,CUS-00571,PRD-0103,17,38480,654160
ORD-2025-026541,23-Jun-25,CUS-01324,PRD-0103,4,38480,153920
ORD-2025-026544,23-Jun-25,CUS-00137,PRD-0108,3,30750,92250
ORD-2025-026547,23-Jun-25,CUS-00482,PRD-0112,2,15500,31000
ORD-2025-026554,23-Jun-25,CUS-02203,PRD-0122,4,19140,76560
ORD-2025-026555,23-Jun-25,CUS-01487,PRD-0123,2,14410,28820
ORD-2025-026556,23-Jun-25,CUS-00076,PRD-0125,10,15380,153800
ORD-2025-026557,23-Jun-25,CUS-01324,PRD-0125,2,15380,30760
ORD-2025-026562,23-Jun-25,CUS-01899,PRD-0151,8,42840,342720
ORD-2025-026563,23-Jun-25,CUS-01168,PRD-0153,11,24220,266420
ORD-2025-026566,23-Jun-25,CUS-01766,PRD-0157,4,24810,99240
ORD-2025-026570,23-Jun-25,CUS-01272,PRD-0162,10,28900,289000
ORD-2025-026573,23-Jun-25,CUS-00099,PRD-0165,11,23380,257180
ORD-2025-026580,24-Jun-25,CUS-01822,PRD-0019,4,31240,124960
ORD-2025-026584,24-Jun-25,CUS-01066,PRD-0035,8,13660,109280
ORD-2025-026598,24-Jun-25,CUS-00485,PRD-0077,7,31120,217840
ORD-2025-026598,24-Jun-25,CUS-00485,PRD-0077,7,31120,217840
ORD-2025-026601,24-Jun-25,CUS-01168,PRD-0084,2,27760,55520
ORD-2025-026612,24-Jun-25,CUS-01507,PRD-0090,13,37690,489970
ORD-2025-026613,24-Jun-25,CUS-01893,PRD-0090,15,37690,565350
ORD-2025-026614,24-Jun-25,CUS-00333,PRD-0090,6,37690,226140
ORD-2025-026615,24-Jun-25,CUS-01236,PRD-0091,7,27010,189070
ORD-2025-026617,24-Jun-25,CUS-02088,PRD-0098,8,15320,122560
ORD-2025-026618,24-Jun-25,CUS-00672,PRD-0098,3,15320,45960
ORD-2025-026623,24-Jun-25,CUS-00942,PRD-0111,28,12240,342720
ORD-2025-026628,24-Jun-25,CUS-00333,PRD-0125,5,15380,76900
ORD-2025-026635,24-Jun-25,CUS-00806,PRD-0138,3,27020,81060
ORD-2025-026641,24-Jun-25,CUS-01395,PRD-0151,4,42840,171360
ORD-2025-026642,24-Jun-25,CUS-00102,PRD-0151,3,42840,128520
ORD-2025-026650,24-Jun-25,CUS-00033,PRD-0166,12,25650,307800
ORD-2025-026662,25-Jun-25,CUS-00465,PRD-0047,9,19060,171540
ORD-2025-026665,25-Jun-25,CUS-00155,PRD-0051,25,43070,1076750
ORD-2025-026666,25-Jun-25,CUS-01278,PRD-0056,4,25020,100080
ORD-2025-026669,25-Jun-25,CUS-00705,PRD-0061,16,16320,261120
ORD-2025-026686,25-Jun-25,CUS-00137,PRD-0090,10,37690,376900
ORD-2025-026687,25-Jun-25,CUS-00030,PRD-0090,9,37690,339210
ORD-2025-026689,25-Jun-25,CUS-01427,PRD-0097,5,21780,108900
ORD-2025-026696,25-Jun-25,CUS-00583,PRD-0128,3,20590,61770
ORD-2025-026697,25-Jun-25,CUS-00275,PRD-0135,2,32900,65800
ORD-2025-026702,25-Jun-25,CUS-00162,PRD-0150,10,47850,478500
ORD-2025-026706,25-Jun-25,CUS-01238,PRD-0151,7,42840,299880
ORD-2025-026713,25-Jun-25,CUS-00877,PRD-0164,3,19920,59760
ORD-2025-026714,25-Jun-25,CUS-01272,PRD-0165,4,23380,93520
ORD-2025-026717,25-Jun-25,CUS-00573,PRD-0167,52,14020,729040
ORD-2025-026718,26-Jun-25,CUS-00126,PRD-0004,14,4490,62860
ORD-2025-026736,26-Jun-25,CUS-00057,PRD-0062,4,17890,71560
ORD-2025-026737,26-Jun-25,CUS-00180,PRD-0064,7,36350,254450
ORD-2025-026738,26-Jun-25,CUS-01420,PRD-0064,16,36350,581600
ORD-2025-026745,26-Jun-25,CUS-00612,PRD-0080,1,23900,23900
ORD-2025-026749,26-Jun-25,CUS-02334,PRD-0090,5,37690,188450
ORD-2025-026754,26-Jun-25,CUS-00260,PRD-0100,4,20780,83120
ORD-2025-026759,26-Jun-25,CUS-02141,PRD-0118,11,23110,254210
ORD-2025-026769,26-Jun-25,CUS-00532,PRD-0150,7,47850,334950
ORD-2025-026776,26-Jun-25,CUS-02053,PRD-0160,10,32940,329400
ORD-2025-026780,26-Jun-25,CUS-00666,PRD-0165,7,23380,163660
ORD-2025-026792,27-Jun-25,CUS-01766,PRD-0023,7,16940,118580
ORD-2025-026794,27-Jun-25,CUS-01915,PRD-0025,13,5090,66170
ORD-2025-026800,27-Jun-25,CUS-00178,PRD-0047,2,19060,38120
ORD-2025-026805,27-Jun-25,CUS-02400,PRD-0062,2,17890,35780
ORD-2025-026806,27-Jun-25,CUS-01622,PRD-0065,16,34000,544000
ORD-2025-026816,27-Jun-25,CUS-01987,PRD-0080,11,23900,262900
ORD-2025-026818,27-Jun-25,CUS-01933,PRD-0084,2,27760,55520
ORD-2025-026826,27-Jun-25,CUS-00665,PRD-0090,6,37690,226140
ORD-2025-026827,27-Jun-25,CUS-02490,PRD-0090,10,37690,376900
ORD-2025-026831,27-Jun-25,CUS-01305,PRD-0098,8,15320,122560
ORD-2025-026832,27-Jun-25,CUS-00663,PRD-0098,3,15320,45960
ORD-2025-026835,27-Jun-25,CUS-00714,PRD-0100,5,20780,103900
ORD-2025-026851,27-Jun-25,CUS-01393,PRD-0143,5,48640,243200
ORD-2025-026856,27-Jun-25,CUS-02439,PRD-0153,4,24220,96880
ORD-2025-026862,27-Jun-25,CUS-00750,PRD-0161,11,32640,359040
ORD-2025-026864,27-Jun-25,CUS-02404,PRD-0164,4,19920,79680
ORD-2025-026866,27-Jun-25,CUS-01795,PRD-0165,3,23380,70140
ORD-2025-026871,28-Jun-25,CUS-01223,PRD-0017,8,39680,317440
ORD-2025-026884,28-Jun-25,CUS-01110,PRD-0064,2,36350,72700
ORD-2025-026887,28-Jun-25,CUS-00987,PRD-0077,15,31120,466800
ORD-2025-026900,28-Jun-25,CUS-01224,PRD-0090,5,37690,188450
ORD-2025-026901,28-Jun-25,CUS-02215,PRD-0090,4,37690,150760
ORD-2025-026910,28-Jun-25,CUS-01528,PRD-0108,1,30750,30750
ORD-2025-026912,28-Jun-25,CUS-00103,PRD-0114,7,15730,110110
ORD-2025-026914,28-Jun-25,CUS-00675,PRD-0120,6,14740,88440
ORD-2025-026915,28-Jun-25,CUS-01118,PRD-0121,4,26430,105720
ORD-2025-026925,28-Jun-25,CUS-01225,PRD-0151,11,42840,471240
ORD-2025-026925,28-Jun-25,CUS-01225,PRD-0151,11,42840,471240
ORD-2025-026926,28-Jun-25,CUS-01024,PRD-0151,2,42840,85680
ORD-2025-026927,28-Jun-25,CUS-01502,PRD-0151,4,42840,171360
ORD-2025-026930,28-Jun-25,CUS-00388,PRD-0161,12,32640,391680
ORD-2025-026936,28-Jun-25,CUS-00490,PRD-0169,16,15310,244960
ORD-2025-026938,29-Jun-25,CUS-01977,PRD-0006,6,3060,18360
ORD-2025-026939,29-Jun-25,CUS-02379,PRD-0008,14,16360,229040
ORD-2025-026949,29-Jun-25,CUS-01790,PRD-0083,2,23690,47380
ORD-2025-026954,29-Jun-25,CUS-00052,PRD-0094,32,22360,715520
ORD-2025-026965,29-Jun-25,CUS-00275,PRD-0155,4,65880,263520
ORD-2025-026967,30-Jun-25,CUS-01815,PRD-0002,13,5180,67340
ORD-2025-026968,30-Jun-25,CUS-01044,PRD-0004,3,4490,13470
ORD-2025-026972,30-Jun-25,CUS-01238,PRD-0011,26,17170,446420
ORD-2025-026974,30-Jun-25,CUS-00046,PRD-0018,15,62570,938550
ORD-2025-026981,30-Jun-25,CUS-00764,PRD-0040,2,14100,28200
ORD-2025-026984,30-Jun-25,CUS-00724,PRD-0047,7,19060,133420
ORD-2025-026993,30-Jun-25,CUS-00372,PRD-0063,8,15070,120560
ORD-2025-026995,30-Jun-25,CUS-02400,PRD-0068,3,16320,48960
ORD-2025-027007,30-Jun-25,CUS-00593,PRD-0090,3,37690,113070
ORD-2025-027009,30-Jun-25,CUS-02245,PRD-0098,8,15320,122560
ORD-2025-027012,30-Jun-25,CUS-01794,PRD-0100,2,20780,41560
ORD-2025-027014,30-Jun-25,CUS-00816,PRD-0103,15,38480,577200
ORD-2025-027019,30-Jun-25,CUS-00906,PRD-0116,17,17680,300560
ORD-2025-027023,30-Jun-25,CUS-00657,PRD-0120,4,14740,58960
ORD-2025-027030,30-Jun-25,CUS-00870,PRD-0139,2,33360,66720
ORD-2025-027032,30-Jun-25,CUS-01887,PRD-0142,43,52030,2237290
ORD-2025-027033,30-Jun-25,CUS-01674,PRD-0142,3,52030,156090
ORD-2025-027044,30-Jun-25,CUS-00751,PRD-0156,5,58570,292850
ORD-2025-027045,30-Jun-25,CUS-00669,PRD-0157,6,24810,148860
ORD-2025-027056,30-Jun-25,CUS-00001,PRD-0166,9,25650,230850
ORD-2025-027061,01-Jul-25,CUS-01811,PRD-0005,12,3110,37320
ORD-2025-027070,01-Jul-25,CUS-01262,PRD-0037,6,25650,153900
ORD-2025-027074,01-Jul-25,CUS-00104,PRD-0051,3,43070,129210
ORD-2025-027075,01-Jul-25,CUS-00887,PRD-0066,5,51920,259600
ORD-2025-027076,01-Jul-25,CUS-00597,PRD-0067,9,12380,111420
ORD-2025-027081,01-Jul-25,CUS-00045,PRD-0078,3,33720,101160
ORD-2025-027093,01-Jul-25,CUS-00593,PRD-0090,13,37690,489970
ORD-2025-027094,01-Jul-25,CUS-01491,PRD-0090,6,37690,226140
ORD-2025-027099,01-Jul-25,CUS-01218,PRD-0100,1,20780,20780
ORD-2025-027110,01-Jul-25,CUS-00793,PRD-0125,2,15380,30760
ORD-2025-027111,01-Jul-25,CUS-00806,PRD-0125,4,15380,61520
ORD-2025-027117,01-Jul-25,CUS-01827,PRD-0151,25,42840,1071000
ORD-2025-027118,01-Jul-25,CUS-01214,PRD-0151,21,42840,899640
ORD-2025-027119,01-Jul-25,CUS-01812,PRD-0153,11,24220,266420
ORD-2025-027123,01-Jul-25,CUS-00990,PRD-0161,7,32640,228480
ORD-2025-027124,01-Jul-25,CUS-02020,PRD-0161,3,32640,97920
ORD-2025-027125,01-Jul-25,CUS-02088,PRD-0163,13,27790,361270
ORD-2025-027126,01-Jul-25,CUS-02027,PRD-0165,18,23380,420840
ORD-2025-027131,02-Jul-25,CUS-00614,PRD-0004,6,4490,26940
ORD-2025-027132,02-Jul-25,CUS-02054,PRD-0023,9,16940,152460
ORD-2025-027142,02-Jul-25,CUS-01588,PRD-0057,15,18040,270600
ORD-2025-027143,02-Jul-25,CUS-01670,PRD-0060,4,57540,230160
ORD-2025-027153,02-Jul-25,CUS-01706,PRD-0082,13,30730,399490
ORD-2025-027154,02-Jul-25,CUS-01969,PRD-0084,20,27760,555200
ORD-2025-027162,02-Jul-25,CUS-01281,PRD-0090,6,37690,226140
ORD-2025-027163,02-Jul-25,CUS-01735,PRD-0090,1,37690,37690
ORD-2025-027165,02-Jul-25,CUS-00602,PRD-0098,7,15320,107240
ORD-2025-027175,02-Jul-25,CUS-00583,PRD-0125,11,15380,169180
ORD-2025-027178,02-Jul-25,CUS-02258,PRD-0135,6,32900,197400
ORD-2025-027182,02-Jul-25,CUS-02321,PRD-0151,5,42840,214200
ORD-2025-027189,03-Jul-25,CUS-01550,PRD-0004,4,4490,17960
ORD-2025-027192,03-Jul-25,CUS-00570,PRD-0016,10,42680,426800
ORD-2025-027193,03-Jul-25,CUS-00962,PRD-0016,52,42680,2219360
ORD-2025-027202,03-Jul-25,CUS-00417,PRD-0057,10,18040,180400
ORD-2025-027208,03-Jul-25,CUS-01070,PRD-0064,7,36350,254450
ORD-2025-027209,03-Jul-25,CUS-02264,PRD-0064,3,36350,109050
ORD-2025-027211,03-Jul-25,CUS-01231,PRD-0077,24,31120,746880
ORD-2025-027215,03-Jul-25,CUS-00835,PRD-0084,3,27760,83280
ORD-2025-027222,03-Jul-25,CUS-01947,PRD-0090,7,37690,263830
ORD-2025-027223,03-Jul-25,CUS-00948,PRD-0090,2,37690,75380
ORD-2025-027227,03-Jul-25,CUS-00675,PRD-0108,2,30750,61500
ORD-2025-027228,03-Jul-25,CUS-00079,PRD-0108,16,30750,492000
ORD-2025-027231,03-Jul-25,CUS-02154,PRD-0122,8,19140,153120
ORD-2025-027241,03-Jul-25,CUS-02182,PRD-0142,4,52030,208120
ORD-2025-027249,03-Jul-25,CUS-01816,PRD-0151,5,42840,214200
ORD-2025-027257,04-Jul-25,CUS-00465,PRD-0007,12,17070,204840
ORD-2025-027261,04-Jul-25,CUS-01522,PRD-0037,2,25650,51300
ORD-2025-027266,04-Jul-25,CUS-01851,PRD-0045,9,7340,66060
ORD-2025-027285,04-Jul-25,CUS-02287,PRD-0086,2,28180,56360
ORD-2025-027293,04-Jul-25,CUS-01413,PRD-0090,9,37690,339210
ORD-2025-027294,04-Jul-25,CUS-00846,PRD-0090,4,37690,150760
ORD-2025-027303,04-Jul-25,CUS-01101,PRD-0113,4,10420,41680
ORD-2025-027307,04-Jul-25,CUS-00046,PRD-0120,1,14740,14740
ORD-2025-027309,04-Jul-25,CUS-02085,PRD-0123,11,14410,158510
ORD-2025-027318,04-Jul-25,CUS-01489,PRD-0147,4,32330,129320
ORD-2025-027324,04-Jul-25,CUS-02334,PRD-0156,6,58570,351420
ORD-2025-027325,04-Jul-25,CUS-00253,PRD-0156,25,58570,1464250
ORD-2025-027330,04-Jul-25,CUS-02243,PRD-0161,2,32640,65280
ORD-2025-027339,05-Jul-25,CUS-00013,PRD-0050,18,5420,97560
ORD-2025-027341,05-Jul-25,CUS-01126,PRD-0057,4,18040,72160
ORD-2025-027344,05-Jul-25,CUS-01735,PRD-0061,12,16320,195840
ORD-2025-027346,05-Jul-25,CUS-00144,PRD-0062,6,17890,107340
ORD-2025-027347,05-Jul-25,CUS-01165,PRD-0064,7,36350,254450
ORD-2025-027355,05-Jul-25,CUS-00499,PRD-0103,13,38480,500240
ORD-2025-027362,05-Jul-25,CUS-00104,PRD-0142,5,52030,260150
ORD-2025-027363,05-Jul-25,CUS-00944,PRD-0145,8,31800,254400
ORD-2025-027371,05-Jul-25,CUS-00105,PRD-0156,5,58570,292850
ORD-2025-027372,05-Jul-25,CUS-00394,PRD-0160,13,32940,428220
ORD-2025-027374,05-Jul-25,CUS-00890,PRD-0165,15,23380,350700
ORD-2025-027390,06-Jul-25,CUS-00863,PRD-0156,5,58570,292850
ORD-2025-027396,07-Jul-25,CUS-02097,PRD-0005,16,3110,49760
ORD-2025-027398,07-Jul-25,CUS-01706,PRD-0007,2,17070,34140
ORD-2025-027404,07-Jul-25,CUS-00201,PRD-0024,4,9800,39200
ORD-2025-027409,07-Jul-25,CUS-01667,PRD-0039,6,14770,88620
ORD-2025-027410,07-Jul-25,CUS-01893,PRD-0040,8,14100,112800
ORD-2025-027413,07-Jul-25,CUS-00966,PRD-0051,4,43070,172280
ORD-2025-027415,07-Jul-25,CUS-01047,PRD-0054,3,17260,51780
ORD-2025-027416,07-Jul-25,CUS-00761,PRD-0056,10,25020,250200
ORD-2025-027418,07-Jul-25,CUS-01667,PRD-0057,6,18040,108240
ORD-2025-027419,07-Jul-25,CUS-00201,PRD-0065,16,34000,544000
ORD-2025-027422,07-Jul-25,CUS-00336,PRD-0080,3,23900,71700
ORD-2025-027426,07-Jul-25,CUS-00816,PRD-0086,10,28180,281800
ORD-2025-027434,07-Jul-25,CUS-01585,PRD-0103,29,38480,1115920
ORD-2025-027438,07-Jul-25,CUS-02411,PRD-0121,10,26430,264300
ORD-2025-027442,07-Jul-25,CUS-01384,PRD-0125,11,15380,169180
ORD-2025-027449,07-Jul-25,CUS-00280,PRD-0142,8,52030,416240
ORD-2025-027458,07-Jul-25,CUS-00751,PRD-0156,2,58570,117140
ORD-2025-027463,07-Jul-25,CUS-00260,PRD-0166,5,25650,128250
ORD-2025-027465,07-Jul-25,CUS-01064,PRD-0170,2,17370,34740
ORD-2025-027472,08-Jul-25,CUS-01070,PRD-0022,11,11680,128480
ORD-2025-027481,08-Jul-25,CUS-01514,PRD-0052,7,43630,305410
ORD-2025-027492,08-Jul-25,CUS-01357,PRD-0077,14,31120,435680
ORD-2025-027503,08-Jul-25,CUS-00986,PRD-0093,5,23080,115400
ORD-2025-027507,08-Jul-25,CUS-00833,PRD-0100,3,20780,62340
ORD-2025-027509,08-Jul-25,CUS-00313,PRD-0102,5,17050,85250
ORD-2025-027515,08-Jul-25,CUS-01097,PRD-0113,17,10420,177140
ORD-2025-027519,08-Jul-25,CUS-02222,PRD-0123,7,14410,100870
ORD-2025-027525,08-Jul-25,CUS-02190,PRD-0142,10,52030,520300
ORD-2025-027526,08-Jul-25,CUS-00692,PRD-0143,9,48640,437760
ORD-2025-027527,08-Jul-25,CUS-02325,PRD-0150,5,47850,239250
ORD-2025-027529,08-Jul-25,CUS-01257,PRD-0152,14,24900,348600
ORD-2025-027531,08-Jul-25,CUS-00912,PRD-0157,2,24810,49620
ORD-2025-027537,08-Jul-25,CUS-01413,PRD-0170,9,17370,156330
ORD-2025-027544,09-Jul-25,CUS-00212,PRD-0032,1,20370,20370
ORD-2025-027545,09-Jul-25,CUS-02435,PRD-0036,12,20500,246000
ORD-2025-027554,09-Jul-25,CUS-01680,PRD-0059,4,50810,203240
ORD-2025-027555,09-Jul-25,CUS-02210,PRD-0060,4,57540,230160
ORD-2025-027560,09-Jul-25,CUS-00046,PRD-0065,10,34000,340000
ORD-2025-027563,09-Jul-25,CUS-01893,PRD-0075,2,34020,68040
ORD-2025-027569,09-Jul-25,CUS-01177,PRD-0081,7,42190,295330
ORD-2025-027570,09-Jul-25,CUS-02239,PRD-0082,6,30730,184380
ORD-2025-027575,09-Jul-25,CUS-00713,PRD-0084,7,27760,194320
ORD-2025-027583,09-Jul-25,CUS-01504,PRD-0090,8,37690,301520
ORD-2025-027584,09-Jul-25,CUS-02001,PRD-0090,4,37690,150760
ORD-2025-027587,09-Jul-25,CUS-01588,PRD-0101,4,22590,90360
ORD-2025-027596,09-Jul-25,CUS-01178,PRD-0118,5,23110,115550
ORD-2025-027600,09-Jul-25,CUS-02325,PRD-0121,14,26430,370020
ORD-2025-027601,09-Jul-25,CUS-00714,PRD-0123,3,14410,43230
ORD-2025-027605,09-Jul-25,CUS-00010,PRD-0131,14,31140,435960
ORD-2025-027608,09-Jul-25,CUS-00632,PRD-0139,8,33360,266880
ORD-2025-027612,09-Jul-25,CUS-01976,PRD-0144,8,31990,255920
ORD-2025-027615,09-Jul-25,CUS-01150,PRD-0151,12,42840,514080
ORD-2025-027616,09-Jul-25,CUS-01966,PRD-0151,19,42840,813960
ORD-2025-027617,09-Jul-25,CUS-02318,PRD-0151,8,42840,342720
ORD-2025-027622,09-Jul-25,CUS-01603,PRD-0156,9,58570,527130
ORD-2025-027627,09-Jul-25,CUS-00570,PRD-0161,3,32640,97920
ORD-2025-027632,10-Jul-25,CUS-02441,PRD-0004,5,4490,22450
ORD-2025-027637,10-Jul-25,CUS-02234,PRD-0025,10,5090,50900
ORD-2025-027639,10-Jul-25,CUS-01617,PRD-0039,15,14770,221550
ORD-2025-027640,10-Jul-25,CUS-00678,PRD-0040,12,14100,169200
ORD-2025-027658,10-Jul-25,CUS-00525,PRD-0077,9,31120,280080
ORD-2025-027672,10-Jul-25,CUS-00411,PRD-0098,3,15320,45960
ORD-2025-027674,10-Jul-25,CUS-01627,PRD-0108,8,30750,246000
ORD-2025-027679,10-Jul-25,CUS-02464,PRD-0123,5,14410,72050
ORD-2025-027683,10-Jul-25,CUS-02258,PRD-0126,3,29270,87810
ORD-2025-027687,10-Jul-25,CUS-00870,PRD-0135,15,32900,493500
ORD-2025-027689,10-Jul-25,CUS-00255,PRD-0142,6,52030,312180
ORD-2025-027696,10-Jul-25,CUS-02478,PRD-0156,22,58570,1288540
ORD-2025-027708,11-Jul-25,CUS-01373,PRD-0016,8,42680,341440
ORD-2025-027713,11-Jul-25,CUS-02380,PRD-0039,6,14770,88620
ORD-2025-027714,11-Jul-25,CUS-02048,PRD-0039,20,14770,295400
ORD-2025-027716,11-Jul-25,CUS-02379,PRD-0048,7,16870,118090
ORD-2025-027719,11-Jul-25,CUS-00174,PRD-0051,6,43070,258420
ORD-2025-027730,11-Jul-25,CUS-00618,PRD-0074,11,38390,422290
ORD-2025-027731,11-Jul-25,CUS-01762,PRD-0074,8,38390,307120
ORD-2025-027733,11-Jul-25,CUS-01368,PRD-0076,1,28050,28050
ORD-2025-027739,11-Jul-25,CUS-00775,PRD-0084,10,27760,277600
ORD-2025-027744,11-Jul-25,CUS-01514,PRD-0090,4,37690,150760
ORD-2025-027747,11-Jul-25,CUS-00808,PRD-0098,3,15320,45960
ORD-2025-027749,11-Jul-25,CUS-01824,PRD-0108,5,30750,153750
ORD-2025-027754,11-Jul-25,CUS-00863,PRD-0125,19,15380,292220
ORD-2025-027755,11-Jul-25,CUS-00201,PRD-0125,23,15380,353740
ORD-2025-027756,11-Jul-25,CUS-01177,PRD-0125,6,15380,92280
ORD-2025-027764,11-Jul-25,CUS-01660,PRD-0150,9,47850,430650
ORD-2025-027777,11-Jul-25,CUS-01214,PRD-0161,2,32640,65280
ORD-2025-027778,11-Jul-25,CUS-01744,PRD-0161,7,32640,228480
ORD-2025-027784,11-Jul-25,CUS-00372,PRD-0167,14,14020,196280
ORD-2025-027799,12-Jul-25,CUS-00105,PRD-0045,7,7340,51380
ORD-2025-027807,12-Jul-25,CUS-01638,PRD-0081,4,42190,168760
ORD-2025-027813,12-Jul-25,CUS-01762,PRD-0090,8,37690,301520
ORD-2025-027815,12-Jul-25,CUS-02405,PRD-0098,5,15320,76600
ORD-2025-027821,12-Jul-25,CUS-01279,PRD-0125,8,15380,123040
ORD-2025-027823,12-Jul-25,CUS-00291,PRD-0131,10,31140,311400
ORD-2025-027827,12-Jul-25,CUS-02253,PRD-0151,16,42840,685440
ORD-2025-027831,12-Jul-25,CUS-02411,PRD-0156,12,58570,702840
ORD-2025-027845,13-Jul-25,CUS-02419,PRD-0086,3,28180,84540
ORD-2025-027848,13-Jul-25,CUS-00812,PRD-0090,7,37690,263830
ORD-2025-027849,13-Jul-25,CUS-00012,PRD-0125,1,15380,15380
ORD-2025-027852,13-Jul-25,CUS-01209,PRD-0137,6,27650,165900
ORD-2025-027854,13-Jul-25,CUS-01106,PRD-0144,13,31990,415870
ORD-2025-027864,14-Jul-25,CUS-01365,PRD-0016,25,42680,1067000
ORD-2025-027870,14-Jul-25,CUS-02483,PRD-0045,16,7340,117440
ORD-2025-027871,14-Jul-25,CUS-00099,PRD-0046,3,17360,52080
ORD-2025-027878,14-Jul-25,CUS-00923,PRD-0072,5,42600,213000
ORD-2025-027879,14-Jul-25,CUS-00124,PRD-0073,5,37930,189650
ORD-2025-027893,14-Jul-25,CUS-00017,PRD-0090,8,37690,301520
ORD-2025-027894,14-Jul-25,CUS-01762,PRD-0090,10,37690,376900
ORD-2025-027899,14-Jul-25,CUS-01818,PRD-0098,12,15320,183840
ORD-2025-027900,14-Jul-25,CUS-00782,PRD-0098,3,15320,45960
ORD-2025-027909,14-Jul-25,CUS-01954,PRD-0111,10,12240,122400
ORD-2025-027914,14-Jul-25,CUS-01600,PRD-0122,8,19140,153120
ORD-2025-027917,14-Jul-25,CUS-01936,PRD-0125,2,15380,30760
ORD-2025-027919,14-Jul-25,CUS-02082,PRD-0131,5,31140,155700
ORD-2025-027920,14-Jul-25,CUS-00647,PRD-0132,8,38360,306880
ORD-2025-027928,14-Jul-25,CUS-02104,PRD-0151,12,42840,514080
ORD-2025-027940,15-Jul-25,CUS-00619,PRD-0018,1,62570,62570
ORD-2025-027944,15-Jul-25,CUS-00313,PRD-0039,3,14770,44310
ORD-2025-027945,15-Jul-25,CUS-01721,PRD-0051,4,43070,172280
ORD-2025-027947,15-Jul-25,CUS-02419,PRD-0057,7,18040,126280
ORD-2025-027948,15-Jul-25,CUS-01665,PRD-0057,3,18040,54120
ORD-2025-027956,15-Jul-25,CUS-02287,PRD-0078,12,33720,404640
ORD-2025-027973,15-Jul-25,CUS-00331,PRD-0090,7,37690,263830
ORD-2025-027974,15-Jul-25,CUS-00248,PRD-0090,3,37690,113070
ORD-2025-027975,15-Jul-25,CUS-02318,PRD-0090,8,37690,301520
ORD-2025-027986,15-Jul-25,CUS-01824,PRD-0123,6,14410,86460
ORD-2025-027989,15-Jul-25,CUS-02233,PRD-0125,4,15380,61520
ORD-2025-027992,15-Jul-25,CUS-00441,PRD-0128,9,20590,185310
ORD-2025-027996,15-Jul-25,CUS-00347,PRD-0136,7,54950,384650
ORD-2025-028001,15-Jul-25,CUS-01460,PRD-0151,10,42840,428400
ORD-2025-028004,15-Jul-25,CUS-00013,PRD-0156,4,58570,234280
ORD-2025-028005,15-Jul-25,CUS-00276,PRD-0156,11,58570,644270
ORD-2025-028011,15-Jul-25,CUS-00548,PRD-0170,4,17370,69480
ORD-2025-028028,16-Jul-25,CUS-02490,PRD-0057,21,18040,378840
ORD-2025-028029,16-Jul-25,CUS-00308,PRD-0058,7,17980,125860
ORD-2025-028033,16-Jul-25,CUS-00751,PRD-0061,9,16320,146880
ORD-2025-028042,16-Jul-25,CUS-00618,PRD-0074,2,38390,76780
ORD-2025-028052,16-Jul-25,CUS-00544,PRD-0090,28,37690,1055320
ORD-2025-028059,16-Jul-25,CUS-01683,PRD-0098,9,15320,137880
ORD-2025-028062,16-Jul-25,CUS-01165,PRD-0100,11,20780,228580
ORD-2025-028067,16-Jul-25,CUS-01460,PRD-0122,9,19140,172260
ORD-2025-028069,16-Jul-25,CUS-00618,PRD-0125,7,15380,107660
ORD-2025-028072,16-Jul-25,CUS-00225,PRD-0128,4,20590,82360
ORD-2025-028074,16-Jul-25,CUS-01150,PRD-0142,3,52030,156090
ORD-2025-028078,16-Jul-25,CUS-01449,PRD-0151,18,42840,771120
ORD-2025-028083,16-Jul-25,CUS-01502,PRD-0160,4,32940,131760
ORD-2025-028093,17-Jul-25,CUS-01774,PRD-0037,13,25650,333450
ORD-2025-028094,17-Jul-25,CUS-00237,PRD-0037,3,25650,76950
ORD-2025-028099,17-Jul-25,CUS-00066,PRD-0048,2,16870,33740
ORD-2025-028105,17-Jul-25,CUS-02401,PRD-0060,7,57540,402780
ORD-2025-028110,17-Jul-25,CUS-02325,PRD-0072,7,42600,298200
ORD-2025-028110,17-Jul-25,CUS-02325,PRD-0072,7,42600,298200
ORD-2025-028116,17-Jul-25,CUS-02464,PRD-0084,9,27760,249840
ORD-2025-028117,17-Jul-25,CUS-02279,PRD-0085,3,32580,97740
ORD-2025-028123,17-Jul-25,CUS-01337,PRD-0092,7,30260,211820
ORD-2025-028130,17-Jul-25,CUS-00184,PRD-0105,4,41060,164240
ORD-2025-028135,17-Jul-25,CUS-00651,PRD-0121,5,26430,132150
ORD-2025-028137,17-Jul-25,CUS-01744,PRD-0131,8,31140,249120
ORD-2025-028139,17-Jul-25,CUS-01338,PRD-0146,11,34820,383020
ORD-2025-028143,17-Jul-25,CUS-00856,PRD-0151,9,42840,385560
ORD-2025-028146,17-Jul-25,CUS-00630,PRD-0160,9,32940,296460
ORD-2025-028148,17-Jul-25,CUS-02141,PRD-0161,13,32640,424320
ORD-2025-028156,18-Jul-25,CUS-01062,PRD-0005,9,3110,27990
ORD-2025-028159,18-Jul-25,CUS-01626,PRD-0023,8,16940,135520
ORD-2025-028162,18-Jul-25,CUS-00013,PRD-0049,4,18190,72760
ORD-2025-028165,18-Jul-25,CUS-01638,PRD-0051,3,43070,129210
ORD-2025-028168,18-Jul-25,CUS-00316,PRD-0061,8,16320,130560
ORD-2025-028176,18-Jul-25,CUS-00630,PRD-0086,4,28180,112720
ORD-2025-028185,18-Jul-25,CUS-00099,PRD-0090,7,37690,263830
ORD-2025-028186,18-Jul-25,CUS-01368,PRD-0092,3,30260,90780
ORD-2025-028188,18-Jul-25,CUS-02441,PRD-0098,14,15320,214480
ORD-2025-028189,18-Jul-25,CUS-02109,PRD-0098,4,15320,61280
ORD-2025-028195,18-Jul-25,CUS-01557,PRD-0121,8,26430,211440
ORD-2025-028198,18-Jul-25,CUS-02130,PRD-0123,9,14410,129690
ORD-2025-028201,18-Jul-25,CUS-01038,PRD-0125,9,15380,138420
ORD-2025-028212,18-Jul-25,CUS-02189,PRD-0161,17,32640,554880
ORD-2025-028221,19-Jul-25,CUS-02406,PRD-0004,5,4490,22450
ORD-2025-028222,19-Jul-25,CUS-02215,PRD-0011,8,17170,137360
ORD-2025-028227,19-Jul-25,CUS-01557,PRD-0037,3,25650,76950
ORD-2025-028229,19-Jul-25,CUS-01801,PRD-0041,8,6830,54640
ORD-2025-028235,19-Jul-25,CUS-01622,PRD-0078,2,33720,67440
ORD-2025-028244,19-Jul-25,CUS-00248,PRD-0098,5,15320,76600
ORD-2025-028249,19-Jul-25,CUS-02104,PRD-0123,4,14410,57640
ORD-2025-028253,19-Jul-25,CUS-02126,PRD-0127,6,16760,100560
ORD-2025-028254,19-Jul-25,CUS-00746,PRD-0130,8,13600,108800
ORD-2025-028255,19-Jul-25,CUS-00870,PRD-0139,3,33360,100080
ORD-2025-028257,19-Jul-25,CUS-02084,PRD-0151,5,42840,214200
ORD-2025-028261,19-Jul-25,CUS-00340,PRD-0153,3,24220,72660
ORD-2025-028263,19-Jul-25,CUS-00567,PRD-0161,16,32640,522240
ORD-2025-028269,20-Jul-25,CUS-00816,PRD-0052,3,43630,130890
ORD-2025-028282,20-Jul-25,CUS-00260,PRD-0118,3,23110,69330
ORD-2025-028283,20-Jul-25,CUS-00436,PRD-0122,6,19140,114840
ORD-2025-028286,20-Jul-25,CUS-02128,PRD-0160,3,32940,98820
ORD-2025-028290,21-Jul-25,CUS-00595,PRD-0005,8,3110,24880
ORD-2025-028292,21-Jul-25,CUS-00878,PRD-0008,8,16360,130880
ORD-2025-028293,21-Jul-25,CUS-00300,PRD-0011,3,17170,51510
ORD-2025-028294,21-Jul-25,CUS-00046,PRD-0011,7,17170,120190
ORD-2025-028295,21-Jul-25,CUS-00683,PRD-0020,17,29210,496570
ORD-2025-028297,21-Jul-25,CUS-01893,PRD-0026,8,4150,33200
ORD-2025-028308,21-Jul-25,CUS-00255,PRD-0053,6,38950,233700
ORD-2025-028312,21-Jul-25,CUS-01617,PRD-0065,4,34000,136000
ORD-2025-028316,21-Jul-25,CUS-01670,PRD-0072,4,42600,170400
ORD-2025-028325,21-Jul-25,CUS-02419,PRD-0083,6,23690,142140
ORD-2025-028328,21-Jul-25,CUS-02222,PRD-0086,3,28180,84540
ORD-2025-028329,21-Jul-25,CUS-01099,PRD-0086,9,28180,253620
ORD-2025-028329,21-Jul-25,CUS-01099,PRD-0086,9,28180,253620
ORD-2025-028331,21-Jul-25,CUS-00986,PRD-0090,7,37690,263830
ORD-2025-028337,21-Jul-25,CUS-01262,PRD-0098,7,15320,107240
ORD-2025-028338,21-Jul-25,CUS-01052,PRD-0099,12,14380,172560
ORD-2025-028342,21-Jul-25,CUS-00761,PRD-0103,12,38480,461760
ORD-2025-028343,21-Jul-25,CUS-01460,PRD-0103,4,38480,153920
ORD-2025-028354,21-Jul-25,CUS-02497,PRD-0131,2,31140,62280
ORD-2025-028358,21-Jul-25,CUS-00906,PRD-0142,3,52030,156090
ORD-2025-028366,21-Jul-25,CUS-01728,PRD-0151,18,42840,771120
ORD-2025-028367,21-Jul-25,CUS-00174,PRD-0151,5,42840,214200
ORD-2025-028382,22-Jul-25,CUS-00011,PRD-0009,2,18390,36780
ORD-2025-028386,22-Jul-25,CUS-00347,PRD-0020,7,29210,204470
ORD-2025-028391,22-Jul-25,CUS-00863,PRD-0039,5,14770,73850
ORD-2025-028395,22-Jul-25,CUS-00688,PRD-0064,9,36350,327150
ORD-2025-028412,22-Jul-25,CUS-00301,PRD-0090,3,37690,113070
ORD-2025-028424,22-Jul-25,CUS-00614,PRD-0100,11,20780,228580
ORD-2025-028425,22-Jul-25,CUS-00525,PRD-0100,4,20780,83120
ORD-2025-028438,22-Jul-25,CUS-01814,PRD-0135,5,32900,164500
ORD-2025-028439,22-Jul-25,CUS-02321,PRD-0136,10,54950,549500
ORD-2025-028449,22-Jul-25,CUS-01449,PRD-0151,1,42840,42840
ORD-2025-028457,22-Jul-25,CUS-01149,PRD-0161,2,32640,65280
ORD-2025-028461,23-Jul-25,CUS-01774,PRD-0007,1,17070,17070
ORD-2025-028463,23-Jul-25,CUS-01512,PRD-0023,5,16940,84700
ORD-2025-028464,23-Jul-25,CUS-00852,PRD-0023,9,16940,152460
ORD-2025-028465,23-Jul-25,CUS-02382,PRD-0023,2,16940,33880
ORD-2025-028466,23-Jul-25,CUS-00632,PRD-0025,34,5090,173060
ORD-2025-028475,23-Jul-25,CUS-00532,PRD-0051,14,43070,602980
ORD-2025-028478,23-Jul-25,CUS-00701,PRD-0061,1,16320,16320
ORD-2025-028480,23-Jul-25,CUS-01106,PRD-0062,4,17890,71560
ORD-2025-028482,23-Jul-25,CUS-01165,PRD-0064,14,36350,508900
ORD-2025-028494,23-Jul-25,CUS-02411,PRD-0090,14,37690,527660
ORD-2025-028495,23-Jul-25,CUS-01550,PRD-0090,10,37690,376900
ORD-2025-028499,23-Jul-25,CUS-00678,PRD-0098,3,15320,45960
ORD-2025-028507,23-Jul-25,CUS-01038,PRD-0113,9,10420,93780
ORD-2025-028511,23-Jul-25,CUS-01954,PRD-0121,7,26430,185010
ORD-2025-028512,23-Jul-25,CUS-01818,PRD-0121,9,26430,237870
ORD-2025-028513,23-Jul-25,CUS-00100,PRD-0122,9,19140,172260
ORD-2025-028517,23-Jul-25,CUS-00527,PRD-0125,18,15380,276840
ORD-2025-028518,23-Jul-25,CUS-01143,PRD-0127,16,16760,268160
ORD-2025-028519,23-Jul-25,CUS-00965,PRD-0130,6,13600,81600
ORD-2025-028522,23-Jul-25,CUS-01413,PRD-0142,5,52030,260150
ORD-2025-028528,23-Jul-25,CUS-01951,PRD-0155,9,65880,592920
ORD-2025-028529,23-Jul-25,CUS-01388,PRD-0156,5,58570,292850
ORD-2025-028531,23-Jul-25,CUS-02442,PRD-0160,10,32940,329400
ORD-2025-028534,23-Jul-25,CUS-01460,PRD-0162,8,28900,231200
ORD-2025-028537,23-Jul-25,CUS-01384,PRD-0166,17,25650,436050
ORD-2025-028539,23-Jul-25,CUS-02281,PRD-0167,7,14020,98140
ORD-2025-028557,24-Jul-25,CUS-00890,PRD-0062,6,17890,107340
ORD-2025-028568,24-Jul-25,CUS-00593,PRD-0086,12,28180,338160
ORD-2025-028574,24-Jul-25,CUS-00052,PRD-0090,9,37690,339210
ORD-2025-028595,24-Jul-25,CUS-00607,PRD-0147,6,32330,193980
ORD-2025-028601,24-Jul-25,CUS-01740,PRD-0151,12,42840,514080
ORD-2025-028605,24-Jul-25,CUS-00901,PRD-0161,5,32640,163200
ORD-2025-028609,25-Jul-25,CUS-01036,PRD-0011,4,17170,68680
ORD-2025-028611,25-Jul-25,CUS-01437,PRD-0016,8,42680,341440
ORD-2025-028621,25-Jul-25,CUS-01622,PRD-0070,8,19240,153920
ORD-2025-028628,25-Jul-25,CUS-01780,PRD-0079,8,46870,374960
ORD-2025-028629,25-Jul-25,CUS-01067,PRD-0081,5,42190,210950
ORD-2025-028634,25-Jul-25,CUS-01025,PRD-0086,6,28180,169080
ORD-2025-028636,25-Jul-25,CUS-00682,PRD-0090,2,37690,75380
ORD-2025-028637,25-Jul-25,CUS-01246,PRD-0098,6,15320,91920
ORD-2025-028644,25-Jul-25,CUS-00915,PRD-0110,5,30350,151750
ORD-2025-028648,25-Jul-25,CUS-01514,PRD-0122,6,19140,114840
ORD-2025-028652,25-Jul-25,CUS-01899,PRD-0125,15,15380,230700
ORD-2025-028652,25-Jul-25,CUS-01899,PRD-0125,15,15380,230700
ORD-2025-028657,25-Jul-25,CUS-02276,PRD-0138,6,27020,162120
ORD-2025-028663,25-Jul-25,CUS-02276,PRD-0151,20,42840,856800
ORD-2025-028668,25-Jul-25,CUS-01600,PRD-0160,4,32940,131760
ORD-2025-028676,26-Jul-25,CUS-01038,PRD-0011,2,17170,34340
ORD-2025-028677,26-Jul-25,CUS-01853,PRD-0011,5,17170,85850
ORD-2025-028678,26-Jul-25,CUS-02130,PRD-0015,9,8500,76500
ORD-2025-028684,26-Jul-25,CUS-01680,PRD-0037,11,25650,282150
ORD-2025-028687,26-Jul-25,CUS-01083,PRD-0057,6,18040,108240
ORD-2025-028690,26-Jul-25,CUS-00674,PRD-0065,8,34000,272000
ORD-2025-028696,26-Jul-25,CUS-00612,PRD-0090,5,37690,188450
ORD-2025-028700,26-Jul-25,CUS-01522,PRD-0103,9,38480,346320
ORD-2025-028701,26-Jul-25,CUS-01893,PRD-0108,4,30750,123000
ORD-2025-028707,26-Jul-25,CUS-00714,PRD-0128,8,20590,164720
ORD-2025-028712,26-Jul-25,CUS-00520,PRD-0142,4,52030,208120
ORD-2025-028713,26-Jul-25,CUS-01670,PRD-0142,8,52030,416240
ORD-2025-028715,26-Jul-25,CUS-00485,PRD-0146,18,34820,626760
ORD-2025-028718,26-Jul-25,CUS-01694,PRD-0151,8,42840,342720
ORD-2025-028719,26-Jul-25,CUS-02193,PRD-0151,12,42840,514080
ORD-2025-028720,26-Jul-25,CUS-02479,PRD-0154,6,42470,254820
ORD-2025-028733,27-Jul-25,CUS-02001,PRD-0018,5,62570,312850
ORD-2025-028734,27-Jul-25,CUS-00864,PRD-0037,1,25650,25650
ORD-2025-028742,27-Jul-25,CUS-00043,PRD-0090,5,37690,188450
ORD-2025-028747,27-Jul-25,CUS-01150,PRD-0119,6,21950,131700
ORD-2025-028750,27-Jul-25,CUS-02184,PRD-0138,6,27020,162120
ORD-2025-028753,27-Jul-25,CUS-00102,PRD-0156,9,58570,527130
ORD-2025-028757,28-Jul-25,CUS-01947,PRD-0007,18,17070,307260
ORD-2025-028761,28-Jul-25,CUS-01393,PRD-0033,23,11040,253920
ORD-2025-028764,28-Jul-25,CUS-01044,PRD-0039,29,14770,428330
ORD-2025-028765,28-Jul-25,CUS-02184,PRD-0040,8,14100,112800
ORD-2025-028773,28-Jul-25,CUS-01665,PRD-0051,19,43070,818330
ORD-2025-028787,28-Jul-25,CUS-02483,PRD-0083,9,23690,213210
ORD-2025-028788,28-Jul-25,CUS-01512,PRD-0083,12,23690,284280
ORD-2025-028796,28-Jul-25,CUS-00618,PRD-0090,13,37690,489970
ORD-2025-028799,28-Jul-25,CUS-02094,PRD-0100,12,20780,249360
ORD-2025-028802,28-Jul-25,CUS-00927,PRD-0107,25,39590,989750
ORD-2025-028803,28-Jul-25,CUS-01168,PRD-0108,17,30750,522750
ORD-2025-028806,28-Jul-25,CUS-02233,PRD-0113,4,10420,41680
ORD-2025-028807,28-Jul-25,CUS-01537,PRD-0115,2,21210,42420
ORD-2025-028808,28-Jul-25,CUS-00986,PRD-0117,3,17520,52560
ORD-2025-028812,28-Jul-25,CUS-00223,PRD-0127,6,16760,100560
ORD-2025-028822,28-Jul-25,CUS-01608,PRD-0153,9,24220,217980
ORD-2025-028832,29-Jul-25,CUS-01143,PRD-0004,27,4490,121230
ORD-2025-028833,29-Jul-25,CUS-00618,PRD-0007,3,17070,51210
ORD-2025-028834,29-Jul-25,CUS-00512,PRD-0015,5,8500,42500
ORD-2025-028843,29-Jul-25,CUS-01182,PRD-0051,12,43070,516840
ORD-2025-028844,29-Jul-25,CUS-02472,PRD-0056,35,25020,875700
ORD-2025-028847,29-Jul-25,CUS-01574,PRD-0064,6,36350,218100
ORD-2025-028849,29-Jul-25,CUS-02195,PRD-0067,6,12380,74280
ORD-2025-028852,29-Jul-25,CUS-00119,PRD-0077,7,31120,217840
ORD-2025-028855,29-Jul-25,CUS-02001,PRD-0082,3,30730,92190
ORD-2025-028856,29-Jul-25,CUS-01964,PRD-0083,3,23690,71070
ORD-2025-028869,29-Jul-25,CUS-00944,PRD-0098,7,15320,107240
ORD-2025-028870,29-Jul-25,CUS-02104,PRD-0098,5,15320,76600
ORD-2025-028873,29-Jul-25,CUS-00614,PRD-0108,22,30750,676500
ORD-2025-028877,29-Jul-25,CUS-00593,PRD-0122,8,19140,153120
ORD-2025-028894,29-Jul-25,CUS-01081,PRD-0161,1,32640,32640
ORD-2025-028896,29-Jul-25,CUS-01726,PRD-0165,10,23380,233800
ORD-2025-028910,30-Jul-25,CUS-01674,PRD-0057,8,18040,144320
ORD-2025-028911,30-Jul-25,CUS-01206,PRD-0057,8,18040,144320
ORD-2025-028915,30-Jul-25,CUS-01214,PRD-0067,4,12380,49520
ORD-2025-028919,30-Jul-25,CUS-00011,PRD-0081,9,42190,379710
ORD-2025-028925,30-Jul-25,CUS-02027,PRD-0086,1,28180,28180
ORD-2025-028930,30-Jul-25,CUS-00672,PRD-0090,13,37690,489970
ORD-2025-028938,30-Jul-25,CUS-01790,PRD-0108,4,30750,123000
ORD-2025-028944,30-Jul-25,CUS-01487,PRD-0131,10,31140,311400
ORD-2025-028947,30-Jul-25,CUS-01679,PRD-0135,3,32900,98700
ORD-2025-028948,30-Jul-25,CUS-00973,PRD-0139,1,33360,33360
ORD-2025-028952,30-Jul-25,CUS-01766,PRD-0148,20,27270,545400
ORD-2025-028963,31-Jul-25,CUS-01489,PRD-0011,7,17170,120190
ORD-2025-028970,31-Jul-25,CUS-02318,PRD-0039,4,14770,59080
ORD-2025-028972,31-Jul-25,CUS-01102,PRD-0045,8,7340,58720
ORD-2025-028978,31-Jul-25,CUS-02260,PRD-0064,3,36350,109050
ORD-2025-028983,31-Jul-25,CUS-01818,PRD-0077,7,31120,217840
ORD-2025-028986,31-Jul-25,CUS-01740,PRD-0083,6,23690,142140
ORD-2025-028990,31-Jul-25,CUS-02243,PRD-0090,6,37690,226140
ORD-2025-028991,31-Jul-25,CUS-00308,PRD-0090,3,37690,113070
ORD-2025-028992,31-Jul-25,CUS-01603,PRD-0090,17,37690,640730
ORD-2025-028996,31-Jul-25,CUS-02472,PRD-0095,5,20290,101450
ORD-2025-029011,31-Jul-25,CUS-01168,PRD-0126,7,29270,204890
ORD-2025-029013,31-Jul-25,CUS-00316,PRD-0136,8,54950,439600
ORD-2025-029018,31-Jul-25,CUS-01504,PRD-0143,27,48640,1313280
ORD-2025-029022,31-Jul-25,CUS-02195,PRD-0151,3,42840,128520
ORD-2025-029023,31-Jul-25,CUS-01264,PRD-0151,7,42840,299880
ORD-2025-029025,31-Jul-25,CUS-00212,PRD-0154,1,42470,42470
ORD-2025-029027,31-Jul-25,CUS-00532,PRD-0157,4,24810,99240
ORD-2025-029028,31-Jul-25,CUS-00012,PRD-0157,9,24810,223290
ORD-2025-029031,31-Jul-25,CUS-00219,PRD-0160,5,32940,164700
ORD-2025-029032,31-Jul-25,CUS-01005,PRD-0161,4,32640,130560
ORD-2025-029033,31-Jul-25,CUS-02154,PRD-0161,8,32640,261120
ORD-2025-029034,31-Jul-25,CUS-01934,PRD-0164,3,19920,59760
ORD-2025-029038,01-Aug-25,CUS-00707,PRD-0007,14,17070,238980
ORD-2025-029041,01-Aug-25,CUS-01588,PRD-0016,19,42680,810920
ORD-2025-029042,01-Aug-25,CUS-02281,PRD-0018,36,62570,2252520
ORD-2025-029044,01-Aug-25,CUS-00600,PRD-0020,7,29210,204470
ORD-2025-029048,01-Aug-25,CUS-00316,PRD-0026,7,4150,29050
ORD-2025-029049,01-Aug-25,CUS-01567,PRD-0039,2,14770,29540
ORD-2025-029058,01-Aug-25,CUS-02276,PRD-0064,2,36350,72700
ORD-2025-029067,01-Aug-25,CUS-01434,PRD-0082,16,30730,491680
ORD-2025-029073,01-Aug-25,CUS-00370,PRD-0090,11,37690,414590
ORD-2025-029073,01-Aug-25,CUS-00370,PRD-0090,11,37690,414590
ORD-2025-029074,01-Aug-25,CUS-02281,PRD-0099,21,14380,301980
ORD-2025-029075,01-Aug-25,CUS-00301,PRD-0100,23,20780,477940
ORD-2025-029077,01-Aug-25,CUS-01154,PRD-0103,8,38480,307840
ORD-2025-029078,01-Aug-25,CUS-00847,PRD-0108,9,30750,276750
ORD-2025-029079,01-Aug-25,CUS-00300,PRD-0108,22,30750,676500
ORD-2025-029085,01-Aug-25,CUS-00209,PRD-0121,9,26430,237870
ORD-2025-029087,01-Aug-25,CUS-01112,PRD-0123,15,14410,216150
ORD-2025-029094,01-Aug-25,CUS-01860,PRD-0150,12,47850,574200
ORD-2025-029100,01-Aug-25,CUS-02097,PRD-0157,12,24810,297720
ORD-2025-029102,01-Aug-25,CUS-00835,PRD-0160,10,32940,329400
ORD-2025-029105,01-Aug-25,CUS-00863,PRD-0162,14,28900,404600
ORD-2025-029109,01-Aug-25,CUS-01714,PRD-0168,19,19490,370310
ORD-2025-029112,02-Aug-25,CUS-00030,PRD-0004,3,4490,13470
ORD-2025-029115,02-Aug-25,CUS-02231,PRD-0011,9,17170,154530
ORD-2025-029121,02-Aug-25,CUS-00674,PRD-0037,5,25650,128250
ORD-2025-029122,02-Aug-25,CUS-01381,PRD-0037,10,25650,256500
ORD-2025-029125,02-Aug-25,CUS-01744,PRD-0057,2,18040,36080
ORD-2025-029126,02-Aug-25,CUS-00558,PRD-0057,3,18040,54120
ORD-2025-029129,02-Aug-25,CUS-02354,PRD-0065,21,34000,714000
ORD-2025-029130,02-Aug-25,CUS-01694,PRD-0077,4,31120,124480
ORD-2025-029132,02-Aug-25,CUS-00878,PRD-0085,13,32580,423540
ORD-2025-029137,02-Aug-25,CUS-00051,PRD-0090,28,37690,1055320
ORD-2025-029139,02-Aug-25,CUS-01420,PRD-0093,3,23080,69240
ORD-2025-029140,02-Aug-25,CUS-01102,PRD-0098,6,15320,91920
ORD-2025-029157,02-Aug-25,CUS-00223,PRD-0161,14,32640,456960
ORD-2025-029177,03-Aug-25,CUS-01721,PRD-0151,4,42840,171360
ORD-2025-029181,04-Aug-25,CUS-01706,PRD-0008,13,16360,212680
ORD-2025-029189,04-Aug-25,CUS-00630,PRD-0026,6,4150,24900
ORD-2025-029193,04-Aug-25,CUS-01947,PRD-0037,1,25650,25650
ORD-2025-029200,04-Aug-25,CUS-01755,PRD-0064,8,36350,290800
ORD-2025-029201,04-Aug-25,CUS-00010,PRD-0067,1,12380,12380
ORD-2025-029202,04-Aug-25,CUS-00237,PRD-0068,3,16320,48960
ORD-2025-029214,04-Aug-25,CUS-00847,PRD-0089,7,13010,91070
ORD-2025-029225,04-Aug-25,CUS-00327,PRD-0108,13,30750,399750
ORD-2025-029234,04-Aug-25,CUS-02038,PRD-0128,6,20590,123540
ORD-2025-029247,04-Aug-25,CUS-02359,PRD-0151,7,42840,299880
ORD-2025-029250,04-Aug-25,CUS-01969,PRD-0153,6,24220,145320
ORD-2025-029255,04-Aug-25,CUS-01020,PRD-0161,10,32640,326400
ORD-2025-029264,05-Aug-25,CUS-01512,PRD-0023,13,16940,220220
ORD-2025-029269,05-Aug-25,CUS-01126,PRD-0031,5,36660,183300
ORD-2025-029270,05-Aug-25,CUS-01388,PRD-0034,19,15350,291650
ORD-2025-029271,05-Aug-25,CUS-00117,PRD-0042,13,26200,340600
ORD-2025-029279,05-Aug-25,CUS-02062,PRD-0077,7,31120,217840
ORD-2025-029281,05-Aug-25,CUS-00548,PRD-0090,5,37690,188450
ORD-2025-029282,05-Aug-25,CUS-00886,PRD-0090,5,37690,188450
ORD-2025-029285,05-Aug-25,CUS-00746,PRD-0093,11,23080,253880
ORD-2025-029290,05-Aug-25,CUS-00340,PRD-0109,10,30700,307000
ORD-2025-029294,05-Aug-25,CUS-01231,PRD-0122,5,19140,95700
ORD-2025-029296,05-Aug-25,CUS-01947,PRD-0125,16,15380,246080
ORD-2025-029301,05-Aug-25,CUS-01721,PRD-0150,5,47850,239250
ORD-2025-029308,05-Aug-25,CUS-01168,PRD-0165,8,23380,187040
ORD-2025-029312,06-Aug-25,CUS-01102,PRD-0017,6,39680,238080
ORD-2025-029316,06-Aug-25,CUS-00544,PRD-0035,12,13660,163920
ORD-2025-029321,06-Aug-25,CUS-02419,PRD-0062,3,17890,53670
ORD-2025-029324,06-Aug-25,CUS-01665,PRD-0067,5,12380,61900
ORD-2025-029341,06-Aug-25,CUS-00089,PRD-0090,4,37690,150760
ORD-2025-029342,06-Aug-25,CUS-00318,PRD-0090,5,37690,188450
ORD-2025-029343,06-Aug-25,CUS-02249,PRD-0090,8,37690,301520
ORD-2025-029349,06-Aug-25,CUS-01822,PRD-0094,12,22360,268320
ORD-2025-029352,06-Aug-25,CUS-01124,PRD-0098,4,15320,61280
ORD-2025-029353,06-Aug-25,CUS-00548,PRD-0098,4,15320,61280
ORD-2025-029355,06-Aug-25,CUS-02128,PRD-0100,3,20780,62340
ORD-2025-029356,06-Aug-25,CUS-00525,PRD-0100,6,20780,124680
ORD-2025-029367,06-Aug-25,CUS-00459,PRD-0118,15,23110,346650
ORD-2025-029368,06-Aug-25,CUS-00877,PRD-0120,4,14740,58960
ORD-2025-029382,06-Aug-25,CUS-01182,PRD-0148,38,27270,1036260
ORD-2025-029391,06-Aug-25,CUS-01667,PRD-0156,5,58570,292850
ORD-2025-029394,06-Aug-25,CUS-00663,PRD-0160,8,32940,263520
ORD-2025-029397,06-Aug-25,CUS-00545,PRD-0165,12,23380,280560
ORD-2025-029408,07-Aug-25,CUS-01549,PRD-0048,4,16870,67480
ORD-2025-029408,07-Aug-25,CUS-01549,PRD-0048,4,16870,67480
ORD-2025-029410,07-Aug-25,CUS-01214,PRD-0051,12,43070,516840
ORD-2025-029413,07-Aug-25,CUS-00877,PRD-0060,17,57540,978180
ORD-2025-029429,07-Aug-25,CUS-01360,PRD-0090,7,37690,263830
ORD-2025-029433,07-Aug-25,CUS-02354,PRD-0092,20,30260,605200
ORD-2025-029435,07-Aug-25,CUS-01038,PRD-0093,4,23080,92320
ORD-2025-029439,07-Aug-25,CUS-00262,PRD-0100,3,20780,62340
ORD-2025-029444,07-Aug-25,CUS-02012,PRD-0108,3,30750,92250
ORD-2025-029445,07-Aug-25,CUS-00233,PRD-0109,25,30700,767500
ORD-2025-029456,07-Aug-25,CUS-01977,PRD-0125,7,15380,107660
ORD-2025-029457,07-Aug-25,CUS-02471,PRD-0125,14,15380,215320
ORD-2025-029459,07-Aug-25,CUS-00541,PRD-0142,6,52030,312180
ORD-2025-029463,07-Aug-25,CUS-02471,PRD-0151,11,42840,471240
ORD-2025-029464,07-Aug-25,CUS-02367,PRD-0151,8,42840,342720
ORD-2025-029465,07-Aug-25,CUS-02282,PRD-0151,11,42840,471240
ORD-2025-029467,07-Aug-25,CUS-02037,PRD-0152,12,24900,298800
ORD-2025-029472,07-Aug-25,CUS-01102,PRD-0161,6,32640,195840
ORD-2025-029484,08-Aug-25,CUS-00986,PRD-0028,12,4910,58920
ORD-2025-029487,08-Aug-25,CUS-00057,PRD-0035,6,13660,81960
ORD-2025-029491,08-Aug-25,CUS-02109,PRD-0041,11,6830,75130
ORD-2025-029492,08-Aug-25,CUS-01557,PRD-0046,11,17360,190960
ORD-2025-029495,08-Aug-25,CUS-01703,PRD-0051,8,43070,344560
ORD-2025-029497,08-Aug-25,CUS-01083,PRD-0057,14,18040,252560
ORD-2025-029498,08-Aug-25,CUS-01522,PRD-0057,4,18040,72160
ORD-2025-029508,08-Aug-25,CUS-01976,PRD-0079,6,46870,281220
ORD-2025-029511,08-Aug-25,CUS-00962,PRD-0084,21,27760,582960
ORD-2025-029512,08-Aug-25,CUS-00912,PRD-0084,5,27760,138800
ORD-2025-029518,08-Aug-25,CUS-00204,PRD-0090,2,37690,75380
ORD-2025-029519,08-Aug-25,CUS-00237,PRD-0090,8,37690,301520
ORD-2025-029520,08-Aug-25,CUS-00663,PRD-0090,5,37690,188450
ORD-2025-029527,08-Aug-25,CUS-00057,PRD-0095,11,20290,223190
ORD-2025-029528,08-Aug-25,CUS-01041,PRD-0098,7,15320,107240
ORD-2025-029530,08-Aug-25,CUS-00992,PRD-0100,6,20780,124680
ORD-2025-029532,08-Aug-25,CUS-00778,PRD-0103,5,38480,192400
ORD-2025-029536,08-Aug-25,CUS-00296,PRD-0109,6,30700,184200
ORD-2025-029537,08-Aug-25,CUS-01648,PRD-0117,12,17520,210240
ORD-2025-029539,08-Aug-25,CUS-02158,PRD-0118,8,23110,184880
ORD-2025-029541,08-Aug-25,CUS-00600,PRD-0122,4,19140,76560
ORD-2025-029548,08-Aug-25,CUS-02146,PRD-0125,5,15380,76900
ORD-2025-029551,08-Aug-25,CUS-00853,PRD-0128,8,20590,164720
ORD-2025-029566,09-Aug-25,CUS-01473,PRD-0004,4,4490,17960
ORD-2025-029569,09-Aug-25,CUS-00746,PRD-0039,6,14770,88620
ORD-2025-029571,09-Aug-25,CUS-00981,PRD-0046,10,17360,173600
ORD-2025-029587,09-Aug-25,CUS-00870,PRD-0098,4,15320,61280
ORD-2025-029593,09-Aug-25,CUS-00051,PRD-0111,18,12240,220320
ORD-2025-029595,09-Aug-25,CUS-01795,PRD-0121,17,26430,449310
ORD-2025-029611,10-Aug-25,CUS-00350,PRD-0061,11,16320,179520
ORD-2025-029619,10-Aug-25,CUS-01279,PRD-0090,4,37690,150760
ORD-2025-029623,10-Aug-25,CUS-01460,PRD-0108,6,30750,184500
ORD-2025-029626,10-Aug-25,CUS-01876,PRD-0151,8,42840,342720
ORD-2025-029627,10-Aug-25,CUS-02427,PRD-0151,14,42840,599760
ORD-2025-029638,11-Aug-25,CUS-01631,PRD-0026,16,4150,66400
ORD-2025-029646,11-Aug-25,CUS-02439,PRD-0041,16,6830,109280
ORD-2025-029648,11-Aug-25,CUS-01231,PRD-0047,4,19060,76240
ORD-2025-029649,11-Aug-25,CUS-01487,PRD-0050,4,5420,21680
ORD-2025-029651,11-Aug-25,CUS-02022,PRD-0057,11,18040,198440
ORD-2025-029652,11-Aug-25,CUS-01790,PRD-0061,11,16320,179520
ORD-2025-029658,11-Aug-25,CUS-00204,PRD-0081,5,42190,210950
ORD-2025-029659,11-Aug-25,CUS-00592,PRD-0082,18,30730,553140
ORD-2025-029665,11-Aug-25,CUS-00119,PRD-0090,3,37690,113070
ORD-2025-029667,11-Aug-25,CUS-00007,PRD-0093,8,23080,184640
ORD-2025-029671,11-Aug-25,CUS-00482,PRD-0098,12,15320,183840
ORD-2025-029676,11-Aug-25,CUS-01024,PRD-0107,6,39590,237540
ORD-2025-029686,11-Aug-25,CUS-00300,PRD-0122,3,19140,57420
ORD-2025-029695,11-Aug-25,CUS-01959,PRD-0137,9,27650,248850
ORD-2025-029696,11-Aug-25,CUS-01669,PRD-0139,11,33360,366960
ORD-2025-029698,11-Aug-25,CUS-01478,PRD-0144,5,31990,159950
ORD-2025-029699,11-Aug-25,CUS-01388,PRD-0145,2,31800,63600
ORD-2025-029701,11-Aug-25,CUS-01008,PRD-0151,10,42840,428400
ORD-2025-029713,11-Aug-25,CUS-01815,PRD-0161,8,32640,261120
ORD-2025-029715,11-Aug-25,CUS-01359,PRD-0162,4,28900,115600
ORD-2025-029716,11-Aug-25,CUS-00657,PRD-0167,10,14020,140200
ORD-2025-029717,12-Aug-25,CUS-01680,PRD-0001,8,4970,39760
ORD-2025-029721,12-Aug-25,CUS-00890,PRD-0007,2,17070,34140
ORD-2025-029736,12-Aug-25,CUS-01152,PRD-0060,4,57540,230160
ORD-2025-029739,12-Aug-25,CUS-00350,PRD-0074,6,38390,230340
ORD-2025-029751,12-Aug-25,CUS-00887,PRD-0090,4,37690,150760
ORD-2025-029763,12-Aug-25,CUS-00212,PRD-0130,23,13600,312800
ORD-2025-029764,12-Aug-25,CUS-02210,PRD-0131,3,31140,93420
ORD-2025-029768,12-Aug-25,CUS-00259,PRD-0153,10,24220,242200
ORD-2025-029769,12-Aug-25,CUS-00751,PRD-0153,5,24220,121100
ORD-2025-029771,12-Aug-25,CUS-00959,PRD-0160,16,32940,527040
ORD-2025-029775,12-Aug-25,CUS-00043,PRD-0165,14,23380,327320
ORD-2025-029779,13-Aug-25,CUS-01437,PRD-0004,14,4490,62860
ORD-2025-029782,13-Aug-25,CUS-02479,PRD-0016,2,42680,85360
ORD-2025-029793,13-Aug-25,CUS-00440,PRD-0051,6,43070,258420
ORD-2025-029800,13-Aug-25,CUS-02195,PRD-0078,9,33720,303480
ORD-2025-029808,13-Aug-25,CUS-00169,PRD-0084,4,27760,111040
ORD-2025-029815,13-Aug-25,CUS-01041,PRD-0090,11,37690,414590
ORD-2025-029820,13-Aug-25,CUS-01574,PRD-0108,3,30750,92250
ORD-2025-029829,13-Aug-25,CUS-00010,PRD-0128,1,20590,20590
ORD-2025-029831,13-Aug-25,CUS-00944,PRD-0136,9,54950,494550
ORD-2025-029844,13-Aug-25,CUS-01487,PRD-0160,29,32940,955260
ORD-2025-029848,13-Aug-25,CUS-01420,PRD-0163,6,27790,166740
ORD-2025-029850,14-Aug-25,CUS-01044,PRD-0001,13,4970,64610
ORD-2025-029855,14-Aug-25,CUS-00966,PRD-0017,6,39680,238080
ORD-2025-029857,14-Aug-25,CUS-00806,PRD-0027,6,4920,29520
ORD-2025-029858,14-Aug-25,CUS-02007,PRD-0031,4,36660,146640
ORD-2025-029859,14-Aug-25,CUS-01527,PRD-0033,8,11040,88320
ORD-2025-029862,14-Aug-25,CUS-01066,PRD-0037,2,25650,51300
ORD-2025-029863,14-Aug-25,CUS-01195,PRD-0045,23,7340,168820
ORD-2025-029864,14-Aug-25,CUS-01875,PRD-0047,24,19060,457440
ORD-2025-029871,14-Aug-25,CUS-00520,PRD-0068,13,16320,212160
ORD-2025-029879,14-Aug-25,CUS-01460,PRD-0083,14,23690,331660
ORD-2025-029897,14-Aug-25,CUS-02275,PRD-0109,6,30700,184200
ORD-2025-029902,14-Aug-25,CUS-00436,PRD-0117,5,17520,87600
ORD-2025-029904,14-Aug-25,CUS-01626,PRD-0120,13,14740,191620
ORD-2025-029905,14-Aug-25,CUS-01110,PRD-0125,3,15380,46140
ORD-2025-029906,14-Aug-25,CUS-00353,PRD-0129,18,17810,320580
ORD-2025-029907,14-Aug-25,CUS-01019,PRD-0135,2,32900,65800
ORD-2025-029913,14-Aug-25,CUS-00618,PRD-0151,30,42840,1285200
ORD-2025-029916,14-Aug-25,CUS-02022,PRD-0160,15,32940,494100
ORD-2025-029923,15-Aug-25,CUS-01102,PRD-0011,3,17170,51510
ORD-2025-029925,15-Aug-25,CUS-00950,PRD-0015,2,8500,17000
ORD-2025-029927,15-Aug-25,CUS-02239,PRD-0026,7,4150,29050
ORD-2025-029933,15-Aug-25,CUS-01983,PRD-0047,2,19060,38120
ORD-2025-029938,15-Aug-25,CUS-01047,PRD-0057,5,18040,90200
ORD-2025-029943,15-Aug-25,CUS-00512,PRD-0061,21,16320,342720
ORD-2025-029946,15-Aug-25,CUS-00416,PRD-0068,5,16320,81600
ORD-2025-029947,15-Aug-25,CUS-00444,PRD-0068,3,16320,48960
ORD-2025-029951,15-Aug-25,CUS-00606,PRD-0077,6,31120,186720
ORD-2025-029958,15-Aug-25,CUS-01934,PRD-0090,7,37690,263830
ORD-2025-029959,15-Aug-25,CUS-01608,PRD-0090,3,37690,113070
ORD-2025-029966,15-Aug-25,CUS-02126,PRD-0109,5,30700,153500
ORD-2025-029971,15-Aug-25,CUS-00260,PRD-0125,9,15380,138420
ORD-2025-029972,15-Aug-25,CUS-02426,PRD-0125,10,15380,153800
ORD-2025-029973,15-Aug-25,CUS-02190,PRD-0128,12,20590,247080
ORD-2025-029979,15-Aug-25,CUS-01049,PRD-0143,11,48640,535040
ORD-2025-029981,15-Aug-25,CUS-01504,PRD-0145,4,31800,127200
ORD-2025-029989,15-Aug-25,CUS-02409,PRD-0160,16,32940,527040
ORD-2025-029992,15-Aug-25,CUS-01958,PRD-0161,21,32640,685440
ORD-2025-029993,15-Aug-25,CUS-00485,PRD-0161,4,32640,130560
ORD-2025-029994,15-Aug-25,CUS-00808,PRD-0161,14,32640,456960
ORD-2025-029998,16-Aug-25,CUS-01617,PRD-0011,4,17170,68680
ORD-2025-030005,16-Aug-25,CUS-01915,PRD-0059,5,50810,254050
ORD-2025-030025,16-Aug-25,CUS-02020,PRD-0125,6,15380,92280
ORD-2025-030029,16-Aug-25,CUS-01497,PRD-0142,9,52030,468270
ORD-2025-030036,16-Aug-25,CUS-00959,PRD-0151,13,42840,556920
ORD-2025-030040,16-Aug-25,CUS-02249,PRD-0161,26,32640,848640
ORD-2025-030047,17-Aug-25,CUS-00509,PRD-0041,6,6830,40980
ORD-2025-030053,17-Aug-25,CUS-00833,PRD-0079,8,46870,374960
ORD-2025-030063,17-Aug-25,CUS-01790,PRD-0128,3,20590,61770
ORD-2025-030065,17-Aug-25,CUS-00034,PRD-0150,5,47850,239250
ORD-2025-030070,17-Aug-25,CUS-01337,PRD-0160,14,32940,461160
ORD-2025-030081,18-Aug-25,CUS-00606,PRD-0025,7,5090,35630
ORD-2025-030092,18-Aug-25,CUS-00055,PRD-0061,6,16320,97920
ORD-2025-030095,18-Aug-25,CUS-02441,PRD-0064,5,36350,181750
ORD-2025-030099,18-Aug-25,CUS-00017,PRD-0074,16,38390,614240
ORD-2025-030109,18-Aug-25,CUS-01238,PRD-0090,8,37690,301520
ORD-2025-030110,18-Aug-25,CUS-01142,PRD-0090,5,37690,188450
ORD-2025-030121,18-Aug-25,CUS-02038,PRD-0103,20,38480,769600
ORD-2025-030132,18-Aug-25,CUS-00030,PRD-0122,8,19140,153120
ORD-2025-030144,18-Aug-25,CUS-00117,PRD-0150,11,47850,526350
ORD-2025-030152,18-Aug-25,CUS-01177,PRD-0160,13,32940,428220
ORD-2025-030153,18-Aug-25,CUS-01113,PRD-0160,4,32940,131760
ORD-2025-030154,18-Aug-25,CUS-01449,PRD-0161,9,32640,293760
ORD-2025-030162,19-Aug-25,CUS-00464,PRD-0002,2,5180,10360
ORD-2025-030163,19-Aug-25,CUS-00545,PRD-0004,4,4490,17960
ORD-2025-030174,19-Aug-25,CUS-00103,PRD-0037,8,25650,205200
ORD-2025-030177,19-Aug-25,CUS-01956,PRD-0039,2,14770,29540
ORD-2025-030178,19-Aug-25,CUS-01486,PRD-0039,8,14770,118160
ORD-2025-030179,19-Aug-25,CUS-00353,PRD-0045,6,7340,44040
ORD-2025-030181,19-Aug-25,CUS-02126,PRD-0051,16,43070,689120
ORD-2025-030183,19-Aug-25,CUS-01635,PRD-0067,3,12380,37140
ORD-2025-030184,19-Aug-25,CUS-01650,PRD-0068,8,16320,130560
ORD-2025-030186,19-Aug-25,CUS-00394,PRD-0072,34,42600,1448400
ORD-2025-030191,19-Aug-25,CUS-01639,PRD-0086,8,28180,225440
ORD-2025-030201,19-Aug-25,CUS-00962,PRD-0090,8,37690,301520
ORD-2025-030204,19-Aug-25,CUS-01036,PRD-0091,6,27010,162060
ORD-2025-030207,19-Aug-25,CUS-02048,PRD-0103,3,38480,115440
ORD-2025-030220,19-Aug-25,CUS-00714,PRD-0121,2,26430,52860
ORD-2025-030221,19-Aug-25,CUS-01110,PRD-0122,6,19140,114840
ORD-2025-030227,19-Aug-25,CUS-01368,PRD-0135,5,32900,164500
ORD-2025-030228,19-Aug-25,CUS-00509,PRD-0135,13,32900,427700
ORD-2025-030234,19-Aug-25,CUS-02245,PRD-0151,3,42840,128520
ORD-2025-030236,19-Aug-25,CUS-00274,PRD-0153,7,24220,169540
ORD-2025-030237,19-Aug-25,CUS-00499,PRD-0156,10,58570,585700
ORD-2025-030240,19-Aug-25,CUS-00180,PRD-0161,8,32640,261120
ORD-2025-030241,20-Aug-25,CUS-01487,PRD-0011,5,17170,85850
ORD-2025-030242,20-Aug-25,CUS-02082,PRD-0016,6,42680,256080
ORD-2025-030243,20-Aug-25,CUS-00045,PRD-0024,5,9800,49000
ORD-2025-030245,20-Aug-25,CUS-02219,PRD-0033,15,11040,165600
ORD-2025-030246,20-Aug-25,CUS-02472,PRD-0035,2,13660,27320
ORD-2025-030255,20-Aug-25,CUS-00692,PRD-0068,4,16320,65280
ORD-2025-030261,20-Aug-25,CUS-02404,PRD-0080,12,23900,286800
ORD-2025-030264,20-Aug-25,CUS-02243,PRD-0085,7,32580,228060
ORD-2025-030271,20-Aug-25,CUS-02441,PRD-0090,5,37690,188450
ORD-2025-030286,20-Aug-25,CUS-00647,PRD-0120,12,14740,176880
ORD-2025-030290,20-Aug-25,CUS-00502,PRD-0126,8,29270,234160
ORD-2025-030295,20-Aug-25,CUS-00558,PRD-0135,4,32900,131600
ORD-2025-030295,20-Aug-25,CUS-00558,PRD-0135,4,32900,131600
ORD-2025-030299,20-Aug-25,CUS-00340,PRD-0144,13,31990,415870
ORD-2025-030300,20-Aug-25,CUS-01279,PRD-0146,16,34820,557120
ORD-2025-030306,20-Aug-25,CUS-00328,PRD-0151,3,42840,128520
ORD-2025-030312,20-Aug-25,CUS-01081,PRD-0160,5,32940,164700
ORD-2025-030317,20-Aug-25,CUS-00816,PRD-0163,10,27790,277900
ORD-2025-030321,21-Aug-25,CUS-01434,PRD-0006,9,3060,27540
ORD-2025-030325,21-Aug-25,CUS-01125,PRD-0018,8,62570,500560
ORD-2025-030329,21-Aug-25,CUS-01197,PRD-0063,3,15070,45210
ORD-2025-030345,21-Aug-25,CUS-01124,PRD-0098,4,15320,61280
ORD-2025-030348,21-Aug-25,CUS-00340,PRD-0100,6,20780,124680
ORD-2025-030351,21-Aug-25,CUS-01574,PRD-0113,4,10420,41680
ORD-2025-030355,21-Aug-25,CUS-00847,PRD-0119,10,21950,219500
ORD-2025-030359,21-Aug-25,CUS-01978,PRD-0125,3,15380,46140
ORD-2025-030362,21-Aug-25,CUS-02359,PRD-0128,9,20590,185310
ORD-2025-030366,21-Aug-25,CUS-00887,PRD-0143,23,48640,1118720
ORD-2025-030369,21-Aug-25,CUS-01036,PRD-0151,8,42840,342720
ORD-2025-030373,21-Aug-25,CUS-00705,PRD-0154,20,42470,849400
ORD-2025-030374,21-Aug-25,CUS-00583,PRD-0160,5,32940,164700
ORD-2025-030376,21-Aug-25,CUS-00084,PRD-0161,5,32640,163200
ORD-2025-030377,21-Aug-25,CUS-00657,PRD-0162,2,28900,57800
ORD-2025-030387,22-Aug-25,CUS-00172,PRD-0011,5,17170,85850
ORD-2025-030391,22-Aug-25,CUS-01236,PRD-0016,2,42680,85360
ORD-2025-030397,22-Aug-25,CUS-00259,PRD-0037,1,25650,25650
ORD-2025-030400,22-Aug-25,CUS-01899,PRD-0041,3,6830,20490
ORD-2025-030400,22-Aug-25,CUS-01899,PRD-0041,3,6830,20490
ORD-2025-030402,22-Aug-25,CUS-00066,PRD-0051,8,43070,344560
ORD-2025-030406,22-Aug-25,CUS-00505,PRD-0062,10,17890,178900
ORD-2025-030408,22-Aug-25,CUS-00647,PRD-0065,9,34000,306000
ORD-2025-030415,22-Aug-25,CUS-00089,PRD-0077,6,31120,186720
ORD-2025-030419,22-Aug-25,CUS-01460,PRD-0086,21,28180,591780
ORD-2025-030428,22-Aug-25,CUS-00544,PRD-0090,37,37690,1394530
ORD-2025-030429,22-Aug-25,CUS-01143,PRD-0090,13,37690,489970
ORD-2025-030443,22-Aug-25,CUS-00299,PRD-0118,8,23110,184880
ORD-2025-030446,22-Aug-25,CUS-00835,PRD-0120,15,14740,221100
ORD-2025-030450,22-Aug-25,CUS-00300,PRD-0131,10,31140,311400
ORD-2025-030451,22-Aug-25,CUS-01828,PRD-0135,1,32900,32900
ORD-2025-030453,22-Aug-25,CUS-01182,PRD-0136,18,54950,989100
ORD-2025-030455,22-Aug-25,CUS-02449,PRD-0150,8,47850,382800
ORD-2025-030459,22-Aug-25,CUS-00735,PRD-0151,9,42840,385560
ORD-2025-030460,22-Aug-25,CUS-01978,PRD-0151,6,42840,257040
ORD-2025-030466,22-Aug-25,CUS-00614,PRD-0156,14,58570,819980
ORD-2025-030467,22-Aug-25,CUS-02479,PRD-0157,9,24810,223290
ORD-2025-030472,22-Aug-25,CUS-00286,PRD-0165,2,23380,46760
ORD-2025-030475,23-Aug-25,CUS-01809,PRD-0008,11,16360,179960
ORD-2025-030486,23-Aug-25,CUS-01600,PRD-0048,5,16870,84350
ORD-2025-030490,23-Aug-25,CUS-00301,PRD-0051,12,43070,516840
ORD-2025-030492,23-Aug-25,CUS-01486,PRD-0057,7,18040,126280
ORD-2025-030493,23-Aug-25,CUS-01603,PRD-0057,15,18040,270600
ORD-2025-030496,23-Aug-25,CUS-00727,PRD-0062,2,17890,35780
ORD-2025-030497,23-Aug-25,CUS-02037,PRD-0062,5,17890,89450
ORD-2025-030498,23-Aug-25,CUS-00146,PRD-0065,5,34000,170000
ORD-2025-030511,23-Aug-25,CUS-01214,PRD-0090,3,37690,113070
ORD-2025-030511,23-Aug-25,CUS-01214,PRD-0090,3,37690,113070
ORD-2025-030512,23-Aug-25,CUS-02286,PRD-0090,5,37690,188450
ORD-2025-030513,23-Aug-25,CUS-01691,PRD-0090,4,37690,150760
ORD-2025-030514,23-Aug-25,CUS-00688,PRD-0090,8,37690,301520
ORD-2025-030521,23-Aug-25,CUS-02384,PRD-0121,7,26430,185010
ORD-2025-030524,23-Aug-25,CUS-00394,PRD-0127,13,16760,217880
ORD-2025-030528,23-Aug-25,CUS-00353,PRD-0133,17,27960,475320
ORD-2025-030538,23-Aug-25,CUS-01851,PRD-0154,2,42470,84940
ORD-2025-030540,23-Aug-25,CUS-01818,PRD-0156,11,58570,644270
ORD-2025-030546,24-Aug-25,CUS-01512,PRD-0007,13,17070,221910
ORD-2025-030549,24-Aug-25,CUS-02497,PRD-0033,21,11040,231840
ORD-2025-030552,24-Aug-25,CUS-00089,PRD-0067,7,12380,86660
ORD-2025-030567,25-Aug-25,CUS-02400,PRD-0005,4,3110,12440
ORD-2025-030581,25-Aug-25,CUS-00484,PRD-0058,2,17980,35960
ORD-2025-030583,25-Aug-25,CUS-01218,PRD-0069,11,17210,189310
ORD-2025-030590,25-Aug-25,CUS-00237,PRD-0084,6,27760,166560
ORD-2025-030593,25-Aug-25,CUS-02225,PRD-0086,3,28180,84540
ORD-2025-030598,25-Aug-25,CUS-00119,PRD-0090,1,37690,37690
ORD-2025-030601,25-Aug-25,CUS-02287,PRD-0091,10,27010,270100
ORD-2025-030602,25-Aug-25,CUS-00520,PRD-0092,4,30260,121040
ORD-2025-030603,25-Aug-25,CUS-00445,PRD-0093,2,23080,46160
ORD-2025-030609,25-Aug-25,CUS-01085,PRD-0102,4,17050,68200
ORD-2025-030616,25-Aug-25,CUS-02478,PRD-0121,5,26430,132150
ORD-2025-030623,25-Aug-25,CUS-00606,PRD-0141,4,38600,154400
ORD-2025-030625,25-Aug-25,CUS-01616,PRD-0145,15,31800,477000
ORD-2025-030632,25-Aug-25,CUS-00327,PRD-0151,5,42840,214200
ORD-2025-030634,25-Aug-25,CUS-01038,PRD-0157,4,24810,99240
ORD-2025-030635,25-Aug-25,CUS-00992,PRD-0158,3,33720,101160
ORD-2025-030641,25-Aug-25,CUS-00986,PRD-0165,20,23380,467600
ORD-2025-030643,25-Aug-25,CUS-01528,PRD-0166,5,25650,128250
ORD-2025-030652,26-Aug-25,CUS-00057,PRD-0015,13,8500,110500
ORD-2025-030652,26-Aug-25,CUS-00057,PRD-0015,13,8500,110500
ORD-2025-030655,26-Aug-25,CUS-00401,PRD-0018,7,62570,437990
ORD-2025-030660,26-Aug-25,CUS-01025,PRD-0028,4,4910,19640
ORD-2025-030662,26-Aug-25,CUS-00226,PRD-0032,15,20370,305550
ORD-2025-030675,26-Aug-25,CUS-01683,PRD-0077,6,31120,186720
ORD-2025-030677,26-Aug-25,CUS-00673,PRD-0081,4,42190,168760
ORD-2025-030684,26-Aug-25,CUS-01038,PRD-0086,4,28180,112720
ORD-2025-030705,26-Aug-25,CUS-02125,PRD-0114,10,15730,157300
ORD-2025-030721,26-Aug-25,CUS-02325,PRD-0153,13,24220,314860
ORD-2025-030722,26-Aug-25,CUS-01557,PRD-0155,13,65880,856440
ORD-2025-030723,26-Aug-25,CUS-01706,PRD-0156,18,58570,1054260
ORD-2025-030733,26-Aug-25,CUS-00297,PRD-0165,9,23380,210420
ORD-2025-030744,27-Aug-25,CUS-02184,PRD-0039,10,14770,147700
ORD-2025-030747,27-Aug-25,CUS-00525,PRD-0048,11,16870,185570
ORD-2025-030749,27-Aug-25,CUS-01665,PRD-0052,4,43630,174520
ORD-2025-030751,27-Aug-25,CUS-01108,PRD-0062,7,17890,125230
ORD-2025-030756,27-Aug-25,CUS-00672,PRD-0069,3,17210,51630
ORD-2025-030762,27-Aug-25,CUS-02062,PRD-0078,14,33720,472080
ORD-2025-030764,27-Aug-25,CUS-00727,PRD-0079,5,46870,234350
ORD-2025-030768,27-Aug-25,CUS-02428,PRD-0083,3,23690,71070
ORD-2025-030769,27-Aug-25,CUS-00305,PRD-0083,24,23690,568560
ORD-2025-030771,27-Aug-25,CUS-00678,PRD-0088,3,15290,45870
ORD-2025-030779,27-Aug-25,CUS-00853,PRD-0090,5,37690,188450
ORD-2025-030780,27-Aug-25,CUS-02007,PRD-0090,8,37690,301520
ORD-2025-030781,27-Aug-25,CUS-00595,PRD-0090,29,37690,1093010
ORD-2025-030782,27-Aug-25,CUS-01987,PRD-0090,2,37690,75380
ORD-2025-030786,27-Aug-25,CUS-01279,PRD-0100,3,20780,62340
ORD-2025-030793,27-Aug-25,CUS-00962,PRD-0121,3,26430,79290
ORD-2025-030799,27-Aug-25,CUS-01812,PRD-0144,8,31990,255920
ORD-2025-030806,27-Aug-25,CUS-00444,PRD-0151,16,42840,685440
ORD-2025-030809,27-Aug-25,CUS-02141,PRD-0156,5,58570,292850
ORD-2025-030816,28-Aug-25,CUS-00394,PRD-0003,13,4840,62920
ORD-2025-030821,28-Aug-25,CUS-00618,PRD-0011,7,17170,120190
ORD-2025-030828,28-Aug-25,CUS-01434,PRD-0023,7,16940,118580
ORD-2025-030835,28-Aug-25,CUS-02464,PRD-0050,6,5420,32520
ORD-2025-030840,28-Aug-25,CUS-02359,PRD-0058,13,17980,233740
ORD-2025-030840,28-Aug-25,CUS-02359,PRD-0058,13,17980,233740
ORD-2025-030842,28-Aug-25,CUS-01893,PRD-0063,32,15070,482240
ORD-2025-030843,28-Aug-25,CUS-00850,PRD-0068,9,16320,146880
ORD-2025-030844,28-Aug-25,CUS-00100,PRD-0068,8,16320,130560
ORD-2025-030849,28-Aug-25,CUS-02219,PRD-0086,15,28180,422700
ORD-2025-030854,28-Aug-25,CUS-00299,PRD-0093,22,23080,507760
ORD-2025-030858,28-Aug-25,CUS-00966,PRD-0098,25,15320,383000
ORD-2025-030859,28-Aug-25,CUS-01124,PRD-0098,8,15320,122560
ORD-2025-030864,28-Aug-25,CUS-01706,PRD-0109,4,30700,122800
ORD-2025-030868,28-Aug-25,CUS-01508,PRD-0120,3,14740,44220
ORD-2025-030869,28-Aug-25,CUS-01983,PRD-0120,3,14740,44220
ORD-2025-030869,28-Aug-25,CUS-01983,PRD-0120,3,14740,44220
ORD-2025-030871,28-Aug-25,CUS-01712,PRD-0125,7,15380,107660
ORD-2025-030875,28-Aug-25,CUS-00459,PRD-0138,5,27020,135100
ORD-2025-030886,28-Aug-25,CUS-00444,PRD-0154,7,42470,297290
ORD-2025-030887,28-Aug-25,CUS-00878,PRD-0156,4,58570,234280
ORD-2025-030900,29-Aug-25,CUS-01504,PRD-0007,2,17070,34140
ORD-2025-030903,29-Aug-25,CUS-00799,PRD-0012,8,18410,147280
ORD-2025-030904,29-Aug-25,CUS-01197,PRD-0018,1,62570,62570
ORD-2025-030905,29-Aug-25,CUS-00811,PRD-0019,23,31240,718520
ORD-2025-030921,29-Aug-25,CUS-01504,PRD-0051,14,43070,602980
ORD-2025-030922,29-Aug-25,CUS-01820,PRD-0057,7,18040,126280
ORD-2025-030933,29-Aug-25,CUS-01108,PRD-0072,6,42600,255600
ORD-2025-030937,29-Aug-25,CUS-01522,PRD-0076,11,28050,308550
ORD-2025-030940,29-Aug-25,CUS-01085,PRD-0077,9,31120,280080
ORD-2025-030941,29-Aug-25,CUS-02282,PRD-0078,5,33720,168600
ORD-2025-030952,29-Aug-25,CUS-00652,PRD-0090,29,37690,1093010
ORD-2025-030953,29-Aug-25,CUS-02457,PRD-0090,4,37690,150760
ORD-2025-030963,29-Aug-25,CUS-01992,PRD-0100,4,20780,83120
ORD-2025-030964,29-Aug-25,CUS-00959,PRD-0100,20,20780,415600
ORD-2025-030966,29-Aug-25,CUS-00793,PRD-0108,2,30750,61500
ORD-2025-030987,29-Aug-25,CUS-02497,PRD-0151,7,42840,299880
ORD-2025-030987,29-Aug-25,CUS-02497,PRD-0151,7,42840,299880
ORD-2025-031002,30-Aug-25,CUS-02130,PRD-0004,17,4490,76330
ORD-2025-031007,30-Aug-25,CUS-01507,PRD-0029,9,11070,99630
ORD-2025-031010,30-Aug-25,CUS-00701,PRD-0048,4,16870,67480
ORD-2025-031012,30-Aug-25,CUS-01225,PRD-0057,14,18040,252560
ORD-2025-031013,30-Aug-25,CUS-01381,PRD-0064,5,36350,181750
ORD-2025-031022,30-Aug-25,CUS-01324,PRD-0077,6,31120,186720
ORD-2025-031025,30-Aug-25,CUS-01114,PRD-0086,5,28180,140900
ORD-2025-031032,30-Aug-25,CUS-01667,PRD-0093,4,23080,92320
ORD-2025-031034,30-Aug-25,CUS-01609,PRD-0097,15,21780,326700
ORD-2025-031043,30-Aug-25,CUS-02280,PRD-0118,5,23110,115550
ORD-2025-031046,30-Aug-25,CUS-02459,PRD-0125,7,15380,107660
ORD-2025-031049,30-Aug-25,CUS-01489,PRD-0151,10,42840,428400
ORD-2025-031050,30-Aug-25,CUS-01636,PRD-0151,3,42840,128520
ORD-2025-031062,31-Aug-25,CUS-01636,PRD-0067,8,12380,99040
ORD-2025-031070,31-Aug-25,CUS-00981,PRD-0118,10,23110,231100
ORD-2025-031074,31-Aug-25,CUS-00274,PRD-0144,4,31990,127960
ORD-2025-031084,01-Sep-25,CUS-00066,PRD-0002,26,5180,134680
ORD-2025-031096,01-Sep-25,CUS-00965,PRD-0056,20,25020,500400
ORD-2025-031106,01-Sep-25,CUS-00595,PRD-0074,15,38390,575850
ORD-2025-031107,01-Sep-25,CUS-01373,PRD-0076,6,28050,168300
ORD-2025-031110,01-Sep-25,CUS-01473,PRD-0077,4,31120,124480
ORD-2025-031114,01-Sep-25,CUS-02449,PRD-0082,11,30730,338030
ORD-2025-031121,01-Sep-25,CUS-01528,PRD-0090,9,37690,339210
ORD-2025-031122,01-Sep-25,CUS-01114,PRD-0090,5,37690,188450
ORD-2025-031124,01-Sep-25,CUS-01741,PRD-0095,3,20290,60870
ORD-2025-031126,01-Sep-25,CUS-01516,PRD-0100,8,20780,166240
ORD-2025-031130,01-Sep-25,CUS-01603,PRD-0110,5,30350,151750
ORD-2025-031132,01-Sep-25,CUS-02483,PRD-0116,5,17680,88400
ORD-2025-031133,01-Sep-25,CUS-00636,PRD-0120,7,14740,103180
ORD-2025-031134,01-Sep-25,CUS-00906,PRD-0120,14,14740,206360
ORD-2025-031138,01-Sep-25,CUS-02220,PRD-0125,3,15380,46140
ORD-2025-031139,01-Sep-25,CUS-02219,PRD-0125,14,15380,215320
ORD-2025-031141,01-Sep-25,CUS-02287,PRD-0131,1,31140,31140
ORD-2025-031146,01-Sep-25,CUS-02287,PRD-0144,2,31990,63980
ORD-2025-031154,01-Sep-25,CUS-02135,PRD-0156,8,58570,468560
ORD-2025-031160,02-Sep-25,CUS-00015,PRD-0004,3,4490,13470
ORD-2025-031171,02-Sep-25,CUS-00964,PRD-0039,7,14770,103390
ORD-2025-031173,02-Sep-25,CUS-01081,PRD-0041,22,6830,150260
ORD-2025-031177,02-Sep-25,CUS-01665,PRD-0053,8,38950,311600
ORD-2025-031181,02-Sep-25,CUS-00652,PRD-0058,9,17980,161820
ORD-2025-031184,02-Sep-25,CUS-00614,PRD-0061,7,16320,114240
ORD-2025-031187,02-Sep-25,CUS-00642,PRD-0064,30,36350,1090500
ORD-2025-031189,02-Sep-25,CUS-00259,PRD-0067,8,12380,99040
ORD-2025-031196,02-Sep-25,CUS-00451,PRD-0077,4,31120,124480
ORD-2025-031199,02-Sep-25,CUS-00878,PRD-0085,14,32580,456120
ORD-2025-031200,02-Sep-25,CUS-02109,PRD-0086,15,28180,422700
ORD-2025-031223,02-Sep-25,CUS-01166,PRD-0125,24,15380,369120
ORD-2025-031224,02-Sep-25,CUS-00487,PRD-0125,16,15380,246080
ORD-2025-031228,02-Sep-25,CUS-02287,PRD-0131,10,31140,311400
ORD-2025-031231,02-Sep-25,CUS-02321,PRD-0144,4,31990,127960
ORD-2025-031248,03-Sep-25,CUS-01486,PRD-0025,4,5090,20360
ORD-2025-031249,03-Sep-25,CUS-01420,PRD-0028,3,4910,14730
ORD-2025-031250,03-Sep-25,CUS-01894,PRD-0037,10,25650,256500
ORD-2025-031254,03-Sep-25,CUS-01835,PRD-0051,11,43070,473770
ORD-2025-031268,03-Sep-25,CUS-00910,PRD-0080,6,23900,143400
ORD-2025-031278,03-Sep-25,CUS-02084,PRD-0090,11,37690,414590
ORD-2025-031283,03-Sep-25,CUS-00084,PRD-0093,5,23080,115400
ORD-2025-031289,03-Sep-25,CUS-00030,PRD-0100,7,20780,145460
ORD-2025-031290,03-Sep-25,CUS-00021,PRD-0106,4,41890,167560
ORD-2025-031291,03-Sep-25,CUS-00444,PRD-0111,6,12240,73440
ORD-2025-031300,03-Sep-25,CUS-01950,PRD-0142,16,52030,832480
ORD-2025-031301,03-Sep-25,CUS-01978,PRD-0147,22,32330,711260
ORD-2025-031303,03-Sep-25,CUS-01911,PRD-0148,2,27270,54540
ORD-2025-031304,03-Sep-25,CUS-00079,PRD-0150,11,47850,526350
ORD-2025-031310,03-Sep-25,CUS-01899,PRD-0151,6,42840,257040
ORD-2025-031314,03-Sep-25,CUS-01507,PRD-0155,11,65880,724680
ORD-2025-031317,03-Sep-25,CUS-01134,PRD-0161,3,32640,97920
ORD-2025-031323,03-Sep-25,CUS-00740,PRD-0169,1,15310,15310
ORD-2025-031329,04-Sep-25,CUS-00665,PRD-0017,2,39680,79360
ORD-2025-031330,04-Sep-25,CUS-02426,PRD-0018,4,62570,250280
ORD-2025-031340,04-Sep-25,CUS-01703,PRD-0050,20,5420,108400
ORD-2025-031346,04-Sep-25,CUS-00066,PRD-0057,9,18040,162360
ORD-2025-031349,04-Sep-25,CUS-02054,PRD-0067,4,12380,49520
ORD-2025-031350,04-Sep-25,CUS-02439,PRD-0068,3,16320,48960
ORD-2025-031354,04-Sep-25,CUS-01467,PRD-0076,10,28050,280500
ORD-2025-031358,04-Sep-25,CUS-00169,PRD-0078,5,33720,168600
ORD-2025-031379,04-Sep-25,CUS-01674,PRD-0105,7,41060,287420
ORD-2025-031380,04-Sep-25,CUS-02400,PRD-0109,4,30700,122800
ORD-2025-031388,04-Sep-25,CUS-01360,PRD-0125,6,15380,92280
ORD-2025-031391,04-Sep-25,CUS-01527,PRD-0137,27,27650,746550
ORD-2025-031401,04-Sep-25,CUS-01279,PRD-0166,8,25650,205200
ORD-2025-031408,05-Sep-25,CUS-01809,PRD-0013,10,11970,119700
ORD-2025-031416,05-Sep-25,CUS-02122,PRD-0039,7,14770,103390
ORD-2025-031422,05-Sep-25,CUS-01062,PRD-0057,12,18040,216480
ORD-2025-031423,05-Sep-25,CUS-00558,PRD-0059,4,50810,203240
ORD-2025-031436,05-Sep-25,CUS-00558,PRD-0084,4,27760,111040
ORD-2025-031444,05-Sep-25,CUS-02264,PRD-0090,6,37690,226140
ORD-2025-031445,05-Sep-25,CUS-01811,PRD-0090,11,37690,414590
ORD-2025-031453,05-Sep-25,CUS-00665,PRD-0103,3,38480,115440
ORD-2025-031454,05-Sep-25,CUS-01062,PRD-0103,3,38480,115440
ORD-2025-031456,05-Sep-25,CUS-00678,PRD-0113,6,10420,62520
ORD-2025-031462,05-Sep-25,CUS-01875,PRD-0124,2,8790,17580
ORD-2025-031465,05-Sep-25,CUS-02380,PRD-0129,14,17810,249340
ORD-2025-031467,05-Sep-25,CUS-00253,PRD-0137,25,27650,691250
ORD-2025-031474,05-Sep-25,CUS-00212,PRD-0151,3,42840,128520
ORD-2025-031481,05-Sep-25,CUS-00724,PRD-0157,3,24810,74430
ORD-2025-031483,05-Sep-25,CUS-00593,PRD-0161,7,32640,228480
ORD-2025-031484,05-Sep-25,CUS-01081,PRD-0162,2,28900,57800
ORD-2025-031488,06-Sep-25,CUS-02260,PRD-0008,2,16360,32720
ORD-2025-031493,06-Sep-25,CUS-01219,PRD-0064,27,36350,981450
ORD-2025-031498,06-Sep-25,CUS-01600,PRD-0085,23,32580,749340
ORD-2025-031506,06-Sep-25,CUS-02402,PRD-0099,4,14380,57520
ORD-2025-031507,06-Sep-25,CUS-01338,PRD-0100,7,20780,145460
ORD-2025-031508,06-Sep-25,CUS-00104,PRD-0100,4,20780,83120
ORD-2025-031510,06-Sep-25,CUS-00084,PRD-0105,10,41060,410600
ORD-2025-031513,06-Sep-25,CUS-01574,PRD-0119,8,21950,175600
ORD-2025-031518,06-Sep-25,CUS-00831,PRD-0135,6,32900,197400
ORD-2025-031523,06-Sep-25,CUS-01723,PRD-0151,13,42840,556920
ORD-2025-031527,06-Sep-25,CUS-00806,PRD-0156,3,58570,175710
ORD-2025-031528,06-Sep-25,CUS-01609,PRD-0157,8,24810,198480
ORD-2025-031534,06-Sep-25,CUS-00724,PRD-0161,9,32640,293760
ORD-2025-031538,07-Sep-25,CUS-01512,PRD-0004,8,4490,35920
ORD-2025-031539,07-Sep-25,CUS-02282,PRD-0035,1,13660,13660
ORD-2025-031541,07-Sep-25,CUS-00986,PRD-0062,2,17890,35780
ORD-2025-031549,07-Sep-25,CUS-00618,PRD-0086,7,28180,197260
ORD-2025-031551,07-Sep-25,CUS-00451,PRD-0090,3,37690,113070
ORD-2025-031552,07-Sep-25,CUS-01142,PRD-0090,2,37690,75380
ORD-2025-031557,07-Sep-25,CUS-00286,PRD-0151,9,42840,385560
ORD-2025-031560,08-Sep-25,CUS-01616,PRD-0005,3,3110,9330
ORD-2025-031567,08-Sep-25,CUS-01528,PRD-0026,8,4150,33200
ORD-2025-031571,08-Sep-25,CUS-00973,PRD-0035,2,13660,27320
ORD-2025-031572,08-Sep-25,CUS-01114,PRD-0036,2,20500,41000
ORD-2025-031577,08-Sep-25,CUS-01781,PRD-0046,5,17360,86800
ORD-2025-031579,08-Sep-25,CUS-00043,PRD-0051,5,43070,215350
ORD-2025-031582,08-Sep-25,CUS-00992,PRD-0061,3,16320,48960
ORD-2025-031590,08-Sep-25,CUS-01413,PRD-0076,1,28050,28050
ORD-2025-031598,08-Sep-25,CUS-00714,PRD-0090,2,37690,75380
ORD-2025-031599,08-Sep-25,CUS-02321,PRD-0090,16,37690,603040
ORD-2025-031600,08-Sep-25,CUS-01617,PRD-0090,2,37690,75380
ORD-2025-031605,08-Sep-25,CUS-02426,PRD-0098,5,15320,76600
ORD-2025-031606,08-Sep-25,CUS-02022,PRD-0098,5,15320,76600
ORD-2025-031611,08-Sep-25,CUS-01549,PRD-0103,2,38480,76960
ORD-2025-031613,08-Sep-25,CUS-00942,PRD-0108,9,30750,276750
ORD-2025-031614,08-Sep-25,CUS-01838,PRD-0113,19,10420,197980
ORD-2025-031615,08-Sep-25,CUS-01522,PRD-0118,11,23110,254210
ORD-2025-031618,08-Sep-25,CUS-01413,PRD-0125,5,15380,76900
ORD-2025-031622,08-Sep-25,CUS-00340,PRD-0135,1,32900,32900
ORD-2025-031634,08-Sep-25,CUS-02427,PRD-0151,8,42840,342720
ORD-2025-031638,08-Sep-25,CUS-02246,PRD-0156,9,58570,527130
ORD-2025-031640,08-Sep-25,CUS-02483,PRD-0160,5,32940,164700
ORD-2025-031641,08-Sep-25,CUS-01818,PRD-0161,2,32640,65280
ORD-2025-031642,08-Sep-25,CUS-01004,PRD-0165,12,23380,280560
ORD-2025-031654,09-Sep-25,CUS-01726,PRD-0034,3,15350,46050
ORD-2025-031656,09-Sep-25,CUS-00652,PRD-0037,7,25650,179550
ORD-2025-031669,09-Sep-25,CUS-02027,PRD-0080,10,23900,239000
ORD-2025-031670,09-Sep-25,CUS-01142,PRD-0081,1,42190,42190
ORD-2025-031681,09-Sep-25,CUS-00746,PRD-0090,12,37690,452280
ORD-2025-031682,09-Sep-25,CUS-02471,PRD-0091,10,27010,270100
ORD-2025-031690,09-Sep-25,CUS-01723,PRD-0100,11,20780,228580
ORD-2025-031694,09-Sep-25,CUS-01487,PRD-0113,4,10420,41680
ORD-2025-031695,09-Sep-25,CUS-00017,PRD-0118,2,23110,46220
ORD-2025-031697,09-Sep-25,CUS-00962,PRD-0122,9,19140,172260
ORD-2025-031698,09-Sep-25,CUS-00775,PRD-0122,10,19140,191400
ORD-2025-031703,09-Sep-25,CUS-02260,PRD-0131,5,31140,155700
ORD-2025-031704,09-Sep-25,CUS-00877,PRD-0135,8,32900,263200
ORD-2025-031705,09-Sep-25,CUS-00870,PRD-0138,3,27020,81060
ORD-2025-031714,09-Sep-25,CUS-02239,PRD-0156,22,58570,1288540
ORD-2025-031716,09-Sep-25,CUS-02158,PRD-0158,14,33720,472080
ORD-2025-031723,09-Sep-25,CUS-02497,PRD-0166,9,25650,230850
ORD-2025-031725,09-Sep-25,CUS-00137,PRD-0168,11,19490,214390
ORD-2025-031731,10-Sep-25,CUS-02249,PRD-0019,3,31240,93720
ORD-2025-031734,10-Sep-25,CUS-00778,PRD-0045,4,7340,29360
ORD-2025-031738,10-Sep-25,CUS-02483,PRD-0057,6,18040,108240
ORD-2025-031739,10-Sep-25,CUS-00146,PRD-0061,2,16320,32640
ORD-2025-031744,10-Sep-25,CUS-00388,PRD-0068,12,16320,195840
ORD-2025-031755,10-Sep-25,CUS-01954,PRD-0090,5,37690,188450
ORD-2025-031756,10-Sep-25,CUS-01648,PRD-0090,6,37690,226140
ORD-2025-031762,10-Sep-25,CUS-02020,PRD-0100,6,20780,124680
ORD-2025-031764,10-Sep-25,CUS-00276,PRD-0108,5,30750,153750
ORD-2025-031765,10-Sep-25,CUS-02234,PRD-0110,5,30350,151750
ORD-2025-031787,10-Sep-25,CUS-00502,PRD-0153,22,24220,532840
ORD-2025-031801,11-Sep-25,CUS-01384,PRD-0017,6,39680,238080
ORD-2025-031802,11-Sep-25,CUS-02275,PRD-0021,9,19390,174510
ORD-2025-031811,11-Sep-25,CUS-00045,PRD-0045,6,7340,44040
ORD-2025-031820,11-Sep-25,CUS-00381,PRD-0070,5,19240,96200
ORD-2025-031822,11-Sep-25,CUS-00525,PRD-0077,6,31120,186720
ORD-2025-031823,11-Sep-25,CUS-01101,PRD-0077,29,31120,902480
ORD-2025-031824,11-Sep-25,CUS-01987,PRD-0080,7,23900,167300
ORD-2025-031825,11-Sep-25,CUS-01622,PRD-0083,8,23690,189520
ORD-2025-031826,11-Sep-25,CUS-01677,PRD-0083,5,23690,118450
ORD-2025-031833,11-Sep-25,CUS-02062,PRD-0090,28,37690,1055320
ORD-2025-031834,11-Sep-25,CUS-00865,PRD-0090,8,37690,301520
ORD-2025-031835,11-Sep-25,CUS-01668,PRD-0090,11,37690,414590
ORD-2025-031843,11-Sep-25,CUS-01741,PRD-0118,9,23110,207990
ORD-2025-031844,11-Sep-25,CUS-01528,PRD-0120,1,14740,14740
ORD-2025-031847,11-Sep-25,CUS-01067,PRD-0122,15,19140,287100
ORD-2025-031849,11-Sep-25,CUS-01113,PRD-0136,13,54950,714350
ORD-2025-031850,11-Sep-25,CUS-00275,PRD-0140,6,27740,166440
ORD-2025-031852,11-Sep-25,CUS-00858,PRD-0144,9,31990,287910
ORD-2025-031862,11-Sep-25,CUS-01496,PRD-0156,23,58570,1347110
ORD-2025-031869,11-Sep-25,CUS-01324,PRD-0170,5,17370,86850
ORD-2025-031871,12-Sep-25,CUS-01262,PRD-0004,6,4490,26940
ORD-2025-031876,12-Sep-25,CUS-00033,PRD-0017,6,39680,238080
ORD-2025-031883,12-Sep-25,CUS-01359,PRD-0037,6,25650,153900
ORD-2025-031890,12-Sep-25,CUS-00966,PRD-0061,4,16320,65280
ORD-2025-031902,12-Sep-25,CUS-01691,PRD-0084,12,27760,333120
ORD-2025-031908,12-Sep-25,CUS-01735,PRD-0090,5,37690,188450
ORD-2025-031910,12-Sep-25,CUS-01706,PRD-0094,6,22360,134160
ORD-2025-031914,12-Sep-25,CUS-01690,PRD-0108,10,30750,307500
ORD-2025-031917,12-Sep-25,CUS-02428,PRD-0109,1,30700,30700
ORD-2025-031918,12-Sep-25,CUS-00074,PRD-0110,4,30350,121400
ORD-2025-031922,12-Sep-25,CUS-01712,PRD-0118,3,23110,69330
ORD-2025-031932,12-Sep-25,CUS-01138,PRD-0142,6,52030,312180
ORD-2025-031935,12-Sep-25,CUS-01437,PRD-0146,9,34820,313380
ORD-2025-031939,12-Sep-25,CUS-01608,PRD-0150,10,47850,478500
ORD-2025-031940,12-Sep-25,CUS-00259,PRD-0150,2,47850,95700
ORD-2025-031943,12-Sep-25,CUS-00255,PRD-0151,8,42840,342720
ORD-2025-031951,12-Sep-25,CUS-01264,PRD-0156,4,58570,234280
ORD-2025-031952,12-Sep-25,CUS-00438,PRD-0156,1,58570,58570
ORD-2025-031957,12-Sep-25,CUS-00509,PRD-0166,13,25650,333450
ORD-2025-031958,13-Sep-25,CUS-01020,PRD-0002,1,5180,5180
ORD-2025-031959,13-Sep-25,CUS-02012,PRD-0004,12,4490,53880
ORD-2025-031962,13-Sep-25,CUS-00667,PRD-0019,12,31240,374880
ORD-2025-031963,13-Sep-25,CUS-00010,PRD-0031,7,36660,256620
ORD-2025-031964,13-Sep-25,CUS-00818,PRD-0035,2,13660,27320
ORD-2025-031972,13-Sep-25,CUS-01138,PRD-0061,7,16320,114240
ORD-2025-031985,13-Sep-25,CUS-01467,PRD-0090,6,37690,226140
ORD-2025-031995,13-Sep-25,CUS-00149,PRD-0121,1,26430,26430
ORD-2025-031996,13-Sep-25,CUS-01983,PRD-0121,6,26430,158580
ORD-2025-031999,13-Sep-25,CUS-00827,PRD-0128,2,20590,41180
ORD-2025-032001,13-Sep-25,CUS-01815,PRD-0151,4,42840,171360
ORD-2025-032016,14-Sep-25,CUS-01097,PRD-0073,3,37930,113790
ORD-2025-032017,14-Sep-25,CUS-00660,PRD-0090,2,37690,75380
ORD-2025-032018,14-Sep-25,CUS-00692,PRD-0090,16,37690,603040
ORD-2025-032019,14-Sep-25,CUS-02012,PRD-0107,12,39590,475080
ORD-2025-032023,14-Sep-25,CUS-02264,PRD-0139,6,33360,200160
ORD-2025-032026,14-Sep-25,CUS-01909,PRD-0156,8,58570,468560
ORD-2025-032027,14-Sep-25,CUS-02242,PRD-0156,4,58570,234280
ORD-2025-032032,15-Sep-25,CUS-02456,PRD-0006,25,3060,76500
ORD-2025-032038,15-Sep-25,CUS-00276,PRD-0019,3,31240,93720
ORD-2025-032042,15-Sep-25,CUS-01142,PRD-0031,5,36660,183300
ORD-2025-032053,15-Sep-25,CUS-00300,PRD-0053,8,38950,311600
ORD-2025-032056,15-Sep-25,CUS-02183,PRD-0057,7,18040,126280
ORD-2025-032057,15-Sep-25,CUS-01478,PRD-0057,3,18040,54120
ORD-2025-032058,15-Sep-25,CUS-02022,PRD-0058,9,17980,161820
ORD-2025-032066,15-Sep-25,CUS-00229,PRD-0062,3,17890,53670
ORD-2025-032071,15-Sep-25,CUS-00417,PRD-0077,7,31120,217840
ORD-2025-032074,15-Sep-25,CUS-01487,PRD-0079,8,46870,374960
ORD-2025-032085,15-Sep-25,CUS-00090,PRD-0090,3,37690,113070
ORD-2025-032086,15-Sep-25,CUS-01558,PRD-0090,2,37690,75380
ORD-2025-032087,15-Sep-25,CUS-00923,PRD-0090,7,37690,263830
ORD-2025-032088,15-Sep-25,CUS-02252,PRD-0090,9,37690,339210
ORD-2025-032099,15-Sep-25,CUS-00878,PRD-0108,39,30750,1199250
ORD-2025-032102,15-Sep-25,CUS-00583,PRD-0109,3,30700,92100
ORD-2025-032114,15-Sep-25,CUS-00089,PRD-0131,15,31140,467100
ORD-2025-032117,15-Sep-25,CUS-00033,PRD-0135,4,32900,131600
ORD-2025-032121,15-Sep-25,CUS-00568,PRD-0145,3,31800,95400
ORD-2025-032138,16-Sep-25,CUS-00033,PRD-0001,12,4970,59640
ORD-2025-032139,16-Sep-25,CUS-00104,PRD-0004,4,4490,17960
ORD-2025-032142,16-Sep-25,CUS-01893,PRD-0008,13,16360,212680
ORD-2025-032143,16-Sep-25,CUS-01360,PRD-0016,37,42680,1579160
ORD-2025-032144,16-Sep-25,CUS-00347,PRD-0016,2,42680,85360
ORD-2025-032145,16-Sep-25,CUS-02384,PRD-0023,11,16940,186340
ORD-2025-032147,16-Sep-25,CUS-01609,PRD-0035,16,13660,218560
ORD-2025-032148,16-Sep-25,CUS-01667,PRD-0037,3,25650,76950
ORD-2025-032153,16-Sep-25,CUS-01154,PRD-0044,4,8810,35240
ORD-2025-032167,16-Sep-25,CUS-01875,PRD-0081,12,42190,506280
ORD-2025-032177,16-Sep-25,CUS-00438,PRD-0086,4,28180,112720
ORD-2025-032184,16-Sep-25,CUS-01721,PRD-0090,3,37690,113070
ORD-2025-032185,16-Sep-25,CUS-00558,PRD-0090,6,37690,226140
ORD-2025-032193,16-Sep-25,CUS-01036,PRD-0100,12,20780,249360
ORD-2025-032194,16-Sep-25,CUS-01650,PRD-0102,8,17050,136400
ORD-2025-032196,16-Sep-25,CUS-02354,PRD-0109,3,30700,92100
ORD-2025-032197,16-Sep-25,CUS-02219,PRD-0109,7,30700,214900
ORD-2025-032198,16-Sep-25,CUS-00657,PRD-0110,15,30350,455250
ORD-2025-032201,16-Sep-25,CUS-01309,PRD-0116,14,17680,247520
ORD-2025-032206,16-Sep-25,CUS-01242,PRD-0125,18,15380,276840
ORD-2025-032207,16-Sep-25,CUS-01528,PRD-0125,8,15380,123040
ORD-2025-032208,16-Sep-25,CUS-01669,PRD-0125,7,15380,107660
ORD-2025-032209,16-Sep-25,CUS-02215,PRD-0126,6,29270,175620
ORD-2025-032210,16-Sep-25,CUS-00454,PRD-0132,1,38360,38360
ORD-2025-032221,16-Sep-25,CUS-00033,PRD-0153,3,24220,72660
ORD-2025-032229,16-Sep-25,CUS-00204,PRD-0165,16,23380,374080
ORD-2025-032235,17-Sep-25,CUS-01827,PRD-0018,1,62570,62570
ORD-2025-032237,17-Sep-25,CUS-01497,PRD-0023,7,16940,118580
ORD-2025-032239,17-Sep-25,CUS-00021,PRD-0037,2,25650,51300
ORD-2025-032242,17-Sep-25,CUS-01527,PRD-0047,5,19060,95300
ORD-2025-032251,17-Sep-25,CUS-00394,PRD-0077,9,31120,280080
ORD-2025-032261,17-Sep-25,CUS-02085,PRD-0090,11,37690,414590
ORD-2025-032268,17-Sep-25,CUS-02471,PRD-0103,3,38480,115440
ORD-2025-032270,17-Sep-25,CUS-02128,PRD-0106,4,41890,167560
ORD-2025-032280,17-Sep-25,CUS-00583,PRD-0121,32,26430,845760
ORD-2025-032282,17-Sep-25,CUS-01537,PRD-0127,21,16760,351960
ORD-2025-032287,17-Sep-25,CUS-00618,PRD-0142,4,52030,208120
ORD-2025-032293,17-Sep-25,CUS-01160,PRD-0150,8,47850,382800
ORD-2025-032300,17-Sep-25,CUS-00417,PRD-0153,14,24220,339080
ORD-2025-032302,17-Sep-25,CUS-01257,PRD-0156,5,58570,292850
ORD-2025-032305,17-Sep-25,CUS-02035,PRD-0160,6,32940,197640
ORD-2025-032306,17-Sep-25,CUS-00172,PRD-0161,6,32640,195840
ORD-2025-032309,17-Sep-25,CUS-01486,PRD-0170,14,17370,243180
ORD-2025-032310,18-Sep-25,CUS-00174,PRD-0004,11,4490,49390
ORD-2025-032311,18-Sep-25,CUS-00761,PRD-0004,9,4490,40410
ORD-2025-032312,18-Sep-25,CUS-02264,PRD-0004,20,4490,89800
ORD-2025-032316,18-Sep-25,CUS-01412,PRD-0008,8,16360,130880
ORD-2025-032323,18-Sep-25,CUS-01206,PRD-0033,2,11040,22080
ORD-2025-032336,18-Sep-25,CUS-00922,PRD-0076,5,28050,140250
ORD-2025-032337,18-Sep-25,CUS-02084,PRD-0077,10,31120,311200
ORD-2025-032343,18-Sep-25,CUS-02242,PRD-0086,31,28180,873580
ORD-2025-032352,18-Sep-25,CUS-00964,PRD-0100,11,20780,228580
ORD-2025-032355,18-Sep-25,CUS-00001,PRD-0110,7,30350,212450
ORD-2025-032356,18-Sep-25,CUS-01814,PRD-0118,4,23110,92440
ORD-2025-032363,18-Sep-25,CUS-01507,PRD-0131,1,31140,31140
ORD-2025-032373,18-Sep-25,CUS-00090,PRD-0160,3,32940,98820
ORD-2025-032380,18-Sep-25,CUS-00382,PRD-0163,6,27790,166740
ORD-2025-032386,19-Sep-25,CUS-02279,PRD-0004,2,4490,8980
ORD-2025-032390,19-Sep-25,CUS-02400,PRD-0037,7,25650,179550
ORD-2025-032394,19-Sep-25,CUS-02144,PRD-0047,1,19060,19060
ORD-2025-032395,19-Sep-25,CUS-00017,PRD-0048,32,16870,539840
ORD-2025-032406,19-Sep-25,CUS-00953,PRD-0078,19,33720,640680
ORD-2025-032407,19-Sep-25,CUS-00927,PRD-0078,2,33720,67440
ORD-2025-032409,19-Sep-25,CUS-01936,PRD-0081,6,42190,253140
ORD-2025-032410,19-Sep-25,CUS-00778,PRD-0083,16,23690,379040
ORD-2025-032413,19-Sep-25,CUS-00672,PRD-0086,12,28180,338160
ORD-2025-032414,19-Sep-25,CUS-00117,PRD-0086,6,28180,169080
ORD-2025-032418,19-Sep-25,CUS-00444,PRD-0090,19,37690,716110
ORD-2025-032419,19-Sep-25,CUS-02323,PRD-0090,16,37690,603040
ORD-2025-032422,19-Sep-25,CUS-00727,PRD-0091,7,27010,189070
ORD-2025-032425,19-Sep-25,CUS-01608,PRD-0098,9,15320,137880
ORD-2025-032435,19-Sep-25,CUS-00799,PRD-0115,8,21210,169680
ORD-2025-032440,19-Sep-25,CUS-01081,PRD-0121,7,26430,185010
ORD-2025-032446,19-Sep-25,CUS-02257,PRD-0128,7,20590,144130
ORD-2025-032451,19-Sep-25,CUS-01189,PRD-0142,3,52030,156090
ORD-2025-032453,19-Sep-25,CUS-00262,PRD-0145,17,31800,540600
ORD-2025-032458,19-Sep-25,CUS-00912,PRD-0151,12,42840,514080
ORD-2025-032461,19-Sep-25,CUS-00833,PRD-0161,2,32640,65280
ORD-2025-032466,20-Sep-25,CUS-01246,PRD-0005,4,3110,12440
ORD-2025-032470,20-Sep-25,CUS-02053,PRD-0016,16,42680,682880
ORD-2025-032492,20-Sep-25,CUS-01359,PRD-0090,11,37690,414590
ORD-2025-032493,20-Sep-25,CUS-00226,PRD-0090,3,37690,113070
ORD-2025-032493,20-Sep-25,CUS-00226,PRD-0090,3,37690,113070
ORD-2025-032499,20-Sep-25,CUS-00001,PRD-0102,10,17050,170500
ORD-2025-032525,21-Sep-25,CUS-00575,PRD-0074,6,38390,230340
ORD-2025-032527,21-Sep-25,CUS-01934,PRD-0077,2,31120,62240
ORD-2025-032533,21-Sep-25,CUS-00117,PRD-0130,31,13600,421600
ORD-2025-032533,21-Sep-25,CUS-00117,PRD-0130,31,13600,421600
ORD-2025-032540,21-Sep-25,CUS-00713,PRD-0162,5,28900,144500
ORD-2025-032544,22-Sep-25,CUS-02158,PRD-0004,3,4490,13470
ORD-2025-032549,22-Sep-25,CUS-01528,PRD-0018,8,62570,500560
ORD-2025-032557,22-Sep-25,CUS-00852,PRD-0045,6,7340,44040
ORD-2025-032561,22-Sep-25,CUS-01209,PRD-0051,12,43070,516840
ORD-2025-032565,22-Sep-25,CUS-01373,PRD-0068,7,16320,114240
ORD-2025-032565,22-Sep-25,CUS-01373,PRD-0068,7,16320,114240
ORD-2025-032578,22-Sep-25,CUS-01875,PRD-0086,8,28180,225440
ORD-2025-032583,22-Sep-25,CUS-01809,PRD-0090,5,37690,188450
ORD-2025-032584,22-Sep-25,CUS-00172,PRD-0090,7,37690,263830
ORD-2025-032586,22-Sep-25,CUS-00851,PRD-0093,4,23080,92320
ORD-2025-032597,22-Sep-25,CUS-01150,PRD-0118,9,23110,207990
ORD-2025-032601,22-Sep-25,CUS-00100,PRD-0122,12,19140,229680
ORD-2025-032607,22-Sep-25,CUS-00084,PRD-0142,2,52030,104060
ORD-2025-032613,22-Sep-25,CUS-00942,PRD-0156,7,58570,409990
ORD-2025-032619,22-Sep-25,CUS-02402,PRD-0166,6,25650,153900
ORD-2025-032633,23-Sep-25,CUS-00275,PRD-0037,7,25650,179550
ORD-2025-032639,23-Sep-25,CUS-00740,PRD-0049,10,18190,181900
ORD-2025-032644,23-Sep-25,CUS-00162,PRD-0059,6,50810,304860
ORD-2025-032645,23-Sep-25,CUS-00318,PRD-0063,3,15070,45210
ORD-2025-032649,23-Sep-25,CUS-00727,PRD-0078,4,33720,134880
ORD-2025-032650,23-Sep-25,CUS-00007,PRD-0078,6,33720,202320
ORD-2025-032654,23-Sep-25,CUS-00642,PRD-0083,14,23690,331660
ORD-2025-032655,23-Sep-25,CUS-02401,PRD-0085,5,32580,162900
ORD-2025-032661,23-Sep-25,CUS-00459,PRD-0090,3,37690,113070
ORD-2025-032663,23-Sep-25,CUS-02189,PRD-0091,20,27010,540200
ORD-2025-032668,23-Sep-25,CUS-02405,PRD-0108,1,30750,30750
ORD-2025-032669,23-Sep-25,CUS-02321,PRD-0108,8,30750,246000
ORD-2025-032671,23-Sep-25,CUS-00606,PRD-0113,4,10420,41680
ORD-2025-032677,23-Sep-25,CUS-00316,PRD-0123,12,14410,172920
ORD-2025-032682,23-Sep-25,CUS-02097,PRD-0125,4,15380,61520
ORD-2025-032691,23-Sep-25,CUS-01853,PRD-0144,16,31990,511840
ORD-2025-032695,23-Sep-25,CUS-00105,PRD-0151,4,42840,171360
ORD-2025-032696,23-Sep-25,CUS-00966,PRD-0151,5,42840,214200
ORD-2025-032700,23-Sep-25,CUS-01652,PRD-0157,13,24810,322530
ORD-2025-032703,23-Sep-25,CUS-00957,PRD-0161,16,32640,522240
ORD-2025-032707,23-Sep-25,CUS-00079,PRD-0163,2,27790,55580
ORD-2025-032713,24-Sep-25,CUS-00830,PRD-0015,5,8500,42500
ORD-2025-032726,24-Sep-25,CUS-00104,PRD-0068,6,16320,97920
ORD-2025-032740,24-Sep-25,CUS-02141,PRD-0090,13,37690,489970
ORD-2025-032756,24-Sep-25,CUS-02048,PRD-0120,24,14740,353760
ORD-2025-032757,24-Sep-25,CUS-00209,PRD-0120,4,14740,58960
ORD-2025-032758,24-Sep-25,CUS-00827,PRD-0121,9,26430,237870
ORD-2025-032764,24-Sep-25,CUS-00856,PRD-0128,3,20590,61770
ORD-2025-032765,24-Sep-25,CUS-01395,PRD-0134,1,34970,34970
ORD-2025-032769,24-Sep-25,CUS-00827,PRD-0137,3,27650,82950
ORD-2025-032786,25-Sep-25,CUS-00592,PRD-0004,10,4490,44900
ORD-2025-032787,25-Sep-25,CUS-00830,PRD-0004,6,4490,26940
ORD-2025-032804,25-Sep-25,CUS-00030,PRD-0061,8,16320,130560
ORD-2025-032805,25-Sep-25,CUS-02379,PRD-0062,6,17890,107340
ORD-2025-032806,25-Sep-25,CUS-00337,PRD-0064,7,36350,254450
ORD-2025-032808,25-Sep-25,CUS-02141,PRD-0070,25,19240,481000
ORD-2025-032815,25-Sep-25,CUS-01971,PRD-0084,8,27760,222080
ORD-2025-032823,25-Sep-25,CUS-02427,PRD-0090,13,37690,489970
ORD-2025-032830,25-Sep-25,CUS-01309,PRD-0098,4,15320,61280
ORD-2025-032831,25-Sep-25,CUS-00156,PRD-0099,9,14380,129420
ORD-2025-032840,25-Sep-25,CUS-00030,PRD-0123,7,14410,100870
ORD-2025-032842,25-Sep-25,CUS-00852,PRD-0125,7,15380,107660
ORD-2025-032845,25-Sep-25,CUS-02195,PRD-0141,8,38600,308800
ORD-2025-032853,25-Sep-25,CUS-01992,PRD-0151,6,42840,257040
ORD-2025-032858,25-Sep-25,CUS-02062,PRD-0161,3,32640,97920
ORD-2025-032859,25-Sep-25,CUS-00973,PRD-0164,13,19920,258960
ORD-2025-032865,26-Sep-25,CUS-01801,PRD-0016,1,42680,42680
ORD-2025-032868,26-Sep-25,CUS-01514,PRD-0018,7,62570,437990
ORD-2025-032876,26-Sep-25,CUS-01894,PRD-0039,7,14770,103390
ORD-2025-032877,26-Sep-25,CUS-00008,PRD-0047,17,19060,324020
ORD-2025-032879,26-Sep-25,CUS-00490,PRD-0051,19,43070,818330
ORD-2025-032881,26-Sep-25,CUS-01969,PRD-0060,24,57540,1380960
ORD-2025-032904,26-Sep-25,CUS-00642,PRD-0090,1,37690,37690
ORD-2025-032910,26-Sep-25,CUS-01106,PRD-0111,8,12240,97920
ORD-2025-032913,26-Sep-25,CUS-01679,PRD-0120,1,14740,14740
ORD-2025-032914,26-Sep-25,CUS-01609,PRD-0121,25,26430,660750
ORD-2025-032920,26-Sep-25,CUS-01106,PRD-0142,2,52030,104060
ORD-2025-032926,26-Sep-25,CUS-01134,PRD-0154,19,42470,806930
ORD-2025-032933,26-Sep-25,CUS-01020,PRD-0160,5,32940,164700
ORD-2025-032947,27-Sep-25,CUS-01138,PRD-0005,1,3110,3110
ORD-2025-032953,27-Sep-25,CUS-00532,PRD-0046,6,17360,104160
ORD-2025-032954,27-Sep-25,CUS-02222,PRD-0047,5,19060,95300
ORD-2025-032956,27-Sep-25,CUS-01437,PRD-0052,7,43630,305410
ORD-2025-032957,27-Sep-25,CUS-00962,PRD-0052,11,43630,479930
ORD-2025-032960,27-Sep-25,CUS-00012,PRD-0068,36,16320,587520
ORD-2025-032961,27-Sep-25,CUS-02439,PRD-0070,7,19240,134680
ORD-2025-032964,27-Sep-25,CUS-02435,PRD-0082,12,30730,368760
ORD-2025-032968,27-Sep-25,CUS-00100,PRD-0086,13,28180,366340
ORD-2025-032977,27-Sep-25,CUS-00672,PRD-0100,11,20780,228580
ORD-2025-032987,27-Sep-25,CUS-01041,PRD-0122,2,19140,38280
ORD-2025-032988,27-Sep-25,CUS-01809,PRD-0123,5,14410,72050
ORD-2025-032990,27-Sep-25,CUS-00847,PRD-0135,6,32900,197400
ORD-2025-032995,27-Sep-25,CUS-01608,PRD-0151,5,42840,214200
ORD-2025-032998,27-Sep-25,CUS-02275,PRD-0160,11,32940,362340
ORD-2025-033000,27-Sep-25,CUS-02183,PRD-0161,19,32640,620160
ORD-2025-033001,27-Sep-25,CUS-02464,PRD-0161,4,32640,130560
ORD-2025-033002,27-Sep-25,CUS-00618,PRD-0161,10,32640,326400
ORD-2025-033014,28-Sep-25,CUS-00746,PRD-0077,8,31120,248960
ORD-2025-033018,28-Sep-25,CUS-01622,PRD-0098,9,15320,137880
ORD-2025-033022,28-Sep-25,CUS-01794,PRD-0153,6,24220,145320
ORD-2025-033024,28-Sep-25,CUS-01113,PRD-0168,17,19490,331330
ORD-2025-033025,29-Sep-25,CUS-00778,PRD-0002,14,5180,72520
ORD-2025-033027,29-Sep-25,CUS-00816,PRD-0005,5,3110,15550
ORD-2025-033033,29-Sep-25,CUS-00417,PRD-0031,7,36660,256620
ORD-2025-033046,29-Sep-25,CUS-00119,PRD-0063,17,15070,256190
ORD-2025-033058,29-Sep-25,CUS-01324,PRD-0083,4,23690,94760
ORD-2025-033068,29-Sep-25,CUS-00585,PRD-0090,10,37690,376900
ORD-2025-033069,29-Sep-25,CUS-01259,PRD-0090,5,37690,188450
ORD-2025-033070,29-Sep-25,CUS-01047,PRD-0090,15,37690,565350
ORD-2025-033071,29-Sep-25,CUS-00055,PRD-0090,12,37690,452280
ORD-2025-033076,29-Sep-25,CUS-00043,PRD-0100,10,20780,207800
ORD-2025-033079,29-Sep-25,CUS-01507,PRD-0103,13,38480,500240
ORD-2025-033096,29-Sep-25,CUS-01142,PRD-0138,5,27020,135100
ORD-2025-033099,29-Sep-25,CUS-00527,PRD-0146,10,34820,348200
ORD-2025-033109,29-Sep-25,CUS-00948,PRD-0153,12,24220,290640
ORD-2025-033111,29-Sep-25,CUS-02134,PRD-0156,22,58570,1288540
ORD-2025-033113,29-Sep-25,CUS-01801,PRD-0160,25,32940,823500
ORD-2025-033115,29-Sep-25,CUS-01187,PRD-0161,5,32640,163200
ORD-2025-033118,29-Sep-25,CUS-02126,PRD-0170,30,17370,521100
ORD-2025-033119,30-Sep-25,CUS-00394,PRD-0003,7,4840,33880
ORD-2025-033130,30-Sep-25,CUS-02035,PRD-0044,1,8810,8810
ORD-2025-033131,30-Sep-25,CUS-01893,PRD-0045,6,7340,44040
ORD-2025-033132,30-Sep-25,CUS-02329,PRD-0050,4,5420,21680
ORD-2025-033145,30-Sep-25,CUS-00816,PRD-0071,12,17380,208560
ORD-2025-033146,30-Sep-25,CUS-01667,PRD-0072,17,42600,724200
ORD-2025-033154,30-Sep-25,CUS-01373,PRD-0081,9,42190,379710
ORD-2025-033157,30-Sep-25,CUS-00816,PRD-0083,2,23690,47380
ORD-2025-033165,30-Sep-25,CUS-00162,PRD-0093,11,23080,253880
ORD-2025-033168,30-Sep-25,CUS-00038,PRD-0100,14,20780,290920
ORD-2025-033171,30-Sep-25,CUS-00276,PRD-0113,5,10420,52100
ORD-2025-033173,30-Sep-25,CUS-02130,PRD-0120,6,14740,88440
ORD-2025-033177,30-Sep-25,CUS-00184,PRD-0125,3,15380,46140
ORD-2025-033181,30-Sep-25,CUS-01983,PRD-0135,6,32900,197400
ORD-2025-033186,30-Sep-25,CUS-01381,PRD-0143,9,48640,437760
ORD-2025-033187,30-Sep-25,CUS-01617,PRD-0144,2,31990,63980
ORD-2025-033200,30-Sep-25,CUS-01950,PRD-0160,5,32940,164700
ORD-2025-033204,30-Sep-25,CUS-00846,PRD-0166,1,25650,25650
ORD-2025-033208,01-Oct-25,CUS-02146,PRD-0004,21,4490,94290
ORD-2025-033211,01-Oct-25,CUS-01491,PRD-0016,8,42680,341440
ORD-2025-033216,01-Oct-25,CUS-02021,PRD-0030,11,25250,277750
ORD-2025-033220,01-Oct-25,CUS-00620,PRD-0040,7,14100,98700
ORD-2025-033221,01-Oct-25,CUS-01106,PRD-0041,11,6830,75130
ORD-2025-033226,01-Oct-25,CUS-02260,PRD-0061,11,16320,179520
ORD-2025-033227,01-Oct-25,CUS-01083,PRD-0062,11,17890,196790
ORD-2025-033231,01-Oct-25,CUS-00224,PRD-0074,36,38390,1382040
ORD-2025-033240,01-Oct-25,CUS-00165,PRD-0090,8,37690,301520
ORD-2025-033241,01-Oct-25,CUS-00675,PRD-0090,10,37690,376900
ORD-2025-033248,01-Oct-25,CUS-00299,PRD-0113,34,10420,354280
ORD-2025-033256,01-Oct-25,CUS-02286,PRD-0125,1,15380,15380
ORD-2025-033263,01-Oct-25,CUS-02264,PRD-0142,5,52030,260150
ORD-2025-033266,01-Oct-25,CUS-00808,PRD-0147,4,32330,129320
ORD-2025-033267,01-Oct-25,CUS-02411,PRD-0147,3,32330,96990
ORD-2025-033271,01-Oct-25,CUS-02234,PRD-0151,10,42840,428400
ORD-2025-033273,01-Oct-25,CUS-01278,PRD-0154,11,42470,467170
ORD-2025-033276,01-Oct-25,CUS-02048,PRD-0158,5,33720,168600
ORD-2025-033277,01-Oct-25,CUS-01976,PRD-0160,16,32940,527040
ORD-2025-033283,01-Oct-25,CUS-01622,PRD-0166,10,25650,256500
ORD-2025-033287,02-Oct-25,CUS-00001,PRD-0004,9,4490,40410
ORD-2025-033288,02-Oct-25,CUS-00509,PRD-0011,5,17170,85850
ORD-2025-033293,02-Oct-25,CUS-00870,PRD-0019,1,31240,31240
ORD-2025-033293,02-Oct-25,CUS-00870,PRD-0019,1,31240,31240
ORD-2025-033295,02-Oct-25,CUS-01896,PRD-0025,4,5090,20360
ORD-2025-033296,02-Oct-25,CUS-01726,PRD-0035,6,13660,81960
ORD-2025-033297,02-Oct-25,CUS-02001,PRD-0039,10,14770,147700
ORD-2025-033303,02-Oct-25,CUS-01914,PRD-0057,6,18040,108240
ORD-2025-033306,02-Oct-25,CUS-00932,PRD-0076,9,28050,252450
ORD-2025-033314,02-Oct-25,CUS-00701,PRD-0083,3,23690,71070
ORD-2025-033323,02-Oct-25,CUS-01279,PRD-0090,3,37690,113070
ORD-2025-033324,02-Oct-25,CUS-01915,PRD-0090,6,37690,226140
ORD-2025-033328,02-Oct-25,CUS-00021,PRD-0100,13,20780,270140
ORD-2025-033332,02-Oct-25,CUS-01755,PRD-0118,8,23110,184880
ORD-2025-033335,02-Oct-25,CUS-01264,PRD-0121,1,26430,26430
ORD-2025-033340,02-Oct-25,CUS-01723,PRD-0125,8,15380,123040
ORD-2025-033351,02-Oct-25,CUS-00705,PRD-0152,7,24900,174300
ORD-2025-033352,02-Oct-25,CUS-00858,PRD-0153,11,24220,266420
ORD-2025-033360,03-Oct-25,CUS-01609,PRD-0004,4,4490,17960
ORD-2025-033360,03-Oct-25,CUS-01609,PRD-0004,4,4490,17960
ORD-2025-033364,03-Oct-25,CUS-00013,PRD-0019,5,31240,156200
ORD-2025-033365,03-Oct-25,CUS-01225,PRD-0020,3,29210,87630
ORD-2025-033368,03-Oct-25,CUS-00962,PRD-0031,18,36660,659880
ORD-2025-033376,03-Oct-25,CUS-00482,PRD-0048,7,16870,118090
ORD-2025-033377,03-Oct-25,CUS-00665,PRD-0049,6,18190,109140
ORD-2025-033378,03-Oct-25,CUS-00438,PRD-0050,4,5420,21680
ORD-2025-033385,03-Oct-25,CUS-01099,PRD-0060,24,57540,1380960
ORD-2025-033388,03-Oct-25,CUS-01650,PRD-0063,19,15070,286330
ORD-2025-033389,03-Oct-25,CUS-01480,PRD-0077,5,31120,155600
ORD-2025-033390,03-Oct-25,CUS-00043,PRD-0077,5,31120,155600
ORD-2025-033391,03-Oct-25,CUS-02125,PRD-0077,8,31120,248960
ORD-2025-033405,03-Oct-25,CUS-00512,PRD-0090,7,37690,263830
ORD-2025-033407,03-Oct-25,CUS-00444,PRD-0091,2,27010,54020
ORD-2025-033412,03-Oct-25,CUS-01279,PRD-0100,14,20780,290920
ORD-2025-033420,03-Oct-25,CUS-02094,PRD-0108,3,30750,92250
ORD-2025-033428,03-Oct-25,CUS-02205,PRD-0122,4,19140,76560
ORD-2025-033433,03-Oct-25,CUS-02201,PRD-0128,7,20590,144130
ORD-2025-033437,03-Oct-25,CUS-00007,PRD-0139,9,33360,300240
ORD-2025-033443,03-Oct-25,CUS-00001,PRD-0151,5,42840,214200
ORD-2025-033443,03-Oct-25,CUS-00001,PRD-0151,5,42840,214200
ORD-2025-033447,03-Oct-25,CUS-01496,PRD-0160,4,32940,131760
ORD-2025-033449,03-Oct-25,CUS-01155,PRD-0161,13,32640,424320
ORD-2025-033455,04-Oct-25,CUS-00864,PRD-0008,4,16360,65440
ORD-2025-033462,04-Oct-25,CUS-01726,PRD-0035,3,13660,40980
ORD-2025-033466,04-Oct-25,CUS-00464,PRD-0060,3,57540,172620
ORD-2025-033471,04-Oct-25,CUS-02428,PRD-0068,9,16320,146880
ORD-2025-033494,04-Oct-25,CUS-02038,PRD-0100,4,20780,83120
ORD-2025-033495,04-Oct-25,CUS-02318,PRD-0100,11,20780,228580
ORD-2025-033499,04-Oct-25,CUS-02409,PRD-0108,26,30750,799500
ORD-2025-033506,04-Oct-25,CUS-02053,PRD-0142,26,52030,1352780
ORD-2025-033507,04-Oct-25,CUS-01412,PRD-0146,2,34820,69640
ORD-2025-033512,04-Oct-25,CUS-00305,PRD-0151,12,42840,514080
ORD-2025-033513,04-Oct-25,CUS-01950,PRD-0151,9,42840,385560
ORD-2025-033533,05-Oct-25,CUS-00437,PRD-0098,9,15320,137880
ORD-2025-033534,05-Oct-25,CUS-00225,PRD-0100,8,20780,166240
ORD-2025-033547,05-Oct-25,CUS-00007,PRD-0160,2,32940,65880
ORD-2025-033556,06-Oct-25,CUS-01413,PRD-0011,17,17170,291890
ORD-2025-033557,06-Oct-25,CUS-00381,PRD-0023,2,16940,33880
ORD-2025-033559,06-Oct-25,CUS-00674,PRD-0028,11,4910,54010
ORD-2025-033564,06-Oct-25,CUS-01947,PRD-0039,1,14770,14770
ORD-2025-033571,06-Oct-25,CUS-01683,PRD-0068,27,16320,440640
ORD-2025-033573,06-Oct-25,CUS-00512,PRD-0076,4,28050,112200
ORD-2025-033576,06-Oct-25,CUS-00642,PRD-0080,5,23900,119500
ORD-2025-033578,06-Oct-25,CUS-02276,PRD-0081,14,42190,590660
ORD-2025-033579,06-Oct-25,CUS-01357,PRD-0081,4,42190,168760
ORD-2025-033589,06-Oct-25,CUS-00541,PRD-0090,8,37690,301520
ORD-2025-033590,06-Oct-25,CUS-00701,PRD-0090,4,37690,150760
ORD-2025-033596,06-Oct-25,CUS-00043,PRD-0108,7,30750,215250
ORD-2025-033597,06-Oct-25,CUS-02384,PRD-0109,12,30700,368400
ORD-2025-033606,06-Oct-25,CUS-02456,PRD-0126,3,29270,87810
ORD-2025-033609,06-Oct-25,CUS-00544,PRD-0132,8,38360,306880
ORD-2025-033617,06-Oct-25,CUS-02281,PRD-0151,4,42840,171360
ORD-2025-033621,06-Oct-25,CUS-01182,PRD-0156,7,58570,409990
ORD-2025-033633,07-Oct-25,CUS-02292,PRD-0004,3,4490,13470
ORD-2025-033634,07-Oct-25,CUS-01340,PRD-0005,3,3110,9330
ORD-2025-033641,07-Oct-25,CUS-01527,PRD-0018,6,62570,375420
ORD-2025-033649,07-Oct-25,CUS-00010,PRD-0039,16,14770,236320
ORD-2025-033654,07-Oct-25,CUS-00657,PRD-0057,12,18040,216480
ORD-2025-033658,07-Oct-25,CUS-00830,PRD-0061,16,16320,261120
ORD-2025-033659,07-Oct-25,CUS-01579,PRD-0061,13,16320,212160
ORD-2025-033663,07-Oct-25,CUS-02382,PRD-0068,6,16320,97920
ORD-2025-033666,07-Oct-25,CUS-00525,PRD-0071,2,17380,34760
ORD-2025-033667,07-Oct-25,CUS-00740,PRD-0074,6,38390,230340
ORD-2025-033670,07-Oct-25,CUS-00852,PRD-0078,12,33720,404640
ORD-2025-033679,07-Oct-25,CUS-00299,PRD-0090,6,37690,226140
ORD-2025-033683,07-Oct-25,CUS-02144,PRD-0092,7,30260,211820
ORD-2025-033694,07-Oct-25,CUS-00209,PRD-0127,5,16760,83800
ORD-2025-033695,07-Oct-25,CUS-01195,PRD-0130,5,13600,68000
ORD-2025-033700,07-Oct-25,CUS-02367,PRD-0142,23,52030,1196690
ORD-2025-033702,07-Oct-25,CUS-00858,PRD-0145,3,31800,95400
ORD-2025-033703,07-Oct-25,CUS-02205,PRD-0147,5,32330,161650
ORD-2025-033711,07-Oct-25,CUS-02318,PRD-0157,6,24810,148860
ORD-2025-033725,08-Oct-25,CUS-01537,PRD-0013,4,11970,47880
ORD-2025-033736,08-Oct-25,CUS-02318,PRD-0057,20,18040,360800
ORD-2025-033745,08-Oct-25,CUS-02380,PRD-0080,4,23900,95600
ORD-2025-033747,08-Oct-25,CUS-02225,PRD-0083,2,23690,47380
ORD-2025-033748,08-Oct-25,CUS-00045,PRD-0084,1,27760,27760
ORD-2025-033750,08-Oct-25,CUS-01522,PRD-0085,5,32580,162900
ORD-2025-033762,08-Oct-25,CUS-01680,PRD-0100,17,20780,353260
ORD-2025-033764,08-Oct-25,CUS-02122,PRD-0113,2,10420,20840
ORD-2025-033767,08-Oct-25,CUS-01712,PRD-0117,18,17520,315360
ORD-2025-033771,08-Oct-25,CUS-00981,PRD-0120,6,14740,88440
ORD-2025-033776,08-Oct-25,CUS-00959,PRD-0125,7,15380,107660
ORD-2025-033777,08-Oct-25,CUS-00606,PRD-0125,4,15380,61520
ORD-2025-033782,08-Oct-25,CUS-02323,PRD-0141,2,38600,77200
ORD-2025-033790,08-Oct-25,CUS-01590,PRD-0156,4,58570,234280
ORD-2025-033791,08-Oct-25,CUS-01677,PRD-0160,3,32940,98820
ORD-2025-033800,09-Oct-25,CUS-00692,PRD-0005,4,3110,12440
ORD-2025-033801,09-Oct-25,CUS-01512,PRD-0005,14,3110,43540
ORD-2025-033801,09-Oct-25,CUS-01512,PRD-0005,14,3110,43540
ORD-2025-033809,09-Oct-25,CUS-01960,PRD-0036,6,20500,123000
ORD-2025-033812,09-Oct-25,CUS-00778,PRD-0040,3,14100,42300
ORD-2025-033841,09-Oct-25,CUS-01617,PRD-0090,7,37690,263830
ORD-2025-033842,09-Oct-25,CUS-02497,PRD-0090,7,37690,263830
ORD-2025-033845,09-Oct-25,CUS-01958,PRD-0098,1,15320,15320
ORD-2025-033857,09-Oct-25,CUS-02479,PRD-0125,11,15380,169180
ORD-2025-033861,09-Oct-25,CUS-01956,PRD-0137,7,27650,193550
ORD-2025-033869,09-Oct-25,CUS-01143,PRD-0147,3,32330,96990
ORD-2025-033876,09-Oct-25,CUS-01894,PRD-0151,1,42840,42840
ORD-2025-033877,09-Oct-25,CUS-01983,PRD-0151,3,42840,128520
ORD-2025-033883,09-Oct-25,CUS-01712,PRD-0166,2,25650,51300
ORD-2025-033886,10-Oct-25,CUS-01668,PRD-0007,5,17070,85350
ORD-2025-033886,10-Oct-25,CUS-01668,PRD-0007,5,17070,85350
ORD-2025-033901,10-Oct-25,CUS-00051,PRD-0060,2,57540,115080
ORD-2025-033902,10-Oct-25,CUS-00995,PRD-0061,4,16320,65280
ORD-2025-033923,10-Oct-25,CUS-00030,PRD-0105,10,41060,410600
ORD-2025-033930,10-Oct-25,CUS-00852,PRD-0118,12,23110,277320
ORD-2025-033940,10-Oct-25,CUS-01197,PRD-0125,8,15380,123040
ORD-2025-033943,10-Oct-25,CUS-00585,PRD-0135,18,32900,592200
ORD-2025-033952,10-Oct-25,CUS-02286,PRD-0151,6,42840,257040
ORD-2025-033953,10-Oct-25,CUS-00652,PRD-0151,5,42840,214200
ORD-2025-033957,10-Oct-25,CUS-00034,PRD-0156,5,58570,292850
ORD-2025-033961,10-Oct-25,CUS-01368,PRD-0161,5,32640,163200
ORD-2025-033963,10-Oct-25,CUS-00084,PRD-0167,11,14020,154220
ORD-2025-033965,11-Oct-25,CUS-00630,PRD-0007,1,17070,17070
ORD-2025-033965,11-Oct-25,CUS-00630,PRD-0007,1,17070,17070
ORD-2025-033972,11-Oct-25,CUS-01066,PRD-0028,4,4910,19640
ORD-2025-033975,11-Oct-25,CUS-01735,PRD-0048,8,16870,134960
ORD-2025-033986,11-Oct-25,CUS-02134,PRD-0068,10,16320,163200
ORD-2025-033989,11-Oct-25,CUS-00015,PRD-0078,3,33720,101160
ORD-2025-033998,11-Oct-25,CUS-00099,PRD-0098,12,15320,183840
ORD-2025-034001,11-Oct-25,CUS-00865,PRD-0100,20,20780,415600
ORD-2025-034002,11-Oct-25,CUS-01677,PRD-0100,9,20780,187020
ORD-2025-034011,11-Oct-25,CUS-01223,PRD-0125,7,15380,107660
ORD-2025-034017,11-Oct-25,CUS-00275,PRD-0145,21,31800,667800
ORD-2025-034019,11-Oct-25,CUS-02406,PRD-0149,7,45880,321160
ORD-2025-034028,11-Oct-25,CUS-01893,PRD-0161,5,32640,163200
ORD-2025-034032,12-Oct-25,CUS-01349,PRD-0004,10,4490,44900
ORD-2025-034044,12-Oct-25,CUS-01744,PRD-0082,6,30730,184380
ORD-2025-034045,12-Oct-25,CUS-01744,PRD-0085,7,32580,228060
ORD-2025-034051,12-Oct-25,CUS-02182,PRD-0090,18,37690,678420
ORD-2025-034058,12-Oct-25,CUS-02318,PRD-0120,5,14740,73700
ORD-2025-034064,12-Oct-25,CUS-00372,PRD-0156,3,58570,175710
ORD-2025-034065,12-Oct-25,CUS-02104,PRD-0164,12,19920,239040
ORD-2025-034077,13-Oct-25,CUS-02282,PRD-0023,11,16940,186340
ORD-2025-034090,13-Oct-25,CUS-02479,PRD-0065,7,34000,238000
ORD-2025-034094,13-Oct-25,CUS-00149,PRD-0079,12,46870,562440
ORD-2025-034100,13-Oct-25,CUS-02405,PRD-0090,6,37690,226140
ORD-2025-034101,13-Oct-25,CUS-01223,PRD-0090,4,37690,150760
ORD-2025-034104,13-Oct-25,CUS-01674,PRD-0092,4,30260,121040
ORD-2025-034105,13-Oct-25,CUS-02275,PRD-0098,7,15320,107240
ORD-2025-034111,13-Oct-25,CUS-01278,PRD-0101,3,22590,67770
ORD-2025-034117,13-Oct-25,CUS-02182,PRD-0108,2,30750,61500
ORD-2025-034119,13-Oct-25,CUS-00308,PRD-0113,4,10420,41680
ORD-2025-034120,13-Oct-25,CUS-01674,PRD-0113,2,10420,20840
ORD-2025-034121,13-Oct-25,CUS-01648,PRD-0118,1,23110,23110
ORD-2025-034122,13-Oct-25,CUS-01574,PRD-0118,21,23110,485310
ORD-2025-034123,13-Oct-25,CUS-00812,PRD-0118,17,23110,392870
ORD-2025-034125,13-Oct-25,CUS-01723,PRD-0121,30,26430,792900
ORD-2025-034127,13-Oct-25,CUS-01950,PRD-0125,10,15380,153800
ORD-2025-034128,13-Oct-25,CUS-00401,PRD-0125,5,15380,76900
ORD-2025-034129,13-Oct-25,CUS-02449,PRD-0125,7,15380,107660
ORD-2025-034133,13-Oct-25,CUS-01085,PRD-0137,3,27650,82950
ORD-2025-034142,13-Oct-25,CUS-02005,PRD-0151,2,42840,85680
ORD-2025-034146,13-Oct-25,CUS-01019,PRD-0156,8,58570,468560
ORD-2025-034147,13-Oct-25,CUS-01183,PRD-0156,20,58570,1171400
ORD-2025-034148,13-Oct-25,CUS-00636,PRD-0160,10,32940,329400
ORD-2025-034148,13-Oct-25,CUS-00636,PRD-0160,10,32940,329400
ORD-2025-034151,13-Oct-25,CUS-00948,PRD-0161,8,32640,261120
ORD-2025-034162,14-Oct-25,CUS-02141,PRD-0048,2,16870,33740
ORD-2025-034166,14-Oct-25,CUS-00602,PRD-0054,17,17260,293420
ORD-2025-034172,14-Oct-25,CUS-01206,PRD-0062,34,17890,608260
ORD-2025-034178,14-Oct-25,CUS-01809,PRD-0076,7,28050,196350
ORD-2025-034191,14-Oct-25,CUS-00944,PRD-0090,6,37690,226140
ORD-2025-034192,14-Oct-25,CUS-00585,PRD-0090,3,37690,113070
ORD-2025-034194,14-Oct-25,CUS-01790,PRD-0100,3,20780,62340
ORD-2025-034196,14-Oct-25,CUS-01246,PRD-0103,8,38480,307840
ORD-2025-034205,14-Oct-25,CUS-02158,PRD-0125,3,15380,46140
ORD-2025-034206,14-Oct-25,CUS-00990,PRD-0125,54,15380,830520
ORD-2025-034207,14-Oct-25,CUS-01126,PRD-0125,1,15380,15380
ORD-2025-034211,14-Oct-25,CUS-00764,PRD-0135,2,32900,65800
ORD-2025-034225,14-Oct-25,CUS-01567,PRD-0151,5,42840,214200
ORD-2025-034226,14-Oct-25,CUS-00124,PRD-0151,6,42840,257040
ORD-2025-034229,14-Oct-25,CUS-02367,PRD-0153,11,24220,266420
ORD-2025-034236,14-Oct-25,CUS-01762,PRD-0161,24,32640,783360
ORD-2025-034239,14-Oct-25,CUS-00619,PRD-0166,22,25650,564300
ORD-2025-034241,15-Oct-25,CUS-00219,PRD-0007,6,17070,102420
ORD-2025-034247,15-Oct-25,CUS-02442,PRD-0022,31,11680,362080
ORD-2025-034254,15-Oct-25,CUS-01038,PRD-0035,5,13660,68300
ORD-2025-034255,15-Oct-25,CUS-01911,PRD-0036,3,20500,61500
ORD-2025-034269,15-Oct-25,CUS-01097,PRD-0072,13,42600,553800
ORD-2025-034276,15-Oct-25,CUS-01795,PRD-0077,6,31120,186720
ORD-2025-034287,15-Oct-25,CUS-01896,PRD-0090,5,37690,188450
ORD-2025-034288,15-Oct-25,CUS-00865,PRD-0098,2,15320,30640
ORD-2025-034289,15-Oct-25,CUS-02292,PRD-0099,2,14380,28760
ORD-2025-034304,15-Oct-25,CUS-00852,PRD-0125,19,15380,292220
ORD-2025-034310,15-Oct-25,CUS-00401,PRD-0139,32,33360,1067520
ORD-2025-034313,15-Oct-25,CUS-01814,PRD-0145,2,31800,63600
ORD-2025-034314,15-Oct-25,CUS-00001,PRD-0149,4,45880,183520
ORD-2025-034328,16-Oct-25,CUS-01914,PRD-0025,3,5090,15270
ORD-2025-034331,16-Oct-25,CUS-02219,PRD-0031,13,36660,476580
ORD-2025-034332,16-Oct-25,CUS-00761,PRD-0035,3,13660,40980
ORD-2025-034338,16-Oct-25,CUS-00175,PRD-0039,5,14770,73850
ORD-2025-034350,16-Oct-25,CUS-02249,PRD-0067,11,12380,136180
ORD-2025-034356,16-Oct-25,CUS-01279,PRD-0077,9,31120,280080
ORD-2025-034362,16-Oct-25,CUS-01648,PRD-0087,5,24070,120350
ORD-2025-034371,16-Oct-25,CUS-00666,PRD-0090,23,37690,866870
ORD-2025-034376,16-Oct-25,CUS-00966,PRD-0091,9,27010,243090
ORD-2025-034381,16-Oct-25,CUS-01853,PRD-0108,7,30750,215250
ORD-2025-034383,16-Oct-25,CUS-00051,PRD-0116,9,17680,159120
ORD-2025-034387,16-Oct-25,CUS-00962,PRD-0122,8,19140,153120
ORD-2025-034391,16-Oct-25,CUS-00992,PRD-0151,8,42840,342720
ORD-2025-034401,16-Oct-25,CUS-01154,PRD-0165,5,23380,116900
ORD-2025-034406,17-Oct-25,CUS-00548,PRD-0004,2,4490,8980
ORD-2025-034417,17-Oct-25,CUS-00441,PRD-0018,2,62570,125140
ORD-2025-034418,17-Oct-25,CUS-00966,PRD-0020,3,29210,87630
ORD-2025-034419,17-Oct-25,CUS-01209,PRD-0020,6,29210,175260
ORD-2025-034433,17-Oct-25,CUS-00331,PRD-0051,34,43070,1464380
ORD-2025-034435,17-Oct-25,CUS-01588,PRD-0055,12,16990,203880
ORD-2025-034437,17-Oct-25,CUS-02264,PRD-0057,13,18040,234520
ORD-2025-034438,17-Oct-25,CUS-00847,PRD-0057,4,18040,72160
ORD-2025-034440,17-Oct-25,CUS-00663,PRD-0061,9,16320,146880
ORD-2025-034443,17-Oct-25,CUS-01558,PRD-0067,15,12380,185700
ORD-2025-034452,17-Oct-25,CUS-02035,PRD-0082,4,30730,122920
ORD-2025-034455,17-Oct-25,CUS-01635,PRD-0083,4,23690,94760
ORD-2025-034465,17-Oct-25,CUS-02212,PRD-0090,2,37690,75380
ORD-2025-034466,17-Oct-25,CUS-00675,PRD-0090,75,37690,2826750
ORD-2025-034477,17-Oct-25,CUS-01600,PRD-0100,5,20780,103900
ORD-2025-034480,17-Oct-25,CUS-01125,PRD-0108,19,30750,584250
ORD-2025-034481,17-Oct-25,CUS-01497,PRD-0111,4,12240,48960
ORD-2025-034482,17-Oct-25,CUS-01992,PRD-0113,9,10420,93780
ORD-2025-034491,17-Oct-25,CUS-01794,PRD-0139,2,33360,66720
ORD-2025-034499,17-Oct-25,CUS-00051,PRD-0151,6,42840,257040
ORD-2025-034500,17-Oct-25,CUS-02400,PRD-0151,1,42840,42840
ORD-2025-034506,17-Oct-25,CUS-00333,PRD-0156,9,58570,527130
ORD-2025-034507,17-Oct-25,CUS-00740,PRD-0156,23,58570,1347110
ORD-2025-034509,17-Oct-25,CUS-01960,PRD-0160,3,32940,98820
ORD-2025-034520,18-Oct-25,CUS-00623,PRD-0004,7,4490,31430
ORD-2025-034533,18-Oct-25,CUS-02419,PRD-0048,6,16870,101220
ORD-2025-034535,18-Oct-25,CUS-01668,PRD-0060,3,57540,172620
ORD-2025-034538,18-Oct-25,CUS-01473,PRD-0065,10,34000,340000
ORD-2025-034540,18-Oct-25,CUS-02264,PRD-0075,5,34020,170100
ORD-2025-034542,18-Oct-25,CUS-01735,PRD-0086,7,28180,197260
ORD-2025-034554,18-Oct-25,CUS-01134,PRD-0115,11,21210,233310
ORD-2025-034562,18-Oct-25,CUS-00851,PRD-0151,8,42840,342720
ORD-2025-034562,18-Oct-25,CUS-00851,PRD-0151,8,42840,342720
ORD-2025-034564,18-Oct-25,CUS-01978,PRD-0161,10,32640,326400
ORD-2025-034567,19-Oct-25,CUS-02402,PRD-0035,4,13660,54640
ORD-2025-034568,19-Oct-25,CUS-00444,PRD-0048,3,16870,50610
ORD-2025-034569,19-Oct-25,CUS-00727,PRD-0048,6,16870,101220
ORD-2025-034575,19-Oct-25,CUS-00958,PRD-0084,23,27760,638480
ORD-2025-034605,20-Oct-25,CUS-00509,PRD-0041,28,6830,191240
ORD-2025-034616,20-Oct-25,CUS-02307,PRD-0065,12,34000,408000
ORD-2025-034618,20-Oct-25,CUS-00678,PRD-0067,2,12380,24760
ORD-2025-034629,20-Oct-25,CUS-00499,PRD-0081,10,42190,421900
ORD-2025-034631,20-Oct-25,CUS-00775,PRD-0084,7,27760,194320
ORD-2025-034633,20-Oct-25,CUS-01257,PRD-0085,10,32580,325800
ORD-2025-034634,20-Oct-25,CUS-00276,PRD-0085,5,32580,162900
ORD-2025-034638,20-Oct-25,CUS-01811,PRD-0089,10,13010,130100
ORD-2025-034659,20-Oct-25,CUS-02252,PRD-0117,18,17520,315360
ORD-2025-034667,20-Oct-25,CUS-02292,PRD-0121,7,26430,185010
ORD-2025-034671,20-Oct-25,CUS-01622,PRD-0125,15,15380,230700
ORD-2025-034674,20-Oct-25,CUS-00229,PRD-0131,10,31140,311400
ORD-2025-034676,20-Oct-25,CUS-02084,PRD-0132,4,38360,153440
ORD-2025-034685,20-Oct-25,CUS-00459,PRD-0144,8,31990,255920
ORD-2025-034686,20-Oct-25,CUS-00482,PRD-0145,20,31800,636000
ORD-2025-034689,20-Oct-25,CUS-02441,PRD-0151,8,42840,342720
ORD-2025-034699,20-Oct-25,CUS-00981,PRD-0161,7,32640,228480
ORD-2025-034703,20-Oct-25,CUS-00021,PRD-0166,6,25650,153900
ORD-2025-034712,21-Oct-25,CUS-01388,PRD-0018,7,62570,437990
ORD-2025-034716,21-Oct-25,CUS-00212,PRD-0033,5,11040,55200
ORD-2025-034721,21-Oct-25,CUS-00464,PRD-0056,9,25020,225180
ORD-2025-034722,21-Oct-25,CUS-01635,PRD-0057,4,18040,72160
ORD-2025-034723,21-Oct-25,CUS-00007,PRD-0057,14,18040,252560
ORD-2025-034724,21-Oct-25,CUS-00237,PRD-0057,2,18040,36080
ORD-2025-034725,21-Oct-25,CUS-00388,PRD-0057,4,18040,72160
ORD-2025-034728,21-Oct-25,CUS-02182,PRD-0061,6,16320,97920
ORD-2025-034746,21-Oct-25,CUS-02314,PRD-0084,10,27760,277600
ORD-2025-034751,21-Oct-25,CUS-01647,PRD-0086,12,28180,338160
ORD-2025-034757,21-Oct-25,CUS-00606,PRD-0090,7,37690,263830
ORD-2025-034758,21-Oct-25,CUS-02471,PRD-0090,24,37690,904560
ORD-2025-034760,21-Oct-25,CUS-00051,PRD-0091,2,27010,54020
ORD-2025-034777,21-Oct-25,CUS-02243,PRD-0125,6,15380,92280
ORD-2025-034778,21-Oct-25,CUS-00663,PRD-0125,6,15380,92280
ORD-2025-034781,21-Oct-25,CUS-01703,PRD-0127,5,16760,83800
ORD-2025-034783,21-Oct-25,CUS-01134,PRD-0132,3,38360,115080
ORD-2025-034785,21-Oct-25,CUS-01382,PRD-0142,6,52030,312180
ORD-2025-034786,21-Oct-25,CUS-02409,PRD-0144,7,31990,223930
ORD-2025-034787,21-Oct-25,CUS-00600,PRD-0144,18,31990,575820
ORD-2025-034788,21-Oct-25,CUS-00175,PRD-0145,5,31800,159000
ORD-2025-034789,21-Oct-25,CUS-00155,PRD-0149,3,45880,137640
ORD-2025-034792,21-Oct-25,CUS-00593,PRD-0151,9,42840,385560
ORD-2025-034796,21-Oct-25,CUS-02367,PRD-0160,13,32940,428220
ORD-2025-034801,22-Oct-25,CUS-01393,PRD-0002,4,5180,20720
ORD-2025-034805,22-Oct-25,CUS-01382,PRD-0004,6,4490,26940
ORD-2025-034812,22-Oct-25,CUS-00717,PRD-0017,7,39680,277760
ORD-2025-034822,22-Oct-25,CUS-00612,PRD-0035,17,13660,232220
ORD-2025-034824,22-Oct-25,CUS-02179,PRD-0037,6,25650,153900
ORD-2025-034825,22-Oct-25,CUS-02035,PRD-0037,18,25650,461700
ORD-2025-034835,22-Oct-25,CUS-02071,PRD-0061,3,16320,48960
ORD-2025-034841,22-Oct-25,CUS-02021,PRD-0075,7,34020,238140
ORD-2025-034843,22-Oct-25,CUS-01781,PRD-0080,16,23900,382400
ORD-2025-034844,22-Oct-25,CUS-00074,PRD-0083,15,23690,355350
ORD-2025-034853,22-Oct-25,CUS-00673,PRD-0090,4,37690,150760
ORD-2025-034854,22-Oct-25,CUS-00865,PRD-0090,2,37690,75380
ORD-2025-034860,22-Oct-25,CUS-02409,PRD-0100,13,20780,270140
ORD-2025-034861,22-Oct-25,CUS-01486,PRD-0102,14,17050,238700
ORD-2025-034863,22-Oct-25,CUS-01113,PRD-0106,3,41890,125670
ORD-2025-034864,22-Oct-25,CUS-02404,PRD-0108,5,30750,153750
ORD-2025-034865,22-Oct-25,CUS-00623,PRD-0108,14,30750,430500
ORD-2025-034867,22-Oct-25,CUS-00830,PRD-0111,5,12240,61200
ORD-2025-034875,22-Oct-25,CUS-02253,PRD-0125,1,15380,15380
ORD-2025-034876,22-Oct-25,CUS-00724,PRD-0125,2,15380,30760
ORD-2025-034880,22-Oct-25,CUS-00045,PRD-0131,7,31140,217980
ORD-2025-034891,22-Oct-25,CUS-02435,PRD-0156,4,58570,234280
ORD-2025-034892,22-Oct-25,CUS-00052,PRD-0156,7,58570,409990
ORD-2025-034902,23-Oct-25,CUS-01735,PRD-0016,6,42680,256080
ORD-2025-034903,23-Oct-25,CUS-01822,PRD-0019,6,31240,187440
ORD-2025-034905,23-Oct-25,CUS-02094,PRD-0031,3,36660,109980
ORD-2025-034915,23-Oct-25,CUS-00375,PRD-0061,2,16320,32640
ORD-2025-034916,23-Oct-25,CUS-01815,PRD-0061,12,16320,195840
ORD-2025-034923,23-Oct-25,CUS-02456,PRD-0068,12,16320,195840
ORD-2025-034933,23-Oct-25,CUS-01066,PRD-0086,7,28180,197260
ORD-2025-034961,23-Oct-25,CUS-01755,PRD-0108,7,30750,215250
ORD-2025-034971,23-Oct-25,CUS-01956,PRD-0126,2,29270,58540
ORD-2025-034974,23-Oct-25,CUS-00806,PRD-0135,4,32900,131600
ORD-2025-034989,23-Oct-25,CUS-00030,PRD-0153,4,24220,96880
ORD-2025-034991,23-Oct-25,CUS-01801,PRD-0155,4,65880,263520
ORD-2025-035006,24-Oct-25,CUS-02373,PRD-0003,7,4840,33880
ORD-2025-035015,24-Oct-25,CUS-00864,PRD-0026,4,4150,16600
ORD-2025-035016,24-Oct-25,CUS-01004,PRD-0031,26,36660,953160
ORD-2025-035017,24-Oct-25,CUS-01674,PRD-0031,15,36660,549900
ORD-2025-035019,24-Oct-25,CUS-00146,PRD-0039,15,14770,221550
ORD-2025-035021,24-Oct-25,CUS-00337,PRD-0052,6,43630,261780
ORD-2025-035028,24-Oct-25,CUS-01665,PRD-0057,8,18040,144320
ORD-2025-035029,24-Oct-25,CUS-02164,PRD-0057,9,18040,162360
ORD-2025-035040,24-Oct-25,CUS-01373,PRD-0083,4,23690,94760
ORD-2025-035042,24-Oct-25,CUS-00308,PRD-0084,2,27760,55520
ORD-2025-035043,24-Oct-25,CUS-01420,PRD-0084,4,27760,111040
ORD-2025-035054,24-Oct-25,CUS-02085,PRD-0090,7,37690,263830
ORD-2025-035063,24-Oct-25,CUS-01616,PRD-0100,4,20780,83120
ORD-2025-035064,24-Oct-25,CUS-01183,PRD-0100,3,20780,62340
ORD-2025-035065,24-Oct-25,CUS-01585,PRD-0100,4,20780,83120
ORD-2025-035066,24-Oct-25,CUS-00331,PRD-0100,11,20780,228580
ORD-2025-035081,24-Oct-25,CUS-01126,PRD-0125,2,15380,30760
ORD-2025-035085,24-Oct-25,CUS-01460,PRD-0145,20,31800,636000
ORD-2025-035090,24-Oct-25,CUS-02193,PRD-0151,10,42840,428400
ORD-2025-035090,24-Oct-25,CUS-02193,PRD-0151,10,42840,428400
ORD-2025-035094,24-Oct-25,CUS-02215,PRD-0160,7,32940,230580
ORD-2025-035101,24-Oct-25,CUS-00328,PRD-0166,5,25650,128250
ORD-2025-035109,25-Oct-25,CUS-00544,PRD-0026,1,4150,4150
ORD-2025-035111,25-Oct-25,CUS-02402,PRD-0039,15,14770,221550
ORD-2025-035120,25-Oct-25,CUS-00178,PRD-0086,3,28180,84540
ORD-2025-035123,25-Oct-25,CUS-01480,PRD-0090,9,37690,339210
ORD-2025-035130,25-Oct-25,CUS-00713,PRD-0103,13,38480,500240
ORD-2025-035140,25-Oct-25,CUS-01609,PRD-0150,20,47850,957000
ORD-2025-035148,25-Oct-25,CUS-00865,PRD-0166,3,25650,76950
ORD-2025-035150,26-Oct-25,CUS-00528,PRD-0004,6,4490,26940
ORD-2025-035151,26-Oct-25,CUS-00394,PRD-0008,6,16360,98160
ORD-2025-035153,26-Oct-25,CUS-00746,PRD-0026,7,4150,29050
ORD-2025-035160,26-Oct-25,CUS-00104,PRD-0082,2,30730,61460
ORD-2025-035162,26-Oct-25,CUS-00411,PRD-0086,6,28180,169080
ORD-2025-035166,26-Oct-25,CUS-00337,PRD-0090,2,37690,75380
ORD-2025-035172,26-Oct-25,CUS-00280,PRD-0118,2,23110,46220
ORD-2025-035176,26-Oct-25,CUS-00647,PRD-0150,1,47850,47850
ORD-2025-035179,26-Oct-25,CUS-01487,PRD-0151,2,42840,85680
ORD-2025-035180,26-Oct-25,CUS-00381,PRD-0151,2,42840,85680
ORD-2025-035181,26-Oct-25,CUS-00021,PRD-0151,28,42840,1199520
ORD-2025-035184,26-Oct-25,CUS-02134,PRD-0165,22,23380,514360
ORD-2025-035198,27-Oct-25,CUS-01257,PRD-0035,14,13660,191240
ORD-2025-035204,27-Oct-25,CUS-01225,PRD-0072,3,42600,127800
ORD-2025-035214,27-Oct-25,CUS-01024,PRD-0085,10,32580,325800
ORD-2025-035230,27-Oct-25,CUS-01264,PRD-0100,17,20780,353260
ORD-2025-035233,27-Oct-25,CUS-01504,PRD-0107,4,39590,158360
ORD-2025-035246,27-Oct-25,CUS-00666,PRD-0125,3,15380,46140
ORD-2025-035249,27-Oct-25,CUS-00821,PRD-0133,4,27960,111840
ORD-2025-035286,28-Oct-25,CUS-02428,PRD-0024,33,9800,323400
ORD-2025-035288,28-Oct-25,CUS-00597,PRD-0030,7,25250,176750
ORD-2025-035295,28-Oct-25,CUS-00831,PRD-0047,9,19060,171540
ORD-2025-035309,28-Oct-25,CUS-01794,PRD-0076,11,28050,308550
ORD-2025-035311,28-Oct-25,CUS-00632,PRD-0078,6,33720,202320
ORD-2025-035322,28-Oct-25,CUS-01813,PRD-0090,10,37690,376900
ORD-2025-035323,28-Oct-25,CUS-01467,PRD-0090,3,37690,113070
ORD-2025-035324,28-Oct-25,CUS-01514,PRD-0090,6,37690,226140
ORD-2025-035330,28-Oct-25,CUS-01149,PRD-0100,3,20780,62340
ORD-2025-035334,28-Oct-25,CUS-01824,PRD-0110,4,30350,121400
ORD-2025-035335,28-Oct-25,CUS-00105,PRD-0111,8,12240,97920
ORD-2025-035344,28-Oct-25,CUS-00017,PRD-0141,4,38600,154400
ORD-2025-035350,28-Oct-25,CUS-01780,PRD-0152,6,24900,149400
ORD-2025-035354,28-Oct-25,CUS-01706,PRD-0156,9,58570,527130
ORD-2025-035358,28-Oct-25,CUS-02464,PRD-0160,5,32940,164700
ORD-2025-035362,28-Oct-25,CUS-01478,PRD-0165,4,23380,93520
ORD-2025-035372,29-Oct-25,CUS-01605,PRD-0033,6,11040,66240
ORD-2025-035376,29-Oct-25,CUS-02245,PRD-0052,6,43630,261780
ORD-2025-035386,29-Oct-25,CUS-01219,PRD-0077,17,31120,529040
ORD-2025-035387,29-Oct-25,CUS-01627,PRD-0077,10,31120,311200
ORD-2025-035415,29-Oct-25,CUS-00544,PRD-0108,5,30750,153750
ORD-2025-035432,29-Oct-25,CUS-00964,PRD-0153,6,24220,145320
ORD-2025-035439,30-Oct-25,CUS-00679,PRD-0004,22,4490,98780
ORD-2025-035440,30-Oct-25,CUS-02419,PRD-0005,21,3110,65310
ORD-2025-035441,30-Oct-25,CUS-02325,PRD-0016,6,42680,256080
ORD-2025-035448,30-Oct-25,CUS-02252,PRD-0048,6,16870,101220
ORD-2025-035454,30-Oct-25,CUS-01305,PRD-0072,7,42600,298200
ORD-2025-035458,30-Oct-25,CUS-01301,PRD-0078,5,33720,168600
ORD-2025-035463,30-Oct-25,CUS-00688,PRD-0086,8,28180,225440
ORD-2025-035473,30-Oct-25,CUS-02478,PRD-0090,14,37690,527660
ORD-2025-035474,30-Oct-25,CUS-01631,PRD-0090,3,37690,113070
ORD-2025-035483,30-Oct-25,CUS-00171,PRD-0100,7,20780,145460
ORD-2025-035485,30-Oct-25,CUS-02464,PRD-0108,6,30750,184500
ORD-2025-035486,30-Oct-25,CUS-00099,PRD-0109,2,30700,61400
ORD-2025-035491,30-Oct-25,CUS-01052,PRD-0118,6,23110,138660
ORD-2025-035492,30-Oct-25,CUS-01647,PRD-0120,3,14740,44220
ORD-2025-035496,30-Oct-25,CUS-00505,PRD-0125,39,15380,599820
ORD-2025-035507,30-Oct-25,CUS-02258,PRD-0149,3,45880,137640
ORD-2025-035508,30-Oct-25,CUS-01142,PRD-0150,23,47850,1100550
ORD-2025-035517,30-Oct-25,CUS-00812,PRD-0166,4,25650,102600
ORD-2025-035520,31-Oct-25,CUS-02104,PRD-0005,10,3110,31100
ORD-2025-035526,31-Oct-25,CUS-01911,PRD-0019,9,31240,281160
ORD-2025-035532,31-Oct-25,CUS-01605,PRD-0026,14,4150,58100
ORD-2025-035535,31-Oct-25,CUS-02382,PRD-0031,8,36660,293280
ORD-2025-035538,31-Oct-25,CUS-02020,PRD-0037,2,25650,51300
ORD-2025-035543,31-Oct-25,CUS-01667,PRD-0048,10,16870,168700
ORD-2025-035544,31-Oct-25,CUS-02233,PRD-0051,6,43070,258420
ORD-2025-035546,31-Oct-25,CUS-02426,PRD-0057,10,18040,180400
ORD-2025-035553,31-Oct-25,CUS-01236,PRD-0076,3,28050,84150
ORD-2025-035558,31-Oct-25,CUS-00333,PRD-0077,22,31120,684640
ORD-2025-035566,31-Oct-25,CUS-00090,PRD-0085,1,32580,32580
ORD-2025-035568,31-Oct-25,CUS-00708,PRD-0086,8,28180,225440
ORD-2025-035576,31-Oct-25,CUS-01528,PRD-0090,5,37690,188450
ORD-2025-035580,31-Oct-25,CUS-01899,PRD-0091,5,27010,135050
ORD-2025-035581,31-Oct-25,CUS-00575,PRD-0092,8,30260,242080
ORD-2025-035583,31-Oct-25,CUS-01478,PRD-0097,3,21780,65340
ORD-2025-035587,31-Oct-25,CUS-00172,PRD-0100,15,20780,311700
ORD-2025-035595,31-Oct-25,CUS-01669,PRD-0108,21,30750,645750
ORD-2025-035598,31-Oct-25,CUS-00683,PRD-0109,4,30700,122800
ORD-2025-035606,31-Oct-25,CUS-00987,PRD-0121,5,26430,132150
ORD-2025-035610,31-Oct-25,CUS-01359,PRD-0125,5,15380,76900
ORD-2025-035618,31-Oct-25,CUS-00144,PRD-0142,2,52030,104060
ORD-2025-035622,31-Oct-25,CUS-00301,PRD-0151,6,42840,257040
ORD-2025-035624,31-Oct-25,CUS-02257,PRD-0153,17,24220,411740
ORD-2025-035625,31-Oct-25,CUS-01522,PRD-0154,5,42470,212350
ORD-2025-035633,31-Oct-25,CUS-01960,PRD-0166,3,25650,76950
ORD-2025-035637,01-Nov-25,CUS-01909,PRD-0007,14,17070,238980
ORD-2025-035641,01-Nov-25,CUS-02249,PRD-0025,13,5090,66170
ORD-2025-035649,01-Nov-25,CUS-00948,PRD-0043,9,17760,159840
ORD-2025-035659,01-Nov-25,CUS-00171,PRD-0080,10,23900,239000
ORD-2025-035669,01-Nov-25,CUS-00657,PRD-0106,10,41890,418900
ORD-2025-035670,01-Nov-25,CUS-00966,PRD-0108,3,30750,92250
ORD-2025-035705,02-Nov-25,CUS-00499,PRD-0068,5,16320,81600
ORD-2025-035707,02-Nov-25,CUS-00180,PRD-0079,16,46870,749920
ORD-2025-035712,02-Nov-25,CUS-00965,PRD-0083,2,23690,47380
ORD-2025-035716,02-Nov-25,CUS-00381,PRD-0091,3,27010,81030
ORD-2025-035723,02-Nov-25,CUS-00959,PRD-0122,18,19140,344520
ORD-2025-035730,02-Nov-25,CUS-00300,PRD-0151,4,42840,171360
ORD-2025-035733,02-Nov-25,CUS-02490,PRD-0160,8,32940,263520
ORD-2025-035741,03-Nov-25,CUS-01896,PRD-0006,13,3060,39780
ORD-2025-035743,03-Nov-25,CUS-00746,PRD-0016,5,42680,213400
ORD-2025-035747,03-Nov-25,CUS-00169,PRD-0033,4,11040,44160
ORD-2025-035748,03-Nov-25,CUS-01272,PRD-0033,12,11040,132480
ORD-2025-035750,03-Nov-25,CUS-00750,PRD-0039,7,14770,103390
ORD-2025-035755,03-Nov-25,CUS-01177,PRD-0057,6,18040,108240
ORD-2025-035759,03-Nov-25,CUS-00953,PRD-0064,2,36350,72700
ORD-2025-035769,03-Nov-25,CUS-00583,PRD-0083,11,23690,260590
ORD-2025-035780,03-Nov-25,CUS-00316,PRD-0090,37,37690,1394530
ORD-2025-035791,03-Nov-25,CUS-00851,PRD-0100,13,20780,270140
ORD-2025-035792,03-Nov-25,CUS-01177,PRD-0100,3,20780,62340
ORD-2025-035795,03-Nov-25,CUS-00204,PRD-0101,5,22590,112950
ORD-2025-035797,03-Nov-25,CUS-00296,PRD-0103,12,38480,461760
ORD-2025-035802,03-Nov-25,CUS-00333,PRD-0118,3,23110,69330
ORD-2025-035804,03-Nov-25,CUS-01978,PRD-0121,14,26430,370020
ORD-2025-035823,03-Nov-25,CUS-00669,PRD-0151,29,42840,1242360
ORD-2025-035824,03-Nov-25,CUS-00607,PRD-0151,11,42840,471240
ORD-2025-035825,03-Nov-25,CUS-01152,PRD-0151,6,42840,257040
ORD-2025-035829,03-Nov-25,CUS-00030,PRD-0153,5,24220,121100
ORD-2025-035830,03-Nov-25,CUS-01460,PRD-0153,9,24220,217980
ORD-2025-035835,03-Nov-25,CUS-01195,PRD-0160,19,32940,625860
ORD-2025-035840,03-Nov-25,CUS-01650,PRD-0162,12,28900,346800
ORD-2025-035843,03-Nov-25,CUS-00922,PRD-0167,2,14020,28040
ORD-2025-035848,04-Nov-25,CUS-01142,PRD-0007,2,17070,34140
ORD-2025-035852,04-Nov-25,CUS-01790,PRD-0023,2,16940,33880
ORD-2025-035854,04-Nov-25,CUS-01099,PRD-0026,12,4150,49800
ORD-2025-035856,04-Nov-25,CUS-00155,PRD-0037,4,25650,102600
ORD-2025-035858,04-Nov-25,CUS-00863,PRD-0039,2,14770,29540
ORD-2025-035859,04-Nov-25,CUS-01828,PRD-0039,12,14770,177240
ORD-2025-035861,04-Nov-25,CUS-01809,PRD-0048,20,16870,337400
ORD-2025-035865,04-Nov-25,CUS-00388,PRD-0065,14,34000,476000
ORD-2025-035869,04-Nov-25,CUS-00175,PRD-0068,12,16320,195840
ORD-2025-035874,04-Nov-25,CUS-02384,PRD-0076,1,28050,28050
ORD-2025-035876,04-Nov-25,CUS-00672,PRD-0077,4,31120,124480
ORD-2025-035882,04-Nov-25,CUS-02253,PRD-0083,15,23690,355350
ORD-2025-035886,04-Nov-25,CUS-01915,PRD-0088,5,15290,76450
ORD-2025-035896,04-Nov-25,CUS-00910,PRD-0090,23,37690,866870
ORD-2025-035897,04-Nov-25,CUS-00990,PRD-0090,6,37690,226140
ORD-2025-035903,04-Nov-25,CUS-00388,PRD-0098,34,15320,520880
ORD-2025-035908,04-Nov-25,CUS-00816,PRD-0109,6,30700,184200
ORD-2025-035913,04-Nov-25,CUS-01341,PRD-0125,19,15380,292220
ORD-2025-035914,04-Nov-25,CUS-00762,PRD-0126,3,29270,87810
ORD-2025-035919,04-Nov-25,CUS-00830,PRD-0135,8,32900,263200
ORD-2025-035924,04-Nov-25,CUS-01189,PRD-0143,4,48640,194560
ORD-2025-035941,04-Nov-25,CUS-01259,PRD-0166,4,25650,102600
ORD-2025-035967,05-Nov-25,CUS-02382,PRD-0070,6,19240,115440
ORD-2025-035969,05-Nov-25,CUS-01381,PRD-0074,4,38390,153560
ORD-2025-035975,05-Nov-25,CUS-00375,PRD-0080,8,23900,191200
ORD-2025-035978,05-Nov-25,CUS-01894,PRD-0085,11,32580,358380
ORD-2025-035988,05-Nov-25,CUS-02456,PRD-0090,2,37690,75380
ORD-2025-035989,05-Nov-25,CUS-00830,PRD-0090,17,37690,640730
ORD-2025-035990,05-Nov-25,CUS-00966,PRD-0090,3,37690,113070
ORD-2025-035991,05-Nov-25,CUS-00953,PRD-0090,6,37690,226140
ORD-2025-035998,05-Nov-25,CUS-01626,PRD-0108,3,30750,92250
ORD-2025-036001,05-Nov-25,CUS-00001,PRD-0113,22,10420,229240
ORD-2025-036015,05-Nov-25,CUS-00259,PRD-0145,3,31800,95400
ORD-2025-036019,05-Nov-25,CUS-00532,PRD-0150,17,47850,813450
ORD-2025-036025,05-Nov-25,CUS-02258,PRD-0160,6,32940,197640
ORD-2025-036026,05-Nov-25,CUS-00084,PRD-0160,10,32940,329400
ORD-2025-036027,05-Nov-25,CUS-01714,PRD-0161,17,32640,554880
ORD-2025-036030,05-Nov-25,CUS-02428,PRD-0166,4,25650,102600
ORD-2025-036042,06-Nov-25,CUS-00665,PRD-0018,9,62570,563130
ORD-2025-036057,06-Nov-25,CUS-01917,PRD-0061,5,16320,81600
ORD-2025-036058,06-Nov-25,CUS-01958,PRD-0062,10,17890,178900
ORD-2025-036062,06-Nov-25,CUS-00226,PRD-0065,3,34000,102000
ORD-2025-036066,06-Nov-25,CUS-00865,PRD-0080,8,23900,191200
ORD-2025-036076,06-Nov-25,CUS-00184,PRD-0086,5,28180,140900
ORD-2025-036082,06-Nov-25,CUS-00099,PRD-0090,6,37690,226140
ORD-2025-036083,06-Nov-25,CUS-02252,PRD-0090,5,37690,188450
ORD-2025-036088,06-Nov-25,CUS-01550,PRD-0098,2,15320,30640
ORD-2025-036092,06-Nov-25,CUS-00932,PRD-0108,24,30750,738000
ORD-2025-036094,06-Nov-25,CUS-02435,PRD-0109,3,30700,92100
ORD-2025-036100,06-Nov-25,CUS-00965,PRD-0121,13,26430,343590
ORD-2025-036104,06-Nov-25,CUS-01044,PRD-0125,6,15380,92280
ORD-2025-036109,06-Nov-25,CUS-00262,PRD-0142,15,52030,780450
ORD-2025-036111,06-Nov-25,CUS-01155,PRD-0144,1,31990,31990
ORD-2025-036119,06-Nov-25,CUS-00347,PRD-0151,12,42840,514080
ORD-2025-036121,06-Nov-25,CUS-00229,PRD-0153,21,24220,508620
ORD-2025-036123,06-Nov-25,CUS-00212,PRD-0156,9,58570,527130
ORD-2025-036132,07-Nov-25,CUS-01911,PRD-0005,6,3110,18660
ORD-2025-036134,07-Nov-25,CUS-00459,PRD-0011,5,17170,85850
ORD-2025-036142,07-Nov-25,CUS-02464,PRD-0037,8,25650,205200
ORD-2025-036145,07-Nov-25,CUS-02329,PRD-0041,8,6830,54640
ORD-2025-036147,07-Nov-25,CUS-00863,PRD-0045,9,7340,66060
ORD-2025-036156,07-Nov-25,CUS-02085,PRD-0071,2,17380,34760
ORD-2025-036163,07-Nov-25,CUS-00441,PRD-0079,11,46870,515570
ORD-2025-036165,07-Nov-25,CUS-01254,PRD-0082,9,30730,276570
ORD-2025-036175,07-Nov-25,CUS-02260,PRD-0090,10,37690,376900
ORD-2025-036176,07-Nov-25,CUS-01824,PRD-0090,2,37690,75380
ORD-2025-036177,07-Nov-25,CUS-01036,PRD-0090,4,37690,150760
ORD-2025-036179,07-Nov-25,CUS-01473,PRD-0091,1,27010,27010
ORD-2025-036180,07-Nov-25,CUS-01349,PRD-0091,4,27010,108040
ORD-2025-036181,07-Nov-25,CUS-01341,PRD-0091,7,27010,189070
ORD-2025-036186,07-Nov-25,CUS-01420,PRD-0100,5,20780,103900
ORD-2025-036189,07-Nov-25,CUS-00401,PRD-0102,8,17050,136400
ORD-2025-036190,07-Nov-25,CUS-00877,PRD-0103,5,38480,192400
ORD-2025-036194,07-Nov-25,CUS-00331,PRD-0117,3,17520,52560
ORD-2025-036197,07-Nov-25,CUS-01665,PRD-0118,7,23110,161770
ORD-2025-036200,07-Nov-25,CUS-01822,PRD-0120,5,14740,73700
ORD-2025-036203,07-Nov-25,CUS-00853,PRD-0122,12,19140,229680
ORD-2025-036206,07-Nov-25,CUS-00465,PRD-0125,5,15380,76900
ORD-2025-036208,07-Nov-25,CUS-02276,PRD-0137,8,27650,221200
ORD-2025-036211,07-Nov-25,CUS-02205,PRD-0148,12,27270,327240
ORD-2025-036212,07-Nov-25,CUS-00144,PRD-0150,10,47850,478500
ORD-2025-036215,07-Nov-25,CUS-02225,PRD-0151,10,42840,428400
ORD-2025-036220,07-Nov-25,CUS-00505,PRD-0158,8,33720,269760
ORD-2025-036222,07-Nov-25,CUS-01062,PRD-0160,7,32940,230580
ORD-2025-036228,07-Nov-25,CUS-00444,PRD-0161,4,32640,130560
ORD-2025-036229,07-Nov-25,CUS-00260,PRD-0161,9,32640,293760
ORD-2025-036231,07-Nov-25,CUS-00276,PRD-0166,5,25650,128250
ORD-2025-036233,07-Nov-25,CUS-01992,PRD-0169,2,15310,30620
ORD-2025-036234,08-Nov-25,CUS-00674,PRD-0004,4,4490,17960
ORD-2025-036237,08-Nov-25,CUS-01189,PRD-0008,7,16360,114520
ORD-2025-036240,08-Nov-25,CUS-00672,PRD-0029,13,11070,143910
ORD-2025-036244,08-Nov-25,CUS-00117,PRD-0049,2,18190,36380
ORD-2025-036249,08-Nov-25,CUS-01486,PRD-0070,6,19240,115440
ORD-2025-036252,08-Nov-25,CUS-02022,PRD-0077,10,31120,311200
ORD-2025-036256,08-Nov-25,CUS-00674,PRD-0086,8,28180,225440
ORD-2025-036260,08-Nov-25,CUS-01183,PRD-0090,11,37690,414590
ORD-2025-036264,08-Nov-25,CUS-02282,PRD-0092,4,30260,121040
ORD-2025-036266,08-Nov-25,CUS-01449,PRD-0093,6,23080,138480
ORD-2025-036268,08-Nov-25,CUS-00932,PRD-0100,19,20780,394820
ORD-2025-036269,08-Nov-25,CUS-00527,PRD-0108,8,30750,246000
ORD-2025-036274,08-Nov-25,CUS-01899,PRD-0123,3,14410,43230
ORD-2025-036275,08-Nov-25,CUS-00707,PRD-0125,5,15380,76900
ORD-2025-036278,08-Nov-25,CUS-01820,PRD-0135,5,32900,164500
ORD-2025-036283,08-Nov-25,CUS-00440,PRD-0151,5,42840,214200
ORD-2025-036285,08-Nov-25,CUS-01966,PRD-0154,5,42470,212350
ORD-2025-036288,08-Nov-25,CUS-01660,PRD-0160,8,32940,263520
ORD-2025-036301,09-Nov-25,CUS-01473,PRD-0068,1,16320,16320
ORD-2025-036315,09-Nov-25,CUS-00105,PRD-0143,6,48640,291840
ORD-2025-036320,09-Nov-25,CUS-02442,PRD-0158,19,33720,640680
ORD-2025-036326,10-Nov-25,CUS-00076,PRD-0004,11,4490,49390
ORD-2025-036327,10-Nov-25,CUS-00890,PRD-0005,1,3110,3110
ORD-2025-036330,10-Nov-25,CUS-00705,PRD-0007,1,17070,17070
ORD-2025-036335,10-Nov-25,CUS-02404,PRD-0024,4,9800,39200
ORD-2025-036339,10-Nov-25,CUS-00606,PRD-0029,10,11070,110700
ORD-2025-036344,10-Nov-25,CUS-01305,PRD-0048,12,16870,202440
ORD-2025-036348,10-Nov-25,CUS-01647,PRD-0057,5,18040,90200
ORD-2025-036352,10-Nov-25,CUS-00545,PRD-0062,2,17890,35780
ORD-2025-036353,10-Nov-25,CUS-00708,PRD-0064,7,36350,254450
ORD-2025-036356,10-Nov-25,CUS-00922,PRD-0065,12,34000,408000
ORD-2025-036357,10-Nov-25,CUS-00927,PRD-0065,4,34000,136000
ORD-2025-036365,10-Nov-25,CUS-01223,PRD-0083,5,23690,118450
ORD-2025-036374,10-Nov-25,CUS-00948,PRD-0090,9,37690,339210
ORD-2025-036375,10-Nov-25,CUS-01794,PRD-0091,12,27010,324120
ORD-2025-036378,10-Nov-25,CUS-01958,PRD-0093,3,23080,69240
ORD-2025-036380,10-Nov-25,CUS-02276,PRD-0098,3,15320,45960
ORD-2025-036393,10-Nov-25,CUS-00527,PRD-0122,4,19140,76560
ORD-2025-036398,10-Nov-25,CUS-02231,PRD-0125,12,15380,184560
ORD-2025-036402,10-Nov-25,CUS-01774,PRD-0142,12,52030,624360
ORD-2025-036420,10-Nov-25,CUS-02406,PRD-0160,6,32940,197640
ORD-2025-036422,10-Nov-25,CUS-00532,PRD-0161,2,32640,65280
ORD-2025-036426,10-Nov-25,CUS-02205,PRD-0163,8,27790,222320
ORD-2025-036427,10-Nov-25,CUS-01986,PRD-0165,2,23380,46760
ORD-2025-036436,11-Nov-25,CUS-00055,PRD-0037,4,25650,102600
ORD-2025-036441,11-Nov-25,CUS-01549,PRD-0051,22,43070,947540
ORD-2025-036444,11-Nov-25,CUS-00288,PRD-0057,6,18040,108240
ORD-2025-036449,11-Nov-25,CUS-01959,PRD-0067,12,12380,148560
ORD-2025-036450,11-Nov-25,CUS-01081,PRD-0068,3,16320,48960
ORD-2025-036454,11-Nov-25,CUS-00692,PRD-0077,6,31120,186720
ORD-2025-036455,11-Nov-25,CUS-00512,PRD-0077,24,31120,746880
ORD-2025-036469,11-Nov-25,CUS-00502,PRD-0100,6,20780,124680
ORD-2025-036471,11-Nov-25,CUS-00301,PRD-0103,5,38480,192400
ORD-2025-036477,11-Nov-25,CUS-00585,PRD-0121,11,26430,290730
ORD-2025-036478,11-Nov-25,CUS-00665,PRD-0121,13,26430,343590
ORD-2025-036480,11-Nov-25,CUS-01178,PRD-0123,10,14410,144100
ORD-2025-036484,11-Nov-25,CUS-01143,PRD-0125,30,15380,461400
ORD-2025-036486,11-Nov-25,CUS-01914,PRD-0127,4,16760,67040
ORD-2025-036497,11-Nov-25,CUS-00301,PRD-0151,10,42840,428400
ORD-2025-036499,11-Nov-25,CUS-01218,PRD-0153,11,24220,266420
ORD-2025-036507,11-Nov-25,CUS-02222,PRD-0166,8,25650,205200
ORD-2025-036512,12-Nov-25,CUS-00146,PRD-0004,7,4490,31430
ORD-2025-036516,12-Nov-25,CUS-00923,PRD-0007,13,17070,221910
ORD-2025-036520,12-Nov-25,CUS-01301,PRD-0035,17,13660,232220
ORD-2025-036521,12-Nov-25,CUS-01887,PRD-0037,12,25650,307800
ORD-2025-036524,12-Nov-25,CUS-00301,PRD-0045,6,7340,44040
ORD-2025-036532,12-Nov-25,CUS-00544,PRD-0064,21,36350,763350
ORD-2025-036539,12-Nov-25,CUS-02012,PRD-0077,2,31120,62240
ORD-2025-036547,12-Nov-25,CUS-00674,PRD-0085,7,32580,228060
ORD-2025-036558,12-Nov-25,CUS-00156,PRD-0090,9,37690,339210
ORD-2025-036559,12-Nov-25,CUS-01679,PRD-0090,8,37690,301520
ORD-2025-036564,12-Nov-25,CUS-01690,PRD-0093,9,23080,207720
ORD-2025-036585,12-Nov-25,CUS-00856,PRD-0142,22,52030,1144660
ORD-2025-036586,12-Nov-25,CUS-01735,PRD-0145,18,31800,572400
ORD-2025-036593,12-Nov-25,CUS-00370,PRD-0151,3,42840,128520
ORD-2025-036596,12-Nov-25,CUS-02404,PRD-0153,6,24220,145320
ORD-2025-036599,12-Nov-25,CUS-01138,PRD-0160,11,32940,362340
ORD-2025-036605,12-Nov-25,CUS-00740,PRD-0162,7,28900,202300
ORD-2025-036617,13-Nov-25,CUS-01486,PRD-0024,2,9800,19600
ORD-2025-036624,13-Nov-25,CUS-00033,PRD-0046,6,17360,104160
ORD-2025-036636,13-Nov-25,CUS-01491,PRD-0068,14,16320,228480
ORD-2025-036642,13-Nov-25,CUS-00259,PRD-0077,5,31120,155600
ORD-2025-036646,13-Nov-25,CUS-01917,PRD-0082,3,30730,92190
ORD-2025-036658,13-Nov-25,CUS-00011,PRD-0090,6,37690,226140
ORD-2025-036663,13-Nov-25,CUS-00099,PRD-0103,13,38480,500240
ORD-2025-036679,13-Nov-25,CUS-01496,PRD-0125,10,15380,153800
ORD-2025-036680,13-Nov-25,CUS-01114,PRD-0125,1,15380,15380
ORD-2025-036685,13-Nov-25,CUS-01964,PRD-0139,4,33360,133440
ORD-2025-036686,13-Nov-25,CUS-01195,PRD-0140,13,27740,360620
ORD-2025-036687,13-Nov-25,CUS-02486,PRD-0142,3,52030,156090
ORD-2025-036690,13-Nov-25,CUS-00692,PRD-0145,19,31800,604200
ORD-2025-036699,13-Nov-25,CUS-00583,PRD-0151,15,42840,642600
ORD-2025-036700,13-Nov-25,CUS-00663,PRD-0151,6,42840,257040
ORD-2025-036701,13-Nov-25,CUS-00209,PRD-0151,6,42840,257040
ORD-2025-036705,13-Nov-25,CUS-02497,PRD-0153,2,24220,48440
ORD-2025-036707,13-Nov-25,CUS-00663,PRD-0155,7,65880,461160
ORD-2025-036710,13-Nov-25,CUS-00388,PRD-0160,19,32940,625860
ORD-2025-036711,13-Nov-25,CUS-02459,PRD-0160,6,32940,197640
ORD-2025-036714,13-Nov-25,CUS-00276,PRD-0161,17,32640,554880
ORD-2025-036715,13-Nov-25,CUS-01706,PRD-0161,1,32640,32640
ORD-2025-036728,14-Nov-25,CUS-02179,PRD-0039,4,14770,59080
ORD-2025-036734,14-Nov-25,CUS-00445,PRD-0048,7,16870,118090
ORD-2025-036737,14-Nov-25,CUS-02022,PRD-0051,1,43070,43070
ORD-2025-036738,14-Nov-25,CUS-01149,PRD-0051,5,43070,215350
ORD-2025-036739,14-Nov-25,CUS-02026,PRD-0051,5,43070,215350
ORD-2025-036741,14-Nov-25,CUS-01008,PRD-0053,25,38950,973750
ORD-2025-036748,14-Nov-25,CUS-00124,PRD-0067,10,12380,123800
ORD-2025-036753,14-Nov-25,CUS-01110,PRD-0077,12,31120,373440
ORD-2025-036758,14-Nov-25,CUS-01337,PRD-0083,37,23690,876530
ORD-2025-036760,14-Nov-25,CUS-02243,PRD-0084,11,27760,305360
ORD-2025-036780,14-Nov-25,CUS-02323,PRD-0105,14,41060,574840
ORD-2025-036781,14-Nov-25,CUS-01449,PRD-0108,7,30750,215250
ORD-2025-036793,14-Nov-25,CUS-00038,PRD-0127,10,16760,167600
ORD-2025-036794,14-Nov-25,CUS-01670,PRD-0130,9,13600,122400
ORD-2025-036807,14-Nov-25,CUS-02246,PRD-0153,7,24220,169540
ORD-2025-036808,14-Nov-25,CUS-00846,PRD-0153,4,24220,96880
ORD-2025-036822,15-Nov-25,CUS-00253,PRD-0023,3,16940,50820
ORD-2025-036839,15-Nov-25,CUS-00811,PRD-0086,14,28180,394520
ORD-2025-036840,15-Nov-25,CUS-01960,PRD-0086,3,28180,84540
ORD-2025-036845,15-Nov-25,CUS-01504,PRD-0090,2,37690,75380
ORD-2025-036849,15-Nov-25,CUS-00505,PRD-0098,3,15320,45960
ORD-2025-036857,15-Nov-25,CUS-01166,PRD-0117,19,17520,332880
ORD-2025-036863,15-Nov-25,CUS-01005,PRD-0126,4,29270,117080
ORD-2025-036864,15-Nov-25,CUS-02001,PRD-0130,10,13600,136000
ORD-2025-036865,15-Nov-25,CUS-01744,PRD-0135,12,32900,394800
ORD-2025-036868,15-Nov-25,CUS-00532,PRD-0147,13,32330,420290
ORD-2025-036875,15-Nov-25,CUS-00017,PRD-0151,8,42840,342720
ORD-2025-036876,15-Nov-25,CUS-01491,PRD-0151,17,42840,728280
ORD-2025-036877,15-Nov-25,CUS-02252,PRD-0157,13,24810,322530
ORD-2025-036879,15-Nov-25,CUS-01337,PRD-0161,3,32640,97920
ORD-2025-036880,15-Nov-25,CUS-00275,PRD-0161,3,32640,97920
ORD-2025-036883,16-Nov-25,CUS-00509,PRD-0010,5,16050,80250
ORD-2025-036886,16-Nov-25,CUS-02062,PRD-0046,9,17360,156240
ORD-2025-036894,16-Nov-25,CUS-00901,PRD-0090,4,37690,150760
ORD-2025-036895,16-Nov-25,CUS-02087,PRD-0090,15,37690,565350
ORD-2025-036900,16-Nov-25,CUS-01206,PRD-0109,5,30700,153500
ORD-2025-036903,16-Nov-25,CUS-00441,PRD-0125,9,15380,138420
ORD-2025-036905,16-Nov-25,CUS-00688,PRD-0128,7,20590,144130
ORD-2025-036908,16-Nov-25,CUS-01960,PRD-0151,10,42840,428400
ORD-2025-036911,17-Nov-25,CUS-01219,PRD-0001,3,4970,14910
ORD-2025-036919,17-Nov-25,CUS-00448,PRD-0035,10,13660,136600
ORD-2025-036922,17-Nov-25,CUS-01951,PRD-0037,16,25650,410400
ORD-2025-036923,17-Nov-25,CUS-01412,PRD-0039,4,14770,59080
ORD-2025-036924,17-Nov-25,CUS-01182,PRD-0039,3,14770,44310
ORD-2025-036926,17-Nov-25,CUS-00877,PRD-0045,7,7340,51380
ORD-2025-036934,17-Nov-25,CUS-00275,PRD-0058,7,17980,125860
ORD-2025-036953,17-Nov-25,CUS-01460,PRD-0086,8,28180,225440
ORD-2025-036954,17-Nov-25,CUS-00336,PRD-0086,2,28180,56360
ORD-2025-036964,17-Nov-25,CUS-00636,PRD-0090,16,37690,603040
ORD-2025-036970,17-Nov-25,CUS-01537,PRD-0098,11,15320,168520
ORD-2025-036971,17-Nov-25,CUS-01465,PRD-0100,4,20780,83120
ORD-2025-036978,17-Nov-25,CUS-02402,PRD-0113,5,10420,52100
ORD-2025-036988,17-Nov-25,CUS-00333,PRD-0125,4,15380,61520
ORD-2025-036989,17-Nov-25,CUS-00444,PRD-0125,46,15380,707480
ORD-2025-036990,17-Nov-25,CUS-00288,PRD-0125,6,15380,92280
ORD-2025-036997,17-Nov-25,CUS-01744,PRD-0145,10,31800,318000
ORD-2025-037004,17-Nov-25,CUS-01259,PRD-0153,9,24220,217980
ORD-2025-037015,17-Nov-25,CUS-00237,PRD-0161,4,32640,130560
ORD-2025-037021,18-Nov-25,CUS-00778,PRD-0004,7,4490,31430
ORD-2025-037021,18-Nov-25,CUS-00778,PRD-0004,7,4490,31430
ORD-2025-037037,18-Nov-25,CUS-01692,PRD-0054,6,17260,103560
ORD-2025-037039,18-Nov-25,CUS-01508,PRD-0057,2,18040,36080
ORD-2025-037045,18-Nov-25,CUS-00927,PRD-0077,11,31120,342320
ORD-2025-037048,18-Nov-25,CUS-00171,PRD-0082,23,30730,706790
ORD-2025-037053,18-Nov-25,CUS-01491,PRD-0086,12,28180,338160
ORD-2025-037062,18-Nov-25,CUS-02104,PRD-0090,57,37690,2148330
ORD-2025-037063,18-Nov-25,CUS-01694,PRD-0090,5,37690,188450
ORD-2025-037064,18-Nov-25,CUS-00440,PRD-0090,2,37690,75380
ORD-2025-037068,18-Nov-25,CUS-01585,PRD-0100,2,20780,41560
ORD-2025-037074,18-Nov-25,CUS-01110,PRD-0115,42,21210,890820
ORD-2025-037075,18-Nov-25,CUS-01142,PRD-0118,11,23110,254210
ORD-2025-037076,18-Nov-25,CUS-00558,PRD-0121,4,26430,105720
ORD-2025-037082,18-Nov-25,CUS-01236,PRD-0128,4,20590,82360
ORD-2025-037084,18-Nov-25,CUS-02472,PRD-0135,7,32900,230300
ORD-2025-037085,18-Nov-25,CUS-00178,PRD-0135,3,32900,98700
ORD-2025-037087,18-Nov-25,CUS-01467,PRD-0137,11,27650,304150
ORD-2025-037097,18-Nov-25,CUS-00178,PRD-0158,6,33720,202320
ORD-2025-037099,18-Nov-25,CUS-02082,PRD-0160,5,32940,164700
ORD-2025-037121,19-Nov-25,CUS-01824,PRD-0057,11,18040,198440
ORD-2025-037123,19-Nov-25,CUS-00717,PRD-0060,18,57540,1035720
ORD-2025-037124,19-Nov-25,CUS-00301,PRD-0062,8,17890,143120
ORD-2025-037131,19-Nov-25,CUS-02231,PRD-0077,19,31120,591280
ORD-2025-037133,19-Nov-25,CUS-02071,PRD-0082,34,30730,1044820
ORD-2025-037134,19-Nov-25,CUS-00778,PRD-0083,9,23690,213210
ORD-2025-037142,19-Nov-25,CUS-00942,PRD-0090,2,37690,75380
ORD-2025-037143,19-Nov-25,CUS-01987,PRD-0090,19,37690,716110
ORD-2025-037144,19-Nov-25,CUS-00881,PRD-0090,4,37690,150760
ORD-2025-037148,19-Nov-25,CUS-02490,PRD-0100,4,20780,83120
ORD-2025-037149,19-Nov-25,CUS-01605,PRD-0100,3,20780,62340
ORD-2025-037154,19-Nov-25,CUS-02400,PRD-0118,5,23110,115550
ORD-2025-037156,19-Nov-25,CUS-02141,PRD-0121,20,26430,528600
ORD-2025-037186,19-Nov-25,CUS-01915,PRD-0166,9,25650,230850
ORD-2025-037208,20-Nov-25,CUS-01622,PRD-0037,6,25650,153900
ORD-2025-037223,20-Nov-25,CUS-00821,PRD-0068,4,16320,65280
ORD-2025-037232,20-Nov-25,CUS-00863,PRD-0086,13,28180,366340
ORD-2025-037243,20-Nov-25,CUS-00482,PRD-0100,6,20780,124680
ORD-2025-037244,20-Nov-25,CUS-01958,PRD-0100,4,20780,83120
ORD-2025-037245,20-Nov-25,CUS-01650,PRD-0101,4,22590,90360
ORD-2025-037249,20-Nov-25,CUS-00280,PRD-0117,9,17520,157680
ORD-2025-037251,20-Nov-25,CUS-01876,PRD-0122,8,19140,153120
ORD-2025-037268,20-Nov-25,CUS-00030,PRD-0153,7,24220,169540
ORD-2025-037268,20-Nov-25,CUS-00030,PRD-0153,7,24220,169540
ORD-2025-037271,20-Nov-25,CUS-01437,PRD-0157,2,24810,49620
ORD-2025-037272,20-Nov-25,CUS-00229,PRD-0160,4,32940,131760
ORD-2025-037275,20-Nov-25,CUS-00833,PRD-0169,6,15310,91860
ORD-2025-037282,21-Nov-25,CUS-00724,PRD-0025,5,5090,25450
ORD-2025-037284,21-Nov-25,CUS-00878,PRD-0028,1,4910,4910
ORD-2025-037301,21-Nov-25,CUS-00051,PRD-0063,6,15070,90420
ORD-2025-037306,21-Nov-25,CUS-00491,PRD-0068,3,16320,48960
ORD-2025-037314,21-Nov-25,CUS-02195,PRD-0077,25,31120,778000
ORD-2025-037331,21-Nov-25,CUS-02088,PRD-0098,4,15320,61280
ORD-2025-037333,21-Nov-25,CUS-00353,PRD-0100,40,20780,831200
ORD-2025-037341,21-Nov-25,CUS-01679,PRD-0118,5,23110,115550
ORD-2025-037348,21-Nov-25,CUS-00682,PRD-0125,22,15380,338360
ORD-2025-037349,21-Nov-25,CUS-01512,PRD-0125,2,15380,30760
ORD-2025-037355,21-Nov-25,CUS-02020,PRD-0135,2,32900,65800
ORD-2025-037358,21-Nov-25,CUS-00055,PRD-0139,13,33360,433680
ORD-2025-037360,21-Nov-25,CUS-02243,PRD-0142,15,52030,780450
ORD-2025-037363,21-Nov-25,CUS-01264,PRD-0145,7,31800,222600
ORD-2025-037365,21-Nov-25,CUS-01638,PRD-0150,3,47850,143550
ORD-2025-037366,21-Nov-25,CUS-00350,PRD-0150,4,47850,191400
ORD-2025-037369,21-Nov-25,CUS-00558,PRD-0151,6,42840,257040
ORD-2025-037370,21-Nov-25,CUS-00487,PRD-0151,3,42840,128520
ORD-2025-037371,21-Nov-25,CUS-00959,PRD-0151,25,42840,1071000
ORD-2025-037372,21-Nov-25,CUS-02005,PRD-0151,4,42840,171360
ORD-2025-037380,21-Nov-25,CUS-00642,PRD-0160,6,32940,197640
ORD-2025-037395,22-Nov-25,CUS-00280,PRD-0016,13,42680,554840
ORD-2025-037404,22-Nov-25,CUS-00575,PRD-0055,8,16990,135920
ORD-2025-037405,22-Nov-25,CUS-02258,PRD-0060,8,57540,460320
ORD-2025-037408,22-Nov-25,CUS-02260,PRD-0064,9,36350,327150
ORD-2025-037410,22-Nov-25,CUS-00175,PRD-0068,8,16320,130560
ORD-2025-037411,22-Nov-25,CUS-01514,PRD-0077,8,31120,248960
ORD-2025-037422,22-Nov-25,CUS-02242,PRD-0090,10,37690,376900
ORD-2025-037439,22-Nov-25,CUS-00705,PRD-0133,5,27960,139800
ORD-2025-037442,22-Nov-25,CUS-00144,PRD-0145,12,31800,381600
ORD-2025-037446,22-Nov-25,CUS-01218,PRD-0153,6,24220,145320
ORD-2025-037450,22-Nov-25,CUS-01338,PRD-0161,16,32640,522240
ORD-2025-037451,22-Nov-25,CUS-02325,PRD-0161,5,32640,163200
ORD-2025-037464,23-Nov-25,CUS-00485,PRD-0082,7,30730,215110
ORD-2025-037470,23-Nov-25,CUS-01166,PRD-0090,9,37690,339210
ORD-2025-037471,23-Nov-25,CUS-02243,PRD-0090,8,37690,301520
ORD-2025-037481,23-Nov-25,CUS-00962,PRD-0166,6,25650,153900
ORD-2025-037487,24-Nov-25,CUS-02435,PRD-0004,1,4490,4490
ORD-2025-037499,24-Nov-25,CUS-00856,PRD-0023,4,16940,67760
ORD-2025-037511,24-Nov-25,CUS-00583,PRD-0049,5,18190,90950
ORD-2025-037513,24-Nov-25,CUS-01631,PRD-0055,10,16990,169900
ORD-2025-037517,24-Nov-25,CUS-00713,PRD-0061,2,16320,32640
ORD-2025-037519,24-Nov-25,CUS-00226,PRD-0068,9,16320,146880
ORD-2025-037519,24-Nov-25,CUS-00226,PRD-0068,9,16320,146880
ORD-2025-037527,24-Nov-25,CUS-01223,PRD-0083,4,23690,94760
ORD-2025-037528,24-Nov-25,CUS-01669,PRD-0083,10,23690,236900
ORD-2025-037530,24-Nov-25,CUS-00149,PRD-0084,4,27760,111040
ORD-2025-037534,24-Nov-25,CUS-00162,PRD-0086,3,28180,84540
ORD-2025-037535,24-Nov-25,CUS-00808,PRD-0086,8,28180,225440
ORD-2025-037541,24-Nov-25,CUS-01008,PRD-0090,11,37690,414590
ORD-2025-037542,24-Nov-25,CUS-01558,PRD-0090,17,37690,640730
ORD-2025-037543,24-Nov-25,CUS-00175,PRD-0090,26,37690,979940
ORD-2025-037544,24-Nov-25,CUS-01812,PRD-0093,3,23080,69240
ORD-2025-037549,24-Nov-25,CUS-01047,PRD-0100,16,20780,332480
ORD-2025-037556,24-Nov-25,CUS-01467,PRD-0111,5,12240,61200
ORD-2025-037572,24-Nov-25,CUS-01822,PRD-0137,5,27650,138250
ORD-2025-037573,24-Nov-25,CUS-00296,PRD-0142,16,52030,832480
ORD-2025-037574,24-Nov-25,CUS-01024,PRD-0142,2,52030,104060
ORD-2025-037579,24-Nov-25,CUS-00301,PRD-0151,5,42840,214200
ORD-2025-037586,24-Nov-25,CUS-02280,PRD-0161,11,32640,359040
ORD-2025-037599,25-Nov-25,CUS-00248,PRD-0007,13,17070,221910
ORD-2025-037607,25-Nov-25,CUS-01679,PRD-0020,17,29210,496570
ORD-2025-037613,25-Nov-25,CUS-00713,PRD-0039,4,14770,59080
ORD-2025-037626,25-Nov-25,CUS-01976,PRD-0060,6,57540,345240
ORD-2025-037634,25-Nov-25,CUS-00957,PRD-0067,7,12380,86660
ORD-2025-037635,25-Nov-25,CUS-00336,PRD-0070,7,19240,134680
ORD-2025-037652,25-Nov-25,CUS-01726,PRD-0083,19,23690,450110
ORD-2025-037664,25-Nov-25,CUS-00520,PRD-0090,7,37690,263830
ORD-2025-037665,25-Nov-25,CUS-00484,PRD-0090,3,37690,113070
ORD-2025-037667,25-Nov-25,CUS-00184,PRD-0093,8,23080,184640
ORD-2025-037668,25-Nov-25,CUS-02053,PRD-0096,10,23060,230600
ORD-2025-037675,25-Nov-25,CUS-00305,PRD-0108,3,30750,92250
ORD-2025-037691,25-Nov-25,CUS-01986,PRD-0135,10,32900,329000
ORD-2025-037692,25-Nov-25,CUS-01324,PRD-0138,9,27020,243180
ORD-2025-037695,25-Nov-25,CUS-01085,PRD-0142,2,52030,104060
ORD-2025-037704,25-Nov-25,CUS-00618,PRD-0153,13,24220,314860
ORD-2025-037706,25-Nov-25,CUS-00229,PRD-0160,4,32940,131760
ORD-2025-037709,25-Nov-25,CUS-00548,PRD-0161,23,32640,750720
ORD-2025-037711,25-Nov-25,CUS-02027,PRD-0164,1,19920,19920
ORD-2025-037717,25-Nov-25,CUS-01102,PRD-0169,3,15310,45930
ORD-2025-037722,26-Nov-25,CUS-02456,PRD-0018,5,62570,312850
ORD-2025-037723,26-Nov-25,CUS-00226,PRD-0020,6,29210,175260
ORD-2025-037724,26-Nov-25,CUS-00212,PRD-0025,10,5090,50900
ORD-2025-037736,26-Nov-25,CUS-00117,PRD-0061,12,16320,195840
ORD-2025-037741,26-Nov-25,CUS-01824,PRD-0081,2,42190,84380
ORD-2025-037750,26-Nov-25,CUS-01102,PRD-0090,5,37690,188450
ORD-2025-037751,26-Nov-25,CUS-02220,PRD-0090,4,37690,150760
ORD-2025-037752,26-Nov-25,CUS-01735,PRD-0090,7,37690,263830
ORD-2025-037753,26-Nov-25,CUS-01512,PRD-0090,7,37690,263830
ORD-2025-037770,26-Nov-25,CUS-00678,PRD-0121,7,26430,185010
ORD-2025-037777,26-Nov-25,CUS-02026,PRD-0142,2,52030,104060
ORD-2025-037786,26-Nov-25,CUS-00149,PRD-0151,4,42840,171360
ORD-2025-037791,26-Nov-25,CUS-00299,PRD-0161,5,32640,163200
ORD-2025-037813,27-Nov-25,CUS-00799,PRD-0057,17,18040,306680
ORD-2025-037816,27-Nov-25,CUS-01875,PRD-0061,3,16320,48960
ORD-2025-037821,27-Nov-25,CUS-01660,PRD-0074,9,38390,345510
ORD-2025-037824,27-Nov-25,CUS-01064,PRD-0077,7,31120,217840
ORD-2025-037825,27-Nov-25,CUS-01971,PRD-0077,11,31120,342320
ORD-2025-037827,27-Nov-25,CUS-02210,PRD-0078,7,33720,236040
ORD-2025-037829,27-Nov-25,CUS-02126,PRD-0080,12,23900,286800
ORD-2025-037833,27-Nov-25,CUS-01515,PRD-0082,12,30730,368760
ORD-2025-037835,27-Nov-25,CUS-01019,PRD-0083,7,23690,165830
ORD-2025-037842,27-Nov-25,CUS-01875,PRD-0086,7,28180,197260
ORD-2025-037843,27-Nov-25,CUS-00437,PRD-0086,16,28180,450880
ORD-2025-037847,27-Nov-25,CUS-00901,PRD-0090,13,37690,489970
ORD-2025-037851,27-Nov-25,CUS-00707,PRD-0093,13,23080,300040
ORD-2025-037857,27-Nov-25,CUS-01813,PRD-0102,14,17050,238700
ORD-2025-037858,27-Nov-25,CUS-00436,PRD-0103,2,38480,76960
ORD-2025-037861,27-Nov-25,CUS-00717,PRD-0108,6,30750,184500
ORD-2025-037886,27-Nov-25,CUS-01794,PRD-0151,13,42840,556920
ORD-2025-037898,28-Nov-25,CUS-00602,PRD-0004,14,4490,62860
ORD-2025-037909,28-Nov-25,CUS-00057,PRD-0021,4,19390,77560
ORD-2025-037910,28-Nov-25,CUS-02135,PRD-0023,6,16940,101640
ORD-2025-037920,28-Nov-25,CUS-01762,PRD-0057,5,18040,90200
ORD-2025-037935,28-Nov-25,CUS-02219,PRD-0081,42,42190,1771980
ORD-2025-037938,28-Nov-25,CUS-02471,PRD-0085,9,32580,293220
ORD-2025-037952,28-Nov-25,CUS-00717,PRD-0103,2,38480,76960
ORD-2025-037958,28-Nov-25,CUS-00651,PRD-0118,4,23110,92440
ORD-2025-037960,28-Nov-25,CUS-01790,PRD-0122,1,19140,19140
ORD-2025-037975,28-Nov-25,CUS-01652,PRD-0151,8,42840,342720
ORD-2025-037978,28-Nov-25,CUS-02245,PRD-0152,15,24900,373500
ORD-2025-037981,28-Nov-25,CUS-00262,PRD-0155,26,65880,1712880
ORD-2025-037983,28-Nov-25,CUS-01679,PRD-0156,9,58570,527130
ORD-2025-037984,28-Nov-25,CUS-00445,PRD-0160,19,32940,625860
ORD-2025-037988,28-Nov-25,CUS-00124,PRD-0161,11,32640,359040
ORD-2025-037993,28-Nov-25,CUS-01683,PRD-0166,7,25650,179550
ORD-2025-037993,28-Nov-25,CUS-01683,PRD-0166,7,25650,179550
ORD-2025-037994,28-Nov-25,CUS-02184,PRD-0167,16,14020,224320
ORD-2025-038016,29-Nov-25,CUS-01075,PRD-0076,11,28050,308550
ORD-2025-038020,29-Nov-25,CUS-01388,PRD-0080,8,23900,191200
ORD-2025-038026,29-Nov-25,CUS-00297,PRD-0086,6,28180,169080
ORD-2025-038032,29-Nov-25,CUS-00927,PRD-0090,8,37690,301520
ORD-2025-038033,29-Nov-25,CUS-00527,PRD-0090,8,37690,301520
ORD-2025-038034,29-Nov-25,CUS-01790,PRD-0090,7,37690,263830
ORD-2025-038035,29-Nov-25,CUS-00318,PRD-0090,8,37690,301520
ORD-2025-038038,29-Nov-25,CUS-00724,PRD-0103,5,38480,192400
ORD-2025-038040,29-Nov-25,CUS-02427,PRD-0108,3,30750,92250
ORD-2025-038043,29-Nov-25,CUS-01195,PRD-0113,10,10420,104200
ORD-2025-038053,29-Nov-25,CUS-00043,PRD-0135,11,32900,361900
ORD-2025-038055,29-Nov-25,CUS-02275,PRD-0141,3,38600,115800
ORD-2025-038059,29-Nov-25,CUS-00910,PRD-0145,4,31800,127200
ORD-2025-038060,29-Nov-25,CUS-00811,PRD-0145,7,31800,222600
ORD-2025-038068,29-Nov-25,CUS-01393,PRD-0165,4,23380,93520
ORD-2025-038070,30-Nov-25,CUS-02144,PRD-0012,24,18410,441840
ORD-2025-038088,30-Nov-25,CUS-01195,PRD-0090,5,37690,188450
ORD-2025-038089,30-Nov-25,CUS-02215,PRD-0090,17,37690,640730
ORD-2025-038090,30-Nov-25,CUS-01166,PRD-0090,26,37690,979940
ORD-2025-038105,30-Nov-25,CUS-02405,PRD-0151,21,42840,899640
ORD-2025-038112,01-Dec-25,CUS-00672,PRD-0007,2,17070,34140
ORD-2025-038120,01-Dec-25,CUS-00260,PRD-0020,12,29210,350520
ORD-2025-038122,01-Dec-25,CUS-00327,PRD-0024,19,9800,186200
ORD-2025-038124,01-Dec-25,CUS-00675,PRD-0030,5,25250,126250
ORD-2025-038126,01-Dec-25,CUS-02087,PRD-0037,45,25650,1154250
ORD-2025-038127,01-Dec-25,CUS-02249,PRD-0039,18,14770,265860
ORD-2025-038131,01-Dec-25,CUS-02158,PRD-0050,3,5420,16260
ORD-2025-038133,01-Dec-25,CUS-00260,PRD-0051,3,43070,129210
ORD-2025-038134,01-Dec-25,CUS-00612,PRD-0054,13,17260,224380
ORD-2025-038135,01-Dec-25,CUS-00372,PRD-0056,2,25020,50040
ORD-2025-038137,01-Dec-25,CUS-00102,PRD-0057,5,18040,90200
ORD-2025-038138,01-Dec-25,CUS-00619,PRD-0057,5,18040,90200
ORD-2025-038143,01-Dec-25,CUS-02212,PRD-0062,14,17890,250460
ORD-2025-038146,01-Dec-25,CUS-02354,PRD-0065,13,34000,442000
ORD-2025-038147,01-Dec-25,CUS-00448,PRD-0068,11,16320,179520
ORD-2025-038148,01-Dec-25,CUS-01667,PRD-0070,23,19240,442520
ORD-2025-038150,01-Dec-25,CUS-00597,PRD-0072,12,42600,511200
ORD-2025-038152,01-Dec-25,CUS-02243,PRD-0074,5,38390,191950
ORD-2025-038157,01-Dec-25,CUS-00632,PRD-0077,8,31120,248960
ORD-2025-038162,01-Dec-25,CUS-00981,PRD-0083,3,23690,71070
ORD-2025-038168,01-Dec-25,CUS-02054,PRD-0086,14,28180,394520
ORD-2025-038183,01-Dec-25,CUS-02329,PRD-0098,1,15320,15320
ORD-2025-038195,01-Dec-25,CUS-00201,PRD-0117,21,17520,367920
ORD-2025-038226,01-Dec-25,CUS-02134,PRD-0151,7,42840,299880
ORD-2025-038232,01-Dec-25,CUS-00296,PRD-0160,9,32940,296460
ORD-2025-038234,01-Dec-25,CUS-02406,PRD-0161,7,32640,228480
ORD-2025-038243,02-Dec-25,CUS-00079,PRD-0023,3,16940,50820
ORD-2025-038248,02-Dec-25,CUS-02401,PRD-0033,4,11040,44160
ORD-2025-038249,02-Dec-25,CUS-01820,PRD-0037,3,25650,76950
ORD-2025-038254,02-Dec-25,CUS-01605,PRD-0041,13,6830,88790
ORD-2025-038258,02-Dec-25,CUS-02404,PRD-0057,5,18040,90200
ORD-2025-038262,02-Dec-25,CUS-02007,PRD-0061,33,16320,538560
ORD-2025-038266,02-Dec-25,CUS-00910,PRD-0067,2,12380,24760
ORD-2025-038268,02-Dec-25,CUS-02012,PRD-0071,3,17380,52140
ORD-2025-038271,02-Dec-25,CUS-01812,PRD-0077,8,31120,248960
ORD-2025-038281,02-Dec-25,CUS-02334,PRD-0086,4,28180,112720
ORD-2025-038282,02-Dec-25,CUS-00851,PRD-0086,5,28180,140900
ORD-2025-038290,02-Dec-25,CUS-00487,PRD-0090,10,37690,376900
ORD-2025-038290,02-Dec-25,CUS-00487,PRD-0090,10,37690,376900
ORD-2025-038291,02-Dec-25,CUS-00313,PRD-0090,4,37690,150760
ORD-2025-038302,02-Dec-25,CUS-02497,PRD-0100,4,20780,83120
ORD-2025-038307,02-Dec-25,CUS-01971,PRD-0108,15,30750,461250
ORD-2025-038307,02-Dec-25,CUS-01971,PRD-0108,15,30750,461250
ORD-2025-038309,02-Dec-25,CUS-01627,PRD-0113,2,10420,20840
ORD-2025-038319,02-Dec-25,CUS-01557,PRD-0120,2,14740,29480
ORD-2025-038320,02-Dec-25,CUS-00318,PRD-0120,7,14740,103180
ORD-2025-038321,02-Dec-25,CUS-00614,PRD-0120,5,14740,73700
ORD-2025-038322,02-Dec-25,CUS-00527,PRD-0121,24,26430,634320
ORD-2025-038335,02-Dec-25,CUS-00437,PRD-0128,3,20590,61770
ORD-2025-038340,02-Dec-25,CUS-00253,PRD-0142,12,52030,624360
ORD-2025-038348,02-Dec-25,CUS-01887,PRD-0151,11,42840,471240
ORD-2025-038355,02-Dec-25,CUS-01959,PRD-0161,3,32640,97920
ORD-2025-038356,02-Dec-25,CUS-00901,PRD-0161,10,32640,326400
ORD-2025-038361,02-Dec-25,CUS-01605,PRD-0169,33,15310,505230
ORD-2025-038368,03-Dec-25,CUS-00119,PRD-0008,12,16360,196320
ORD-2025-038380,03-Dec-25,CUS-01070,PRD-0028,5,4910,24550
ORD-2025-038385,03-Dec-25,CUS-00259,PRD-0037,4,25650,102600
ORD-2025-038386,03-Dec-25,CUS-00350,PRD-0039,5,14770,73850
ORD-2025-038388,03-Dec-25,CUS-01960,PRD-0040,4,14100,56400
ORD-2025-038389,03-Dec-25,CUS-01894,PRD-0041,4,6830,27320
ORD-2025-038395,03-Dec-25,CUS-01956,PRD-0058,10,17980,179800
ORD-2025-038397,03-Dec-25,CUS-00276,PRD-0059,9,50810,457290
ORD-2025-038399,03-Dec-25,CUS-01522,PRD-0060,6,57540,345240
ORD-2025-038403,03-Dec-25,CUS-01728,PRD-0065,11,34000,374000
ORD-2025-038414,03-Dec-25,CUS-00225,PRD-0077,9,31120,280080
ORD-2025-038422,03-Dec-25,CUS-02037,PRD-0088,9,15290,137610
ORD-2025-038433,03-Dec-25,CUS-00038,PRD-0098,4,15320,61280
ORD-2025-038437,03-Dec-25,CUS-01178,PRD-0100,7,20780,145460
ORD-2025-038438,03-Dec-25,CUS-00682,PRD-0100,4,20780,83120
ORD-2025-038439,03-Dec-25,CUS-01067,PRD-0100,3,20780,62340
ORD-2025-038447,03-Dec-25,CUS-00155,PRD-0118,4,23110,92440
ORD-2025-038454,03-Dec-25,CUS-00224,PRD-0125,20,15380,307600
ORD-2025-038455,03-Dec-25,CUS-01712,PRD-0125,1,15380,15380
ORD-2025-038458,03-Dec-25,CUS-01496,PRD-0131,11,31140,342540
ORD-2025-038465,03-Dec-25,CUS-00632,PRD-0139,4,33360,133440
ORD-2025-038471,03-Dec-25,CUS-02193,PRD-0151,7,42840,299880
ORD-2025-038482,03-Dec-25,CUS-00846,PRD-0157,7,24810,173670
ORD-2025-038485,03-Dec-25,CUS-00573,PRD-0160,14,32940,461160
ORD-2025-038486,03-Dec-25,CUS-00038,PRD-0160,3,32940,98820
ORD-2025-038491,03-Dec-25,CUS-00528,PRD-0164,3,19920,59760
ORD-2025-038497,04-Dec-25,CUS-00033,PRD-0005,11,3110,34210
ORD-2025-038499,04-Dec-25,CUS-00301,PRD-0016,12,42680,512160
ORD-2025-038500,04-Dec-25,CUS-02249,PRD-0017,17,39680,674560
ORD-2025-038501,04-Dec-25,CUS-00099,PRD-0018,10,62570,625700
ORD-2025-038504,04-Dec-25,CUS-00713,PRD-0023,3,16940,50820
ORD-2025-038508,04-Dec-25,CUS-00370,PRD-0031,6,36660,219960
ORD-2025-038509,04-Dec-25,CUS-01496,PRD-0031,4,36660,146640
ORD-2025-038512,04-Dec-25,CUS-01976,PRD-0037,13,25650,333450
ORD-2025-038516,04-Dec-25,CUS-01478,PRD-0041,6,6830,40980
ORD-2025-038517,04-Dec-25,CUS-01097,PRD-0041,7,6830,47810
ORD-2025-038524,04-Dec-25,CUS-00253,PRD-0067,6,12380,74280
ORD-2025-038531,04-Dec-25,CUS-00927,PRD-0078,20,33720,674400
ORD-2025-038540,04-Dec-25,CUS-00055,PRD-0083,5,23690,118450
ORD-2025-038551,04-Dec-25,CUS-01224,PRD-0090,6,37690,226140
ORD-2025-038561,04-Dec-25,CUS-00595,PRD-0100,3,20780,62340
ORD-2025-038569,04-Dec-25,CUS-01860,PRD-0115,1,21210,21210
ORD-2025-038570,04-Dec-25,CUS-02182,PRD-0116,2,17680,35360
ORD-2025-038571,04-Dec-25,CUS-00280,PRD-0118,5,23110,115550
ORD-2025-038573,04-Dec-25,CUS-01496,PRD-0121,14,26430,370020
ORD-2025-038576,04-Dec-25,CUS-00165,PRD-0125,2,15380,30760
ORD-2025-038577,04-Dec-25,CUS-00573,PRD-0125,9,15380,138420
ORD-2025-038580,04-Dec-25,CUS-02401,PRD-0131,5,31140,155700
ORD-2025-038581,04-Dec-25,CUS-00652,PRD-0134,1,34970,34970
ORD-2025-038584,04-Dec-25,CUS-00388,PRD-0138,2,27020,54040
ORD-2025-038594,04-Dec-25,CUS-02035,PRD-0155,7,65880,461160
ORD-2025-038599,04-Dec-25,CUS-00607,PRD-0160,7,32940,230580
ORD-2025-038604,04-Dec-25,CUS-02457,PRD-0163,12,27790,333480
ORD-2025-038613,05-Dec-25,CUS-01460,PRD-0028,2,4910,9820
ORD-2025-038617,05-Dec-25,CUS-01281,PRD-0035,5,13660,68300
ORD-2025-038620,05-Dec-25,CUS-00017,PRD-0048,3,16870,50610
ORD-2025-038628,05-Dec-25,CUS-00162,PRD-0057,3,18040,54120
ORD-2025-038634,05-Dec-25,CUS-00051,PRD-0064,4,36350,145400
ORD-2025-038638,05-Dec-25,CUS-00448,PRD-0072,13,42600,553800
ORD-2025-038647,05-Dec-25,CUS-01025,PRD-0079,5,46870,234350
ORD-2025-038650,05-Dec-25,CUS-01106,PRD-0086,4,28180,112720
ORD-2025-038660,05-Dec-25,CUS-01515,PRD-0090,10,37690,376900
ORD-2025-038661,05-Dec-25,CUS-02249,PRD-0090,3,37690,113070
ORD-2025-038662,05-Dec-25,CUS-00886,PRD-0090,3,37690,113070
ORD-2025-038663,05-Dec-25,CUS-01558,PRD-0090,7,37690,263830
ORD-2025-038666,05-Dec-25,CUS-01413,PRD-0092,3,30260,90780
ORD-2025-038671,05-Dec-25,CUS-02404,PRD-0100,9,20780,187020
ORD-2025-038672,05-Dec-25,CUS-00750,PRD-0100,2,20780,41560
ORD-2025-038678,05-Dec-25,CUS-02428,PRD-0111,5,12240,61200
ORD-2025-038690,05-Dec-25,CUS-02026,PRD-0132,2,38360,76720
ORD-2025-038693,05-Dec-25,CUS-01795,PRD-0141,1,38600,38600
ORD-2025-038697,05-Dec-25,CUS-01118,PRD-0142,1,52030,52030
ORD-2025-038713,05-Dec-25,CUS-00603,PRD-0151,5,42840,214200
ORD-2025-038723,05-Dec-25,CUS-01528,PRD-0167,6,14020,84120
ORD-2025-038725,05-Dec-25,CUS-02258,PRD-0169,1,15310,15310
ORD-2025-038728,06-Dec-25,CUS-02210,PRD-0004,12,4490,53880
ORD-2025-038729,06-Dec-25,CUS-00660,PRD-0007,21,17070,358470
ORD-2025-038731,06-Dec-25,CUS-00950,PRD-0008,5,16360,81800
ORD-2025-038735,06-Dec-25,CUS-02401,PRD-0015,11,8500,93500
ORD-2025-038743,06-Dec-25,CUS-01557,PRD-0039,4,14770,59080
ORD-2025-038745,06-Dec-25,CUS-02212,PRD-0045,5,7340,36700
ORD-2025-038750,06-Dec-25,CUS-01097,PRD-0064,7,36350,254450
ORD-2025-038752,06-Dec-25,CUS-01992,PRD-0065,5,34000,170000
ORD-2025-038756,06-Dec-25,CUS-01236,PRD-0077,10,31120,311200
ORD-2025-038758,06-Dec-25,CUS-00850,PRD-0082,3,30730,92190
ORD-2025-038778,06-Dec-25,CUS-02456,PRD-0106,8,41890,335120
ORD-2025-038783,06-Dec-25,CUS-01537,PRD-0121,7,26430,185010
ORD-2025-038788,06-Dec-25,CUS-00799,PRD-0128,56,20590,1153040
ORD-2025-038796,06-Dec-25,CUS-00619,PRD-0149,11,45880,504680
ORD-2025-038799,06-Dec-25,CUS-01735,PRD-0151,24,42840,1028160
ORD-2025-038811,06-Dec-25,CUS-01626,PRD-0160,17,32940,559980
ORD-2025-038812,06-Dec-25,CUS-00030,PRD-0160,28,32940,922320
ORD-2025-038814,06-Dec-25,CUS-02158,PRD-0161,3,32640,97920
ORD-2025-038821,06-Dec-25,CUS-01933,PRD-0166,4,25650,102600
ORD-2025-038824,07-Dec-25,CUS-00701,PRD-0002,21,5180,108780
ORD-2025-038829,07-Dec-25,CUS-01617,PRD-0020,8,29210,233680
ORD-2025-038833,07-Dec-25,CUS-01557,PRD-0055,3,16990,50970
ORD-2025-038859,08-Dec-25,CUS-00099,PRD-0008,11,16360,179960
ORD-2025-038859,08-Dec-25,CUS-00099,PRD-0008,11,16360,179960
ORD-2025-038864,08-Dec-25,CUS-02435,PRD-0011,3,17170,51510
ORD-2025-038871,08-Dec-25,CUS-00104,PRD-0023,3,16940,50820
ORD-2025-038874,08-Dec-25,CUS-01081,PRD-0031,13,36660,476580
ORD-2025-038879,08-Dec-25,CUS-01557,PRD-0039,18,14770,265860
ORD-2025-038880,08-Dec-25,CUS-01828,PRD-0039,4,14770,59080
ORD-2025-038887,08-Dec-25,CUS-00347,PRD-0061,15,16320,244800
ORD-2025-038893,08-Dec-25,CUS-00174,PRD-0068,9,16320,146880
ORD-2025-038895,08-Dec-25,CUS-00692,PRD-0069,9,17210,154890
ORD-2025-038907,08-Dec-25,CUS-00811,PRD-0078,10,33720,337200
ORD-2025-038916,08-Dec-25,CUS-02257,PRD-0084,6,27760,166560
ORD-2025-038918,08-Dec-25,CUS-01143,PRD-0086,2,28180,56360
ORD-2025-038919,08-Dec-25,CUS-02130,PRD-0087,7,24070,168490
ORD-2025-038933,08-Dec-25,CUS-01894,PRD-0093,5,23080,115400
ORD-2025-038937,08-Dec-25,CUS-00606,PRD-0100,6,20780,124680
ORD-2025-038938,08-Dec-25,CUS-00701,PRD-0100,3,20780,62340
ORD-2025-038939,08-Dec-25,CUS-01024,PRD-0102,8,17050,136400
ORD-2025-038943,08-Dec-25,CUS-00394,PRD-0111,30,12240,367200
ORD-2025-038944,08-Dec-25,CUS-00388,PRD-0113,28,10420,291760
ORD-2025-038948,08-Dec-25,CUS-01514,PRD-0116,3,17680,53040
ORD-2025-038954,08-Dec-25,CUS-00558,PRD-0121,20,26430,528600
ORD-2025-038957,08-Dec-25,CUS-01515,PRD-0123,9,14410,129690
ORD-2025-038965,08-Dec-25,CUS-00642,PRD-0127,2,16760,33520
ORD-2025-038968,08-Dec-25,CUS-00394,PRD-0133,14,27960,391440
ORD-2025-038972,08-Dec-25,CUS-00573,PRD-0139,6,33360,200160
ORD-2025-038973,08-Dec-25,CUS-00692,PRD-0142,4,52030,208120
ORD-2025-038983,08-Dec-25,CUS-02287,PRD-0151,6,42840,257040
ORD-2025-038984,08-Dec-25,CUS-01150,PRD-0151,2,42840,85680
ORD-2025-038985,08-Dec-25,CUS-00966,PRD-0151,8,42840,342720
ORD-2025-038989,08-Dec-25,CUS-00663,PRD-0153,26,24220,629720
ORD-2025-038992,08-Dec-25,CUS-00910,PRD-0155,8,65880,527040
ORD-2025-038993,08-Dec-25,CUS-01721,PRD-0156,6,58570,351420
ORD-2025-038995,08-Dec-25,CUS-00286,PRD-0161,6,32640,195840
ORD-2025-038998,08-Dec-25,CUS-01412,PRD-0168,13,19490,253370
ORD-2025-039014,09-Dec-25,CUS-01667,PRD-0045,14,7340,102760
ORD-2025-039017,09-Dec-25,CUS-01703,PRD-0052,3,43630,130890
ORD-2025-039018,09-Dec-25,CUS-02222,PRD-0056,2,25020,50040
ORD-2025-039033,09-Dec-25,CUS-00746,PRD-0065,9,34000,306000
ORD-2025-039040,09-Dec-25,CUS-01166,PRD-0075,8,34020,272160
ORD-2025-039047,09-Dec-25,CUS-00105,PRD-0081,6,42190,253140
ORD-2025-039049,09-Dec-25,CUS-00201,PRD-0082,16,30730,491680
ORD-2025-039054,09-Dec-25,CUS-01622,PRD-0086,12,28180,338160
ORD-2025-039067,09-Dec-25,CUS-00505,PRD-0090,5,37690,188450
ORD-2025-039068,09-Dec-25,CUS-00137,PRD-0090,7,37690,263830
ORD-2025-039069,09-Dec-25,CUS-02426,PRD-0090,5,37690,188450
ORD-2025-039075,09-Dec-25,CUS-01489,PRD-0092,7,30260,211820
ORD-2025-039078,09-Dec-25,CUS-00688,PRD-0100,3,20780,62340
ORD-2025-039084,09-Dec-25,CUS-02001,PRD-0108,13,30750,399750
ORD-2025-039084,09-Dec-25,CUS-02001,PRD-0108,13,30750,399750
ORD-2025-039085,09-Dec-25,CUS-01585,PRD-0108,9,30750,276750
ORD-2025-039089,09-Dec-25,CUS-00906,PRD-0118,16,23110,369760
ORD-2025-039100,09-Dec-25,CUS-01154,PRD-0125,12,15380,184560
ORD-2025-039109,09-Dec-25,CUS-02366,PRD-0142,5,52030,260150
ORD-2025-039110,09-Dec-25,CUS-01036,PRD-0142,1,52030,52030
ORD-2025-039121,09-Dec-25,CUS-01616,PRD-0154,7,42470,297290
ORD-2025-039135,09-Dec-25,CUS-01950,PRD-0165,25,23380,584500
ORD-2025-039142,10-Dec-25,CUS-01558,PRD-0016,20,42680,853600
ORD-2025-039145,10-Dec-25,CUS-02184,PRD-0023,4,16940,67760
ORD-2025-039146,10-Dec-25,CUS-00953,PRD-0025,6,5090,30540
ORD-2025-039148,10-Dec-25,CUS-01665,PRD-0037,18,25650,461700
ORD-2025-039161,10-Dec-25,CUS-02154,PRD-0065,18,34000,612000
ORD-2025-039176,10-Dec-25,CUS-00490,PRD-0086,4,28180,112720
ORD-2025-039177,10-Dec-25,CUS-01197,PRD-0086,6,28180,169080
ORD-2025-039178,10-Dec-25,CUS-02281,PRD-0086,7,28180,197260
ORD-2025-039185,10-Dec-25,CUS-00237,PRD-0090,1,37690,37690
ORD-2025-039187,10-Dec-25,CUS-01062,PRD-0094,4,22360,89440
ORD-2025-039189,10-Dec-25,CUS-01875,PRD-0097,14,21780,304920
ORD-2025-039192,10-Dec-25,CUS-00253,PRD-0098,1,15320,15320
ORD-2025-039198,10-Dec-25,CUS-01189,PRD-0100,19,20780,394820
ORD-2025-039205,10-Dec-25,CUS-00995,PRD-0108,2,30750,61500
ORD-2025-039209,10-Dec-25,CUS-00066,PRD-0116,8,17680,141440
ORD-2025-039212,10-Dec-25,CUS-01515,PRD-0118,23,23110,531530
ORD-2025-039226,10-Dec-25,CUS-01971,PRD-0135,9,32900,296100
ORD-2025-039240,10-Dec-25,CUS-01041,PRD-0151,9,42840,385560
ORD-2025-039252,10-Dec-25,CUS-00831,PRD-0163,8,27790,222320
ORD-2025-039265,11-Dec-25,CUS-02088,PRD-0015,2,8500,17000
ORD-2025-039269,11-Dec-25,CUS-00436,PRD-0023,8,16940,135520
ORD-2025-039271,11-Dec-25,CUS-00831,PRD-0026,8,4150,33200
ORD-2025-039272,11-Dec-25,CUS-00204,PRD-0031,6,36660,219960
ORD-2025-039276,11-Dec-25,CUS-01622,PRD-0047,11,19060,209660
ORD-2025-039277,11-Dec-25,CUS-01262,PRD-0050,4,5420,21680
ORD-2025-039278,11-Dec-25,CUS-00013,PRD-0057,6,18040,108240
ORD-2025-039278,11-Dec-25,CUS-00013,PRD-0057,6,18040,108240
ORD-2025-039279,11-Dec-25,CUS-01341,PRD-0057,23,18040,414920
ORD-2025-039283,11-Dec-25,CUS-00600,PRD-0068,16,16320,261120
ORD-2025-039290,11-Dec-25,CUS-02471,PRD-0079,12,46870,562440
ORD-2025-039291,11-Dec-25,CUS-00318,PRD-0080,5,23900,119500
ORD-2025-039292,11-Dec-25,CUS-01384,PRD-0081,17,42190,717230
ORD-2025-039295,11-Dec-25,CUS-01894,PRD-0085,6,32580,195480
ORD-2025-039322,11-Dec-25,CUS-00482,PRD-0125,7,15380,107660
ORD-2025-039324,11-Dec-25,CUS-01349,PRD-0128,6,20590,123540
ORD-2025-039325,11-Dec-25,CUS-00833,PRD-0128,10,20590,205900
ORD-2025-039341,11-Dec-25,CUS-02082,PRD-0151,3,42840,128520
ORD-2025-039346,11-Dec-25,CUS-01795,PRD-0156,2,58570,117140
ORD-2025-039351,11-Dec-25,CUS-01947,PRD-0161,8,32640,261120
ORD-2025-039354,11-Dec-25,CUS-01246,PRD-0163,5,27790,138950
ORD-2025-039358,11-Dec-25,CUS-00811,PRD-0167,9,14020,126180
ORD-2025-039364,12-Dec-25,CUS-00683,PRD-0004,4,4490,17960
ORD-2025-039386,12-Dec-25,CUS-01579,PRD-0057,15,18040,270600
ORD-2025-039387,12-Dec-25,CUS-00673,PRD-0059,2,50810,101620
ORD-2025-039394,12-Dec-25,CUS-00490,PRD-0061,11,16320,179520
ORD-2025-039395,12-Dec-25,CUS-00353,PRD-0062,7,17890,125230
ORD-2025-039402,12-Dec-25,CUS-02126,PRD-0068,33,16320,538560
ORD-2025-039409,12-Dec-25,CUS-00927,PRD-0078,9,33720,303480
ORD-2025-039418,12-Dec-25,CUS-01914,PRD-0084,9,27760,249840
ORD-2025-039419,12-Dec-25,CUS-00793,PRD-0084,4,27760,111040
ORD-2025-039423,12-Dec-25,CUS-00679,PRD-0086,7,28180,197260
ORD-2025-039431,12-Dec-25,CUS-01820,PRD-0090,11,37690,414590
ORD-2025-039432,12-Dec-25,CUS-01165,PRD-0090,11,37690,414590
ORD-2025-039433,12-Dec-25,CUS-01822,PRD-0090,3,37690,113070
ORD-2025-039434,12-Dec-25,CUS-01242,PRD-0090,7,37690,263830
ORD-2025-039437,12-Dec-25,CUS-00831,PRD-0098,13,15320,199160
ORD-2025-039440,12-Dec-25,CUS-01674,PRD-0100,13,20780,270140
ORD-2025-039441,12-Dec-25,CUS-01005,PRD-0100,5,20780,103900
ORD-2025-039442,12-Dec-25,CUS-02053,PRD-0100,12,20780,249360
ORD-2025-039443,12-Dec-25,CUS-00600,PRD-0101,8,22590,180720
ORD-2025-039457,12-Dec-25,CUS-01242,PRD-0122,11,19140,210540
ORD-2025-039463,12-Dec-25,CUS-00525,PRD-0125,5,15380,76900
ORD-2025-039468,12-Dec-25,CUS-00964,PRD-0137,3,27650,82950
ORD-2025-039470,12-Dec-25,CUS-00764,PRD-0142,4,52030,208120
ORD-2025-039472,12-Dec-25,CUS-00833,PRD-0146,10,34820,348200
ORD-2025-039489,12-Dec-25,CUS-00717,PRD-0160,11,32940,362340
ORD-2025-039492,12-Dec-25,CUS-00464,PRD-0161,16,32640,522240
ORD-2025-039496,12-Dec-25,CUS-00253,PRD-0166,4,25650,102600
ORD-2025-039499,13-Dec-25,CUS-00291,PRD-0004,7,4490,31430
ORD-2025-039506,13-Dec-25,CUS-01143,PRD-0031,6,36660,219960
ORD-2025-039516,13-Dec-25,CUS-01155,PRD-0051,5,43070,215350
ORD-2025-039516,13-Dec-25,CUS-01155,PRD-0051,5,43070,215350
ORD-2025-039524,13-Dec-25,CUS-00502,PRD-0079,6,46870,281220
ORD-2025-039525,13-Dec-25,CUS-00165,PRD-0079,19,46870,890530
ORD-2025-039542,13-Dec-25,CUS-00008,PRD-0100,3,20780,62340
ORD-2025-039543,13-Dec-25,CUS-02183,PRD-0103,6,38480,230880
ORD-2025-039549,13-Dec-25,CUS-01020,PRD-0112,14,15500,217000
ORD-2025-039551,13-Dec-25,CUS-01691,PRD-0118,5,23110,115550
ORD-2025-039552,13-Dec-25,CUS-01381,PRD-0121,4,26430,105720
ORD-2025-039559,13-Dec-25,CUS-02179,PRD-0128,21,20590,432390
ORD-2025-039562,13-Dec-25,CUS-01790,PRD-0131,3,31140,93420
ORD-2025-039570,13-Dec-25,CUS-01166,PRD-0144,8,31990,255920
ORD-2025-039574,13-Dec-25,CUS-02275,PRD-0151,3,42840,128520
ORD-2025-039584,13-Dec-25,CUS-00299,PRD-0161,11,32640,359040
ORD-2025-039593,14-Dec-25,CUS-00886,PRD-0023,30,16940,508200
ORD-2025-039599,14-Dec-25,CUS-01669,PRD-0065,3,34000,102000
ORD-2025-039607,14-Dec-25,CUS-00052,PRD-0086,5,28180,140900
ORD-2025-039619,14-Dec-25,CUS-01909,PRD-0128,5,20590,102950
ORD-2025-039622,14-Dec-25,CUS-01638,PRD-0138,3,27020,81060
ORD-2025-039634,15-Dec-25,CUS-02409,PRD-0019,9,31240,281160
ORD-2025-039634,15-Dec-25,CUS-02409,PRD-0019,9,31240,281160
ORD-2025-039641,15-Dec-25,CUS-01992,PRD-0031,13,36660,476580
ORD-2025-039645,15-Dec-25,CUS-01669,PRD-0057,4,18040,72160
ORD-2025-039651,15-Dec-25,CUS-00353,PRD-0076,10,28050,280500
ORD-2025-039654,15-Dec-25,CUS-01876,PRD-0079,11,46870,515570
ORD-2025-039666,15-Dec-25,CUS-01049,PRD-0086,7,28180,197260
ORD-2025-039667,15-Dec-25,CUS-01712,PRD-0086,4,28180,112720
ORD-2025-039680,15-Dec-25,CUS-01790,PRD-0098,2,15320,30640
ORD-2025-039686,15-Dec-25,CUS-01473,PRD-0100,1,20780,20780
ORD-2025-039687,15-Dec-25,CUS-01264,PRD-0100,2,20780,41560
ORD-2025-039695,15-Dec-25,CUS-00853,PRD-0120,2,14740,29480
ORD-2025-039698,15-Dec-25,CUS-01588,PRD-0121,5,26430,132150
ORD-2025-039699,15-Dec-25,CUS-01811,PRD-0122,9,19140,172260
ORD-2025-039700,15-Dec-25,CUS-02201,PRD-0124,2,8790,17580
ORD-2025-039711,15-Dec-25,CUS-00001,PRD-0135,17,32900,559300
ORD-2025-039719,15-Dec-25,CUS-01502,PRD-0145,5,31800,159000
ORD-2025-039735,15-Dec-25,CUS-01909,PRD-0160,6,32940,197640
ORD-2025-039739,15-Dec-25,CUS-00660,PRD-0161,5,32640,163200
ORD-2025-039741,15-Dec-25,CUS-01036,PRD-0163,9,27790,250110
ORD-2025-039749,16-Dec-25,CUS-01246,PRD-0004,3,4490,13470
ORD-2025-039753,16-Dec-25,CUS-00045,PRD-0008,6,16360,98160
ORD-2025-039757,16-Dec-25,CUS-00089,PRD-0018,6,62570,375420
ORD-2025-039761,16-Dec-25,CUS-02307,PRD-0026,3,4150,12450
ORD-2025-039763,16-Dec-25,CUS-00852,PRD-0031,19,36660,696540
ORD-2025-039764,16-Dec-25,CUS-00678,PRD-0031,9,36660,329940
ORD-2025-039770,16-Dec-25,CUS-01491,PRD-0047,4,19060,76240
ORD-2025-039774,16-Dec-25,CUS-02456,PRD-0057,8,18040,144320
ORD-2025-039775,16-Dec-25,CUS-02314,PRD-0057,11,18040,198440
ORD-2025-039792,16-Dec-25,CUS-01044,PRD-0082,8,30730,245840
ORD-2025-039794,16-Dec-25,CUS-00958,PRD-0085,18,32580,586440
ORD-2025-039796,16-Dec-25,CUS-00174,PRD-0086,1,28180,28180
ORD-2025-039797,16-Dec-25,CUS-01622,PRD-0086,3,28180,84540
ORD-2025-039798,16-Dec-25,CUS-02257,PRD-0089,14,13010,182140
ORD-2025-039807,16-Dec-25,CUS-01648,PRD-0090,8,37690,301520
ORD-2025-039812,16-Dec-25,CUS-01703,PRD-0101,7,22590,158130
ORD-2025-039818,16-Dec-25,CUS-02243,PRD-0108,6,30750,184500
ORD-2025-039819,16-Dec-25,CUS-02084,PRD-0111,4,12240,48960
ORD-2025-039831,16-Dec-25,CUS-00074,PRD-0130,4,13600,54400
ORD-2025-039835,16-Dec-25,CUS-02334,PRD-0139,45,33360,1501200
ORD-2025-039853,16-Dec-25,CUS-02054,PRD-0153,6,24220,145320
ORD-2025-039858,16-Dec-25,CUS-02071,PRD-0160,12,32940,395280
ORD-2025-039860,16-Dec-25,CUS-01218,PRD-0161,9,32640,293760
ORD-2025-039865,16-Dec-25,CUS-01835,PRD-0170,4,17370,69480
ORD-2025-039867,17-Dec-25,CUS-00775,PRD-0004,5,4490,22450
ORD-2025-039871,17-Dec-25,CUS-01766,PRD-0011,11,17170,188870
ORD-2025-039876,17-Dec-25,CUS-00046,PRD-0017,3,39680,119040
ORD-2025-039882,17-Dec-25,CUS-00545,PRD-0020,14,29210,408940
ORD-2025-039885,17-Dec-25,CUS-00008,PRD-0025,7,5090,35630
ORD-2025-039899,17-Dec-25,CUS-00305,PRD-0058,14,17980,251720
ORD-2025-039903,17-Dec-25,CUS-01809,PRD-0065,5,34000,170000
ORD-2025-039910,17-Dec-25,CUS-00667,PRD-0077,12,31120,373440
ORD-2025-039911,17-Dec-25,CUS-01723,PRD-0077,9,31120,280080
ORD-2025-039932,17-Dec-25,CUS-02243,PRD-0090,15,37690,565350
ORD-2025-039933,17-Dec-25,CUS-01025,PRD-0090,12,37690,452280
ORD-2025-039934,17-Dec-25,CUS-01225,PRD-0090,4,37690,150760
ORD-2025-039936,17-Dec-25,CUS-00465,PRD-0091,3,27010,81030
ORD-2025-039941,17-Dec-25,CUS-01668,PRD-0100,16,20780,332480
ORD-2025-039942,17-Dec-25,CUS-02084,PRD-0102,7,17050,119350
ORD-2025-039945,17-Dec-25,CUS-00863,PRD-0111,3,12240,36720
ORD-2025-039950,17-Dec-25,CUS-00490,PRD-0118,5,23110,115550
ORD-2025-039953,17-Dec-25,CUS-01209,PRD-0122,3,19140,57420
ORD-2025-039967,17-Dec-25,CUS-02053,PRD-0135,8,32900,263200
ORD-2025-039969,17-Dec-25,CUS-01154,PRD-0142,9,52030,468270
ORD-2025-039974,17-Dec-25,CUS-00073,PRD-0146,6,34820,208920
ORD-2025-039982,17-Dec-25,CUS-00034,PRD-0151,7,42840,299880
ORD-2025-039983,17-Dec-25,CUS-01272,PRD-0151,11,42840,471240
ORD-2025-039997,17-Dec-25,CUS-00651,PRD-0161,12,32640,391680
ORD-2025-040006,18-Dec-25,CUS-02426,PRD-0004,6,4490,26940
ORD-2025-040007,18-Dec-25,CUS-00253,PRD-0005,5,3110,15550
ORD-2025-040013,18-Dec-25,CUS-02366,PRD-0017,19,39680,753920
ORD-2025-040015,18-Dec-25,CUS-00454,PRD-0020,41,29210,1197610
ORD-2025-040017,18-Dec-25,CUS-02384,PRD-0031,10,36660,366600
ORD-2025-040031,18-Dec-25,CUS-00701,PRD-0051,8,43070,344560
ORD-2025-040033,18-Dec-25,CUS-01437,PRD-0055,4,16990,67960
ORD-2025-040038,18-Dec-25,CUS-01365,PRD-0063,2,15070,30140
ORD-2025-040049,18-Dec-25,CUS-02220,PRD-0080,4,23900,95600
ORD-2025-040051,18-Dec-25,CUS-02189,PRD-0082,4,30730,122920
ORD-2025-040064,18-Dec-25,CUS-01118,PRD-0090,5,37690,188450
ORD-2025-040065,18-Dec-25,CUS-01338,PRD-0090,16,37690,603040
ORD-2025-040066,18-Dec-25,CUS-00799,PRD-0090,8,37690,301520
ORD-2025-040073,18-Dec-25,CUS-01149,PRD-0098,13,15320,199160
ORD-2025-040080,18-Dec-25,CUS-00890,PRD-0108,3,30750,92250
ORD-2025-040081,18-Dec-25,CUS-01818,PRD-0109,2,30700,61400
ORD-2025-040087,18-Dec-25,CUS-01388,PRD-0117,5,17520,87600
ORD-2025-040089,18-Dec-25,CUS-00301,PRD-0121,13,26430,343590
ORD-2025-040090,18-Dec-25,CUS-01899,PRD-0123,4,14410,57640
ORD-2025-040098,18-Dec-25,CUS-00636,PRD-0137,15,27650,414750
ORD-2025-040104,18-Dec-25,CUS-02246,PRD-0150,6,47850,287100
ORD-2025-040108,18-Dec-25,CUS-00174,PRD-0151,68,42840,2913120
ORD-2025-040119,18-Dec-25,CUS-02257,PRD-0160,7,32940,230580
ORD-2025-040126,18-Dec-25,CUS-02026,PRD-0166,14,25650,359100
ORD-2025-040130,19-Dec-25,CUS-02402,PRD-0003,1,4840,4840
ORD-2025-040133,19-Dec-25,CUS-02071,PRD-0004,6,4490,26940
ORD-2025-040134,19-Dec-25,CUS-02426,PRD-0004,9,4490,40410
ORD-2025-040136,19-Dec-25,CUS-01728,PRD-0008,6,16360,98160
ORD-2025-040141,19-Dec-25,CUS-01781,PRD-0016,10,42680,426800
ORD-2025-040147,19-Dec-25,CUS-01368,PRD-0025,5,5090,25450
ORD-2025-040162,19-Dec-25,CUS-00863,PRD-0061,6,16320,97920
ORD-2025-040172,19-Dec-25,CUS-00923,PRD-0077,4,31120,124480
ORD-2025-040173,19-Dec-25,CUS-01038,PRD-0077,1,31120,31120
ORD-2025-040174,19-Dec-25,CUS-01279,PRD-0077,2,31120,62240
ORD-2025-040176,19-Dec-25,CUS-01281,PRD-0078,20,33720,674400
ORD-2025-040178,19-Dec-25,CUS-02007,PRD-0081,23,42190,970370
ORD-2025-040179,19-Dec-25,CUS-02134,PRD-0081,6,42190,253140
ORD-2025-040180,19-Dec-25,CUS-00915,PRD-0081,3,42190,126570
ORD-2025-040196,19-Dec-25,CUS-01617,PRD-0090,16,37690,603040
ORD-2025-040197,19-Dec-25,CUS-01824,PRD-0091,12,27010,324120
ORD-2025-040199,19-Dec-25,CUS-01626,PRD-0097,2,21780,43560
ORD-2025-040214,19-Dec-25,CUS-01824,PRD-0115,6,21210,127260
ORD-2025-040219,19-Dec-25,CUS-00592,PRD-0121,2,26430,52860
ORD-2025-040220,19-Dec-25,CUS-02026,PRD-0121,14,26430,370020
ORD-2025-040227,19-Dec-25,CUS-02026,PRD-0125,16,15380,246080
ORD-2025-040228,19-Dec-25,CUS-02038,PRD-0125,4,15380,61520
ORD-2025-040241,19-Dec-25,CUS-00778,PRD-0145,8,31800,254400
ORD-2025-040242,19-Dec-25,CUS-00847,PRD-0146,6,34820,208920
ORD-2025-040248,19-Dec-25,CUS-01706,PRD-0151,4,42840,171360
ORD-2025-040249,19-Dec-25,CUS-02144,PRD-0151,4,42840,171360
ORD-2025-040250,19-Dec-25,CUS-01166,PRD-0151,11,42840,471240
ORD-2025-040252,19-Dec-25,CUS-01822,PRD-0154,3,42470,127410
ORD-2025-040255,19-Dec-25,CUS-01197,PRD-0156,4,58570,234280
ORD-2025-040259,19-Dec-25,CUS-00370,PRD-0160,13,32940,428220
ORD-2025-040263,19-Dec-25,CUS-01616,PRD-0165,7,23380,163660
ORD-2025-040264,19-Dec-25,CUS-02260,PRD-0166,30,25650,769500
ORD-2025-040277,20-Dec-25,CUS-01004,PRD-0026,4,4150,16600
ORD-2025-040280,20-Dec-25,CUS-01721,PRD-0035,14,13660,191240
ORD-2025-040281,20-Dec-25,CUS-01992,PRD-0037,8,25650,205200
ORD-2025-040286,20-Dec-25,CUS-00651,PRD-0061,27,16320,440640
ORD-2025-040292,20-Dec-25,CUS-02373,PRD-0068,8,16320,130560
ORD-2025-040305,20-Dec-25,CUS-00846,PRD-0086,11,28180,309980
ORD-2025-040306,20-Dec-25,CUS-01626,PRD-0086,4,28180,112720
ORD-2025-040311,20-Dec-25,CUS-01590,PRD-0095,15,20290,304350
ORD-2025-040314,20-Dec-25,CUS-00103,PRD-0099,10,14380,143800
ORD-2025-040330,20-Dec-25,CUS-00636,PRD-0139,5,33360,166800
ORD-2025-040341,20-Dec-25,CUS-01947,PRD-0151,5,42840,214200
ORD-2025-040341,20-Dec-25,CUS-01947,PRD-0151,5,42840,214200
ORD-2025-040353,20-Dec-25,CUS-00870,PRD-0166,5,25650,128250
ORD-2025-040353,20-Dec-25,CUS-00870,PRD-0166,5,25650,128250
ORD-2025-040359,21-Dec-25,CUS-00545,PRD-0046,15,17360,260400
ORD-2025-040361,21-Dec-25,CUS-01824,PRD-0061,4,16320,65280
ORD-2025-040370,21-Dec-25,CUS-00438,PRD-0090,16,37690,603040
ORD-2025-040371,21-Dec-25,CUS-00259,PRD-0090,4,37690,150760
ORD-2025-040375,21-Dec-25,CUS-01887,PRD-0098,9,15320,137880
ORD-2025-040381,21-Dec-25,CUS-00219,PRD-0130,4,13600,54400
ORD-2025-040382,21-Dec-25,CUS-01257,PRD-0132,6,38360,230160
ORD-2025-040399,22-Dec-25,CUS-01254,PRD-0004,8,4490,35920
ORD-2025-040400,22-Dec-25,CUS-00225,PRD-0004,5,4490,22450
ORD-2025-040402,22-Dec-25,CUS-01780,PRD-0005,3,3110,9330
ORD-2025-040404,22-Dec-25,CUS-00074,PRD-0007,6,17070,102420
ORD-2025-040409,22-Dec-25,CUS-00171,PRD-0011,7,17170,120190
ORD-2025-040420,22-Dec-25,CUS-01899,PRD-0047,12,19060,228720
ORD-2025-040422,22-Dec-25,CUS-02053,PRD-0051,8,43070,344560
ORD-2025-040425,22-Dec-25,CUS-02234,PRD-0060,4,57540,230160
ORD-2025-040431,22-Dec-25,CUS-00331,PRD-0070,11,19240,211640
ORD-2025-040444,22-Dec-25,CUS-02264,PRD-0085,4,32580,130320
ORD-2025-040453,22-Dec-25,CUS-01550,PRD-0090,11,37690,414590
ORD-2025-040454,22-Dec-25,CUS-01636,PRD-0090,16,37690,603040
ORD-2025-040454,22-Dec-25,CUS-01636,PRD-0090,16,37690,603040
ORD-2025-040455,22-Dec-25,CUS-00799,PRD-0090,4,37690,150760
ORD-2025-040476,22-Dec-25,CUS-01977,PRD-0108,4,30750,123000
ORD-2025-040480,22-Dec-25,CUS-00030,PRD-0109,4,30700,122800
ORD-2025-040485,22-Dec-25,CUS-00308,PRD-0116,1,17680,17680
ORD-2025-040486,22-Dec-25,CUS-01272,PRD-0117,16,17520,280320
ORD-2025-040497,22-Dec-25,CUS-01896,PRD-0125,8,15380,123040
ORD-2025-040506,22-Dec-25,CUS-01954,PRD-0135,14,32900,460600
ORD-2025-040507,22-Dec-25,CUS-00606,PRD-0135,11,32900,361900
ORD-2025-040509,22-Dec-25,CUS-00724,PRD-0137,6,27650,165900
ORD-2025-040526,22-Dec-25,CUS-01983,PRD-0153,10,24220,242200
ORD-2025-040530,22-Dec-25,CUS-01755,PRD-0156,4,58570,234280
ORD-2025-040535,22-Dec-25,CUS-01437,PRD-0161,7,32640,228480
ORD-2025-040537,22-Dec-25,CUS-01915,PRD-0165,6,23380,140280
ORD-2025-040538,22-Dec-25,CUS-00953,PRD-0165,6,23380,140280
ORD-2025-040555,23-Dec-25,CUS-01951,PRD-0031,4,36660,146640
ORD-2025-040561,23-Dec-25,CUS-00502,PRD-0041,9,6830,61470
ORD-2025-040575,23-Dec-25,CUS-01744,PRD-0064,11,36350,399850
ORD-2025-040577,23-Dec-25,CUS-01909,PRD-0068,5,16320,81600
ORD-2025-040578,23-Dec-25,CUS-01099,PRD-0070,3,19240,57720
ORD-2025-040581,23-Dec-25,CUS-00010,PRD-0074,14,38390,537460
ORD-2025-040584,23-Dec-25,CUS-01790,PRD-0077,3,31120,93360
ORD-2025-040587,23-Dec-25,CUS-00850,PRD-0078,14,33720,472080
ORD-2025-040588,23-Dec-25,CUS-00746,PRD-0079,10,46870,468700
ORD-2025-040589,23-Dec-25,CUS-02195,PRD-0079,17,46870,796790
ORD-2025-040593,23-Dec-25,CUS-01626,PRD-0085,3,32580,97740
ORD-2025-040602,23-Dec-25,CUS-01801,PRD-0090,3,37690,113070
ORD-2025-040603,23-Dec-25,CUS-00558,PRD-0090,28,37690,1055320
ORD-2025-040604,23-Dec-25,CUS-00651,PRD-0090,9,37690,339210
ORD-2025-040608,23-Dec-25,CUS-01508,PRD-0100,4,20780,83120
ORD-2025-040609,23-Dec-25,CUS-00262,PRD-0100,2,20780,41560
ORD-2025-040616,23-Dec-25,CUS-00959,PRD-0118,4,23110,92440
ORD-2025-040624,23-Dec-25,CUS-01909,PRD-0130,5,13600,68000
ORD-2025-040627,23-Dec-25,CUS-00034,PRD-0142,4,52030,208120
ORD-2025-040628,23-Dec-25,CUS-02367,PRD-0142,10,52030,520300
ORD-2025-040638,23-Dec-25,CUS-01951,PRD-0151,30,42840,1285200
ORD-2025-040639,23-Dec-25,CUS-00308,PRD-0151,2,42840,85680
ORD-2025-040644,23-Dec-25,CUS-01814,PRD-0157,6,24810,148860
ORD-2025-040654,23-Dec-25,CUS-00541,PRD-0165,6,23380,140280
ORD-2025-040659,24-Dec-25,CUS-02292,PRD-0004,11,4490,49390
ORD-2025-040662,24-Dec-25,CUS-00808,PRD-0013,6,11970,71820
ORD-2025-040671,24-Dec-25,CUS-01066,PRD-0035,4,13660,54640
ORD-2025-040682,24-Dec-25,CUS-02400,PRD-0048,4,16870,67480
ORD-2025-040686,24-Dec-25,CUS-01639,PRD-0057,3,18040,54120
ORD-2025-040687,24-Dec-25,CUS-01270,PRD-0057,5,18040,90200
ORD-2025-040689,24-Dec-25,CUS-00679,PRD-0060,5,57540,287700
ORD-2025-040699,24-Dec-25,CUS-01209,PRD-0081,20,42190,843800
ORD-2025-040700,24-Dec-25,CUS-01238,PRD-0081,11,42190,464090
ORD-2025-040719,24-Dec-25,CUS-02275,PRD-0100,12,20780,249360
ORD-2025-040721,24-Dec-25,CUS-02164,PRD-0108,4,30750,123000
ORD-2025-040726,24-Dec-25,CUS-00906,PRD-0113,7,10420,72940
ORD-2025-040736,24-Dec-25,CUS-01182,PRD-0127,4,16760,67040
ORD-2025-040739,24-Dec-25,CUS-02212,PRD-0131,4,31140,124560
ORD-2025-040742,24-Dec-25,CUS-01822,PRD-0135,2,32900,65800
ORD-2025-040745,24-Dec-25,CUS-00089,PRD-0138,13,27020,351260
ORD-2025-040751,24-Dec-25,CUS-01812,PRD-0142,23,52030,1196690
ORD-2025-040753,24-Dec-25,CUS-00394,PRD-0148,16,27270,436320
ORD-2025-040757,24-Dec-25,CUS-01225,PRD-0151,4,42840,171360
ORD-2025-040758,24-Dec-25,CUS-01349,PRD-0151,21,42840,899640
ORD-2025-040761,24-Dec-25,CUS-01246,PRD-0154,29,42470,1231630
ORD-2025-040763,24-Dec-25,CUS-00260,PRD-0156,11,58570,644270
ORD-2025-040764,24-Dec-25,CUS-00509,PRD-0156,24,58570,1405680
ORD-2025-040772,24-Dec-25,CUS-00995,PRD-0163,4,27790,111160
ORD-2025-040786,25-Dec-25,CUS-00162,PRD-0026,8,4150,33200
ORD-2025-040792,25-Dec-25,CUS-02239,PRD-0047,10,19060,190600
ORD-2025-040799,25-Dec-25,CUS-00567,PRD-0064,7,36350,254450
ORD-2025-040814,25-Dec-25,CUS-00778,PRD-0085,7,32580,228060
ORD-2025-040826,25-Dec-25,CUS-00672,PRD-0090,7,37690,263830
ORD-2025-040834,25-Dec-25,CUS-01936,PRD-0100,34,20780,706520
ORD-2025-040836,25-Dec-25,CUS-02012,PRD-0108,10,30750,307500
ORD-2025-040837,25-Dec-25,CUS-01152,PRD-0109,14,30700,429800
ORD-2025-040838,25-Dec-25,CUS-01721,PRD-0109,7,30700,214900
ORD-2025-040859,25-Dec-25,CUS-01894,PRD-0145,21,31800,667800
ORD-2025-040866,25-Dec-25,CUS-00886,PRD-0151,7,42840,299880
ORD-2025-040870,25-Dec-25,CUS-01838,PRD-0153,3,24220,72660
ORD-2025-040874,25-Dec-25,CUS-01019,PRD-0156,10,58570,585700
ORD-2025-040877,25-Dec-25,CUS-01966,PRD-0161,9,32640,293760
ORD-2025-040878,25-Dec-25,CUS-02222,PRD-0161,10,32640,326400
ORD-2025-040889,26-Dec-25,CUS-01528,PRD-0004,4,4490,17960
ORD-2025-040891,26-Dec-25,CUS-00846,PRD-0007,9,17070,153630
ORD-2025-040893,26-Dec-25,CUS-01950,PRD-0016,8,42680,341440
ORD-2025-040894,26-Dec-25,CUS-00775,PRD-0017,9,39680,357120
ORD-2025-040906,26-Dec-25,CUS-01359,PRD-0048,3,16870,50610
ORD-2025-040907,26-Dec-25,CUS-02021,PRD-0050,8,5420,43360
ORD-2025-040908,26-Dec-25,CUS-02426,PRD-0051,12,43070,516840
ORD-2025-040915,26-Dec-25,CUS-00735,PRD-0060,16,57540,920640
ORD-2025-040918,26-Dec-25,CUS-00509,PRD-0074,2,38390,76780
ORD-2025-040919,26-Dec-25,CUS-01652,PRD-0076,5,28050,140250
ORD-2025-040927,26-Dec-25,CUS-00487,PRD-0082,4,30730,122920
ORD-2025-040952,26-Dec-25,CUS-00076,PRD-0094,3,22360,67080
ORD-2025-040958,26-Dec-25,CUS-00657,PRD-0102,4,17050,68200
ORD-2025-040975,26-Dec-25,CUS-01851,PRD-0125,4,15380,61520
ORD-2025-040976,26-Dec-25,CUS-00986,PRD-0125,27,15380,415260
ORD-2025-040993,26-Dec-25,CUS-02325,PRD-0151,5,42840,214200
ORD-2025-040999,26-Dec-25,CUS-01626,PRD-0160,5,32940,164700
ORD-2025-041023,27-Dec-25,CUS-00863,PRD-0019,12,31240,374880
ORD-2025-041024,27-Dec-25,CUS-00484,PRD-0020,5,29210,146050
ORD-2025-041025,27-Dec-25,CUS-01915,PRD-0020,1,29210,29210
ORD-2025-041031,27-Dec-25,CUS-02426,PRD-0039,10,14770,147700
ORD-2025-041033,27-Dec-25,CUS-02366,PRD-0045,13,7340,95420
ORD-2025-041036,27-Dec-25,CUS-02404,PRD-0051,11,43070,473770
ORD-2025-041037,27-Dec-25,CUS-01600,PRD-0057,8,18040,144320
ORD-2025-041045,27-Dec-25,CUS-00490,PRD-0073,7,37930,265510
ORD-2025-041048,27-Dec-25,CUS-00017,PRD-0082,26,30730,798980
ORD-2025-041051,27-Dec-25,CUS-02249,PRD-0084,2,27760,55520
ORD-2025-041056,27-Dec-25,CUS-00666,PRD-0091,4,27010,108040
ORD-2025-041056,27-Dec-25,CUS-00666,PRD-0091,4,27010,108040
ORD-2025-041058,27-Dec-25,CUS-02053,PRD-0093,5,23080,115400
ORD-2025-041060,27-Dec-25,CUS-01608,PRD-0100,2,20780,41560
ORD-2025-041066,27-Dec-25,CUS-00806,PRD-0118,6,23110,138660
ORD-2025-041071,27-Dec-25,CUS-00226,PRD-0125,4,15380,61520
ORD-2025-041075,27-Dec-25,CUS-01794,PRD-0128,2,20590,41180
ORD-2025-041076,27-Dec-25,CUS-00438,PRD-0131,13,31140,404820
ORD-2025-041083,27-Dec-25,CUS-00595,PRD-0151,13,42840,556920
ORD-2025-041090,27-Dec-25,CUS-01337,PRD-0156,8,58570,468560
ORD-2025-041091,27-Dec-25,CUS-02404,PRD-0157,14,24810,347340
ORD-2025-041097,27-Dec-25,CUS-02373,PRD-0168,5,19490,97450
ORD-2025-041105,28-Dec-25,CUS-01603,PRD-0028,4,4910,19640
ORD-2025-041111,28-Dec-25,CUS-01264,PRD-0058,22,17980,395560
ORD-2025-041115,28-Dec-25,CUS-00169,PRD-0100,8,20780,166240
ORD-2025-041121,28-Dec-25,CUS-01809,PRD-0113,7,10420,72940
ORD-2025-041127,28-Dec-25,CUS-01489,PRD-0125,14,15380,215320
ORD-2025-041132,28-Dec-25,CUS-01309,PRD-0145,7,31800,222600
ORD-2025-041164,29-Dec-25,CUS-00881,PRD-0051,3,43070,129210
ORD-2025-041172,29-Dec-25,CUS-00117,PRD-0061,7,16320,114240
ORD-2025-041173,29-Dec-25,CUS-01609,PRD-0061,5,16320,81600
ORD-2025-041177,29-Dec-25,CUS-01590,PRD-0064,6,36350,218100
ORD-2025-041181,29-Dec-25,CUS-01665,PRD-0069,11,17210,189310
ORD-2025-041183,29-Dec-25,CUS-02001,PRD-0072,1,42600,42600
ORD-2025-041185,29-Dec-25,CUS-01427,PRD-0073,5,37930,189650
ORD-2025-041186,29-Dec-25,CUS-00008,PRD-0077,10,31120,311200
ORD-2025-041191,29-Dec-25,CUS-01956,PRD-0083,12,23690,284280
ORD-2025-041192,29-Dec-25,CUS-01134,PRD-0085,8,32580,260640
ORD-2025-041195,29-Dec-25,CUS-02411,PRD-0086,5,28180,140900
ORD-2025-041211,29-Dec-25,CUS-00043,PRD-0098,3,15320,45960
ORD-2025-041216,29-Dec-25,CUS-01165,PRD-0100,7,20780,145460
ORD-2025-041240,29-Dec-25,CUS-02212,PRD-0139,8,33360,266880
ORD-2025-041245,29-Dec-25,CUS-00863,PRD-0148,21,27270,572670
ORD-2025-041253,29-Dec-25,CUS-01936,PRD-0151,2,42840,85680
ORD-2025-041254,29-Dec-25,CUS-01814,PRD-0151,2,42840,85680
ORD-2025-041255,29-Dec-25,CUS-02222,PRD-0151,15,42840,642600
ORD-2025-041259,29-Dec-25,CUS-01223,PRD-0156,12,58570,702840
ORD-2025-041271,30-Dec-25,CUS-02325,PRD-0004,18,4490,80820
ORD-2025-041281,30-Dec-25,CUS-00950,PRD-0027,9,4920,44280
ORD-2025-041282,30-Dec-25,CUS-01740,PRD-0028,16,4910,78560
ORD-2025-041283,30-Dec-25,CUS-01142,PRD-0034,5,15350,76750
ORD-2025-041286,30-Dec-25,CUS-01665,PRD-0037,2,25650,51300
ORD-2025-041289,30-Dec-25,CUS-00502,PRD-0040,10,14100,141000
ORD-2025-041292,30-Dec-25,CUS-01635,PRD-0049,3,18190,54570
ORD-2025-041301,30-Dec-25,CUS-00727,PRD-0059,4,50810,203240
ORD-2025-041310,30-Dec-25,CUS-00316,PRD-0076,6,28050,168300
ORD-2025-041311,30-Dec-25,CUS-01835,PRD-0077,3,31120,93360
ORD-2025-041312,30-Dec-25,CUS-00073,PRD-0078,16,33720,539520
ORD-2025-041315,30-Dec-25,CUS-01557,PRD-0086,7,28180,197260
ORD-2025-041316,30-Dec-25,CUS-00260,PRD-0086,7,28180,197260
ORD-2025-041325,30-Dec-25,CUS-01020,PRD-0090,4,37690,150760
ORD-2025-041326,30-Dec-25,CUS-02286,PRD-0090,13,37690,489970
ORD-2025-041337,30-Dec-25,CUS-02094,PRD-0108,18,30750,553500
ORD-2025-041344,30-Dec-25,CUS-00525,PRD-0118,2,23110,46220
ORD-2025-041345,30-Dec-25,CUS-00714,PRD-0118,5,23110,115550
ORD-2025-041352,30-Dec-25,CUS-00305,PRD-0125,8,15380,123040
ORD-2025-041353,30-Dec-25,CUS-01838,PRD-0135,16,32900,526400
ORD-2025-041354,30-Dec-25,CUS-02190,PRD-0135,4,32900,131600
ORD-2025-041358,30-Dec-25,CUS-00948,PRD-0141,18,38600,694800
ORD-2025-041367,30-Dec-25,CUS-01876,PRD-0151,3,42840,128520
ORD-2025-041370,30-Dec-25,CUS-00237,PRD-0154,7,42470,297290
ORD-2025-041377,30-Dec-25,CUS-01166,PRD-0161,3,32640,97920
ORD-2025-041379,30-Dec-25,CUS-01507,PRD-0164,25,19920,498000
ORD-2025-041380,30-Dec-25,CUS-02233,PRD-0165,22,23380,514360
ORD-2025-041388,31-Dec-25,CUS-01467,PRD-0011,13,17170,223210
ORD-2025-041391,31-Dec-25,CUS-01024,PRD-0020,4,29210,116840
ORD-2025-041394,31-Dec-25,CUS-00545,PRD-0029,5,11070,55350
ORD-2025-041396,31-Dec-25,CUS-02007,PRD-0037,2,25650,51300
ORD-2025-041404,31-Dec-25,CUS-00901,PRD-0057,7,18040,126280
ORD-2025-041405,31-Dec-25,CUS-00858,PRD-0057,8,18040,144320
ORD-2025-041406,31-Dec-25,CUS-00178,PRD-0057,8,18040,144320
ORD-2025-041407,31-Dec-25,CUS-00011,PRD-0058,5,17980,89900
ORD-2025-041415,31-Dec-25,CUS-00977,PRD-0072,9,42600,383400
ORD-2025-041417,31-Dec-25,CUS-02246,PRD-0077,3,31120,93360
ORD-2025-041419,31-Dec-25,CUS-02201,PRD-0082,8,30730,245840
ORD-2025-041421,31-Dec-25,CUS-02222,PRD-0084,13,27760,360880
ORD-2025-041427,31-Dec-25,CUS-00912,PRD-0086,8,28180,225440
ORD-2025-041428,31-Dec-25,CUS-00778,PRD-0086,2,28180,56360
ORD-2025-041438,31-Dec-25,CUS-01950,PRD-0090,7,37690,263830
ORD-2025-041445,31-Dec-25,CUS-00073,PRD-0100,8,20780,166240
ORD-2025-041461,31-Dec-25,CUS-00156,PRD-0120,4,14740,58960
ORD-2025-041468,31-Dec-25,CUS-01257,PRD-0130,5,13600,68000
ORD-2025-041484,31-Dec-25,CUS-01305,PRD-0153,23,24220,557060
ORD-2025-041485,31-Dec-25,CUS-01152,PRD-0153,3,24220,72660
ORD-2025-041489,31-Dec-25,CUS-00013,PRD-0156,13,58570,761410
ORD-2025-041490,31-Dec-25,CUS-01008,PRD-0158,4,33720,134880
ORD-2025-041491,31-Dec-25,CUS-02490,PRD-0160,28,32940,922320
ORD-2026-041500,01-Jan-26,CUS-01195,PRD-0007,2,17070,34140
ORD-2026-041502,01-Jan-26,CUS-01781,PRD-0012,5,18410,92050
ORD-2026-041510,01-Jan-26,CUS-01138,PRD-0040,4,14100,56400
ORD-2026-041523,01-Jan-26,CUS-01062,PRD-0081,4,42190,168760
ORD-2026-041530,01-Jan-26,CUS-00464,PRD-0090,13,37690,489970
ORD-2026-041542,01-Jan-26,CUS-01557,PRD-0108,10,30750,307500
ORD-2026-041544,01-Jan-26,CUS-00683,PRD-0121,17,26430,449310
ORD-2026-041545,01-Jan-26,CUS-00394,PRD-0121,17,26430,449310
ORD-2026-041547,01-Jan-26,CUS-02012,PRD-0128,4,20590,82360
ORD-2026-041550,01-Jan-26,CUS-00204,PRD-0142,4,52030,208120
ORD-2026-041559,01-Jan-26,CUS-01177,PRD-0151,6,42840,257040
ORD-2026-041562,01-Jan-26,CUS-00959,PRD-0156,4,58570,234280
ORD-2026-041567,01-Jan-26,CUS-01677,PRD-0161,3,32640,97920
ORD-2026-041568,01-Jan-26,CUS-00959,PRD-0161,11,32640,359040
ORD-2026-041569,01-Jan-26,CUS-01677,PRD-0165,5,23380,116900
ORD-2026-041570,01-Jan-26,CUS-02428,PRD-0170,9,17370,156330
ORD-2026-041577,02-Jan-26,CUS-01262,PRD-0028,9,4910,44190
ORD-2026-041582,02-Jan-26,CUS-01138,PRD-0037,12,25650,307800
ORD-2026-041599,02-Jan-26,CUS-01357,PRD-0086,2,28180,56360
ORD-2026-041604,02-Jan-26,CUS-01794,PRD-0090,3,37690,113070
ORD-2026-041613,02-Jan-26,CUS-00942,PRD-0100,15,20780,311700
ORD-2026-041623,02-Jan-26,CUS-01178,PRD-0117,13,17520,227760
ORD-2026-041624,02-Jan-26,CUS-01527,PRD-0118,2,23110,46220
ORD-2026-041628,02-Jan-26,CUS-00592,PRD-0125,3,15380,46140
ORD-2026-041629,02-Jan-26,CUS-00229,PRD-0125,8,15380,123040
ORD-2026-041637,02-Jan-26,CUS-02366,PRD-0140,8,27740,221920
ORD-2026-041645,02-Jan-26,CUS-01083,PRD-0151,3,42840,128520
ORD-2026-041649,02-Jan-26,CUS-00001,PRD-0153,7,24220,169540
ORD-2026-041651,02-Jan-26,CUS-02456,PRD-0155,6,65880,395280
ORD-2026-041653,02-Jan-26,CUS-01427,PRD-0156,15,58570,878550
ORD-2026-041654,02-Jan-26,CUS-00525,PRD-0158,23,33720,775560
ORD-2026-041655,02-Jan-26,CUS-01064,PRD-0160,11,32940,362340
ORD-2026-041656,02-Jan-26,CUS-00915,PRD-0161,18,32640,587520
ORD-2026-041662,03-Jan-26,CUS-00818,PRD-0018,10,62570,625700
ORD-2026-041665,03-Jan-26,CUS-02215,PRD-0023,1,16940,16940
ORD-2026-041669,03-Jan-26,CUS-00750,PRD-0035,4,13660,54640
ORD-2026-041671,03-Jan-26,CUS-01004,PRD-0045,5,7340,36700
ORD-2026-041673,03-Jan-26,CUS-01876,PRD-0052,7,43630,305410
ORD-2026-041681,03-Jan-26,CUS-00180,PRD-0086,2,28180,56360
ORD-2026-041684,03-Jan-26,CUS-00618,PRD-0090,6,37690,226140
ORD-2026-041685,03-Jan-26,CUS-00856,PRD-0090,4,37690,150760
ORD-2026-041690,03-Jan-26,CUS-00149,PRD-0109,31,30700,951700
ORD-2026-041693,03-Jan-26,CUS-01762,PRD-0121,22,26430,581460
ORD-2026-041696,03-Jan-26,CUS-00708,PRD-0123,2,14410,28820
ORD-2026-041697,03-Jan-26,CUS-00614,PRD-0135,8,32900,263200
ORD-2026-041701,03-Jan-26,CUS-01081,PRD-0150,18,47850,861300
ORD-2026-041703,03-Jan-26,CUS-01395,PRD-0151,3,42840,128520
ORD-2026-041704,03-Jan-26,CUS-00219,PRD-0151,8,42840,342720
ORD-2026-041705,03-Jan-26,CUS-00571,PRD-0151,15,42840,642600
ORD-2026-041708,03-Jan-26,CUS-01827,PRD-0156,8,58570,468560
ORD-2026-041716,04-Jan-26,CUS-01795,PRD-0072,15,42600,639000
ORD-2026-041728,05-Jan-26,CUS-02130,PRD-0001,10,4970,49700
ORD-2026-041728,05-Jan-26,CUS-02130,PRD-0001,10,4970,49700
ORD-2026-041733,05-Jan-26,CUS-00368,PRD-0016,11,42680,469480
ORD-2026-041737,05-Jan-26,CUS-00986,PRD-0034,5,15350,76750
ORD-2026-041739,05-Jan-26,CUS-00959,PRD-0036,12,20500,246000
ORD-2026-041741,05-Jan-26,CUS-00964,PRD-0039,7,14770,103390
ORD-2026-041762,05-Jan-26,CUS-00735,PRD-0077,12,31120,373440
ORD-2026-041766,05-Jan-26,CUS-02201,PRD-0082,4,30730,122920
ORD-2026-041770,05-Jan-26,CUS-00079,PRD-0086,40,28180,1127200
ORD-2026-041773,05-Jan-26,CUS-01635,PRD-0090,8,37690,301520
ORD-2026-041776,05-Jan-26,CUS-01183,PRD-0091,10,27010,270100
ORD-2026-041786,05-Jan-26,CUS-00171,PRD-0108,17,30750,522750
ORD-2026-041787,05-Jan-26,CUS-01460,PRD-0108,11,30750,338250
ORD-2026-041788,05-Jan-26,CUS-00818,PRD-0109,13,30700,399100
ORD-2026-041792,05-Jan-26,CUS-01478,PRD-0121,6,26430,158580
ORD-2026-041799,05-Jan-26,CUS-00692,PRD-0140,10,27740,277400
ORD-2026-041801,05-Jan-26,CUS-01064,PRD-0145,17,31800,540600
ORD-2026-041806,05-Jan-26,CUS-00105,PRD-0151,5,42840,214200
ORD-2026-041807,05-Jan-26,CUS-01182,PRD-0153,3,24220,72660
ORD-2026-041809,05-Jan-26,CUS-00619,PRD-0156,4,58570,234280
ORD-2026-041810,05-Jan-26,CUS-00863,PRD-0157,1,24810,24810
ORD-2026-041810,05-Jan-26,CUS-00863,PRD-0157,1,24810,24810
ORD-2026-041812,05-Jan-26,CUS-00333,PRD-0160,2,32940,65880
ORD-2026-041816,05-Jan-26,CUS-00665,PRD-0165,9,23380,210420
ORD-2026-041818,06-Jan-26,CUS-01851,PRD-0004,1,4490,4490
ORD-2026-041821,06-Jan-26,CUS-00046,PRD-0018,15,62570,938550
ORD-2026-041824,06-Jan-26,CUS-00318,PRD-0025,2,5090,10180
ORD-2026-041831,06-Jan-26,CUS-01914,PRD-0049,6,18190,109140
ORD-2026-041833,06-Jan-26,CUS-02135,PRD-0051,8,43070,344560
ORD-2026-041839,06-Jan-26,CUS-00948,PRD-0064,6,36350,218100
ORD-2026-041848,06-Jan-26,CUS-00381,PRD-0081,7,42190,295330
ORD-2026-041856,06-Jan-26,CUS-01616,PRD-0090,7,37690,263830
ORD-2026-041857,06-Jan-26,CUS-00652,PRD-0090,1,37690,37690
ORD-2026-041858,06-Jan-26,CUS-00491,PRD-0090,29,37690,1093010
ORD-2026-041860,06-Jan-26,CUS-01647,PRD-0093,2,23080,46160
ORD-2026-041862,06-Jan-26,CUS-01259,PRD-0098,9,15320,137880
ORD-2026-041867,06-Jan-26,CUS-00957,PRD-0107,16,39590,633440
ORD-2026-041875,06-Jan-26,CUS-01142,PRD-0125,7,15380,107660
ORD-2026-041880,06-Jan-26,CUS-00821,PRD-0128,10,20590,205900
ORD-2026-041883,06-Jan-26,CUS-01638,PRD-0132,20,38360,767200
ORD-2026-041886,06-Jan-26,CUS-00957,PRD-0136,14,54950,769300
ORD-2026-041888,06-Jan-26,CUS-01075,PRD-0144,11,31990,351890
ORD-2026-041892,06-Jan-26,CUS-01337,PRD-0151,3,42840,128520
ORD-2026-041902,06-Jan-26,CUS-02464,PRD-0166,1,25650,25650
ORD-2026-041903,07-Jan-26,CUS-00541,PRD-0001,16,4970,79520
ORD-2026-041915,07-Jan-26,CUS-01816,PRD-0037,13,25650,333450
ORD-2026-041928,07-Jan-26,CUS-00328,PRD-0068,7,16320,114240
ORD-2026-041940,07-Jan-26,CUS-00499,PRD-0086,4,28180,112720
ORD-2026-041949,07-Jan-26,CUS-01668,PRD-0093,18,23080,415440
ORD-2026-041950,07-Jan-26,CUS-01219,PRD-0099,4,14380,57520
ORD-2026-041958,07-Jan-26,CUS-01818,PRD-0121,7,26430,185010
ORD-2026-041969,07-Jan-26,CUS-00084,PRD-0142,16,52030,832480
ORD-2026-041969,07-Jan-26,CUS-00084,PRD-0142,16,52030,832480
ORD-2026-041977,07-Jan-26,CUS-01154,PRD-0160,5,32940,164700
ORD-2026-041978,07-Jan-26,CUS-00184,PRD-0160,5,32940,164700
ORD-2026-041984,07-Jan-26,CUS-01254,PRD-0165,18,23380,420840
ORD-2026-041985,07-Jan-26,CUS-02144,PRD-0165,3,23380,70140
ORD-2026-041989,08-Jan-26,CUS-01254,PRD-0007,1,17070,17070
ORD-2026-041990,08-Jan-26,CUS-02027,PRD-0009,21,18390,386190
ORD-2026-042010,08-Jan-26,CUS-01690,PRD-0081,5,42190,210950
ORD-2026-042011,08-Jan-26,CUS-00146,PRD-0081,16,42190,675040
ORD-2026-042013,08-Jan-26,CUS-01168,PRD-0084,2,27760,55520
ORD-2026-042019,08-Jan-26,CUS-01853,PRD-0090,2,37690,75380
ORD-2026-042038,08-Jan-26,CUS-01740,PRD-0118,12,23110,277320
ORD-2026-042046,08-Jan-26,CUS-00169,PRD-0145,8,31800,254400
ORD-2026-042047,08-Jan-26,CUS-02085,PRD-0151,5,42840,214200
ORD-2026-042049,08-Jan-26,CUS-00052,PRD-0156,9,58570,527130
ORD-2026-042054,08-Jan-26,CUS-02085,PRD-0161,3,32640,97920
ORD-2026-042055,08-Jan-26,CUS-00137,PRD-0161,7,32640,228480
ORD-2026-042056,08-Jan-26,CUS-01660,PRD-0166,26,25650,666900
ORD-2026-042057,08-Jan-26,CUS-02097,PRD-0169,13,15310,199030
ORD-2026-042060,09-Jan-26,CUS-00276,PRD-0004,7,4490,31430
ORD-2026-042061,09-Jan-26,CUS-00886,PRD-0004,16,4490,71840
ORD-2026-042062,09-Jan-26,CUS-00340,PRD-0006,8,3060,24480
ORD-2026-042067,09-Jan-26,CUS-00532,PRD-0013,10,11970,119700
ORD-2026-042078,09-Jan-26,CUS-02280,PRD-0047,9,19060,171540
ORD-2026-042079,09-Jan-26,CUS-00571,PRD-0047,9,19060,171540
ORD-2026-042081,09-Jan-26,CUS-00953,PRD-0052,10,43630,436300
ORD-2026-042084,09-Jan-26,CUS-01365,PRD-0068,6,16320,97920
ORD-2026-042109,09-Jan-26,CUS-01516,PRD-0125,2,15380,30760
ORD-2026-042120,09-Jan-26,CUS-00657,PRD-0151,4,42840,171360
ORD-2026-042121,09-Jan-26,CUS-00007,PRD-0151,1,42840,42840
ORD-2026-042123,09-Jan-26,CUS-00007,PRD-0156,4,58570,234280
ORD-2026-042125,09-Jan-26,CUS-01694,PRD-0160,2,32940,65880
ORD-2026-042127,09-Jan-26,CUS-01114,PRD-0161,5,32640,163200
ORD-2026-042129,10-Jan-26,CUS-02276,PRD-0001,11,4970,54670
ORD-2026-042140,10-Jan-26,CUS-01373,PRD-0019,20,31240,624800
ORD-2026-042149,10-Jan-26,CUS-00055,PRD-0076,4,28050,112200
ORD-2026-042151,10-Jan-26,CUS-00333,PRD-0077,18,31120,560160
ORD-2026-042158,10-Jan-26,CUS-00057,PRD-0090,3,37690,113070
ORD-2026-042167,10-Jan-26,CUS-00846,PRD-0135,6,32900,197400
ORD-2026-042174,10-Jan-26,CUS-01741,PRD-0157,5,24810,124050
ORD-2026-042178,11-Jan-26,CUS-00347,PRD-0009,9,18390,165510
ORD-2026-042183,11-Jan-26,CUS-02258,PRD-0027,7,4920,34440
ORD-2026-042184,11-Jan-26,CUS-02334,PRD-0028,2,4910,9820
ORD-2026-042188,11-Jan-26,CUS-01934,PRD-0057,7,18040,126280
ORD-2026-042190,11-Jan-26,CUS-01025,PRD-0085,2,32580,65160
ORD-2026-042200,11-Jan-26,CUS-00799,PRD-0138,6,27020,162120
ORD-2026-042203,11-Jan-26,CUS-01177,PRD-0163,4,27790,111160
ORD-2026-042208,12-Jan-26,CUS-01528,PRD-0011,5,17170,85850
ORD-2026-042215,12-Jan-26,CUS-00679,PRD-0023,8,16940,135520
ORD-2026-042222,12-Jan-26,CUS-00558,PRD-0048,3,16870,50610
ORD-2026-042227,12-Jan-26,CUS-01004,PRD-0067,2,12380,24760
ORD-2026-042235,12-Jan-26,CUS-01278,PRD-0081,24,42190,1012560
ORD-2026-042242,12-Jan-26,CUS-02367,PRD-0090,2,37690,75380
ORD-2026-042243,12-Jan-26,CUS-00558,PRD-0090,11,37690,414590
ORD-2026-042244,12-Jan-26,CUS-02012,PRD-0090,4,37690,150760
ORD-2026-042255,12-Jan-26,CUS-01639,PRD-0107,5,39590,197950
ORD-2026-042260,12-Jan-26,CUS-00076,PRD-0118,8,23110,184880
ORD-2026-042262,12-Jan-26,CUS-01118,PRD-0121,5,26430,132150
ORD-2026-042268,12-Jan-26,CUS-00291,PRD-0138,13,27020,351260
ORD-2026-042273,12-Jan-26,CUS-01911,PRD-0145,4,31800,127200
ORD-2026-042277,12-Jan-26,CUS-00465,PRD-0151,11,42840,471240
ORD-2026-042278,12-Jan-26,CUS-00045,PRD-0151,4,42840,171360
ORD-2026-042279,12-Jan-26,CUS-01636,PRD-0151,32,42840,1370880
ORD-2026-042280,12-Jan-26,CUS-02053,PRD-0151,13,42840,556920
ORD-2026-042282,12-Jan-26,CUS-01983,PRD-0153,6,24220,145320
ORD-2026-042289,12-Jan-26,CUS-02366,PRD-0163,19,27790,528010
ORD-2026-042300,13-Jan-26,CUS-02394,PRD-0023,14,16940,237160
ORD-2026-042302,13-Jan-26,CUS-00762,PRD-0031,15,36660,549900
ORD-2026-042312,13-Jan-26,CUS-01491,PRD-0064,3,36350,109050
ORD-2026-042313,13-Jan-26,CUS-02258,PRD-0065,4,34000,136000
ORD-2026-042317,13-Jan-26,CUS-00491,PRD-0080,9,23900,215100
ORD-2026-042319,13-Jan-26,CUS-02088,PRD-0083,14,23690,331660
ORD-2026-042329,13-Jan-26,CUS-01150,PRD-0090,3,37690,113070
ORD-2026-042330,13-Jan-26,CUS-01977,PRD-0091,6,27010,162060
ORD-2026-042331,13-Jan-26,CUS-02400,PRD-0091,13,27010,351130
ORD-2026-042333,13-Jan-26,CUS-01936,PRD-0100,8,20780,166240
ORD-2026-042337,13-Jan-26,CUS-02405,PRD-0108,5,30750,153750
ORD-2026-042345,13-Jan-26,CUS-01851,PRD-0128,26,20590,535340
ORD-2026-042347,13-Jan-26,CUS-00878,PRD-0135,4,32900,131600
ORD-2026-042349,13-Jan-26,CUS-00571,PRD-0137,13,27650,359450
ORD-2026-042350,13-Jan-26,CUS-00995,PRD-0142,6,52030,312180
ORD-2026-042352,13-Jan-26,CUS-00253,PRD-0147,4,32330,129320
ORD-2026-042358,13-Jan-26,CUS-00448,PRD-0160,5,32940,164700
ORD-2026-042361,13-Jan-26,CUS-02411,PRD-0161,11,32640,359040
ORD-2026-042366,14-Jan-26,CUS-01853,PRD-0011,6,17170,103020
ORD-2026-042368,14-Jan-26,CUS-02456,PRD-0024,12,9800,117600
ORD-2026-042371,14-Jan-26,CUS-00180,PRD-0048,8,16870,134960
ORD-2026-042382,14-Jan-26,CUS-00438,PRD-0090,11,37690,414590
ORD-2026-042397,14-Jan-26,CUS-02325,PRD-0118,5,23110,115550
ORD-2026-042398,14-Jan-26,CUS-00318,PRD-0118,5,23110,115550
ORD-2026-042409,14-Jan-26,CUS-02428,PRD-0144,3,31990,95970
ORD-2026-042416,14-Jan-26,CUS-00007,PRD-0151,2,42840,85680
ORD-2026-042418,14-Jan-26,CUS-01735,PRD-0153,4,24220,96880
ORD-2026-042419,14-Jan-26,CUS-02257,PRD-0153,3,24220,72660
ORD-2026-042433,15-Jan-26,CUS-01853,PRD-0057,10,18040,180400
ORD-2026-042440,15-Jan-26,CUS-00600,PRD-0068,1,16320,16320
ORD-2026-042451,15-Jan-26,CUS-00986,PRD-0090,1,37690,37690
ORD-2026-042452,15-Jan-26,CUS-00831,PRD-0090,7,37690,263830
ORD-2026-042453,15-Jan-26,CUS-00057,PRD-0091,3,27010,81030
ORD-2026-042460,15-Jan-26,CUS-01102,PRD-0121,1,26430,26430
ORD-2026-042465,15-Jan-26,CUS-02220,PRD-0135,6,32900,197400
ORD-2026-042468,15-Jan-26,CUS-02135,PRD-0143,5,48640,243200
ORD-2026-042475,15-Jan-26,CUS-02243,PRD-0151,8,42840,342720
ORD-2026-042476,15-Jan-26,CUS-00055,PRD-0151,1,42840,42840
ORD-2026-042480,15-Jan-26,CUS-01835,PRD-0153,21,24220,508620
ORD-2026-042481,15-Jan-26,CUS-02026,PRD-0153,5,24220,121100
ORD-2026-042486,15-Jan-26,CUS-01165,PRD-0156,8,58570,468560
ORD-2026-042487,15-Jan-26,CUS-00679,PRD-0161,5,32640,163200
ORD-2026-042488,15-Jan-26,CUS-02253,PRD-0161,24,32640,783360
ORD-2026-042504,16-Jan-26,CUS-01496,PRD-0039,5,14770,73850
ORD-2026-042505,16-Jan-26,CUS-02141,PRD-0039,2,14770,29540
ORD-2026-042514,16-Jan-26,CUS-01047,PRD-0061,6,16320,97920
ORD-2026-042516,16-Jan-26,CUS-02005,PRD-0065,12,34000,408000
ORD-2026-042518,16-Jan-26,CUS-02382,PRD-0076,15,28050,420750
ORD-2026-042522,16-Jan-26,CUS-01812,PRD-0083,13,23690,307970
ORD-2026-042528,16-Jan-26,CUS-00237,PRD-0090,10,37690,376900
ORD-2026-042541,16-Jan-26,CUS-00172,PRD-0122,31,19140,593340
ORD-2026-042545,16-Jan-26,CUS-00673,PRD-0125,4,15380,61520
ORD-2026-042560,16-Jan-26,CUS-00724,PRD-0158,16,33720,539520
ORD-2026-042566,16-Jan-26,CUS-02282,PRD-0161,5,32640,163200
ORD-2026-042578,17-Jan-26,CUS-00007,PRD-0023,5,16940,84700
ORD-2026-042590,17-Jan-26,CUS-01983,PRD-0061,4,16320,65280
ORD-2026-042592,17-Jan-26,CUS-00683,PRD-0068,12,16320,195840
ORD-2026-042595,17-Jan-26,CUS-01652,PRD-0078,13,33720,438360
ORD-2026-042609,17-Jan-26,CUS-01497,PRD-0098,8,15320,122560
ORD-2026-042614,17-Jan-26,CUS-00490,PRD-0113,4,10420,41680
ORD-2026-042621,17-Jan-26,CUS-01044,PRD-0135,3,32900,98700
ORD-2026-042625,17-Jan-26,CUS-01047,PRD-0142,2,52030,104060
ORD-2026-042629,17-Jan-26,CUS-01692,PRD-0151,5,42840,214200
ORD-2026-042633,17-Jan-26,CUS-01853,PRD-0163,5,27790,138950
ORD-2026-042636,18-Jan-26,CUS-00021,PRD-0004,5,4490,22450
ORD-2026-042639,18-Jan-26,CUS-01112,PRD-0023,8,16940,135520
ORD-2026-042640,18-Jan-26,CUS-00852,PRD-0047,5,19060,95300
ORD-2026-042642,18-Jan-26,CUS-01502,PRD-0076,16,28050,448800
ORD-2026-042647,18-Jan-26,CUS-00751,PRD-0090,8,37690,301520
ORD-2026-042648,18-Jan-26,CUS-00740,PRD-0098,3,15320,45960
ORD-2026-042654,18-Jan-26,CUS-00149,PRD-0151,5,42840,214200
ORD-2026-042655,18-Jan-26,CUS-00592,PRD-0152,4,24900,99600
ORD-2026-042659,19-Jan-26,CUS-02122,PRD-0008,28,16360,458080
ORD-2026-042663,19-Jan-26,CUS-01647,PRD-0031,9,36660,329940
ORD-2026-042665,19-Jan-26,CUS-00877,PRD-0043,5,17760,88800
ORD-2026-042668,19-Jan-26,CUS-00527,PRD-0056,5,25020,125100
ORD-2026-042672,19-Jan-26,CUS-00076,PRD-0060,8,57540,460320
ORD-2026-042696,19-Jan-26,CUS-00612,PRD-0090,8,37690,301520
ORD-2026-042707,19-Jan-26,CUS-01585,PRD-0102,5,17050,85250
ORD-2026-042708,19-Jan-26,CUS-01118,PRD-0102,5,17050,85250
ORD-2026-042721,19-Jan-26,CUS-01668,PRD-0125,9,15380,138420
ORD-2026-042722,19-Jan-26,CUS-01674,PRD-0125,13,15380,199940
ORD-2026-042723,19-Jan-26,CUS-01412,PRD-0128,10,20590,205900
ORD-2026-042727,19-Jan-26,CUS-02203,PRD-0142,2,52030,104060
ORD-2026-042728,19-Jan-26,CUS-00799,PRD-0142,6,52030,312180
ORD-2026-042735,19-Jan-26,CUS-00333,PRD-0153,1,24220,24220
ORD-2026-042738,19-Jan-26,CUS-01816,PRD-0160,3,32940,98820
ORD-2026-042741,19-Jan-26,CUS-01197,PRD-0163,6,27790,166740
ORD-2026-042763,20-Jan-26,CUS-00105,PRD-0058,9,17980,161820
ORD-2026-042767,20-Jan-26,CUS-01835,PRD-0067,6,12380,74280
ORD-2026-042772,20-Jan-26,CUS-01075,PRD-0082,7,30730,215110
ORD-2026-042775,20-Jan-26,CUS-00623,PRD-0086,3,28180,84540
ORD-2026-042781,20-Jan-26,CUS-00782,PRD-0090,12,37690,452280
ORD-2026-042803,20-Jan-26,CUS-00438,PRD-0144,4,31990,127960
ORD-2026-042807,20-Jan-26,CUS-01631,PRD-0151,9,42840,385560
ORD-2026-042808,20-Jan-26,CUS-01528,PRD-0151,13,42840,556920
ORD-2026-042809,20-Jan-26,CUS-00137,PRD-0151,5,42840,214200
ORD-2026-042813,20-Jan-26,CUS-01272,PRD-0160,8,32940,263520
ORD-2026-042814,20-Jan-26,CUS-02325,PRD-0161,10,32640,326400
ORD-2026-042815,20-Jan-26,CUS-01809,PRD-0161,15,32640,489600
ORD-2026-042823,21-Jan-26,CUS-01341,PRD-0004,1,4490,4490
ORD-2026-042826,21-Jan-26,CUS-01270,PRD-0023,6,16940,101640
ORD-2026-042835,21-Jan-26,CUS-00482,PRD-0051,7,43070,301490
ORD-2026-042840,21-Jan-26,CUS-02071,PRD-0068,3,16320,48960
ORD-2026-042844,21-Jan-26,CUS-02158,PRD-0077,5,31120,155600
ORD-2026-042845,21-Jan-26,CUS-00808,PRD-0077,13,31120,404560
ORD-2026-042852,21-Jan-26,CUS-01281,PRD-0090,6,37690,226140
ORD-2026-042853,21-Jan-26,CUS-01360,PRD-0093,8,23080,184640
ORD-2026-042860,21-Jan-26,CUS-00886,PRD-0115,10,21210,212100
ORD-2026-042864,21-Jan-26,CUS-00209,PRD-0131,10,31140,311400
ORD-2026-042865,21-Jan-26,CUS-01142,PRD-0145,1,31800,31800
ORD-2026-042877,21-Jan-26,CUS-02402,PRD-0161,2,32640,65280
ORD-2026-042880,21-Jan-26,CUS-01723,PRD-0165,6,23380,140280
ORD-2026-042888,22-Jan-26,CUS-01024,PRD-0018,18,62570,1126260
ORD-2026-042896,22-Jan-26,CUS-02125,PRD-0061,48,16320,783360
ORD-2026-042899,22-Jan-26,CUS-02292,PRD-0077,64,31120,1991680
ORD-2026-042920,22-Jan-26,CUS-02427,PRD-0100,5,20780,103900
ORD-2026-042923,22-Jan-26,CUS-01647,PRD-0111,41,12240,501840
ORD-2026-042929,22-Jan-26,CUS-01099,PRD-0135,11,32900,361900
ORD-2026-042935,22-Jan-26,CUS-00642,PRD-0160,4,32940,131760
ORD-2026-042941,22-Jan-26,CUS-02215,PRD-0167,9,14020,126180
ORD-2026-042949,23-Jan-26,CUS-01515,PRD-0015,20,8500,170000
ORD-2026-042955,23-Jan-26,CUS-00675,PRD-0037,15,25650,384750
ORD-2026-042956,23-Jan-26,CUS-00630,PRD-0041,49,6830,334670
ORD-2026-042964,23-Jan-26,CUS-01966,PRD-0064,3,36350,109050
ORD-2026-042970,23-Jan-26,CUS-01097,PRD-0080,16,23900,382400
ORD-2026-042974,23-Jan-26,CUS-00124,PRD-0086,18,28180,507240
ORD-2026-042990,23-Jan-26,CUS-00992,PRD-0098,2,15320,30640
ORD-2026-042991,23-Jan-26,CUS-00987,PRD-0098,5,15320,76600
ORD-2026-043000,23-Jan-26,CUS-01515,PRD-0115,4,21210,84840
ORD-2026-043011,23-Jan-26,CUS-01605,PRD-0125,8,15380,123040
ORD-2026-043015,23-Jan-26,CUS-00015,PRD-0142,4,52030,208120
ORD-2026-043017,23-Jan-26,CUS-00030,PRD-0150,4,47850,191400
ORD-2026-043019,23-Jan-26,CUS-00066,PRD-0151,3,42840,128520
ORD-2026-043023,23-Jan-26,CUS-01781,PRD-0156,7,58570,409990
ORD-2026-043026,23-Jan-26,CUS-01305,PRD-0160,6,32940,197640
ORD-2026-043032,24-Jan-26,CUS-00958,PRD-0001,13,4970,64610
ORD-2026-043035,24-Jan-26,CUS-01616,PRD-0011,2,17170,34340
ORD-2026-043036,24-Jan-26,CUS-02323,PRD-0016,17,42680,725560
ORD-2026-043040,24-Jan-26,CUS-00602,PRD-0032,5,20370,101850
ORD-2026-043042,24-Jan-26,CUS-00678,PRD-0046,3,17360,52080
ORD-2026-043048,24-Jan-26,CUS-00482,PRD-0074,5,38390,191950
ORD-2026-043050,24-Jan-26,CUS-01528,PRD-0076,8,28050,224400
ORD-2026-043060,24-Jan-26,CUS-00973,PRD-0091,10,27010,270100
ORD-2026-043065,24-Jan-26,CUS-01197,PRD-0118,8,23110,184880
ORD-2026-043077,24-Jan-26,CUS-02205,PRD-0162,24,28900,693600
ORD-2026-043083,25-Jan-26,CUS-01954,PRD-0004,14,4490,62860
ORD-2026-043090,25-Jan-26,CUS-01075,PRD-0086,9,28180,253620
ORD-2026-043098,25-Jan-26,CUS-00532,PRD-0151,3,42840,128520
ORD-2026-043101,25-Jan-26,CUS-00870,PRD-0170,20,17370,347400
ORD-2026-043104,26-Jan-26,CUS-00505,PRD-0004,8,4490,35920
ORD-2026-043106,26-Jan-26,CUS-01887,PRD-0011,3,17170,51510
ORD-2026-043108,26-Jan-26,CUS-01567,PRD-0015,3,8500,25500
ORD-2026-043111,26-Jan-26,CUS-01827,PRD-0031,5,36660,183300
ORD-2026-043114,26-Jan-26,CUS-00583,PRD-0035,4,13660,54640
ORD-2026-043115,26-Jan-26,CUS-01828,PRD-0037,11,25650,282150
ORD-2026-043116,26-Jan-26,CUS-02367,PRD-0039,7,14770,103390
ORD-2026-043119,26-Jan-26,CUS-00870,PRD-0051,2,43070,86140
ORD-2026-043123,26-Jan-26,CUS-02071,PRD-0061,7,16320,114240
ORD-2026-043131,26-Jan-26,CUS-02380,PRD-0083,29,23690,687010
ORD-2026-043132,26-Jan-26,CUS-00248,PRD-0084,9,27760,249840
ORD-2026-043142,26-Jan-26,CUS-00013,PRD-0090,4,37690,150760
ORD-2026-043143,26-Jan-26,CUS-01876,PRD-0090,6,37690,226140
ORD-2026-043148,26-Jan-26,CUS-00750,PRD-0104,5,17130,85650
ORD-2026-043149,26-Jan-26,CUS-00368,PRD-0109,6,30700,184200
ORD-2026-043155,26-Jan-26,CUS-01978,PRD-0118,15,23110,346650
ORD-2026-043165,26-Jan-26,CUS-02405,PRD-0125,19,15380,292220
ORD-2026-043168,26-Jan-26,CUS-01150,PRD-0137,3,27650,82950
ORD-2026-043172,26-Jan-26,CUS-00835,PRD-0151,5,42840,214200
ORD-2026-043180,26-Jan-26,CUS-00280,PRD-0165,37,23380,865060
ORD-2026-043184,27-Jan-26,CUS-00953,PRD-0011,7,17170,120190
ORD-2026-043189,27-Jan-26,CUS-01393,PRD-0024,12,9800,117600
ORD-2026-043198,27-Jan-26,CUS-00679,PRD-0037,4,25650,102600
ORD-2026-043199,27-Jan-26,CUS-01608,PRD-0047,4,19060,76240
ORD-2026-043213,27-Jan-26,CUS-02225,PRD-0077,7,31120,217840
ORD-2026-043222,27-Jan-26,CUS-01851,PRD-0090,24,37690,904560
ORD-2026-043225,27-Jan-26,CUS-00368,PRD-0100,6,20780,124680
ORD-2026-043229,27-Jan-26,CUS-02497,PRD-0115,6,21210,127260
ORD-2026-043230,27-Jan-26,CUS-02258,PRD-0115,14,21210,296940
ORD-2026-043237,27-Jan-26,CUS-00156,PRD-0130,7,13600,95200
ORD-2026-043238,27-Jan-26,CUS-01690,PRD-0135,11,32900,361900
ORD-2026-043240,27-Jan-26,CUS-02203,PRD-0138,10,27020,270200
ORD-2026-043253,27-Jan-26,CUS-01590,PRD-0161,5,32640,163200
ORD-2026-043254,27-Jan-26,CUS-01860,PRD-0165,30,23380,701400
ORD-2026-043269,28-Jan-26,CUS-02334,PRD-0062,5,17890,89450
ORD-2026-043275,28-Jan-26,CUS-00165,PRD-0082,4,30730,122920
ORD-2026-043277,28-Jan-26,CUS-02264,PRD-0086,2,28180,56360
ORD-2026-043282,28-Jan-26,CUS-02242,PRD-0090,6,37690,226140
ORD-2026-043297,28-Jan-26,CUS-00308,PRD-0100,4,20780,83120
ORD-2026-043306,28-Jan-26,CUS-01660,PRD-0113,14,10420,145880
ORD-2026-043308,28-Jan-26,CUS-02419,PRD-0118,20,23110,462200
ORD-2026-043312,28-Jan-26,CUS-01041,PRD-0125,11,15380,169180
ORD-2026-043319,28-Jan-26,CUS-00103,PRD-0151,7,42840,299880
ORD-2026-043327,28-Jan-26,CUS-02275,PRD-0164,3,19920,59760
ORD-2026-043328,28-Jan-26,CUS-01706,PRD-0166,9,25650,230850
ORD-2026-043332,29-Jan-26,CUS-00490,PRD-0027,5,4920,24600
ORD-2026-043338,29-Jan-26,CUS-01507,PRD-0056,4,25020,100080
ORD-2026-043359,29-Jan-26,CUS-02130,PRD-0090,6,37690,226140
ORD-2026-043360,29-Jan-26,CUS-02062,PRD-0090,6,37690,226140
ORD-2026-043362,29-Jan-26,CUS-02486,PRD-0091,7,27010,189070
ORD-2026-043363,29-Jan-26,CUS-00255,PRD-0096,4,23060,92240
ORD-2026-043364,29-Jan-26,CUS-02401,PRD-0098,8,15320,122560
ORD-2026-043365,29-Jan-26,CUS-00986,PRD-0098,8,15320,122560
ORD-2026-043367,29-Jan-26,CUS-01118,PRD-0100,2,20780,41560
ORD-2026-043370,29-Jan-26,CUS-00008,PRD-0109,10,30700,307000
ORD-2026-043371,29-Jan-26,CUS-00835,PRD-0109,2,30700,61400
ORD-2026-043371,29-Jan-26,CUS-00835,PRD-0109,2,30700,61400
ORD-2026-043372,29-Jan-26,CUS-01165,PRD-0109,6,30700,184200
ORD-2026-043376,29-Jan-26,CUS-02088,PRD-0120,5,14740,73700
ORD-2026-043384,29-Jan-26,CUS-00923,PRD-0144,16,31990,511840
ORD-2026-043389,29-Jan-26,CUS-02027,PRD-0160,4,32940,131760
ORD-2026-043390,29-Jan-26,CUS-00337,PRD-0160,1,32940,32940
ORD-2026-043392,29-Jan-26,CUS-00416,PRD-0161,8,32640,261120
ORD-2026-043404,30-Jan-26,CUS-01395,PRD-0039,9,14770,132930
ORD-2026-043406,30-Jan-26,CUS-00959,PRD-0046,5,17360,86800
ORD-2026-043417,30-Jan-26,CUS-01887,PRD-0067,10,12380,123800
ORD-2026-043418,30-Jan-26,CUS-01983,PRD-0068,10,16320,163200
ORD-2026-043419,30-Jan-26,CUS-00585,PRD-0072,5,42600,213000
ORD-2026-043425,30-Jan-26,CUS-02464,PRD-0083,3,23690,71070
ORD-2026-043434,30-Jan-26,CUS-00010,PRD-0090,35,37690,1319150
ORD-2026-043437,30-Jan-26,CUS-01909,PRD-0093,8,23080,184640
ORD-2026-043446,30-Jan-26,CUS-01744,PRD-0117,10,17520,175200
ORD-2026-043456,30-Jan-26,CUS-01165,PRD-0135,5,32900,164500
ORD-2026-043456,30-Jan-26,CUS-01165,PRD-0135,5,32900,164500
ORD-2026-043459,30-Jan-26,CUS-00957,PRD-0142,20,52030,1040600
ORD-2026-043469,30-Jan-26,CUS-01894,PRD-0161,4,32640,130560
ORD-2026-043472,30-Jan-26,CUS-01755,PRD-0170,7,17370,121590
ORD-2026-043476,31-Jan-26,CUS-00337,PRD-0016,2,42680,85360
ORD-2026-043477,31-Jan-26,CUS-00835,PRD-0016,8,42680,341440
ORD-2026-043484,31-Jan-26,CUS-01652,PRD-0061,4,16320,65280
ORD-2026-043486,31-Jan-26,CUS-01066,PRD-0062,2,17890,35780
ORD-2026-043504,31-Jan-26,CUS-01219,PRD-0142,7,52030,364210
ORD-2026-043512,31-Jan-26,CUS-00632,PRD-0160,8,32940,263520
ORD-2026-043522,01-Feb-26,CUS-01814,PRD-0077,11,31120,342320
ORD-2026-043525,01-Feb-26,CUS-02243,PRD-0090,6,37690,226140
ORD-2026-043530,01-Feb-26,CUS-00870,PRD-0120,38,14740,560120
ORD-2026-043531,01-Feb-26,CUS-00942,PRD-0120,8,14740,117920
ORD-2026-043533,01-Feb-26,CUS-02264,PRD-0121,4,26430,105720
ORD-2026-043545,02-Feb-26,CUS-00603,PRD-0028,6,4910,29460
ORD-2026-043549,02-Feb-26,CUS-00818,PRD-0039,12,14770,177240
ORD-2026-043557,02-Feb-26,CUS-00528,PRD-0062,13,17890,232570
ORD-2026-043565,02-Feb-26,CUS-01622,PRD-0076,2,28050,56100
ORD-2026-043572,02-Feb-26,CUS-02286,PRD-0088,3,15290,45870
ORD-2026-043580,02-Feb-26,CUS-00212,PRD-0090,7,37690,263830
ORD-2026-043582,02-Feb-26,CUS-02220,PRD-0092,8,30260,242080
ORD-2026-043583,02-Feb-26,CUS-00155,PRD-0092,7,30260,211820
ORD-2026-043587,02-Feb-26,CUS-00104,PRD-0100,23,20780,477940
ORD-2026-043602,02-Feb-26,CUS-01281,PRD-0148,19,27270,518130
ORD-2026-043603,02-Feb-26,CUS-02275,PRD-0151,4,42840,171360
ORD-2026-043604,02-Feb-26,CUS-01537,PRD-0151,10,42840,428400
ORD-2026-043614,03-Feb-26,CUS-00229,PRD-0001,16,4970,79520
ORD-2026-043621,03-Feb-26,CUS-00099,PRD-0019,22,31240,687280
ORD-2026-043625,03-Feb-26,CUS-00600,PRD-0025,9,5090,45810
ORD-2026-043638,03-Feb-26,CUS-00775,PRD-0068,7,16320,114240
ORD-2026-043641,03-Feb-26,CUS-02144,PRD-0072,18,42600,766800
ORD-2026-043643,03-Feb-26,CUS-02234,PRD-0080,13,23900,310700
ORD-2026-043646,03-Feb-26,CUS-01359,PRD-0086,3,28180,84540
ORD-2026-043648,03-Feb-26,CUS-02233,PRD-0088,3,15290,45870
ORD-2026-043650,03-Feb-26,CUS-00291,PRD-0090,8,37690,301520
ORD-2026-043651,03-Feb-26,CUS-01214,PRD-0090,6,37690,226140
ORD-2026-043652,03-Feb-26,CUS-02486,PRD-0090,3,37690,113070
ORD-2026-043656,03-Feb-26,CUS-01052,PRD-0098,3,15320,45960
ORD-2026-043660,03-Feb-26,CUS-02479,PRD-0116,14,17680,247520
ORD-2026-043665,03-Feb-26,CUS-02245,PRD-0127,8,16760,134080
ORD-2026-043666,03-Feb-26,CUS-00688,PRD-0147,6,32330,193980
ORD-2026-043668,03-Feb-26,CUS-02219,PRD-0151,21,42840,899640
ORD-2026-043670,03-Feb-26,CUS-00750,PRD-0156,11,58570,644270
ORD-2026-043675,03-Feb-26,CUS-00100,PRD-0161,37,32640,1207680
ORD-2026-043677,03-Feb-26,CUS-01502,PRD-0163,17,27790,472430
ORD-2026-043685,04-Feb-26,CUS-00831,PRD-0011,11,17170,188870
ORD-2026-043691,04-Feb-26,CUS-01549,PRD-0048,18,16870,303660
ORD-2026-043694,04-Feb-26,CUS-02449,PRD-0057,3,18040,54120
ORD-2026-043707,04-Feb-26,CUS-00212,PRD-0077,4,31120,124480
ORD-2026-043721,04-Feb-26,CUS-00438,PRD-0090,10,37690,376900
ORD-2026-043722,04-Feb-26,CUS-02409,PRD-0090,7,37690,263830
ORD-2026-043728,04-Feb-26,CUS-00831,PRD-0093,6,23080,138480
ORD-2026-043730,04-Feb-26,CUS-02276,PRD-0096,12,23060,276720
ORD-2026-043742,04-Feb-26,CUS-00286,PRD-0121,3,26430,79290
ORD-2026-043748,04-Feb-26,CUS-00441,PRD-0131,10,31140,311400
ORD-2026-043749,04-Feb-26,CUS-00850,PRD-0137,2,27650,55300
ORD-2026-043757,04-Feb-26,CUS-01605,PRD-0156,10,58570,585700
ORD-2026-043766,04-Feb-26,CUS-00328,PRD-0165,9,23380,210420
ORD-2026-043770,05-Feb-26,CUS-00660,PRD-0007,8,17070,136560
ORD-2026-043774,05-Feb-26,CUS-00603,PRD-0019,9,31240,281160
ORD-2026-043776,05-Feb-26,CUS-02154,PRD-0039,4,14770,59080
ORD-2026-043777,05-Feb-26,CUS-01279,PRD-0045,2,7340,14680
ORD-2026-043783,05-Feb-26,CUS-00175,PRD-0078,11,33720,370920
ORD-2026-043784,05-Feb-26,CUS-01019,PRD-0081,2,42190,84380
ORD-2026-043792,05-Feb-26,CUS-02459,PRD-0095,5,20290,101450
ORD-2026-043794,05-Feb-26,CUS-00333,PRD-0111,2,12240,24480
ORD-2026-043796,05-Feb-26,CUS-00212,PRD-0120,19,14740,280060
ORD-2026-043801,05-Feb-26,CUS-00642,PRD-0142,7,52030,364210
ORD-2026-043827,06-Feb-26,CUS-00948,PRD-0029,5,11070,55350
ORD-2026-043829,06-Feb-26,CUS-00274,PRD-0033,32,11040,353280
ORD-2026-043831,06-Feb-26,CUS-01992,PRD-0039,9,14770,132930
ORD-2026-043834,06-Feb-26,CUS-02456,PRD-0045,13,7340,95420
ORD-2026-043841,06-Feb-26,CUS-00021,PRD-0057,10,18040,180400
ORD-2026-043843,06-Feb-26,CUS-01019,PRD-0062,7,17890,125230
ORD-2026-043851,06-Feb-26,CUS-00877,PRD-0077,10,31120,311200
ORD-2026-043855,06-Feb-26,CUS-02084,PRD-0088,5,15290,76450
ORD-2026-043865,06-Feb-26,CUS-01118,PRD-0090,11,37690,414590
ORD-2026-043876,06-Feb-26,CUS-02071,PRD-0115,11,21210,233310
ORD-2026-043878,06-Feb-26,CUS-02380,PRD-0121,18,26430,475740
ORD-2026-043879,06-Feb-26,CUS-01652,PRD-0121,1,26430,26430
ORD-2026-043881,06-Feb-26,CUS-00887,PRD-0122,42,19140,803880
ORD-2026-043883,06-Feb-26,CUS-02406,PRD-0131,13,31140,404820
ORD-2026-043884,06-Feb-26,CUS-01853,PRD-0134,3,34970,104910
ORD-2026-043888,06-Feb-26,CUS-00959,PRD-0145,7,31800,222600
ORD-2026-043893,06-Feb-26,CUS-02464,PRD-0154,3,42470,127410
ORD-2026-043898,06-Feb-26,CUS-00966,PRD-0161,18,32640,587520
ORD-2026-043902,06-Feb-26,CUS-00102,PRD-0166,13,25650,333450
ORD-2026-043903,06-Feb-26,CUS-02225,PRD-0169,9,15310,137790
ORD-2026-043931,07-Feb-26,CUS-02439,PRD-0090,6,37690,226140
ORD-2026-043945,07-Feb-26,CUS-02189,PRD-0148,6,27270,163620
ORD-2026-043948,07-Feb-26,CUS-00253,PRD-0151,2,42840,85680
ORD-2026-043959,08-Feb-26,CUS-00288,PRD-0057,1,18040,18040
ORD-2026-043961,08-Feb-26,CUS-01626,PRD-0063,3,15070,45210
ORD-2026-043979,09-Feb-26,CUS-01703,PRD-0040,18,14100,253800
ORD-2026-043991,09-Feb-26,CUS-01357,PRD-0077,6,31120,186720
ORD-2026-043999,09-Feb-26,CUS-02318,PRD-0086,4,28180,112720
ORD-2026-044007,09-Feb-26,CUS-01812,PRD-0090,3,37690,113070
ORD-2026-044011,09-Feb-26,CUS-00603,PRD-0100,25,20780,519500
ORD-2026-044015,09-Feb-26,CUS-01909,PRD-0108,3,30750,92250
ORD-2026-044024,09-Feb-26,CUS-00856,PRD-0122,8,19140,153120
ORD-2026-044031,09-Feb-26,CUS-02130,PRD-0129,4,17810,71240
ORD-2026-044035,09-Feb-26,CUS-02409,PRD-0149,6,45880,275280
ORD-2026-044039,09-Feb-26,CUS-00045,PRD-0153,3,24220,72660
ORD-2026-044046,09-Feb-26,CUS-01218,PRD-0160,27,32940,889380
ORD-2026-044071,10-Feb-26,CUS-01516,PRD-0048,5,16870,84350
ORD-2026-044075,10-Feb-26,CUS-02323,PRD-0050,3,5420,16260
ORD-2026-044091,10-Feb-26,CUS-02182,PRD-0085,7,32580,228060
ORD-2026-044096,10-Feb-26,CUS-01182,PRD-0090,8,37690,301520
ORD-2026-044097,10-Feb-26,CUS-00910,PRD-0090,5,37690,188450
ORD-2026-044100,10-Feb-26,CUS-00174,PRD-0091,21,27010,567210
ORD-2026-044114,10-Feb-26,CUS-01178,PRD-0120,21,14740,309540
ORD-2026-044120,10-Feb-26,CUS-01081,PRD-0128,7,20590,144130
ORD-2026-044126,10-Feb-26,CUS-02479,PRD-0151,17,42840,728280
ORD-2026-044135,10-Feb-26,CUS-00144,PRD-0165,7,23380,163660
ORD-2026-044136,10-Feb-26,CUS-01691,PRD-0165,10,23380,233800
ORD-2026-044139,11-Feb-26,CUS-00499,PRD-0004,2,4490,8980
ORD-2026-044143,11-Feb-26,CUS-00959,PRD-0023,12,16940,203280
ORD-2026-044151,11-Feb-26,CUS-00201,PRD-0069,5,17210,86050
ORD-2026-044152,11-Feb-26,CUS-00417,PRD-0070,3,19240,57720
ORD-2026-044155,11-Feb-26,CUS-00602,PRD-0077,18,31120,560160
ORD-2026-044160,11-Feb-26,CUS-00437,PRD-0082,7,30730,215110
ORD-2026-044175,11-Feb-26,CUS-01427,PRD-0100,2,20780,41560
ORD-2026-044186,11-Feb-26,CUS-01341,PRD-0127,10,16760,167600
ORD-2026-044187,11-Feb-26,CUS-01816,PRD-0128,28,20590,576520
ORD-2026-044191,11-Feb-26,CUS-00592,PRD-0143,4,48640,194560
ORD-2026-044203,12-Feb-26,CUS-00502,PRD-0039,11,14770,162470
ORD-2026-044205,12-Feb-26,CUS-01004,PRD-0045,24,7340,176160
ORD-2026-044213,12-Feb-26,CUS-01914,PRD-0061,8,16320,130560
ORD-2026-044219,12-Feb-26,CUS-00103,PRD-0073,14,37930,531020
ORD-2026-044226,12-Feb-26,CUS-00665,PRD-0083,14,23690,331660
ORD-2026-044235,12-Feb-26,CUS-00103,PRD-0090,8,37690,301520
ORD-2026-044236,12-Feb-26,CUS-01811,PRD-0090,3,37690,113070
ORD-2026-044237,12-Feb-26,CUS-01449,PRD-0093,8,23080,184640
ORD-2026-044240,12-Feb-26,CUS-00438,PRD-0098,6,15320,91920
ORD-2026-044246,12-Feb-26,CUS-01388,PRD-0111,24,12240,293760
ORD-2026-044250,12-Feb-26,CUS-02329,PRD-0125,9,15380,138420
ORD-2026-044251,12-Feb-26,CUS-00073,PRD-0125,2,15380,30760
ORD-2026-044252,12-Feb-26,CUS-00172,PRD-0126,5,29270,146350
ORD-2026-044267,12-Feb-26,CUS-01960,PRD-0161,10,32640,326400
ORD-2026-044274,13-Feb-26,CUS-01382,PRD-0007,6,17070,102420
ORD-2026-044281,13-Feb-26,CUS-01650,PRD-0020,2,29210,58420
ORD-2026-044292,13-Feb-26,CUS-00316,PRD-0056,7,25020,175140
ORD-2026-044295,13-Feb-26,CUS-01983,PRD-0063,7,15070,105490
ORD-2026-044297,13-Feb-26,CUS-00618,PRD-0072,6,42600,255600
ORD-2026-044303,13-Feb-26,CUS-00544,PRD-0079,4,46870,187480
ORD-2026-044307,13-Feb-26,CUS-01809,PRD-0085,2,32580,65160
ORD-2026-044318,13-Feb-26,CUS-00353,PRD-0090,5,37690,188450
ORD-2026-044319,13-Feb-26,CUS-00666,PRD-0090,1,37690,37690
ORD-2026-044322,13-Feb-26,CUS-00990,PRD-0102,4,17050,68200
ORD-2026-044325,13-Feb-26,CUS-00887,PRD-0118,9,23110,207990
ORD-2026-044334,13-Feb-26,CUS-01639,PRD-0140,2,27740,55480
ORD-2026-044346,13-Feb-26,CUS-01811,PRD-0156,4,58570,234280
ORD-2026-044349,14-Feb-26,CUS-00401,PRD-0004,10,4490,44900
ORD-2026-044351,14-Feb-26,CUS-01395,PRD-0017,9,39680,357120
ORD-2026-044362,14-Feb-26,CUS-02441,PRD-0061,4,16320,65280
ORD-2026-044365,14-Feb-26,CUS-00995,PRD-0064,7,36350,254450
ORD-2026-044368,14-Feb-26,CUS-00444,PRD-0076,3,28050,84150
ORD-2026-044370,14-Feb-26,CUS-00255,PRD-0077,3,31120,93360
ORD-2026-044378,14-Feb-26,CUS-00316,PRD-0090,8,37690,301520
ORD-2026-044387,14-Feb-26,CUS-01395,PRD-0125,8,15380,123040
ORD-2026-044396,14-Feb-26,CUS-00165,PRD-0151,11,42840,471240
ORD-2026-044397,14-Feb-26,CUS-01070,PRD-0161,20,32640,652800
ORD-2026-044398,14-Feb-26,CUS-02201,PRD-0164,13,19920,258960
ORD-2026-044399,14-Feb-26,CUS-00853,PRD-0165,5,23380,116900
ORD-2026-044401,15-Feb-26,CUS-02287,PRD-0020,8,29210,233680
ORD-2026-044404,15-Feb-26,CUS-02426,PRD-0061,16,16320,261120
ORD-2026-044410,15-Feb-26,CUS-02212,PRD-0125,8,15380,123040
ORD-2026-044419,16-Feb-26,CUS-00962,PRD-0007,5,17070,85350
ORD-2026-044423,16-Feb-26,CUS-00705,PRD-0011,16,17170,274720
ORD-2026-044427,16-Feb-26,CUS-01909,PRD-0041,6,6830,40980
ORD-2026-044431,16-Feb-26,CUS-00835,PRD-0056,5,25020,125100
ORD-2026-044441,16-Feb-26,CUS-01187,PRD-0083,5,23690,118450
ORD-2026-044442,16-Feb-26,CUS-00162,PRD-0083,7,23690,165830
ORD-2026-044452,16-Feb-26,CUS-01168,PRD-0092,8,30260,242080
ORD-2026-044456,16-Feb-26,CUS-00708,PRD-0105,6,41060,246360
ORD-2026-044468,16-Feb-26,CUS-01264,PRD-0142,10,52030,520300
ORD-2026-044470,16-Feb-26,CUS-01480,PRD-0143,38,48640,1848320
ORD-2026-044471,16-Feb-26,CUS-02441,PRD-0150,8,47850,382800
ORD-2026-044476,16-Feb-26,CUS-00010,PRD-0151,8,42840,342720
ORD-2026-044479,16-Feb-26,CUS-01679,PRD-0153,12,24220,290640
ORD-2026-044489,17-Feb-26,CUS-02366,PRD-0011,11,17170,188870
ORD-2026-044492,17-Feb-26,CUS-01813,PRD-0023,13,16940,220220
ORD-2026-044496,17-Feb-26,CUS-00864,PRD-0039,13,14770,192010
ORD-2026-044506,17-Feb-26,CUS-02325,PRD-0062,2,17890,35780
ORD-2026-044511,17-Feb-26,CUS-00052,PRD-0080,3,23900,71700
ORD-2026-044515,17-Feb-26,CUS-01814,PRD-0083,15,23690,355350
ORD-2026-044517,17-Feb-26,CUS-01896,PRD-0086,12,28180,338160
ORD-2026-044521,17-Feb-26,CUS-00417,PRD-0090,77,37690,2902130
ORD-2026-044536,17-Feb-26,CUS-00652,PRD-0111,5,12240,61200
ORD-2026-044539,17-Feb-26,CUS-00953,PRD-0124,16,8790,140640
ORD-2026-044551,17-Feb-26,CUS-00986,PRD-0161,2,32640,65280
ORD-2026-044556,18-Feb-26,CUS-00274,PRD-0031,25,36660,916500
ORD-2026-044563,18-Feb-26,CUS-00305,PRD-0061,8,16320,130560
ORD-2026-044569,18-Feb-26,CUS-00073,PRD-0070,2,19240,38480
ORD-2026-044571,18-Feb-26,CUS-01527,PRD-0076,6,28050,168300
ORD-2026-044575,18-Feb-26,CUS-00778,PRD-0084,4,27760,111040
ORD-2026-044576,18-Feb-26,CUS-00672,PRD-0086,24,28180,676320
ORD-2026-044585,18-Feb-26,CUS-01801,PRD-0090,7,37690,263830
ORD-2026-044593,18-Feb-26,CUS-00570,PRD-0108,7,30750,215250
ORD-2026-044604,18-Feb-26,CUS-00313,PRD-0141,5,38600,193000
ORD-2026-044615,18-Feb-26,CUS-02222,PRD-0151,8,42840,342720
ORD-2026-044616,18-Feb-26,CUS-00630,PRD-0151,19,42840,813960
ORD-2026-044619,18-Feb-26,CUS-01278,PRD-0153,3,24220,72660
ORD-2026-044624,18-Feb-26,CUS-02189,PRD-0157,9,24810,223290
ORD-2026-044636,19-Feb-26,CUS-00204,PRD-0016,6,42680,256080
ORD-2026-044637,19-Feb-26,CUS-00775,PRD-0018,15,62570,938550
ORD-2026-044647,19-Feb-26,CUS-00990,PRD-0063,12,15070,180840
ORD-2026-044653,19-Feb-26,CUS-01818,PRD-0077,7,31120,217840
ORD-2026-044654,19-Feb-26,CUS-02401,PRD-0077,6,31120,186720
ORD-2026-044659,19-Feb-26,CUS-01143,PRD-0086,5,28180,140900
ORD-2026-044667,19-Feb-26,CUS-02329,PRD-0090,14,37690,527660
ORD-2026-044674,19-Feb-26,CUS-00688,PRD-0108,4,30750,123000
ORD-2026-044678,19-Feb-26,CUS-01047,PRD-0111,9,12240,110160
ORD-2026-044679,19-Feb-26,CUS-01876,PRD-0115,14,21210,296940
ORD-2026-044694,19-Feb-26,CUS-01680,PRD-0151,4,42840,171360
ORD-2026-044696,19-Feb-26,CUS-00021,PRD-0154,7,42470,297290
ORD-2026-044697,19-Feb-26,CUS-02222,PRD-0154,17,42470,721990
ORD-2026-044703,19-Feb-26,CUS-00912,PRD-0160,3,32940,98820
ORD-2026-044707,19-Feb-26,CUS-00280,PRD-0163,8,27790,222320
ORD-2026-044709,19-Feb-26,CUS-00585,PRD-0166,7,25650,179550
ORD-2026-044715,20-Feb-26,CUS-00337,PRD-0016,7,42680,298760
ORD-2026-044716,20-Feb-26,CUS-00212,PRD-0016,4,42680,170720
ORD-2026-044741,20-Feb-26,CUS-00137,PRD-0080,6,23900,143400
ORD-2026-044746,20-Feb-26,CUS-00669,PRD-0086,9,28180,253620
ORD-2026-044747,20-Feb-26,CUS-00846,PRD-0086,19,28180,535420
ORD-2026-044748,20-Feb-26,CUS-01626,PRD-0086,5,28180,140900
ORD-2026-044756,20-Feb-26,CUS-00051,PRD-0090,3,37690,113070
ORD-2026-044767,20-Feb-26,CUS-01359,PRD-0118,5,23110,115550
ORD-2026-044782,20-Feb-26,CUS-02479,PRD-0151,4,42840,171360
ORD-2026-044783,20-Feb-26,CUS-00636,PRD-0151,2,42840,85680
ORD-2026-044785,20-Feb-26,CUS-00995,PRD-0155,16,65880,1054080
ORD-2026-044789,20-Feb-26,CUS-00209,PRD-0161,19,32640,620160
ORD-2026-044790,20-Feb-26,CUS-01959,PRD-0164,4,19920,79680
ORD-2026-044792,21-Feb-26,CUS-00464,PRD-0005,2,3110,6220
ORD-2026-044793,21-Feb-26,CUS-01969,PRD-0005,6,3110,18660
ORD-2026-044794,21-Feb-26,CUS-00652,PRD-0008,4,16360,65440
ORD-2026-044795,21-Feb-26,CUS-00180,PRD-0011,16,17170,274720
ORD-2026-044800,21-Feb-26,CUS-01822,PRD-0049,8,18190,145520
ORD-2026-044803,21-Feb-26,CUS-00607,PRD-0059,3,50810,152430
ORD-2026-044804,21-Feb-26,CUS-00850,PRD-0062,25,17890,447250
ORD-2026-044816,21-Feb-26,CUS-01246,PRD-0090,5,37690,188450
ORD-2026-044817,21-Feb-26,CUS-00669,PRD-0090,12,37690,452280
ORD-2026-044818,21-Feb-26,CUS-01497,PRD-0090,2,37690,75380
ORD-2026-044827,21-Feb-26,CUS-00328,PRD-0113,8,10420,83360
ORD-2026-044828,21-Feb-26,CUS-01460,PRD-0119,16,21950,351200
ORD-2026-044832,21-Feb-26,CUS-02384,PRD-0134,10,34970,349700
ORD-2026-044838,21-Feb-26,CUS-02215,PRD-0147,4,32330,129320
ORD-2026-044840,21-Feb-26,CUS-01155,PRD-0151,3,42840,128520
ORD-2026-044841,21-Feb-26,CUS-00237,PRD-0153,18,24220,435960
ORD-2026-044843,21-Feb-26,CUS-01977,PRD-0164,9,19920,179280
ORD-2026-044844,21-Feb-26,CUS-01660,PRD-0166,9,25650,230850
ORD-2026-044845,21-Feb-26,CUS-01600,PRD-0167,9,14020,126180
ORD-2026-044848,22-Feb-26,CUS-02146,PRD-0020,4,29210,116840
ORD-2026-044850,22-Feb-26,CUS-02380,PRD-0040,5,14100,70500
ORD-2026-044858,22-Feb-26,CUS-01894,PRD-0077,4,31120,124480
ORD-2026-044861,22-Feb-26,CUS-00602,PRD-0090,4,37690,150760
ORD-2026-044863,22-Feb-26,CUS-02054,PRD-0093,4,23080,92320
ORD-2026-044866,22-Feb-26,CUS-01218,PRD-0108,12,30750,369000
ORD-2026-044872,22-Feb-26,CUS-01066,PRD-0151,7,42840,299880
ORD-2026-044873,22-Feb-26,CUS-02184,PRD-0160,4,32940,131760
ORD-2026-044877,23-Feb-26,CUS-01674,PRD-0007,13,17070,221910
ORD-2026-044889,23-Feb-26,CUS-02012,PRD-0072,7,42600,298200
ORD-2026-044889,23-Feb-26,CUS-02012,PRD-0072,7,42600,298200
ORD-2026-044891,23-Feb-26,CUS-02205,PRD-0074,1,38390,38390
ORD-2026-044892,23-Feb-26,CUS-01976,PRD-0076,27,28050,757350
ORD-2026-044893,23-Feb-26,CUS-01185,PRD-0078,2,33720,67440
ORD-2026-044900,23-Feb-26,CUS-01812,PRD-0090,11,37690,414590
ORD-2026-044904,23-Feb-26,CUS-02210,PRD-0093,14,23080,323120
ORD-2026-044906,23-Feb-26,CUS-02486,PRD-0098,6,15320,91920
ORD-2026-044907,23-Feb-26,CUS-02286,PRD-0098,4,15320,61280
ORD-2026-044908,23-Feb-26,CUS-00043,PRD-0098,13,15320,199160
ORD-2026-044913,23-Feb-26,CUS-00962,PRD-0112,9,15500,139500
ORD-2026-044919,23-Feb-26,CUS-00724,PRD-0123,7,14410,100870
ORD-2026-044920,23-Feb-26,CUS-00863,PRD-0124,2,8790,17580
ORD-2026-044932,23-Feb-26,CUS-00178,PRD-0151,12,42840,514080
ORD-2026-044933,23-Feb-26,CUS-02035,PRD-0151,19,42840,813960
ORD-2026-044943,24-Feb-26,CUS-00906,PRD-0001,20,4970,99400
ORD-2026-044945,24-Feb-26,CUS-02026,PRD-0004,4,4490,17960
ORD-2026-044948,24-Feb-26,CUS-01324,PRD-0027,10,4920,49200
ORD-2026-044956,24-Feb-26,CUS-00870,PRD-0042,4,26200,104800
ORD-2026-044964,24-Feb-26,CUS-01936,PRD-0057,7,18040,126280
ORD-2026-044965,24-Feb-26,CUS-00248,PRD-0057,15,18040,270600
ORD-2026-044991,24-Feb-26,CUS-01933,PRD-0090,8,37690,301520
ORD-2026-044999,24-Feb-26,CUS-01690,PRD-0108,6,30750,184500
ORD-2026-045001,24-Feb-26,CUS-01809,PRD-0111,10,12240,122400
ORD-2026-045006,24-Feb-26,CUS-00038,PRD-0121,14,26430,370020
ORD-2026-045011,24-Feb-26,CUS-02279,PRD-0142,17,52030,884510
ORD-2026-045017,24-Feb-26,CUS-01473,PRD-0161,9,32640,293760
ORD-2026-045030,25-Feb-26,CUS-01851,PRD-0039,9,14770,132930
ORD-2026-045041,25-Feb-26,CUS-01257,PRD-0063,3,15070,45210
ORD-2026-045042,25-Feb-26,CUS-01992,PRD-0065,2,34000,68000
ORD-2026-045045,25-Feb-26,CUS-01636,PRD-0068,5,16320,81600
ORD-2026-045060,25-Feb-26,CUS-00606,PRD-0090,11,37690,414590
ORD-2026-045076,25-Feb-26,CUS-01522,PRD-0125,2,15380,30760
ORD-2026-045080,25-Feb-26,CUS-00416,PRD-0149,5,45880,229400
ORD-2026-045085,25-Feb-26,CUS-00775,PRD-0161,14,32640,456960
ORD-2026-045094,26-Feb-26,CUS-01780,PRD-0004,5,4490,22450
ORD-2026-045101,26-Feb-26,CUS-02087,PRD-0037,6,25650,153900
ORD-2026-045107,26-Feb-26,CUS-00057,PRD-0051,13,43070,559910
ORD-2026-045110,26-Feb-26,CUS-00465,PRD-0060,17,57540,978180
ORD-2026-045120,26-Feb-26,CUS-01238,PRD-0085,7,32580,228060
ORD-2026-045127,26-Feb-26,CUS-02128,PRD-0090,13,37690,489970
ORD-2026-045128,26-Feb-26,CUS-01983,PRD-0090,2,37690,75380
ORD-2026-045134,26-Feb-26,CUS-00532,PRD-0103,8,38480,307840
ORD-2026-045140,26-Feb-26,CUS-01106,PRD-0118,8,23110,184880
ORD-2026-045141,26-Feb-26,CUS-00165,PRD-0118,11,23110,254210
ORD-2026-045145,26-Feb-26,CUS-02249,PRD-0125,20,15380,307600
ORD-2026-045146,26-Feb-26,CUS-02001,PRD-0125,4,15380,61520
ORD-2026-045149,26-Feb-26,CUS-01714,PRD-0131,3,31140,93420
ORD-2026-045169,26-Feb-26,CUS-01813,PRD-0166,11,25650,282150
ORD-2026-045176,27-Feb-26,CUS-00034,PRD-0013,6,11970,71820
ORD-2026-045183,27-Feb-26,CUS-01019,PRD-0037,4,25650,102600
ORD-2026-045205,27-Feb-26,CUS-01744,PRD-0090,7,37690,263830
ORD-2026-045209,27-Feb-26,CUS-02394,PRD-0093,9,23080,207720
ORD-2026-045214,27-Feb-26,CUS-00226,PRD-0110,2,30350,60700
ORD-2026-045215,27-Feb-26,CUS-01449,PRD-0120,8,14740,117920
ORD-2026-045219,27-Feb-26,CUS-00948,PRD-0125,18,15380,276840
ORD-2026-045225,27-Feb-26,CUS-01887,PRD-0137,11,27650,304150
ORD-2026-045236,27-Feb-26,CUS-01309,PRD-0165,39,23380,911820
ORD-2026-045239,27-Feb-26,CUS-02457,PRD-0169,2,15310,30620
ORD-2026-045243,28-Feb-26,CUS-02249,PRD-0008,16,16360,261760
ORD-2026-045247,28-Feb-26,CUS-00724,PRD-0023,6,16940,101640
ORD-2026-045253,28-Feb-26,CUS-02146,PRD-0057,9,18040,162360
ORD-2026-045262,28-Feb-26,CUS-00340,PRD-0083,28,23690,663320
ORD-2026-045269,28-Feb-26,CUS-00305,PRD-0090,31,37690,1168390
ORD-2026-045270,28-Feb-26,CUS-02281,PRD-0090,11,37690,414590
ORD-2026-045277,28-Feb-26,CUS-01703,PRD-0118,4,23110,92440
ORD-2026-045281,28-Feb-26,CUS-00575,PRD-0124,5,8790,43950
ORD-2026-045284,28-Feb-26,CUS-00812,PRD-0125,13,15380,199940
ORD-2026-045286,28-Feb-26,CUS-01648,PRD-0144,1,31990,31990
ORD-2026-045292,28-Feb-26,CUS-00544,PRD-0154,3,42470,127410
ORD-2026-045296,28-Feb-26,CUS-02329,PRD-0161,3,32640,97920
ORD-2026-045300,28-Feb-26,CUS-00330,PRD-0163,6,27790,166740
ORD-2026-045312,01-Mar-26,CUS-01631,PRD-0111,4,12240,48960
ORD-2026-045313,01-Mar-26,CUS-02141,PRD-0120,8,14740,117920
ORD-2026-045318,01-Mar-26,CUS-00204,PRD-0151,25,42840,1071000
ORD-2026-045330,02-Mar-26,CUS-00583,PRD-0017,12,39680,476160
ORD-2026-045335,02-Mar-26,CUS-02287,PRD-0035,8,13660,109280
ORD-2026-045346,02-Mar-26,CUS-00038,PRD-0057,6,18040,108240
ORD-2026-045355,02-Mar-26,CUS-00818,PRD-0083,1,23690,23690
ORD-2026-045358,02-Mar-26,CUS-01667,PRD-0090,4,37690,150760
ORD-2026-045362,02-Mar-26,CUS-01489,PRD-0091,2,27010,54020
ORD-2026-045364,02-Mar-26,CUS-00525,PRD-0098,3,15320,45960
ORD-2026-045367,02-Mar-26,CUS-00890,PRD-0103,15,38480,577200
ORD-2026-045368,02-Mar-26,CUS-01449,PRD-0106,15,41890,628350
ORD-2026-045375,02-Mar-26,CUS-00887,PRD-0128,6,20590,123540
ORD-2026-045381,02-Mar-26,CUS-00592,PRD-0139,10,33360,333600
ORD-2026-045383,02-Mar-26,CUS-02325,PRD-0140,10,27740,277400
ORD-2026-045387,02-Mar-26,CUS-00401,PRD-0151,10,42840,428400
ORD-2026-045394,02-Mar-26,CUS-00652,PRD-0160,3,32940,98820
ORD-2026-045396,02-Mar-26,CUS-00674,PRD-0161,4,32640,130560
ORD-2026-045417,03-Mar-26,CUS-02130,PRD-0057,8,18040,144320
ORD-2026-045418,03-Mar-26,CUS-00137,PRD-0060,6,57540,345240
ORD-2026-045422,03-Mar-26,CUS-02190,PRD-0062,13,17890,232570
ORD-2026-045425,03-Mar-26,CUS-00502,PRD-0064,5,36350,181750
ORD-2026-045430,03-Mar-26,CUS-01357,PRD-0082,5,30730,153650
ORD-2026-045431,03-Mar-26,CUS-00084,PRD-0083,7,23690,165830
ORD-2026-045438,03-Mar-26,CUS-01301,PRD-0090,5,37690,188450
ORD-2026-045439,03-Mar-26,CUS-00327,PRD-0090,5,37690,188450
ORD-2026-045443,03-Mar-26,CUS-02441,PRD-0098,17,15320,260440
ORD-2026-045444,03-Mar-26,CUS-02384,PRD-0103,1,38480,38480
ORD-2026-045445,03-Mar-26,CUS-01706,PRD-0106,2,41890,83780
ORD-2026-045449,03-Mar-26,CUS-00353,PRD-0111,8,12240,97920
ORD-2026-045450,03-Mar-26,CUS-00977,PRD-0115,16,21210,339360
ORD-2026-045456,03-Mar-26,CUS-00401,PRD-0122,8,19140,153120
ORD-2026-045461,03-Mar-26,CUS-00663,PRD-0125,3,15380,46140
ORD-2026-045462,03-Mar-26,CUS-01231,PRD-0125,5,15380,76900
ORD-2026-045467,03-Mar-26,CUS-00688,PRD-0134,5,34970,174850
ORD-2026-045478,03-Mar-26,CUS-02366,PRD-0151,3,42840,128520
ORD-2026-045479,03-Mar-26,CUS-00878,PRD-0151,13,42840,556920
ORD-2026-045486,03-Mar-26,CUS-00353,PRD-0162,15,28900,433500
ORD-2026-045490,04-Mar-26,CUS-00901,PRD-0003,6,4840,29040
ORD-2026-045492,04-Mar-26,CUS-00280,PRD-0004,4,4490,17960
ORD-2026-045505,04-Mar-26,CUS-00347,PRD-0046,9,17360,156240
ORD-2026-045506,04-Mar-26,CUS-00812,PRD-0051,10,43070,430700
ORD-2026-045519,04-Mar-26,CUS-00333,PRD-0084,2,27760,55520
ORD-2026-045527,04-Mar-26,CUS-01790,PRD-0090,5,37690,188450
ORD-2026-045528,04-Mar-26,CUS-01971,PRD-0090,30,37690,1130700
ORD-2026-045529,04-Mar-26,CUS-01081,PRD-0090,4,37690,150760
ORD-2026-045533,04-Mar-26,CUS-02022,PRD-0091,22,27010,594220
ORD-2026-045535,04-Mar-26,CUS-00762,PRD-0100,5,20780,103900
ORD-2026-045538,04-Mar-26,CUS-00296,PRD-0113,13,10420,135460
ORD-2026-045541,04-Mar-26,CUS-00046,PRD-0121,2,26430,52860
ORD-2026-045542,04-Mar-26,CUS-00856,PRD-0123,17,14410,244970
ORD-2026-045548,04-Mar-26,CUS-01005,PRD-0125,38,15380,584440
ORD-2026-045552,04-Mar-26,CUS-00201,PRD-0132,4,38360,153440
ORD-2026-045553,04-Mar-26,CUS-00520,PRD-0135,6,32900,197400
ORD-2026-045554,04-Mar-26,CUS-02193,PRD-0135,10,32900,329000
ORD-2026-045557,04-Mar-26,CUS-01622,PRD-0138,6,27020,162120
ORD-2026-045558,04-Mar-26,CUS-02225,PRD-0140,7,27740,194180
ORD-2026-045559,04-Mar-26,CUS-00965,PRD-0142,92,52030,4786760
ORD-2026-045562,04-Mar-26,CUS-00567,PRD-0148,9,27270,245430
ORD-2026-045567,04-Mar-26,CUS-01679,PRD-0151,12,42840,514080
ORD-2026-045568,04-Mar-26,CUS-00846,PRD-0151,7,42840,299880
ORD-2026-045570,04-Mar-26,CUS-01794,PRD-0153,3,24220,72660
ORD-2026-045573,04-Mar-26,CUS-01427,PRD-0161,3,32640,97920
ORD-2026-045576,04-Mar-26,CUS-00692,PRD-0165,19,23380,444220
ORD-2026-045580,05-Mar-26,CUS-00595,PRD-0004,21,4490,94290
ORD-2026-045582,05-Mar-26,CUS-01960,PRD-0005,18,3110,55980
ORD-2026-045598,05-Mar-26,CUS-00674,PRD-0057,1,18040,18040
ORD-2026-045614,05-Mar-26,CUS-01019,PRD-0098,3,15320,45960
ORD-2026-045615,05-Mar-26,CUS-01019,PRD-0099,4,14380,57520
ORD-2026-045616,05-Mar-26,CUS-00353,PRD-0100,11,20780,228580
ORD-2026-045619,05-Mar-26,CUS-02321,PRD-0108,9,30750,276750
ORD-2026-045622,05-Mar-26,CUS-00401,PRD-0110,24,30350,728400
ORD-2026-045623,05-Mar-26,CUS-02258,PRD-0110,4,30350,121400
ORD-2026-045626,05-Mar-26,CUS-00347,PRD-0120,12,14740,176880
ORD-2026-045640,05-Mar-26,CUS-01950,PRD-0151,5,42840,214200
ORD-2026-045640,05-Mar-26,CUS-01950,PRD-0151,5,42840,214200
ORD-2026-045641,05-Mar-26,CUS-01820,PRD-0151,4,42840,171360
ORD-2026-045649,05-Mar-26,CUS-01075,PRD-0163,7,27790,194530
ORD-2026-045652,05-Mar-26,CUS-02252,PRD-0168,4,19490,77960
ORD-2026-045669,06-Mar-26,CUS-00105,PRD-0047,6,19060,114360
ORD-2026-045670,06-Mar-26,CUS-02053,PRD-0048,5,16870,84350
ORD-2026-045673,06-Mar-26,CUS-00117,PRD-0059,4,50810,203240
ORD-2026-045677,06-Mar-26,CUS-02231,PRD-0061,4,16320,65280
ORD-2026-045688,06-Mar-26,CUS-00509,PRD-0077,3,31120,93360
ORD-2026-045691,06-Mar-26,CUS-02321,PRD-0080,9,23900,215100
ORD-2026-045692,06-Mar-26,CUS-02195,PRD-0082,5,30730,153650
ORD-2026-045695,06-Mar-26,CUS-01816,PRD-0085,13,32580,423540
ORD-2026-045697,06-Mar-26,CUS-01496,PRD-0086,7,28180,197260
ORD-2026-045702,06-Mar-26,CUS-00865,PRD-0090,13,37690,489970
ORD-2026-045703,06-Mar-26,CUS-01585,PRD-0090,3,37690,113070
ORD-2026-045714,06-Mar-26,CUS-02486,PRD-0108,7,30750,215250
ORD-2026-045715,06-Mar-26,CUS-00707,PRD-0108,3,30750,92250
ORD-2026-045722,06-Mar-26,CUS-01036,PRD-0123,14,14410,201740
ORD-2026-045725,06-Mar-26,CUS-01723,PRD-0125,4,15380,61520
ORD-2026-045726,06-Mar-26,CUS-01976,PRD-0125,3,15380,46140
ORD-2026-045733,06-Mar-26,CUS-00487,PRD-0151,6,42840,257040
ORD-2026-045734,06-Mar-26,CUS-01512,PRD-0151,5,42840,214200
ORD-2026-045738,06-Mar-26,CUS-02394,PRD-0158,7,33720,236040
ORD-2026-045739,06-Mar-26,CUS-02439,PRD-0159,3,25840,77520
ORD-2026-045741,06-Mar-26,CUS-00459,PRD-0161,4,32640,130560
ORD-2026-045746,07-Mar-26,CUS-00678,PRD-0004,6,4490,26940
ORD-2026-045747,07-Mar-26,CUS-02459,PRD-0023,5,16940,84700
ORD-2026-045748,07-Mar-26,CUS-02497,PRD-0024,7,9800,68600
ORD-2026-045755,07-Mar-26,CUS-00212,PRD-0041,5,6830,34150
ORD-2026-045760,07-Mar-26,CUS-02292,PRD-0072,1,42600,42600
ORD-2026-045761,07-Mar-26,CUS-00259,PRD-0074,6,38390,230340
ORD-2026-045767,07-Mar-26,CUS-01225,PRD-0086,7,28180,197260
ORD-2026-045775,07-Mar-26,CUS-01691,PRD-0108,1,30750,30750
ORD-2026-045777,07-Mar-26,CUS-01652,PRD-0111,10,12240,122400
ORD-2026-045787,07-Mar-26,CUS-02260,PRD-0141,16,38600,617600
ORD-2026-045799,08-Mar-26,CUS-01977,PRD-0014,5,13790,68950
ORD-2026-045801,08-Mar-26,CUS-02428,PRD-0024,7,9800,68600
ORD-2026-045803,08-Mar-26,CUS-01413,PRD-0031,13,36660,476580
ORD-2026-045809,08-Mar-26,CUS-02001,PRD-0077,3,31120,93360
ORD-2026-045814,08-Mar-26,CUS-00033,PRD-0103,17,38480,654160
ORD-2026-045816,08-Mar-26,CUS-00100,PRD-0108,5,30750,153750
ORD-2026-045819,08-Mar-26,CUS-00490,PRD-0142,14,52030,728420
ORD-2026-045823,08-Mar-26,CUS-02334,PRD-0156,2,58570,117140
ORD-2026-045824,08-Mar-26,CUS-02366,PRD-0162,3,28900,86700
ORD-2026-045828,08-Mar-26,CUS-01814,PRD-0167,7,14020,98140
ORD-2026-045830,09-Mar-26,CUS-01507,PRD-0018,10,62570,625700
ORD-2026-045831,09-Mar-26,CUS-00055,PRD-0019,3,31240,93720
ORD-2026-045833,09-Mar-26,CUS-01815,PRD-0020,13,29210,379730
ORD-2026-045834,09-Mar-26,CUS-00959,PRD-0023,12,16940,203280
ORD-2026-045844,09-Mar-26,CUS-00573,PRD-0054,5,17260,86300
ORD-2026-045847,09-Mar-26,CUS-01224,PRD-0057,10,18040,180400
ORD-2026-045857,09-Mar-26,CUS-01528,PRD-0077,7,31120,217840
ORD-2026-045865,09-Mar-26,CUS-01062,PRD-0090,10,37690,376900
ORD-2026-045866,09-Mar-26,CUS-01774,PRD-0090,10,37690,376900
ORD-2026-045867,09-Mar-26,CUS-01714,PRD-0090,5,37690,188450
ORD-2026-045868,09-Mar-26,CUS-01420,PRD-0090,7,37690,263830
ORD-2026-045871,09-Mar-26,CUS-02286,PRD-0095,12,20290,243480
ORD-2026-045877,09-Mar-26,CUS-00233,PRD-0115,13,21210,275730
ORD-2026-045878,09-Mar-26,CUS-00986,PRD-0117,13,17520,227760
ORD-2026-045879,09-Mar-26,CUS-01420,PRD-0121,15,26430,396450
ORD-2026-045882,09-Mar-26,CUS-01983,PRD-0142,2,52030,104060
ORD-2026-045883,09-Mar-26,CUS-00045,PRD-0149,5,45880,229400
ORD-2026-045884,09-Mar-26,CUS-00782,PRD-0150,10,47850,478500
ORD-2026-045889,09-Mar-26,CUS-00833,PRD-0151,1,42840,42840
ORD-2026-045890,09-Mar-26,CUS-01338,PRD-0151,11,42840,471240
ORD-2026-045896,09-Mar-26,CUS-02292,PRD-0153,3,24220,72660
ORD-2026-045896,09-Mar-26,CUS-02292,PRD-0153,3,24220,72660
ORD-2026-045901,09-Mar-26,CUS-00915,PRD-0161,3,32640,97920
ORD-2026-045910,10-Mar-26,CUS-00296,PRD-0016,42,42680,1792560
ORD-2026-045912,10-Mar-26,CUS-02022,PRD-0026,15,4150,62250
ORD-2026-045916,10-Mar-26,CUS-00288,PRD-0049,3,18190,54570
ORD-2026-045929,10-Mar-26,CUS-00459,PRD-0077,14,31120,435680
ORD-2026-045934,10-Mar-26,CUS-01238,PRD-0084,6,27760,166560
ORD-2026-045938,10-Mar-26,CUS-00673,PRD-0086,12,28180,338160
ORD-2026-045947,10-Mar-26,CUS-00381,PRD-0090,23,37690,866870
ORD-2026-045948,10-Mar-26,CUS-00219,PRD-0090,3,37690,113070
ORD-2026-045951,10-Mar-26,CUS-00740,PRD-0100,18,20780,374040
ORD-2026-045953,10-Mar-26,CUS-01631,PRD-0103,1,38480,38480
ORD-2026-045954,10-Mar-26,CUS-00593,PRD-0108,5,30750,153750
ORD-2026-045972,10-Mar-26,CUS-01449,PRD-0150,6,47850,287100
ORD-2026-045983,10-Mar-26,CUS-01603,PRD-0165,4,23380,93520
ORD-2026-045984,10-Mar-26,CUS-02334,PRD-0169,13,15310,199030
ORD-2026-045989,11-Mar-26,CUS-02359,PRD-0026,2,4150,8300
ORD-2026-045991,11-Mar-26,CUS-00491,PRD-0028,30,4910,147300
ORD-2026-045998,11-Mar-26,CUS-02258,PRD-0060,3,57540,172620
ORD-2026-045999,11-Mar-26,CUS-01853,PRD-0060,5,57540,287700
ORD-2026-046003,11-Mar-26,CUS-02459,PRD-0065,2,34000,68000
ORD-2026-046014,11-Mar-26,CUS-01214,PRD-0085,11,32580,358380
ORD-2026-046016,11-Mar-26,CUS-02382,PRD-0086,10,28180,281800
ORD-2026-046019,11-Mar-26,CUS-01114,PRD-0090,4,37690,150760
ORD-2026-046020,11-Mar-26,CUS-02212,PRD-0090,2,37690,75380
ORD-2026-046021,11-Mar-26,CUS-01368,PRD-0090,5,37690,188450
ORD-2026-046034,11-Mar-26,CUS-01639,PRD-0135,17,32900,559300
ORD-2026-046048,11-Mar-26,CUS-01933,PRD-0151,8,42840,342720
ORD-2026-046054,11-Mar-26,CUS-02053,PRD-0160,4,32940,131760
ORD-2026-046056,11-Mar-26,CUS-00958,PRD-0161,13,32640,424320
ORD-2026-046058,12-Mar-26,CUS-02275,PRD-0004,2,4490,8980
ORD-2026-046061,12-Mar-26,CUS-01956,PRD-0019,1,31240,31240
ORD-2026-046064,12-Mar-26,CUS-02279,PRD-0026,17,4150,70550
ORD-2026-046066,12-Mar-26,CUS-00651,PRD-0039,2,14770,29540
ORD-2026-046085,12-Mar-26,CUS-02141,PRD-0084,5,27760,138800
ORD-2026-046092,12-Mar-26,CUS-00219,PRD-0090,6,37690,226140
ORD-2026-046093,12-Mar-26,CUS-00778,PRD-0090,3,37690,113070
ORD-2026-046094,12-Mar-26,CUS-01075,PRD-0090,6,37690,226140
ORD-2026-046097,12-Mar-26,CUS-00799,PRD-0093,7,23080,161560
ORD-2026-046100,12-Mar-26,CUS-02449,PRD-0100,3,20780,62340
ORD-2026-046101,12-Mar-26,CUS-01766,PRD-0102,5,17050,85250
ORD-2026-046102,12-Mar-26,CUS-00034,PRD-0108,2,30750,61500
ORD-2026-046111,12-Mar-26,CUS-00219,PRD-0125,5,15380,76900
ORD-2026-046114,12-Mar-26,CUS-01558,PRD-0135,13,32900,427700
ORD-2026-046122,12-Mar-26,CUS-00451,PRD-0151,24,42840,1028160
ORD-2026-046123,12-Mar-26,CUS-02035,PRD-0151,10,42840,428400
ORD-2026-046139,13-Mar-26,CUS-02373,PRD-0004,7,4490,31430
ORD-2026-046156,13-Mar-26,CUS-01638,PRD-0039,2,14770,29540
ORD-2026-046158,13-Mar-26,CUS-01487,PRD-0048,11,16870,185570
ORD-2026-046162,13-Mar-26,CUS-00178,PRD-0062,3,17890,53670
ORD-2026-046167,13-Mar-26,CUS-00105,PRD-0079,7,46870,328090
ORD-2026-046181,13-Mar-26,CUS-01721,PRD-0090,21,37690,791490
ORD-2026-046182,13-Mar-26,CUS-02001,PRD-0090,14,37690,527660
ORD-2026-046183,13-Mar-26,CUS-00806,PRD-0090,15,37690,565350
ORD-2026-046189,13-Mar-26,CUS-00906,PRD-0109,8,30700,245600
ORD-2026-046192,13-Mar-26,CUS-02158,PRD-0121,3,26430,79290
ORD-2026-046196,13-Mar-26,CUS-01951,PRD-0125,3,15380,46140
ORD-2026-046199,13-Mar-26,CUS-01008,PRD-0131,24,31140,747360
ORD-2026-046206,13-Mar-26,CUS-02459,PRD-0151,6,42840,257040
ORD-2026-046214,13-Mar-26,CUS-00835,PRD-0161,6,32640,195840
ORD-2026-046218,14-Mar-26,CUS-00948,PRD-0004,5,4490,22450
ORD-2026-046220,14-Mar-26,CUS-00672,PRD-0005,5,3110,15550
ORD-2026-046225,14-Mar-26,CUS-01272,PRD-0031,6,36660,219960
ORD-2026-046233,14-Mar-26,CUS-00021,PRD-0062,11,17890,196790
ORD-2026-046237,14-Mar-26,CUS-01917,PRD-0075,1,34020,34020
ORD-2026-046240,14-Mar-26,CUS-01636,PRD-0085,6,32580,195480
ORD-2026-046247,14-Mar-26,CUS-01496,PRD-0090,4,37690,150760
ORD-2026-046248,14-Mar-26,CUS-00614,PRD-0090,8,37690,301520
ORD-2026-046258,14-Mar-26,CUS-00119,PRD-0126,3,29270,87810
ORD-2026-046263,14-Mar-26,CUS-00717,PRD-0145,3,31800,95400
ORD-2026-046267,14-Mar-26,CUS-00806,PRD-0151,4,42840,171360
ORD-2026-046271,14-Mar-26,CUS-01349,PRD-0156,6,58570,351420
ORD-2026-046284,15-Mar-26,CUS-01024,PRD-0064,6,36350,218100
ORD-2026-046286,15-Mar-26,CUS-00965,PRD-0077,4,31120,124480
ORD-2026-046289,15-Mar-26,CUS-02260,PRD-0086,2,28180,56360
ORD-2026-046296,15-Mar-26,CUS-00632,PRD-0103,11,38480,423280
ORD-2026-046299,15-Mar-26,CUS-00411,PRD-0118,13,23110,300430
ORD-2026-046310,16-Mar-26,CUS-01238,PRD-0006,3,3060,9180
ORD-2026-046315,16-Mar-26,CUS-02242,PRD-0029,3,11070,33210
ORD-2026-046316,16-Mar-26,CUS-01960,PRD-0029,4,11070,44280
ORD-2026-046319,16-Mar-26,CUS-01851,PRD-0041,5,6830,34150
ORD-2026-046323,16-Mar-26,CUS-02449,PRD-0052,2,43630,87260
ORD-2026-046326,16-Mar-26,CUS-00964,PRD-0060,5,57540,287700
ORD-2026-046327,16-Mar-26,CUS-00010,PRD-0060,6,57540,345240
ORD-2026-046328,16-Mar-26,CUS-02472,PRD-0060,25,57540,1438500
ORD-2026-046342,16-Mar-26,CUS-00253,PRD-0086,33,28180,929940
ORD-2026-046349,16-Mar-26,CUS-02215,PRD-0090,2,37690,75380
ORD-2026-046350,16-Mar-26,CUS-00806,PRD-0090,3,37690,113070
ORD-2026-046352,16-Mar-26,CUS-00340,PRD-0091,25,27010,675250
ORD-2026-046354,16-Mar-26,CUS-00388,PRD-0092,3,30260,90780
ORD-2026-046355,16-Mar-26,CUS-01636,PRD-0093,3,23080,69240
ORD-2026-046357,16-Mar-26,CUS-00657,PRD-0098,10,15320,153200
ORD-2026-046370,16-Mar-26,CUS-00057,PRD-0125,8,15380,123040
ORD-2026-046371,16-Mar-26,CUS-00437,PRD-0130,8,13600,108800
ORD-2026-046373,16-Mar-26,CUS-00073,PRD-0131,22,31140,685080
ORD-2026-046378,16-Mar-26,CUS-01528,PRD-0137,20,27650,553000
ORD-2026-046386,16-Mar-26,CUS-00076,PRD-0151,7,42840,299880
ORD-2026-046387,16-Mar-26,CUS-01647,PRD-0151,2,42840,85680
ORD-2026-046388,16-Mar-26,CUS-01683,PRD-0151,2,42840,85680
ORD-2026-046390,16-Mar-26,CUS-01160,PRD-0153,3,24220,72660
ORD-2026-046391,16-Mar-26,CUS-01527,PRD-0157,8,24810,198480
ORD-2026-046395,16-Mar-26,CUS-01165,PRD-0161,12,32640,391680
ORD-2026-046404,17-Mar-26,CUS-01507,PRD-0018,43,62570,2690510
ORD-2026-046410,17-Mar-26,CUS-01887,PRD-0053,9,38950,350550
ORD-2026-046410,17-Mar-26,CUS-01887,PRD-0053,9,38950,350550
ORD-2026-046426,17-Mar-26,CUS-00953,PRD-0077,10,31120,311200
ORD-2026-046437,17-Mar-26,CUS-01744,PRD-0090,12,37690,452280
ORD-2026-046441,17-Mar-26,CUS-02334,PRD-0091,3,27010,81030
ORD-2026-046445,17-Mar-26,CUS-00124,PRD-0093,6,23080,138480
ORD-2026-046451,17-Mar-26,CUS-01083,PRD-0109,11,30700,337700
ORD-2026-046452,17-Mar-26,CUS-00051,PRD-0110,6,30350,182100
ORD-2026-046454,17-Mar-26,CUS-00850,PRD-0114,6,15730,94380
ORD-2026-046458,17-Mar-26,CUS-00417,PRD-0118,21,23110,485310
ORD-2026-046462,17-Mar-26,CUS-01964,PRD-0125,5,15380,76900
ORD-2026-046463,17-Mar-26,CUS-00001,PRD-0125,4,15380,61520
ORD-2026-046465,17-Mar-26,CUS-02231,PRD-0126,2,29270,58540
ORD-2026-046466,17-Mar-26,CUS-01168,PRD-0126,3,29270,87810
ORD-2026-046469,17-Mar-26,CUS-00532,PRD-0131,7,31140,217980
ORD-2026-046477,17-Mar-26,CUS-02401,PRD-0151,4,42840,171360
ORD-2026-046489,17-Mar-26,CUS-00229,PRD-0161,23,32640,750720
ORD-2026-046491,17-Mar-26,CUS-00630,PRD-0170,35,17370,607950
ORD-2026-046494,18-Mar-26,CUS-02279,PRD-0006,10,3060,30600
ORD-2026-046504,18-Mar-26,CUS-01081,PRD-0039,5,14770,73850
ORD-2026-046507,18-Mar-26,CUS-00084,PRD-0042,9,26200,235800
ORD-2026-046510,18-Mar-26,CUS-02215,PRD-0057,13,18040,234520
ORD-2026-046511,18-Mar-26,CUS-02122,PRD-0060,17,57540,978180
ORD-2026-046514,18-Mar-26,CUS-01670,PRD-0062,3,17890,53670
ORD-2026-046519,18-Mar-26,CUS-00724,PRD-0078,5,33720,168600
ORD-2026-046520,18-Mar-26,CUS-01887,PRD-0079,3,46870,140610
ORD-2026-046548,18-Mar-26,CUS-02428,PRD-0122,3,19140,57420
ORD-2026-046564,18-Mar-26,CUS-00073,PRD-0151,7,42840,299880
ORD-2026-046565,18-Mar-26,CUS-02486,PRD-0151,7,42840,299880
ORD-2026-046567,18-Mar-26,CUS-00612,PRD-0165,11,23380,257180
ORD-2026-046570,18-Mar-26,CUS-00178,PRD-0169,2,15310,30620
ORD-2026-046575,19-Mar-26,CUS-01489,PRD-0007,7,17070,119490
ORD-2026-046580,19-Mar-26,CUS-00688,PRD-0012,26,18410,478660
ORD-2026-046588,19-Mar-26,CUS-02442,PRD-0024,8,9800,78400
ORD-2026-046592,19-Mar-26,CUS-01075,PRD-0035,28,13660,382480
ORD-2026-046608,19-Mar-26,CUS-01150,PRD-0090,14,37690,527660
ORD-2026-046609,19-Mar-26,CUS-01142,PRD-0090,5,37690,188450
ORD-2026-046612,19-Mar-26,CUS-01279,PRD-0097,4,21780,87120
ORD-2026-046613,19-Mar-26,CUS-02380,PRD-0098,6,15320,91920
ORD-2026-046618,19-Mar-26,CUS-01801,PRD-0111,5,12240,61200
ORD-2026-046624,19-Mar-26,CUS-00528,PRD-0125,10,15380,153800
ORD-2026-046625,19-Mar-26,CUS-00175,PRD-0125,1,15380,15380
ORD-2026-046631,19-Mar-26,CUS-02411,PRD-0137,3,27650,82950
ORD-2026-046633,19-Mar-26,CUS-01112,PRD-0149,2,45880,91760
ORD-2026-046648,19-Mar-26,CUS-00808,PRD-0161,3,32640,97920
ORD-2026-046651,19-Mar-26,CUS-00330,PRD-0165,8,23380,187040
ORD-2026-046660,20-Mar-26,CUS-00906,PRD-0011,5,17170,85850
ORD-2026-046662,20-Mar-26,CUS-02026,PRD-0016,17,42680,725560
ORD-2026-046663,20-Mar-26,CUS-01195,PRD-0016,6,42680,256080
ORD-2026-046666,20-Mar-26,CUS-00253,PRD-0039,3,14770,44310
ORD-2026-046667,20-Mar-26,CUS-00852,PRD-0039,4,14770,59080
ORD-2026-046668,20-Mar-26,CUS-01915,PRD-0039,3,14770,44310
ORD-2026-046669,20-Mar-26,CUS-01522,PRD-0047,4,19060,76240
ORD-2026-046671,20-Mar-26,CUS-00084,PRD-0051,9,43070,387630
ORD-2026-046675,20-Mar-26,CUS-02471,PRD-0057,11,18040,198440
ORD-2026-046676,20-Mar-26,CUS-02307,PRD-0057,14,18040,252560
ORD-2026-046686,20-Mar-26,CUS-00155,PRD-0077,8,31120,248960
ORD-2026-046688,20-Mar-26,CUS-01238,PRD-0085,6,32580,195480
ORD-2026-046694,20-Mar-26,CUS-00104,PRD-0090,9,37690,339210
ORD-2026-046695,20-Mar-26,CUS-01914,PRD-0090,7,37690,263830
ORD-2026-046699,20-Mar-26,CUS-00865,PRD-0100,6,20780,124680
ORD-2026-046704,20-Mar-26,CUS-01887,PRD-0120,9,14740,132660
ORD-2026-046710,20-Mar-26,CUS-01971,PRD-0137,5,27650,138250
ORD-2026-046713,20-Mar-26,CUS-01875,PRD-0150,12,47850,574200
ORD-2026-046724,20-Mar-26,CUS-02409,PRD-0160,4,32940,131760
ORD-2026-046727,20-Mar-26,CUS-02287,PRD-0161,7,32640,228480
ORD-2026-046732,20-Mar-26,CUS-02257,PRD-0165,23,23380,537740
ORD-2026-046738,21-Mar-26,CUS-00487,PRD-0031,4,36660,146640
ORD-2026-046748,21-Mar-26,CUS-00274,PRD-0068,5,16320,81600
ORD-2026-046749,21-Mar-26,CUS-02022,PRD-0077,7,31120,217840
ORD-2026-046753,21-Mar-26,CUS-01102,PRD-0082,42,30730,1290660
ORD-2026-046757,21-Mar-26,CUS-01822,PRD-0090,6,37690,226140
ORD-2026-046759,21-Mar-26,CUS-01138,PRD-0098,13,15320,199160
ORD-2026-046773,21-Mar-26,CUS-01373,PRD-0128,1,20590,20590
ORD-2026-046777,21-Mar-26,CUS-01691,PRD-0145,1,31800,31800
ORD-2026-046788,21-Mar-26,CUS-01309,PRD-0166,11,25650,282150
ORD-2026-046790,22-Mar-26,CUS-00454,PRD-0022,6,11680,70080
ORD-2026-046798,22-Mar-26,CUS-02441,PRD-0090,2,37690,75380
ORD-2026-046806,22-Mar-26,CUS-00735,PRD-0151,5,42840,214200
ORD-2026-046811,22-Mar-26,CUS-00464,PRD-0165,7,23380,163660
ORD-2026-046815,23-Mar-26,CUS-00910,PRD-0006,19,3060,58140
ORD-2026-046817,23-Mar-26,CUS-00525,PRD-0009,9,18390,165510
ORD-2026-046818,23-Mar-26,CUS-00669,PRD-0011,18,17170,309060
ORD-2026-046819,23-Mar-26,CUS-00223,PRD-0013,4,11970,47880
ORD-2026-046822,23-Mar-26,CUS-02144,PRD-0018,5,62570,312850
ORD-2026-046825,23-Mar-26,CUS-01875,PRD-0041,10,6830,68300
ORD-2026-046831,23-Mar-26,CUS-01412,PRD-0059,1,50810,50810
ORD-2026-046840,23-Mar-26,CUS-00901,PRD-0079,6,46870,281220
ORD-2026-046852,23-Mar-26,CUS-00353,PRD-0090,15,37690,565350
ORD-2026-046878,23-Mar-26,CUS-00678,PRD-0151,3,42840,128520
ORD-2026-046880,23-Mar-26,CUS-01971,PRD-0153,4,24220,96880
ORD-2026-046881,23-Mar-26,CUS-02287,PRD-0153,6,24220,145320
ORD-2026-046883,23-Mar-26,CUS-01809,PRD-0155,4,65880,263520
ORD-2026-046885,23-Mar-26,CUS-00212,PRD-0156,6,58570,351420
ORD-2026-046888,23-Mar-26,CUS-00525,PRD-0164,27,19920,537840
ORD-2026-046893,23-Mar-26,CUS-01214,PRD-0166,5,25650,128250
ORD-2026-046895,24-Mar-26,CUS-02329,PRD-0004,4,4490,17960
ORD-2026-046908,24-Mar-26,CUS-00782,PRD-0039,4,14770,59080
ORD-2026-046913,24-Mar-26,CUS-00253,PRD-0057,26,18040,469040
ORD-2026-046916,24-Mar-26,CUS-01816,PRD-0062,6,17890,107340
ORD-2026-046917,24-Mar-26,CUS-02097,PRD-0064,4,36350,145400
ORD-2026-046919,24-Mar-26,CUS-01081,PRD-0068,7,16320,114240
ORD-2026-046921,24-Mar-26,CUS-01668,PRD-0077,2,31120,62240
ORD-2026-046924,24-Mar-26,CUS-01099,PRD-0080,13,23900,310700
ORD-2026-046929,24-Mar-26,CUS-00229,PRD-0090,15,37690,565350
ORD-2026-046936,24-Mar-26,CUS-00333,PRD-0100,3,20780,62340
ORD-2026-046937,24-Mar-26,CUS-00347,PRD-0103,22,38480,846560
ORD-2026-046945,24-Mar-26,CUS-02257,PRD-0120,2,14740,29480
ORD-2026-046947,24-Mar-26,CUS-01616,PRD-0125,23,15380,353740
ORD-2026-046948,24-Mar-26,CUS-00708,PRD-0128,14,20590,288260
ORD-2026-046950,24-Mar-26,CUS-00237,PRD-0131,3,31140,93420
ORD-2026-046950,24-Mar-26,CUS-00237,PRD-0131,3,31140,93420
ORD-2026-046953,24-Mar-26,CUS-01674,PRD-0143,3,48640,145920
ORD-2026-046957,24-Mar-26,CUS-00045,PRD-0156,3,58570,175710
ORD-2026-046959,24-Mar-26,CUS-00573,PRD-0157,4,24810,99240
ORD-2026-046963,24-Mar-26,CUS-01636,PRD-0161,2,32640,65280
ORD-2026-046964,24-Mar-26,CUS-01480,PRD-0161,5,32640,163200
ORD-2026-046967,24-Mar-26,CUS-02037,PRD-0166,2,25650,51300
ORD-2026-046970,24-Mar-26,CUS-00394,PRD-0169,12,15310,183720
ORD-2026-046971,25-Mar-26,CUS-02401,PRD-0004,1,4490,4490
ORD-2026-046983,25-Mar-26,CUS-00850,PRD-0049,19,18190,345610
ORD-2026-046984,25-Mar-26,CUS-00821,PRD-0050,3,5420,16260
ORD-2026-046987,25-Mar-26,CUS-01762,PRD-0057,2,18040,36080
ORD-2026-046993,25-Mar-26,CUS-01951,PRD-0067,2,12380,24760
ORD-2026-046999,25-Mar-26,CUS-00445,PRD-0083,3,23690,71070
ORD-2026-047005,25-Mar-26,CUS-00835,PRD-0085,13,32580,423540
ORD-2026-047011,25-Mar-26,CUS-02071,PRD-0093,1,23080,23080
ORD-2026-047022,25-Mar-26,CUS-01527,PRD-0103,7,38480,269360
ORD-2026-047032,25-Mar-26,CUS-01574,PRD-0128,8,20590,164720
ORD-2026-047044,25-Mar-26,CUS-00253,PRD-0151,2,42840,85680
ORD-2026-047048,25-Mar-26,CUS-01550,PRD-0160,19,32940,625860
ORD-2026-047050,25-Mar-26,CUS-01272,PRD-0161,4,32640,130560
ORD-2026-047057,26-Mar-26,CUS-00299,PRD-0004,5,4490,22450
ORD-2026-047060,26-Mar-26,CUS-01626,PRD-0007,2,17070,34140
ORD-2026-047061,26-Mar-26,CUS-00674,PRD-0008,10,16360,163600
ORD-2026-047063,26-Mar-26,CUS-01231,PRD-0017,2,39680,79360
ORD-2026-047073,26-Mar-26,CUS-02154,PRD-0078,18,33720,606960
ORD-2026-047077,26-Mar-26,CUS-02354,PRD-0086,3,28180,84540
ORD-2026-047080,26-Mar-26,CUS-02027,PRD-0090,4,37690,150760
ORD-2026-047092,26-Mar-26,CUS-00682,PRD-0118,2,23110,46220
ORD-2026-047098,26-Mar-26,CUS-00981,PRD-0125,4,15380,61520
ORD-2026-047101,26-Mar-26,CUS-02402,PRD-0128,7,20590,144130
ORD-2026-047105,26-Mar-26,CUS-02479,PRD-0142,14,52030,728420
ORD-2026-047122,27-Mar-26,CUS-01712,PRD-0006,3,3060,9180
ORD-2026-047135,27-Mar-26,CUS-02122,PRD-0054,7,17260,120820
ORD-2026-047140,27-Mar-26,CUS-00568,PRD-0061,6,16320,97920
ORD-2026-047153,27-Mar-26,CUS-02264,PRD-0090,9,37690,339210
ORD-2026-047154,27-Mar-26,CUS-00950,PRD-0091,12,27010,324120
ORD-2026-047166,27-Mar-26,CUS-00465,PRD-0108,3,30750,92250
ORD-2026-047174,27-Mar-26,CUS-01478,PRD-0123,4,14410,57640
ORD-2026-047174,27-Mar-26,CUS-01478,PRD-0123,4,14410,57640
ORD-2026-047179,27-Mar-26,CUS-01824,PRD-0131,17,31140,529380
ORD-2026-047180,27-Mar-26,CUS-02239,PRD-0131,2,31140,62280
ORD-2026-047183,27-Mar-26,CUS-01395,PRD-0142,9,52030,468270
ORD-2026-047192,27-Mar-26,CUS-00172,PRD-0151,57,42840,2441880
ORD-2026-047193,27-Mar-26,CUS-01876,PRD-0151,30,42840,1285200
ORD-2026-047197,27-Mar-26,CUS-01225,PRD-0153,14,24220,339080
ORD-2026-047200,27-Mar-26,CUS-02212,PRD-0160,2,32940,65880
ORD-2026-047201,27-Mar-26,CUS-01860,PRD-0160,2,32940,65880
ORD-2026-047202,27-Mar-26,CUS-00382,PRD-0161,4,32640,130560
ORD-2026-047211,28-Mar-26,CUS-02203,PRD-0020,8,29210,233680
ORD-2026-047213,28-Mar-26,CUS-01723,PRD-0031,21,36660,769860
ORD-2026-047216,28-Mar-26,CUS-00910,PRD-0046,16,17360,277760
ORD-2026-047222,28-Mar-26,CUS-00172,PRD-0064,1,36350,36350
ORD-2026-047224,28-Mar-26,CUS-01971,PRD-0072,17,42600,724200
ORD-2026-047229,28-Mar-26,CUS-00558,PRD-0076,10,28050,280500
ORD-2026-047244,28-Mar-26,CUS-00099,PRD-0108,3,30750,92250
ORD-2026-047245,28-Mar-26,CUS-02292,PRD-0109,8,30700,245600
ORD-2026-047246,28-Mar-26,CUS-02242,PRD-0109,6,30700,184200
ORD-2026-047263,28-Mar-26,CUS-00090,PRD-0142,24,52030,1248720
ORD-2026-047264,28-Mar-26,CUS-01508,PRD-0144,11,31990,351890
ORD-2026-047265,28-Mar-26,CUS-01460,PRD-0145,4,31800,127200
ORD-2026-047275,28-Mar-26,CUS-00567,PRD-0161,4,32640,130560
ORD-2026-047278,29-Mar-26,CUS-01434,PRD-0008,11,16360,179960
ORD-2026-047283,29-Mar-26,CUS-01041,PRD-0060,4,57540,230160
ORD-2026-047285,29-Mar-26,CUS-00175,PRD-0077,4,31120,124480
ORD-2026-047290,29-Mar-26,CUS-02292,PRD-0125,17,15380,261460
ORD-2026-047293,29-Mar-26,CUS-02406,PRD-0166,7,25650,179550
ORD-2026-047300,30-Mar-26,CUS-00485,PRD-0023,26,16940,440440
ORD-2026-047314,30-Mar-26,CUS-01726,PRD-0090,10,37690,376900
ORD-2026-047315,30-Mar-26,CUS-01064,PRD-0090,15,37690,565350
ORD-2026-047318,30-Mar-26,CUS-00079,PRD-0098,8,15320,122560
ORD-2026-047323,30-Mar-26,CUS-00502,PRD-0103,7,38480,269360
ORD-2026-047324,30-Mar-26,CUS-00750,PRD-0115,19,21210,402990
ORD-2026-047327,30-Mar-26,CUS-02286,PRD-0123,6,14410,86460
ORD-2026-047332,30-Mar-26,CUS-01507,PRD-0135,21,32900,690900
ORD-2026-047337,30-Mar-26,CUS-01954,PRD-0147,7,32330,226310
ORD-2026-047339,30-Mar-26,CUS-01110,PRD-0151,1,42840,42840
ORD-2026-047340,30-Mar-26,CUS-01811,PRD-0151,9,42840,385560
ORD-2026-047341,30-Mar-26,CUS-00833,PRD-0151,4,42840,171360
ORD-2026-047342,30-Mar-26,CUS-00079,PRD-0152,8,24900,199200
ORD-2026-047348,30-Mar-26,CUS-02109,PRD-0161,13,32640,424320
ORD-2026-047349,30-Mar-26,CUS-00708,PRD-0162,19,28900,549100
ORD-2026-047358,31-Mar-26,CUS-01066,PRD-0031,9,36660,329940
ORD-2026-047362,31-Mar-26,CUS-02104,PRD-0052,10,43630,436300
ORD-2026-047372,31-Mar-26,CUS-02035,PRD-0077,7,31120,217840
ORD-2026-047374,31-Mar-26,CUS-01365,PRD-0082,8,30730,245840
ORD-2026-047376,31-Mar-26,CUS-01809,PRD-0084,8,27760,222080
ORD-2026-047377,31-Mar-26,CUS-02323,PRD-0084,12,27760,333120
ORD-2026-047388,31-Mar-26,CUS-02472,PRD-0090,6,37690,226140
ORD-2026-047396,31-Mar-26,CUS-00851,PRD-0107,2,39590,79180
ORD-2026-047401,31-Mar-26,CUS-01225,PRD-0118,9,23110,207990
ORD-2026-047408,31-Mar-26,CUS-00674,PRD-0125,4,15380,61520
ORD-2026-047420,31-Mar-26,CUS-00847,PRD-0151,12,42840,514080
ORD-2026-047421,31-Mar-26,CUS-00887,PRD-0151,17,42840,728280
ORD-2026-047426,31-Mar-26,CUS-01341,PRD-0160,13,32940,428220
ORD-2026-047432,01-Apr-26,CUS-01887,PRD-0005,27,3110,83970
ORD-2026-047434,01-Apr-26,CUS-00090,PRD-0007,3,17070,51210
ORD-2026-047441,01-Apr-26,CUS-00545,PRD-0048,18,16870,303660
ORD-2026-047441,01-Apr-26,CUS-00545,PRD-0048,18,16870,303660
ORD-2026-047447,01-Apr-26,CUS-01515,PRD-0057,5,18040,90200
ORD-2026-047451,01-Apr-26,CUS-02154,PRD-0061,16,16320,261120
ORD-2026-047458,01-Apr-26,CUS-00259,PRD-0074,2,38390,76780
ORD-2026-047459,01-Apr-26,CUS-01639,PRD-0076,9,28050,252450
ORD-2026-047472,01-Apr-26,CUS-02130,PRD-0090,1,37690,37690
ORD-2026-047473,01-Apr-26,CUS-00229,PRD-0090,4,37690,150760
ORD-2026-047475,01-Apr-26,CUS-01149,PRD-0091,6,27010,162060
ORD-2026-047478,01-Apr-26,CUS-00180,PRD-0100,3,20780,62340
ORD-2026-047483,01-Apr-26,CUS-01617,PRD-0118,5,23110,115550
ORD-2026-047496,01-Apr-26,CUS-02144,PRD-0135,9,32900,296100
ORD-2026-047497,01-Apr-26,CUS-00995,PRD-0135,4,32900,131600
ORD-2026-047502,01-Apr-26,CUS-00651,PRD-0143,1,48640,48640
ORD-2026-047504,01-Apr-26,CUS-00724,PRD-0145,14,31800,445200
ORD-2026-047510,01-Apr-26,CUS-01740,PRD-0151,4,42840,171360
ORD-2026-047513,01-Apr-26,CUS-00966,PRD-0155,7,65880,461160
ORD-2026-047522,01-Apr-26,CUS-00487,PRD-0161,5,32640,163200
ORD-2026-047523,01-Apr-26,CUS-01899,PRD-0161,9,32640,293760
ORD-2026-047524,01-Apr-26,CUS-01257,PRD-0161,22,32640,718080
ORD-2026-047526,01-Apr-26,CUS-00201,PRD-0163,19,27790,528010
ORD-2026-047527,01-Apr-26,CUS-00620,PRD-0166,6,25650,153900
ORD-2026-047530,02-Apr-26,CUS-00965,PRD-0004,6,4490,26940
ORD-2026-047531,02-Apr-26,CUS-01465,PRD-0005,7,3110,21770
ORD-2026-047538,02-Apr-26,CUS-01820,PRD-0020,11,29210,321310
ORD-2026-047540,02-Apr-26,CUS-01617,PRD-0026,6,4150,24900
ORD-2026-047541,02-Apr-26,CUS-00665,PRD-0037,11,25650,282150
ORD-2026-047542,02-Apr-26,CUS-00660,PRD-0037,6,25650,153900
ORD-2026-047549,02-Apr-26,CUS-01097,PRD-0057,8,18040,144320
ORD-2026-047550,02-Apr-26,CUS-02279,PRD-0061,4,16320,65280
ORD-2026-047552,02-Apr-26,CUS-01899,PRD-0074,6,38390,230340
ORD-2026-047553,02-Apr-26,CUS-01978,PRD-0074,5,38390,191950
ORD-2026-047557,02-Apr-26,CUS-02082,PRD-0086,5,28180,140900
ORD-2026-047564,02-Apr-26,CUS-00030,PRD-0090,3,37690,113070
ORD-2026-047565,02-Apr-26,CUS-01585,PRD-0090,9,37690,339210
ORD-2026-047568,02-Apr-26,CUS-00445,PRD-0093,8,23080,184640
ORD-2026-047571,02-Apr-26,CUS-00313,PRD-0102,3,17050,51150
ORD-2026-047572,02-Apr-26,CUS-01780,PRD-0109,1,30700,30700
ORD-2026-047578,02-Apr-26,CUS-01674,PRD-0128,34,20590,700060
ORD-2026-047582,02-Apr-26,CUS-01703,PRD-0138,23,27020,621460
ORD-2026-047592,02-Apr-26,CUS-02243,PRD-0151,14,42840,599760
ORD-2026-047596,02-Apr-26,CUS-01915,PRD-0161,8,32640,261120
ORD-2026-047598,02-Apr-26,CUS-00090,PRD-0165,4,23380,93520
ORD-2026-047606,03-Apr-26,CUS-02239,PRD-0024,21,9800,205800
ORD-2026-047607,03-Apr-26,CUS-02222,PRD-0025,3,5090,15270
ORD-2026-047622,03-Apr-26,CUS-00327,PRD-0084,8,27760,222080
ORD-2026-047623,03-Apr-26,CUS-00066,PRD-0086,7,28180,197260
ORD-2026-047625,03-Apr-26,CUS-01558,PRD-0090,5,37690,188450
ORD-2026-047626,03-Apr-26,CUS-01603,PRD-0090,4,37690,150760
ORD-2026-047630,03-Apr-26,CUS-00259,PRD-0091,2,27010,54020
ORD-2026-047634,03-Apr-26,CUS-01648,PRD-0100,2,20780,41560
ORD-2026-047635,03-Apr-26,CUS-00672,PRD-0102,14,17050,238700
ORD-2026-047642,03-Apr-26,CUS-01603,PRD-0109,7,30700,214900
ORD-2026-047643,03-Apr-26,CUS-01960,PRD-0109,12,30700,368400
ORD-2026-047656,03-Apr-26,CUS-02135,PRD-0125,1,15380,15380
ORD-2026-047657,03-Apr-26,CUS-01781,PRD-0128,14,20590,288260
ORD-2026-047670,03-Apr-26,CUS-00512,PRD-0151,10,42840,428400
ORD-2026-047671,03-Apr-26,CUS-00846,PRD-0151,5,42840,214200
ORD-2026-047675,03-Apr-26,CUS-00541,PRD-0153,6,24220,145320
ORD-2026-047677,03-Apr-26,CUS-00444,PRD-0156,21,58570,1229970
ORD-2026-047680,03-Apr-26,CUS-02292,PRD-0161,23,32640,750720
ORD-2026-047681,03-Apr-26,CUS-00620,PRD-0161,3,32640,97920
ORD-2026-047683,04-Apr-26,CUS-02054,PRD-0011,8,17170,137360
ORD-2026-047687,04-Apr-26,CUS-00156,PRD-0026,27,4150,112050
ORD-2026-047698,04-Apr-26,CUS-01106,PRD-0051,6,43070,258420
ORD-2026-047699,04-Apr-26,CUS-01585,PRD-0053,7,38950,272650
ORD-2026-047703,04-Apr-26,CUS-01124,PRD-0065,3,34000,102000
ORD-2026-047707,04-Apr-26,CUS-00308,PRD-0082,17,30730,522410
ORD-2026-047716,04-Apr-26,CUS-01004,PRD-0090,16,37690,603040
ORD-2026-047724,04-Apr-26,CUS-01242,PRD-0098,6,15320,91920
ORD-2026-047726,04-Apr-26,CUS-00441,PRD-0100,11,20780,228580
ORD-2026-047731,04-Apr-26,CUS-00100,PRD-0111,3,12240,36720
ORD-2026-047735,04-Apr-26,CUS-00043,PRD-0121,17,26430,449310
ORD-2026-047737,04-Apr-26,CUS-02122,PRD-0122,12,19140,229680
ORD-2026-047742,04-Apr-26,CUS-00318,PRD-0131,7,31140,217980
ORD-2026-047753,04-Apr-26,CUS-02404,PRD-0165,7,23380,163660
ORD-2026-047762,05-Apr-26,CUS-00275,PRD-0061,13,16320,212160
ORD-2026-047763,05-Apr-26,CUS-00632,PRD-0070,5,19240,96200
ORD-2026-047784,05-Apr-26,CUS-00353,PRD-0169,9,15310,137790
ORD-2026-047787,06-Apr-26,CUS-02394,PRD-0004,3,4490,13470
ORD-2026-047807,06-Apr-26,CUS-02404,PRD-0072,13,42600,553800
ORD-2026-047816,06-Apr-26,CUS-02088,PRD-0083,4,23690,94760
ORD-2026-047817,06-Apr-26,CUS-01085,PRD-0084,16,27760,444160
ORD-2026-047818,06-Apr-26,CUS-00051,PRD-0085,5,32580,162900
ORD-2026-047829,06-Apr-26,CUS-00255,PRD-0091,4,27010,108040
ORD-2026-047833,06-Apr-26,CUS-02439,PRD-0098,26,15320,398320
ORD-2026-047835,06-Apr-26,CUS-01951,PRD-0105,2,41060,82120
ORD-2026-047841,06-Apr-26,CUS-00212,PRD-0123,6,14410,86460
ORD-2026-047849,06-Apr-26,CUS-02026,PRD-0150,3,47850,143550
ORD-2026-047855,06-Apr-26,CUS-02471,PRD-0151,15,42840,642600
ORD-2026-047856,06-Apr-26,CUS-00567,PRD-0151,9,42840,385560
ORD-2026-047860,06-Apr-26,CUS-01639,PRD-0155,2,65880,131760
ORD-2026-047865,06-Apr-26,CUS-01636,PRD-0160,6,32940,197640
ORD-2026-047873,07-Apr-26,CUS-02442,PRD-0007,5,17070,85350
ORD-2026-047874,07-Apr-26,CUS-01683,PRD-0007,4,17070,68280
ORD-2026-047879,07-Apr-26,CUS-01677,PRD-0018,16,62570,1001120
ORD-2026-047882,07-Apr-26,CUS-00253,PRD-0020,7,29210,204470
ORD-2026-047883,07-Apr-26,CUS-02471,PRD-0024,3,9800,29400
ORD-2026-047891,07-Apr-26,CUS-00331,PRD-0046,11,17360,190960
ORD-2026-047893,07-Apr-26,CUS-01155,PRD-0049,16,18190,291040
ORD-2026-047899,07-Apr-26,CUS-01413,PRD-0059,6,50810,304860
ORD-2026-047901,07-Apr-26,CUS-02419,PRD-0065,8,34000,272000
ORD-2026-047908,07-Apr-26,CUS-01373,PRD-0077,4,31120,124480
ORD-2026-047909,07-Apr-26,CUS-01384,PRD-0077,7,31120,217840
ORD-2026-047910,07-Apr-26,CUS-01647,PRD-0078,9,33720,303480
ORD-2026-047918,07-Apr-26,CUS-00568,PRD-0085,2,32580,65160
ORD-2026-047925,07-Apr-26,CUS-00248,PRD-0090,4,37690,150760
ORD-2026-047926,07-Apr-26,CUS-00618,PRD-0090,6,37690,226140
ORD-2026-047927,07-Apr-26,CUS-02426,PRD-0090,20,37690,753800
ORD-2026-047928,07-Apr-26,CUS-00751,PRD-0090,8,37690,301520
ORD-2026-047931,07-Apr-26,CUS-01340,PRD-0098,4,15320,61280
ORD-2026-047943,07-Apr-26,CUS-01515,PRD-0125,22,15380,338360
ORD-2026-047961,07-Apr-26,CUS-00667,PRD-0151,9,42840,385560
ORD-2026-047962,07-Apr-26,CUS-00090,PRD-0153,13,24220,314860
ORD-2026-047965,07-Apr-26,CUS-02464,PRD-0160,20,32940,658800
ORD-2026-047969,08-Apr-26,CUS-02282,PRD-0004,13,4490,58370
ORD-2026-047979,08-Apr-26,CUS-00827,PRD-0037,10,25650,256500
ORD-2026-047989,08-Apr-26,CUS-00180,PRD-0070,6,19240,115440
ORD-2026-047997,08-Apr-26,CUS-00436,PRD-0078,3,33720,101160
ORD-2026-047999,08-Apr-26,CUS-00901,PRD-0080,9,23900,215100
ORD-2026-048000,08-Apr-26,CUS-01357,PRD-0082,12,30730,368760
ORD-2026-048001,08-Apr-26,CUS-01341,PRD-0082,5,30730,153650
ORD-2026-048014,08-Apr-26,CUS-00090,PRD-0109,7,30700,214900
ORD-2026-048019,08-Apr-26,CUS-01966,PRD-0121,9,26430,237870
ORD-2026-048020,08-Apr-26,CUS-01809,PRD-0123,4,14410,57640
ORD-2026-048026,08-Apr-26,CUS-02329,PRD-0125,13,15380,199940
ORD-2026-048029,08-Apr-26,CUS-01223,PRD-0131,5,31140,155700
ORD-2026-048034,08-Apr-26,CUS-00381,PRD-0142,9,52030,468270
ORD-2026-048035,08-Apr-26,CUS-00808,PRD-0149,5,45880,229400
ORD-2026-048042,08-Apr-26,CUS-01714,PRD-0155,11,65880,724680
ORD-2026-048043,08-Apr-26,CUS-01138,PRD-0161,1,32640,32640
ORD-2026-048051,09-Apr-26,CUS-01537,PRD-0008,13,16360,212680
ORD-2026-048054,09-Apr-26,CUS-00038,PRD-0016,14,42680,597520
ORD-2026-048060,09-Apr-26,CUS-02329,PRD-0037,11,25650,282150
ORD-2026-048061,09-Apr-26,CUS-01259,PRD-0040,8,14100,112800
ORD-2026-048065,09-Apr-26,CUS-01254,PRD-0061,9,16320,146880
ORD-2026-048068,09-Apr-26,CUS-01125,PRD-0064,7,36350,254450
ORD-2026-048070,09-Apr-26,CUS-00799,PRD-0069,5,17210,86050
ORD-2026-048075,09-Apr-26,CUS-00986,PRD-0077,8,31120,248960
ORD-2026-048080,09-Apr-26,CUS-00525,PRD-0083,16,23690,379040
ORD-2026-048083,09-Apr-26,CUS-02144,PRD-0086,39,28180,1099020
ORD-2026-048085,09-Apr-26,CUS-02225,PRD-0088,3,15290,45870
ORD-2026-048092,09-Apr-26,CUS-02359,PRD-0093,6,23080,138480
ORD-2026-048093,09-Apr-26,CUS-02205,PRD-0098,15,15320,229800
ORD-2026-048101,09-Apr-26,CUS-00223,PRD-0121,7,26430,185010
ORD-2026-048102,09-Apr-26,CUS-02427,PRD-0121,14,26430,370020
ORD-2026-048106,09-Apr-26,CUS-01894,PRD-0125,9,15380,138420
ORD-2026-048120,09-Apr-26,CUS-00545,PRD-0151,8,42840,342720
ORD-2026-048122,09-Apr-26,CUS-02201,PRD-0156,2,58570,117140
ORD-2026-048130,10-Apr-26,CUS-00986,PRD-0010,12,16050,192600
ORD-2026-048135,10-Apr-26,CUS-00525,PRD-0018,5,62570,312850
ORD-2026-048138,10-Apr-26,CUS-00793,PRD-0029,2,11070,22140
ORD-2026-048146,10-Apr-26,CUS-01794,PRD-0051,10,43070,430700
ORD-2026-048152,10-Apr-26,CUS-00595,PRD-0058,2,17980,35960
ORD-2026-048157,10-Apr-26,CUS-01384,PRD-0065,9,34000,306000
ORD-2026-048158,10-Apr-26,CUS-01349,PRD-0065,10,34000,340000
ORD-2026-048166,10-Apr-26,CUS-01368,PRD-0086,5,28180,140900
ORD-2026-048178,10-Apr-26,CUS-00416,PRD-0112,4,15500,62000
ORD-2026-048192,10-Apr-26,CUS-00850,PRD-0135,16,32900,526400
ORD-2026-048194,10-Apr-26,CUS-00276,PRD-0138,5,27020,135100
ORD-2026-048199,10-Apr-26,CUS-00850,PRD-0151,4,42840,171360
ORD-2026-048203,10-Apr-26,CUS-00603,PRD-0156,11,58570,644270
ORD-2026-048213,11-Apr-26,CUS-00927,PRD-0016,17,42680,725560
ORD-2026-048217,11-Apr-26,CUS-02082,PRD-0031,3,36660,109980
ORD-2026-048221,11-Apr-26,CUS-00100,PRD-0043,14,17760,248640
ORD-2026-048231,11-Apr-26,CUS-00512,PRD-0077,3,31120,93360
ORD-2026-048247,11-Apr-26,CUS-01971,PRD-0118,5,23110,115550
ORD-2026-048250,11-Apr-26,CUS-00592,PRD-0121,4,26430,105720
ORD-2026-048257,11-Apr-26,CUS-01150,PRD-0156,3,58570,175710
ORD-2026-048263,12-Apr-26,CUS-00225,PRD-0024,4,9800,39200
ORD-2026-048283,12-Apr-26,CUS-02246,PRD-0151,7,42840,299880
ORD-2026-048285,12-Apr-26,CUS-01899,PRD-0163,6,27790,166740
ORD-2026-048289,13-Apr-26,CUS-00201,PRD-0007,10,17070,170700
ORD-2026-048293,13-Apr-26,CUS-02486,PRD-0019,11,31240,343640
ORD-2026-048303,13-Apr-26,CUS-02094,PRD-0051,5,43070,215350
ORD-2026-048310,13-Apr-26,CUS-01674,PRD-0064,3,36350,109050
ORD-2026-048311,13-Apr-26,CUS-00165,PRD-0068,15,16320,244800
ORD-2026-048319,13-Apr-26,CUS-01964,PRD-0077,8,31120,248960
ORD-2026-048339,13-Apr-26,CUS-02428,PRD-0090,5,37690,188450
ORD-2026-048344,13-Apr-26,CUS-01585,PRD-0093,8,23080,184640
ORD-2026-048353,13-Apr-26,CUS-00545,PRD-0113,3,10420,31260
ORD-2026-048356,13-Apr-26,CUS-02439,PRD-0120,22,14740,324280
ORD-2026-048358,13-Apr-26,CUS-00858,PRD-0121,8,26430,211440
ORD-2026-048363,13-Apr-26,CUS-00692,PRD-0136,13,54950,714350
ORD-2026-048372,13-Apr-26,CUS-01794,PRD-0150,3,47850,143550
ORD-2026-048375,13-Apr-26,CUS-02281,PRD-0151,3,42840,128520
ORD-2026-048381,13-Apr-26,CUS-01185,PRD-0157,7,24810,173670
ORD-2026-048384,13-Apr-26,CUS-02472,PRD-0165,10,23380,233800
ORD-2026-048392,14-Apr-26,CUS-01278,PRD-0018,15,62570,938550
ORD-2026-048393,14-Apr-26,CUS-01812,PRD-0023,1,16940,16940
ORD-2026-048409,14-Apr-26,CUS-01609,PRD-0067,5,12380,61900
ORD-2026-048418,14-Apr-26,CUS-01794,PRD-0083,19,23690,450110
ORD-2026-048424,14-Apr-26,CUS-00957,PRD-0090,13,37690,489970
ORD-2026-048425,14-Apr-26,CUS-02325,PRD-0090,11,37690,414590
ORD-2026-048427,14-Apr-26,CUS-00651,PRD-0096,11,23060,253660
ORD-2026-048435,14-Apr-26,CUS-00957,PRD-0120,14,14740,206360
ORD-2026-048445,14-Apr-26,CUS-00647,PRD-0151,10,42840,428400
ORD-2026-048446,14-Apr-26,CUS-00226,PRD-0151,12,42840,514080
ORD-2026-048449,14-Apr-26,CUS-00818,PRD-0156,5,58570,292850
ORD-2026-048450,14-Apr-26,CUS-02158,PRD-0156,1,58570,58570
ORD-2026-048451,14-Apr-26,CUS-00274,PRD-0158,3,33720,101160
ORD-2026-048465,15-Apr-26,CUS-01766,PRD-0025,7,5090,35630
ORD-2026-048467,15-Apr-26,CUS-02084,PRD-0033,17,11040,187680
ORD-2026-048472,15-Apr-26,CUS-00454,PRD-0048,6,16870,101220
ORD-2026-048485,15-Apr-26,CUS-01983,PRD-0086,10,28180,281800
ORD-2026-048490,15-Apr-26,CUS-00525,PRD-0090,6,37690,226140
ORD-2026-048497,15-Apr-26,CUS-00464,PRD-0111,5,12240,61200
ORD-2026-048502,15-Apr-26,CUS-01616,PRD-0121,5,26430,132150
ORD-2026-048527,15-Apr-26,CUS-01209,PRD-0160,11,32940,362340
ORD-2026-048529,15-Apr-26,CUS-02426,PRD-0161,8,32640,261120
ORD-2026-048536,16-Apr-26,CUS-02249,PRD-0005,4,3110,12440
ORD-2026-048538,16-Apr-26,CUS-02184,PRD-0011,22,17170,377740
ORD-2026-048541,16-Apr-26,CUS-00573,PRD-0029,8,11070,88560
ORD-2026-048543,16-Apr-26,CUS-00255,PRD-0036,3,20500,61500
ORD-2026-048544,16-Apr-26,CUS-01853,PRD-0040,2,14100,28200
ORD-2026-048551,16-Apr-26,CUS-01489,PRD-0062,7,17890,125230
ORD-2026-048557,16-Apr-26,CUS-01085,PRD-0076,10,28050,280500
ORD-2026-048568,16-Apr-26,CUS-00544,PRD-0090,3,37690,113070
ORD-2026-048569,16-Apr-26,CUS-00821,PRD-0090,35,37690,1319150
ORD-2026-048580,16-Apr-26,CUS-02456,PRD-0100,7,20780,145460
ORD-2026-048581,16-Apr-26,CUS-01914,PRD-0100,17,20780,353260
ORD-2026-048584,16-Apr-26,CUS-01231,PRD-0108,13,30750,399750
ORD-2026-048596,16-Apr-26,CUS-02246,PRD-0136,3,54950,164850
ORD-2026-048599,16-Apr-26,CUS-00438,PRD-0139,6,33360,200160
ORD-2026-048602,16-Apr-26,CUS-01780,PRD-0151,2,42840,85680
ORD-2026-048603,16-Apr-26,CUS-00632,PRD-0151,1,42840,42840
ORD-2026-048605,16-Apr-26,CUS-00034,PRD-0156,5,58570,292850
ORD-2026-048613,16-Apr-26,CUS-00219,PRD-0163,4,27790,111160
ORD-2026-048619,17-Apr-26,CUS-01305,PRD-0008,7,16360,114520
ORD-2026-048621,17-Apr-26,CUS-02193,PRD-0011,8,17170,137360
ORD-2026-048623,17-Apr-26,CUS-00233,PRD-0025,1,5090,5090
ORD-2026-048630,17-Apr-26,CUS-00657,PRD-0039,31,14770,457870
ORD-2026-048641,17-Apr-26,CUS-01152,PRD-0076,7,28050,196350
ORD-2026-048642,17-Apr-26,CUS-01166,PRD-0076,3,28050,84150
ORD-2026-048652,17-Apr-26,CUS-02314,PRD-0086,8,28180,225440
ORD-2026-048661,17-Apr-26,CUS-01790,PRD-0094,11,22360,245960
ORD-2026-048665,17-Apr-26,CUS-00276,PRD-0098,11,15320,168520
ORD-2026-048668,17-Apr-26,CUS-02411,PRD-0104,17,17130,291210
ORD-2026-048673,17-Apr-26,CUS-02405,PRD-0115,8,21210,169680
ORD-2026-048674,17-Apr-26,CUS-01815,PRD-0115,8,21210,169680
ORD-2026-048678,17-Apr-26,CUS-02405,PRD-0123,6,14410,86460
ORD-2026-048683,17-Apr-26,CUS-00104,PRD-0125,1,15380,15380
ORD-2026-048695,17-Apr-26,CUS-00253,PRD-0151,7,42840,299880
ORD-2026-048712,18-Apr-26,CUS-00679,PRD-0020,6,29210,175260
ORD-2026-048713,18-Apr-26,CUS-01860,PRD-0026,7,4150,29050
ORD-2026-048716,18-Apr-26,CUS-01187,PRD-0031,25,36660,916500
ORD-2026-048732,18-Apr-26,CUS-01189,PRD-0086,3,28180,84540
ORD-2026-048734,18-Apr-26,CUS-00328,PRD-0090,3,37690,113070
ORD-2026-048735,18-Apr-26,CUS-00382,PRD-0090,17,37690,640730
ORD-2026-048743,18-Apr-26,CUS-00959,PRD-0118,5,23110,115550
ORD-2026-048745,18-Apr-26,CUS-00583,PRD-0121,7,26430,185010
ORD-2026-048746,18-Apr-26,CUS-01487,PRD-0121,3,26430,79290
ORD-2026-048748,18-Apr-26,CUS-00705,PRD-0126,4,29270,117080
ORD-2026-048760,18-Apr-26,CUS-00987,PRD-0166,3,25650,76950
ORD-2026-048768,19-Apr-26,CUS-00104,PRD-0067,6,12380,74280
ORD-2026-048771,19-Apr-26,CUS-00724,PRD-0090,6,37690,226140
ORD-2026-048773,19-Apr-26,CUS-01449,PRD-0098,2,15320,30640
ORD-2026-048779,19-Apr-26,CUS-01349,PRD-0154,3,42470,127410
ORD-2026-048780,19-Apr-26,CUS-01816,PRD-0157,8,24810,198480
ORD-2026-048781,19-Apr-26,CUS-00454,PRD-0160,26,32940,856440
ORD-2026-048786,20-Apr-26,CUS-01522,PRD-0004,11,4490,49390
ORD-2026-048789,20-Apr-26,CUS-00370,PRD-0017,5,39680,198400
ORD-2026-048790,20-Apr-26,CUS-01740,PRD-0018,12,62570,750840
ORD-2026-048793,20-Apr-26,CUS-00144,PRD-0031,10,36660,366600
ORD-2026-048794,20-Apr-26,CUS-00812,PRD-0031,3,36660,109980
ORD-2026-048796,20-Apr-26,CUS-00316,PRD-0041,5,6830,34150
ORD-2026-048797,20-Apr-26,CUS-02409,PRD-0049,3,18190,54570
ORD-2026-048802,20-Apr-26,CUS-02292,PRD-0057,9,18040,162360
ORD-2026-048805,20-Apr-26,CUS-01960,PRD-0062,9,17890,161010
ORD-2026-048808,20-Apr-26,CUS-00451,PRD-0064,6,36350,218100
ORD-2026-048811,20-Apr-26,CUS-01626,PRD-0068,9,16320,146880
ORD-2026-048821,20-Apr-26,CUS-01660,PRD-0086,14,28180,394520
ORD-2026-048828,20-Apr-26,CUS-00683,PRD-0090,23,37690,866870
ORD-2026-048829,20-Apr-26,CUS-00438,PRD-0090,2,37690,75380
ORD-2026-048834,20-Apr-26,CUS-00328,PRD-0100,11,20780,228580
ORD-2026-048835,20-Apr-26,CUS-00647,PRD-0100,3,20780,62340
ORD-2026-048836,20-Apr-26,CUS-01683,PRD-0100,12,20780,249360
ORD-2026-048837,20-Apr-26,CUS-00057,PRD-0100,6,20780,124680
ORD-2026-048843,20-Apr-26,CUS-00233,PRD-0125,11,15380,169180
ORD-2026-048850,20-Apr-26,CUS-01585,PRD-0135,2,32900,65800
ORD-2026-048851,20-Apr-26,CUS-02394,PRD-0135,1,32900,32900
ORD-2026-048863,20-Apr-26,CUS-02022,PRD-0154,12,42470,509640
ORD-2026-048867,20-Apr-26,CUS-00986,PRD-0158,1,33720,33720
ORD-2026-048870,20-Apr-26,CUS-01066,PRD-0160,10,32940,329400
ORD-2026-048872,20-Apr-26,CUS-01264,PRD-0161,5,32640,163200
ORD-2026-048873,20-Apr-26,CUS-00660,PRD-0161,12,32640,391680
ORD-2026-048875,20-Apr-26,CUS-02184,PRD-0162,8,28900,231200
ORD-2026-048882,21-Apr-26,CUS-00923,PRD-0004,3,4490,13470
ORD-2026-048886,21-Apr-26,CUS-00865,PRD-0020,3,29210,87630
ORD-2026-048887,21-Apr-26,CUS-00816,PRD-0021,15,19390,290850
ORD-2026-048888,21-Apr-26,CUS-00944,PRD-0031,3,36660,109980
ORD-2026-048890,21-Apr-26,CUS-00015,PRD-0034,17,15350,260950
ORD-2026-048900,21-Apr-26,CUS-02380,PRD-0055,10,16990,169900
ORD-2026-048905,21-Apr-26,CUS-01605,PRD-0071,16,17380,278080
ORD-2026-048909,21-Apr-26,CUS-01502,PRD-0082,18,30730,553140
ORD-2026-048913,21-Apr-26,CUS-01917,PRD-0084,5,27760,138800
ORD-2026-048920,21-Apr-26,CUS-02243,PRD-0090,2,37690,75380
ORD-2026-048921,21-Apr-26,CUS-00171,PRD-0090,11,37690,414590
ORD-2026-048930,21-Apr-26,CUS-01794,PRD-0115,19,21210,402990
ORD-2026-048936,21-Apr-26,CUS-01480,PRD-0139,11,33360,366960
ORD-2026-048938,21-Apr-26,CUS-00499,PRD-0142,11,52030,572330
ORD-2026-048946,21-Apr-26,CUS-01062,PRD-0151,12,42840,514080
ORD-2026-048947,21-Apr-26,CUS-00162,PRD-0151,6,42840,257040
ORD-2026-048948,21-Apr-26,CUS-02164,PRD-0151,9,42840,385560
ORD-2026-048953,21-Apr-26,CUS-01236,PRD-0161,9,32640,293760
ORD-2026-048960,22-Apr-26,CUS-02253,PRD-0014,2,13790,27580
ORD-2026-048965,22-Apr-26,CUS-00219,PRD-0019,3,31240,93720
ORD-2026-048969,22-Apr-26,CUS-02441,PRD-0031,13,36660,476580
ORD-2026-048972,22-Apr-26,CUS-00910,PRD-0040,1,14100,14100
ORD-2026-048974,22-Apr-26,CUS-01309,PRD-0052,5,43630,218150
ORD-2026-048976,22-Apr-26,CUS-02279,PRD-0055,3,16990,50970
ORD-2026-048977,22-Apr-26,CUS-00942,PRD-0055,16,16990,271840
ORD-2026-048978,22-Apr-26,CUS-01384,PRD-0056,6,25020,150120
ORD-2026-048980,22-Apr-26,CUS-02359,PRD-0057,7,18040,126280
ORD-2026-048985,22-Apr-26,CUS-01638,PRD-0068,5,16320,81600
ORD-2026-049000,22-Apr-26,CUS-00727,PRD-0090,5,37690,188450
ORD-2026-049001,22-Apr-26,CUS-02035,PRD-0090,21,37690,791490
ORD-2026-049002,22-Apr-26,CUS-02215,PRD-0090,5,37690,188450
ORD-2026-049007,22-Apr-26,CUS-01044,PRD-0095,1,20290,20290
ORD-2026-049010,22-Apr-26,CUS-00438,PRD-0108,7,30750,215250
ORD-2026-049021,22-Apr-26,CUS-02085,PRD-0124,11,8790,96690
ORD-2026-049022,22-Apr-26,CUS-02253,PRD-0126,6,29270,175620
ORD-2026-049039,22-Apr-26,CUS-01081,PRD-0153,8,24220,193760
ORD-2026-049040,22-Apr-26,CUS-00614,PRD-0156,5,58570,292850
ORD-2026-049042,22-Apr-26,CUS-02321,PRD-0161,12,32640,391680
ORD-2026-049046,23-Apr-26,CUS-00890,PRD-0004,12,4490,53880
ORD-2026-049055,23-Apr-26,CUS-00057,PRD-0019,11,31240,343640
ORD-2026-049057,23-Apr-26,CUS-02037,PRD-0023,23,16940,389620
ORD-2026-049060,23-Apr-26,CUS-01486,PRD-0041,2,6830,13660
ORD-2026-049062,23-Apr-26,CUS-01790,PRD-0049,6,18190,109140
ORD-2026-049070,23-Apr-26,CUS-00464,PRD-0073,6,37930,227580
ORD-2026-049081,23-Apr-26,CUS-01986,PRD-0090,3,37690,113070
ORD-2026-049094,23-Apr-26,CUS-02189,PRD-0112,5,15500,77500
ORD-2026-049098,23-Apr-26,CUS-00901,PRD-0125,7,15380,107660
ORD-2026-049099,23-Apr-26,CUS-01257,PRD-0125,3,15380,46140
ORD-2026-049101,23-Apr-26,CUS-00441,PRD-0126,3,29270,87810
ORD-2026-049104,23-Apr-26,CUS-00761,PRD-0135,7,32900,230300
ORD-2026-049108,23-Apr-26,CUS-01150,PRD-0142,10,52030,520300
ORD-2026-049109,23-Apr-26,CUS-01081,PRD-0143,5,48640,243200
ORD-2026-049113,23-Apr-26,CUS-02134,PRD-0151,2,42840,85680
ORD-2026-049114,23-Apr-26,CUS-00353,PRD-0151,3,42840,128520
ORD-2026-049123,23-Apr-26,CUS-01550,PRD-0161,27,32640,881280
ORD-2026-049129,24-Apr-26,CUS-01279,PRD-0004,1,4490,4490
ORD-2026-049130,24-Apr-26,CUS-00612,PRD-0007,1,17070,17070
ORD-2026-049136,24-Apr-26,CUS-01038,PRD-0019,10,31240,312400
ORD-2026-049142,24-Apr-26,CUS-01126,PRD-0033,7,11040,77280
ORD-2026-049143,24-Apr-26,CUS-01608,PRD-0033,7,11040,77280
ORD-2026-049145,24-Apr-26,CUS-00808,PRD-0039,3,14770,44310
ORD-2026-049146,24-Apr-26,CUS-00651,PRD-0041,10,6830,68300
ORD-2026-049150,24-Apr-26,CUS-00806,PRD-0055,5,16990,84950
ORD-2026-049157,24-Apr-26,CUS-02275,PRD-0068,4,16320,65280
ORD-2026-049163,24-Apr-26,CUS-01820,PRD-0086,18,28180,507240
ORD-2026-049170,24-Apr-26,CUS-01911,PRD-0090,10,37690,376900
ORD-2026-049171,24-Apr-26,CUS-01259,PRD-0090,6,37690,226140
ORD-2026-049182,24-Apr-26,CUS-01652,PRD-0103,3,38480,115440
ORD-2026-049198,24-Apr-26,CUS-01219,PRD-0130,7,13600,95200
ORD-2026-049215,24-Apr-26,CUS-00499,PRD-0166,4,25650,102600
ORD-2026-049217,25-Apr-26,CUS-01384,PRD-0002,6,5180,31080
ORD-2026-049219,25-Apr-26,CUS-00237,PRD-0004,4,4490,17960
ORD-2026-049226,25-Apr-26,CUS-01887,PRD-0016,19,42680,810920
ORD-2026-049231,25-Apr-26,CUS-00184,PRD-0029,4,11070,44280
ORD-2026-049240,25-Apr-26,CUS-00417,PRD-0074,13,38390,499070
ORD-2026-049242,25-Apr-26,CUS-00300,PRD-0079,23,46870,1078010
ORD-2026-049251,25-Apr-26,CUS-02088,PRD-0090,7,37690,263830
ORD-2026-049265,25-Apr-26,CUS-00454,PRD-0131,6,31140,186840
ORD-2026-049268,25-Apr-26,CUS-00074,PRD-0140,6,27740,166440
ORD-2026-049269,25-Apr-26,CUS-02497,PRD-0148,7,27270,190890
ORD-2026-049272,25-Apr-26,CUS-00944,PRD-0151,3,42840,128520
ORD-2026-049282,26-Apr-26,CUS-00922,PRD-0004,5,4490,22450
ORD-2026-049283,26-Apr-26,CUS-00827,PRD-0005,6,3110,18660
ORD-2026-049294,26-Apr-26,CUS-00008,PRD-0090,7,37690,263830
ORD-2026-049302,26-Apr-26,CUS-00850,PRD-0160,7,32940,230580
ORD-2026-049306,27-Apr-26,CUS-00499,PRD-0004,6,4490,26940
ORD-2026-049307,27-Apr-26,CUS-02085,PRD-0005,5,3110,15550
ORD-2026-049317,27-Apr-26,CUS-00973,PRD-0042,7,26200,183400
ORD-2026-049324,27-Apr-26,CUS-01231,PRD-0057,11,18040,198440
ORD-2026-049326,27-Apr-26,CUS-01038,PRD-0061,2,16320,32640
ORD-2026-049327,27-Apr-26,CUS-01270,PRD-0061,6,16320,97920
ORD-2026-049330,27-Apr-26,CUS-01522,PRD-0065,17,34000,578000
ORD-2026-049332,27-Apr-26,CUS-01648,PRD-0068,23,16320,375360
ORD-2026-049336,27-Apr-26,CUS-02193,PRD-0077,16,31120,497920
ORD-2026-049354,27-Apr-26,CUS-02001,PRD-0090,3,37690,113070
ORD-2026-049363,27-Apr-26,CUS-01324,PRD-0102,22,17050,375100
ORD-2026-049365,27-Apr-26,CUS-00013,PRD-0107,7,39590,277130
ORD-2026-049366,27-Apr-26,CUS-02146,PRD-0107,2,39590,79180
ORD-2026-049367,27-Apr-26,CUS-00990,PRD-0108,5,30750,153750
ORD-2026-049375,27-Apr-26,CUS-00962,PRD-0121,32,26430,845760
ORD-2026-049377,27-Apr-26,CUS-02183,PRD-0122,2,19140,38280
ORD-2026-049388,27-Apr-26,CUS-02380,PRD-0141,10,38600,386000
ORD-2026-049389,27-Apr-26,CUS-00038,PRD-0142,17,52030,884510
ORD-2026-049394,27-Apr-26,CUS-00612,PRD-0151,18,42840,771120
ORD-2026-049395,27-Apr-26,CUS-02215,PRD-0151,14,42840,599760
ORD-2026-049398,27-Apr-26,CUS-00482,PRD-0153,8,24220,193760
ORD-2026-049399,27-Apr-26,CUS-00445,PRD-0155,6,65880,395280
ORD-2026-049403,27-Apr-26,CUS-00296,PRD-0157,10,24810,248100
ORD-2026-049406,27-Apr-26,CUS-00701,PRD-0160,15,32940,494100
ORD-2026-049407,27-Apr-26,CUS-00237,PRD-0160,19,32940,625860
ORD-2026-049409,27-Apr-26,CUS-02486,PRD-0161,6,32640,195840
ORD-2026-049410,27-Apr-26,CUS-00568,PRD-0169,2,15310,30620
ORD-2026-049413,28-Apr-26,CUS-01225,PRD-0028,2,4910,9820
ORD-2026-049420,28-Apr-26,CUS-01052,PRD-0051,3,43070,129210
ORD-2026-049423,28-Apr-26,CUS-02449,PRD-0059,7,50810,355670
ORD-2026-049432,28-Apr-26,CUS-02260,PRD-0086,5,28180,140900
ORD-2026-049438,28-Apr-26,CUS-01187,PRD-0090,8,37690,301520
ORD-2026-049439,28-Apr-26,CUS-01762,PRD-0090,14,37690,527660
ORD-2026-049448,28-Apr-26,CUS-01099,PRD-0113,23,10420,239660
ORD-2026-049450,28-Apr-26,CUS-00877,PRD-0118,6,23110,138660
ORD-2026-049456,28-Apr-26,CUS-01478,PRD-0125,30,15380,461400
ORD-2026-049457,28-Apr-26,CUS-00233,PRD-0125,4,15380,61520
ORD-2026-049461,28-Apr-26,CUS-01936,PRD-0147,6,32330,193980
ORD-2026-049465,28-Apr-26,CUS-01125,PRD-0156,8,58570,468560
ORD-2026-049472,28-Apr-26,CUS-01478,PRD-0164,2,19920,39840
ORD-2026-049473,28-Apr-26,CUS-01964,PRD-0165,5,23380,116900
ORD-2026-049474,28-Apr-26,CUS-00544,PRD-0166,4,25650,102600
ORD-2026-049478,29-Apr-26,CUS-01152,PRD-0004,3,4490,13470
ORD-2026-049483,29-Apr-26,CUS-01744,PRD-0031,8,36660,293280
ORD-2026-049486,29-Apr-26,CUS-01102,PRD-0039,16,14770,236320
ORD-2026-049493,29-Apr-26,CUS-01558,PRD-0060,5,57540,287700
ORD-2026-049503,29-Apr-26,CUS-00149,PRD-0084,11,27760,305360
ORD-2026-049508,29-Apr-26,CUS-01694,PRD-0090,3,37690,113070
ORD-2026-049516,29-Apr-26,CUS-00233,PRD-0102,11,17050,187550
ORD-2026-049521,29-Apr-26,CUS-00007,PRD-0109,5,30700,153500
ORD-2026-049525,29-Apr-26,CUS-00821,PRD-0118,6,23110,138660
ORD-2026-049526,29-Apr-26,CUS-02146,PRD-0118,8,23110,184880
ORD-2026-049527,29-Apr-26,CUS-00034,PRD-0118,5,23110,115550
ORD-2026-049532,29-Apr-26,CUS-00816,PRD-0122,9,19140,172260
ORD-2026-049537,29-Apr-26,CUS-01206,PRD-0135,11,32900,361900
ORD-2026-049539,29-Apr-26,CUS-01600,PRD-0150,7,47850,334950
ORD-2026-049548,29-Apr-26,CUS-00482,PRD-0158,2,33720,67440
ORD-2026-049550,29-Apr-26,CUS-02457,PRD-0161,5,32640,163200
ORD-2026-049552,29-Apr-26,CUS-00353,PRD-0164,2,19920,39840
ORD-2026-049553,29-Apr-26,CUS-00647,PRD-0166,3,25650,76950
ORD-2026-049557,30-Apr-26,CUS-01683,PRD-0004,6,4490,26940
ORD-2026-049561,30-Apr-26,CUS-00906,PRD-0018,10,62570,625700
ORD-2026-049563,30-Apr-26,CUS-01950,PRD-0027,7,4920,34440
ORD-2026-049566,30-Apr-26,CUS-00253,PRD-0037,4,25650,102600
ORD-2026-049567,30-Apr-26,CUS-01813,PRD-0037,11,25650,282150
ORD-2026-049571,30-Apr-26,CUS-00544,PRD-0051,23,43070,990610
ORD-2026-049581,30-Apr-26,CUS-01549,PRD-0077,16,31120,497920
ORD-2026-049594,30-Apr-26,CUS-01165,PRD-0086,6,28180,169080
ORD-2026-049598,30-Apr-26,CUS-00353,PRD-0090,4,37690,150760
ORD-2026-049601,30-Apr-26,CUS-00673,PRD-0098,25,15320,383000
ORD-2026-049603,30-Apr-26,CUS-00973,PRD-0100,6,20780,124680
ORD-2026-049606,30-Apr-26,CUS-02401,PRD-0108,9,30750,276750
ORD-2026-049626,30-Apr-26,CUS-00741,PRD-0150,5,47850,239250
ORD-2026-049631,30-Apr-26,CUS-01337,PRD-0151,4,42840,171360
ORD-2026-049634,30-Apr-26,CUS-00966,PRD-0161,3,32640,97920
ORD-2026-049635,30-Apr-26,CUS-00618,PRD-0162,14,28900,404600
ORD-2026-049653,01-May-26,CUS-01154,PRD-0027,4,4920,19680
ORD-2026-049670,01-May-26,CUS-00746,PRD-0068,6,16320,97920
ORD-2026-049687,01-May-26,CUS-02428,PRD-0090,18,37690,678420
ORD-2026-049694,01-May-26,CUS-01113,PRD-0102,12,17050,204600
ORD-2026-049703,01-May-26,CUS-00663,PRD-0120,2,14740,29480
ORD-2026-049715,01-May-26,CUS-01887,PRD-0138,12,27020,324240
ORD-2026-049717,01-May-26,CUS-02307,PRD-0142,10,52030,520300
ORD-2026-049717,01-May-26,CUS-02307,PRD-0142,10,52030,520300
ORD-2026-049718,01-May-26,CUS-00416,PRD-0142,6,52030,312180
ORD-2026-049719,01-May-26,CUS-02007,PRD-0142,5,52030,260150
ORD-2026-049721,01-May-26,CUS-01741,PRD-0143,5,48640,243200
ORD-2026-049728,01-May-26,CUS-00965,PRD-0151,5,42840,214200
ORD-2026-049730,01-May-26,CUS-01365,PRD-0155,12,65880,790560
ORD-2026-049734,01-May-26,CUS-00015,PRD-0160,6,32940,197640
ORD-2026-049749,02-May-26,CUS-01257,PRD-0008,16,16360,261760
ORD-2026-049750,02-May-26,CUS-01427,PRD-0010,16,16050,256800
ORD-2026-049763,02-May-26,CUS-00877,PRD-0051,2,43070,86140
ORD-2026-049770,02-May-26,CUS-02249,PRD-0072,13,42600,553800
ORD-2026-049773,02-May-26,CUS-01231,PRD-0080,14,23900,334600
ORD-2026-049786,02-May-26,CUS-00084,PRD-0115,2,21210,42420
ORD-2026-049790,02-May-26,CUS-00126,PRD-0125,5,15380,76900
ORD-2026-049792,02-May-26,CUS-00657,PRD-0136,5,54950,274750
ORD-2026-049794,02-May-26,CUS-01971,PRD-0145,14,31800,445200
ORD-2026-049798,02-May-26,CUS-01527,PRD-0151,3,42840,128520
ORD-2026-049806,02-May-26,CUS-02195,PRD-0166,7,25650,179550
ORD-2026-049816,03-May-26,CUS-01102,PRD-0068,5,16320,81600
ORD-2026-049821,03-May-26,CUS-01025,PRD-0108,2,30750,61500
ORD-2026-049823,03-May-26,CUS-01956,PRD-0121,4,26430,105720
ORD-2026-049833,03-May-26,CUS-01005,PRD-0166,10,25650,256500
ORD-2026-049841,04-May-26,CUS-00881,PRD-0031,3,36660,109980
ORD-2026-049851,04-May-26,CUS-01108,PRD-0072,4,42600,170400
ORD-2026-049853,04-May-26,CUS-01224,PRD-0077,2,31120,62240
ORD-2026-049865,04-May-26,CUS-01780,PRD-0090,4,37690,150760
ORD-2026-049866,04-May-26,CUS-01183,PRD-0090,15,37690,565350
ORD-2026-049867,04-May-26,CUS-00525,PRD-0090,3,37690,113070
ORD-2026-049868,04-May-26,CUS-01507,PRD-0090,2,37690,75380
ORD-2026-049871,04-May-26,CUS-01951,PRD-0097,6,21780,130680
ORD-2026-049874,04-May-26,CUS-01349,PRD-0098,4,15320,61280
ORD-2026-049875,04-May-26,CUS-02233,PRD-0098,2,15320,30640
ORD-2026-049878,04-May-26,CUS-00233,PRD-0100,3,20780,62340
ORD-2026-049879,04-May-26,CUS-01225,PRD-0100,6,20780,124680
ORD-2026-049882,04-May-26,CUS-02379,PRD-0108,7,30750,215250
ORD-2026-049891,04-May-26,CUS-00305,PRD-0125,4,15380,61520
ORD-2026-049891,04-May-26,CUS-00305,PRD-0125,4,15380,61520
ORD-2026-049892,04-May-26,CUS-01514,PRD-0125,3,15380,46140
ORD-2026-049894,04-May-26,CUS-01357,PRD-0128,6,20590,123540
ORD-2026-049897,04-May-26,CUS-01467,PRD-0144,2,31990,63980
ORD-2026-049900,04-May-26,CUS-02252,PRD-0151,1,42840,42840
ORD-2026-049904,04-May-26,CUS-00336,PRD-0155,7,65880,461160
ORD-2026-049907,04-May-26,CUS-02164,PRD-0160,7,32940,230580
ORD-2026-049911,04-May-26,CUS-00762,PRD-0161,3,32640,97920
ORD-2026-049914,04-May-26,CUS-02104,PRD-0164,3,19920,59760
ORD-2026-049918,05-May-26,CUS-02286,PRD-0008,15,16360,245400
ORD-2026-049920,05-May-26,CUS-01412,PRD-0012,11,18410,202510
ORD-2026-049921,05-May-26,CUS-02479,PRD-0015,5,8500,42500
ORD-2026-049922,05-May-26,CUS-02409,PRD-0015,3,8500,25500
ORD-2026-049922,05-May-26,CUS-02409,PRD-0015,3,8500,25500
ORD-2026-049928,05-May-26,CUS-01950,PRD-0033,15,11040,165600
ORD-2026-049930,05-May-26,CUS-00812,PRD-0040,7,14100,98700
ORD-2026-049932,05-May-26,CUS-00010,PRD-0050,11,5420,59620
ORD-2026-049933,05-May-26,CUS-01636,PRD-0057,6,18040,108240
ORD-2026-049938,05-May-26,CUS-01537,PRD-0064,12,36350,436200
ORD-2026-049957,05-May-26,CUS-01814,PRD-0090,6,37690,226140
ORD-2026-049961,05-May-26,CUS-01337,PRD-0097,8,21780,174240
ORD-2026-049977,05-May-26,CUS-00922,PRD-0141,6,38600,231600
ORD-2026-049993,05-May-26,CUS-00316,PRD-0170,11,17370,191070
ORD-2026-050003,06-May-26,CUS-00490,PRD-0018,2,62570,125140
ORD-2026-050010,06-May-26,CUS-00856,PRD-0037,4,25650,102600
ORD-2026-050011,06-May-26,CUS-00727,PRD-0039,26,14770,384020
ORD-2026-050024,06-May-26,CUS-02239,PRD-0077,20,31120,622400
ORD-2026-050027,06-May-26,CUS-00632,PRD-0082,9,30730,276570
ORD-2026-050032,06-May-26,CUS-01860,PRD-0086,5,28180,140900
ORD-2026-050040,06-May-26,CUS-01853,PRD-0090,10,37690,376900
ORD-2026-050041,06-May-26,CUS-00995,PRD-0091,7,27010,189070
ORD-2026-050043,06-May-26,CUS-02459,PRD-0092,17,30260,514420
ORD-2026-050052,06-May-26,CUS-01824,PRD-0118,4,23110,92440
ORD-2026-050053,06-May-26,CUS-00818,PRD-0120,6,14740,88440
ORD-2026-050070,06-May-26,CUS-00411,PRD-0151,15,42840,642600
ORD-2026-050071,06-May-26,CUS-02012,PRD-0151,6,42840,257040
ORD-2026-050072,06-May-26,CUS-00793,PRD-0151,1,42840,42840
ORD-2026-050074,06-May-26,CUS-00959,PRD-0156,13,58570,761410
ORD-2026-050075,06-May-26,CUS-01070,PRD-0157,21,24810,521010
ORD-2026-050076,06-May-26,CUS-01142,PRD-0160,5,32940,164700
ORD-2026-050081,06-May-26,CUS-00178,PRD-0165,3,23380,70140
ORD-2026-050093,07-May-26,CUS-02367,PRD-0035,7,13660,95620
ORD-2026-050096,07-May-26,CUS-01667,PRD-0051,5,43070,215350
ORD-2026-050098,07-May-26,CUS-00831,PRD-0057,15,18040,270600
ORD-2026-050100,07-May-26,CUS-00942,PRD-0058,7,17980,125860
ORD-2026-050103,07-May-26,CUS-01264,PRD-0062,12,17890,214680
ORD-2026-050106,07-May-26,CUS-00178,PRD-0065,8,34000,272000
ORD-2026-050126,07-May-26,CUS-00992,PRD-0090,15,37690,565350
ORD-2026-050127,07-May-26,CUS-00606,PRD-0090,6,37690,226140
ORD-2026-050128,07-May-26,CUS-00816,PRD-0090,11,37690,414590
ORD-2026-050129,07-May-26,CUS-01679,PRD-0090,2,37690,75380
ORD-2026-050130,07-May-26,CUS-02279,PRD-0091,4,27010,108040
ORD-2026-050131,07-May-26,CUS-02035,PRD-0096,4,23060,92240
ORD-2026-050143,07-May-26,CUS-00887,PRD-0125,6,15380,92280
ORD-2026-050147,07-May-26,CUS-01875,PRD-0142,6,52030,312180
ORD-2026-050154,07-May-26,CUS-00237,PRD-0151,12,42840,514080
ORD-2026-050163,07-May-26,CUS-00499,PRD-0166,6,25650,153900
ORD-2026-050164,08-May-26,CUS-02144,PRD-0002,10,5180,51800
ORD-2026-050165,08-May-26,CUS-02457,PRD-0004,11,4490,49390
ORD-2026-050168,08-May-26,CUS-02264,PRD-0011,6,17170,103020
ORD-2026-050171,08-May-26,CUS-02085,PRD-0013,14,11970,167580
ORD-2026-050177,08-May-26,CUS-00370,PRD-0040,6,14100,84600
ORD-2026-050178,08-May-26,CUS-02104,PRD-0045,10,7340,73400
ORD-2026-050179,08-May-26,CUS-02220,PRD-0045,2,7340,14680
ORD-2026-050182,08-May-26,CUS-02472,PRD-0064,39,36350,1417650
ORD-2026-050183,08-May-26,CUS-00300,PRD-0065,25,34000,850000
ORD-2026-050191,08-May-26,CUS-01154,PRD-0077,9,31120,280080
ORD-2026-050192,08-May-26,CUS-02205,PRD-0078,34,33720,1146480
ORD-2026-050208,08-May-26,CUS-01741,PRD-0090,23,37690,866870
ORD-2026-050209,08-May-26,CUS-01097,PRD-0090,18,37690,678420
ORD-2026-050215,08-May-26,CUS-02215,PRD-0100,11,20780,228580
ORD-2026-050217,08-May-26,CUS-00209,PRD-0109,20,30700,614000
ORD-2026-050218,08-May-26,CUS-00603,PRD-0111,9,12240,110160
ORD-2026-050219,08-May-26,CUS-02264,PRD-0116,3,17680,53040
ORD-2026-050225,08-May-26,CUS-01049,PRD-0122,5,19140,95700
ORD-2026-050227,08-May-26,CUS-01278,PRD-0125,10,15380,153800
ORD-2026-050236,08-May-26,CUS-00057,PRD-0150,7,47850,334950
ORD-2026-050242,08-May-26,CUS-00962,PRD-0153,11,24220,266420
ORD-2026-050249,08-May-26,CUS-01824,PRD-0161,1,32640,32640
ORD-2026-050251,08-May-26,CUS-01887,PRD-0164,8,19920,159360
ORD-2026-050262,09-May-26,CUS-01020,PRD-0043,3,17760,53280
ORD-2026-050267,09-May-26,CUS-02260,PRD-0059,10,50810,508100
ORD-2026-050291,09-May-26,CUS-00448,PRD-0090,13,37690,489970
ORD-2026-050292,09-May-26,CUS-00957,PRD-0090,4,37690,150760
ORD-2026-050293,09-May-26,CUS-00340,PRD-0090,3,37690,113070
ORD-2026-050299,09-May-26,CUS-00679,PRD-0118,7,23110,161770
ORD-2026-050305,09-May-26,CUS-00948,PRD-0128,11,20590,226490
ORD-2026-050319,09-May-26,CUS-02245,PRD-0161,3,32640,97920
ORD-2026-050322,09-May-26,CUS-02203,PRD-0166,12,25650,307800
ORD-2026-050325,10-May-26,CUS-02154,PRD-0018,14,62570,875980
ORD-2026-050335,10-May-26,CUS-00630,PRD-0090,3,37690,113070
ORD-2026-050337,10-May-26,CUS-01936,PRD-0100,10,20780,207800
ORD-2026-050344,10-May-26,CUS-02189,PRD-0139,2,33360,66720
ORD-2026-050346,10-May-26,CUS-00666,PRD-0151,3,42840,128520
ORD-2026-050350,11-May-26,CUS-00416,PRD-0016,7,42680,298760
ORD-2026-050353,11-May-26,CUS-00336,PRD-0020,2,29210,58420
ORD-2026-050358,11-May-26,CUS-02201,PRD-0039,14,14770,206780
ORD-2026-050361,11-May-26,CUS-02084,PRD-0052,5,43630,218150
ORD-2026-050366,11-May-26,CUS-00381,PRD-0058,15,17980,269700
ORD-2026-050368,11-May-26,CUS-01259,PRD-0063,2,15070,30140
ORD-2026-050386,11-May-26,CUS-01648,PRD-0090,7,37690,263830
ORD-2026-050387,11-May-26,CUS-02404,PRD-0090,6,37690,226140
ORD-2026-050392,11-May-26,CUS-01977,PRD-0098,14,15320,214480
ORD-2026-050393,11-May-26,CUS-02128,PRD-0098,15,15320,229800
ORD-2026-050395,11-May-26,CUS-02234,PRD-0100,3,20780,62340
ORD-2026-050407,11-May-26,CUS-02182,PRD-0135,8,32900,263200
ORD-2026-050416,11-May-26,CUS-00632,PRD-0151,1,42840,42840
ORD-2026-050423,11-May-26,CUS-01896,PRD-0161,11,32640,359040
ORD-2026-050427,11-May-26,CUS-01114,PRD-0165,5,23380,116900
ORD-2026-050430,12-May-26,CUS-02222,PRD-0004,7,4490,31430
ORD-2026-050433,12-May-26,CUS-01714,PRD-0011,11,17170,188870
ORD-2026-050434,12-May-26,CUS-02135,PRD-0015,2,8500,17000
ORD-2026-050443,12-May-26,CUS-02179,PRD-0050,4,5420,21680
ORD-2026-050444,12-May-26,CUS-01480,PRD-0056,16,25020,400320
ORD-2026-050447,12-May-26,CUS-01114,PRD-0057,11,18040,198440
ORD-2026-050451,12-May-26,CUS-01954,PRD-0062,25,17890,447250
ORD-2026-050460,12-May-26,CUS-01301,PRD-0083,11,23690,260590
ORD-2026-050474,12-May-26,CUS-00701,PRD-0098,7,15320,107240
ORD-2026-050475,12-May-26,CUS-01550,PRD-0098,3,15320,45960
ORD-2026-050476,12-May-26,CUS-00055,PRD-0100,2,20780,41560
ORD-2026-050477,12-May-26,CUS-01138,PRD-0100,4,20780,83120
ORD-2026-050479,12-May-26,CUS-02035,PRD-0120,4,14740,58960
ORD-2026-050486,12-May-26,CUS-01152,PRD-0142,1,52030,52030
ORD-2026-050487,12-May-26,CUS-00927,PRD-0145,3,31800,95400
ORD-2026-050497,12-May-26,CUS-00948,PRD-0160,2,32940,65880
ORD-2026-050508,12-May-26,CUS-00544,PRD-0170,1,17370,17370
ORD-2026-050512,13-May-26,CUS-01668,PRD-0004,4,4490,17960
ORD-2026-050519,13-May-26,CUS-00299,PRD-0025,4,5090,20360
ORD-2026-050520,13-May-26,CUS-00950,PRD-0026,2,4150,8300
ORD-2026-050540,13-May-26,CUS-00454,PRD-0065,7,34000,238000
ORD-2026-050546,13-May-26,CUS-01195,PRD-0083,2,23690,47380
ORD-2026-050552,13-May-26,CUS-01338,PRD-0090,7,37690,263830
ORD-2026-050553,13-May-26,CUS-01631,PRD-0090,12,37690,452280
ORD-2026-050556,13-May-26,CUS-00162,PRD-0093,7,23080,161560
ORD-2026-050565,13-May-26,CUS-00532,PRD-0109,9,30700,276300
ORD-2026-050567,13-May-26,CUS-00603,PRD-0118,5,23110,115550
ORD-2026-050580,13-May-26,CUS-00248,PRD-0149,11,45880,504680
ORD-2026-050584,13-May-26,CUS-00172,PRD-0153,11,24220,266420
ORD-2026-050588,13-May-26,CUS-00464,PRD-0157,6,24810,148860
ORD-2026-050600,14-May-26,CUS-00713,PRD-0015,3,8500,25500
ORD-2026-050604,14-May-26,CUS-00416,PRD-0020,13,29210,379730
ORD-2026-050606,14-May-26,CUS-02314,PRD-0023,4,16940,67760
ORD-2026-050607,14-May-26,CUS-00331,PRD-0026,4,4150,16600
ORD-2026-050608,14-May-26,CUS-00651,PRD-0027,7,4920,34440
ORD-2026-050615,14-May-26,CUS-00657,PRD-0051,6,43070,258420
ORD-2026-050617,14-May-26,CUS-02082,PRD-0057,1,18040,18040
ORD-2026-050624,14-May-26,CUS-00847,PRD-0068,4,16320,65280
ORD-2026-050625,14-May-26,CUS-00330,PRD-0073,3,37930,113790
ORD-2026-050628,14-May-26,CUS-00932,PRD-0074,14,38390,537460
ORD-2026-050632,14-May-26,CUS-00146,PRD-0079,6,46870,281220
ORD-2026-050635,14-May-26,CUS-02276,PRD-0082,12,30730,368760
ORD-2026-050636,14-May-26,CUS-00735,PRD-0082,17,30730,522410
ORD-2026-050650,14-May-26,CUS-01741,PRD-0090,8,37690,301520
ORD-2026-050651,14-May-26,CUS-01395,PRD-0090,3,37690,113070
ORD-2026-050652,14-May-26,CUS-00318,PRD-0090,3,37690,113070
ORD-2026-050655,14-May-26,CUS-02428,PRD-0098,7,15320,107240
ORD-2026-050668,14-May-26,CUS-01811,PRD-0125,2,15380,30760
ORD-2026-050675,14-May-26,CUS-01860,PRD-0142,14,52030,728420
ORD-2026-050680,14-May-26,CUS-02318,PRD-0150,10,47850,478500
ORD-2026-050685,14-May-26,CUS-01639,PRD-0151,5,42840,214200
ORD-2026-050687,14-May-26,CUS-01670,PRD-0153,9,24220,217980
ORD-2026-050689,14-May-26,CUS-01605,PRD-0154,18,42470,764460
ORD-2026-050704,15-May-26,CUS-00076,PRD-0024,39,9800,382200
ORD-2026-050709,15-May-26,CUS-02426,PRD-0037,8,25650,205200
ORD-2026-050711,15-May-26,CUS-00336,PRD-0038,4,15680,62720
ORD-2026-050715,15-May-26,CUS-02252,PRD-0060,1,57540,57540
ORD-2026-050719,15-May-26,CUS-00509,PRD-0063,2,15070,30140
ORD-2026-050723,15-May-26,CUS-00484,PRD-0065,4,34000,136000
ORD-2026-050731,15-May-26,CUS-01956,PRD-0080,2,23900,47800
ORD-2026-050744,15-May-26,CUS-00636,PRD-0090,7,37690,263830
ORD-2026-050745,15-May-26,CUS-00673,PRD-0090,9,37690,339210
ORD-2026-050758,15-May-26,CUS-01264,PRD-0103,6,38480,230880
ORD-2026-050759,15-May-26,CUS-02134,PRD-0108,1,30750,30750
ORD-2026-050760,15-May-26,CUS-00890,PRD-0109,6,30700,184200
ORD-2026-050767,15-May-26,CUS-01337,PRD-0118,11,23110,254210
ORD-2026-050771,15-May-26,CUS-00724,PRD-0123,9,14410,129690
ORD-2026-050778,15-May-26,CUS-00614,PRD-0130,15,13600,204000
ORD-2026-050784,15-May-26,CUS-01670,PRD-0135,15,32900,493500
ORD-2026-050785,15-May-26,CUS-01238,PRD-0135,4,32900,131600
ORD-2026-050804,15-May-26,CUS-01721,PRD-0169,5,15310,76550
ORD-2026-050808,16-May-26,CUS-01218,PRD-0007,3,17070,51210
ORD-2026-050809,16-May-26,CUS-00255,PRD-0011,18,17170,309060
ORD-2026-050821,16-May-26,CUS-01986,PRD-0048,19,16870,320530
ORD-2026-050824,16-May-26,CUS-00964,PRD-0058,23,17980,413540
ORD-2026-050826,16-May-26,CUS-01047,PRD-0063,3,15070,45210
ORD-2026-050829,16-May-26,CUS-02405,PRD-0083,13,23690,307970
ORD-2026-050836,16-May-26,CUS-01650,PRD-0090,4,37690,150760
ORD-2026-050837,16-May-26,CUS-00620,PRD-0090,6,37690,226140
ORD-2026-050841,16-May-26,CUS-01954,PRD-0108,16,30750,492000
ORD-2026-050851,16-May-26,CUS-01875,PRD-0126,5,29270,146350
ORD-2026-050852,16-May-26,CUS-02012,PRD-0127,7,16760,117320
ORD-2026-050868,16-May-26,CUS-00079,PRD-0168,11,19490,214390
ORD-2026-050871,17-May-26,CUS-01097,PRD-0009,19,18390,349410
ORD-2026-050874,17-May-26,CUS-00992,PRD-0039,4,14770,59080
ORD-2026-050876,17-May-26,CUS-00174,PRD-0058,14,17980,251720
ORD-2026-050878,17-May-26,CUS-01038,PRD-0076,9,28050,252450
ORD-2026-050882,17-May-26,CUS-01828,PRD-0100,4,20780,83120
ORD-2026-050887,17-May-26,CUS-01305,PRD-0151,13,42840,556920
ORD-2026-050891,17-May-26,CUS-02253,PRD-0165,7,23380,163660
ORD-2026-050892,18-May-26,CUS-00858,PRD-0004,1,4490,4490
ORD-2026-050893,18-May-26,CUS-01152,PRD-0005,6,3110,18660
ORD-2026-050896,18-May-26,CUS-01911,PRD-0016,16,42680,682880
ORD-2026-050897,18-May-26,CUS-01185,PRD-0016,3,42680,128040
ORD-2026-050918,18-May-26,CUS-02323,PRD-0086,6,28180,169080
ORD-2026-050923,18-May-26,CUS-00568,PRD-0090,6,37690,226140
ORD-2026-050924,18-May-26,CUS-00666,PRD-0090,3,37690,113070
ORD-2026-050925,18-May-26,CUS-00162,PRD-0090,8,37690,301520
ORD-2026-050926,18-May-26,CUS-02164,PRD-0090,10,37690,376900
ORD-2026-050927,18-May-26,CUS-00678,PRD-0090,7,37690,263830
ORD-2026-050932,18-May-26,CUS-02426,PRD-0091,4,27010,108040
ORD-2026-050941,18-May-26,CUS-02212,PRD-0108,3,30750,92250
ORD-2026-050943,18-May-26,CUS-00448,PRD-0117,18,17520,315360
ORD-2026-050946,18-May-26,CUS-00833,PRD-0121,2,26430,52860
ORD-2026-050951,18-May-26,CUS-00043,PRD-0125,11,15380,169180
ORD-2026-050952,18-May-26,CUS-00619,PRD-0125,4,15380,61520
ORD-2026-050953,18-May-26,CUS-02246,PRD-0125,6,15380,92280
ORD-2026-050958,18-May-26,CUS-02459,PRD-0136,2,54950,109900
ORD-2026-050961,18-May-26,CUS-02212,PRD-0141,7,38600,270200
ORD-2026-050963,18-May-26,CUS-00851,PRD-0142,6,52030,312180
ORD-2026-050970,18-May-26,CUS-01388,PRD-0151,12,42840,514080
ORD-2026-050973,18-May-26,CUS-01766,PRD-0155,13,65880,856440
ORD-2026-050977,18-May-26,CUS-00224,PRD-0161,12,32640,391680
ORD-2026-050978,18-May-26,CUS-00953,PRD-0161,4,32640,130560
ORD-2026-050979,18-May-26,CUS-01160,PRD-0161,11,32640,359040
ORD-2026-050988,19-May-26,CUS-00675,PRD-0007,13,17070,221910
ORD-2026-050989,19-May-26,CUS-00673,PRD-0008,2,16360,32720
ORD-2026-050995,19-May-26,CUS-01427,PRD-0028,5,4910,24550
ORD-2026-050997,19-May-26,CUS-01690,PRD-0046,5,17360,86800
ORD-2026-050999,19-May-26,CUS-01690,PRD-0049,17,18190,309230
ORD-2026-051003,19-May-26,CUS-02334,PRD-0057,9,18040,162360
ORD-2026-051005,19-May-26,CUS-00808,PRD-0060,13,57540,748020
ORD-2026-051009,19-May-26,CUS-00171,PRD-0075,4,34020,136080
ORD-2026-051012,19-May-26,CUS-00778,PRD-0077,36,31120,1120320
ORD-2026-051013,19-May-26,CUS-02286,PRD-0077,24,31120,746880
ORD-2026-051014,19-May-26,CUS-01309,PRD-0077,4,31120,124480
ORD-2026-051015,19-May-26,CUS-02082,PRD-0077,1,31120,31120
ORD-2026-051017,19-May-26,CUS-00370,PRD-0079,23,46870,1078010
ORD-2026-051019,19-May-26,CUS-00602,PRD-0084,1,27760,27760
ORD-2026-051023,19-May-26,CUS-00851,PRD-0086,25,28180,704500
ORD-2026-051024,19-May-26,CUS-02037,PRD-0086,7,28180,197260
ORD-2026-051028,19-May-26,CUS-00647,PRD-0090,2,37690,75380
ORD-2026-051032,19-May-26,CUS-01815,PRD-0091,11,27010,297110
ORD-2026-051034,19-May-26,CUS-00248,PRD-0094,2,22360,44720
ORD-2026-051042,19-May-26,CUS-01075,PRD-0109,10,30700,307000
ORD-2026-051046,19-May-26,CUS-02126,PRD-0120,3,14740,44220
ORD-2026-051047,19-May-26,CUS-00436,PRD-0123,8,14410,115280
ORD-2026-051050,19-May-26,CUS-00209,PRD-0125,22,15380,338360
ORD-2026-051055,19-May-26,CUS-02158,PRD-0141,12,38600,463200
ORD-2026-051059,19-May-26,CUS-01114,PRD-0151,5,42840,214200
ORD-2026-051060,19-May-26,CUS-02085,PRD-0151,9,42840,385560
ORD-2026-051066,19-May-26,CUS-01635,PRD-0160,6,32940,197640
ORD-2026-051072,20-May-26,CUS-01160,PRD-0008,6,16360,98160
ORD-2026-051074,20-May-26,CUS-00090,PRD-0014,2,13790,27580
ORD-2026-051080,20-May-26,CUS-00015,PRD-0031,19,36660,696540
ORD-2026-051084,20-May-26,CUS-00901,PRD-0040,8,14100,112800
ORD-2026-051086,20-May-26,CUS-02405,PRD-0046,11,17360,190960
ORD-2026-051088,20-May-26,CUS-01368,PRD-0055,10,16990,169900
ORD-2026-051094,20-May-26,CUS-00057,PRD-0076,9,28050,252450
ORD-2026-051095,20-May-26,CUS-01899,PRD-0076,10,28050,280500
ORD-2026-051096,20-May-26,CUS-02225,PRD-0077,7,31120,217840
ORD-2026-051103,20-May-26,CUS-00663,PRD-0086,4,28180,112720
ORD-2026-051104,20-May-26,CUS-00482,PRD-0086,27,28180,760860
ORD-2026-051111,20-May-26,CUS-01650,PRD-0090,2,37690,75380
ORD-2026-051112,20-May-26,CUS-01512,PRD-0090,2,37690,75380
ORD-2026-051113,20-May-26,CUS-02195,PRD-0090,4,37690,150760
ORD-2026-051117,20-May-26,CUS-02144,PRD-0091,16,27010,432160
ORD-2026-051118,20-May-26,CUS-01812,PRD-0095,11,20290,223190
ORD-2026-051128,20-May-26,CUS-00297,PRD-0120,5,14740,73700
ORD-2026-051129,20-May-26,CUS-01703,PRD-0125,3,15380,46140
ORD-2026-051130,20-May-26,CUS-01178,PRD-0125,2,15380,30760
ORD-2026-051132,20-May-26,CUS-00778,PRD-0131,4,31140,124560
ORD-2026-051135,20-May-26,CUS-01165,PRD-0137,7,27650,193550
ORD-2026-051137,20-May-26,CUS-00204,PRD-0142,1,52030,52030
ORD-2026-051138,20-May-26,CUS-00237,PRD-0142,5,52030,260150
ORD-2026-051145,20-May-26,CUS-01420,PRD-0151,14,42840,599760
ORD-2026-051150,20-May-26,CUS-00735,PRD-0161,8,32640,261120
ORD-2026-051155,21-May-26,CUS-01512,PRD-0008,7,16360,114520
ORD-2026-051162,21-May-26,CUS-00169,PRD-0028,12,4910,58920
ORD-2026-051164,21-May-26,CUS-00525,PRD-0037,10,25650,256500
ORD-2026-051192,21-May-26,CUS-02419,PRD-0100,11,20780,228580
ORD-2026-051198,21-May-26,CUS-01083,PRD-0117,8,17520,140160
ORD-2026-051199,21-May-26,CUS-01677,PRD-0118,2,23110,46220
ORD-2026-051201,21-May-26,CUS-00066,PRD-0121,6,26430,158580
ORD-2026-051208,21-May-26,CUS-02122,PRD-0125,21,15380,322980
ORD-2026-051217,21-May-26,CUS-01279,PRD-0150,4,47850,191400
ORD-2026-051218,21-May-26,CUS-00923,PRD-0150,2,47850,95700
ORD-2026-051220,21-May-26,CUS-01168,PRD-0151,5,42840,214200
ORD-2026-051222,21-May-26,CUS-00957,PRD-0156,2,58570,117140
ORD-2026-051224,21-May-26,CUS-02245,PRD-0161,9,32640,293760
ORD-2026-051226,21-May-26,CUS-01112,PRD-0166,12,25650,307800
ORD-2026-051227,21-May-26,CUS-01635,PRD-0167,16,14020,224320
ORD-2026-051228,22-May-26,CUS-01600,PRD-0003,12,4840,58080
ORD-2026-051248,22-May-26,CUS-00012,PRD-0057,6,18040,108240
ORD-2026-051256,22-May-26,CUS-00144,PRD-0080,23,23900,549700
ORD-2026-051271,22-May-26,CUS-02449,PRD-0090,34,37690,1281460
ORD-2026-051272,22-May-26,CUS-00286,PRD-0090,16,37690,603040
ORD-2026-051273,22-May-26,CUS-00927,PRD-0090,4,37690,150760
ORD-2026-051277,22-May-26,CUS-01860,PRD-0091,4,27010,108040
ORD-2026-051284,22-May-26,CUS-01774,PRD-0100,5,20780,103900
ORD-2026-051300,22-May-26,CUS-00793,PRD-0125,10,15380,153800
ORD-2026-051301,22-May-26,CUS-02419,PRD-0127,4,16760,67040
ORD-2026-051309,22-May-26,CUS-01665,PRD-0142,10,52030,520300
ORD-2026-051320,22-May-26,CUS-00169,PRD-0155,4,65880,263520
ORD-2026-051322,22-May-26,CUS-00209,PRD-0161,18,32640,587520
ORD-2026-051330,23-May-26,CUS-01085,PRD-0004,9,4490,40410
ORD-2026-051334,23-May-26,CUS-02253,PRD-0011,13,17170,223210
ORD-2026-051338,23-May-26,CUS-01801,PRD-0019,8,31240,249920
ORD-2026-051349,23-May-26,CUS-00544,PRD-0055,11,16990,186890
ORD-2026-051352,23-May-26,CUS-01067,PRD-0067,10,12380,123800
ORD-2026-051354,23-May-26,CUS-01264,PRD-0074,6,38390,230340
ORD-2026-051364,23-May-26,CUS-00663,PRD-0090,3,37690,113070
ORD-2026-051366,23-May-26,CUS-02472,PRD-0091,5,27010,135050
ORD-2026-051367,23-May-26,CUS-01460,PRD-0092,19,30260,574940
ORD-2026-051369,23-May-26,CUS-01110,PRD-0100,1,20780,20780
ORD-2026-051370,23-May-26,CUS-00811,PRD-0100,7,20780,145460
ORD-2026-051379,23-May-26,CUS-00833,PRD-0127,4,16760,67040
ORD-2026-051380,23-May-26,CUS-02053,PRD-0129,9,17810,160290
ORD-2026-051385,23-May-26,CUS-02483,PRD-0139,2,33360,66720
ORD-2026-051405,24-May-26,CUS-02426,PRD-0061,4,16320,65280
ORD-2026-051427,25-May-26,CUS-02239,PRD-0015,3,8500,25500
ORD-2026-051432,25-May-26,CUS-02054,PRD-0026,9,4150,37350
ORD-2026-051434,25-May-26,CUS-01467,PRD-0035,10,13660,136600
ORD-2026-051437,25-May-26,CUS-01359,PRD-0039,8,14770,118160
ORD-2026-051445,25-May-26,CUS-00942,PRD-0076,18,28050,504900
ORD-2026-051449,25-May-26,CUS-00226,PRD-0078,4,33720,134880
ORD-2026-051452,25-May-26,CUS-01413,PRD-0083,7,23690,165830
ORD-2026-051461,25-May-26,CUS-00568,PRD-0090,1,37690,37690
ORD-2026-051462,25-May-26,CUS-00673,PRD-0090,2,37690,75380
ORD-2026-051467,25-May-26,CUS-00962,PRD-0098,10,15320,153200
ORD-2026-051469,25-May-26,CUS-00665,PRD-0100,2,20780,41560
ORD-2026-051471,25-May-26,CUS-01669,PRD-0116,1,17680,17680
ORD-2026-051480,25-May-26,CUS-00465,PRD-0125,1,15380,15380
ORD-2026-051481,25-May-26,CUS-02318,PRD-0125,29,15380,446020
ORD-2026-051482,25-May-26,CUS-01259,PRD-0126,6,29270,175620
ORD-2026-051483,25-May-26,CUS-00372,PRD-0130,4,13600,54400
ORD-2026-051484,25-May-26,CUS-02035,PRD-0132,29,38360,1112440
ORD-2026-051486,25-May-26,CUS-01246,PRD-0142,5,52030,260150
ORD-2026-051490,25-May-26,CUS-02190,PRD-0150,9,47850,430650
ORD-2026-051494,25-May-26,CUS-01165,PRD-0160,3,32940,98820
ORD-2026-051495,25-May-26,CUS-02380,PRD-0160,16,32940,527040
ORD-2026-051497,25-May-26,CUS-01491,PRD-0161,13,32640,424320
ORD-2026-051503,25-May-26,CUS-02179,PRD-0167,5,14020,70100
ORD-2026-051508,26-May-26,CUS-00336,PRD-0018,21,62570,1313970
ORD-2026-051511,26-May-26,CUS-02104,PRD-0034,8,15350,122800
ORD-2026-051511,26-May-26,CUS-02104,PRD-0034,8,15350,122800
ORD-2026-051514,26-May-26,CUS-01154,PRD-0045,2,7340,14680
ORD-2026-051516,26-May-26,CUS-00172,PRD-0047,3,19060,57180
ORD-2026-051524,26-May-26,CUS-00201,PRD-0060,23,57540,1323420
ORD-2026-051525,26-May-26,CUS-01537,PRD-0061,9,16320,146880
ORD-2026-051532,26-May-26,CUS-01815,PRD-0077,8,31120,248960
ORD-2026-051533,26-May-26,CUS-02088,PRD-0077,32,31120,995840
ORD-2026-051537,26-May-26,CUS-02428,PRD-0085,4,32580,130320
ORD-2026-051546,26-May-26,CUS-02012,PRD-0090,3,37690,113070
ORD-2026-051553,26-May-26,CUS-01812,PRD-0098,7,15320,107240
ORD-2026-051562,26-May-26,CUS-00436,PRD-0107,4,39590,158360
ORD-2026-051564,26-May-26,CUS-02037,PRD-0108,22,30750,676500
ORD-2026-051566,26-May-26,CUS-01959,PRD-0113,14,10420,145880
ORD-2026-051567,26-May-26,CUS-02164,PRD-0116,12,17680,212160
ORD-2026-051575,26-May-26,CUS-00775,PRD-0125,12,15380,184560
ORD-2026-051579,26-May-26,CUS-01102,PRD-0140,11,27740,305140
ORD-2026-051584,26-May-26,CUS-02478,PRD-0151,3,42840,128520
ORD-2026-051588,26-May-26,CUS-00156,PRD-0153,10,24220,242200
ORD-2026-051594,26-May-26,CUS-00950,PRD-0161,11,32640,359040
ORD-2026-051595,26-May-26,CUS-00126,PRD-0161,3,32640,97920
ORD-2026-051600,27-May-26,CUS-00010,PRD-0017,11,39680,436480
ORD-2026-051603,27-May-26,CUS-00618,PRD-0033,1,11040,11040
ORD-2026-051608,27-May-26,CUS-02071,PRD-0067,5,12380,61900
ORD-2026-051610,27-May-26,CUS-00964,PRD-0077,4,31120,124480
ORD-2026-051644,27-May-26,CUS-01052,PRD-0154,4,42470,169880
ORD-2026-051648,27-May-26,CUS-01527,PRD-0156,2,58570,117140
ORD-2026-051651,27-May-26,CUS-01185,PRD-0165,7,23380,163660
ORD-2026-051658,28-May-26,CUS-00527,PRD-0011,7,17170,120190
ORD-2026-051661,28-May-26,CUS-01223,PRD-0017,25,39680,992000
ORD-2026-051662,28-May-26,CUS-01262,PRD-0019,4,31240,124960
ORD-2026-051663,28-May-26,CUS-00137,PRD-0023,8,16940,135520
ORD-2026-051673,28-May-26,CUS-00034,PRD-0058,8,17980,143840
ORD-2026-051676,28-May-26,CUS-01305,PRD-0068,38,16320,620160
ORD-2026-051688,28-May-26,CUS-01152,PRD-0090,7,37690,263830
ORD-2026-051696,28-May-26,CUS-02219,PRD-0102,12,17050,204600
ORD-2026-051699,28-May-26,CUS-01075,PRD-0108,6,30750,184500
ORD-2026-051701,28-May-26,CUS-01189,PRD-0109,2,30700,61400
ORD-2026-051705,28-May-26,CUS-02426,PRD-0118,8,23110,184880
ORD-2026-051706,28-May-26,CUS-00575,PRD-0122,30,19140,574200
ORD-2026-051707,28-May-26,CUS-00660,PRD-0122,2,19140,38280
ORD-2026-051712,28-May-26,CUS-00441,PRD-0136,18,54950,989100
ORD-2026-051716,28-May-26,CUS-00237,PRD-0144,6,31990,191940
ORD-2026-051717,28-May-26,CUS-02128,PRD-0149,10,45880,458800
ORD-2026-051723,28-May-26,CUS-01691,PRD-0151,4,42840,171360
ORD-2026-051724,28-May-26,CUS-01660,PRD-0151,22,42840,942480
ORD-2026-051727,28-May-26,CUS-00927,PRD-0153,12,24220,290640
ORD-2026-051728,28-May-26,CUS-00502,PRD-0153,2,24220,48440
ORD-2026-051732,28-May-26,CUS-00441,PRD-0160,7,32940,230580
ORD-2026-051736,28-May-26,CUS-02314,PRD-0167,12,14020,168240
ORD-2026-051742,29-May-26,CUS-00602,PRD-0011,11,17170,188870
ORD-2026-051744,29-May-26,CUS-00184,PRD-0018,1,62570,62570
ORD-2026-051750,29-May-26,CUS-01824,PRD-0037,6,25650,153900
ORD-2026-051757,29-May-26,CUS-02242,PRD-0052,3,43630,130890
ORD-2026-051760,29-May-26,CUS-02037,PRD-0055,20,16990,339800
ORD-2026-051761,29-May-26,CUS-01449,PRD-0057,3,18040,54120
ORD-2026-051762,29-May-26,CUS-02490,PRD-0057,17,18040,306680
ORD-2026-051763,29-May-26,CUS-02154,PRD-0059,20,50810,1016200
ORD-2026-051766,29-May-26,CUS-02472,PRD-0064,8,36350,290800
ORD-2026-051769,29-May-26,CUS-00708,PRD-0068,3,16320,48960
ORD-2026-051771,29-May-26,CUS-00012,PRD-0070,17,19240,327080
ORD-2026-051772,29-May-26,CUS-00337,PRD-0073,11,37930,417230
ORD-2026-051776,29-May-26,CUS-01036,PRD-0077,9,31120,280080
ORD-2026-051779,29-May-26,CUS-01020,PRD-0080,3,23900,71700
ORD-2026-051783,29-May-26,CUS-01820,PRD-0083,6,23690,142140
ORD-2026-051795,29-May-26,CUS-02082,PRD-0090,17,37690,640730
ORD-2026-051798,29-May-26,CUS-02179,PRD-0100,9,20780,187020
ORD-2026-051799,29-May-26,CUS-02203,PRD-0100,12,20780,249360
ORD-2026-051815,29-May-26,CUS-01815,PRD-0138,6,27020,162120
ORD-2026-051821,29-May-26,CUS-00751,PRD-0151,3,42840,128520
ORD-2026-051825,29-May-26,CUS-01648,PRD-0156,7,58570,409990
ORD-2026-051836,30-May-26,CUS-00573,PRD-0001,7,4970,34790
ORD-2026-051841,30-May-26,CUS-02126,PRD-0019,7,31240,218680
ORD-2026-051847,30-May-26,CUS-02292,PRD-0051,5,43070,215350
ORD-2026-051854,30-May-26,CUS-00525,PRD-0065,5,34000,170000
ORD-2026-051855,30-May-26,CUS-00076,PRD-0068,3,16320,48960
ORD-2026-051859,30-May-26,CUS-02264,PRD-0077,9,31120,280080
ORD-2026-051860,30-May-26,CUS-00255,PRD-0080,6,23900,143400
ORD-2026-051861,30-May-26,CUS-00570,PRD-0080,18,23900,430200
ORD-2026-051873,30-May-26,CUS-00259,PRD-0090,6,37690,226140
ORD-2026-051874,30-May-26,CUS-01588,PRD-0090,6,37690,226140
ORD-2026-051875,30-May-26,CUS-01616,PRD-0092,1,30260,30260
ORD-2026-051876,30-May-26,CUS-00368,PRD-0098,3,15320,45960
ORD-2026-051877,30-May-26,CUS-00548,PRD-0098,12,15320,183840
ORD-2026-051880,30-May-26,CUS-00778,PRD-0111,8,12240,97920
ORD-2026-051886,30-May-26,CUS-00484,PRD-0125,11,15380,169180
ORD-2026-051888,30-May-26,CUS-00846,PRD-0138,2,27020,54040
ORD-2026-051889,30-May-26,CUS-01036,PRD-0139,1,33360,33360
ORD-2026-051898,30-May-26,CUS-00204,PRD-0161,6,32640,195840
ORD-2026-051899,30-May-26,CUS-01112,PRD-0161,13,32640,424320
ORD-2026-051904,30-May-26,CUS-01083,PRD-0167,19,14020,266380
ORD-2026-051905,30-May-26,CUS-01168,PRD-0168,35,19490,682150
ORD-2026-051909,31-May-26,CUS-00010,PRD-0050,7,5420,37940
ORD-2026-051913,31-May-26,CUS-01588,PRD-0090,12,37690,452280
ORD-2026-051916,31-May-26,CUS-02195,PRD-0105,11,41060,451660
ORD-2026-051920,31-May-26,CUS-01514,PRD-0151,4,42840,171360
ORD-2026-051926,31-May-26,CUS-00105,PRD-0160,6,32940,197640
ORD-2026-051936,01-Jun-26,CUS-02220,PRD-0016,10,42680,426800
ORD-2026-051937,01-Jun-26,CUS-01893,PRD-0019,7,31240,218680
ORD-2026-051946,01-Jun-26,CUS-02258,PRD-0047,14,19060,266840
ORD-2026-051957,01-Jun-26,CUS-00219,PRD-0084,6,27760,166560
ORD-2026-051962,01-Jun-26,CUS-02279,PRD-0090,7,37690,263830
ORD-2026-051967,01-Jun-26,CUS-02203,PRD-0096,11,23060,253660
ORD-2026-051977,01-Jun-26,CUS-00248,PRD-0116,26,17680,459680
ORD-2026-051979,01-Jun-26,CUS-00149,PRD-0118,4,23110,92440
ORD-2026-051981,01-Jun-26,CUS-01712,PRD-0123,8,14410,115280
ORD-2026-051983,01-Jun-26,CUS-00863,PRD-0128,27,20590,555930
ORD-2026-051989,01-Jun-26,CUS-00612,PRD-0151,13,42840,556920
ORD-2026-051990,01-Jun-26,CUS-00073,PRD-0151,8,42840,342720
ORD-2026-051994,01-Jun-26,CUS-02215,PRD-0156,6,58570,351420
ORD-2026-051996,01-Jun-26,CUS-01896,PRD-0161,4,32640,130560
ORD-2026-052001,02-Jun-26,CUS-02154,PRD-0004,9,4490,40410
ORD-2026-052003,02-Jun-26,CUS-00651,PRD-0007,5,17070,85350
ORD-2026-052007,02-Jun-26,CUS-01085,PRD-0018,17,62570,1063690
ORD-2026-052009,02-Jun-26,CUS-00987,PRD-0028,8,4910,39280
ORD-2026-052011,02-Jun-26,CUS-02354,PRD-0035,47,13660,642020
ORD-2026-052012,02-Jun-26,CUS-00678,PRD-0037,23,25650,589950
ORD-2026-052015,02-Jun-26,CUS-01044,PRD-0039,20,14770,295400
ORD-2026-052022,02-Jun-26,CUS-01822,PRD-0057,4,18040,72160
ORD-2026-052025,02-Jun-26,CUS-00444,PRD-0061,4,16320,65280
ORD-2026-052026,02-Jun-26,CUS-00301,PRD-0068,1,16320,16320
ORD-2026-052030,02-Jun-26,CUS-02164,PRD-0078,5,33720,168600
ORD-2026-052033,02-Jun-26,CUS-00713,PRD-0080,6,23900,143400
ORD-2026-052044,02-Jun-26,CUS-02380,PRD-0090,12,37690,452280
ORD-2026-052045,02-Jun-26,CUS-02246,PRD-0090,6,37690,226140
ORD-2026-052046,02-Jun-26,CUS-00336,PRD-0090,9,37690,339210
ORD-2026-052048,02-Jun-26,CUS-00528,PRD-0091,4,27010,108040
ORD-2026-052064,02-Jun-26,CUS-02158,PRD-0135,6,32900,197400
ORD-2026-052065,02-Jun-26,CUS-02280,PRD-0137,1,27650,27650
ORD-2026-052067,02-Jun-26,CUS-01911,PRD-0142,6,52030,312180
ORD-2026-052068,02-Jun-26,CUS-01528,PRD-0145,21,31800,667800
ORD-2026-052080,02-Jun-26,CUS-00155,PRD-0156,2,58570,117140
ORD-2026-052094,03-Jun-26,CUS-00887,PRD-0037,9,25650,230850
ORD-2026-052106,03-Jun-26,CUS-00013,PRD-0076,2,28050,56100
ORD-2026-052108,03-Jun-26,CUS-00619,PRD-0079,14,46870,656180
ORD-2026-052110,03-Jun-26,CUS-01478,PRD-0083,4,23690,94760
ORD-2026-052122,03-Jun-26,CUS-00887,PRD-0118,4,23110,92440
ORD-2026-052128,03-Jun-26,CUS-00296,PRD-0125,1,15380,15380
ORD-2026-052137,03-Jun-26,CUS-01340,PRD-0151,6,42840,257040
ORD-2026-052138,03-Jun-26,CUS-00660,PRD-0156,23,58570,1347110
ORD-2026-052139,03-Jun-26,CUS-01667,PRD-0160,23,32940,757620
ORD-2026-052149,04-Jun-26,CUS-01206,PRD-0002,10,5180,51800
ORD-2026-052152,04-Jun-26,CUS-00906,PRD-0004,21,4490,94290
ORD-2026-052153,04-Jun-26,CUS-00912,PRD-0014,12,13790,165480
ORD-2026-052160,04-Jun-26,CUS-00614,PRD-0039,12,14770,177240
ORD-2026-052169,04-Jun-26,CUS-01557,PRD-0062,4,17890,71560
ORD-2026-052173,04-Jun-26,CUS-01437,PRD-0065,11,34000,374000
ORD-2026-052174,04-Jun-26,CUS-00595,PRD-0065,5,34000,170000
ORD-2026-052174,04-Jun-26,CUS-00595,PRD-0065,5,34000,170000
ORD-2026-052178,04-Jun-26,CUS-00663,PRD-0074,8,38390,307120
ORD-2026-052182,04-Jun-26,CUS-02281,PRD-0082,5,30730,153650
ORD-2026-052197,04-Jun-26,CUS-02084,PRD-0090,17,37690,640730
ORD-2026-052198,04-Jun-26,CUS-00762,PRD-0090,6,37690,226140
ORD-2026-052207,04-Jun-26,CUS-00858,PRD-0100,6,20780,124680
ORD-2026-052208,04-Jun-26,CUS-01381,PRD-0102,3,17050,51150
ORD-2026-052213,04-Jun-26,CUS-00102,PRD-0120,5,14740,73700
ORD-2026-052214,04-Jun-26,CUS-02128,PRD-0120,7,14740,103180
ORD-2026-052217,04-Jun-26,CUS-00573,PRD-0122,3,19140,57420
ORD-2026-052218,04-Jun-26,CUS-02203,PRD-0124,14,8790,123060
ORD-2026-052234,04-Jun-26,CUS-01638,PRD-0159,4,25840,103360
ORD-2026-052236,04-Jun-26,CUS-00487,PRD-0161,3,32640,97920
ORD-2026-052242,05-Jun-26,CUS-00707,PRD-0004,6,4490,26940
ORD-2026-052248,05-Jun-26,CUS-01259,PRD-0026,3,4150,12450
ORD-2026-052249,05-Jun-26,CUS-01496,PRD-0028,12,4910,58920
ORD-2026-052257,05-Jun-26,CUS-02490,PRD-0043,3,17760,53280
ORD-2026-052258,05-Jun-26,CUS-00370,PRD-0048,9,16870,151830
ORD-2026-052260,05-Jun-26,CUS-02026,PRD-0051,3,43070,129210
ORD-2026-052264,05-Jun-26,CUS-01270,PRD-0064,14,36350,508900
ORD-2026-052271,05-Jun-26,CUS-02135,PRD-0077,7,31120,217840
ORD-2026-052282,05-Jun-26,CUS-02472,PRD-0090,3,37690,113070
ORD-2026-052285,05-Jun-26,CUS-02071,PRD-0098,3,15320,45960
ORD-2026-052287,05-Jun-26,CUS-01264,PRD-0103,6,38480,230880
ORD-2026-052302,05-Jun-26,CUS-02210,PRD-0125,4,15380,61520
ORD-2026-052303,05-Jun-26,CUS-01835,PRD-0125,8,15380,123040
ORD-2026-052309,05-Jun-26,CUS-00330,PRD-0151,11,42840,471240
ORD-2026-052319,06-Jun-26,CUS-00912,PRD-0016,14,42680,597520
ORD-2026-052322,06-Jun-26,CUS-01694,PRD-0026,4,4150,16600
ORD-2026-052333,06-Jun-26,CUS-01976,PRD-0077,10,31120,311200
ORD-2026-052334,06-Jun-26,CUS-02257,PRD-0078,13,33720,438360
ORD-2026-052344,06-Jun-26,CUS-02048,PRD-0090,6,37690,226140
ORD-2026-052348,06-Jun-26,CUS-00057,PRD-0100,13,20780,270140
ORD-2026-052377,06-Jun-26,CUS-01762,PRD-0168,3,19490,58470
ORD-2026-052387,07-Jun-26,CUS-02085,PRD-0064,12,36350,436200
ORD-2026-052392,07-Jun-26,CUS-01236,PRD-0125,15,15380,230700
ORD-2026-052402,08-Jun-26,CUS-02087,PRD-0003,5,4840,24200
ORD-2026-052404,08-Jun-26,CUS-01828,PRD-0005,12,3110,37320
ORD-2026-052409,08-Jun-26,CUS-00568,PRD-0017,5,39680,198400
ORD-2026-052412,08-Jun-26,CUS-01815,PRD-0026,4,4150,16600
ORD-2026-052414,08-Jun-26,CUS-00683,PRD-0037,6,25650,153900
ORD-2026-052417,08-Jun-26,CUS-01811,PRD-0050,26,5420,140920
ORD-2026-052431,08-Jun-26,CUS-00030,PRD-0078,12,33720,404640
ORD-2026-052436,08-Jun-26,CUS-00353,PRD-0081,8,42190,337520
ORD-2026-052440,08-Jun-26,CUS-01138,PRD-0086,9,28180,253620
ORD-2026-052446,08-Jun-26,CUS-02253,PRD-0090,4,37690,150760
ORD-2026-052452,08-Jun-26,CUS-01812,PRD-0100,5,20780,103900
ORD-2026-052458,08-Jun-26,CUS-00301,PRD-0108,11,30750,338250
ORD-2026-052465,08-Jun-26,CUS-01692,PRD-0121,3,26430,79290
ORD-2026-052473,08-Jun-26,CUS-01574,PRD-0141,16,38600,617600
ORD-2026-052483,08-Jun-26,CUS-01165,PRD-0151,30,42840,1285200
ORD-2026-052484,08-Jun-26,CUS-00090,PRD-0151,9,42840,385560
ORD-2026-052494,08-Jun-26,CUS-00864,PRD-0161,19,32640,620160
ORD-2026-052496,08-Jun-26,CUS-02287,PRD-0164,5,19920,99600
ORD-2026-052501,09-Jun-26,CUS-02231,PRD-0003,3,4840,14520
ORD-2026-052512,09-Jun-26,CUS-00490,PRD-0033,11,11040,121440
ORD-2026-052513,09-Jun-26,CUS-02122,PRD-0035,6,13660,81960
ORD-2026-052520,09-Jun-26,CUS-00799,PRD-0057,9,18040,162360
ORD-2026-052527,09-Jun-26,CUS-01899,PRD-0077,2,31120,62240
ORD-2026-052529,09-Jun-26,CUS-01951,PRD-0080,6,23900,143400
ORD-2026-052534,09-Jun-26,CUS-02449,PRD-0084,14,27760,388640
ORD-2026-052541,09-Jun-26,CUS-00571,PRD-0090,7,37690,263830
ORD-2026-052551,09-Jun-26,CUS-01674,PRD-0118,21,23110,485310
ORD-2026-052565,09-Jun-26,CUS-00995,PRD-0139,15,33360,500400
ORD-2026-052569,09-Jun-26,CUS-02085,PRD-0151,22,42840,942480
ORD-2026-052576,10-Jun-26,CUS-00571,PRD-0001,10,4970,49700
ORD-2026-052582,10-Jun-26,CUS-00316,PRD-0028,6,4910,29460
ORD-2026-052590,10-Jun-26,CUS-01820,PRD-0049,5,18190,90950
ORD-2026-052593,10-Jun-26,CUS-02307,PRD-0058,14,17980,251720
ORD-2026-052596,10-Jun-26,CUS-01588,PRD-0061,30,16320,489600
ORD-2026-052601,10-Jun-26,CUS-01660,PRD-0068,6,16320,97920
ORD-2026-052604,10-Jun-26,CUS-00865,PRD-0084,4,27760,111040
ORD-2026-052609,10-Jun-26,CUS-01590,PRD-0090,7,37690,263830
ORD-2026-052610,10-Jun-26,CUS-00830,PRD-0090,13,37690,489970
ORD-2026-052613,10-Jun-26,CUS-00853,PRD-0093,2,23080,46160
ORD-2026-052615,10-Jun-26,CUS-00864,PRD-0100,13,20780,270140
ORD-2026-052618,10-Jun-26,CUS-02141,PRD-0108,9,30750,276750
ORD-2026-052628,10-Jun-26,CUS-01224,PRD-0127,9,16760,150840
ORD-2026-052645,10-Jun-26,CUS-00953,PRD-0163,34,27790,944860
ORD-2026-052651,11-Jun-26,CUS-01915,PRD-0004,27,4490,121230
ORD-2026-052653,11-Jun-26,CUS-01487,PRD-0020,1,29210,29210
ORD-2026-052654,11-Jun-26,CUS-00505,PRD-0023,1,16940,16940
ORD-2026-052655,11-Jun-26,CUS-02195,PRD-0026,9,4150,37350
ORD-2026-052660,11-Jun-26,CUS-02419,PRD-0039,14,14770,206780
ORD-2026-052669,11-Jun-26,CUS-00683,PRD-0074,6,38390,230340
ORD-2026-052670,11-Jun-26,CUS-00276,PRD-0075,3,34020,102060
ORD-2026-052682,11-Jun-26,CUS-00741,PRD-0090,4,37690,150760
ORD-2026-052683,11-Jun-26,CUS-00870,PRD-0090,1,37690,37690
ORD-2026-052684,11-Jun-26,CUS-01960,PRD-0090,5,37690,188450
ORD-2026-052688,11-Jun-26,CUS-00465,PRD-0101,4,22590,90360
ORD-2026-052699,11-Jun-26,CUS-00948,PRD-0147,3,32330,96990
ORD-2026-052707,11-Jun-26,CUS-01631,PRD-0163,8,27790,222320
ORD-2026-052711,12-Jun-26,CUS-00491,PRD-0004,41,4490,184090
ORD-2026-052714,12-Jun-26,CUS-01636,PRD-0016,8,42680,341440
ORD-2026-052717,12-Jun-26,CUS-01951,PRD-0023,22,16940,372680
ORD-2026-052722,12-Jun-26,CUS-01605,PRD-0046,3,17360,52080
ORD-2026-052727,12-Jun-26,CUS-01097,PRD-0061,5,16320,81600
ORD-2026-052731,12-Jun-26,CUS-00090,PRD-0064,4,36350,145400
ORD-2026-052737,12-Jun-26,CUS-01236,PRD-0079,14,46870,656180
ORD-2026-052743,12-Jun-26,CUS-01978,PRD-0086,7,28180,197260
ORD-2026-052744,12-Jun-26,CUS-02094,PRD-0086,6,28180,169080
ORD-2026-052752,12-Jun-26,CUS-02242,PRD-0090,7,37690,263830
ORD-2026-052758,12-Jun-26,CUS-01795,PRD-0115,8,21210,169680
ORD-2026-052773,12-Jun-26,CUS-00630,PRD-0142,3,52030,156090
ORD-2026-052781,12-Jun-26,CUS-02252,PRD-0155,9,65880,592920
ORD-2026-052783,12-Jun-26,CUS-01373,PRD-0160,15,32940,494100
ORD-2026-052789,13-Jun-26,CUS-00570,PRD-0011,6,17170,103020
ORD-2026-052791,13-Jun-26,CUS-00416,PRD-0020,8,29210,233680
ORD-2026-052809,13-Jun-26,CUS-01971,PRD-0078,10,33720,337200
ORD-2026-052811,13-Jun-26,CUS-02193,PRD-0081,5,42190,210950
ORD-2026-052813,13-Jun-26,CUS-00126,PRD-0083,40,23690,947600
ORD-2026-052820,13-Jun-26,CUS-00669,PRD-0090,14,37690,527660
ORD-2026-052821,13-Jun-26,CUS-02275,PRD-0090,6,37690,226140
ORD-2026-052830,13-Jun-26,CUS-00394,PRD-0117,25,17520,438000
ORD-2026-052844,13-Jun-26,CUS-02497,PRD-0161,10,32640,326400
ORD-2026-052855,14-Jun-26,CUS-01755,PRD-0069,6,17210,103260
ORD-2026-052859,14-Jun-26,CUS-01279,PRD-0082,14,30730,430220
ORD-2026-052864,14-Jun-26,CUS-01359,PRD-0090,8,37690,301520
ORD-2026-052872,14-Jun-26,CUS-00597,PRD-0143,4,48640,194560
ORD-2026-052875,14-Jun-26,CUS-01635,PRD-0151,24,42840,1028160
ORD-2026-052877,14-Jun-26,CUS-00856,PRD-0166,22,25650,564300
ORD-2026-052889,15-Jun-26,CUS-01741,PRD-0029,1,11070,11070
ORD-2026-052891,15-Jun-26,CUS-01557,PRD-0033,7,11040,77280
ORD-2026-052892,15-Jun-26,CUS-01969,PRD-0035,18,13660,245880
ORD-2026-052895,15-Jun-26,CUS-00986,PRD-0048,13,16870,219310
ORD-2026-052896,15-Jun-26,CUS-02402,PRD-0048,11,16870,185570
ORD-2026-052908,15-Jun-26,CUS-00714,PRD-0077,4,31120,124480
ORD-2026-052910,15-Jun-26,CUS-02307,PRD-0081,11,42190,464090
ORD-2026-052912,15-Jun-26,CUS-01064,PRD-0084,3,27760,83280
ORD-2026-052917,15-Jun-26,CUS-01502,PRD-0086,19,28180,535420
ORD-2026-052926,15-Jun-26,CUS-01219,PRD-0091,21,27010,567210
ORD-2026-052928,15-Jun-26,CUS-01085,PRD-0103,4,38480,153920
ORD-2026-052930,15-Jun-26,CUS-00388,PRD-0108,3,30750,92250
ORD-2026-052931,15-Jun-26,CUS-01254,PRD-0109,12,30700,368400
ORD-2026-052932,15-Jun-26,CUS-00886,PRD-0111,3,12240,36720
ORD-2026-052943,15-Jun-26,CUS-00262,PRD-0125,16,15380,246080
ORD-2026-052949,15-Jun-26,CUS-01617,PRD-0142,5,52030,260150
ORD-2026-052954,15-Jun-26,CUS-01337,PRD-0154,6,42470,254820
ORD-2026-052955,15-Jun-26,CUS-00717,PRD-0155,9,65880,592920
ORD-2026-052968,15-Jun-26,CUS-01992,PRD-0166,8,25650,205200
ORD-2026-052972,16-Jun-26,CUS-00636,PRD-0001,5,4970,24850
ORD-2026-052976,16-Jun-26,CUS-00350,PRD-0007,1,17070,17070
ORD-2026-052978,16-Jun-26,CUS-00811,PRD-0025,5,5090,25450
ORD-2026-052986,16-Jun-26,CUS-02258,PRD-0045,15,7340,110100
ORD-2026-052987,16-Jun-26,CUS-01038,PRD-0046,9,17360,156240
ORD-2026-052988,16-Jun-26,CUS-01152,PRD-0046,1,17360,17360
ORD-2026-052999,16-Jun-26,CUS-00353,PRD-0077,5,31120,155600
ORD-2026-053000,16-Jun-26,CUS-02282,PRD-0077,7,31120,217840
ORD-2026-053003,16-Jun-26,CUS-00308,PRD-0081,4,42190,168760
ORD-2026-053005,16-Jun-26,CUS-01052,PRD-0083,12,23690,284280
ORD-2026-053014,16-Jun-26,CUS-01110,PRD-0090,17,37690,640730
ORD-2026-053015,16-Jun-26,CUS-00330,PRD-0090,4,37690,150760
ORD-2026-053022,16-Jun-26,CUS-00922,PRD-0108,9,30750,276750
ORD-2026-053023,16-Jun-26,CUS-01359,PRD-0108,2,30750,61500
ORD-2026-053024,16-Jun-26,CUS-01690,PRD-0109,27,30700,828900
ORD-2026-053037,16-Jun-26,CUS-02219,PRD-0144,7,31990,223930
ORD-2026-053044,16-Jun-26,CUS-00663,PRD-0154,19,42470,806930
ORD-2026-053051,16-Jun-26,CUS-02379,PRD-0165,13,23380,303940
ORD-2026-053052,16-Jun-26,CUS-01516,PRD-0165,6,23380,140280
ORD-2026-053060,17-Jun-26,CUS-00180,PRD-0009,14,18390,257460
ORD-2026-053064,17-Jun-26,CUS-02122,PRD-0024,7,9800,68600
ORD-2026-053065,17-Jun-26,CUS-01114,PRD-0030,5,25250,126250
ORD-2026-053067,17-Jun-26,CUS-00149,PRD-0035,7,13660,95620
ORD-2026-053068,17-Jun-26,CUS-00313,PRD-0048,5,16870,84350
ORD-2026-053070,17-Jun-26,CUS-01660,PRD-0059,10,50810,508100
ORD-2026-053077,17-Jun-26,CUS-01608,PRD-0068,2,16320,32640
ORD-2026-053081,17-Jun-26,CUS-01219,PRD-0081,9,42190,379710
ORD-2026-053091,17-Jun-26,CUS-00683,PRD-0090,6,37690,226140
ORD-2026-053093,17-Jun-26,CUS-00986,PRD-0097,6,21780,130680
ORD-2026-053096,17-Jun-26,CUS-00831,PRD-0100,13,20780,270140
ORD-2026-053099,17-Jun-26,CUS-01824,PRD-0108,8,30750,246000
ORD-2026-053105,17-Jun-26,CUS-02449,PRD-0137,3,27650,82950
ORD-2026-053106,17-Jun-26,CUS-00381,PRD-0139,4,33360,133440
ORD-2026-053109,17-Jun-26,CUS-00714,PRD-0142,1,52030,52030
ORD-2026-053110,17-Jun-26,CUS-01168,PRD-0143,25,48640,1216000
ORD-2026-053111,17-Jun-26,CUS-01218,PRD-0144,15,31990,479850
ORD-2026-053120,17-Jun-26,CUS-02253,PRD-0160,8,32940,263520
ORD-2026-053121,17-Jun-26,CUS-00007,PRD-0161,3,32640,97920
ORD-2026-053122,17-Jun-26,CUS-00445,PRD-0161,4,32640,130560
ORD-2026-053126,18-Jun-26,CUS-00827,PRD-0004,3,4490,13470
ORD-2026-053130,18-Jun-26,CUS-00347,PRD-0033,4,11040,44160
ORD-2026-053131,18-Jun-26,CUS-00437,PRD-0035,3,13660,40980
ORD-2026-053132,18-Jun-26,CUS-01106,PRD-0041,5,6830,34150
ORD-2026-053138,18-Jun-26,CUS-00992,PRD-0064,3,36350,109050
ORD-2026-053141,18-Jun-26,CUS-00046,PRD-0077,7,31120,217840
ORD-2026-053152,18-Jun-26,CUS-00799,PRD-0090,2,37690,75380
ORD-2026-053153,18-Jun-26,CUS-01978,PRD-0090,5,37690,188450
ORD-2026-053163,18-Jun-26,CUS-00568,PRD-0103,6,38480,230880
ORD-2026-053166,18-Jun-26,CUS-02053,PRD-0108,5,30750,153750
ORD-2026-053171,18-Jun-26,CUS-00692,PRD-0125,3,15380,46140
ORD-2026-053172,18-Jun-26,CUS-01703,PRD-0125,2,15380,30760
ORD-2026-053174,18-Jun-26,CUS-01647,PRD-0131,3,31140,93420
ORD-2026-053178,18-Jun-26,CUS-02252,PRD-0142,4,52030,208120
ORD-2026-053183,18-Jun-26,CUS-01627,PRD-0151,6,42840,257040
ORD-2026-053184,18-Jun-26,CUS-00436,PRD-0151,7,42840,299880
ORD-2026-053192,18-Jun-26,CUS-01947,PRD-0161,18,32640,587520
ORD-2026-053195,18-Jun-26,CUS-01118,PRD-0165,8,23380,187040
ORD-2026-053200,19-Jun-26,CUS-02497,PRD-0004,29,4490,130210
ORD-2026-053203,19-Jun-26,CUS-00437,PRD-0008,20,16360,327200
ORD-2026-053211,19-Jun-26,CUS-00778,PRD-0037,1,25650,25650
ORD-2026-053220,19-Jun-26,CUS-01574,PRD-0060,8,57540,460320
ORD-2026-053221,19-Jun-26,CUS-01550,PRD-0068,6,16320,97920
ORD-2026-053226,19-Jun-26,CUS-02038,PRD-0075,18,34020,612360
ORD-2026-053238,19-Jun-26,CUS-01838,PRD-0100,22,20780,457160
ORD-2026-053242,19-Jun-26,CUS-01567,PRD-0111,6,12240,73440
ORD-2026-053244,19-Jun-26,CUS-01460,PRD-0121,9,26430,237870
ORD-2026-053260,19-Jun-26,CUS-00010,PRD-0151,7,42840,299880
ORD-2026-053267,19-Jun-26,CUS-01755,PRD-0161,3,32640,97920
ORD-2026-053270,19-Jun-26,CUS-00858,PRD-0168,4,19490,77960
ORD-2026-053273,20-Jun-26,CUS-02314,PRD-0004,10,4490,44900
ORD-2026-053282,20-Jun-26,CUS-01437,PRD-0048,12,16870,202440
ORD-2026-053287,20-Jun-26,CUS-01617,PRD-0068,5,16320,81600
ORD-2026-053298,20-Jun-26,CUS-02379,PRD-0090,4,37690,150760
ORD-2026-053299,20-Jun-26,CUS-00212,PRD-0090,23,37690,866870
ORD-2026-053303,20-Jun-26,CUS-02184,PRD-0093,11,23080,253880
ORD-2026-053307,20-Jun-26,CUS-01622,PRD-0108,4,30750,123000
ORD-2026-053310,20-Jun-26,CUS-02428,PRD-0120,10,14740,147400
ORD-2026-053313,20-Jun-26,CUS-00212,PRD-0128,5,20590,102950
ORD-2026-053320,20-Jun-26,CUS-01960,PRD-0145,9,31800,286200
ORD-2026-053324,20-Jun-26,CUS-01515,PRD-0154,19,42470,806930
ORD-2026-053326,20-Jun-26,CUS-00165,PRD-0160,8,32940,263520
ORD-2026-053328,20-Jun-26,CUS-00927,PRD-0163,6,27790,166740
ORD-2026-053335,21-Jun-26,CUS-01766,PRD-0057,10,18040,180400
ORD-2026-053338,21-Jun-26,CUS-01449,PRD-0069,5,17210,86050
ORD-2026-053341,21-Jun-26,CUS-01828,PRD-0090,75,37690,2826750
ORD-2026-053344,21-Jun-26,CUS-00527,PRD-0109,2,30700,61400
ORD-2026-053362,22-Jun-26,CUS-00375,PRD-0017,8,39680,317440
ORD-2026-053385,22-Jun-26,CUS-00651,PRD-0083,3,23690,71070
ORD-2026-053394,22-Jun-26,CUS-00090,PRD-0090,5,37690,188450
ORD-2026-053395,22-Jun-26,CUS-01608,PRD-0090,4,37690,150760
ORD-2026-053399,22-Jun-26,CUS-02449,PRD-0095,9,20290,182610
ORD-2026-053400,22-Jun-26,CUS-01102,PRD-0098,8,15320,122560
ORD-2026-053409,22-Jun-26,CUS-00382,PRD-0109,7,30700,214900
ORD-2026-053414,22-Jun-26,CUS-00010,PRD-0120,3,14740,44220
ORD-2026-053418,22-Jun-26,CUS-01214,PRD-0125,2,15380,30760
ORD-2026-053419,22-Jun-26,CUS-00602,PRD-0125,13,15380,199940
ORD-2026-053421,22-Jun-26,CUS-00568,PRD-0137,6,27650,165900
ORD-2026-053424,22-Jun-26,CUS-00544,PRD-0150,10,47850,478500
ORD-2026-053429,22-Jun-26,CUS-00225,PRD-0151,3,42840,128520
ORD-2026-053434,22-Jun-26,CUS-00437,PRD-0156,3,58570,175710
ORD-2026-053437,23-Jun-26,CUS-01638,PRD-0007,8,17070,136560
ORD-2026-053439,23-Jun-26,CUS-01024,PRD-0011,2,17170,34340
ORD-2026-053440,23-Jun-26,CUS-01813,PRD-0011,11,17170,188870
ORD-2026-053461,23-Jun-26,CUS-01828,PRD-0090,3,37690,113070
ORD-2026-053483,23-Jun-26,CUS-01514,PRD-0151,3,42840,128520
ORD-2026-053484,23-Jun-26,CUS-00105,PRD-0151,6,42840,257040
ORD-2026-053496,23-Jun-26,CUS-00444,PRD-0164,3,19920,59760
ORD-2026-053497,23-Jun-26,CUS-01814,PRD-0168,15,19490,292350
ORD-2026-053504,24-Jun-26,CUS-01712,PRD-0025,6,5090,30540
ORD-2026-053508,24-Jun-26,CUS-00675,PRD-0036,5,20500,102500
ORD-2026-053508,24-Jun-26,CUS-00675,PRD-0036,5,20500,102500
ORD-2026-053512,24-Jun-26,CUS-00512,PRD-0051,4,43070,172280
ORD-2026-053513,24-Jun-26,CUS-02334,PRD-0057,18,18040,324720
ORD-2026-053518,24-Jun-26,CUS-02225,PRD-0063,34,15070,512380
ORD-2026-053522,24-Jun-26,CUS-02367,PRD-0072,1,42600,42600
ORD-2026-053524,24-Jun-26,CUS-00995,PRD-0076,6,28050,168300
ORD-2026-053527,24-Jun-26,CUS-00055,PRD-0080,9,23900,215100
ORD-2026-053535,24-Jun-26,CUS-01309,PRD-0090,9,37690,339210
ORD-2026-053536,24-Jun-26,CUS-02038,PRD-0090,7,37690,263830
ORD-2026-053536,24-Jun-26,CUS-02038,PRD-0090,7,37690,263830
ORD-2026-053541,24-Jun-26,CUS-01691,PRD-0098,13,15320,199160
ORD-2026-053545,24-Jun-26,CUS-00248,PRD-0100,2,20780,41560
ORD-2026-053547,24-Jun-26,CUS-02287,PRD-0108,8,30750,246000
ORD-2026-053549,24-Jun-26,CUS-02182,PRD-0111,12,12240,146880
ORD-2026-053555,24-Jun-26,CUS-00669,PRD-0126,36,29270,1053720
ORD-2026-053559,24-Jun-26,CUS-02281,PRD-0138,5,27020,135100
ORD-2026-053560,24-Jun-26,CUS-00340,PRD-0141,4,38600,154400
ORD-2026-053573,24-Jun-26,CUS-00741,PRD-0165,27,23380,631260
ORD-2026-053591,25-Jun-26,CUS-01875,PRD-0049,4,18190,72760
ORD-2026-053592,25-Jun-26,CUS-02215,PRD-0051,8,43070,344560
ORD-2026-053604,25-Jun-26,CUS-01703,PRD-0086,5,28180,140900
ORD-2026-053615,25-Jun-26,CUS-01388,PRD-0093,6,23080,138480
ORD-2026-053623,25-Jun-26,CUS-01257,PRD-0100,4,20780,83120
ORD-2026-053628,25-Jun-26,CUS-01679,PRD-0108,8,30750,246000
ORD-2026-053631,25-Jun-26,CUS-00030,PRD-0120,8,14740,117920
ORD-2026-053648,25-Jun-26,CUS-01449,PRD-0151,3,42840,128520
ORD-2026-053651,25-Jun-26,CUS-01691,PRD-0156,4,58570,234280
ORD-2026-053653,25-Jun-26,CUS-00051,PRD-0160,6,32940,197640
ORD-2026-053655,25-Jun-26,CUS-00973,PRD-0161,7,32640,228480
ORD-2026-053656,25-Jun-26,CUS-02286,PRD-0161,3,32640,97920
ORD-2026-053666,26-Jun-26,CUS-01721,PRD-0016,7,42680,298760
ORD-2026-053683,26-Jun-26,CUS-01437,PRD-0080,13,23900,310700
ORD-2026-053685,26-Jun-26,CUS-01081,PRD-0081,9,42190,379710
ORD-2026-053689,26-Jun-26,CUS-02231,PRD-0085,11,32580,358380
ORD-2026-053692,26-Jun-26,CUS-01099,PRD-0086,7,28180,197260
ORD-2026-053698,26-Jun-26,CUS-02125,PRD-0090,5,37690,188450
ORD-2026-053699,26-Jun-26,CUS-02427,PRD-0090,1,37690,37690
ORD-2026-053703,26-Jun-26,CUS-02404,PRD-0100,2,20780,41560
ORD-2026-053707,26-Jun-26,CUS-01062,PRD-0108,13,30750,399750
ORD-2026-053725,26-Jun-26,CUS-02380,PRD-0149,4,45880,183520
ORD-2026-053726,26-Jun-26,CUS-01497,PRD-0150,5,47850,239250
ORD-2026-053728,26-Jun-26,CUS-01762,PRD-0151,9,42840,385560
ORD-2026-053743,27-Jun-26,CUS-00482,PRD-0010,5,16050,80250
ORD-2026-053747,27-Jun-26,CUS-01652,PRD-0031,8,36660,293280
ORD-2026-053752,27-Jun-26,CUS-02409,PRD-0040,9,14100,126900
ORD-2026-053756,27-Jun-26,CUS-01660,PRD-0061,22,16320,359040
ORD-2026-053763,27-Jun-26,CUS-00675,PRD-0074,1,38390,38390
ORD-2026-053764,27-Jun-26,CUS-01038,PRD-0077,24,31120,746880
ORD-2026-053764,27-Jun-26,CUS-01038,PRD-0077,24,31120,746880
ORD-2026-053766,27-Jun-26,CUS-02037,PRD-0079,1,46870,46870
ORD-2026-053778,27-Jun-26,CUS-00305,PRD-0098,14,15320,214480
ORD-2026-053782,27-Jun-26,CUS-01527,PRD-0103,25,38480,962000
ORD-2026-053792,27-Jun-26,CUS-01324,PRD-0142,3,52030,156090
ORD-2026-053793,27-Jun-26,CUS-00953,PRD-0145,19,31800,604200
ORD-2026-053805,28-Jun-26,CUS-02231,PRD-0051,3,43070,129210
ORD-2026-053811,28-Jun-26,CUS-01486,PRD-0082,6,30730,184380
ORD-2026-053816,28-Jun-26,CUS-01019,PRD-0098,1,15320,15320
ORD-2026-053834,29-Jun-26,CUS-00877,PRD-0006,3,3060,9180
ORD-2026-053841,29-Jun-26,CUS-02280,PRD-0031,12,36660,439920
ORD-2026-053843,29-Jun-26,CUS-02035,PRD-0039,1,14770,14770
ORD-2026-053845,29-Jun-26,CUS-02441,PRD-0046,13,17360,225680
ORD-2026-053847,29-Jun-26,CUS-00454,PRD-0055,12,16990,203880
ORD-2026-053848,29-Jun-26,CUS-01851,PRD-0057,4,18040,72160
ORD-2026-053857,29-Jun-26,CUS-01627,PRD-0068,14,16320,228480
ORD-2026-053858,29-Jun-26,CUS-00623,PRD-0068,19,16320,310080
ORD-2026-053864,29-Jun-26,CUS-01809,PRD-0076,18,28050,504900
ORD-2026-053866,29-Jun-26,CUS-00124,PRD-0078,12,33720,404640
ORD-2026-053867,29-Jun-26,CUS-02245,PRD-0079,5,46870,234350
ORD-2026-053868,29-Jun-26,CUS-00541,PRD-0081,3,42190,126570
ORD-2026-053874,29-Jun-26,CUS-00038,PRD-0090,5,37690,188450
ORD-2026-053875,29-Jun-26,CUS-00600,PRD-0090,15,37690,565350
ORD-2026-053876,29-Jun-26,CUS-00045,PRD-0090,11,37690,414590
ORD-2026-053877,29-Jun-26,CUS-00007,PRD-0090,5,37690,188450
ORD-2026-053882,29-Jun-26,CUS-00575,PRD-0118,3,23110,69330
ORD-2026-053889,29-Jun-26,CUS-00165,PRD-0125,7,15380,107660
ORD-2026-053900,29-Jun-26,CUS-01911,PRD-0157,5,24810,124050
ORD-2026-053903,29-Jun-26,CUS-00585,PRD-0160,3,32940,98820
ORD-2026-053908,29-Jun-26,CUS-00331,PRD-0165,16,23380,374080
ORD-2026-053914,30-Jun-26,CUS-01134,PRD-0005,2,3110,6220
ORD-2026-053915,30-Jun-26,CUS-00255,PRD-0007,7,17070,119490
ORD-2026-053918,30-Jun-26,CUS-00665,PRD-0017,11,39680,436480
ORD-2026-053919,30-Jun-26,CUS-01278,PRD-0020,5,29210,146050
ORD-2026-053929,30-Jun-26,CUS-01395,PRD-0060,8,57540,460320
ORD-2026-053939,30-Jun-26,CUS-02234,PRD-0077,8,31120,248960
ORD-2026-053945,30-Jun-26,CUS-00525,PRD-0085,4,32580,130320
ORD-2026-053949,30-Jun-26,CUS-00915,PRD-0090,1,37690,37690
ORD-2026-053950,30-Jun-26,CUS-00950,PRD-0090,17,37690,640730
ORD-2026-053951,30-Jun-26,CUS-01876,PRD-0090,23,37690,866870
ORD-2026-053952,30-Jun-26,CUS-00008,PRD-0090,5,37690,188450
ORD-2026-053958,30-Jun-26,CUS-00313,PRD-0100,6,20780,124680
ORD-2026-053959,30-Jun-26,CUS-01177,PRD-0100,8,20780,166240
ORD-2026-053961,30-Jun-26,CUS-00034,PRD-0111,8,12240,97920
ORD-2026-053963,30-Jun-26,CUS-02260,PRD-0118,32,23110,739520
ORD-2026-053968,30-Jun-26,CUS-00347,PRD-0135,13,32900,427700
ORD-2026-053971,30-Jun-26,CUS-01368,PRD-0150,5,47850,239250
