CountDate,WarehouseID,ProductID,SystemQty,CountedQty,Variance
2024-07-31,WH-LAG1,PRD-0001,17,17,0
2024-07-31,WH-LAG2,PRD-0001,38,38,0
2024-07-31,WH-IBD,PRD-0001,18,18,0
2024-07-31,WH-ABJ,PRD-0001,26,26,0
2024-07-31,WH-PHC,PRD-0001,11,11,0
2024-07-31,WH-LAG1,PRD-0002,23,23,0
2024-07-31,WH-LAG2,PRD-0002,0,0,-1
2024-07-31,WH-IBD,PRD-0002,10,9,-1
2024-07-31,WH-ABJ,PRD-0002,39,39,0
2024-07-31,WH-PHC,PRD-0002,11,11,0
2024-07-31,WH-LAG1,PRD-0003,11,11,0
2024-07-31,WH-LAG2,PRD-0003,10,10,0
2024-07-31,WH-IBD,PRD-0003,10,10,0
2024-07-31,WH-ABJ,PRD-0003,6,6,0
2024-07-31,WH-PHC,PRD-0003,10,10,0
2024-07-31,WH-LAG1,PRD-0004,164,166,2
2024-07-31,WH-LAG2,PRD-0004,255,255,0
2024-07-31,WH-IBD,PRD-0004,147,147,0
2024-07-31,WH-ABJ,PRD-0004,280,280,0
2024-07-31,WH-PHC,PRD-0004,0,0,0
2024-07-31,WH-LAG1,PRD-0005,43,42,-1
2024-07-31,WH-LAG2,PRD-0005,28,28,0
2024-07-31,WH-IBD,PRD-0005,24,23,-1
2024-07-31,WH-ABJ,PRD-0005,43,43,0
2024-07-31,WH-PHC,PRD-0005,33,33,0
2024-07-31,WH-LAG1,PRD-0006,28,28,0
2024-07-31,WH-LAG2,PRD-0006,0,0,0
2024-07-31,WH-IBD,PRD-0006,11,11,0
2024-07-31,WH-ABJ,PRD-0006,15,15,0
2024-07-31,WH-PHC,PRD-0006,13,13,0
2024-07-31,WH-LAG1,PRD-0007,48,48,0
2024-07-31,WH-LAG2,PRD-0007,47,47,0
2024-07-31,WH-IBD,PRD-0007,5,5,0
2024-07-31,WH-ABJ,PRD-0007,108,108,0
2024-07-31,WH-PHC,PRD-0007,33,33,0
2024-07-31,WH-LAG1,PRD-0008,26,26,0
2024-07-31,WH-LAG2,PRD-0008,23,23,0
2024-07-31,WH-IBD,PRD-0008,9,9,0
2024-07-31,WH-ABJ,PRD-0008,61,61,0
2024-07-31,WH-PHC,PRD-0008,53,53,0
2024-07-31,WH-LAG1,PRD-0009,1,1,0
2024-07-31,WH-LAG2,PRD-0009,11,12,1
2024-07-31,WH-IBD,PRD-0009,10,10,0
2024-07-31,WH-ABJ,PRD-0009,13,13,0
2024-07-31,WH-PHC,PRD-0009,0,0,0
2024-07-31,WH-LAG1,PRD-0010,14,15,1
2024-07-31,WH-LAG2,PRD-0010,10,9,-1
2024-07-31,WH-IBD,PRD-0010,20,20,0
2024-07-31,WH-ABJ,PRD-0010,3,3,0
2024-07-31,WH-PHC,PRD-0010,5,5,0
2024-07-31,WH-LAG1,PRD-0011,59,58,-1
2024-07-31,WH-LAG2,PRD-0011,119,119,0
2024-07-31,WH-IBD,PRD-0011,103,103,0
2024-07-31,WH-ABJ,PRD-0011,51,51,0
2024-07-31,WH-PHC,PRD-0011,107,107,0
2024-07-31,WH-LAG1,PRD-0012,20,20,0
2024-07-31,WH-LAG2,PRD-0012,15,14,-1
2024-07-31,WH-IBD,PRD-0012,13,13,0
2024-07-31,WH-ABJ,PRD-0012,0,0,0
2024-07-31,WH-PHC,PRD-0012,11,11,0
2024-07-31,WH-LAG1,PRD-0013,8,8,0
2024-07-31,WH-LAG2,PRD-0013,10,10,0
2024-07-31,WH-IBD,PRD-0013,0,0,0
2024-07-31,WH-ABJ,PRD-0013,0,0,0
2024-07-31,WH-PHC,PRD-0013,2,2,0
2024-07-31,WH-LAG1,PRD-0014,10,10,0
2024-07-31,WH-LAG2,PRD-0014,10,10,0
2024-07-31,WH-IBD,PRD-0014,4,4,0
2024-07-31,WH-ABJ,PRD-0014,0,0,0
2024-07-31,WH-PHC,PRD-0014,10,10,0
2024-07-31,WH-LAG1,PRD-0015,16,16,0
2024-07-31,WH-LAG2,PRD-0015,10,10,0
2024-07-31,WH-IBD,PRD-0015,8,7,-1
2024-07-31,WH-ABJ,PRD-0015,3,3,0
2024-07-31,WH-PHC,PRD-0015,10,10,0
2024-07-31,WH-LAG1,PRD-0016,23,23,0
2024-07-31,WH-LAG2,PRD-0016,58,59,1
2024-07-31,WH-IBD,PRD-0016,44,43,-1
2024-07-31,WH-ABJ,PRD-0016,64,64,0
2024-07-31,WH-PHC,PRD-0016,62,62,0
2024-07-31,WH-LAG1,PRD-0017,26,26,0
2024-07-31,WH-LAG2,PRD-0017,14,14,0
2024-07-31,WH-IBD,PRD-0017,48,48,0
2024-07-31,WH-ABJ,PRD-0017,27,27,0
2024-07-31,WH-PHC,PRD-0017,13,13,0
2024-07-31,WH-LAG1,PRD-0018,62,62,0
2024-07-31,WH-LAG2,PRD-0018,100,102,2
2024-07-31,WH-IBD,PRD-0018,100,96,-4
2024-07-31,WH-ABJ,PRD-0018,106,106,0
2024-07-31,WH-PHC,PRD-0018,51,51,0
2024-07-31,WH-LAG1,PRD-0019,54,54,0
2024-07-31,WH-LAG2,PRD-0019,25,25,0
2024-07-31,WH-IBD,PRD-0019,20,20,0
2024-07-31,WH-ABJ,PRD-0019,8,8,0
2024-07-31,WH-PHC,PRD-0019,15,16,1
2024-07-31,WH-LAG1,PRD-0020,81,81,0
2024-07-31,WH-LAG2,PRD-0020,30,30,0
2024-07-31,WH-IBD,PRD-0020,16,16,0
2024-07-31,WH-ABJ,PRD-0020,31,31,0
2024-07-31,WH-PHC,PRD-0020,28,28,0
2024-07-31,WH-LAG1,PRD-0021,86,86,0
2024-07-31,WH-LAG2,PRD-0021,10,10,0
2024-07-31,WH-IBD,PRD-0021,10,10,0
2024-07-31,WH-ABJ,PRD-0021,10,10,0
2024-07-31,WH-PHC,PRD-0021,10,10,0
2024-07-31,WH-LAG1,PRD-0022,4,4,0
2024-07-31,WH-LAG2,PRD-0022,10,10,0
2024-07-31,WH-IBD,PRD-0022,7,7,0
2024-07-31,WH-ABJ,PRD-0022,4,4,0
2024-07-31,WH-PHC,PRD-0022,2,1,-1
2024-07-31,WH-LAG1,PRD-0023,62,62,0
2024-07-31,WH-LAG2,PRD-0023,0,0,0
2024-07-31,WH-IBD,PRD-0023,15,15,0
2024-07-31,WH-ABJ,PRD-0023,49,50,1
2024-07-31,WH-PHC,PRD-0023,19,19,0
2024-07-31,WH-LAG1,PRD-0024,58,57,-1
2024-07-31,WH-LAG2,PRD-0024,11,11,0
2024-07-31,WH-IBD,PRD-0024,5,5,0
2024-07-31,WH-ABJ,PRD-0024,16,16,0
2024-07-31,WH-PHC,PRD-0024,31,31,0
2024-07-31,WH-LAG1,PRD-0025,37,37,0
2024-07-31,WH-LAG2,PRD-0025,15,15,0
2024-07-31,WH-IBD,PRD-0025,3,3,0
2024-07-31,WH-ABJ,PRD-0025,6,6,0
2024-07-31,WH-PHC,PRD-0025,0,0,0
2024-07-31,WH-LAG1,PRD-0026,60,60,0
2024-07-31,WH-LAG2,PRD-0026,19,19,0
2024-07-31,WH-IBD,PRD-0026,26,26,0
2024-07-31,WH-ABJ,PRD-0026,30,30,0
2024-07-31,WH-PHC,PRD-0026,30,30,0
2024-07-31,WH-LAG1,PRD-0027,6,6,0
2024-07-31,WH-LAG2,PRD-0027,0,0,0
2024-07-31,WH-IBD,PRD-0027,10,10,0
2024-07-31,WH-ABJ,PRD-0027,7,7,0
2024-07-31,WH-PHC,PRD-0027,5,5,0
2024-07-31,WH-LAG1,PRD-0028,21,20,-1
2024-07-31,WH-LAG2,PRD-0028,8,8,0
2024-07-31,WH-IBD,PRD-0028,40,40,0
2024-07-31,WH-ABJ,PRD-0028,6,6,0
2024-07-31,WH-PHC,PRD-0028,29,29,0
2024-07-31,WH-LAG1,PRD-0029,20,20,0
2024-07-31,WH-LAG2,PRD-0029,8,8,0
2024-07-31,WH-IBD,PRD-0029,34,34,0
2024-07-31,WH-ABJ,PRD-0029,12,12,0
2024-07-31,WH-PHC,PRD-0029,33,33,0
2024-07-31,WH-LAG1,PRD-0030,39,39,0
2024-07-31,WH-LAG2,PRD-0030,10,10,0
2024-07-31,WH-IBD,PRD-0030,10,10,0
2024-07-31,WH-ABJ,PRD-0030,10,10,0
2024-07-31,WH-PHC,PRD-0030,7,7,0
2024-07-31,WH-LAG1,PRD-0031,241,241,0
2024-07-31,WH-LAG2,PRD-0031,42,42,0
2024-07-31,WH-IBD,PRD-0031,68,68,0
2024-07-31,WH-ABJ,PRD-0031,38,38,0
2024-07-31,WH-PHC,PRD-0031,46,46,0
2024-07-31,WH-LAG1,PRD-0032,10,10,0
2024-07-31,WH-LAG2,PRD-0032,10,10,0
2024-07-31,WH-IBD,PRD-0032,10,10,0
2024-07-31,WH-ABJ,PRD-0032,10,10,0
2024-07-31,WH-PHC,PRD-0032,10,10,0
2024-07-31,WH-LAG1,PRD-0033,108,108,0
2024-07-31,WH-LAG2,PRD-0033,23,23,0
2024-07-31,WH-IBD,PRD-0033,2,2,0
2024-07-31,WH-ABJ,PRD-0033,71,71,0
2024-07-31,WH-PHC,PRD-0033,24,24,0
2024-07-31,WH-LAG1,PRD-0034,23,23,0
2024-07-31,WH-LAG2,PRD-0034,11,11,0
2024-07-31,WH-IBD,PRD-0034,10,10,0
2024-07-31,WH-ABJ,PRD-0034,6,6,0
2024-07-31,WH-PHC,PRD-0034,11,11,0
2024-07-31,WH-LAG1,PRD-0035,34,34,0
2024-07-31,WH-LAG2,PRD-0035,84,84,0
2024-07-31,WH-IBD,PRD-0035,11,11,0
2024-07-31,WH-ABJ,PRD-0035,90,90,0
2024-07-31,WH-PHC,PRD-0035,91,91,0
2024-07-31,WH-LAG1,PRD-0036,0,0,0
2024-07-31,WH-LAG2,PRD-0036,10,10,0
2024-07-31,WH-IBD,PRD-0036,10,10,0
2024-07-31,WH-ABJ,PRD-0036,10,10,0
2024-07-31,WH-PHC,PRD-0036,0,0,0
2024-07-31,WH-LAG1,PRD-0037,76,76,0
2024-07-31,WH-LAG2,PRD-0037,150,150,0
2024-07-31,WH-IBD,PRD-0037,16,16,0
2024-07-31,WH-ABJ,PRD-0037,25,25,0
2024-07-31,WH-PHC,PRD-0037,42,42,0
2024-07-31,WH-LAG1,PRD-0038,10,10,0
2024-07-31,WH-LAG2,PRD-0038,27,26,-1
2024-07-31,WH-IBD,PRD-0038,2,2,0
2024-07-31,WH-ABJ,PRD-0038,10,10,0
2024-07-31,WH-PHC,PRD-0038,10,10,0
2024-07-31,WH-LAG1,PRD-0039,125,121,-4
2024-07-31,WH-LAG2,PRD-0039,191,191,0
2024-07-31,WH-IBD,PRD-0039,146,146,0
2024-07-31,WH-ABJ,PRD-0039,250,250,0
2024-07-31,WH-PHC,PRD-0039,31,31,0
2024-07-31,WH-LAG1,PRD-0040,34,34,0
2024-07-31,WH-LAG2,PRD-0040,17,17,0
2024-07-31,WH-IBD,PRD-0040,62,62,0
2024-07-31,WH-ABJ,PRD-0040,27,27,0
2024-07-31,WH-PHC,PRD-0040,71,71,0
2024-07-31,WH-LAG1,PRD-0041,56,56,0
2024-07-31,WH-LAG2,PRD-0041,18,18,0
2024-07-31,WH-IBD,PRD-0041,9,9,0
2024-07-31,WH-ABJ,PRD-0041,21,21,0
2024-07-31,WH-PHC,PRD-0041,30,30,0
2024-07-31,WH-LAG1,PRD-0042,3,3,0
2024-07-31,WH-LAG2,PRD-0042,10,10,0
2024-07-31,WH-IBD,PRD-0042,10,10,0
2024-07-31,WH-ABJ,PRD-0042,10,10,0
2024-07-31,WH-PHC,PRD-0042,10,10,0
2024-07-31,WH-LAG1,PRD-0043,12,12,0
2024-07-31,WH-LAG2,PRD-0043,8,8,0
2024-07-31,WH-IBD,PRD-0043,10,10,0
2024-07-31,WH-ABJ,PRD-0043,10,10,0
2024-07-31,WH-PHC,PRD-0043,10,10,0
2024-07-31,WH-LAG1,PRD-0044,10,10,0
2024-07-31,WH-LAG2,PRD-0044,10,10,0
2024-07-31,WH-IBD,PRD-0044,10,10,0
2024-07-31,WH-ABJ,PRD-0044,5,5,0
2024-07-31,WH-PHC,PRD-0044,10,10,0
2024-07-31,WH-LAG1,PRD-0045,60,60,0
2024-07-31,WH-LAG2,PRD-0045,15,15,0
2024-07-31,WH-IBD,PRD-0045,16,16,0
2024-07-31,WH-ABJ,PRD-0045,23,23,0
2024-07-31,WH-PHC,PRD-0045,0,0,0
2024-07-31,WH-LAG1,PRD-0046,34,34,0
2024-07-31,WH-LAG2,PRD-0046,26,25,-1
2024-07-31,WH-IBD,PRD-0046,0,0,0
2024-07-31,WH-ABJ,PRD-0046,26,25,-1
2024-07-31,WH-PHC,PRD-0046,0,0,0
2024-07-31,WH-LAG1,PRD-0047,42,42,0
2024-07-31,WH-LAG2,PRD-0047,30,30,0
2024-07-31,WH-IBD,PRD-0047,23,24,1
2024-07-31,WH-ABJ,PRD-0047,46,45,-1
2024-07-31,WH-PHC,PRD-0047,13,13,0
2024-07-31,WH-LAG1,PRD-0048,63,63,0
2024-07-31,WH-LAG2,PRD-0048,27,27,0
2024-07-31,WH-IBD,PRD-0048,1,1,0
2024-07-31,WH-ABJ,PRD-0048,45,46,1
2024-07-31,WH-PHC,PRD-0048,6,6,0
2024-07-31,WH-LAG1,PRD-0049,38,38,0
2024-07-31,WH-LAG2,PRD-0049,25,25,0
2024-07-31,WH-IBD,PRD-0049,22,22,0
2024-07-31,WH-ABJ,PRD-0049,70,70,0
2024-07-31,WH-PHC,PRD-0049,25,25,0
2024-07-31,WH-LAG1,PRD-0050,22,22,0
2024-07-31,WH-LAG2,PRD-0050,17,17,0
2024-07-31,WH-IBD,PRD-0050,12,12,0
2024-07-31,WH-ABJ,PRD-0050,21,21,0
2024-07-31,WH-PHC,PRD-0050,17,17,0
2024-07-31,WH-LAG1,PRD-0051,122,122,0
2024-07-31,WH-LAG2,PRD-0051,45,46,1
2024-07-31,WH-IBD,PRD-0051,44,44,0
2024-07-31,WH-ABJ,PRD-0051,52,52,0
2024-07-31,WH-PHC,PRD-0051,58,58,0
2024-07-31,WH-LAG1,PRD-0052,14,14,0
2024-07-31,WH-LAG2,PRD-0052,0,0,0
2024-07-31,WH-IBD,PRD-0052,0,0,0
2024-07-31,WH-ABJ,PRD-0052,0,0,0
2024-07-31,WH-PHC,PRD-0052,7,7,0
2024-07-31,WH-LAG1,PRD-0053,32,32,0
2024-07-31,WH-LAG2,PRD-0053,23,23,0
2024-07-31,WH-IBD,PRD-0053,10,10,0
2024-07-31,WH-ABJ,PRD-0053,10,10,0
2024-07-31,WH-PHC,PRD-0053,10,10,0
2024-07-31,WH-LAG1,PRD-0054,12,12,0
2024-07-31,WH-LAG2,PRD-0054,5,5,0
2024-07-31,WH-IBD,PRD-0054,10,10,0
2024-07-31,WH-ABJ,PRD-0054,10,10,0
2024-07-31,WH-PHC,PRD-0054,10,10,0
2024-07-31,WH-LAG1,PRD-0055,0,0,0
2024-07-31,WH-LAG2,PRD-0055,11,11,0
2024-07-31,WH-IBD,PRD-0055,14,14,0
2024-07-31,WH-ABJ,PRD-0055,12,12,0
2024-07-31,WH-PHC,PRD-0055,16,16,0
2024-07-31,WH-LAG1,PRD-0056,0,0,0
2024-07-31,WH-LAG2,PRD-0056,0,0,-1
2024-07-31,WH-IBD,PRD-0056,14,14,0
2024-07-31,WH-ABJ,PRD-0056,11,11,0
2024-07-31,WH-PHC,PRD-0056,62,62,0
2024-07-31,WH-LAG1,PRD-0057,110,110,0
2024-07-31,WH-LAG2,PRD-0057,25,25,0
2024-07-31,WH-IBD,PRD-0057,63,63,0
2024-07-31,WH-ABJ,PRD-0057,55,54,-1
2024-07-31,WH-PHC,PRD-0057,81,81,0
2024-07-31,WH-LAG1,PRD-0058,36,36,0
2024-07-31,WH-LAG2,PRD-0058,26,26,0
2024-07-31,WH-IBD,PRD-0058,15,15,0
2024-07-31,WH-ABJ,PRD-0058,29,29,0
2024-07-31,WH-PHC,PRD-0058,7,7,0
2024-07-31,WH-LAG1,PRD-0059,74,74,0
2024-07-31,WH-LAG2,PRD-0059,8,8,0
2024-07-31,WH-IBD,PRD-0059,67,67,0
2024-07-31,WH-ABJ,PRD-0059,14,14,0
2024-07-31,WH-PHC,PRD-0059,62,62,0
2024-07-31,WH-LAG1,PRD-0060,34,35,1
2024-07-31,WH-LAG2,PRD-0060,129,129,0
2024-07-31,WH-IBD,PRD-0060,112,112,0
2024-07-31,WH-ABJ,PRD-0060,64,64,0
2024-07-31,WH-PHC,PRD-0060,141,141,0
2024-07-31,WH-LAG1,PRD-0061,92,92,0
2024-07-31,WH-LAG2,PRD-0061,34,34,0
2024-07-31,WH-IBD,PRD-0061,37,37,0
2024-07-31,WH-ABJ,PRD-0061,33,33,0
2024-07-31,WH-PHC,PRD-0061,22,22,0
2024-07-31,WH-LAG1,PRD-0062,62,62,0
2024-07-31,WH-LAG2,PRD-0062,101,101,0
2024-07-31,WH-IBD,PRD-0062,145,145,0
2024-07-31,WH-ABJ,PRD-0062,58,58,0
2024-07-31,WH-PHC,PRD-0062,146,146,0
2024-07-31,WH-LAG1,PRD-0063,38,38,0
2024-07-31,WH-LAG2,PRD-0063,15,15,0
2024-07-31,WH-IBD,PRD-0063,67,67,0
2024-07-31,WH-ABJ,PRD-0063,16,16,0
2024-07-31,WH-PHC,PRD-0063,10,10,0
2024-07-31,WH-LAG1,PRD-0064,95,95,0
2024-07-31,WH-LAG2,PRD-0064,54,54,0
2024-07-31,WH-IBD,PRD-0064,26,26,0
2024-07-31,WH-ABJ,PRD-0064,13,13,0
2024-07-31,WH-PHC,PRD-0064,0,0,0
2024-07-31,WH-LAG1,PRD-0065,68,68,0
2024-07-31,WH-LAG2,PRD-0065,37,37,0
2024-07-31,WH-IBD,PRD-0065,12,12,0
2024-07-31,WH-ABJ,PRD-0065,0,0,0
2024-07-31,WH-PHC,PRD-0065,25,25,0
2024-07-31,WH-LAG1,PRD-0066,10,10,0
2024-07-31,WH-LAG2,PRD-0066,10,11,1
2024-07-31,WH-IBD,PRD-0066,10,10,0
2024-07-31,WH-ABJ,PRD-0066,4,4,0
2024-07-31,WH-PHC,PRD-0066,10,10,0
2024-07-31,WH-LAG1,PRD-0067,31,31,0
2024-07-31,WH-LAG2,PRD-0067,17,17,0
2024-07-31,WH-IBD,PRD-0067,29,29,0
2024-07-31,WH-ABJ,PRD-0067,23,23,0
2024-07-31,WH-PHC,PRD-0067,85,85,0
2024-07-31,WH-LAG1,PRD-0068,190,190,0
2024-07-31,WH-LAG2,PRD-0068,5,5,0
2024-07-31,WH-IBD,PRD-0068,56,56,0
2024-07-31,WH-ABJ,PRD-0068,71,71,0
2024-07-31,WH-PHC,PRD-0068,50,50,0
2024-07-31,WH-LAG1,PRD-0069,13,13,0
2024-07-31,WH-LAG2,PRD-0069,10,10,0
2024-07-31,WH-IBD,PRD-0069,10,10,0
2024-07-31,WH-ABJ,PRD-0069,10,10,0
2024-07-31,WH-PHC,PRD-0069,10,10,0
2024-07-31,WH-LAG1,PRD-0070,32,32,0
2024-07-31,WH-LAG2,PRD-0070,44,44,0
2024-07-31,WH-IBD,PRD-0070,13,12,-1
2024-07-31,WH-ABJ,PRD-0070,29,29,0
2024-07-31,WH-PHC,PRD-0070,6,6,0
2024-07-31,WH-LAG1,PRD-0071,3,3,0
2024-07-31,WH-LAG2,PRD-0071,10,10,0
2024-07-31,WH-IBD,PRD-0071,10,10,0
2024-07-31,WH-ABJ,PRD-0071,10,10,0
2024-07-31,WH-PHC,PRD-0071,6,6,0
2024-07-31,WH-LAG1,PRD-0072,24,24,0
2024-07-31,WH-LAG2,PRD-0072,28,28,0
2024-07-31,WH-IBD,PRD-0072,12,12,0
2024-07-31,WH-ABJ,PRD-0072,23,24,1
2024-07-31,WH-PHC,PRD-0072,21,21,0
2024-07-31,WH-LAG1,PRD-0073,7,7,0
2024-07-31,WH-LAG2,PRD-0073,10,10,0
2024-07-31,WH-IBD,PRD-0073,8,8,0
2024-07-31,WH-ABJ,PRD-0073,4,4,0
2024-07-31,WH-PHC,PRD-0073,10,10,0
2024-07-31,WH-LAG1,PRD-0074,37,37,0
2024-07-31,WH-LAG2,PRD-0074,31,31,0
2024-07-31,WH-IBD,PRD-0074,0,0,0
2024-07-31,WH-ABJ,PRD-0074,8,7,-1
2024-07-31,WH-PHC,PRD-0074,23,23,0
2024-07-31,WH-LAG1,PRD-0075,19,19,0
2024-07-31,WH-LAG2,PRD-0075,27,27,0
2024-07-31,WH-IBD,PRD-0075,20,20,0
2024-07-31,WH-ABJ,PRD-0075,17,18,1
2024-07-31,WH-PHC,PRD-0075,2,2,0
2024-07-31,WH-LAG1,PRD-0076,31,32,1
2024-07-31,WH-LAG2,PRD-0076,29,29,0
2024-07-31,WH-IBD,PRD-0076,0,0,0
2024-07-31,WH-ABJ,PRD-0076,52,50,-2
2024-07-31,WH-PHC,PRD-0076,31,32,1
2024-07-31,WH-LAG1,PRD-0077,181,181,0
2024-07-31,WH-LAG2,PRD-0077,75,75,0
2024-07-31,WH-IBD,PRD-0077,75,75,0
2024-07-31,WH-ABJ,PRD-0077,151,151,0
2024-07-31,WH-PHC,PRD-0077,69,69,0
2024-07-31,WH-LAG1,PRD-0078,38,38,0
2024-07-31,WH-LAG2,PRD-0078,101,101,0
2024-07-31,WH-IBD,PRD-0078,0,0,0
2024-07-31,WH-ABJ,PRD-0078,59,57,-2
2024-07-31,WH-PHC,PRD-0078,51,53,2
2024-07-31,WH-LAG1,PRD-0079,101,101,0
2024-07-31,WH-LAG2,PRD-0079,50,50,0
2024-07-31,WH-IBD,PRD-0079,70,70,0
2024-07-31,WH-ABJ,PRD-0079,36,36,0
2024-07-31,WH-PHC,PRD-0079,33,33,0
2024-07-31,WH-LAG1,PRD-0080,47,47,0
2024-07-31,WH-LAG2,PRD-0080,38,38,0
2024-07-31,WH-IBD,PRD-0080,36,36,0
2024-07-31,WH-ABJ,PRD-0080,34,34,0
2024-07-31,WH-PHC,PRD-0080,28,28,0
2024-07-31,WH-LAG1,PRD-0081,61,61,0
2024-07-31,WH-LAG2,PRD-0081,41,41,0
2024-07-31,WH-IBD,PRD-0081,31,30,-1
2024-07-31,WH-ABJ,PRD-0081,123,128,5
2024-07-31,WH-PHC,PRD-0081,37,37,0
2024-07-31,WH-LAG1,PRD-0082,66,68,2
2024-07-31,WH-LAG2,PRD-0082,27,26,-1
2024-07-31,WH-IBD,PRD-0082,32,32,0
2024-07-31,WH-ABJ,PRD-0082,52,52,0
2024-07-31,WH-PHC,PRD-0082,29,29,0
2024-07-31,WH-LAG1,PRD-0083,134,138,4
2024-07-31,WH-LAG2,PRD-0083,223,223,0
2024-07-31,WH-IBD,PRD-0083,116,116,0
2024-07-31,WH-ABJ,PRD-0083,52,52,0
2024-07-31,WH-PHC,PRD-0083,144,144,0
2024-07-31,WH-LAG1,PRD-0084,102,102,0
2024-07-31,WH-LAG2,PRD-0084,38,38,0
2024-07-31,WH-IBD,PRD-0084,39,39,0
2024-07-31,WH-ABJ,PRD-0084,54,54,0
2024-07-31,WH-PHC,PRD-0084,28,27,-1
2024-07-31,WH-LAG1,PRD-0085,43,43,0
2024-07-31,WH-LAG2,PRD-0085,85,85,0
2024-07-31,WH-IBD,PRD-0085,34,34,0
2024-07-31,WH-ABJ,PRD-0085,52,52,0
2024-07-31,WH-PHC,PRD-0085,31,31,0
2024-07-31,WH-LAG1,PRD-0086,51,51,0
2024-07-31,WH-LAG2,PRD-0086,57,59,2
2024-07-31,WH-IBD,PRD-0086,0,0,0
2024-07-31,WH-ABJ,PRD-0086,86,86,0
2024-07-31,WH-PHC,PRD-0086,77,77,0
2024-07-31,WH-LAG1,PRD-0087,8,8,0
2024-07-31,WH-LAG2,PRD-0087,10,10,0
2024-07-31,WH-IBD,PRD-0087,23,23,0
2024-07-31,WH-ABJ,PRD-0087,10,10,0
2024-07-31,WH-PHC,PRD-0087,10,10,0
2024-07-31,WH-LAG1,PRD-0088,17,17,0
2024-07-31,WH-LAG2,PRD-0088,10,10,0
2024-07-31,WH-IBD,PRD-0088,10,10,0
2024-07-31,WH-ABJ,PRD-0088,63,63,0
2024-07-31,WH-PHC,PRD-0088,10,10,0
2024-07-31,WH-LAG1,PRD-0089,14,14,0
2024-07-31,WH-LAG2,PRD-0089,10,10,0
2024-07-31,WH-IBD,PRD-0089,10,10,0
2024-07-31,WH-ABJ,PRD-0089,5,5,0
2024-07-31,WH-PHC,PRD-0089,10,10,0
2024-07-31,WH-LAG1,PRD-0090,614,614,0
2024-07-31,WH-LAG2,PRD-0090,329,329,0
2024-07-31,WH-IBD,PRD-0090,173,173,0
2024-07-31,WH-ABJ,PRD-0090,444,444,0
2024-07-31,WH-PHC,PRD-0090,408,398,-10
2024-07-31,WH-LAG1,PRD-0091,99,95,-4
2024-07-31,WH-LAG2,PRD-0091,19,19,0
2024-07-31,WH-IBD,PRD-0091,40,41,1
2024-07-31,WH-ABJ,PRD-0091,40,40,0
2024-07-31,WH-PHC,PRD-0091,2,1,-1
2024-07-31,WH-LAG1,PRD-0092,17,17,0
2024-07-31,WH-LAG2,PRD-0092,16,15,-1
2024-07-31,WH-IBD,PRD-0092,8,8,0
2024-07-31,WH-ABJ,PRD-0092,11,10,-1
2024-07-31,WH-PHC,PRD-0092,16,16,0
2024-07-31,WH-LAG1,PRD-0093,261,261,0
2024-07-31,WH-LAG2,PRD-0093,53,53,0
2024-07-31,WH-IBD,PRD-0093,34,34,0
2024-07-31,WH-ABJ,PRD-0093,147,147,0
2024-07-31,WH-PHC,PRD-0093,46,45,-1
2024-07-31,WH-LAG1,PRD-0094,15,15,0
2024-07-31,WH-LAG2,PRD-0094,10,10,0
2024-07-31,WH-IBD,PRD-0094,9,9,0
2024-07-31,WH-ABJ,PRD-0094,10,10,0
2024-07-31,WH-PHC,PRD-0094,9,9,0
2024-07-31,WH-LAG1,PRD-0095,0,0,0
2024-07-31,WH-LAG2,PRD-0095,10,10,0
2024-07-31,WH-IBD,PRD-0095,0,1,1
2024-07-31,WH-ABJ,PRD-0095,10,10,0
2024-07-31,WH-PHC,PRD-0095,10,10,0
2024-07-31,WH-LAG1,PRD-0096,13,14,1
2024-07-31,WH-LAG2,PRD-0096,6,6,0
2024-07-31,WH-IBD,PRD-0096,1,1,0
2024-07-31,WH-ABJ,PRD-0096,10,10,0
2024-07-31,WH-PHC,PRD-0096,5,5,0
2024-07-31,WH-LAG1,PRD-0097,21,21,0
2024-07-31,WH-LAG2,PRD-0097,10,10,0
2024-07-31,WH-IBD,PRD-0097,10,10,0
2024-07-31,WH-ABJ,PRD-0097,12,12,0
2024-07-31,WH-PHC,PRD-0097,34,34,0
2024-07-31,WH-LAG1,PRD-0098,139,139,0
2024-07-31,WH-LAG2,PRD-0098,203,203,0
2024-07-31,WH-IBD,PRD-0098,68,68,0
2024-07-31,WH-ABJ,PRD-0098,86,86,0
2024-07-31,WH-PHC,PRD-0098,0,0,0
2024-07-31,WH-LAG1,PRD-0099,15,15,0
2024-07-31,WH-LAG2,PRD-0099,10,10,0
2024-07-31,WH-IBD,PRD-0099,10,10,0
2024-07-31,WH-ABJ,PRD-0099,10,10,0
2024-07-31,WH-PHC,PRD-0099,10,10,0
2024-07-31,WH-LAG1,PRD-0100,131,131,0
2024-07-31,WH-LAG2,PRD-0100,55,55,0
2024-07-31,WH-IBD,PRD-0100,47,47,0
2024-07-31,WH-ABJ,PRD-0100,86,86,0
2024-07-31,WH-PHC,PRD-0100,88,85,-3
2024-07-31,WH-LAG1,PRD-0101,18,18,0
2024-07-31,WH-LAG2,PRD-0101,6,6,0
2024-07-31,WH-IBD,PRD-0101,9,9,0
2024-07-31,WH-ABJ,PRD-0101,0,0,0
2024-07-31,WH-PHC,PRD-0101,10,10,0
2024-07-31,WH-LAG1,PRD-0102,75,75,0
2024-07-31,WH-LAG2,PRD-0102,29,29,0
2024-07-31,WH-IBD,PRD-0102,15,15,0
2024-07-31,WH-ABJ,PRD-0102,0,0,0
2024-07-31,WH-PHC,PRD-0102,27,27,0
2024-07-31,WH-LAG1,PRD-0103,13,13,0
2024-07-31,WH-LAG2,PRD-0103,75,75,0
2024-07-31,WH-IBD,PRD-0103,101,101,0
2024-07-31,WH-ABJ,PRD-0103,44,44,0
2024-07-31,WH-PHC,PRD-0103,35,35,0
2024-07-31,WH-LAG1,PRD-0104,0,0,0
2024-07-31,WH-LAG2,PRD-0104,10,10,0
2024-07-31,WH-IBD,PRD-0104,10,10,0
2024-07-31,WH-ABJ,PRD-0104,38,38,0
2024-07-31,WH-PHC,PRD-0104,10,10,0
2024-07-31,WH-LAG1,PRD-0105,68,68,0
2024-07-31,WH-LAG2,PRD-0105,36,36,0
2024-07-31,WH-IBD,PRD-0105,11,11,0
2024-07-31,WH-ABJ,PRD-0105,43,43,0
2024-07-31,WH-PHC,PRD-0105,26,26,0
2024-07-31,WH-LAG1,PRD-0106,3,3,0
2024-07-31,WH-LAG2,PRD-0106,10,11,1
2024-07-31,WH-IBD,PRD-0106,10,10,0
2024-07-31,WH-ABJ,PRD-0106,12,12,0
2024-07-31,WH-PHC,PRD-0106,10,10,0
2024-07-31,WH-LAG1,PRD-0107,23,23,0
2024-07-31,WH-LAG2,PRD-0107,0,0,0
2024-07-31,WH-IBD,PRD-0107,10,10,0
2024-07-31,WH-ABJ,PRD-0107,13,13,0
2024-07-31,WH-PHC,PRD-0107,10,10,0
2024-07-31,WH-LAG1,PRD-0108,406,406,0
2024-07-31,WH-LAG2,PRD-0108,69,69,0
2024-07-31,WH-IBD,PRD-0108,45,45,0
2024-07-31,WH-ABJ,PRD-0108,59,59,0
2024-07-31,WH-PHC,PRD-0108,60,60,0
2024-07-31,WH-LAG1,PRD-0109,91,91,0
2024-07-31,WH-LAG2,PRD-0109,40,40,0
2024-07-31,WH-IBD,PRD-0109,0,0,-1
2024-07-31,WH-ABJ,PRD-0109,121,121,0
2024-07-31,WH-PHC,PRD-0109,1,1,0
2024-07-31,WH-LAG1,PRD-0110,24,24,0
2024-07-31,WH-LAG2,PRD-0110,11,11,0
2024-07-31,WH-IBD,PRD-0110,0,0,0
2024-07-31,WH-ABJ,PRD-0110,14,14,0
2024-07-31,WH-PHC,PRD-0110,32,31,-1
2024-07-31,WH-LAG1,PRD-0111,167,167,0
2024-07-31,WH-LAG2,PRD-0111,28,28,0
2024-07-31,WH-IBD,PRD-0111,108,108,0
2024-07-31,WH-ABJ,PRD-0111,136,136,0
2024-07-31,WH-PHC,PRD-0111,26,26,0
2024-07-31,WH-LAG1,PRD-0112,17,17,0
2024-07-31,WH-LAG2,PRD-0112,7,7,0
2024-07-31,WH-IBD,PRD-0112,10,10,0
2024-07-31,WH-ABJ,PRD-0112,10,10,0
2024-07-31,WH-PHC,PRD-0112,23,23,0
2024-07-31,WH-LAG1,PRD-0113,52,52,0
2024-07-31,WH-LAG2,PRD-0113,11,11,0
2024-07-31,WH-IBD,PRD-0113,29,28,-1
2024-07-31,WH-ABJ,PRD-0113,141,141,0
2024-07-31,WH-PHC,PRD-0113,24,23,-1
2024-07-31,WH-LAG1,PRD-0114,0,0,0
2024-07-31,WH-LAG2,PRD-0114,10,10,0
2024-07-31,WH-IBD,PRD-0114,10,10,0
2024-07-31,WH-ABJ,PRD-0114,25,25,0
2024-07-31,WH-PHC,PRD-0114,10,10,0
2024-07-31,WH-LAG1,PRD-0115,162,162,0
2024-07-31,WH-LAG2,PRD-0115,27,27,0
2024-07-31,WH-IBD,PRD-0115,24,24,0
2024-07-31,WH-ABJ,PRD-0115,34,34,0
2024-07-31,WH-PHC,PRD-0115,27,27,0
2024-07-31,WH-LAG1,PRD-0116,30,30,0
2024-07-31,WH-LAG2,PRD-0116,52,52,0
2024-07-31,WH-IBD,PRD-0116,12,12,0
2024-07-31,WH-ABJ,PRD-0116,68,68,0
2024-07-31,WH-PHC,PRD-0116,7,7,0
2024-07-31,WH-LAG1,PRD-0117,22,23,1
2024-07-31,WH-LAG2,PRD-0117,17,17,0
2024-07-31,WH-IBD,PRD-0117,11,11,0
2024-07-31,WH-ABJ,PRD-0117,97,97,0
2024-07-31,WH-PHC,PRD-0117,81,81,0
2024-07-31,WH-LAG1,PRD-0118,116,116,0
2024-07-31,WH-LAG2,PRD-0118,145,145,0
2024-07-31,WH-IBD,PRD-0118,12,12,0
2024-07-31,WH-ABJ,PRD-0118,91,91,0
2024-07-31,WH-PHC,PRD-0118,79,79,0
2024-07-31,WH-LAG1,PRD-0119,0,0,0
2024-07-31,WH-LAG2,PRD-0119,10,10,0
2024-07-31,WH-IBD,PRD-0119,10,10,0
2024-07-31,WH-ABJ,PRD-0119,10,11,1
2024-07-31,WH-PHC,PRD-0119,10,10,0
2024-07-31,WH-LAG1,PRD-0120,294,294,0
2024-07-31,WH-LAG2,PRD-0120,46,45,-1
2024-07-31,WH-IBD,PRD-0120,128,128,0
2024-07-31,WH-ABJ,PRD-0120,55,55,0
2024-07-31,WH-PHC,PRD-0120,71,71,0
2024-07-31,WH-LAG1,PRD-0121,97,97,0
2024-07-31,WH-LAG2,PRD-0121,160,160,0
2024-07-31,WH-IBD,PRD-0121,174,171,-3
2024-07-31,WH-ABJ,PRD-0121,75,75,0
2024-07-31,WH-PHC,PRD-0121,74,74,0
2024-07-31,WH-LAG1,PRD-0122,60,58,-2
2024-07-31,WH-LAG2,PRD-0122,44,44,0
2024-07-31,WH-IBD,PRD-0122,45,45,0
2024-07-31,WH-ABJ,PRD-0122,31,31,0
2024-07-31,WH-PHC,PRD-0122,45,45,0
2024-07-31,WH-LAG1,PRD-0123,39,39,0
2024-07-31,WH-LAG2,PRD-0123,5,5,0
2024-07-31,WH-IBD,PRD-0123,15,15,0
2024-07-31,WH-ABJ,PRD-0123,0,0,0
2024-07-31,WH-PHC,PRD-0123,27,27,0
2024-07-31,WH-LAG1,PRD-0124,99,99,0
2024-07-31,WH-LAG2,PRD-0124,11,12,1
2024-07-31,WH-IBD,PRD-0124,10,10,0
2024-07-31,WH-ABJ,PRD-0124,68,68,0
2024-07-31,WH-PHC,PRD-0124,11,10,-1
2024-07-31,WH-LAG1,PRD-0125,212,212,0
2024-07-31,WH-LAG2,PRD-0125,98,98,0
2024-07-31,WH-IBD,PRD-0125,345,345,0
2024-07-31,WH-ABJ,PRD-0125,193,193,0
2024-07-31,WH-PHC,PRD-0125,118,118,0
2024-07-31,WH-LAG1,PRD-0126,23,23,0
2024-07-31,WH-LAG2,PRD-0126,23,23,0
2024-07-31,WH-IBD,PRD-0126,18,18,0
2024-07-31,WH-ABJ,PRD-0126,72,72,0
2024-07-31,WH-PHC,PRD-0126,55,55,0
2024-07-31,WH-LAG1,PRD-0127,26,25,-1
2024-07-31,WH-LAG2,PRD-0127,20,20,0
2024-07-31,WH-IBD,PRD-0127,13,13,0
2024-07-31,WH-ABJ,PRD-0127,18,18,0
2024-07-31,WH-PHC,PRD-0127,20,20,0
2024-07-31,WH-LAG1,PRD-0128,32,32,0
2024-07-31,WH-LAG2,PRD-0128,43,44,1
2024-07-31,WH-IBD,PRD-0128,23,23,0
2024-07-31,WH-ABJ,PRD-0128,80,80,0
2024-07-31,WH-PHC,PRD-0128,43,43,0
2024-07-31,WH-LAG1,PRD-0129,10,10,0
2024-07-31,WH-LAG2,PRD-0129,10,9,-1
2024-07-31,WH-IBD,PRD-0129,9,9,0
2024-07-31,WH-ABJ,PRD-0129,10,10,0
2024-07-31,WH-PHC,PRD-0129,10,10,0
2024-07-31,WH-LAG1,PRD-0130,51,51,0
2024-07-31,WH-LAG2,PRD-0130,0,0,0
2024-07-31,WH-IBD,PRD-0130,12,12,0
2024-07-31,WH-ABJ,PRD-0130,5,5,0
2024-07-31,WH-PHC,PRD-0130,20,20,0
2024-07-31,WH-LAG1,PRD-0131,0,0,0
2024-07-31,WH-LAG2,PRD-0131,30,30,0
2024-07-31,WH-IBD,PRD-0131,24,25,1
2024-07-31,WH-ABJ,PRD-0131,43,43,0
2024-07-31,WH-PHC,PRD-0131,33,33,0
2024-07-31,WH-LAG1,PRD-0132,25,25,0
2024-07-31,WH-LAG2,PRD-0132,65,65,0
2024-07-31,WH-IBD,PRD-0132,12,12,0
2024-07-31,WH-ABJ,PRD-0132,17,17,0
2024-07-31,WH-PHC,PRD-0132,59,59,0
2024-07-31,WH-LAG1,PRD-0133,11,11,0
2024-07-31,WH-LAG2,PRD-0133,4,3,-1
2024-07-31,WH-IBD,PRD-0133,10,10,0
2024-07-31,WH-ABJ,PRD-0133,10,10,0
2024-07-31,WH-PHC,PRD-0133,10,10,0
2024-07-31,WH-LAG1,PRD-0134,18,18,0
2024-07-31,WH-LAG2,PRD-0134,10,10,0
2024-07-31,WH-IBD,PRD-0134,10,10,0
2024-07-31,WH-ABJ,PRD-0134,11,11,0
2024-07-31,WH-PHC,PRD-0134,10,10,0
2024-07-31,WH-LAG1,PRD-0135,350,350,0
2024-07-31,WH-LAG2,PRD-0135,42,42,0
2024-07-31,WH-IBD,PRD-0135,189,189,0
2024-07-31,WH-ABJ,PRD-0135,57,57,0
2024-07-31,WH-PHC,PRD-0135,19,19,0
2024-07-31,WH-LAG1,PRD-0136,113,114,1
2024-07-31,WH-LAG2,PRD-0136,10,10,0
2024-07-31,WH-IBD,PRD-0136,77,77,0
2024-07-31,WH-ABJ,PRD-0136,80,80,0
2024-07-31,WH-PHC,PRD-0136,10,10,0
2024-07-31,WH-LAG1,PRD-0137,52,54,2
2024-07-31,WH-LAG2,PRD-0137,16,16,0
2024-07-31,WH-IBD,PRD-0137,102,102,0
2024-07-31,WH-ABJ,PRD-0137,30,30,0
2024-07-31,WH-PHC,PRD-0137,23,23,0
2024-07-31,WH-LAG1,PRD-0138,212,212,0
2024-07-31,WH-LAG2,PRD-0138,33,33,0
2024-07-31,WH-IBD,PRD-0138,90,90,0
2024-07-31,WH-ABJ,PRD-0138,27,27,0
2024-07-31,WH-PHC,PRD-0138,85,85,0
2024-07-31,WH-LAG1,PRD-0139,157,157,0
2024-07-31,WH-LAG2,PRD-0139,5,5,0
2024-07-31,WH-IBD,PRD-0139,18,18,0
2024-07-31,WH-ABJ,PRD-0139,8,8,0
2024-07-31,WH-PHC,PRD-0139,13,13,0
2024-07-31,WH-LAG1,PRD-0140,11,12,1
2024-07-31,WH-LAG2,PRD-0140,10,10,0
2024-07-31,WH-IBD,PRD-0140,10,10,0
2024-07-31,WH-ABJ,PRD-0140,10,10,0
2024-07-31,WH-PHC,PRD-0140,10,10,0
2024-07-31,WH-LAG1,PRD-0141,140,140,0
2024-07-31,WH-LAG2,PRD-0141,15,15,0
2024-07-31,WH-IBD,PRD-0141,23,23,0
2024-07-31,WH-ABJ,PRD-0141,29,29,0
2024-07-31,WH-PHC,PRD-0141,20,20,0
2024-07-31,WH-LAG1,PRD-0142,76,76,0
2024-07-31,WH-LAG2,PRD-0142,9,9,0
2024-07-31,WH-IBD,PRD-0142,43,43,0
2024-07-31,WH-ABJ,PRD-0142,36,36,0
2024-07-31,WH-PHC,PRD-0142,48,48,0
2024-07-31,WH-LAG1,PRD-0143,88,88,0
2024-07-31,WH-LAG2,PRD-0143,19,19,0
2024-07-31,WH-IBD,PRD-0143,24,24,0
2024-07-31,WH-ABJ,PRD-0143,64,64,0
2024-07-31,WH-PHC,PRD-0143,48,48,0
2024-07-31,WH-LAG1,PRD-0144,33,33,0
2024-07-31,WH-LAG2,PRD-0144,23,23,0
2024-07-31,WH-IBD,PRD-0144,0,0,0
2024-07-31,WH-ABJ,PRD-0144,34,34,0
2024-07-31,WH-PHC,PRD-0144,29,29,0
2024-07-31,WH-LAG1,PRD-0145,76,75,-1
2024-07-31,WH-LAG2,PRD-0145,95,95,0
2024-07-31,WH-IBD,PRD-0145,85,85,0
2024-07-31,WH-ABJ,PRD-0145,58,58,0
2024-07-31,WH-PHC,PRD-0145,17,17,0
2024-07-31,WH-LAG1,PRD-0146,19,19,0
2024-07-31,WH-LAG2,PRD-0146,44,43,-1
2024-07-31,WH-IBD,PRD-0146,12,12,0
2024-07-31,WH-ABJ,PRD-0146,18,18,0
2024-07-31,WH-PHC,PRD-0146,0,0,0
2024-07-31,WH-LAG1,PRD-0147,29,29,0
2024-07-31,WH-LAG2,PRD-0147,15,15,0
2024-07-31,WH-IBD,PRD-0147,11,11,0
2024-07-31,WH-ABJ,PRD-0147,23,23,0
2024-07-31,WH-PHC,PRD-0147,18,18,0
2024-07-31,WH-LAG1,PRD-0148,23,23,0
2024-07-31,WH-LAG2,PRD-0148,0,0,-1
2024-07-31,WH-IBD,PRD-0148,11,11,0
2024-07-31,WH-ABJ,PRD-0148,50,51,1
2024-07-31,WH-PHC,PRD-0148,51,51,0
2024-07-31,WH-LAG1,PRD-0149,11,11,0
2024-07-31,WH-LAG2,PRD-0149,12,12,0
2024-07-31,WH-IBD,PRD-0149,9,9,0
2024-07-31,WH-ABJ,PRD-0149,27,27,0
2024-07-31,WH-PHC,PRD-0149,12,13,1
2024-07-31,WH-LAG1,PRD-0150,156,156,0
2024-07-31,WH-LAG2,PRD-0150,72,72,0
2024-07-31,WH-IBD,PRD-0150,31,31,0
2024-07-31,WH-ABJ,PRD-0150,23,23,0
2024-07-31,WH-PHC,PRD-0150,43,43,0
2024-07-31,WH-LAG1,PRD-0151,540,540,0
2024-07-31,WH-LAG2,PRD-0151,255,255,0
2024-07-31,WH-IBD,PRD-0151,153,153,0
2024-07-31,WH-ABJ,PRD-0151,188,188,0
2024-07-31,WH-PHC,PRD-0151,194,194,0
2024-07-31,WH-LAG1,PRD-0152,15,15,0
2024-07-31,WH-LAG2,PRD-0152,59,59,0
2024-07-31,WH-IBD,PRD-0152,10,10,0
2024-07-31,WH-ABJ,PRD-0152,12,12,0
2024-07-31,WH-PHC,PRD-0152,10,10,0
2024-07-31,WH-LAG1,PRD-0153,87,87,0
2024-07-31,WH-LAG2,PRD-0153,157,163,6
2024-07-31,WH-IBD,PRD-0153,53,55,2
2024-07-31,WH-ABJ,PRD-0153,93,93,0
2024-07-31,WH-PHC,PRD-0153,79,79,0
2024-07-31,WH-LAG1,PRD-0154,127,131,4
2024-07-31,WH-LAG2,PRD-0154,42,42,0
2024-07-31,WH-IBD,PRD-0154,16,16,0
2024-07-31,WH-ABJ,PRD-0154,15,15,0
2024-07-31,WH-PHC,PRD-0154,22,22,0
2024-07-31,WH-LAG1,PRD-0155,52,52,0
2024-07-31,WH-LAG2,PRD-0155,27,28,1
2024-07-31,WH-IBD,PRD-0155,20,20,0
2024-07-31,WH-ABJ,PRD-0155,34,34,0
2024-07-31,WH-PHC,PRD-0155,10,10,0
2024-07-31,WH-LAG1,PRD-0156,148,144,-4
2024-07-31,WH-LAG2,PRD-0156,202,202,0
2024-07-31,WH-IBD,PRD-0156,66,66,0
2024-07-31,WH-ABJ,PRD-0156,56,56,0
2024-07-31,WH-PHC,PRD-0156,216,216,0
2024-07-31,WH-LAG1,PRD-0157,54,54,0
2024-07-31,WH-LAG2,PRD-0157,67,67,0
2024-07-31,WH-IBD,PRD-0157,50,50,0
2024-07-31,WH-ABJ,PRD-0157,30,30,0
2024-07-31,WH-PHC,PRD-0157,34,34,0
2024-07-31,WH-LAG1,PRD-0158,52,52,0
2024-07-31,WH-LAG2,PRD-0158,10,10,0
2024-07-31,WH-IBD,PRD-0158,10,10,0
2024-07-31,WH-ABJ,PRD-0158,10,10,0
2024-07-31,WH-PHC,PRD-0158,2,2,0
2024-07-31,WH-LAG1,PRD-0159,70,69,-1
2024-07-31,WH-LAG2,PRD-0159,1,1,0
2024-07-31,WH-IBD,PRD-0159,10,11,1
2024-07-31,WH-ABJ,PRD-0159,10,10,0
2024-07-31,WH-PHC,PRD-0159,10,9,-1
2024-07-31,WH-LAG1,PRD-0160,109,109,0
2024-07-31,WH-LAG2,PRD-0160,45,45,0
2024-07-31,WH-IBD,PRD-0160,172,172,0
2024-07-31,WH-ABJ,PRD-0160,69,69,0
2024-07-31,WH-PHC,PRD-0160,61,61,0
2024-07-31,WH-LAG1,PRD-0161,151,151,0
2024-07-31,WH-LAG2,PRD-0161,347,347,0
2024-07-31,WH-IBD,PRD-0161,190,190,0
2024-07-31,WH-ABJ,PRD-0161,126,126,0
2024-07-31,WH-PHC,PRD-0161,323,323,0
2024-07-31,WH-LAG1,PRD-0162,18,18,0
2024-07-31,WH-LAG2,PRD-0162,56,56,0
2024-07-31,WH-IBD,PRD-0162,62,62,0
2024-07-31,WH-ABJ,PRD-0162,15,15,0
2024-07-31,WH-PHC,PRD-0162,22,22,0
2024-07-31,WH-LAG1,PRD-0163,150,150,0
2024-07-31,WH-LAG2,PRD-0163,61,63,2
2024-07-31,WH-IBD,PRD-0163,23,23,0
2024-07-31,WH-ABJ,PRD-0163,31,31,0
2024-07-31,WH-PHC,PRD-0163,22,22,0
2024-07-31,WH-LAG1,PRD-0164,19,19,0
2024-07-31,WH-LAG2,PRD-0164,7,6,-1
2024-07-31,WH-IBD,PRD-0164,12,12,0
2024-07-31,WH-ABJ,PRD-0164,59,59,0
2024-07-31,WH-PHC,PRD-0164,65,65,0
2024-07-31,WH-LAG1,PRD-0165,324,324,0
2024-07-31,WH-LAG2,PRD-0165,66,66,0
2024-07-31,WH-IBD,PRD-0165,57,57,0
2024-07-31,WH-ABJ,PRD-0165,52,52,0
2024-07-31,WH-PHC,PRD-0165,59,57,-2
2024-07-31,WH-LAG1,PRD-0166,103,103,0
2024-07-31,WH-LAG2,PRD-0166,53,53,0
2024-07-31,WH-IBD,PRD-0166,40,40,0
2024-07-31,WH-ABJ,PRD-0166,176,176,0
2024-07-31,WH-PHC,PRD-0166,178,178,0
2024-07-31,WH-LAG1,PRD-0167,133,133,0
2024-07-31,WH-LAG2,PRD-0167,19,19,0
2024-07-31,WH-IBD,PRD-0167,19,18,-1
2024-07-31,WH-ABJ,PRD-0167,27,27,0
2024-07-31,WH-PHC,PRD-0167,18,18,0
2024-07-31,WH-LAG1,PRD-0168,28,28,0
2024-07-31,WH-LAG2,PRD-0168,13,13,0
2024-07-31,WH-IBD,PRD-0168,3,3,0
2024-07-31,WH-ABJ,PRD-0168,16,16,0
2024-07-31,WH-PHC,PRD-0168,13,13,0
2024-07-31,WH-LAG1,PRD-0169,20,20,0
2024-07-31,WH-LAG2,PRD-0169,18,19,1
2024-07-31,WH-IBD,PRD-0169,10,10,0
2024-07-31,WH-ABJ,PRD-0169,0,0,0
2024-07-31,WH-PHC,PRD-0169,16,16,0
2024-07-31,WH-LAG1,PRD-0170,141,141,0
2024-07-31,WH-LAG2,PRD-0170,22,21,-1
2024-07-31,WH-IBD,PRD-0170,16,15,-1
2024-07-31,WH-ABJ,PRD-0170,90,87,-3
2024-07-31,WH-PHC,PRD-0170,58,58,0
2024-08-31,WH-LAG1,PRD-0001,73,73,0
2024-08-31,WH-LAG2,PRD-0001,34,34,0
2024-08-31,WH-IBD,PRD-0001,18,18,0
2024-08-31,WH-ABJ,PRD-0001,8,7,-1
2024-08-31,WH-PHC,PRD-0001,48,46,-2
2024-08-31,WH-LAG1,PRD-0002,23,23,0
2024-08-31,WH-LAG2,PRD-0002,28,28,0
2024-08-31,WH-IBD,PRD-0002,10,10,0
2024-08-31,WH-ABJ,PRD-0002,39,39,0
2024-08-31,WH-PHC,PRD-0002,11,11,0
2024-08-31,WH-LAG1,PRD-0003,44,44,0
2024-08-31,WH-LAG2,PRD-0003,10,10,0
2024-08-31,WH-IBD,PRD-0003,5,6,1
2024-08-31,WH-ABJ,PRD-0003,33,34,1
2024-08-31,WH-PHC,PRD-0003,0,1,1
2024-08-31,WH-LAG1,PRD-0004,308,308,0
2024-08-31,WH-LAG2,PRD-0004,200,207,7
2024-08-31,WH-IBD,PRD-0004,101,101,0
2024-08-31,WH-ABJ,PRD-0004,174,174,0
2024-08-31,WH-PHC,PRD-0004,107,107,0
2024-08-31,WH-LAG1,PRD-0005,139,139,0
2024-08-31,WH-LAG2,PRD-0005,74,74,0
2024-08-31,WH-IBD,PRD-0005,57,57,0
2024-08-31,WH-ABJ,PRD-0005,27,27,0
2024-08-31,WH-PHC,PRD-0005,5,5,0
2024-08-31,WH-LAG1,PRD-0006,35,35,0
2024-08-31,WH-LAG2,PRD-0006,28,28,0
2024-08-31,WH-IBD,PRD-0006,31,31,0
2024-08-31,WH-ABJ,PRD-0006,11,10,-1
2024-08-31,WH-PHC,PRD-0006,7,6,-1
2024-08-31,WH-LAG1,PRD-0007,144,140,-4
2024-08-31,WH-LAG2,PRD-0007,95,95,0
2024-08-31,WH-IBD,PRD-0007,75,75,0
2024-08-31,WH-ABJ,PRD-0007,96,98,2
2024-08-31,WH-PHC,PRD-0007,94,96,2
2024-08-31,WH-LAG1,PRD-0008,53,53,0
2024-08-31,WH-LAG2,PRD-0008,19,19,0
2024-08-31,WH-IBD,PRD-0008,32,32,0
2024-08-31,WH-ABJ,PRD-0008,41,41,0
2024-08-31,WH-PHC,PRD-0008,37,37,0
2024-08-31,WH-LAG1,PRD-0009,49,49,0
2024-08-31,WH-LAG2,PRD-0009,11,11,0
2024-08-31,WH-IBD,PRD-0009,8,8,0
2024-08-31,WH-ABJ,PRD-0009,13,13,0
2024-08-31,WH-PHC,PRD-0009,33,33,0
2024-08-31,WH-LAG1,PRD-0010,14,14,0
2024-08-31,WH-LAG2,PRD-0010,10,10,0
2024-08-31,WH-IBD,PRD-0010,20,20,0
2024-08-31,WH-ABJ,PRD-0010,26,26,0
2024-08-31,WH-PHC,PRD-0010,5,5,0
2024-08-31,WH-LAG1,PRD-0011,162,162,0
2024-08-31,WH-LAG2,PRD-0011,73,73,0
2024-08-31,WH-IBD,PRD-0011,88,88,0
2024-08-31,WH-ABJ,PRD-0011,35,35,0
2024-08-31,WH-PHC,PRD-0011,86,86,0
2024-08-31,WH-LAG1,PRD-0012,75,75,0
2024-08-31,WH-LAG2,PRD-0012,4,4,0
2024-08-31,WH-IBD,PRD-0012,13,13,0
2024-08-31,WH-ABJ,PRD-0012,52,52,0
2024-08-31,WH-PHC,PRD-0012,11,11,0
2024-08-31,WH-LAG1,PRD-0013,52,52,0
2024-08-31,WH-LAG2,PRD-0013,22,22,0
2024-08-31,WH-IBD,PRD-0013,24,24,0
2024-08-31,WH-ABJ,PRD-0013,36,37,1
2024-08-31,WH-PHC,PRD-0013,29,29,0
2024-08-31,WH-LAG1,PRD-0014,23,23,0
2024-08-31,WH-LAG2,PRD-0014,10,10,0
2024-08-31,WH-IBD,PRD-0014,17,17,0
2024-08-31,WH-ABJ,PRD-0014,17,17,0
2024-08-31,WH-PHC,PRD-0014,10,10,0
2024-08-31,WH-LAG1,PRD-0015,11,12,1
2024-08-31,WH-LAG2,PRD-0015,10,10,0
2024-08-31,WH-IBD,PRD-0015,4,5,1
2024-08-31,WH-ABJ,PRD-0015,70,70,0
2024-08-31,WH-PHC,PRD-0015,10,10,0
2024-08-31,WH-LAG1,PRD-0016,122,122,0
2024-08-31,WH-LAG2,PRD-0016,38,38,0
2024-08-31,WH-IBD,PRD-0016,35,35,0
2024-08-31,WH-ABJ,PRD-0016,164,164,0
2024-08-31,WH-PHC,PRD-0016,38,38,0
2024-08-31,WH-LAG1,PRD-0017,80,80,0
2024-08-31,WH-LAG2,PRD-0017,11,11,0
2024-08-31,WH-IBD,PRD-0017,24,24,0
2024-08-31,WH-ABJ,PRD-0017,14,14,0
2024-08-31,WH-PHC,PRD-0017,2,2,0
2024-08-31,WH-LAG1,PRD-0018,217,217,0
2024-08-31,WH-LAG2,PRD-0018,65,65,0
2024-08-31,WH-IBD,PRD-0018,76,76,0
2024-08-31,WH-ABJ,PRD-0018,111,111,0
2024-08-31,WH-PHC,PRD-0018,41,41,0
2024-08-31,WH-LAG1,PRD-0019,30,30,0
2024-08-31,WH-LAG2,PRD-0019,25,25,0
2024-08-31,WH-IBD,PRD-0019,3,4,1
2024-08-31,WH-ABJ,PRD-0019,107,107,0
2024-08-31,WH-PHC,PRD-0019,113,113,0
2024-08-31,WH-LAG1,PRD-0020,70,70,0
2024-08-31,WH-LAG2,PRD-0020,16,16,0
2024-08-31,WH-IBD,PRD-0020,127,124,-3
2024-08-31,WH-ABJ,PRD-0020,137,137,0
2024-08-31,WH-PHC,PRD-0020,120,117,-3
2024-08-31,WH-LAG1,PRD-0021,86,86,0
2024-08-31,WH-LAG2,PRD-0021,10,10,0
2024-08-31,WH-IBD,PRD-0021,68,68,0
2024-08-31,WH-ABJ,PRD-0021,77,77,0
2024-08-31,WH-PHC,PRD-0021,10,10,0
2024-08-31,WH-LAG1,PRD-0022,42,42,0
2024-08-31,WH-LAG2,PRD-0022,10,10,0
2024-08-31,WH-IBD,PRD-0022,7,7,0
2024-08-31,WH-ABJ,PRD-0022,31,31,0
2024-08-31,WH-PHC,PRD-0022,22,22,0
2024-08-31,WH-LAG1,PRD-0023,148,148,0
2024-08-31,WH-LAG2,PRD-0023,21,21,0
2024-08-31,WH-IBD,PRD-0023,60,60,0
2024-08-31,WH-ABJ,PRD-0023,29,29,0
2024-08-31,WH-PHC,PRD-0023,97,97,0
2024-08-31,WH-LAG1,PRD-0024,39,39,0
2024-08-31,WH-LAG2,PRD-0024,45,44,-1
2024-08-31,WH-IBD,PRD-0024,29,29,0
2024-08-31,WH-ABJ,PRD-0024,0,0,0
2024-08-31,WH-PHC,PRD-0024,3,3,0
2024-08-31,WH-LAG1,PRD-0025,141,145,4
2024-08-31,WH-LAG2,PRD-0025,42,42,0
2024-08-31,WH-IBD,PRD-0025,54,55,1
2024-08-31,WH-ABJ,PRD-0025,65,65,0
2024-08-31,WH-PHC,PRD-0025,39,39,0
2024-08-31,WH-LAG1,PRD-0026,0,0,0
2024-08-31,WH-LAG2,PRD-0026,58,58,0
2024-08-31,WH-IBD,PRD-0026,26,26,0
2024-08-31,WH-ABJ,PRD-0026,20,20,0
2024-08-31,WH-PHC,PRD-0026,30,30,0
2024-08-31,WH-LAG1,PRD-0027,6,6,0
2024-08-31,WH-LAG2,PRD-0027,23,23,0
2024-08-31,WH-IBD,PRD-0027,10,10,0
2024-08-31,WH-ABJ,PRD-0027,31,31,0
2024-08-31,WH-PHC,PRD-0027,5,5,0
2024-08-31,WH-LAG1,PRD-0028,88,88,0
2024-08-31,WH-LAG2,PRD-0028,66,66,0
2024-08-31,WH-IBD,PRD-0028,36,36,0
2024-08-31,WH-ABJ,PRD-0028,0,0,0
2024-08-31,WH-PHC,PRD-0028,0,1,1
2024-08-31,WH-LAG1,PRD-0029,20,20,0
2024-08-31,WH-LAG2,PRD-0029,39,39,0
2024-08-31,WH-IBD,PRD-0029,14,14,0
2024-08-31,WH-ABJ,PRD-0029,40,40,0
2024-08-31,WH-PHC,PRD-0029,33,33,0
2024-08-31,WH-LAG1,PRD-0030,39,39,0
2024-08-31,WH-LAG2,PRD-0030,10,11,1
2024-08-31,WH-IBD,PRD-0030,10,10,0
2024-08-31,WH-ABJ,PRD-0030,10,10,0
2024-08-31,WH-PHC,PRD-0030,7,7,0
2024-08-31,WH-LAG1,PRD-0031,156,156,0
2024-08-31,WH-LAG2,PRD-0031,38,38,0
2024-08-31,WH-IBD,PRD-0031,11,11,0
2024-08-31,WH-ABJ,PRD-0031,69,69,0
2024-08-31,WH-PHC,PRD-0031,35,35,0
2024-08-31,WH-LAG1,PRD-0032,10,10,0
2024-08-31,WH-LAG2,PRD-0032,10,10,0
2024-08-31,WH-IBD,PRD-0032,10,9,-1
2024-08-31,WH-ABJ,PRD-0032,10,10,0
2024-08-31,WH-PHC,PRD-0032,10,10,0
2024-08-31,WH-LAG1,PRD-0033,54,55,1
2024-08-31,WH-LAG2,PRD-0033,23,23,0
2024-08-31,WH-IBD,PRD-0033,45,45,0
2024-08-31,WH-ABJ,PRD-0033,57,57,0
2024-08-31,WH-PHC,PRD-0033,24,24,0
2024-08-31,WH-LAG1,PRD-0034,49,49,0
2024-08-31,WH-LAG2,PRD-0034,11,12,1
2024-08-31,WH-IBD,PRD-0034,10,10,0
2024-08-31,WH-ABJ,PRD-0034,39,39,0
2024-08-31,WH-PHC,PRD-0034,11,11,0
2024-08-31,WH-LAG1,PRD-0035,148,148,0
2024-08-31,WH-LAG2,PRD-0035,73,73,0
2024-08-31,WH-IBD,PRD-0035,87,87,0
2024-08-31,WH-ABJ,PRD-0035,30,30,0
2024-08-31,WH-PHC,PRD-0035,67,67,0
2024-08-31,WH-LAG1,PRD-0036,62,60,-2
2024-08-31,WH-LAG2,PRD-0036,10,10,0
2024-08-31,WH-IBD,PRD-0036,6,6,0
2024-08-31,WH-ABJ,PRD-0036,0,0,0
2024-08-31,WH-PHC,PRD-0036,50,50,0
2024-08-31,WH-LAG1,PRD-0037,149,149,0
2024-08-31,WH-LAG2,PRD-0037,64,64,0
2024-08-31,WH-IBD,PRD-0037,109,109,0
2024-08-31,WH-ABJ,PRD-0037,104,104,0
2024-08-31,WH-PHC,PRD-0037,36,36,0
2024-08-31,WH-LAG1,PRD-0038,0,0,0
2024-08-31,WH-LAG2,PRD-0038,27,27,0
2024-08-31,WH-IBD,PRD-0038,2,2,0
2024-08-31,WH-ABJ,PRD-0038,10,11,1
2024-08-31,WH-PHC,PRD-0038,10,11,1
2024-08-31,WH-LAG1,PRD-0039,254,254,0
2024-08-31,WH-LAG2,PRD-0039,166,166,0
2024-08-31,WH-IBD,PRD-0039,107,107,0
2024-08-31,WH-ABJ,PRD-0039,199,199,0
2024-08-31,WH-PHC,PRD-0039,167,167,0
2024-08-31,WH-LAG1,PRD-0040,85,85,0
2024-08-31,WH-LAG2,PRD-0040,63,63,0
2024-08-31,WH-IBD,PRD-0040,62,62,0
2024-08-31,WH-ABJ,PRD-0040,40,39,-1
2024-08-31,WH-PHC,PRD-0040,67,67,0
2024-08-31,WH-LAG1,PRD-0041,40,39,-1
2024-08-31,WH-LAG2,PRD-0041,18,19,1
2024-08-31,WH-IBD,PRD-0041,66,66,0
2024-08-31,WH-ABJ,PRD-0041,76,76,0
2024-08-31,WH-PHC,PRD-0041,30,30,0
2024-08-31,WH-LAG1,PRD-0042,32,32,0
2024-08-31,WH-LAG2,PRD-0042,10,10,0
2024-08-31,WH-IBD,PRD-0042,10,10,0
2024-08-31,WH-ABJ,PRD-0042,10,10,0
2024-08-31,WH-PHC,PRD-0042,10,10,0
2024-08-31,WH-LAG1,PRD-0043,12,13,1
2024-08-31,WH-LAG2,PRD-0043,8,9,1
2024-08-31,WH-IBD,PRD-0043,10,10,0
2024-08-31,WH-ABJ,PRD-0043,10,10,0
2024-08-31,WH-PHC,PRD-0043,10,10,0
2024-08-31,WH-LAG1,PRD-0044,10,10,0
2024-08-31,WH-LAG2,PRD-0044,10,10,0
2024-08-31,WH-IBD,PRD-0044,10,10,0
2024-08-31,WH-ABJ,PRD-0044,5,5,0
2024-08-31,WH-PHC,PRD-0044,10,10,0
2024-08-31,WH-LAG1,PRD-0045,127,127,0
2024-08-31,WH-LAG2,PRD-0045,74,74,0
2024-08-31,WH-IBD,PRD-0045,68,68,0
2024-08-31,WH-ABJ,PRD-0045,84,84,0
2024-08-31,WH-PHC,PRD-0045,40,40,0
2024-08-31,WH-LAG1,PRD-0046,108,108,0
2024-08-31,WH-LAG2,PRD-0046,65,65,0
2024-08-31,WH-IBD,PRD-0046,46,46,0
2024-08-31,WH-ABJ,PRD-0046,23,23,0
2024-08-31,WH-PHC,PRD-0046,64,64,0
2024-08-31,WH-LAG1,PRD-0047,129,129,0
2024-08-31,WH-LAG2,PRD-0047,30,30,0
2024-08-31,WH-IBD,PRD-0047,78,78,0
2024-08-31,WH-ABJ,PRD-0047,102,102,0
2024-08-31,WH-PHC,PRD-0047,44,44,0
2024-08-31,WH-LAG1,PRD-0048,41,41,0
2024-08-31,WH-LAG2,PRD-0048,18,18,0
2024-08-31,WH-IBD,PRD-0048,21,21,0
2024-08-31,WH-ABJ,PRD-0048,31,31,0
2024-08-31,WH-PHC,PRD-0048,71,71,0
2024-08-31,WH-LAG1,PRD-0049,99,99,0
2024-08-31,WH-LAG2,PRD-0049,20,21,1
2024-08-31,WH-IBD,PRD-0049,17,16,-1
2024-08-31,WH-ABJ,PRD-0049,63,63,0
2024-08-31,WH-PHC,PRD-0049,53,53,0
2024-08-31,WH-LAG1,PRD-0050,0,0,0
2024-08-31,WH-LAG2,PRD-0050,17,17,0
2024-08-31,WH-IBD,PRD-0050,12,12,0
2024-08-31,WH-ABJ,PRD-0050,17,18,1
2024-08-31,WH-PHC,PRD-0050,17,17,0
2024-08-31,WH-LAG1,PRD-0051,288,288,0
2024-08-31,WH-LAG2,PRD-0051,154,158,4
2024-08-31,WH-IBD,PRD-0051,133,133,0
2024-08-31,WH-ABJ,PRD-0051,181,181,0
2024-08-31,WH-PHC,PRD-0051,44,44,0
2024-08-31,WH-LAG1,PRD-0052,14,14,0
2024-08-31,WH-LAG2,PRD-0052,16,16,0
2024-08-31,WH-IBD,PRD-0052,12,12,0
2024-08-31,WH-ABJ,PRD-0052,3,3,0
2024-08-31,WH-PHC,PRD-0052,1,1,0
2024-08-31,WH-LAG1,PRD-0053,32,32,0
2024-08-31,WH-LAG2,PRD-0053,23,24,1
2024-08-31,WH-IBD,PRD-0053,10,10,0
2024-08-31,WH-ABJ,PRD-0053,8,9,1
2024-08-31,WH-PHC,PRD-0053,10,10,0
2024-08-31,WH-LAG1,PRD-0054,10,10,0
2024-08-31,WH-LAG2,PRD-0054,5,5,0
2024-08-31,WH-IBD,PRD-0054,10,10,0
2024-08-31,WH-ABJ,PRD-0054,10,10,0
2024-08-31,WH-PHC,PRD-0054,10,10,0
2024-08-31,WH-LAG1,PRD-0055,74,74,0
2024-08-31,WH-LAG2,PRD-0055,80,80,0
2024-08-31,WH-IBD,PRD-0055,14,14,0
2024-08-31,WH-ABJ,PRD-0055,9,9,0
2024-08-31,WH-PHC,PRD-0055,14,15,1
2024-08-31,WH-LAG1,PRD-0056,62,62,0
2024-08-31,WH-LAG2,PRD-0056,41,40,-1
2024-08-31,WH-IBD,PRD-0056,14,14,0
2024-08-31,WH-ABJ,PRD-0056,54,56,2
2024-08-31,WH-PHC,PRD-0056,57,57,0
2024-08-31,WH-LAG1,PRD-0057,271,271,0
2024-08-31,WH-LAG2,PRD-0057,135,135,0
2024-08-31,WH-IBD,PRD-0057,0,0,0
2024-08-31,WH-ABJ,PRD-0057,233,233,0
2024-08-31,WH-PHC,PRD-0057,1,1,0
2024-08-31,WH-LAG1,PRD-0058,124,124,0
2024-08-31,WH-LAG2,PRD-0058,26,25,-1
2024-08-31,WH-IBD,PRD-0058,68,69,1
2024-08-31,WH-ABJ,PRD-0058,25,25,0
2024-08-31,WH-PHC,PRD-0058,53,53,0
2024-08-31,WH-LAG1,PRD-0059,55,55,0
2024-08-31,WH-LAG2,PRD-0059,78,78,0
2024-08-31,WH-IBD,PRD-0059,67,67,0
2024-08-31,WH-ABJ,PRD-0059,68,69,1
2024-08-31,WH-PHC,PRD-0059,62,62,0
2024-08-31,WH-LAG1,PRD-0060,212,219,7
2024-08-31,WH-LAG2,PRD-0060,127,127,0
2024-08-31,WH-IBD,PRD-0060,82,82,0
2024-08-31,WH-ABJ,PRD-0060,63,63,0
2024-08-31,WH-PHC,PRD-0060,128,128,0
2024-08-31,WH-LAG1,PRD-0061,79,79,0
2024-08-31,WH-LAG2,PRD-0061,97,97,0
2024-08-31,WH-IBD,PRD-0061,0,0,0
2024-08-31,WH-ABJ,PRD-0061,180,180,0
2024-08-31,WH-PHC,PRD-0061,103,103,0
2024-08-31,WH-LAG1,PRD-0062,203,203,0
2024-08-31,WH-LAG2,PRD-0062,70,70,0
2024-08-31,WH-IBD,PRD-0062,145,145,0
2024-08-31,WH-ABJ,PRD-0062,55,55,0
2024-08-31,WH-PHC,PRD-0062,119,119,0
2024-08-31,WH-LAG1,PRD-0063,38,37,-1
2024-08-31,WH-LAG2,PRD-0063,87,87,0
2024-08-31,WH-IBD,PRD-0063,67,64,-3
2024-08-31,WH-ABJ,PRD-0063,16,16,0
2024-08-31,WH-PHC,PRD-0063,87,87,0
2024-08-31,WH-LAG1,PRD-0064,278,278,0
2024-08-31,WH-LAG2,PRD-0064,110,110,0
2024-08-31,WH-IBD,PRD-0064,128,128,0
2024-08-31,WH-ABJ,PRD-0064,0,0,0
2024-08-31,WH-PHC,PRD-0064,90,90,0
2024-08-31,WH-LAG1,PRD-0065,42,42,0
2024-08-31,WH-LAG2,PRD-0065,18,18,0
2024-08-31,WH-IBD,PRD-0065,97,97,0
2024-08-31,WH-ABJ,PRD-0065,108,108,0
2024-08-31,WH-PHC,PRD-0065,0,0,0
2024-08-31,WH-LAG1,PRD-0066,10,10,0
2024-08-31,WH-LAG2,PRD-0066,0,0,0
2024-08-31,WH-IBD,PRD-0066,10,10,0
2024-08-31,WH-ABJ,PRD-0066,4,4,0
2024-08-31,WH-PHC,PRD-0066,10,10,0
2024-08-31,WH-LAG1,PRD-0067,162,160,-2
2024-08-31,WH-LAG2,PRD-0067,78,76,-2
2024-08-31,WH-IBD,PRD-0067,63,63,0
2024-08-31,WH-ABJ,PRD-0067,103,106,3
2024-08-31,WH-PHC,PRD-0067,83,83,0
2024-08-31,WH-LAG1,PRD-0068,124,124,0
2024-08-31,WH-LAG2,PRD-0068,97,97,0
2024-08-31,WH-IBD,PRD-0068,58,58,0
2024-08-31,WH-ABJ,PRD-0068,216,216,0
2024-08-31,WH-PHC,PRD-0068,123,123,0
2024-08-31,WH-LAG1,PRD-0069,11,11,0
2024-08-31,WH-LAG2,PRD-0069,10,9,-1
2024-08-31,WH-IBD,PRD-0069,10,10,0
2024-08-31,WH-ABJ,PRD-0069,22,22,0
2024-08-31,WH-PHC,PRD-0069,10,10,0
2024-08-31,WH-LAG1,PRD-0070,32,32,0
2024-08-31,WH-LAG2,PRD-0070,37,36,-1
2024-08-31,WH-IBD,PRD-0070,6,6,0
2024-08-31,WH-ABJ,PRD-0070,17,17,0
2024-08-31,WH-PHC,PRD-0070,34,34,0
2024-08-31,WH-LAG1,PRD-0071,23,23,0
2024-08-31,WH-LAG2,PRD-0071,10,10,0
2024-08-31,WH-IBD,PRD-0071,21,21,0
2024-08-31,WH-ABJ,PRD-0071,10,10,0
2024-08-31,WH-PHC,PRD-0071,0,0,0
2024-08-31,WH-LAG1,PRD-0072,0,0,0
2024-08-31,WH-LAG2,PRD-0072,20,20,0
2024-08-31,WH-IBD,PRD-0072,45,45,0
2024-08-31,WH-ABJ,PRD-0072,62,62,0
2024-08-31,WH-PHC,PRD-0072,19,19,0
2024-08-31,WH-LAG1,PRD-0073,36,36,0
2024-08-31,WH-LAG2,PRD-0073,10,10,0
2024-08-31,WH-IBD,PRD-0073,8,8,0
2024-08-31,WH-ABJ,PRD-0073,20,20,0
2024-08-31,WH-PHC,PRD-0073,10,10,0
2024-08-31,WH-LAG1,PRD-0074,214,214,0
2024-08-31,WH-LAG2,PRD-0074,109,113,4
2024-08-31,WH-IBD,PRD-0074,67,67,0
2024-08-31,WH-ABJ,PRD-0074,87,87,0
2024-08-31,WH-PHC,PRD-0074,99,99,0
2024-08-31,WH-LAG1,PRD-0075,62,62,0
2024-08-31,WH-LAG2,PRD-0075,27,26,-1
2024-08-31,WH-IBD,PRD-0075,14,14,0
2024-08-31,WH-ABJ,PRD-0075,17,17,0
2024-08-31,WH-PHC,PRD-0075,9,9,0
2024-08-31,WH-LAG1,PRD-0076,128,128,0
2024-08-31,WH-LAG2,PRD-0076,99,99,0
2024-08-31,WH-IBD,PRD-0076,89,89,0
2024-08-31,WH-ABJ,PRD-0076,38,37,-1
2024-08-31,WH-PHC,PRD-0076,19,19,0
2024-08-31,WH-LAG1,PRD-0077,538,538,0
2024-08-31,WH-LAG2,PRD-0077,262,262,0
2024-08-31,WH-IBD,PRD-0077,269,269,0
2024-08-31,WH-ABJ,PRD-0077,114,114,0
2024-08-31,WH-PHC,PRD-0077,190,190,0
2024-08-31,WH-LAG1,PRD-0078,151,151,0
2024-08-31,WH-LAG2,PRD-0078,101,101,0
2024-08-31,WH-IBD,PRD-0078,96,96,0
2024-08-31,WH-ABJ,PRD-0078,12,11,-1
2024-08-31,WH-PHC,PRD-0078,10,10,0
2024-08-31,WH-LAG1,PRD-0079,61,61,0
2024-08-31,WH-LAG2,PRD-0079,39,39,0
2024-08-31,WH-IBD,PRD-0079,70,70,0
2024-08-31,WH-ABJ,PRD-0079,36,36,0
2024-08-31,WH-PHC,PRD-0079,28,28,0
2024-08-31,WH-LAG1,PRD-0080,107,106,-1
2024-08-31,WH-LAG2,PRD-0080,29,29,0
2024-08-31,WH-IBD,PRD-0080,17,17,0
2024-08-31,WH-ABJ,PRD-0080,114,114,0
2024-08-31,WH-PHC,PRD-0080,4,4,0
2024-08-31,WH-LAG1,PRD-0081,187,187,0
2024-08-31,WH-LAG2,PRD-0081,30,30,0
2024-08-31,WH-IBD,PRD-0081,31,31,0
2024-08-31,WH-ABJ,PRD-0081,99,99,0
2024-08-31,WH-PHC,PRD-0081,37,37,0
2024-08-31,WH-LAG1,PRD-0082,108,108,0
2024-08-31,WH-LAG2,PRD-0082,97,97,0
2024-08-31,WH-IBD,PRD-0082,67,67,0
2024-08-31,WH-ABJ,PRD-0082,72,72,0
2024-08-31,WH-PHC,PRD-0082,84,84,0
2024-08-31,WH-LAG1,PRD-0083,385,385,0
2024-08-31,WH-LAG2,PRD-0083,158,158,0
2024-08-31,WH-IBD,PRD-0083,108,108,0
2024-08-31,WH-ABJ,PRD-0083,179,179,0
2024-08-31,WH-PHC,PRD-0083,120,120,0
2024-08-31,WH-LAG1,PRD-0084,102,102,0
2024-08-31,WH-LAG2,PRD-0084,146,146,0
2024-08-31,WH-IBD,PRD-0084,110,110,0
2024-08-31,WH-ABJ,PRD-0084,90,90,0
2024-08-31,WH-PHC,PRD-0084,117,117,0
2024-08-31,WH-LAG1,PRD-0085,174,174,0
2024-08-31,WH-LAG2,PRD-0085,75,75,0
2024-08-31,WH-IBD,PRD-0085,111,111,0
2024-08-31,WH-ABJ,PRD-0085,31,31,0
2024-08-31,WH-PHC,PRD-0085,0,1,1
2024-08-31,WH-LAG1,PRD-0086,486,486,0
2024-08-31,WH-LAG2,PRD-0086,208,208,0
2024-08-31,WH-IBD,PRD-0086,184,184,0
2024-08-31,WH-ABJ,PRD-0086,288,288,0
2024-08-31,WH-PHC,PRD-0086,234,234,0
2024-08-31,WH-LAG1,PRD-0087,8,8,0
2024-08-31,WH-LAG2,PRD-0087,19,19,0
2024-08-31,WH-IBD,PRD-0087,23,23,0
2024-08-31,WH-ABJ,PRD-0087,10,9,-1
2024-08-31,WH-PHC,PRD-0087,10,10,0
2024-08-31,WH-LAG1,PRD-0088,14,14,0
2024-08-31,WH-LAG2,PRD-0088,10,10,0
2024-08-31,WH-IBD,PRD-0088,10,10,0
2024-08-31,WH-ABJ,PRD-0088,43,43,0
2024-08-31,WH-PHC,PRD-0088,65,65,0
2024-08-31,WH-LAG1,PRD-0089,14,14,0
2024-08-31,WH-LAG2,PRD-0089,9,9,0
2024-08-31,WH-IBD,PRD-0089,0,0,0
2024-08-31,WH-ABJ,PRD-0089,50,50,0
2024-08-31,WH-PHC,PRD-0089,0,0,0
2024-08-31,WH-LAG1,PRD-0090,1638,1638,0
2024-08-31,WH-LAG2,PRD-0090,42,42,0
2024-08-31,WH-IBD,PRD-0090,679,659,-20
2024-08-31,WH-ABJ,PRD-0090,993,967,-26
2024-08-31,WH-PHC,PRD-0090,225,225,0
2024-08-31,WH-LAG1,PRD-0091,56,56,0
2024-08-31,WH-LAG2,PRD-0091,62,62,0
2024-08-31,WH-IBD,PRD-0091,0,0,0
2024-08-31,WH-ABJ,PRD-0091,106,106,0
2024-08-31,WH-PHC,PRD-0091,99,99,0
2024-08-31,WH-LAG1,PRD-0092,24,24,0
2024-08-31,WH-LAG2,PRD-0092,16,16,0
2024-08-31,WH-IBD,PRD-0092,8,8,0
2024-08-31,WH-ABJ,PRD-0092,28,28,0
2024-08-31,WH-PHC,PRD-0092,16,16,0
2024-08-31,WH-LAG1,PRD-0093,237,237,0
2024-08-31,WH-LAG2,PRD-0093,40,40,0
2024-08-31,WH-IBD,PRD-0093,54,54,0
2024-08-31,WH-ABJ,PRD-0093,105,105,0
2024-08-31,WH-PHC,PRD-0093,70,71,1
2024-08-31,WH-LAG1,PRD-0094,15,15,0
2024-08-31,WH-LAG2,PRD-0094,10,10,0
2024-08-31,WH-IBD,PRD-0094,9,9,0
2024-08-31,WH-ABJ,PRD-0094,10,10,0
2024-08-31,WH-PHC,PRD-0094,9,10,1
2024-08-31,WH-LAG1,PRD-0095,28,28,0
2024-08-31,WH-LAG2,PRD-0095,10,10,0
2024-08-31,WH-IBD,PRD-0095,24,24,0
2024-08-31,WH-ABJ,PRD-0095,0,0,0
2024-08-31,WH-PHC,PRD-0095,16,16,0
2024-08-31,WH-LAG1,PRD-0096,13,13,0
2024-08-31,WH-LAG2,PRD-0096,4,4,0
2024-08-31,WH-IBD,PRD-0096,21,21,0
2024-08-31,WH-ABJ,PRD-0096,10,10,0
2024-08-31,WH-PHC,PRD-0096,23,23,0
2024-08-31,WH-LAG1,PRD-0097,21,20,-1
2024-08-31,WH-LAG2,PRD-0097,8,8,0
2024-08-31,WH-IBD,PRD-0097,0,0,0
2024-08-31,WH-ABJ,PRD-0097,30,29,-1
2024-08-31,WH-PHC,PRD-0097,34,35,1
2024-08-31,WH-LAG1,PRD-0098,355,355,0
2024-08-31,WH-LAG2,PRD-0098,152,152,0
2024-08-31,WH-IBD,PRD-0098,142,142,0
2024-08-31,WH-ABJ,PRD-0098,219,219,0
2024-08-31,WH-PHC,PRD-0098,94,94,0
2024-08-31,WH-LAG1,PRD-0099,12,12,0
2024-08-31,WH-LAG2,PRD-0099,4,4,0
2024-08-31,WH-IBD,PRD-0099,0,0,0
2024-08-31,WH-ABJ,PRD-0099,10,10,0
2024-08-31,WH-PHC,PRD-0099,8,8,0
2024-08-31,WH-LAG1,PRD-0100,502,502,0
2024-08-31,WH-LAG2,PRD-0100,200,200,0
2024-08-31,WH-IBD,PRD-0100,283,283,0
2024-08-31,WH-ABJ,PRD-0100,430,430,0
2024-08-31,WH-PHC,PRD-0100,339,339,0
2024-08-31,WH-LAG1,PRD-0101,55,55,0
2024-08-31,WH-LAG2,PRD-0101,35,35,0
2024-08-31,WH-IBD,PRD-0101,9,9,0
2024-08-31,WH-ABJ,PRD-0101,27,27,0
2024-08-31,WH-PHC,PRD-0101,35,35,0
2024-08-31,WH-LAG1,PRD-0102,58,58,0
2024-08-31,WH-LAG2,PRD-0102,70,70,0
2024-08-31,WH-IBD,PRD-0102,63,63,0
2024-08-31,WH-ABJ,PRD-0102,96,96,0
2024-08-31,WH-PHC,PRD-0102,27,27,0
2024-08-31,WH-LAG1,PRD-0103,60,60,0
2024-08-31,WH-LAG2,PRD-0103,73,73,0
2024-08-31,WH-IBD,PRD-0103,91,91,0
2024-08-31,WH-ABJ,PRD-0103,73,73,0
2024-08-31,WH-PHC,PRD-0103,62,62,0
2024-08-31,WH-LAG1,PRD-0104,51,51,0
2024-08-31,WH-LAG2,PRD-0104,10,10,0
2024-08-31,WH-IBD,PRD-0104,10,10,0
2024-08-31,WH-ABJ,PRD-0104,27,27,0
2024-08-31,WH-PHC,PRD-0104,10,10,0
2024-08-31,WH-LAG1,PRD-0105,55,55,0
2024-08-31,WH-LAG2,PRD-0105,20,20,0
2024-08-31,WH-IBD,PRD-0105,29,29,0
2024-08-31,WH-ABJ,PRD-0105,34,34,0
2024-08-31,WH-PHC,PRD-0105,26,26,0
2024-08-31,WH-LAG1,PRD-0106,45,45,0
2024-08-31,WH-LAG2,PRD-0106,10,10,0
2024-08-31,WH-IBD,PRD-0106,10,10,0
2024-08-31,WH-ABJ,PRD-0106,11,11,0
2024-08-31,WH-PHC,PRD-0106,10,10,0
2024-08-31,WH-LAG1,PRD-0107,14,14,0
2024-08-31,WH-LAG2,PRD-0107,25,25,0
2024-08-31,WH-IBD,PRD-0107,10,10,0
2024-08-31,WH-ABJ,PRD-0107,38,38,0
2024-08-31,WH-PHC,PRD-0107,8,8,0
2024-08-31,WH-LAG1,PRD-0108,240,240,0
2024-08-31,WH-LAG2,PRD-0108,129,129,0
2024-08-31,WH-IBD,PRD-0108,181,183,2
2024-08-31,WH-ABJ,PRD-0108,255,255,0
2024-08-31,WH-PHC,PRD-0108,229,229,0
2024-08-31,WH-LAG1,PRD-0109,56,56,0
2024-08-31,WH-LAG2,PRD-0109,98,97,-1
2024-08-31,WH-IBD,PRD-0109,54,56,2
2024-08-31,WH-ABJ,PRD-0109,110,110,0
2024-08-31,WH-PHC,PRD-0109,74,74,0
2024-08-31,WH-LAG1,PRD-0110,24,25,1
2024-08-31,WH-LAG2,PRD-0110,9,9,0
2024-08-31,WH-IBD,PRD-0110,23,23,0
2024-08-31,WH-ABJ,PRD-0110,12,12,0
2024-08-31,WH-PHC,PRD-0110,17,17,0
2024-08-31,WH-LAG1,PRD-0111,126,126,0
2024-08-31,WH-LAG2,PRD-0111,89,90,1
2024-08-31,WH-IBD,PRD-0111,97,97,0
2024-08-31,WH-ABJ,PRD-0111,122,122,0
2024-08-31,WH-PHC,PRD-0111,16,16,0
2024-08-31,WH-LAG1,PRD-0112,0,1,1
2024-08-31,WH-LAG2,PRD-0112,7,7,0
2024-08-31,WH-IBD,PRD-0112,10,10,0
2024-08-31,WH-ABJ,PRD-0112,10,10,0
2024-08-31,WH-PHC,PRD-0112,23,23,0
2024-08-31,WH-LAG1,PRD-0113,180,180,0
2024-08-31,WH-LAG2,PRD-0113,116,116,0
2024-08-31,WH-IBD,PRD-0113,29,29,0
2024-08-31,WH-ABJ,PRD-0113,129,129,0
2024-08-31,WH-PHC,PRD-0113,19,19,0
2024-08-31,WH-LAG1,PRD-0114,30,30,0
2024-08-31,WH-LAG2,PRD-0114,10,10,0
2024-08-31,WH-IBD,PRD-0114,10,11,1
2024-08-31,WH-ABJ,PRD-0114,25,25,0
2024-08-31,WH-PHC,PRD-0114,10,10,0
2024-08-31,WH-LAG1,PRD-0115,148,148,0
2024-08-31,WH-LAG2,PRD-0115,19,19,0
2024-08-31,WH-IBD,PRD-0115,95,95,0
2024-08-31,WH-ABJ,PRD-0115,109,109,0
2024-08-31,WH-PHC,PRD-0115,92,92,0
2024-08-31,WH-LAG1,PRD-0116,22,22,0
2024-08-31,WH-LAG2,PRD-0116,46,46,0
2024-08-31,WH-IBD,PRD-0116,12,12,0
2024-08-31,WH-ABJ,PRD-0116,61,61,0
2024-08-31,WH-PHC,PRD-0116,61,63,2
2024-08-31,WH-LAG1,PRD-0117,124,124,0
2024-08-31,WH-LAG2,PRD-0117,17,17,0
2024-08-31,WH-IBD,PRD-0117,70,70,0
2024-08-31,WH-ABJ,PRD-0117,90,90,0
2024-08-31,WH-PHC,PRD-0117,81,81,0
2024-08-31,WH-LAG1,PRD-0118,360,360,0
2024-08-31,WH-LAG2,PRD-0118,87,87,0
2024-08-31,WH-IBD,PRD-0118,126,126,0
2024-08-31,WH-ABJ,PRD-0118,39,39,0
2024-08-31,WH-PHC,PRD-0118,50,50,0
2024-08-31,WH-LAG1,PRD-0119,27,28,1
2024-08-31,WH-LAG2,PRD-0119,10,10,0
2024-08-31,WH-IBD,PRD-0119,1,0,-1
2024-08-31,WH-ABJ,PRD-0119,10,10,0
2024-08-31,WH-PHC,PRD-0119,10,10,0
2024-08-31,WH-LAG1,PRD-0120,200,200,0
2024-08-31,WH-LAG2,PRD-0120,154,154,0
2024-08-31,WH-IBD,PRD-0120,65,65,0
2024-08-31,WH-ABJ,PRD-0120,152,152,0
2024-08-31,WH-PHC,PRD-0120,53,53,0
2024-08-31,WH-LAG1,PRD-0121,299,299,0
2024-08-31,WH-LAG2,PRD-0121,97,97,0
2024-08-31,WH-IBD,PRD-0121,150,150,0
2024-08-31,WH-ABJ,PRD-0121,0,0,0
2024-08-31,WH-PHC,PRD-0121,64,64,0
2024-08-31,WH-LAG1,PRD-0122,221,221,0
2024-08-31,WH-LAG2,PRD-0122,30,30,0
2024-08-31,WH-IBD,PRD-0122,133,133,0
2024-08-31,WH-ABJ,PRD-0122,111,111,0
2024-08-31,WH-PHC,PRD-0122,160,160,0
2024-08-31,WH-LAG1,PRD-0123,131,131,0
2024-08-31,WH-LAG2,PRD-0123,80,80,0
2024-08-31,WH-IBD,PRD-0123,42,42,0
2024-08-31,WH-ABJ,PRD-0123,75,74,-1
2024-08-31,WH-PHC,PRD-0123,11,11,0
2024-08-31,WH-LAG1,PRD-0124,99,99,0
2024-08-31,WH-LAG2,PRD-0124,11,11,0
2024-08-31,WH-IBD,PRD-0124,10,10,0
2024-08-31,WH-ABJ,PRD-0124,68,68,0
2024-08-31,WH-PHC,PRD-0124,11,11,0
2024-08-31,WH-LAG1,PRD-0125,711,711,0
2024-08-31,WH-LAG2,PRD-0125,189,189,0
2024-08-31,WH-IBD,PRD-0125,318,318,0
2024-08-31,WH-ABJ,PRD-0125,485,485,0
2024-08-31,WH-PHC,PRD-0125,384,384,0
2024-08-31,WH-LAG1,PRD-0126,73,73,0
2024-08-31,WH-LAG2,PRD-0126,17,17,0
2024-08-31,WH-IBD,PRD-0126,18,18,0
2024-08-31,WH-ABJ,PRD-0126,46,46,0
2024-08-31,WH-PHC,PRD-0126,45,45,0
2024-08-31,WH-LAG1,PRD-0127,76,76,0
2024-08-31,WH-LAG2,PRD-0127,20,20,0
2024-08-31,WH-IBD,PRD-0127,13,14,1
2024-08-31,WH-ABJ,PRD-0127,15,15,0
2024-08-31,WH-PHC,PRD-0127,20,20,0
2024-08-31,WH-LAG1,PRD-0128,151,154,3
2024-08-31,WH-LAG2,PRD-0128,38,38,0
2024-08-31,WH-IBD,PRD-0128,39,40,1
2024-08-31,WH-ABJ,PRD-0128,3,2,-1
2024-08-31,WH-PHC,PRD-0128,27,27,0
2024-08-31,WH-LAG1,PRD-0129,8,8,0
2024-08-31,WH-LAG2,PRD-0129,7,7,0
2024-08-31,WH-IBD,PRD-0129,9,10,1
2024-08-31,WH-ABJ,PRD-0129,20,20,0
2024-08-31,WH-PHC,PRD-0129,10,10,0
2024-08-31,WH-LAG1,PRD-0130,49,49,0
2024-08-31,WH-LAG2,PRD-0130,44,44,0
2024-08-31,WH-IBD,PRD-0130,12,11,-1
2024-08-31,WH-ABJ,PRD-0130,60,60,0
2024-08-31,WH-PHC,PRD-0130,4,4,0
2024-08-31,WH-LAG1,PRD-0131,127,127,0
2024-08-31,WH-LAG2,PRD-0131,133,133,0
2024-08-31,WH-IBD,PRD-0131,68,69,1
2024-08-31,WH-ABJ,PRD-0131,33,33,0
2024-08-31,WH-PHC,PRD-0131,17,17,0
2024-08-31,WH-LAG1,PRD-0132,22,22,0
2024-08-31,WH-LAG2,PRD-0132,65,65,0
2024-08-31,WH-IBD,PRD-0132,12,12,0
2024-08-31,WH-ABJ,PRD-0132,13,13,0
2024-08-31,WH-PHC,PRD-0132,59,57,-2
2024-08-31,WH-LAG1,PRD-0133,0,0,0
2024-08-31,WH-LAG2,PRD-0133,37,37,0
2024-08-31,WH-IBD,PRD-0133,10,9,-1
2024-08-31,WH-ABJ,PRD-0133,10,11,1
2024-08-31,WH-PHC,PRD-0133,10,11,1
2024-08-31,WH-LAG1,PRD-0134,56,56,0
2024-08-31,WH-LAG2,PRD-0134,10,10,0
2024-08-31,WH-IBD,PRD-0134,10,10,0
2024-08-31,WH-ABJ,PRD-0134,7,7,0
2024-08-31,WH-PHC,PRD-0134,8,8,0
2024-08-31,WH-LAG1,PRD-0135,245,245,0
2024-08-31,WH-LAG2,PRD-0135,147,147,0
2024-08-31,WH-IBD,PRD-0135,149,149,0
2024-08-31,WH-ABJ,PRD-0135,192,192,0
2024-08-31,WH-PHC,PRD-0135,115,115,0
2024-08-31,WH-LAG1,PRD-0136,113,113,0
2024-08-31,WH-LAG2,PRD-0136,10,10,0
2024-08-31,WH-IBD,PRD-0136,65,65,0
2024-08-31,WH-ABJ,PRD-0136,51,51,0
2024-08-31,WH-PHC,PRD-0136,0,0,0
2024-08-31,WH-LAG1,PRD-0137,32,32,0
2024-08-31,WH-LAG2,PRD-0137,103,103,0
2024-08-31,WH-IBD,PRD-0137,97,97,0
2024-08-31,WH-ABJ,PRD-0137,30,30,0
2024-08-31,WH-PHC,PRD-0137,16,15,-1
2024-08-31,WH-LAG1,PRD-0138,181,181,0
2024-08-31,WH-LAG2,PRD-0138,117,117,0
2024-08-31,WH-IBD,PRD-0138,81,81,0
2024-08-31,WH-ABJ,PRD-0138,123,123,0
2024-08-31,WH-PHC,PRD-0138,23,23,0
2024-08-31,WH-LAG1,PRD-0139,81,81,0
2024-08-31,WH-LAG2,PRD-0139,66,66,0
2024-08-31,WH-IBD,PRD-0139,11,11,0
2024-08-31,WH-ABJ,PRD-0139,87,87,0
2024-08-31,WH-PHC,PRD-0139,97,97,0
2024-08-31,WH-LAG1,PRD-0140,11,11,0
2024-08-31,WH-LAG2,PRD-0140,10,10,0
2024-08-31,WH-IBD,PRD-0140,10,10,0
2024-08-31,WH-ABJ,PRD-0140,8,7,-1
2024-08-31,WH-PHC,PRD-0140,10,10,0
2024-08-31,WH-LAG1,PRD-0141,83,83,0
2024-08-31,WH-LAG2,PRD-0141,71,71,0
2024-08-31,WH-IBD,PRD-0141,10,10,0
2024-08-31,WH-ABJ,PRD-0141,111,111,0
2024-08-31,WH-PHC,PRD-0141,68,68,0
2024-08-31,WH-LAG1,PRD-0142,217,217,0
2024-08-31,WH-LAG2,PRD-0142,106,106,0
2024-08-31,WH-IBD,PRD-0142,118,118,0
2024-08-31,WH-ABJ,PRD-0142,159,159,0
2024-08-31,WH-PHC,PRD-0142,46,46,0
2024-08-31,WH-LAG1,PRD-0143,71,72,1
2024-08-31,WH-LAG2,PRD-0143,17,17,0
2024-08-31,WH-IBD,PRD-0143,53,53,0
2024-08-31,WH-ABJ,PRD-0143,64,64,0
2024-08-31,WH-PHC,PRD-0143,43,43,0
2024-08-31,WH-LAG1,PRD-0144,122,122,0
2024-08-31,WH-LAG2,PRD-0144,1,1,0
2024-08-31,WH-IBD,PRD-0144,43,43,0
2024-08-31,WH-ABJ,PRD-0144,15,15,0
2024-08-31,WH-PHC,PRD-0144,18,17,-1
2024-08-31,WH-LAG1,PRD-0145,53,51,-2
2024-08-31,WH-LAG2,PRD-0145,88,88,0
2024-08-31,WH-IBD,PRD-0145,80,80,0
2024-08-31,WH-ABJ,PRD-0145,58,57,-1
2024-08-31,WH-PHC,PRD-0145,81,81,0
2024-08-31,WH-LAG1,PRD-0146,73,73,0
2024-08-31,WH-LAG2,PRD-0146,44,44,0
2024-08-31,WH-IBD,PRD-0146,12,13,1
2024-08-31,WH-ABJ,PRD-0146,16,15,-1
2024-08-31,WH-PHC,PRD-0146,41,41,0
2024-08-31,WH-LAG1,PRD-0147,91,91,0
2024-08-31,WH-LAG2,PRD-0147,7,7,0
2024-08-31,WH-IBD,PRD-0147,11,10,-1
2024-08-31,WH-ABJ,PRD-0147,18,18,0
2024-08-31,WH-PHC,PRD-0147,18,18,0
2024-08-31,WH-LAG1,PRD-0148,78,78,0
2024-08-31,WH-LAG2,PRD-0148,49,49,0
2024-08-31,WH-IBD,PRD-0148,11,11,0
2024-08-31,WH-ABJ,PRD-0148,47,47,0
2024-08-31,WH-PHC,PRD-0148,51,51,0
2024-08-31,WH-LAG1,PRD-0149,31,31,0
2024-08-31,WH-LAG2,PRD-0149,6,6,0
2024-08-31,WH-IBD,PRD-0149,22,22,0
2024-08-31,WH-ABJ,PRD-0149,20,20,0
2024-08-31,WH-PHC,PRD-0149,12,12,0
2024-08-31,WH-LAG1,PRD-0150,138,138,0
2024-08-31,WH-LAG2,PRD-0150,49,49,0
2024-08-31,WH-IBD,PRD-0150,26,26,0
2024-08-31,WH-ABJ,PRD-0150,110,110,0
2024-08-31,WH-PHC,PRD-0150,38,37,-1
2024-08-31,WH-LAG1,PRD-0151,1471,1471,0
2024-08-31,WH-LAG2,PRD-0151,163,163,0
2024-08-31,WH-IBD,PRD-0151,553,553,0
2024-08-31,WH-ABJ,PRD-0151,838,838,0
2024-08-31,WH-PHC,PRD-0151,451,451,0
2024-08-31,WH-LAG1,PRD-0152,65,65,0
2024-08-31,WH-LAG2,PRD-0152,59,59,0
2024-08-31,WH-IBD,PRD-0152,60,60,0
2024-08-31,WH-ABJ,PRD-0152,11,11,0
2024-08-31,WH-PHC,PRD-0152,64,64,0
2024-08-31,WH-LAG1,PRD-0153,323,323,0
2024-08-31,WH-LAG2,PRD-0153,108,106,-2
2024-08-31,WH-IBD,PRD-0153,142,142,0
2024-08-31,WH-ABJ,PRD-0153,64,64,0
2024-08-31,WH-PHC,PRD-0153,146,146,0
2024-08-31,WH-LAG1,PRD-0154,127,127,0
2024-08-31,WH-LAG2,PRD-0154,42,42,0
2024-08-31,WH-IBD,PRD-0154,13,13,0
2024-08-31,WH-ABJ,PRD-0154,73,73,0
2024-08-31,WH-PHC,PRD-0154,18,18,0
2024-08-31,WH-LAG1,PRD-0155,30,30,0
2024-08-31,WH-LAG2,PRD-0155,23,23,0
2024-08-31,WH-IBD,PRD-0155,1,2,1
2024-08-31,WH-ABJ,PRD-0155,32,32,0
2024-08-31,WH-PHC,PRD-0155,55,55,0
2024-08-31,WH-LAG1,PRD-0156,352,352,0
2024-08-31,WH-LAG2,PRD-0156,172,172,0
2024-08-31,WH-IBD,PRD-0156,100,100,0
2024-08-31,WH-ABJ,PRD-0156,147,151,4
2024-08-31,WH-PHC,PRD-0156,185,185,0
2024-08-31,WH-LAG1,PRD-0157,121,121,0
2024-08-31,WH-LAG2,PRD-0157,51,51,0
2024-08-31,WH-IBD,PRD-0157,26,26,0
2024-08-31,WH-ABJ,PRD-0157,79,79,0
2024-08-31,WH-PHC,PRD-0157,30,30,0
2024-08-31,WH-LAG1,PRD-0158,37,37,0
2024-08-31,WH-LAG2,PRD-0158,10,11,1
2024-08-31,WH-IBD,PRD-0158,32,32,0
2024-08-31,WH-ABJ,PRD-0158,10,10,0
2024-08-31,WH-PHC,PRD-0158,36,36,0
2024-08-31,WH-LAG1,PRD-0159,58,58,0
2024-08-31,WH-LAG2,PRD-0159,60,60,0
2024-08-31,WH-IBD,PRD-0159,10,10,0
2024-08-31,WH-ABJ,PRD-0159,10,10,0
2024-08-31,WH-PHC,PRD-0159,10,10,0
2024-08-31,WH-LAG1,PRD-0160,524,524,0
2024-08-31,WH-LAG2,PRD-0160,222,222,0
2024-08-31,WH-IBD,PRD-0160,95,95,0
2024-08-31,WH-ABJ,PRD-0160,12,12,0
2024-08-31,WH-PHC,PRD-0160,196,196,0
2024-08-31,WH-LAG1,PRD-0161,540,534,-6
2024-08-31,WH-LAG2,PRD-0161,244,250,6
2024-08-31,WH-IBD,PRD-0161,179,174,-5
2024-08-31,WH-ABJ,PRD-0161,537,557,20
2024-08-31,WH-PHC,PRD-0161,266,266,0
2024-08-31,WH-LAG1,PRD-0162,79,78,-1
2024-08-31,WH-LAG2,PRD-0162,22,22,0
2024-08-31,WH-IBD,PRD-0162,58,58,0
2024-08-31,WH-ABJ,PRD-0162,59,59,0
2024-08-31,WH-PHC,PRD-0162,22,23,1
2024-08-31,WH-LAG1,PRD-0163,145,145,0
2024-08-31,WH-LAG2,PRD-0163,53,53,0
2024-08-31,WH-IBD,PRD-0163,23,24,1
2024-08-31,WH-ABJ,PRD-0163,26,26,0
2024-08-31,WH-PHC,PRD-0163,21,21,0
2024-08-31,WH-LAG1,PRD-0164,75,75,0
2024-08-31,WH-LAG2,PRD-0164,47,47,0
2024-08-31,WH-IBD,PRD-0164,12,12,0
2024-08-31,WH-ABJ,PRD-0164,59,59,0
2024-08-31,WH-PHC,PRD-0164,62,62,0
2024-08-31,WH-LAG1,PRD-0165,230,230,0
2024-08-31,WH-LAG2,PRD-0165,54,54,0
2024-08-31,WH-IBD,PRD-0165,23,23,0
2024-08-31,WH-ABJ,PRD-0165,155,155,0
2024-08-31,WH-PHC,PRD-0165,223,223,0
2024-08-31,WH-LAG1,PRD-0166,388,388,0
2024-08-31,WH-LAG2,PRD-0166,42,42,0
2024-08-31,WH-IBD,PRD-0166,174,174,0
2024-08-31,WH-ABJ,PRD-0166,116,116,0
2024-08-31,WH-PHC,PRD-0166,157,157,0
2024-08-31,WH-LAG1,PRD-0167,133,133,0
2024-08-31,WH-LAG2,PRD-0167,19,19,0
2024-08-31,WH-IBD,PRD-0167,75,75,0
2024-08-31,WH-ABJ,PRD-0167,15,15,0
2024-08-31,WH-PHC,PRD-0167,79,79,0
2024-08-31,WH-LAG1,PRD-0168,27,27,0
2024-08-31,WH-LAG2,PRD-0168,13,13,0
2024-08-31,WH-IBD,PRD-0168,33,33,0
2024-08-31,WH-ABJ,PRD-0168,16,16,0
2024-08-31,WH-PHC,PRD-0168,13,13,0
2024-08-31,WH-LAG1,PRD-0169,103,103,0
2024-08-31,WH-LAG2,PRD-0169,11,11,0
2024-08-31,WH-IBD,PRD-0169,35,35,0
2024-08-31,WH-ABJ,PRD-0169,69,69,0
2024-08-31,WH-PHC,PRD-0169,13,13,0
2024-08-31,WH-LAG1,PRD-0170,121,121,0
2024-08-31,WH-LAG2,PRD-0170,70,70,0
2024-08-31,WH-IBD,PRD-0170,16,16,0
2024-08-31,WH-ABJ,PRD-0170,66,66,0
2024-08-31,WH-PHC,PRD-0170,73,73,0
2024-09-30,WH-LAG1,PRD-0001,71,71,0
2024-09-30,WH-LAG2,PRD-0001,8,8,0
2024-09-30,WH-IBD,PRD-0001,18,18,0
2024-09-30,WH-ABJ,PRD-0001,52,50,-2
2024-09-30,WH-PHC,PRD-0001,48,48,0
2024-09-30,WH-LAG1,PRD-0002,23,23,0
2024-09-30,WH-LAG2,PRD-0002,28,29,1
2024-09-30,WH-IBD,PRD-0002,0,0,0
2024-09-30,WH-ABJ,PRD-0002,33,33,0
2024-09-30,WH-PHC,PRD-0002,7,7,0
2024-09-30,WH-LAG1,PRD-0003,44,44,0
2024-09-30,WH-LAG2,PRD-0003,10,10,0
2024-09-30,WH-IBD,PRD-0003,5,5,0
2024-09-30,WH-ABJ,PRD-0003,32,32,0
2024-09-30,WH-PHC,PRD-0003,25,25,0
2024-09-30,WH-LAG1,PRD-0004,156,154,-2
2024-09-30,WH-LAG2,PRD-0004,155,155,0
2024-09-30,WH-IBD,PRD-0004,53,53,0
2024-09-30,WH-ABJ,PRD-0004,113,113,0
2024-09-30,WH-PHC,PRD-0004,148,148,0
2024-09-30,WH-LAG1,PRD-0005,104,102,-2
2024-09-30,WH-LAG2,PRD-0005,57,57,0
2024-09-30,WH-IBD,PRD-0005,57,57,0
2024-09-30,WH-ABJ,PRD-0005,84,84,0
2024-09-30,WH-PHC,PRD-0005,56,56,0
2024-09-30,WH-LAG1,PRD-0006,18,18,0
2024-09-30,WH-LAG2,PRD-0006,28,28,0
2024-09-30,WH-IBD,PRD-0006,31,31,0
2024-09-30,WH-ABJ,PRD-0006,11,11,0
2024-09-30,WH-PHC,PRD-0006,35,35,0
2024-09-30,WH-LAG1,PRD-0007,49,49,0
2024-09-30,WH-LAG2,PRD-0007,43,43,0
2024-09-30,WH-IBD,PRD-0007,48,48,0
2024-09-30,WH-ABJ,PRD-0007,43,43,0
2024-09-30,WH-PHC,PRD-0007,72,73,1
2024-09-30,WH-LAG1,PRD-0008,0,0,0
2024-09-30,WH-LAG2,PRD-0008,19,19,0
2024-09-30,WH-IBD,PRD-0008,22,22,0
2024-09-30,WH-ABJ,PRD-0008,18,17,-1
2024-09-30,WH-PHC,PRD-0008,37,37,0
2024-09-30,WH-LAG1,PRD-0009,28,28,0
2024-09-30,WH-LAG2,PRD-0009,0,0,0
2024-09-30,WH-IBD,PRD-0009,0,1,1
2024-09-30,WH-ABJ,PRD-0009,13,13,0
2024-09-30,WH-PHC,PRD-0009,24,24,0
2024-09-30,WH-LAG1,PRD-0010,12,11,-1
2024-09-30,WH-LAG2,PRD-0010,10,10,0
2024-09-30,WH-IBD,PRD-0010,20,20,0
2024-09-30,WH-ABJ,PRD-0010,13,13,0
2024-09-30,WH-PHC,PRD-0010,27,27,0
2024-09-30,WH-LAG1,PRD-0011,142,142,0
2024-09-30,WH-LAG2,PRD-0011,73,73,0
2024-09-30,WH-IBD,PRD-0011,55,55,0
2024-09-30,WH-ABJ,PRD-0011,148,148,0
2024-09-30,WH-PHC,PRD-0011,78,78,0
2024-09-30,WH-LAG1,PRD-0012,75,75,0
2024-09-30,WH-LAG2,PRD-0012,52,52,0
2024-09-30,WH-IBD,PRD-0012,51,51,0
2024-09-30,WH-ABJ,PRD-0012,52,51,-1
2024-09-30,WH-PHC,PRD-0012,11,12,1
2024-09-30,WH-LAG1,PRD-0013,31,31,0
2024-09-30,WH-LAG2,PRD-0013,14,14,0
2024-09-30,WH-IBD,PRD-0013,24,23,-1
2024-09-30,WH-ABJ,PRD-0013,36,37,1
2024-09-30,WH-PHC,PRD-0013,24,24,0
2024-09-30,WH-LAG1,PRD-0014,25,25,0
2024-09-30,WH-LAG2,PRD-0014,10,10,0
2024-09-30,WH-IBD,PRD-0014,17,17,0
2024-09-30,WH-ABJ,PRD-0014,20,20,0
2024-09-30,WH-PHC,PRD-0014,10,10,0
2024-09-30,WH-LAG1,PRD-0015,73,73,0
2024-09-30,WH-LAG2,PRD-0015,60,60,0
2024-09-30,WH-IBD,PRD-0015,66,66,0
2024-09-30,WH-ABJ,PRD-0015,70,70,0
2024-09-30,WH-PHC,PRD-0015,10,9,-1
2024-09-30,WH-LAG1,PRD-0016,62,62,0
2024-09-30,WH-LAG2,PRD-0016,128,128,0
2024-09-30,WH-IBD,PRD-0016,132,132,0
2024-09-30,WH-ABJ,PRD-0016,103,103,0
2024-09-30,WH-PHC,PRD-0016,99,99,0
2024-09-30,WH-LAG1,PRD-0017,67,67,0
2024-09-30,WH-LAG2,PRD-0017,57,57,0
2024-09-30,WH-IBD,PRD-0017,23,23,0
2024-09-30,WH-ABJ,PRD-0017,42,42,0
2024-09-30,WH-PHC,PRD-0017,44,44,0
2024-09-30,WH-LAG1,PRD-0018,142,142,0
2024-09-30,WH-LAG2,PRD-0018,38,38,0
2024-09-30,WH-IBD,PRD-0018,53,53,0
2024-09-30,WH-ABJ,PRD-0018,104,107,3
2024-09-30,WH-PHC,PRD-0018,28,29,1
2024-09-30,WH-LAG1,PRD-0019,113,113,0
2024-09-30,WH-LAG2,PRD-0019,9,9,0
2024-09-30,WH-IBD,PRD-0019,76,78,2
2024-09-30,WH-ABJ,PRD-0019,94,94,0
2024-09-30,WH-PHC,PRD-0019,113,113,0
2024-09-30,WH-LAG1,PRD-0020,23,23,0
2024-09-30,WH-LAG2,PRD-0020,92,92,0
2024-09-30,WH-IBD,PRD-0020,92,92,0
2024-09-30,WH-ABJ,PRD-0020,133,130,-3
2024-09-30,WH-PHC,PRD-0020,114,117,3
2024-09-30,WH-LAG1,PRD-0021,37,37,0
2024-09-30,WH-LAG2,PRD-0021,25,25,0
2024-09-30,WH-IBD,PRD-0021,68,68,0
2024-09-30,WH-ABJ,PRD-0021,77,77,0
2024-09-30,WH-PHC,PRD-0021,10,10,0
2024-09-30,WH-LAG1,PRD-0022,36,36,0
2024-09-30,WH-LAG2,PRD-0022,10,10,0
2024-09-30,WH-IBD,PRD-0022,7,7,0
2024-09-30,WH-ABJ,PRD-0022,31,31,0
2024-09-30,WH-PHC,PRD-0022,17,17,0
2024-09-30,WH-LAG1,PRD-0023,90,90,0
2024-09-30,WH-LAG2,PRD-0023,21,21,0
2024-09-30,WH-IBD,PRD-0023,39,39,0
2024-09-30,WH-ABJ,PRD-0023,92,92,0
2024-09-30,WH-PHC,PRD-0023,88,88,0
2024-09-30,WH-LAG1,PRD-0024,30,30,0
2024-09-30,WH-LAG2,PRD-0024,34,34,0
2024-09-30,WH-IBD,PRD-0024,29,29,0
2024-09-30,WH-ABJ,PRD-0024,54,54,0
2024-09-30,WH-PHC,PRD-0024,30,30,0
2024-09-30,WH-LAG1,PRD-0025,131,126,-5
2024-09-30,WH-LAG2,PRD-0025,37,37,0
2024-09-30,WH-IBD,PRD-0025,54,54,0
2024-09-30,WH-ABJ,PRD-0025,15,15,0
2024-09-30,WH-PHC,PRD-0025,30,30,0
2024-09-30,WH-LAG1,PRD-0026,103,103,0
2024-09-30,WH-LAG2,PRD-0026,58,58,0
2024-09-30,WH-IBD,PRD-0026,16,16,0
2024-09-30,WH-ABJ,PRD-0026,86,86,0
2024-09-30,WH-PHC,PRD-0026,0,0,0
2024-09-30,WH-LAG1,PRD-0027,21,21,0
2024-09-30,WH-LAG2,PRD-0027,23,23,0
2024-09-30,WH-IBD,PRD-0027,0,0,0
2024-09-30,WH-ABJ,PRD-0027,9,9,0
2024-09-30,WH-PHC,PRD-0027,31,31,0
2024-09-30,WH-LAG1,PRD-0028,81,81,0
2024-09-30,WH-LAG2,PRD-0028,29,29,0
2024-09-30,WH-IBD,PRD-0028,36,36,0
2024-09-30,WH-ABJ,PRD-0028,67,67,0
2024-09-30,WH-PHC,PRD-0028,0,0,0
2024-09-30,WH-LAG1,PRD-0029,20,20,0
2024-09-30,WH-LAG2,PRD-0029,39,39,0
2024-09-30,WH-IBD,PRD-0029,12,12,0
2024-09-30,WH-ABJ,PRD-0029,36,36,0
2024-09-30,WH-PHC,PRD-0029,33,33,0
2024-09-30,WH-LAG1,PRD-0030,35,35,0
2024-09-30,WH-LAG2,PRD-0030,10,10,0
2024-09-30,WH-IBD,PRD-0030,10,10,0
2024-09-30,WH-ABJ,PRD-0030,23,23,0
2024-09-30,WH-PHC,PRD-0030,7,7,0
2024-09-30,WH-LAG1,PRD-0031,116,116,0
2024-09-30,WH-LAG2,PRD-0031,38,38,0
2024-09-30,WH-IBD,PRD-0031,46,46,0
2024-09-30,WH-ABJ,PRD-0031,46,46,0
2024-09-30,WH-PHC,PRD-0031,80,80,0
2024-09-30,WH-LAG1,PRD-0032,10,10,0
2024-09-30,WH-LAG2,PRD-0032,28,28,0
2024-09-30,WH-IBD,PRD-0032,10,10,0
2024-09-30,WH-ABJ,PRD-0032,10,10,0
2024-09-30,WH-PHC,PRD-0032,10,10,0
2024-09-30,WH-LAG1,PRD-0033,27,27,0
2024-09-30,WH-LAG2,PRD-0033,23,23,0
2024-09-30,WH-IBD,PRD-0033,45,45,0
2024-09-30,WH-ABJ,PRD-0033,27,27,0
2024-09-30,WH-PHC,PRD-0033,15,15,0
2024-09-30,WH-LAG1,PRD-0034,5,4,-1
2024-09-30,WH-LAG2,PRD-0034,0,0,0
2024-09-30,WH-IBD,PRD-0034,24,24,0
2024-09-30,WH-ABJ,PRD-0034,37,37,0
2024-09-30,WH-PHC,PRD-0034,31,31,0
2024-09-30,WH-LAG1,PRD-0035,103,103,0
2024-09-30,WH-LAG2,PRD-0035,44,43,-1
2024-09-30,WH-IBD,PRD-0035,73,73,0
2024-09-30,WH-ABJ,PRD-0035,38,38,0
2024-09-30,WH-PHC,PRD-0035,49,49,0
2024-09-30,WH-LAG1,PRD-0036,62,62,0
2024-09-30,WH-LAG2,PRD-0036,10,10,0
2024-09-30,WH-IBD,PRD-0036,5,5,0
2024-09-30,WH-ABJ,PRD-0036,58,58,0
2024-09-30,WH-PHC,PRD-0036,50,50,0
2024-09-30,WH-LAG1,PRD-0037,66,66,0
2024-09-30,WH-LAG2,PRD-0037,44,44,0
2024-09-30,WH-IBD,PRD-0037,86,86,0
2024-09-30,WH-ABJ,PRD-0037,66,64,-2
2024-09-30,WH-PHC,PRD-0037,109,105,-4
2024-09-30,WH-LAG1,PRD-0038,13,13,0
2024-09-30,WH-LAG2,PRD-0038,27,27,0
2024-09-30,WH-IBD,PRD-0038,2,2,0
2024-09-30,WH-ABJ,PRD-0038,10,11,1
2024-09-30,WH-PHC,PRD-0038,10,9,-1
2024-09-30,WH-LAG1,PRD-0039,201,201,0
2024-09-30,WH-LAG2,PRD-0039,112,111,-1
2024-09-30,WH-IBD,PRD-0039,178,178,0
2024-09-30,WH-ABJ,PRD-0039,171,171,0
2024-09-30,WH-PHC,PRD-0039,119,119,0
2024-09-30,WH-LAG1,PRD-0040,30,30,0
2024-09-30,WH-LAG2,PRD-0040,63,65,2
2024-09-30,WH-IBD,PRD-0040,62,62,0
2024-09-30,WH-ABJ,PRD-0040,18,18,0
2024-09-30,WH-PHC,PRD-0040,51,51,0
2024-09-30,WH-LAG1,PRD-0041,113,113,0
2024-09-30,WH-LAG2,PRD-0041,46,46,0
2024-09-30,WH-IBD,PRD-0041,63,63,0
2024-09-30,WH-ABJ,PRD-0041,76,76,0
2024-09-30,WH-PHC,PRD-0041,24,24,0
2024-09-30,WH-LAG1,PRD-0042,32,32,0
2024-09-30,WH-LAG2,PRD-0042,10,10,0
2024-09-30,WH-IBD,PRD-0042,10,10,0
2024-09-30,WH-ABJ,PRD-0042,10,10,0
2024-09-30,WH-PHC,PRD-0042,7,7,0
2024-09-30,WH-LAG1,PRD-0043,12,12,0
2024-09-30,WH-LAG2,PRD-0043,0,0,0
2024-09-30,WH-IBD,PRD-0043,10,11,1
2024-09-30,WH-ABJ,PRD-0043,6,6,0
2024-09-30,WH-PHC,PRD-0043,10,10,0
2024-09-30,WH-LAG1,PRD-0044,10,10,0
2024-09-30,WH-LAG2,PRD-0044,10,10,0
2024-09-30,WH-IBD,PRD-0044,10,10,0
2024-09-30,WH-ABJ,PRD-0044,5,6,1
2024-09-30,WH-PHC,PRD-0044,10,10,0
2024-09-30,WH-LAG1,PRD-0045,72,72,0
2024-09-30,WH-LAG2,PRD-0045,65,65,0
2024-09-30,WH-IBD,PRD-0045,51,51,0
2024-09-30,WH-ABJ,PRD-0045,75,75,0
2024-09-30,WH-PHC,PRD-0045,37,37,0
2024-09-30,WH-LAG1,PRD-0046,54,54,0
2024-09-30,WH-LAG2,PRD-0046,31,31,0
2024-09-30,WH-IBD,PRD-0046,35,35,0
2024-09-30,WH-ABJ,PRD-0046,8,8,0
2024-09-30,WH-PHC,PRD-0046,57,57,0
2024-09-30,WH-LAG1,PRD-0047,91,91,0
2024-09-30,WH-LAG2,PRD-0047,7,7,0
2024-09-30,WH-IBD,PRD-0047,52,52,0
2024-09-30,WH-ABJ,PRD-0047,61,61,0
2024-09-30,WH-PHC,PRD-0047,14,14,0
2024-09-30,WH-LAG1,PRD-0048,121,121,0
2024-09-30,WH-LAG2,PRD-0048,74,74,0
2024-09-30,WH-IBD,PRD-0048,16,16,0
2024-09-30,WH-ABJ,PRD-0048,87,87,0
2024-09-30,WH-PHC,PRD-0048,71,69,-2
2024-09-30,WH-LAG1,PRD-0049,60,60,0
2024-09-30,WH-LAG2,PRD-0049,20,20,0
2024-09-30,WH-IBD,PRD-0049,17,17,0
2024-09-30,WH-ABJ,PRD-0049,63,63,0
2024-09-30,WH-PHC,PRD-0049,53,53,0
2024-09-30,WH-LAG1,PRD-0050,82,82,0
2024-09-30,WH-LAG2,PRD-0050,6,6,0
2024-09-30,WH-IBD,PRD-0050,12,12,0
2024-09-30,WH-ABJ,PRD-0050,0,1,1
2024-09-30,WH-PHC,PRD-0050,13,13,0
2024-09-30,WH-LAG1,PRD-0051,239,239,0
2024-09-30,WH-LAG2,PRD-0051,96,96,0
2024-09-30,WH-IBD,PRD-0051,62,62,0
2024-09-30,WH-ABJ,PRD-0051,136,136,0
2024-09-30,WH-PHC,PRD-0051,134,134,0
2024-09-30,WH-LAG1,PRD-0052,10,10,0
2024-09-30,WH-LAG2,PRD-0052,16,16,0
2024-09-30,WH-IBD,PRD-0052,12,12,0
2024-09-30,WH-ABJ,PRD-0052,19,19,0
2024-09-30,WH-PHC,PRD-0052,18,18,0
2024-09-30,WH-LAG1,PRD-0053,22,22,0
2024-09-30,WH-LAG2,PRD-0053,23,23,0
2024-09-30,WH-IBD,PRD-0053,10,10,0
2024-09-30,WH-ABJ,PRD-0053,8,8,0
2024-09-30,WH-PHC,PRD-0053,10,10,0
2024-09-30,WH-LAG1,PRD-0054,55,55,0
2024-09-30,WH-LAG2,PRD-0054,5,5,0
2024-09-30,WH-IBD,PRD-0054,10,10,0
2024-09-30,WH-ABJ,PRD-0054,10,10,0
2024-09-30,WH-PHC,PRD-0054,10,10,0
2024-09-30,WH-LAG1,PRD-0055,52,52,0
2024-09-30,WH-LAG2,PRD-0055,61,60,-1
2024-09-30,WH-IBD,PRD-0055,14,14,0
2024-09-30,WH-ABJ,PRD-0055,68,68,0
2024-09-30,WH-PHC,PRD-0055,14,14,0
2024-09-30,WH-LAG1,PRD-0056,0,0,0
2024-09-30,WH-LAG2,PRD-0056,41,41,0
2024-09-30,WH-IBD,PRD-0056,0,1,1
2024-09-30,WH-ABJ,PRD-0056,54,54,0
2024-09-30,WH-PHC,PRD-0056,52,53,1
2024-09-30,WH-LAG1,PRD-0057,202,202,0
2024-09-30,WH-LAG2,PRD-0057,95,95,0
2024-09-30,WH-IBD,PRD-0057,127,127,0
2024-09-30,WH-ABJ,PRD-0057,162,162,0
2024-09-30,WH-PHC,PRD-0057,132,132,0
2024-09-30,WH-LAG1,PRD-0058,124,124,0
2024-09-30,WH-LAG2,PRD-0058,44,44,0
2024-09-30,WH-IBD,PRD-0058,68,68,0
2024-09-30,WH-ABJ,PRD-0058,23,23,0
2024-09-30,WH-PHC,PRD-0058,26,26,0
2024-09-30,WH-LAG1,PRD-0059,41,40,-1
2024-09-30,WH-LAG2,PRD-0059,71,71,0
2024-09-30,WH-IBD,PRD-0059,67,67,0
2024-09-30,WH-ABJ,PRD-0059,68,68,0
2024-09-30,WH-PHC,PRD-0059,58,57,-1
2024-09-30,WH-LAG1,PRD-0060,194,194,0
2024-09-30,WH-LAG2,PRD-0060,112,117,5
2024-09-30,WH-IBD,PRD-0060,78,77,-1
2024-09-30,WH-ABJ,PRD-0060,49,49,0
2024-09-30,WH-PHC,PRD-0060,90,90,0
2024-09-30,WH-LAG1,PRD-0061,231,231,0
2024-09-30,WH-LAG2,PRD-0061,72,72,0
2024-09-30,WH-IBD,PRD-0061,73,73,0
2024-09-30,WH-ABJ,PRD-0061,170,170,0
2024-09-30,WH-PHC,PRD-0061,62,62,0
2024-09-30,WH-LAG1,PRD-0062,103,105,2
2024-09-30,WH-LAG2,PRD-0062,63,63,0
2024-09-30,WH-IBD,PRD-0062,118,118,0
2024-09-30,WH-ABJ,PRD-0062,39,39,0
2024-09-30,WH-PHC,PRD-0062,101,101,0
2024-09-30,WH-LAG1,PRD-0063,35,35,0
2024-09-30,WH-LAG2,PRD-0063,79,79,0
2024-09-30,WH-IBD,PRD-0063,67,67,0
2024-09-30,WH-ABJ,PRD-0063,103,103,0
2024-09-30,WH-PHC,PRD-0063,66,66,0
2024-09-30,WH-LAG1,PRD-0064,223,213,-10
2024-09-30,WH-LAG2,PRD-0064,68,66,-2
2024-09-30,WH-IBD,PRD-0064,104,104,0
2024-09-30,WH-ABJ,PRD-0064,122,122,0
2024-09-30,WH-PHC,PRD-0064,87,87,0
2024-09-30,WH-LAG1,PRD-0065,204,204,0
2024-09-30,WH-LAG2,PRD-0065,113,113,0
2024-09-30,WH-IBD,PRD-0065,96,96,0
2024-09-30,WH-ABJ,PRD-0065,9,8,-1
2024-09-30,WH-PHC,PRD-0065,96,96,0
2024-09-30,WH-LAG1,PRD-0066,10,10,0
2024-09-30,WH-LAG2,PRD-0066,8,8,0
2024-09-30,WH-IBD,PRD-0066,10,10,0
2024-09-30,WH-ABJ,PRD-0066,0,0,0
2024-09-30,WH-PHC,PRD-0066,10,10,0
2024-09-30,WH-LAG1,PRD-0067,143,143,0
2024-09-30,WH-LAG2,PRD-0067,46,45,-1
2024-09-30,WH-IBD,PRD-0067,26,26,0
2024-09-30,WH-ABJ,PRD-0067,93,93,0
2024-09-30,WH-PHC,PRD-0067,60,60,0
2024-09-30,WH-LAG1,PRD-0068,210,203,-7
2024-09-30,WH-LAG2,PRD-0068,86,89,3
2024-09-30,WH-IBD,PRD-0068,38,38,0
2024-09-30,WH-ABJ,PRD-0068,202,202,0
2024-09-30,WH-PHC,PRD-0068,49,49,0
2024-09-30,WH-LAG1,PRD-0069,37,37,0
2024-09-30,WH-LAG2,PRD-0069,21,21,0
2024-09-30,WH-IBD,PRD-0069,10,10,0
2024-09-30,WH-ABJ,PRD-0069,22,23,1
2024-09-30,WH-PHC,PRD-0069,10,10,0
2024-09-30,WH-LAG1,PRD-0070,83,85,2
2024-09-30,WH-LAG2,PRD-0070,22,22,0
2024-09-30,WH-IBD,PRD-0070,37,37,0
2024-09-30,WH-ABJ,PRD-0070,40,40,0
2024-09-30,WH-PHC,PRD-0070,26,26,0
2024-09-30,WH-LAG1,PRD-0071,17,17,0
2024-09-30,WH-LAG2,PRD-0071,10,10,0
2024-09-30,WH-IBD,PRD-0071,21,21,0
2024-09-30,WH-ABJ,PRD-0071,10,10,0
2024-09-30,WH-PHC,PRD-0071,16,16,0
2024-09-30,WH-LAG1,PRD-0072,39,39,0
2024-09-30,WH-LAG2,PRD-0072,43,43,0
2024-09-30,WH-IBD,PRD-0072,17,17,0
2024-09-30,WH-ABJ,PRD-0072,55,55,0
2024-09-30,WH-PHC,PRD-0072,36,36,0
2024-09-30,WH-LAG1,PRD-0073,36,36,0
2024-09-30,WH-LAG2,PRD-0073,9,9,0
2024-09-30,WH-IBD,PRD-0073,8,8,0
2024-09-30,WH-ABJ,PRD-0073,20,20,0
2024-09-30,WH-PHC,PRD-0073,10,10,0
2024-09-30,WH-LAG1,PRD-0074,143,143,0
2024-09-30,WH-LAG2,PRD-0074,85,85,0
2024-09-30,WH-IBD,PRD-0074,51,53,2
2024-09-30,WH-ABJ,PRD-0074,54,54,0
2024-09-30,WH-PHC,PRD-0074,69,69,0
2024-09-30,WH-LAG1,PRD-0075,47,49,2
2024-09-30,WH-LAG2,PRD-0075,22,22,0
2024-09-30,WH-IBD,PRD-0075,29,29,0
2024-09-30,WH-ABJ,PRD-0075,5,5,0
2024-09-30,WH-PHC,PRD-0075,40,40,0
2024-09-30,WH-LAG1,PRD-0076,105,106,1
2024-09-30,WH-LAG2,PRD-0076,81,81,0
2024-09-30,WH-IBD,PRD-0076,61,61,0
2024-09-30,WH-ABJ,PRD-0076,122,122,0
2024-09-30,WH-PHC,PRD-0076,63,64,1
2024-09-30,WH-LAG1,PRD-0077,437,437,0
2024-09-30,WH-LAG2,PRD-0077,171,173,2
2024-09-30,WH-IBD,PRD-0077,256,256,0
2024-09-30,WH-ABJ,PRD-0077,335,335,0
2024-09-30,WH-PHC,PRD-0077,122,124,2
2024-09-30,WH-LAG1,PRD-0078,135,135,0
2024-09-30,WH-LAG2,PRD-0078,91,91,0
2024-09-30,WH-IBD,PRD-0078,91,91,0
2024-09-30,WH-ABJ,PRD-0078,108,108,0
2024-09-30,WH-PHC,PRD-0078,75,75,0
2024-09-30,WH-LAG1,PRD-0079,95,95,0
2024-09-30,WH-LAG2,PRD-0079,87,87,0
2024-09-30,WH-IBD,PRD-0079,67,67,0
2024-09-30,WH-ABJ,PRD-0079,85,85,0
2024-09-30,WH-PHC,PRD-0079,26,26,0
2024-09-30,WH-LAG1,PRD-0080,52,52,0
2024-09-30,WH-LAG2,PRD-0080,72,72,0
2024-09-30,WH-IBD,PRD-0080,61,61,0
2024-09-30,WH-ABJ,PRD-0080,75,75,0
2024-09-30,WH-PHC,PRD-0080,54,54,0
2024-09-30,WH-LAG1,PRD-0081,138,138,0
2024-09-30,WH-LAG2,PRD-0081,26,26,0
2024-09-30,WH-IBD,PRD-0081,31,31,0
2024-09-30,WH-ABJ,PRD-0081,50,50,0
2024-09-30,WH-PHC,PRD-0081,29,29,0
2024-09-30,WH-LAG1,PRD-0082,50,50,0
2024-09-30,WH-LAG2,PRD-0082,76,76,0
2024-09-30,WH-IBD,PRD-0082,49,48,-1
2024-09-30,WH-ABJ,PRD-0082,112,112,0
2024-09-30,WH-PHC,PRD-0082,73,73,0
2024-09-30,WH-LAG1,PRD-0083,143,143,0
2024-09-30,WH-LAG2,PRD-0083,136,136,0
2024-09-30,WH-IBD,PRD-0083,136,136,0
2024-09-30,WH-ABJ,PRD-0083,150,150,0
2024-09-30,WH-PHC,PRD-0083,122,122,0
2024-09-30,WH-LAG1,PRD-0084,100,100,0
2024-09-30,WH-LAG2,PRD-0084,138,138,0
2024-09-30,WH-IBD,PRD-0084,99,99,0
2024-09-30,WH-ABJ,PRD-0084,66,68,2
2024-09-30,WH-PHC,PRD-0084,94,98,4
2024-09-30,WH-LAG1,PRD-0085,165,165,0
2024-09-30,WH-LAG2,PRD-0085,71,71,0
2024-09-30,WH-IBD,PRD-0085,103,103,0
2024-09-30,WH-ABJ,PRD-0085,113,113,0
2024-09-30,WH-PHC,PRD-0085,68,68,0
2024-09-30,WH-LAG1,PRD-0086,388,388,0
2024-09-30,WH-LAG2,PRD-0086,155,158,3
2024-09-30,WH-IBD,PRD-0086,143,143,0
2024-09-30,WH-ABJ,PRD-0086,198,198,0
2024-09-30,WH-PHC,PRD-0086,180,180,0
2024-09-30,WH-LAG1,PRD-0087,8,8,0
2024-09-30,WH-LAG2,PRD-0087,19,19,0
2024-09-30,WH-IBD,PRD-0087,23,23,0
2024-09-30,WH-ABJ,PRD-0087,5,5,0
2024-09-30,WH-PHC,PRD-0087,10,10,0
2024-09-30,WH-LAG1,PRD-0088,14,14,0
2024-09-30,WH-LAG2,PRD-0088,64,64,0
2024-09-30,WH-IBD,PRD-0088,10,10,0
2024-09-30,WH-ABJ,PRD-0088,31,31,0
2024-09-30,WH-PHC,PRD-0088,49,49,0
2024-09-30,WH-LAG1,PRD-0089,69,69,0
2024-09-30,WH-LAG2,PRD-0089,47,47,0
2024-09-30,WH-IBD,PRD-0089,49,49,0
2024-09-30,WH-ABJ,PRD-0089,33,33,0
2024-09-30,WH-PHC,PRD-0089,53,53,0
2024-09-30,WH-LAG1,PRD-0090,1033,1033,0
2024-09-30,WH-LAG2,PRD-0090,899,862,-37
2024-09-30,WH-IBD,PRD-0090,466,466,0
2024-09-30,WH-ABJ,PRD-0090,721,735,14
2024-09-30,WH-PHC,PRD-0090,767,767,0
2024-09-30,WH-LAG1,PRD-0091,182,182,0
2024-09-30,WH-LAG2,PRD-0091,28,27,-1
2024-09-30,WH-IBD,PRD-0091,0,1,1
2024-09-30,WH-ABJ,PRD-0091,93,93,0
2024-09-30,WH-PHC,PRD-0091,99,99,0
2024-09-30,WH-LAG1,PRD-0092,66,66,0
2024-09-30,WH-LAG2,PRD-0092,16,16,0
2024-09-30,WH-IBD,PRD-0092,32,32,0
2024-09-30,WH-ABJ,PRD-0092,62,62,0
2024-09-30,WH-PHC,PRD-0092,11,10,-1
2024-09-30,WH-LAG1,PRD-0093,160,160,0
2024-09-30,WH-LAG2,PRD-0093,143,143,0
2024-09-30,WH-IBD,PRD-0093,88,88,0
2024-09-30,WH-ABJ,PRD-0093,93,93,0
2024-09-30,WH-PHC,PRD-0093,44,44,0
2024-09-30,WH-LAG1,PRD-0094,15,15,0
2024-09-30,WH-LAG2,PRD-0094,10,10,0
2024-09-30,WH-IBD,PRD-0094,9,9,0
2024-09-30,WH-ABJ,PRD-0094,10,10,0
2024-09-30,WH-PHC,PRD-0094,9,9,0
2024-09-30,WH-LAG1,PRD-0095,28,28,0
2024-09-30,WH-LAG2,PRD-0095,10,10,0
2024-09-30,WH-IBD,PRD-0095,24,24,0
2024-09-30,WH-ABJ,PRD-0095,30,30,0
2024-09-30,WH-PHC,PRD-0095,0,0,0
2024-09-30,WH-LAG1,PRD-0096,13,14,1
2024-09-30,WH-LAG2,PRD-0096,21,21,0
2024-09-30,WH-IBD,PRD-0096,21,21,0
2024-09-30,WH-ABJ,PRD-0096,10,10,0
2024-09-30,WH-PHC,PRD-0096,21,22,1
2024-09-30,WH-LAG1,PRD-0097,10,10,0
2024-09-30,WH-LAG2,PRD-0097,8,8,0
2024-09-30,WH-IBD,PRD-0097,22,22,0
2024-09-30,WH-ABJ,PRD-0097,18,17,-1
2024-09-30,WH-PHC,PRD-0097,34,34,0
2024-09-30,WH-LAG1,PRD-0098,190,190,0
2024-09-30,WH-LAG2,PRD-0098,120,115,-5
2024-09-30,WH-IBD,PRD-0098,118,118,0
2024-09-30,WH-ABJ,PRD-0098,205,205,0
2024-09-30,WH-PHC,PRD-0098,213,213,0
2024-09-30,WH-LAG1,PRD-0099,0,0,0
2024-09-30,WH-LAG2,PRD-0099,37,37,0
2024-09-30,WH-IBD,PRD-0099,33,33,0
2024-09-30,WH-ABJ,PRD-0099,0,0,0
2024-09-30,WH-PHC,PRD-0099,8,8,0
2024-09-30,WH-LAG1,PRD-0100,335,335,0
2024-09-30,WH-LAG2,PRD-0100,120,120,0
2024-09-30,WH-IBD,PRD-0100,218,224,6
2024-09-30,WH-ABJ,PRD-0100,279,279,0
2024-09-30,WH-PHC,PRD-0100,245,253,8
2024-09-30,WH-LAG1,PRD-0101,53,53,0
2024-09-30,WH-LAG2,PRD-0101,32,32,0
2024-09-30,WH-IBD,PRD-0101,29,29,0
2024-09-30,WH-ABJ,PRD-0101,27,27,0
2024-09-30,WH-PHC,PRD-0101,35,35,0
2024-09-30,WH-LAG1,PRD-0102,125,125,0
2024-09-30,WH-LAG2,PRD-0102,0,0,0
2024-09-30,WH-IBD,PRD-0102,49,49,0
2024-09-30,WH-ABJ,PRD-0102,85,85,0
2024-09-30,WH-PHC,PRD-0102,95,95,0
2024-09-30,WH-LAG1,PRD-0103,180,186,6
2024-09-30,WH-LAG2,PRD-0103,73,73,0
2024-09-30,WH-IBD,PRD-0103,91,91,0
2024-09-30,WH-ABJ,PRD-0103,57,57,0
2024-09-30,WH-PHC,PRD-0103,52,52,0
2024-09-30,WH-LAG1,PRD-0104,49,49,0
2024-09-30,WH-LAG2,PRD-0104,10,10,0
2024-09-30,WH-IBD,PRD-0104,10,10,0
2024-09-30,WH-ABJ,PRD-0104,24,24,0
2024-09-30,WH-PHC,PRD-0104,0,0,0
2024-09-30,WH-LAG1,PRD-0105,51,51,0
2024-09-30,WH-LAG2,PRD-0105,14,14,0
2024-09-30,WH-IBD,PRD-0105,4,4,0
2024-09-30,WH-ABJ,PRD-0105,29,29,0
2024-09-30,WH-PHC,PRD-0105,8,7,-1
2024-09-30,WH-LAG1,PRD-0106,5,6,1
2024-09-30,WH-LAG2,PRD-0106,10,10,0
2024-09-30,WH-IBD,PRD-0106,10,10,0
2024-09-30,WH-ABJ,PRD-0106,11,11,0
2024-09-30,WH-PHC,PRD-0106,10,10,0
2024-09-30,WH-LAG1,PRD-0107,45,45,0
2024-09-30,WH-LAG2,PRD-0107,25,25,0
2024-09-30,WH-IBD,PRD-0107,10,10,0
2024-09-30,WH-ABJ,PRD-0107,38,38,0
2024-09-30,WH-PHC,PRD-0107,0,0,0
2024-09-30,WH-LAG1,PRD-0108,154,154,0
2024-09-30,WH-LAG2,PRD-0108,110,110,0
2024-09-30,WH-IBD,PRD-0108,143,143,0
2024-09-30,WH-ABJ,PRD-0108,218,218,0
2024-09-30,WH-PHC,PRD-0108,187,187,0
2024-09-30,WH-LAG1,PRD-0109,205,205,0
2024-09-30,WH-LAG2,PRD-0109,91,91,0
2024-09-30,WH-IBD,PRD-0109,51,51,0
2024-09-30,WH-ABJ,PRD-0109,100,104,4
2024-09-30,WH-PHC,PRD-0109,46,46,0
2024-09-30,WH-LAG1,PRD-0110,24,24,0
2024-09-30,WH-LAG2,PRD-0110,0,0,0
2024-09-30,WH-IBD,PRD-0110,18,18,0
2024-09-30,WH-ABJ,PRD-0110,12,12,0
2024-09-30,WH-PHC,PRD-0110,17,17,0
2024-09-30,WH-LAG1,PRD-0111,72,72,0
2024-09-30,WH-LAG2,PRD-0111,89,89,0
2024-09-30,WH-IBD,PRD-0111,55,55,0
2024-09-30,WH-ABJ,PRD-0111,114,114,0
2024-09-30,WH-PHC,PRD-0111,116,116,0
2024-09-30,WH-LAG1,PRD-0112,29,29,0
2024-09-30,WH-LAG2,PRD-0112,7,7,0
2024-09-30,WH-IBD,PRD-0112,10,10,0
2024-09-30,WH-ABJ,PRD-0112,8,8,0
2024-09-30,WH-PHC,PRD-0112,16,16,0
2024-09-30,WH-LAG1,PRD-0113,165,165,0
2024-09-30,WH-LAG2,PRD-0113,100,100,0
2024-09-30,WH-IBD,PRD-0113,26,26,0
2024-09-30,WH-ABJ,PRD-0113,65,65,0
2024-09-30,WH-PHC,PRD-0113,114,114,0
2024-09-30,WH-LAG1,PRD-0114,30,30,0
2024-09-30,WH-LAG2,PRD-0114,10,10,0
2024-09-30,WH-IBD,PRD-0114,10,9,-1
2024-09-30,WH-ABJ,PRD-0114,25,25,0
2024-09-30,WH-PHC,PRD-0114,6,7,1
2024-09-30,WH-LAG1,PRD-0115,127,127,0
2024-09-30,WH-LAG2,PRD-0115,106,106,0
2024-09-30,WH-IBD,PRD-0115,55,55,0
2024-09-30,WH-ABJ,PRD-0115,105,108,3
2024-09-30,WH-PHC,PRD-0115,80,80,0
2024-09-30,WH-LAG1,PRD-0116,79,79,0
2024-09-30,WH-LAG2,PRD-0116,26,26,0
2024-09-30,WH-IBD,PRD-0116,12,13,1
2024-09-30,WH-ABJ,PRD-0116,57,57,0
2024-09-30,WH-PHC,PRD-0116,60,60,0
2024-09-30,WH-LAG1,PRD-0117,119,119,0
2024-09-30,WH-LAG2,PRD-0117,0,0,0
2024-09-30,WH-IBD,PRD-0117,70,70,0
2024-09-30,WH-ABJ,PRD-0117,65,65,0
2024-09-30,WH-PHC,PRD-0117,76,73,-3
2024-09-30,WH-LAG1,PRD-0118,293,293,0
2024-09-30,WH-LAG2,PRD-0118,47,47,0
2024-09-30,WH-IBD,PRD-0118,44,44,0
2024-09-30,WH-ABJ,PRD-0118,207,207,0
2024-09-30,WH-PHC,PRD-0118,143,143,0
2024-09-30,WH-LAG1,PRD-0119,29,29,0
2024-09-30,WH-LAG2,PRD-0119,10,10,0
2024-09-30,WH-IBD,PRD-0119,24,24,0
2024-09-30,WH-ABJ,PRD-0119,6,6,0
2024-09-30,WH-PHC,PRD-0119,10,10,0
2024-09-30,WH-LAG1,PRD-0120,145,146,1
2024-09-30,WH-LAG2,PRD-0120,130,130,0
2024-09-30,WH-IBD,PRD-0120,39,39,0
2024-09-30,WH-ABJ,PRD-0120,141,140,-1
2024-09-30,WH-PHC,PRD-0120,136,136,0
2024-09-30,WH-LAG1,PRD-0121,227,227,0
2024-09-30,WH-LAG2,PRD-0121,74,74,0
2024-09-30,WH-IBD,PRD-0121,83,83,0
2024-09-30,WH-ABJ,PRD-0121,162,162,0
2024-09-30,WH-PHC,PRD-0121,167,167,0
2024-09-30,WH-LAG1,PRD-0122,195,195,0
2024-09-30,WH-LAG2,PRD-0122,123,123,0
2024-09-30,WH-IBD,PRD-0122,101,101,0
2024-09-30,WH-ABJ,PRD-0122,77,77,0
2024-09-30,WH-PHC,PRD-0122,147,147,0
2024-09-30,WH-LAG1,PRD-0123,65,65,0
2024-09-30,WH-LAG2,PRD-0123,20,21,1
2024-09-30,WH-IBD,PRD-0123,39,38,-1
2024-09-30,WH-ABJ,PRD-0123,63,62,-1
2024-09-30,WH-PHC,PRD-0123,63,63,0
2024-09-30,WH-LAG1,PRD-0124,99,99,0
2024-09-30,WH-LAG2,PRD-0124,11,11,0
2024-09-30,WH-IBD,PRD-0124,10,10,0
2024-09-30,WH-ABJ,PRD-0124,58,58,0
2024-09-30,WH-PHC,PRD-0124,3,3,0
2024-09-30,WH-LAG1,PRD-0125,552,552,0
2024-09-30,WH-LAG2,PRD-0125,48,47,-1
2024-09-30,WH-IBD,PRD-0125,229,233,4
2024-09-30,WH-ABJ,PRD-0125,319,319,0
2024-09-30,WH-PHC,PRD-0125,281,281,0
2024-09-30,WH-LAG1,PRD-0126,63,64,1
2024-09-30,WH-LAG2,PRD-0126,74,74,0
2024-09-30,WH-IBD,PRD-0126,46,46,0
2024-09-30,WH-ABJ,PRD-0126,36,36,0
2024-09-30,WH-PHC,PRD-0126,36,36,0
2024-09-30,WH-LAG1,PRD-0127,73,73,0
2024-09-30,WH-LAG2,PRD-0127,12,13,1
2024-09-30,WH-IBD,PRD-0127,49,49,0
2024-09-30,WH-ABJ,PRD-0127,54,54,0
2024-09-30,WH-PHC,PRD-0127,20,20,0
2024-09-30,WH-LAG1,PRD-0128,89,89,0
2024-09-30,WH-LAG2,PRD-0128,24,24,0
2024-09-30,WH-IBD,PRD-0128,36,36,0
2024-09-30,WH-ABJ,PRD-0128,68,68,0
2024-09-30,WH-PHC,PRD-0128,48,48,0
2024-09-30,WH-LAG1,PRD-0129,8,8,0
2024-09-30,WH-LAG2,PRD-0129,18,18,0
2024-09-30,WH-IBD,PRD-0129,9,9,0
2024-09-30,WH-ABJ,PRD-0129,20,20,0
2024-09-30,WH-PHC,PRD-0129,10,10,0
2024-09-30,WH-LAG1,PRD-0130,23,23,0
2024-09-30,WH-LAG2,PRD-0130,44,45,1
2024-09-30,WH-IBD,PRD-0130,12,12,0
2024-09-30,WH-ABJ,PRD-0130,60,60,0
2024-09-30,WH-PHC,PRD-0130,50,50,0
2024-09-30,WH-LAG1,PRD-0131,110,110,0
2024-09-30,WH-LAG2,PRD-0131,116,116,0
2024-09-30,WH-IBD,PRD-0131,68,68,0
2024-09-30,WH-ABJ,PRD-0131,143,143,0
2024-09-30,WH-PHC,PRD-0131,77,77,0
2024-09-30,WH-LAG1,PRD-0132,101,101,0
2024-09-30,WH-LAG2,PRD-0132,65,65,0
2024-09-30,WH-IBD,PRD-0132,5,5,0
2024-09-30,WH-ABJ,PRD-0132,10,10,0
2024-09-30,WH-PHC,PRD-0132,59,59,0
2024-09-30,WH-LAG1,PRD-0133,51,51,0
2024-09-30,WH-LAG2,PRD-0133,37,37,0
2024-09-30,WH-IBD,PRD-0133,10,10,0
2024-09-30,WH-ABJ,PRD-0133,10,11,1
2024-09-30,WH-PHC,PRD-0133,10,9,-1
2024-09-30,WH-LAG1,PRD-0134,56,55,-1
2024-09-30,WH-LAG2,PRD-0134,10,10,0
2024-09-30,WH-IBD,PRD-0134,54,54,0
2024-09-30,WH-ABJ,PRD-0134,49,49,0
2024-09-30,WH-PHC,PRD-0134,8,8,0
2024-09-30,WH-LAG1,PRD-0135,112,112,0
2024-09-30,WH-LAG2,PRD-0135,99,101,2
2024-09-30,WH-IBD,PRD-0135,117,117,0
2024-09-30,WH-ABJ,PRD-0135,155,148,-7
2024-09-30,WH-PHC,PRD-0135,161,161,0
2024-09-30,WH-LAG1,PRD-0136,96,96,0
2024-09-30,WH-LAG2,PRD-0136,10,10,0
2024-09-30,WH-IBD,PRD-0136,51,51,0
2024-09-30,WH-ABJ,PRD-0136,51,51,0
2024-09-30,WH-PHC,PRD-0136,63,63,0
2024-09-30,WH-LAG1,PRD-0137,141,141,0
2024-09-30,WH-LAG2,PRD-0137,91,91,0
2024-09-30,WH-IBD,PRD-0137,97,97,0
2024-09-30,WH-ABJ,PRD-0137,96,96,0
2024-09-30,WH-PHC,PRD-0137,92,92,0
2024-09-30,WH-LAG1,PRD-0138,172,172,0
2024-09-30,WH-LAG2,PRD-0138,116,116,0
2024-09-30,WH-IBD,PRD-0138,69,69,0
2024-09-30,WH-ABJ,PRD-0138,115,115,0
2024-09-30,WH-PHC,PRD-0138,124,124,0
2024-09-30,WH-LAG1,PRD-0139,76,76,0
2024-09-30,WH-LAG2,PRD-0139,66,66,0
2024-09-30,WH-IBD,PRD-0139,55,55,0
2024-09-30,WH-ABJ,PRD-0139,85,85,0
2024-09-30,WH-PHC,PRD-0139,81,81,0
2024-09-30,WH-LAG1,PRD-0140,59,59,0
2024-09-30,WH-LAG2,PRD-0140,8,8,0
2024-09-30,WH-IBD,PRD-0140,10,9,-1
2024-09-30,WH-ABJ,PRD-0140,6,6,0
2024-09-30,WH-PHC,PRD-0140,10,10,0
2024-09-30,WH-LAG1,PRD-0141,75,78,3
2024-09-30,WH-LAG2,PRD-0141,59,59,0
2024-09-30,WH-IBD,PRD-0141,25,26,1
2024-09-30,WH-ABJ,PRD-0141,98,94,-4
2024-09-30,WH-PHC,PRD-0141,67,67,0
2024-09-30,WH-LAG1,PRD-0142,112,112,0
2024-09-30,WH-LAG2,PRD-0142,70,70,0
2024-09-30,WH-IBD,PRD-0142,63,63,0
2024-09-30,WH-ABJ,PRD-0142,147,147,0
2024-09-30,WH-PHC,PRD-0142,117,117,0
2024-09-30,WH-LAG1,PRD-0143,60,59,-1
2024-09-30,WH-LAG2,PRD-0143,60,60,0
2024-09-30,WH-IBD,PRD-0143,23,23,0
2024-09-30,WH-ABJ,PRD-0143,45,45,0
2024-09-30,WH-PHC,PRD-0143,36,36,0
2024-09-30,WH-LAG1,PRD-0144,107,107,0
2024-09-30,WH-LAG2,PRD-0144,33,33,0
2024-09-30,WH-IBD,PRD-0144,27,27,0
2024-09-30,WH-ABJ,PRD-0144,72,69,-3
2024-09-30,WH-PHC,PRD-0144,28,28,0
2024-09-30,WH-LAG1,PRD-0145,149,149,0
2024-09-30,WH-LAG2,PRD-0145,74,74,0
2024-09-30,WH-IBD,PRD-0145,71,71,0
2024-09-30,WH-ABJ,PRD-0145,122,122,0
2024-09-30,WH-PHC,PRD-0145,54,54,0
2024-09-30,WH-LAG1,PRD-0146,33,33,0
2024-09-30,WH-LAG2,PRD-0146,44,44,0
2024-09-30,WH-IBD,PRD-0146,12,12,0
2024-09-30,WH-ABJ,PRD-0146,16,15,-1
2024-09-30,WH-PHC,PRD-0146,20,19,-1
2024-09-30,WH-LAG1,PRD-0147,42,42,0
2024-09-30,WH-LAG2,PRD-0147,65,65,0
2024-09-30,WH-IBD,PRD-0147,62,62,0
2024-09-30,WH-ABJ,PRD-0147,60,60,0
2024-09-30,WH-PHC,PRD-0147,59,59,0
2024-09-30,WH-LAG1,PRD-0148,70,70,0
2024-09-30,WH-LAG2,PRD-0148,44,44,0
2024-09-30,WH-IBD,PRD-0148,11,11,0
2024-09-30,WH-ABJ,PRD-0148,28,28,0
2024-09-30,WH-PHC,PRD-0148,50,50,0
2024-09-30,WH-LAG1,PRD-0149,17,18,1
2024-09-30,WH-LAG2,PRD-0149,19,19,0
2024-09-30,WH-IBD,PRD-0149,28,28,0
2024-09-30,WH-ABJ,PRD-0149,14,14,0
2024-09-30,WH-PHC,PRD-0149,12,12,0
2024-09-30,WH-LAG1,PRD-0150,122,122,0
2024-09-30,WH-LAG2,PRD-0150,41,41,0
2024-09-30,WH-IBD,PRD-0150,24,24,0
2024-09-30,WH-ABJ,PRD-0150,109,108,-1
2024-09-30,WH-PHC,PRD-0150,7,7,0
2024-09-30,WH-LAG1,PRD-0151,1103,1103,0
2024-09-30,WH-LAG2,PRD-0151,743,743,0
2024-09-30,WH-IBD,PRD-0151,408,408,0
2024-09-30,WH-ABJ,PRD-0151,668,668,0
2024-09-30,WH-PHC,PRD-0151,241,241,0
2024-09-30,WH-LAG1,PRD-0152,57,57,0
2024-09-30,WH-LAG2,PRD-0152,55,55,0
2024-09-30,WH-IBD,PRD-0152,54,54,0
2024-09-30,WH-ABJ,PRD-0152,73,73,0
2024-09-30,WH-PHC,PRD-0152,55,55,0
2024-09-30,WH-LAG1,PRD-0153,250,242,-8
2024-09-30,WH-LAG2,PRD-0153,90,90,0
2024-09-30,WH-IBD,PRD-0153,86,86,0
2024-09-30,WH-ABJ,PRD-0153,219,219,0
2024-09-30,WH-PHC,PRD-0153,129,130,1
2024-09-30,WH-LAG1,PRD-0154,117,117,0
2024-09-30,WH-LAG2,PRD-0154,29,29,0
2024-09-30,WH-IBD,PRD-0154,13,13,0
2024-09-30,WH-ABJ,PRD-0154,51,51,0
2024-09-30,WH-PHC,PRD-0154,10,10,0
2024-09-30,WH-LAG1,PRD-0155,120,120,0
2024-09-30,WH-LAG2,PRD-0155,23,23,0
2024-09-30,WH-IBD,PRD-0155,27,27,0
2024-09-30,WH-ABJ,PRD-0155,82,82,0
2024-09-30,WH-PHC,PRD-0155,55,55,0
2024-09-30,WH-LAG1,PRD-0156,275,275,0
2024-09-30,WH-LAG2,PRD-0156,126,126,0
2024-09-30,WH-IBD,PRD-0156,91,91,0
2024-09-30,WH-ABJ,PRD-0156,123,123,0
2024-09-30,WH-PHC,PRD-0156,138,138,0
2024-09-30,WH-LAG1,PRD-0157,121,121,0
2024-09-30,WH-LAG2,PRD-0157,24,25,1
2024-09-30,WH-IBD,PRD-0157,46,46,0
2024-09-30,WH-ABJ,PRD-0157,77,76,-1
2024-09-30,WH-PHC,PRD-0157,30,30,0
2024-09-30,WH-LAG1,PRD-0158,37,37,0
2024-09-30,WH-LAG2,PRD-0158,10,10,0
2024-09-30,WH-IBD,PRD-0158,32,32,0
2024-09-30,WH-ABJ,PRD-0158,6,6,0
2024-09-30,WH-PHC,PRD-0158,36,36,0
2024-09-30,WH-LAG1,PRD-0159,57,57,0
2024-09-30,WH-LAG2,PRD-0159,60,60,0
2024-09-30,WH-IBD,PRD-0159,10,10,0
2024-09-30,WH-ABJ,PRD-0159,61,61,0
2024-09-30,WH-PHC,PRD-0159,10,10,0
2024-09-30,WH-LAG1,PRD-0160,343,343,0
2024-09-30,WH-LAG2,PRD-0160,183,183,0
2024-09-30,WH-IBD,PRD-0160,185,185,0
2024-09-30,WH-ABJ,PRD-0160,97,97,0
2024-09-30,WH-PHC,PRD-0160,134,134,0
2024-09-30,WH-LAG1,PRD-0161,362,362,0
2024-09-30,WH-LAG2,PRD-0161,171,171,0
2024-09-30,WH-IBD,PRD-0161,137,137,0
2024-09-30,WH-ABJ,PRD-0161,472,472,0
2024-09-30,WH-PHC,PRD-0161,133,130,-3
2024-09-30,WH-LAG1,PRD-0162,55,55,0
2024-09-30,WH-LAG2,PRD-0162,14,14,0
2024-09-30,WH-IBD,PRD-0162,47,47,0
2024-09-30,WH-ABJ,PRD-0162,59,59,0
2024-09-30,WH-PHC,PRD-0162,19,19,0
2024-09-30,WH-LAG1,PRD-0163,119,119,0
2024-09-30,WH-LAG2,PRD-0163,37,37,0
2024-09-30,WH-IBD,PRD-0163,22,22,0
2024-09-30,WH-ABJ,PRD-0163,82,82,0
2024-09-30,WH-PHC,PRD-0163,21,21,0
2024-09-30,WH-LAG1,PRD-0164,37,37,0
2024-09-30,WH-LAG2,PRD-0164,43,43,0
2024-09-30,WH-IBD,PRD-0164,72,72,0
2024-09-30,WH-ABJ,PRD-0164,59,59,0
2024-09-30,WH-PHC,PRD-0164,62,62,0
2024-09-30,WH-LAG1,PRD-0165,185,185,0
2024-09-30,WH-LAG2,PRD-0165,170,170,0
2024-09-30,WH-IBD,PRD-0165,169,169,0
2024-09-30,WH-ABJ,PRD-0165,121,121,0
2024-09-30,WH-PHC,PRD-0165,168,171,3
2024-09-30,WH-LAG1,PRD-0166,307,307,0
2024-09-30,WH-LAG2,PRD-0166,210,208,-2
2024-09-30,WH-IBD,PRD-0166,143,143,0
2024-09-30,WH-ABJ,PRD-0166,85,85,0
2024-09-30,WH-PHC,PRD-0166,100,100,0
2024-09-30,WH-LAG1,PRD-0167,120,120,0
2024-09-30,WH-LAG2,PRD-0167,15,15,0
2024-09-30,WH-IBD,PRD-0167,75,75,0
2024-09-30,WH-ABJ,PRD-0167,93,93,0
2024-09-30,WH-PHC,PRD-0167,43,43,0
2024-09-30,WH-LAG1,PRD-0168,6,6,0
2024-09-30,WH-LAG2,PRD-0168,13,13,0
2024-09-30,WH-IBD,PRD-0168,28,28,0
2024-09-30,WH-ABJ,PRD-0168,29,29,0
2024-09-30,WH-PHC,PRD-0168,35,35,0
2024-09-30,WH-LAG1,PRD-0169,95,95,0
2024-09-30,WH-LAG2,PRD-0169,88,88,0
2024-09-30,WH-IBD,PRD-0169,113,113,0
2024-09-30,WH-ABJ,PRD-0169,66,65,-1
2024-09-30,WH-PHC,PRD-0169,85,85,0
2024-09-30,WH-LAG1,PRD-0170,103,101,-2
2024-09-30,WH-LAG2,PRD-0170,57,56,-1
2024-09-30,WH-IBD,PRD-0170,63,63,0
2024-09-30,WH-ABJ,PRD-0170,34,34,0
2024-09-30,WH-PHC,PRD-0170,73,74,1
2024-10-31,WH-LAG1,PRD-0001,61,61,0
2024-10-31,WH-LAG2,PRD-0001,60,60,0
2024-10-31,WH-IBD,PRD-0001,11,11,0
2024-10-31,WH-ABJ,PRD-0001,15,15,0
2024-10-31,WH-PHC,PRD-0001,34,34,0
2024-10-31,WH-LAG1,PRD-0002,22,22,0
2024-10-31,WH-LAG2,PRD-0002,24,24,0
2024-10-31,WH-IBD,PRD-0002,25,25,0
2024-10-31,WH-ABJ,PRD-0002,24,24,0
2024-10-31,WH-PHC,PRD-0002,33,34,1
2024-10-31,WH-LAG1,PRD-0003,31,31,0
2024-10-31,WH-LAG2,PRD-0003,10,10,0
2024-10-31,WH-IBD,PRD-0003,5,5,0
2024-10-31,WH-ABJ,PRD-0003,24,24,0
2024-10-31,WH-PHC,PRD-0003,25,25,0
2024-10-31,WH-LAG1,PRD-0004,347,347,0
2024-10-31,WH-LAG2,PRD-0004,92,92,0
2024-10-31,WH-IBD,PRD-0004,185,185,0
2024-10-31,WH-ABJ,PRD-0004,257,257,0
2024-10-31,WH-PHC,PRD-0004,190,190,0
2024-10-31,WH-LAG1,PRD-0005,36,36,0
2024-10-31,WH-LAG2,PRD-0005,7,7,0
2024-10-31,WH-IBD,PRD-0005,45,45,0
2024-10-31,WH-ABJ,PRD-0005,36,36,0
2024-10-31,WH-PHC,PRD-0005,51,51,0
2024-10-31,WH-LAG1,PRD-0006,45,45,0
2024-10-31,WH-LAG2,PRD-0006,28,28,0
2024-10-31,WH-IBD,PRD-0006,31,31,0
2024-10-31,WH-ABJ,PRD-0006,30,30,0
2024-10-31,WH-PHC,PRD-0006,35,35,0
2024-10-31,WH-LAG1,PRD-0007,168,168,0
2024-10-31,WH-LAG2,PRD-0007,104,104,0
2024-10-31,WH-IBD,PRD-0007,70,70,0
2024-10-31,WH-ABJ,PRD-0007,126,126,0
2024-10-31,WH-PHC,PRD-0007,39,38,-1
2024-10-31,WH-LAG1,PRD-0008,73,73,0
2024-10-31,WH-LAG2,PRD-0008,48,46,-2
2024-10-31,WH-IBD,PRD-0008,44,44,0
2024-10-31,WH-ABJ,PRD-0008,30,30,0
2024-10-31,WH-PHC,PRD-0008,37,37,0
2024-10-31,WH-LAG1,PRD-0009,17,17,0
2024-10-31,WH-LAG2,PRD-0009,25,25,0
2024-10-31,WH-IBD,PRD-0009,23,23,0
2024-10-31,WH-ABJ,PRD-0009,0,0,0
2024-10-31,WH-PHC,PRD-0009,24,24,0
2024-10-31,WH-LAG1,PRD-0010,38,38,0
2024-10-31,WH-LAG2,PRD-0010,9,9,0
2024-10-31,WH-IBD,PRD-0010,20,20,0
2024-10-31,WH-ABJ,PRD-0010,0,0,0
2024-10-31,WH-PHC,PRD-0010,0,0,0
2024-10-31,WH-LAG1,PRD-0011,45,45,0
2024-10-31,WH-LAG2,PRD-0011,73,73,0
2024-10-31,WH-IBD,PRD-0011,37,37,0
2024-10-31,WH-ABJ,PRD-0011,127,127,0
2024-10-31,WH-PHC,PRD-0011,64,62,-2
2024-10-31,WH-LAG1,PRD-0012,64,64,0
2024-10-31,WH-LAG2,PRD-0012,36,36,0
2024-10-31,WH-IBD,PRD-0012,51,51,0
2024-10-31,WH-ABJ,PRD-0012,49,49,0
2024-10-31,WH-PHC,PRD-0012,13,13,0
2024-10-31,WH-LAG1,PRD-0013,27,27,0
2024-10-31,WH-LAG2,PRD-0013,7,7,0
2024-10-31,WH-IBD,PRD-0013,16,16,0
2024-10-31,WH-ABJ,PRD-0013,13,13,0
2024-10-31,WH-PHC,PRD-0013,16,16,0
2024-10-31,WH-LAG1,PRD-0014,19,19,0
2024-10-31,WH-LAG2,PRD-0014,10,10,0
2024-10-31,WH-IBD,PRD-0014,17,17,0
2024-10-31,WH-ABJ,PRD-0014,5,6,1
2024-10-31,WH-PHC,PRD-0014,10,10,0
2024-10-31,WH-LAG1,PRD-0015,66,66,0
2024-10-31,WH-LAG2,PRD-0015,40,40,0
2024-10-31,WH-IBD,PRD-0015,40,41,1
2024-10-31,WH-ABJ,PRD-0015,70,70,0
2024-10-31,WH-PHC,PRD-0015,68,68,0
2024-10-31,WH-LAG1,PRD-0016,59,59,0
2024-10-31,WH-LAG2,PRD-0016,128,128,0
2024-10-31,WH-IBD,PRD-0016,120,120,0
2024-10-31,WH-ABJ,PRD-0016,65,65,0
2024-10-31,WH-PHC,PRD-0016,144,144,0
2024-10-31,WH-LAG1,PRD-0017,67,67,0
2024-10-31,WH-LAG2,PRD-0017,53,53,0
2024-10-31,WH-IBD,PRD-0017,23,23,0
2024-10-31,WH-ABJ,PRD-0017,37,37,0
2024-10-31,WH-PHC,PRD-0017,44,44,0
2024-10-31,WH-LAG1,PRD-0018,70,70,0
2024-10-31,WH-LAG2,PRD-0018,52,52,0
2024-10-31,WH-IBD,PRD-0018,53,53,0
2024-10-31,WH-ABJ,PRD-0018,50,50,0
2024-10-31,WH-PHC,PRD-0018,81,81,0
2024-10-31,WH-LAG1,PRD-0019,66,66,0
2024-10-31,WH-LAG2,PRD-0019,103,103,0
2024-10-31,WH-IBD,PRD-0019,47,47,0
2024-10-31,WH-ABJ,PRD-0019,77,77,0
2024-10-31,WH-PHC,PRD-0019,100,100,0
2024-10-31,WH-LAG1,PRD-0020,110,110,0
2024-10-31,WH-LAG2,PRD-0020,78,78,0
2024-10-31,WH-IBD,PRD-0020,78,78,0
2024-10-31,WH-ABJ,PRD-0020,85,85,0
2024-10-31,WH-PHC,PRD-0020,96,98,2
2024-10-31,WH-LAG1,PRD-0021,22,22,0
2024-10-31,WH-LAG2,PRD-0021,25,26,1
2024-10-31,WH-IBD,PRD-0021,68,68,0
2024-10-31,WH-ABJ,PRD-0021,77,77,0
2024-10-31,WH-PHC,PRD-0021,0,0,0
2024-10-31,WH-LAG1,PRD-0022,26,25,-1
2024-10-31,WH-LAG2,PRD-0022,26,25,-1
2024-10-31,WH-IBD,PRD-0022,7,7,0
2024-10-31,WH-ABJ,PRD-0022,31,31,0
2024-10-31,WH-PHC,PRD-0022,14,14,0
2024-10-31,WH-LAG1,PRD-0023,20,20,0
2024-10-31,WH-LAG2,PRD-0023,48,48,0
2024-10-31,WH-IBD,PRD-0023,0,0,0
2024-10-31,WH-ABJ,PRD-0023,39,39,0
2024-10-31,WH-PHC,PRD-0023,74,74,0
2024-10-31,WH-LAG1,PRD-0024,30,30,0
2024-10-31,WH-LAG2,PRD-0024,31,30,-1
2024-10-31,WH-IBD,PRD-0024,29,29,0
2024-10-31,WH-ABJ,PRD-0024,30,30,0
2024-10-31,WH-PHC,PRD-0024,17,17,0
2024-10-31,WH-LAG1,PRD-0025,62,62,0
2024-10-31,WH-LAG2,PRD-0025,37,37,0
2024-10-31,WH-IBD,PRD-0025,54,54,0
2024-10-31,WH-ABJ,PRD-0025,92,92,0
2024-10-31,WH-PHC,PRD-0025,28,28,0
2024-10-31,WH-LAG1,PRD-0026,93,93,0
2024-10-31,WH-LAG2,PRD-0026,53,53,0
2024-10-31,WH-IBD,PRD-0026,65,65,0
2024-10-31,WH-ABJ,PRD-0026,86,90,4
2024-10-31,WH-PHC,PRD-0026,34,35,1
2024-10-31,WH-LAG1,PRD-0027,21,21,0
2024-10-31,WH-LAG2,PRD-0027,11,11,0
2024-10-31,WH-IBD,PRD-0027,20,20,0
2024-10-31,WH-ABJ,PRD-0027,9,9,0
2024-10-31,WH-PHC,PRD-0027,31,31,0
2024-10-31,WH-LAG1,PRD-0028,41,41,0
2024-10-31,WH-LAG2,PRD-0028,29,29,0
2024-10-31,WH-IBD,PRD-0028,19,19,0
2024-10-31,WH-ABJ,PRD-0028,63,63,0
2024-10-31,WH-PHC,PRD-0028,44,44,0
2024-10-31,WH-LAG1,PRD-0029,20,20,0
2024-10-31,WH-LAG2,PRD-0029,39,39,0
2024-10-31,WH-IBD,PRD-0029,12,12,0
2024-10-31,WH-ABJ,PRD-0029,36,36,0
2024-10-31,WH-PHC,PRD-0029,20,19,-1
2024-10-31,WH-LAG1,PRD-0030,35,35,0
2024-10-31,WH-LAG2,PRD-0030,10,10,0
2024-10-31,WH-IBD,PRD-0030,10,10,0
2024-10-31,WH-ABJ,PRD-0030,23,23,0
2024-10-31,WH-PHC,PRD-0030,7,7,0
2024-10-31,WH-LAG1,PRD-0031,181,181,0
2024-10-31,WH-LAG2,PRD-0031,81,81,0
2024-10-31,WH-IBD,PRD-0031,95,95,0
2024-10-31,WH-ABJ,PRD-0031,118,118,0
2024-10-31,WH-PHC,PRD-0031,58,58,0
2024-10-31,WH-LAG1,PRD-0032,8,7,-1
2024-10-31,WH-LAG2,PRD-0032,28,28,0
2024-10-31,WH-IBD,PRD-0032,10,10,0
2024-10-31,WH-ABJ,PRD-0032,10,10,0
2024-10-31,WH-PHC,PRD-0032,9,9,0
2024-10-31,WH-LAG1,PRD-0033,101,101,0
2024-10-31,WH-LAG2,PRD-0033,0,0,0
2024-10-31,WH-IBD,PRD-0033,45,45,0
2024-10-31,WH-ABJ,PRD-0033,7,7,0
2024-10-31,WH-PHC,PRD-0033,76,76,0
2024-10-31,WH-LAG1,PRD-0034,44,45,1
2024-10-31,WH-LAG2,PRD-0034,24,24,0
2024-10-31,WH-IBD,PRD-0034,13,13,0
2024-10-31,WH-ABJ,PRD-0034,30,31,1
2024-10-31,WH-PHC,PRD-0034,16,16,0
2024-10-31,WH-LAG1,PRD-0035,52,52,0
2024-10-31,WH-LAG2,PRD-0035,69,69,0
2024-10-31,WH-IBD,PRD-0035,59,59,0
2024-10-31,WH-ABJ,PRD-0035,0,0,0
2024-10-31,WH-PHC,PRD-0035,35,35,0
2024-10-31,WH-LAG1,PRD-0036,58,60,2
2024-10-31,WH-LAG2,PRD-0036,0,0,0
2024-10-31,WH-IBD,PRD-0036,0,0,0
2024-10-31,WH-ABJ,PRD-0036,29,29,0
2024-10-31,WH-PHC,PRD-0036,50,50,0
2024-10-31,WH-LAG1,PRD-0037,204,204,0
2024-10-31,WH-LAG2,PRD-0037,19,19,0
2024-10-31,WH-IBD,PRD-0037,68,68,0
2024-10-31,WH-ABJ,PRD-0037,42,42,0
2024-10-31,WH-PHC,PRD-0037,93,93,0
2024-10-31,WH-LAG1,PRD-0038,13,13,0
2024-10-31,WH-LAG2,PRD-0038,20,20,0
2024-10-31,WH-IBD,PRD-0038,29,30,1
2024-10-31,WH-ABJ,PRD-0038,10,10,0
2024-10-31,WH-PHC,PRD-0038,10,10,0
2024-10-31,WH-LAG1,PRD-0039,148,148,0
2024-10-31,WH-LAG2,PRD-0039,114,114,0
2024-10-31,WH-IBD,PRD-0039,156,156,0
2024-10-31,WH-ABJ,PRD-0039,137,137,0
2024-10-31,WH-PHC,PRD-0039,98,99,1
2024-10-31,WH-LAG1,PRD-0040,117,115,-2
2024-10-31,WH-LAG2,PRD-0040,51,51,0
2024-10-31,WH-IBD,PRD-0040,56,56,0
2024-10-31,WH-ABJ,PRD-0040,52,52,0
2024-10-31,WH-PHC,PRD-0040,50,50,0
2024-10-31,WH-LAG1,PRD-0041,82,82,0
2024-10-31,WH-LAG2,PRD-0041,43,43,0
2024-10-31,WH-IBD,PRD-0041,61,61,0
2024-10-31,WH-ABJ,PRD-0041,41,41,0
2024-10-31,WH-PHC,PRD-0041,20,20,0
2024-10-31,WH-LAG1,PRD-0042,32,32,0
2024-10-31,WH-LAG2,PRD-0042,10,10,0
2024-10-31,WH-IBD,PRD-0042,10,10,0
2024-10-31,WH-ABJ,PRD-0042,0,0,0
2024-10-31,WH-PHC,PRD-0042,0,0,0
2024-10-31,WH-LAG1,PRD-0043,87,87,0
2024-10-31,WH-LAG2,PRD-0043,54,54,0
2024-10-31,WH-IBD,PRD-0043,10,10,0
2024-10-31,WH-ABJ,PRD-0043,24,24,0
2024-10-31,WH-PHC,PRD-0043,10,10,0
2024-10-31,WH-LAG1,PRD-0044,0,0,0
2024-10-31,WH-LAG2,PRD-0044,10,10,0
2024-10-31,WH-IBD,PRD-0044,10,10,0
2024-10-31,WH-ABJ,PRD-0044,5,5,0
2024-10-31,WH-PHC,PRD-0044,8,8,0
2024-10-31,WH-LAG1,PRD-0045,54,54,0
2024-10-31,WH-LAG2,PRD-0045,65,65,0
2024-10-31,WH-IBD,PRD-0045,35,35,0
2024-10-31,WH-ABJ,PRD-0045,70,70,0
2024-10-31,WH-PHC,PRD-0045,37,37,0
2024-10-31,WH-LAG1,PRD-0046,2,2,0
2024-10-31,WH-LAG2,PRD-0046,24,24,0
2024-10-31,WH-IBD,PRD-0046,25,25,0
2024-10-31,WH-ABJ,PRD-0046,47,47,0
2024-10-31,WH-PHC,PRD-0046,52,52,0
2024-10-31,WH-LAG1,PRD-0047,41,41,0
2024-10-31,WH-LAG2,PRD-0047,56,56,0
2024-10-31,WH-IBD,PRD-0047,52,51,-1
2024-10-31,WH-ABJ,PRD-0047,29,29,0
2024-10-31,WH-PHC,PRD-0047,77,77,0
2024-10-31,WH-LAG1,PRD-0048,68,68,0
2024-10-31,WH-LAG2,PRD-0048,63,63,0
2024-10-31,WH-IBD,PRD-0048,64,64,0
2024-10-31,WH-ABJ,PRD-0048,85,85,0
2024-10-31,WH-PHC,PRD-0048,63,63,0
2024-10-31,WH-LAG1,PRD-0049,150,150,0
2024-10-31,WH-LAG2,PRD-0049,16,16,0
2024-10-31,WH-IBD,PRD-0049,48,48,0
2024-10-31,WH-ABJ,PRD-0049,49,49,0
2024-10-31,WH-PHC,PRD-0049,53,53,0
2024-10-31,WH-LAG1,PRD-0050,72,72,0
2024-10-31,WH-LAG2,PRD-0050,30,30,0
2024-10-31,WH-IBD,PRD-0050,12,12,0
2024-10-31,WH-ABJ,PRD-0050,38,38,0
2024-10-31,WH-PHC,PRD-0050,0,1,1
2024-10-31,WH-LAG1,PRD-0051,160,160,0
2024-10-31,WH-LAG2,PRD-0051,9,9,0
2024-10-31,WH-IBD,PRD-0051,46,46,0
2024-10-31,WH-ABJ,PRD-0051,95,95,0
2024-10-31,WH-PHC,PRD-0051,120,120,0
2024-10-31,WH-LAG1,PRD-0052,3,3,0
2024-10-31,WH-LAG2,PRD-0052,16,16,0
2024-10-31,WH-IBD,PRD-0052,12,12,0
2024-10-31,WH-ABJ,PRD-0052,1,2,1
2024-10-31,WH-PHC,PRD-0052,18,18,0
2024-10-31,WH-LAG1,PRD-0053,47,47,0
2024-10-31,WH-LAG2,PRD-0053,23,23,0
2024-10-31,WH-IBD,PRD-0053,10,10,0
2024-10-31,WH-ABJ,PRD-0053,19,19,0
2024-10-31,WH-PHC,PRD-0053,10,10,0
2024-10-31,WH-LAG1,PRD-0054,55,55,0
2024-10-31,WH-LAG2,PRD-0054,5,5,0
2024-10-31,WH-IBD,PRD-0054,0,0,-1
2024-10-31,WH-ABJ,PRD-0054,10,10,0
2024-10-31,WH-PHC,PRD-0054,10,10,0
2024-10-31,WH-LAG1,PRD-0055,42,43,1
2024-10-31,WH-LAG2,PRD-0055,46,46,0
2024-10-31,WH-IBD,PRD-0055,14,13,-1
2024-10-31,WH-ABJ,PRD-0055,12,12,0
2024-10-31,WH-PHC,PRD-0055,14,14,0
2024-10-31,WH-LAG1,PRD-0056,7,7,0
2024-10-31,WH-LAG2,PRD-0056,41,41,0
2024-10-31,WH-IBD,PRD-0056,47,47,0
2024-10-31,WH-ABJ,PRD-0056,49,49,0
2024-10-31,WH-PHC,PRD-0056,45,46,1
2024-10-31,WH-LAG1,PRD-0057,142,142,0
2024-10-31,WH-LAG2,PRD-0057,211,211,0
2024-10-31,WH-IBD,PRD-0057,88,88,0
2024-10-31,WH-ABJ,PRD-0057,98,98,0
2024-10-31,WH-PHC,PRD-0057,80,83,3
2024-10-31,WH-LAG1,PRD-0058,93,93,0
2024-10-31,WH-LAG2,PRD-0058,44,44,0
2024-10-31,WH-IBD,PRD-0058,68,68,0
2024-10-31,WH-ABJ,PRD-0058,97,97,0
2024-10-31,WH-PHC,PRD-0058,48,48,0
2024-10-31,WH-LAG1,PRD-0059,54,54,0
2024-10-31,WH-LAG2,PRD-0059,52,50,-2
2024-10-31,WH-IBD,PRD-0059,67,67,0
2024-10-31,WH-ABJ,PRD-0059,68,68,0
2024-10-31,WH-PHC,PRD-0059,58,58,0
2024-10-31,WH-LAG1,PRD-0060,154,154,0
2024-10-31,WH-LAG2,PRD-0060,86,86,0
2024-10-31,WH-IBD,PRD-0060,65,65,0
2024-10-31,WH-ABJ,PRD-0060,130,130,0
2024-10-31,WH-PHC,PRD-0060,80,80,0
2024-10-31,WH-LAG1,PRD-0061,145,140,-5
2024-10-31,WH-LAG2,PRD-0061,55,55,0
2024-10-31,WH-IBD,PRD-0061,97,96,-1
2024-10-31,WH-ABJ,PRD-0061,133,133,0
2024-10-31,WH-PHC,PRD-0061,38,38,0
2024-10-31,WH-LAG1,PRD-0062,70,70,0
2024-10-31,WH-LAG2,PRD-0062,56,56,0
2024-10-31,WH-IBD,PRD-0062,111,111,0
2024-10-31,WH-ABJ,PRD-0062,146,146,0
2024-10-31,WH-PHC,PRD-0062,41,41,0
2024-10-31,WH-LAG1,PRD-0063,140,140,0
2024-10-31,WH-LAG2,PRD-0063,77,77,0
2024-10-31,WH-IBD,PRD-0063,57,57,0
2024-10-31,WH-ABJ,PRD-0063,37,36,-1
2024-10-31,WH-PHC,PRD-0063,66,66,0
2024-10-31,WH-LAG1,PRD-0064,145,145,0
2024-10-31,WH-LAG2,PRD-0064,44,44,0
2024-10-31,WH-IBD,PRD-0064,74,74,0
2024-10-31,WH-ABJ,PRD-0064,56,56,0
2024-10-31,WH-PHC,PRD-0064,26,26,0
2024-10-31,WH-LAG1,PRD-0065,185,180,-5
2024-10-31,WH-LAG2,PRD-0065,29,29,0
2024-10-31,WH-IBD,PRD-0065,85,83,-2
2024-10-31,WH-ABJ,PRD-0065,123,123,0
2024-10-31,WH-PHC,PRD-0065,88,84,-4
2024-10-31,WH-LAG1,PRD-0066,10,10,0
2024-10-31,WH-LAG2,PRD-0066,8,8,0
2024-10-31,WH-IBD,PRD-0066,10,10,0
2024-10-31,WH-ABJ,PRD-0066,9,8,-1
2024-10-31,WH-PHC,PRD-0066,2,2,0
2024-10-31,WH-LAG1,PRD-0067,67,67,0
2024-10-31,WH-LAG2,PRD-0067,43,43,0
2024-10-31,WH-IBD,PRD-0067,66,66,0
2024-10-31,WH-ABJ,PRD-0067,62,62,0
2024-10-31,WH-PHC,PRD-0067,41,41,0
2024-10-31,WH-LAG1,PRD-0068,298,298,0
2024-10-31,WH-LAG2,PRD-0068,69,69,0
2024-10-31,WH-IBD,PRD-0068,155,155,0
2024-10-31,WH-ABJ,PRD-0068,187,187,0
2024-10-31,WH-PHC,PRD-0068,122,122,0
2024-10-31,WH-LAG1,PRD-0069,32,32,0
2024-10-31,WH-LAG2,PRD-0069,21,21,0
2024-10-31,WH-IBD,PRD-0069,8,8,0
2024-10-31,WH-ABJ,PRD-0069,22,22,0
2024-10-31,WH-PHC,PRD-0069,10,10,0
2024-10-31,WH-LAG1,PRD-0070,79,79,0
2024-10-31,WH-LAG2,PRD-0070,15,15,0
2024-10-31,WH-IBD,PRD-0070,37,37,0
2024-10-31,WH-ABJ,PRD-0070,22,22,0
2024-10-31,WH-PHC,PRD-0070,0,0,0
2024-10-31,WH-LAG1,PRD-0071,17,17,0
2024-10-31,WH-LAG2,PRD-0071,5,5,0
2024-10-31,WH-IBD,PRD-0071,21,21,0
2024-10-31,WH-ABJ,PRD-0071,0,0,0
2024-10-31,WH-PHC,PRD-0071,16,16,0
2024-10-31,WH-LAG1,PRD-0072,31,30,-1
2024-10-31,WH-LAG2,PRD-0072,19,19,0
2024-10-31,WH-IBD,PRD-0072,47,47,0
2024-10-31,WH-ABJ,PRD-0072,18,18,0
2024-10-31,WH-PHC,PRD-0072,31,31,0
2024-10-31,WH-LAG1,PRD-0073,23,23,0
2024-10-31,WH-LAG2,PRD-0073,0,0,0
2024-10-31,WH-IBD,PRD-0073,0,0,0
2024-10-31,WH-ABJ,PRD-0073,20,20,0
2024-10-31,WH-PHC,PRD-0073,10,10,0
2024-10-31,WH-LAG1,PRD-0074,106,106,0
2024-10-31,WH-LAG2,PRD-0074,28,28,0
2024-10-31,WH-IBD,PRD-0074,41,41,0
2024-10-31,WH-ABJ,PRD-0074,40,40,0
2024-10-31,WH-PHC,PRD-0074,27,27,0
2024-10-31,WH-LAG1,PRD-0075,47,47,0
2024-10-31,WH-LAG2,PRD-0075,7,7,0
2024-10-31,WH-IBD,PRD-0075,29,29,0
2024-10-31,WH-ABJ,PRD-0075,4,4,0
2024-10-31,WH-PHC,PRD-0075,40,40,0
2024-10-31,WH-LAG1,PRD-0076,27,27,0
2024-10-31,WH-LAG2,PRD-0076,53,53,0
2024-10-31,WH-IBD,PRD-0076,44,44,0
2024-10-31,WH-ABJ,PRD-0076,105,105,0
2024-10-31,WH-PHC,PRD-0076,12,12,0
2024-10-31,WH-LAG1,PRD-0077,293,293,0
2024-10-31,WH-LAG2,PRD-0077,241,241,0
2024-10-31,WH-IBD,PRD-0077,221,221,0
2024-10-31,WH-ABJ,PRD-0077,297,297,0
2024-10-31,WH-PHC,PRD-0077,67,67,0
2024-10-31,WH-LAG1,PRD-0078,115,116,1
2024-10-31,WH-LAG2,PRD-0078,73,71,-2
2024-10-31,WH-IBD,PRD-0078,64,64,0
2024-10-31,WH-ABJ,PRD-0078,95,95,0
2024-10-31,WH-PHC,PRD-0078,65,65,0
2024-10-31,WH-LAG1,PRD-0079,17,17,0
2024-10-31,WH-LAG2,PRD-0079,77,77,0
2024-10-31,WH-IBD,PRD-0079,64,64,0
2024-10-31,WH-ABJ,PRD-0079,60,60,0
2024-10-31,WH-PHC,PRD-0079,82,82,0
2024-10-31,WH-LAG1,PRD-0080,148,148,0
2024-10-31,WH-LAG2,PRD-0080,12,12,0
2024-10-31,WH-IBD,PRD-0080,51,51,0
2024-10-31,WH-ABJ,PRD-0080,57,57,0
2024-10-31,WH-PHC,PRD-0080,38,38,0
2024-10-31,WH-LAG1,PRD-0081,94,94,0
2024-10-31,WH-LAG2,PRD-0081,66,66,0
2024-10-31,WH-IBD,PRD-0081,52,52,0
2024-10-31,WH-ABJ,PRD-0081,103,103,0
2024-10-31,WH-PHC,PRD-0081,109,109,0
2024-10-31,WH-LAG1,PRD-0082,187,187,0
2024-10-31,WH-LAG2,PRD-0082,74,74,0
2024-10-31,WH-IBD,PRD-0082,23,23,0
2024-10-31,WH-ABJ,PRD-0082,67,67,0
2024-10-31,WH-PHC,PRD-0082,93,93,0
2024-10-31,WH-LAG1,PRD-0083,69,69,0
2024-10-31,WH-LAG2,PRD-0083,65,65,0
2024-10-31,WH-IBD,PRD-0083,89,89,0
2024-10-31,WH-ABJ,PRD-0083,112,112,0
2024-10-31,WH-PHC,PRD-0083,93,93,0
2024-10-31,WH-LAG1,PRD-0084,184,184,0
2024-10-31,WH-LAG2,PRD-0084,119,119,0
2024-10-31,WH-IBD,PRD-0084,79,79,0
2024-10-31,WH-ABJ,PRD-0084,134,134,0
2024-10-31,WH-PHC,PRD-0084,84,84,0
2024-10-31,WH-LAG1,PRD-0085,111,111,0
2024-10-31,WH-LAG2,PRD-0085,38,37,-1
2024-10-31,WH-IBD,PRD-0085,93,93,0
2024-10-31,WH-ABJ,PRD-0085,110,110,0
2024-10-31,WH-PHC,PRD-0085,59,59,0
2024-10-31,WH-LAG1,PRD-0086,278,286,8
2024-10-31,WH-LAG2,PRD-0086,0,0,-1
2024-10-31,WH-IBD,PRD-0086,85,85,0
2024-10-31,WH-ABJ,PRD-0086,60,59,-1
2024-10-31,WH-PHC,PRD-0086,137,137,0
2024-10-31,WH-LAG1,PRD-0087,8,8,0
2024-10-31,WH-LAG2,PRD-0087,19,19,0
2024-10-31,WH-IBD,PRD-0087,23,23,0
2024-10-31,WH-ABJ,PRD-0087,5,5,0
2024-10-31,WH-PHC,PRD-0087,10,10,0
2024-10-31,WH-LAG1,PRD-0088,14,15,1
2024-10-31,WH-LAG2,PRD-0088,59,59,0
2024-10-31,WH-IBD,PRD-0088,3,3,0
2024-10-31,WH-ABJ,PRD-0088,31,31,0
2024-10-31,WH-PHC,PRD-0088,49,49,0
2024-10-31,WH-LAG1,PRD-0089,59,59,0
2024-10-31,WH-LAG2,PRD-0089,47,47,0
2024-10-31,WH-IBD,PRD-0089,49,49,0
2024-10-31,WH-ABJ,PRD-0089,33,33,0
2024-10-31,WH-PHC,PRD-0089,53,55,2
2024-10-31,WH-LAG1,PRD-0090,1936,1936,0
2024-10-31,WH-LAG2,PRD-0090,492,492,0
2024-10-31,WH-IBD,PRD-0090,143,148,5
2024-10-31,WH-ABJ,PRD-0090,413,413,0
2024-10-31,WH-PHC,PRD-0090,253,253,0
2024-10-31,WH-LAG1,PRD-0091,138,138,0
2024-10-31,WH-LAG2,PRD-0091,61,62,1
2024-10-31,WH-IBD,PRD-0091,81,81,0
2024-10-31,WH-ABJ,PRD-0091,19,20,1
2024-10-31,WH-PHC,PRD-0091,48,48,0
2024-10-31,WH-LAG1,PRD-0092,31,31,0
2024-10-31,WH-LAG2,PRD-0092,32,32,0
2024-10-31,WH-IBD,PRD-0092,9,10,1
2024-10-31,WH-ABJ,PRD-0092,62,62,0
2024-10-31,WH-PHC,PRD-0092,11,11,0
2024-10-31,WH-LAG1,PRD-0093,101,101,0
2024-10-31,WH-LAG2,PRD-0093,102,102,0
2024-10-31,WH-IBD,PRD-0093,48,48,0
2024-10-31,WH-ABJ,PRD-0093,48,48,0
2024-10-31,WH-PHC,PRD-0093,1,1,0
2024-10-31,WH-LAG1,PRD-0094,42,42,0
2024-10-31,WH-LAG2,PRD-0094,10,10,0
2024-10-31,WH-IBD,PRD-0094,9,8,-1
2024-10-31,WH-ABJ,PRD-0094,10,10,0
2024-10-31,WH-PHC,PRD-0094,9,9,0
2024-10-31,WH-LAG1,PRD-0095,19,19,0
2024-10-31,WH-LAG2,PRD-0095,10,10,0
2024-10-31,WH-IBD,PRD-0095,24,24,0
2024-10-31,WH-ABJ,PRD-0095,30,30,0
2024-10-31,WH-PHC,PRD-0095,25,25,0
2024-10-31,WH-LAG1,PRD-0096,13,13,0
2024-10-31,WH-LAG2,PRD-0096,21,22,1
2024-10-31,WH-IBD,PRD-0096,21,21,0
2024-10-31,WH-ABJ,PRD-0096,6,5,-1
2024-10-31,WH-PHC,PRD-0096,14,14,0
2024-10-31,WH-LAG1,PRD-0097,1,2,1
2024-10-31,WH-LAG2,PRD-0097,23,23,0
2024-10-31,WH-IBD,PRD-0097,12,12,0
2024-10-31,WH-ABJ,PRD-0097,17,17,0
2024-10-31,WH-PHC,PRD-0097,34,34,0
2024-10-31,WH-LAG1,PRD-0098,348,348,0
2024-10-31,WH-LAG2,PRD-0098,60,60,0
2024-10-31,WH-IBD,PRD-0098,68,68,0
2024-10-31,WH-ABJ,PRD-0098,161,161,0
2024-10-31,WH-PHC,PRD-0098,175,175,0
2024-10-31,WH-LAG1,PRD-0099,41,41,0
2024-10-31,WH-LAG2,PRD-0099,32,32,0
2024-10-31,WH-IBD,PRD-0099,21,21,0
2024-10-31,WH-ABJ,PRD-0099,40,40,0
2024-10-31,WH-PHC,PRD-0099,3,3,0
2024-10-31,WH-LAG1,PRD-0100,71,71,0
2024-10-31,WH-LAG2,PRD-0100,0,0,0
2024-10-31,WH-IBD,PRD-0100,188,188,0
2024-10-31,WH-ABJ,PRD-0100,158,153,-5
2024-10-31,WH-PHC,PRD-0100,171,171,0
2024-10-31,WH-LAG1,PRD-0101,53,53,0
2024-10-31,WH-LAG2,PRD-0101,32,32,0
2024-10-31,WH-IBD,PRD-0101,29,29,0
2024-10-31,WH-ABJ,PRD-0101,27,27,0
2024-10-31,WH-PHC,PRD-0101,35,35,0
2024-10-31,WH-LAG1,PRD-0102,101,101,0
2024-10-31,WH-LAG2,PRD-0102,52,52,0
2024-10-31,WH-IBD,PRD-0102,45,45,0
2024-10-31,WH-ABJ,PRD-0102,16,16,0
2024-10-31,WH-PHC,PRD-0102,93,93,0
2024-10-31,WH-LAG1,PRD-0103,136,136,0
2024-10-31,WH-LAG2,PRD-0103,17,16,-1
2024-10-31,WH-IBD,PRD-0103,82,82,0
2024-10-31,WH-ABJ,PRD-0103,115,115,0
2024-10-31,WH-PHC,PRD-0103,47,46,-1
2024-10-31,WH-LAG1,PRD-0104,37,37,0
2024-10-31,WH-LAG2,PRD-0104,10,10,0
2024-10-31,WH-IBD,PRD-0104,10,10,0
2024-10-31,WH-ABJ,PRD-0104,24,24,0
2024-10-31,WH-PHC,PRD-0104,34,34,0
2024-10-31,WH-LAG1,PRD-0105,39,39,0
2024-10-31,WH-LAG2,PRD-0105,29,29,0
2024-10-31,WH-IBD,PRD-0105,23,23,0
2024-10-31,WH-ABJ,PRD-0105,29,29,0
2024-10-31,WH-PHC,PRD-0105,8,8,0
2024-10-31,WH-LAG1,PRD-0106,46,46,0
2024-10-31,WH-LAG2,PRD-0106,10,10,0
2024-10-31,WH-IBD,PRD-0106,10,10,0
2024-10-31,WH-ABJ,PRD-0106,4,4,0
2024-10-31,WH-PHC,PRD-0106,10,10,0
2024-10-31,WH-LAG1,PRD-0107,29,29,0
2024-10-31,WH-LAG2,PRD-0107,22,23,1
2024-10-31,WH-IBD,PRD-0107,7,7,0
2024-10-31,WH-ABJ,PRD-0107,38,38,0
2024-10-31,WH-PHC,PRD-0107,25,25,0
2024-10-31,WH-LAG1,PRD-0108,252,252,0
2024-10-31,WH-LAG2,PRD-0108,23,24,1
2024-10-31,WH-IBD,PRD-0108,106,106,0
2024-10-31,WH-ABJ,PRD-0108,129,129,0
2024-10-31,WH-PHC,PRD-0108,141,141,0
2024-10-31,WH-LAG1,PRD-0109,192,192,0
2024-10-31,WH-LAG2,PRD-0109,78,78,0
2024-10-31,WH-IBD,PRD-0109,36,36,0
2024-10-31,WH-ABJ,PRD-0109,89,89,0
2024-10-31,WH-PHC,PRD-0109,39,40,1
2024-10-31,WH-LAG1,PRD-0110,13,13,0
2024-10-31,WH-LAG2,PRD-0110,25,25,0
2024-10-31,WH-IBD,PRD-0110,18,18,0
2024-10-31,WH-ABJ,PRD-0110,0,0,0
2024-10-31,WH-PHC,PRD-0110,17,16,-1
2024-10-31,WH-LAG1,PRD-0111,205,205,0
2024-10-31,WH-LAG2,PRD-0111,70,70,0
2024-10-31,WH-IBD,PRD-0111,53,53,0
2024-10-31,WH-ABJ,PRD-0111,77,77,0
2024-10-31,WH-PHC,PRD-0111,116,116,0
2024-10-31,WH-LAG1,PRD-0112,14,14,0
2024-10-31,WH-LAG2,PRD-0112,24,24,0
2024-10-31,WH-IBD,PRD-0112,10,10,0
2024-10-31,WH-ABJ,PRD-0112,28,28,0
2024-10-31,WH-PHC,PRD-0112,9,9,0
2024-10-31,WH-LAG1,PRD-0113,70,70,0
2024-10-31,WH-LAG2,PRD-0113,88,87,-1
2024-10-31,WH-IBD,PRD-0113,6,6,0
2024-10-31,WH-ABJ,PRD-0113,163,163,0
2024-10-31,WH-PHC,PRD-0113,114,114,0
2024-10-31,WH-LAG1,PRD-0114,21,21,0
2024-10-31,WH-LAG2,PRD-0114,10,10,0
2024-10-31,WH-IBD,PRD-0114,10,10,0
2024-10-31,WH-ABJ,PRD-0114,25,25,0
2024-10-31,WH-PHC,PRD-0114,6,6,0
2024-10-31,WH-LAG1,PRD-0115,74,74,0
2024-10-31,WH-LAG2,PRD-0115,81,81,0
2024-10-31,WH-IBD,PRD-0115,55,55,0
2024-10-31,WH-ABJ,PRD-0115,97,97,0
2024-10-31,WH-PHC,PRD-0115,46,46,0
2024-10-31,WH-LAG1,PRD-0116,51,51,0
2024-10-31,WH-LAG2,PRD-0116,26,26,0
2024-10-31,WH-IBD,PRD-0116,12,12,0
2024-10-31,WH-ABJ,PRD-0116,46,46,0
2024-10-31,WH-PHC,PRD-0116,60,60,0
2024-10-31,WH-LAG1,PRD-0117,90,90,0
2024-10-31,WH-LAG2,PRD-0117,70,70,0
2024-10-31,WH-IBD,PRD-0117,70,70,0
2024-10-31,WH-ABJ,PRD-0117,43,44,1
2024-10-31,WH-PHC,PRD-0117,76,76,0
2024-10-31,WH-LAG1,PRD-0118,235,235,0
2024-10-31,WH-LAG2,PRD-0118,194,194,0
2024-10-31,WH-IBD,PRD-0118,12,12,0
2024-10-31,WH-ABJ,PRD-0118,181,181,0
2024-10-31,WH-PHC,PRD-0118,100,100,0
2024-10-31,WH-LAG1,PRD-0119,29,30,1
2024-10-31,WH-LAG2,PRD-0119,10,10,0
2024-10-31,WH-IBD,PRD-0119,14,14,0
2024-10-31,WH-ABJ,PRD-0119,6,6,0
2024-10-31,WH-PHC,PRD-0119,10,10,0
2024-10-31,WH-LAG1,PRD-0120,292,292,0
2024-10-31,WH-LAG2,PRD-0120,102,102,0
2024-10-31,WH-IBD,PRD-0120,166,166,0
2024-10-31,WH-ABJ,PRD-0120,119,119,0
2024-10-31,WH-PHC,PRD-0120,78,78,0
2024-10-31,WH-LAG1,PRD-0121,50,51,1
2024-10-31,WH-LAG2,PRD-0121,51,51,0
2024-10-31,WH-IBD,PRD-0121,66,66,0
2024-10-31,WH-ABJ,PRD-0121,119,119,0
2024-10-31,WH-PHC,PRD-0121,124,121,-3
2024-10-31,WH-LAG1,PRD-0122,140,140,0
2024-10-31,WH-LAG2,PRD-0122,99,99,0
2024-10-31,WH-IBD,PRD-0122,76,76,0
2024-10-31,WH-ABJ,PRD-0122,20,20,0
2024-10-31,WH-PHC,PRD-0122,87,87,0
2024-10-31,WH-LAG1,PRD-0123,65,65,0
2024-10-31,WH-LAG2,PRD-0123,82,82,0
2024-10-31,WH-IBD,PRD-0123,27,27,0
2024-10-31,WH-ABJ,PRD-0123,48,48,0
2024-10-31,WH-PHC,PRD-0123,49,48,-1
2024-10-31,WH-LAG1,PRD-0124,78,78,0
2024-10-31,WH-LAG2,PRD-0124,0,0,0
2024-10-31,WH-IBD,PRD-0124,10,10,0
2024-10-31,WH-ABJ,PRD-0124,51,51,0
2024-10-31,WH-PHC,PRD-0124,71,71,0
2024-10-31,WH-LAG1,PRD-0125,322,322,0
2024-10-31,WH-LAG2,PRD-0125,308,308,0
2024-10-31,WH-IBD,PRD-0125,108,108,0
2024-10-31,WH-ABJ,PRD-0125,203,203,0
2024-10-31,WH-PHC,PRD-0125,224,224,0
2024-10-31,WH-LAG1,PRD-0126,112,112,0
2024-10-31,WH-LAG2,PRD-0126,56,58,2
2024-10-31,WH-IBD,PRD-0126,27,28,1
2024-10-31,WH-ABJ,PRD-0126,24,24,0
2024-10-31,WH-PHC,PRD-0126,32,32,0
2024-10-31,WH-LAG1,PRD-0127,71,71,0
2024-10-31,WH-LAG2,PRD-0127,31,32,1
2024-10-31,WH-IBD,PRD-0127,45,45,0
2024-10-31,WH-ABJ,PRD-0127,29,29,0
2024-10-31,WH-PHC,PRD-0127,49,49,0
2024-10-31,WH-LAG1,PRD-0128,42,41,-1
2024-10-31,WH-LAG2,PRD-0128,60,60,0
2024-10-31,WH-IBD,PRD-0128,99,99,0
2024-10-31,WH-ABJ,PRD-0128,41,41,0
2024-10-31,WH-PHC,PRD-0128,35,36,1
2024-10-31,WH-LAG1,PRD-0129,26,26,0
2024-10-31,WH-LAG2,PRD-0129,18,19,1
2024-10-31,WH-IBD,PRD-0129,9,9,0
2024-10-31,WH-ABJ,PRD-0129,20,20,0
2024-10-31,WH-PHC,PRD-0129,4,4,0
2024-10-31,WH-LAG1,PRD-0130,55,55,0
2024-10-31,WH-LAG2,PRD-0130,44,44,0
2024-10-31,WH-IBD,PRD-0130,43,43,0
2024-10-31,WH-ABJ,PRD-0130,45,44,-1
2024-10-31,WH-PHC,PRD-0130,28,28,0
2024-10-31,WH-LAG1,PRD-0131,102,99,-3
2024-10-31,WH-LAG2,PRD-0131,95,95,0
2024-10-31,WH-IBD,PRD-0131,68,68,0
2024-10-31,WH-ABJ,PRD-0131,119,119,0
2024-10-31,WH-PHC,PRD-0131,72,72,0
2024-10-31,WH-LAG1,PRD-0132,88,88,0
2024-10-31,WH-LAG2,PRD-0132,37,38,1
2024-10-31,WH-IBD,PRD-0132,50,50,0
2024-10-31,WH-ABJ,PRD-0132,66,65,-1
2024-10-31,WH-PHC,PRD-0132,59,59,0
2024-10-31,WH-LAG1,PRD-0133,51,51,0
2024-10-31,WH-LAG2,PRD-0133,37,37,0
2024-10-31,WH-IBD,PRD-0133,10,10,0
2024-10-31,WH-ABJ,PRD-0133,10,9,-1
2024-10-31,WH-PHC,PRD-0133,10,10,0
2024-10-31,WH-LAG1,PRD-0134,50,50,0
2024-10-31,WH-LAG2,PRD-0134,8,8,0
2024-10-31,WH-IBD,PRD-0134,41,41,0
2024-10-31,WH-ABJ,PRD-0134,49,49,0
2024-10-31,WH-PHC,PRD-0134,21,21,0
2024-10-31,WH-LAG1,PRD-0135,376,376,0
2024-10-31,WH-LAG2,PRD-0135,94,94,0
2024-10-31,WH-IBD,PRD-0135,59,59,0
2024-10-31,WH-ABJ,PRD-0135,65,65,0
2024-10-31,WH-PHC,PRD-0135,55,55,0
2024-10-31,WH-LAG1,PRD-0136,56,56,0
2024-10-31,WH-LAG2,PRD-0136,73,73,0
2024-10-31,WH-IBD,PRD-0136,43,42,-1
2024-10-31,WH-ABJ,PRD-0136,51,51,0
2024-10-31,WH-PHC,PRD-0136,63,61,-2
2024-10-31,WH-LAG1,PRD-0137,103,103,0
2024-10-31,WH-LAG2,PRD-0137,88,88,0
2024-10-31,WH-IBD,PRD-0137,85,85,0
2024-10-31,WH-ABJ,PRD-0137,60,60,0
2024-10-31,WH-PHC,PRD-0137,92,92,0
2024-10-31,WH-LAG1,PRD-0138,153,153,0
2024-10-31,WH-LAG2,PRD-0138,41,41,0
2024-10-31,WH-IBD,PRD-0138,106,109,3
2024-10-31,WH-ABJ,PRD-0138,102,102,0
2024-10-31,WH-PHC,PRD-0138,115,115,0
2024-10-31,WH-LAG1,PRD-0139,111,111,0
2024-10-31,WH-LAG2,PRD-0139,66,66,0
2024-10-31,WH-IBD,PRD-0139,51,51,0
2024-10-31,WH-ABJ,PRD-0139,82,82,0
2024-10-31,WH-PHC,PRD-0139,70,70,0
2024-10-31,WH-LAG1,PRD-0140,47,48,1
2024-10-31,WH-LAG2,PRD-0140,56,56,0
2024-10-31,WH-IBD,PRD-0140,5,5,0
2024-10-31,WH-ABJ,PRD-0140,59,58,-1
2024-10-31,WH-PHC,PRD-0140,10,10,0
2024-10-31,WH-LAG1,PRD-0141,70,70,0
2024-10-31,WH-LAG2,PRD-0141,30,29,-1
2024-10-31,WH-IBD,PRD-0141,6,6,0
2024-10-31,WH-ABJ,PRD-0141,82,82,0
2024-10-31,WH-PHC,PRD-0141,53,53,0
2024-10-31,WH-LAG1,PRD-0142,271,271,0
2024-10-31,WH-LAG2,PRD-0142,184,184,0
2024-10-31,WH-IBD,PRD-0142,119,119,0
2024-10-31,WH-ABJ,PRD-0142,115,115,0
2024-10-31,WH-PHC,PRD-0142,110,110,0
2024-10-31,WH-LAG1,PRD-0143,33,34,1
2024-10-31,WH-LAG2,PRD-0143,41,41,0
2024-10-31,WH-IBD,PRD-0143,20,20,0
2024-10-31,WH-ABJ,PRD-0143,26,26,0
2024-10-31,WH-PHC,PRD-0143,16,16,0
2024-10-31,WH-LAG1,PRD-0144,62,62,0
2024-10-31,WH-LAG2,PRD-0144,25,24,-1
2024-10-31,WH-IBD,PRD-0144,6,6,0
2024-10-31,WH-ABJ,PRD-0144,25,25,0
2024-10-31,WH-PHC,PRD-0144,58,58,0
2024-10-31,WH-LAG1,PRD-0145,245,238,-7
2024-10-31,WH-LAG2,PRD-0145,53,53,0
2024-10-31,WH-IBD,PRD-0145,71,71,0
2024-10-31,WH-ABJ,PRD-0145,96,96,0
2024-10-31,WH-PHC,PRD-0145,136,136,0
2024-10-31,WH-LAG1,PRD-0146,92,92,0
2024-10-31,WH-LAG2,PRD-0146,34,34,0
2024-10-31,WH-IBD,PRD-0146,12,13,1
2024-10-31,WH-ABJ,PRD-0146,16,16,0
2024-10-31,WH-PHC,PRD-0146,16,16,0
2024-10-31,WH-LAG1,PRD-0147,111,111,0
2024-10-31,WH-LAG2,PRD-0147,36,37,1
2024-10-31,WH-IBD,PRD-0147,31,31,0
2024-10-31,WH-ABJ,PRD-0147,54,54,0
2024-10-31,WH-PHC,PRD-0147,59,58,-1
2024-10-31,WH-LAG1,PRD-0148,59,59,0
2024-10-31,WH-LAG2,PRD-0148,44,44,0
2024-10-31,WH-IBD,PRD-0148,11,11,0
2024-10-31,WH-ABJ,PRD-0148,28,28,0
2024-10-31,WH-PHC,PRD-0148,44,44,0
2024-10-31,WH-LAG1,PRD-0149,47,47,0
2024-10-31,WH-LAG2,PRD-0149,11,10,-1
2024-10-31,WH-IBD,PRD-0149,28,28,0
2024-10-31,WH-ABJ,PRD-0149,23,23,0
2024-10-31,WH-PHC,PRD-0149,1,0,-1
2024-10-31,WH-LAG1,PRD-0150,92,92,0
2024-10-31,WH-LAG2,PRD-0150,81,81,0
2024-10-31,WH-IBD,PRD-0150,78,78,0
2024-10-31,WH-ABJ,PRD-0150,109,105,-4
2024-10-31,WH-PHC,PRD-0150,64,64,0
2024-10-31,WH-LAG1,PRD-0151,628,628,0
2024-10-31,WH-LAG2,PRD-0151,655,655,0
2024-10-31,WH-IBD,PRD-0151,196,197,1
2024-10-31,WH-ABJ,PRD-0151,495,495,0
2024-10-31,WH-PHC,PRD-0151,630,630,0
2024-10-31,WH-LAG1,PRD-0152,24,24,0
2024-10-31,WH-LAG2,PRD-0152,55,56,1
2024-10-31,WH-IBD,PRD-0152,40,39,-1
2024-10-31,WH-ABJ,PRD-0152,68,68,0
2024-10-31,WH-PHC,PRD-0152,55,56,1
2024-10-31,WH-LAG1,PRD-0153,114,114,0
2024-10-31,WH-LAG2,PRD-0153,70,70,0
2024-10-31,WH-IBD,PRD-0153,44,44,0
2024-10-31,WH-ABJ,PRD-0153,150,150,0
2024-10-31,WH-PHC,PRD-0153,95,95,0
2024-10-31,WH-LAG1,PRD-0154,45,45,0
2024-10-31,WH-LAG2,PRD-0154,29,28,-1
2024-10-31,WH-IBD,PRD-0154,49,49,0
2024-10-31,WH-ABJ,PRD-0154,51,51,0
2024-10-31,WH-PHC,PRD-0154,69,69,0
2024-10-31,WH-LAG1,PRD-0155,118,118,0
2024-10-31,WH-LAG2,PRD-0155,18,17,-1
2024-10-31,WH-IBD,PRD-0155,62,62,0
2024-10-31,WH-ABJ,PRD-0155,58,57,-1
2024-10-31,WH-PHC,PRD-0155,44,44,0
2024-10-31,WH-LAG1,PRD-0156,156,156,0
2024-10-31,WH-LAG2,PRD-0156,98,98,0
2024-10-31,WH-IBD,PRD-0156,77,77,0
2024-10-31,WH-ABJ,PRD-0156,92,92,0
2024-10-31,WH-PHC,PRD-0156,53,53,0
2024-10-31,WH-LAG1,PRD-0157,77,77,0
2024-10-31,WH-LAG2,PRD-0157,67,67,0
2024-10-31,WH-IBD,PRD-0157,46,46,0
2024-10-31,WH-ABJ,PRD-0157,68,68,0
2024-10-31,WH-PHC,PRD-0157,84,84,0
2024-10-31,WH-LAG1,PRD-0158,33,32,-1
2024-10-31,WH-LAG2,PRD-0158,10,10,0
2024-10-31,WH-IBD,PRD-0158,32,32,0
2024-10-31,WH-ABJ,PRD-0158,46,45,-1
2024-10-31,WH-PHC,PRD-0158,36,36,0
2024-10-31,WH-LAG1,PRD-0159,40,41,1
2024-10-31,WH-LAG2,PRD-0159,60,60,0
2024-10-31,WH-IBD,PRD-0159,55,55,0
2024-10-31,WH-ABJ,PRD-0159,60,60,0
2024-10-31,WH-PHC,PRD-0159,10,10,0
2024-10-31,WH-LAG1,PRD-0160,268,268,0
2024-10-31,WH-LAG2,PRD-0160,35,35,0
2024-10-31,WH-IBD,PRD-0160,164,164,0
2024-10-31,WH-ABJ,PRD-0160,236,236,0
2024-10-31,WH-PHC,PRD-0160,108,108,0
2024-10-31,WH-LAG1,PRD-0161,968,968,0
2024-10-31,WH-LAG2,PRD-0161,87,87,0
2024-10-31,WH-IBD,PRD-0161,79,79,0
2024-10-31,WH-ABJ,PRD-0161,320,311,-9
2024-10-31,WH-PHC,PRD-0161,396,396,0
2024-10-31,WH-LAG1,PRD-0162,53,53,0
2024-10-31,WH-LAG2,PRD-0162,59,59,0
2024-10-31,WH-IBD,PRD-0162,30,30,0
2024-10-31,WH-ABJ,PRD-0162,38,38,0
2024-10-31,WH-PHC,PRD-0162,48,48,0
2024-10-31,WH-LAG1,PRD-0163,100,104,4
2024-10-31,WH-LAG2,PRD-0163,19,19,0
2024-10-31,WH-IBD,PRD-0163,58,58,0
2024-10-31,WH-ABJ,PRD-0163,67,67,0
2024-10-31,WH-PHC,PRD-0163,3,3,0
2024-10-31,WH-LAG1,PRD-0164,115,115,0
2024-10-31,WH-LAG2,PRD-0164,42,42,0
2024-10-31,WH-IBD,PRD-0164,49,49,0
2024-10-31,WH-ABJ,PRD-0164,30,30,0
2024-10-31,WH-PHC,PRD-0164,42,42,0
2024-10-31,WH-LAG1,PRD-0165,115,115,0
2024-10-31,WH-LAG2,PRD-0165,132,132,0
2024-10-31,WH-IBD,PRD-0165,95,95,0
2024-10-31,WH-ABJ,PRD-0165,105,105,0
2024-10-31,WH-PHC,PRD-0165,147,143,-4
2024-10-31,WH-LAG1,PRD-0166,226,226,0
2024-10-31,WH-LAG2,PRD-0166,188,188,0
2024-10-31,WH-IBD,PRD-0166,139,137,-2
2024-10-31,WH-ABJ,PRD-0166,184,184,0
2024-10-31,WH-PHC,PRD-0166,57,57,0
2024-10-31,WH-LAG1,PRD-0167,120,120,0
2024-10-31,WH-LAG2,PRD-0167,84,84,0
2024-10-31,WH-IBD,PRD-0167,75,75,0
2024-10-31,WH-ABJ,PRD-0167,74,74,0
2024-10-31,WH-PHC,PRD-0167,32,32,0
2024-10-31,WH-LAG1,PRD-0168,67,67,0
2024-10-31,WH-LAG2,PRD-0168,13,13,0
2024-10-31,WH-IBD,PRD-0168,28,28,0
2024-10-31,WH-ABJ,PRD-0168,29,30,1
2024-10-31,WH-PHC,PRD-0168,35,35,0
2024-10-31,WH-LAG1,PRD-0169,83,83,0
2024-10-31,WH-LAG2,PRD-0169,79,79,0
2024-10-31,WH-IBD,PRD-0169,113,113,0
2024-10-31,WH-ABJ,PRD-0169,61,59,-2
2024-10-31,WH-PHC,PRD-0169,80,80,0
2024-10-31,WH-LAG1,PRD-0170,34,34,0
2024-10-31,WH-LAG2,PRD-0170,22,22,0
2024-10-31,WH-IBD,PRD-0170,48,48,0
2024-10-31,WH-ABJ,PRD-0170,29,29,0
2024-10-31,WH-PHC,PRD-0170,73,73,0
2024-11-30,WH-LAG1,PRD-0001,45,45,0
2024-11-30,WH-LAG2,PRD-0001,42,42,0
2024-11-30,WH-IBD,PRD-0001,9,9,0
2024-11-30,WH-ABJ,PRD-0001,60,60,0
2024-11-30,WH-PHC,PRD-0001,34,34,0
2024-11-30,WH-LAG1,PRD-0002,15,15,0
2024-11-30,WH-LAG2,PRD-0002,24,24,0
2024-11-30,WH-IBD,PRD-0002,25,25,0
2024-11-30,WH-ABJ,PRD-0002,0,1,1
2024-11-30,WH-PHC,PRD-0002,33,32,-1
2024-11-30,WH-LAG1,PRD-0003,31,31,0
2024-11-30,WH-LAG2,PRD-0003,5,5,0
2024-11-30,WH-IBD,PRD-0003,5,5,0
2024-11-30,WH-ABJ,PRD-0003,10,10,0
2024-11-30,WH-PHC,PRD-0003,17,17,0
2024-11-30,WH-LAG1,PRD-0004,182,182,0
2024-11-30,WH-LAG2,PRD-0004,185,185,0
2024-11-30,WH-IBD,PRD-0004,166,166,0
2024-11-30,WH-ABJ,PRD-0004,84,84,0
2024-11-30,WH-PHC,PRD-0004,69,69,0
2024-11-30,WH-LAG1,PRD-0005,86,86,0
2024-11-30,WH-LAG2,PRD-0005,58,59,1
2024-11-30,WH-IBD,PRD-0005,38,38,0
2024-11-30,WH-ABJ,PRD-0005,25,24,-1
2024-11-30,WH-PHC,PRD-0005,40,40,0
2024-11-30,WH-LAG1,PRD-0006,24,24,0
2024-11-30,WH-LAG2,PRD-0006,22,22,0
2024-11-30,WH-IBD,PRD-0006,31,31,0
2024-11-30,WH-ABJ,PRD-0006,30,30,0
2024-11-30,WH-PHC,PRD-0006,29,29,0
2024-11-30,WH-LAG1,PRD-0007,138,138,0
2024-11-30,WH-LAG2,PRD-0007,80,80,0
2024-11-30,WH-IBD,PRD-0007,69,69,0
2024-11-30,WH-ABJ,PRD-0007,107,107,0
2024-11-30,WH-PHC,PRD-0007,108,108,0
2024-11-30,WH-LAG1,PRD-0008,95,95,0
2024-11-30,WH-LAG2,PRD-0008,45,45,0
2024-11-30,WH-IBD,PRD-0008,20,19,-1
2024-11-30,WH-ABJ,PRD-0008,27,27,0
2024-11-30,WH-PHC,PRD-0008,37,38,1
2024-11-30,WH-LAG1,PRD-0009,33,33,0
2024-11-30,WH-LAG2,PRD-0009,20,21,1
2024-11-30,WH-IBD,PRD-0009,18,18,0
2024-11-30,WH-ABJ,PRD-0009,39,39,0
2024-11-30,WH-PHC,PRD-0009,24,23,-1
2024-11-30,WH-LAG1,PRD-0010,18,18,0
2024-11-30,WH-LAG2,PRD-0010,9,9,0
2024-11-30,WH-IBD,PRD-0010,20,20,0
2024-11-30,WH-ABJ,PRD-0010,26,26,0
2024-11-30,WH-PHC,PRD-0010,23,23,0
2024-11-30,WH-LAG1,PRD-0011,218,218,0
2024-11-30,WH-LAG2,PRD-0011,100,100,0
2024-11-30,WH-IBD,PRD-0011,64,64,0
2024-11-30,WH-ABJ,PRD-0011,127,127,0
2024-11-30,WH-PHC,PRD-0011,54,55,1
2024-11-30,WH-LAG1,PRD-0012,55,55,0
2024-11-30,WH-LAG2,PRD-0012,18,18,0
2024-11-30,WH-IBD,PRD-0012,34,34,0
2024-11-30,WH-ABJ,PRD-0012,40,40,0
2024-11-30,WH-PHC,PRD-0012,0,0,0
2024-11-30,WH-LAG1,PRD-0013,0,0,0
2024-11-30,WH-LAG2,PRD-0013,7,7,0
2024-11-30,WH-IBD,PRD-0013,16,16,0
2024-11-30,WH-ABJ,PRD-0013,13,13,0
2024-11-30,WH-PHC,PRD-0013,0,0,0
2024-11-30,WH-LAG1,PRD-0014,19,19,0
2024-11-30,WH-LAG2,PRD-0014,10,11,1
2024-11-30,WH-IBD,PRD-0014,17,17,0
2024-11-30,WH-ABJ,PRD-0014,5,4,-1
2024-11-30,WH-PHC,PRD-0014,10,10,0
2024-11-30,WH-LAG1,PRD-0015,18,18,0
2024-11-30,WH-LAG2,PRD-0015,23,22,-1
2024-11-30,WH-IBD,PRD-0015,36,36,0
2024-11-30,WH-ABJ,PRD-0015,70,70,0
2024-11-30,WH-PHC,PRD-0015,68,68,0
2024-11-30,WH-LAG1,PRD-0016,263,263,0
2024-11-30,WH-LAG2,PRD-0016,107,107,0
2024-11-30,WH-IBD,PRD-0016,112,112,0
2024-11-30,WH-ABJ,PRD-0016,135,135,0
2024-11-30,WH-PHC,PRD-0016,135,135,0
2024-11-30,WH-LAG1,PRD-0017,38,38,0
2024-11-30,WH-LAG2,PRD-0017,28,28,0
2024-11-30,WH-IBD,PRD-0017,22,22,0
2024-11-30,WH-ABJ,PRD-0017,0,0,0
2024-11-30,WH-PHC,PRD-0017,44,44,0
2024-11-30,WH-LAG1,PRD-0018,158,158,0
2024-11-30,WH-LAG2,PRD-0018,28,28,0
2024-11-30,WH-IBD,PRD-0018,115,115,0
2024-11-30,WH-ABJ,PRD-0018,75,75,0
2024-11-30,WH-PHC,PRD-0018,63,63,0
2024-11-30,WH-LAG1,PRD-0019,44,44,0
2024-11-30,WH-LAG2,PRD-0019,86,86,0
2024-11-30,WH-IBD,PRD-0019,21,21,0
2024-11-30,WH-ABJ,PRD-0019,57,57,0
2024-11-30,WH-PHC,PRD-0019,77,77,0
2024-11-30,WH-LAG1,PRD-0020,93,93,0
2024-11-30,WH-LAG2,PRD-0020,59,59,0
2024-11-30,WH-IBD,PRD-0020,50,50,0
2024-11-30,WH-ABJ,PRD-0020,47,47,0
2024-11-30,WH-PHC,PRD-0020,79,82,3
2024-11-30,WH-LAG1,PRD-0021,79,79,0
2024-11-30,WH-LAG2,PRD-0021,25,25,0
2024-11-30,WH-IBD,PRD-0021,64,64,0
2024-11-30,WH-ABJ,PRD-0021,77,77,0
2024-11-30,WH-PHC,PRD-0021,54,54,0
2024-11-30,WH-LAG1,PRD-0022,26,26,0
2024-11-30,WH-LAG2,PRD-0022,26,25,-1
2024-11-30,WH-IBD,PRD-0022,7,7,0
2024-11-30,WH-ABJ,PRD-0022,28,28,0
2024-11-30,WH-PHC,PRD-0022,7,7,0
2024-11-30,WH-LAG1,PRD-0023,114,114,0
2024-11-30,WH-LAG2,PRD-0023,6,5,-1
2024-11-30,WH-IBD,PRD-0023,41,41,0
2024-11-30,WH-ABJ,PRD-0023,33,33,0
2024-11-30,WH-PHC,PRD-0023,46,46,0
2024-11-30,WH-LAG1,PRD-0024,28,28,0
2024-11-30,WH-LAG2,PRD-0024,15,15,0
2024-11-30,WH-IBD,PRD-0024,17,17,0
2024-11-30,WH-ABJ,PRD-0024,22,22,0
2024-11-30,WH-PHC,PRD-0024,9,9,0
2024-11-30,WH-LAG1,PRD-0025,19,19,0
2024-11-30,WH-LAG2,PRD-0025,37,37,0
2024-11-30,WH-IBD,PRD-0025,37,37,0
2024-11-30,WH-ABJ,PRD-0025,80,80,0
2024-11-30,WH-PHC,PRD-0025,14,14,0
2024-11-30,WH-LAG1,PRD-0026,51,51,0
2024-11-30,WH-LAG2,PRD-0026,53,53,0
2024-11-30,WH-IBD,PRD-0026,43,43,0
2024-11-30,WH-ABJ,PRD-0026,74,74,0
2024-11-30,WH-PHC,PRD-0026,20,20,0
2024-11-30,WH-LAG1,PRD-0027,21,22,1
2024-11-30,WH-LAG2,PRD-0027,0,0,0
2024-11-30,WH-IBD,PRD-0027,20,20,0
2024-11-30,WH-ABJ,PRD-0027,0,0,0
2024-11-30,WH-PHC,PRD-0027,26,25,-1
2024-11-30,WH-LAG1,PRD-0028,19,19,0
2024-11-30,WH-LAG2,PRD-0028,14,14,0
2024-11-30,WH-IBD,PRD-0028,9,9,0
2024-11-30,WH-ABJ,PRD-0028,63,63,0
2024-11-30,WH-PHC,PRD-0028,44,44,0
2024-11-30,WH-LAG1,PRD-0029,10,10,0
2024-11-30,WH-LAG2,PRD-0029,26,26,0
2024-11-30,WH-IBD,PRD-0029,12,12,0
2024-11-30,WH-ABJ,PRD-0029,34,34,0
2024-11-30,WH-PHC,PRD-0029,13,13,0
2024-11-30,WH-LAG1,PRD-0030,33,33,0
2024-11-30,WH-LAG2,PRD-0030,10,10,0
2024-11-30,WH-IBD,PRD-0030,10,11,1
2024-11-30,WH-ABJ,PRD-0030,19,19,0
2024-11-30,WH-PHC,PRD-0030,7,7,0
2024-11-30,WH-LAG1,PRD-0031,131,131,0
2024-11-30,WH-LAG2,PRD-0031,26,26,0
2024-11-30,WH-IBD,PRD-0031,79,79,0
2024-11-30,WH-ABJ,PRD-0031,103,103,0
2024-11-30,WH-PHC,PRD-0031,39,40,1
2024-11-30,WH-LAG1,PRD-0032,8,8,0
2024-11-30,WH-LAG2,PRD-0032,28,28,0
2024-11-30,WH-IBD,PRD-0032,10,10,0
2024-11-30,WH-ABJ,PRD-0032,10,10,0
2024-11-30,WH-PHC,PRD-0032,9,9,0
2024-11-30,WH-LAG1,PRD-0033,44,44,0
2024-11-30,WH-LAG2,PRD-0033,64,64,0
2024-11-30,WH-IBD,PRD-0033,0,0,0
2024-11-30,WH-ABJ,PRD-0033,85,85,0
2024-11-30,WH-PHC,PRD-0033,45,45,0
2024-11-30,WH-LAG1,PRD-0034,44,44,0
2024-11-30,WH-LAG2,PRD-0034,18,18,0
2024-11-30,WH-IBD,PRD-0034,13,13,0
2024-11-30,WH-ABJ,PRD-0034,16,16,0
2024-11-30,WH-PHC,PRD-0034,16,16,0
2024-11-30,WH-LAG1,PRD-0035,102,102,0
2024-11-30,WH-LAG2,PRD-0035,41,41,0
2024-11-30,WH-IBD,PRD-0035,51,51,0
2024-11-30,WH-ABJ,PRD-0035,80,80,0
2024-11-30,WH-PHC,PRD-0035,35,35,0
2024-11-30,WH-LAG1,PRD-0036,50,49,-1
2024-11-30,WH-LAG2,PRD-0036,49,49,0
2024-11-30,WH-IBD,PRD-0036,47,46,-1
2024-11-30,WH-ABJ,PRD-0036,21,21,0
2024-11-30,WH-PHC,PRD-0036,50,51,1
2024-11-30,WH-LAG1,PRD-0037,143,143,0
2024-11-30,WH-LAG2,PRD-0037,110,110,0
2024-11-30,WH-IBD,PRD-0037,54,54,0
2024-11-30,WH-ABJ,PRD-0037,90,92,2
2024-11-30,WH-PHC,PRD-0037,103,103,0
2024-11-30,WH-LAG1,PRD-0038,13,13,0
2024-11-30,WH-LAG2,PRD-0038,20,20,0
2024-11-30,WH-IBD,PRD-0038,29,29,0
2024-11-30,WH-ABJ,PRD-0038,10,10,0
2024-11-30,WH-PHC,PRD-0038,10,10,0
2024-11-30,WH-LAG1,PRD-0039,352,352,0
2024-11-30,WH-LAG2,PRD-0039,95,95,0
2024-11-30,WH-IBD,PRD-0039,128,128,0
2024-11-30,WH-ABJ,PRD-0039,82,82,0
2024-11-30,WH-PHC,PRD-0039,97,97,0
2024-11-30,WH-LAG1,PRD-0040,117,121,4
2024-11-30,WH-LAG2,PRD-0040,35,35,0
2024-11-30,WH-IBD,PRD-0040,47,47,0
2024-11-30,WH-ABJ,PRD-0040,23,23,0
2024-11-30,WH-PHC,PRD-0040,40,40,0
2024-11-30,WH-LAG1,PRD-0041,47,47,0
2024-11-30,WH-LAG2,PRD-0041,9,9,0
2024-11-30,WH-IBD,PRD-0041,46,46,0
2024-11-30,WH-ABJ,PRD-0041,101,101,0
2024-11-30,WH-PHC,PRD-0041,42,42,0
2024-11-30,WH-LAG1,PRD-0042,28,28,0
2024-11-30,WH-LAG2,PRD-0042,10,10,0
2024-11-30,WH-IBD,PRD-0042,10,10,0
2024-11-30,WH-ABJ,PRD-0042,23,23,0
2024-11-30,WH-PHC,PRD-0042,21,21,0
2024-11-30,WH-LAG1,PRD-0043,74,71,-3
2024-11-30,WH-LAG2,PRD-0043,51,51,0
2024-11-30,WH-IBD,PRD-0043,10,10,0
2024-11-30,WH-ABJ,PRD-0043,20,20,0
2024-11-30,WH-PHC,PRD-0043,73,73,0
2024-11-30,WH-LAG1,PRD-0044,12,12,0
2024-11-30,WH-LAG2,PRD-0044,10,10,0
2024-11-30,WH-IBD,PRD-0044,9,9,0
2024-11-30,WH-ABJ,PRD-0044,5,4,-1
2024-11-30,WH-PHC,PRD-0044,8,8,0
2024-11-30,WH-LAG1,PRD-0045,47,47,0
2024-11-30,WH-LAG2,PRD-0045,53,53,0
2024-11-30,WH-IBD,PRD-0045,64,64,0
2024-11-30,WH-ABJ,PRD-0045,46,46,0
2024-11-30,WH-PHC,PRD-0045,37,37,0
2024-11-30,WH-LAG1,PRD-0046,64,64,0
2024-11-30,WH-LAG2,PRD-0046,43,43,0
2024-11-30,WH-IBD,PRD-0046,17,17,0
2024-11-30,WH-ABJ,PRD-0046,47,47,0
2024-11-30,WH-PHC,PRD-0046,41,41,0
2024-11-30,WH-LAG1,PRD-0047,142,142,0
2024-11-30,WH-LAG2,PRD-0047,42,42,0
2024-11-30,WH-IBD,PRD-0047,75,75,0
2024-11-30,WH-ABJ,PRD-0047,64,64,0
2024-11-30,WH-PHC,PRD-0047,74,74,0
2024-11-30,WH-LAG1,PRD-0048,16,16,0
2024-11-30,WH-LAG2,PRD-0048,46,46,0
2024-11-30,WH-IBD,PRD-0048,50,52,2
2024-11-30,WH-ABJ,PRD-0048,46,48,2
2024-11-30,WH-PHC,PRD-0048,51,51,0
2024-11-30,WH-LAG1,PRD-0049,121,117,-4
2024-11-30,WH-LAG2,PRD-0049,36,36,0
2024-11-30,WH-IBD,PRD-0049,44,44,0
2024-11-30,WH-ABJ,PRD-0049,35,35,0
2024-11-30,WH-PHC,PRD-0049,36,36,0
2024-11-30,WH-LAG1,PRD-0050,53,53,0
2024-11-30,WH-LAG2,PRD-0050,30,30,0
2024-11-30,WH-IBD,PRD-0050,12,12,0
2024-11-30,WH-ABJ,PRD-0050,38,38,0
2024-11-30,WH-PHC,PRD-0050,50,50,0
2024-11-30,WH-LAG1,PRD-0051,36,36,0
2024-11-30,WH-LAG2,PRD-0051,140,140,0
2024-11-30,WH-IBD,PRD-0051,17,17,0
2024-11-30,WH-ABJ,PRD-0051,80,80,0
2024-11-30,WH-PHC,PRD-0051,48,48,0
2024-11-30,WH-LAG1,PRD-0052,35,36,1
2024-11-30,WH-LAG2,PRD-0052,16,16,0
2024-11-30,WH-IBD,PRD-0052,12,12,0
2024-11-30,WH-ABJ,PRD-0052,22,22,0
2024-11-30,WH-PHC,PRD-0052,18,19,1
2024-11-30,WH-LAG1,PRD-0053,47,47,0
2024-11-30,WH-LAG2,PRD-0053,20,20,0
2024-11-30,WH-IBD,PRD-0053,10,10,0
2024-11-30,WH-ABJ,PRD-0053,19,19,0
2024-11-30,WH-PHC,PRD-0053,8,8,0
2024-11-30,WH-LAG1,PRD-0054,47,47,0
2024-11-30,WH-LAG2,PRD-0054,5,5,0
2024-11-30,WH-IBD,PRD-0054,47,47,0
2024-11-30,WH-ABJ,PRD-0054,10,9,-1
2024-11-30,WH-PHC,PRD-0054,49,49,0
2024-11-30,WH-LAG1,PRD-0055,42,42,0
2024-11-30,WH-LAG2,PRD-0055,44,44,0
2024-11-30,WH-IBD,PRD-0055,11,11,0
2024-11-30,WH-ABJ,PRD-0055,0,1,1
2024-11-30,WH-PHC,PRD-0055,61,61,0
2024-11-30,WH-LAG1,PRD-0056,85,85,0
2024-11-30,WH-LAG2,PRD-0056,41,41,0
2024-11-30,WH-IBD,PRD-0056,47,47,0
2024-11-30,WH-ABJ,PRD-0056,40,40,0
2024-11-30,WH-PHC,PRD-0056,45,45,0
2024-11-30,WH-LAG1,PRD-0057,0,0,0
2024-11-30,WH-LAG2,PRD-0057,147,150,3
2024-11-30,WH-IBD,PRD-0057,0,0,0
2024-11-30,WH-ABJ,PRD-0057,78,78,0
2024-11-30,WH-PHC,PRD-0057,249,249,0
2024-11-30,WH-LAG1,PRD-0058,58,59,1
2024-11-30,WH-LAG2,PRD-0058,44,44,0
2024-11-30,WH-IBD,PRD-0058,67,67,0
2024-11-30,WH-ABJ,PRD-0058,96,98,2
2024-11-30,WH-PHC,PRD-0058,48,48,0
2024-11-30,WH-LAG1,PRD-0059,43,43,0
2024-11-30,WH-LAG2,PRD-0059,52,52,0
2024-11-30,WH-IBD,PRD-0059,60,60,0
2024-11-30,WH-ABJ,PRD-0059,64,64,0
2024-11-30,WH-PHC,PRD-0059,54,54,0
2024-11-30,WH-LAG1,PRD-0060,152,152,0
2024-11-30,WH-LAG2,PRD-0060,72,72,0
2024-11-30,WH-IBD,PRD-0060,41,41,0
2024-11-30,WH-ABJ,PRD-0060,119,119,0
2024-11-30,WH-PHC,PRD-0060,178,178,0
2024-11-30,WH-LAG1,PRD-0061,110,110,0
2024-11-30,WH-LAG2,PRD-0061,22,22,0
2024-11-30,WH-IBD,PRD-0061,97,97,0
2024-11-30,WH-ABJ,PRD-0061,107,107,0
2024-11-30,WH-PHC,PRD-0061,178,178,0
2024-11-30,WH-LAG1,PRD-0062,207,207,0
2024-11-30,WH-LAG2,PRD-0062,103,103,0
2024-11-30,WH-IBD,PRD-0062,109,109,0
2024-11-30,WH-ABJ,PRD-0062,92,92,0
2024-11-30,WH-PHC,PRD-0062,128,128,0
2024-11-30,WH-LAG1,PRD-0063,128,128,0
2024-11-30,WH-LAG2,PRD-0063,65,65,0
2024-11-30,WH-IBD,PRD-0063,42,43,1
2024-11-30,WH-ABJ,PRD-0063,37,37,0
2024-11-30,WH-PHC,PRD-0063,66,66,0
2024-11-30,WH-LAG1,PRD-0064,84,83,-1
2024-11-30,WH-LAG2,PRD-0064,13,13,0
2024-11-30,WH-IBD,PRD-0064,33,33,0
2024-11-30,WH-ABJ,PRD-0064,104,104,0
2024-11-30,WH-PHC,PRD-0064,71,71,0
2024-11-30,WH-LAG1,PRD-0065,122,122,0
2024-11-30,WH-LAG2,PRD-0065,123,123,0
2024-11-30,WH-IBD,PRD-0065,72,72,0
2024-11-30,WH-ABJ,PRD-0065,80,80,0
2024-11-30,WH-PHC,PRD-0065,49,49,0
2024-11-30,WH-LAG1,PRD-0066,14,14,0
2024-11-30,WH-LAG2,PRD-0066,8,8,0
2024-11-30,WH-IBD,PRD-0066,10,10,0
2024-11-30,WH-ABJ,PRD-0066,0,0,0
2024-11-30,WH-PHC,PRD-0066,2,2,0
2024-11-30,WH-LAG1,PRD-0067,144,144,0
2024-11-30,WH-LAG2,PRD-0067,107,107,0
2024-11-30,WH-IBD,PRD-0067,55,55,0
2024-11-30,WH-ABJ,PRD-0067,42,43,1
2024-11-30,WH-PHC,PRD-0067,99,99,0
2024-11-30,WH-LAG1,PRD-0068,175,175,0
2024-11-30,WH-LAG2,PRD-0068,188,188,0
2024-11-30,WH-IBD,PRD-0068,101,101,0
2024-11-30,WH-ABJ,PRD-0068,153,153,0
2024-11-30,WH-PHC,PRD-0068,76,76,0
2024-11-30,WH-LAG1,PRD-0069,32,32,0
2024-11-30,WH-LAG2,PRD-0069,21,22,1
2024-11-30,WH-IBD,PRD-0069,8,8,0
2024-11-30,WH-ABJ,PRD-0069,5,5,0
2024-11-30,WH-PHC,PRD-0069,10,10,0
2024-11-30,WH-LAG1,PRD-0070,59,59,0
2024-11-30,WH-LAG2,PRD-0070,54,54,0
2024-11-30,WH-IBD,PRD-0070,32,33,1
2024-11-30,WH-ABJ,PRD-0070,1,1,0
2024-11-30,WH-PHC,PRD-0070,28,27,-1
2024-11-30,WH-LAG1,PRD-0071,3,3,0
2024-11-30,WH-LAG2,PRD-0071,18,18,0
2024-11-30,WH-IBD,PRD-0071,21,22,1
2024-11-30,WH-ABJ,PRD-0071,20,20,0
2024-11-30,WH-PHC,PRD-0071,16,15,-1
2024-11-30,WH-LAG1,PRD-0072,79,79,0
2024-11-30,WH-LAG2,PRD-0072,64,64,0
2024-11-30,WH-IBD,PRD-0072,31,31,0
2024-11-30,WH-ABJ,PRD-0072,0,1,1
2024-11-30,WH-PHC,PRD-0072,26,27,1
2024-11-30,WH-LAG1,PRD-0073,23,23,0
2024-11-30,WH-LAG2,PRD-0073,19,19,0
2024-11-30,WH-IBD,PRD-0073,22,22,0
2024-11-30,WH-ABJ,PRD-0073,16,16,0
2024-11-30,WH-PHC,PRD-0073,22,22,0
2024-11-30,WH-LAG1,PRD-0074,40,40,0
2024-11-30,WH-LAG2,PRD-0074,0,0,0
2024-11-30,WH-IBD,PRD-0074,41,41,0
2024-11-30,WH-ABJ,PRD-0074,73,73,0
2024-11-30,WH-PHC,PRD-0074,0,0,0
2024-11-30,WH-LAG1,PRD-0075,46,48,2
2024-11-30,WH-LAG2,PRD-0075,34,34,0
2024-11-30,WH-IBD,PRD-0075,21,21,0
2024-11-30,WH-ABJ,PRD-0075,19,19,0
2024-11-30,WH-PHC,PRD-0075,25,25,0
2024-11-30,WH-LAG1,PRD-0076,177,182,5
2024-11-30,WH-LAG2,PRD-0076,45,45,0
2024-11-30,WH-IBD,PRD-0076,37,38,1
2024-11-30,WH-ABJ,PRD-0076,24,25,1
2024-11-30,WH-PHC,PRD-0076,108,109,1
2024-11-30,WH-LAG1,PRD-0077,608,608,0
2024-11-30,WH-LAG2,PRD-0077,210,210,0
2024-11-30,WH-IBD,PRD-0077,175,175,0
2024-11-30,WH-ABJ,PRD-0077,150,150,0
2024-11-30,WH-PHC,PRD-0077,181,181,0
2024-11-30,WH-LAG1,PRD-0078,90,93,3
2024-11-30,WH-LAG2,PRD-0078,53,54,1
2024-11-30,WH-IBD,PRD-0078,35,35,0
2024-11-30,WH-ABJ,PRD-0078,75,72,-3
2024-11-30,WH-PHC,PRD-0078,20,21,1
2024-11-30,WH-LAG1,PRD-0079,100,100,0
2024-11-30,WH-LAG2,PRD-0079,57,57,0
2024-11-30,WH-IBD,PRD-0079,49,49,0
2024-11-30,WH-ABJ,PRD-0079,37,37,0
2024-11-30,WH-PHC,PRD-0079,71,71,0
2024-11-30,WH-LAG1,PRD-0080,78,78,0
2024-11-30,WH-LAG2,PRD-0080,129,129,0
2024-11-30,WH-IBD,PRD-0080,33,33,0
2024-11-30,WH-ABJ,PRD-0080,26,26,0
2024-11-30,WH-PHC,PRD-0080,37,37,0
2024-11-30,WH-LAG1,PRD-0081,63,63,0
2024-11-30,WH-LAG2,PRD-0081,59,59,0
2024-11-30,WH-IBD,PRD-0081,52,50,-2
2024-11-30,WH-ABJ,PRD-0081,33,33,0
2024-11-30,WH-PHC,PRD-0081,73,73,0
2024-11-30,WH-LAG1,PRD-0082,138,138,0
2024-11-30,WH-LAG2,PRD-0082,61,61,0
2024-11-30,WH-IBD,PRD-0082,99,99,0
2024-11-30,WH-ABJ,PRD-0082,63,64,1
2024-11-30,WH-PHC,PRD-0082,89,89,0
2024-11-30,WH-LAG1,PRD-0083,386,403,17
2024-11-30,WH-LAG2,PRD-0083,54,54,0
2024-11-30,WH-IBD,PRD-0083,77,77,0
2024-11-30,WH-ABJ,PRD-0083,195,195,0
2024-11-30,WH-PHC,PRD-0083,71,73,2
2024-11-30,WH-LAG1,PRD-0084,115,115,0
2024-11-30,WH-LAG2,PRD-0084,112,112,0
2024-11-30,WH-IBD,PRD-0084,49,49,0
2024-11-30,WH-ABJ,PRD-0084,99,99,0
2024-11-30,WH-PHC,PRD-0084,28,28,0
2024-11-30,WH-LAG1,PRD-0085,49,49,0
2024-11-30,WH-LAG2,PRD-0085,13,13,0
2024-11-30,WH-IBD,PRD-0085,61,61,0
2024-11-30,WH-ABJ,PRD-0085,66,65,-1
2024-11-30,WH-PHC,PRD-0085,103,105,2
2024-11-30,WH-LAG1,PRD-0086,145,145,0
2024-11-30,WH-LAG2,PRD-0086,0,0,0
2024-11-30,WH-IBD,PRD-0086,33,33,0
2024-11-30,WH-ABJ,PRD-0086,152,152,0
2024-11-30,WH-PHC,PRD-0086,72,72,0
2024-11-30,WH-LAG1,PRD-0087,8,8,0
2024-11-30,WH-LAG2,PRD-0087,9,9,0
2024-11-30,WH-IBD,PRD-0087,23,23,0
2024-11-30,WH-ABJ,PRD-0087,5,5,0
2024-11-30,WH-PHC,PRD-0087,8,8,0
2024-11-30,WH-LAG1,PRD-0088,14,14,0
2024-11-30,WH-LAG2,PRD-0088,39,39,0
2024-11-30,WH-IBD,PRD-0088,53,53,0
2024-11-30,WH-ABJ,PRD-0088,31,31,0
2024-11-30,WH-PHC,PRD-0088,49,48,-1
2024-11-30,WH-LAG1,PRD-0089,48,48,0
2024-11-30,WH-LAG2,PRD-0089,47,48,1
2024-11-30,WH-IBD,PRD-0089,49,49,0
2024-11-30,WH-ABJ,PRD-0089,46,46,0
2024-11-30,WH-PHC,PRD-0089,27,27,0
2024-11-30,WH-LAG1,PRD-0090,1236,1236,0
2024-11-30,WH-LAG2,PRD-0090,152,152,0
2024-11-30,WH-IBD,PRD-0090,690,690,0
2024-11-30,WH-ABJ,PRD-0090,0,1,1
2024-11-30,WH-PHC,PRD-0090,1003,1003,0
2024-11-30,WH-LAG1,PRD-0091,55,56,1
2024-11-30,WH-LAG2,PRD-0091,31,31,0
2024-11-30,WH-IBD,PRD-0091,81,81,0
2024-11-30,WH-ABJ,PRD-0091,124,124,0
2024-11-30,WH-PHC,PRD-0091,0,0,0
2024-11-30,WH-LAG1,PRD-0092,29,29,0
2024-11-30,WH-LAG2,PRD-0092,26,26,0
2024-11-30,WH-IBD,PRD-0092,9,10,1
2024-11-30,WH-ABJ,PRD-0092,52,52,0
2024-11-30,WH-PHC,PRD-0092,41,41,0
2024-11-30,WH-LAG1,PRD-0093,202,202,0
2024-11-30,WH-LAG2,PRD-0093,93,93,0
2024-11-30,WH-IBD,PRD-0093,26,26,0
2024-11-30,WH-ABJ,PRD-0093,99,99,0
2024-11-30,WH-PHC,PRD-0093,75,75,0
2024-11-30,WH-LAG1,PRD-0094,28,28,0
2024-11-30,WH-LAG2,PRD-0094,10,10,0
2024-11-30,WH-IBD,PRD-0094,9,9,0
2024-11-30,WH-ABJ,PRD-0094,20,20,0
2024-11-30,WH-PHC,PRD-0094,9,9,0
2024-11-30,WH-LAG1,PRD-0095,19,18,-1
2024-11-30,WH-LAG2,PRD-0095,23,23,0
2024-11-30,WH-IBD,PRD-0095,24,24,0
2024-11-30,WH-ABJ,PRD-0095,23,23,0
2024-11-30,WH-PHC,PRD-0095,22,22,0
2024-11-30,WH-LAG1,PRD-0096,13,13,0
2024-11-30,WH-LAG2,PRD-0096,20,20,0
2024-11-30,WH-IBD,PRD-0096,21,21,0
2024-11-30,WH-ABJ,PRD-0096,4,4,0
2024-11-30,WH-PHC,PRD-0096,14,14,0
2024-11-30,WH-LAG1,PRD-0097,34,34,0
2024-11-30,WH-LAG2,PRD-0097,7,7,0
2024-11-30,WH-IBD,PRD-0097,12,13,1
2024-11-30,WH-ABJ,PRD-0097,13,13,0
2024-11-30,WH-PHC,PRD-0097,34,34,0
2024-11-30,WH-LAG1,PRD-0098,219,219,0
2024-11-30,WH-LAG2,PRD-0098,124,124,0
2024-11-30,WH-IBD,PRD-0098,37,37,0
2024-11-30,WH-ABJ,PRD-0098,94,94,0
2024-11-30,WH-PHC,PRD-0098,131,131,0
2024-11-30,WH-LAG1,PRD-0099,24,24,0
2024-11-30,WH-LAG2,PRD-0099,32,32,0
2024-11-30,WH-IBD,PRD-0099,2,2,0
2024-11-30,WH-ABJ,PRD-0099,40,39,-1
2024-11-30,WH-PHC,PRD-0099,33,33,0
2024-11-30,WH-LAG1,PRD-0100,450,450,0
2024-11-30,WH-LAG2,PRD-0100,338,338,0
2024-11-30,WH-IBD,PRD-0100,79,79,0
2024-11-30,WH-ABJ,PRD-0100,344,344,0
2024-11-30,WH-PHC,PRD-0100,53,53,0
2024-11-30,WH-LAG1,PRD-0101,29,29,0
2024-11-30,WH-LAG2,PRD-0101,26,26,0
2024-11-30,WH-IBD,PRD-0101,29,29,0
2024-11-30,WH-ABJ,PRD-0101,27,27,0
2024-11-30,WH-PHC,PRD-0101,21,21,0
2024-11-30,WH-LAG1,PRD-0102,32,32,0
2024-11-30,WH-LAG2,PRD-0102,22,21,-1
2024-11-30,WH-IBD,PRD-0102,22,22,0
2024-11-30,WH-ABJ,PRD-0102,64,63,-1
2024-11-30,WH-PHC,PRD-0102,73,73,0
2024-11-30,WH-LAG1,PRD-0103,81,81,0
2024-11-30,WH-LAG2,PRD-0103,74,73,-1
2024-11-30,WH-IBD,PRD-0103,81,79,-2
2024-11-30,WH-ABJ,PRD-0103,81,81,0
2024-11-30,WH-PHC,PRD-0103,80,80,0
2024-11-30,WH-LAG1,PRD-0104,22,22,0
2024-11-30,WH-LAG2,PRD-0104,34,34,0
2024-11-30,WH-IBD,PRD-0104,0,0,0
2024-11-30,WH-ABJ,PRD-0104,24,24,0
2024-11-30,WH-PHC,PRD-0104,34,34,0
2024-11-30,WH-LAG1,PRD-0105,32,32,0
2024-11-30,WH-LAG2,PRD-0105,29,29,0
2024-11-30,WH-IBD,PRD-0105,23,23,0
2024-11-30,WH-ABJ,PRD-0105,21,21,0
2024-11-30,WH-PHC,PRD-0105,43,43,0
2024-11-30,WH-LAG1,PRD-0106,14,14,0
2024-11-30,WH-LAG2,PRD-0106,10,10,0
2024-11-30,WH-IBD,PRD-0106,4,4,0
2024-11-30,WH-ABJ,PRD-0106,32,32,0
2024-11-30,WH-PHC,PRD-0106,0,0,0
2024-11-30,WH-LAG1,PRD-0107,0,0,0
2024-11-30,WH-LAG2,PRD-0107,7,7,0
2024-11-30,WH-IBD,PRD-0107,0,0,0
2024-11-30,WH-ABJ,PRD-0107,38,39,1
2024-11-30,WH-PHC,PRD-0107,25,26,1
2024-11-30,WH-LAG1,PRD-0108,126,126,0
2024-11-30,WH-LAG2,PRD-0108,137,137,0
2024-11-30,WH-IBD,PRD-0108,86,86,0
2024-11-30,WH-ABJ,PRD-0108,97,97,0
2024-11-30,WH-PHC,PRD-0108,95,97,2
2024-11-30,WH-LAG1,PRD-0109,114,114,0
2024-11-30,WH-LAG2,PRD-0109,80,80,0
2024-11-30,WH-IBD,PRD-0109,19,19,0
2024-11-30,WH-ABJ,PRD-0109,67,69,2
2024-11-30,WH-PHC,PRD-0109,16,16,0
2024-11-30,WH-LAG1,PRD-0110,42,42,0
2024-11-30,WH-LAG2,PRD-0110,19,19,0
2024-11-30,WH-IBD,PRD-0110,8,8,0
2024-11-30,WH-ABJ,PRD-0110,29,29,0
2024-11-30,WH-PHC,PRD-0110,9,9,0
2024-11-30,WH-LAG1,PRD-0111,165,173,8
2024-11-30,WH-LAG2,PRD-0111,59,59,0
2024-11-30,WH-IBD,PRD-0111,53,53,0
2024-11-30,WH-ABJ,PRD-0111,21,21,0
2024-11-30,WH-PHC,PRD-0111,116,116,0
2024-11-30,WH-LAG1,PRD-0112,14,14,0
2024-11-30,WH-LAG2,PRD-0112,23,23,0
2024-11-30,WH-IBD,PRD-0112,10,10,0
2024-11-30,WH-ABJ,PRD-0112,19,19,0
2024-11-30,WH-PHC,PRD-0112,3,3,0
2024-11-30,WH-LAG1,PRD-0113,27,27,0
2024-11-30,WH-LAG2,PRD-0113,72,74,2
2024-11-30,WH-IBD,PRD-0113,105,105,0
2024-11-30,WH-ABJ,PRD-0113,149,149,0
2024-11-30,WH-PHC,PRD-0113,93,93,0
2024-11-30,WH-LAG1,PRD-0114,9,9,0
2024-11-30,WH-LAG2,PRD-0114,10,11,1
2024-11-30,WH-IBD,PRD-0114,5,5,0
2024-11-30,WH-ABJ,PRD-0114,21,21,0
2024-11-30,WH-PHC,PRD-0114,6,6,0
2024-11-30,WH-LAG1,PRD-0115,74,74,0
2024-11-30,WH-LAG2,PRD-0115,75,75,0
2024-11-30,WH-IBD,PRD-0115,39,39,0
2024-11-30,WH-ABJ,PRD-0115,59,59,0
2024-11-30,WH-PHC,PRD-0115,26,26,0
2024-11-30,WH-LAG1,PRD-0116,51,50,-1
2024-11-30,WH-LAG2,PRD-0116,23,23,0
2024-11-30,WH-IBD,PRD-0116,10,10,0
2024-11-30,WH-ABJ,PRD-0116,23,23,0
2024-11-30,WH-PHC,PRD-0116,54,54,0
2024-11-30,WH-LAG1,PRD-0117,80,80,0
2024-11-30,WH-LAG2,PRD-0117,70,68,-2
2024-11-30,WH-IBD,PRD-0117,70,70,0
2024-11-30,WH-ABJ,PRD-0117,4,4,0
2024-11-30,WH-PHC,PRD-0117,76,76,0
2024-11-30,WH-LAG1,PRD-0118,119,119,0
2024-11-30,WH-LAG2,PRD-0118,177,177,0
2024-11-30,WH-IBD,PRD-0118,0,0,0
2024-11-30,WH-ABJ,PRD-0118,129,129,0
2024-11-30,WH-PHC,PRD-0118,79,79,0
2024-11-30,WH-LAG1,PRD-0119,25,25,0
2024-11-30,WH-LAG2,PRD-0119,10,10,0
2024-11-30,WH-IBD,PRD-0119,14,14,0
2024-11-30,WH-ABJ,PRD-0119,27,27,0
2024-11-30,WH-PHC,PRD-0119,10,9,-1
2024-11-30,WH-LAG1,PRD-0120,165,165,0
2024-11-30,WH-LAG2,PRD-0120,93,93,0
2024-11-30,WH-IBD,PRD-0120,148,148,0
2024-11-30,WH-ABJ,PRD-0120,5,5,0
2024-11-30,WH-PHC,PRD-0120,57,57,0
2024-11-30,WH-LAG1,PRD-0121,187,187,0
2024-11-30,WH-LAG2,PRD-0121,149,149,0
2024-11-30,WH-IBD,PRD-0121,11,11,0
2024-11-30,WH-ABJ,PRD-0121,78,78,0
2024-11-30,WH-PHC,PRD-0121,69,69,0
2024-11-30,WH-LAG1,PRD-0122,70,70,0
2024-11-30,WH-LAG2,PRD-0122,95,95,0
2024-11-30,WH-IBD,PRD-0122,76,76,0
2024-11-30,WH-ABJ,PRD-0122,132,132,0
2024-11-30,WH-PHC,PRD-0122,55,55,0
2024-11-30,WH-LAG1,PRD-0123,11,11,0
2024-11-30,WH-LAG2,PRD-0123,45,45,0
2024-11-30,WH-IBD,PRD-0123,85,87,2
2024-11-30,WH-ABJ,PRD-0123,115,115,0
2024-11-30,WH-PHC,PRD-0123,33,33,0
2024-11-30,WH-LAG1,PRD-0124,56,56,0
2024-11-30,WH-LAG2,PRD-0124,59,59,0
2024-11-30,WH-IBD,PRD-0124,4,4,0
2024-11-30,WH-ABJ,PRD-0124,30,30,0
2024-11-30,WH-PHC,PRD-0124,67,67,0
2024-11-30,WH-LAG1,PRD-0125,719,719,0
2024-11-30,WH-LAG2,PRD-0125,93,93,0
2024-11-30,WH-IBD,PRD-0125,314,325,11
2024-11-30,WH-ABJ,PRD-0125,117,117,0
2024-11-30,WH-PHC,PRD-0125,89,89,0
2024-11-30,WH-LAG1,PRD-0126,58,60,2
2024-11-30,WH-LAG2,PRD-0126,40,40,0
2024-11-30,WH-IBD,PRD-0126,50,50,0
2024-11-30,WH-ABJ,PRD-0126,49,49,0
2024-11-30,WH-PHC,PRD-0126,14,14,0
2024-11-30,WH-LAG1,PRD-0127,53,53,0
2024-11-30,WH-LAG2,PRD-0127,27,27,0
2024-11-30,WH-IBD,PRD-0127,27,27,0
2024-11-30,WH-ABJ,PRD-0127,6,6,0
2024-11-30,WH-PHC,PRD-0127,29,29,0
2024-11-30,WH-LAG1,PRD-0128,130,130,0
2024-11-30,WH-LAG2,PRD-0128,50,50,0
2024-11-30,WH-IBD,PRD-0128,37,37,0
2024-11-30,WH-ABJ,PRD-0128,26,26,0
2024-11-30,WH-PHC,PRD-0128,92,89,-3
2024-11-30,WH-LAG1,PRD-0129,1,1,0
2024-11-30,WH-LAG2,PRD-0129,18,18,0
2024-11-30,WH-IBD,PRD-0129,9,9,0
2024-11-30,WH-ABJ,PRD-0129,20,20,0
2024-11-30,WH-PHC,PRD-0129,4,4,0
2024-11-30,WH-LAG1,PRD-0130,53,53,0
2024-11-30,WH-LAG2,PRD-0130,44,44,0
2024-11-30,WH-IBD,PRD-0130,38,38,0
2024-11-30,WH-ABJ,PRD-0130,42,43,1
2024-11-30,WH-PHC,PRD-0130,17,17,0
2024-11-30,WH-LAG1,PRD-0131,87,88,1
2024-11-30,WH-LAG2,PRD-0131,79,79,0
2024-11-30,WH-IBD,PRD-0131,52,52,0
2024-11-30,WH-ABJ,PRD-0131,97,97,0
2024-11-30,WH-PHC,PRD-0131,60,60,0
2024-11-30,WH-LAG1,PRD-0132,71,71,0
2024-11-30,WH-LAG2,PRD-0132,28,28,0
2024-11-30,WH-IBD,PRD-0132,50,50,0
2024-11-30,WH-ABJ,PRD-0132,34,34,0
2024-11-30,WH-PHC,PRD-0132,50,50,0
2024-11-30,WH-LAG1,PRD-0133,51,51,0
2024-11-30,WH-LAG2,PRD-0133,37,38,1
2024-11-30,WH-IBD,PRD-0133,43,43,0
2024-11-30,WH-ABJ,PRD-0133,0,0,0
2024-11-30,WH-PHC,PRD-0133,8,8,0
2024-11-30,WH-LAG1,PRD-0134,37,37,0
2024-11-30,WH-LAG2,PRD-0134,0,0,0
2024-11-30,WH-IBD,PRD-0134,41,41,0
2024-11-30,WH-ABJ,PRD-0134,47,47,0
2024-11-30,WH-PHC,PRD-0134,21,21,0
2024-11-30,WH-LAG1,PRD-0135,248,248,0
2024-11-30,WH-LAG2,PRD-0135,81,81,0
2024-11-30,WH-IBD,PRD-0135,173,173,0
2024-11-30,WH-ABJ,PRD-0135,50,50,0
2024-11-30,WH-PHC,PRD-0135,41,41,0
2024-11-30,WH-LAG1,PRD-0136,56,56,0
2024-11-30,WH-LAG2,PRD-0136,55,55,0
2024-11-30,WH-IBD,PRD-0136,51,51,0
2024-11-30,WH-ABJ,PRD-0136,51,51,0
2024-11-30,WH-PHC,PRD-0136,63,63,0
2024-11-30,WH-LAG1,PRD-0137,89,89,0
2024-11-30,WH-LAG2,PRD-0137,65,65,0
2024-11-30,WH-IBD,PRD-0137,77,77,0
2024-11-30,WH-ABJ,PRD-0137,57,57,0
2024-11-30,WH-PHC,PRD-0137,76,76,0
2024-11-30,WH-LAG1,PRD-0138,114,114,0
2024-11-30,WH-LAG2,PRD-0138,39,39,0
2024-11-30,WH-IBD,PRD-0138,83,83,0
2024-11-30,WH-ABJ,PRD-0138,72,72,0
2024-11-30,WH-PHC,PRD-0138,105,105,0
2024-11-30,WH-LAG1,PRD-0139,91,91,0
2024-11-30,WH-LAG2,PRD-0139,42,42,0
2024-11-30,WH-IBD,PRD-0139,48,48,0
2024-11-30,WH-ABJ,PRD-0139,46,46,0
2024-11-30,WH-PHC,PRD-0139,70,70,0
2024-11-30,WH-LAG1,PRD-0140,47,47,0
2024-11-30,WH-LAG2,PRD-0140,47,46,-1
2024-11-30,WH-IBD,PRD-0140,5,5,0
2024-11-30,WH-ABJ,PRD-0140,10,10,0
2024-11-30,WH-PHC,PRD-0140,54,54,0
2024-11-30,WH-LAG1,PRD-0141,40,40,0
2024-11-30,WH-LAG2,PRD-0141,30,30,0
2024-11-30,WH-IBD,PRD-0141,65,65,0
2024-11-30,WH-ABJ,PRD-0141,68,68,0
2024-11-30,WH-PHC,PRD-0141,37,37,0
2024-11-30,WH-LAG1,PRD-0142,190,190,0
2024-11-30,WH-LAG2,PRD-0142,144,144,0
2024-11-30,WH-IBD,PRD-0142,111,111,0
2024-11-30,WH-ABJ,PRD-0142,227,227,0
2024-11-30,WH-PHC,PRD-0142,90,90,0
2024-11-30,WH-LAG1,PRD-0143,100,100,0
2024-11-30,WH-LAG2,PRD-0143,34,34,0
2024-11-30,WH-IBD,PRD-0143,47,47,0
2024-11-30,WH-ABJ,PRD-0143,39,39,0
2024-11-30,WH-PHC,PRD-0143,42,42,0
2024-11-30,WH-LAG1,PRD-0144,114,114,0
2024-11-30,WH-LAG2,PRD-0144,19,19,0
2024-11-30,WH-IBD,PRD-0144,56,56,0
2024-11-30,WH-ABJ,PRD-0144,88,88,0
2024-11-30,WH-PHC,PRD-0144,5,5,0
2024-11-30,WH-LAG1,PRD-0145,218,218,0
2024-11-30,WH-LAG2,PRD-0145,53,53,0
2024-11-30,WH-IBD,PRD-0145,61,61,0
2024-11-30,WH-ABJ,PRD-0145,76,76,0
2024-11-30,WH-PHC,PRD-0145,122,122,0
2024-11-30,WH-LAG1,PRD-0146,63,63,0
2024-11-30,WH-LAG2,PRD-0146,34,34,0
2024-11-30,WH-IBD,PRD-0146,12,12,0
2024-11-30,WH-ABJ,PRD-0146,25,25,0
2024-11-30,WH-PHC,PRD-0146,16,16,0
2024-11-30,WH-LAG1,PRD-0147,78,77,-1
2024-11-30,WH-LAG2,PRD-0147,34,34,0
2024-11-30,WH-IBD,PRD-0147,31,31,0
2024-11-30,WH-ABJ,PRD-0147,35,35,0
2024-11-30,WH-PHC,PRD-0147,59,59,0
2024-11-30,WH-LAG1,PRD-0148,14,14,0
2024-11-30,WH-LAG2,PRD-0148,44,44,0
2024-11-30,WH-IBD,PRD-0148,24,24,0
2024-11-30,WH-ABJ,PRD-0148,19,19,0
2024-11-30,WH-PHC,PRD-0148,44,44,0
2024-11-30,WH-LAG1,PRD-0149,41,41,0
2024-11-30,WH-LAG2,PRD-0149,19,19,0
2024-11-30,WH-IBD,PRD-0149,28,28,0
2024-11-30,WH-ABJ,PRD-0149,23,23,0
2024-11-30,WH-PHC,PRD-0149,20,20,0
2024-11-30,WH-LAG1,PRD-0150,63,63,0
2024-11-30,WH-LAG2,PRD-0150,76,76,0
2024-11-30,WH-IBD,PRD-0150,32,31,-1
2024-11-30,WH-ABJ,PRD-0150,43,43,0
2024-11-30,WH-PHC,PRD-0150,0,0,0
2024-11-30,WH-LAG1,PRD-0151,1337,1337,0
2024-11-30,WH-LAG2,PRD-0151,467,467,0
2024-11-30,WH-IBD,PRD-0151,475,475,0
2024-11-30,WH-ABJ,PRD-0151,180,180,0
2024-11-30,WH-PHC,PRD-0151,366,366,0
2024-11-30,WH-LAG1,PRD-0152,7,7,0
2024-11-30,WH-LAG2,PRD-0152,54,54,0
2024-11-30,WH-IBD,PRD-0152,38,38,0
2024-11-30,WH-ABJ,PRD-0152,57,57,0
2024-11-30,WH-PHC,PRD-0152,55,54,-1
2024-11-30,WH-LAG1,PRD-0153,236,245,9
2024-11-30,WH-LAG2,PRD-0153,37,37,0
2024-11-30,WH-IBD,PRD-0153,191,191,0
2024-11-30,WH-ABJ,PRD-0153,107,107,0
2024-11-30,WH-PHC,PRD-0153,31,31,0
2024-11-30,WH-LAG1,PRD-0154,37,37,0
2024-11-30,WH-LAG2,PRD-0154,7,7,0
2024-11-30,WH-IBD,PRD-0154,46,46,0
2024-11-30,WH-ABJ,PRD-0154,39,39,0
2024-11-30,WH-PHC,PRD-0154,46,46,0
2024-11-30,WH-LAG1,PRD-0155,105,105,0
2024-11-30,WH-LAG2,PRD-0155,57,57,0
2024-11-30,WH-IBD,PRD-0155,54,56,2
2024-11-30,WH-ABJ,PRD-0155,50,50,0
2024-11-30,WH-PHC,PRD-0155,38,38,0
2024-11-30,WH-LAG1,PRD-0156,285,285,0
2024-11-30,WH-LAG2,PRD-0156,66,66,0
2024-11-30,WH-IBD,PRD-0156,6,6,0
2024-11-30,WH-ABJ,PRD-0156,33,33,0
2024-11-30,WH-PHC,PRD-0156,141,141,0
2024-11-30,WH-LAG1,PRD-0157,38,38,0
2024-11-30,WH-LAG2,PRD-0157,67,67,0
2024-11-30,WH-IBD,PRD-0157,22,22,0
2024-11-30,WH-ABJ,PRD-0157,44,44,0
2024-11-30,WH-PHC,PRD-0157,29,29,0
2024-11-30,WH-LAG1,PRD-0158,33,33,0
2024-11-30,WH-LAG2,PRD-0158,34,34,0
2024-11-30,WH-IBD,PRD-0158,32,32,0
2024-11-30,WH-ABJ,PRD-0158,35,36,1
2024-11-30,WH-PHC,PRD-0158,25,25,0
2024-11-30,WH-LAG1,PRD-0159,40,40,0
2024-11-30,WH-LAG2,PRD-0159,55,55,0
2024-11-30,WH-IBD,PRD-0159,55,56,1
2024-11-30,WH-ABJ,PRD-0159,60,61,1
2024-11-30,WH-PHC,PRD-0159,10,10,0
2024-11-30,WH-LAG1,PRD-0160,145,145,0
2024-11-30,WH-LAG2,PRD-0160,327,327,0
2024-11-30,WH-IBD,PRD-0160,137,137,0
2024-11-30,WH-ABJ,PRD-0160,140,146,6
2024-11-30,WH-PHC,PRD-0160,287,287,0
2024-11-30,WH-LAG1,PRD-0161,749,749,0
2024-11-30,WH-LAG2,PRD-0161,313,313,0
2024-11-30,WH-IBD,PRD-0161,337,337,0
2024-11-30,WH-ABJ,PRD-0161,213,213,0
2024-11-30,WH-PHC,PRD-0161,277,277,0
2024-11-30,WH-LAG1,PRD-0162,86,86,0
2024-11-30,WH-LAG2,PRD-0162,53,53,0
2024-11-30,WH-IBD,PRD-0162,28,28,0
2024-11-30,WH-ABJ,PRD-0162,27,27,0
2024-11-30,WH-PHC,PRD-0162,43,43,0
2024-11-30,WH-LAG1,PRD-0163,60,59,-1
2024-11-30,WH-LAG2,PRD-0163,71,71,0
2024-11-30,WH-IBD,PRD-0163,58,58,0
2024-11-30,WH-ABJ,PRD-0163,41,41,0
2024-11-30,WH-PHC,PRD-0163,51,51,0
2024-11-30,WH-LAG1,PRD-0164,71,71,0
2024-11-30,WH-LAG2,PRD-0164,0,1,1
2024-11-30,WH-IBD,PRD-0164,0,0,0
2024-11-30,WH-ABJ,PRD-0164,28,28,0
2024-11-30,WH-PHC,PRD-0164,42,42,0
2024-11-30,WH-LAG1,PRD-0165,291,304,13
2024-11-30,WH-LAG2,PRD-0165,89,89,0
2024-11-30,WH-IBD,PRD-0165,64,64,0
2024-11-30,WH-ABJ,PRD-0165,35,36,1
2024-11-30,WH-PHC,PRD-0165,136,142,6
2024-11-30,WH-LAG1,PRD-0166,149,149,0
2024-11-30,WH-LAG2,PRD-0166,122,122,0
2024-11-30,WH-IBD,PRD-0166,59,59,0
2024-11-30,WH-ABJ,PRD-0166,120,117,-3
2024-11-30,WH-PHC,PRD-0166,158,158,0
2024-11-30,WH-LAG1,PRD-0167,80,80,0
2024-11-30,WH-LAG2,PRD-0167,75,75,0
2024-11-30,WH-IBD,PRD-0167,70,70,0
2024-11-30,WH-ABJ,PRD-0167,45,45,0
2024-11-30,WH-PHC,PRD-0167,32,33,1
2024-11-30,WH-LAG1,PRD-0168,41,41,0
2024-11-30,WH-LAG2,PRD-0168,40,40,0
2024-11-30,WH-IBD,PRD-0168,21,21,0
2024-11-30,WH-ABJ,PRD-0168,29,29,0
2024-11-30,WH-PHC,PRD-0168,35,35,0
2024-11-30,WH-LAG1,PRD-0169,82,82,0
2024-11-30,WH-LAG2,PRD-0169,79,78,-1
2024-11-30,WH-IBD,PRD-0169,73,73,0
2024-11-30,WH-ABJ,PRD-0169,61,62,1
2024-11-30,WH-PHC,PRD-0169,80,80,0
2024-11-30,WH-LAG1,PRD-0170,34,34,0
2024-11-30,WH-LAG2,PRD-0170,22,22,0
2024-11-30,WH-IBD,PRD-0170,32,32,0
2024-11-30,WH-ABJ,PRD-0170,97,97,0
2024-11-30,WH-PHC,PRD-0170,67,67,0
2024-12-31,WH-LAG1,PRD-0001,3,3,0
2024-12-31,WH-LAG2,PRD-0001,42,42,0
2024-12-31,WH-IBD,PRD-0001,48,48,0
2024-12-31,WH-ABJ,PRD-0001,35,35,0
2024-12-31,WH-PHC,PRD-0001,28,28,0
2024-12-31,WH-LAG1,PRD-0002,39,39,0
2024-12-31,WH-LAG2,PRD-0002,18,19,1
2024-12-31,WH-IBD,PRD-0002,13,13,0
2024-12-31,WH-ABJ,PRD-0002,0,0,0
2024-12-31,WH-PHC,PRD-0002,31,32,1
2024-12-31,WH-LAG1,PRD-0003,15,15,0
2024-12-31,WH-LAG2,PRD-0003,0,0,0
2024-12-31,WH-IBD,PRD-0003,5,5,0
2024-12-31,WH-ABJ,PRD-0003,0,0,0
2024-12-31,WH-PHC,PRD-0003,17,16,-1
2024-12-31,WH-LAG1,PRD-0004,336,336,0
2024-12-31,WH-LAG2,PRD-0004,127,127,0
2024-12-31,WH-IBD,PRD-0004,132,132,0
2024-12-31,WH-ABJ,PRD-0004,136,136,0
2024-12-31,WH-PHC,PRD-0004,139,143,4
2024-12-31,WH-LAG1,PRD-0005,64,64,0
2024-12-31,WH-LAG2,PRD-0005,30,30,0
2024-12-31,WH-IBD,PRD-0005,21,21,0
2024-12-31,WH-ABJ,PRD-0005,99,99,0
2024-12-31,WH-PHC,PRD-0005,24,24,0
2024-12-31,WH-LAG1,PRD-0006,2,2,0
2024-12-31,WH-LAG2,PRD-0006,16,16,0
2024-12-31,WH-IBD,PRD-0006,21,21,0
2024-12-31,WH-ABJ,PRD-0006,39,39,0
2024-12-31,WH-PHC,PRD-0006,25,25,0
2024-12-31,WH-LAG1,PRD-0007,173,173,0
2024-12-31,WH-LAG2,PRD-0007,67,67,0
2024-12-31,WH-IBD,PRD-0007,69,69,0
2024-12-31,WH-ABJ,PRD-0007,57,55,-2
2024-12-31,WH-PHC,PRD-0007,103,103,0
2024-12-31,WH-LAG1,PRD-0008,67,67,0
2024-12-31,WH-LAG2,PRD-0008,8,8,0
2024-12-31,WH-IBD,PRD-0008,44,44,0
2024-12-31,WH-ABJ,PRD-0008,27,27,0
2024-12-31,WH-PHC,PRD-0008,23,23,0
2024-12-31,WH-LAG1,PRD-0009,0,0,0
2024-12-31,WH-LAG2,PRD-0009,18,18,0
2024-12-31,WH-IBD,PRD-0009,18,18,0
2024-12-31,WH-ABJ,PRD-0009,19,19,0
2024-12-31,WH-PHC,PRD-0009,11,10,-1
2024-12-31,WH-LAG1,PRD-0010,18,18,0
2024-12-31,WH-LAG2,PRD-0010,2,2,0
2024-12-31,WH-IBD,PRD-0010,20,20,0
2024-12-31,WH-ABJ,PRD-0010,26,26,0
2024-12-31,WH-PHC,PRD-0010,23,23,0
2024-12-31,WH-LAG1,PRD-0011,110,110,0
2024-12-31,WH-LAG2,PRD-0011,92,93,1
2024-12-31,WH-IBD,PRD-0011,42,42,0
2024-12-31,WH-ABJ,PRD-0011,61,61,0
2024-12-31,WH-PHC,PRD-0011,19,19,0
2024-12-31,WH-LAG1,PRD-0012,24,24,0
2024-12-31,WH-LAG2,PRD-0012,18,17,-1
2024-12-31,WH-IBD,PRD-0012,26,26,0
2024-12-31,WH-ABJ,PRD-0012,0,0,0
2024-12-31,WH-PHC,PRD-0012,47,47,0
2024-12-31,WH-LAG1,PRD-0013,45,45,0
2024-12-31,WH-LAG2,PRD-0013,16,16,0
2024-12-31,WH-IBD,PRD-0013,25,25,0
2024-12-31,WH-ABJ,PRD-0013,0,0,0
2024-12-31,WH-PHC,PRD-0013,28,28,0
2024-12-31,WH-LAG1,PRD-0014,15,15,0
2024-12-31,WH-LAG2,PRD-0014,10,10,0
2024-12-31,WH-IBD,PRD-0014,17,17,0
2024-12-31,WH-ABJ,PRD-0014,5,5,0
2024-12-31,WH-PHC,PRD-0014,10,10,0
2024-12-31,WH-LAG1,PRD-0015,12,12,0
2024-12-31,WH-LAG2,PRD-0015,15,15,0
2024-12-31,WH-IBD,PRD-0015,36,36,0
2024-12-31,WH-ABJ,PRD-0015,67,67,0
2024-12-31,WH-PHC,PRD-0015,68,68,0
2024-12-31,WH-LAG1,PRD-0016,157,157,0
2024-12-31,WH-LAG2,PRD-0016,85,85,0
2024-12-31,WH-IBD,PRD-0016,80,83,3
2024-12-31,WH-ABJ,PRD-0016,31,31,0
2024-12-31,WH-PHC,PRD-0016,107,107,0
2024-12-31,WH-LAG1,PRD-0017,80,80,0
2024-12-31,WH-LAG2,PRD-0017,20,20,0
2024-12-31,WH-IBD,PRD-0017,15,14,-1
2024-12-31,WH-ABJ,PRD-0017,34,34,0
2024-12-31,WH-PHC,PRD-0017,43,43,0
2024-12-31,WH-LAG1,PRD-0018,59,59,0
2024-12-31,WH-LAG2,PRD-0018,96,96,0
2024-12-31,WH-IBD,PRD-0018,64,64,0
2024-12-31,WH-ABJ,PRD-0018,102,102,0
2024-12-31,WH-PHC,PRD-0018,90,90,0
2024-12-31,WH-LAG1,PRD-0019,135,135,0
2024-12-31,WH-LAG2,PRD-0019,36,36,0
2024-12-31,WH-IBD,PRD-0019,12,12,0
2024-12-31,WH-ABJ,PRD-0019,13,14,1
2024-12-31,WH-PHC,PRD-0019,42,42,0
2024-12-31,WH-LAG1,PRD-0020,195,195,0
2024-12-31,WH-LAG2,PRD-0020,23,23,0
2024-12-31,WH-IBD,PRD-0020,50,50,0
2024-12-31,WH-ABJ,PRD-0020,31,31,0
2024-12-31,WH-PHC,PRD-0020,31,31,0
2024-12-31,WH-LAG1,PRD-0021,79,79,0
2024-12-31,WH-LAG2,PRD-0021,25,25,0
2024-12-31,WH-IBD,PRD-0021,64,64,0
2024-12-31,WH-ABJ,PRD-0021,49,49,0
2024-12-31,WH-PHC,PRD-0021,33,32,-1
2024-12-31,WH-LAG1,PRD-0022,16,16,0
2024-12-31,WH-LAG2,PRD-0022,11,11,0
2024-12-31,WH-IBD,PRD-0022,24,24,0
2024-12-31,WH-ABJ,PRD-0022,28,28,0
2024-12-31,WH-PHC,PRD-0022,7,7,0
2024-12-31,WH-LAG1,PRD-0023,70,70,0
2024-12-31,WH-LAG2,PRD-0023,61,61,0
2024-12-31,WH-IBD,PRD-0023,38,38,0
2024-12-31,WH-ABJ,PRD-0023,0,0,0
2024-12-31,WH-PHC,PRD-0023,13,13,0
2024-12-31,WH-LAG1,PRD-0024,85,88,3
2024-12-31,WH-LAG2,PRD-0024,0,0,0
2024-12-31,WH-IBD,PRD-0024,17,16,-1
2024-12-31,WH-ABJ,PRD-0024,54,54,0
2024-12-31,WH-PHC,PRD-0024,9,9,0
2024-12-31,WH-LAG1,PRD-0025,84,81,-3
2024-12-31,WH-LAG2,PRD-0025,0,0,0
2024-12-31,WH-IBD,PRD-0025,13,13,0
2024-12-31,WH-ABJ,PRD-0025,49,49,0
2024-12-31,WH-PHC,PRD-0025,17,17,0
2024-12-31,WH-LAG1,PRD-0026,28,28,0
2024-12-31,WH-LAG2,PRD-0026,27,28,1
2024-12-31,WH-IBD,PRD-0026,33,33,0
2024-12-31,WH-ABJ,PRD-0026,52,52,0
2024-12-31,WH-PHC,PRD-0026,56,56,0
2024-12-31,WH-LAG1,PRD-0027,26,26,0
2024-12-31,WH-LAG2,PRD-0027,22,22,0
2024-12-31,WH-IBD,PRD-0027,18,18,0
2024-12-31,WH-ABJ,PRD-0027,26,26,0
2024-12-31,WH-PHC,PRD-0027,26,26,0
2024-12-31,WH-LAG1,PRD-0028,101,101,0
2024-12-31,WH-LAG2,PRD-0028,52,52,0
2024-12-31,WH-IBD,PRD-0028,60,60,0
2024-12-31,WH-ABJ,PRD-0028,60,60,0
2024-12-31,WH-PHC,PRD-0028,10,10,0
2024-12-31,WH-LAG1,PRD-0029,59,59,0
2024-12-31,WH-LAG2,PRD-0029,26,26,0
2024-12-31,WH-IBD,PRD-0029,11,11,0
2024-12-31,WH-ABJ,PRD-0029,31,31,0
2024-12-31,WH-PHC,PRD-0029,13,13,0
2024-12-31,WH-LAG1,PRD-0030,21,21,0
2024-12-31,WH-LAG2,PRD-0030,10,10,0
2024-12-31,WH-IBD,PRD-0030,22,22,0
2024-12-31,WH-ABJ,PRD-0030,17,17,0
2024-12-31,WH-PHC,PRD-0030,3,3,0
2024-12-31,WH-LAG1,PRD-0031,163,170,7
2024-12-31,WH-LAG2,PRD-0031,50,50,0
2024-12-31,WH-IBD,PRD-0031,46,46,0
2024-12-31,WH-ABJ,PRD-0031,103,103,0
2024-12-31,WH-PHC,PRD-0031,111,111,0
2024-12-31,WH-LAG1,PRD-0032,8,8,0
2024-12-31,WH-LAG2,PRD-0032,28,28,0
2024-12-31,WH-IBD,PRD-0032,10,10,0
2024-12-31,WH-ABJ,PRD-0032,5,5,0
2024-12-31,WH-PHC,PRD-0032,9,9,0
2024-12-31,WH-LAG1,PRD-0033,32,32,0
2024-12-31,WH-LAG2,PRD-0033,32,33,1
2024-12-31,WH-IBD,PRD-0033,45,45,0
2024-12-31,WH-ABJ,PRD-0033,60,60,0
2024-12-31,WH-PHC,PRD-0033,17,17,0
2024-12-31,WH-LAG1,PRD-0034,34,34,0
2024-12-31,WH-LAG2,PRD-0034,18,18,0
2024-12-31,WH-IBD,PRD-0034,13,13,0
2024-12-31,WH-ABJ,PRD-0034,6,6,0
2024-12-31,WH-PHC,PRD-0034,16,16,0
2024-12-31,WH-LAG1,PRD-0035,92,92,0
2024-12-31,WH-LAG2,PRD-0035,36,36,0
2024-12-31,WH-IBD,PRD-0035,33,33,0
2024-12-31,WH-ABJ,PRD-0035,55,55,0
2024-12-31,WH-PHC,PRD-0035,21,21,0
2024-12-31,WH-LAG1,PRD-0036,75,75,0
2024-12-31,WH-LAG2,PRD-0036,32,33,1
2024-12-31,WH-IBD,PRD-0036,47,46,-1
2024-12-31,WH-ABJ,PRD-0036,18,17,-1
2024-12-31,WH-PHC,PRD-0036,45,45,0
2024-12-31,WH-LAG1,PRD-0037,104,104,0
2024-12-31,WH-LAG2,PRD-0037,99,99,0
2024-12-31,WH-IBD,PRD-0037,132,132,0
2024-12-31,WH-ABJ,PRD-0037,73,73,0
2024-12-31,WH-PHC,PRD-0037,67,67,0
2024-12-31,WH-LAG1,PRD-0038,6,6,0
2024-12-31,WH-LAG2,PRD-0038,11,11,0
2024-12-31,WH-IBD,PRD-0038,29,29,0
2024-12-31,WH-ABJ,PRD-0038,10,10,0
2024-12-31,WH-PHC,PRD-0038,10,10,0
2024-12-31,WH-LAG1,PRD-0039,195,191,-4
2024-12-31,WH-LAG2,PRD-0039,183,183,0
2024-12-31,WH-IBD,PRD-0039,47,48,1
2024-12-31,WH-ABJ,PRD-0039,108,108,0
2024-12-31,WH-PHC,PRD-0039,54,54,0
2024-12-31,WH-LAG1,PRD-0040,75,75,0
2024-12-31,WH-LAG2,PRD-0040,35,35,0
2024-12-31,WH-IBD,PRD-0040,47,47,0
2024-12-31,WH-ABJ,PRD-0040,74,74,0
2024-12-31,WH-PHC,PRD-0040,51,51,0
2024-12-31,WH-LAG1,PRD-0041,122,120,-2
2024-12-31,WH-LAG2,PRD-0041,40,40,0
2024-12-31,WH-IBD,PRD-0041,23,23,0
2024-12-31,WH-ABJ,PRD-0041,78,78,0
2024-12-31,WH-PHC,PRD-0041,34,34,0
2024-12-31,WH-LAG1,PRD-0042,15,15,0
2024-12-31,WH-LAG2,PRD-0042,10,10,0
2024-12-31,WH-IBD,PRD-0042,8,8,0
2024-12-31,WH-ABJ,PRD-0042,23,23,0
2024-12-31,WH-PHC,PRD-0042,21,21,0
2024-12-31,WH-LAG1,PRD-0043,60,60,0
2024-12-31,WH-LAG2,PRD-0043,43,44,1
2024-12-31,WH-IBD,PRD-0043,0,0,0
2024-12-31,WH-ABJ,PRD-0043,20,19,-1
2024-12-31,WH-PHC,PRD-0043,73,73,0
2024-12-31,WH-LAG1,PRD-0044,12,12,0
2024-12-31,WH-LAG2,PRD-0044,10,10,0
2024-12-31,WH-IBD,PRD-0044,9,9,0
2024-12-31,WH-ABJ,PRD-0044,5,6,1
2024-12-31,WH-PHC,PRD-0044,8,8,0
2024-12-31,WH-LAG1,PRD-0045,91,91,0
2024-12-31,WH-LAG2,PRD-0045,42,42,0
2024-12-31,WH-IBD,PRD-0045,64,64,0
2024-12-31,WH-ABJ,PRD-0045,26,26,0
2024-12-31,WH-PHC,PRD-0045,17,17,0
2024-12-31,WH-LAG1,PRD-0046,22,22,0
2024-12-31,WH-LAG2,PRD-0046,22,22,0
2024-12-31,WH-IBD,PRD-0046,0,1,1
2024-12-31,WH-ABJ,PRD-0046,37,37,0
2024-12-31,WH-PHC,PRD-0046,18,18,0
2024-12-31,WH-LAG1,PRD-0047,57,57,0
2024-12-31,WH-LAG2,PRD-0047,0,0,0
2024-12-31,WH-IBD,PRD-0047,70,70,0
2024-12-31,WH-ABJ,PRD-0047,0,0,0
2024-12-31,WH-PHC,PRD-0047,0,0,0
2024-12-31,WH-LAG1,PRD-0048,133,133,0
2024-12-31,WH-LAG2,PRD-0048,0,0,0
2024-12-31,WH-IBD,PRD-0048,44,44,0
2024-12-31,WH-ABJ,PRD-0048,31,31,0
2024-12-31,WH-PHC,PRD-0048,21,21,0
2024-12-31,WH-LAG1,PRD-0049,90,90,0
2024-12-31,WH-LAG2,PRD-0049,22,22,0
2024-12-31,WH-IBD,PRD-0049,25,25,0
2024-12-31,WH-ABJ,PRD-0049,35,35,0
2024-12-31,WH-PHC,PRD-0049,41,40,-1
2024-12-31,WH-LAG1,PRD-0050,21,20,-1
2024-12-31,WH-LAG2,PRD-0050,7,7,0
2024-12-31,WH-IBD,PRD-0050,12,12,0
2024-12-31,WH-ABJ,PRD-0050,29,29,0
2024-12-31,WH-PHC,PRD-0050,37,37,0
2024-12-31,WH-LAG1,PRD-0051,76,76,0
2024-12-31,WH-LAG2,PRD-0051,63,63,0
2024-12-31,WH-IBD,PRD-0051,134,134,0
2024-12-31,WH-ABJ,PRD-0051,129,129,0
2024-12-31,WH-PHC,PRD-0051,158,158,0
2024-12-31,WH-LAG1,PRD-0052,24,24,0
2024-12-31,WH-LAG2,PRD-0052,16,16,0
2024-12-31,WH-IBD,PRD-0052,10,10,0
2024-12-31,WH-ABJ,PRD-0052,21,21,0
2024-12-31,WH-PHC,PRD-0052,18,18,0
2024-12-31,WH-LAG1,PRD-0053,41,41,0
2024-12-31,WH-LAG2,PRD-0053,20,20,0
2024-12-31,WH-IBD,PRD-0053,10,10,0
2024-12-31,WH-ABJ,PRD-0053,25,25,0
2024-12-31,WH-PHC,PRD-0053,8,8,0
2024-12-31,WH-LAG1,PRD-0054,47,47,0
2024-12-31,WH-LAG2,PRD-0054,5,5,0
2024-12-31,WH-IBD,PRD-0054,47,47,0
2024-12-31,WH-ABJ,PRD-0054,10,10,0
2024-12-31,WH-PHC,PRD-0054,49,49,0
2024-12-31,WH-LAG1,PRD-0055,41,41,0
2024-12-31,WH-LAG2,PRD-0055,17,17,0
2024-12-31,WH-IBD,PRD-0055,11,11,0
2024-12-31,WH-ABJ,PRD-0055,69,69,0
2024-12-31,WH-PHC,PRD-0055,61,61,0
2024-12-31,WH-LAG1,PRD-0056,53,53,0
2024-12-31,WH-LAG2,PRD-0056,41,41,0
2024-12-31,WH-IBD,PRD-0056,32,32,0
2024-12-31,WH-ABJ,PRD-0056,40,40,0
2024-12-31,WH-PHC,PRD-0056,1,1,0
2024-12-31,WH-LAG1,PRD-0057,379,379,0
2024-12-31,WH-LAG2,PRD-0057,87,84,-3
2024-12-31,WH-IBD,PRD-0057,84,84,0
2024-12-31,WH-ABJ,PRD-0057,106,106,0
2024-12-31,WH-PHC,PRD-0057,220,220,0
2024-12-31,WH-LAG1,PRD-0058,36,36,0
2024-12-31,WH-LAG2,PRD-0058,27,27,0
2024-12-31,WH-IBD,PRD-0058,67,67,0
2024-12-31,WH-ABJ,PRD-0058,66,66,0
2024-12-31,WH-PHC,PRD-0058,32,32,0
2024-12-31,WH-LAG1,PRD-0059,23,24,1
2024-12-31,WH-LAG2,PRD-0059,52,52,0
2024-12-31,WH-IBD,PRD-0059,37,37,0
2024-12-31,WH-ABJ,PRD-0059,64,64,0
2024-12-31,WH-PHC,PRD-0059,46,46,0
2024-12-31,WH-LAG1,PRD-0060,90,90,0
2024-12-31,WH-LAG2,PRD-0060,56,56,0
2024-12-31,WH-IBD,PRD-0060,117,117,0
2024-12-31,WH-ABJ,PRD-0060,77,77,0
2024-12-31,WH-PHC,PRD-0060,161,161,0
2024-12-31,WH-LAG1,PRD-0061,181,181,0
2024-12-31,WH-LAG2,PRD-0061,75,75,0
2024-12-31,WH-IBD,PRD-0061,69,70,1
2024-12-31,WH-ABJ,PRD-0061,0,0,0
2024-12-31,WH-PHC,PRD-0061,108,108,0
2024-12-31,WH-LAG1,PRD-0062,87,87,0
2024-12-31,WH-LAG2,PRD-0062,32,32,0
2024-12-31,WH-IBD,PRD-0062,80,80,0
2024-12-31,WH-ABJ,PRD-0062,186,193,7
2024-12-31,WH-PHC,PRD-0062,105,109,4
2024-12-31,WH-LAG1,PRD-0063,110,111,1
2024-12-31,WH-LAG2,PRD-0063,57,57,0
2024-12-31,WH-IBD,PRD-0063,35,35,0
2024-12-31,WH-ABJ,PRD-0063,20,20,0
2024-12-31,WH-PHC,PRD-0063,65,65,0
2024-12-31,WH-LAG1,PRD-0064,30,29,-1
2024-12-31,WH-LAG2,PRD-0064,80,80,0
2024-12-31,WH-IBD,PRD-0064,62,62,0
2024-12-31,WH-ABJ,PRD-0064,48,47,-1
2024-12-31,WH-PHC,PRD-0064,29,29,0
2024-12-31,WH-LAG1,PRD-0065,55,55,0
2024-12-31,WH-LAG2,PRD-0065,99,99,0
2024-12-31,WH-IBD,PRD-0065,68,68,0
2024-12-31,WH-ABJ,PRD-0065,0,1,1
2024-12-31,WH-PHC,PRD-0065,0,0,0
2024-12-31,WH-LAG1,PRD-0066,0,0,0
2024-12-31,WH-LAG2,PRD-0066,3,3,0
2024-12-31,WH-IBD,PRD-0066,10,10,0
2024-12-31,WH-ABJ,PRD-0066,10,10,0
2024-12-31,WH-PHC,PRD-0066,2,2,0
2024-12-31,WH-LAG1,PRD-0067,40,40,0
2024-12-31,WH-LAG2,PRD-0067,90,90,0
2024-12-31,WH-IBD,PRD-0067,55,53,-2
2024-12-31,WH-ABJ,PRD-0067,47,47,0
2024-12-31,WH-PHC,PRD-0067,82,82,0
2024-12-31,WH-LAG1,PRD-0068,347,331,-16
2024-12-31,WH-LAG2,PRD-0068,145,145,0
2024-12-31,WH-IBD,PRD-0068,41,41,0
2024-12-31,WH-ABJ,PRD-0068,133,133,0
2024-12-31,WH-PHC,PRD-0068,9,9,0
2024-12-31,WH-LAG1,PRD-0069,19,19,0
2024-12-31,WH-LAG2,PRD-0069,13,13,0
2024-12-31,WH-IBD,PRD-0069,8,8,0
2024-12-31,WH-ABJ,PRD-0069,31,31,0
2024-12-31,WH-PHC,PRD-0069,10,10,0
2024-12-31,WH-LAG1,PRD-0070,14,13,-1
2024-12-31,WH-LAG2,PRD-0070,34,34,0
2024-12-31,WH-IBD,PRD-0070,38,38,0
2024-12-31,WH-ABJ,PRD-0070,40,40,0
2024-12-31,WH-PHC,PRD-0070,28,28,0
2024-12-31,WH-LAG1,PRD-0071,0,1,1
2024-12-31,WH-LAG2,PRD-0071,10,10,0
2024-12-31,WH-IBD,PRD-0071,21,21,0
2024-12-31,WH-ABJ,PRD-0071,20,20,0
2024-12-31,WH-PHC,PRD-0071,16,16,0
2024-12-31,WH-LAG1,PRD-0072,43,44,1
2024-12-31,WH-LAG2,PRD-0072,54,54,0
2024-12-31,WH-IBD,PRD-0072,12,12,0
2024-12-31,WH-ABJ,PRD-0072,54,54,0
2024-12-31,WH-PHC,PRD-0072,54,54,0
2024-12-31,WH-LAG1,PRD-0073,23,23,0
2024-12-31,WH-LAG2,PRD-0073,11,11,0
2024-12-31,WH-IBD,PRD-0073,3,3,0
2024-12-31,WH-ABJ,PRD-0073,16,16,0
2024-12-31,WH-PHC,PRD-0073,22,22,0
2024-12-31,WH-LAG1,PRD-0074,94,94,0
2024-12-31,WH-LAG2,PRD-0074,76,76,0
2024-12-31,WH-IBD,PRD-0074,0,0,0
2024-12-31,WH-ABJ,PRD-0074,50,50,0
2024-12-31,WH-PHC,PRD-0074,55,55,0
2024-12-31,WH-LAG1,PRD-0075,22,22,0
2024-12-31,WH-LAG2,PRD-0075,28,28,0
2024-12-31,WH-IBD,PRD-0075,21,22,1
2024-12-31,WH-ABJ,PRD-0075,19,18,-1
2024-12-31,WH-PHC,PRD-0075,10,10,0
2024-12-31,WH-LAG1,PRD-0076,83,83,0
2024-12-31,WH-LAG2,PRD-0076,90,93,3
2024-12-31,WH-IBD,PRD-0076,26,26,0
2024-12-31,WH-ABJ,PRD-0076,67,67,0
2024-12-31,WH-PHC,PRD-0076,69,69,0
2024-12-31,WH-LAG1,PRD-0077,315,315,0
2024-12-31,WH-LAG2,PRD-0077,92,92,0
2024-12-31,WH-IBD,PRD-0077,119,119,0
2024-12-31,WH-ABJ,PRD-0077,107,107,0
2024-12-31,WH-PHC,PRD-0077,85,85,0
2024-12-31,WH-LAG1,PRD-0078,29,29,0
2024-12-31,WH-LAG2,PRD-0078,84,87,3
2024-12-31,WH-IBD,PRD-0078,20,20,0
2024-12-31,WH-ABJ,PRD-0078,0,0,0
2024-12-31,WH-PHC,PRD-0078,98,98,0
2024-12-31,WH-LAG1,PRD-0079,39,39,0
2024-12-31,WH-LAG2,PRD-0079,40,40,0
2024-12-31,WH-IBD,PRD-0079,52,52,0
2024-12-31,WH-ABJ,PRD-0079,84,84,0
2024-12-31,WH-PHC,PRD-0079,71,71,0
2024-12-31,WH-LAG1,PRD-0080,56,56,0
2024-12-31,WH-LAG2,PRD-0080,99,99,0
2024-12-31,WH-IBD,PRD-0080,0,0,0
2024-12-31,WH-ABJ,PRD-0080,63,63,0
2024-12-31,WH-PHC,PRD-0080,20,20,0
2024-12-31,WH-LAG1,PRD-0081,128,128,0
2024-12-31,WH-LAG2,PRD-0081,49,49,0
2024-12-31,WH-IBD,PRD-0081,39,39,0
2024-12-31,WH-ABJ,PRD-0081,10,10,0
2024-12-31,WH-PHC,PRD-0081,15,15,0
2024-12-31,WH-LAG1,PRD-0082,90,87,-3
2024-12-31,WH-LAG2,PRD-0082,42,42,0
2024-12-31,WH-IBD,PRD-0082,96,96,0
2024-12-31,WH-ABJ,PRD-0082,39,39,0
2024-12-31,WH-PHC,PRD-0082,79,79,0
2024-12-31,WH-LAG1,PRD-0083,277,283,6
2024-12-31,WH-LAG2,PRD-0083,235,235,0
2024-12-31,WH-IBD,PRD-0083,187,187,0
2024-12-31,WH-ABJ,PRD-0083,113,113,0
2024-12-31,WH-PHC,PRD-0083,167,167,0
2024-12-31,WH-LAG1,PRD-0084,51,51,0
2024-12-31,WH-LAG2,PRD-0084,63,63,0
2024-12-31,WH-IBD,PRD-0084,0,0,0
2024-12-31,WH-ABJ,PRD-0084,34,34,0
2024-12-31,WH-PHC,PRD-0084,82,81,-1
2024-12-31,WH-LAG1,PRD-0085,212,212,0
2024-12-31,WH-LAG2,PRD-0085,110,110,0
2024-12-31,WH-IBD,PRD-0085,52,52,0
2024-12-31,WH-ABJ,PRD-0085,22,22,0
2024-12-31,WH-PHC,PRD-0085,75,75,0
2024-12-31,WH-LAG1,PRD-0086,220,220,0
2024-12-31,WH-LAG2,PRD-0086,106,106,0
2024-12-31,WH-IBD,PRD-0086,138,132,-6
2024-12-31,WH-ABJ,PRD-0086,340,340,0
2024-12-31,WH-PHC,PRD-0086,218,218,0
2024-12-31,WH-LAG1,PRD-0087,0,0,0
2024-12-31,WH-LAG2,PRD-0087,7,6,-1
2024-12-31,WH-IBD,PRD-0087,23,23,0
2024-12-31,WH-ABJ,PRD-0087,5,5,0
2024-12-31,WH-PHC,PRD-0087,8,8,0
2024-12-31,WH-LAG1,PRD-0088,63,63,0
2024-12-31,WH-LAG2,PRD-0088,13,13,0
2024-12-31,WH-IBD,PRD-0088,53,53,0
2024-12-31,WH-ABJ,PRD-0088,5,5,0
2024-12-31,WH-PHC,PRD-0088,49,49,0
2024-12-31,WH-LAG1,PRD-0089,44,44,0
2024-12-31,WH-LAG2,PRD-0089,47,46,-1
2024-12-31,WH-IBD,PRD-0089,49,49,0
2024-12-31,WH-ABJ,PRD-0089,46,46,0
2024-12-31,WH-PHC,PRD-0089,27,27,0
2024-12-31,WH-LAG1,PRD-0090,320,320,0
2024-12-31,WH-LAG2,PRD-0090,638,638,0
2024-12-31,WH-IBD,PRD-0090,296,296,0
2024-12-31,WH-ABJ,PRD-0090,877,877,0
2024-12-31,WH-PHC,PRD-0090,493,493,0
2024-12-31,WH-LAG1,PRD-0091,151,151,0
2024-12-31,WH-LAG2,PRD-0091,129,129,0
2024-12-31,WH-IBD,PRD-0091,45,45,0
2024-12-31,WH-ABJ,PRD-0091,96,96,0
2024-12-31,WH-PHC,PRD-0091,38,38,0
2024-12-31,WH-LAG1,PRD-0092,19,18,-1
2024-12-31,WH-LAG2,PRD-0092,38,38,0
2024-12-31,WH-IBD,PRD-0092,9,9,0
2024-12-31,WH-ABJ,PRD-0092,41,41,0
2024-12-31,WH-PHC,PRD-0092,21,21,0
2024-12-31,WH-LAG1,PRD-0093,81,81,0
2024-12-31,WH-LAG2,PRD-0093,13,13,0
2024-12-31,WH-IBD,PRD-0093,94,94,0
2024-12-31,WH-ABJ,PRD-0093,24,24,0
2024-12-31,WH-PHC,PRD-0093,49,49,0
2024-12-31,WH-LAG1,PRD-0094,19,19,0
2024-12-31,WH-LAG2,PRD-0094,10,10,0
2024-12-31,WH-IBD,PRD-0094,23,23,0
2024-12-31,WH-ABJ,PRD-0094,9,9,0
2024-12-31,WH-PHC,PRD-0094,9,9,0
2024-12-31,WH-LAG1,PRD-0095,39,39,0
2024-12-31,WH-LAG2,PRD-0095,23,23,0
2024-12-31,WH-IBD,PRD-0095,24,24,0
2024-12-31,WH-ABJ,PRD-0095,23,23,0
2024-12-31,WH-PHC,PRD-0095,22,22,0
2024-12-31,WH-LAG1,PRD-0096,35,36,1
2024-12-31,WH-LAG2,PRD-0096,20,20,0
2024-12-31,WH-IBD,PRD-0096,11,10,-1
2024-12-31,WH-ABJ,PRD-0096,28,28,0
2024-12-31,WH-PHC,PRD-0096,0,0,0
2024-12-31,WH-LAG1,PRD-0097,29,29,0
2024-12-31,WH-LAG2,PRD-0097,28,27,-1
2024-12-31,WH-IBD,PRD-0097,0,0,0
2024-12-31,WH-ABJ,PRD-0097,36,36,0
2024-12-31,WH-PHC,PRD-0097,34,34,0
2024-12-31,WH-LAG1,PRD-0098,50,50,0
2024-12-31,WH-LAG2,PRD-0098,38,37,-1
2024-12-31,WH-IBD,PRD-0098,141,141,0
2024-12-31,WH-ABJ,PRD-0098,0,0,0
2024-12-31,WH-PHC,PRD-0098,73,73,0
2024-12-31,WH-LAG1,PRD-0099,0,1,1
2024-12-31,WH-LAG2,PRD-0099,32,32,0
2024-12-31,WH-IBD,PRD-0099,34,34,0
2024-12-31,WH-ABJ,PRD-0099,28,28,0
2024-12-31,WH-PHC,PRD-0099,33,33,0
2024-12-31,WH-LAG1,PRD-0100,279,279,0
2024-12-31,WH-LAG2,PRD-0100,226,226,0
2024-12-31,WH-IBD,PRD-0100,262,262,0
2024-12-31,WH-ABJ,PRD-0100,235,235,0
2024-12-31,WH-PHC,PRD-0100,199,199,0
2024-12-31,WH-LAG1,PRD-0101,12,12,0
2024-12-31,WH-LAG2,PRD-0101,6,6,0
2024-12-31,WH-IBD,PRD-0101,29,29,0
2024-12-31,WH-ABJ,PRD-0101,20,20,0
2024-12-31,WH-PHC,PRD-0101,21,21,0
2024-12-31,WH-LAG1,PRD-0102,138,138,0
2024-12-31,WH-LAG2,PRD-0102,0,0,0
2024-12-31,WH-IBD,PRD-0102,27,27,0
2024-12-31,WH-ABJ,PRD-0102,56,56,0
2024-12-31,WH-PHC,PRD-0102,55,55,0
2024-12-31,WH-LAG1,PRD-0103,0,0,0
2024-12-31,WH-LAG2,PRD-0103,55,55,0
2024-12-31,WH-IBD,PRD-0103,42,42,0
2024-12-31,WH-ABJ,PRD-0103,72,72,0
2024-12-31,WH-PHC,PRD-0103,50,50,0
2024-12-31,WH-LAG1,PRD-0104,9,9,0
2024-12-31,WH-LAG2,PRD-0104,26,26,0
2024-12-31,WH-IBD,PRD-0104,32,32,0
2024-12-31,WH-ABJ,PRD-0104,24,24,0
2024-12-31,WH-PHC,PRD-0104,34,34,0
2024-12-31,WH-LAG1,PRD-0105,32,32,0
2024-12-31,WH-LAG2,PRD-0105,23,23,0
2024-12-31,WH-IBD,PRD-0105,19,19,0
2024-12-31,WH-ABJ,PRD-0105,21,21,0
2024-12-31,WH-PHC,PRD-0105,43,43,0
2024-12-31,WH-LAG1,PRD-0106,52,52,0
2024-12-31,WH-LAG2,PRD-0106,10,10,0
2024-12-31,WH-IBD,PRD-0106,32,31,-1
2024-12-31,WH-ABJ,PRD-0106,23,23,0
2024-12-31,WH-PHC,PRD-0106,26,26,0
2024-12-31,WH-LAG1,PRD-0107,36,36,0
2024-12-31,WH-LAG2,PRD-0107,14,14,0
2024-12-31,WH-IBD,PRD-0107,22,23,1
2024-12-31,WH-ABJ,PRD-0107,38,38,0
2024-12-31,WH-PHC,PRD-0107,23,22,-1
2024-12-31,WH-LAG1,PRD-0108,380,380,0
2024-12-31,WH-LAG2,PRD-0108,226,226,0
2024-12-31,WH-IBD,PRD-0108,179,179,0
2024-12-31,WH-ABJ,PRD-0108,200,200,0
2024-12-31,WH-PHC,PRD-0108,39,39,0
2024-12-31,WH-LAG1,PRD-0109,28,28,0
2024-12-31,WH-LAG2,PRD-0109,60,60,0
2024-12-31,WH-IBD,PRD-0109,47,46,-1
2024-12-31,WH-ABJ,PRD-0109,39,39,0
2024-12-31,WH-PHC,PRD-0109,81,81,0
2024-12-31,WH-LAG1,PRD-0110,42,42,0
2024-12-31,WH-LAG2,PRD-0110,6,6,0
2024-12-31,WH-IBD,PRD-0110,27,27,0
2024-12-31,WH-ABJ,PRD-0110,0,0,0
2024-12-31,WH-PHC,PRD-0110,9,9,0
2024-12-31,WH-LAG1,PRD-0111,67,67,0
2024-12-31,WH-LAG2,PRD-0111,110,110,0
2024-12-31,WH-IBD,PRD-0111,86,86,0
2024-12-31,WH-ABJ,PRD-0111,112,116,4
2024-12-31,WH-PHC,PRD-0111,87,87,0
2024-12-31,WH-LAG1,PRD-0112,43,43,0
2024-12-31,WH-LAG2,PRD-0112,23,23,0
2024-12-31,WH-IBD,PRD-0112,10,10,0
2024-12-31,WH-ABJ,PRD-0112,24,24,0
2024-12-31,WH-PHC,PRD-0112,21,20,-1
2024-12-31,WH-LAG1,PRD-0113,86,86,0
2024-12-31,WH-LAG2,PRD-0113,107,107,0
2024-12-31,WH-IBD,PRD-0113,87,87,0
2024-12-31,WH-ABJ,PRD-0113,93,93,0
2024-12-31,WH-PHC,PRD-0113,44,44,0
2024-12-31,WH-LAG1,PRD-0114,0,0,0
2024-12-31,WH-LAG2,PRD-0114,10,10,0
2024-12-31,WH-IBD,PRD-0114,0,0,0
2024-12-31,WH-ABJ,PRD-0114,21,21,0
2024-12-31,WH-PHC,PRD-0114,6,6,0
2024-12-31,WH-LAG1,PRD-0115,48,48,0
2024-12-31,WH-LAG2,PRD-0115,51,51,0
2024-12-31,WH-IBD,PRD-0115,25,25,0
2024-12-31,WH-ABJ,PRD-0115,52,52,0
2024-12-31,WH-PHC,PRD-0115,40,41,1
2024-12-31,WH-LAG1,PRD-0116,103,103,0
2024-12-31,WH-LAG2,PRD-0116,23,23,0
2024-12-31,WH-IBD,PRD-0116,10,10,0
2024-12-31,WH-ABJ,PRD-0116,23,23,0
2024-12-31,WH-PHC,PRD-0116,54,54,0
2024-12-31,WH-LAG1,PRD-0117,44,44,0
2024-12-31,WH-LAG2,PRD-0117,44,44,0
2024-12-31,WH-IBD,PRD-0117,70,70,0
2024-12-31,WH-ABJ,PRD-0117,75,75,0
2024-12-31,WH-PHC,PRD-0117,63,63,0
2024-12-31,WH-LAG1,PRD-0118,338,338,0
2024-12-31,WH-LAG2,PRD-0118,100,100,0
2024-12-31,WH-IBD,PRD-0118,144,137,-7
2024-12-31,WH-ABJ,PRD-0118,65,65,0
2024-12-31,WH-PHC,PRD-0118,0,0,0
2024-12-31,WH-LAG1,PRD-0119,0,0,0
2024-12-31,WH-LAG2,PRD-0119,0,0,0
2024-12-31,WH-IBD,PRD-0119,14,14,0
2024-12-31,WH-ABJ,PRD-0119,25,25,0
2024-12-31,WH-PHC,PRD-0119,10,10,0
2024-12-31,WH-LAG1,PRD-0120,52,51,-1
2024-12-31,WH-LAG2,PRD-0120,78,78,0
2024-12-31,WH-IBD,PRD-0120,86,86,0
2024-12-31,WH-ABJ,PRD-0120,99,99,0
2024-12-31,WH-PHC,PRD-0120,98,98,0
2024-12-31,WH-LAG1,PRD-0121,94,97,3
2024-12-31,WH-LAG2,PRD-0121,82,82,0
2024-12-31,WH-IBD,PRD-0121,148,148,0
2024-12-31,WH-ABJ,PRD-0121,203,203,0
2024-12-31,WH-PHC,PRD-0121,25,25,0
2024-12-31,WH-LAG1,PRD-0122,172,172,0
2024-12-31,WH-LAG2,PRD-0122,38,37,-1
2024-12-31,WH-IBD,PRD-0122,45,45,0
2024-12-31,WH-ABJ,PRD-0122,73,73,0
2024-12-31,WH-PHC,PRD-0122,36,36,0
2024-12-31,WH-LAG1,PRD-0123,102,102,0
2024-12-31,WH-LAG2,PRD-0123,85,85,0
2024-12-31,WH-IBD,PRD-0123,27,26,-1
2024-12-31,WH-ABJ,PRD-0123,89,89,0
2024-12-31,WH-PHC,PRD-0123,9,9,0
2024-12-31,WH-LAG1,PRD-0124,22,22,0
2024-12-31,WH-LAG2,PRD-0124,47,47,0
2024-12-31,WH-IBD,PRD-0124,64,64,0
2024-12-31,WH-ABJ,PRD-0124,30,30,0
2024-12-31,WH-PHC,PRD-0124,67,68,1
2024-12-31,WH-LAG1,PRD-0125,369,369,0
2024-12-31,WH-LAG2,PRD-0125,314,314,0
2024-12-31,WH-IBD,PRD-0125,179,179,0
2024-12-31,WH-ABJ,PRD-0125,300,300,0
2024-12-31,WH-PHC,PRD-0125,377,377,0
2024-12-31,WH-LAG1,PRD-0126,47,47,0
2024-12-31,WH-LAG2,PRD-0126,23,23,0
2024-12-31,WH-IBD,PRD-0126,16,16,0
2024-12-31,WH-ABJ,PRD-0126,12,12,0
2024-12-31,WH-PHC,PRD-0126,44,44,0
2024-12-31,WH-LAG1,PRD-0127,26,26,0
2024-12-31,WH-LAG2,PRD-0127,16,16,0
2024-12-31,WH-IBD,PRD-0127,0,0,0
2024-12-31,WH-ABJ,PRD-0127,27,27,0
2024-12-31,WH-PHC,PRD-0127,29,30,1
2024-12-31,WH-LAG1,PRD-0128,76,76,0
2024-12-31,WH-LAG2,PRD-0128,71,71,0
2024-12-31,WH-IBD,PRD-0128,67,67,0
2024-12-31,WH-ABJ,PRD-0128,83,83,0
2024-12-31,WH-PHC,PRD-0128,82,82,0
2024-12-31,WH-LAG1,PRD-0129,25,25,0
2024-12-31,WH-LAG2,PRD-0129,18,18,0
2024-12-31,WH-IBD,PRD-0129,9,9,0
2024-12-31,WH-ABJ,PRD-0129,17,17,0
2024-12-31,WH-PHC,PRD-0129,4,4,0
2024-12-31,WH-LAG1,PRD-0130,24,24,0
2024-12-31,WH-LAG2,PRD-0130,42,42,0
2024-12-31,WH-IBD,PRD-0130,24,24,0
2024-12-31,WH-ABJ,PRD-0130,32,32,0
2024-12-31,WH-PHC,PRD-0130,37,37,0
2024-12-31,WH-LAG1,PRD-0131,0,0,-1
2024-12-31,WH-LAG2,PRD-0131,48,48,0
2024-12-31,WH-IBD,PRD-0131,41,40,-1
2024-12-31,WH-ABJ,PRD-0131,73,73,0
2024-12-31,WH-PHC,PRD-0131,33,33,0
2024-12-31,WH-LAG1,PRD-0132,51,50,-1
2024-12-31,WH-LAG2,PRD-0132,10,10,0
2024-12-31,WH-IBD,PRD-0132,50,50,0
2024-12-31,WH-ABJ,PRD-0132,29,29,0
2024-12-31,WH-PHC,PRD-0132,44,44,0
2024-12-31,WH-LAG1,PRD-0133,38,38,0
2024-12-31,WH-LAG2,PRD-0133,18,18,0
2024-12-31,WH-IBD,PRD-0133,34,34,0
2024-12-31,WH-ABJ,PRD-0133,49,49,0
2024-12-31,WH-PHC,PRD-0133,8,8,0
2024-12-31,WH-LAG1,PRD-0134,19,20,1
2024-12-31,WH-LAG2,PRD-0134,28,28,0
2024-12-31,WH-IBD,PRD-0134,41,41,0
2024-12-31,WH-ABJ,PRD-0134,24,24,0
2024-12-31,WH-PHC,PRD-0134,21,22,1
2024-12-31,WH-LAG1,PRD-0135,103,103,0
2024-12-31,WH-LAG2,PRD-0135,61,61,0
2024-12-31,WH-IBD,PRD-0135,150,149,-1
2024-12-31,WH-ABJ,PRD-0135,126,130,4
2024-12-31,WH-PHC,PRD-0135,139,139,0
2024-12-31,WH-LAG1,PRD-0136,48,47,-1
2024-12-31,WH-LAG2,PRD-0136,49,49,0
2024-12-31,WH-IBD,PRD-0136,25,25,0
2024-12-31,WH-ABJ,PRD-0136,41,41,0
2024-12-31,WH-PHC,PRD-0136,41,41,0
2024-12-31,WH-LAG1,PRD-0137,18,18,0
2024-12-31,WH-LAG2,PRD-0137,46,46,0
2024-12-31,WH-IBD,PRD-0137,77,77,0
2024-12-31,WH-ABJ,PRD-0137,57,57,0
2024-12-31,WH-PHC,PRD-0137,47,47,0
2024-12-31,WH-LAG1,PRD-0138,77,77,0
2024-12-31,WH-LAG2,PRD-0138,110,110,0
2024-12-31,WH-IBD,PRD-0138,48,48,0
2024-12-31,WH-ABJ,PRD-0138,38,38,0
2024-12-31,WH-PHC,PRD-0138,81,81,0
2024-12-31,WH-LAG1,PRD-0139,70,70,0
2024-12-31,WH-LAG2,PRD-0139,42,42,0
2024-12-31,WH-IBD,PRD-0139,28,27,-1
2024-12-31,WH-ABJ,PRD-0139,36,36,0
2024-12-31,WH-PHC,PRD-0139,70,70,0
2024-12-31,WH-LAG1,PRD-0140,47,47,0
2024-12-31,WH-LAG2,PRD-0140,38,38,0
2024-12-31,WH-IBD,PRD-0140,5,5,0
2024-12-31,WH-ABJ,PRD-0140,0,0,0
2024-12-31,WH-PHC,PRD-0140,54,54,0
2024-12-31,WH-LAG1,PRD-0141,88,88,0
2024-12-31,WH-LAG2,PRD-0141,28,28,0
2024-12-31,WH-IBD,PRD-0141,59,59,0
2024-12-31,WH-ABJ,PRD-0141,67,67,0
2024-12-31,WH-PHC,PRD-0141,5,5,0
2024-12-31,WH-LAG1,PRD-0142,85,85,0
2024-12-31,WH-LAG2,PRD-0142,79,79,0
2024-12-31,WH-IBD,PRD-0142,64,64,0
2024-12-31,WH-ABJ,PRD-0142,194,194,0
2024-12-31,WH-PHC,PRD-0142,46,46,0
2024-12-31,WH-LAG1,PRD-0143,40,40,0
2024-12-31,WH-LAG2,PRD-0143,0,0,0
2024-12-31,WH-IBD,PRD-0143,25,25,0
2024-12-31,WH-ABJ,PRD-0143,37,37,0
2024-12-31,WH-PHC,PRD-0143,30,30,0
2024-12-31,WH-LAG1,PRD-0144,97,95,-2
2024-12-31,WH-LAG2,PRD-0144,0,0,0
2024-12-31,WH-IBD,PRD-0144,46,46,0
2024-12-31,WH-ABJ,PRD-0144,55,55,0
2024-12-31,WH-PHC,PRD-0144,49,49,0
2024-12-31,WH-LAG1,PRD-0145,117,117,0
2024-12-31,WH-LAG2,PRD-0145,34,34,0
2024-12-31,WH-IBD,PRD-0145,24,25,1
2024-12-31,WH-ABJ,PRD-0145,149,149,0
2024-12-31,WH-PHC,PRD-0145,83,83,0
2024-12-31,WH-LAG1,PRD-0146,58,58,0
2024-12-31,WH-LAG2,PRD-0146,34,33,-1
2024-12-31,WH-IBD,PRD-0146,39,39,0
2024-12-31,WH-ABJ,PRD-0146,7,7,0
2024-12-31,WH-PHC,PRD-0146,15,15,0
2024-12-31,WH-LAG1,PRD-0147,48,47,-1
2024-12-31,WH-LAG2,PRD-0147,30,30,0
2024-12-31,WH-IBD,PRD-0147,31,31,0
2024-12-31,WH-ABJ,PRD-0147,13,13,0
2024-12-31,WH-PHC,PRD-0147,40,40,0
2024-12-31,WH-LAG1,PRD-0148,76,76,0
2024-12-31,WH-LAG2,PRD-0148,28,28,0
2024-12-31,WH-IBD,PRD-0148,24,24,0
2024-12-31,WH-ABJ,PRD-0148,19,19,0
2024-12-31,WH-PHC,PRD-0148,40,39,-1
2024-12-31,WH-LAG1,PRD-0149,22,22,0
2024-12-31,WH-LAG2,PRD-0149,3,3,0
2024-12-31,WH-IBD,PRD-0149,28,28,0
2024-12-31,WH-ABJ,PRD-0149,3,3,0
2024-12-31,WH-PHC,PRD-0149,3,3,0
2024-12-31,WH-LAG1,PRD-0150,175,175,0
2024-12-31,WH-LAG2,PRD-0150,60,60,0
2024-12-31,WH-IBD,PRD-0150,66,68,2
2024-12-31,WH-ABJ,PRD-0150,96,96,0
2024-12-31,WH-PHC,PRD-0150,55,55,0
2024-12-31,WH-LAG1,PRD-0151,666,666,0
2024-12-31,WH-LAG2,PRD-0151,236,236,0
2024-12-31,WH-IBD,PRD-0151,234,234,0
2024-12-31,WH-ABJ,PRD-0151,394,394,0
2024-12-31,WH-PHC,PRD-0151,114,114,0
2024-12-31,WH-LAG1,PRD-0152,52,53,1
2024-12-31,WH-LAG2,PRD-0152,40,40,0
2024-12-31,WH-IBD,PRD-0152,34,34,0
2024-12-31,WH-ABJ,PRD-0152,57,57,0
2024-12-31,WH-PHC,PRD-0152,55,55,0
2024-12-31,WH-LAG1,PRD-0153,93,93,0
2024-12-31,WH-LAG2,PRD-0153,162,162,0
2024-12-31,WH-IBD,PRD-0153,167,167,0
2024-12-31,WH-ABJ,PRD-0153,67,67,0
2024-12-31,WH-PHC,PRD-0153,125,125,0
2024-12-31,WH-LAG1,PRD-0154,101,101,0
2024-12-31,WH-LAG2,PRD-0154,55,55,0
2024-12-31,WH-IBD,PRD-0154,35,35,0
2024-12-31,WH-ABJ,PRD-0154,37,37,0
2024-12-31,WH-PHC,PRD-0154,33,34,1
2024-12-31,WH-LAG1,PRD-0155,81,84,3
2024-12-31,WH-LAG2,PRD-0155,50,50,0
2024-12-31,WH-IBD,PRD-0155,32,32,0
2024-12-31,WH-ABJ,PRD-0155,13,13,0
2024-12-31,WH-PHC,PRD-0155,28,28,0
2024-12-31,WH-LAG1,PRD-0156,397,397,0
2024-12-31,WH-LAG2,PRD-0156,22,22,0
2024-12-31,WH-IBD,PRD-0156,15,16,1
2024-12-31,WH-ABJ,PRD-0156,106,106,0
2024-12-31,WH-PHC,PRD-0156,73,73,0
2024-12-31,WH-LAG1,PRD-0157,134,134,0
2024-12-31,WH-LAG2,PRD-0157,32,32,0
2024-12-31,WH-IBD,PRD-0157,84,83,-1
2024-12-31,WH-ABJ,PRD-0157,31,31,0
2024-12-31,WH-PHC,PRD-0157,58,58,0
2024-12-31,WH-LAG1,PRD-0158,33,33,0
2024-12-31,WH-LAG2,PRD-0158,34,34,0
2024-12-31,WH-IBD,PRD-0158,32,32,0
2024-12-31,WH-ABJ,PRD-0158,28,27,-1
2024-12-31,WH-PHC,PRD-0158,11,10,-1
2024-12-31,WH-LAG1,PRD-0159,40,40,0
2024-12-31,WH-LAG2,PRD-0159,49,48,-1
2024-12-31,WH-IBD,PRD-0159,55,55,0
2024-12-31,WH-ABJ,PRD-0159,59,61,2
2024-12-31,WH-PHC,PRD-0159,10,10,0
2024-12-31,WH-LAG1,PRD-0160,514,514,0
2024-12-31,WH-LAG2,PRD-0160,208,208,0
2024-12-31,WH-IBD,PRD-0160,89,89,0
2024-12-31,WH-ABJ,PRD-0160,64,64,0
2024-12-31,WH-PHC,PRD-0160,217,217,0
2024-12-31,WH-LAG1,PRD-0161,417,405,-12
2024-12-31,WH-LAG2,PRD-0161,215,215,0
2024-12-31,WH-IBD,PRD-0161,224,224,0
2024-12-31,WH-ABJ,PRD-0161,245,245,0
2024-12-31,WH-PHC,PRD-0161,82,82,0
2024-12-31,WH-LAG1,PRD-0162,60,60,0
2024-12-31,WH-LAG2,PRD-0162,53,53,0
2024-12-31,WH-IBD,PRD-0162,28,28,0
2024-12-31,WH-ABJ,PRD-0162,77,77,0
2024-12-31,WH-PHC,PRD-0162,31,31,0
2024-12-31,WH-LAG1,PRD-0163,154,154,0
2024-12-31,WH-LAG2,PRD-0163,49,49,0
2024-12-31,WH-IBD,PRD-0163,51,51,0
2024-12-31,WH-ABJ,PRD-0163,3,3,0
2024-12-31,WH-PHC,PRD-0163,30,29,-1
2024-12-31,WH-LAG1,PRD-0164,121,121,0
2024-12-31,WH-LAG2,PRD-0164,47,46,-1
2024-12-31,WH-IBD,PRD-0164,44,44,0
2024-12-31,WH-ABJ,PRD-0164,13,14,1
2024-12-31,WH-PHC,PRD-0164,40,40,0
2024-12-31,WH-LAG1,PRD-0165,143,143,0
2024-12-31,WH-LAG2,PRD-0165,204,204,0
2024-12-31,WH-IBD,PRD-0165,30,30,0
2024-12-31,WH-ABJ,PRD-0165,176,176,0
2024-12-31,WH-PHC,PRD-0165,103,103,0
2024-12-31,WH-LAG1,PRD-0166,305,318,13
2024-12-31,WH-LAG2,PRD-0166,57,57,0
2024-12-31,WH-IBD,PRD-0166,181,181,0
2024-12-31,WH-ABJ,PRD-0166,76,76,0
2024-12-31,WH-PHC,PRD-0166,103,103,0
2024-12-31,WH-LAG1,PRD-0167,77,77,0
2024-12-31,WH-LAG2,PRD-0167,75,75,0
2024-12-31,WH-IBD,PRD-0167,34,34,0
2024-12-31,WH-ABJ,PRD-0167,23,23,0
2024-12-31,WH-PHC,PRD-0167,10,10,0
2024-12-31,WH-LAG1,PRD-0168,22,22,0
2024-12-31,WH-LAG2,PRD-0168,8,8,0
2024-12-31,WH-IBD,PRD-0168,0,0,0
2024-12-31,WH-ABJ,PRD-0168,26,26,0
2024-12-31,WH-PHC,PRD-0168,35,35,0
2024-12-31,WH-LAG1,PRD-0169,67,67,0
2024-12-31,WH-LAG2,PRD-0169,32,32,0
2024-12-31,WH-IBD,PRD-0169,73,73,0
2024-12-31,WH-ABJ,PRD-0169,28,28,0
2024-12-31,WH-PHC,PRD-0169,64,64,0
2024-12-31,WH-LAG1,PRD-0170,15,15,0
2024-12-31,WH-LAG2,PRD-0170,18,18,0
2024-12-31,WH-IBD,PRD-0170,13,12,-1
2024-12-31,WH-ABJ,PRD-0170,78,80,2
2024-12-31,WH-PHC,PRD-0170,67,67,0
2025-01-31,WH-LAG1,PRD-0001,93,93,0
2025-01-31,WH-LAG2,PRD-0001,23,23,0
2025-01-31,WH-IBD,PRD-0001,48,48,0
2025-01-31,WH-ABJ,PRD-0001,35,34,-1
2025-01-31,WH-PHC,PRD-0001,9,9,0
2025-01-31,WH-LAG1,PRD-0002,31,31,0
2025-01-31,WH-LAG2,PRD-0002,13,13,0
2025-01-31,WH-IBD,PRD-0002,6,6,0
2025-01-31,WH-ABJ,PRD-0002,36,36,0
2025-01-31,WH-PHC,PRD-0002,31,31,0
2025-01-31,WH-LAG1,PRD-0003,15,15,0
2025-01-31,WH-LAG2,PRD-0003,21,21,0
2025-01-31,WH-IBD,PRD-0003,5,5,0
2025-01-31,WH-ABJ,PRD-0003,0,0,0
2025-01-31,WH-PHC,PRD-0003,17,17,0
2025-01-31,WH-LAG1,PRD-0004,276,287,11
2025-01-31,WH-LAG2,PRD-0004,85,85,0
2025-01-31,WH-IBD,PRD-0004,71,71,0
2025-01-31,WH-ABJ,PRD-0004,108,108,0
2025-01-31,WH-PHC,PRD-0004,61,61,0
2025-01-31,WH-LAG1,PRD-0005,13,13,0
2025-01-31,WH-LAG2,PRD-0005,28,28,0
2025-01-31,WH-IBD,PRD-0005,0,0,0
2025-01-31,WH-ABJ,PRD-0005,72,72,0
2025-01-31,WH-PHC,PRD-0005,0,0,0
2025-01-31,WH-LAG1,PRD-0006,43,43,0
2025-01-31,WH-LAG2,PRD-0006,7,7,0
2025-01-31,WH-IBD,PRD-0006,21,21,0
2025-01-31,WH-ABJ,PRD-0006,26,25,-1
2025-01-31,WH-PHC,PRD-0006,25,25,0
2025-01-31,WH-LAG1,PRD-0007,129,132,3
2025-01-31,WH-LAG2,PRD-0007,58,58,0
2025-01-31,WH-IBD,PRD-0007,53,53,0
2025-01-31,WH-ABJ,PRD-0007,48,47,-1
2025-01-31,WH-PHC,PRD-0007,86,86,0
2025-01-31,WH-LAG1,PRD-0008,30,30,0
2025-01-31,WH-LAG2,PRD-0008,51,51,0
2025-01-31,WH-IBD,PRD-0008,35,35,0
2025-01-31,WH-ABJ,PRD-0008,27,27,0
2025-01-31,WH-PHC,PRD-0008,28,27,-1
2025-01-31,WH-LAG1,PRD-0009,13,13,0
2025-01-31,WH-LAG2,PRD-0009,0,0,0
2025-01-31,WH-IBD,PRD-0009,18,18,0
2025-01-31,WH-ABJ,PRD-0009,19,19,0
2025-01-31,WH-PHC,PRD-0009,11,11,0
2025-01-31,WH-LAG1,PRD-0010,0,0,0
2025-01-31,WH-LAG2,PRD-0010,15,15,0
2025-01-31,WH-IBD,PRD-0010,20,20,0
2025-01-31,WH-ABJ,PRD-0010,26,26,0
2025-01-31,WH-PHC,PRD-0010,23,23,0
2025-01-31,WH-LAG1,PRD-0011,85,85,0
2025-01-31,WH-LAG2,PRD-0011,92,92,0
2025-01-31,WH-IBD,PRD-0011,35,35,0
2025-01-31,WH-ABJ,PRD-0011,48,48,0
2025-01-31,WH-PHC,PRD-0011,68,68,0
2025-01-31,WH-LAG1,PRD-0012,23,22,-1
2025-01-31,WH-LAG2,PRD-0012,12,11,-1
2025-01-31,WH-IBD,PRD-0012,26,26,0
2025-01-31,WH-ABJ,PRD-0012,33,33,0
2025-01-31,WH-PHC,PRD-0012,42,42,0
2025-01-31,WH-LAG1,PRD-0013,36,36,0
2025-01-31,WH-LAG2,PRD-0013,9,9,0
2025-01-31,WH-IBD,PRD-0013,25,25,0
2025-01-31,WH-ABJ,PRD-0013,28,28,0
2025-01-31,WH-PHC,PRD-0013,28,28,0
2025-01-31,WH-LAG1,PRD-0014,15,15,0
2025-01-31,WH-LAG2,PRD-0014,10,10,0
2025-01-31,WH-IBD,PRD-0014,17,17,0
2025-01-31,WH-ABJ,PRD-0014,5,5,0
2025-01-31,WH-PHC,PRD-0014,10,10,0
2025-01-31,WH-LAG1,PRD-0015,77,76,-1
2025-01-31,WH-LAG2,PRD-0015,12,12,0
2025-01-31,WH-IBD,PRD-0015,36,36,0
2025-01-31,WH-ABJ,PRD-0015,58,58,0
2025-01-31,WH-PHC,PRD-0015,68,68,0
2025-01-31,WH-LAG1,PRD-0016,86,86,0
2025-01-31,WH-LAG2,PRD-0016,63,62,-1
2025-01-31,WH-IBD,PRD-0016,73,73,0
2025-01-31,WH-ABJ,PRD-0016,72,72,0
2025-01-31,WH-PHC,PRD-0016,93,93,0
2025-01-31,WH-LAG1,PRD-0017,80,80,0
2025-01-31,WH-LAG2,PRD-0017,20,20,0
2025-01-31,WH-IBD,PRD-0017,0,0,0
2025-01-31,WH-ABJ,PRD-0017,34,34,0
2025-01-31,WH-PHC,PRD-0017,43,43,0
2025-01-31,WH-LAG1,PRD-0018,205,205,0
2025-01-31,WH-LAG2,PRD-0018,76,76,0
2025-01-31,WH-IBD,PRD-0018,61,61,0
2025-01-31,WH-ABJ,PRD-0018,98,98,0
2025-01-31,WH-PHC,PRD-0018,77,77,0
2025-01-31,WH-LAG1,PRD-0019,76,76,0
2025-01-31,WH-LAG2,PRD-0019,11,11,0
2025-01-31,WH-IBD,PRD-0019,67,68,1
2025-01-31,WH-ABJ,PRD-0019,88,88,0
2025-01-31,WH-PHC,PRD-0019,42,42,0
2025-01-31,WH-LAG1,PRD-0020,182,182,0
2025-01-31,WH-LAG2,PRD-0020,124,124,0
2025-01-31,WH-IBD,PRD-0020,50,50,0
2025-01-31,WH-ABJ,PRD-0020,125,125,0
2025-01-31,WH-PHC,PRD-0020,31,31,0
2025-01-31,WH-LAG1,PRD-0021,75,75,0
2025-01-31,WH-LAG2,PRD-0021,25,25,0
2025-01-31,WH-IBD,PRD-0021,64,64,0
2025-01-31,WH-ABJ,PRD-0021,30,31,1
2025-01-31,WH-PHC,PRD-0021,24,24,0
2025-01-31,WH-LAG1,PRD-0022,16,15,-1
2025-01-31,WH-LAG2,PRD-0022,11,11,0
2025-01-31,WH-IBD,PRD-0022,17,17,0
2025-01-31,WH-ABJ,PRD-0022,21,21,0
2025-01-31,WH-PHC,PRD-0022,7,7,0
2025-01-31,WH-LAG1,PRD-0023,28,28,0
2025-01-31,WH-LAG2,PRD-0023,54,54,0
2025-01-31,WH-IBD,PRD-0023,32,32,0
2025-01-31,WH-ABJ,PRD-0023,86,86,0
2025-01-31,WH-PHC,PRD-0023,80,80,0
2025-01-31,WH-LAG1,PRD-0024,80,78,-2
2025-01-31,WH-LAG2,PRD-0024,39,39,0
2025-01-31,WH-IBD,PRD-0024,12,13,1
2025-01-31,WH-ABJ,PRD-0024,54,54,0
2025-01-31,WH-PHC,PRD-0024,41,41,0
2025-01-31,WH-LAG1,PRD-0025,48,48,0
2025-01-31,WH-LAG2,PRD-0025,54,54,0
2025-01-31,WH-IBD,PRD-0025,67,67,0
2025-01-31,WH-ABJ,PRD-0025,22,22,0
2025-01-31,WH-PHC,PRD-0025,78,78,0
2025-01-31,WH-LAG1,PRD-0026,136,136,0
2025-01-31,WH-LAG2,PRD-0026,27,27,0
2025-01-31,WH-IBD,PRD-0026,28,28,0
2025-01-31,WH-ABJ,PRD-0026,43,43,0
2025-01-31,WH-PHC,PRD-0026,56,56,0
2025-01-31,WH-LAG1,PRD-0027,12,12,0
2025-01-31,WH-LAG2,PRD-0027,20,20,0
2025-01-31,WH-IBD,PRD-0027,18,18,0
2025-01-31,WH-ABJ,PRD-0027,7,8,1
2025-01-31,WH-PHC,PRD-0027,26,26,0
2025-01-31,WH-LAG1,PRD-0028,94,94,0
2025-01-31,WH-LAG2,PRD-0028,43,43,0
2025-01-31,WH-IBD,PRD-0028,54,54,0
2025-01-31,WH-ABJ,PRD-0028,0,0,0
2025-01-31,WH-PHC,PRD-0028,57,58,1
2025-01-31,WH-LAG1,PRD-0029,51,51,0
2025-01-31,WH-LAG2,PRD-0029,26,26,0
2025-01-31,WH-IBD,PRD-0029,11,10,-1
2025-01-31,WH-ABJ,PRD-0029,24,24,0
2025-01-31,WH-PHC,PRD-0029,13,13,0
2025-01-31,WH-LAG1,PRD-0030,19,19,0
2025-01-31,WH-LAG2,PRD-0030,10,10,0
2025-01-31,WH-IBD,PRD-0030,22,22,0
2025-01-31,WH-ABJ,PRD-0030,11,11,0
2025-01-31,WH-PHC,PRD-0030,25,25,0
2025-01-31,WH-LAG1,PRD-0031,123,123,0
2025-01-31,WH-LAG2,PRD-0031,146,146,0
2025-01-31,WH-IBD,PRD-0031,36,36,0
2025-01-31,WH-ABJ,PRD-0031,95,95,0
2025-01-31,WH-PHC,PRD-0031,87,87,0
2025-01-31,WH-LAG1,PRD-0032,36,36,0
2025-01-31,WH-LAG2,PRD-0032,28,28,0
2025-01-31,WH-IBD,PRD-0032,10,9,-1
2025-01-31,WH-ABJ,PRD-0032,5,5,0
2025-01-31,WH-PHC,PRD-0032,9,9,0
2025-01-31,WH-LAG1,PRD-0033,111,109,-2
2025-01-31,WH-LAG2,PRD-0033,67,67,0
2025-01-31,WH-IBD,PRD-0033,31,31,0
2025-01-31,WH-ABJ,PRD-0033,50,50,0
2025-01-31,WH-PHC,PRD-0033,13,13,0
2025-01-31,WH-LAG1,PRD-0034,23,23,0
2025-01-31,WH-LAG2,PRD-0034,39,39,0
2025-01-31,WH-IBD,PRD-0034,9,9,0
2025-01-31,WH-ABJ,PRD-0034,29,29,0
2025-01-31,WH-PHC,PRD-0034,16,16,0
2025-01-31,WH-LAG1,PRD-0035,48,48,0
2025-01-31,WH-LAG2,PRD-0035,87,87,0
2025-01-31,WH-IBD,PRD-0035,29,29,0
2025-01-31,WH-ABJ,PRD-0035,39,39,0
2025-01-31,WH-PHC,PRD-0035,83,83,0
2025-01-31,WH-LAG1,PRD-0036,61,61,0
2025-01-31,WH-LAG2,PRD-0036,32,33,1
2025-01-31,WH-IBD,PRD-0036,47,47,0
2025-01-31,WH-ABJ,PRD-0036,18,18,0
2025-01-31,WH-PHC,PRD-0036,45,44,-1
2025-01-31,WH-LAG1,PRD-0037,76,76,0
2025-01-31,WH-LAG2,PRD-0037,59,59,0
2025-01-31,WH-IBD,PRD-0037,118,118,0
2025-01-31,WH-ABJ,PRD-0037,61,61,0
2025-01-31,WH-PHC,PRD-0037,38,38,0
2025-01-31,WH-LAG1,PRD-0038,6,6,0
2025-01-31,WH-LAG2,PRD-0038,11,11,0
2025-01-31,WH-IBD,PRD-0038,29,29,0
2025-01-31,WH-ABJ,PRD-0038,8,7,-1
2025-01-31,WH-PHC,PRD-0038,10,10,0
2025-01-31,WH-LAG1,PRD-0039,114,114,0
2025-01-31,WH-LAG2,PRD-0039,108,108,0
2025-01-31,WH-IBD,PRD-0039,136,136,0
2025-01-31,WH-ABJ,PRD-0039,80,80,0
2025-01-31,WH-PHC,PRD-0039,195,195,0
2025-01-31,WH-LAG1,PRD-0040,70,70,0
2025-01-31,WH-LAG2,PRD-0040,25,25,0
2025-01-31,WH-IBD,PRD-0040,39,39,0
2025-01-31,WH-ABJ,PRD-0040,74,74,0
2025-01-31,WH-PHC,PRD-0040,13,13,0
2025-01-31,WH-LAG1,PRD-0041,100,100,0
2025-01-31,WH-LAG2,PRD-0041,33,33,0
2025-01-31,WH-IBD,PRD-0041,69,69,0
2025-01-31,WH-ABJ,PRD-0041,58,58,0
2025-01-31,WH-PHC,PRD-0041,0,0,0
2025-01-31,WH-LAG1,PRD-0042,15,15,0
2025-01-31,WH-LAG2,PRD-0042,10,10,0
2025-01-31,WH-IBD,PRD-0042,8,9,1
2025-01-31,WH-ABJ,PRD-0042,23,23,0
2025-01-31,WH-PHC,PRD-0042,11,12,1
2025-01-31,WH-LAG1,PRD-0043,60,60,0
2025-01-31,WH-LAG2,PRD-0043,36,36,0
2025-01-31,WH-IBD,PRD-0043,70,70,0
2025-01-31,WH-ABJ,PRD-0043,18,17,-1
2025-01-31,WH-PHC,PRD-0043,71,71,0
2025-01-31,WH-LAG1,PRD-0044,12,12,0
2025-01-31,WH-LAG2,PRD-0044,10,10,0
2025-01-31,WH-IBD,PRD-0044,9,10,1
2025-01-31,WH-ABJ,PRD-0044,5,5,0
2025-01-31,WH-PHC,PRD-0044,8,8,0
2025-01-31,WH-LAG1,PRD-0045,83,83,0
2025-01-31,WH-LAG2,PRD-0045,29,28,-1
2025-01-31,WH-IBD,PRD-0045,64,64,0
2025-01-31,WH-ABJ,PRD-0045,114,114,0
2025-01-31,WH-PHC,PRD-0045,59,59,0
2025-01-31,WH-LAG1,PRD-0046,63,63,0
2025-01-31,WH-LAG2,PRD-0046,18,18,0
2025-01-31,WH-IBD,PRD-0046,63,63,0
2025-01-31,WH-ABJ,PRD-0046,4,4,0
2025-01-31,WH-PHC,PRD-0046,59,59,0
2025-01-31,WH-LAG1,PRD-0047,144,140,-4
2025-01-31,WH-LAG2,PRD-0047,46,47,1
2025-01-31,WH-IBD,PRD-0047,43,43,0
2025-01-31,WH-ABJ,PRD-0047,64,64,0
2025-01-31,WH-PHC,PRD-0047,70,70,0
2025-01-31,WH-LAG1,PRD-0048,119,119,0
2025-01-31,WH-LAG2,PRD-0048,65,65,0
2025-01-31,WH-IBD,PRD-0048,16,16,0
2025-01-31,WH-ABJ,PRD-0048,97,97,0
2025-01-31,WH-PHC,PRD-0048,18,18,0
2025-01-31,WH-LAG1,PRD-0049,86,86,0
2025-01-31,WH-LAG2,PRD-0049,65,65,0
2025-01-31,WH-IBD,PRD-0049,9,9,0
2025-01-31,WH-ABJ,PRD-0049,24,24,0
2025-01-31,WH-PHC,PRD-0049,33,33,0
2025-01-31,WH-LAG1,PRD-0050,95,93,-2
2025-01-31,WH-LAG2,PRD-0050,65,63,-2
2025-01-31,WH-IBD,PRD-0050,12,12,0
2025-01-31,WH-ABJ,PRD-0050,20,20,0
2025-01-31,WH-PHC,PRD-0050,33,33,0
2025-01-31,WH-LAG1,PRD-0051,242,242,0
2025-01-31,WH-LAG2,PRD-0051,148,148,0
2025-01-31,WH-IBD,PRD-0051,134,134,0
2025-01-31,WH-ABJ,PRD-0051,118,118,0
2025-01-31,WH-PHC,PRD-0051,129,129,0
2025-01-31,WH-LAG1,PRD-0052,24,24,0
2025-01-31,WH-LAG2,PRD-0052,14,15,1
2025-01-31,WH-IBD,PRD-0052,10,10,0
2025-01-31,WH-ABJ,PRD-0052,15,15,0
2025-01-31,WH-PHC,PRD-0052,18,18,0
2025-01-31,WH-LAG1,PRD-0053,30,30,0
2025-01-31,WH-LAG2,PRD-0053,2,2,0
2025-01-31,WH-IBD,PRD-0053,10,10,0
2025-01-31,WH-ABJ,PRD-0053,14,14,0
2025-01-31,WH-PHC,PRD-0053,8,8,0
2025-01-31,WH-LAG1,PRD-0054,47,47,0
2025-01-31,WH-LAG2,PRD-0054,5,4,-1
2025-01-31,WH-IBD,PRD-0054,47,47,0
2025-01-31,WH-ABJ,PRD-0054,10,10,0
2025-01-31,WH-PHC,PRD-0054,49,48,-1
2025-01-31,WH-LAG1,PRD-0055,16,16,0
2025-01-31,WH-LAG2,PRD-0055,17,18,1
2025-01-31,WH-IBD,PRD-0055,11,11,0
2025-01-31,WH-ABJ,PRD-0055,64,64,0
2025-01-31,WH-PHC,PRD-0055,61,61,0
2025-01-31,WH-LAG1,PRD-0056,42,42,0
2025-01-31,WH-LAG2,PRD-0056,35,35,0
2025-01-31,WH-IBD,PRD-0056,25,25,0
2025-01-31,WH-ABJ,PRD-0056,40,39,-1
2025-01-31,WH-PHC,PRD-0056,47,47,0
2025-01-31,WH-LAG1,PRD-0057,263,263,0
2025-01-31,WH-LAG2,PRD-0057,55,55,0
2025-01-31,WH-IBD,PRD-0057,73,73,0
2025-01-31,WH-ABJ,PRD-0057,83,83,0
2025-01-31,WH-PHC,PRD-0057,188,190,2
2025-01-31,WH-LAG1,PRD-0058,127,127,0
2025-01-31,WH-LAG2,PRD-0058,61,61,0
2025-01-31,WH-IBD,PRD-0058,67,68,1
2025-01-31,WH-ABJ,PRD-0058,60,60,0
2025-01-31,WH-PHC,PRD-0058,25,25,0
2025-01-31,WH-LAG1,PRD-0059,102,102,0
2025-01-31,WH-LAG2,PRD-0059,52,52,0
2025-01-31,WH-IBD,PRD-0059,37,37,0
2025-01-31,WH-ABJ,PRD-0059,47,47,0
2025-01-31,WH-PHC,PRD-0059,36,36,0
2025-01-31,WH-LAG1,PRD-0060,88,88,0
2025-01-31,WH-LAG2,PRD-0060,51,51,0
2025-01-31,WH-IBD,PRD-0060,108,108,0
2025-01-31,WH-ABJ,PRD-0060,69,69,0
2025-01-31,WH-PHC,PRD-0060,140,136,-4
2025-01-31,WH-LAG1,PRD-0061,118,118,0
2025-01-31,WH-LAG2,PRD-0061,18,18,0
2025-01-31,WH-IBD,PRD-0061,0,0,0
2025-01-31,WH-ABJ,PRD-0061,110,110,0
2025-01-31,WH-PHC,PRD-0061,80,80,0
2025-01-31,WH-LAG1,PRD-0062,41,41,0
2025-01-31,WH-LAG2,PRD-0062,136,136,0
2025-01-31,WH-IBD,PRD-0062,80,80,0
2025-01-31,WH-ABJ,PRD-0062,154,154,0
2025-01-31,WH-PHC,PRD-0062,105,105,0
2025-01-31,WH-LAG1,PRD-0063,94,94,0
2025-01-31,WH-LAG2,PRD-0063,43,43,0
2025-01-31,WH-IBD,PRD-0063,35,35,0
2025-01-31,WH-ABJ,PRD-0063,74,74,0
2025-01-31,WH-PHC,PRD-0063,53,53,0
2025-01-31,WH-LAG1,PRD-0064,216,216,0
2025-01-31,WH-LAG2,PRD-0064,0,0,0
2025-01-31,WH-IBD,PRD-0064,58,58,0
2025-01-31,WH-ABJ,PRD-0064,174,167,-7
2025-01-31,WH-PHC,PRD-0064,94,94,0
2025-01-31,WH-LAG1,PRD-0065,207,207,0
2025-01-31,WH-LAG2,PRD-0065,83,83,0
2025-01-31,WH-IBD,PRD-0065,44,43,-1
2025-01-31,WH-ABJ,PRD-0065,97,94,-3
2025-01-31,WH-PHC,PRD-0065,107,107,0
2025-01-31,WH-LAG1,PRD-0066,11,11,0
2025-01-31,WH-LAG2,PRD-0066,3,3,0
2025-01-31,WH-IBD,PRD-0066,10,10,0
2025-01-31,WH-ABJ,PRD-0066,10,10,0
2025-01-31,WH-PHC,PRD-0066,9,9,0
2025-01-31,WH-LAG1,PRD-0067,0,0,-1
2025-01-31,WH-LAG2,PRD-0067,90,90,0
2025-01-31,WH-IBD,PRD-0067,41,41,0
2025-01-31,WH-ABJ,PRD-0067,14,14,0
2025-01-31,WH-PHC,PRD-0067,56,56,0
2025-01-31,WH-LAG1,PRD-0068,268,268,0
2025-01-31,WH-LAG2,PRD-0068,140,140,0
2025-01-31,WH-IBD,PRD-0068,133,133,0
2025-01-31,WH-ABJ,PRD-0068,96,98,2
2025-01-31,WH-PHC,PRD-0068,131,131,0
2025-01-31,WH-LAG1,PRD-0069,19,19,0
2025-01-31,WH-LAG2,PRD-0069,13,13,0
2025-01-31,WH-IBD,PRD-0069,8,8,0
2025-01-31,WH-ABJ,PRD-0069,29,29,0
2025-01-31,WH-PHC,PRD-0069,10,10,0
2025-01-31,WH-LAG1,PRD-0070,95,95,0
2025-01-31,WH-LAG2,PRD-0070,34,34,0
2025-01-31,WH-IBD,PRD-0070,32,32,0
2025-01-31,WH-ABJ,PRD-0070,34,34,0
2025-01-31,WH-PHC,PRD-0070,3,3,0
2025-01-31,WH-LAG1,PRD-0071,22,22,0
2025-01-31,WH-LAG2,PRD-0071,4,4,0
2025-01-31,WH-IBD,PRD-0071,21,21,0
2025-01-31,WH-ABJ,PRD-0071,20,21,1
2025-01-31,WH-PHC,PRD-0071,0,0,0
2025-01-31,WH-LAG1,PRD-0072,90,90,0
2025-01-31,WH-LAG2,PRD-0072,29,29,0
2025-01-31,WH-IBD,PRD-0072,41,40,-1
2025-01-31,WH-ABJ,PRD-0072,52,52,0
2025-01-31,WH-PHC,PRD-0072,44,43,-1
2025-01-31,WH-LAG1,PRD-0073,18,18,0
2025-01-31,WH-LAG2,PRD-0073,11,11,0
2025-01-31,WH-IBD,PRD-0073,22,22,0
2025-01-31,WH-ABJ,PRD-0073,16,16,0
2025-01-31,WH-PHC,PRD-0073,22,22,0
2025-01-31,WH-LAG1,PRD-0074,67,67,0
2025-01-31,WH-LAG2,PRD-0074,63,63,0
2025-01-31,WH-IBD,PRD-0074,82,79,-3
2025-01-31,WH-ABJ,PRD-0074,40,40,0
2025-01-31,WH-PHC,PRD-0074,19,19,0
2025-01-31,WH-LAG1,PRD-0075,65,65,0
2025-01-31,WH-LAG2,PRD-0075,28,27,-1
2025-01-31,WH-IBD,PRD-0075,21,21,0
2025-01-31,WH-ABJ,PRD-0075,19,19,0
2025-01-31,WH-PHC,PRD-0075,6,6,0
2025-01-31,WH-LAG1,PRD-0076,49,49,0
2025-01-31,WH-LAG2,PRD-0076,64,64,0
2025-01-31,WH-IBD,PRD-0076,56,57,1
2025-01-31,WH-ABJ,PRD-0076,18,18,0
2025-01-31,WH-PHC,PRD-0076,32,32,0
2025-01-31,WH-LAG1,PRD-0077,170,163,-7
2025-01-31,WH-LAG2,PRD-0077,166,166,0
2025-01-31,WH-IBD,PRD-0077,84,86,2
2025-01-31,WH-ABJ,PRD-0077,266,266,0
2025-01-31,WH-PHC,PRD-0077,284,284,0
2025-01-31,WH-LAG1,PRD-0078,150,147,-3
2025-01-31,WH-LAG2,PRD-0078,72,72,0
2025-01-31,WH-IBD,PRD-0078,85,85,0
2025-01-31,WH-ABJ,PRD-0078,58,58,0
2025-01-31,WH-PHC,PRD-0078,58,58,0
2025-01-31,WH-LAG1,PRD-0079,127,127,0
2025-01-31,WH-LAG2,PRD-0079,74,74,0
2025-01-31,WH-IBD,PRD-0079,39,39,0
2025-01-31,WH-ABJ,PRD-0079,83,86,3
2025-01-31,WH-PHC,PRD-0079,58,58,0
2025-01-31,WH-LAG1,PRD-0080,0,0,0
2025-01-31,WH-LAG2,PRD-0080,86,86,0
2025-01-31,WH-IBD,PRD-0080,48,48,0
2025-01-31,WH-ABJ,PRD-0080,32,32,0
2025-01-31,WH-PHC,PRD-0080,59,59,0
2025-01-31,WH-LAG1,PRD-0081,56,56,0
2025-01-31,WH-LAG2,PRD-0081,40,40,0
2025-01-31,WH-IBD,PRD-0081,30,30,0
2025-01-31,WH-ABJ,PRD-0081,47,47,0
2025-01-31,WH-PHC,PRD-0081,54,54,0
2025-01-31,WH-LAG1,PRD-0082,259,259,0
2025-01-31,WH-LAG2,PRD-0082,108,108,0
2025-01-31,WH-IBD,PRD-0082,63,63,0
2025-01-31,WH-ABJ,PRD-0082,111,111,0
2025-01-31,WH-PHC,PRD-0082,74,75,1
2025-01-31,WH-LAG1,PRD-0083,154,159,5
2025-01-31,WH-LAG2,PRD-0083,199,199,0
2025-01-31,WH-IBD,PRD-0083,157,159,2
2025-01-31,WH-ABJ,PRD-0083,71,71,0
2025-01-31,WH-PHC,PRD-0083,139,139,0
2025-01-31,WH-LAG1,PRD-0084,150,150,0
2025-01-31,WH-LAG2,PRD-0084,63,63,0
2025-01-31,WH-IBD,PRD-0084,44,44,0
2025-01-31,WH-ABJ,PRD-0084,129,129,0
2025-01-31,WH-PHC,PRD-0084,49,49,0
2025-01-31,WH-LAG1,PRD-0085,190,190,0
2025-01-31,WH-LAG2,PRD-0085,81,81,0
2025-01-31,WH-IBD,PRD-0085,24,24,0
2025-01-31,WH-ABJ,PRD-0085,97,97,0
2025-01-31,WH-PHC,PRD-0085,66,66,0
2025-01-31,WH-LAG1,PRD-0086,23,23,0
2025-01-31,WH-LAG2,PRD-0086,0,1,1
2025-01-31,WH-IBD,PRD-0086,85,85,0
2025-01-31,WH-ABJ,PRD-0086,223,223,0
2025-01-31,WH-PHC,PRD-0086,146,140,-6
2025-01-31,WH-LAG1,PRD-0087,26,26,0
2025-01-31,WH-LAG2,PRD-0087,7,7,0
2025-01-31,WH-IBD,PRD-0087,23,23,0
2025-01-31,WH-ABJ,PRD-0087,5,5,0
2025-01-31,WH-PHC,PRD-0087,8,8,0
2025-01-31,WH-LAG1,PRD-0088,55,55,0
2025-01-31,WH-LAG2,PRD-0088,13,13,0
2025-01-31,WH-IBD,PRD-0088,53,53,0
2025-01-31,WH-ABJ,PRD-0088,63,63,0
2025-01-31,WH-PHC,PRD-0088,49,49,0
2025-01-31,WH-LAG1,PRD-0089,44,44,0
2025-01-31,WH-LAG2,PRD-0089,25,25,0
2025-01-31,WH-IBD,PRD-0089,49,49,0
2025-01-31,WH-ABJ,PRD-0089,41,41,0
2025-01-31,WH-PHC,PRD-0089,27,27,0
2025-01-31,WH-LAG1,PRD-0090,2252,2252,0
2025-01-31,WH-LAG2,PRD-0090,399,399,0
2025-01-31,WH-IBD,PRD-0090,573,573,0
2025-01-31,WH-ABJ,PRD-0090,611,611,0
2025-01-31,WH-PHC,PRD-0090,232,232,0
2025-01-31,WH-LAG1,PRD-0091,94,94,0
2025-01-31,WH-LAG2,PRD-0091,129,129,0
2025-01-31,WH-IBD,PRD-0091,45,45,0
2025-01-31,WH-ABJ,PRD-0091,75,75,0
2025-01-31,WH-PHC,PRD-0091,33,33,0
2025-01-31,WH-LAG1,PRD-0092,84,84,0
2025-01-31,WH-LAG2,PRD-0092,30,29,-1
2025-01-31,WH-IBD,PRD-0092,38,39,1
2025-01-31,WH-ABJ,PRD-0092,41,41,0
2025-01-31,WH-PHC,PRD-0092,21,21,0
2025-01-31,WH-LAG1,PRD-0093,48,48,0
2025-01-31,WH-LAG2,PRD-0093,74,74,0
2025-01-31,WH-IBD,PRD-0093,88,88,0
2025-01-31,WH-ABJ,PRD-0093,128,128,0
2025-01-31,WH-PHC,PRD-0093,48,50,2
2025-01-31,WH-LAG1,PRD-0094,45,45,0
2025-01-31,WH-LAG2,PRD-0094,10,10,0
2025-01-31,WH-IBD,PRD-0094,23,23,0
2025-01-31,WH-ABJ,PRD-0094,9,9,0
2025-01-31,WH-PHC,PRD-0094,9,9,0
2025-01-31,WH-LAG1,PRD-0095,37,37,0
2025-01-31,WH-LAG2,PRD-0095,23,24,1
2025-01-31,WH-IBD,PRD-0095,24,24,0
2025-01-31,WH-ABJ,PRD-0095,23,23,0
2025-01-31,WH-PHC,PRD-0095,22,22,0
2025-01-31,WH-LAG1,PRD-0096,20,20,0
2025-01-31,WH-LAG2,PRD-0096,20,20,0
2025-01-31,WH-IBD,PRD-0096,2,2,0
2025-01-31,WH-ABJ,PRD-0096,28,28,0
2025-01-31,WH-PHC,PRD-0096,18,18,0
2025-01-31,WH-LAG1,PRD-0097,23,23,0
2025-01-31,WH-LAG2,PRD-0097,20,20,0
2025-01-31,WH-IBD,PRD-0097,26,25,-1
2025-01-31,WH-ABJ,PRD-0097,36,36,0
2025-01-31,WH-PHC,PRD-0097,34,34,0
2025-01-31,WH-LAG1,PRD-0098,434,434,0
2025-01-31,WH-LAG2,PRD-0098,173,176,3
2025-01-31,WH-IBD,PRD-0098,98,98,0
2025-01-31,WH-ABJ,PRD-0098,184,184,0
2025-01-31,WH-PHC,PRD-0098,223,233,10
2025-01-31,WH-LAG1,PRD-0099,52,52,0
2025-01-31,WH-LAG2,PRD-0099,16,16,0
2025-01-31,WH-IBD,PRD-0099,11,11,0
2025-01-31,WH-ABJ,PRD-0099,28,28,0
2025-01-31,WH-PHC,PRD-0099,33,33,0
2025-01-31,WH-LAG1,PRD-0100,737,737,0
2025-01-31,WH-LAG2,PRD-0100,193,193,0
2025-01-31,WH-IBD,PRD-0100,241,241,0
2025-01-31,WH-ABJ,PRD-0100,168,168,0
2025-01-31,WH-PHC,PRD-0100,94,94,0
2025-01-31,WH-LAG1,PRD-0101,54,54,0
2025-01-31,WH-LAG2,PRD-0101,33,33,0
2025-01-31,WH-IBD,PRD-0101,21,21,0
2025-01-31,WH-ABJ,PRD-0101,18,18,0
2025-01-31,WH-PHC,PRD-0101,21,21,0
2025-01-31,WH-LAG1,PRD-0102,138,138,0
2025-01-31,WH-LAG2,PRD-0102,33,33,0
2025-01-31,WH-IBD,PRD-0102,27,27,0
2025-01-31,WH-ABJ,PRD-0102,45,45,0
2025-01-31,WH-PHC,PRD-0102,30,30,0
2025-01-31,WH-LAG1,PRD-0103,165,165,0
2025-01-31,WH-LAG2,PRD-0103,52,52,0
2025-01-31,WH-IBD,PRD-0103,19,19,0
2025-01-31,WH-ABJ,PRD-0103,52,52,0
2025-01-31,WH-PHC,PRD-0103,89,89,0
2025-01-31,WH-LAG1,PRD-0104,52,52,0
2025-01-31,WH-LAG2,PRD-0104,26,26,0
2025-01-31,WH-IBD,PRD-0104,32,32,0
2025-01-31,WH-ABJ,PRD-0104,5,5,0
2025-01-31,WH-PHC,PRD-0104,34,34,0
2025-01-31,WH-LAG1,PRD-0105,40,40,0
2025-01-31,WH-LAG2,PRD-0105,23,23,0
2025-01-31,WH-IBD,PRD-0105,25,25,0
2025-01-31,WH-ABJ,PRD-0105,11,11,0
2025-01-31,WH-PHC,PRD-0105,37,38,1
2025-01-31,WH-LAG1,PRD-0106,52,52,0
2025-01-31,WH-LAG2,PRD-0106,10,10,0
2025-01-31,WH-IBD,PRD-0106,27,27,0
2025-01-31,WH-ABJ,PRD-0106,23,23,0
2025-01-31,WH-PHC,PRD-0106,26,26,0
2025-01-31,WH-LAG1,PRD-0107,14,14,0
2025-01-31,WH-LAG2,PRD-0107,13,14,1
2025-01-31,WH-IBD,PRD-0107,0,0,-1
2025-01-31,WH-ABJ,PRD-0107,38,38,0
2025-01-31,WH-PHC,PRD-0107,23,24,1
2025-01-31,WH-LAG1,PRD-0108,234,234,0
2025-01-31,WH-LAG2,PRD-0108,194,194,0
2025-01-31,WH-IBD,PRD-0108,156,156,0
2025-01-31,WH-ABJ,PRD-0108,123,123,0
2025-01-31,WH-PHC,PRD-0108,161,161,0
2025-01-31,WH-LAG1,PRD-0109,128,128,0
2025-01-31,WH-LAG2,PRD-0109,39,39,0
2025-01-31,WH-IBD,PRD-0109,122,122,0
2025-01-31,WH-ABJ,PRD-0109,37,37,0
2025-01-31,WH-PHC,PRD-0109,71,71,0
2025-01-31,WH-LAG1,PRD-0110,36,36,0
2025-01-31,WH-LAG2,PRD-0110,36,36,0
2025-01-31,WH-IBD,PRD-0110,18,18,0
2025-01-31,WH-ABJ,PRD-0110,31,32,1
2025-01-31,WH-PHC,PRD-0110,9,9,0
2025-01-31,WH-LAG1,PRD-0111,173,173,0
2025-01-31,WH-LAG2,PRD-0111,105,105,0
2025-01-31,WH-IBD,PRD-0111,86,86,0
2025-01-31,WH-ABJ,PRD-0111,52,52,0
2025-01-31,WH-PHC,PRD-0111,85,85,0
2025-01-31,WH-LAG1,PRD-0112,25,25,0
2025-01-31,WH-LAG2,PRD-0112,17,17,0
2025-01-31,WH-IBD,PRD-0112,10,10,0
2025-01-31,WH-ABJ,PRD-0112,24,24,0
2025-01-31,WH-PHC,PRD-0112,21,20,-1
2025-01-31,WH-LAG1,PRD-0113,54,54,0
2025-01-31,WH-LAG2,PRD-0113,80,80,0
2025-01-31,WH-IBD,PRD-0113,76,76,0
2025-01-31,WH-ABJ,PRD-0113,34,33,-1
2025-01-31,WH-PHC,PRD-0113,26,26,0
2025-01-31,WH-LAG1,PRD-0114,25,24,-1
2025-01-31,WH-LAG2,PRD-0114,10,10,0
2025-01-31,WH-IBD,PRD-0114,20,20,0
2025-01-31,WH-ABJ,PRD-0114,21,21,0
2025-01-31,WH-PHC,PRD-0114,6,7,1
2025-01-31,WH-LAG1,PRD-0115,17,17,0
2025-01-31,WH-LAG2,PRD-0115,32,32,0
2025-01-31,WH-IBD,PRD-0115,0,0,0
2025-01-31,WH-ABJ,PRD-0115,52,50,-2
2025-01-31,WH-PHC,PRD-0115,40,40,0
2025-01-31,WH-LAG1,PRD-0116,101,101,0
2025-01-31,WH-LAG2,PRD-0116,23,23,0
2025-01-31,WH-IBD,PRD-0116,0,0,0
2025-01-31,WH-ABJ,PRD-0116,21,20,-1
2025-01-31,WH-PHC,PRD-0116,0,0,0
2025-01-31,WH-LAG1,PRD-0117,26,26,0
2025-01-31,WH-LAG2,PRD-0117,42,42,0
2025-01-31,WH-IBD,PRD-0117,64,64,0
2025-01-31,WH-ABJ,PRD-0117,75,75,0
2025-01-31,WH-PHC,PRD-0117,55,55,0
2025-01-31,WH-LAG1,PRD-0118,220,220,0
2025-01-31,WH-LAG2,PRD-0118,88,92,4
2025-01-31,WH-IBD,PRD-0118,115,115,0
2025-01-31,WH-ABJ,PRD-0118,260,260,0
2025-01-31,WH-PHC,PRD-0118,91,91,0
2025-01-31,WH-LAG1,PRD-0119,26,26,0
2025-01-31,WH-LAG2,PRD-0119,25,25,0
2025-01-31,WH-IBD,PRD-0119,14,14,0
2025-01-31,WH-ABJ,PRD-0119,18,18,0
2025-01-31,WH-PHC,PRD-0119,10,10,0
2025-01-31,WH-LAG1,PRD-0120,168,168,0
2025-01-31,WH-LAG2,PRD-0120,47,47,0
2025-01-31,WH-IBD,PRD-0120,78,78,0
2025-01-31,WH-ABJ,PRD-0120,64,64,0
2025-01-31,WH-PHC,PRD-0120,43,43,0
2025-01-31,WH-LAG1,PRD-0121,385,385,0
2025-01-31,WH-LAG2,PRD-0121,60,60,0
2025-01-31,WH-IBD,PRD-0121,88,88,0
2025-01-31,WH-ABJ,PRD-0121,147,147,0
2025-01-31,WH-PHC,PRD-0121,128,128,0
2025-01-31,WH-LAG1,PRD-0122,85,85,0
2025-01-31,WH-LAG2,PRD-0122,122,117,-5
2025-01-31,WH-IBD,PRD-0122,44,44,0
2025-01-31,WH-ABJ,PRD-0122,69,69,0
2025-01-31,WH-PHC,PRD-0122,142,142,0
2025-01-31,WH-LAG1,PRD-0123,68,68,0
2025-01-31,WH-LAG2,PRD-0123,85,85,0
2025-01-31,WH-IBD,PRD-0123,19,19,0
2025-01-31,WH-ABJ,PRD-0123,62,62,0
2025-01-31,WH-PHC,PRD-0123,59,61,2
2025-01-31,WH-LAG1,PRD-0124,22,22,0
2025-01-31,WH-LAG2,PRD-0124,47,47,0
2025-01-31,WH-IBD,PRD-0124,64,64,0
2025-01-31,WH-ABJ,PRD-0124,21,21,0
2025-01-31,WH-PHC,PRD-0124,67,67,0
2025-01-31,WH-LAG1,PRD-0125,101,101,0
2025-01-31,WH-LAG2,PRD-0125,249,249,0
2025-01-31,WH-IBD,PRD-0125,125,125,0
2025-01-31,WH-ABJ,PRD-0125,152,152,0
2025-01-31,WH-PHC,PRD-0125,244,244,0
2025-01-31,WH-LAG1,PRD-0126,35,35,0
2025-01-31,WH-LAG2,PRD-0126,19,19,0
2025-01-31,WH-IBD,PRD-0126,16,17,1
2025-01-31,WH-ABJ,PRD-0126,42,42,0
2025-01-31,WH-PHC,PRD-0126,29,29,0
2025-01-31,WH-LAG1,PRD-0127,26,26,0
2025-01-31,WH-LAG2,PRD-0127,0,0,0
2025-01-31,WH-IBD,PRD-0127,26,26,0
2025-01-31,WH-ABJ,PRD-0127,10,10,0
2025-01-31,WH-PHC,PRD-0127,29,29,0
2025-01-31,WH-LAG1,PRD-0128,143,143,0
2025-01-31,WH-LAG2,PRD-0128,34,34,0
2025-01-31,WH-IBD,PRD-0128,45,45,0
2025-01-31,WH-ABJ,PRD-0128,26,26,0
2025-01-31,WH-PHC,PRD-0128,72,72,0
2025-01-31,WH-LAG1,PRD-0129,25,25,0
2025-01-31,WH-LAG2,PRD-0129,17,17,0
2025-01-31,WH-IBD,PRD-0129,9,9,0
2025-01-31,WH-ABJ,PRD-0129,17,17,0
2025-01-31,WH-PHC,PRD-0129,4,4,0
2025-01-31,WH-LAG1,PRD-0130,80,80,0
2025-01-31,WH-LAG2,PRD-0130,40,40,0
2025-01-31,WH-IBD,PRD-0130,24,24,0
2025-01-31,WH-ABJ,PRD-0130,32,32,0
2025-01-31,WH-PHC,PRD-0130,37,38,1
2025-01-31,WH-LAG1,PRD-0131,133,133,0
2025-01-31,WH-LAG2,PRD-0131,35,35,0
2025-01-31,WH-IBD,PRD-0131,102,102,0
2025-01-31,WH-ABJ,PRD-0131,47,47,0
2025-01-31,WH-PHC,PRD-0131,25,25,0
2025-01-31,WH-LAG1,PRD-0132,51,51,0
2025-01-31,WH-LAG2,PRD-0132,10,10,0
2025-01-31,WH-IBD,PRD-0132,50,50,0
2025-01-31,WH-ABJ,PRD-0132,20,20,0
2025-01-31,WH-PHC,PRD-0132,57,57,0
2025-01-31,WH-LAG1,PRD-0133,31,31,0
2025-01-31,WH-LAG2,PRD-0133,18,18,0
2025-01-31,WH-IBD,PRD-0133,33,34,1
2025-01-31,WH-ABJ,PRD-0133,49,49,0
2025-01-31,WH-PHC,PRD-0133,8,8,0
2025-01-31,WH-LAG1,PRD-0134,19,19,0
2025-01-31,WH-LAG2,PRD-0134,20,19,-1
2025-01-31,WH-IBD,PRD-0134,31,31,0
2025-01-31,WH-ABJ,PRD-0134,19,19,0
2025-01-31,WH-PHC,PRD-0134,21,21,0
2025-01-31,WH-LAG1,PRD-0135,250,240,-10
2025-01-31,WH-LAG2,PRD-0135,6,6,0
2025-01-31,WH-IBD,PRD-0135,81,81,0
2025-01-31,WH-ABJ,PRD-0135,90,90,0
2025-01-31,WH-PHC,PRD-0135,99,99,0
2025-01-31,WH-LAG1,PRD-0136,48,48,0
2025-01-31,WH-LAG2,PRD-0136,37,37,0
2025-01-31,WH-IBD,PRD-0136,37,37,0
2025-01-31,WH-ABJ,PRD-0136,25,25,0
2025-01-31,WH-PHC,PRD-0136,39,39,0
2025-01-31,WH-LAG1,PRD-0137,96,96,0
2025-01-31,WH-LAG2,PRD-0137,46,46,0
2025-01-31,WH-IBD,PRD-0137,77,77,0
2025-01-31,WH-ABJ,PRD-0137,52,52,0
2025-01-31,WH-PHC,PRD-0137,47,46,-1
2025-01-31,WH-LAG1,PRD-0138,198,198,0
2025-01-31,WH-LAG2,PRD-0138,97,97,0
2025-01-31,WH-IBD,PRD-0138,46,46,0
2025-01-31,WH-ABJ,PRD-0138,91,91,0
2025-01-31,WH-PHC,PRD-0138,78,78,0
2025-01-31,WH-LAG1,PRD-0139,44,44,0
2025-01-31,WH-LAG2,PRD-0139,13,13,0
2025-01-31,WH-IBD,PRD-0139,28,28,0
2025-01-31,WH-ABJ,PRD-0139,36,36,0
2025-01-31,WH-PHC,PRD-0139,41,41,0
2025-01-31,WH-LAG1,PRD-0140,47,48,1
2025-01-31,WH-LAG2,PRD-0140,38,38,0
2025-01-31,WH-IBD,PRD-0140,56,56,0
2025-01-31,WH-ABJ,PRD-0140,58,59,1
2025-01-31,WH-PHC,PRD-0140,54,54,0
2025-01-31,WH-LAG1,PRD-0141,55,55,0
2025-01-31,WH-LAG2,PRD-0141,25,25,0
2025-01-31,WH-IBD,PRD-0141,50,50,0
2025-01-31,WH-ABJ,PRD-0141,61,61,0
2025-01-31,WH-PHC,PRD-0141,60,60,0
2025-01-31,WH-LAG1,PRD-0142,273,268,-5
2025-01-31,WH-LAG2,PRD-0142,69,68,-1
2025-01-31,WH-IBD,PRD-0142,48,47,-1
2025-01-31,WH-ABJ,PRD-0142,134,136,2
2025-01-31,WH-PHC,PRD-0142,153,153,0
2025-01-31,WH-LAG1,PRD-0143,102,102,0
2025-01-31,WH-LAG2,PRD-0143,34,34,0
2025-01-31,WH-IBD,PRD-0143,4,4,0
2025-01-31,WH-ABJ,PRD-0143,24,24,0
2025-01-31,WH-PHC,PRD-0143,55,54,-1
2025-01-31,WH-LAG1,PRD-0144,79,79,0
2025-01-31,WH-LAG2,PRD-0144,42,42,0
2025-01-31,WH-IBD,PRD-0144,33,33,0
2025-01-31,WH-ABJ,PRD-0144,44,44,0
2025-01-31,WH-PHC,PRD-0144,15,15,0
2025-01-31,WH-LAG1,PRD-0145,55,55,0
2025-01-31,WH-LAG2,PRD-0145,86,86,0
2025-01-31,WH-IBD,PRD-0145,73,73,0
2025-01-31,WH-ABJ,PRD-0145,126,126,0
2025-01-31,WH-PHC,PRD-0145,69,69,0
2025-01-31,WH-LAG1,PRD-0146,27,26,-1
2025-01-31,WH-LAG2,PRD-0146,15,15,0
2025-01-31,WH-IBD,PRD-0146,25,25,0
2025-01-31,WH-ABJ,PRD-0146,61,61,0
2025-01-31,WH-PHC,PRD-0146,42,43,1
2025-01-31,WH-LAG1,PRD-0147,113,113,0
2025-01-31,WH-LAG2,PRD-0147,28,28,0
2025-01-31,WH-IBD,PRD-0147,12,12,0
2025-01-31,WH-ABJ,PRD-0147,36,36,0
2025-01-31,WH-PHC,PRD-0147,40,40,0
2025-01-31,WH-LAG1,PRD-0148,64,64,0
2025-01-31,WH-LAG2,PRD-0148,28,28,0
2025-01-31,WH-IBD,PRD-0148,39,39,0
2025-01-31,WH-ABJ,PRD-0148,0,0,0
2025-01-31,WH-PHC,PRD-0148,40,40,0
2025-01-31,WH-LAG1,PRD-0149,54,54,0
2025-01-31,WH-LAG2,PRD-0149,27,26,-1
2025-01-31,WH-IBD,PRD-0149,28,28,0
2025-01-31,WH-ABJ,PRD-0149,15,15,0
2025-01-31,WH-PHC,PRD-0149,18,18,0
2025-01-31,WH-LAG1,PRD-0150,146,146,0
2025-01-31,WH-LAG2,PRD-0150,42,42,0
2025-01-31,WH-IBD,PRD-0150,49,49,0
2025-01-31,WH-ABJ,PRD-0150,66,66,0
2025-01-31,WH-PHC,PRD-0150,55,55,0
2025-01-31,WH-LAG1,PRD-0151,425,425,0
2025-01-31,WH-LAG2,PRD-0151,733,733,0
2025-01-31,WH-IBD,PRD-0151,406,406,0
2025-01-31,WH-ABJ,PRD-0151,802,802,0
2025-01-31,WH-PHC,PRD-0151,606,606,0
2025-01-31,WH-LAG1,PRD-0152,52,52,0
2025-01-31,WH-LAG2,PRD-0152,40,40,0
2025-01-31,WH-IBD,PRD-0152,34,34,0
2025-01-31,WH-ABJ,PRD-0152,57,57,0
2025-01-31,WH-PHC,PRD-0152,51,51,0
2025-01-31,WH-LAG1,PRD-0153,298,298,0
2025-01-31,WH-LAG2,PRD-0153,138,138,0
2025-01-31,WH-IBD,PRD-0153,82,82,0
2025-01-31,WH-ABJ,PRD-0153,181,181,0
2025-01-31,WH-PHC,PRD-0153,72,75,3
2025-01-31,WH-LAG1,PRD-0154,95,95,0
2025-01-31,WH-LAG2,PRD-0154,8,8,0
2025-01-31,WH-IBD,PRD-0154,22,22,0
2025-01-31,WH-ABJ,PRD-0154,28,28,0
2025-01-31,WH-PHC,PRD-0154,33,33,0
2025-01-31,WH-LAG1,PRD-0155,62,62,0
2025-01-31,WH-LAG2,PRD-0155,26,26,0
2025-01-31,WH-IBD,PRD-0155,12,12,0
2025-01-31,WH-ABJ,PRD-0155,62,62,0
2025-01-31,WH-PHC,PRD-0155,16,16,0
2025-01-31,WH-LAG1,PRD-0156,360,360,0
2025-01-31,WH-LAG2,PRD-0156,124,124,0
2025-01-31,WH-IBD,PRD-0156,102,102,0
2025-01-31,WH-ABJ,PRD-0156,203,203,0
2025-01-31,WH-PHC,PRD-0156,67,68,1
2025-01-31,WH-LAG1,PRD-0157,75,75,0
2025-01-31,WH-LAG2,PRD-0157,32,32,0
2025-01-31,WH-IBD,PRD-0157,60,60,0
2025-01-31,WH-ABJ,PRD-0157,132,132,0
2025-01-31,WH-PHC,PRD-0157,47,47,0
2025-01-31,WH-LAG1,PRD-0158,28,28,0
2025-01-31,WH-LAG2,PRD-0158,34,34,0
2025-01-31,WH-IBD,PRD-0158,31,32,1
2025-01-31,WH-ABJ,PRD-0158,28,27,-1
2025-01-31,WH-PHC,PRD-0158,11,11,0
2025-01-31,WH-LAG1,PRD-0159,40,40,0
2025-01-31,WH-LAG2,PRD-0159,44,44,0
2025-01-31,WH-IBD,PRD-0159,55,55,0
2025-01-31,WH-ABJ,PRD-0159,59,59,0
2025-01-31,WH-PHC,PRD-0159,5,5,0
2025-01-31,WH-LAG1,PRD-0160,416,416,0
2025-01-31,WH-LAG2,PRD-0160,170,170,0
2025-01-31,WH-IBD,PRD-0160,76,76,0
2025-01-31,WH-ABJ,PRD-0160,182,182,0
2025-01-31,WH-PHC,PRD-0160,178,178,0
2025-01-31,WH-LAG1,PRD-0161,183,183,0
2025-01-31,WH-LAG2,PRD-0161,135,135,0
2025-01-31,WH-IBD,PRD-0161,198,198,0
2025-01-31,WH-ABJ,PRD-0161,178,178,0
2025-01-31,WH-PHC,PRD-0161,241,241,0
2025-01-31,WH-LAG1,PRD-0162,99,98,-1
2025-01-31,WH-LAG2,PRD-0162,38,38,0
2025-01-31,WH-IBD,PRD-0162,10,10,0
2025-01-31,WH-ABJ,PRD-0162,61,61,0
2025-01-31,WH-PHC,PRD-0162,15,15,0
2025-01-31,WH-LAG1,PRD-0163,108,108,0
2025-01-31,WH-LAG2,PRD-0163,40,39,-1
2025-01-31,WH-IBD,PRD-0163,44,43,-1
2025-01-31,WH-ABJ,PRD-0163,60,60,0
2025-01-31,WH-PHC,PRD-0163,27,27,0
2025-01-31,WH-LAG1,PRD-0164,121,126,5
2025-01-31,WH-LAG2,PRD-0164,29,29,0
2025-01-31,WH-IBD,PRD-0164,44,44,0
2025-01-31,WH-ABJ,PRD-0164,63,63,0
2025-01-31,WH-PHC,PRD-0164,40,40,0
2025-01-31,WH-LAG1,PRD-0165,94,94,0
2025-01-31,WH-LAG2,PRD-0165,156,156,0
2025-01-31,WH-IBD,PRD-0165,117,117,0
2025-01-31,WH-ABJ,PRD-0165,111,111,0
2025-01-31,WH-PHC,PRD-0165,33,34,1
2025-01-31,WH-LAG1,PRD-0166,284,284,0
2025-01-31,WH-LAG2,PRD-0166,40,40,0
2025-01-31,WH-IBD,PRD-0166,172,172,0
2025-01-31,WH-ABJ,PRD-0166,177,177,0
2025-01-31,WH-PHC,PRD-0166,93,93,0
2025-01-31,WH-LAG1,PRD-0167,63,63,0
2025-01-31,WH-LAG2,PRD-0167,66,66,0
2025-01-31,WH-IBD,PRD-0167,20,20,0
2025-01-31,WH-ABJ,PRD-0167,61,60,-1
2025-01-31,WH-PHC,PRD-0167,0,0,0
2025-01-31,WH-LAG1,PRD-0168,22,22,0
2025-01-31,WH-LAG2,PRD-0168,8,8,0
2025-01-31,WH-IBD,PRD-0168,25,25,0
2025-01-31,WH-ABJ,PRD-0168,26,26,0
2025-01-31,WH-PHC,PRD-0168,35,35,0
2025-01-31,WH-LAG1,PRD-0169,60,60,0
2025-01-31,WH-LAG2,PRD-0169,21,21,0
2025-01-31,WH-IBD,PRD-0169,73,73,0
2025-01-31,WH-ABJ,PRD-0169,28,28,0
2025-01-31,WH-PHC,PRD-0169,63,63,0
2025-01-31,WH-LAG1,PRD-0170,84,84,0
2025-01-31,WH-LAG2,PRD-0170,78,78,0
2025-01-31,WH-IBD,PRD-0170,69,68,-1
2025-01-31,WH-ABJ,PRD-0170,68,68,0
2025-01-31,WH-PHC,PRD-0170,54,54,0
2025-02-28,WH-LAG1,PRD-0001,81,81,0
2025-02-28,WH-LAG2,PRD-0001,23,23,0
2025-02-28,WH-IBD,PRD-0001,48,48,0
2025-02-28,WH-ABJ,PRD-0001,30,30,0
2025-02-28,WH-PHC,PRD-0001,58,58,0
2025-02-28,WH-LAG1,PRD-0002,31,31,0
2025-02-28,WH-LAG2,PRD-0002,12,12,0
2025-02-28,WH-IBD,PRD-0002,32,32,0
2025-02-28,WH-ABJ,PRD-0002,24,24,0
2025-02-28,WH-PHC,PRD-0002,31,31,0
2025-02-28,WH-LAG1,PRD-0003,15,15,0
2025-02-28,WH-LAG2,PRD-0003,21,21,0
2025-02-28,WH-IBD,PRD-0003,5,5,0
2025-02-28,WH-ABJ,PRD-0003,27,27,0
2025-02-28,WH-PHC,PRD-0003,17,17,0
2025-02-28,WH-LAG1,PRD-0004,178,176,-2
2025-02-28,WH-LAG2,PRD-0004,271,271,0
2025-02-28,WH-IBD,PRD-0004,200,200,0
2025-02-28,WH-ABJ,PRD-0004,80,80,0
2025-02-28,WH-PHC,PRD-0004,280,270,-10
2025-02-28,WH-LAG1,PRD-0005,142,144,2
2025-02-28,WH-LAG2,PRD-0005,0,0,0
2025-02-28,WH-IBD,PRD-0005,45,45,0
2025-02-28,WH-ABJ,PRD-0005,62,62,0
2025-02-28,WH-PHC,PRD-0005,64,66,2
2025-02-28,WH-LAG1,PRD-0006,23,23,0
2025-02-28,WH-LAG2,PRD-0006,40,40,0
2025-02-28,WH-IBD,PRD-0006,21,21,0
2025-02-28,WH-ABJ,PRD-0006,20,20,0
2025-02-28,WH-PHC,PRD-0006,25,25,0
2025-02-28,WH-LAG1,PRD-0007,116,116,0
2025-02-28,WH-LAG2,PRD-0007,56,56,0
2025-02-28,WH-IBD,PRD-0007,44,44,0
2025-02-28,WH-ABJ,PRD-0007,23,23,0
2025-02-28,WH-PHC,PRD-0007,41,41,0
2025-02-28,WH-LAG1,PRD-0008,114,114,0
2025-02-28,WH-LAG2,PRD-0008,16,16,0
2025-02-28,WH-IBD,PRD-0008,35,35,0
2025-02-28,WH-ABJ,PRD-0008,14,14,0
2025-02-28,WH-PHC,PRD-0008,28,29,1
2025-02-28,WH-LAG1,PRD-0009,64,64,0
2025-02-28,WH-LAG2,PRD-0009,23,23,0
2025-02-28,WH-IBD,PRD-0009,16,16,0
2025-02-28,WH-ABJ,PRD-0009,12,12,0
2025-02-28,WH-PHC,PRD-0009,11,11,0
2025-02-28,WH-LAG1,PRD-0010,29,29,0
2025-02-28,WH-LAG2,PRD-0010,0,0,0
2025-02-28,WH-IBD,PRD-0010,20,20,0
2025-02-28,WH-ABJ,PRD-0010,26,26,0
2025-02-28,WH-PHC,PRD-0010,22,22,0
2025-02-28,WH-LAG1,PRD-0011,53,53,0
2025-02-28,WH-LAG2,PRD-0011,92,92,0
2025-02-28,WH-IBD,PRD-0011,13,13,0
2025-02-28,WH-ABJ,PRD-0011,110,107,-3
2025-02-28,WH-PHC,PRD-0011,49,49,0
2025-02-28,WH-LAG1,PRD-0012,96,96,0
2025-02-28,WH-LAG2,PRD-0012,12,12,0
2025-02-28,WH-IBD,PRD-0012,23,23,0
2025-02-28,WH-ABJ,PRD-0012,23,23,0
2025-02-28,WH-PHC,PRD-0012,40,40,0
2025-02-28,WH-LAG1,PRD-0013,36,36,0
2025-02-28,WH-LAG2,PRD-0013,9,10,1
2025-02-28,WH-IBD,PRD-0013,25,25,0
2025-02-28,WH-ABJ,PRD-0013,28,28,0
2025-02-28,WH-PHC,PRD-0013,20,20,0
2025-02-28,WH-LAG1,PRD-0014,15,15,0
2025-02-28,WH-LAG2,PRD-0014,5,5,0
2025-02-28,WH-IBD,PRD-0014,17,17,0
2025-02-28,WH-ABJ,PRD-0014,5,5,0
2025-02-28,WH-PHC,PRD-0014,0,0,0
2025-02-28,WH-LAG1,PRD-0015,72,71,-1
2025-02-28,WH-LAG2,PRD-0015,12,12,0
2025-02-28,WH-IBD,PRD-0015,36,36,0
2025-02-28,WH-ABJ,PRD-0015,52,52,0
2025-02-28,WH-PHC,PRD-0015,66,66,0
2025-02-28,WH-LAG1,PRD-0016,219,216,-3
2025-02-28,WH-LAG2,PRD-0016,57,57,0
2025-02-28,WH-IBD,PRD-0016,55,55,0
2025-02-28,WH-ABJ,PRD-0016,185,185,0
2025-02-28,WH-PHC,PRD-0016,67,67,0
2025-02-28,WH-LAG1,PRD-0017,71,71,0
2025-02-28,WH-LAG2,PRD-0017,69,69,0
2025-02-28,WH-IBD,PRD-0017,25,25,0
2025-02-28,WH-ABJ,PRD-0017,17,17,0
2025-02-28,WH-PHC,PRD-0017,31,31,0
2025-02-28,WH-LAG1,PRD-0018,186,186,0
2025-02-28,WH-LAG2,PRD-0018,76,76,0
2025-02-28,WH-IBD,PRD-0018,41,41,0
2025-02-28,WH-ABJ,PRD-0018,98,98,0
2025-02-28,WH-PHC,PRD-0018,66,66,0
2025-02-28,WH-LAG1,PRD-0019,30,30,0
2025-02-28,WH-LAG2,PRD-0019,110,110,0
2025-02-28,WH-IBD,PRD-0019,67,67,0
2025-02-28,WH-ABJ,PRD-0019,63,63,0
2025-02-28,WH-PHC,PRD-0019,42,41,-1
2025-02-28,WH-LAG1,PRD-0020,167,167,0
2025-02-28,WH-LAG2,PRD-0020,101,101,0
2025-02-28,WH-IBD,PRD-0020,34,34,0
2025-02-28,WH-ABJ,PRD-0020,106,108,2
2025-02-28,WH-PHC,PRD-0020,111,111,0
2025-02-28,WH-LAG1,PRD-0021,50,50,0
2025-02-28,WH-LAG2,PRD-0021,23,23,0
2025-02-28,WH-IBD,PRD-0021,48,48,0
2025-02-28,WH-ABJ,PRD-0021,40,40,0
2025-02-28,WH-PHC,PRD-0021,24,24,0
2025-02-28,WH-LAG1,PRD-0022,16,16,0
2025-02-28,WH-LAG2,PRD-0022,11,11,0
2025-02-28,WH-IBD,PRD-0022,11,11,0
2025-02-28,WH-ABJ,PRD-0022,21,21,0
2025-02-28,WH-PHC,PRD-0022,25,25,0
2025-02-28,WH-LAG1,PRD-0023,124,129,5
2025-02-28,WH-LAG2,PRD-0023,52,52,0
2025-02-28,WH-IBD,PRD-0023,32,32,0
2025-02-28,WH-ABJ,PRD-0023,44,44,0
2025-02-28,WH-PHC,PRD-0023,48,48,0
2025-02-28,WH-LAG1,PRD-0024,80,80,0
2025-02-28,WH-LAG2,PRD-0024,10,10,0
2025-02-28,WH-IBD,PRD-0024,12,12,0
2025-02-28,WH-ABJ,PRD-0024,49,49,0
2025-02-28,WH-PHC,PRD-0024,41,41,0
2025-02-28,WH-LAG1,PRD-0025,39,39,0
2025-02-28,WH-LAG2,PRD-0025,29,29,0
2025-02-28,WH-IBD,PRD-0025,61,61,0
2025-02-28,WH-ABJ,PRD-0025,10,11,1
2025-02-28,WH-PHC,PRD-0025,63,63,0
2025-02-28,WH-LAG1,PRD-0026,129,129,0
2025-02-28,WH-LAG2,PRD-0026,0,0,0
2025-02-28,WH-IBD,PRD-0026,28,29,1
2025-02-28,WH-ABJ,PRD-0026,16,16,0
2025-02-28,WH-PHC,PRD-0026,48,48,0
2025-02-28,WH-LAG1,PRD-0027,44,44,0
2025-02-28,WH-LAG2,PRD-0027,20,19,-1
2025-02-28,WH-IBD,PRD-0027,18,18,0
2025-02-28,WH-ABJ,PRD-0027,38,38,0
2025-02-28,WH-PHC,PRD-0027,26,27,1
2025-02-28,WH-LAG1,PRD-0028,32,32,0
2025-02-28,WH-LAG2,PRD-0028,35,36,1
2025-02-28,WH-IBD,PRD-0028,54,54,0
2025-02-28,WH-ABJ,PRD-0028,66,66,0
2025-02-28,WH-PHC,PRD-0028,57,56,-1
2025-02-28,WH-LAG1,PRD-0029,51,51,0
2025-02-28,WH-LAG2,PRD-0029,20,20,0
2025-02-28,WH-IBD,PRD-0029,11,11,0
2025-02-28,WH-ABJ,PRD-0029,20,20,0
2025-02-28,WH-PHC,PRD-0029,13,13,0
2025-02-28,WH-LAG1,PRD-0030,19,19,0
2025-02-28,WH-LAG2,PRD-0030,10,10,0
2025-02-28,WH-IBD,PRD-0030,18,18,0
2025-02-28,WH-ABJ,PRD-0030,11,12,1
2025-02-28,WH-PHC,PRD-0030,15,15,0
2025-02-28,WH-LAG1,PRD-0031,95,95,0
2025-02-28,WH-LAG2,PRD-0031,146,146,0
2025-02-28,WH-IBD,PRD-0031,30,30,0
2025-02-28,WH-ABJ,PRD-0031,60,58,-2
2025-02-28,WH-PHC,PRD-0031,87,87,0
2025-02-28,WH-LAG1,PRD-0032,33,33,0
2025-02-28,WH-LAG2,PRD-0032,25,25,0
2025-02-28,WH-IBD,PRD-0032,10,10,0
2025-02-28,WH-ABJ,PRD-0032,5,5,0
2025-02-28,WH-PHC,PRD-0032,9,9,0
2025-02-28,WH-LAG1,PRD-0033,83,83,0
2025-02-28,WH-LAG2,PRD-0033,62,62,0
2025-02-28,WH-IBD,PRD-0033,31,31,0
2025-02-28,WH-ABJ,PRD-0033,37,37,0
2025-02-28,WH-PHC,PRD-0033,72,72,0
2025-02-28,WH-LAG1,PRD-0034,21,21,0
2025-02-28,WH-LAG2,PRD-0034,36,36,0
2025-02-28,WH-IBD,PRD-0034,9,9,0
2025-02-28,WH-ABJ,PRD-0034,14,14,0
2025-02-28,WH-PHC,PRD-0034,9,9,0
2025-02-28,WH-LAG1,PRD-0035,99,99,0
2025-02-28,WH-LAG2,PRD-0035,45,45,0
2025-02-28,WH-IBD,PRD-0035,86,86,0
2025-02-28,WH-ABJ,PRD-0035,99,99,0
2025-02-28,WH-PHC,PRD-0035,73,73,0
2025-02-28,WH-LAG1,PRD-0036,61,61,0
2025-02-28,WH-LAG2,PRD-0036,30,30,0
2025-02-28,WH-IBD,PRD-0036,47,47,0
2025-02-28,WH-ABJ,PRD-0036,14,14,0
2025-02-28,WH-PHC,PRD-0036,16,16,0
2025-02-28,WH-LAG1,PRD-0037,201,201,0
2025-02-28,WH-LAG2,PRD-0037,59,59,0
2025-02-28,WH-IBD,PRD-0037,113,113,0
2025-02-28,WH-ABJ,PRD-0037,32,32,0
2025-02-28,WH-PHC,PRD-0037,38,38,0
2025-02-28,WH-LAG1,PRD-0038,6,6,0
2025-02-28,WH-LAG2,PRD-0038,11,11,0
2025-02-28,WH-IBD,PRD-0038,29,29,0
2025-02-28,WH-ABJ,PRD-0038,8,8,0
2025-02-28,WH-PHC,PRD-0038,10,10,0
2025-02-28,WH-LAG1,PRD-0039,425,425,0
2025-02-28,WH-LAG2,PRD-0039,71,70,-1
2025-02-28,WH-IBD,PRD-0039,95,95,0
2025-02-28,WH-ABJ,PRD-0039,233,233,0
2025-02-28,WH-PHC,PRD-0039,177,177,0
2025-02-28,WH-LAG1,PRD-0040,60,60,0
2025-02-28,WH-LAG2,PRD-0040,25,25,0
2025-02-28,WH-IBD,PRD-0040,25,25,0
2025-02-28,WH-ABJ,PRD-0040,58,58,0
2025-02-28,WH-PHC,PRD-0040,63,63,0
2025-02-28,WH-LAG1,PRD-0041,69,69,0
2025-02-28,WH-LAG2,PRD-0041,22,22,0
2025-02-28,WH-IBD,PRD-0041,64,64,0
2025-02-28,WH-ABJ,PRD-0041,32,31,-1
2025-02-28,WH-PHC,PRD-0041,38,38,0
2025-02-28,WH-LAG1,PRD-0042,15,16,1
2025-02-28,WH-LAG2,PRD-0042,10,10,0
2025-02-28,WH-IBD,PRD-0042,8,8,0
2025-02-28,WH-ABJ,PRD-0042,23,23,0
2025-02-28,WH-PHC,PRD-0042,11,11,0
2025-02-28,WH-LAG1,PRD-0043,60,60,0
2025-02-28,WH-LAG2,PRD-0043,36,36,0
2025-02-28,WH-IBD,PRD-0043,70,70,0
2025-02-28,WH-ABJ,PRD-0043,18,18,0
2025-02-28,WH-PHC,PRD-0043,71,71,0
2025-02-28,WH-LAG1,PRD-0044,10,10,0
2025-02-28,WH-LAG2,PRD-0044,10,10,0
2025-02-28,WH-IBD,PRD-0044,8,9,1
2025-02-28,WH-ABJ,PRD-0044,5,5,0
2025-02-28,WH-PHC,PRD-0044,8,8,0
2025-02-28,WH-LAG1,PRD-0045,57,57,0
2025-02-28,WH-LAG2,PRD-0045,75,75,0
2025-02-28,WH-IBD,PRD-0045,61,61,0
2025-02-28,WH-ABJ,PRD-0045,108,112,4
2025-02-28,WH-PHC,PRD-0045,38,38,0
2025-02-28,WH-LAG1,PRD-0046,52,50,-2
2025-02-28,WH-LAG2,PRD-0046,36,36,0
2025-02-28,WH-IBD,PRD-0046,59,59,0
2025-02-28,WH-ABJ,PRD-0046,55,54,-1
2025-02-28,WH-PHC,PRD-0046,41,41,0
2025-02-28,WH-LAG1,PRD-0047,129,129,0
2025-02-28,WH-LAG2,PRD-0047,41,41,0
2025-02-28,WH-IBD,PRD-0047,27,27,0
2025-02-28,WH-ABJ,PRD-0047,64,64,0
2025-02-28,WH-PHC,PRD-0047,59,59,0
2025-02-28,WH-LAG1,PRD-0048,118,118,0
2025-02-28,WH-LAG2,PRD-0048,65,65,0
2025-02-28,WH-IBD,PRD-0048,34,34,0
2025-02-28,WH-ABJ,PRD-0048,97,101,4
2025-02-28,WH-PHC,PRD-0048,62,64,2
2025-02-28,WH-LAG1,PRD-0049,86,82,-4
2025-02-28,WH-LAG2,PRD-0049,49,49,0
2025-02-28,WH-IBD,PRD-0049,41,41,0
2025-02-28,WH-ABJ,PRD-0049,24,24,0
2025-02-28,WH-PHC,PRD-0049,38,38,0
2025-02-28,WH-LAG1,PRD-0050,95,95,0
2025-02-28,WH-LAG2,PRD-0050,42,42,0
2025-02-28,WH-IBD,PRD-0050,0,0,0
2025-02-28,WH-ABJ,PRD-0050,12,12,0
2025-02-28,WH-PHC,PRD-0050,33,32,-1
2025-02-28,WH-LAG1,PRD-0051,143,143,0
2025-02-28,WH-LAG2,PRD-0051,115,114,-1
2025-02-28,WH-IBD,PRD-0051,117,117,0
2025-02-28,WH-ABJ,PRD-0051,111,111,0
2025-02-28,WH-PHC,PRD-0051,115,115,0
2025-02-28,WH-LAG1,PRD-0052,4,4,0
2025-02-28,WH-LAG2,PRD-0052,13,13,0
2025-02-28,WH-IBD,PRD-0052,10,10,0
2025-02-28,WH-ABJ,PRD-0052,15,15,0
2025-02-28,WH-PHC,PRD-0052,9,9,0
2025-02-28,WH-LAG1,PRD-0053,21,21,0
2025-02-28,WH-LAG2,PRD-0053,11,11,0
2025-02-28,WH-IBD,PRD-0053,7,7,0
2025-02-28,WH-ABJ,PRD-0053,11,11,0
2025-02-28,WH-PHC,PRD-0053,8,8,0
2025-02-28,WH-LAG1,PRD-0054,47,48,1
2025-02-28,WH-LAG2,PRD-0054,5,5,0
2025-02-28,WH-IBD,PRD-0054,47,47,0
2025-02-28,WH-ABJ,PRD-0054,56,56,0
2025-02-28,WH-PHC,PRD-0054,49,49,0
2025-02-28,WH-LAG1,PRD-0055,92,92,0
2025-02-28,WH-LAG2,PRD-0055,17,17,0
2025-02-28,WH-IBD,PRD-0055,63,63,0
2025-02-28,WH-ABJ,PRD-0055,41,41,0
2025-02-28,WH-PHC,PRD-0055,48,48,0
2025-02-28,WH-LAG1,PRD-0056,105,105,0
2025-02-28,WH-LAG2,PRD-0056,17,17,0
2025-02-28,WH-IBD,PRD-0056,19,19,0
2025-02-28,WH-ABJ,PRD-0056,40,40,0
2025-02-28,WH-PHC,PRD-0056,47,47,0
2025-02-28,WH-LAG1,PRD-0057,192,192,0
2025-02-28,WH-LAG2,PRD-0057,174,174,0
2025-02-28,WH-IBD,PRD-0057,28,28,0
2025-02-28,WH-ABJ,PRD-0057,37,37,0
2025-02-28,WH-PHC,PRD-0057,179,186,7
2025-02-28,WH-LAG1,PRD-0058,110,110,0
2025-02-28,WH-LAG2,PRD-0058,37,37,0
2025-02-28,WH-IBD,PRD-0058,67,67,0
2025-02-28,WH-ABJ,PRD-0058,59,59,0
2025-02-28,WH-PHC,PRD-0058,70,70,0
2025-02-28,WH-LAG1,PRD-0059,76,76,0
2025-02-28,WH-LAG2,PRD-0059,52,52,0
2025-02-28,WH-IBD,PRD-0059,37,37,0
2025-02-28,WH-ABJ,PRD-0059,47,47,0
2025-02-28,WH-PHC,PRD-0059,21,21,0
2025-02-28,WH-LAG1,PRD-0060,302,306,4
2025-02-28,WH-LAG2,PRD-0060,34,34,0
2025-02-28,WH-IBD,PRD-0060,74,74,0
2025-02-28,WH-ABJ,PRD-0060,50,50,0
2025-02-28,WH-PHC,PRD-0060,131,131,0
2025-02-28,WH-LAG1,PRD-0061,26,27,1
2025-02-28,WH-LAG2,PRD-0061,92,92,0
2025-02-28,WH-IBD,PRD-0061,103,103,0
2025-02-28,WH-ABJ,PRD-0061,11,11,0
2025-02-28,WH-PHC,PRD-0061,73,73,0
2025-02-28,WH-LAG1,PRD-0062,160,154,-6
2025-02-28,WH-LAG2,PRD-0062,107,107,0
2025-02-28,WH-IBD,PRD-0062,63,61,-2
2025-02-28,WH-ABJ,PRD-0062,123,123,0
2025-02-28,WH-PHC,PRD-0062,105,107,2
2025-02-28,WH-LAG1,PRD-0063,84,84,0
2025-02-28,WH-LAG2,PRD-0063,43,43,0
2025-02-28,WH-IBD,PRD-0063,35,35,0
2025-02-28,WH-ABJ,PRD-0063,70,70,0
2025-02-28,WH-PHC,PRD-0063,47,46,-1
2025-02-28,WH-LAG1,PRD-0064,149,149,0
2025-02-28,WH-LAG2,PRD-0064,82,82,0
2025-02-28,WH-IBD,PRD-0064,29,29,0
2025-02-28,WH-ABJ,PRD-0064,159,159,0
2025-02-28,WH-PHC,PRD-0064,68,68,0
2025-02-28,WH-LAG1,PRD-0065,180,180,0
2025-02-28,WH-LAG2,PRD-0065,64,62,-2
2025-02-28,WH-IBD,PRD-0065,44,44,0
2025-02-28,WH-ABJ,PRD-0065,66,66,0
2025-02-28,WH-PHC,PRD-0065,105,105,0
2025-02-28,WH-LAG1,PRD-0066,3,3,0
2025-02-28,WH-LAG2,PRD-0066,3,3,0
2025-02-28,WH-IBD,PRD-0066,10,10,0
2025-02-28,WH-ABJ,PRD-0066,10,9,-1
2025-02-28,WH-PHC,PRD-0066,9,9,0
2025-02-28,WH-LAG1,PRD-0067,75,75,0
2025-02-28,WH-LAG2,PRD-0067,90,90,0
2025-02-28,WH-IBD,PRD-0067,39,38,-1
2025-02-28,WH-ABJ,PRD-0067,99,99,0
2025-02-28,WH-PHC,PRD-0067,30,30,0
2025-02-28,WH-LAG1,PRD-0068,252,252,0
2025-02-28,WH-LAG2,PRD-0068,81,81,0
2025-02-28,WH-IBD,PRD-0068,115,115,0
2025-02-28,WH-ABJ,PRD-0068,49,49,0
2025-02-28,WH-PHC,PRD-0068,105,105,0
2025-02-28,WH-LAG1,PRD-0069,19,19,0
2025-02-28,WH-LAG2,PRD-0069,13,13,0
2025-02-28,WH-IBD,PRD-0069,3,3,0
2025-02-28,WH-ABJ,PRD-0069,21,21,0
2025-02-28,WH-PHC,PRD-0069,0,0,0
2025-02-28,WH-LAG1,PRD-0070,87,87,0
2025-02-28,WH-LAG2,PRD-0070,17,17,0
2025-02-28,WH-IBD,PRD-0070,32,33,1
2025-02-28,WH-ABJ,PRD-0070,8,8,0
2025-02-28,WH-PHC,PRD-0070,41,41,0
2025-02-28,WH-LAG1,PRD-0071,22,22,0
2025-02-28,WH-LAG2,PRD-0071,24,24,0
2025-02-28,WH-IBD,PRD-0071,21,21,0
2025-02-28,WH-ABJ,PRD-0071,20,20,0
2025-02-28,WH-PHC,PRD-0071,0,0,0
2025-02-28,WH-LAG1,PRD-0072,78,78,0
2025-02-28,WH-LAG2,PRD-0072,53,53,0
2025-02-28,WH-IBD,PRD-0072,36,36,0
2025-02-28,WH-ABJ,PRD-0072,52,52,0
2025-02-28,WH-PHC,PRD-0072,44,44,0
2025-02-28,WH-LAG1,PRD-0073,50,50,0
2025-02-28,WH-LAG2,PRD-0073,11,12,1
2025-02-28,WH-IBD,PRD-0073,22,21,-1
2025-02-28,WH-ABJ,PRD-0073,16,16,0
2025-02-28,WH-PHC,PRD-0073,13,12,-1
2025-02-28,WH-LAG1,PRD-0074,221,221,0
2025-02-28,WH-LAG2,PRD-0074,24,24,0
2025-02-28,WH-IBD,PRD-0074,79,79,0
2025-02-28,WH-ABJ,PRD-0074,40,40,0
2025-02-28,WH-PHC,PRD-0074,79,79,0
2025-02-28,WH-LAG1,PRD-0075,59,59,0
2025-02-28,WH-LAG2,PRD-0075,28,28,0
2025-02-28,WH-IBD,PRD-0075,21,21,0
2025-02-28,WH-ABJ,PRD-0075,19,19,0
2025-02-28,WH-PHC,PRD-0075,29,29,0
2025-02-28,WH-LAG1,PRD-0076,178,178,0
2025-02-28,WH-LAG2,PRD-0076,49,49,0
2025-02-28,WH-IBD,PRD-0076,50,50,0
2025-02-28,WH-ABJ,PRD-0076,108,108,0
2025-02-28,WH-PHC,PRD-0076,29,29,0
2025-02-28,WH-LAG1,PRD-0077,466,466,0
2025-02-28,WH-LAG2,PRD-0077,118,118,0
2025-02-28,WH-IBD,PRD-0077,129,129,0
2025-02-28,WH-ABJ,PRD-0077,160,160,0
2025-02-28,WH-PHC,PRD-0077,185,185,0
2025-02-28,WH-LAG1,PRD-0078,122,122,0
2025-02-28,WH-LAG2,PRD-0078,53,53,0
2025-02-28,WH-IBD,PRD-0078,63,63,0
2025-02-28,WH-ABJ,PRD-0078,36,36,0
2025-02-28,WH-PHC,PRD-0078,2,2,0
2025-02-28,WH-LAG1,PRD-0079,85,87,2
2025-02-28,WH-LAG2,PRD-0079,52,52,0
2025-02-28,WH-IBD,PRD-0079,34,34,0
2025-02-28,WH-ABJ,PRD-0079,80,80,0
2025-02-28,WH-PHC,PRD-0079,52,52,0
2025-02-28,WH-LAG1,PRD-0080,157,157,0
2025-02-28,WH-LAG2,PRD-0080,56,56,0
2025-02-28,WH-IBD,PRD-0080,48,48,0
2025-02-28,WH-ABJ,PRD-0080,11,11,0
2025-02-28,WH-PHC,PRD-0080,52,52,0
2025-02-28,WH-LAG1,PRD-0081,209,209,0
2025-02-28,WH-LAG2,PRD-0081,18,18,0
2025-02-28,WH-IBD,PRD-0081,55,57,2
2025-02-28,WH-ABJ,PRD-0081,37,38,1
2025-02-28,WH-PHC,PRD-0081,44,44,0
2025-02-28,WH-LAG1,PRD-0082,207,207,0
2025-02-28,WH-LAG2,PRD-0082,108,108,0
2025-02-28,WH-IBD,PRD-0082,30,30,0
2025-02-28,WH-ABJ,PRD-0082,109,109,0
2025-02-28,WH-PHC,PRD-0082,48,49,1
2025-02-28,WH-LAG1,PRD-0083,116,116,0
2025-02-28,WH-LAG2,PRD-0083,186,186,0
2025-02-28,WH-IBD,PRD-0083,131,131,0
2025-02-28,WH-ABJ,PRD-0083,200,200,0
2025-02-28,WH-PHC,PRD-0083,109,109,0
2025-02-28,WH-LAG1,PRD-0084,87,87,0
2025-02-28,WH-LAG2,PRD-0084,47,47,0
2025-02-28,WH-IBD,PRD-0084,44,44,0
2025-02-28,WH-ABJ,PRD-0084,73,73,0
2025-02-28,WH-PHC,PRD-0084,105,105,0
2025-02-28,WH-LAG1,PRD-0085,187,187,0
2025-02-28,WH-LAG2,PRD-0085,44,44,0
2025-02-28,WH-IBD,PRD-0085,96,96,0
2025-02-28,WH-ABJ,PRD-0085,87,87,0
2025-02-28,WH-PHC,PRD-0085,42,42,0
2025-02-28,WH-LAG1,PRD-0086,358,358,0
2025-02-28,WH-LAG2,PRD-0086,99,99,0
2025-02-28,WH-IBD,PRD-0086,224,224,0
2025-02-28,WH-ABJ,PRD-0086,158,158,0
2025-02-28,WH-PHC,PRD-0086,93,93,0
2025-02-28,WH-LAG1,PRD-0087,26,25,-1
2025-02-28,WH-LAG2,PRD-0087,7,7,0
2025-02-28,WH-IBD,PRD-0087,23,23,0
2025-02-28,WH-ABJ,PRD-0087,5,5,0
2025-02-28,WH-PHC,PRD-0087,8,8,0
2025-02-28,WH-LAG1,PRD-0088,55,55,0
2025-02-28,WH-LAG2,PRD-0088,13,13,0
2025-02-28,WH-IBD,PRD-0088,53,53,0
2025-02-28,WH-ABJ,PRD-0088,63,63,0
2025-02-28,WH-PHC,PRD-0088,49,49,0
2025-02-28,WH-LAG1,PRD-0089,31,31,0
2025-02-28,WH-LAG2,PRD-0089,25,25,0
2025-02-28,WH-IBD,PRD-0089,48,46,-2
2025-02-28,WH-ABJ,PRD-0089,36,36,0
2025-02-28,WH-PHC,PRD-0089,27,27,0
2025-02-28,WH-LAG1,PRD-0090,1940,1940,0
2025-02-28,WH-LAG2,PRD-0090,283,283,0
2025-02-28,WH-IBD,PRD-0090,277,277,0
2025-02-28,WH-ABJ,PRD-0090,264,264,0
2025-02-28,WH-PHC,PRD-0090,837,837,0
2025-02-28,WH-LAG1,PRD-0091,61,61,0
2025-02-28,WH-LAG2,PRD-0091,70,70,0
2025-02-28,WH-IBD,PRD-0091,38,38,0
2025-02-28,WH-ABJ,PRD-0091,75,75,0
2025-02-28,WH-PHC,PRD-0091,24,24,0
2025-02-28,WH-LAG1,PRD-0092,58,58,0
2025-02-28,WH-LAG2,PRD-0092,30,30,0
2025-02-28,WH-IBD,PRD-0092,38,37,-1
2025-02-28,WH-ABJ,PRD-0092,21,20,-1
2025-02-28,WH-PHC,PRD-0092,21,21,0
2025-02-28,WH-LAG1,PRD-0093,203,203,0
2025-02-28,WH-LAG2,PRD-0093,74,74,0
2025-02-28,WH-IBD,PRD-0093,22,22,0
2025-02-28,WH-ABJ,PRD-0093,116,116,0
2025-02-28,WH-PHC,PRD-0093,42,42,0
2025-02-28,WH-LAG1,PRD-0094,25,25,0
2025-02-28,WH-LAG2,PRD-0094,10,10,0
2025-02-28,WH-IBD,PRD-0094,23,23,0
2025-02-28,WH-ABJ,PRD-0094,9,9,0
2025-02-28,WH-PHC,PRD-0094,9,9,0
2025-02-28,WH-LAG1,PRD-0095,33,33,0
2025-02-28,WH-LAG2,PRD-0095,23,23,0
2025-02-28,WH-IBD,PRD-0095,24,23,-1
2025-02-28,WH-ABJ,PRD-0095,23,22,-1
2025-02-28,WH-PHC,PRD-0095,22,22,0
2025-02-28,WH-LAG1,PRD-0096,16,16,0
2025-02-28,WH-LAG2,PRD-0096,5,5,0
2025-02-28,WH-IBD,PRD-0096,25,25,0
2025-02-28,WH-ABJ,PRD-0096,20,20,0
2025-02-28,WH-PHC,PRD-0096,18,18,0
2025-02-28,WH-LAG1,PRD-0097,0,0,0
2025-02-28,WH-LAG2,PRD-0097,17,17,0
2025-02-28,WH-IBD,PRD-0097,26,26,0
2025-02-28,WH-ABJ,PRD-0097,36,36,0
2025-02-28,WH-PHC,PRD-0097,18,18,0
2025-02-28,WH-LAG1,PRD-0098,342,347,5
2025-02-28,WH-LAG2,PRD-0098,134,135,1
2025-02-28,WH-IBD,PRD-0098,42,41,-1
2025-02-28,WH-ABJ,PRD-0098,146,149,3
2025-02-28,WH-PHC,PRD-0098,202,202,0
2025-02-28,WH-LAG1,PRD-0099,52,52,0
2025-02-28,WH-LAG2,PRD-0099,16,15,-1
2025-02-28,WH-IBD,PRD-0099,11,11,0
2025-02-28,WH-ABJ,PRD-0099,28,28,0
2025-02-28,WH-PHC,PRD-0099,26,26,0
2025-02-28,WH-LAG1,PRD-0100,641,641,0
2025-02-28,WH-LAG2,PRD-0100,150,150,0
2025-02-28,WH-IBD,PRD-0100,175,175,0
2025-02-28,WH-ABJ,PRD-0100,117,117,0
2025-02-28,WH-PHC,PRD-0100,394,394,0
2025-02-28,WH-LAG1,PRD-0101,45,45,0
2025-02-28,WH-LAG2,PRD-0101,33,33,0
2025-02-28,WH-IBD,PRD-0101,8,8,0
2025-02-28,WH-ABJ,PRD-0101,13,13,0
2025-02-28,WH-PHC,PRD-0101,19,19,0
2025-02-28,WH-LAG1,PRD-0102,117,117,0
2025-02-28,WH-LAG2,PRD-0102,0,0,0
2025-02-28,WH-IBD,PRD-0102,25,25,0
2025-02-28,WH-ABJ,PRD-0102,43,43,0
2025-02-28,WH-PHC,PRD-0102,15,15,0
2025-02-28,WH-LAG1,PRD-0103,158,158,0
2025-02-28,WH-LAG2,PRD-0103,50,49,-1
2025-02-28,WH-IBD,PRD-0103,86,86,0
2025-02-28,WH-ABJ,PRD-0103,107,107,0
2025-02-28,WH-PHC,PRD-0103,71,71,0
2025-02-28,WH-LAG1,PRD-0104,30,30,0
2025-02-28,WH-LAG2,PRD-0104,26,27,1
2025-02-28,WH-IBD,PRD-0104,22,22,0
2025-02-28,WH-ABJ,PRD-0104,45,45,0
2025-02-28,WH-PHC,PRD-0104,34,35,1
2025-02-28,WH-LAG1,PRD-0105,33,33,0
2025-02-28,WH-LAG2,PRD-0105,23,23,0
2025-02-28,WH-IBD,PRD-0105,25,25,0
2025-02-28,WH-ABJ,PRD-0105,11,11,0
2025-02-28,WH-PHC,PRD-0105,37,37,0
2025-02-28,WH-LAG1,PRD-0106,51,51,0
2025-02-28,WH-LAG2,PRD-0106,9,9,0
2025-02-28,WH-IBD,PRD-0106,27,27,0
2025-02-28,WH-ABJ,PRD-0106,21,21,0
2025-02-28,WH-PHC,PRD-0106,26,26,0
2025-02-28,WH-LAG1,PRD-0107,14,14,0
2025-02-28,WH-LAG2,PRD-0107,9,9,0
2025-02-28,WH-IBD,PRD-0107,30,30,0
2025-02-28,WH-ABJ,PRD-0107,26,26,0
2025-02-28,WH-PHC,PRD-0107,0,0,0
2025-02-28,WH-LAG1,PRD-0108,151,151,0
2025-02-28,WH-LAG2,PRD-0108,173,173,0
2025-02-28,WH-IBD,PRD-0108,102,102,0
2025-02-28,WH-ABJ,PRD-0108,86,89,3
2025-02-28,WH-PHC,PRD-0108,153,153,0
2025-02-28,WH-LAG1,PRD-0109,94,94,0
2025-02-28,WH-LAG2,PRD-0109,89,91,2
2025-02-28,WH-IBD,PRD-0109,113,113,0
2025-02-28,WH-ABJ,PRD-0109,136,136,0
2025-02-28,WH-PHC,PRD-0109,63,63,0
2025-02-28,WH-LAG1,PRD-0110,25,25,0
2025-02-28,WH-LAG2,PRD-0110,25,25,0
2025-02-28,WH-IBD,PRD-0110,18,18,0
2025-02-28,WH-ABJ,PRD-0110,31,32,1
2025-02-28,WH-PHC,PRD-0110,9,9,0
2025-02-28,WH-LAG1,PRD-0111,119,119,0
2025-02-28,WH-LAG2,PRD-0111,76,76,0
2025-02-28,WH-IBD,PRD-0111,69,69,0
2025-02-28,WH-ABJ,PRD-0111,52,52,0
2025-02-28,WH-PHC,PRD-0111,83,83,0
2025-02-28,WH-LAG1,PRD-0112,21,21,0
2025-02-28,WH-LAG2,PRD-0112,17,17,0
2025-02-28,WH-IBD,PRD-0112,10,10,0
2025-02-28,WH-ABJ,PRD-0112,24,24,0
2025-02-28,WH-PHC,PRD-0112,21,21,0
2025-02-28,WH-LAG1,PRD-0113,149,149,0
2025-02-28,WH-LAG2,PRD-0113,44,44,0
2025-02-28,WH-IBD,PRD-0113,60,60,0
2025-02-28,WH-ABJ,PRD-0113,29,29,0
2025-02-28,WH-PHC,PRD-0113,23,23,0
2025-02-28,WH-LAG1,PRD-0114,25,25,0
2025-02-28,WH-LAG2,PRD-0114,10,10,0
2025-02-28,WH-IBD,PRD-0114,20,20,0
2025-02-28,WH-ABJ,PRD-0114,21,21,0
2025-02-28,WH-PHC,PRD-0114,6,6,0
2025-02-28,WH-LAG1,PRD-0115,178,178,0
2025-02-28,WH-LAG2,PRD-0115,116,116,0
2025-02-28,WH-IBD,PRD-0115,71,71,0
2025-02-28,WH-ABJ,PRD-0115,30,30,0
2025-02-28,WH-PHC,PRD-0115,19,19,0
2025-02-28,WH-LAG1,PRD-0116,86,86,0
2025-02-28,WH-LAG2,PRD-0116,21,21,0
2025-02-28,WH-IBD,PRD-0116,49,49,0
2025-02-28,WH-ABJ,PRD-0116,17,17,0
2025-02-28,WH-PHC,PRD-0116,49,49,0
2025-02-28,WH-LAG1,PRD-0117,9,9,0
2025-02-28,WH-LAG2,PRD-0117,16,16,0
2025-02-28,WH-IBD,PRD-0117,64,63,-1
2025-02-28,WH-ABJ,PRD-0117,66,66,0
2025-02-28,WH-PHC,PRD-0117,55,55,0
2025-02-28,WH-LAG1,PRD-0118,104,106,2
2025-02-28,WH-LAG2,PRD-0118,65,65,0
2025-02-28,WH-IBD,PRD-0118,97,97,0
2025-02-28,WH-ABJ,PRD-0118,235,235,0
2025-02-28,WH-PHC,PRD-0118,79,79,0
2025-02-28,WH-LAG1,PRD-0119,8,7,-1
2025-02-28,WH-LAG2,PRD-0119,25,24,-1
2025-02-28,WH-IBD,PRD-0119,14,14,0
2025-02-28,WH-ABJ,PRD-0119,10,10,0
2025-02-28,WH-PHC,PRD-0119,10,10,0
2025-02-28,WH-LAG1,PRD-0120,97,97,0
2025-02-28,WH-LAG2,PRD-0120,118,118,0
2025-02-28,WH-IBD,PRD-0120,33,33,0
2025-02-28,WH-ABJ,PRD-0120,201,201,0
2025-02-28,WH-PHC,PRD-0120,184,184,0
2025-02-28,WH-LAG1,PRD-0121,314,314,0
2025-02-28,WH-LAG2,PRD-0121,35,35,0
2025-02-28,WH-IBD,PRD-0121,34,34,0
2025-02-28,WH-ABJ,PRD-0121,77,77,0
2025-02-28,WH-PHC,PRD-0121,105,105,0
2025-02-28,WH-LAG1,PRD-0122,217,217,0
2025-02-28,WH-LAG2,PRD-0122,109,109,0
2025-02-28,WH-IBD,PRD-0122,78,78,0
2025-02-28,WH-ABJ,PRD-0122,61,61,0
2025-02-28,WH-PHC,PRD-0122,139,139,0
2025-02-28,WH-LAG1,PRD-0123,26,27,1
2025-02-28,WH-LAG2,PRD-0123,67,67,0
2025-02-28,WH-IBD,PRD-0123,13,13,0
2025-02-28,WH-ABJ,PRD-0123,59,60,1
2025-02-28,WH-PHC,PRD-0123,58,58,0
2025-02-28,WH-LAG1,PRD-0124,81,81,0
2025-02-28,WH-LAG2,PRD-0124,35,35,0
2025-02-28,WH-IBD,PRD-0124,34,33,-1
2025-02-28,WH-ABJ,PRD-0124,14,14,0
2025-02-28,WH-PHC,PRD-0124,67,67,0
2025-02-28,WH-LAG1,PRD-0125,536,536,0
2025-02-28,WH-LAG2,PRD-0125,181,181,0
2025-02-28,WH-IBD,PRD-0125,300,300,0
2025-02-28,WH-ABJ,PRD-0125,353,353,0
2025-02-28,WH-PHC,PRD-0125,151,151,0
2025-02-28,WH-LAG1,PRD-0126,79,79,0
2025-02-28,WH-LAG2,PRD-0126,19,19,0
2025-02-28,WH-IBD,PRD-0126,33,33,0
2025-02-28,WH-ABJ,PRD-0126,34,34,0
2025-02-28,WH-PHC,PRD-0126,11,11,0
2025-02-28,WH-LAG1,PRD-0127,101,101,0
2025-02-28,WH-LAG2,PRD-0127,18,18,0
2025-02-28,WH-IBD,PRD-0127,20,20,0
2025-02-28,WH-ABJ,PRD-0127,50,50,0
2025-02-28,WH-PHC,PRD-0127,29,29,0
2025-02-28,WH-LAG1,PRD-0128,120,120,0
2025-02-28,WH-LAG2,PRD-0128,84,84,0
2025-02-28,WH-IBD,PRD-0128,0,0,0
2025-02-28,WH-ABJ,PRD-0128,108,108,0
2025-02-28,WH-PHC,PRD-0128,45,45,0
2025-02-28,WH-LAG1,PRD-0129,7,7,0
2025-02-28,WH-LAG2,PRD-0129,17,17,0
2025-02-28,WH-IBD,PRD-0129,9,9,0
2025-02-28,WH-ABJ,PRD-0129,17,18,1
2025-02-28,WH-PHC,PRD-0129,1,1,0
2025-02-28,WH-LAG1,PRD-0130,64,64,0
2025-02-28,WH-LAG2,PRD-0130,34,35,1
2025-02-28,WH-IBD,PRD-0130,22,23,1
2025-02-28,WH-ABJ,PRD-0130,32,32,0
2025-02-28,WH-PHC,PRD-0130,35,35,0
2025-02-28,WH-LAG1,PRD-0131,79,79,0
2025-02-28,WH-LAG2,PRD-0131,0,0,-1
2025-02-28,WH-IBD,PRD-0131,69,69,0
2025-02-28,WH-ABJ,PRD-0131,13,13,0
2025-02-28,WH-PHC,PRD-0131,44,44,0
2025-02-28,WH-LAG1,PRD-0132,21,21,0
2025-02-28,WH-LAG2,PRD-0132,63,63,0
2025-02-28,WH-IBD,PRD-0132,44,43,-1
2025-02-28,WH-ABJ,PRD-0132,20,20,0
2025-02-28,WH-PHC,PRD-0132,25,25,0
2025-02-28,WH-LAG1,PRD-0133,14,14,0
2025-02-28,WH-LAG2,PRD-0133,18,17,-1
2025-02-28,WH-IBD,PRD-0133,29,29,0
2025-02-28,WH-ABJ,PRD-0133,49,49,0
2025-02-28,WH-PHC,PRD-0133,8,8,0
2025-02-28,WH-LAG1,PRD-0134,2,2,0
2025-02-28,WH-LAG2,PRD-0134,20,20,0
2025-02-28,WH-IBD,PRD-0134,31,31,0
2025-02-28,WH-ABJ,PRD-0134,7,7,0
2025-02-28,WH-PHC,PRD-0134,21,21,0
2025-02-28,WH-LAG1,PRD-0135,223,219,-4
2025-02-28,WH-LAG2,PRD-0135,156,155,-1
2025-02-28,WH-IBD,PRD-0135,23,23,0
2025-02-28,WH-ABJ,PRD-0135,68,68,0
2025-02-28,WH-PHC,PRD-0135,81,81,0
2025-02-28,WH-LAG1,PRD-0136,48,48,0
2025-02-28,WH-LAG2,PRD-0136,37,37,0
2025-02-28,WH-IBD,PRD-0136,34,34,0
2025-02-28,WH-ABJ,PRD-0136,67,67,0
2025-02-28,WH-PHC,PRD-0136,39,39,0
2025-02-28,WH-LAG1,PRD-0137,51,51,0
2025-02-28,WH-LAG2,PRD-0137,32,32,0
2025-02-28,WH-IBD,PRD-0137,71,71,0
2025-02-28,WH-ABJ,PRD-0137,52,52,0
2025-02-28,WH-PHC,PRD-0137,37,37,0
2025-02-28,WH-LAG1,PRD-0138,193,193,0
2025-02-28,WH-LAG2,PRD-0138,97,97,0
2025-02-28,WH-IBD,PRD-0138,30,29,-1
2025-02-28,WH-ABJ,PRD-0138,33,33,0
2025-02-28,WH-PHC,PRD-0138,43,43,0
2025-02-28,WH-LAG1,PRD-0139,140,140,0
2025-02-28,WH-LAG2,PRD-0139,88,88,0
2025-02-28,WH-IBD,PRD-0139,28,28,0
2025-02-28,WH-ABJ,PRD-0139,32,32,0
2025-02-28,WH-PHC,PRD-0139,37,38,1
2025-02-28,WH-LAG1,PRD-0140,47,47,0
2025-02-28,WH-LAG2,PRD-0140,38,38,0
2025-02-28,WH-IBD,PRD-0140,56,56,0
2025-02-28,WH-ABJ,PRD-0140,58,58,0
2025-02-28,WH-PHC,PRD-0140,54,54,0
2025-02-28,WH-LAG1,PRD-0141,33,33,0
2025-02-28,WH-LAG2,PRD-0141,73,74,1
2025-02-28,WH-IBD,PRD-0141,50,50,0
2025-02-28,WH-ABJ,PRD-0141,57,57,0
2025-02-28,WH-PHC,PRD-0141,60,61,1
2025-02-28,WH-LAG1,PRD-0142,243,243,0
2025-02-28,WH-LAG2,PRD-0142,12,12,0
2025-02-28,WH-IBD,PRD-0142,127,127,0
2025-02-28,WH-ABJ,PRD-0142,49,49,0
2025-02-28,WH-PHC,PRD-0142,117,117,0
2025-02-28,WH-LAG1,PRD-0143,47,47,0
2025-02-28,WH-LAG2,PRD-0143,51,51,0
2025-02-28,WH-IBD,PRD-0143,43,43,0
2025-02-28,WH-ABJ,PRD-0143,49,49,0
2025-02-28,WH-PHC,PRD-0143,55,55,0
2025-02-28,WH-LAG1,PRD-0144,62,61,-1
2025-02-28,WH-LAG2,PRD-0144,21,21,0
2025-02-28,WH-IBD,PRD-0144,25,25,0
2025-02-28,WH-ABJ,PRD-0144,0,1,1
2025-02-28,WH-PHC,PRD-0144,69,69,0
2025-02-28,WH-LAG1,PRD-0145,109,109,0
2025-02-28,WH-LAG2,PRD-0145,64,64,0
2025-02-28,WH-IBD,PRD-0145,46,46,0
2025-02-28,WH-ABJ,PRD-0145,108,108,0
2025-02-28,WH-PHC,PRD-0145,62,62,0
2025-02-28,WH-LAG1,PRD-0146,70,70,0
2025-02-28,WH-LAG2,PRD-0146,15,15,0
2025-02-28,WH-IBD,PRD-0146,25,26,1
2025-02-28,WH-ABJ,PRD-0146,61,61,0
2025-02-28,WH-PHC,PRD-0146,11,11,0
2025-02-28,WH-LAG1,PRD-0147,95,95,0
2025-02-28,WH-LAG2,PRD-0147,22,22,0
2025-02-28,WH-IBD,PRD-0147,12,12,0
2025-02-28,WH-ABJ,PRD-0147,20,20,0
2025-02-28,WH-PHC,PRD-0147,40,40,0
2025-02-28,WH-LAG1,PRD-0148,64,64,0
2025-02-28,WH-LAG2,PRD-0148,0,0,0
2025-02-28,WH-IBD,PRD-0148,39,39,0
2025-02-28,WH-ABJ,PRD-0148,56,56,0
2025-02-28,WH-PHC,PRD-0148,30,30,0
2025-02-28,WH-LAG1,PRD-0149,54,54,0
2025-02-28,WH-LAG2,PRD-0149,27,27,0
2025-02-28,WH-IBD,PRD-0149,28,28,0
2025-02-28,WH-ABJ,PRD-0149,15,16,1
2025-02-28,WH-PHC,PRD-0149,18,18,0
2025-02-28,WH-LAG1,PRD-0150,77,77,0
2025-02-28,WH-LAG2,PRD-0150,21,21,0
2025-02-28,WH-IBD,PRD-0150,9,9,0
2025-02-28,WH-ABJ,PRD-0150,59,59,0
2025-02-28,WH-PHC,PRD-0150,40,40,0
2025-02-28,WH-LAG1,PRD-0151,1557,1623,66
2025-02-28,WH-LAG2,PRD-0151,672,672,0
2025-02-28,WH-IBD,PRD-0151,345,345,0
2025-02-28,WH-ABJ,PRD-0151,590,590,0
2025-02-28,WH-PHC,PRD-0151,426,426,0
2025-02-28,WH-LAG1,PRD-0152,38,38,0
2025-02-28,WH-LAG2,PRD-0152,37,37,0
2025-02-28,WH-IBD,PRD-0152,48,48,0
2025-02-28,WH-ABJ,PRD-0152,43,43,0
2025-02-28,WH-PHC,PRD-0152,51,51,0
2025-02-28,WH-LAG1,PRD-0153,226,226,0
2025-02-28,WH-LAG2,PRD-0153,109,109,0
2025-02-28,WH-IBD,PRD-0153,62,62,0
2025-02-28,WH-ABJ,PRD-0153,119,123,4
2025-02-28,WH-PHC,PRD-0153,58,58,0
2025-02-28,WH-LAG1,PRD-0154,92,92,0
2025-02-28,WH-LAG2,PRD-0154,57,57,0
2025-02-28,WH-IBD,PRD-0154,22,22,0
2025-02-28,WH-ABJ,PRD-0154,73,73,0
2025-02-28,WH-PHC,PRD-0154,17,17,0
2025-02-28,WH-LAG1,PRD-0155,50,50,0
2025-02-28,WH-LAG2,PRD-0155,26,26,0
2025-02-28,WH-IBD,PRD-0155,42,42,0
2025-02-28,WH-ABJ,PRD-0155,47,47,0
2025-02-28,WH-PHC,PRD-0155,72,74,2
2025-02-28,WH-LAG1,PRD-0156,281,281,0
2025-02-28,WH-LAG2,PRD-0156,49,49,0
2025-02-28,WH-IBD,PRD-0156,86,86,0
2025-02-28,WH-ABJ,PRD-0156,135,135,0
2025-02-28,WH-PHC,PRD-0156,172,172,0
2025-02-28,WH-LAG1,PRD-0157,59,59,0
2025-02-28,WH-LAG2,PRD-0157,32,32,0
2025-02-28,WH-IBD,PRD-0157,55,55,0
2025-02-28,WH-ABJ,PRD-0157,127,127,0
2025-02-28,WH-PHC,PRD-0157,47,47,0
2025-02-28,WH-LAG1,PRD-0158,15,15,0
2025-02-28,WH-LAG2,PRD-0158,34,34,0
2025-02-28,WH-IBD,PRD-0158,31,31,0
2025-02-28,WH-ABJ,PRD-0158,28,28,0
2025-02-28,WH-PHC,PRD-0158,9,9,0
2025-02-28,WH-LAG1,PRD-0159,40,40,0
2025-02-28,WH-LAG2,PRD-0159,44,44,0
2025-02-28,WH-IBD,PRD-0159,55,55,0
2025-02-28,WH-ABJ,PRD-0159,48,48,0
2025-02-28,WH-PHC,PRD-0159,5,5,0
2025-02-28,WH-LAG1,PRD-0160,348,348,0
2025-02-28,WH-LAG2,PRD-0160,129,129,0
2025-02-28,WH-IBD,PRD-0160,62,62,0
2025-02-28,WH-ABJ,PRD-0160,141,141,0
2025-02-28,WH-PHC,PRD-0160,165,165,0
2025-02-28,WH-LAG1,PRD-0161,778,778,0
2025-02-28,WH-LAG2,PRD-0161,87,87,0
2025-02-28,WH-IBD,PRD-0161,110,110,0
2025-02-28,WH-ABJ,PRD-0161,75,75,0
2025-02-28,WH-PHC,PRD-0161,193,202,9
2025-02-28,WH-LAG1,PRD-0162,99,99,0
2025-02-28,WH-LAG2,PRD-0162,38,38,0
2025-02-28,WH-IBD,PRD-0162,70,70,0
2025-02-28,WH-ABJ,PRD-0162,61,61,0
2025-02-28,WH-PHC,PRD-0162,0,0,0
2025-02-28,WH-LAG1,PRD-0163,87,87,0
2025-02-28,WH-LAG2,PRD-0163,37,37,0
2025-02-28,WH-IBD,PRD-0163,30,30,0
2025-02-28,WH-ABJ,PRD-0163,36,36,0
2025-02-28,WH-PHC,PRD-0163,69,69,0
2025-02-28,WH-LAG1,PRD-0164,105,105,0
2025-02-28,WH-LAG2,PRD-0164,29,29,0
2025-02-28,WH-IBD,PRD-0164,44,44,0
2025-02-28,WH-ABJ,PRD-0164,59,61,2
2025-02-28,WH-PHC,PRD-0164,24,25,1
2025-02-28,WH-LAG1,PRD-0165,253,253,0
2025-02-28,WH-LAG2,PRD-0165,74,74,0
2025-02-28,WH-IBD,PRD-0165,75,75,0
2025-02-28,WH-ABJ,PRD-0165,77,77,0
2025-02-28,WH-PHC,PRD-0165,165,165,0
2025-02-28,WH-LAG1,PRD-0166,278,278,0
2025-02-28,WH-LAG2,PRD-0166,144,150,6
2025-02-28,WH-IBD,PRD-0166,149,149,0
2025-02-28,WH-ABJ,PRD-0166,111,111,0
2025-02-28,WH-PHC,PRD-0166,47,47,0
2025-02-28,WH-LAG1,PRD-0167,50,50,0
2025-02-28,WH-LAG2,PRD-0167,40,40,0
2025-02-28,WH-IBD,PRD-0167,61,61,0
2025-02-28,WH-ABJ,PRD-0167,61,61,0
2025-02-28,WH-PHC,PRD-0167,72,72,0
2025-02-28,WH-LAG1,PRD-0168,68,68,0
2025-02-28,WH-LAG2,PRD-0168,45,45,0
2025-02-28,WH-IBD,PRD-0168,20,20,0
2025-02-28,WH-ABJ,PRD-0168,26,26,0
2025-02-28,WH-PHC,PRD-0168,25,25,0
2025-02-28,WH-LAG1,PRD-0169,30,30,0
2025-02-28,WH-LAG2,PRD-0169,21,21,0
2025-02-28,WH-IBD,PRD-0169,73,73,0
2025-02-28,WH-ABJ,PRD-0169,28,28,0
2025-02-28,WH-PHC,PRD-0169,63,63,0
2025-02-28,WH-LAG1,PRD-0170,72,72,0
2025-02-28,WH-LAG2,PRD-0170,78,78,0
2025-02-28,WH-IBD,PRD-0170,9,9,0
2025-02-28,WH-ABJ,PRD-0170,68,68,0
2025-02-28,WH-PHC,PRD-0170,47,47,0
2025-03-31,WH-LAG1,PRD-0001,62,62,0
2025-03-31,WH-LAG2,PRD-0001,20,20,0
2025-03-31,WH-IBD,PRD-0001,48,48,0
2025-03-31,WH-ABJ,PRD-0001,20,20,0
2025-03-31,WH-PHC,PRD-0001,43,43,0
2025-03-31,WH-LAG1,PRD-0002,31,31,0
2025-03-31,WH-LAG2,PRD-0002,28,28,0
2025-03-31,WH-IBD,PRD-0002,32,32,0
2025-03-31,WH-ABJ,PRD-0002,5,5,0
2025-03-31,WH-PHC,PRD-0002,29,29,0
2025-03-31,WH-LAG1,PRD-0003,0,0,0
2025-03-31,WH-LAG2,PRD-0003,21,21,0
2025-03-31,WH-IBD,PRD-0003,21,21,0
2025-03-31,WH-ABJ,PRD-0003,23,23,0
2025-03-31,WH-PHC,PRD-0003,17,17,0
2025-03-31,WH-LAG1,PRD-0004,637,637,0
2025-03-31,WH-LAG2,PRD-0004,179,179,0
2025-03-31,WH-IBD,PRD-0004,148,148,0
2025-03-31,WH-ABJ,PRD-0004,282,282,0
2025-03-31,WH-PHC,PRD-0004,239,231,-8
2025-03-31,WH-LAG1,PRD-0005,101,101,0
2025-03-31,WH-LAG2,PRD-0005,43,43,0
2025-03-31,WH-IBD,PRD-0005,28,28,0
2025-03-31,WH-ABJ,PRD-0005,41,41,0
2025-03-31,WH-PHC,PRD-0005,58,58,0
2025-03-31,WH-LAG1,PRD-0006,21,21,0
2025-03-31,WH-LAG2,PRD-0006,40,40,0
2025-03-31,WH-IBD,PRD-0006,21,22,1
2025-03-31,WH-ABJ,PRD-0006,18,18,0
2025-03-31,WH-PHC,PRD-0006,25,25,0
2025-03-31,WH-LAG1,PRD-0007,65,65,0
2025-03-31,WH-LAG2,PRD-0007,26,26,0
2025-03-31,WH-IBD,PRD-0007,21,21,0
2025-03-31,WH-ABJ,PRD-0007,139,139,0
2025-03-31,WH-PHC,PRD-0007,98,98,0
2025-03-31,WH-LAG1,PRD-0008,82,82,0
2025-03-31,WH-LAG2,PRD-0008,43,43,0
2025-03-31,WH-IBD,PRD-0008,19,18,-1
2025-03-31,WH-ABJ,PRD-0008,71,71,0
2025-03-31,WH-PHC,PRD-0008,24,24,0
2025-03-31,WH-LAG1,PRD-0009,25,25,0
2025-03-31,WH-LAG2,PRD-0009,23,23,0
2025-03-31,WH-IBD,PRD-0009,14,14,0
2025-03-31,WH-ABJ,PRD-0009,12,13,1
2025-03-31,WH-PHC,PRD-0009,11,11,0
2025-03-31,WH-LAG1,PRD-0010,29,30,1
2025-03-31,WH-LAG2,PRD-0010,24,23,-1
2025-03-31,WH-IBD,PRD-0010,20,20,0
2025-03-31,WH-ABJ,PRD-0010,11,10,-1
2025-03-31,WH-PHC,PRD-0010,18,18,0
2025-03-31,WH-LAG1,PRD-0011,202,202,0
2025-03-31,WH-LAG2,PRD-0011,49,49,0
2025-03-31,WH-IBD,PRD-0011,44,46,2
2025-03-31,WH-ABJ,PRD-0011,85,89,4
2025-03-31,WH-PHC,PRD-0011,102,104,2
2025-03-31,WH-LAG1,PRD-0012,81,81,0
2025-03-31,WH-LAG2,PRD-0012,54,54,0
2025-03-31,WH-IBD,PRD-0012,23,23,0
2025-03-31,WH-ABJ,PRD-0012,14,14,0
2025-03-31,WH-PHC,PRD-0012,14,14,0
2025-03-31,WH-LAG1,PRD-0013,26,26,0
2025-03-31,WH-LAG2,PRD-0013,3,3,0
2025-03-31,WH-IBD,PRD-0013,3,3,0
2025-03-31,WH-ABJ,PRD-0013,13,13,0
2025-03-31,WH-PHC,PRD-0013,23,23,0
2025-03-31,WH-LAG1,PRD-0014,15,15,0
2025-03-31,WH-LAG2,PRD-0014,5,5,0
2025-03-31,WH-IBD,PRD-0014,17,17,0
2025-03-31,WH-ABJ,PRD-0014,5,5,0
2025-03-31,WH-PHC,PRD-0014,17,17,0
2025-03-31,WH-LAG1,PRD-0015,57,57,0
2025-03-31,WH-LAG2,PRD-0015,12,12,0
2025-03-31,WH-IBD,PRD-0015,32,32,0
2025-03-31,WH-ABJ,PRD-0015,52,52,0
2025-03-31,WH-PHC,PRD-0015,66,66,0
2025-03-31,WH-LAG1,PRD-0016,152,152,0
2025-03-31,WH-LAG2,PRD-0016,40,40,0
2025-03-31,WH-IBD,PRD-0016,41,41,0
2025-03-31,WH-ABJ,PRD-0016,149,149,0
2025-03-31,WH-PHC,PRD-0016,19,18,-1
2025-03-31,WH-LAG1,PRD-0017,65,65,0
2025-03-31,WH-LAG2,PRD-0017,44,44,0
2025-03-31,WH-IBD,PRD-0017,25,25,0
2025-03-31,WH-ABJ,PRD-0017,0,0,0
2025-03-31,WH-PHC,PRD-0017,24,24,0
2025-03-31,WH-LAG1,PRD-0018,146,146,0
2025-03-31,WH-LAG2,PRD-0018,74,74,0
2025-03-31,WH-IBD,PRD-0018,96,96,0
2025-03-31,WH-ABJ,PRD-0018,33,33,0
2025-03-31,WH-PHC,PRD-0018,66,65,-1
2025-03-31,WH-LAG1,PRD-0019,127,129,2
2025-03-31,WH-LAG2,PRD-0019,101,101,0
2025-03-31,WH-IBD,PRD-0019,67,67,0
2025-03-31,WH-ABJ,PRD-0019,58,58,0
2025-03-31,WH-PHC,PRD-0019,42,42,0
2025-03-31,WH-LAG1,PRD-0020,134,129,-5
2025-03-31,WH-LAG2,PRD-0020,97,97,0
2025-03-31,WH-IBD,PRD-0020,0,0,0
2025-03-31,WH-ABJ,PRD-0020,93,93,0
2025-03-31,WH-PHC,PRD-0020,90,86,-4
2025-03-31,WH-LAG1,PRD-0021,50,50,0
2025-03-31,WH-LAG2,PRD-0021,23,23,0
2025-03-31,WH-IBD,PRD-0021,48,48,0
2025-03-31,WH-ABJ,PRD-0021,27,27,0
2025-03-31,WH-PHC,PRD-0021,24,24,0
2025-03-31,WH-LAG1,PRD-0022,16,16,0
2025-03-31,WH-LAG2,PRD-0022,11,10,-1
2025-03-31,WH-IBD,PRD-0022,11,11,0
2025-03-31,WH-ABJ,PRD-0022,11,11,0
2025-03-31,WH-PHC,PRD-0022,25,25,0
2025-03-31,WH-LAG1,PRD-0023,96,96,0
2025-03-31,WH-LAG2,PRD-0023,52,52,0
2025-03-31,WH-IBD,PRD-0023,32,32,0
2025-03-31,WH-ABJ,PRD-0023,126,126,0
2025-03-31,WH-PHC,PRD-0023,48,48,0
2025-03-31,WH-LAG1,PRD-0024,53,53,0
2025-03-31,WH-LAG2,PRD-0024,46,46,0
2025-03-31,WH-IBD,PRD-0024,0,0,0
2025-03-31,WH-ABJ,PRD-0024,39,39,0
2025-03-31,WH-PHC,PRD-0024,33,33,0
2025-03-31,WH-LAG1,PRD-0025,12,12,0
2025-03-31,WH-LAG2,PRD-0025,29,29,0
2025-03-31,WH-IBD,PRD-0025,59,59,0
2025-03-31,WH-ABJ,PRD-0025,33,32,-1
2025-03-31,WH-PHC,PRD-0025,56,56,0
2025-03-31,WH-LAG1,PRD-0026,107,107,0
2025-03-31,WH-LAG2,PRD-0026,31,32,1
2025-03-31,WH-IBD,PRD-0026,10,10,0
2025-03-31,WH-ABJ,PRD-0026,59,59,0
2025-03-31,WH-PHC,PRD-0026,29,29,0
2025-03-31,WH-LAG1,PRD-0027,44,44,0
2025-03-31,WH-LAG2,PRD-0027,20,20,0
2025-03-31,WH-IBD,PRD-0027,11,11,0
2025-03-31,WH-ABJ,PRD-0027,33,32,-1
2025-03-31,WH-PHC,PRD-0027,10,10,0
2025-03-31,WH-LAG1,PRD-0028,106,106,0
2025-03-31,WH-LAG2,PRD-0028,34,33,-1
2025-03-31,WH-IBD,PRD-0028,34,34,0
2025-03-31,WH-ABJ,PRD-0028,64,65,1
2025-03-31,WH-PHC,PRD-0028,57,57,0
2025-03-31,WH-LAG1,PRD-0029,51,51,0
2025-03-31,WH-LAG2,PRD-0029,9,9,0
2025-03-31,WH-IBD,PRD-0029,35,35,0
2025-03-31,WH-ABJ,PRD-0029,7,7,0
2025-03-31,WH-PHC,PRD-0029,3,4,1
2025-03-31,WH-LAG1,PRD-0030,41,41,0
2025-03-31,WH-LAG2,PRD-0030,10,10,0
2025-03-31,WH-IBD,PRD-0030,18,18,0
2025-03-31,WH-ABJ,PRD-0030,22,22,0
2025-03-31,WH-PHC,PRD-0030,15,15,0
2025-03-31,WH-LAG1,PRD-0031,66,66,0
2025-03-31,WH-LAG2,PRD-0031,145,145,0
2025-03-31,WH-IBD,PRD-0031,112,112,0
2025-03-31,WH-ABJ,PRD-0031,119,119,0
2025-03-31,WH-PHC,PRD-0031,86,86,0
2025-03-31,WH-LAG1,PRD-0032,24,24,0
2025-03-31,WH-LAG2,PRD-0032,25,25,0
2025-03-31,WH-IBD,PRD-0032,10,10,0
2025-03-31,WH-ABJ,PRD-0032,0,0,0
2025-03-31,WH-PHC,PRD-0032,9,9,0
2025-03-31,WH-LAG1,PRD-0033,50,50,0
2025-03-31,WH-LAG2,PRD-0033,34,35,1
2025-03-31,WH-IBD,PRD-0033,21,21,0
2025-03-31,WH-ABJ,PRD-0033,10,10,0
2025-03-31,WH-PHC,PRD-0033,52,52,0
2025-03-31,WH-LAG1,PRD-0034,42,42,0
2025-03-31,WH-LAG2,PRD-0034,7,7,0
2025-03-31,WH-IBD,PRD-0034,9,9,0
2025-03-31,WH-ABJ,PRD-0034,11,11,0
2025-03-31,WH-PHC,PRD-0034,9,9,0
2025-03-31,WH-LAG1,PRD-0035,61,61,0
2025-03-31,WH-LAG2,PRD-0035,30,30,0
2025-03-31,WH-IBD,PRD-0035,84,84,0
2025-03-31,WH-ABJ,PRD-0035,76,73,-3
2025-03-31,WH-PHC,PRD-0035,70,70,0
2025-03-31,WH-LAG1,PRD-0036,34,34,0
2025-03-31,WH-LAG2,PRD-0036,30,30,0
2025-03-31,WH-IBD,PRD-0036,45,44,-1
2025-03-31,WH-ABJ,PRD-0036,13,13,0
2025-03-31,WH-PHC,PRD-0036,16,17,1
2025-03-31,WH-LAG1,PRD-0037,115,115,0
2025-03-31,WH-LAG2,PRD-0037,0,0,0
2025-03-31,WH-IBD,PRD-0037,113,113,0
2025-03-31,WH-ABJ,PRD-0037,137,137,0
2025-03-31,WH-PHC,PRD-0037,129,129,0
2025-03-31,WH-LAG1,PRD-0038,4,4,0
2025-03-31,WH-LAG2,PRD-0038,8,8,0
2025-03-31,WH-IBD,PRD-0038,29,29,0
2025-03-31,WH-ABJ,PRD-0038,4,4,0
2025-03-31,WH-PHC,PRD-0038,10,10,0
2025-03-31,WH-LAG1,PRD-0039,353,360,7
2025-03-31,WH-LAG2,PRD-0039,119,119,0
2025-03-31,WH-IBD,PRD-0039,54,54,0
2025-03-31,WH-ABJ,PRD-0039,182,182,0
2025-03-31,WH-PHC,PRD-0039,136,136,0
2025-03-31,WH-LAG1,PRD-0040,50,50,0
2025-03-31,WH-LAG2,PRD-0040,25,25,0
2025-03-31,WH-IBD,PRD-0040,25,25,0
2025-03-31,WH-ABJ,PRD-0040,47,47,0
2025-03-31,WH-PHC,PRD-0040,58,58,0
2025-03-31,WH-LAG1,PRD-0041,58,56,-2
2025-03-31,WH-LAG2,PRD-0041,73,73,0
2025-03-31,WH-IBD,PRD-0041,64,64,0
2025-03-31,WH-ABJ,PRD-0041,25,25,0
2025-03-31,WH-PHC,PRD-0041,80,80,0
2025-03-31,WH-LAG1,PRD-0042,15,15,0
2025-03-31,WH-LAG2,PRD-0042,10,10,0
2025-03-31,WH-IBD,PRD-0042,8,8,0
2025-03-31,WH-ABJ,PRD-0042,23,23,0
2025-03-31,WH-PHC,PRD-0042,11,11,0
2025-03-31,WH-LAG1,PRD-0043,50,50,0
2025-03-31,WH-LAG2,PRD-0043,36,36,0
2025-03-31,WH-IBD,PRD-0043,70,70,0
2025-03-31,WH-ABJ,PRD-0043,74,74,0
2025-03-31,WH-PHC,PRD-0043,71,71,0
2025-03-31,WH-LAG1,PRD-0044,9,9,0
2025-03-31,WH-LAG2,PRD-0044,10,10,0
2025-03-31,WH-IBD,PRD-0044,8,8,0
2025-03-31,WH-ABJ,PRD-0044,5,5,0
2025-03-31,WH-PHC,PRD-0044,8,8,0
2025-03-31,WH-LAG1,PRD-0045,12,12,0
2025-03-31,WH-LAG2,PRD-0045,59,59,0
2025-03-31,WH-IBD,PRD-0045,47,47,0
2025-03-31,WH-ABJ,PRD-0045,89,89,0
2025-03-31,WH-PHC,PRD-0045,29,29,0
2025-03-31,WH-LAG1,PRD-0046,2,2,0
2025-03-31,WH-LAG2,PRD-0046,82,82,0
2025-03-31,WH-IBD,PRD-0046,54,54,0
2025-03-31,WH-ABJ,PRD-0046,46,46,0
2025-03-31,WH-PHC,PRD-0046,41,41,0
2025-03-31,WH-LAG1,PRD-0047,124,124,0
2025-03-31,WH-LAG2,PRD-0047,0,0,0
2025-03-31,WH-IBD,PRD-0047,20,20,0
2025-03-31,WH-ABJ,PRD-0047,22,22,0
2025-03-31,WH-PHC,PRD-0047,49,49,0
2025-03-31,WH-LAG1,PRD-0048,113,113,0
2025-03-31,WH-LAG2,PRD-0048,46,46,0
2025-03-31,WH-IBD,PRD-0048,31,30,-1
2025-03-31,WH-ABJ,PRD-0048,67,67,0
2025-03-31,WH-PHC,PRD-0048,59,59,0
2025-03-31,WH-LAG1,PRD-0049,41,41,0
2025-03-31,WH-LAG2,PRD-0049,43,43,0
2025-03-31,WH-IBD,PRD-0049,16,17,1
2025-03-31,WH-ABJ,PRD-0049,66,66,0
2025-03-31,WH-PHC,PRD-0049,64,64,0
2025-03-31,WH-LAG1,PRD-0050,78,78,0
2025-03-31,WH-LAG2,PRD-0050,0,0,0
2025-03-31,WH-IBD,PRD-0050,43,43,0
2025-03-31,WH-ABJ,PRD-0050,0,0,0
2025-03-31,WH-PHC,PRD-0050,0,0,0
2025-03-31,WH-LAG1,PRD-0051,239,239,0
2025-03-31,WH-LAG2,PRD-0051,99,99,0
2025-03-31,WH-IBD,PRD-0051,104,104,0
2025-03-31,WH-ABJ,PRD-0051,48,48,0
2025-03-31,WH-PHC,PRD-0051,95,95,0
2025-03-31,WH-LAG1,PRD-0052,35,35,0
2025-03-31,WH-LAG2,PRD-0052,13,13,0
2025-03-31,WH-IBD,PRD-0052,16,16,0
2025-03-31,WH-ABJ,PRD-0052,15,16,1
2025-03-31,WH-PHC,PRD-0052,4,4,0
2025-03-31,WH-LAG1,PRD-0053,21,21,0
2025-03-31,WH-LAG2,PRD-0053,6,6,0
2025-03-31,WH-IBD,PRD-0053,7,7,0
2025-03-31,WH-ABJ,PRD-0053,6,6,0
2025-03-31,WH-PHC,PRD-0053,8,8,0
2025-03-31,WH-LAG1,PRD-0054,47,47,0
2025-03-31,WH-LAG2,PRD-0054,19,19,0
2025-03-31,WH-IBD,PRD-0054,37,37,0
2025-03-31,WH-ABJ,PRD-0054,42,42,0
2025-03-31,WH-PHC,PRD-0054,49,49,0
2025-03-31,WH-LAG1,PRD-0055,89,89,0
2025-03-31,WH-LAG2,PRD-0055,17,17,0
2025-03-31,WH-IBD,PRD-0055,62,62,0
2025-03-31,WH-ABJ,PRD-0055,41,40,-1
2025-03-31,WH-PHC,PRD-0055,48,48,0
2025-03-31,WH-LAG1,PRD-0056,97,97,0
2025-03-31,WH-LAG2,PRD-0056,17,18,1
2025-03-31,WH-IBD,PRD-0056,16,16,0
2025-03-31,WH-ABJ,PRD-0056,27,27,0
2025-03-31,WH-PHC,PRD-0056,43,43,0
2025-03-31,WH-LAG1,PRD-0057,94,94,0
2025-03-31,WH-LAG2,PRD-0057,74,74,0
2025-03-31,WH-IBD,PRD-0057,181,175,-6
2025-03-31,WH-ABJ,PRD-0057,182,182,0
2025-03-31,WH-PHC,PRD-0057,167,167,0
2025-03-31,WH-LAG1,PRD-0058,82,79,-3
2025-03-31,WH-LAG2,PRD-0058,29,29,0
2025-03-31,WH-IBD,PRD-0058,53,53,0
2025-03-31,WH-ABJ,PRD-0058,59,59,0
2025-03-31,WH-PHC,PRD-0058,70,70,0
2025-03-31,WH-LAG1,PRD-0059,72,72,0
2025-03-31,WH-LAG2,PRD-0059,52,51,-1
2025-03-31,WH-IBD,PRD-0059,33,33,0
2025-03-31,WH-ABJ,PRD-0059,26,27,1
2025-03-31,WH-PHC,PRD-0059,12,12,0
2025-03-31,WH-LAG1,PRD-0060,243,243,0
2025-03-31,WH-LAG2,PRD-0060,113,113,0
2025-03-31,WH-IBD,PRD-0060,68,68,0
2025-03-31,WH-ABJ,PRD-0060,33,33,0
2025-03-31,WH-PHC,PRD-0060,127,127,0
2025-03-31,WH-LAG1,PRD-0061,188,194,6
2025-03-31,WH-LAG2,PRD-0061,77,77,0
2025-03-31,WH-IBD,PRD-0061,79,79,0
2025-03-31,WH-ABJ,PRD-0061,133,133,0
2025-03-31,WH-PHC,PRD-0061,50,52,2
2025-03-31,WH-LAG1,PRD-0062,83,83,0
2025-03-31,WH-LAG2,PRD-0062,66,66,0
2025-03-31,WH-IBD,PRD-0062,28,28,0
2025-03-31,WH-ABJ,PRD-0062,45,44,-1
2025-03-31,WH-PHC,PRD-0062,71,71,0
2025-03-31,WH-LAG1,PRD-0063,84,84,0
2025-03-31,WH-LAG2,PRD-0063,31,31,0
2025-03-31,WH-IBD,PRD-0063,21,21,0
2025-03-31,WH-ABJ,PRD-0063,46,47,1
2025-03-31,WH-PHC,PRD-0063,43,43,0
2025-03-31,WH-LAG1,PRD-0064,0,0,0
2025-03-31,WH-LAG2,PRD-0064,68,68,0
2025-03-31,WH-IBD,PRD-0064,0,0,0
2025-03-31,WH-ABJ,PRD-0064,93,93,0
2025-03-31,WH-PHC,PRD-0064,9,9,0
2025-03-31,WH-LAG1,PRD-0065,161,161,0
2025-03-31,WH-LAG2,PRD-0065,64,64,0
2025-03-31,WH-IBD,PRD-0065,14,14,0
2025-03-31,WH-ABJ,PRD-0065,64,64,0
2025-03-31,WH-PHC,PRD-0065,100,100,0
2025-03-31,WH-LAG1,PRD-0066,13,13,0
2025-03-31,WH-LAG2,PRD-0066,3,3,0
2025-03-31,WH-IBD,PRD-0066,10,10,0
2025-03-31,WH-ABJ,PRD-0066,9,9,0
2025-03-31,WH-PHC,PRD-0066,9,9,0
2025-03-31,WH-LAG1,PRD-0067,134,134,0
2025-03-31,WH-LAG2,PRD-0067,90,90,0
2025-03-31,WH-IBD,PRD-0067,39,39,0
2025-03-31,WH-ABJ,PRD-0067,68,68,0
2025-03-31,WH-PHC,PRD-0067,30,31,1
2025-03-31,WH-LAG1,PRD-0068,244,244,0
2025-03-31,WH-LAG2,PRD-0068,56,56,0
2025-03-31,WH-IBD,PRD-0068,111,109,-2
2025-03-31,WH-ABJ,PRD-0068,164,164,0
2025-03-31,WH-PHC,PRD-0068,55,55,0
2025-03-31,WH-LAG1,PRD-0069,19,19,0
2025-03-31,WH-LAG2,PRD-0069,13,13,0
2025-03-31,WH-IBD,PRD-0069,0,0,0
2025-03-31,WH-ABJ,PRD-0069,21,20,-1
2025-03-31,WH-PHC,PRD-0069,22,22,0
2025-03-31,WH-LAG1,PRD-0070,55,55,0
2025-03-31,WH-LAG2,PRD-0070,11,11,0
2025-03-31,WH-IBD,PRD-0070,32,32,0
2025-03-31,WH-ABJ,PRD-0070,61,61,0
2025-03-31,WH-PHC,PRD-0070,28,28,0
2025-03-31,WH-LAG1,PRD-0071,18,19,1
2025-03-31,WH-LAG2,PRD-0071,24,24,0
2025-03-31,WH-IBD,PRD-0071,21,21,0
2025-03-31,WH-ABJ,PRD-0071,20,20,0
2025-03-31,WH-PHC,PRD-0071,16,16,0
2025-03-31,WH-LAG1,PRD-0072,29,29,0
2025-03-31,WH-LAG2,PRD-0072,53,53,0
2025-03-31,WH-IBD,PRD-0072,26,26,0
2025-03-31,WH-ABJ,PRD-0072,47,47,0
2025-03-31,WH-PHC,PRD-0072,24,24,0
2025-03-31,WH-LAG1,PRD-0073,40,41,1
2025-03-31,WH-LAG2,PRD-0073,1,1,0
2025-03-31,WH-IBD,PRD-0073,22,22,0
2025-03-31,WH-ABJ,PRD-0073,16,16,0
2025-03-31,WH-PHC,PRD-0073,13,13,0
2025-03-31,WH-LAG1,PRD-0074,211,211,0
2025-03-31,WH-LAG2,PRD-0074,82,82,0
2025-03-31,WH-IBD,PRD-0074,17,17,0
2025-03-31,WH-ABJ,PRD-0074,95,95,0
2025-03-31,WH-PHC,PRD-0074,70,70,0
2025-03-31,WH-LAG1,PRD-0075,48,48,0
2025-03-31,WH-LAG2,PRD-0075,24,24,0
2025-03-31,WH-IBD,PRD-0075,18,18,0
2025-03-31,WH-ABJ,PRD-0075,19,19,0
2025-03-31,WH-PHC,PRD-0075,29,29,0
2025-03-31,WH-LAG1,PRD-0076,78,78,0
2025-03-31,WH-LAG2,PRD-0076,32,32,0
2025-03-31,WH-IBD,PRD-0076,50,50,0
2025-03-31,WH-ABJ,PRD-0076,88,88,0
2025-03-31,WH-PHC,PRD-0076,95,98,3
2025-03-31,WH-LAG1,PRD-0077,279,279,0
2025-03-31,WH-LAG2,PRD-0077,135,135,0
2025-03-31,WH-IBD,PRD-0077,97,97,0
2025-03-31,WH-ABJ,PRD-0077,63,64,1
2025-03-31,WH-PHC,PRD-0077,116,116,0
2025-03-31,WH-LAG1,PRD-0078,96,96,0
2025-03-31,WH-LAG2,PRD-0078,51,51,0
2025-03-31,WH-IBD,PRD-0078,42,42,0
2025-03-31,WH-ABJ,PRD-0078,117,117,0
2025-03-31,WH-PHC,PRD-0078,62,62,0
2025-03-31,WH-LAG1,PRD-0079,70,70,0
2025-03-31,WH-LAG2,PRD-0079,52,52,0
2025-03-31,WH-IBD,PRD-0079,16,16,0
2025-03-31,WH-ABJ,PRD-0079,52,53,1
2025-03-31,WH-PHC,PRD-0079,48,49,1
2025-03-31,WH-LAG1,PRD-0080,107,107,0
2025-03-31,WH-LAG2,PRD-0080,34,34,0
2025-03-31,WH-IBD,PRD-0080,48,48,0
2025-03-31,WH-ABJ,PRD-0080,67,67,0
2025-03-31,WH-PHC,PRD-0080,40,40,0
2025-03-31,WH-LAG1,PRD-0081,171,171,0
2025-03-31,WH-LAG2,PRD-0081,81,81,0
2025-03-31,WH-IBD,PRD-0081,41,41,0
2025-03-31,WH-ABJ,PRD-0081,92,92,0
2025-03-31,WH-PHC,PRD-0081,18,18,0
2025-03-31,WH-LAG1,PRD-0082,124,124,0
2025-03-31,WH-LAG2,PRD-0082,106,106,0
2025-03-31,WH-IBD,PRD-0082,99,99,0
2025-03-31,WH-ABJ,PRD-0082,46,46,0
2025-03-31,WH-PHC,PRD-0082,32,33,1
2025-03-31,WH-LAG1,PRD-0083,285,285,0
2025-03-31,WH-LAG2,PRD-0083,126,126,0
2025-03-31,WH-IBD,PRD-0083,116,116,0
2025-03-31,WH-ABJ,PRD-0083,145,145,0
2025-03-31,WH-PHC,PRD-0083,83,83,0
2025-03-31,WH-LAG1,PRD-0084,255,255,0
2025-03-31,WH-LAG2,PRD-0084,112,112,0
2025-03-31,WH-IBD,PRD-0084,33,33,0
2025-03-31,WH-ABJ,PRD-0084,3,3,0
2025-03-31,WH-PHC,PRD-0084,89,89,0
2025-03-31,WH-LAG1,PRD-0085,144,144,0
2025-03-31,WH-LAG2,PRD-0085,89,89,0
2025-03-31,WH-IBD,PRD-0085,72,72,0
2025-03-31,WH-ABJ,PRD-0085,59,59,0
2025-03-31,WH-PHC,PRD-0085,0,0,0
2025-03-31,WH-LAG1,PRD-0086,126,130,4
2025-03-31,WH-LAG2,PRD-0086,238,238,0
2025-03-31,WH-IBD,PRD-0086,148,148,0
2025-03-31,WH-ABJ,PRD-0086,48,48,0
2025-03-31,WH-PHC,PRD-0086,151,151,0
2025-03-31,WH-LAG1,PRD-0087,21,21,0
2025-03-31,WH-LAG2,PRD-0087,1,1,0
2025-03-31,WH-IBD,PRD-0087,23,23,0
2025-03-31,WH-ABJ,PRD-0087,5,5,0
2025-03-31,WH-PHC,PRD-0087,8,8,0
2025-03-31,WH-LAG1,PRD-0088,41,41,0
2025-03-31,WH-LAG2,PRD-0088,7,7,0
2025-03-31,WH-IBD,PRD-0088,53,53,0
2025-03-31,WH-ABJ,PRD-0088,63,63,0
2025-03-31,WH-PHC,PRD-0088,49,49,0
2025-03-31,WH-LAG1,PRD-0089,22,22,0
2025-03-31,WH-LAG2,PRD-0089,22,22,0
2025-03-31,WH-IBD,PRD-0089,48,46,-2
2025-03-31,WH-ABJ,PRD-0089,32,32,0
2025-03-31,WH-PHC,PRD-0089,23,23,0
2025-03-31,WH-LAG1,PRD-0090,1409,1409,0
2025-03-31,WH-LAG2,PRD-0090,775,775,0
2025-03-31,WH-IBD,PRD-0090,537,537,0
2025-03-31,WH-ABJ,PRD-0090,1093,1093,0
2025-03-31,WH-PHC,PRD-0090,522,522,0
2025-03-31,WH-LAG1,PRD-0091,0,0,0
2025-03-31,WH-LAG2,PRD-0091,48,48,0
2025-03-31,WH-IBD,PRD-0091,70,70,0
2025-03-31,WH-ABJ,PRD-0091,75,75,0
2025-03-31,WH-PHC,PRD-0091,77,77,0
2025-03-31,WH-LAG1,PRD-0092,31,31,0
2025-03-31,WH-LAG2,PRD-0092,30,30,0
2025-03-31,WH-IBD,PRD-0092,38,38,0
2025-03-31,WH-ABJ,PRD-0092,18,18,0
2025-03-31,WH-PHC,PRD-0092,21,21,0
2025-03-31,WH-LAG1,PRD-0093,114,118,4
2025-03-31,WH-LAG2,PRD-0093,47,48,1
2025-03-31,WH-IBD,PRD-0093,109,109,0
2025-03-31,WH-ABJ,PRD-0093,95,95,0
2025-03-31,WH-PHC,PRD-0093,124,124,0
2025-03-31,WH-LAG1,PRD-0094,25,25,0
2025-03-31,WH-LAG2,PRD-0094,10,10,0
2025-03-31,WH-IBD,PRD-0094,23,24,1
2025-03-31,WH-ABJ,PRD-0094,9,9,0
2025-03-31,WH-PHC,PRD-0094,9,9,0
2025-03-31,WH-LAG1,PRD-0095,4,4,0
2025-03-31,WH-LAG2,PRD-0095,23,23,0
2025-03-31,WH-IBD,PRD-0095,24,24,0
2025-03-31,WH-ABJ,PRD-0095,23,23,0
2025-03-31,WH-PHC,PRD-0095,20,20,0
2025-03-31,WH-LAG1,PRD-0096,16,16,0
2025-03-31,WH-LAG2,PRD-0096,5,5,0
2025-03-31,WH-IBD,PRD-0096,25,25,0
2025-03-31,WH-ABJ,PRD-0096,12,13,1
2025-03-31,WH-PHC,PRD-0096,18,18,0
2025-03-31,WH-LAG1,PRD-0097,52,52,0
2025-03-31,WH-LAG2,PRD-0097,10,10,0
2025-03-31,WH-IBD,PRD-0097,26,26,0
2025-03-31,WH-ABJ,PRD-0097,27,27,0
2025-03-31,WH-PHC,PRD-0097,13,13,0
2025-03-31,WH-LAG1,PRD-0098,265,265,0
2025-03-31,WH-LAG2,PRD-0098,99,99,0
2025-03-31,WH-IBD,PRD-0098,109,109,0
2025-03-31,WH-ABJ,PRD-0098,111,111,0
2025-03-31,WH-PHC,PRD-0098,187,187,0
2025-03-31,WH-LAG1,PRD-0099,26,26,0
2025-03-31,WH-LAG2,PRD-0099,16,17,1
2025-03-31,WH-IBD,PRD-0099,11,11,0
2025-03-31,WH-ABJ,PRD-0099,0,1,1
2025-03-31,WH-PHC,PRD-0099,0,0,0
2025-03-31,WH-LAG1,PRD-0100,529,534,5
2025-03-31,WH-LAG2,PRD-0100,0,0,-1
2025-03-31,WH-IBD,PRD-0100,118,120,2
2025-03-31,WH-ABJ,PRD-0100,39,39,0
2025-03-31,WH-PHC,PRD-0100,321,321,0
2025-03-31,WH-LAG1,PRD-0101,36,36,0
2025-03-31,WH-LAG2,PRD-0101,33,33,0
2025-03-31,WH-IBD,PRD-0101,32,32,0
2025-03-31,WH-ABJ,PRD-0101,0,0,0
2025-03-31,WH-PHC,PRD-0101,15,15,0
2025-03-31,WH-LAG1,PRD-0102,51,50,-1
2025-03-31,WH-LAG2,PRD-0102,67,67,0
2025-03-31,WH-IBD,PRD-0102,20,20,0
2025-03-31,WH-ABJ,PRD-0102,43,43,0
2025-03-31,WH-PHC,PRD-0102,53,53,0
2025-03-31,WH-LAG1,PRD-0103,110,110,0
2025-03-31,WH-LAG2,PRD-0103,5,5,0
2025-03-31,WH-IBD,PRD-0103,55,57,2
2025-03-31,WH-ABJ,PRD-0103,63,63,0
2025-03-31,WH-PHC,PRD-0103,71,70,-1
2025-03-31,WH-LAG1,PRD-0104,18,18,0
2025-03-31,WH-LAG2,PRD-0104,21,21,0
2025-03-31,WH-IBD,PRD-0104,18,18,0
2025-03-31,WH-ABJ,PRD-0104,45,46,1
2025-03-31,WH-PHC,PRD-0104,27,27,0
2025-03-31,WH-LAG1,PRD-0105,33,34,1
2025-03-31,WH-LAG2,PRD-0105,15,15,0
2025-03-31,WH-IBD,PRD-0105,25,25,0
2025-03-31,WH-ABJ,PRD-0105,46,46,0
2025-03-31,WH-PHC,PRD-0105,37,37,0
2025-03-31,WH-LAG1,PRD-0106,51,49,-2
2025-03-31,WH-LAG2,PRD-0106,3,3,0
2025-03-31,WH-IBD,PRD-0106,27,27,0
2025-03-31,WH-ABJ,PRD-0106,21,22,1
2025-03-31,WH-PHC,PRD-0106,23,23,0
2025-03-31,WH-LAG1,PRD-0107,58,58,0
2025-03-31,WH-LAG2,PRD-0107,3,3,0
2025-03-31,WH-IBD,PRD-0107,24,23,-1
2025-03-31,WH-ABJ,PRD-0107,16,15,-1
2025-03-31,WH-PHC,PRD-0107,24,24,0
2025-03-31,WH-LAG1,PRD-0108,293,293,0
2025-03-31,WH-LAG2,PRD-0108,138,138,0
2025-03-31,WH-IBD,PRD-0108,50,50,0
2025-03-31,WH-ABJ,PRD-0108,245,245,0
2025-03-31,WH-PHC,PRD-0108,101,101,0
2025-03-31,WH-LAG1,PRD-0109,153,153,0
2025-03-31,WH-LAG2,PRD-0109,15,15,0
2025-03-31,WH-IBD,PRD-0109,98,94,-4
2025-03-31,WH-ABJ,PRD-0109,90,90,0
2025-03-31,WH-PHC,PRD-0109,45,45,0
2025-03-31,WH-LAG1,PRD-0110,25,25,0
2025-03-31,WH-LAG2,PRD-0110,25,25,0
2025-03-31,WH-IBD,PRD-0110,10,10,0
2025-03-31,WH-ABJ,PRD-0110,31,31,0
2025-03-31,WH-PHC,PRD-0110,35,34,-1
2025-03-31,WH-LAG1,PRD-0111,93,93,0
2025-03-31,WH-LAG2,PRD-0111,54,54,0
2025-03-31,WH-IBD,PRD-0111,69,69,0
2025-03-31,WH-ABJ,PRD-0111,52,52,0
2025-03-31,WH-PHC,PRD-0111,58,58,0
2025-03-31,WH-LAG1,PRD-0112,19,19,0
2025-03-31,WH-LAG2,PRD-0112,10,10,0
2025-03-31,WH-IBD,PRD-0112,10,10,0
2025-03-31,WH-ABJ,PRD-0112,9,9,0
2025-03-31,WH-PHC,PRD-0112,21,21,0
2025-03-31,WH-LAG1,PRD-0113,109,109,0
2025-03-31,WH-LAG2,PRD-0113,33,33,0
2025-03-31,WH-IBD,PRD-0113,60,60,0
2025-03-31,WH-ABJ,PRD-0113,61,61,0
2025-03-31,WH-PHC,PRD-0113,98,98,0
2025-03-31,WH-LAG1,PRD-0114,25,25,0
2025-03-31,WH-LAG2,PRD-0114,10,10,0
2025-03-31,WH-IBD,PRD-0114,20,20,0
2025-03-31,WH-ABJ,PRD-0114,21,21,0
2025-03-31,WH-PHC,PRD-0114,6,6,0
2025-03-31,WH-LAG1,PRD-0115,169,169,0
2025-03-31,WH-LAG2,PRD-0115,83,83,0
2025-03-31,WH-IBD,PRD-0115,71,71,0
2025-03-31,WH-ABJ,PRD-0115,13,13,0
2025-03-31,WH-PHC,PRD-0115,19,19,0
2025-03-31,WH-LAG1,PRD-0116,86,86,0
2025-03-31,WH-LAG2,PRD-0116,14,15,1
2025-03-31,WH-IBD,PRD-0116,39,39,0
2025-03-31,WH-ABJ,PRD-0116,77,77,0
2025-03-31,WH-PHC,PRD-0116,43,43,0
2025-03-31,WH-LAG1,PRD-0117,104,109,5
2025-03-31,WH-LAG2,PRD-0117,16,16,0
2025-03-31,WH-IBD,PRD-0117,64,62,-2
2025-03-31,WH-ABJ,PRD-0117,12,11,-1
2025-03-31,WH-PHC,PRD-0117,42,42,0
2025-03-31,WH-LAG1,PRD-0118,287,287,0
2025-03-31,WH-LAG2,PRD-0118,196,196,0
2025-03-31,WH-IBD,PRD-0118,54,54,0
2025-03-31,WH-ABJ,PRD-0118,198,198,0
2025-03-31,WH-PHC,PRD-0118,20,20,0
2025-03-31,WH-LAG1,PRD-0119,38,38,0
2025-03-31,WH-LAG2,PRD-0119,25,25,0
2025-03-31,WH-IBD,PRD-0119,14,14,0
2025-03-31,WH-ABJ,PRD-0119,10,10,0
2025-03-31,WH-PHC,PRD-0119,1,1,0
2025-03-31,WH-LAG1,PRD-0120,254,254,0
2025-03-31,WH-LAG2,PRD-0120,91,91,0
2025-03-31,WH-IBD,PRD-0120,168,168,0
2025-03-31,WH-ABJ,PRD-0120,141,141,0
2025-03-31,WH-PHC,PRD-0120,133,133,0
2025-03-31,WH-LAG1,PRD-0121,255,255,0
2025-03-31,WH-LAG2,PRD-0121,167,167,0
2025-03-31,WH-IBD,PRD-0121,117,113,-4
2025-03-31,WH-ABJ,PRD-0121,16,16,0
2025-03-31,WH-PHC,PRD-0121,0,0,0
2025-03-31,WH-LAG1,PRD-0122,139,139,0
2025-03-31,WH-LAG2,PRD-0122,102,102,0
2025-03-31,WH-IBD,PRD-0122,78,78,0
2025-03-31,WH-ABJ,PRD-0122,29,29,0
2025-03-31,WH-PHC,PRD-0122,100,100,0
2025-03-31,WH-LAG1,PRD-0123,137,137,0
2025-03-31,WH-LAG2,PRD-0123,50,50,0
2025-03-31,WH-IBD,PRD-0123,81,81,0
2025-03-31,WH-ABJ,PRD-0123,48,48,0
2025-03-31,WH-PHC,PRD-0123,58,58,0
2025-03-31,WH-LAG1,PRD-0124,45,45,0
2025-03-31,WH-LAG2,PRD-0124,35,35,0
2025-03-31,WH-IBD,PRD-0124,28,28,0
2025-03-31,WH-ABJ,PRD-0124,14,14,0
2025-03-31,WH-PHC,PRD-0124,67,67,0
2025-03-31,WH-LAG1,PRD-0125,378,378,0
2025-03-31,WH-LAG2,PRD-0125,106,106,0
2025-03-31,WH-IBD,PRD-0125,235,235,0
2025-03-31,WH-ABJ,PRD-0125,287,287,0
2025-03-31,WH-PHC,PRD-0125,82,85,3
2025-03-31,WH-LAG1,PRD-0126,65,65,0
2025-03-31,WH-LAG2,PRD-0126,13,13,0
2025-03-31,WH-IBD,PRD-0126,26,26,0
2025-03-31,WH-ABJ,PRD-0126,34,34,0
2025-03-31,WH-PHC,PRD-0126,49,49,0
2025-03-31,WH-LAG1,PRD-0127,101,101,0
2025-03-31,WH-LAG2,PRD-0127,18,18,0
2025-03-31,WH-IBD,PRD-0127,20,20,0
2025-03-31,WH-ABJ,PRD-0127,45,45,0
2025-03-31,WH-PHC,PRD-0127,38,38,0
2025-03-31,WH-LAG1,PRD-0128,67,67,0
2025-03-31,WH-LAG2,PRD-0128,68,68,0
2025-03-31,WH-IBD,PRD-0128,50,50,0
2025-03-31,WH-ABJ,PRD-0128,75,75,0
2025-03-31,WH-PHC,PRD-0128,45,45,0
2025-03-31,WH-LAG1,PRD-0129,7,7,0
2025-03-31,WH-LAG2,PRD-0129,17,17,0
2025-03-31,WH-IBD,PRD-0129,9,9,0
2025-03-31,WH-ABJ,PRD-0129,23,22,-1
2025-03-31,WH-PHC,PRD-0129,19,19,0
2025-03-31,WH-LAG1,PRD-0130,40,40,0
2025-03-31,WH-LAG2,PRD-0130,34,34,0
2025-03-31,WH-IBD,PRD-0130,33,33,0
2025-03-31,WH-ABJ,PRD-0130,32,32,0
2025-03-31,WH-PHC,PRD-0130,35,35,0
2025-03-31,WH-LAG1,PRD-0131,179,179,0
2025-03-31,WH-LAG2,PRD-0131,84,84,0
2025-03-31,WH-IBD,PRD-0131,63,63,0
2025-03-31,WH-ABJ,PRD-0131,44,44,0
2025-03-31,WH-PHC,PRD-0131,17,17,0
2025-03-31,WH-LAG1,PRD-0132,0,0,0
2025-03-31,WH-LAG2,PRD-0132,48,48,0
2025-03-31,WH-IBD,PRD-0132,36,36,0
2025-03-31,WH-ABJ,PRD-0132,20,20,0
2025-03-31,WH-PHC,PRD-0132,0,0,-1
2025-03-31,WH-LAG1,PRD-0133,14,14,0
2025-03-31,WH-LAG2,PRD-0133,18,18,0
2025-03-31,WH-IBD,PRD-0133,29,29,0
2025-03-31,WH-ABJ,PRD-0133,49,49,0
2025-03-31,WH-PHC,PRD-0133,8,8,0
2025-03-31,WH-LAG1,PRD-0134,63,63,0
2025-03-31,WH-LAG2,PRD-0134,12,12,0
2025-03-31,WH-IBD,PRD-0134,31,31,0
2025-03-31,WH-ABJ,PRD-0134,58,60,2
2025-03-31,WH-PHC,PRD-0134,8,8,0
2025-03-31,WH-LAG1,PRD-0135,109,109,0
2025-03-31,WH-LAG2,PRD-0135,139,139,0
2025-03-31,WH-IBD,PRD-0135,156,156,0
2025-03-31,WH-ABJ,PRD-0135,208,208,0
2025-03-31,WH-PHC,PRD-0135,33,33,0
2025-03-31,WH-LAG1,PRD-0136,42,42,0
2025-03-31,WH-LAG2,PRD-0136,37,36,-1
2025-03-31,WH-IBD,PRD-0136,25,25,0
2025-03-31,WH-ABJ,PRD-0136,52,52,0
2025-03-31,WH-PHC,PRD-0136,39,39,0
2025-03-31,WH-LAG1,PRD-0137,34,34,0
2025-03-31,WH-LAG2,PRD-0137,11,11,0
2025-03-31,WH-IBD,PRD-0137,71,71,0
2025-03-31,WH-ABJ,PRD-0137,52,52,0
2025-03-31,WH-PHC,PRD-0137,29,28,-1
2025-03-31,WH-LAG1,PRD-0138,158,158,0
2025-03-31,WH-LAG2,PRD-0138,56,56,0
2025-03-31,WH-IBD,PRD-0138,25,25,0
2025-03-31,WH-ABJ,PRD-0138,28,28,0
2025-03-31,WH-PHC,PRD-0138,43,43,0
2025-03-31,WH-LAG1,PRD-0139,115,115,0
2025-03-31,WH-LAG2,PRD-0139,69,69,0
2025-03-31,WH-IBD,PRD-0139,22,22,0
2025-03-31,WH-ABJ,PRD-0139,32,32,0
2025-03-31,WH-PHC,PRD-0139,14,14,0
2025-03-31,WH-LAG1,PRD-0140,31,31,0
2025-03-31,WH-LAG2,PRD-0140,38,38,0
2025-03-31,WH-IBD,PRD-0140,56,56,0
2025-03-31,WH-ABJ,PRD-0140,58,58,0
2025-03-31,WH-PHC,PRD-0140,54,54,0
2025-03-31,WH-LAG1,PRD-0141,89,89,0
2025-03-31,WH-LAG2,PRD-0141,58,58,0
2025-03-31,WH-IBD,PRD-0141,5,5,0
2025-03-31,WH-ABJ,PRD-0141,57,57,0
2025-03-31,WH-PHC,PRD-0141,54,54,0
2025-03-31,WH-LAG1,PRD-0142,156,156,0
2025-03-31,WH-LAG2,PRD-0142,79,79,0
2025-03-31,WH-IBD,PRD-0142,78,76,-2
2025-03-31,WH-ABJ,PRD-0142,199,199,0
2025-03-31,WH-PHC,PRD-0142,115,115,0
2025-03-31,WH-LAG1,PRD-0143,100,100,0
2025-03-31,WH-LAG2,PRD-0143,27,27,0
2025-03-31,WH-IBD,PRD-0143,43,43,0
2025-03-31,WH-ABJ,PRD-0143,37,37,0
2025-03-31,WH-PHC,PRD-0143,46,46,0
2025-03-31,WH-LAG1,PRD-0144,32,32,0
2025-03-31,WH-LAG2,PRD-0144,70,70,0
2025-03-31,WH-IBD,PRD-0144,25,25,0
2025-03-31,WH-ABJ,PRD-0144,77,77,0
2025-03-31,WH-PHC,PRD-0144,53,53,0
2025-03-31,WH-LAG1,PRD-0145,227,227,0
2025-03-31,WH-LAG2,PRD-0145,33,33,0
2025-03-31,WH-IBD,PRD-0145,92,92,0
2025-03-31,WH-ABJ,PRD-0145,89,89,0
2025-03-31,WH-PHC,PRD-0145,39,39,0
2025-03-31,WH-LAG1,PRD-0146,56,56,0
2025-03-31,WH-LAG2,PRD-0146,11,11,0
2025-03-31,WH-IBD,PRD-0146,9,9,0
2025-03-31,WH-ABJ,PRD-0146,56,56,0
2025-03-31,WH-PHC,PRD-0146,52,52,0
2025-03-31,WH-LAG1,PRD-0147,72,72,0
2025-03-31,WH-LAG2,PRD-0147,19,19,0
2025-03-31,WH-IBD,PRD-0147,39,39,0
2025-03-31,WH-ABJ,PRD-0147,17,17,0
2025-03-31,WH-PHC,PRD-0147,32,32,0
2025-03-31,WH-LAG1,PRD-0148,49,48,-1
2025-03-31,WH-LAG2,PRD-0148,46,46,0
2025-03-31,WH-IBD,PRD-0148,0,0,0
2025-03-31,WH-ABJ,PRD-0148,52,52,0
2025-03-31,WH-PHC,PRD-0148,24,24,0
2025-03-31,WH-LAG1,PRD-0149,54,54,0
2025-03-31,WH-LAG2,PRD-0149,27,27,0
2025-03-31,WH-IBD,PRD-0149,0,1,1
2025-03-31,WH-ABJ,PRD-0149,0,0,0
2025-03-31,WH-PHC,PRD-0149,18,18,0
2025-03-31,WH-LAG1,PRD-0150,10,10,0
2025-03-31,WH-LAG2,PRD-0150,89,89,0
2025-03-31,WH-IBD,PRD-0150,37,36,-1
2025-03-31,WH-ABJ,PRD-0150,98,98,0
2025-03-31,WH-PHC,PRD-0150,86,86,0
2025-03-31,WH-LAG1,PRD-0151,1149,1149,0
2025-03-31,WH-LAG2,PRD-0151,465,465,0
2025-03-31,WH-IBD,PRD-0151,220,220,0
2025-03-31,WH-ABJ,PRD-0151,363,363,0
2025-03-31,WH-PHC,PRD-0151,321,321,0
2025-03-31,WH-LAG1,PRD-0152,38,38,0
2025-03-31,WH-LAG2,PRD-0152,9,9,0
2025-03-31,WH-IBD,PRD-0152,48,47,-1
2025-03-31,WH-ABJ,PRD-0152,30,30,0
2025-03-31,WH-PHC,PRD-0152,28,28,0
2025-03-31,WH-LAG1,PRD-0153,127,127,0
2025-03-31,WH-LAG2,PRD-0153,81,81,0
2025-03-31,WH-IBD,PRD-0153,147,147,0
2025-03-31,WH-ABJ,PRD-0153,85,85,0
2025-03-31,WH-PHC,PRD-0153,43,43,0
2025-03-31,WH-LAG1,PRD-0154,92,92,0
2025-03-31,WH-LAG2,PRD-0154,52,52,0
2025-03-31,WH-IBD,PRD-0154,19,19,0
2025-03-31,WH-ABJ,PRD-0154,29,29,0
2025-03-31,WH-PHC,PRD-0154,17,17,0
2025-03-31,WH-LAG1,PRD-0155,28,28,0
2025-03-31,WH-LAG2,PRD-0155,63,63,0
2025-03-31,WH-IBD,PRD-0155,30,30,0
2025-03-31,WH-ABJ,PRD-0155,39,39,0
2025-03-31,WH-PHC,PRD-0155,65,65,0
2025-03-31,WH-LAG1,PRD-0156,151,156,5
2025-03-31,WH-LAG2,PRD-0156,145,145,0
2025-03-31,WH-IBD,PRD-0156,86,87,1
2025-03-31,WH-ABJ,PRD-0156,112,109,-3
2025-03-31,WH-PHC,PRD-0156,127,127,0
2025-03-31,WH-LAG1,PRD-0157,48,48,0
2025-03-31,WH-LAG2,PRD-0157,52,52,0
2025-03-31,WH-IBD,PRD-0157,48,48,0
2025-03-31,WH-ABJ,PRD-0157,118,119,1
2025-03-31,WH-PHC,PRD-0157,81,79,-2
2025-03-31,WH-LAG1,PRD-0158,56,56,0
2025-03-31,WH-LAG2,PRD-0158,7,7,0
2025-03-31,WH-IBD,PRD-0158,31,31,0
2025-03-31,WH-ABJ,PRD-0158,28,28,0
2025-03-31,WH-PHC,PRD-0158,9,9,0
2025-03-31,WH-LAG1,PRD-0159,30,30,0
2025-03-31,WH-LAG2,PRD-0159,44,44,0
2025-03-31,WH-IBD,PRD-0159,55,55,0
2025-03-31,WH-ABJ,PRD-0159,7,7,0
2025-03-31,WH-PHC,PRD-0159,5,5,0
2025-03-31,WH-LAG1,PRD-0160,173,173,0
2025-03-31,WH-LAG2,PRD-0160,105,105,0
2025-03-31,WH-IBD,PRD-0160,225,225,0
2025-03-31,WH-ABJ,PRD-0160,252,252,0
2025-03-31,WH-PHC,PRD-0160,55,54,-1
2025-03-31,WH-LAG1,PRD-0161,675,675,0
2025-03-31,WH-LAG2,PRD-0161,415,415,0
2025-03-31,WH-IBD,PRD-0161,363,363,0
2025-03-31,WH-ABJ,PRD-0161,459,459,0
2025-03-31,WH-PHC,PRD-0161,120,120,0
2025-03-31,WH-LAG1,PRD-0162,31,31,0
2025-03-31,WH-LAG2,PRD-0162,47,46,-1
2025-03-31,WH-IBD,PRD-0162,48,48,0
2025-03-31,WH-ABJ,PRD-0162,36,36,0
2025-03-31,WH-PHC,PRD-0162,47,47,0
2025-03-31,WH-LAG1,PRD-0163,74,74,0
2025-03-31,WH-LAG2,PRD-0163,3,3,0
2025-03-31,WH-IBD,PRD-0163,16,16,0
2025-03-31,WH-ABJ,PRD-0163,14,14,0
2025-03-31,WH-PHC,PRD-0163,54,54,0
2025-03-31,WH-LAG1,PRD-0164,85,85,0
2025-03-31,WH-LAG2,PRD-0164,18,17,-1
2025-03-31,WH-IBD,PRD-0164,44,44,0
2025-03-31,WH-ABJ,PRD-0164,58,58,0
2025-03-31,WH-PHC,PRD-0164,24,24,0
2025-03-31,WH-LAG1,PRD-0165,181,181,0
2025-03-31,WH-LAG2,PRD-0165,182,174,-8
2025-03-31,WH-IBD,PRD-0165,33,33,0
2025-03-31,WH-ABJ,PRD-0165,22,22,0
2025-03-31,WH-PHC,PRD-0165,101,101,0
2025-03-31,WH-LAG1,PRD-0166,254,254,0
2025-03-31,WH-LAG2,PRD-0166,102,102,0
2025-03-31,WH-IBD,PRD-0166,133,133,0
2025-03-31,WH-ABJ,PRD-0166,83,83,0
2025-03-31,WH-PHC,PRD-0166,179,179,0
2025-03-31,WH-LAG1,PRD-0167,128,128,0
2025-03-31,WH-LAG2,PRD-0167,30,30,0
2025-03-31,WH-IBD,PRD-0167,61,61,0
2025-03-31,WH-ABJ,PRD-0167,30,30,0
2025-03-31,WH-PHC,PRD-0167,66,66,0
2025-03-31,WH-LAG1,PRD-0168,68,68,0
2025-03-31,WH-LAG2,PRD-0168,45,45,0
2025-03-31,WH-IBD,PRD-0168,20,20,0
2025-03-31,WH-ABJ,PRD-0168,18,18,0
2025-03-31,WH-PHC,PRD-0168,25,25,0
2025-03-31,WH-LAG1,PRD-0169,30,30,0
2025-03-31,WH-LAG2,PRD-0169,21,21,0
2025-03-31,WH-IBD,PRD-0169,39,39,0
2025-03-31,WH-ABJ,PRD-0169,28,28,0
2025-03-31,WH-PHC,PRD-0169,49,49,0
2025-03-31,WH-LAG1,PRD-0170,54,54,0
2025-03-31,WH-LAG2,PRD-0170,48,48,0
2025-03-31,WH-IBD,PRD-0170,33,33,0
2025-03-31,WH-ABJ,PRD-0170,68,68,0
2025-03-31,WH-PHC,PRD-0170,28,28,0
2025-04-30,WH-LAG1,PRD-0001,43,43,0
2025-04-30,WH-LAG2,PRD-0001,0,0,0
2025-04-30,WH-IBD,PRD-0001,0,0,0
2025-04-30,WH-ABJ,PRD-0001,20,21,1
2025-04-30,WH-PHC,PRD-0001,33,34,1
2025-04-30,WH-LAG1,PRD-0002,20,20,0
2025-04-30,WH-LAG2,PRD-0002,28,28,0
2025-04-30,WH-IBD,PRD-0002,22,22,0
2025-04-30,WH-ABJ,PRD-0002,43,43,0
2025-04-30,WH-PHC,PRD-0002,29,29,0
2025-04-30,WH-LAG1,PRD-0003,34,34,0
2025-04-30,WH-LAG2,PRD-0003,16,16,0
2025-04-30,WH-IBD,PRD-0003,12,12,0
2025-04-30,WH-ABJ,PRD-0003,20,20,0
2025-04-30,WH-PHC,PRD-0003,17,17,0
2025-04-30,WH-LAG1,PRD-0004,501,501,0
2025-04-30,WH-LAG2,PRD-0004,153,146,-7
2025-04-30,WH-IBD,PRD-0004,113,113,0
2025-04-30,WH-ABJ,PRD-0004,228,228,0
2025-04-30,WH-PHC,PRD-0004,218,218,0
2025-04-30,WH-LAG1,PRD-0005,50,50,0
2025-04-30,WH-LAG2,PRD-0005,29,29,0
2025-04-30,WH-IBD,PRD-0005,27,27,0
2025-04-30,WH-ABJ,PRD-0005,2,3,1
2025-04-30,WH-PHC,PRD-0005,42,42,0
2025-04-30,WH-LAG1,PRD-0006,15,15,0
2025-04-30,WH-LAG2,PRD-0006,40,39,-1
2025-04-30,WH-IBD,PRD-0006,21,21,0
2025-04-30,WH-ABJ,PRD-0006,0,0,0
2025-04-30,WH-PHC,PRD-0006,25,25,0
2025-04-30,WH-LAG1,PRD-0007,120,120,0
2025-04-30,WH-LAG2,PRD-0007,101,101,0
2025-04-30,WH-IBD,PRD-0007,157,157,0
2025-04-30,WH-ABJ,PRD-0007,106,106,0
2025-04-30,WH-PHC,PRD-0007,93,93,0
2025-04-30,WH-LAG1,PRD-0008,38,38,0
2025-04-30,WH-LAG2,PRD-0008,35,35,0
2025-04-30,WH-IBD,PRD-0008,46,46,0
2025-04-30,WH-ABJ,PRD-0008,67,67,0
2025-04-30,WH-PHC,PRD-0008,24,24,0
2025-04-30,WH-LAG1,PRD-0009,15,15,0
2025-04-30,WH-LAG2,PRD-0009,23,23,0
2025-04-30,WH-IBD,PRD-0009,14,15,1
2025-04-30,WH-ABJ,PRD-0009,3,3,0
2025-04-30,WH-PHC,PRD-0009,0,0,0
2025-04-30,WH-LAG1,PRD-0010,27,27,0
2025-04-30,WH-LAG2,PRD-0010,21,20,-1
2025-04-30,WH-IBD,PRD-0010,20,20,0
2025-04-30,WH-ABJ,PRD-0010,11,11,0
2025-04-30,WH-PHC,PRD-0010,18,18,0
2025-04-30,WH-LAG1,PRD-0011,113,113,0
2025-04-30,WH-LAG2,PRD-0011,46,46,0
2025-04-30,WH-IBD,PRD-0011,65,65,0
2025-04-30,WH-ABJ,PRD-0011,103,103,0
2025-04-30,WH-PHC,PRD-0011,56,58,2
2025-04-30,WH-LAG1,PRD-0012,58,58,0
2025-04-30,WH-LAG2,PRD-0012,54,54,0
2025-04-30,WH-IBD,PRD-0012,16,16,0
2025-04-30,WH-ABJ,PRD-0012,14,15,1
2025-04-30,WH-PHC,PRD-0012,14,14,0
2025-04-30,WH-LAG1,PRD-0013,26,26,0
2025-04-30,WH-LAG2,PRD-0013,30,30,0
2025-04-30,WH-IBD,PRD-0013,26,25,-1
2025-04-30,WH-ABJ,PRD-0013,8,8,0
2025-04-30,WH-PHC,PRD-0013,23,23,0
2025-04-30,WH-LAG1,PRD-0014,3,3,0
2025-04-30,WH-LAG2,PRD-0014,5,5,0
2025-04-30,WH-IBD,PRD-0014,17,17,0
2025-04-30,WH-ABJ,PRD-0014,5,5,0
2025-04-30,WH-PHC,PRD-0014,17,17,0
2025-04-30,WH-LAG1,PRD-0015,43,43,0
2025-04-30,WH-LAG2,PRD-0015,3,3,0
2025-04-30,WH-IBD,PRD-0015,32,32,0
2025-04-30,WH-ABJ,PRD-0015,35,35,0
2025-04-30,WH-PHC,PRD-0015,66,64,-2
2025-04-30,WH-LAG1,PRD-0016,129,129,0
2025-04-30,WH-LAG2,PRD-0016,41,41,0
2025-04-30,WH-IBD,PRD-0016,94,94,0
2025-04-30,WH-ABJ,PRD-0016,124,124,0
2025-04-30,WH-PHC,PRD-0016,104,104,0
2025-04-30,WH-LAG1,PRD-0017,7,7,0
2025-04-30,WH-LAG2,PRD-0017,37,37,0
2025-04-30,WH-IBD,PRD-0017,46,46,0
2025-04-30,WH-ABJ,PRD-0017,62,62,0
2025-04-30,WH-PHC,PRD-0017,24,24,0
2025-04-30,WH-LAG1,PRD-0018,118,118,0
2025-04-30,WH-LAG2,PRD-0018,41,41,0
2025-04-30,WH-IBD,PRD-0018,89,89,0
2025-04-30,WH-ABJ,PRD-0018,91,91,0
2025-04-30,WH-PHC,PRD-0018,46,46,0
2025-04-30,WH-LAG1,PRD-0019,126,126,0
2025-04-30,WH-LAG2,PRD-0019,101,101,0
2025-04-30,WH-IBD,PRD-0019,67,67,0
2025-04-30,WH-ABJ,PRD-0019,58,58,0
2025-04-30,WH-PHC,PRD-0019,34,34,0
2025-04-30,WH-LAG1,PRD-0020,109,112,3
2025-04-30,WH-LAG2,PRD-0020,78,78,0
2025-04-30,WH-IBD,PRD-0020,104,104,0
2025-04-30,WH-ABJ,PRD-0020,75,75,0
2025-04-30,WH-PHC,PRD-0020,84,84,0
2025-04-30,WH-LAG1,PRD-0021,49,49,0
2025-04-30,WH-LAG2,PRD-0021,11,11,0
2025-04-30,WH-IBD,PRD-0021,48,48,0
2025-04-30,WH-ABJ,PRD-0021,27,27,0
2025-04-30,WH-PHC,PRD-0021,24,23,-1
2025-04-30,WH-LAG1,PRD-0022,16,15,-1
2025-04-30,WH-LAG2,PRD-0022,11,11,0
2025-04-30,WH-IBD,PRD-0022,11,11,0
2025-04-30,WH-ABJ,PRD-0022,25,25,0
2025-04-30,WH-PHC,PRD-0022,25,25,0
2025-04-30,WH-LAG1,PRD-0023,70,70,0
2025-04-30,WH-LAG2,PRD-0023,40,40,0
2025-04-30,WH-IBD,PRD-0023,18,18,0
2025-04-30,WH-ABJ,PRD-0023,64,64,0
2025-04-30,WH-PHC,PRD-0023,32,32,0
2025-04-30,WH-LAG1,PRD-0024,0,0,0
2025-04-30,WH-LAG2,PRD-0024,46,46,0
2025-04-30,WH-IBD,PRD-0024,24,24,0
2025-04-30,WH-ABJ,PRD-0024,29,29,0
2025-04-30,WH-PHC,PRD-0024,19,19,0
2025-04-30,WH-LAG1,PRD-0025,115,115,0
2025-04-30,WH-LAG2,PRD-0025,29,29,0
2025-04-30,WH-IBD,PRD-0025,52,52,0
2025-04-30,WH-ABJ,PRD-0025,31,31,0
2025-04-30,WH-PHC,PRD-0025,51,52,1
2025-04-30,WH-LAG1,PRD-0026,103,103,0
2025-04-30,WH-LAG2,PRD-0026,24,24,0
2025-04-30,WH-IBD,PRD-0026,50,49,-1
2025-04-30,WH-ABJ,PRD-0026,59,59,0
2025-04-30,WH-PHC,PRD-0026,27,27,0
2025-04-30,WH-LAG1,PRD-0027,0,0,0
2025-04-30,WH-LAG2,PRD-0027,16,16,0
2025-04-30,WH-IBD,PRD-0027,11,11,0
2025-04-30,WH-ABJ,PRD-0027,33,33,0
2025-04-30,WH-PHC,PRD-0027,0,0,0
2025-04-30,WH-LAG1,PRD-0028,106,106,0
2025-04-30,WH-LAG2,PRD-0028,17,17,0
2025-04-30,WH-IBD,PRD-0028,18,18,0
2025-04-30,WH-ABJ,PRD-0028,26,26,0
2025-04-30,WH-PHC,PRD-0028,24,24,0
2025-04-30,WH-LAG1,PRD-0029,66,66,0
2025-04-30,WH-LAG2,PRD-0029,9,9,0
2025-04-30,WH-IBD,PRD-0029,35,35,0
2025-04-30,WH-ABJ,PRD-0029,49,51,2
2025-04-30,WH-PHC,PRD-0029,39,40,1
2025-04-30,WH-LAG1,PRD-0030,33,33,0
2025-04-30,WH-LAG2,PRD-0030,28,28,0
2025-04-30,WH-IBD,PRD-0030,18,18,0
2025-04-30,WH-ABJ,PRD-0030,22,22,0
2025-04-30,WH-PHC,PRD-0030,15,15,0
2025-04-30,WH-LAG1,PRD-0031,167,165,-2
2025-04-30,WH-LAG2,PRD-0031,142,142,0
2025-04-30,WH-IBD,PRD-0031,112,112,0
2025-04-30,WH-ABJ,PRD-0031,105,105,0
2025-04-30,WH-PHC,PRD-0031,86,86,0
2025-04-30,WH-LAG1,PRD-0032,24,24,0
2025-04-30,WH-LAG2,PRD-0032,23,23,0
2025-04-30,WH-IBD,PRD-0032,10,10,0
2025-04-30,WH-ABJ,PRD-0032,28,28,0
2025-04-30,WH-PHC,PRD-0032,6,6,0
2025-04-30,WH-LAG1,PRD-0033,37,37,0
2025-04-30,WH-LAG2,PRD-0033,26,26,0
2025-04-30,WH-IBD,PRD-0033,86,86,0
2025-04-30,WH-ABJ,PRD-0033,87,87,0
2025-04-30,WH-PHC,PRD-0033,36,36,0
2025-04-30,WH-LAG1,PRD-0034,39,38,-1
2025-04-30,WH-LAG2,PRD-0034,38,38,0
2025-04-30,WH-IBD,PRD-0034,6,6,0
2025-04-30,WH-ABJ,PRD-0034,28,28,0
2025-04-30,WH-PHC,PRD-0034,0,0,0
2025-04-30,WH-LAG1,PRD-0035,116,116,0
2025-04-30,WH-LAG2,PRD-0035,88,88,0
2025-04-30,WH-IBD,PRD-0035,80,80,0
2025-04-30,WH-ABJ,PRD-0035,73,73,0
2025-04-30,WH-PHC,PRD-0035,34,34,0
2025-04-30,WH-LAG1,PRD-0036,0,0,0
2025-04-30,WH-LAG2,PRD-0036,30,30,0
2025-04-30,WH-IBD,PRD-0036,45,45,0
2025-04-30,WH-ABJ,PRD-0036,0,0,0
2025-04-30,WH-PHC,PRD-0036,16,16,0
2025-04-30,WH-LAG1,PRD-0037,101,101,0
2025-04-30,WH-LAG2,PRD-0037,94,94,0
2025-04-30,WH-IBD,PRD-0037,74,74,0
2025-04-30,WH-ABJ,PRD-0037,107,107,0
2025-04-30,WH-PHC,PRD-0037,120,120,0
2025-04-30,WH-LAG1,PRD-0038,39,39,0
2025-04-30,WH-LAG2,PRD-0038,8,8,0
2025-04-30,WH-IBD,PRD-0038,29,29,0
2025-04-30,WH-ABJ,PRD-0038,27,27,0
2025-04-30,WH-PHC,PRD-0038,0,1,1
2025-04-30,WH-LAG1,PRD-0039,212,212,0
2025-04-30,WH-LAG2,PRD-0039,51,51,0
2025-04-30,WH-IBD,PRD-0039,43,42,-1
2025-04-30,WH-ABJ,PRD-0039,110,110,0
2025-04-30,WH-PHC,PRD-0039,74,74,0
2025-04-30,WH-LAG1,PRD-0040,27,27,0
2025-04-30,WH-LAG2,PRD-0040,16,16,0
2025-04-30,WH-IBD,PRD-0040,25,25,0
2025-04-30,WH-ABJ,PRD-0040,36,36,0
2025-04-30,WH-PHC,PRD-0040,58,58,0
2025-04-30,WH-LAG1,PRD-0041,47,48,1
2025-04-30,WH-LAG2,PRD-0041,53,53,0
2025-04-30,WH-IBD,PRD-0041,62,62,0
2025-04-30,WH-ABJ,PRD-0041,79,79,0
2025-04-30,WH-PHC,PRD-0041,55,55,0
2025-04-30,WH-LAG1,PRD-0042,2,1,-1
2025-04-30,WH-LAG2,PRD-0042,1,1,0
2025-04-30,WH-IBD,PRD-0042,17,17,0
2025-04-30,WH-ABJ,PRD-0042,23,23,0
2025-04-30,WH-PHC,PRD-0042,11,11,0
2025-04-30,WH-LAG1,PRD-0043,48,50,2
2025-04-30,WH-LAG2,PRD-0043,26,27,1
2025-04-30,WH-IBD,PRD-0043,60,60,0
2025-04-30,WH-ABJ,PRD-0043,66,66,0
2025-04-30,WH-PHC,PRD-0043,65,65,0
2025-04-30,WH-LAG1,PRD-0044,8,8,0
2025-04-30,WH-LAG2,PRD-0044,10,10,0
2025-04-30,WH-IBD,PRD-0044,8,8,0
2025-04-30,WH-ABJ,PRD-0044,5,5,0
2025-04-30,WH-PHC,PRD-0044,8,8,0
2025-04-30,WH-LAG1,PRD-0045,90,90,0
2025-04-30,WH-LAG2,PRD-0045,27,27,0
2025-04-30,WH-IBD,PRD-0045,40,40,0
2025-04-30,WH-ABJ,PRD-0045,26,26,0
2025-04-30,WH-PHC,PRD-0045,13,13,0
2025-04-30,WH-LAG1,PRD-0046,93,93,0
2025-04-30,WH-LAG2,PRD-0046,82,82,0
2025-04-30,WH-IBD,PRD-0046,0,0,0
2025-04-30,WH-ABJ,PRD-0046,39,39,0
2025-04-30,WH-PHC,PRD-0046,28,28,0
2025-04-30,WH-LAG1,PRD-0047,81,83,2
2025-04-30,WH-LAG2,PRD-0047,56,56,0
2025-04-30,WH-IBD,PRD-0047,30,30,0
2025-04-30,WH-ABJ,PRD-0047,76,76,0
2025-04-30,WH-PHC,PRD-0047,40,40,0
2025-04-30,WH-LAG1,PRD-0048,87,87,0
2025-04-30,WH-LAG2,PRD-0048,37,36,-1
2025-04-30,WH-IBD,PRD-0048,23,23,0
2025-04-30,WH-ABJ,PRD-0048,10,10,0
2025-04-30,WH-PHC,PRD-0048,59,59,0
2025-04-30,WH-LAG1,PRD-0049,28,28,0
2025-04-30,WH-LAG2,PRD-0049,26,26,0
2025-04-30,WH-IBD,PRD-0049,57,57,0
2025-04-30,WH-ABJ,PRD-0049,66,66,0
2025-04-30,WH-PHC,PRD-0049,62,62,0
2025-04-30,WH-LAG1,PRD-0050,71,71,0
2025-04-30,WH-LAG2,PRD-0050,45,45,0
2025-04-30,WH-IBD,PRD-0050,43,43,0
2025-04-30,WH-ABJ,PRD-0050,58,58,0
2025-04-30,WH-PHC,PRD-0050,44,44,0
2025-04-30,WH-LAG1,PRD-0051,177,177,0
2025-04-30,WH-LAG2,PRD-0051,78,78,0
2025-04-30,WH-IBD,PRD-0051,88,88,0
2025-04-30,WH-ABJ,PRD-0051,121,121,0
2025-04-30,WH-PHC,PRD-0051,67,67,0
2025-04-30,WH-LAG1,PRD-0052,35,35,0
2025-04-30,WH-LAG2,PRD-0052,13,13,0
2025-04-30,WH-IBD,PRD-0052,0,0,0
2025-04-30,WH-ABJ,PRD-0052,15,15,0
2025-04-30,WH-PHC,PRD-0052,17,17,0
2025-04-30,WH-LAG1,PRD-0053,21,21,0
2025-04-30,WH-LAG2,PRD-0053,29,29,0
2025-04-30,WH-IBD,PRD-0053,7,7,0
2025-04-30,WH-ABJ,PRD-0053,26,26,0
2025-04-30,WH-PHC,PRD-0053,8,8,0
2025-04-30,WH-LAG1,PRD-0054,47,47,0
2025-04-30,WH-LAG2,PRD-0054,19,19,0
2025-04-30,WH-IBD,PRD-0054,35,35,0
2025-04-30,WH-ABJ,PRD-0054,42,42,0
2025-04-30,WH-PHC,PRD-0054,49,49,0
2025-04-30,WH-LAG1,PRD-0055,34,34,0
2025-04-30,WH-LAG2,PRD-0055,17,17,0
2025-04-30,WH-IBD,PRD-0055,59,59,0
2025-04-30,WH-ABJ,PRD-0055,40,40,0
2025-04-30,WH-PHC,PRD-0055,48,48,0
2025-04-30,WH-LAG1,PRD-0056,87,87,0
2025-04-30,WH-LAG2,PRD-0056,12,12,0
2025-04-30,WH-IBD,PRD-0056,16,17,1
2025-04-30,WH-ABJ,PRD-0056,16,16,0
2025-04-30,WH-PHC,PRD-0056,21,20,-1
2025-04-30,WH-LAG1,PRD-0057,404,385,-19
2025-04-30,WH-LAG2,PRD-0057,239,239,0
2025-04-30,WH-IBD,PRD-0057,169,169,0
2025-04-30,WH-ABJ,PRD-0057,129,129,0
2025-04-30,WH-PHC,PRD-0057,86,86,0
2025-04-30,WH-LAG1,PRD-0058,62,62,0
2025-04-30,WH-LAG2,PRD-0058,43,43,0
2025-04-30,WH-IBD,PRD-0058,36,36,0
2025-04-30,WH-ABJ,PRD-0058,42,43,1
2025-04-30,WH-PHC,PRD-0058,64,64,0
2025-04-30,WH-LAG1,PRD-0059,43,43,0
2025-04-30,WH-LAG2,PRD-0059,51,51,0
2025-04-30,WH-IBD,PRD-0059,33,33,0
2025-04-30,WH-ABJ,PRD-0059,20,20,0
2025-04-30,WH-PHC,PRD-0059,61,61,0
2025-04-30,WH-LAG1,PRD-0060,202,202,0
2025-04-30,WH-LAG2,PRD-0060,79,79,0
2025-04-30,WH-IBD,PRD-0060,48,48,0
2025-04-30,WH-ABJ,PRD-0060,157,157,0
2025-04-30,WH-PHC,PRD-0060,29,29,0
2025-04-30,WH-LAG1,PRD-0061,121,121,0
2025-04-30,WH-LAG2,PRD-0061,71,71,0
2025-04-30,WH-IBD,PRD-0061,0,0,0
2025-04-30,WH-ABJ,PRD-0061,126,126,0
2025-04-30,WH-PHC,PRD-0061,7,7,0
2025-04-30,WH-LAG1,PRD-0062,208,208,0
2025-04-30,WH-LAG2,PRD-0062,37,37,0
2025-04-30,WH-IBD,PRD-0062,0,0,-1
2025-04-30,WH-ABJ,PRD-0062,117,117,0
2025-04-30,WH-PHC,PRD-0062,44,44,0
2025-04-30,WH-LAG1,PRD-0063,84,84,0
2025-04-30,WH-LAG2,PRD-0063,31,31,0
2025-04-30,WH-IBD,PRD-0063,15,15,0
2025-04-30,WH-ABJ,PRD-0063,46,46,0
2025-04-30,WH-PHC,PRD-0063,42,42,0
2025-04-30,WH-LAG1,PRD-0064,178,178,0
2025-04-30,WH-LAG2,PRD-0064,48,48,0
2025-04-30,WH-IBD,PRD-0064,75,72,-3
2025-04-30,WH-ABJ,PRD-0064,87,87,0
2025-04-30,WH-PHC,PRD-0064,72,72,0
2025-04-30,WH-LAG1,PRD-0065,123,123,0
2025-04-30,WH-LAG2,PRD-0065,54,53,-1
2025-04-30,WH-IBD,PRD-0065,5,5,0
2025-04-30,WH-ABJ,PRD-0065,26,26,0
2025-04-30,WH-PHC,PRD-0065,83,83,0
2025-04-30,WH-LAG1,PRD-0066,11,11,0
2025-04-30,WH-LAG2,PRD-0066,3,2,-1
2025-04-30,WH-IBD,PRD-0066,10,10,0
2025-04-30,WH-ABJ,PRD-0066,9,9,0
2025-04-30,WH-PHC,PRD-0066,9,9,0
2025-04-30,WH-LAG1,PRD-0067,103,103,0
2025-04-30,WH-LAG2,PRD-0067,84,84,0
2025-04-30,WH-IBD,PRD-0067,39,39,0
2025-04-30,WH-ABJ,PRD-0067,40,40,0
2025-04-30,WH-PHC,PRD-0067,98,98,0
2025-04-30,WH-LAG1,PRD-0068,227,227,0
2025-04-30,WH-LAG2,PRD-0068,96,96,0
2025-04-30,WH-IBD,PRD-0068,102,105,3
2025-04-30,WH-ABJ,PRD-0068,93,93,0
2025-04-30,WH-PHC,PRD-0068,170,170,0
2025-04-30,WH-LAG1,PRD-0069,10,10,0
2025-04-30,WH-LAG2,PRD-0069,13,13,0
2025-04-30,WH-IBD,PRD-0069,19,19,0
2025-04-30,WH-ABJ,PRD-0069,23,23,0
2025-04-30,WH-PHC,PRD-0069,22,22,0
2025-04-30,WH-LAG1,PRD-0070,41,41,0
2025-04-30,WH-LAG2,PRD-0070,59,60,1
2025-04-30,WH-IBD,PRD-0070,31,30,-1
2025-04-30,WH-ABJ,PRD-0070,61,61,0
2025-04-30,WH-PHC,PRD-0070,0,0,0
2025-04-30,WH-LAG1,PRD-0071,18,18,0
2025-04-30,WH-LAG2,PRD-0071,24,24,0
2025-04-30,WH-IBD,PRD-0071,10,10,0
2025-04-30,WH-ABJ,PRD-0071,14,14,0
2025-04-30,WH-PHC,PRD-0071,0,0,0
2025-04-30,WH-LAG1,PRD-0072,103,103,0
2025-04-30,WH-LAG2,PRD-0072,34,34,0
2025-04-30,WH-IBD,PRD-0072,23,23,0
2025-04-30,WH-ABJ,PRD-0072,35,35,0
2025-04-30,WH-PHC,PRD-0072,12,12,0
2025-04-30,WH-LAG1,PRD-0073,26,26,0
2025-04-30,WH-LAG2,PRD-0073,24,24,0
2025-04-30,WH-IBD,PRD-0073,22,22,0
2025-04-30,WH-ABJ,PRD-0073,14,14,0
2025-04-30,WH-PHC,PRD-0073,13,13,0
2025-04-30,WH-LAG1,PRD-0074,190,190,0
2025-04-30,WH-LAG2,PRD-0074,57,57,0
2025-04-30,WH-IBD,PRD-0074,49,49,0
2025-04-30,WH-ABJ,PRD-0074,83,83,0
2025-04-30,WH-PHC,PRD-0074,52,52,0
2025-04-30,WH-LAG1,PRD-0075,23,23,0
2025-04-30,WH-LAG2,PRD-0075,24,23,-1
2025-04-30,WH-IBD,PRD-0075,18,18,0
2025-04-30,WH-ABJ,PRD-0075,2,2,0
2025-04-30,WH-PHC,PRD-0075,29,29,0
2025-04-30,WH-LAG1,PRD-0076,0,0,0
2025-04-30,WH-LAG2,PRD-0076,11,11,0
2025-04-30,WH-IBD,PRD-0076,27,27,0
2025-04-30,WH-ABJ,PRD-0076,51,51,0
2025-04-30,WH-PHC,PRD-0076,86,86,0
2025-04-30,WH-LAG1,PRD-0077,507,507,0
2025-04-30,WH-LAG2,PRD-0077,226,226,0
2025-04-30,WH-IBD,PRD-0077,235,235,0
2025-04-30,WH-ABJ,PRD-0077,301,301,0
2025-04-30,WH-PHC,PRD-0077,74,74,0
2025-04-30,WH-LAG1,PRD-0078,67,67,0
2025-04-30,WH-LAG2,PRD-0078,3,3,0
2025-04-30,WH-IBD,PRD-0078,18,18,0
2025-04-30,WH-ABJ,PRD-0078,76,76,0
2025-04-30,WH-PHC,PRD-0078,28,28,0
2025-04-30,WH-LAG1,PRD-0079,36,36,0
2025-04-30,WH-LAG2,PRD-0079,52,52,0
2025-04-30,WH-IBD,PRD-0079,63,63,0
2025-04-30,WH-ABJ,PRD-0079,20,20,0
2025-04-30,WH-PHC,PRD-0079,43,43,0
2025-04-30,WH-LAG1,PRD-0080,79,79,0
2025-04-30,WH-LAG2,PRD-0080,34,34,0
2025-04-30,WH-IBD,PRD-0080,3,3,0
2025-04-30,WH-ABJ,PRD-0080,44,45,1
2025-04-30,WH-PHC,PRD-0080,22,22,0
2025-04-30,WH-LAG1,PRD-0081,138,138,0
2025-04-30,WH-LAG2,PRD-0081,55,55,0
2025-04-30,WH-IBD,PRD-0081,25,25,0
2025-04-30,WH-ABJ,PRD-0081,42,42,0
2025-04-30,WH-PHC,PRD-0081,97,97,0
2025-04-30,WH-LAG1,PRD-0082,239,239,0
2025-04-30,WH-LAG2,PRD-0082,83,83,0
2025-04-30,WH-IBD,PRD-0082,96,96,0
2025-04-30,WH-ABJ,PRD-0082,150,150,0
2025-04-30,WH-PHC,PRD-0082,27,27,0
2025-04-30,WH-LAG1,PRD-0083,171,171,0
2025-04-30,WH-LAG2,PRD-0083,38,38,0
2025-04-30,WH-IBD,PRD-0083,63,63,0
2025-04-30,WH-ABJ,PRD-0083,83,83,0
2025-04-30,WH-PHC,PRD-0083,223,223,0
2025-04-30,WH-LAG1,PRD-0084,222,222,0
2025-04-30,WH-LAG2,PRD-0084,108,108,0
2025-04-30,WH-IBD,PRD-0084,103,106,3
2025-04-30,WH-ABJ,PRD-0084,68,68,0
2025-04-30,WH-PHC,PRD-0084,68,66,-2
2025-04-30,WH-LAG1,PRD-0085,121,118,-3
2025-04-30,WH-LAG2,PRD-0085,88,88,0
2025-04-30,WH-IBD,PRD-0085,43,43,0
2025-04-30,WH-ABJ,PRD-0085,33,33,0
2025-04-30,WH-PHC,PRD-0085,92,92,0
2025-04-30,WH-LAG1,PRD-0086,373,373,0
2025-04-30,WH-LAG2,PRD-0086,166,166,0
2025-04-30,WH-IBD,PRD-0086,69,69,0
2025-04-30,WH-ABJ,PRD-0086,325,329,4
2025-04-30,WH-PHC,PRD-0086,59,61,2
2025-04-30,WH-LAG1,PRD-0087,21,21,0
2025-04-30,WH-LAG2,PRD-0087,26,26,0
2025-04-30,WH-IBD,PRD-0087,23,23,0
2025-04-30,WH-ABJ,PRD-0087,5,5,0
2025-04-30,WH-PHC,PRD-0087,8,8,0
2025-04-30,WH-LAG1,PRD-0088,35,35,0
2025-04-30,WH-LAG2,PRD-0088,22,22,0
2025-04-30,WH-IBD,PRD-0088,53,53,0
2025-04-30,WH-ABJ,PRD-0088,34,34,0
2025-04-30,WH-PHC,PRD-0088,49,49,0
2025-04-30,WH-LAG1,PRD-0089,11,11,0
2025-04-30,WH-LAG2,PRD-0089,22,22,0
2025-04-30,WH-IBD,PRD-0089,45,45,0
2025-04-30,WH-ABJ,PRD-0089,32,31,-1
2025-04-30,WH-PHC,PRD-0089,23,24,1
2025-04-30,WH-LAG1,PRD-0090,870,859,-11
2025-04-30,WH-LAG2,PRD-0090,437,437,0
2025-04-30,WH-IBD,PRD-0090,323,323,0
2025-04-30,WH-ABJ,PRD-0090,741,741,0
2025-04-30,WH-PHC,PRD-0090,964,964,0
2025-04-30,WH-LAG1,PRD-0091,102,102,0
2025-04-30,WH-LAG2,PRD-0091,0,0,-1
2025-04-30,WH-IBD,PRD-0091,48,48,0
2025-04-30,WH-ABJ,PRD-0091,41,41,0
2025-04-30,WH-PHC,PRD-0091,53,51,-2
2025-04-30,WH-LAG1,PRD-0092,23,23,0
2025-04-30,WH-LAG2,PRD-0092,30,30,0
2025-04-30,WH-IBD,PRD-0092,38,38,0
2025-04-30,WH-ABJ,PRD-0092,13,13,0
2025-04-30,WH-PHC,PRD-0092,21,21,0
2025-04-30,WH-LAG1,PRD-0093,287,287,0
2025-04-30,WH-LAG2,PRD-0093,36,36,0
2025-04-30,WH-IBD,PRD-0093,103,103,0
2025-04-30,WH-ABJ,PRD-0093,42,42,0
2025-04-30,WH-PHC,PRD-0093,75,76,1
2025-04-30,WH-LAG1,PRD-0094,18,18,0
2025-04-30,WH-LAG2,PRD-0094,25,25,0
2025-04-30,WH-IBD,PRD-0094,23,23,0
2025-04-30,WH-ABJ,PRD-0094,35,35,0
2025-04-30,WH-PHC,PRD-0094,3,2,-1
2025-04-30,WH-LAG1,PRD-0095,39,39,0
2025-04-30,WH-LAG2,PRD-0095,15,15,0
2025-04-30,WH-IBD,PRD-0095,11,11,0
2025-04-30,WH-ABJ,PRD-0095,23,23,0
2025-04-30,WH-PHC,PRD-0095,20,19,-1
2025-04-30,WH-LAG1,PRD-0096,0,0,0
2025-04-30,WH-LAG2,PRD-0096,5,6,1
2025-04-30,WH-IBD,PRD-0096,25,25,0
2025-04-30,WH-ABJ,PRD-0096,12,12,0
2025-04-30,WH-PHC,PRD-0096,9,9,0
2025-04-30,WH-LAG1,PRD-0097,52,50,-2
2025-04-30,WH-LAG2,PRD-0097,10,10,0
2025-04-30,WH-IBD,PRD-0097,26,26,0
2025-04-30,WH-ABJ,PRD-0097,13,13,0
2025-04-30,WH-PHC,PRD-0097,10,10,0
2025-04-30,WH-LAG1,PRD-0098,123,123,0
2025-04-30,WH-LAG2,PRD-0098,212,212,0
2025-04-30,WH-IBD,PRD-0098,38,38,0
2025-04-30,WH-ABJ,PRD-0098,182,182,0
2025-04-30,WH-PHC,PRD-0098,133,133,0
2025-04-30,WH-LAG1,PRD-0099,7,7,0
2025-04-30,WH-LAG2,PRD-0099,16,16,0
2025-04-30,WH-IBD,PRD-0099,11,12,1
2025-04-30,WH-ABJ,PRD-0099,41,41,0
2025-04-30,WH-PHC,PRD-0099,35,34,-1
2025-04-30,WH-LAG1,PRD-0100,429,429,0
2025-04-30,WH-LAG2,PRD-0100,256,256,0
2025-04-30,WH-IBD,PRD-0100,185,185,0
2025-04-30,WH-ABJ,PRD-0100,224,224,0
2025-04-30,WH-PHC,PRD-0100,277,277,0
2025-04-30,WH-LAG1,PRD-0101,36,36,0
2025-04-30,WH-LAG2,PRD-0101,10,10,0
2025-04-30,WH-IBD,PRD-0101,32,32,0
2025-04-30,WH-ABJ,PRD-0101,25,25,0
2025-04-30,WH-PHC,PRD-0101,15,15,0
2025-04-30,WH-LAG1,PRD-0102,199,199,0
2025-04-30,WH-LAG2,PRD-0102,67,65,-2
2025-04-30,WH-IBD,PRD-0102,0,0,0
2025-04-30,WH-ABJ,PRD-0102,41,41,0
2025-04-30,WH-PHC,PRD-0102,38,37,-1
2025-04-30,WH-LAG1,PRD-0103,79,79,0
2025-04-30,WH-LAG2,PRD-0103,60,60,0
2025-04-30,WH-IBD,PRD-0103,44,44,0
2025-04-30,WH-ABJ,PRD-0103,12,12,0
2025-04-30,WH-PHC,PRD-0103,63,63,0
2025-04-30,WH-LAG1,PRD-0104,18,18,0
2025-04-30,WH-LAG2,PRD-0104,21,21,0
2025-04-30,WH-IBD,PRD-0104,18,18,0
2025-04-30,WH-ABJ,PRD-0104,45,45,0
2025-04-30,WH-PHC,PRD-0104,27,27,0
2025-04-30,WH-LAG1,PRD-0105,24,24,0
2025-04-30,WH-LAG2,PRD-0105,9,9,0
2025-04-30,WH-IBD,PRD-0105,12,12,0
2025-04-30,WH-ABJ,PRD-0105,40,40,0
2025-04-30,WH-PHC,PRD-0105,37,37,0
2025-04-30,WH-LAG1,PRD-0106,51,50,-1
2025-04-30,WH-LAG2,PRD-0106,15,15,0
2025-04-30,WH-IBD,PRD-0106,9,9,0
2025-04-30,WH-ABJ,PRD-0106,21,21,0
2025-04-30,WH-PHC,PRD-0106,23,23,0
2025-04-30,WH-LAG1,PRD-0107,45,47,2
2025-04-30,WH-LAG2,PRD-0107,33,33,0
2025-04-30,WH-IBD,PRD-0107,24,24,0
2025-04-30,WH-ABJ,PRD-0107,16,15,-1
2025-04-30,WH-PHC,PRD-0107,24,23,-1
2025-04-30,WH-LAG1,PRD-0108,177,177,0
2025-04-30,WH-LAG2,PRD-0108,24,25,1
2025-04-30,WH-IBD,PRD-0108,159,159,0
2025-04-30,WH-ABJ,PRD-0108,181,181,0
2025-04-30,WH-PHC,PRD-0108,43,43,0
2025-04-30,WH-LAG1,PRD-0109,93,93,0
2025-04-30,WH-LAG2,PRD-0109,84,84,0
2025-04-30,WH-IBD,PRD-0109,87,87,0
2025-04-30,WH-ABJ,PRD-0109,49,49,0
2025-04-30,WH-PHC,PRD-0109,26,26,0
2025-04-30,WH-LAG1,PRD-0110,0,0,0
2025-04-30,WH-LAG2,PRD-0110,25,26,1
2025-04-30,WH-IBD,PRD-0110,7,6,-1
2025-04-30,WH-ABJ,PRD-0110,26,26,0
2025-04-30,WH-PHC,PRD-0110,35,35,0
2025-04-30,WH-LAG1,PRD-0111,80,79,-1
2025-04-30,WH-LAG2,PRD-0111,54,54,0
2025-04-30,WH-IBD,PRD-0111,55,55,0
2025-04-30,WH-ABJ,PRD-0111,33,34,1
2025-04-30,WH-PHC,PRD-0111,53,53,0
2025-04-30,WH-LAG1,PRD-0112,10,10,0
2025-04-30,WH-LAG2,PRD-0112,10,10,0
2025-04-30,WH-IBD,PRD-0112,24,24,0
2025-04-30,WH-ABJ,PRD-0112,6,6,0
2025-04-30,WH-PHC,PRD-0112,21,22,1
2025-04-30,WH-LAG1,PRD-0113,54,54,0
2025-04-30,WH-LAG2,PRD-0113,5,5,0
2025-04-30,WH-IBD,PRD-0113,47,47,0
2025-04-30,WH-ABJ,PRD-0113,144,144,0
2025-04-30,WH-PHC,PRD-0113,87,87,0
2025-04-30,WH-LAG1,PRD-0114,25,25,0
2025-04-30,WH-LAG2,PRD-0114,10,10,0
2025-04-30,WH-IBD,PRD-0114,19,19,0
2025-04-30,WH-ABJ,PRD-0114,21,20,-1
2025-04-30,WH-PHC,PRD-0114,6,6,0
2025-04-30,WH-LAG1,PRD-0115,149,149,0
2025-04-30,WH-LAG2,PRD-0115,76,76,0
2025-04-30,WH-IBD,PRD-0115,65,65,0
2025-04-30,WH-ABJ,PRD-0115,85,86,1
2025-04-30,WH-PHC,PRD-0115,88,88,0
2025-04-30,WH-LAG1,PRD-0116,62,62,0
2025-04-30,WH-LAG2,PRD-0116,35,35,0
2025-04-30,WH-IBD,PRD-0116,18,18,0
2025-04-30,WH-ABJ,PRD-0116,73,73,0
2025-04-30,WH-PHC,PRD-0116,40,40,0
2025-04-30,WH-LAG1,PRD-0117,93,93,0
2025-04-30,WH-LAG2,PRD-0117,1,1,0
2025-04-30,WH-IBD,PRD-0117,64,64,0
2025-04-30,WH-ABJ,PRD-0117,63,62,-1
2025-04-30,WH-PHC,PRD-0117,42,42,0
2025-04-30,WH-LAG1,PRD-0118,239,239,0
2025-04-30,WH-LAG2,PRD-0118,166,166,0
2025-04-30,WH-IBD,PRD-0118,181,181,0
2025-04-30,WH-ABJ,PRD-0118,126,126,0
2025-04-30,WH-PHC,PRD-0118,110,110,0
2025-04-30,WH-LAG1,PRD-0119,36,37,1
2025-04-30,WH-LAG2,PRD-0119,25,25,0
2025-04-30,WH-IBD,PRD-0119,12,12,0
2025-04-30,WH-ABJ,PRD-0119,10,10,0
2025-04-30,WH-PHC,PRD-0119,0,1,1
2025-04-30,WH-LAG1,PRD-0120,238,238,0
2025-04-30,WH-LAG2,PRD-0120,81,81,0
2025-04-30,WH-IBD,PRD-0120,160,160,0
2025-04-30,WH-ABJ,PRD-0120,62,62,0
2025-04-30,WH-PHC,PRD-0120,38,38,0
2025-04-30,WH-LAG1,PRD-0121,184,184,0
2025-04-30,WH-LAG2,PRD-0121,153,153,0
2025-04-30,WH-IBD,PRD-0121,56,56,0
2025-04-30,WH-ABJ,PRD-0121,207,207,0
2025-04-30,WH-PHC,PRD-0121,124,124,0
2025-04-30,WH-LAG1,PRD-0122,272,272,0
2025-04-30,WH-LAG2,PRD-0122,102,102,0
2025-04-30,WH-IBD,PRD-0122,35,35,0
2025-04-30,WH-ABJ,PRD-0122,69,69,0
2025-04-30,WH-PHC,PRD-0122,76,76,0
2025-04-30,WH-LAG1,PRD-0123,100,104,4
2025-04-30,WH-LAG2,PRD-0123,50,50,0
2025-04-30,WH-IBD,PRD-0123,81,81,0
2025-04-30,WH-ABJ,PRD-0123,48,48,0
2025-04-30,WH-PHC,PRD-0123,3,3,0
2025-04-30,WH-LAG1,PRD-0124,45,45,0
2025-04-30,WH-LAG2,PRD-0124,26,26,0
2025-04-30,WH-IBD,PRD-0124,28,28,0
2025-04-30,WH-ABJ,PRD-0124,84,87,3
2025-04-30,WH-PHC,PRD-0124,51,51,0
2025-04-30,WH-LAG1,PRD-0125,268,268,0
2025-04-30,WH-LAG2,PRD-0125,334,334,0
2025-04-30,WH-IBD,PRD-0125,193,193,0
2025-04-30,WH-ABJ,PRD-0125,127,127,0
2025-04-30,WH-PHC,PRD-0125,367,367,0
2025-04-30,WH-LAG1,PRD-0126,35,35,0
2025-04-30,WH-LAG2,PRD-0126,46,46,0
2025-04-30,WH-IBD,PRD-0126,26,26,0
2025-04-30,WH-ABJ,PRD-0126,52,52,0
2025-04-30,WH-PHC,PRD-0126,49,49,0
2025-04-30,WH-LAG1,PRD-0127,101,101,0
2025-04-30,WH-LAG2,PRD-0127,52,52,0
2025-04-30,WH-IBD,PRD-0127,20,20,0
2025-04-30,WH-ABJ,PRD-0127,22,23,1
2025-04-30,WH-PHC,PRD-0127,37,37,0
2025-04-30,WH-LAG1,PRD-0128,87,87,0
2025-04-30,WH-LAG2,PRD-0128,68,68,0
2025-04-30,WH-IBD,PRD-0128,69,69,0
2025-04-30,WH-ABJ,PRD-0128,55,55,0
2025-04-30,WH-PHC,PRD-0128,45,45,0
2025-04-30,WH-LAG1,PRD-0129,33,33,0
2025-04-30,WH-LAG2,PRD-0129,17,17,0
2025-04-30,WH-IBD,PRD-0129,9,9,0
2025-04-30,WH-ABJ,PRD-0129,23,23,0
2025-04-30,WH-PHC,PRD-0129,19,19,0
2025-04-30,WH-LAG1,PRD-0130,33,33,0
2025-04-30,WH-LAG2,PRD-0130,20,20,0
2025-04-30,WH-IBD,PRD-0130,31,31,0
2025-04-30,WH-ABJ,PRD-0130,0,0,0
2025-04-30,WH-PHC,PRD-0130,17,17,0
2025-04-30,WH-LAG1,PRD-0131,131,131,0
2025-04-30,WH-LAG2,PRD-0131,49,49,0
2025-04-30,WH-IBD,PRD-0131,45,45,0
2025-04-30,WH-ABJ,PRD-0131,123,123,0
2025-04-30,WH-PHC,PRD-0131,109,109,0
2025-04-30,WH-LAG1,PRD-0132,59,59,0
2025-04-30,WH-LAG2,PRD-0132,44,44,0
2025-04-30,WH-IBD,PRD-0132,31,31,0
2025-04-30,WH-ABJ,PRD-0132,20,20,0
2025-04-30,WH-PHC,PRD-0132,59,57,-2
2025-04-30,WH-LAG1,PRD-0133,14,14,0
2025-04-30,WH-LAG2,PRD-0133,10,10,0
2025-04-30,WH-IBD,PRD-0133,29,29,0
2025-04-30,WH-ABJ,PRD-0133,43,43,0
2025-04-30,WH-PHC,PRD-0133,8,8,0
2025-04-30,WH-LAG1,PRD-0134,31,32,1
2025-04-30,WH-LAG2,PRD-0134,0,0,0
2025-04-30,WH-IBD,PRD-0134,31,31,0
2025-04-30,WH-ABJ,PRD-0134,57,57,0
2025-04-30,WH-PHC,PRD-0134,8,8,0
2025-04-30,WH-LAG1,PRD-0135,226,226,0
2025-04-30,WH-LAG2,PRD-0135,90,90,0
2025-04-30,WH-IBD,PRD-0135,130,130,0
2025-04-30,WH-ABJ,PRD-0135,144,144,0
2025-04-30,WH-PHC,PRD-0135,183,183,0
2025-04-30,WH-LAG1,PRD-0136,105,105,0
2025-04-30,WH-LAG2,PRD-0136,33,33,0
2025-04-30,WH-IBD,PRD-0136,25,25,0
2025-04-30,WH-ABJ,PRD-0136,52,52,0
2025-04-30,WH-PHC,PRD-0136,0,0,0
2025-04-30,WH-LAG1,PRD-0137,133,133,0
2025-04-30,WH-LAG2,PRD-0137,92,92,0
2025-04-30,WH-IBD,PRD-0137,71,71,0
2025-04-30,WH-ABJ,PRD-0137,26,26,0
2025-04-30,WH-PHC,PRD-0137,29,29,0
2025-04-30,WH-LAG1,PRD-0138,151,151,0
2025-04-30,WH-LAG2,PRD-0138,46,45,-1
2025-04-30,WH-IBD,PRD-0138,6,6,0
2025-04-30,WH-ABJ,PRD-0138,87,87,0
2025-04-30,WH-PHC,PRD-0138,37,37,0
2025-04-30,WH-LAG1,PRD-0139,107,110,3
2025-04-30,WH-LAG2,PRD-0139,61,60,-1
2025-04-30,WH-IBD,PRD-0139,22,22,0
2025-04-30,WH-ABJ,PRD-0139,4,4,0
2025-04-30,WH-PHC,PRD-0139,81,81,0
2025-04-30,WH-LAG1,PRD-0140,28,28,0
2025-04-30,WH-LAG2,PRD-0140,24,24,0
2025-04-30,WH-IBD,PRD-0140,56,56,0
2025-04-30,WH-ABJ,PRD-0140,58,59,1
2025-04-30,WH-PHC,PRD-0140,50,50,0
2025-04-30,WH-LAG1,PRD-0141,45,45,0
2025-04-30,WH-LAG2,PRD-0141,58,58,0
2025-04-30,WH-IBD,PRD-0141,64,64,0
2025-04-30,WH-ABJ,PRD-0141,43,43,0
2025-04-30,WH-PHC,PRD-0141,35,35,0
2025-04-30,WH-LAG1,PRD-0142,75,75,0
2025-04-30,WH-LAG2,PRD-0142,15,15,0
2025-04-30,WH-IBD,PRD-0142,75,75,0
2025-04-30,WH-ABJ,PRD-0142,146,146,0
2025-04-30,WH-PHC,PRD-0142,84,84,0
2025-04-30,WH-LAG1,PRD-0143,44,44,0
2025-04-30,WH-LAG2,PRD-0143,11,11,0
2025-04-30,WH-IBD,PRD-0143,6,6,0
2025-04-30,WH-ABJ,PRD-0143,37,37,0
2025-04-30,WH-PHC,PRD-0143,46,46,0
2025-04-30,WH-LAG1,PRD-0144,107,107,0
2025-04-30,WH-LAG2,PRD-0144,70,70,0
2025-04-30,WH-IBD,PRD-0144,19,19,0
2025-04-30,WH-ABJ,PRD-0144,74,74,0
2025-04-30,WH-PHC,PRD-0144,8,8,0
2025-04-30,WH-LAG1,PRD-0145,207,207,0
2025-04-30,WH-LAG2,PRD-0145,94,94,0
2025-04-30,WH-IBD,PRD-0145,88,88,0
2025-04-30,WH-ABJ,PRD-0145,55,53,-2
2025-04-30,WH-PHC,PRD-0145,35,35,0
2025-04-30,WH-LAG1,PRD-0146,34,34,0
2025-04-30,WH-LAG2,PRD-0146,11,11,0
2025-04-30,WH-IBD,PRD-0146,4,4,0
2025-04-30,WH-ABJ,PRD-0146,32,33,1
2025-04-30,WH-PHC,PRD-0146,52,52,0
2025-04-30,WH-LAG1,PRD-0147,32,31,-1
2025-04-30,WH-LAG2,PRD-0147,19,19,0
2025-04-30,WH-IBD,PRD-0147,29,29,0
2025-04-30,WH-ABJ,PRD-0147,11,11,0
2025-04-30,WH-PHC,PRD-0147,17,17,0
2025-04-30,WH-LAG1,PRD-0148,46,46,0
2025-04-30,WH-LAG2,PRD-0148,43,43,0
2025-04-30,WH-IBD,PRD-0148,47,49,2
2025-04-30,WH-ABJ,PRD-0148,49,49,0
2025-04-30,WH-PHC,PRD-0148,19,19,0
2025-04-30,WH-LAG1,PRD-0149,0,1,1
2025-04-30,WH-LAG2,PRD-0149,27,27,0
2025-04-30,WH-IBD,PRD-0149,21,21,0
2025-04-30,WH-ABJ,PRD-0149,28,28,0
2025-04-30,WH-PHC,PRD-0149,32,32,0
2025-04-30,WH-LAG1,PRD-0150,99,99,0
2025-04-30,WH-LAG2,PRD-0150,48,47,-1
2025-04-30,WH-IBD,PRD-0150,77,77,0
2025-04-30,WH-ABJ,PRD-0150,61,61,0
2025-04-30,WH-PHC,PRD-0150,63,63,0
2025-04-30,WH-LAG1,PRD-0151,853,853,0
2025-04-30,WH-LAG2,PRD-0151,296,296,0
2025-04-30,WH-IBD,PRD-0151,649,649,0
2025-04-30,WH-ABJ,PRD-0151,875,875,0
2025-04-30,WH-PHC,PRD-0151,177,177,0
2025-04-30,WH-LAG1,PRD-0152,38,38,0
2025-04-30,WH-LAG2,PRD-0152,9,10,1
2025-04-30,WH-IBD,PRD-0152,48,48,0
2025-04-30,WH-ABJ,PRD-0152,30,30,0
2025-04-30,WH-PHC,PRD-0152,28,28,0
2025-04-30,WH-LAG1,PRD-0153,74,74,0
2025-04-30,WH-LAG2,PRD-0153,202,202,0
2025-04-30,WH-IBD,PRD-0153,103,103,0
2025-04-30,WH-ABJ,PRD-0153,211,211,0
2025-04-30,WH-PHC,PRD-0153,223,223,0
2025-04-30,WH-LAG1,PRD-0154,65,65,0
2025-04-30,WH-LAG2,PRD-0154,42,40,-2
2025-04-30,WH-IBD,PRD-0154,19,19,0
2025-04-30,WH-ABJ,PRD-0154,26,26,0
2025-04-30,WH-PHC,PRD-0154,68,68,0
2025-04-30,WH-LAG1,PRD-0155,113,113,0
2025-04-30,WH-LAG2,PRD-0155,55,55,0
2025-04-30,WH-IBD,PRD-0155,23,23,0
2025-04-30,WH-ABJ,PRD-0155,25,25,0
2025-04-30,WH-PHC,PRD-0155,30,30,0
2025-04-30,WH-LAG1,PRD-0156,352,352,0
2025-04-30,WH-LAG2,PRD-0156,71,71,0
2025-04-30,WH-IBD,PRD-0156,65,65,0
2025-04-30,WH-ABJ,PRD-0156,78,78,0
2025-04-30,WH-PHC,PRD-0156,57,57,0
2025-04-30,WH-LAG1,PRD-0157,103,106,3
2025-04-30,WH-LAG2,PRD-0157,45,45,0
2025-04-30,WH-IBD,PRD-0157,63,63,0
2025-04-30,WH-ABJ,PRD-0157,115,115,0
2025-04-30,WH-PHC,PRD-0157,77,77,0
2025-04-30,WH-LAG1,PRD-0158,39,39,0
2025-04-30,WH-LAG2,PRD-0158,7,7,0
2025-04-30,WH-IBD,PRD-0158,31,31,0
2025-04-30,WH-ABJ,PRD-0158,28,29,1
2025-04-30,WH-PHC,PRD-0158,32,31,-1
2025-04-30,WH-LAG1,PRD-0159,15,16,1
2025-04-30,WH-LAG2,PRD-0159,44,44,0
2025-04-30,WH-IBD,PRD-0159,55,55,0
2025-04-30,WH-ABJ,PRD-0159,5,5,0
2025-04-30,WH-PHC,PRD-0159,0,0,0
2025-04-30,WH-LAG1,PRD-0160,136,141,5
2025-04-30,WH-LAG2,PRD-0160,75,74,-1
2025-04-30,WH-IBD,PRD-0160,194,194,0
2025-04-30,WH-ABJ,PRD-0160,214,214,0
2025-04-30,WH-PHC,PRD-0160,226,226,0
2025-04-30,WH-LAG1,PRD-0161,465,465,0
2025-04-30,WH-LAG2,PRD-0161,319,319,0
2025-04-30,WH-IBD,PRD-0161,305,305,0
2025-04-30,WH-ABJ,PRD-0161,316,316,0
2025-04-30,WH-PHC,PRD-0161,359,359,0
2025-04-30,WH-LAG1,PRD-0162,126,126,0
2025-04-30,WH-LAG2,PRD-0162,40,40,0
2025-04-30,WH-IBD,PRD-0162,48,48,0
2025-04-30,WH-ABJ,PRD-0162,31,31,0
2025-04-30,WH-PHC,PRD-0162,45,45,0
2025-04-30,WH-LAG1,PRD-0163,53,53,0
2025-04-30,WH-LAG2,PRD-0163,53,53,0
2025-04-30,WH-IBD,PRD-0163,80,80,0
2025-04-30,WH-ABJ,PRD-0163,83,83,0
2025-04-30,WH-PHC,PRD-0163,54,54,0
2025-04-30,WH-LAG1,PRD-0164,80,80,0
2025-04-30,WH-LAG2,PRD-0164,55,55,0
2025-04-30,WH-IBD,PRD-0164,44,44,0
2025-04-30,WH-ABJ,PRD-0164,10,10,0
2025-04-30,WH-PHC,PRD-0164,24,24,0
2025-04-30,WH-LAG1,PRD-0165,96,96,0
2025-04-30,WH-LAG2,PRD-0165,128,128,0
2025-04-30,WH-IBD,PRD-0165,155,155,0
2025-04-30,WH-ABJ,PRD-0165,123,123,0
2025-04-30,WH-PHC,PRD-0165,89,89,0
2025-04-30,WH-LAG1,PRD-0166,213,213,0
2025-04-30,WH-LAG2,PRD-0166,83,83,0
2025-04-30,WH-IBD,PRD-0166,108,108,0
2025-04-30,WH-ABJ,PRD-0166,186,186,0
2025-04-30,WH-PHC,PRD-0166,117,117,0
2025-04-30,WH-LAG1,PRD-0167,119,119,0
2025-04-30,WH-LAG2,PRD-0167,30,30,0
2025-04-30,WH-IBD,PRD-0167,57,57,0
2025-04-30,WH-ABJ,PRD-0167,90,90,0
2025-04-30,WH-PHC,PRD-0167,54,54,0
2025-04-30,WH-LAG1,PRD-0168,56,56,0
2025-04-30,WH-LAG2,PRD-0168,23,23,0
2025-04-30,WH-IBD,PRD-0168,12,12,0
2025-04-30,WH-ABJ,PRD-0168,18,18,0
2025-04-30,WH-PHC,PRD-0168,17,17,0
2025-04-30,WH-LAG1,PRD-0169,133,133,0
2025-04-30,WH-LAG2,PRD-0169,72,72,0
2025-04-30,WH-IBD,PRD-0169,36,36,0
2025-04-30,WH-ABJ,PRD-0169,28,28,0
2025-04-30,WH-PHC,PRD-0169,40,40,0
2025-04-30,WH-LAG1,PRD-0170,43,43,0
2025-04-30,WH-LAG2,PRD-0170,43,43,0
2025-04-30,WH-IBD,PRD-0170,73,73,0
2025-04-30,WH-ABJ,PRD-0170,53,53,0
2025-04-30,WH-PHC,PRD-0170,81,81,0
2025-05-31,WH-LAG1,PRD-0001,18,18,0
2025-05-31,WH-LAG2,PRD-0001,27,27,0
2025-05-31,WH-IBD,PRD-0001,32,32,0
2025-05-31,WH-ABJ,PRD-0001,17,17,0
2025-05-31,WH-PHC,PRD-0001,33,33,0
2025-05-31,WH-LAG1,PRD-0002,20,20,0
2025-05-31,WH-LAG2,PRD-0002,21,21,0
2025-05-31,WH-IBD,PRD-0002,22,22,0
2025-05-31,WH-ABJ,PRD-0002,42,42,0
2025-05-31,WH-PHC,PRD-0002,29,29,0
2025-05-31,WH-LAG1,PRD-0003,9,9,0
2025-05-31,WH-LAG2,PRD-0003,16,16,0
2025-05-31,WH-IBD,PRD-0003,9,9,0
2025-05-31,WH-ABJ,PRD-0003,20,21,1
2025-05-31,WH-PHC,PRD-0003,17,17,0
2025-05-31,WH-LAG1,PRD-0004,373,357,-16
2025-05-31,WH-LAG2,PRD-0004,114,114,0
2025-05-31,WH-IBD,PRD-0004,96,100,4
2025-05-31,WH-ABJ,PRD-0004,182,182,0
2025-05-31,WH-PHC,PRD-0004,152,152,0
2025-05-31,WH-LAG1,PRD-0005,132,132,0
2025-05-31,WH-LAG2,PRD-0005,22,22,0
2025-05-31,WH-IBD,PRD-0005,16,15,-1
2025-05-31,WH-ABJ,PRD-0005,54,54,0
2025-05-31,WH-PHC,PRD-0005,0,0,0
2025-05-31,WH-LAG1,PRD-0006,39,40,1
2025-05-31,WH-LAG2,PRD-0006,40,39,-1
2025-05-31,WH-IBD,PRD-0006,21,21,0
2025-05-31,WH-ABJ,PRD-0006,26,26,0
2025-05-31,WH-PHC,PRD-0006,19,20,1
2025-05-31,WH-LAG1,PRD-0007,74,74,0
2025-05-31,WH-LAG2,PRD-0007,45,45,0
2025-05-31,WH-IBD,PRD-0007,150,150,0
2025-05-31,WH-ABJ,PRD-0007,46,46,0
2025-05-31,WH-PHC,PRD-0007,79,79,0
2025-05-31,WH-LAG1,PRD-0008,21,21,0
2025-05-31,WH-LAG2,PRD-0008,35,35,0
2025-05-31,WH-IBD,PRD-0008,43,43,0
2025-05-31,WH-ABJ,PRD-0008,48,48,0
2025-05-31,WH-PHC,PRD-0008,32,32,0
2025-05-31,WH-LAG1,PRD-0009,54,54,0
2025-05-31,WH-LAG2,PRD-0009,15,15,0
2025-05-31,WH-IBD,PRD-0009,24,24,0
2025-05-31,WH-ABJ,PRD-0009,33,33,0
2025-05-31,WH-PHC,PRD-0009,31,31,0
2025-05-31,WH-LAG1,PRD-0010,13,13,0
2025-05-31,WH-LAG2,PRD-0010,16,16,0
2025-05-31,WH-IBD,PRD-0010,19,19,0
2025-05-31,WH-ABJ,PRD-0010,11,11,0
2025-05-31,WH-PHC,PRD-0010,10,10,0
2025-05-31,WH-LAG1,PRD-0011,94,94,0
2025-05-31,WH-LAG2,PRD-0011,32,32,0
2025-05-31,WH-IBD,PRD-0011,65,65,0
2025-05-31,WH-ABJ,PRD-0011,77,77,0
2025-05-31,WH-PHC,PRD-0011,30,30,0
2025-05-31,WH-LAG1,PRD-0012,42,42,0
2025-05-31,WH-LAG2,PRD-0012,54,54,0
2025-05-31,WH-IBD,PRD-0012,10,10,0
2025-05-31,WH-ABJ,PRD-0012,54,54,0
2025-05-31,WH-PHC,PRD-0012,0,0,0
2025-05-31,WH-LAG1,PRD-0013,20,20,0
2025-05-31,WH-LAG2,PRD-0013,7,7,0
2025-05-31,WH-IBD,PRD-0013,26,27,1
2025-05-31,WH-ABJ,PRD-0013,31,31,0
2025-05-31,WH-PHC,PRD-0013,11,11,0
2025-05-31,WH-LAG1,PRD-0014,22,22,0
2025-05-31,WH-LAG2,PRD-0014,5,5,0
2025-05-31,WH-IBD,PRD-0014,17,17,0
2025-05-31,WH-ABJ,PRD-0014,5,5,0
2025-05-31,WH-PHC,PRD-0014,17,17,0
2025-05-31,WH-LAG1,PRD-0015,43,43,0
2025-05-31,WH-LAG2,PRD-0015,65,65,0
2025-05-31,WH-IBD,PRD-0015,32,31,-1
2025-05-31,WH-ABJ,PRD-0015,29,29,0
2025-05-31,WH-PHC,PRD-0015,65,65,0
2025-05-31,WH-LAG1,PRD-0016,258,258,0
2025-05-31,WH-LAG2,PRD-0016,74,77,3
2025-05-31,WH-IBD,PRD-0016,48,48,0
2025-05-31,WH-ABJ,PRD-0016,59,59,0
2025-05-31,WH-PHC,PRD-0016,68,68,0
2025-05-31,WH-LAG1,PRD-0017,73,73,0
2025-05-31,WH-LAG2,PRD-0017,32,32,0
2025-05-31,WH-IBD,PRD-0017,0,0,-1
2025-05-31,WH-ABJ,PRD-0017,10,10,0
2025-05-31,WH-PHC,PRD-0017,11,11,0
2025-05-31,WH-LAG1,PRD-0018,81,84,3
2025-05-31,WH-LAG2,PRD-0018,79,79,0
2025-05-31,WH-IBD,PRD-0018,50,50,0
2025-05-31,WH-ABJ,PRD-0018,21,21,0
2025-05-31,WH-PHC,PRD-0018,81,81,0
2025-05-31,WH-LAG1,PRD-0019,35,34,-1
2025-05-31,WH-LAG2,PRD-0019,101,101,0
2025-05-31,WH-IBD,PRD-0019,67,67,0
2025-05-31,WH-ABJ,PRD-0019,47,47,0
2025-05-31,WH-PHC,PRD-0019,12,12,0
2025-05-31,WH-LAG1,PRD-0020,67,67,0
2025-05-31,WH-LAG2,PRD-0020,51,52,1
2025-05-31,WH-IBD,PRD-0020,101,101,0
2025-05-31,WH-ABJ,PRD-0020,82,82,0
2025-05-31,WH-PHC,PRD-0020,84,84,0
2025-05-31,WH-LAG1,PRD-0021,49,49,0
2025-05-31,WH-LAG2,PRD-0021,67,67,0
2025-05-31,WH-IBD,PRD-0021,48,47,-1
2025-05-31,WH-ABJ,PRD-0021,23,23,0
2025-05-31,WH-PHC,PRD-0021,19,19,0
2025-05-31,WH-LAG1,PRD-0022,16,16,0
2025-05-31,WH-LAG2,PRD-0022,11,11,0
2025-05-31,WH-IBD,PRD-0022,11,11,0
2025-05-31,WH-ABJ,PRD-0022,17,17,0
2025-05-31,WH-PHC,PRD-0022,19,19,0
2025-05-31,WH-LAG1,PRD-0023,60,60,0
2025-05-31,WH-LAG2,PRD-0023,40,40,0
2025-05-31,WH-IBD,PRD-0023,82,82,0
2025-05-31,WH-ABJ,PRD-0023,20,20,0
2025-05-31,WH-PHC,PRD-0023,15,15,0
2025-05-31,WH-LAG1,PRD-0024,67,67,0
2025-05-31,WH-LAG2,PRD-0024,25,24,-1
2025-05-31,WH-IBD,PRD-0024,24,24,0
2025-05-31,WH-ABJ,PRD-0024,26,26,0
2025-05-31,WH-PHC,PRD-0024,0,0,0
2025-05-31,WH-LAG1,PRD-0025,62,62,0
2025-05-31,WH-LAG2,PRD-0025,16,16,0
2025-05-31,WH-IBD,PRD-0025,52,52,0
2025-05-31,WH-ABJ,PRD-0025,75,75,0
2025-05-31,WH-PHC,PRD-0025,25,25,0
2025-05-31,WH-LAG1,PRD-0026,61,61,0
2025-05-31,WH-LAG2,PRD-0026,82,82,0
2025-05-31,WH-IBD,PRD-0026,25,24,-1
2025-05-31,WH-ABJ,PRD-0026,44,44,0
2025-05-31,WH-PHC,PRD-0026,1,1,0
2025-05-31,WH-LAG1,PRD-0027,28,28,0
2025-05-31,WH-LAG2,PRD-0027,16,16,0
2025-05-31,WH-IBD,PRD-0027,0,0,0
2025-05-31,WH-ABJ,PRD-0027,27,27,0
2025-05-31,WH-PHC,PRD-0027,0,0,0
2025-05-31,WH-LAG1,PRD-0028,33,33,0
2025-05-31,WH-LAG2,PRD-0028,73,73,0
2025-05-31,WH-IBD,PRD-0028,74,74,0
2025-05-31,WH-ABJ,PRD-0028,73,73,0
2025-05-31,WH-PHC,PRD-0028,15,15,0
2025-05-31,WH-LAG1,PRD-0029,61,63,2
2025-05-31,WH-LAG2,PRD-0029,9,9,0
2025-05-31,WH-IBD,PRD-0029,19,19,0
2025-05-31,WH-ABJ,PRD-0029,49,49,0
2025-05-31,WH-PHC,PRD-0029,34,35,1
2025-05-31,WH-LAG1,PRD-0030,22,22,0
2025-05-31,WH-LAG2,PRD-0030,28,28,0
2025-05-31,WH-IBD,PRD-0030,18,18,0
2025-05-31,WH-ABJ,PRD-0030,22,22,0
2025-05-31,WH-PHC,PRD-0030,15,15,0
2025-05-31,WH-LAG1,PRD-0031,151,151,0
2025-05-31,WH-LAG2,PRD-0031,109,109,0
2025-05-31,WH-IBD,PRD-0031,86,86,0
2025-05-31,WH-ABJ,PRD-0031,70,70,0
2025-05-31,WH-PHC,PRD-0031,78,78,0
2025-05-31,WH-LAG1,PRD-0032,24,25,1
2025-05-31,WH-LAG2,PRD-0032,23,23,0
2025-05-31,WH-IBD,PRD-0032,10,10,0
2025-05-31,WH-ABJ,PRD-0032,28,28,0
2025-05-31,WH-PHC,PRD-0032,6,6,0
2025-05-31,WH-LAG1,PRD-0033,123,123,0
2025-05-31,WH-LAG2,PRD-0033,24,23,-1
2025-05-31,WH-IBD,PRD-0033,86,86,0
2025-05-31,WH-ABJ,PRD-0033,67,67,0
2025-05-31,WH-PHC,PRD-0033,11,11,0
2025-05-31,WH-LAG1,PRD-0034,39,39,0
2025-05-31,WH-LAG2,PRD-0034,38,38,0
2025-05-31,WH-IBD,PRD-0034,24,24,0
2025-05-31,WH-ABJ,PRD-0034,4,4,0
2025-05-31,WH-PHC,PRD-0034,16,16,0
2025-05-31,WH-LAG1,PRD-0035,157,157,0
2025-05-31,WH-LAG2,PRD-0035,69,69,0
2025-05-31,WH-IBD,PRD-0035,80,80,0
2025-05-31,WH-ABJ,PRD-0035,60,60,0
2025-05-31,WH-PHC,PRD-0035,74,74,0
2025-05-31,WH-LAG1,PRD-0036,65,65,0
2025-05-31,WH-LAG2,PRD-0036,30,30,0
2025-05-31,WH-IBD,PRD-0036,45,45,0
2025-05-31,WH-ABJ,PRD-0036,50,50,0
2025-05-31,WH-PHC,PRD-0036,16,16,0
2025-05-31,WH-LAG1,PRD-0037,77,77,0
2025-05-31,WH-LAG2,PRD-0037,66,64,-2
2025-05-31,WH-IBD,PRD-0037,67,67,0
2025-05-31,WH-ABJ,PRD-0037,0,0,0
2025-05-31,WH-PHC,PRD-0037,69,69,0
2025-05-31,WH-LAG1,PRD-0038,39,39,0
2025-05-31,WH-LAG2,PRD-0038,8,8,0
2025-05-31,WH-IBD,PRD-0038,29,29,0
2025-05-31,WH-ABJ,PRD-0038,27,27,0
2025-05-31,WH-PHC,PRD-0038,20,20,0
2025-05-31,WH-LAG1,PRD-0039,132,132,0
2025-05-31,WH-LAG2,PRD-0039,130,130,0
2025-05-31,WH-IBD,PRD-0039,156,156,0
2025-05-31,WH-ABJ,PRD-0039,66,66,0
2025-05-31,WH-PHC,PRD-0039,33,33,0
2025-05-31,WH-LAG1,PRD-0040,132,132,0
2025-05-31,WH-LAG2,PRD-0040,8,8,0
2025-05-31,WH-IBD,PRD-0040,40,40,0
2025-05-31,WH-ABJ,PRD-0040,36,36,0
2025-05-31,WH-PHC,PRD-0040,58,58,0
2025-05-31,WH-LAG1,PRD-0041,58,57,-1
2025-05-31,WH-LAG2,PRD-0041,23,23,0
2025-05-31,WH-IBD,PRD-0041,46,46,0
2025-05-31,WH-ABJ,PRD-0041,60,60,0
2025-05-31,WH-PHC,PRD-0041,57,57,0
2025-05-31,WH-LAG1,PRD-0042,26,26,0
2025-05-31,WH-LAG2,PRD-0042,22,22,0
2025-05-31,WH-IBD,PRD-0042,17,17,0
2025-05-31,WH-ABJ,PRD-0042,13,14,1
2025-05-31,WH-PHC,PRD-0042,10,10,0
2025-05-31,WH-LAG1,PRD-0043,36,36,0
2025-05-31,WH-LAG2,PRD-0043,26,27,1
2025-05-31,WH-IBD,PRD-0043,60,60,0
2025-05-31,WH-ABJ,PRD-0043,62,62,0
2025-05-31,WH-PHC,PRD-0043,65,63,-2
2025-05-31,WH-LAG1,PRD-0044,0,0,0
2025-05-31,WH-LAG2,PRD-0044,10,10,0
2025-05-31,WH-IBD,PRD-0044,8,8,0
2025-05-31,WH-ABJ,PRD-0044,5,5,0
2025-05-31,WH-PHC,PRD-0044,8,8,0
2025-05-31,WH-LAG1,PRD-0045,85,85,0
2025-05-31,WH-LAG2,PRD-0045,55,55,0
2025-05-31,WH-IBD,PRD-0045,40,40,0
2025-05-31,WH-ABJ,PRD-0045,80,80,0
2025-05-31,WH-PHC,PRD-0045,12,12,0
2025-05-31,WH-LAG1,PRD-0046,84,84,0
2025-05-31,WH-LAG2,PRD-0046,70,67,-3
2025-05-31,WH-IBD,PRD-0046,62,62,0
2025-05-31,WH-ABJ,PRD-0046,0,0,0
2025-05-31,WH-PHC,PRD-0046,28,28,0
2025-05-31,WH-LAG1,PRD-0047,53,53,0
2025-05-31,WH-LAG2,PRD-0047,46,46,0
2025-05-31,WH-IBD,PRD-0047,87,87,0
2025-05-31,WH-ABJ,PRD-0047,72,72,0
2025-05-31,WH-PHC,PRD-0047,27,27,0
2025-05-31,WH-LAG1,PRD-0048,69,69,0
2025-05-31,WH-LAG2,PRD-0048,37,37,0
2025-05-31,WH-IBD,PRD-0048,64,64,0
2025-05-31,WH-ABJ,PRD-0048,74,74,0
2025-05-31,WH-PHC,PRD-0048,59,59,0
2025-05-31,WH-LAG1,PRD-0049,98,98,0
2025-05-31,WH-LAG2,PRD-0049,26,26,0
2025-05-31,WH-IBD,PRD-0049,49,49,0
2025-05-31,WH-ABJ,PRD-0049,35,35,0
2025-05-31,WH-PHC,PRD-0049,44,44,0
2025-05-31,WH-LAG1,PRD-0050,22,22,0
2025-05-31,WH-LAG2,PRD-0050,45,45,0
2025-05-31,WH-IBD,PRD-0050,41,41,0
2025-05-31,WH-ABJ,PRD-0050,32,32,0
2025-05-31,WH-PHC,PRD-0050,25,25,0
2025-05-31,WH-LAG1,PRD-0051,107,103,-4
2025-05-31,WH-LAG2,PRD-0051,141,141,0
2025-05-31,WH-IBD,PRD-0051,57,57,0
2025-05-31,WH-ABJ,PRD-0051,101,101,0
2025-05-31,WH-PHC,PRD-0051,44,44,0
2025-05-31,WH-LAG1,PRD-0052,25,25,0
2025-05-31,WH-LAG2,PRD-0052,13,13,0
2025-05-31,WH-IBD,PRD-0052,13,13,0
2025-05-31,WH-ABJ,PRD-0052,15,15,0
2025-05-31,WH-PHC,PRD-0052,9,8,-1
2025-05-31,WH-LAG1,PRD-0053,53,53,0
2025-05-31,WH-LAG2,PRD-0053,29,28,-1
2025-05-31,WH-IBD,PRD-0053,0,0,0
2025-05-31,WH-ABJ,PRD-0053,26,26,0
2025-05-31,WH-PHC,PRD-0053,8,8,0
2025-05-31,WH-LAG1,PRD-0054,20,20,0
2025-05-31,WH-LAG2,PRD-0054,13,13,0
2025-05-31,WH-IBD,PRD-0054,35,34,-1
2025-05-31,WH-ABJ,PRD-0054,42,42,0
2025-05-31,WH-PHC,PRD-0054,25,25,0
2025-05-31,WH-LAG1,PRD-0055,5,5,0
2025-05-31,WH-LAG2,PRD-0055,1,1,0
2025-05-31,WH-IBD,PRD-0055,54,54,0
2025-05-31,WH-ABJ,PRD-0055,31,31,0
2025-05-31,WH-PHC,PRD-0055,47,47,0
2025-05-31,WH-LAG1,PRD-0056,50,50,0
2025-05-31,WH-LAG2,PRD-0056,0,1,1
2025-05-31,WH-IBD,PRD-0056,12,12,0
2025-05-31,WH-ABJ,PRD-0056,0,0,0
2025-05-31,WH-PHC,PRD-0056,21,21,0
2025-05-31,WH-LAG1,PRD-0057,365,365,0
2025-05-31,WH-LAG2,PRD-0057,211,219,8
2025-05-31,WH-IBD,PRD-0057,143,143,0
2025-05-31,WH-ABJ,PRD-0057,91,91,0
2025-05-31,WH-PHC,PRD-0057,39,39,0
2025-05-31,WH-LAG1,PRD-0058,47,47,0
2025-05-31,WH-LAG2,PRD-0058,26,26,0
2025-05-31,WH-IBD,PRD-0058,33,34,1
2025-05-31,WH-ABJ,PRD-0058,31,31,0
2025-05-31,WH-PHC,PRD-0058,64,64,0
2025-05-31,WH-LAG1,PRD-0059,30,30,0
2025-05-31,WH-LAG2,PRD-0059,45,45,0
2025-05-31,WH-IBD,PRD-0059,33,33,0
2025-05-31,WH-ABJ,PRD-0059,18,18,0
2025-05-31,WH-PHC,PRD-0059,58,58,0
2025-05-31,WH-LAG1,PRD-0060,136,136,0
2025-05-31,WH-LAG2,PRD-0060,62,62,0
2025-05-31,WH-IBD,PRD-0060,141,141,0
2025-05-31,WH-ABJ,PRD-0060,118,118,0
2025-05-31,WH-PHC,PRD-0060,110,110,0
2025-05-31,WH-LAG1,PRD-0061,328,328,0
2025-05-31,WH-LAG2,PRD-0061,47,47,0
2025-05-31,WH-IBD,PRD-0061,102,105,3
2025-05-31,WH-ABJ,PRD-0061,93,93,0
2025-05-31,WH-PHC,PRD-0061,157,157,0
2025-05-31,WH-LAG1,PRD-0062,123,123,0
2025-05-31,WH-LAG2,PRD-0062,144,144,0
2025-05-31,WH-IBD,PRD-0062,86,83,-3
2025-05-31,WH-ABJ,PRD-0062,109,109,0
2025-05-31,WH-PHC,PRD-0062,140,140,0
2025-05-31,WH-LAG1,PRD-0063,84,84,0
2025-05-31,WH-LAG2,PRD-0063,25,25,0
2025-05-31,WH-IBD,PRD-0063,15,15,0
2025-05-31,WH-ABJ,PRD-0063,32,31,-1
2025-05-31,WH-PHC,PRD-0063,15,15,0
2025-05-31,WH-LAG1,PRD-0064,101,101,0
2025-05-31,WH-LAG2,PRD-0064,48,48,0
2025-05-31,WH-IBD,PRD-0064,71,71,0
2025-05-31,WH-ABJ,PRD-0064,52,52,0
2025-05-31,WH-PHC,PRD-0064,68,68,0
2025-05-31,WH-LAG1,PRD-0065,98,98,0
2025-05-31,WH-LAG2,PRD-0065,28,28,0
2025-05-31,WH-IBD,PRD-0065,48,48,0
2025-05-31,WH-ABJ,PRD-0065,108,108,0
2025-05-31,WH-PHC,PRD-0065,79,78,-1
2025-05-31,WH-LAG1,PRD-0066,11,11,0
2025-05-31,WH-LAG2,PRD-0066,3,3,0
2025-05-31,WH-IBD,PRD-0066,10,11,1
2025-05-31,WH-ABJ,PRD-0066,9,9,0
2025-05-31,WH-PHC,PRD-0066,9,9,0
2025-05-31,WH-LAG1,PRD-0067,37,37,0
2025-05-31,WH-LAG2,PRD-0067,61,61,0
2025-05-31,WH-IBD,PRD-0067,24,24,0
2025-05-31,WH-ABJ,PRD-0067,127,127,0
2025-05-31,WH-PHC,PRD-0067,72,72,0
2025-05-31,WH-LAG1,PRD-0068,181,181,0
2025-05-31,WH-LAG2,PRD-0068,52,52,0
2025-05-31,WH-IBD,PRD-0068,48,48,0
2025-05-31,WH-ABJ,PRD-0068,33,33,0
2025-05-31,WH-PHC,PRD-0068,151,157,6
2025-05-31,WH-LAG1,PRD-0069,38,38,0
2025-05-31,WH-LAG2,PRD-0069,13,13,0
2025-05-31,WH-IBD,PRD-0069,19,18,-1
2025-05-31,WH-ABJ,PRD-0069,23,23,0
2025-05-31,WH-PHC,PRD-0069,4,4,0
2025-05-31,WH-LAG1,PRD-0070,17,17,0
2025-05-31,WH-LAG2,PRD-0070,58,56,-2
2025-05-31,WH-IBD,PRD-0070,31,31,0
2025-05-31,WH-ABJ,PRD-0070,61,61,0
2025-05-31,WH-PHC,PRD-0070,53,53,0
2025-05-31,WH-LAG1,PRD-0071,18,18,0
2025-05-31,WH-LAG2,PRD-0071,24,24,0
2025-05-31,WH-IBD,PRD-0071,10,10,0
2025-05-31,WH-ABJ,PRD-0071,14,14,0
2025-05-31,WH-PHC,PRD-0071,16,16,0
2025-05-31,WH-LAG1,PRD-0072,50,50,0
2025-05-31,WH-LAG2,PRD-0072,12,12,0
2025-05-31,WH-IBD,PRD-0072,55,55,0
2025-05-31,WH-ABJ,PRD-0072,26,27,1
2025-05-31,WH-PHC,PRD-0072,57,57,0
2025-05-31,WH-LAG1,PRD-0073,26,26,0
2025-05-31,WH-LAG2,PRD-0073,18,18,0
2025-05-31,WH-IBD,PRD-0073,22,22,0
2025-05-31,WH-ABJ,PRD-0073,14,14,0
2025-05-31,WH-PHC,PRD-0073,6,6,0
2025-05-31,WH-LAG1,PRD-0074,152,146,-6
2025-05-31,WH-LAG2,PRD-0074,40,40,0
2025-05-31,WH-IBD,PRD-0074,46,46,0
2025-05-31,WH-ABJ,PRD-0074,24,24,0
2025-05-31,WH-PHC,PRD-0074,42,42,0
2025-05-31,WH-LAG1,PRD-0075,12,12,0
2025-05-31,WH-LAG2,PRD-0075,24,25,1
2025-05-31,WH-IBD,PRD-0075,9,9,0
2025-05-31,WH-ABJ,PRD-0075,28,28,0
2025-05-31,WH-PHC,PRD-0075,29,29,0
2025-05-31,WH-LAG1,PRD-0076,36,36,0
2025-05-31,WH-LAG2,PRD-0076,67,67,0
2025-05-31,WH-IBD,PRD-0076,68,68,0
2025-05-31,WH-ABJ,PRD-0076,46,45,-1
2025-05-31,WH-PHC,PRD-0076,64,64,0
2025-05-31,WH-LAG1,PRD-0077,363,363,0
2025-05-31,WH-LAG2,PRD-0077,169,169,0
2025-05-31,WH-IBD,PRD-0077,208,208,0
2025-05-31,WH-ABJ,PRD-0077,210,210,0
2025-05-31,WH-PHC,PRD-0077,197,197,0
2025-05-31,WH-LAG1,PRD-0078,238,238,0
2025-05-31,WH-LAG2,PRD-0078,56,56,0
2025-05-31,WH-IBD,PRD-0078,85,83,-2
2025-05-31,WH-ABJ,PRD-0078,31,31,0
2025-05-31,WH-PHC,PRD-0078,81,79,-2
2025-05-31,WH-LAG1,PRD-0079,50,50,0
2025-05-31,WH-LAG2,PRD-0079,46,46,0
2025-05-31,WH-IBD,PRD-0079,51,51,0
2025-05-31,WH-ABJ,PRD-0079,78,78,0
2025-05-31,WH-PHC,PRD-0079,43,43,0
2025-05-31,WH-LAG1,PRD-0080,38,38,0
2025-05-31,WH-LAG2,PRD-0080,0,0,0
2025-05-31,WH-IBD,PRD-0080,22,22,0
2025-05-31,WH-ABJ,PRD-0080,30,30,0
2025-05-31,WH-PHC,PRD-0080,82,82,0
2025-05-31,WH-LAG1,PRD-0081,117,117,0
2025-05-31,WH-LAG2,PRD-0081,49,49,0
2025-05-31,WH-IBD,PRD-0081,81,81,0
2025-05-31,WH-ABJ,PRD-0081,113,113,0
2025-05-31,WH-PHC,PRD-0081,87,87,0
2025-05-31,WH-LAG1,PRD-0082,205,209,4
2025-05-31,WH-LAG2,PRD-0082,56,56,0
2025-05-31,WH-IBD,PRD-0082,79,82,3
2025-05-31,WH-ABJ,PRD-0082,102,102,0
2025-05-31,WH-PHC,PRD-0082,111,111,0
2025-05-31,WH-LAG1,PRD-0083,123,118,-5
2025-05-31,WH-LAG2,PRD-0083,168,168,0
2025-05-31,WH-IBD,PRD-0083,38,38,0
2025-05-31,WH-ABJ,PRD-0083,78,78,0
2025-05-31,WH-PHC,PRD-0083,180,180,0
2025-05-31,WH-LAG1,PRD-0084,189,189,0
2025-05-31,WH-LAG2,PRD-0084,93,93,0
2025-05-31,WH-IBD,PRD-0084,72,74,2
2025-05-31,WH-ABJ,PRD-0084,184,184,0
2025-05-31,WH-PHC,PRD-0084,66,66,0
2025-05-31,WH-LAG1,PRD-0085,82,82,0
2025-05-31,WH-LAG2,PRD-0085,82,82,0
2025-05-31,WH-IBD,PRD-0085,43,43,0
2025-05-31,WH-ABJ,PRD-0085,0,0,0
2025-05-31,WH-PHC,PRD-0085,88,88,0
2025-05-31,WH-LAG1,PRD-0086,127,127,0
2025-05-31,WH-LAG2,PRD-0086,340,340,0
2025-05-31,WH-IBD,PRD-0086,266,266,0
2025-05-31,WH-ABJ,PRD-0086,186,186,0
2025-05-31,WH-PHC,PRD-0086,154,154,0
2025-05-31,WH-LAG1,PRD-0087,21,21,0
2025-05-31,WH-LAG2,PRD-0087,26,26,0
2025-05-31,WH-IBD,PRD-0087,23,23,0
2025-05-31,WH-ABJ,PRD-0087,5,5,0
2025-05-31,WH-PHC,PRD-0087,8,8,0
2025-05-31,WH-LAG1,PRD-0088,23,23,0
2025-05-31,WH-LAG2,PRD-0088,22,22,0
2025-05-31,WH-IBD,PRD-0088,49,49,0
2025-05-31,WH-ABJ,PRD-0088,34,34,0
2025-05-31,WH-PHC,PRD-0088,45,45,0
2025-05-31,WH-LAG1,PRD-0089,11,11,0
2025-05-31,WH-LAG2,PRD-0089,22,22,0
2025-05-31,WH-IBD,PRD-0089,45,45,0
2025-05-31,WH-ABJ,PRD-0089,31,30,-1
2025-05-31,WH-PHC,PRD-0089,23,23,0
2025-05-31,WH-LAG1,PRD-0090,2598,2598,0
2025-05-31,WH-LAG2,PRD-0090,657,657,0
2025-05-31,WH-IBD,PRD-0090,811,811,0
2025-05-31,WH-ABJ,PRD-0090,416,416,0
2025-05-31,WH-PHC,PRD-0090,679,679,0
2025-05-31,WH-LAG1,PRD-0091,45,45,0
2025-05-31,WH-LAG2,PRD-0091,44,44,0
2025-05-31,WH-IBD,PRD-0091,22,22,0
2025-05-31,WH-ABJ,PRD-0091,0,0,0
2025-05-31,WH-PHC,PRD-0091,30,30,0
2025-05-31,WH-LAG1,PRD-0092,60,60,0
2025-05-31,WH-LAG2,PRD-0092,30,30,0
2025-05-31,WH-IBD,PRD-0092,38,38,0
2025-05-31,WH-ABJ,PRD-0092,41,41,0
2025-05-31,WH-PHC,PRD-0092,21,21,0
2025-05-31,WH-LAG1,PRD-0093,239,239,0
2025-05-31,WH-LAG2,PRD-0093,105,105,0
2025-05-31,WH-IBD,PRD-0093,103,103,0
2025-05-31,WH-ABJ,PRD-0093,177,177,0
2025-05-31,WH-PHC,PRD-0093,26,26,0
2025-05-31,WH-LAG1,PRD-0094,13,13,0
2025-05-31,WH-LAG2,PRD-0094,25,25,0
2025-05-31,WH-IBD,PRD-0094,23,23,0
2025-05-31,WH-ABJ,PRD-0094,35,35,0
2025-05-31,WH-PHC,PRD-0094,26,26,0
2025-05-31,WH-LAG1,PRD-0095,27,27,0
2025-05-31,WH-LAG2,PRD-0095,15,15,0
2025-05-31,WH-IBD,PRD-0095,11,11,0
2025-05-31,WH-ABJ,PRD-0095,7,7,0
2025-05-31,WH-PHC,PRD-0095,20,20,0
2025-05-31,WH-LAG1,PRD-0096,36,36,0
2025-05-31,WH-LAG2,PRD-0096,0,0,0
2025-05-31,WH-IBD,PRD-0096,14,14,0
2025-05-31,WH-ABJ,PRD-0096,12,11,-1
2025-05-31,WH-PHC,PRD-0096,9,9,0
2025-05-31,WH-LAG1,PRD-0097,42,42,0
2025-05-31,WH-LAG2,PRD-0097,10,10,0
2025-05-31,WH-IBD,PRD-0097,26,26,0
2025-05-31,WH-ABJ,PRD-0097,13,13,0
2025-05-31,WH-PHC,PRD-0097,10,10,0
2025-05-31,WH-LAG1,PRD-0098,155,155,0
2025-05-31,WH-LAG2,PRD-0098,186,186,0
2025-05-31,WH-IBD,PRD-0098,140,140,0
2025-05-31,WH-ABJ,PRD-0098,152,152,0
2025-05-31,WH-PHC,PRD-0098,101,101,0
2025-05-31,WH-LAG1,PRD-0099,43,43,0
2025-05-31,WH-LAG2,PRD-0099,16,16,0
2025-05-31,WH-IBD,PRD-0099,6,6,0
2025-05-31,WH-ABJ,PRD-0099,41,40,-1
2025-05-31,WH-PHC,PRD-0099,30,30,0
2025-05-31,WH-LAG1,PRD-0100,337,349,12
2025-05-31,WH-LAG2,PRD-0100,173,175,2
2025-05-31,WH-IBD,PRD-0100,44,44,0
2025-05-31,WH-ABJ,PRD-0100,79,79,0
2025-05-31,WH-PHC,PRD-0100,219,219,0
2025-05-31,WH-LAG1,PRD-0101,36,36,0
2025-05-31,WH-LAG2,PRD-0101,8,8,0
2025-05-31,WH-IBD,PRD-0101,23,23,0
2025-05-31,WH-ABJ,PRD-0101,0,0,0
2025-05-31,WH-PHC,PRD-0101,11,11,0
2025-05-31,WH-LAG1,PRD-0102,156,156,0
2025-05-31,WH-LAG2,PRD-0102,49,49,0
2025-05-31,WH-IBD,PRD-0102,2,2,0
2025-05-31,WH-ABJ,PRD-0102,101,101,0
2025-05-31,WH-PHC,PRD-0102,0,0,0
2025-05-31,WH-LAG1,PRD-0103,62,62,0
2025-05-31,WH-LAG2,PRD-0103,48,47,-1
2025-05-31,WH-IBD,PRD-0103,79,79,0
2025-05-31,WH-ABJ,PRD-0103,98,98,0
2025-05-31,WH-PHC,PRD-0103,37,37,0
2025-05-31,WH-LAG1,PRD-0104,18,18,0
2025-05-31,WH-LAG2,PRD-0104,19,19,0
2025-05-31,WH-IBD,PRD-0104,8,8,0
2025-05-31,WH-ABJ,PRD-0104,45,45,0
2025-05-31,WH-PHC,PRD-0104,27,27,0
2025-05-31,WH-LAG1,PRD-0105,14,14,0
2025-05-31,WH-LAG2,PRD-0105,39,39,0
2025-05-31,WH-IBD,PRD-0105,12,12,0
2025-05-31,WH-ABJ,PRD-0105,40,40,0
2025-05-31,WH-PHC,PRD-0105,37,37,0
2025-05-31,WH-LAG1,PRD-0106,51,51,0
2025-05-31,WH-LAG2,PRD-0106,8,8,0
2025-05-31,WH-IBD,PRD-0106,8,8,0
2025-05-31,WH-ABJ,PRD-0106,21,21,0
2025-05-31,WH-PHC,PRD-0106,13,13,0
2025-05-31,WH-LAG1,PRD-0107,25,25,0
2025-05-31,WH-LAG2,PRD-0107,33,33,0
2025-05-31,WH-IBD,PRD-0107,4,4,0
2025-05-31,WH-ABJ,PRD-0107,4,4,0
2025-05-31,WH-PHC,PRD-0107,24,24,0
2025-05-31,WH-LAG1,PRD-0108,334,334,0
2025-05-31,WH-LAG2,PRD-0108,160,160,0
2025-05-31,WH-IBD,PRD-0108,103,103,0
2025-05-31,WH-ABJ,PRD-0108,133,133,0
2025-05-31,WH-PHC,PRD-0108,64,64,0
2025-05-31,WH-LAG1,PRD-0109,62,62,0
2025-05-31,WH-LAG2,PRD-0109,62,62,0
2025-05-31,WH-IBD,PRD-0109,49,49,0
2025-05-31,WH-ABJ,PRD-0109,49,49,0
2025-05-31,WH-PHC,PRD-0109,88,87,-1
2025-05-31,WH-LAG1,PRD-0110,50,50,0
2025-05-31,WH-LAG2,PRD-0110,11,11,0
2025-05-31,WH-IBD,PRD-0110,32,32,0
2025-05-31,WH-ABJ,PRD-0110,14,14,0
2025-05-31,WH-PHC,PRD-0110,35,34,-1
2025-05-31,WH-LAG1,PRD-0111,170,172,2
2025-05-31,WH-LAG2,PRD-0111,41,41,0
2025-05-31,WH-IBD,PRD-0111,39,39,0
2025-05-31,WH-ABJ,PRD-0111,157,157,0
2025-05-31,WH-PHC,PRD-0111,42,42,0
2025-05-31,WH-LAG1,PRD-0112,28,29,1
2025-05-31,WH-LAG2,PRD-0112,10,10,0
2025-05-31,WH-IBD,PRD-0112,12,11,-1
2025-05-31,WH-ABJ,PRD-0112,35,35,0
2025-05-31,WH-PHC,PRD-0112,21,20,-1
2025-05-31,WH-LAG1,PRD-0113,43,43,0
2025-05-31,WH-LAG2,PRD-0113,77,77,0
2025-05-31,WH-IBD,PRD-0113,40,40,0
2025-05-31,WH-ABJ,PRD-0113,45,45,0
2025-05-31,WH-PHC,PRD-0113,70,70,0
2025-05-31,WH-LAG1,PRD-0114,25,25,0
2025-05-31,WH-LAG2,PRD-0114,10,10,0
2025-05-31,WH-IBD,PRD-0114,19,19,0
2025-05-31,WH-ABJ,PRD-0114,21,21,0
2025-05-31,WH-PHC,PRD-0114,6,6,0
2025-05-31,WH-LAG1,PRD-0115,75,75,0
2025-05-31,WH-LAG2,PRD-0115,61,61,0
2025-05-31,WH-IBD,PRD-0115,63,63,0
2025-05-31,WH-ABJ,PRD-0115,63,63,0
2025-05-31,WH-PHC,PRD-0115,87,85,-2
2025-05-31,WH-LAG1,PRD-0116,62,62,0
2025-05-31,WH-LAG2,PRD-0116,0,1,1
2025-05-31,WH-IBD,PRD-0116,18,18,0
2025-05-31,WH-ABJ,PRD-0116,73,72,-1
2025-05-31,WH-PHC,PRD-0116,40,40,0
2025-05-31,WH-LAG1,PRD-0117,66,66,0
2025-05-31,WH-LAG2,PRD-0117,68,71,3
2025-05-31,WH-IBD,PRD-0117,60,60,0
2025-05-31,WH-ABJ,PRD-0117,32,32,0
2025-05-31,WH-PHC,PRD-0117,22,22,0
2025-05-31,WH-LAG1,PRD-0118,122,122,0
2025-05-31,WH-LAG2,PRD-0118,73,73,0
2025-05-31,WH-IBD,PRD-0118,142,142,0
2025-05-31,WH-ABJ,PRD-0118,80,80,0
2025-05-31,WH-PHC,PRD-0118,85,82,-3
2025-05-31,WH-LAG1,PRD-0119,36,36,0
2025-05-31,WH-LAG2,PRD-0119,25,25,0
2025-05-31,WH-IBD,PRD-0119,12,12,0
2025-05-31,WH-ABJ,PRD-0119,10,10,0
2025-05-31,WH-PHC,PRD-0119,20,20,0
2025-05-31,WH-LAG1,PRD-0120,213,213,0
2025-05-31,WH-LAG2,PRD-0120,72,70,-2
2025-05-31,WH-IBD,PRD-0120,150,150,0
2025-05-31,WH-ABJ,PRD-0120,177,177,0
2025-05-31,WH-PHC,PRD-0120,153,149,-4
2025-05-31,WH-LAG1,PRD-0121,77,77,0
2025-05-31,WH-LAG2,PRD-0121,91,91,0
2025-05-31,WH-IBD,PRD-0121,133,133,0
2025-05-31,WH-ABJ,PRD-0121,148,148,0
2025-05-31,WH-PHC,PRD-0121,121,121,0
2025-05-31,WH-LAG1,PRD-0122,200,200,0
2025-05-31,WH-LAG2,PRD-0122,88,88,0
2025-05-31,WH-IBD,PRD-0122,24,24,0
2025-05-31,WH-ABJ,PRD-0122,57,57,0
2025-05-31,WH-PHC,PRD-0122,0,0,0
2025-05-31,WH-LAG1,PRD-0123,37,37,0
2025-05-31,WH-LAG2,PRD-0123,7,7,0
2025-05-31,WH-IBD,PRD-0123,71,71,0
2025-05-31,WH-ABJ,PRD-0123,22,22,0
2025-05-31,WH-PHC,PRD-0123,68,67,-1
2025-05-31,WH-LAG1,PRD-0124,45,45,0
2025-05-31,WH-LAG2,PRD-0124,26,26,0
2025-05-31,WH-IBD,PRD-0124,28,28,0
2025-05-31,WH-ABJ,PRD-0124,80,80,0
2025-05-31,WH-PHC,PRD-0124,43,43,0
2025-05-31,WH-LAG1,PRD-0125,612,612,0
2025-05-31,WH-LAG2,PRD-0125,272,272,0
2025-05-31,WH-IBD,PRD-0125,134,139,5
2025-05-31,WH-ABJ,PRD-0125,366,378,12
2025-05-31,WH-PHC,PRD-0125,202,202,0
2025-05-31,WH-LAG1,PRD-0126,110,110,0
2025-05-31,WH-LAG2,PRD-0126,17,16,-1
2025-05-31,WH-IBD,PRD-0126,26,26,0
2025-05-31,WH-ABJ,PRD-0126,38,38,0
2025-05-31,WH-PHC,PRD-0126,32,32,0
2025-05-31,WH-LAG1,PRD-0127,72,72,0
2025-05-31,WH-LAG2,PRD-0127,36,35,-1
2025-05-31,WH-IBD,PRD-0127,30,30,0
2025-05-31,WH-ABJ,PRD-0127,37,37,0
2025-05-31,WH-PHC,PRD-0127,39,39,0
2025-05-31,WH-LAG1,PRD-0128,7,7,0
2025-05-31,WH-LAG2,PRD-0128,53,53,0
2025-05-31,WH-IBD,PRD-0128,49,49,0
2025-05-31,WH-ABJ,PRD-0128,119,118,-1
2025-05-31,WH-PHC,PRD-0128,31,31,0
2025-05-31,WH-LAG1,PRD-0129,6,6,0
2025-05-31,WH-LAG2,PRD-0129,17,17,0
2025-05-31,WH-IBD,PRD-0129,8,8,0
2025-05-31,WH-ABJ,PRD-0129,23,23,0
2025-05-31,WH-PHC,PRD-0129,19,18,-1
2025-05-31,WH-LAG1,PRD-0130,22,22,0
2025-05-31,WH-LAG2,PRD-0130,20,20,0
2025-05-31,WH-IBD,PRD-0130,31,31,0
2025-05-31,WH-ABJ,PRD-0130,37,37,0
2025-05-31,WH-PHC,PRD-0130,14,14,0
2025-05-31,WH-LAG1,PRD-0131,66,66,0
2025-05-31,WH-LAG2,PRD-0131,7,7,0
2025-05-31,WH-IBD,PRD-0131,27,27,0
2025-05-31,WH-ABJ,PRD-0131,83,83,0
2025-05-31,WH-PHC,PRD-0131,109,109,0
2025-05-31,WH-LAG1,PRD-0132,100,100,0
2025-05-31,WH-LAG2,PRD-0132,44,44,0
2025-05-31,WH-IBD,PRD-0132,31,31,0
2025-05-31,WH-ABJ,PRD-0132,78,78,0
2025-05-31,WH-PHC,PRD-0132,29,29,0
2025-05-31,WH-LAG1,PRD-0133,1,1,0
2025-05-31,WH-LAG2,PRD-0133,10,9,-1
2025-05-31,WH-IBD,PRD-0133,29,29,0
2025-05-31,WH-ABJ,PRD-0133,40,40,0
2025-05-31,WH-PHC,PRD-0133,5,5,0
2025-05-31,WH-LAG1,PRD-0134,0,0,0
2025-05-31,WH-LAG2,PRD-0134,42,42,0
2025-05-31,WH-IBD,PRD-0134,30,30,0
2025-05-31,WH-ABJ,PRD-0134,42,42,0
2025-05-31,WH-PHC,PRD-0134,6,6,0
2025-05-31,WH-LAG1,PRD-0135,97,97,0
2025-05-31,WH-LAG2,PRD-0135,116,116,0
2025-05-31,WH-IBD,PRD-0135,116,116,0
2025-05-31,WH-ABJ,PRD-0135,82,79,-3
2025-05-31,WH-PHC,PRD-0135,174,174,0
2025-05-31,WH-LAG1,PRD-0136,83,83,0
2025-05-31,WH-LAG2,PRD-0136,24,24,0
2025-05-31,WH-IBD,PRD-0136,25,25,0
2025-05-31,WH-ABJ,PRD-0136,52,52,0
2025-05-31,WH-PHC,PRD-0136,60,61,1
2025-05-31,WH-LAG1,PRD-0137,125,125,0
2025-05-31,WH-LAG2,PRD-0137,84,84,0
2025-05-31,WH-IBD,PRD-0137,62,62,0
2025-05-31,WH-ABJ,PRD-0137,14,15,1
2025-05-31,WH-PHC,PRD-0137,29,29,0
2025-05-31,WH-LAG1,PRD-0138,107,107,0
2025-05-31,WH-LAG2,PRD-0138,106,106,0
2025-05-31,WH-IBD,PRD-0138,77,77,0
2025-05-31,WH-ABJ,PRD-0138,62,62,0
2025-05-31,WH-PHC,PRD-0138,96,96,0
2025-05-31,WH-LAG1,PRD-0139,58,58,0
2025-05-31,WH-LAG2,PRD-0139,61,61,0
2025-05-31,WH-IBD,PRD-0139,16,16,0
2025-05-31,WH-ABJ,PRD-0139,96,96,0
2025-05-31,WH-PHC,PRD-0139,61,61,0
2025-05-31,WH-LAG1,PRD-0140,28,29,1
2025-05-31,WH-LAG2,PRD-0140,24,24,0
2025-05-31,WH-IBD,PRD-0140,56,56,0
2025-05-31,WH-ABJ,PRD-0140,58,58,0
2025-05-31,WH-PHC,PRD-0140,50,50,0
2025-05-31,WH-LAG1,PRD-0141,45,45,0
2025-05-31,WH-LAG2,PRD-0141,27,27,0
2025-05-31,WH-IBD,PRD-0141,62,63,1
2025-05-31,WH-ABJ,PRD-0141,77,77,0
2025-05-31,WH-PHC,PRD-0141,21,21,0
2025-05-31,WH-LAG1,PRD-0142,168,168,0
2025-05-31,WH-LAG2,PRD-0142,143,143,0
2025-05-31,WH-IBD,PRD-0142,134,134,0
2025-05-31,WH-ABJ,PRD-0142,109,109,0
2025-05-31,WH-PHC,PRD-0142,75,75,0
2025-05-31,WH-LAG1,PRD-0143,121,121,0
2025-05-31,WH-LAG2,PRD-0143,55,56,1
2025-05-31,WH-IBD,PRD-0143,36,35,-1
2025-05-31,WH-ABJ,PRD-0143,24,24,0
2025-05-31,WH-PHC,PRD-0143,36,35,-1
2025-05-31,WH-LAG1,PRD-0144,67,67,0
2025-05-31,WH-LAG2,PRD-0144,61,61,0
2025-05-31,WH-IBD,PRD-0144,13,13,0
2025-05-31,WH-ABJ,PRD-0144,46,46,0
2025-05-31,WH-PHC,PRD-0144,65,65,0
2025-05-31,WH-LAG1,PRD-0145,116,121,5
2025-05-31,WH-LAG2,PRD-0145,90,90,0
2025-05-31,WH-IBD,PRD-0145,74,74,0
2025-05-31,WH-ABJ,PRD-0145,110,110,0
2025-05-31,WH-PHC,PRD-0145,60,60,0
2025-05-31,WH-LAG1,PRD-0146,21,21,0
2025-05-31,WH-LAG2,PRD-0146,53,53,0
2025-05-31,WH-IBD,PRD-0146,49,49,0
2025-05-31,WH-ABJ,PRD-0146,28,28,0
2025-05-31,WH-PHC,PRD-0146,26,27,1
2025-05-31,WH-LAG1,PRD-0147,21,21,0
2025-05-31,WH-LAG2,PRD-0147,11,11,0
2025-05-31,WH-IBD,PRD-0147,24,25,1
2025-05-31,WH-ABJ,PRD-0147,54,54,0
2025-05-31,WH-PHC,PRD-0147,12,12,0
2025-05-31,WH-LAG1,PRD-0148,40,40,0
2025-05-31,WH-LAG2,PRD-0148,43,43,0
2025-05-31,WH-IBD,PRD-0148,37,37,0
2025-05-31,WH-ABJ,PRD-0148,2,2,0
2025-05-31,WH-PHC,PRD-0148,25,25,0
2025-05-31,WH-LAG1,PRD-0149,31,31,0
2025-05-31,WH-LAG2,PRD-0149,27,27,0
2025-05-31,WH-IBD,PRD-0149,0,0,0
2025-05-31,WH-ABJ,PRD-0149,28,28,0
2025-05-31,WH-PHC,PRD-0149,26,26,0
2025-05-31,WH-LAG1,PRD-0150,9,9,0
2025-05-31,WH-LAG2,PRD-0150,29,29,0
2025-05-31,WH-IBD,PRD-0150,18,18,0
2025-05-31,WH-ABJ,PRD-0150,134,134,0
2025-05-31,WH-PHC,PRD-0150,35,35,0
2025-05-31,WH-LAG1,PRD-0151,543,543,0
2025-05-31,WH-LAG2,PRD-0151,522,537,15
2025-05-31,WH-IBD,PRD-0151,366,366,0
2025-05-31,WH-ABJ,PRD-0151,717,717,0
2025-05-31,WH-PHC,PRD-0151,665,665,0
2025-05-31,WH-LAG1,PRD-0152,28,28,0
2025-05-31,WH-LAG2,PRD-0152,58,58,0
2025-05-31,WH-IBD,PRD-0152,48,48,0
2025-05-31,WH-ABJ,PRD-0152,30,30,0
2025-05-31,WH-PHC,PRD-0152,28,28,0
2025-05-31,WH-LAG1,PRD-0153,240,240,0
2025-05-31,WH-LAG2,PRD-0153,194,194,0
2025-05-31,WH-IBD,PRD-0153,153,153,0
2025-05-31,WH-ABJ,PRD-0153,176,176,0
2025-05-31,WH-PHC,PRD-0153,178,178,0
2025-05-31,WH-LAG1,PRD-0154,62,62,0
2025-05-31,WH-LAG2,PRD-0154,19,19,0
2025-05-31,WH-IBD,PRD-0154,19,19,0
2025-05-31,WH-ABJ,PRD-0154,10,10,0
2025-05-31,WH-PHC,PRD-0154,68,68,0
2025-05-31,WH-LAG1,PRD-0155,66,66,0
2025-05-31,WH-LAG2,PRD-0155,47,47,0
2025-05-31,WH-IBD,PRD-0155,7,7,0
2025-05-31,WH-ABJ,PRD-0155,78,78,0
2025-05-31,WH-PHC,PRD-0155,18,18,0
2025-05-31,WH-LAG1,PRD-0156,281,291,10
2025-05-31,WH-LAG2,PRD-0156,121,121,0
2025-05-31,WH-IBD,PRD-0156,40,40,0
2025-05-31,WH-ABJ,PRD-0156,89,89,0
2025-05-31,WH-PHC,PRD-0156,185,185,0
2025-05-31,WH-LAG1,PRD-0157,76,76,0
2025-05-31,WH-LAG2,PRD-0157,65,65,0
2025-05-31,WH-IBD,PRD-0157,60,60,0
2025-05-31,WH-ABJ,PRD-0157,70,70,0
2025-05-31,WH-PHC,PRD-0157,68,68,0
2025-05-31,WH-LAG1,PRD-0158,30,30,0
2025-05-31,WH-LAG2,PRD-0158,7,7,0
2025-05-31,WH-IBD,PRD-0158,31,31,0
2025-05-31,WH-ABJ,PRD-0158,28,28,0
2025-05-31,WH-PHC,PRD-0158,32,32,0
2025-05-31,WH-LAG1,PRD-0159,7,8,1
2025-05-31,WH-LAG2,PRD-0159,44,44,0
2025-05-31,WH-IBD,PRD-0159,55,55,0
2025-05-31,WH-ABJ,PRD-0159,66,66,0
2025-05-31,WH-PHC,PRD-0159,60,60,0
2025-05-31,WH-LAG1,PRD-0160,325,325,0
2025-05-31,WH-LAG2,PRD-0160,147,147,0
2025-05-31,WH-IBD,PRD-0160,108,110,2
2025-05-31,WH-ABJ,PRD-0160,165,160,-5
2025-05-31,WH-PHC,PRD-0160,209,209,0
2025-05-31,WH-LAG1,PRD-0161,215,215,0
2025-05-31,WH-LAG2,PRD-0161,183,183,0
2025-05-31,WH-IBD,PRD-0161,202,202,0
2025-05-31,WH-ABJ,PRD-0161,234,234,0
2025-05-31,WH-PHC,PRD-0161,257,257,0
2025-05-31,WH-LAG1,PRD-0162,94,94,0
2025-05-31,WH-LAG2,PRD-0162,49,49,0
2025-05-31,WH-IBD,PRD-0162,39,39,0
2025-05-31,WH-ABJ,PRD-0162,31,31,0
2025-05-31,WH-PHC,PRD-0162,28,28,0
2025-05-31,WH-LAG1,PRD-0163,123,123,0
2025-05-31,WH-LAG2,PRD-0163,52,53,1
2025-05-31,WH-IBD,PRD-0163,71,71,0
2025-05-31,WH-ABJ,PRD-0163,0,1,1
2025-05-31,WH-PHC,PRD-0163,54,54,0
2025-05-31,WH-LAG1,PRD-0164,62,62,0
2025-05-31,WH-LAG2,PRD-0164,53,53,0
2025-05-31,WH-IBD,PRD-0164,28,28,0
2025-05-31,WH-ABJ,PRD-0164,47,47,0
2025-05-31,WH-PHC,PRD-0164,13,13,0
2025-05-31,WH-LAG1,PRD-0165,249,249,0
2025-05-31,WH-LAG2,PRD-0165,115,115,0
2025-05-31,WH-IBD,PRD-0165,137,137,0
2025-05-31,WH-ABJ,PRD-0165,96,96,0
2025-05-31,WH-PHC,PRD-0165,41,41,0
2025-05-31,WH-LAG1,PRD-0166,138,138,0
2025-05-31,WH-LAG2,PRD-0166,52,52,0
2025-05-31,WH-IBD,PRD-0166,108,108,0
2025-05-31,WH-ABJ,PRD-0166,174,174,0
2025-05-31,WH-PHC,PRD-0166,29,29,0
2025-05-31,WH-LAG1,PRD-0167,115,115,0
2025-05-31,WH-LAG2,PRD-0167,22,21,-1
2025-05-31,WH-IBD,PRD-0167,41,41,0
2025-05-31,WH-ABJ,PRD-0167,73,73,0
2025-05-31,WH-PHC,PRD-0167,43,43,0
2025-05-31,WH-LAG1,PRD-0168,51,51,0
2025-05-31,WH-LAG2,PRD-0168,0,0,0
2025-05-31,WH-IBD,PRD-0168,0,0,0
2025-05-31,WH-ABJ,PRD-0168,11,11,0
2025-05-31,WH-PHC,PRD-0168,2,2,0
2025-05-31,WH-LAG1,PRD-0169,120,120,0
2025-05-31,WH-LAG2,PRD-0169,56,56,0
2025-05-31,WH-IBD,PRD-0169,36,35,-1
2025-05-31,WH-ABJ,PRD-0169,0,0,0
2025-05-31,WH-PHC,PRD-0169,32,32,0
2025-05-31,WH-LAG1,PRD-0170,36,35,-1
2025-05-31,WH-LAG2,PRD-0170,43,42,-1
2025-05-31,WH-IBD,PRD-0170,57,57,0
2025-05-31,WH-ABJ,PRD-0170,40,40,0
2025-05-31,WH-PHC,PRD-0170,59,59,0
2025-06-30,WH-LAG1,PRD-0001,62,62,0
2025-06-30,WH-LAG2,PRD-0001,13,12,-1
2025-06-30,WH-IBD,PRD-0001,32,31,-1
2025-06-30,WH-ABJ,PRD-0001,0,0,0
2025-06-30,WH-PHC,PRD-0001,33,33,0
2025-06-30,WH-LAG1,PRD-0002,20,20,0
2025-06-30,WH-LAG2,PRD-0002,21,21,0
2025-06-30,WH-IBD,PRD-0002,11,11,0
2025-06-30,WH-ABJ,PRD-0002,29,29,0
2025-06-30,WH-PHC,PRD-0002,26,26,0
2025-06-30,WH-LAG1,PRD-0003,6,6,0
2025-06-30,WH-LAG2,PRD-0003,16,16,0
2025-06-30,WH-IBD,PRD-0003,0,0,0
2025-06-30,WH-ABJ,PRD-0003,20,20,0
2025-06-30,WH-PHC,PRD-0003,17,17,0
2025-06-30,WH-LAG1,PRD-0004,286,286,0
2025-06-30,WH-LAG2,PRD-0004,232,232,0
2025-06-30,WH-IBD,PRD-0004,225,225,0
2025-06-30,WH-ABJ,PRD-0004,164,164,0
2025-06-30,WH-PHC,PRD-0004,99,99,0
2025-06-30,WH-LAG1,PRD-0005,119,119,0
2025-06-30,WH-LAG2,PRD-0005,75,75,0
2025-06-30,WH-IBD,PRD-0005,59,59,0
2025-06-30,WH-ABJ,PRD-0005,45,45,0
2025-06-30,WH-PHC,PRD-0005,46,47,1
2025-06-30,WH-LAG1,PRD-0006,0,0,0
2025-06-30,WH-LAG2,PRD-0006,40,40,0
2025-06-30,WH-IBD,PRD-0006,21,22,1
2025-06-30,WH-ABJ,PRD-0006,15,15,0
2025-06-30,WH-PHC,PRD-0006,19,19,0
2025-06-30,WH-LAG1,PRD-0007,111,111,0
2025-06-30,WH-LAG2,PRD-0007,32,32,0
2025-06-30,WH-IBD,PRD-0007,145,145,0
2025-06-30,WH-ABJ,PRD-0007,138,141,3
2025-06-30,WH-PHC,PRD-0007,21,21,0
2025-06-30,WH-LAG1,PRD-0008,93,93,0
2025-06-30,WH-LAG2,PRD-0008,0,0,0
2025-06-30,WH-IBD,PRD-0008,17,17,0
2025-06-30,WH-ABJ,PRD-0008,18,18,0
2025-06-30,WH-PHC,PRD-0008,32,32,0
2025-06-30,WH-LAG1,PRD-0009,13,13,0
2025-06-30,WH-LAG2,PRD-0009,7,7,0
2025-06-30,WH-IBD,PRD-0009,24,24,0
2025-06-30,WH-ABJ,PRD-0009,33,33,0
2025-06-30,WH-PHC,PRD-0009,31,31,0
2025-06-30,WH-LAG1,PRD-0010,1,1,0
2025-06-30,WH-LAG2,PRD-0010,16,16,0
2025-06-30,WH-IBD,PRD-0010,9,9,0
2025-06-30,WH-ABJ,PRD-0010,11,11,0
2025-06-30,WH-PHC,PRD-0010,3,3,0
2025-06-30,WH-LAG1,PRD-0011,46,46,0
2025-06-30,WH-LAG2,PRD-0011,90,90,0
2025-06-30,WH-IBD,PRD-0011,49,49,0
2025-06-30,WH-ABJ,PRD-0011,51,51,0
2025-06-30,WH-PHC,PRD-0011,138,138,0
2025-06-30,WH-LAG1,PRD-0012,28,29,1
2025-06-30,WH-LAG2,PRD-0012,54,54,0
2025-06-30,WH-IBD,PRD-0012,10,10,0
2025-06-30,WH-ABJ,PRD-0012,54,54,0
2025-06-30,WH-PHC,PRD-0012,42,43,1
2025-06-30,WH-LAG1,PRD-0013,35,35,0
2025-06-30,WH-LAG2,PRD-0013,0,0,-1
2025-06-30,WH-IBD,PRD-0013,26,26,0
2025-06-30,WH-ABJ,PRD-0013,31,31,0
2025-06-30,WH-PHC,PRD-0013,11,11,0
2025-06-30,WH-LAG1,PRD-0014,22,22,0
2025-06-30,WH-LAG2,PRD-0014,5,5,0
2025-06-30,WH-IBD,PRD-0014,17,17,0
2025-06-30,WH-ABJ,PRD-0014,5,6,1
2025-06-30,WH-PHC,PRD-0014,17,18,1
2025-06-30,WH-LAG1,PRD-0015,43,43,0
2025-06-30,WH-LAG2,PRD-0015,58,58,0
2025-06-30,WH-IBD,PRD-0015,32,32,0
2025-06-30,WH-ABJ,PRD-0015,29,29,0
2025-06-30,WH-PHC,PRD-0015,62,62,0
2025-06-30,WH-LAG1,PRD-0016,123,123,0
2025-06-30,WH-LAG2,PRD-0016,35,35,0
2025-06-30,WH-IBD,PRD-0016,48,48,0
2025-06-30,WH-ABJ,PRD-0016,142,142,0
2025-06-30,WH-PHC,PRD-0016,44,44,0
2025-06-30,WH-LAG1,PRD-0017,40,40,0
2025-06-30,WH-LAG2,PRD-0017,32,32,0
2025-06-30,WH-IBD,PRD-0017,48,48,0
2025-06-30,WH-ABJ,PRD-0017,41,41,0
2025-06-30,WH-PHC,PRD-0017,27,27,0
2025-06-30,WH-LAG1,PRD-0018,145,145,0
2025-06-30,WH-LAG2,PRD-0018,51,52,1
2025-06-30,WH-IBD,PRD-0018,104,104,0
2025-06-30,WH-ABJ,PRD-0018,110,110,0
2025-06-30,WH-PHC,PRD-0018,81,81,0
2025-06-30,WH-LAG1,PRD-0019,105,105,0
2025-06-30,WH-LAG2,PRD-0019,101,101,0
2025-06-30,WH-IBD,PRD-0019,67,67,0
2025-06-30,WH-ABJ,PRD-0019,1,1,0
2025-06-30,WH-PHC,PRD-0019,97,97,0
2025-06-30,WH-LAG1,PRD-0020,0,0,0
2025-06-30,WH-LAG2,PRD-0020,44,44,0
2025-06-30,WH-IBD,PRD-0020,100,100,0
2025-06-30,WH-ABJ,PRD-0020,52,52,0
2025-06-30,WH-PHC,PRD-0020,68,68,0
2025-06-30,WH-LAG1,PRD-0021,43,42,-1
2025-06-30,WH-LAG2,PRD-0021,67,67,0
2025-06-30,WH-IBD,PRD-0021,40,39,-1
2025-06-30,WH-ABJ,PRD-0021,23,24,1
2025-06-30,WH-PHC,PRD-0021,9,9,0
2025-06-30,WH-LAG1,PRD-0022,44,44,0
2025-06-30,WH-LAG2,PRD-0022,11,11,0
2025-06-30,WH-IBD,PRD-0022,11,11,0
2025-06-30,WH-ABJ,PRD-0022,17,17,0
2025-06-30,WH-PHC,PRD-0022,19,19,0
2025-06-30,WH-LAG1,PRD-0023,131,131,0
2025-06-30,WH-LAG2,PRD-0023,36,37,1
2025-06-30,WH-IBD,PRD-0023,66,66,0
2025-06-30,WH-ABJ,PRD-0023,96,96,0
2025-06-30,WH-PHC,PRD-0023,41,41,0
2025-06-30,WH-LAG1,PRD-0024,67,67,0
2025-06-30,WH-LAG2,PRD-0024,0,0,0
2025-06-30,WH-IBD,PRD-0024,22,23,1
2025-06-30,WH-ABJ,PRD-0024,17,17,0
2025-06-30,WH-PHC,PRD-0024,24,24,0
2025-06-30,WH-LAG1,PRD-0025,45,45,0
2025-06-30,WH-LAG2,PRD-0025,43,45,2
2025-06-30,WH-IBD,PRD-0025,37,37,0
2025-06-30,WH-ABJ,PRD-0025,44,44,0
2025-06-30,WH-PHC,PRD-0025,25,25,0
2025-06-30,WH-LAG1,PRD-0026,0,0,0
2025-06-30,WH-LAG2,PRD-0026,76,76,0
2025-06-30,WH-IBD,PRD-0026,55,55,0
2025-06-30,WH-ABJ,PRD-0026,44,44,0
2025-06-30,WH-PHC,PRD-0026,19,19,0
2025-06-30,WH-LAG1,PRD-0027,21,21,0
2025-06-30,WH-LAG2,PRD-0027,16,17,1
2025-06-30,WH-IBD,PRD-0027,21,21,0
2025-06-30,WH-ABJ,PRD-0027,27,27,0
2025-06-30,WH-PHC,PRD-0027,25,25,0
2025-06-30,WH-LAG1,PRD-0028,106,106,0
2025-06-30,WH-LAG2,PRD-0028,73,73,0
2025-06-30,WH-IBD,PRD-0028,64,64,0
2025-06-30,WH-ABJ,PRD-0028,73,73,0
2025-06-30,WH-PHC,PRD-0028,74,74,0
2025-06-30,WH-LAG1,PRD-0029,53,53,0
2025-06-30,WH-LAG2,PRD-0029,36,36,0
2025-06-30,WH-IBD,PRD-0029,19,19,0
2025-06-30,WH-ABJ,PRD-0029,49,49,0
2025-06-30,WH-PHC,PRD-0029,34,34,0
2025-06-30,WH-LAG1,PRD-0030,30,30,0
2025-06-30,WH-LAG2,PRD-0030,28,28,0
2025-06-30,WH-IBD,PRD-0030,18,18,0
2025-06-30,WH-ABJ,PRD-0030,18,18,0
2025-06-30,WH-PHC,PRD-0030,15,15,0
2025-06-30,WH-LAG1,PRD-0031,81,81,0
2025-06-30,WH-LAG2,PRD-0031,76,76,0
2025-06-30,WH-IBD,PRD-0031,71,71,0
2025-06-30,WH-ABJ,PRD-0031,198,198,0
2025-06-30,WH-PHC,PRD-0031,40,40,0
2025-06-30,WH-LAG1,PRD-0032,24,24,0
2025-06-30,WH-LAG2,PRD-0032,23,23,0
2025-06-30,WH-IBD,PRD-0032,10,10,0
2025-06-30,WH-ABJ,PRD-0032,28,28,0
2025-06-30,WH-PHC,PRD-0032,6,6,0
2025-06-30,WH-LAG1,PRD-0033,112,112,0
2025-06-30,WH-LAG2,PRD-0033,24,24,0
2025-06-30,WH-IBD,PRD-0033,86,86,0
2025-06-30,WH-ABJ,PRD-0033,67,67,0
2025-06-30,WH-PHC,PRD-0033,79,79,0
2025-06-30,WH-LAG1,PRD-0034,30,30,0
2025-06-30,WH-LAG2,PRD-0034,25,25,0
2025-06-30,WH-IBD,PRD-0034,21,21,0
2025-06-30,WH-ABJ,PRD-0034,37,37,0
2025-06-30,WH-PHC,PRD-0034,13,13,0
2025-06-30,WH-LAG1,PRD-0035,84,84,0
2025-06-30,WH-LAG2,PRD-0035,63,63,0
2025-06-30,WH-IBD,PRD-0035,76,76,0
2025-06-30,WH-ABJ,PRD-0035,34,33,-1
2025-06-30,WH-PHC,PRD-0035,40,40,0
2025-06-30,WH-LAG1,PRD-0036,65,65,0
2025-06-30,WH-LAG2,PRD-0036,19,19,0
2025-06-30,WH-IBD,PRD-0036,31,31,0
2025-06-30,WH-ABJ,PRD-0036,50,50,0
2025-06-30,WH-PHC,PRD-0036,16,16,0
2025-06-30,WH-LAG1,PRD-0037,221,221,0
2025-06-30,WH-LAG2,PRD-0037,115,115,0
2025-06-30,WH-IBD,PRD-0037,61,61,0
2025-06-30,WH-ABJ,PRD-0037,89,89,0
2025-06-30,WH-PHC,PRD-0037,50,52,2
2025-06-30,WH-LAG1,PRD-0038,39,39,0
2025-06-30,WH-LAG2,PRD-0038,8,8,0
2025-06-30,WH-IBD,PRD-0038,29,29,0
2025-06-30,WH-ABJ,PRD-0038,27,27,0
2025-06-30,WH-PHC,PRD-0038,20,20,0
2025-06-30,WH-LAG1,PRD-0039,349,349,0
2025-06-30,WH-LAG2,PRD-0039,107,108,1
2025-06-30,WH-IBD,PRD-0039,124,120,-4
2025-06-30,WH-ABJ,PRD-0039,61,61,0
2025-06-30,WH-PHC,PRD-0039,123,123,0
2025-06-30,WH-LAG1,PRD-0040,129,129,0
2025-06-30,WH-LAG2,PRD-0040,67,67,0
2025-06-30,WH-IBD,PRD-0040,40,40,0
2025-06-30,WH-ABJ,PRD-0040,25,25,0
2025-06-30,WH-PHC,PRD-0040,58,58,0
2025-06-30,WH-LAG1,PRD-0041,7,7,0
2025-06-30,WH-LAG2,PRD-0041,45,47,2
2025-06-30,WH-IBD,PRD-0041,0,0,0
2025-06-30,WH-ABJ,PRD-0041,22,22,0
2025-06-30,WH-PHC,PRD-0041,57,57,0
2025-06-30,WH-LAG1,PRD-0042,26,26,0
2025-06-30,WH-LAG2,PRD-0042,22,22,0
2025-06-30,WH-IBD,PRD-0042,17,17,0
2025-06-30,WH-ABJ,PRD-0042,13,13,0
2025-06-30,WH-PHC,PRD-0042,10,10,0
2025-06-30,WH-LAG1,PRD-0043,28,28,0
2025-06-30,WH-LAG2,PRD-0043,42,42,0
2025-06-30,WH-IBD,PRD-0043,52,52,0
2025-06-30,WH-ABJ,PRD-0043,62,62,0
2025-06-30,WH-PHC,PRD-0043,49,49,0
2025-06-30,WH-LAG1,PRD-0044,0,0,0
2025-06-30,WH-LAG2,PRD-0044,10,10,0
2025-06-30,WH-IBD,PRD-0044,8,8,0
2025-06-30,WH-ABJ,PRD-0044,5,5,0
2025-06-30,WH-PHC,PRD-0044,8,8,0
2025-06-30,WH-LAG1,PRD-0045,30,30,0
2025-06-30,WH-LAG2,PRD-0045,44,43,-1
2025-06-30,WH-IBD,PRD-0045,61,61,0
2025-06-30,WH-ABJ,PRD-0045,58,58,0
2025-06-30,WH-PHC,PRD-0045,75,75,0
2025-06-30,WH-LAG1,PRD-0046,53,53,0
2025-06-30,WH-LAG2,PRD-0046,11,11,0
2025-06-30,WH-IBD,PRD-0046,58,57,-1
2025-06-30,WH-ABJ,PRD-0046,63,63,0
2025-06-30,WH-PHC,PRD-0046,65,62,-3
2025-06-30,WH-LAG1,PRD-0047,31,31,0
2025-06-30,WH-LAG2,PRD-0047,46,46,0
2025-06-30,WH-IBD,PRD-0047,65,65,0
2025-06-30,WH-ABJ,PRD-0047,45,45,0
2025-06-30,WH-PHC,PRD-0047,69,69,0
2025-06-30,WH-LAG1,PRD-0048,0,0,0
2025-06-30,WH-LAG2,PRD-0048,22,22,0
2025-06-30,WH-IBD,PRD-0048,47,47,0
2025-06-30,WH-ABJ,PRD-0048,33,34,1
2025-06-30,WH-PHC,PRD-0048,53,51,-2
2025-06-30,WH-LAG1,PRD-0049,96,96,0
2025-06-30,WH-LAG2,PRD-0049,64,64,0
2025-06-30,WH-IBD,PRD-0049,49,48,-1
2025-06-30,WH-ABJ,PRD-0049,54,54,0
2025-06-30,WH-PHC,PRD-0049,44,44,0
2025-06-30,WH-LAG1,PRD-0050,99,99,0
2025-06-30,WH-LAG2,PRD-0050,11,11,0
2025-06-30,WH-IBD,PRD-0050,36,36,0
2025-06-30,WH-ABJ,PRD-0050,32,32,0
2025-06-30,WH-PHC,PRD-0050,17,17,0
2025-06-30,WH-LAG1,PRD-0051,211,211,0
2025-06-30,WH-LAG2,PRD-0051,133,133,0
2025-06-30,WH-IBD,PRD-0051,148,148,0
2025-06-30,WH-ABJ,PRD-0051,67,67,0
2025-06-30,WH-PHC,PRD-0051,143,143,0
2025-06-30,WH-LAG1,PRD-0052,2,2,0
2025-06-30,WH-LAG2,PRD-0052,13,12,-1
2025-06-30,WH-IBD,PRD-0052,9,8,-1
2025-06-30,WH-ABJ,PRD-0052,15,15,0
2025-06-30,WH-PHC,PRD-0052,6,5,-1
2025-06-30,WH-LAG1,PRD-0053,36,36,0
2025-06-30,WH-LAG2,PRD-0053,29,29,0
2025-06-30,WH-IBD,PRD-0053,13,12,-1
2025-06-30,WH-ABJ,PRD-0053,22,22,0
2025-06-30,WH-PHC,PRD-0053,7,7,0
2025-06-30,WH-LAG1,PRD-0054,20,20,0
2025-06-30,WH-LAG2,PRD-0054,13,13,0
2025-06-30,WH-IBD,PRD-0054,35,35,0
2025-06-30,WH-ABJ,PRD-0054,42,42,0
2025-06-30,WH-PHC,PRD-0054,25,25,0
2025-06-30,WH-LAG1,PRD-0055,65,62,-3
2025-06-30,WH-LAG2,PRD-0055,41,42,1
2025-06-30,WH-IBD,PRD-0055,52,52,0
2025-06-30,WH-ABJ,PRD-0055,45,45,0
2025-06-30,WH-PHC,PRD-0055,36,36,0
2025-06-30,WH-LAG1,PRD-0056,16,16,0
2025-06-30,WH-LAG2,PRD-0056,56,57,1
2025-06-30,WH-IBD,PRD-0056,12,12,0
2025-06-30,WH-ABJ,PRD-0056,45,45,0
2025-06-30,WH-PHC,PRD-0056,21,21,0
2025-06-30,WH-LAG1,PRD-0057,302,306,4
2025-06-30,WH-LAG2,PRD-0057,95,94,-1
2025-06-30,WH-IBD,PRD-0057,125,125,0
2025-06-30,WH-ABJ,PRD-0057,49,49,0
2025-06-30,WH-PHC,PRD-0057,191,191,0
2025-06-30,WH-LAG1,PRD-0058,25,25,0
2025-06-30,WH-LAG2,PRD-0058,24,24,0
2025-06-30,WH-IBD,PRD-0058,33,33,0
2025-06-30,WH-ABJ,PRD-0058,75,74,-1
2025-06-30,WH-PHC,PRD-0058,24,24,0
2025-06-30,WH-LAG1,PRD-0059,85,85,0
2025-06-30,WH-LAG2,PRD-0059,45,45,0
2025-06-30,WH-IBD,PRD-0059,33,33,0
2025-06-30,WH-ABJ,PRD-0059,14,14,0
2025-06-30,WH-PHC,PRD-0059,58,58,0
2025-06-30,WH-LAG1,PRD-0060,111,111,0
2025-06-30,WH-LAG2,PRD-0060,28,28,0
2025-06-30,WH-IBD,PRD-0060,125,125,0
2025-06-30,WH-ABJ,PRD-0060,87,89,2
2025-06-30,WH-PHC,PRD-0060,109,109,0
2025-06-30,WH-LAG1,PRD-0061,277,268,-9
2025-06-30,WH-LAG2,PRD-0061,153,153,0
2025-06-30,WH-IBD,PRD-0061,96,96,0
2025-06-30,WH-ABJ,PRD-0061,77,77,0
2025-06-30,WH-PHC,PRD-0061,119,119,0
2025-06-30,WH-LAG1,PRD-0062,97,97,0
2025-06-30,WH-LAG2,PRD-0062,125,125,0
2025-06-30,WH-IBD,PRD-0062,86,86,0
2025-06-30,WH-ABJ,PRD-0062,99,99,0
2025-06-30,WH-PHC,PRD-0062,128,128,0
2025-06-30,WH-LAG1,PRD-0063,79,79,0
2025-06-30,WH-LAG2,PRD-0063,25,25,0
2025-06-30,WH-IBD,PRD-0063,80,80,0
2025-06-30,WH-ABJ,PRD-0063,16,15,-1
2025-06-30,WH-PHC,PRD-0063,78,78,0
2025-06-30,WH-LAG1,PRD-0064,58,60,2
2025-06-30,WH-LAG2,PRD-0064,17,17,0
2025-06-30,WH-IBD,PRD-0064,71,71,0
2025-06-30,WH-ABJ,PRD-0064,170,170,0
2025-06-30,WH-PHC,PRD-0064,6,6,0
2025-06-30,WH-LAG1,PRD-0065,45,45,0
2025-06-30,WH-LAG2,PRD-0065,69,69,0
2025-06-30,WH-IBD,PRD-0065,37,37,0
2025-06-30,WH-ABJ,PRD-0065,87,87,0
2025-06-30,WH-PHC,PRD-0065,62,62,0
2025-06-30,WH-LAG1,PRD-0066,11,11,0
2025-06-30,WH-LAG2,PRD-0066,3,3,0
2025-06-30,WH-IBD,PRD-0066,10,10,0
2025-06-30,WH-ABJ,PRD-0066,5,5,0
2025-06-30,WH-PHC,PRD-0066,9,9,0
2025-06-30,WH-LAG1,PRD-0067,171,174,3
2025-06-30,WH-LAG2,PRD-0067,46,46,0
2025-06-30,WH-IBD,PRD-0067,63,63,0
2025-06-30,WH-ABJ,PRD-0067,109,109,0
2025-06-30,WH-PHC,PRD-0067,65,68,3
2025-06-30,WH-LAG1,PRD-0068,157,157,0
2025-06-30,WH-LAG2,PRD-0068,84,84,0
2025-06-30,WH-IBD,PRD-0068,107,107,0
2025-06-30,WH-ABJ,PRD-0068,170,170,0
2025-06-30,WH-PHC,PRD-0068,90,90,0
2025-06-30,WH-LAG1,PRD-0069,38,38,0
2025-06-30,WH-LAG2,PRD-0069,1,1,0
2025-06-30,WH-IBD,PRD-0069,19,19,0
2025-06-30,WH-ABJ,PRD-0069,23,23,0
2025-06-30,WH-PHC,PRD-0069,23,23,0
2025-06-30,WH-LAG1,PRD-0070,91,91,0
2025-06-30,WH-LAG2,PRD-0070,44,44,0
2025-06-30,WH-IBD,PRD-0070,28,27,-1
2025-06-30,WH-ABJ,PRD-0070,45,45,0
2025-06-30,WH-PHC,PRD-0070,14,14,0
2025-06-30,WH-LAG1,PRD-0071,18,18,0
2025-06-30,WH-LAG2,PRD-0071,24,24,0
2025-06-30,WH-IBD,PRD-0071,10,10,0
2025-06-30,WH-ABJ,PRD-0071,14,14,0
2025-06-30,WH-PHC,PRD-0071,18,18,0
2025-06-30,WH-LAG1,PRD-0072,22,22,0
2025-06-30,WH-LAG2,PRD-0072,44,44,0
2025-06-30,WH-IBD,PRD-0072,52,52,0
2025-06-30,WH-ABJ,PRD-0072,16,17,1
2025-06-30,WH-PHC,PRD-0072,40,39,-1
2025-06-30,WH-LAG1,PRD-0073,20,20,0
2025-06-30,WH-LAG2,PRD-0073,17,17,0
2025-06-30,WH-IBD,PRD-0073,20,20,0
2025-06-30,WH-ABJ,PRD-0073,14,14,0
2025-06-30,WH-PHC,PRD-0073,6,6,0
2025-06-30,WH-LAG1,PRD-0074,129,124,-5
2025-06-30,WH-LAG2,PRD-0074,25,25,0
2025-06-30,WH-IBD,PRD-0074,26,26,0
2025-06-30,WH-ABJ,PRD-0074,106,106,0
2025-06-30,WH-PHC,PRD-0074,33,33,0
2025-06-30,WH-LAG1,PRD-0075,48,48,0
2025-06-30,WH-LAG2,PRD-0075,24,24,0
2025-06-30,WH-IBD,PRD-0075,9,9,0
2025-06-30,WH-ABJ,PRD-0075,28,28,0
2025-06-30,WH-PHC,PRD-0075,20,20,0
2025-06-30,WH-LAG1,PRD-0076,150,150,0
2025-06-30,WH-LAG2,PRD-0076,23,23,0
2025-06-30,WH-IBD,PRD-0076,55,55,0
2025-06-30,WH-ABJ,PRD-0076,67,67,0
2025-06-30,WH-PHC,PRD-0076,17,17,0
2025-06-30,WH-LAG1,PRD-0077,254,254,0
2025-06-30,WH-LAG2,PRD-0077,90,90,0
2025-06-30,WH-IBD,PRD-0077,135,135,0
2025-06-30,WH-ABJ,PRD-0077,131,131,0
2025-06-30,WH-PHC,PRD-0077,129,129,0
2025-06-30,WH-LAG1,PRD-0078,177,177,0
2025-06-30,WH-LAG2,PRD-0078,36,36,0
2025-06-30,WH-IBD,PRD-0078,72,72,0
2025-06-30,WH-ABJ,PRD-0078,145,145,0
2025-06-30,WH-PHC,PRD-0078,33,34,1
2025-06-30,WH-LAG1,PRD-0079,111,111,0
2025-06-30,WH-LAG2,PRD-0079,46,45,-1
2025-06-30,WH-IBD,PRD-0079,32,33,1
2025-06-30,WH-ABJ,PRD-0079,74,74,0
2025-06-30,WH-PHC,PRD-0079,81,81,0
2025-06-30,WH-LAG1,PRD-0080,101,103,2
2025-06-30,WH-LAG2,PRD-0080,51,51,0
2025-06-30,WH-IBD,PRD-0080,95,95,0
2025-06-30,WH-ABJ,PRD-0080,10,10,0
2025-06-30,WH-PHC,PRD-0080,77,77,0
2025-06-30,WH-LAG1,PRD-0081,76,76,0
2025-06-30,WH-LAG2,PRD-0081,42,42,0
2025-06-30,WH-IBD,PRD-0081,80,80,0
2025-06-30,WH-ABJ,PRD-0081,75,75,0
2025-06-30,WH-PHC,PRD-0081,83,83,0
2025-06-30,WH-LAG1,PRD-0082,174,174,0
2025-06-30,WH-LAG2,PRD-0082,48,49,1
2025-06-30,WH-IBD,PRD-0082,42,42,0
2025-06-30,WH-ABJ,PRD-0082,87,87,0
2025-06-30,WH-PHC,PRD-0082,103,103,0
2025-06-30,WH-LAG1,PRD-0083,312,312,0
2025-06-30,WH-LAG2,PRD-0083,154,154,0
2025-06-30,WH-IBD,PRD-0083,127,127,0
2025-06-30,WH-ABJ,PRD-0083,76,76,0
2025-06-30,WH-PHC,PRD-0083,172,172,0
2025-06-30,WH-LAG1,PRD-0084,110,110,0
2025-06-30,WH-LAG2,PRD-0084,151,151,0
2025-06-30,WH-IBD,PRD-0084,61,61,0
2025-06-30,WH-ABJ,PRD-0084,121,121,0
2025-06-30,WH-PHC,PRD-0084,55,55,0
2025-06-30,WH-LAG1,PRD-0085,43,43,0
2025-06-30,WH-LAG2,PRD-0085,39,39,0
2025-06-30,WH-IBD,PRD-0085,8,8,0
2025-06-30,WH-ABJ,PRD-0085,124,124,0
2025-06-30,WH-PHC,PRD-0085,53,53,0
2025-06-30,WH-LAG1,PRD-0086,462,462,0
2025-06-30,WH-LAG2,PRD-0086,179,179,0
2025-06-30,WH-IBD,PRD-0086,176,176,0
2025-06-30,WH-ABJ,PRD-0086,143,143,0
2025-06-30,WH-PHC,PRD-0086,105,105,0
2025-06-30,WH-LAG1,PRD-0087,21,21,0
2025-06-30,WH-LAG2,PRD-0087,26,26,0
2025-06-30,WH-IBD,PRD-0087,23,23,0
2025-06-30,WH-ABJ,PRD-0087,5,5,0
2025-06-30,WH-PHC,PRD-0087,8,8,0
2025-06-30,WH-LAG1,PRD-0088,10,10,0
2025-06-30,WH-LAG2,PRD-0088,22,23,1
2025-06-30,WH-IBD,PRD-0088,9,9,0
2025-06-30,WH-ABJ,PRD-0088,34,35,1
2025-06-30,WH-PHC,PRD-0088,45,45,0
2025-06-30,WH-LAG1,PRD-0089,11,11,0
2025-06-30,WH-LAG2,PRD-0089,22,22,0
2025-06-30,WH-IBD,PRD-0089,45,45,0
2025-06-30,WH-ABJ,PRD-0089,31,30,-1
2025-06-30,WH-PHC,PRD-0089,23,23,0
2025-06-30,WH-LAG1,PRD-0090,1974,1974,0
2025-06-30,WH-LAG2,PRD-0090,208,208,0
2025-06-30,WH-IBD,PRD-0090,520,520,0
2025-06-30,WH-ABJ,PRD-0090,1519,1519,0
2025-06-30,WH-PHC,PRD-0090,368,374,6
2025-06-30,WH-LAG1,PRD-0091,4,4,0
2025-06-30,WH-LAG2,PRD-0091,19,19,0
2025-06-30,WH-IBD,PRD-0091,72,72,0
2025-06-30,WH-ABJ,PRD-0091,90,90,0
2025-06-30,WH-PHC,PRD-0091,124,124,0
2025-06-30,WH-LAG1,PRD-0092,60,60,0
2025-06-30,WH-LAG2,PRD-0092,30,30,0
2025-06-30,WH-IBD,PRD-0092,37,37,0
2025-06-30,WH-ABJ,PRD-0092,41,41,0
2025-06-30,WH-PHC,PRD-0092,21,21,0
2025-06-30,WH-LAG1,PRD-0093,216,216,0
2025-06-30,WH-LAG2,PRD-0093,92,92,0
2025-06-30,WH-IBD,PRD-0093,62,62,0
2025-06-30,WH-ABJ,PRD-0093,174,174,0
2025-06-30,WH-PHC,PRD-0093,135,135,0
2025-06-30,WH-LAG1,PRD-0094,27,27,0
2025-06-30,WH-LAG2,PRD-0094,25,25,0
2025-06-30,WH-IBD,PRD-0094,14,14,0
2025-06-30,WH-ABJ,PRD-0094,3,2,-1
2025-06-30,WH-PHC,PRD-0094,20,20,0
2025-06-30,WH-LAG1,PRD-0095,25,26,1
2025-06-30,WH-LAG2,PRD-0095,14,14,0
2025-06-30,WH-IBD,PRD-0095,22,22,0
2025-06-30,WH-ABJ,PRD-0095,35,35,0
2025-06-30,WH-PHC,PRD-0095,20,20,0
2025-06-30,WH-LAG1,PRD-0096,27,28,1
2025-06-30,WH-LAG2,PRD-0096,16,17,1
2025-06-30,WH-IBD,PRD-0096,14,14,0
2025-06-30,WH-ABJ,PRD-0096,12,12,0
2025-06-30,WH-PHC,PRD-0096,9,9,0
2025-06-30,WH-LAG1,PRD-0097,43,43,0
2025-06-30,WH-LAG2,PRD-0097,10,10,0
2025-06-30,WH-IBD,PRD-0097,26,26,0
2025-06-30,WH-ABJ,PRD-0097,4,4,0
2025-06-30,WH-PHC,PRD-0097,30,30,0
2025-06-30,WH-LAG1,PRD-0098,435,435,0
2025-06-30,WH-LAG2,PRD-0098,144,138,-6
2025-06-30,WH-IBD,PRD-0098,108,107,-1
2025-06-30,WH-ABJ,PRD-0098,89,89,0
2025-06-30,WH-PHC,PRD-0098,67,69,2
2025-06-30,WH-LAG1,PRD-0099,9,8,-1
2025-06-30,WH-LAG2,PRD-0099,16,16,0
2025-06-30,WH-IBD,PRD-0099,6,6,0
2025-06-30,WH-ABJ,PRD-0099,39,40,1
2025-06-30,WH-PHC,PRD-0099,30,30,0
2025-06-30,WH-LAG1,PRD-0100,153,153,0
2025-06-30,WH-LAG2,PRD-0100,74,75,1
2025-06-30,WH-IBD,PRD-0100,211,211,0
2025-06-30,WH-ABJ,PRD-0100,398,398,0
2025-06-30,WH-PHC,PRD-0100,140,140,0
2025-06-30,WH-LAG1,PRD-0101,17,17,0
2025-06-30,WH-LAG2,PRD-0101,8,8,0
2025-06-30,WH-IBD,PRD-0101,23,24,1
2025-06-30,WH-ABJ,PRD-0101,32,31,-1
2025-06-30,WH-PHC,PRD-0101,11,11,0
2025-06-30,WH-LAG1,PRD-0102,115,115,0
2025-06-30,WH-LAG2,PRD-0102,32,32,0
2025-06-30,WH-IBD,PRD-0102,57,57,0
2025-06-30,WH-ABJ,PRD-0102,88,88,0
2025-06-30,WH-PHC,PRD-0102,76,76,0
2025-06-30,WH-LAG1,PRD-0103,197,197,0
2025-06-30,WH-LAG2,PRD-0103,48,48,0
2025-06-30,WH-IBD,PRD-0103,51,51,0
2025-06-30,WH-ABJ,PRD-0103,51,51,0
2025-06-30,WH-PHC,PRD-0103,18,18,0
2025-06-30,WH-LAG1,PRD-0104,18,18,0
2025-06-30,WH-LAG2,PRD-0104,19,19,0
2025-06-30,WH-IBD,PRD-0104,8,8,0
2025-06-30,WH-ABJ,PRD-0104,45,45,0
2025-06-30,WH-PHC,PRD-0104,27,27,0
2025-06-30,WH-LAG1,PRD-0105,54,54,0
2025-06-30,WH-LAG2,PRD-0105,39,39,0
2025-06-30,WH-IBD,PRD-0105,12,12,0
2025-06-30,WH-ABJ,PRD-0105,40,40,0
2025-06-30,WH-PHC,PRD-0105,37,37,0
2025-06-30,WH-LAG1,PRD-0106,51,51,0
2025-06-30,WH-LAG2,PRD-0106,6,7,1
2025-06-30,WH-IBD,PRD-0106,8,8,0
2025-06-30,WH-ABJ,PRD-0106,21,21,0
2025-06-30,WH-PHC,PRD-0106,12,12,0
2025-06-30,WH-LAG1,PRD-0107,5,5,0
2025-06-30,WH-LAG2,PRD-0107,33,33,0
2025-06-30,WH-IBD,PRD-0107,31,31,0
2025-06-30,WH-ABJ,PRD-0107,31,31,0
2025-06-30,WH-PHC,PRD-0107,16,16,0
2025-06-30,WH-LAG1,PRD-0108,215,215,0
2025-06-30,WH-LAG2,PRD-0108,59,59,0
2025-06-30,WH-IBD,PRD-0108,48,48,0
2025-06-30,WH-ABJ,PRD-0108,93,93,0
2025-06-30,WH-PHC,PRD-0108,220,220,0
2025-06-30,WH-LAG1,PRD-0109,126,126,0
2025-06-30,WH-LAG2,PRD-0109,36,36,0
2025-06-30,WH-IBD,PRD-0109,25,24,-1
2025-06-30,WH-ABJ,PRD-0109,111,111,0
2025-06-30,WH-PHC,PRD-0109,66,66,0
2025-06-30,WH-LAG1,PRD-0110,49,49,0
2025-06-30,WH-LAG2,PRD-0110,11,11,0
2025-06-30,WH-IBD,PRD-0110,12,12,0
2025-06-30,WH-ABJ,PRD-0110,14,14,0
2025-06-30,WH-PHC,PRD-0110,33,33,0
2025-06-30,WH-LAG1,PRD-0111,121,121,0
2025-06-30,WH-LAG2,PRD-0111,22,22,0
2025-06-30,WH-IBD,PRD-0111,17,17,0
2025-06-30,WH-ABJ,PRD-0111,105,105,0
2025-06-30,WH-PHC,PRD-0111,42,42,0
2025-06-30,WH-LAG1,PRD-0112,19,19,0
2025-06-30,WH-LAG2,PRD-0112,0,0,0
2025-06-30,WH-IBD,PRD-0112,12,12,0
2025-06-30,WH-ABJ,PRD-0112,33,33,0
2025-06-30,WH-PHC,PRD-0112,21,21,0
2025-06-30,WH-LAG1,PRD-0113,243,243,0
2025-06-30,WH-LAG2,PRD-0113,29,29,0
2025-06-30,WH-IBD,PRD-0113,0,0,0
2025-06-30,WH-ABJ,PRD-0113,21,22,1
2025-06-30,WH-PHC,PRD-0113,70,70,0
2025-06-30,WH-LAG1,PRD-0114,25,25,0
2025-06-30,WH-LAG2,PRD-0114,10,10,0
2025-06-30,WH-IBD,PRD-0114,20,19,-1
2025-06-30,WH-ABJ,PRD-0114,14,13,-1
2025-06-30,WH-PHC,PRD-0114,6,6,0
2025-06-30,WH-LAG1,PRD-0115,39,39,0
2025-06-30,WH-LAG2,PRD-0115,61,61,0
2025-06-30,WH-IBD,PRD-0115,63,63,0
2025-06-30,WH-ABJ,PRD-0115,63,63,0
2025-06-30,WH-PHC,PRD-0115,68,68,0
2025-06-30,WH-LAG1,PRD-0116,52,52,0
2025-06-30,WH-LAG2,PRD-0116,63,63,0
2025-06-30,WH-IBD,PRD-0116,18,18,0
2025-06-30,WH-ABJ,PRD-0116,56,56,0
2025-06-30,WH-PHC,PRD-0116,13,13,0
2025-06-30,WH-LAG1,PRD-0117,64,63,-1
2025-06-30,WH-LAG2,PRD-0117,66,66,0
2025-06-30,WH-IBD,PRD-0117,60,60,0
2025-06-30,WH-ABJ,PRD-0117,91,91,0
2025-06-30,WH-PHC,PRD-0117,13,13,0
2025-06-30,WH-LAG1,PRD-0118,335,335,0
2025-06-30,WH-LAG2,PRD-0118,19,19,0
2025-06-30,WH-IBD,PRD-0118,129,134,5
2025-06-30,WH-ABJ,PRD-0118,42,42,0
2025-06-30,WH-PHC,PRD-0118,39,39,0
2025-06-30,WH-LAG1,PRD-0119,36,36,0
2025-06-30,WH-LAG2,PRD-0119,7,7,0
2025-06-30,WH-IBD,PRD-0119,12,12,0
2025-06-30,WH-ABJ,PRD-0119,2,2,0
2025-06-30,WH-PHC,PRD-0119,20,19,-1
2025-06-30,WH-LAG1,PRD-0120,165,165,0
2025-06-30,WH-LAG2,PRD-0120,48,48,0
2025-06-30,WH-IBD,PRD-0120,146,146,0
2025-06-30,WH-ABJ,PRD-0120,138,138,0
2025-06-30,WH-PHC,PRD-0120,75,75,0
2025-06-30,WH-LAG1,PRD-0121,334,334,0
2025-06-30,WH-LAG2,PRD-0121,39,39,0
2025-06-30,WH-IBD,PRD-0121,90,90,0
2025-06-30,WH-ABJ,PRD-0121,111,111,0
2025-06-30,WH-PHC,PRD-0121,82,82,0
2025-06-30,WH-LAG1,PRD-0122,167,167,0
2025-06-30,WH-LAG2,PRD-0122,31,31,0
2025-06-30,WH-IBD,PRD-0122,121,122,1
2025-06-30,WH-ABJ,PRD-0122,109,106,-3
2025-06-30,WH-PHC,PRD-0122,107,107,0
2025-06-30,WH-LAG1,PRD-0123,131,131,0
2025-06-30,WH-LAG2,PRD-0123,88,88,0
2025-06-30,WH-IBD,PRD-0123,65,65,0
2025-06-30,WH-ABJ,PRD-0123,97,97,0
2025-06-30,WH-PHC,PRD-0123,46,46,0
2025-06-30,WH-LAG1,PRD-0124,45,45,0
2025-06-30,WH-LAG2,PRD-0124,22,22,0
2025-06-30,WH-IBD,PRD-0124,28,28,0
2025-06-30,WH-ABJ,PRD-0124,80,80,0
2025-06-30,WH-PHC,PRD-0124,39,39,0
2025-06-30,WH-LAG1,PRD-0125,419,419,0
2025-06-30,WH-LAG2,PRD-0125,227,222,-5
2025-06-30,WH-IBD,PRD-0125,70,70,0
2025-06-30,WH-ABJ,PRD-0125,246,246,0
2025-06-30,WH-PHC,PRD-0125,142,142,0
2025-06-30,WH-LAG1,PRD-0126,64,64,0
2025-06-30,WH-LAG2,PRD-0126,15,15,0
2025-06-30,WH-IBD,PRD-0126,49,49,0
2025-06-30,WH-ABJ,PRD-0126,38,38,0
2025-06-30,WH-PHC,PRD-0126,32,32,0
2025-06-30,WH-LAG1,PRD-0127,66,65,-1
2025-06-30,WH-LAG2,PRD-0127,36,35,-1
2025-06-30,WH-IBD,PRD-0127,30,30,0
2025-06-30,WH-ABJ,PRD-0127,28,29,1
2025-06-30,WH-PHC,PRD-0127,28,28,0
2025-06-30,WH-LAG1,PRD-0128,105,105,0
2025-06-30,WH-LAG2,PRD-0128,53,53,0
2025-06-30,WH-IBD,PRD-0128,20,20,0
2025-06-30,WH-ABJ,PRD-0128,107,106,-1
2025-06-30,WH-PHC,PRD-0128,10,10,0
2025-06-30,WH-LAG1,PRD-0129,20,20,0
2025-06-30,WH-LAG2,PRD-0129,17,17,0
2025-06-30,WH-IBD,PRD-0129,8,8,0
2025-06-30,WH-ABJ,PRD-0129,18,18,0
2025-06-30,WH-PHC,PRD-0129,19,19,0
2025-06-30,WH-LAG1,PRD-0130,55,55,0
2025-06-30,WH-LAG2,PRD-0130,5,5,0
2025-06-30,WH-IBD,PRD-0130,31,30,-1
2025-06-30,WH-ABJ,PRD-0130,37,37,0
2025-06-30,WH-PHC,PRD-0130,14,14,0
2025-06-30,WH-LAG1,PRD-0131,203,203,0
2025-06-30,WH-LAG2,PRD-0131,43,43,0
2025-06-30,WH-IBD,PRD-0131,112,112,0
2025-06-30,WH-ABJ,PRD-0131,78,80,2
2025-06-30,WH-PHC,PRD-0131,95,95,0
2025-06-30,WH-LAG1,PRD-0132,92,92,0
2025-06-30,WH-LAG2,PRD-0132,39,39,0
2025-06-30,WH-IBD,PRD-0132,23,24,1
2025-06-30,WH-ABJ,PRD-0132,78,78,0
2025-06-30,WH-PHC,PRD-0132,12,12,0
2025-06-30,WH-LAG1,PRD-0133,54,54,0
2025-06-30,WH-LAG2,PRD-0133,10,10,0
2025-06-30,WH-IBD,PRD-0133,29,29,0
2025-06-30,WH-ABJ,PRD-0133,40,40,0
2025-06-30,WH-PHC,PRD-0133,5,5,0
2025-06-30,WH-LAG1,PRD-0134,47,47,0
2025-06-30,WH-LAG2,PRD-0134,40,40,0
2025-06-30,WH-IBD,PRD-0134,30,30,0
2025-06-30,WH-ABJ,PRD-0134,42,42,0
2025-06-30,WH-PHC,PRD-0134,50,50,0
2025-06-30,WH-LAG1,PRD-0135,53,53,0
2025-06-30,WH-LAG2,PRD-0135,73,73,0
2025-06-30,WH-IBD,PRD-0135,86,86,0
2025-06-30,WH-ABJ,PRD-0135,235,235,0
2025-06-30,WH-PHC,PRD-0135,143,143,0
2025-06-30,WH-LAG1,PRD-0136,83,83,0
2025-06-30,WH-LAG2,PRD-0136,11,11,0
2025-06-30,WH-IBD,PRD-0136,25,25,0
2025-06-30,WH-ABJ,PRD-0136,52,52,0
2025-06-30,WH-PHC,PRD-0136,60,60,0
2025-06-30,WH-LAG1,PRD-0137,107,110,3
2025-06-30,WH-LAG2,PRD-0137,68,68,0
2025-06-30,WH-IBD,PRD-0137,44,44,0
2025-06-30,WH-ABJ,PRD-0137,101,101,0
2025-06-30,WH-PHC,PRD-0137,27,27,0
2025-06-30,WH-LAG1,PRD-0138,70,70,0
2025-06-30,WH-LAG2,PRD-0138,106,106,0
2025-06-30,WH-IBD,PRD-0138,77,77,0
2025-06-30,WH-ABJ,PRD-0138,47,47,0
2025-06-30,WH-PHC,PRD-0138,91,91,0
2025-06-30,WH-LAG1,PRD-0139,42,42,0
2025-06-30,WH-LAG2,PRD-0139,53,53,0
2025-06-30,WH-IBD,PRD-0139,12,12,0
2025-06-30,WH-ABJ,PRD-0139,94,94,0
2025-06-30,WH-PHC,PRD-0139,57,57,0
2025-06-30,WH-LAG1,PRD-0140,22,22,0
2025-06-30,WH-LAG2,PRD-0140,20,19,-1
2025-06-30,WH-IBD,PRD-0140,56,56,0
2025-06-30,WH-ABJ,PRD-0140,56,56,0
2025-06-30,WH-PHC,PRD-0140,50,50,0
2025-06-30,WH-LAG1,PRD-0141,17,17,0
2025-06-30,WH-LAG2,PRD-0141,25,25,0
2025-06-30,WH-IBD,PRD-0141,51,51,0
2025-06-30,WH-ABJ,PRD-0141,77,77,0
2025-06-30,WH-PHC,PRD-0141,16,16,0
2025-06-30,WH-LAG1,PRD-0142,141,141,0
2025-06-30,WH-LAG2,PRD-0142,124,124,0
2025-06-30,WH-IBD,PRD-0142,88,88,0
2025-06-30,WH-ABJ,PRD-0142,27,28,1
2025-06-30,WH-PHC,PRD-0142,75,75,0
2025-06-30,WH-LAG1,PRD-0143,102,102,0
2025-06-30,WH-LAG2,PRD-0143,48,48,0
2025-06-30,WH-IBD,PRD-0143,32,32,0
2025-06-30,WH-ABJ,PRD-0143,15,15,0
2025-06-30,WH-PHC,PRD-0143,36,36,0
2025-06-30,WH-LAG1,PRD-0144,146,146,0
2025-06-30,WH-LAG2,PRD-0144,61,61,0
2025-06-30,WH-IBD,PRD-0144,59,59,0
2025-06-30,WH-ABJ,PRD-0144,42,42,0
2025-06-30,WH-PHC,PRD-0144,57,57,0
2025-06-30,WH-LAG1,PRD-0145,75,75,0
2025-06-30,WH-LAG2,PRD-0145,28,28,0
2025-06-30,WH-IBD,PRD-0145,43,43,0
2025-06-30,WH-ABJ,PRD-0145,106,106,0
2025-06-30,WH-PHC,PRD-0145,78,78,0
2025-06-30,WH-LAG1,PRD-0146,92,92,0
2025-06-30,WH-LAG2,PRD-0146,53,54,1
2025-06-30,WH-IBD,PRD-0146,37,37,0
2025-06-30,WH-ABJ,PRD-0146,42,42,0
2025-06-30,WH-PHC,PRD-0146,26,26,0
2025-06-30,WH-LAG1,PRD-0147,98,98,0
2025-06-30,WH-LAG2,PRD-0147,57,57,0
2025-06-30,WH-IBD,PRD-0147,24,25,1
2025-06-30,WH-ABJ,PRD-0147,39,39,0
2025-06-30,WH-PHC,PRD-0147,49,49,0
2025-06-30,WH-LAG1,PRD-0148,38,38,0
2025-06-30,WH-LAG2,PRD-0148,41,41,0
2025-06-30,WH-IBD,PRD-0148,37,37,0
2025-06-30,WH-ABJ,PRD-0148,58,58,0
2025-06-30,WH-PHC,PRD-0148,25,25,0
2025-06-30,WH-LAG1,PRD-0149,31,31,0
2025-06-30,WH-LAG2,PRD-0149,18,19,1
2025-06-30,WH-IBD,PRD-0149,19,19,0
2025-06-30,WH-ABJ,PRD-0149,28,28,0
2025-06-30,WH-PHC,PRD-0149,20,20,0
2025-06-30,WH-LAG1,PRD-0150,166,166,0
2025-06-30,WH-LAG2,PRD-0150,69,69,0
2025-06-30,WH-IBD,PRD-0150,71,71,0
2025-06-30,WH-ABJ,PRD-0150,76,76,0
2025-06-30,WH-PHC,PRD-0150,53,53,0
2025-06-30,WH-LAG1,PRD-0151,1662,1662,0
2025-06-30,WH-LAG2,PRD-0151,378,385,7
2025-06-30,WH-IBD,PRD-0151,284,284,0
2025-06-30,WH-ABJ,PRD-0151,587,587,0
2025-06-30,WH-PHC,PRD-0151,577,577,0
2025-06-30,WH-LAG1,PRD-0152,21,21,0
2025-06-30,WH-LAG2,PRD-0152,54,53,-1
2025-06-30,WH-IBD,PRD-0152,48,48,0
2025-06-30,WH-ABJ,PRD-0152,30,30,0
2025-06-30,WH-PHC,PRD-0152,6,6,0
2025-06-30,WH-LAG1,PRD-0153,192,192,0
2025-06-30,WH-LAG2,PRD-0153,152,152,0
2025-06-30,WH-IBD,PRD-0153,136,136,0
2025-06-30,WH-ABJ,PRD-0153,140,140,0
2025-06-30,WH-PHC,PRD-0153,159,159,0
2025-06-30,WH-LAG1,PRD-0154,49,49,0
2025-06-30,WH-LAG2,PRD-0154,15,15,0
2025-06-30,WH-IBD,PRD-0154,19,20,1
2025-06-30,WH-ABJ,PRD-0154,66,66,0
2025-06-30,WH-PHC,PRD-0154,68,68,0
2025-06-30,WH-LAG1,PRD-0155,52,52,0
2025-06-30,WH-LAG2,PRD-0155,21,21,0
2025-06-30,WH-IBD,PRD-0155,55,55,0
2025-06-30,WH-ABJ,PRD-0155,90,90,0
2025-06-30,WH-PHC,PRD-0155,53,53,0
2025-06-30,WH-LAG1,PRD-0156,217,217,0
2025-06-30,WH-LAG2,PRD-0156,62,62,0
2025-06-30,WH-IBD,PRD-0156,183,183,0
2025-06-30,WH-ABJ,PRD-0156,252,261,9
2025-06-30,WH-PHC,PRD-0156,118,122,4
2025-06-30,WH-LAG1,PRD-0157,49,49,0
2025-06-30,WH-LAG2,PRD-0157,53,53,0
2025-06-30,WH-IBD,PRD-0157,48,48,0
2025-06-30,WH-ABJ,PRD-0157,39,39,0
2025-06-30,WH-PHC,PRD-0157,47,48,1
2025-06-30,WH-LAG1,PRD-0158,30,29,-1
2025-06-30,WH-LAG2,PRD-0158,7,7,0
2025-06-30,WH-IBD,PRD-0158,31,31,0
2025-06-30,WH-ABJ,PRD-0158,17,17,0
2025-06-30,WH-PHC,PRD-0158,32,32,0
2025-06-30,WH-LAG1,PRD-0159,73,73,0
2025-06-30,WH-LAG2,PRD-0159,44,44,0
2025-06-30,WH-IBD,PRD-0159,55,55,0
2025-06-30,WH-ABJ,PRD-0159,66,66,0
2025-06-30,WH-PHC,PRD-0159,60,59,-1
2025-06-30,WH-LAG1,PRD-0160,237,237,0
2025-06-30,WH-LAG2,PRD-0160,102,102,0
2025-06-30,WH-IBD,PRD-0160,59,59,0
2025-06-30,WH-ABJ,PRD-0160,95,95,0
2025-06-30,WH-PHC,PRD-0160,193,193,0
2025-06-30,WH-LAG1,PRD-0161,520,501,-19
2025-06-30,WH-LAG2,PRD-0161,115,115,0
2025-06-30,WH-IBD,PRD-0161,158,158,0
2025-06-30,WH-ABJ,PRD-0161,138,138,0
2025-06-30,WH-PHC,PRD-0161,155,155,0
2025-06-30,WH-LAG1,PRD-0162,81,81,0
2025-06-30,WH-LAG2,PRD-0162,55,54,-1
2025-06-30,WH-IBD,PRD-0162,39,39,0
2025-06-30,WH-ABJ,PRD-0162,45,45,0
2025-06-30,WH-PHC,PRD-0162,28,28,0
2025-06-30,WH-LAG1,PRD-0163,78,78,0
2025-06-30,WH-LAG2,PRD-0163,44,44,0
2025-06-30,WH-IBD,PRD-0163,56,56,0
2025-06-30,WH-ABJ,PRD-0163,83,83,0
2025-06-30,WH-PHC,PRD-0163,11,11,0
2025-06-30,WH-LAG1,PRD-0164,62,62,0
2025-06-30,WH-LAG2,PRD-0164,5,5,0
2025-06-30,WH-IBD,PRD-0164,51,51,0
2025-06-30,WH-ABJ,PRD-0164,31,31,0
2025-06-30,WH-PHC,PRD-0164,46,46,0
2025-06-30,WH-LAG1,PRD-0165,194,194,0
2025-06-30,WH-LAG2,PRD-0165,76,76,0
2025-06-30,WH-IBD,PRD-0165,77,77,0
2025-06-30,WH-ABJ,PRD-0165,71,71,0
2025-06-30,WH-PHC,PRD-0165,147,147,0
2025-06-30,WH-LAG1,PRD-0166,95,95,0
2025-06-30,WH-LAG2,PRD-0166,158,158,0
2025-06-30,WH-IBD,PRD-0166,90,90,0
2025-06-30,WH-ABJ,PRD-0166,117,117,0
2025-06-30,WH-PHC,PRD-0166,130,130,0
2025-06-30,WH-LAG1,PRD-0167,61,61,0
2025-06-30,WH-LAG2,PRD-0167,16,16,0
2025-06-30,WH-IBD,PRD-0167,30,30,0
2025-06-30,WH-ABJ,PRD-0167,14,14,0
2025-06-30,WH-PHC,PRD-0167,37,37,0
2025-06-30,WH-LAG1,PRD-0168,46,46,0
2025-06-30,WH-LAG2,PRD-0168,29,29,0
2025-06-30,WH-IBD,PRD-0168,20,20,0
2025-06-30,WH-ABJ,PRD-0168,49,49,0
2025-06-30,WH-PHC,PRD-0168,9,9,0
2025-06-30,WH-LAG1,PRD-0169,72,72,0
2025-06-30,WH-LAG2,PRD-0169,56,56,0
2025-06-30,WH-IBD,PRD-0169,27,27,0
2025-06-30,WH-ABJ,PRD-0169,54,54,0
2025-06-30,WH-PHC,PRD-0169,7,7,0
2025-06-30,WH-LAG1,PRD-0170,120,115,-5
2025-06-30,WH-LAG2,PRD-0170,41,41,0
2025-06-30,WH-IBD,PRD-0170,57,57,0
2025-06-30,WH-ABJ,PRD-0170,40,40,0
2025-06-30,WH-PHC,PRD-0170,59,59,0
2025-07-31,WH-LAG1,PRD-0001,58,58,0
2025-07-31,WH-LAG2,PRD-0001,0,0,0
2025-07-31,WH-IBD,PRD-0001,7,7,0
2025-07-31,WH-ABJ,PRD-0001,51,51,0
2025-07-31,WH-PHC,PRD-0001,33,33,0
2025-07-31,WH-LAG1,PRD-0002,19,19,0
2025-07-31,WH-LAG2,PRD-0002,21,21,0
2025-07-31,WH-IBD,PRD-0002,11,11,0
2025-07-31,WH-ABJ,PRD-0002,29,28,-1
2025-07-31,WH-PHC,PRD-0002,26,26,0
2025-07-31,WH-LAG1,PRD-0003,36,36,0
2025-07-31,WH-LAG2,PRD-0003,16,16,0
2025-07-31,WH-IBD,PRD-0003,7,7,0
2025-07-31,WH-ABJ,PRD-0003,20,19,-1
2025-07-31,WH-PHC,PRD-0003,16,16,0
2025-07-31,WH-LAG1,PRD-0004,199,199,0
2025-07-31,WH-LAG2,PRD-0004,142,142,0
2025-07-31,WH-IBD,PRD-0004,197,197,0
2025-07-31,WH-ABJ,PRD-0004,117,117,0
2025-07-31,WH-PHC,PRD-0004,58,58,0
2025-07-31,WH-LAG1,PRD-0005,119,119,0
2025-07-31,WH-LAG2,PRD-0005,70,70,0
2025-07-31,WH-IBD,PRD-0005,47,47,0
2025-07-31,WH-ABJ,PRD-0005,0,0,0
2025-07-31,WH-PHC,PRD-0005,46,46,0
2025-07-31,WH-LAG1,PRD-0006,29,29,0
2025-07-31,WH-LAG2,PRD-0006,40,40,0
2025-07-31,WH-IBD,PRD-0006,13,13,0
2025-07-31,WH-ABJ,PRD-0006,15,15,0
2025-07-31,WH-PHC,PRD-0006,26,26,0
2025-07-31,WH-LAG1,PRD-0007,40,40,0
2025-07-31,WH-LAG2,PRD-0007,102,102,0
2025-07-31,WH-IBD,PRD-0007,125,125,0
2025-07-31,WH-ABJ,PRD-0007,102,102,0
2025-07-31,WH-PHC,PRD-0007,102,102,0
2025-07-31,WH-LAG1,PRD-0008,84,84,0
2025-07-31,WH-LAG2,PRD-0008,39,39,0
2025-07-31,WH-IBD,PRD-0008,9,9,0
2025-07-31,WH-ABJ,PRD-0008,63,63,0
2025-07-31,WH-PHC,PRD-0008,32,32,0
2025-07-31,WH-LAG1,PRD-0009,44,44,0
2025-07-31,WH-LAG2,PRD-0009,38,38,0
2025-07-31,WH-IBD,PRD-0009,24,23,-1
2025-07-31,WH-ABJ,PRD-0009,31,31,0
2025-07-31,WH-PHC,PRD-0009,31,32,1
2025-07-31,WH-LAG1,PRD-0010,39,39,0
2025-07-31,WH-LAG2,PRD-0010,16,16,0
2025-07-31,WH-IBD,PRD-0010,9,9,0
2025-07-31,WH-ABJ,PRD-0010,11,11,0
2025-07-31,WH-PHC,PRD-0010,25,25,0
2025-07-31,WH-LAG1,PRD-0011,157,157,0
2025-07-31,WH-LAG2,PRD-0011,100,100,0
2025-07-31,WH-IBD,PRD-0011,96,96,0
2025-07-31,WH-ABJ,PRD-0011,15,14,-1
2025-07-31,WH-PHC,PRD-0011,118,118,0
2025-07-31,WH-LAG1,PRD-0012,28,28,0
2025-07-31,WH-LAG2,PRD-0012,49,49,0
2025-07-31,WH-IBD,PRD-0012,10,10,0
2025-07-31,WH-ABJ,PRD-0012,54,54,0
2025-07-31,WH-PHC,PRD-0012,42,43,1
2025-07-31,WH-LAG1,PRD-0013,35,35,0
2025-07-31,WH-LAG2,PRD-0013,26,26,0
2025-07-31,WH-IBD,PRD-0013,26,26,0
2025-07-31,WH-ABJ,PRD-0013,31,31,0
2025-07-31,WH-PHC,PRD-0013,26,26,0
2025-07-31,WH-LAG1,PRD-0014,22,22,0
2025-07-31,WH-LAG2,PRD-0014,16,16,0
2025-07-31,WH-IBD,PRD-0014,17,17,0
2025-07-31,WH-ABJ,PRD-0014,5,5,0
2025-07-31,WH-PHC,PRD-0014,17,17,0
2025-07-31,WH-LAG1,PRD-0015,43,43,0
2025-07-31,WH-LAG2,PRD-0015,45,45,0
2025-07-31,WH-IBD,PRD-0015,32,32,0
2025-07-31,WH-ABJ,PRD-0015,15,15,0
2025-07-31,WH-PHC,PRD-0015,62,62,0
2025-07-31,WH-LAG1,PRD-0016,87,87,0
2025-07-31,WH-LAG2,PRD-0016,133,133,0
2025-07-31,WH-IBD,PRD-0016,40,40,0
2025-07-31,WH-ABJ,PRD-0016,188,188,0
2025-07-31,WH-PHC,PRD-0016,164,164,0
2025-07-31,WH-LAG1,PRD-0017,0,0,0
2025-07-31,WH-LAG2,PRD-0017,20,20,0
2025-07-31,WH-IBD,PRD-0017,46,46,0
2025-07-31,WH-ABJ,PRD-0017,41,42,1
2025-07-31,WH-PHC,PRD-0017,24,25,1
2025-07-31,WH-LAG1,PRD-0018,101,101,0
2025-07-31,WH-LAG2,PRD-0018,87,87,0
2025-07-31,WH-IBD,PRD-0018,89,89,0
2025-07-31,WH-ABJ,PRD-0018,104,104,0
2025-07-31,WH-PHC,PRD-0018,73,73,0
2025-07-31,WH-LAG1,PRD-0019,92,92,0
2025-07-31,WH-LAG2,PRD-0019,98,96,-2
2025-07-31,WH-IBD,PRD-0019,55,54,-1
2025-07-31,WH-ABJ,PRD-0019,103,105,2
2025-07-31,WH-PHC,PRD-0019,93,93,0
2025-07-31,WH-LAG1,PRD-0020,132,128,-4
2025-07-31,WH-LAG2,PRD-0020,44,45,1
2025-07-31,WH-IBD,PRD-0020,94,94,0
2025-07-31,WH-ABJ,PRD-0020,28,28,0
2025-07-31,WH-PHC,PRD-0020,57,57,0
2025-07-31,WH-LAG1,PRD-0021,43,43,0
2025-07-31,WH-LAG2,PRD-0021,67,67,0
2025-07-31,WH-IBD,PRD-0021,40,41,1
2025-07-31,WH-ABJ,PRD-0021,21,21,0
2025-07-31,WH-PHC,PRD-0021,9,9,0
2025-07-31,WH-LAG1,PRD-0022,40,40,0
2025-07-31,WH-LAG2,PRD-0022,0,0,0
2025-07-31,WH-IBD,PRD-0022,11,11,0
2025-07-31,WH-ABJ,PRD-0022,31,31,0
2025-07-31,WH-PHC,PRD-0022,12,13,1
2025-07-31,WH-LAG1,PRD-0023,131,131,0
2025-07-31,WH-LAG2,PRD-0023,30,30,0
2025-07-31,WH-IBD,PRD-0023,39,39,0
2025-07-31,WH-ABJ,PRD-0023,63,63,0
2025-07-31,WH-PHC,PRD-0023,16,16,0
2025-07-31,WH-LAG1,PRD-0024,67,67,0
2025-07-31,WH-LAG2,PRD-0024,6,6,0
2025-07-31,WH-IBD,PRD-0024,22,22,0
2025-07-31,WH-ABJ,PRD-0024,63,63,0
2025-07-31,WH-PHC,PRD-0024,15,15,0
2025-07-31,WH-LAG1,PRD-0025,19,19,0
2025-07-31,WH-LAG2,PRD-0025,43,43,0
2025-07-31,WH-IBD,PRD-0025,35,35,0
2025-07-31,WH-ABJ,PRD-0025,0,0,0
2025-07-31,WH-PHC,PRD-0025,43,43,0
2025-07-31,WH-LAG1,PRD-0026,108,108,0
2025-07-31,WH-LAG2,PRD-0026,76,76,0
2025-07-31,WH-IBD,PRD-0026,53,53,0
2025-07-31,WH-ABJ,PRD-0026,36,36,0
2025-07-31,WH-PHC,PRD-0026,26,26,0
2025-07-31,WH-LAG1,PRD-0027,21,21,0
2025-07-31,WH-LAG2,PRD-0027,16,16,0
2025-07-31,WH-IBD,PRD-0027,19,19,0
2025-07-31,WH-ABJ,PRD-0027,27,26,-1
2025-07-31,WH-PHC,PRD-0027,23,23,0
2025-07-31,WH-LAG1,PRD-0028,90,90,0
2025-07-31,WH-LAG2,PRD-0028,64,64,0
2025-07-31,WH-IBD,PRD-0028,64,64,0
2025-07-31,WH-ABJ,PRD-0028,73,74,1
2025-07-31,WH-PHC,PRD-0028,74,74,0
2025-07-31,WH-LAG1,PRD-0029,53,53,0
2025-07-31,WH-LAG2,PRD-0029,35,35,0
2025-07-31,WH-IBD,PRD-0029,10,10,0
2025-07-31,WH-ABJ,PRD-0029,49,49,0
2025-07-31,WH-PHC,PRD-0029,34,34,0
2025-07-31,WH-LAG1,PRD-0030,30,30,0
2025-07-31,WH-LAG2,PRD-0030,28,28,0
2025-07-31,WH-IBD,PRD-0030,18,18,0
2025-07-31,WH-ABJ,PRD-0030,18,17,-1
2025-07-31,WH-PHC,PRD-0030,15,15,0
2025-07-31,WH-LAG1,PRD-0031,203,203,0
2025-07-31,WH-LAG2,PRD-0031,44,44,0
2025-07-31,WH-IBD,PRD-0031,68,68,0
2025-07-31,WH-ABJ,PRD-0031,198,207,9
2025-07-31,WH-PHC,PRD-0031,34,34,0
2025-07-31,WH-LAG1,PRD-0032,24,24,0
2025-07-31,WH-LAG2,PRD-0032,23,23,0
2025-07-31,WH-IBD,PRD-0032,10,10,0
2025-07-31,WH-ABJ,PRD-0032,27,27,0
2025-07-31,WH-PHC,PRD-0032,6,6,0
2025-07-31,WH-LAG1,PRD-0033,96,97,1
2025-07-31,WH-LAG2,PRD-0033,19,19,0
2025-07-31,WH-IBD,PRD-0033,70,70,0
2025-07-31,WH-ABJ,PRD-0033,44,44,0
2025-07-31,WH-PHC,PRD-0033,68,68,0
2025-07-31,WH-LAG1,PRD-0034,11,11,0
2025-07-31,WH-LAG2,PRD-0034,25,25,0
2025-07-31,WH-IBD,PRD-0034,21,22,1
2025-07-31,WH-ABJ,PRD-0034,37,37,0
2025-07-31,WH-PHC,PRD-0034,13,13,0
2025-07-31,WH-LAG1,PRD-0035,44,44,0
2025-07-31,WH-LAG2,PRD-0035,63,63,0
2025-07-31,WH-IBD,PRD-0035,69,69,0
2025-07-31,WH-ABJ,PRD-0035,33,32,-1
2025-07-31,WH-PHC,PRD-0035,0,0,0
2025-07-31,WH-LAG1,PRD-0036,65,65,0
2025-07-31,WH-LAG2,PRD-0036,19,19,0
2025-07-31,WH-IBD,PRD-0036,30,31,1
2025-07-31,WH-ABJ,PRD-0036,38,38,0
2025-07-31,WH-PHC,PRD-0036,16,16,0
2025-07-31,WH-LAG1,PRD-0037,164,164,0
2025-07-31,WH-LAG2,PRD-0037,106,106,0
2025-07-31,WH-IBD,PRD-0037,35,35,0
2025-07-31,WH-ABJ,PRD-0037,50,50,0
2025-07-31,WH-PHC,PRD-0037,13,13,0
2025-07-31,WH-LAG1,PRD-0038,22,22,0
2025-07-31,WH-LAG2,PRD-0038,8,8,0
2025-07-31,WH-IBD,PRD-0038,13,13,0
2025-07-31,WH-ABJ,PRD-0038,27,27,0
2025-07-31,WH-PHC,PRD-0038,20,20,0
2025-07-31,WH-LAG1,PRD-0039,225,225,0
2025-07-31,WH-LAG2,PRD-0039,45,45,0
2025-07-31,WH-IBD,PRD-0039,69,69,0
2025-07-31,WH-ABJ,PRD-0039,109,109,0
2025-07-31,WH-PHC,PRD-0039,114,114,0
2025-07-31,WH-LAG1,PRD-0040,101,101,0
2025-07-31,WH-LAG2,PRD-0040,57,58,1
2025-07-31,WH-IBD,PRD-0040,40,40,0
2025-07-31,WH-ABJ,PRD-0040,54,54,0
2025-07-31,WH-PHC,PRD-0040,46,46,0
2025-07-31,WH-LAG1,PRD-0041,72,72,0
2025-07-31,WH-LAG2,PRD-0041,42,41,-1
2025-07-31,WH-IBD,PRD-0041,61,61,0
2025-07-31,WH-ABJ,PRD-0041,75,75,0
2025-07-31,WH-PHC,PRD-0041,30,30,0
2025-07-31,WH-LAG1,PRD-0042,26,26,0
2025-07-31,WH-LAG2,PRD-0042,22,21,-1
2025-07-31,WH-IBD,PRD-0042,17,18,1
2025-07-31,WH-ABJ,PRD-0042,13,13,0
2025-07-31,WH-PHC,PRD-0042,10,9,-1
2025-07-31,WH-LAG1,PRD-0043,28,28,0
2025-07-31,WH-LAG2,PRD-0043,42,42,0
2025-07-31,WH-IBD,PRD-0043,52,52,0
2025-07-31,WH-ABJ,PRD-0043,62,62,0
2025-07-31,WH-PHC,PRD-0043,49,49,0
2025-07-31,WH-LAG1,PRD-0044,3,3,0
2025-07-31,WH-LAG2,PRD-0044,0,0,0
2025-07-31,WH-IBD,PRD-0044,8,8,0
2025-07-31,WH-ABJ,PRD-0044,5,5,0
2025-07-31,WH-PHC,PRD-0044,8,8,0
2025-07-31,WH-LAG1,PRD-0045,138,138,0
2025-07-31,WH-LAG2,PRD-0045,40,40,0
2025-07-31,WH-IBD,PRD-0045,50,50,0
2025-07-31,WH-ABJ,PRD-0045,94,94,0
2025-07-31,WH-PHC,PRD-0045,69,69,0
2025-07-31,WH-LAG1,PRD-0046,20,20,0
2025-07-31,WH-LAG2,PRD-0046,57,57,0
2025-07-31,WH-IBD,PRD-0046,57,56,-1
2025-07-31,WH-ABJ,PRD-0046,60,60,0
2025-07-31,WH-PHC,PRD-0046,62,62,0
2025-07-31,WH-LAG1,PRD-0047,101,101,0
2025-07-31,WH-LAG2,PRD-0047,43,43,0
2025-07-31,WH-IBD,PRD-0047,58,58,0
2025-07-31,WH-ABJ,PRD-0047,45,45,0
2025-07-31,WH-PHC,PRD-0047,49,47,-2
2025-07-31,WH-LAG1,PRD-0048,82,82,0
2025-07-31,WH-LAG2,PRD-0048,56,56,0
2025-07-31,WH-IBD,PRD-0048,47,47,0
2025-07-31,WH-ABJ,PRD-0048,24,24,0
2025-07-31,WH-PHC,PRD-0048,39,39,0
2025-07-31,WH-LAG1,PRD-0049,29,29,0
2025-07-31,WH-LAG2,PRD-0049,58,58,0
2025-07-31,WH-IBD,PRD-0049,17,17,0
2025-07-31,WH-ABJ,PRD-0049,50,50,0
2025-07-31,WH-PHC,PRD-0049,57,57,0
2025-07-31,WH-LAG1,PRD-0050,99,99,0
2025-07-31,WH-LAG2,PRD-0050,42,42,0
2025-07-31,WH-IBD,PRD-0050,27,27,0
2025-07-31,WH-ABJ,PRD-0050,14,14,0
2025-07-31,WH-PHC,PRD-0050,47,47,0
2025-07-31,WH-LAG1,PRD-0051,115,115,0
2025-07-31,WH-LAG2,PRD-0051,86,86,0
2025-07-31,WH-IBD,PRD-0051,126,126,0
2025-07-31,WH-ABJ,PRD-0051,145,145,0
2025-07-31,WH-PHC,PRD-0051,120,120,0
2025-07-31,WH-LAG1,PRD-0052,31,31,0
2025-07-31,WH-LAG2,PRD-0052,13,14,1
2025-07-31,WH-IBD,PRD-0052,9,9,0
2025-07-31,WH-ABJ,PRD-0052,5,5,0
2025-07-31,WH-PHC,PRD-0052,0,0,-1
2025-07-31,WH-LAG1,PRD-0053,33,33,0
2025-07-31,WH-LAG2,PRD-0053,29,29,0
2025-07-31,WH-IBD,PRD-0053,7,7,0
2025-07-31,WH-ABJ,PRD-0053,16,15,-1
2025-07-31,WH-PHC,PRD-0053,7,6,-1
2025-07-31,WH-LAG1,PRD-0054,20,20,0
2025-07-31,WH-LAG2,PRD-0054,13,13,0
2025-07-31,WH-IBD,PRD-0054,35,35,0
2025-07-31,WH-ABJ,PRD-0054,39,39,0
2025-07-31,WH-PHC,PRD-0054,25,25,0
2025-07-31,WH-LAG1,PRD-0055,50,52,2
2025-07-31,WH-LAG2,PRD-0055,41,41,0
2025-07-31,WH-IBD,PRD-0055,52,52,0
2025-07-31,WH-ABJ,PRD-0055,45,45,0
2025-07-31,WH-PHC,PRD-0055,33,33,0
2025-07-31,WH-LAG1,PRD-0056,93,93,0
2025-07-31,WH-LAG2,PRD-0056,56,56,0
2025-07-31,WH-IBD,PRD-0056,12,12,0
2025-07-31,WH-ABJ,PRD-0056,0,0,0
2025-07-31,WH-PHC,PRD-0056,21,21,0
2025-07-31,WH-LAG1,PRD-0057,248,248,0
2025-07-31,WH-LAG2,PRD-0057,75,75,0
2025-07-31,WH-IBD,PRD-0057,67,67,0
2025-07-31,WH-ABJ,PRD-0057,102,102,0
2025-07-31,WH-PHC,PRD-0057,178,182,4
2025-07-31,WH-LAG1,PRD-0058,115,115,0
2025-07-31,WH-LAG2,PRD-0058,39,39,0
2025-07-31,WH-IBD,PRD-0058,27,27,0
2025-07-31,WH-ABJ,PRD-0058,68,68,0
2025-07-31,WH-PHC,PRD-0058,62,62,0
2025-07-31,WH-LAG1,PRD-0059,68,68,0
2025-07-31,WH-LAG2,PRD-0059,10,10,0
2025-07-31,WH-IBD,PRD-0059,29,29,0
2025-07-31,WH-ABJ,PRD-0059,84,84,0
2025-07-31,WH-PHC,PRD-0059,58,59,1
2025-07-31,WH-LAG1,PRD-0060,213,213,0
2025-07-31,WH-LAG2,PRD-0060,107,107,0
2025-07-31,WH-IBD,PRD-0060,109,109,0
2025-07-31,WH-ABJ,PRD-0060,72,72,0
2025-07-31,WH-PHC,PRD-0060,84,84,0
2025-07-31,WH-LAG1,PRD-0061,188,188,0
2025-07-31,WH-LAG2,PRD-0061,128,128,0
2025-07-31,WH-IBD,PRD-0061,56,56,0
2025-07-31,WH-ABJ,PRD-0061,47,46,-1
2025-07-31,WH-PHC,PRD-0061,88,88,0
2025-07-31,WH-LAG1,PRD-0062,52,52,0
2025-07-31,WH-LAG2,PRD-0062,118,118,0
2025-07-31,WH-IBD,PRD-0062,73,73,0
2025-07-31,WH-ABJ,PRD-0062,83,83,0
2025-07-31,WH-PHC,PRD-0062,81,81,0
2025-07-31,WH-LAG1,PRD-0063,71,71,0
2025-07-31,WH-LAG2,PRD-0063,25,24,-1
2025-07-31,WH-IBD,PRD-0063,80,79,-1
2025-07-31,WH-ABJ,PRD-0063,107,107,0
2025-07-31,WH-PHC,PRD-0063,78,78,0
2025-07-31,WH-LAG1,PRD-0064,163,168,5
2025-07-31,WH-LAG2,PRD-0064,98,98,0
2025-07-31,WH-IBD,PRD-0064,25,25,0
2025-07-31,WH-ABJ,PRD-0064,121,123,2
2025-07-31,WH-PHC,PRD-0064,76,76,0
2025-07-31,WH-LAG1,PRD-0065,118,118,0
2025-07-31,WH-LAG2,PRD-0065,52,52,0
2025-07-31,WH-IBD,PRD-0065,32,32,0
2025-07-31,WH-ABJ,PRD-0065,49,49,0
2025-07-31,WH-PHC,PRD-0065,40,40,0
2025-07-31,WH-LAG1,PRD-0066,11,11,0
2025-07-31,WH-LAG2,PRD-0066,3,3,0
2025-07-31,WH-IBD,PRD-0066,10,10,0
2025-07-31,WH-ABJ,PRD-0066,0,1,1
2025-07-31,WH-PHC,PRD-0066,2,2,0
2025-07-31,WH-LAG1,PRD-0067,79,79,0
2025-07-31,WH-LAG2,PRD-0067,61,61,0
2025-07-31,WH-IBD,PRD-0067,46,46,0
2025-07-31,WH-ABJ,PRD-0067,90,90,0
2025-07-31,WH-PHC,PRD-0067,62,62,0
2025-07-31,WH-LAG1,PRD-0068,77,76,-1
2025-07-31,WH-LAG2,PRD-0068,0,0,0
2025-07-31,WH-IBD,PRD-0068,95,95,0
2025-07-31,WH-ABJ,PRD-0068,169,169,0
2025-07-31,WH-PHC,PRD-0068,86,86,0
2025-07-31,WH-LAG1,PRD-0069,34,34,0
2025-07-31,WH-LAG2,PRD-0069,6,6,0
2025-07-31,WH-IBD,PRD-0069,19,19,0
2025-07-31,WH-ABJ,PRD-0069,23,23,0
2025-07-31,WH-PHC,PRD-0069,23,23,0
2025-07-31,WH-LAG1,PRD-0070,60,60,0
2025-07-31,WH-LAG2,PRD-0070,44,43,-1
2025-07-31,WH-IBD,PRD-0070,27,27,0
2025-07-31,WH-ABJ,PRD-0070,37,37,0
2025-07-31,WH-PHC,PRD-0070,7,7,0
2025-07-31,WH-LAG1,PRD-0071,15,16,1
2025-07-31,WH-LAG2,PRD-0071,24,24,0
2025-07-31,WH-IBD,PRD-0071,10,9,-1
2025-07-31,WH-ABJ,PRD-0071,14,14,0
2025-07-31,WH-PHC,PRD-0071,18,18,0
2025-07-31,WH-LAG1,PRD-0072,133,133,0
2025-07-31,WH-LAG2,PRD-0072,38,38,0
2025-07-31,WH-IBD,PRD-0072,37,37,0
2025-07-31,WH-ABJ,PRD-0072,0,0,0
2025-07-31,WH-PHC,PRD-0072,18,18,0
2025-07-31,WH-LAG1,PRD-0073,17,17,0
2025-07-31,WH-LAG2,PRD-0073,17,17,0
2025-07-31,WH-IBD,PRD-0073,20,21,1
2025-07-31,WH-ABJ,PRD-0073,9,10,1
2025-07-31,WH-PHC,PRD-0073,25,25,0
2025-07-31,WH-LAG1,PRD-0074,109,109,0
2025-07-31,WH-LAG2,PRD-0074,25,24,-1
2025-07-31,WH-IBD,PRD-0074,16,16,0
2025-07-31,WH-ABJ,PRD-0074,85,85,0
2025-07-31,WH-PHC,PRD-0074,66,66,0
2025-07-31,WH-LAG1,PRD-0075,44,44,0
2025-07-31,WH-LAG2,PRD-0075,17,18,1
2025-07-31,WH-IBD,PRD-0075,9,9,0
2025-07-31,WH-ABJ,PRD-0075,26,26,0
2025-07-31,WH-PHC,PRD-0075,7,7,0
2025-07-31,WH-LAG1,PRD-0076,106,106,0
2025-07-31,WH-LAG2,PRD-0076,68,68,0
2025-07-31,WH-IBD,PRD-0076,35,35,0
2025-07-31,WH-ABJ,PRD-0076,168,168,0
2025-07-31,WH-PHC,PRD-0076,61,61,0
2025-07-31,WH-LAG1,PRD-0077,167,167,0
2025-07-31,WH-LAG2,PRD-0077,275,275,0
2025-07-31,WH-IBD,PRD-0077,100,100,0
2025-07-31,WH-ABJ,PRD-0077,287,287,0
2025-07-31,WH-PHC,PRD-0077,294,294,0
2025-07-31,WH-LAG1,PRD-0078,130,130,0
2025-07-31,WH-LAG2,PRD-0078,120,120,0
2025-07-31,WH-IBD,PRD-0078,68,68,0
2025-07-31,WH-ABJ,PRD-0078,128,123,-5
2025-07-31,WH-PHC,PRD-0078,14,14,0
2025-07-31,WH-LAG1,PRD-0079,50,50,0
2025-07-31,WH-LAG2,PRD-0079,41,42,1
2025-07-31,WH-IBD,PRD-0079,32,32,0
2025-07-31,WH-ABJ,PRD-0079,66,66,0
2025-07-31,WH-PHC,PRD-0079,71,71,0
2025-07-31,WH-LAG1,PRD-0080,35,35,0
2025-07-31,WH-LAG2,PRD-0080,19,20,1
2025-07-31,WH-IBD,PRD-0080,49,49,0
2025-07-31,WH-ABJ,PRD-0080,106,103,-3
2025-07-31,WH-PHC,PRD-0080,26,26,0
2025-07-31,WH-LAG1,PRD-0081,68,68,0
2025-07-31,WH-LAG2,PRD-0081,106,106,0
2025-07-31,WH-IBD,PRD-0081,61,61,0
2025-07-31,WH-ABJ,PRD-0081,50,50,0
2025-07-31,WH-PHC,PRD-0081,65,65,0
2025-07-31,WH-LAG1,PRD-0082,52,52,0
2025-07-31,WH-LAG2,PRD-0082,0,0,0
2025-07-31,WH-IBD,PRD-0082,42,42,0
2025-07-31,WH-ABJ,PRD-0082,65,65,0
2025-07-31,WH-PHC,PRD-0082,50,50,0
2025-07-31,WH-LAG1,PRD-0083,290,290,0
2025-07-31,WH-LAG2,PRD-0083,123,123,0
2025-07-31,WH-IBD,PRD-0083,85,85,0
2025-07-31,WH-ABJ,PRD-0083,40,40,0
2025-07-31,WH-PHC,PRD-0083,149,149,0
2025-07-31,WH-LAG1,PRD-0084,71,71,0
2025-07-31,WH-LAG2,PRD-0084,66,66,0
2025-07-31,WH-IBD,PRD-0084,81,81,0
2025-07-31,WH-ABJ,PRD-0084,72,72,0
2025-07-31,WH-PHC,PRD-0084,51,51,0
2025-07-31,WH-LAG1,PRD-0085,142,142,0
2025-07-31,WH-LAG2,PRD-0085,107,107,0
2025-07-31,WH-IBD,PRD-0085,45,45,0
2025-07-31,WH-ABJ,PRD-0085,121,121,0
2025-07-31,WH-PHC,PRD-0085,15,15,0
2025-07-31,WH-LAG1,PRD-0086,309,309,0
2025-07-31,WH-LAG2,PRD-0086,151,151,0
2025-07-31,WH-IBD,PRD-0086,132,132,0
2025-07-31,WH-ABJ,PRD-0086,93,93,0
2025-07-31,WH-PHC,PRD-0086,74,74,0
2025-07-31,WH-LAG1,PRD-0087,19,19,0
2025-07-31,WH-LAG2,PRD-0087,26,26,0
2025-07-31,WH-IBD,PRD-0087,23,23,0
2025-07-31,WH-ABJ,PRD-0087,5,5,0
2025-07-31,WH-PHC,PRD-0087,8,8,0
2025-07-31,WH-LAG1,PRD-0088,50,50,0
2025-07-31,WH-LAG2,PRD-0088,19,19,0
2025-07-31,WH-IBD,PRD-0088,0,0,0
2025-07-31,WH-ABJ,PRD-0088,34,34,0
2025-07-31,WH-PHC,PRD-0088,45,45,0
2025-07-31,WH-LAG1,PRD-0089,11,11,0
2025-07-31,WH-LAG2,PRD-0089,22,22,0
2025-07-31,WH-IBD,PRD-0089,45,45,0
2025-07-31,WH-ABJ,PRD-0089,31,31,0
2025-07-31,WH-PHC,PRD-0089,23,23,0
2025-07-31,WH-LAG1,PRD-0090,1510,1510,0
2025-07-31,WH-LAG2,PRD-0090,788,788,0
2025-07-31,WH-IBD,PRD-0090,304,304,0
2025-07-31,WH-ABJ,PRD-0090,1262,1262,0
2025-07-31,WH-PHC,PRD-0090,1078,1078,0
2025-07-31,WH-LAG1,PRD-0091,147,141,-6
2025-07-31,WH-LAG2,PRD-0091,61,61,0
2025-07-31,WH-IBD,PRD-0091,58,58,0
2025-07-31,WH-ABJ,PRD-0091,90,90,0
2025-07-31,WH-PHC,PRD-0091,57,57,0
2025-07-31,WH-LAG1,PRD-0092,54,54,0
2025-07-31,WH-LAG2,PRD-0092,20,20,0
2025-07-31,WH-IBD,PRD-0092,27,27,0
2025-07-31,WH-ABJ,PRD-0092,31,31,0
2025-07-31,WH-PHC,PRD-0092,9,9,0
2025-07-31,WH-LAG1,PRD-0093,126,122,-4
2025-07-31,WH-LAG2,PRD-0093,71,71,0
2025-07-31,WH-IBD,PRD-0093,48,48,0
2025-07-31,WH-ABJ,PRD-0093,169,169,0
2025-07-31,WH-PHC,PRD-0093,116,111,-5
2025-07-31,WH-LAG1,PRD-0094,27,27,0
2025-07-31,WH-LAG2,PRD-0094,25,25,0
2025-07-31,WH-IBD,PRD-0094,14,14,0
2025-07-31,WH-ABJ,PRD-0094,32,32,0
2025-07-31,WH-PHC,PRD-0094,20,20,0
2025-07-31,WH-LAG1,PRD-0095,25,25,0
2025-07-31,WH-LAG2,PRD-0095,0,0,0
2025-07-31,WH-IBD,PRD-0095,17,17,0
2025-07-31,WH-ABJ,PRD-0095,30,30,0
2025-07-31,WH-PHC,PRD-0095,20,20,0
2025-07-31,WH-LAG1,PRD-0096,27,28,1
2025-07-31,WH-LAG2,PRD-0096,16,16,0
2025-07-31,WH-IBD,PRD-0096,14,14,0
2025-07-31,WH-ABJ,PRD-0096,12,12,0
2025-07-31,WH-PHC,PRD-0096,6,6,0
2025-07-31,WH-LAG1,PRD-0097,39,39,0
2025-07-31,WH-LAG2,PRD-0097,3,3,0
2025-07-31,WH-IBD,PRD-0097,16,16,0
2025-07-31,WH-ABJ,PRD-0097,34,34,0
2025-07-31,WH-PHC,PRD-0097,30,30,0
2025-07-31,WH-LAG1,PRD-0098,322,322,0
2025-07-31,WH-LAG2,PRD-0098,83,83,0
2025-07-31,WH-IBD,PRD-0098,62,63,1
2025-07-31,WH-ABJ,PRD-0098,215,215,0
2025-07-31,WH-PHC,PRD-0098,151,151,0
2025-07-31,WH-LAG1,PRD-0099,35,35,0
2025-07-31,WH-LAG2,PRD-0099,16,16,0
2025-07-31,WH-IBD,PRD-0099,0,0,0
2025-07-31,WH-ABJ,PRD-0099,25,25,0
2025-07-31,WH-PHC,PRD-0099,29,29,0
2025-07-31,WH-LAG1,PRD-0100,750,750,0
2025-07-31,WH-LAG2,PRD-0100,194,194,0
2025-07-31,WH-IBD,PRD-0100,185,178,-7
2025-07-31,WH-ABJ,PRD-0100,356,356,0
2025-07-31,WH-PHC,PRD-0100,81,81,0
2025-07-31,WH-LAG1,PRD-0101,17,17,0
2025-07-31,WH-LAG2,PRD-0101,8,8,0
2025-07-31,WH-IBD,PRD-0101,7,7,0
2025-07-31,WH-ABJ,PRD-0101,28,28,0
2025-07-31,WH-PHC,PRD-0101,11,11,0
2025-07-31,WH-LAG1,PRD-0102,4,5,1
2025-07-31,WH-LAG2,PRD-0102,19,19,0
2025-07-31,WH-IBD,PRD-0102,54,54,0
2025-07-31,WH-ABJ,PRD-0102,83,83,0
2025-07-31,WH-PHC,PRD-0102,76,76,0
2025-07-31,WH-LAG1,PRD-0103,155,155,0
2025-07-31,WH-LAG2,PRD-0103,39,39,0
2025-07-31,WH-IBD,PRD-0103,40,40,0
2025-07-31,WH-ABJ,PRD-0103,67,67,0
2025-07-31,WH-PHC,PRD-0103,65,65,0
2025-07-31,WH-LAG1,PRD-0104,14,15,1
2025-07-31,WH-LAG2,PRD-0104,19,19,0
2025-07-31,WH-IBD,PRD-0104,8,9,1
2025-07-31,WH-ABJ,PRD-0104,45,45,0
2025-07-31,WH-PHC,PRD-0104,27,27,0
2025-07-31,WH-LAG1,PRD-0105,50,50,0
2025-07-31,WH-LAG2,PRD-0105,31,31,0
2025-07-31,WH-IBD,PRD-0105,12,12,0
2025-07-31,WH-ABJ,PRD-0105,36,36,0
2025-07-31,WH-PHC,PRD-0105,37,37,0
2025-07-31,WH-LAG1,PRD-0106,17,17,0
2025-07-31,WH-LAG2,PRD-0106,6,6,0
2025-07-31,WH-IBD,PRD-0106,8,9,1
2025-07-31,WH-ABJ,PRD-0106,21,21,0
2025-07-31,WH-PHC,PRD-0106,6,7,1
2025-07-31,WH-LAG1,PRD-0107,53,53,0
2025-07-31,WH-LAG2,PRD-0107,26,27,1
2025-07-31,WH-IBD,PRD-0107,17,17,0
2025-07-31,WH-ABJ,PRD-0107,6,6,0
2025-07-31,WH-PHC,PRD-0107,27,27,0
2025-07-31,WH-LAG1,PRD-0108,80,77,-3
2025-07-31,WH-LAG2,PRD-0108,195,195,0
2025-07-31,WH-IBD,PRD-0108,198,198,0
2025-07-31,WH-ABJ,PRD-0108,185,185,0
2025-07-31,WH-PHC,PRD-0108,176,176,0
2025-07-31,WH-LAG1,PRD-0109,117,113,-4
2025-07-31,WH-LAG2,PRD-0109,103,103,0
2025-07-31,WH-IBD,PRD-0109,98,98,0
2025-07-31,WH-ABJ,PRD-0109,111,111,0
2025-07-31,WH-PHC,PRD-0109,20,20,0
2025-07-31,WH-LAG1,PRD-0110,15,14,-1
2025-07-31,WH-LAG2,PRD-0110,7,7,0
2025-07-31,WH-IBD,PRD-0110,27,27,0
2025-07-31,WH-ABJ,PRD-0110,9,10,1
2025-07-31,WH-PHC,PRD-0110,33,33,0
2025-07-31,WH-LAG1,PRD-0111,86,86,0
2025-07-31,WH-LAG2,PRD-0111,93,96,3
2025-07-31,WH-IBD,PRD-0111,120,120,0
2025-07-31,WH-ABJ,PRD-0111,95,95,0
2025-07-31,WH-PHC,PRD-0111,42,42,0
2025-07-31,WH-LAG1,PRD-0112,19,19,0
2025-07-31,WH-LAG2,PRD-0112,24,24,0
2025-07-31,WH-IBD,PRD-0112,12,12,0
2025-07-31,WH-ABJ,PRD-0112,33,33,0
2025-07-31,WH-PHC,PRD-0112,21,21,0
2025-07-31,WH-LAG1,PRD-0113,212,212,0
2025-07-31,WH-LAG2,PRD-0113,18,18,0
2025-07-31,WH-IBD,PRD-0113,112,112,0
2025-07-31,WH-ABJ,PRD-0113,106,106,0
2025-07-31,WH-PHC,PRD-0113,51,50,-1
2025-07-31,WH-LAG1,PRD-0114,17,17,0
2025-07-31,WH-LAG2,PRD-0114,20,21,1
2025-07-31,WH-IBD,PRD-0114,20,20,0
2025-07-31,WH-ABJ,PRD-0114,14,14,0
2025-07-31,WH-PHC,PRD-0114,6,7,1
2025-07-31,WH-LAG1,PRD-0115,115,115,0
2025-07-31,WH-LAG2,PRD-0115,48,46,-2
2025-07-31,WH-IBD,PRD-0115,63,63,0
2025-07-31,WH-ABJ,PRD-0115,61,61,0
2025-07-31,WH-PHC,PRD-0115,37,37,0
2025-07-31,WH-LAG1,PRD-0116,46,46,0
2025-07-31,WH-LAG2,PRD-0116,63,63,0
2025-07-31,WH-IBD,PRD-0116,59,58,-1
2025-07-31,WH-ABJ,PRD-0116,56,56,0
2025-07-31,WH-PHC,PRD-0116,13,13,0
2025-07-31,WH-LAG1,PRD-0117,51,51,0
2025-07-31,WH-LAG2,PRD-0117,61,61,0
2025-07-31,WH-IBD,PRD-0117,60,60,0
2025-07-31,WH-ABJ,PRD-0117,88,89,1
2025-07-31,WH-PHC,PRD-0117,66,66,0
2025-07-31,WH-LAG1,PRD-0118,275,275,0
2025-07-31,WH-LAG2,PRD-0118,0,0,-1
2025-07-31,WH-IBD,PRD-0118,129,129,0
2025-07-31,WH-ABJ,PRD-0118,244,244,0
2025-07-31,WH-PHC,PRD-0118,225,225,0
2025-07-31,WH-LAG1,PRD-0119,36,36,0
2025-07-31,WH-LAG2,PRD-0119,7,7,0
2025-07-31,WH-IBD,PRD-0119,12,12,0
2025-07-31,WH-ABJ,PRD-0119,21,21,0
2025-07-31,WH-PHC,PRD-0119,5,5,0
2025-07-31,WH-LAG1,PRD-0120,100,100,0
2025-07-31,WH-LAG2,PRD-0120,44,44,0
2025-07-31,WH-IBD,PRD-0120,132,132,0
2025-07-31,WH-ABJ,PRD-0120,137,138,1
2025-07-31,WH-PHC,PRD-0120,60,60,0
2025-07-31,WH-LAG1,PRD-0121,240,240,0
2025-07-31,WH-LAG2,PRD-0121,171,171,0
2025-07-31,WH-IBD,PRD-0121,73,73,0
2025-07-31,WH-ABJ,PRD-0121,58,58,0
2025-07-31,WH-PHC,PRD-0121,63,63,0
2025-07-31,WH-LAG1,PRD-0122,106,106,0
2025-07-31,WH-LAG2,PRD-0122,122,122,0
2025-07-31,WH-IBD,PRD-0122,116,116,0
2025-07-31,WH-ABJ,PRD-0122,55,54,-1
2025-07-31,WH-PHC,PRD-0122,99,99,0
2025-07-31,WH-LAG1,PRD-0123,57,57,0
2025-07-31,WH-LAG2,PRD-0123,22,22,0
2025-07-31,WH-IBD,PRD-0123,43,44,1
2025-07-31,WH-ABJ,PRD-0123,52,52,0
2025-07-31,WH-PHC,PRD-0123,23,23,0
2025-07-31,WH-LAG1,PRD-0124,30,31,1
2025-07-31,WH-LAG2,PRD-0124,22,22,0
2025-07-31,WH-IBD,PRD-0124,22,22,0
2025-07-31,WH-ABJ,PRD-0124,80,80,0
2025-07-31,WH-PHC,PRD-0124,11,11,0
2025-07-31,WH-LAG1,PRD-0125,234,234,0
2025-07-31,WH-LAG2,PRD-0125,153,153,0
2025-07-31,WH-IBD,PRD-0125,276,276,0
2025-07-31,WH-ABJ,PRD-0125,106,106,0
2025-07-31,WH-PHC,PRD-0125,312,312,0
2025-07-31,WH-LAG1,PRD-0126,64,62,-2
2025-07-31,WH-LAG2,PRD-0126,14,14,0
2025-07-31,WH-IBD,PRD-0126,40,40,0
2025-07-31,WH-ABJ,PRD-0126,28,28,0
2025-07-31,WH-PHC,PRD-0126,28,28,0
2025-07-31,WH-LAG1,PRD-0127,108,108,0
2025-07-31,WH-LAG2,PRD-0127,36,36,0
2025-07-31,WH-IBD,PRD-0127,15,15,0
2025-07-31,WH-ABJ,PRD-0127,0,0,0
2025-07-31,WH-PHC,PRD-0127,22,22,0
2025-07-31,WH-LAG1,PRD-0128,76,76,0
2025-07-31,WH-LAG2,PRD-0128,34,34,0
2025-07-31,WH-IBD,PRD-0128,71,69,-2
2025-07-31,WH-ABJ,PRD-0128,86,86,0
2025-07-31,WH-PHC,PRD-0128,91,91,0
2025-07-31,WH-LAG1,PRD-0129,4,5,1
2025-07-31,WH-LAG2,PRD-0129,17,16,-1
2025-07-31,WH-IBD,PRD-0129,8,8,0
2025-07-31,WH-ABJ,PRD-0129,18,18,0
2025-07-31,WH-PHC,PRD-0129,19,19,0
2025-07-31,WH-LAG1,PRD-0130,55,55,0
2025-07-31,WH-LAG2,PRD-0130,54,54,0
2025-07-31,WH-IBD,PRD-0130,31,31,0
2025-07-31,WH-ABJ,PRD-0130,23,23,0
2025-07-31,WH-PHC,PRD-0130,37,37,0
2025-07-31,WH-LAG1,PRD-0131,175,178,3
2025-07-31,WH-LAG2,PRD-0131,98,98,0
2025-07-31,WH-IBD,PRD-0131,67,67,0
2025-07-31,WH-ABJ,PRD-0131,29,29,0
2025-07-31,WH-PHC,PRD-0131,75,73,-2
2025-07-31,WH-LAG1,PRD-0132,89,89,0
2025-07-31,WH-LAG2,PRD-0132,39,39,0
2025-07-31,WH-IBD,PRD-0132,23,23,0
2025-07-31,WH-ABJ,PRD-0132,70,70,0
2025-07-31,WH-PHC,PRD-0132,57,57,0
2025-07-31,WH-LAG1,PRD-0133,54,54,0
2025-07-31,WH-LAG2,PRD-0133,44,44,0
2025-07-31,WH-IBD,PRD-0133,29,29,0
2025-07-31,WH-ABJ,PRD-0133,40,40,0
2025-07-31,WH-PHC,PRD-0133,5,5,0
2025-07-31,WH-LAG1,PRD-0134,41,41,0
2025-07-31,WH-LAG2,PRD-0134,40,40,0
2025-07-31,WH-IBD,PRD-0134,30,30,0
2025-07-31,WH-ABJ,PRD-0134,42,42,0
2025-07-31,WH-PHC,PRD-0134,50,50,0
2025-07-31,WH-LAG1,PRD-0135,317,317,0
2025-07-31,WH-LAG2,PRD-0135,32,32,0
2025-07-31,WH-IBD,PRD-0135,77,77,0
2025-07-31,WH-ABJ,PRD-0135,206,206,0
2025-07-31,WH-PHC,PRD-0135,107,107,0
2025-07-31,WH-LAG1,PRD-0136,83,80,-3
2025-07-31,WH-LAG2,PRD-0136,11,11,0
2025-07-31,WH-IBD,PRD-0136,11,10,-1
2025-07-31,WH-ABJ,PRD-0136,27,27,0
2025-07-31,WH-PHC,PRD-0136,60,60,0
2025-07-31,WH-LAG1,PRD-0137,97,97,0
2025-07-31,WH-LAG2,PRD-0137,68,68,0
2025-07-31,WH-IBD,PRD-0137,44,43,-1
2025-07-31,WH-ABJ,PRD-0137,95,95,0
2025-07-31,WH-PHC,PRD-0137,13,13,0
2025-07-31,WH-LAG1,PRD-0138,201,198,-3
2025-07-31,WH-LAG2,PRD-0138,106,106,0
2025-07-31,WH-IBD,PRD-0138,62,62,0
2025-07-31,WH-ABJ,PRD-0138,35,35,0
2025-07-31,WH-PHC,PRD-0138,91,91,0
2025-07-31,WH-LAG1,PRD-0139,38,38,0
2025-07-31,WH-LAG2,PRD-0139,76,76,0
2025-07-31,WH-IBD,PRD-0139,73,73,0
2025-07-31,WH-ABJ,PRD-0139,82,82,0
2025-07-31,WH-PHC,PRD-0139,57,57,0
2025-07-31,WH-LAG1,PRD-0140,63,63,0
2025-07-31,WH-LAG2,PRD-0140,20,20,0
2025-07-31,WH-IBD,PRD-0140,56,56,0
2025-07-31,WH-ABJ,PRD-0140,56,56,0
2025-07-31,WH-PHC,PRD-0140,41,41,0
2025-07-31,WH-LAG1,PRD-0141,55,55,0
2025-07-31,WH-LAG2,PRD-0141,25,25,0
2025-07-31,WH-IBD,PRD-0141,46,46,0
2025-07-31,WH-ABJ,PRD-0141,77,77,0
2025-07-31,WH-PHC,PRD-0141,50,50,0
2025-07-31,WH-LAG1,PRD-0142,104,104,0
2025-07-31,WH-LAG2,PRD-0142,95,91,-4
2025-07-31,WH-IBD,PRD-0142,53,53,0
2025-07-31,WH-ABJ,PRD-0142,83,83,0
2025-07-31,WH-PHC,PRD-0142,64,64,0
2025-07-31,WH-LAG1,PRD-0143,86,86,0
2025-07-31,WH-LAG2,PRD-0143,46,46,0
2025-07-31,WH-IBD,PRD-0143,32,32,0
2025-07-31,WH-ABJ,PRD-0143,43,43,0
2025-07-31,WH-PHC,PRD-0143,32,32,0
2025-07-31,WH-LAG1,PRD-0144,140,140,0
2025-07-31,WH-LAG2,PRD-0144,61,61,0
2025-07-31,WH-IBD,PRD-0144,59,59,0
2025-07-31,WH-ABJ,PRD-0144,80,80,0
2025-07-31,WH-PHC,PRD-0144,49,49,0
2025-07-31,WH-LAG1,PRD-0145,57,57,0
2025-07-31,WH-LAG2,PRD-0145,110,106,-4
2025-07-31,WH-IBD,PRD-0145,39,39,0
2025-07-31,WH-ABJ,PRD-0145,98,98,0
2025-07-31,WH-PHC,PRD-0145,45,45,0
2025-07-31,WH-LAG1,PRD-0146,81,81,0
2025-07-31,WH-LAG2,PRD-0146,45,45,0
2025-07-31,WH-IBD,PRD-0146,37,37,0
2025-07-31,WH-ABJ,PRD-0146,13,13,0
2025-07-31,WH-PHC,PRD-0146,15,15,0
2025-07-31,WH-LAG1,PRD-0147,54,54,0
2025-07-31,WH-LAG2,PRD-0147,60,60,0
2025-07-31,WH-IBD,PRD-0147,24,24,0
2025-07-31,WH-ABJ,PRD-0147,29,29,0
2025-07-31,WH-PHC,PRD-0147,47,46,-1
2025-07-31,WH-LAG1,PRD-0148,37,37,0
2025-07-31,WH-LAG2,PRD-0148,32,32,0
2025-07-31,WH-IBD,PRD-0148,37,37,0
2025-07-31,WH-ABJ,PRD-0148,38,38,0
2025-07-31,WH-PHC,PRD-0148,25,25,0
2025-07-31,WH-LAG1,PRD-0149,31,31,0
2025-07-31,WH-LAG2,PRD-0149,6,6,0
2025-07-31,WH-IBD,PRD-0149,19,19,0
2025-07-31,WH-ABJ,PRD-0149,28,28,0
2025-07-31,WH-PHC,PRD-0149,20,20,0
2025-07-31,WH-LAG1,PRD-0150,162,157,-5
2025-07-31,WH-LAG2,PRD-0150,58,58,0
2025-07-31,WH-IBD,PRD-0150,24,24,0
2025-07-31,WH-ABJ,PRD-0150,62,62,0
2025-07-31,WH-PHC,PRD-0150,31,31,0
2025-07-31,WH-LAG1,PRD-0151,1341,1341,0
2025-07-31,WH-LAG2,PRD-0151,233,233,0
2025-07-31,WH-IBD,PRD-0151,200,200,0
2025-07-31,WH-ABJ,PRD-0151,336,336,0
2025-07-31,WH-PHC,PRD-0151,432,432,0
2025-07-31,WH-LAG1,PRD-0152,16,16,0
2025-07-31,WH-LAG2,PRD-0152,32,32,0
2025-07-31,WH-IBD,PRD-0152,48,48,0
2025-07-31,WH-ABJ,PRD-0152,16,16,0
2025-07-31,WH-PHC,PRD-0152,58,58,0
2025-07-31,WH-LAG1,PRD-0153,142,142,0
2025-07-31,WH-LAG2,PRD-0153,85,85,0
2025-07-31,WH-IBD,PRD-0153,134,134,0
2025-07-31,WH-ABJ,PRD-0153,117,117,0
2025-07-31,WH-PHC,PRD-0153,130,130,0
2025-07-31,WH-LAG1,PRD-0154,37,37,0
2025-07-31,WH-LAG2,PRD-0154,82,82,0
2025-07-31,WH-IBD,PRD-0154,45,45,0
2025-07-31,WH-ABJ,PRD-0154,59,59,0
2025-07-31,WH-PHC,PRD-0154,68,68,0
2025-07-31,WH-LAG1,PRD-0155,76,76,0
2025-07-31,WH-LAG2,PRD-0155,15,15,0
2025-07-31,WH-IBD,PRD-0155,52,52,0
2025-07-31,WH-ABJ,PRD-0155,81,81,0
2025-07-31,WH-PHC,PRD-0155,49,49,0
2025-07-31,WH-LAG1,PRD-0156,150,150,0
2025-07-31,WH-LAG2,PRD-0156,126,126,0
2025-07-31,WH-IBD,PRD-0156,156,156,0
2025-07-31,WH-ABJ,PRD-0156,137,131,-6
2025-07-31,WH-PHC,PRD-0156,55,55,0
2025-07-31,WH-LAG1,PRD-0157,171,171,0
2025-07-31,WH-LAG2,PRD-0157,85,85,0
2025-07-31,WH-IBD,PRD-0157,33,33,0
2025-07-31,WH-ABJ,PRD-0157,24,24,0
2025-07-31,WH-PHC,PRD-0157,26,26,0
2025-07-31,WH-LAG1,PRD-0158,29,29,0
2025-07-31,WH-LAG2,PRD-0158,7,7,0
2025-07-31,WH-IBD,PRD-0158,31,31,0
2025-07-31,WH-ABJ,PRD-0158,17,18,1
2025-07-31,WH-PHC,PRD-0158,32,32,0
2025-07-31,WH-LAG1,PRD-0159,73,73,0
2025-07-31,WH-LAG2,PRD-0159,40,40,0
2025-07-31,WH-IBD,PRD-0159,55,55,0
2025-07-31,WH-ABJ,PRD-0159,66,66,0
2025-07-31,WH-PHC,PRD-0159,60,60,0
2025-07-31,WH-LAG1,PRD-0160,132,132,0
2025-07-31,WH-LAG2,PRD-0160,53,53,0
2025-07-31,WH-IBD,PRD-0160,218,218,0
2025-07-31,WH-ABJ,PRD-0160,47,47,0
2025-07-31,WH-PHC,PRD-0160,171,173,2
2025-07-31,WH-LAG1,PRD-0161,312,312,0
2025-07-31,WH-LAG2,PRD-0161,313,313,0
2025-07-31,WH-IBD,PRD-0161,79,79,0
2025-07-31,WH-ABJ,PRD-0161,498,498,0
2025-07-31,WH-PHC,PRD-0161,114,114,0
2025-07-31,WH-LAG1,PRD-0162,65,65,0
2025-07-31,WH-LAG2,PRD-0162,52,52,0
2025-07-31,WH-IBD,PRD-0162,39,39,0
2025-07-31,WH-ABJ,PRD-0162,37,37,0
2025-07-31,WH-PHC,PRD-0162,19,19,0
2025-07-31,WH-LAG1,PRD-0163,30,30,0
2025-07-31,WH-LAG2,PRD-0163,44,44,0
2025-07-31,WH-IBD,PRD-0163,48,48,0
2025-07-31,WH-ABJ,PRD-0163,70,70,0
2025-07-31,WH-PHC,PRD-0163,81,80,-1
2025-07-31,WH-LAG1,PRD-0164,62,62,0
2025-07-31,WH-LAG2,PRD-0164,55,55,0
2025-07-31,WH-IBD,PRD-0164,29,29,0
2025-07-31,WH-ABJ,PRD-0164,28,28,0
2025-07-31,WH-PHC,PRD-0164,35,35,0
2025-07-31,WH-LAG1,PRD-0165,140,140,0
2025-07-31,WH-LAG2,PRD-0165,30,30,0
2025-07-31,WH-IBD,PRD-0165,57,57,0
2025-07-31,WH-ABJ,PRD-0165,248,248,0
2025-07-31,WH-PHC,PRD-0165,116,116,0
2025-07-31,WH-LAG1,PRD-0166,81,81,0
2025-07-31,WH-LAG2,PRD-0166,152,152,0
2025-07-31,WH-IBD,PRD-0166,75,77,2
2025-07-31,WH-ABJ,PRD-0166,95,95,0
2025-07-31,WH-PHC,PRD-0166,94,94,0
2025-07-31,WH-LAG1,PRD-0167,55,55,0
2025-07-31,WH-LAG2,PRD-0167,78,78,0
2025-07-31,WH-IBD,PRD-0167,27,27,0
2025-07-31,WH-ABJ,PRD-0167,69,69,0
2025-07-31,WH-PHC,PRD-0167,37,37,0
2025-07-31,WH-LAG1,PRD-0168,46,46,0
2025-07-31,WH-LAG2,PRD-0168,20,20,0
2025-07-31,WH-IBD,PRD-0168,20,20,0
2025-07-31,WH-ABJ,PRD-0168,49,49,0
2025-07-31,WH-PHC,PRD-0168,35,35,0
2025-07-31,WH-LAG1,PRD-0169,45,45,0
2025-07-31,WH-LAG2,PRD-0169,51,51,0
2025-07-31,WH-IBD,PRD-0169,20,20,0
2025-07-31,WH-ABJ,PRD-0169,54,54,0
2025-07-31,WH-PHC,PRD-0169,36,36,0
2025-07-31,WH-LAG1,PRD-0170,81,81,0
2025-07-31,WH-LAG2,PRD-0170,33,33,0
2025-07-31,WH-IBD,PRD-0170,39,39,0
2025-07-31,WH-ABJ,PRD-0170,51,51,0
2025-07-31,WH-PHC,PRD-0170,36,36,0
2025-08-31,WH-LAG1,PRD-0001,52,52,0
2025-08-31,WH-LAG2,PRD-0001,33,33,0
2025-08-31,WH-IBD,PRD-0001,51,53,2
2025-08-31,WH-ABJ,PRD-0001,30,30,0
2025-08-31,WH-PHC,PRD-0001,1,1,0
2025-08-31,WH-LAG1,PRD-0002,0,0,0
2025-08-31,WH-LAG2,PRD-0002,0,0,0
2025-08-31,WH-IBD,PRD-0002,11,12,1
2025-08-31,WH-ABJ,PRD-0002,27,26,-1
2025-08-31,WH-PHC,PRD-0002,26,26,0
2025-08-31,WH-LAG1,PRD-0003,36,36,0
2025-08-31,WH-LAG2,PRD-0003,12,12,0
2025-08-31,WH-IBD,PRD-0003,7,7,0
2025-08-31,WH-ABJ,PRD-0003,7,7,0
2025-08-31,WH-PHC,PRD-0003,16,16,0
2025-08-31,WH-LAG1,PRD-0004,486,486,0
2025-08-31,WH-LAG2,PRD-0004,108,108,0
2025-08-31,WH-IBD,PRD-0004,141,141,0
2025-08-31,WH-ABJ,PRD-0004,373,373,0
2025-08-31,WH-PHC,PRD-0004,188,188,0
2025-08-31,WH-LAG1,PRD-0005,43,43,0
2025-08-31,WH-LAG2,PRD-0005,60,60,0
2025-08-31,WH-IBD,PRD-0005,8,7,-1
2025-08-31,WH-ABJ,PRD-0005,95,99,4
2025-08-31,WH-PHC,PRD-0005,26,26,0
2025-08-31,WH-LAG1,PRD-0006,24,24,0
2025-08-31,WH-LAG2,PRD-0006,40,40,0
2025-08-31,WH-IBD,PRD-0006,13,13,0
2025-08-31,WH-ABJ,PRD-0006,6,6,0
2025-08-31,WH-PHC,PRD-0006,15,15,0
2025-08-31,WH-LAG1,PRD-0007,161,161,0
2025-08-31,WH-LAG2,PRD-0007,95,95,0
2025-08-31,WH-IBD,PRD-0007,92,92,0
2025-08-31,WH-ABJ,PRD-0007,126,126,0
2025-08-31,WH-PHC,PRD-0007,102,102,0
2025-08-31,WH-LAG1,PRD-0008,69,69,0
2025-08-31,WH-LAG2,PRD-0008,58,58,0
2025-08-31,WH-IBD,PRD-0008,33,33,0
2025-08-31,WH-ABJ,PRD-0008,39,39,0
2025-08-31,WH-PHC,PRD-0008,32,32,0
2025-08-31,WH-LAG1,PRD-0009,40,40,0
2025-08-31,WH-LAG2,PRD-0009,38,37,-1
2025-08-31,WH-IBD,PRD-0009,24,24,0
2025-08-31,WH-ABJ,PRD-0009,30,30,0
2025-08-31,WH-PHC,PRD-0009,31,31,0
2025-08-31,WH-LAG1,PRD-0010,32,32,0
2025-08-31,WH-LAG2,PRD-0010,13,14,1
2025-08-31,WH-IBD,PRD-0010,9,9,0
2025-08-31,WH-ABJ,PRD-0010,11,11,0
2025-08-31,WH-PHC,PRD-0010,14,14,0
2025-08-31,WH-LAG1,PRD-0011,144,144,0
2025-08-31,WH-LAG2,PRD-0011,82,82,0
2025-08-31,WH-IBD,PRD-0011,85,85,0
2025-08-31,WH-ABJ,PRD-0011,68,68,0
2025-08-31,WH-PHC,PRD-0011,108,108,0
2025-08-31,WH-LAG1,PRD-0012,41,41,0
2025-08-31,WH-LAG2,PRD-0012,37,37,0
2025-08-31,WH-IBD,PRD-0012,32,31,-1
2025-08-31,WH-ABJ,PRD-0012,46,46,0
2025-08-31,WH-PHC,PRD-0012,42,42,0
2025-08-31,WH-LAG1,PRD-0013,35,35,0
2025-08-31,WH-LAG2,PRD-0013,26,27,1
2025-08-31,WH-IBD,PRD-0013,18,18,0
2025-08-31,WH-ABJ,PRD-0013,31,31,0
2025-08-31,WH-PHC,PRD-0013,26,25,-1
2025-08-31,WH-LAG1,PRD-0014,14,14,0
2025-08-31,WH-LAG2,PRD-0014,16,16,0
2025-08-31,WH-IBD,PRD-0014,6,6,0
2025-08-31,WH-ABJ,PRD-0014,5,5,0
2025-08-31,WH-PHC,PRD-0014,17,17,0
2025-08-31,WH-LAG1,PRD-0015,33,33,0
2025-08-31,WH-LAG2,PRD-0015,45,44,-1
2025-08-31,WH-IBD,PRD-0015,32,32,0
2025-08-31,WH-ABJ,PRD-0015,0,0,0
2025-08-31,WH-PHC,PRD-0015,52,54,2
2025-08-31,WH-LAG1,PRD-0016,196,196,0
2025-08-31,WH-LAG2,PRD-0016,113,114,1
2025-08-31,WH-IBD,PRD-0016,26,26,0
2025-08-31,WH-ABJ,PRD-0016,159,159,0
2025-08-31,WH-PHC,PRD-0016,104,104,0
2025-08-31,WH-LAG1,PRD-0017,76,76,0
2025-08-31,WH-LAG2,PRD-0017,0,0,0
2025-08-31,WH-IBD,PRD-0017,46,46,0
2025-08-31,WH-ABJ,PRD-0017,29,28,-1
2025-08-31,WH-PHC,PRD-0017,9,9,0
2025-08-31,WH-LAG1,PRD-0018,214,214,0
2025-08-31,WH-LAG2,PRD-0018,79,79,0
2025-08-31,WH-IBD,PRD-0018,68,68,0
2025-08-31,WH-ABJ,PRD-0018,52,50,-2
2025-08-31,WH-PHC,PRD-0018,62,62,0
2025-08-31,WH-LAG1,PRD-0019,79,79,0
2025-08-31,WH-LAG2,PRD-0019,88,85,-3
2025-08-31,WH-IBD,PRD-0019,35,35,0
2025-08-31,WH-ABJ,PRD-0019,80,80,0
2025-08-31,WH-PHC,PRD-0019,90,90,0
2025-08-31,WH-LAG1,PRD-0020,109,109,0
2025-08-31,WH-LAG2,PRD-0020,44,44,0
2025-08-31,WH-IBD,PRD-0020,32,32,0
2025-08-31,WH-ABJ,PRD-0020,136,136,0
2025-08-31,WH-PHC,PRD-0020,37,37,0
2025-08-31,WH-LAG1,PRD-0021,22,22,0
2025-08-31,WH-LAG2,PRD-0021,67,67,0
2025-08-31,WH-IBD,PRD-0021,39,39,0
2025-08-31,WH-ABJ,PRD-0021,21,21,0
2025-08-31,WH-PHC,PRD-0021,0,0,0
2025-08-31,WH-LAG1,PRD-0022,40,40,0
2025-08-31,WH-LAG2,PRD-0022,16,16,0
2025-08-31,WH-IBD,PRD-0022,11,11,0
2025-08-31,WH-ABJ,PRD-0022,31,31,0
2025-08-31,WH-PHC,PRD-0022,4,4,0
2025-08-31,WH-LAG1,PRD-0023,55,55,0
2025-08-31,WH-LAG2,PRD-0023,43,43,0
2025-08-31,WH-IBD,PRD-0023,22,22,0
2025-08-31,WH-ABJ,PRD-0023,43,43,0
2025-08-31,WH-PHC,PRD-0023,68,68,0
2025-08-31,WH-LAG1,PRD-0024,53,53,0
2025-08-31,WH-LAG2,PRD-0024,4,4,0
2025-08-31,WH-IBD,PRD-0024,22,22,0
2025-08-31,WH-ABJ,PRD-0024,58,58,0
2025-08-31,WH-PHC,PRD-0024,1,1,0
2025-08-31,WH-LAG1,PRD-0025,83,83,0
2025-08-31,WH-LAG2,PRD-0025,27,27,0
2025-08-31,WH-IBD,PRD-0025,35,35,0
2025-08-31,WH-ABJ,PRD-0025,74,74,0
2025-08-31,WH-PHC,PRD-0025,25,25,0
2025-08-31,WH-LAG1,PRD-0026,69,69,0
2025-08-31,WH-LAG2,PRD-0026,70,71,1
2025-08-31,WH-IBD,PRD-0026,45,45,0
2025-08-31,WH-ABJ,PRD-0026,77,77,0
2025-08-31,WH-PHC,PRD-0026,15,15,0
2025-08-31,WH-LAG1,PRD-0027,1,2,1
2025-08-31,WH-LAG2,PRD-0027,11,11,0
2025-08-31,WH-IBD,PRD-0027,19,19,0
2025-08-31,WH-ABJ,PRD-0027,21,21,0
2025-08-31,WH-PHC,PRD-0027,23,23,0
2025-08-31,WH-LAG1,PRD-0028,66,66,0
2025-08-31,WH-LAG2,PRD-0028,50,50,0
2025-08-31,WH-IBD,PRD-0028,64,64,0
2025-08-31,WH-ABJ,PRD-0028,57,57,0
2025-08-31,WH-PHC,PRD-0028,64,66,2
2025-08-31,WH-LAG1,PRD-0029,53,53,0
2025-08-31,WH-LAG2,PRD-0029,35,35,0
2025-08-31,WH-IBD,PRD-0029,9,9,0
2025-08-31,WH-ABJ,PRD-0029,40,40,0
2025-08-31,WH-PHC,PRD-0029,34,34,0
2025-08-31,WH-LAG1,PRD-0030,30,30,0
2025-08-31,WH-LAG2,PRD-0030,28,28,0
2025-08-31,WH-IBD,PRD-0030,18,18,0
2025-08-31,WH-ABJ,PRD-0030,18,17,-1
2025-08-31,WH-PHC,PRD-0030,15,15,0
2025-08-31,WH-LAG1,PRD-0031,158,158,0
2025-08-31,WH-LAG2,PRD-0031,101,101,0
2025-08-31,WH-IBD,PRD-0031,65,65,0
2025-08-31,WH-ABJ,PRD-0031,142,138,-4
2025-08-31,WH-PHC,PRD-0031,137,137,0
2025-08-31,WH-LAG1,PRD-0032,21,21,0
2025-08-31,WH-LAG2,PRD-0032,23,23,0
2025-08-31,WH-IBD,PRD-0032,10,11,1
2025-08-31,WH-ABJ,PRD-0032,12,11,-1
2025-08-31,WH-PHC,PRD-0032,28,29,1
2025-08-31,WH-LAG1,PRD-0033,94,94,0
2025-08-31,WH-LAG2,PRD-0033,17,17,0
2025-08-31,WH-IBD,PRD-0033,52,50,-2
2025-08-31,WH-ABJ,PRD-0033,0,0,0
2025-08-31,WH-PHC,PRD-0033,38,38,0
2025-08-31,WH-LAG1,PRD-0034,67,66,-1
2025-08-31,WH-LAG2,PRD-0034,15,16,1
2025-08-31,WH-IBD,PRD-0034,16,16,0
2025-08-31,WH-ABJ,PRD-0034,18,18,0
2025-08-31,WH-PHC,PRD-0034,13,13,0
2025-08-31,WH-LAG1,PRD-0035,187,191,4
2025-08-31,WH-LAG2,PRD-0035,63,63,0
2025-08-31,WH-IBD,PRD-0035,29,29,0
2025-08-31,WH-ABJ,PRD-0035,90,90,0
2025-08-31,WH-PHC,PRD-0035,29,29,0
2025-08-31,WH-LAG1,PRD-0036,65,65,0
2025-08-31,WH-LAG2,PRD-0036,19,19,0
2025-08-31,WH-IBD,PRD-0036,30,29,-1
2025-08-31,WH-ABJ,PRD-0036,38,38,0
2025-08-31,WH-PHC,PRD-0036,16,16,0
2025-08-31,WH-LAG1,PRD-0037,125,125,0
2025-08-31,WH-LAG2,PRD-0037,97,97,0
2025-08-31,WH-IBD,PRD-0037,34,34,0
2025-08-31,WH-ABJ,PRD-0037,134,134,0
2025-08-31,WH-PHC,PRD-0037,86,86,0
2025-08-31,WH-LAG1,PRD-0038,16,16,0
2025-08-31,WH-LAG2,PRD-0038,8,8,0
2025-08-31,WH-IBD,PRD-0038,13,13,0
2025-08-31,WH-ABJ,PRD-0038,27,27,0
2025-08-31,WH-PHC,PRD-0038,20,20,0
2025-08-31,WH-LAG1,PRD-0039,166,166,0
2025-08-31,WH-LAG2,PRD-0039,118,118,0
2025-08-31,WH-IBD,PRD-0039,154,154,0
2025-08-31,WH-ABJ,PRD-0039,81,81,0
2025-08-31,WH-PHC,PRD-0039,70,70,0
2025-08-31,WH-LAG1,PRD-0040,101,101,0
2025-08-31,WH-LAG2,PRD-0040,57,58,1
2025-08-31,WH-IBD,PRD-0040,32,31,-1
2025-08-31,WH-ABJ,PRD-0040,52,52,0
2025-08-31,WH-PHC,PRD-0040,33,33,0
2025-08-31,WH-LAG1,PRD-0041,14,14,0
2025-08-31,WH-LAG2,PRD-0041,42,42,0
2025-08-31,WH-IBD,PRD-0041,54,54,0
2025-08-31,WH-ABJ,PRD-0041,39,39,0
2025-08-31,WH-PHC,PRD-0041,30,30,0
2025-08-31,WH-LAG1,PRD-0042,0,0,0
2025-08-31,WH-LAG2,PRD-0042,17,17,0
2025-08-31,WH-IBD,PRD-0042,17,17,0
2025-08-31,WH-ABJ,PRD-0042,0,0,0
2025-08-31,WH-PHC,PRD-0042,5,5,0
2025-08-31,WH-LAG1,PRD-0043,16,16,0
2025-08-31,WH-LAG2,PRD-0043,42,42,0
2025-08-31,WH-IBD,PRD-0043,51,51,0
2025-08-31,WH-ABJ,PRD-0043,62,62,0
2025-08-31,WH-PHC,PRD-0043,46,46,0
2025-08-31,WH-LAG1,PRD-0044,0,0,0
2025-08-31,WH-LAG2,PRD-0044,15,15,0
2025-08-31,WH-IBD,PRD-0044,8,8,0
2025-08-31,WH-ABJ,PRD-0044,5,5,0
2025-08-31,WH-PHC,PRD-0044,8,8,0
2025-08-31,WH-LAG1,PRD-0045,112,112,0
2025-08-31,WH-LAG2,PRD-0045,25,25,0
2025-08-31,WH-IBD,PRD-0045,40,40,0
2025-08-31,WH-ABJ,PRD-0045,65,66,1
2025-08-31,WH-PHC,PRD-0045,27,27,0
2025-08-31,WH-LAG1,PRD-0046,97,97,0
2025-08-31,WH-LAG2,PRD-0046,49,49,0
2025-08-31,WH-IBD,PRD-0046,55,55,0
2025-08-31,WH-ABJ,PRD-0046,39,39,0
2025-08-31,WH-PHC,PRD-0046,62,62,0
2025-08-31,WH-LAG1,PRD-0047,87,87,0
2025-08-31,WH-LAG2,PRD-0047,35,35,0
2025-08-31,WH-IBD,PRD-0047,53,53,0
2025-08-31,WH-ABJ,PRD-0047,15,15,0
2025-08-31,WH-PHC,PRD-0047,42,42,0
2025-08-31,WH-LAG1,PRD-0048,45,45,0
2025-08-31,WH-LAG2,PRD-0048,54,54,0
2025-08-31,WH-IBD,PRD-0048,6,6,0
2025-08-31,WH-ABJ,PRD-0048,0,0,0
2025-08-31,WH-PHC,PRD-0048,16,16,0
2025-08-31,WH-LAG1,PRD-0049,110,110,0
2025-08-31,WH-LAG2,PRD-0049,56,56,0
2025-08-31,WH-IBD,PRD-0049,12,12,0
2025-08-31,WH-ABJ,PRD-0049,50,50,0
2025-08-31,WH-PHC,PRD-0049,57,57,0
2025-08-31,WH-LAG1,PRD-0050,56,56,0
2025-08-31,WH-LAG2,PRD-0050,33,33,0
2025-08-31,WH-IBD,PRD-0050,9,9,0
2025-08-31,WH-ABJ,PRD-0050,51,52,1
2025-08-31,WH-PHC,PRD-0050,47,47,0
2025-08-31,WH-LAG1,PRD-0051,79,79,0
2025-08-31,WH-LAG2,PRD-0051,80,81,1
2025-08-31,WH-IBD,PRD-0051,103,103,0
2025-08-31,WH-ABJ,PRD-0051,69,69,0
2025-08-31,WH-PHC,PRD-0051,94,94,0
2025-08-31,WH-LAG1,PRD-0052,31,31,0
2025-08-31,WH-LAG2,PRD-0052,13,13,0
2025-08-31,WH-IBD,PRD-0052,3,3,0
2025-08-31,WH-ABJ,PRD-0052,18,18,0
2025-08-31,WH-PHC,PRD-0052,12,12,0
2025-08-31,WH-LAG1,PRD-0053,27,27,0
2025-08-31,WH-LAG2,PRD-0053,29,29,0
2025-08-31,WH-IBD,PRD-0053,7,7,0
2025-08-31,WH-ABJ,PRD-0053,16,16,0
2025-08-31,WH-PHC,PRD-0053,18,19,1
2025-08-31,WH-LAG1,PRD-0054,20,20,0
2025-08-31,WH-LAG2,PRD-0054,13,12,-1
2025-08-31,WH-IBD,PRD-0054,35,35,0
2025-08-31,WH-ABJ,PRD-0054,37,37,0
2025-08-31,WH-PHC,PRD-0054,18,18,0
2025-08-31,WH-LAG1,PRD-0055,0,0,0
2025-08-31,WH-LAG2,PRD-0055,41,41,0
2025-08-31,WH-IBD,PRD-0055,52,52,0
2025-08-31,WH-ABJ,PRD-0055,45,44,-1
2025-08-31,WH-PHC,PRD-0055,61,61,0
2025-08-31,WH-LAG1,PRD-0056,88,88,0
2025-08-31,WH-LAG2,PRD-0056,56,56,0
2025-08-31,WH-IBD,PRD-0056,0,0,0
2025-08-31,WH-ABJ,PRD-0056,59,59,0
2025-08-31,WH-PHC,PRD-0056,13,13,0
2025-08-31,WH-LAG1,PRD-0057,155,155,0
2025-08-31,WH-LAG2,PRD-0057,176,176,0
2025-08-31,WH-IBD,PRD-0057,37,37,0
2025-08-31,WH-ABJ,PRD-0057,257,255,-2
2025-08-31,WH-PHC,PRD-0057,151,151,0
2025-08-31,WH-LAG1,PRD-0058,108,108,0
2025-08-31,WH-LAG2,PRD-0058,23,23,0
2025-08-31,WH-IBD,PRD-0058,25,25,0
2025-08-31,WH-ABJ,PRD-0058,53,53,0
2025-08-31,WH-PHC,PRD-0058,44,44,0
2025-08-31,WH-LAG1,PRD-0059,68,66,-2
2025-08-31,WH-LAG2,PRD-0059,10,10,0
2025-08-31,WH-IBD,PRD-0059,29,29,0
2025-08-31,WH-ABJ,PRD-0059,79,79,0
2025-08-31,WH-PHC,PRD-0059,58,58,0
2025-08-31,WH-LAG1,PRD-0060,185,185,0
2025-08-31,WH-LAG2,PRD-0060,107,107,0
2025-08-31,WH-IBD,PRD-0060,99,99,0
2025-08-31,WH-ABJ,PRD-0060,51,51,0
2025-08-31,WH-PHC,PRD-0060,81,81,0
2025-08-31,WH-LAG1,PRD-0061,130,135,5
2025-08-31,WH-LAG2,PRD-0061,118,118,0
2025-08-31,WH-IBD,PRD-0061,54,54,0
2025-08-31,WH-ABJ,PRD-0061,150,150,0
2025-08-31,WH-PHC,PRD-0061,78,78,0
2025-08-31,WH-LAG1,PRD-0062,266,273,7
2025-08-31,WH-LAG2,PRD-0062,105,105,0
2025-08-31,WH-IBD,PRD-0062,57,57,0
2025-08-31,WH-ABJ,PRD-0062,56,56,0
2025-08-31,WH-PHC,PRD-0062,30,30,0
2025-08-31,WH-LAG1,PRD-0063,68,68,0
2025-08-31,WH-LAG2,PRD-0063,25,25,0
2025-08-31,WH-IBD,PRD-0063,71,71,0
2025-08-31,WH-ABJ,PRD-0063,72,72,0
2025-08-31,WH-PHC,PRD-0063,78,78,0
2025-08-31,WH-LAG1,PRD-0064,123,123,0
2025-08-31,WH-LAG2,PRD-0064,67,67,0
2025-08-31,WH-IBD,PRD-0064,22,22,0
2025-08-31,WH-ABJ,PRD-0064,101,101,0
2025-08-31,WH-PHC,PRD-0064,44,44,0
2025-08-31,WH-LAG1,PRD-0065,19,19,0
2025-08-31,WH-LAG2,PRD-0065,34,34,0
2025-08-31,WH-IBD,PRD-0065,80,80,0
2025-08-31,WH-ABJ,PRD-0065,126,126,0
2025-08-31,WH-PHC,PRD-0065,3,3,0
2025-08-31,WH-LAG1,PRD-0066,11,10,-1
2025-08-31,WH-LAG2,PRD-0066,3,4,1
2025-08-31,WH-IBD,PRD-0066,10,10,0
2025-08-31,WH-ABJ,PRD-0066,8,8,0
2025-08-31,WH-PHC,PRD-0066,11,11,0
2025-08-31,WH-LAG1,PRD-0067,122,122,0
2025-08-31,WH-LAG2,PRD-0067,61,61,0
2025-08-31,WH-IBD,PRD-0067,46,46,0
2025-08-31,WH-ABJ,PRD-0067,66,66,0
2025-08-31,WH-PHC,PRD-0067,56,56,0
2025-08-31,WH-LAG1,PRD-0068,229,229,0
2025-08-31,WH-LAG2,PRD-0068,79,79,0
2025-08-31,WH-IBD,PRD-0068,46,46,0
2025-08-31,WH-ABJ,PRD-0068,116,116,0
2025-08-31,WH-PHC,PRD-0068,81,81,0
2025-08-31,WH-LAG1,PRD-0069,17,17,0
2025-08-31,WH-LAG2,PRD-0069,1,1,0
2025-08-31,WH-IBD,PRD-0069,18,19,1
2025-08-31,WH-ABJ,PRD-0069,9,9,0
2025-08-31,WH-PHC,PRD-0069,13,13,0
2025-08-31,WH-LAG1,PRD-0070,28,29,1
2025-08-31,WH-LAG2,PRD-0070,44,44,0
2025-08-31,WH-IBD,PRD-0070,18,18,0
2025-08-31,WH-ABJ,PRD-0070,37,37,0
2025-08-31,WH-PHC,PRD-0070,47,47,0
2025-08-31,WH-LAG1,PRD-0071,11,11,0
2025-08-31,WH-LAG2,PRD-0071,14,14,0
2025-08-31,WH-IBD,PRD-0071,10,10,0
2025-08-31,WH-ABJ,PRD-0071,14,14,0
2025-08-31,WH-PHC,PRD-0071,18,18,0
2025-08-31,WH-LAG1,PRD-0072,117,117,0
2025-08-31,WH-LAG2,PRD-0072,38,38,0
2025-08-31,WH-IBD,PRD-0072,27,27,0
2025-08-31,WH-ABJ,PRD-0072,16,16,0
2025-08-31,WH-PHC,PRD-0072,48,48,0
2025-08-31,WH-LAG1,PRD-0073,14,14,0
2025-08-31,WH-LAG2,PRD-0073,17,17,0
2025-08-31,WH-IBD,PRD-0073,20,20,0
2025-08-31,WH-ABJ,PRD-0073,9,9,0
2025-08-31,WH-PHC,PRD-0073,25,25,0
2025-08-31,WH-LAG1,PRD-0074,56,56,0
2025-08-31,WH-LAG2,PRD-0074,57,57,0
2025-08-31,WH-IBD,PRD-0074,45,45,0
2025-08-31,WH-ABJ,PRD-0074,63,63,0
2025-08-31,WH-PHC,PRD-0074,52,52,0
2025-08-31,WH-LAG1,PRD-0075,30,31,1
2025-08-31,WH-LAG2,PRD-0075,7,7,0
2025-08-31,WH-IBD,PRD-0075,27,27,0
2025-08-31,WH-ABJ,PRD-0075,26,26,0
2025-08-31,WH-PHC,PRD-0075,32,32,0
2025-08-31,WH-LAG1,PRD-0076,62,62,0
2025-08-31,WH-LAG2,PRD-0076,53,53,0
2025-08-31,WH-IBD,PRD-0076,19,20,1
2025-08-31,WH-ABJ,PRD-0076,157,157,0
2025-08-31,WH-PHC,PRD-0076,52,52,0
2025-08-31,WH-LAG1,PRD-0077,465,465,0
2025-08-31,WH-LAG2,PRD-0077,191,191,0
2025-08-31,WH-IBD,PRD-0077,72,72,0
2025-08-31,WH-ABJ,PRD-0077,243,243,0
2025-08-31,WH-PHC,PRD-0077,175,175,0
2025-08-31,WH-LAG1,PRD-0078,116,116,0
2025-08-31,WH-LAG2,PRD-0078,113,113,0
2025-08-31,WH-IBD,PRD-0078,68,68,0
2025-08-31,WH-ABJ,PRD-0078,100,100,0
2025-08-31,WH-PHC,PRD-0078,109,109,0
2025-08-31,WH-LAG1,PRD-0079,112,112,0
2025-08-31,WH-LAG2,PRD-0079,38,38,0
2025-08-31,WH-IBD,PRD-0079,14,14,0
2025-08-31,WH-ABJ,PRD-0079,47,47,0
2025-08-31,WH-PHC,PRD-0079,63,63,0
2025-08-31,WH-LAG1,PRD-0080,173,173,0
2025-08-31,WH-LAG2,PRD-0080,93,93,0
2025-08-31,WH-IBD,PRD-0080,49,49,0
2025-08-31,WH-ABJ,PRD-0080,94,94,0
2025-08-31,WH-PHC,PRD-0080,105,105,0
2025-08-31,WH-LAG1,PRD-0081,150,150,0
2025-08-31,WH-LAG2,PRD-0081,101,101,0
2025-08-31,WH-IBD,PRD-0081,59,57,-2
2025-08-31,WH-ABJ,PRD-0081,41,40,-1
2025-08-31,WH-PHC,PRD-0081,55,55,0
2025-08-31,WH-LAG1,PRD-0082,216,216,0
2025-08-31,WH-LAG2,PRD-0082,50,49,-1
2025-08-31,WH-IBD,PRD-0082,42,42,0
2025-08-31,WH-ABJ,PRD-0082,153,153,0
2025-08-31,WH-PHC,PRD-0082,101,101,0
2025-08-31,WH-LAG1,PRD-0083,231,231,0
2025-08-31,WH-LAG2,PRD-0083,48,48,0
2025-08-31,WH-IBD,PRD-0083,73,73,0
2025-08-31,WH-ABJ,PRD-0083,204,195,-9
2025-08-31,WH-PHC,PRD-0083,50,50,0
2025-08-31,WH-LAG1,PRD-0084,288,288,0
2025-08-31,WH-LAG2,PRD-0084,66,66,0
2025-08-31,WH-IBD,PRD-0084,57,57,0
2025-08-31,WH-ABJ,PRD-0084,152,152,0
2025-08-31,WH-PHC,PRD-0084,51,51,0
2025-08-31,WH-LAG1,PRD-0085,128,132,4
2025-08-31,WH-LAG2,PRD-0085,77,77,0
2025-08-31,WH-IBD,PRD-0085,25,25,0
2025-08-31,WH-ABJ,PRD-0085,101,101,0
2025-08-31,WH-PHC,PRD-0085,71,71,0
2025-08-31,WH-LAG1,PRD-0086,211,211,0
2025-08-31,WH-LAG2,PRD-0086,96,96,0
2025-08-31,WH-IBD,PRD-0086,59,59,0
2025-08-31,WH-ABJ,PRD-0086,195,195,0
2025-08-31,WH-PHC,PRD-0086,371,383,12
2025-08-31,WH-LAG1,PRD-0087,19,19,0
2025-08-31,WH-LAG2,PRD-0087,26,26,0
2025-08-31,WH-IBD,PRD-0087,23,23,0
2025-08-31,WH-ABJ,PRD-0087,5,5,0
2025-08-31,WH-PHC,PRD-0087,8,8,0
2025-08-31,WH-LAG1,PRD-0088,40,40,0
2025-08-31,WH-LAG2,PRD-0088,19,19,0
2025-08-31,WH-IBD,PRD-0088,51,51,0
2025-08-31,WH-ABJ,PRD-0088,31,31,0
2025-08-31,WH-PHC,PRD-0088,45,45,0
2025-08-31,WH-LAG1,PRD-0089,11,11,0
2025-08-31,WH-LAG2,PRD-0089,22,22,0
2025-08-31,WH-IBD,PRD-0089,45,45,0
2025-08-31,WH-ABJ,PRD-0089,24,24,0
2025-08-31,WH-PHC,PRD-0089,23,23,0
2025-08-31,WH-LAG1,PRD-0090,947,947,0
2025-08-31,WH-LAG2,PRD-0090,483,483,0
2025-08-31,WH-IBD,PRD-0090,999,999,0
2025-08-31,WH-ABJ,PRD-0090,968,924,-44
2025-08-31,WH-PHC,PRD-0090,854,854,0
2025-08-31,WH-LAG1,PRD-0091,119,119,0
2025-08-31,WH-LAG2,PRD-0091,46,45,-1
2025-08-31,WH-IBD,PRD-0091,52,52,0
2025-08-31,WH-ABJ,PRD-0091,74,74,0
2025-08-31,WH-PHC,PRD-0091,48,48,0
2025-08-31,WH-LAG1,PRD-0092,54,54,0
2025-08-31,WH-LAG2,PRD-0092,20,20,0
2025-08-31,WH-IBD,PRD-0092,27,27,0
2025-08-31,WH-ABJ,PRD-0092,48,48,0
2025-08-31,WH-PHC,PRD-0092,28,28,0
2025-08-31,WH-LAG1,PRD-0093,45,45,0
2025-08-31,WH-LAG2,PRD-0093,60,61,1
2025-08-31,WH-IBD,PRD-0093,21,22,1
2025-08-31,WH-ABJ,PRD-0093,115,115,0
2025-08-31,WH-PHC,PRD-0093,68,68,0
2025-08-31,WH-LAG1,PRD-0094,22,22,0
2025-08-31,WH-LAG2,PRD-0094,5,5,0
2025-08-31,WH-IBD,PRD-0094,0,0,0
2025-08-31,WH-ABJ,PRD-0094,20,20,0
2025-08-31,WH-PHC,PRD-0094,7,7,0
2025-08-31,WH-LAG1,PRD-0095,16,16,0
2025-08-31,WH-LAG2,PRD-0095,15,15,0
2025-08-31,WH-IBD,PRD-0095,17,17,0
2025-08-31,WH-ABJ,PRD-0095,19,19,0
2025-08-31,WH-PHC,PRD-0095,20,20,0
2025-08-31,WH-LAG1,PRD-0096,24,24,0
2025-08-31,WH-LAG2,PRD-0096,9,9,0
2025-08-31,WH-IBD,PRD-0096,14,15,1
2025-08-31,WH-ABJ,PRD-0096,12,12,0
2025-08-31,WH-PHC,PRD-0096,0,1,1
2025-08-31,WH-LAG1,PRD-0097,39,40,1
2025-08-31,WH-LAG2,PRD-0097,27,27,0
2025-08-31,WH-IBD,PRD-0097,16,16,0
2025-08-31,WH-ABJ,PRD-0097,19,19,0
2025-08-31,WH-PHC,PRD-0097,30,30,0
2025-08-31,WH-LAG1,PRD-0098,160,160,0
2025-08-31,WH-LAG2,PRD-0098,242,242,0
2025-08-31,WH-IBD,PRD-0098,128,128,0
2025-08-31,WH-ABJ,PRD-0098,141,141,0
2025-08-31,WH-PHC,PRD-0098,124,124,0
2025-08-31,WH-LAG1,PRD-0099,35,35,0
2025-08-31,WH-LAG2,PRD-0099,16,16,0
2025-08-31,WH-IBD,PRD-0099,37,37,0
2025-08-31,WH-ABJ,PRD-0099,4,4,0
2025-08-31,WH-PHC,PRD-0099,29,29,0
2025-08-31,WH-LAG1,PRD-0100,563,563,0
2025-08-31,WH-LAG2,PRD-0100,172,172,0
2025-08-31,WH-IBD,PRD-0100,121,121,0
2025-08-31,WH-ABJ,PRD-0100,282,282,0
2025-08-31,WH-PHC,PRD-0100,226,226,0
2025-08-31,WH-LAG1,PRD-0101,17,17,0
2025-08-31,WH-LAG2,PRD-0101,7,7,0
2025-08-31,WH-IBD,PRD-0101,27,27,0
2025-08-31,WH-ABJ,PRD-0101,28,29,1
2025-08-31,WH-PHC,PRD-0101,11,11,0
2025-08-31,WH-LAG1,PRD-0102,139,139,0
2025-08-31,WH-LAG2,PRD-0102,50,50,0
2025-08-31,WH-IBD,PRD-0102,0,0,0
2025-08-31,WH-ABJ,PRD-0102,79,79,0
2025-08-31,WH-PHC,PRD-0102,57,57,0
2025-08-31,WH-LAG1,PRD-0103,122,120,-2
2025-08-31,WH-LAG2,PRD-0103,0,0,0
2025-08-31,WH-IBD,PRD-0103,40,40,0
2025-08-31,WH-ABJ,PRD-0103,31,32,1
2025-08-31,WH-PHC,PRD-0103,40,41,1
2025-08-31,WH-LAG1,PRD-0104,54,55,1
2025-08-31,WH-LAG2,PRD-0104,18,18,0
2025-08-31,WH-IBD,PRD-0104,8,8,0
2025-08-31,WH-ABJ,PRD-0104,45,45,0
2025-08-31,WH-PHC,PRD-0104,22,22,0
2025-08-31,WH-LAG1,PRD-0105,44,45,1
2025-08-31,WH-LAG2,PRD-0105,31,31,0
2025-08-31,WH-IBD,PRD-0105,30,30,0
2025-08-31,WH-ABJ,PRD-0105,36,36,0
2025-08-31,WH-PHC,PRD-0105,37,37,0
2025-08-31,WH-LAG1,PRD-0106,7,7,0
2025-08-31,WH-LAG2,PRD-0106,34,34,0
2025-08-31,WH-IBD,PRD-0106,6,6,0
2025-08-31,WH-ABJ,PRD-0106,21,20,-1
2025-08-31,WH-PHC,PRD-0106,31,31,0
2025-08-31,WH-LAG1,PRD-0107,53,53,0
2025-08-31,WH-LAG2,PRD-0107,26,26,0
2025-08-31,WH-IBD,PRD-0107,17,17,0
2025-08-31,WH-ABJ,PRD-0107,37,37,0
2025-08-31,WH-PHC,PRD-0107,18,19,1
2025-08-31,WH-LAG1,PRD-0108,360,360,0
2025-08-31,WH-LAG2,PRD-0108,120,120,0
2025-08-31,WH-IBD,PRD-0108,155,155,0
2025-08-31,WH-ABJ,PRD-0108,127,127,0
2025-08-31,WH-PHC,PRD-0108,143,143,0
2025-08-31,WH-LAG1,PRD-0109,65,65,0
2025-08-31,WH-LAG2,PRD-0109,86,86,0
2025-08-31,WH-IBD,PRD-0109,87,87,0
2025-08-31,WH-ABJ,PRD-0109,55,55,0
2025-08-31,WH-PHC,PRD-0109,59,59,0
2025-08-31,WH-LAG1,PRD-0110,36,36,0
2025-08-31,WH-LAG2,PRD-0110,31,31,0
2025-08-31,WH-IBD,PRD-0110,27,27,0
2025-08-31,WH-ABJ,PRD-0110,43,44,1
2025-08-31,WH-PHC,PRD-0110,24,23,-1
2025-08-31,WH-LAG1,PRD-0111,52,52,0
2025-08-31,WH-LAG2,PRD-0111,43,43,0
2025-08-31,WH-IBD,PRD-0111,82,82,0
2025-08-31,WH-ABJ,PRD-0111,77,77,0
2025-08-31,WH-PHC,PRD-0111,25,25,0
2025-08-31,WH-LAG1,PRD-0112,19,20,1
2025-08-31,WH-LAG2,PRD-0112,19,19,0
2025-08-31,WH-IBD,PRD-0112,12,12,0
2025-08-31,WH-ABJ,PRD-0112,33,33,0
2025-08-31,WH-PHC,PRD-0112,21,21,0
2025-08-31,WH-LAG1,PRD-0113,157,157,0
2025-08-31,WH-LAG2,PRD-0113,124,124,0
2025-08-31,WH-IBD,PRD-0113,94,94,0
2025-08-31,WH-ABJ,PRD-0113,102,102,0
2025-08-31,WH-PHC,PRD-0113,40,40,0
2025-08-31,WH-LAG1,PRD-0114,17,17,0
2025-08-31,WH-LAG2,PRD-0114,20,20,0
2025-08-31,WH-IBD,PRD-0114,20,20,0
2025-08-31,WH-ABJ,PRD-0114,4,4,0
2025-08-31,WH-PHC,PRD-0114,6,6,0
2025-08-31,WH-LAG1,PRD-0115,71,71,0
2025-08-31,WH-LAG2,PRD-0115,34,34,0
2025-08-31,WH-IBD,PRD-0115,63,63,0
2025-08-31,WH-ABJ,PRD-0115,61,61,0
2025-08-31,WH-PHC,PRD-0115,10,10,0
2025-08-31,WH-LAG1,PRD-0116,41,41,0
2025-08-31,WH-LAG2,PRD-0116,57,57,0
2025-08-31,WH-IBD,PRD-0116,59,60,1
2025-08-31,WH-ABJ,PRD-0116,56,56,0
2025-08-31,WH-PHC,PRD-0116,10,11,1
2025-08-31,WH-LAG1,PRD-0117,48,48,0
2025-08-31,WH-LAG2,PRD-0117,55,54,-1
2025-08-31,WH-IBD,PRD-0117,55,56,1
2025-08-31,WH-ABJ,PRD-0117,71,71,0
2025-08-31,WH-PHC,PRD-0117,66,66,0
2025-08-31,WH-LAG1,PRD-0118,128,128,0
2025-08-31,WH-LAG2,PRD-0118,116,116,0
2025-08-31,WH-IBD,PRD-0118,115,115,0
2025-08-31,WH-ABJ,PRD-0118,198,198,0
2025-08-31,WH-PHC,PRD-0118,201,201,0
2025-08-31,WH-LAG1,PRD-0119,31,31,0
2025-08-31,WH-LAG2,PRD-0119,7,7,0
2025-08-31,WH-IBD,PRD-0119,9,9,0
2025-08-31,WH-ABJ,PRD-0119,11,11,0
2025-08-31,WH-PHC,PRD-0119,5,5,0
2025-08-31,WH-LAG1,PRD-0120,286,286,0
2025-08-31,WH-LAG2,PRD-0120,168,168,0
2025-08-31,WH-IBD,PRD-0120,103,103,0
2025-08-31,WH-ABJ,PRD-0120,87,87,0
2025-08-31,WH-PHC,PRD-0120,134,134,0
2025-08-31,WH-LAG1,PRD-0121,201,201,0
2025-08-31,WH-LAG2,PRD-0121,162,162,0
2025-08-31,WH-IBD,PRD-0121,51,51,0
2025-08-31,WH-ABJ,PRD-0121,164,164,0
2025-08-31,WH-PHC,PRD-0121,40,40,0
2025-08-31,WH-LAG1,PRD-0122,71,71,0
2025-08-31,WH-LAG2,PRD-0122,114,114,0
2025-08-31,WH-IBD,PRD-0122,112,112,0
2025-08-31,WH-ABJ,PRD-0122,143,143,0
2025-08-31,WH-PHC,PRD-0122,77,80,3
2025-08-31,WH-LAG1,PRD-0123,39,39,0
2025-08-31,WH-LAG2,PRD-0123,36,36,0
2025-08-31,WH-IBD,PRD-0123,39,39,0
2025-08-31,WH-ABJ,PRD-0123,37,37,0
2025-08-31,WH-PHC,PRD-0123,84,84,0
2025-08-31,WH-LAG1,PRD-0124,30,30,0
2025-08-31,WH-LAG2,PRD-0124,18,18,0
2025-08-31,WH-IBD,PRD-0124,22,22,0
2025-08-31,WH-ABJ,PRD-0124,80,80,0
2025-08-31,WH-PHC,PRD-0124,11,11,0
2025-08-31,WH-LAG1,PRD-0125,897,897,0
2025-08-31,WH-LAG2,PRD-0125,350,350,0
2025-08-31,WH-IBD,PRD-0125,190,190,0
2025-08-31,WH-ABJ,PRD-0125,516,516,0
2025-08-31,WH-PHC,PRD-0125,277,277,0
2025-08-31,WH-LAG1,PRD-0126,59,59,0
2025-08-31,WH-LAG2,PRD-0126,46,46,0
2025-08-31,WH-IBD,PRD-0126,35,35,0
2025-08-31,WH-ABJ,PRD-0126,20,20,0
2025-08-31,WH-PHC,PRD-0126,22,21,-1
2025-08-31,WH-LAG1,PRD-0127,79,79,0
2025-08-31,WH-LAG2,PRD-0127,36,36,0
2025-08-31,WH-IBD,PRD-0127,9,9,0
2025-08-31,WH-ABJ,PRD-0127,48,48,0
2025-08-31,WH-PHC,PRD-0127,6,6,0
2025-08-31,WH-LAG1,PRD-0128,172,174,2
2025-08-31,WH-LAG2,PRD-0128,16,16,0
2025-08-31,WH-IBD,PRD-0128,58,58,0
2025-08-31,WH-ABJ,PRD-0128,47,47,0
2025-08-31,WH-PHC,PRD-0128,82,82,0
2025-08-31,WH-LAG1,PRD-0129,26,26,0
2025-08-31,WH-LAG2,PRD-0129,14,14,0
2025-08-31,WH-IBD,PRD-0129,6,7,1
2025-08-31,WH-ABJ,PRD-0129,0,0,0
2025-08-31,WH-PHC,PRD-0129,19,19,0
2025-08-31,WH-LAG1,PRD-0130,47,47,0
2025-08-31,WH-LAG2,PRD-0130,49,48,-1
2025-08-31,WH-IBD,PRD-0130,31,31,0
2025-08-31,WH-ABJ,PRD-0130,0,0,0
2025-08-31,WH-PHC,PRD-0130,33,33,0
2025-08-31,WH-LAG1,PRD-0131,163,163,0
2025-08-31,WH-LAG2,PRD-0131,83,83,0
2025-08-31,WH-IBD,PRD-0131,24,24,0
2025-08-31,WH-ABJ,PRD-0131,144,144,0
2025-08-31,WH-PHC,PRD-0131,55,55,0
2025-08-31,WH-LAG1,PRD-0132,89,89,0
2025-08-31,WH-LAG2,PRD-0132,39,39,0
2025-08-31,WH-IBD,PRD-0132,14,14,0
2025-08-31,WH-ABJ,PRD-0132,70,70,0
2025-08-31,WH-PHC,PRD-0132,53,53,0
2025-08-31,WH-LAG1,PRD-0133,50,50,0
2025-08-31,WH-LAG2,PRD-0133,44,43,-1
2025-08-31,WH-IBD,PRD-0133,29,29,0
2025-08-31,WH-ABJ,PRD-0133,23,23,0
2025-08-31,WH-PHC,PRD-0133,5,5,0
2025-08-31,WH-LAG1,PRD-0134,41,43,2
2025-08-31,WH-LAG2,PRD-0134,40,40,0
2025-08-31,WH-IBD,PRD-0134,30,30,0
2025-08-31,WH-ABJ,PRD-0134,42,42,0
2025-08-31,WH-PHC,PRD-0134,50,50,0
2025-08-31,WH-LAG1,PRD-0135,257,257,0
2025-08-31,WH-LAG2,PRD-0135,136,136,0
2025-08-31,WH-IBD,PRD-0135,146,146,0
2025-08-31,WH-ABJ,PRD-0135,181,181,0
2025-08-31,WH-PHC,PRD-0135,66,66,0
2025-08-31,WH-LAG1,PRD-0136,79,79,0
2025-08-31,WH-LAG2,PRD-0136,11,11,0
2025-08-31,WH-IBD,PRD-0136,11,11,0
2025-08-31,WH-ABJ,PRD-0136,70,69,-1
2025-08-31,WH-PHC,PRD-0136,60,60,0
2025-08-31,WH-LAG1,PRD-0137,94,90,-4
2025-08-31,WH-LAG2,PRD-0137,47,47,0
2025-08-31,WH-IBD,PRD-0137,44,44,0
2025-08-31,WH-ABJ,PRD-0137,86,86,0
2025-08-31,WH-PHC,PRD-0137,85,85,0
2025-08-31,WH-LAG1,PRD-0138,187,190,3
2025-08-31,WH-LAG2,PRD-0138,98,98,0
2025-08-31,WH-IBD,PRD-0138,59,59,0
2025-08-31,WH-ABJ,PRD-0138,30,30,0
2025-08-31,WH-PHC,PRD-0138,81,78,-3
2025-08-31,WH-LAG1,PRD-0139,149,149,0
2025-08-31,WH-LAG2,PRD-0139,67,67,0
2025-08-31,WH-IBD,PRD-0139,63,65,2
2025-08-31,WH-ABJ,PRD-0139,71,71,0
2025-08-31,WH-PHC,PRD-0139,53,53,0
2025-08-31,WH-LAG1,PRD-0140,52,52,0
2025-08-31,WH-LAG2,PRD-0140,20,20,0
2025-08-31,WH-IBD,PRD-0140,56,56,0
2025-08-31,WH-ABJ,PRD-0140,56,57,1
2025-08-31,WH-PHC,PRD-0140,28,28,0
2025-08-31,WH-LAG1,PRD-0141,34,34,0
2025-08-31,WH-LAG2,PRD-0141,67,67,0
2025-08-31,WH-IBD,PRD-0141,39,39,0
2025-08-31,WH-ABJ,PRD-0141,73,73,0
2025-08-31,WH-PHC,PRD-0141,48,48,0
2025-08-31,WH-LAG1,PRD-0142,183,183,0
2025-08-31,WH-LAG2,PRD-0142,54,54,0
2025-08-31,WH-IBD,PRD-0142,82,82,0
2025-08-31,WH-ABJ,PRD-0142,68,68,0
2025-08-31,WH-PHC,PRD-0142,48,48,0
2025-08-31,WH-LAG1,PRD-0143,59,59,0
2025-08-31,WH-LAG2,PRD-0143,42,42,0
2025-08-31,WH-IBD,PRD-0143,32,32,0
2025-08-31,WH-ABJ,PRD-0143,9,9,0
2025-08-31,WH-PHC,PRD-0143,32,32,0
2025-08-31,WH-LAG1,PRD-0144,130,130,0
2025-08-31,WH-LAG2,PRD-0144,61,61,0
2025-08-31,WH-IBD,PRD-0144,26,26,0
2025-08-31,WH-ABJ,PRD-0144,50,50,0
2025-08-31,WH-PHC,PRD-0144,26,25,-1
2025-08-31,WH-LAG1,PRD-0145,250,250,0
2025-08-31,WH-LAG2,PRD-0145,105,105,0
2025-08-31,WH-IBD,PRD-0145,11,11,0
2025-08-31,WH-ABJ,PRD-0145,77,77,0
2025-08-31,WH-PHC,PRD-0145,32,33,1
2025-08-31,WH-LAG1,PRD-0146,81,81,0
2025-08-31,WH-LAG2,PRD-0146,31,30,-1
2025-08-31,WH-IBD,PRD-0146,16,15,-1
2025-08-31,WH-ABJ,PRD-0146,43,43,0
2025-08-31,WH-PHC,PRD-0146,15,15,0
2025-08-31,WH-LAG1,PRD-0147,43,43,0
2025-08-31,WH-LAG2,PRD-0147,60,60,0
2025-08-31,WH-IBD,PRD-0147,17,17,0
2025-08-31,WH-ABJ,PRD-0147,29,29,0
2025-08-31,WH-PHC,PRD-0147,37,37,0
2025-08-31,WH-LAG1,PRD-0148,17,17,0
2025-08-31,WH-LAG2,PRD-0148,25,25,0
2025-08-31,WH-IBD,PRD-0148,37,37,0
2025-08-31,WH-ABJ,PRD-0148,0,1,1
2025-08-31,WH-PHC,PRD-0148,25,25,0
2025-08-31,WH-LAG1,PRD-0149,18,18,0
2025-08-31,WH-LAG2,PRD-0149,19,19,0
2025-08-31,WH-IBD,PRD-0149,19,19,0
2025-08-31,WH-ABJ,PRD-0149,28,28,0
2025-08-31,WH-PHC,PRD-0149,20,20,0
2025-08-31,WH-LAG1,PRD-0150,79,79,0
2025-08-31,WH-LAG2,PRD-0150,49,49,0
2025-08-31,WH-IBD,PRD-0150,0,0,0
2025-08-31,WH-ABJ,PRD-0150,21,21,0
2025-08-31,WH-PHC,PRD-0150,50,50,0
2025-08-31,WH-LAG1,PRD-0151,1070,1070,0
2025-08-31,WH-LAG2,PRD-0151,432,432,0
2025-08-31,WH-IBD,PRD-0151,578,578,0
2025-08-31,WH-ABJ,PRD-0151,885,885,0
2025-08-31,WH-PHC,PRD-0151,120,117,-3
2025-08-31,WH-LAG1,PRD-0152,16,16,0
2025-08-31,WH-LAG2,PRD-0152,32,32,0
2025-08-31,WH-IBD,PRD-0152,48,48,0
2025-08-31,WH-ABJ,PRD-0152,74,74,0
2025-08-31,WH-PHC,PRD-0152,47,47,0
2025-08-31,WH-LAG1,PRD-0153,80,80,0
2025-08-31,WH-LAG2,PRD-0153,257,253,-4
2025-08-31,WH-IBD,PRD-0153,72,69,-3
2025-08-31,WH-ABJ,PRD-0153,76,76,0
2025-08-31,WH-PHC,PRD-0153,100,100,0
2025-08-31,WH-LAG1,PRD-0154,109,109,0
2025-08-31,WH-LAG2,PRD-0154,70,70,0
2025-08-31,WH-IBD,PRD-0154,39,39,0
2025-08-31,WH-ABJ,PRD-0154,30,31,1
2025-08-31,WH-PHC,PRD-0154,59,59,0
2025-08-31,WH-LAG1,PRD-0155,60,60,0
2025-08-31,WH-LAG2,PRD-0155,19,19,0
2025-08-31,WH-IBD,PRD-0155,33,33,0
2025-08-31,WH-ABJ,PRD-0155,68,68,0
2025-08-31,WH-PHC,PRD-0155,29,29,0
2025-08-31,WH-LAG1,PRD-0156,60,60,0
2025-08-31,WH-LAG2,PRD-0156,107,107,0
2025-08-31,WH-IBD,PRD-0156,131,131,0
2025-08-31,WH-ABJ,PRD-0156,68,68,0
2025-08-31,WH-PHC,PRD-0156,133,133,0
2025-08-31,WH-LAG1,PRD-0157,130,130,0
2025-08-31,WH-LAG2,PRD-0157,50,50,0
2025-08-31,WH-IBD,PRD-0157,29,29,0
2025-08-31,WH-ABJ,PRD-0157,53,53,0
2025-08-31,WH-PHC,PRD-0157,60,60,0
2025-08-31,WH-LAG1,PRD-0158,29,29,0
2025-08-31,WH-LAG2,PRD-0158,7,7,0
2025-08-31,WH-IBD,PRD-0158,27,28,1
2025-08-31,WH-ABJ,PRD-0158,14,14,0
2025-08-31,WH-PHC,PRD-0158,32,32,0
2025-08-31,WH-LAG1,PRD-0159,59,59,0
2025-08-31,WH-LAG2,PRD-0159,40,40,0
2025-08-31,WH-IBD,PRD-0159,55,55,0
2025-08-31,WH-ABJ,PRD-0159,66,66,0
2025-08-31,WH-PHC,PRD-0159,49,49,0
2025-08-31,WH-LAG1,PRD-0160,465,465,0
2025-08-31,WH-LAG2,PRD-0160,165,165,0
2025-08-31,WH-IBD,PRD-0160,187,187,0
2025-08-31,WH-ABJ,PRD-0160,118,118,0
2025-08-31,WH-PHC,PRD-0160,126,126,0
2025-08-31,WH-LAG1,PRD-0161,196,196,0
2025-08-31,WH-LAG2,PRD-0161,182,182,0
2025-08-31,WH-IBD,PRD-0161,287,287,0
2025-08-31,WH-ABJ,PRD-0161,373,382,9
2025-08-31,WH-PHC,PRD-0161,413,413,0
2025-08-31,WH-LAG1,PRD-0162,103,103,0
2025-08-31,WH-LAG2,PRD-0162,41,41,0
2025-08-31,WH-IBD,PRD-0162,55,55,0
2025-08-31,WH-ABJ,PRD-0162,17,17,0
2025-08-31,WH-PHC,PRD-0162,19,19,0
2025-08-31,WH-LAG1,PRD-0163,84,84,0
2025-08-31,WH-LAG2,PRD-0163,37,37,0
2025-08-31,WH-IBD,PRD-0163,26,26,0
2025-08-31,WH-ABJ,PRD-0163,54,54,0
2025-08-31,WH-PHC,PRD-0163,41,41,0
2025-08-31,WH-LAG1,PRD-0164,56,55,-1
2025-08-31,WH-LAG2,PRD-0164,55,55,0
2025-08-31,WH-IBD,PRD-0164,22,22,0
2025-08-31,WH-ABJ,PRD-0164,28,28,0
2025-08-31,WH-PHC,PRD-0164,27,27,0
2025-08-31,WH-LAG1,PRD-0165,372,380,8
2025-08-31,WH-LAG2,PRD-0165,149,152,3
2025-08-31,WH-IBD,PRD-0165,194,194,0
2025-08-31,WH-ABJ,PRD-0165,183,183,0
2025-08-31,WH-PHC,PRD-0165,89,89,0
2025-08-31,WH-LAG1,PRD-0166,256,256,0
2025-08-31,WH-LAG2,PRD-0166,128,128,0
2025-08-31,WH-IBD,PRD-0166,111,111,0
2025-08-31,WH-ABJ,PRD-0166,90,90,0
2025-08-31,WH-PHC,PRD-0166,146,146,0
2025-08-31,WH-LAG1,PRD-0167,40,40,0
2025-08-31,WH-LAG2,PRD-0167,50,50,0
2025-08-31,WH-IBD,PRD-0167,18,18,0
2025-08-31,WH-ABJ,PRD-0167,59,58,-1
2025-08-31,WH-PHC,PRD-0167,25,25,0
2025-08-31,WH-LAG1,PRD-0168,37,37,0
2025-08-31,WH-LAG2,PRD-0168,20,20,0
2025-08-31,WH-IBD,PRD-0168,20,19,-1
2025-08-31,WH-ABJ,PRD-0168,30,30,0
2025-08-31,WH-PHC,PRD-0168,35,35,0
2025-08-31,WH-LAG1,PRD-0169,19,19,0
2025-08-31,WH-LAG2,PRD-0169,51,51,0
2025-08-31,WH-IBD,PRD-0169,16,16,0
2025-08-31,WH-ABJ,PRD-0169,54,54,0
2025-08-31,WH-PHC,PRD-0169,36,36,0
2025-08-31,WH-LAG1,PRD-0170,75,75,0
2025-08-31,WH-LAG2,PRD-0170,89,89,0
2025-08-31,WH-IBD,PRD-0170,39,39,0
2025-08-31,WH-ABJ,PRD-0170,51,51,0
2025-08-31,WH-PHC,PRD-0170,36,36,0
2025-09-30,WH-LAG1,PRD-0001,28,28,0
2025-09-30,WH-LAG2,PRD-0001,25,25,0
2025-09-30,WH-IBD,PRD-0001,51,51,0
2025-09-30,WH-ABJ,PRD-0001,18,18,0
2025-09-30,WH-PHC,PRD-0001,40,40,0
2025-09-30,WH-LAG1,PRD-0002,46,46,0
2025-09-30,WH-LAG2,PRD-0002,0,0,0
2025-09-30,WH-IBD,PRD-0002,11,11,0
2025-09-30,WH-ABJ,PRD-0002,25,25,0
2025-09-30,WH-PHC,PRD-0002,20,20,0
2025-09-30,WH-LAG1,PRD-0003,31,31,0
2025-09-30,WH-LAG2,PRD-0003,12,11,-1
2025-09-30,WH-IBD,PRD-0003,7,7,0
2025-09-30,WH-ABJ,PRD-0003,0,0,0
2025-09-30,WH-PHC,PRD-0003,0,0,0
2025-09-30,WH-LAG1,PRD-0004,395,395,0
2025-09-30,WH-LAG2,PRD-0004,221,212,-9
2025-09-30,WH-IBD,PRD-0004,123,123,0
2025-09-30,WH-ABJ,PRD-0004,279,279,0
2025-09-30,WH-PHC,PRD-0004,147,147,0
2025-09-30,WH-LAG1,PRD-0005,139,139,0
2025-09-30,WH-LAG2,PRD-0005,42,42,0
2025-09-30,WH-IBD,PRD-0005,53,53,0
2025-09-30,WH-ABJ,PRD-0005,59,59,0
2025-09-30,WH-PHC,PRD-0005,62,62,0
2025-09-30,WH-LAG1,PRD-0006,21,20,-1
2025-09-30,WH-LAG2,PRD-0006,40,40,0
2025-09-30,WH-IBD,PRD-0006,8,8,0
2025-09-30,WH-ABJ,PRD-0006,25,25,0
2025-09-30,WH-PHC,PRD-0006,9,9,0
2025-09-30,WH-LAG1,PRD-0007,107,107,0
2025-09-30,WH-LAG2,PRD-0007,21,21,0
2025-09-30,WH-IBD,PRD-0007,33,33,0
2025-09-30,WH-ABJ,PRD-0007,126,126,0
2025-09-30,WH-PHC,PRD-0007,90,90,0
2025-09-30,WH-LAG1,PRD-0008,56,56,0
2025-09-30,WH-LAG2,PRD-0008,54,52,-2
2025-09-30,WH-IBD,PRD-0008,23,23,0
2025-09-30,WH-ABJ,PRD-0008,16,16,0
2025-09-30,WH-PHC,PRD-0008,32,32,0
2025-09-30,WH-LAG1,PRD-0009,12,12,0
2025-09-30,WH-LAG2,PRD-0009,38,38,0
2025-09-30,WH-IBD,PRD-0009,24,24,0
2025-09-30,WH-ABJ,PRD-0009,30,30,0
2025-09-30,WH-PHC,PRD-0009,30,31,1
2025-09-30,WH-LAG1,PRD-0010,32,32,0
2025-09-30,WH-LAG2,PRD-0010,13,14,1
2025-09-30,WH-IBD,PRD-0010,0,0,0
2025-09-30,WH-ABJ,PRD-0010,11,11,0
2025-09-30,WH-PHC,PRD-0010,14,14,0
2025-09-30,WH-LAG1,PRD-0011,114,114,0
2025-09-30,WH-LAG2,PRD-0011,79,79,0
2025-09-30,WH-IBD,PRD-0011,78,78,0
2025-09-30,WH-ABJ,PRD-0011,68,68,0
2025-09-30,WH-PHC,PRD-0011,79,79,0
2025-09-30,WH-LAG1,PRD-0012,23,23,0
2025-09-30,WH-LAG2,PRD-0012,37,37,0
2025-09-30,WH-IBD,PRD-0012,24,24,0
2025-09-30,WH-ABJ,PRD-0012,35,35,0
2025-09-30,WH-PHC,PRD-0012,36,36,0
2025-09-30,WH-LAG1,PRD-0013,35,35,0
2025-09-30,WH-LAG2,PRD-0013,12,12,0
2025-09-30,WH-IBD,PRD-0013,18,19,1
2025-09-30,WH-ABJ,PRD-0013,21,21,0
2025-09-30,WH-PHC,PRD-0013,26,26,0
2025-09-30,WH-LAG1,PRD-0014,14,14,0
2025-09-30,WH-LAG2,PRD-0014,16,15,-1
2025-09-30,WH-IBD,PRD-0014,6,6,0
2025-09-30,WH-ABJ,PRD-0014,5,6,1
2025-09-30,WH-PHC,PRD-0014,17,18,1
2025-09-30,WH-LAG1,PRD-0015,27,27,0
2025-09-30,WH-LAG2,PRD-0015,29,29,0
2025-09-30,WH-IBD,PRD-0015,32,33,1
2025-09-30,WH-ABJ,PRD-0015,64,64,0
2025-09-30,WH-PHC,PRD-0015,52,53,1
2025-09-30,WH-LAG1,PRD-0016,133,133,0
2025-09-30,WH-LAG2,PRD-0016,113,113,0
2025-09-30,WH-IBD,PRD-0016,81,81,0
2025-09-30,WH-ABJ,PRD-0016,103,98,-5
2025-09-30,WH-PHC,PRD-0016,98,98,0
2025-09-30,WH-LAG1,PRD-0017,13,13,0
2025-09-30,WH-LAG2,PRD-0017,35,35,0
2025-09-30,WH-IBD,PRD-0017,31,31,0
2025-09-30,WH-ABJ,PRD-0017,15,15,0
2025-09-30,WH-PHC,PRD-0017,33,33,0
2025-09-30,WH-LAG1,PRD-0018,188,188,0
2025-09-30,WH-LAG2,PRD-0018,75,75,0
2025-09-30,WH-IBD,PRD-0018,54,54,0
2025-09-30,WH-ABJ,PRD-0018,148,148,0
2025-09-30,WH-PHC,PRD-0018,21,21,0
2025-09-30,WH-LAG1,PRD-0019,69,69,0
2025-09-30,WH-LAG2,PRD-0019,75,75,0
2025-09-30,WH-IBD,PRD-0019,25,25,0
2025-09-30,WH-ABJ,PRD-0019,62,62,0
2025-09-30,WH-PHC,PRD-0019,82,82,0
2025-09-30,WH-LAG1,PRD-0020,82,82,0
2025-09-30,WH-LAG2,PRD-0020,30,30,0
2025-09-30,WH-IBD,PRD-0020,20,20,0
2025-09-30,WH-ABJ,PRD-0020,136,136,0
2025-09-30,WH-PHC,PRD-0020,23,23,0
2025-09-30,WH-LAG1,PRD-0021,15,15,0
2025-09-30,WH-LAG2,PRD-0021,55,55,0
2025-09-30,WH-IBD,PRD-0021,39,39,0
2025-09-30,WH-ABJ,PRD-0021,12,12,0
2025-09-30,WH-PHC,PRD-0021,64,64,0
2025-09-30,WH-LAG1,PRD-0022,23,23,0
2025-09-30,WH-LAG2,PRD-0022,16,16,0
2025-09-30,WH-IBD,PRD-0022,11,11,0
2025-09-30,WH-ABJ,PRD-0022,31,32,1
2025-09-30,WH-PHC,PRD-0022,27,27,0
2025-09-30,WH-LAG1,PRD-0023,41,41,0
2025-09-30,WH-LAG2,PRD-0023,28,28,0
2025-09-30,WH-IBD,PRD-0023,93,95,2
2025-09-30,WH-ABJ,PRD-0023,25,26,1
2025-09-30,WH-PHC,PRD-0023,28,28,0
2025-09-30,WH-LAG1,PRD-0024,33,33,0
2025-09-30,WH-LAG2,PRD-0024,30,30,0
2025-09-30,WH-IBD,PRD-0024,22,22,0
2025-09-30,WH-ABJ,PRD-0024,58,58,0
2025-09-30,WH-PHC,PRD-0024,26,27,1
2025-09-30,WH-LAG1,PRD-0025,57,57,0
2025-09-30,WH-LAG2,PRD-0025,38,37,-1
2025-09-30,WH-IBD,PRD-0025,29,29,0
2025-09-30,WH-ABJ,PRD-0025,53,53,0
2025-09-30,WH-PHC,PRD-0025,22,22,0
2025-09-30,WH-LAG1,PRD-0026,16,16,0
2025-09-30,WH-LAG2,PRD-0026,60,60,0
2025-09-30,WH-IBD,PRD-0026,45,45,0
2025-09-30,WH-ABJ,PRD-0026,69,69,0
2025-09-30,WH-PHC,PRD-0026,59,61,2
2025-09-30,WH-LAG1,PRD-0027,38,38,0
2025-09-30,WH-LAG2,PRD-0027,11,11,0
2025-09-30,WH-IBD,PRD-0027,19,19,0
2025-09-30,WH-ABJ,PRD-0027,21,21,0
2025-09-30,WH-PHC,PRD-0027,23,23,0
2025-09-30,WH-LAG1,PRD-0028,35,35,0
2025-09-30,WH-LAG2,PRD-0028,23,23,0
2025-09-30,WH-IBD,PRD-0028,59,59,0
2025-09-30,WH-ABJ,PRD-0028,54,54,0
2025-09-30,WH-PHC,PRD-0028,64,64,0
2025-09-30,WH-LAG1,PRD-0029,47,47,0
2025-09-30,WH-LAG2,PRD-0029,35,35,0
2025-09-30,WH-IBD,PRD-0029,9,9,0
2025-09-30,WH-ABJ,PRD-0029,40,40,0
2025-09-30,WH-PHC,PRD-0029,30,30,0
2025-09-30,WH-LAG1,PRD-0030,28,28,0
2025-09-30,WH-LAG2,PRD-0030,28,27,-1
2025-09-30,WH-IBD,PRD-0030,18,18,0
2025-09-30,WH-ABJ,PRD-0030,18,18,0
2025-09-30,WH-PHC,PRD-0030,15,15,0
2025-09-30,WH-LAG1,PRD-0031,69,69,0
2025-09-30,WH-LAG2,PRD-0031,86,86,0
2025-09-30,WH-IBD,PRD-0031,79,79,0
2025-09-30,WH-ABJ,PRD-0031,123,120,-3
2025-09-30,WH-PHC,PRD-0031,127,127,0
2025-09-30,WH-LAG1,PRD-0032,21,21,0
2025-09-30,WH-LAG2,PRD-0032,10,10,0
2025-09-30,WH-IBD,PRD-0032,10,10,0
2025-09-30,WH-ABJ,PRD-0032,12,12,0
2025-09-30,WH-PHC,PRD-0032,12,12,0
2025-09-30,WH-LAG1,PRD-0033,47,47,0
2025-09-30,WH-LAG2,PRD-0033,38,38,0
2025-09-30,WH-IBD,PRD-0033,52,52,0
2025-09-30,WH-ABJ,PRD-0033,80,80,0
2025-09-30,WH-PHC,PRD-0033,12,12,0
2025-09-30,WH-LAG1,PRD-0034,41,41,0
2025-09-30,WH-LAG2,PRD-0034,11,10,-1
2025-09-30,WH-IBD,PRD-0034,12,12,0
2025-09-30,WH-ABJ,PRD-0034,15,15,0
2025-09-30,WH-PHC,PRD-0034,13,13,0
2025-09-30,WH-LAG1,PRD-0035,173,173,0
2025-09-30,WH-LAG2,PRD-0035,59,59,0
2025-09-30,WH-IBD,PRD-0035,63,65,2
2025-09-30,WH-ABJ,PRD-0035,69,69,0
2025-09-30,WH-PHC,PRD-0035,29,29,0
2025-09-30,WH-LAG1,PRD-0036,51,51,0
2025-09-30,WH-LAG2,PRD-0036,19,19,0
2025-09-30,WH-IBD,PRD-0036,30,30,0
2025-09-30,WH-ABJ,PRD-0036,36,36,0
2025-09-30,WH-PHC,PRD-0036,16,16,0
2025-09-30,WH-LAG1,PRD-0037,65,65,0
2025-09-30,WH-LAG2,PRD-0037,76,76,0
2025-09-30,WH-IBD,PRD-0037,19,19,0
2025-09-30,WH-ABJ,PRD-0037,92,92,0
2025-09-30,WH-PHC,PRD-0037,72,72,0
2025-09-30,WH-LAG1,PRD-0038,14,15,1
2025-09-30,WH-LAG2,PRD-0038,8,8,0
2025-09-30,WH-IBD,PRD-0038,6,6,0
2025-09-30,WH-ABJ,PRD-0038,27,27,0
2025-09-30,WH-PHC,PRD-0038,15,15,0
2025-09-30,WH-LAG1,PRD-0039,96,96,0
2025-09-30,WH-LAG2,PRD-0039,39,39,0
2025-09-30,WH-IBD,PRD-0039,111,111,0
2025-09-30,WH-ABJ,PRD-0039,60,60,0
2025-09-30,WH-PHC,PRD-0039,47,47,0
2025-09-30,WH-LAG1,PRD-0040,75,75,0
2025-09-30,WH-LAG2,PRD-0040,43,43,0
2025-09-30,WH-IBD,PRD-0040,32,32,0
2025-09-30,WH-ABJ,PRD-0040,52,53,1
2025-09-30,WH-PHC,PRD-0040,30,30,0
2025-09-30,WH-LAG1,PRD-0041,106,106,0
2025-09-30,WH-LAG2,PRD-0041,42,41,-1
2025-09-30,WH-IBD,PRD-0041,51,52,1
2025-09-30,WH-ABJ,PRD-0041,77,75,-2
2025-09-30,WH-PHC,PRD-0041,1,1,0
2025-09-30,WH-LAG1,PRD-0042,24,24,0
2025-09-30,WH-LAG2,PRD-0042,17,17,0
2025-09-30,WH-IBD,PRD-0042,15,15,0
2025-09-30,WH-ABJ,PRD-0042,22,22,0
2025-09-30,WH-PHC,PRD-0042,5,6,1
2025-09-30,WH-LAG1,PRD-0043,86,86,0
2025-09-30,WH-LAG2,PRD-0043,42,43,1
2025-09-30,WH-IBD,PRD-0043,51,51,0
2025-09-30,WH-ABJ,PRD-0043,62,60,-2
2025-09-30,WH-PHC,PRD-0043,46,46,0
2025-09-30,WH-LAG1,PRD-0044,16,16,0
2025-09-30,WH-LAG2,PRD-0044,15,15,0
2025-09-30,WH-IBD,PRD-0044,8,8,0
2025-09-30,WH-ABJ,PRD-0044,0,0,0
2025-09-30,WH-PHC,PRD-0044,8,8,0
2025-09-30,WH-LAG1,PRD-0045,94,94,0
2025-09-30,WH-LAG2,PRD-0045,50,48,-2
2025-09-30,WH-IBD,PRD-0045,40,40,0
2025-09-30,WH-ABJ,PRD-0045,43,43,0
2025-09-30,WH-PHC,PRD-0045,54,54,0
2025-09-30,WH-LAG1,PRD-0046,90,90,0
2025-09-30,WH-LAG2,PRD-0046,0,0,0
2025-09-30,WH-IBD,PRD-0046,48,48,0
2025-09-30,WH-ABJ,PRD-0046,28,28,0
2025-09-30,WH-PHC,PRD-0046,62,62,0
2025-09-30,WH-LAG1,PRD-0047,0,0,0
2025-09-30,WH-LAG2,PRD-0047,24,24,0
2025-09-30,WH-IBD,PRD-0047,30,30,0
2025-09-30,WH-ABJ,PRD-0047,70,70,0
2025-09-30,WH-PHC,PRD-0047,36,36,0
2025-09-30,WH-LAG1,PRD-0048,0,0,0
2025-09-30,WH-LAG2,PRD-0048,4,3,-1
2025-09-30,WH-IBD,PRD-0048,27,27,0
2025-09-30,WH-ABJ,PRD-0048,37,36,-1
2025-09-30,WH-PHC,PRD-0048,3,3,0
2025-09-30,WH-LAG1,PRD-0049,99,99,0
2025-09-30,WH-LAG2,PRD-0049,48,48,0
2025-09-30,WH-IBD,PRD-0049,50,50,0
2025-09-30,WH-ABJ,PRD-0049,40,40,0
2025-09-30,WH-PHC,PRD-0049,28,28,0
2025-09-30,WH-LAG1,PRD-0050,40,40,0
2025-09-30,WH-LAG2,PRD-0050,33,33,0
2025-09-30,WH-IBD,PRD-0050,38,38,0
2025-09-30,WH-ABJ,PRD-0050,27,27,0
2025-09-30,WH-PHC,PRD-0050,40,40,0
2025-09-30,WH-LAG1,PRD-0051,220,220,0
2025-09-30,WH-LAG2,PRD-0051,52,52,0
2025-09-30,WH-IBD,PRD-0051,57,57,0
2025-09-30,WH-ABJ,PRD-0051,178,178,0
2025-09-30,WH-PHC,PRD-0051,56,56,0
2025-09-30,WH-LAG1,PRD-0052,24,24,0
2025-09-30,WH-LAG2,PRD-0052,9,9,0
2025-09-30,WH-IBD,PRD-0052,0,0,0
2025-09-30,WH-ABJ,PRD-0052,0,0,0
2025-09-30,WH-PHC,PRD-0052,12,12,0
2025-09-30,WH-LAG1,PRD-0053,46,45,-1
2025-09-30,WH-LAG2,PRD-0053,29,29,0
2025-09-30,WH-IBD,PRD-0053,7,7,0
2025-09-30,WH-ABJ,PRD-0053,25,25,0
2025-09-30,WH-PHC,PRD-0053,5,4,-1
2025-09-30,WH-LAG1,PRD-0054,16,16,0
2025-09-30,WH-LAG2,PRD-0054,13,13,0
2025-09-30,WH-IBD,PRD-0054,26,26,0
2025-09-30,WH-ABJ,PRD-0054,37,37,0
2025-09-30,WH-PHC,PRD-0054,18,18,0
2025-09-30,WH-LAG1,PRD-0055,104,104,0
2025-09-30,WH-LAG2,PRD-0055,41,41,0
2025-09-30,WH-IBD,PRD-0055,22,22,0
2025-09-30,WH-ABJ,PRD-0055,45,45,0
2025-09-30,WH-PHC,PRD-0055,61,61,0
2025-09-30,WH-LAG1,PRD-0056,66,66,0
2025-09-30,WH-LAG2,PRD-0056,56,56,0
2025-09-30,WH-IBD,PRD-0056,40,40,0
2025-09-30,WH-ABJ,PRD-0056,39,39,0
2025-09-30,WH-PHC,PRD-0056,32,32,0
2025-09-30,WH-LAG1,PRD-0057,0,0,0
2025-09-30,WH-LAG2,PRD-0057,129,129,0
2025-09-30,WH-IBD,PRD-0057,125,125,0
2025-09-30,WH-ABJ,PRD-0057,220,220,0
2025-09-30,WH-PHC,PRD-0057,91,91,0
2025-09-30,WH-LAG1,PRD-0058,34,34,0
2025-09-30,WH-LAG2,PRD-0058,23,23,0
2025-09-30,WH-IBD,PRD-0058,18,18,0
2025-09-30,WH-ABJ,PRD-0058,35,35,0
2025-09-30,WH-PHC,PRD-0058,30,30,0
2025-09-30,WH-LAG1,PRD-0059,52,52,0
2025-09-30,WH-LAG2,PRD-0059,75,75,0
2025-09-30,WH-IBD,PRD-0059,29,28,-1
2025-09-30,WH-ABJ,PRD-0059,69,69,0
2025-09-30,WH-PHC,PRD-0059,55,55,0
2025-09-30,WH-LAG1,PRD-0060,150,150,0
2025-09-30,WH-LAG2,PRD-0060,83,83,0
2025-09-30,WH-IBD,PRD-0060,67,67,0
2025-09-30,WH-ABJ,PRD-0060,27,27,0
2025-09-30,WH-PHC,PRD-0060,30,30,0
2025-09-30,WH-LAG1,PRD-0061,95,95,0
2025-09-30,WH-LAG2,PRD-0061,69,69,0
2025-09-30,WH-IBD,PRD-0061,12,12,0
2025-09-30,WH-ABJ,PRD-0061,119,119,0
2025-09-30,WH-PHC,PRD-0061,54,55,1
2025-09-30,WH-LAG1,PRD-0062,219,219,0
2025-09-30,WH-LAG2,PRD-0062,97,97,0
2025-09-30,WH-IBD,PRD-0062,56,56,0
2025-09-30,WH-ABJ,PRD-0062,45,45,0
2025-09-30,WH-PHC,PRD-0062,122,122,0
2025-09-30,WH-LAG1,PRD-0063,68,68,0
2025-09-30,WH-LAG2,PRD-0063,17,17,0
2025-09-30,WH-IBD,PRD-0063,71,71,0
2025-09-30,WH-ABJ,PRD-0063,52,52,0
2025-09-30,WH-PHC,PRD-0063,63,63,0
2025-09-30,WH-LAG1,PRD-0064,70,70,0
2025-09-30,WH-LAG2,PRD-0064,40,40,0
2025-09-30,WH-IBD,PRD-0064,67,68,1
2025-09-30,WH-ABJ,PRD-0064,37,37,0
2025-09-30,WH-PHC,PRD-0064,113,113,0
2025-09-30,WH-LAG1,PRD-0065,132,132,0
2025-09-30,WH-LAG2,PRD-0065,0,0,0
2025-09-30,WH-IBD,PRD-0065,50,50,0
2025-09-30,WH-ABJ,PRD-0065,126,126,0
2025-09-30,WH-PHC,PRD-0065,61,62,1
2025-09-30,WH-LAG1,PRD-0066,11,11,0
2025-09-30,WH-LAG2,PRD-0066,1,1,0
2025-09-30,WH-IBD,PRD-0066,10,10,0
2025-09-30,WH-ABJ,PRD-0066,8,8,0
2025-09-30,WH-PHC,PRD-0066,11,12,1
2025-09-30,WH-LAG1,PRD-0067,94,94,0
2025-09-30,WH-LAG2,PRD-0067,58,57,-1
2025-09-30,WH-IBD,PRD-0067,39,39,0
2025-09-30,WH-ABJ,PRD-0067,54,54,0
2025-09-30,WH-PHC,PRD-0067,49,49,0
2025-09-30,WH-LAG1,PRD-0068,170,170,0
2025-09-30,WH-LAG2,PRD-0068,41,41,0
2025-09-30,WH-IBD,PRD-0068,40,40,0
2025-09-30,WH-ABJ,PRD-0068,52,52,0
2025-09-30,WH-PHC,PRD-0068,54,54,0
2025-09-30,WH-LAG1,PRD-0069,17,17,0
2025-09-30,WH-LAG2,PRD-0069,25,25,0
2025-09-30,WH-IBD,PRD-0069,18,18,0
2025-09-30,WH-ABJ,PRD-0069,9,9,0
2025-09-30,WH-PHC,PRD-0069,13,13,0
2025-09-30,WH-LAG1,PRD-0070,110,111,1
2025-09-30,WH-LAG2,PRD-0070,0,0,0
2025-09-30,WH-IBD,PRD-0070,0,0,0
2025-09-30,WH-ABJ,PRD-0070,0,0,0
2025-09-30,WH-PHC,PRD-0070,37,37,0
2025-09-30,WH-LAG1,PRD-0071,0,0,0
2025-09-30,WH-LAG2,PRD-0071,0,0,0
2025-09-30,WH-IBD,PRD-0071,10,10,0
2025-09-30,WH-ABJ,PRD-0071,2,2,0
2025-09-30,WH-PHC,PRD-0071,11,11,0
2025-09-30,WH-LAG1,PRD-0072,71,71,0
2025-09-30,WH-LAG2,PRD-0072,38,38,0
2025-09-30,WH-IBD,PRD-0072,18,18,0
2025-09-30,WH-ABJ,PRD-0072,54,54,0
2025-09-30,WH-PHC,PRD-0072,33,33,0
2025-09-30,WH-LAG1,PRD-0073,5,5,0
2025-09-30,WH-LAG2,PRD-0073,17,17,0
2025-09-30,WH-IBD,PRD-0073,20,20,0
2025-09-30,WH-ABJ,PRD-0073,6,6,0
2025-09-30,WH-PHC,PRD-0073,25,24,-1
2025-09-30,WH-LAG1,PRD-0074,6,6,0
2025-09-30,WH-LAG2,PRD-0074,9,9,0
2025-09-30,WH-IBD,PRD-0074,34,34,0
2025-09-30,WH-ABJ,PRD-0074,42,42,0
2025-09-30,WH-PHC,PRD-0074,51,51,0
2025-09-30,WH-LAG1,PRD-0075,30,31,1
2025-09-30,WH-LAG2,PRD-0075,31,31,0
2025-09-30,WH-IBD,PRD-0075,27,27,0
2025-09-30,WH-ABJ,PRD-0075,26,26,0
2025-09-30,WH-PHC,PRD-0075,24,24,0
2025-09-30,WH-LAG1,PRD-0076,208,208,0
2025-09-30,WH-LAG2,PRD-0076,16,16,0
2025-09-30,WH-IBD,PRD-0076,100,100,0
2025-09-30,WH-ABJ,PRD-0076,135,135,0
2025-09-30,WH-PHC,PRD-0076,113,113,0
2025-09-30,WH-LAG1,PRD-0077,397,397,0
2025-09-30,WH-LAG2,PRD-0077,143,143,0
2025-09-30,WH-IBD,PRD-0077,185,185,0
2025-09-30,WH-ABJ,PRD-0077,164,164,0
2025-09-30,WH-PHC,PRD-0077,124,124,0
2025-09-30,WH-LAG1,PRD-0078,66,66,0
2025-09-30,WH-LAG2,PRD-0078,95,95,0
2025-09-30,WH-IBD,PRD-0078,66,66,0
2025-09-30,WH-ABJ,PRD-0078,64,64,0
2025-09-30,WH-PHC,PRD-0078,59,59,0
2025-09-30,WH-LAG1,PRD-0079,64,64,0
2025-09-30,WH-LAG2,PRD-0079,22,22,0
2025-09-30,WH-IBD,PRD-0079,57,57,0
2025-09-30,WH-ABJ,PRD-0079,39,39,0
2025-09-30,WH-PHC,PRD-0079,25,25,0
2025-09-30,WH-LAG1,PRD-0080,152,152,0
2025-09-30,WH-LAG2,PRD-0080,81,81,0
2025-09-30,WH-IBD,PRD-0080,40,40,0
2025-09-30,WH-ABJ,PRD-0080,71,71,0
2025-09-30,WH-PHC,PRD-0080,101,101,0
2025-09-30,WH-LAG1,PRD-0081,129,129,0
2025-09-30,WH-LAG2,PRD-0081,90,90,0
2025-09-30,WH-IBD,PRD-0081,44,44,0
2025-09-30,WH-ABJ,PRD-0081,107,107,0
2025-09-30,WH-PHC,PRD-0081,48,48,0
2025-09-30,WH-LAG1,PRD-0082,154,154,0
2025-09-30,WH-LAG2,PRD-0082,70,70,0
2025-09-30,WH-IBD,PRD-0082,25,25,0
2025-09-30,WH-ABJ,PRD-0082,130,130,0
2025-09-30,WH-PHC,PRD-0082,70,70,0
2025-09-30,WH-LAG1,PRD-0083,143,143,0
2025-09-30,WH-LAG2,PRD-0083,201,201,0
2025-09-30,WH-IBD,PRD-0083,25,25,0
2025-09-30,WH-ABJ,PRD-0083,155,155,0
2025-09-30,WH-PHC,PRD-0083,169,169,0
2025-09-30,WH-LAG1,PRD-0084,221,226,5
2025-09-30,WH-LAG2,PRD-0084,42,41,-1
2025-09-30,WH-IBD,PRD-0084,55,55,0
2025-09-30,WH-ABJ,PRD-0084,128,128,0
2025-09-30,WH-PHC,PRD-0084,61,63,2
2025-09-30,WH-LAG1,PRD-0085,56,56,0
2025-09-30,WH-LAG2,PRD-0085,73,73,0
2025-09-30,WH-IBD,PRD-0085,0,0,0
2025-09-30,WH-ABJ,PRD-0085,59,59,0
2025-09-30,WH-PHC,PRD-0085,33,33,0
2025-09-30,WH-LAG1,PRD-0086,520,520,0
2025-09-30,WH-LAG2,PRD-0086,311,317,6
2025-09-30,WH-IBD,PRD-0086,210,210,0
2025-09-30,WH-ABJ,PRD-0086,99,99,0
2025-09-30,WH-PHC,PRD-0086,322,322,0
2025-09-30,WH-LAG1,PRD-0087,17,18,1
2025-09-30,WH-LAG2,PRD-0087,26,26,0
2025-09-30,WH-IBD,PRD-0087,6,5,-1
2025-09-30,WH-ABJ,PRD-0087,5,5,0
2025-09-30,WH-PHC,PRD-0087,8,8,0
2025-09-30,WH-LAG1,PRD-0088,38,38,0
2025-09-30,WH-LAG2,PRD-0088,19,19,0
2025-09-30,WH-IBD,PRD-0088,43,43,0
2025-09-30,WH-ABJ,PRD-0088,31,31,0
2025-09-30,WH-PHC,PRD-0088,45,45,0
2025-09-30,WH-LAG1,PRD-0089,22,22,0
2025-09-30,WH-LAG2,PRD-0089,22,23,1
2025-09-30,WH-IBD,PRD-0089,34,34,0
2025-09-30,WH-ABJ,PRD-0089,24,24,0
2025-09-30,WH-PHC,PRD-0089,0,0,0
2025-09-30,WH-LAG1,PRD-0090,261,261,0
2025-09-30,WH-LAG2,PRD-0090,89,89,0
2025-09-30,WH-IBD,PRD-0090,856,820,-36
2025-09-30,WH-ABJ,PRD-0090,628,628,0
2025-09-30,WH-PHC,PRD-0090,614,614,0
2025-09-30,WH-LAG1,PRD-0091,106,106,0
2025-09-30,WH-LAG2,PRD-0091,30,30,0
2025-09-30,WH-IBD,PRD-0091,25,25,0
2025-09-30,WH-ABJ,PRD-0091,37,37,0
2025-09-30,WH-PHC,PRD-0091,41,41,0
2025-09-30,WH-LAG1,PRD-0092,31,31,0
2025-09-30,WH-LAG2,PRD-0092,20,19,-1
2025-09-30,WH-IBD,PRD-0092,27,27,0
2025-09-30,WH-ABJ,PRD-0092,48,48,0
2025-09-30,WH-PHC,PRD-0092,28,29,1
2025-09-30,WH-LAG1,PRD-0093,154,154,0
2025-09-30,WH-LAG2,PRD-0093,34,34,0
2025-09-30,WH-IBD,PRD-0093,90,90,0
2025-09-30,WH-ABJ,PRD-0093,95,93,-2
2025-09-30,WH-PHC,PRD-0093,55,55,0
2025-09-30,WH-LAG1,PRD-0094,22,22,0
2025-09-30,WH-LAG2,PRD-0094,28,28,0
2025-09-30,WH-IBD,PRD-0094,20,20,0
2025-09-30,WH-ABJ,PRD-0094,14,14,0
2025-09-30,WH-PHC,PRD-0094,20,20,0
2025-09-30,WH-LAG1,PRD-0095,13,13,0
2025-09-30,WH-LAG2,PRD-0095,15,14,-1
2025-09-30,WH-IBD,PRD-0095,14,14,0
2025-09-30,WH-ABJ,PRD-0095,16,16,0
2025-09-30,WH-PHC,PRD-0095,20,20,0
2025-09-30,WH-LAG1,PRD-0096,4,4,0
2025-09-30,WH-LAG2,PRD-0096,9,9,0
2025-09-30,WH-IBD,PRD-0096,14,14,0
2025-09-30,WH-ABJ,PRD-0096,10,10,0
2025-09-30,WH-PHC,PRD-0096,20,20,0
2025-09-30,WH-LAG1,PRD-0097,31,32,1
2025-09-30,WH-LAG2,PRD-0097,0,0,0
2025-09-30,WH-IBD,PRD-0097,16,16,0
2025-09-30,WH-ABJ,PRD-0097,19,19,0
2025-09-30,WH-PHC,PRD-0097,20,19,-1
2025-09-30,WH-LAG1,PRD-0098,460,460,0
2025-09-30,WH-LAG2,PRD-0098,203,203,0
2025-09-30,WH-IBD,PRD-0098,91,91,0
2025-09-30,WH-ABJ,PRD-0098,109,113,4
2025-09-30,WH-PHC,PRD-0098,112,112,0
2025-09-30,WH-LAG1,PRD-0099,25,25,0
2025-09-30,WH-LAG2,PRD-0099,3,3,0
2025-09-30,WH-IBD,PRD-0099,37,37,0
2025-09-30,WH-ABJ,PRD-0099,31,31,0
2025-09-30,WH-PHC,PRD-0099,29,29,0
2025-09-30,WH-LAG1,PRD-0100,325,325,0
2025-09-30,WH-LAG2,PRD-0100,68,68,0
2025-09-30,WH-IBD,PRD-0100,33,33,0
2025-09-30,WH-ABJ,PRD-0100,181,181,0
2025-09-30,WH-PHC,PRD-0100,196,196,0
2025-09-30,WH-LAG1,PRD-0101,38,38,0
2025-09-30,WH-LAG2,PRD-0101,7,7,0
2025-09-30,WH-IBD,PRD-0101,23,23,0
2025-09-30,WH-ABJ,PRD-0101,28,28,0
2025-09-30,WH-PHC,PRD-0101,5,4,-1
2025-09-30,WH-LAG1,PRD-0102,73,73,0
2025-09-30,WH-LAG2,PRD-0102,45,44,-1
2025-09-30,WH-IBD,PRD-0102,63,64,1
2025-09-30,WH-ABJ,PRD-0102,61,61,0
2025-09-30,WH-PHC,PRD-0102,51,51,0
2025-09-30,WH-LAG1,PRD-0103,69,69,0
2025-09-30,WH-LAG2,PRD-0103,72,72,0
2025-09-30,WH-IBD,PRD-0103,28,28,0
2025-09-30,WH-ABJ,PRD-0103,101,101,0
2025-09-30,WH-PHC,PRD-0103,37,37,0
2025-09-30,WH-LAG1,PRD-0104,54,54,0
2025-09-30,WH-LAG2,PRD-0104,18,17,-1
2025-09-30,WH-IBD,PRD-0104,8,8,0
2025-09-30,WH-ABJ,PRD-0104,45,45,0
2025-09-30,WH-PHC,PRD-0104,22,22,0
2025-09-30,WH-LAG1,PRD-0105,26,26,0
2025-09-30,WH-LAG2,PRD-0105,31,31,0
2025-09-30,WH-IBD,PRD-0105,30,30,0
2025-09-30,WH-ABJ,PRD-0105,19,19,0
2025-09-30,WH-PHC,PRD-0105,33,33,0
2025-09-30,WH-LAG1,PRD-0106,49,49,0
2025-09-30,WH-LAG2,PRD-0106,34,33,-1
2025-09-30,WH-IBD,PRD-0106,23,24,1
2025-09-30,WH-ABJ,PRD-0106,13,13,0
2025-09-30,WH-PHC,PRD-0106,12,12,0
2025-09-30,WH-LAG1,PRD-0107,48,48,0
2025-09-30,WH-LAG2,PRD-0107,26,26,0
2025-09-30,WH-IBD,PRD-0107,17,17,0
2025-09-30,WH-ABJ,PRD-0107,25,25,0
2025-09-30,WH-PHC,PRD-0107,0,1,1
2025-09-30,WH-LAG1,PRD-0108,280,280,0
2025-09-30,WH-LAG2,PRD-0108,94,94,0
2025-09-30,WH-IBD,PRD-0108,110,110,0
2025-09-30,WH-ABJ,PRD-0108,55,55,0
2025-09-30,WH-PHC,PRD-0108,83,81,-2
2025-09-30,WH-LAG1,PRD-0109,211,211,0
2025-09-30,WH-LAG2,PRD-0109,71,71,0
2025-09-30,WH-IBD,PRD-0109,0,0,0
2025-09-30,WH-ABJ,PRD-0109,37,36,-1
2025-09-30,WH-PHC,PRD-0109,10,11,1
2025-09-30,WH-LAG1,PRD-0110,12,12,0
2025-09-30,WH-LAG2,PRD-0110,31,30,-1
2025-09-30,WH-IBD,PRD-0110,20,20,0
2025-09-30,WH-ABJ,PRD-0110,7,7,0
2025-09-30,WH-PHC,PRD-0110,24,24,0
2025-09-30,WH-LAG1,PRD-0111,219,219,0
2025-09-30,WH-LAG2,PRD-0111,40,40,0
2025-09-30,WH-IBD,PRD-0111,42,42,0
2025-09-30,WH-ABJ,PRD-0111,63,63,0
2025-09-30,WH-PHC,PRD-0111,23,23,0
2025-09-30,WH-LAG1,PRD-0112,9,9,0
2025-09-30,WH-LAG2,PRD-0112,13,13,0
2025-09-30,WH-IBD,PRD-0112,12,12,0
2025-09-30,WH-ABJ,PRD-0112,33,33,0
2025-09-30,WH-PHC,PRD-0112,21,21,0
2025-09-30,WH-LAG1,PRD-0113,94,94,0
2025-09-30,WH-LAG2,PRD-0113,98,98,0
2025-09-30,WH-IBD,PRD-0113,84,84,0
2025-09-30,WH-ABJ,PRD-0113,64,64,0
2025-09-30,WH-PHC,PRD-0113,20,20,0
2025-09-30,WH-LAG1,PRD-0114,17,17,0
2025-09-30,WH-LAG2,PRD-0114,20,20,0
2025-09-30,WH-IBD,PRD-0114,20,20,0
2025-09-30,WH-ABJ,PRD-0114,27,27,0
2025-09-30,WH-PHC,PRD-0114,6,6,0
2025-09-30,WH-LAG1,PRD-0115,71,71,0
2025-09-30,WH-LAG2,PRD-0115,23,23,0
2025-09-30,WH-IBD,PRD-0115,59,59,0
2025-09-30,WH-ABJ,PRD-0115,53,53,0
2025-09-30,WH-PHC,PRD-0115,90,90,0
2025-09-30,WH-LAG1,PRD-0116,36,35,-1
2025-09-30,WH-LAG2,PRD-0116,22,22,0
2025-09-30,WH-IBD,PRD-0116,59,59,0
2025-09-30,WH-ABJ,PRD-0116,37,37,0
2025-09-30,WH-PHC,PRD-0116,10,10,0
2025-09-30,WH-LAG1,PRD-0117,10,10,0
2025-09-30,WH-LAG2,PRD-0117,55,55,0
2025-09-30,WH-IBD,PRD-0117,55,55,0
2025-09-30,WH-ABJ,PRD-0117,71,71,0
2025-09-30,WH-PHC,PRD-0117,66,66,0
2025-09-30,WH-LAG1,PRD-0118,18,18,0
2025-09-30,WH-LAG2,PRD-0118,80,80,0
2025-09-30,WH-IBD,PRD-0118,77,77,0
2025-09-30,WH-ABJ,PRD-0118,160,160,0
2025-09-30,WH-PHC,PRD-0118,178,174,-4
2025-09-30,WH-LAG1,PRD-0119,31,31,0
2025-09-30,WH-LAG2,PRD-0119,0,0,0
2025-09-30,WH-IBD,PRD-0119,9,9,0
2025-09-30,WH-ABJ,PRD-0119,26,27,1
2025-09-30,WH-PHC,PRD-0119,29,29,0
2025-09-30,WH-LAG1,PRD-0120,240,240,0
2025-09-30,WH-LAG2,PRD-0120,162,162,0
2025-09-30,WH-IBD,PRD-0120,56,56,0
2025-09-30,WH-ABJ,PRD-0120,30,30,0
2025-09-30,WH-PHC,PRD-0120,66,66,0
2025-09-30,WH-LAG1,PRD-0121,108,108,0
2025-09-30,WH-LAG2,PRD-0121,154,154,0
2025-09-30,WH-IBD,PRD-0121,150,150,0
2025-09-30,WH-ABJ,PRD-0121,84,84,0
2025-09-30,WH-PHC,PRD-0121,182,176,-6
2025-09-30,WH-LAG1,PRD-0122,287,287,0
2025-09-30,WH-LAG2,PRD-0122,98,98,0
2025-09-30,WH-IBD,PRD-0122,93,93,0
2025-09-30,WH-ABJ,PRD-0122,95,98,3
2025-09-30,WH-PHC,PRD-0122,73,73,0
2025-09-30,WH-LAG1,PRD-0123,130,130,0
2025-09-30,WH-LAG2,PRD-0123,36,36,0
2025-09-30,WH-IBD,PRD-0123,39,39,0
2025-09-30,WH-ABJ,PRD-0123,13,13,0
2025-09-30,WH-PHC,PRD-0123,70,70,0
2025-09-30,WH-LAG1,PRD-0124,23,23,0
2025-09-30,WH-LAG2,PRD-0124,18,18,0
2025-09-30,WH-IBD,PRD-0124,22,22,0
2025-09-30,WH-ABJ,PRD-0124,78,78,0
2025-09-30,WH-PHC,PRD-0124,5,5,0
2025-09-30,WH-LAG1,PRD-0125,702,702,0
2025-09-30,WH-LAG2,PRD-0125,276,276,0
2025-09-30,WH-IBD,PRD-0125,99,99,0
2025-09-30,WH-ABJ,PRD-0125,401,401,0
2025-09-30,WH-PHC,PRD-0125,239,239,0
2025-09-30,WH-LAG1,PRD-0126,21,21,0
2025-09-30,WH-LAG2,PRD-0126,32,32,0
2025-09-30,WH-IBD,PRD-0126,25,25,0
2025-09-30,WH-ABJ,PRD-0126,14,14,0
2025-09-30,WH-PHC,PRD-0126,22,21,-1
2025-09-30,WH-LAG1,PRD-0127,79,79,0
2025-09-30,WH-LAG2,PRD-0127,29,29,0
2025-09-30,WH-IBD,PRD-0127,37,37,0
2025-09-30,WH-ABJ,PRD-0127,27,27,0
2025-09-30,WH-PHC,PRD-0127,30,30,0
2025-09-30,WH-LAG1,PRD-0128,137,137,0
2025-09-30,WH-LAG2,PRD-0128,71,71,0
2025-09-30,WH-IBD,PRD-0128,48,48,0
2025-09-30,WH-ABJ,PRD-0128,35,35,0
2025-09-30,WH-PHC,PRD-0128,82,82,0
2025-09-30,WH-LAG1,PRD-0129,26,26,0
2025-09-30,WH-LAG2,PRD-0129,14,14,0
2025-09-30,WH-IBD,PRD-0129,16,16,0
2025-09-30,WH-ABJ,PRD-0129,4,4,0
2025-09-30,WH-PHC,PRD-0129,15,15,0
2025-09-30,WH-LAG1,PRD-0130,19,19,0
2025-09-30,WH-LAG2,PRD-0130,37,37,0
2025-09-30,WH-IBD,PRD-0130,31,31,0
2025-09-30,WH-ABJ,PRD-0130,25,25,0
2025-09-30,WH-PHC,PRD-0130,0,0,0
2025-09-30,WH-LAG1,PRD-0131,148,148,0
2025-09-30,WH-LAG2,PRD-0131,75,74,-1
2025-09-30,WH-IBD,PRD-0131,108,108,0
2025-09-30,WH-ABJ,PRD-0131,112,112,0
2025-09-30,WH-PHC,PRD-0131,126,126,0
2025-09-30,WH-LAG1,PRD-0132,75,75,0
2025-09-30,WH-LAG2,PRD-0132,39,39,0
2025-09-30,WH-IBD,PRD-0132,14,14,0
2025-09-30,WH-ABJ,PRD-0132,69,69,0
2025-09-30,WH-PHC,PRD-0132,45,45,0
2025-09-30,WH-LAG1,PRD-0133,30,30,0
2025-09-30,WH-LAG2,PRD-0133,44,45,1
2025-09-30,WH-IBD,PRD-0133,15,15,0
2025-09-30,WH-ABJ,PRD-0133,23,22,-1
2025-09-30,WH-PHC,PRD-0133,47,47,0
2025-09-30,WH-LAG1,PRD-0134,41,41,0
2025-09-30,WH-LAG2,PRD-0134,40,40,0
2025-09-30,WH-IBD,PRD-0134,42,42,0
2025-09-30,WH-ABJ,PRD-0134,41,41,0
2025-09-30,WH-PHC,PRD-0134,38,38,0
2025-09-30,WH-LAG1,PRD-0135,243,243,0
2025-09-30,WH-LAG2,PRD-0135,131,131,0
2025-09-30,WH-IBD,PRD-0135,95,95,0
2025-09-30,WH-ABJ,PRD-0135,150,150,0
2025-09-30,WH-PHC,PRD-0135,27,27,0
2025-09-30,WH-LAG1,PRD-0136,56,56,0
2025-09-30,WH-LAG2,PRD-0136,75,75,0
2025-09-30,WH-IBD,PRD-0136,69,69,0
2025-09-30,WH-ABJ,PRD-0136,57,56,-1
2025-09-30,WH-PHC,PRD-0136,60,60,0
2025-09-30,WH-LAG1,PRD-0137,61,61,0
2025-09-30,WH-LAG2,PRD-0137,32,32,0
2025-09-30,WH-IBD,PRD-0137,82,82,0
2025-09-30,WH-ABJ,PRD-0137,29,29,0
2025-09-30,WH-PHC,PRD-0137,82,82,0
2025-09-30,WH-LAG1,PRD-0138,158,158,0
2025-09-30,WH-LAG2,PRD-0138,98,98,0
2025-09-30,WH-IBD,PRD-0138,55,55,0
2025-09-30,WH-ABJ,PRD-0138,117,117,0
2025-09-30,WH-PHC,PRD-0138,69,69,0
2025-09-30,WH-LAG1,PRD-0139,128,128,0
2025-09-30,WH-LAG2,PRD-0139,67,66,-1
2025-09-30,WH-IBD,PRD-0139,57,57,0
2025-09-30,WH-ABJ,PRD-0139,64,64,0
2025-09-30,WH-PHC,PRD-0139,31,31,0
2025-09-30,WH-LAG1,PRD-0140,36,36,0
2025-09-30,WH-LAG2,PRD-0140,20,20,0
2025-09-30,WH-IBD,PRD-0140,42,42,0
2025-09-30,WH-ABJ,PRD-0140,50,50,0
2025-09-30,WH-PHC,PRD-0140,28,28,0
2025-09-30,WH-LAG1,PRD-0141,114,114,0
2025-09-30,WH-LAG2,PRD-0141,65,65,0
2025-09-30,WH-IBD,PRD-0141,36,36,0
2025-09-30,WH-ABJ,PRD-0141,65,65,0
2025-09-30,WH-PHC,PRD-0141,34,34,0
2025-09-30,WH-LAG1,PRD-0142,101,101,0
2025-09-30,WH-LAG2,PRD-0142,100,100,0
2025-09-30,WH-IBD,PRD-0142,60,60,0
2025-09-30,WH-ABJ,PRD-0142,146,141,-5
2025-09-30,WH-PHC,PRD-0142,16,16,0
2025-09-30,WH-LAG1,PRD-0143,108,108,0
2025-09-30,WH-LAG2,PRD-0143,8,8,0
2025-09-30,WH-IBD,PRD-0143,29,29,0
2025-09-30,WH-ABJ,PRD-0143,66,66,0
2025-09-30,WH-PHC,PRD-0143,32,31,-1
2025-09-30,WH-LAG1,PRD-0144,105,105,0
2025-09-30,WH-LAG2,PRD-0144,47,47,0
2025-09-30,WH-IBD,PRD-0144,5,5,0
2025-09-30,WH-ABJ,PRD-0144,17,17,0
2025-09-30,WH-PHC,PRD-0144,73,73,0
2025-09-30,WH-LAG1,PRD-0145,235,235,0
2025-09-30,WH-LAG2,PRD-0145,92,92,0
2025-09-30,WH-IBD,PRD-0145,93,93,0
2025-09-30,WH-ABJ,PRD-0145,57,57,0
2025-09-30,WH-PHC,PRD-0145,111,111,0
2025-09-30,WH-LAG1,PRD-0146,60,60,0
2025-09-30,WH-LAG2,PRD-0146,31,31,0
2025-09-30,WH-IBD,PRD-0146,16,16,0
2025-09-30,WH-ABJ,PRD-0146,24,24,0
2025-09-30,WH-PHC,PRD-0146,13,13,0
2025-09-30,WH-LAG1,PRD-0147,30,30,0
2025-09-30,WH-LAG2,PRD-0147,55,55,0
2025-09-30,WH-IBD,PRD-0147,0,0,0
2025-09-30,WH-ABJ,PRD-0147,65,65,0
2025-09-30,WH-PHC,PRD-0147,35,35,0
2025-09-30,WH-LAG1,PRD-0148,83,83,0
2025-09-30,WH-LAG2,PRD-0148,18,18,0
2025-09-30,WH-IBD,PRD-0148,32,31,-1
2025-09-30,WH-ABJ,PRD-0148,54,54,0
2025-09-30,WH-PHC,PRD-0148,15,15,0
2025-09-30,WH-LAG1,PRD-0149,47,47,0
2025-09-30,WH-LAG2,PRD-0149,0,0,0
2025-09-30,WH-IBD,PRD-0149,6,6,0
2025-09-30,WH-ABJ,PRD-0149,28,28,0
2025-09-30,WH-PHC,PRD-0149,17,17,0
2025-09-30,WH-LAG1,PRD-0150,55,55,0
2025-09-30,WH-LAG2,PRD-0150,16,16,0
2025-09-30,WH-IBD,PRD-0150,39,39,0
2025-09-30,WH-ABJ,PRD-0150,87,87,0
2025-09-30,WH-PHC,PRD-0150,25,25,0
2025-09-30,WH-LAG1,PRD-0151,710,710,0
2025-09-30,WH-LAG2,PRD-0151,302,298,-4
2025-09-30,WH-IBD,PRD-0151,383,383,0
2025-09-30,WH-ABJ,PRD-0151,802,802,0
2025-09-30,WH-PHC,PRD-0151,719,685,-34
2025-09-30,WH-LAG1,PRD-0152,0,0,0
2025-09-30,WH-LAG2,PRD-0152,15,15,0
2025-09-30,WH-IBD,PRD-0152,48,47,-1
2025-09-30,WH-ABJ,PRD-0152,74,74,0
2025-09-30,WH-PHC,PRD-0152,47,47,0
2025-09-30,WH-LAG1,PRD-0153,328,328,0
2025-09-30,WH-LAG2,PRD-0153,205,205,0
2025-09-30,WH-IBD,PRD-0153,39,38,-1
2025-09-30,WH-ABJ,PRD-0153,270,270,0
2025-09-30,WH-PHC,PRD-0153,85,85,0
2025-09-30,WH-LAG1,PRD-0154,95,95,0
2025-09-30,WH-LAG2,PRD-0154,41,41,0
2025-09-30,WH-IBD,PRD-0154,29,29,0
2025-09-30,WH-ABJ,PRD-0154,11,11,0
2025-09-30,WH-PHC,PRD-0154,37,37,0
2025-09-30,WH-LAG1,PRD-0155,52,52,0
2025-09-30,WH-LAG2,PRD-0155,63,63,0
2025-09-30,WH-IBD,PRD-0155,30,30,0
2025-09-30,WH-ABJ,PRD-0155,57,59,2
2025-09-30,WH-PHC,PRD-0155,23,24,1
2025-09-30,WH-LAG1,PRD-0156,218,218,0
2025-09-30,WH-LAG2,PRD-0156,75,75,0
2025-09-30,WH-IBD,PRD-0156,86,86,0
2025-09-30,WH-ABJ,PRD-0156,135,135,0
2025-09-30,WH-PHC,PRD-0156,97,97,0
2025-09-30,WH-LAG1,PRD-0157,88,88,0
2025-09-30,WH-LAG2,PRD-0157,24,24,0
2025-09-30,WH-IBD,PRD-0157,29,29,0
2025-09-30,WH-ABJ,PRD-0157,29,29,0
2025-09-30,WH-PHC,PRD-0157,51,51,0
2025-09-30,WH-LAG1,PRD-0158,22,22,0
2025-09-30,WH-LAG2,PRD-0158,7,7,0
2025-09-30,WH-IBD,PRD-0158,27,27,0
2025-09-30,WH-ABJ,PRD-0158,33,34,1
2025-09-30,WH-PHC,PRD-0158,32,32,0
2025-09-30,WH-LAG1,PRD-0159,59,59,0
2025-09-30,WH-LAG2,PRD-0159,40,40,0
2025-09-30,WH-IBD,PRD-0159,55,56,1
2025-09-30,WH-ABJ,PRD-0159,66,66,0
2025-09-30,WH-PHC,PRD-0159,49,49,0
2025-09-30,WH-LAG1,PRD-0160,376,376,0
2025-09-30,WH-LAG2,PRD-0160,113,113,0
2025-09-30,WH-IBD,PRD-0160,153,153,0
2025-09-30,WH-ABJ,PRD-0160,58,58,0
2025-09-30,WH-PHC,PRD-0160,93,93,0
2025-09-30,WH-LAG1,PRD-0161,654,654,0
2025-09-30,WH-LAG2,PRD-0161,356,356,0
2025-09-30,WH-IBD,PRD-0161,220,220,0
2025-09-30,WH-ABJ,PRD-0161,287,287,0
2025-09-30,WH-PHC,PRD-0161,297,297,0
2025-09-30,WH-LAG1,PRD-0162,95,95,0
2025-09-30,WH-LAG2,PRD-0162,8,8,0
2025-09-30,WH-IBD,PRD-0162,45,45,0
2025-09-30,WH-ABJ,PRD-0162,81,81,0
2025-09-30,WH-PHC,PRD-0162,19,19,0
2025-09-30,WH-LAG1,PRD-0163,54,54,0
2025-09-30,WH-LAG2,PRD-0163,37,37,0
2025-09-30,WH-IBD,PRD-0163,17,17,0
2025-09-30,WH-ABJ,PRD-0163,46,45,-1
2025-09-30,WH-PHC,PRD-0163,66,66,0
2025-09-30,WH-LAG1,PRD-0164,23,23,0
2025-09-30,WH-LAG2,PRD-0164,42,42,0
2025-09-30,WH-IBD,PRD-0164,22,22,0
2025-09-30,WH-ABJ,PRD-0164,15,15,0
2025-09-30,WH-PHC,PRD-0164,2,3,1
2025-09-30,WH-LAG1,PRD-0165,252,252,0
2025-09-30,WH-LAG2,PRD-0165,149,149,0
2025-09-30,WH-IBD,PRD-0165,155,155,0
2025-09-30,WH-ABJ,PRD-0165,155,155,0
2025-09-30,WH-PHC,PRD-0165,55,55,0
2025-09-30,WH-LAG1,PRD-0166,174,174,0
2025-09-30,WH-LAG2,PRD-0166,97,97,0
2025-09-30,WH-IBD,PRD-0166,65,64,-1
2025-09-30,WH-ABJ,PRD-0166,235,235,0
2025-09-30,WH-PHC,PRD-0166,112,112,0
2025-09-30,WH-LAG1,PRD-0167,112,112,0
2025-09-30,WH-LAG2,PRD-0167,42,42,0
2025-09-30,WH-IBD,PRD-0167,77,77,0
2025-09-30,WH-ABJ,PRD-0167,59,59,0
2025-09-30,WH-PHC,PRD-0167,25,25,0
2025-09-30,WH-LAG1,PRD-0168,37,38,1
2025-09-30,WH-LAG2,PRD-0168,20,20,0
2025-09-30,WH-IBD,PRD-0168,16,17,1
2025-09-30,WH-ABJ,PRD-0168,2,2,0
2025-09-30,WH-PHC,PRD-0168,35,34,-1
2025-09-30,WH-LAG1,PRD-0169,110,110,0
2025-09-30,WH-LAG2,PRD-0169,51,52,1
2025-09-30,WH-IBD,PRD-0169,16,16,0
2025-09-30,WH-ABJ,PRD-0169,53,53,0
2025-09-30,WH-PHC,PRD-0169,34,34,0
2025-09-30,WH-LAG1,PRD-0170,57,56,-1
2025-09-30,WH-LAG2,PRD-0170,89,89,0
2025-09-30,WH-IBD,PRD-0170,39,39,0
2025-09-30,WH-ABJ,PRD-0170,2,3,1
2025-09-30,WH-PHC,PRD-0170,36,36,0
2025-10-31,WH-LAG1,PRD-0001,77,76,-1
2025-10-31,WH-LAG2,PRD-0001,14,14,0
2025-10-31,WH-IBD,PRD-0001,44,45,1
2025-10-31,WH-ABJ,PRD-0001,18,18,0
2025-10-31,WH-PHC,PRD-0001,23,23,0
2025-10-31,WH-LAG1,PRD-0002,46,46,0
2025-10-31,WH-LAG2,PRD-0002,32,32,0
2025-10-31,WH-IBD,PRD-0002,5,5,0
2025-10-31,WH-ABJ,PRD-0002,21,21,0
2025-10-31,WH-PHC,PRD-0002,0,0,0
2025-10-31,WH-LAG1,PRD-0003,21,21,0
2025-10-31,WH-LAG2,PRD-0003,12,12,0
2025-10-31,WH-IBD,PRD-0003,7,7,0
2025-10-31,WH-ABJ,PRD-0003,21,21,0
2025-10-31,WH-PHC,PRD-0003,22,22,0
2025-10-31,WH-LAG1,PRD-0004,208,208,0
2025-10-31,WH-LAG2,PRD-0004,156,156,0
2025-10-31,WH-IBD,PRD-0004,11,11,0
2025-10-31,WH-ABJ,PRD-0004,189,192,3
2025-10-31,WH-PHC,PRD-0004,93,93,0
2025-10-31,WH-LAG1,PRD-0005,135,135,0
2025-10-31,WH-LAG2,PRD-0005,32,32,0
2025-10-31,WH-IBD,PRD-0005,49,51,2
2025-10-31,WH-ABJ,PRD-0005,7,7,0
2025-10-31,WH-PHC,PRD-0005,21,20,-1
2025-10-31,WH-LAG1,PRD-0006,12,12,0
2025-10-31,WH-LAG2,PRD-0006,40,40,0
2025-10-31,WH-IBD,PRD-0006,8,8,0
2025-10-31,WH-ABJ,PRD-0006,25,25,0
2025-10-31,WH-PHC,PRD-0006,9,9,0
2025-10-31,WH-LAG1,PRD-0007,65,66,1
2025-10-31,WH-LAG2,PRD-0007,28,28,0
2025-10-31,WH-IBD,PRD-0007,32,32,0
2025-10-31,WH-ABJ,PRD-0007,114,114,0
2025-10-31,WH-PHC,PRD-0007,86,86,0
2025-10-31,WH-LAG1,PRD-0008,51,51,0
2025-10-31,WH-LAG2,PRD-0008,50,50,0
2025-10-31,WH-IBD,PRD-0008,48,48,0
2025-10-31,WH-ABJ,PRD-0008,57,59,2
2025-10-31,WH-PHC,PRD-0008,21,21,0
2025-10-31,WH-LAG1,PRD-0009,52,52,0
2025-10-31,WH-LAG2,PRD-0009,38,38,0
2025-10-31,WH-IBD,PRD-0009,30,30,0
2025-10-31,WH-ABJ,PRD-0009,30,30,0
2025-10-31,WH-PHC,PRD-0009,18,18,0
2025-10-31,WH-LAG1,PRD-0010,28,28,0
2025-10-31,WH-LAG2,PRD-0010,13,13,0
2025-10-31,WH-IBD,PRD-0010,23,23,0
2025-10-31,WH-ABJ,PRD-0010,11,12,1
2025-10-31,WH-PHC,PRD-0010,14,14,0
2025-10-31,WH-LAG1,PRD-0011,57,57,0
2025-10-31,WH-LAG2,PRD-0011,63,63,0
2025-10-31,WH-IBD,PRD-0011,27,27,0
2025-10-31,WH-ABJ,PRD-0011,46,46,0
2025-10-31,WH-PHC,PRD-0011,104,104,0
2025-10-31,WH-LAG1,PRD-0012,75,72,-3
2025-10-31,WH-LAG2,PRD-0012,32,32,0
2025-10-31,WH-IBD,PRD-0012,0,0,0
2025-10-31,WH-ABJ,PRD-0012,33,33,0
2025-10-31,WH-PHC,PRD-0012,36,36,0
2025-10-31,WH-LAG1,PRD-0013,43,43,0
2025-10-31,WH-LAG2,PRD-0013,30,30,0
2025-10-31,WH-IBD,PRD-0013,18,19,1
2025-10-31,WH-ABJ,PRD-0013,17,18,1
2025-10-31,WH-PHC,PRD-0013,14,14,0
2025-10-31,WH-LAG1,PRD-0014,8,8,0
2025-10-31,WH-LAG2,PRD-0014,0,0,0
2025-10-31,WH-IBD,PRD-0014,6,6,0
2025-10-31,WH-ABJ,PRD-0014,5,6,1
2025-10-31,WH-PHC,PRD-0014,8,8,0
2025-10-31,WH-LAG1,PRD-0015,81,81,0
2025-10-31,WH-LAG2,PRD-0015,29,29,0
2025-10-31,WH-IBD,PRD-0015,32,32,0
2025-10-31,WH-ABJ,PRD-0015,64,64,0
2025-10-31,WH-PHC,PRD-0015,52,52,0
2025-10-31,WH-LAG1,PRD-0016,43,43,0
2025-10-31,WH-LAG2,PRD-0016,68,68,0
2025-10-31,WH-IBD,PRD-0016,63,63,0
2025-10-31,WH-ABJ,PRD-0016,83,83,0
2025-10-31,WH-PHC,PRD-0016,63,63,0
2025-10-31,WH-LAG1,PRD-0017,38,38,0
2025-10-31,WH-LAG2,PRD-0017,35,35,0
2025-10-31,WH-IBD,PRD-0017,21,21,0
2025-10-31,WH-ABJ,PRD-0017,72,72,0
2025-10-31,WH-PHC,PRD-0017,12,12,0
2025-10-31,WH-LAG1,PRD-0018,93,93,0
2025-10-31,WH-LAG2,PRD-0018,56,56,0
2025-10-31,WH-IBD,PRD-0018,160,160,0
2025-10-31,WH-ABJ,PRD-0018,133,136,3
2025-10-31,WH-PHC,PRD-0018,105,105,0
2025-10-31,WH-LAG1,PRD-0019,41,41,0
2025-10-31,WH-LAG2,PRD-0019,54,54,0
2025-10-31,WH-IBD,PRD-0019,1,1,0
2025-10-31,WH-ABJ,PRD-0019,41,41,0
2025-10-31,WH-PHC,PRD-0019,80,80,0
2025-10-31,WH-LAG1,PRD-0020,19,19,0
2025-10-31,WH-LAG2,PRD-0020,20,20,0
2025-10-31,WH-IBD,PRD-0020,105,105,0
2025-10-31,WH-ABJ,PRD-0020,124,124,0
2025-10-31,WH-PHC,PRD-0020,0,0,0
2025-10-31,WH-LAG1,PRD-0021,77,77,0
2025-10-31,WH-LAG2,PRD-0021,55,57,2
2025-10-31,WH-IBD,PRD-0021,39,39,0
2025-10-31,WH-ABJ,PRD-0021,12,12,0
2025-10-31,WH-PHC,PRD-0021,64,64,0
2025-10-31,WH-LAG1,PRD-0022,23,23,0
2025-10-31,WH-LAG2,PRD-0022,16,16,0
2025-10-31,WH-IBD,PRD-0022,8,8,0
2025-10-31,WH-ABJ,PRD-0022,28,28,0
2025-10-31,WH-PHC,PRD-0022,27,27,0
2025-10-31,WH-LAG1,PRD-0023,156,156,0
2025-10-31,WH-LAG2,PRD-0023,18,18,0
2025-10-31,WH-IBD,PRD-0023,66,66,0
2025-10-31,WH-ABJ,PRD-0023,138,139,1
2025-10-31,WH-PHC,PRD-0023,113,113,0
2025-10-31,WH-LAG1,PRD-0024,30,30,0
2025-10-31,WH-LAG2,PRD-0024,9,9,0
2025-10-31,WH-IBD,PRD-0024,18,18,0
2025-10-31,WH-ABJ,PRD-0024,25,25,0
2025-10-31,WH-PHC,PRD-0024,17,17,0
2025-10-31,WH-LAG1,PRD-0025,47,47,0
2025-10-31,WH-LAG2,PRD-0025,16,16,0
2025-10-31,WH-IBD,PRD-0025,29,29,0
2025-10-31,WH-ABJ,PRD-0025,46,46,0
2025-10-31,WH-PHC,PRD-0025,22,22,0
2025-10-31,WH-LAG1,PRD-0026,111,111,0
2025-10-31,WH-LAG2,PRD-0026,60,60,0
2025-10-31,WH-IBD,PRD-0026,35,35,0
2025-10-31,WH-ABJ,PRD-0026,43,43,0
2025-10-31,WH-PHC,PRD-0026,59,60,1
2025-10-31,WH-LAG1,PRD-0027,24,24,0
2025-10-31,WH-LAG2,PRD-0027,2,2,0
2025-10-31,WH-IBD,PRD-0027,19,19,0
2025-10-31,WH-ABJ,PRD-0027,21,20,-1
2025-10-31,WH-PHC,PRD-0027,23,22,-1
2025-10-31,WH-LAG1,PRD-0028,136,136,0
2025-10-31,WH-LAG2,PRD-0028,12,12,0
2025-10-31,WH-IBD,PRD-0028,32,32,0
2025-10-31,WH-ABJ,PRD-0028,39,39,0
2025-10-31,WH-PHC,PRD-0028,34,34,0
2025-10-31,WH-LAG1,PRD-0029,29,29,0
2025-10-31,WH-LAG2,PRD-0029,35,35,0
2025-10-31,WH-IBD,PRD-0029,9,9,0
2025-10-31,WH-ABJ,PRD-0029,39,39,0
2025-10-31,WH-PHC,PRD-0029,30,30,0
2025-10-31,WH-LAG1,PRD-0030,21,21,0
2025-10-31,WH-LAG2,PRD-0030,26,26,0
2025-10-31,WH-IBD,PRD-0030,16,15,-1
2025-10-31,WH-ABJ,PRD-0030,0,0,0
2025-10-31,WH-PHC,PRD-0030,6,6,0
2025-10-31,WH-LAG1,PRD-0031,259,259,0
2025-10-31,WH-LAG2,PRD-0031,41,41,0
2025-10-31,WH-IBD,PRD-0031,59,59,0
2025-10-31,WH-ABJ,PRD-0031,40,39,-1
2025-10-31,WH-PHC,PRD-0031,101,99,-2
2025-10-31,WH-LAG1,PRD-0032,21,21,0
2025-10-31,WH-LAG2,PRD-0032,28,28,0
2025-10-31,WH-IBD,PRD-0032,10,10,0
2025-10-31,WH-ABJ,PRD-0032,12,12,0
2025-10-31,WH-PHC,PRD-0032,12,12,0
2025-10-31,WH-LAG1,PRD-0033,28,28,0
2025-10-31,WH-LAG2,PRD-0033,24,24,0
2025-10-31,WH-IBD,PRD-0033,18,18,0
2025-10-31,WH-ABJ,PRD-0033,69,69,0
2025-10-31,WH-PHC,PRD-0033,74,74,0
2025-10-31,WH-LAG1,PRD-0034,31,31,0
2025-10-31,WH-LAG2,PRD-0034,18,18,0
2025-10-31,WH-IBD,PRD-0034,3,3,0
2025-10-31,WH-ABJ,PRD-0034,15,15,0
2025-10-31,WH-PHC,PRD-0034,13,13,0
2025-10-31,WH-LAG1,PRD-0035,70,70,0
2025-10-31,WH-LAG2,PRD-0035,76,76,0
2025-10-31,WH-IBD,PRD-0035,63,63,0
2025-10-31,WH-ABJ,PRD-0035,17,17,0
2025-10-31,WH-PHC,PRD-0035,70,70,0
2025-10-31,WH-LAG1,PRD-0036,51,51,0
2025-10-31,WH-LAG2,PRD-0036,51,51,0
2025-10-31,WH-IBD,PRD-0036,30,30,0
2025-10-31,WH-ABJ,PRD-0036,27,27,0
2025-10-31,WH-PHC,PRD-0036,16,16,0
2025-10-31,WH-LAG1,PRD-0037,0,0,0
2025-10-31,WH-LAG2,PRD-0037,65,65,0
2025-10-31,WH-IBD,PRD-0037,65,65,0
2025-10-31,WH-ABJ,PRD-0037,66,66,0
2025-10-31,WH-PHC,PRD-0037,61,61,0
2025-10-31,WH-LAG1,PRD-0038,14,14,0
2025-10-31,WH-LAG2,PRD-0038,4,4,0
2025-10-31,WH-IBD,PRD-0038,6,6,0
2025-10-31,WH-ABJ,PRD-0038,27,26,-1
2025-10-31,WH-PHC,PRD-0038,15,15,0
2025-10-31,WH-LAG1,PRD-0039,365,365,0
2025-10-31,WH-LAG2,PRD-0039,120,120,0
2025-10-31,WH-IBD,PRD-0039,70,68,-2
2025-10-31,WH-ABJ,PRD-0039,173,173,0
2025-10-31,WH-PHC,PRD-0039,194,194,0
2025-10-31,WH-LAG1,PRD-0040,14,14,0
2025-10-31,WH-LAG2,PRD-0040,38,38,0
2025-10-31,WH-IBD,PRD-0040,32,32,0
2025-10-31,WH-ABJ,PRD-0040,42,42,0
2025-10-31,WH-PHC,PRD-0040,21,21,0
2025-10-31,WH-LAG1,PRD-0041,70,69,-1
2025-10-31,WH-LAG2,PRD-0041,74,74,0
2025-10-31,WH-IBD,PRD-0041,43,43,0
2025-10-31,WH-ABJ,PRD-0041,38,38,0
2025-10-31,WH-PHC,PRD-0041,27,27,0
2025-10-31,WH-LAG1,PRD-0042,2,2,0
2025-10-31,WH-LAG2,PRD-0042,17,17,0
2025-10-31,WH-IBD,PRD-0042,15,15,0
2025-10-31,WH-ABJ,PRD-0042,22,22,0
2025-10-31,WH-PHC,PRD-0042,0,0,0
2025-10-31,WH-LAG1,PRD-0043,79,79,0
2025-10-31,WH-LAG2,PRD-0043,30,30,0
2025-10-31,WH-IBD,PRD-0043,51,51,0
2025-10-31,WH-ABJ,PRD-0043,62,62,0
2025-10-31,WH-PHC,PRD-0043,42,42,0
2025-10-31,WH-LAG1,PRD-0044,16,16,0
2025-10-31,WH-LAG2,PRD-0044,15,15,0
2025-10-31,WH-IBD,PRD-0044,8,8,0
2025-10-31,WH-ABJ,PRD-0044,13,13,0
2025-10-31,WH-PHC,PRD-0044,8,8,0
2025-10-31,WH-LAG1,PRD-0045,148,152,4
2025-10-31,WH-LAG2,PRD-0045,43,43,0
2025-10-31,WH-IBD,PRD-0045,40,40,0
2025-10-31,WH-ABJ,PRD-0045,43,42,-1
2025-10-31,WH-PHC,PRD-0045,50,50,0
2025-10-31,WH-LAG1,PRD-0046,66,64,-2
2025-10-31,WH-LAG2,PRD-0046,47,47,0
2025-10-31,WH-IBD,PRD-0046,38,37,-1
2025-10-31,WH-ABJ,PRD-0046,28,28,0
2025-10-31,WH-PHC,PRD-0046,61,61,0
2025-10-31,WH-LAG1,PRD-0047,141,141,0
2025-10-31,WH-LAG2,PRD-0047,74,76,2
2025-10-31,WH-IBD,PRD-0047,0,0,-1
2025-10-31,WH-ABJ,PRD-0047,61,61,0
2025-10-31,WH-PHC,PRD-0047,32,32,0
2025-10-31,WH-LAG1,PRD-0048,35,34,-1
2025-10-31,WH-LAG2,PRD-0048,61,61,0
2025-10-31,WH-IBD,PRD-0048,0,0,0
2025-10-31,WH-ABJ,PRD-0048,80,80,0
2025-10-31,WH-PHC,PRD-0048,64,64,0
2025-10-31,WH-LAG1,PRD-0049,77,77,0
2025-10-31,WH-LAG2,PRD-0049,40,40,0
2025-10-31,WH-IBD,PRD-0049,37,37,0
2025-10-31,WH-ABJ,PRD-0049,34,34,0
2025-10-31,WH-PHC,PRD-0049,21,21,0
2025-10-31,WH-LAG1,PRD-0050,30,30,0
2025-10-31,WH-LAG2,PRD-0050,18,18,0
2025-10-31,WH-IBD,PRD-0050,38,38,0
2025-10-31,WH-ABJ,PRD-0050,23,23,0
2025-10-31,WH-PHC,PRD-0050,37,37,0
2025-10-31,WH-LAG1,PRD-0051,155,155,0
2025-10-31,WH-LAG2,PRD-0051,34,34,0
2025-10-31,WH-IBD,PRD-0051,71,72,1
2025-10-31,WH-ABJ,PRD-0051,138,138,0
2025-10-31,WH-PHC,PRD-0051,111,111,0
2025-10-31,WH-LAG1,PRD-0052,0,0,0
2025-10-31,WH-LAG2,PRD-0052,9,9,0
2025-10-31,WH-IBD,PRD-0052,16,16,0
2025-10-31,WH-ABJ,PRD-0052,6,6,0
2025-10-31,WH-PHC,PRD-0052,4,4,0
2025-10-31,WH-LAG1,PRD-0053,40,40,0
2025-10-31,WH-LAG2,PRD-0053,29,29,0
2025-10-31,WH-IBD,PRD-0053,7,8,1
2025-10-31,WH-ABJ,PRD-0053,25,25,0
2025-10-31,WH-PHC,PRD-0053,20,20,0
2025-10-31,WH-LAG1,PRD-0054,59,59,0
2025-10-31,WH-LAG2,PRD-0054,13,13,0
2025-10-31,WH-IBD,PRD-0054,26,26,0
2025-10-31,WH-ABJ,PRD-0054,20,20,0
2025-10-31,WH-PHC,PRD-0054,18,18,0
2025-10-31,WH-LAG1,PRD-0055,86,86,0
2025-10-31,WH-LAG2,PRD-0055,29,29,0
2025-10-31,WH-IBD,PRD-0055,55,56,1
2025-10-31,WH-ABJ,PRD-0055,33,33,0
2025-10-31,WH-PHC,PRD-0055,61,61,0
2025-10-31,WH-LAG1,PRD-0056,42,42,0
2025-10-31,WH-LAG2,PRD-0056,52,52,0
2025-10-31,WH-IBD,PRD-0056,40,40,0
2025-10-31,WH-ABJ,PRD-0056,30,30,0
2025-10-31,WH-PHC,PRD-0056,18,18,0
2025-10-31,WH-LAG1,PRD-0057,292,292,0
2025-10-31,WH-LAG2,PRD-0057,113,113,0
2025-10-31,WH-IBD,PRD-0057,116,116,0
2025-10-31,WH-ABJ,PRD-0057,114,114,0
2025-10-31,WH-PHC,PRD-0057,0,0,0
2025-10-31,WH-LAG1,PRD-0058,105,105,0
2025-10-31,WH-LAG2,PRD-0058,0,0,0
2025-10-31,WH-IBD,PRD-0058,18,18,0
2025-10-31,WH-ABJ,PRD-0058,35,35,0
2025-10-31,WH-PHC,PRD-0058,20,20,0
2025-10-31,WH-LAG1,PRD-0059,42,42,0
2025-10-31,WH-LAG2,PRD-0059,75,75,0
2025-10-31,WH-IBD,PRD-0059,22,22,0
2025-10-31,WH-ABJ,PRD-0059,69,71,2
2025-10-31,WH-PHC,PRD-0059,55,55,0
2025-10-31,WH-LAG1,PRD-0060,76,76,0
2025-10-31,WH-LAG2,PRD-0060,73,73,0
2025-10-31,WH-IBD,PRD-0060,27,27,0
2025-10-31,WH-ABJ,PRD-0060,161,161,0
2025-10-31,WH-PHC,PRD-0060,105,108,3
2025-10-31,WH-LAG1,PRD-0061,192,192,0
2025-10-31,WH-LAG2,PRD-0061,21,20,-1
2025-10-31,WH-IBD,PRD-0061,129,129,0
2025-10-31,WH-ABJ,PRD-0061,43,43,0
2025-10-31,WH-PHC,PRD-0061,35,35,0
2025-10-31,WH-LAG1,PRD-0062,189,181,-8
2025-10-31,WH-LAG2,PRD-0062,97,97,0
2025-10-31,WH-IBD,PRD-0062,41,41,0
2025-10-31,WH-ABJ,PRD-0062,138,142,4
2025-10-31,WH-PHC,PRD-0062,122,124,2
2025-10-31,WH-LAG1,PRD-0063,54,54,0
2025-10-31,WH-LAG2,PRD-0063,82,82,0
2025-10-31,WH-IBD,PRD-0063,71,71,0
2025-10-31,WH-ABJ,PRD-0063,33,33,0
2025-10-31,WH-PHC,PRD-0063,28,28,0
2025-10-31,WH-LAG1,PRD-0064,228,228,0
2025-10-31,WH-LAG2,PRD-0064,7,7,0
2025-10-31,WH-IBD,PRD-0064,64,64,0
2025-10-31,WH-ABJ,PRD-0064,118,118,0
2025-10-31,WH-PHC,PRD-0064,73,73,0
2025-10-31,WH-LAG1,PRD-0065,95,95,0
2025-10-31,WH-LAG2,PRD-0065,62,62,0
2025-10-31,WH-IBD,PRD-0065,42,42,0
2025-10-31,WH-ABJ,PRD-0065,97,97,0
2025-10-31,WH-PHC,PRD-0065,43,44,1
2025-10-31,WH-LAG1,PRD-0066,11,11,0
2025-10-31,WH-LAG2,PRD-0066,7,7,0
2025-10-31,WH-IBD,PRD-0066,10,11,1
2025-10-31,WH-ABJ,PRD-0066,8,8,0
2025-10-31,WH-PHC,PRD-0066,11,11,0
2025-10-31,WH-LAG1,PRD-0067,71,71,0
2025-10-31,WH-LAG2,PRD-0067,51,51,0
2025-10-31,WH-IBD,PRD-0067,26,26,0
2025-10-31,WH-ABJ,PRD-0067,26,26,0
2025-10-31,WH-PHC,PRD-0067,43,43,0
2025-10-31,WH-LAG1,PRD-0068,68,68,0
2025-10-31,WH-LAG2,PRD-0068,152,152,0
2025-10-31,WH-IBD,PRD-0068,97,97,0
2025-10-31,WH-ABJ,PRD-0068,88,88,0
2025-10-31,WH-PHC,PRD-0068,40,40,0
2025-10-31,WH-LAG1,PRD-0069,22,22,0
2025-10-31,WH-LAG2,PRD-0069,25,25,0
2025-10-31,WH-IBD,PRD-0069,13,12,-1
2025-10-31,WH-ABJ,PRD-0069,9,10,1
2025-10-31,WH-PHC,PRD-0069,13,13,0
2025-10-31,WH-LAG1,PRD-0070,107,107,0
2025-10-31,WH-LAG2,PRD-0070,45,45,0
2025-10-31,WH-IBD,PRD-0070,39,39,0
2025-10-31,WH-ABJ,PRD-0070,0,0,0
2025-10-31,WH-PHC,PRD-0070,32,32,0
2025-10-31,WH-LAG1,PRD-0071,21,21,0
2025-10-31,WH-LAG2,PRD-0071,16,16,0
2025-10-31,WH-IBD,PRD-0071,10,10,0
2025-10-31,WH-ABJ,PRD-0071,0,0,0
2025-10-31,WH-PHC,PRD-0071,11,11,0
2025-10-31,WH-LAG1,PRD-0072,42,42,0
2025-10-31,WH-LAG2,PRD-0072,29,29,0
2025-10-31,WH-IBD,PRD-0072,43,43,0
2025-10-31,WH-ABJ,PRD-0072,31,31,0
2025-10-31,WH-PHC,PRD-0072,23,23,0
2025-10-31,WH-LAG1,PRD-0073,42,42,0
2025-10-31,WH-LAG2,PRD-0073,17,17,0
2025-10-31,WH-IBD,PRD-0073,20,20,0
2025-10-31,WH-ABJ,PRD-0073,28,28,0
2025-10-31,WH-PHC,PRD-0073,25,24,-1
2025-10-31,WH-LAG1,PRD-0074,158,158,0
2025-10-31,WH-LAG2,PRD-0074,78,78,0
2025-10-31,WH-IBD,PRD-0074,29,29,0
2025-10-31,WH-ABJ,PRD-0074,104,104,0
2025-10-31,WH-PHC,PRD-0074,94,92,-2
2025-10-31,WH-LAG1,PRD-0075,18,17,-1
2025-10-31,WH-LAG2,PRD-0075,22,23,1
2025-10-31,WH-IBD,PRD-0075,27,27,0
2025-10-31,WH-ABJ,PRD-0075,14,14,0
2025-10-31,WH-PHC,PRD-0075,20,20,0
2025-10-31,WH-LAG1,PRD-0076,185,185,0
2025-10-31,WH-LAG2,PRD-0076,84,84,0
2025-10-31,WH-IBD,PRD-0076,83,83,0
2025-10-31,WH-ABJ,PRD-0076,100,100,0
2025-10-31,WH-PHC,PRD-0076,92,92,0
2025-10-31,WH-LAG1,PRD-0077,188,193,5
2025-10-31,WH-LAG2,PRD-0077,213,209,-4
2025-10-31,WH-IBD,PRD-0077,77,77,0
2025-10-31,WH-ABJ,PRD-0077,82,82,0
2025-10-31,WH-PHC,PRD-0077,267,260,-7
2025-10-31,WH-LAG1,PRD-0078,233,233,0
2025-10-31,WH-LAG2,PRD-0078,89,89,0
2025-10-31,WH-IBD,PRD-0078,53,53,0
2025-10-31,WH-ABJ,PRD-0078,38,38,0
2025-10-31,WH-PHC,PRD-0078,43,43,0
2025-10-31,WH-LAG1,PRD-0079,141,141,0
2025-10-31,WH-LAG2,PRD-0079,76,76,0
2025-10-31,WH-IBD,PRD-0079,28,28,0
2025-10-31,WH-ABJ,PRD-0079,27,27,0
2025-10-31,WH-PHC,PRD-0079,65,66,1
2025-10-31,WH-LAG1,PRD-0080,105,105,0
2025-10-31,WH-LAG2,PRD-0080,57,57,0
2025-10-31,WH-IBD,PRD-0080,29,29,0
2025-10-31,WH-ABJ,PRD-0080,46,46,0
2025-10-31,WH-PHC,PRD-0080,101,101,0
2025-10-31,WH-LAG1,PRD-0081,50,50,0
2025-10-31,WH-LAG2,PRD-0081,85,85,0
2025-10-31,WH-IBD,PRD-0081,23,23,0
2025-10-31,WH-ABJ,PRD-0081,79,79,0
2025-10-31,WH-PHC,PRD-0081,36,36,0
2025-10-31,WH-LAG1,PRD-0082,76,78,2
2025-10-31,WH-LAG2,PRD-0082,34,34,0
2025-10-31,WH-IBD,PRD-0082,60,62,2
2025-10-31,WH-ABJ,PRD-0082,118,118,0
2025-10-31,WH-PHC,PRD-0082,41,41,0
2025-10-31,WH-LAG1,PRD-0083,84,84,0
2025-10-31,WH-LAG2,PRD-0083,148,148,0
2025-10-31,WH-IBD,PRD-0083,145,145,0
2025-10-31,WH-ABJ,PRD-0083,127,127,0
2025-10-31,WH-PHC,PRD-0083,144,144,0
2025-10-31,WH-LAG1,PRD-0084,200,200,0
2025-10-31,WH-LAG2,PRD-0084,166,166,0
2025-10-31,WH-IBD,PRD-0084,22,21,-1
2025-10-31,WH-ABJ,PRD-0084,81,81,0
2025-10-31,WH-PHC,PRD-0084,31,31,0
2025-10-31,WH-LAG1,PRD-0085,185,185,0
2025-10-31,WH-LAG2,PRD-0085,55,55,0
2025-10-31,WH-IBD,PRD-0085,36,36,0
2025-10-31,WH-ABJ,PRD-0085,19,19,0
2025-10-31,WH-PHC,PRD-0085,120,120,0
2025-10-31,WH-LAG1,PRD-0086,385,385,0
2025-10-31,WH-LAG2,PRD-0086,267,267,0
2025-10-31,WH-IBD,PRD-0086,129,129,0
2025-10-31,WH-ABJ,PRD-0086,420,420,0
2025-10-31,WH-PHC,PRD-0086,198,198,0
2025-10-31,WH-LAG1,PRD-0087,17,17,0
2025-10-31,WH-LAG2,PRD-0087,26,26,0
2025-10-31,WH-IBD,PRD-0087,6,6,0
2025-10-31,WH-ABJ,PRD-0087,23,23,0
2025-10-31,WH-PHC,PRD-0087,8,8,0
2025-10-31,WH-LAG1,PRD-0088,5,5,0
2025-10-31,WH-LAG2,PRD-0088,16,16,0
2025-10-31,WH-IBD,PRD-0088,30,30,0
2025-10-31,WH-ABJ,PRD-0088,31,31,0
2025-10-31,WH-PHC,PRD-0088,45,45,0
2025-10-31,WH-LAG1,PRD-0089,57,57,0
2025-10-31,WH-LAG2,PRD-0089,22,22,0
2025-10-31,WH-IBD,PRD-0089,34,34,0
2025-10-31,WH-ABJ,PRD-0089,14,14,0
2025-10-31,WH-PHC,PRD-0089,47,47,0
2025-10-31,WH-LAG1,PRD-0090,1556,1556,0
2025-10-31,WH-LAG2,PRD-0090,671,671,0
2025-10-31,WH-IBD,PRD-0090,557,557,0
2025-10-31,WH-ABJ,PRD-0090,324,324,0
2025-10-31,WH-PHC,PRD-0090,213,205,-8
2025-10-31,WH-LAG1,PRD-0091,65,65,0
2025-10-31,WH-LAG2,PRD-0091,80,80,0
2025-10-31,WH-IBD,PRD-0091,49,49,0
2025-10-31,WH-ABJ,PRD-0091,137,137,0
2025-10-31,WH-PHC,PRD-0091,73,73,0
2025-10-31,WH-LAG1,PRD-0092,89,89,0
2025-10-31,WH-LAG2,PRD-0092,14,14,0
2025-10-31,WH-IBD,PRD-0092,27,27,0
2025-10-31,WH-ABJ,PRD-0092,29,29,0
2025-10-31,WH-PHC,PRD-0092,13,13,0
2025-10-31,WH-LAG1,PRD-0093,77,76,-1
2025-10-31,WH-LAG2,PRD-0093,136,130,-6
2025-10-31,WH-IBD,PRD-0093,79,79,0
2025-10-31,WH-ABJ,PRD-0093,95,98,3
2025-10-31,WH-PHC,PRD-0093,13,13,0
2025-10-31,WH-LAG1,PRD-0094,22,21,-1
2025-10-31,WH-LAG2,PRD-0094,22,22,0
2025-10-31,WH-IBD,PRD-0094,0,0,0
2025-10-31,WH-ABJ,PRD-0094,14,14,0
2025-10-31,WH-PHC,PRD-0094,20,20,0
2025-10-31,WH-LAG1,PRD-0095,20,20,0
2025-10-31,WH-LAG2,PRD-0095,15,15,0
2025-10-31,WH-IBD,PRD-0095,23,24,1
2025-10-31,WH-ABJ,PRD-0095,16,16,0
2025-10-31,WH-PHC,PRD-0095,16,15,-1
2025-10-31,WH-LAG1,PRD-0096,36,36,0
2025-10-31,WH-LAG2,PRD-0096,9,9,0
2025-10-31,WH-IBD,PRD-0096,14,14,0
2025-10-31,WH-ABJ,PRD-0096,10,10,0
2025-10-31,WH-PHC,PRD-0096,20,20,0
2025-10-31,WH-LAG1,PRD-0097,16,15,-1
2025-10-31,WH-LAG2,PRD-0097,8,8,0
2025-10-31,WH-IBD,PRD-0097,6,6,0
2025-10-31,WH-ABJ,PRD-0097,16,16,0
2025-10-31,WH-PHC,PRD-0097,20,20,0
2025-10-31,WH-LAG1,PRD-0098,363,363,0
2025-10-31,WH-LAG2,PRD-0098,179,179,0
2025-10-31,WH-IBD,PRD-0098,69,69,0
2025-10-31,WH-ABJ,PRD-0098,235,235,0
2025-10-31,WH-PHC,PRD-0098,9,9,0
2025-10-31,WH-LAG1,PRD-0099,25,25,0
2025-10-31,WH-LAG2,PRD-0099,32,32,0
2025-10-31,WH-IBD,PRD-0099,26,26,0
2025-10-31,WH-ABJ,PRD-0099,29,29,0
2025-10-31,WH-PHC,PRD-0099,29,29,0
2025-10-31,WH-LAG1,PRD-0100,71,71,0
2025-10-31,WH-LAG2,PRD-0100,285,285,0
2025-10-31,WH-IBD,PRD-0100,159,164,5
2025-10-31,WH-ABJ,PRD-0100,0,0,0
2025-10-31,WH-PHC,PRD-0100,141,141,0
2025-10-31,WH-LAG1,PRD-0101,27,27,0
2025-10-31,WH-LAG2,PRD-0101,32,32,0
2025-10-31,WH-IBD,PRD-0101,14,14,0
2025-10-31,WH-ABJ,PRD-0101,25,25,0
2025-10-31,WH-PHC,PRD-0101,29,29,0
2025-10-31,WH-LAG1,PRD-0102,52,53,1
2025-10-31,WH-LAG2,PRD-0102,24,24,0
2025-10-31,WH-IBD,PRD-0102,52,52,0
2025-10-31,WH-ABJ,PRD-0102,47,47,0
2025-10-31,WH-PHC,PRD-0102,42,42,0
2025-10-31,WH-LAG1,PRD-0103,165,165,0
2025-10-31,WH-LAG2,PRD-0103,38,39,1
2025-10-31,WH-IBD,PRD-0103,88,88,0
2025-10-31,WH-ABJ,PRD-0103,80,80,0
2025-10-31,WH-PHC,PRD-0103,31,31,0
2025-10-31,WH-LAG1,PRD-0104,50,50,0
2025-10-31,WH-LAG2,PRD-0104,14,14,0
2025-10-31,WH-IBD,PRD-0104,8,8,0
2025-10-31,WH-ABJ,PRD-0104,45,45,0
2025-10-31,WH-PHC,PRD-0104,22,22,0
2025-10-31,WH-LAG1,PRD-0105,0,0,0
2025-10-31,WH-LAG2,PRD-0105,23,23,0
2025-10-31,WH-IBD,PRD-0105,30,30,0
2025-10-31,WH-ABJ,PRD-0105,42,42,0
2025-10-31,WH-PHC,PRD-0105,33,32,-1
2025-10-31,WH-LAG1,PRD-0106,18,17,-1
2025-10-31,WH-LAG2,PRD-0106,29,30,1
2025-10-31,WH-IBD,PRD-0106,23,23,0
2025-10-31,WH-ABJ,PRD-0106,10,10,0
2025-10-31,WH-PHC,PRD-0106,17,17,0
2025-10-31,WH-LAG1,PRD-0107,38,39,1
2025-10-31,WH-LAG2,PRD-0107,26,26,0
2025-10-31,WH-IBD,PRD-0107,17,17,0
2025-10-31,WH-ABJ,PRD-0107,21,21,0
2025-10-31,WH-PHC,PRD-0107,27,27,0
2025-10-31,WH-LAG1,PRD-0108,140,146,6
2025-10-31,WH-LAG2,PRD-0108,174,174,0
2025-10-31,WH-IBD,PRD-0108,89,89,0
2025-10-31,WH-ABJ,PRD-0108,171,171,0
2025-10-31,WH-PHC,PRD-0108,153,153,0
2025-10-31,WH-LAG1,PRD-0109,154,154,0
2025-10-31,WH-LAG2,PRD-0109,53,53,0
2025-10-31,WH-IBD,PRD-0109,63,63,0
2025-10-31,WH-ABJ,PRD-0109,105,105,0
2025-10-31,WH-PHC,PRD-0109,73,73,0
2025-10-31,WH-LAG1,PRD-0110,60,58,-2
2025-10-31,WH-LAG2,PRD-0110,31,31,0
2025-10-31,WH-IBD,PRD-0110,15,15,0
2025-10-31,WH-ABJ,PRD-0110,30,30,0
2025-10-31,WH-PHC,PRD-0110,32,31,-1
2025-10-31,WH-LAG1,PRD-0111,156,156,0
2025-10-31,WH-LAG2,PRD-0111,35,35,0
2025-10-31,WH-IBD,PRD-0111,32,32,0
2025-10-31,WH-ABJ,PRD-0111,46,46,0
2025-10-31,WH-PHC,PRD-0111,108,108,0
2025-10-31,WH-LAG1,PRD-0112,31,31,0
2025-10-31,WH-LAG2,PRD-0112,13,13,0
2025-10-31,WH-IBD,PRD-0112,12,12,0
2025-10-31,WH-ABJ,PRD-0112,33,33,0
2025-10-31,WH-PHC,PRD-0112,21,21,0
2025-10-31,WH-LAG1,PRD-0113,32,33,1
2025-10-31,WH-LAG2,PRD-0113,90,90,0
2025-10-31,WH-IBD,PRD-0113,79,79,0
2025-10-31,WH-ABJ,PRD-0113,13,13,0
2025-10-31,WH-PHC,PRD-0113,135,135,0
2025-10-31,WH-LAG1,PRD-0114,17,17,0
2025-10-31,WH-LAG2,PRD-0114,20,20,0
2025-10-31,WH-IBD,PRD-0114,20,20,0
2025-10-31,WH-ABJ,PRD-0114,27,27,0
2025-10-31,WH-PHC,PRD-0114,6,5,-1
2025-10-31,WH-LAG1,PRD-0115,133,133,0
2025-10-31,WH-LAG2,PRD-0115,88,88,0
2025-10-31,WH-IBD,PRD-0115,51,51,0
2025-10-31,WH-ABJ,PRD-0115,42,42,0
2025-10-31,WH-PHC,PRD-0115,90,88,-2
2025-10-31,WH-LAG1,PRD-0116,27,26,-1
2025-10-31,WH-LAG2,PRD-0116,40,40,0
2025-10-31,WH-IBD,PRD-0116,59,59,0
2025-10-31,WH-ABJ,PRD-0116,28,28,0
2025-10-31,WH-PHC,PRD-0116,56,56,0
2025-10-31,WH-LAG1,PRD-0117,118,116,-2
2025-10-31,WH-LAG2,PRD-0117,20,20,0
2025-10-31,WH-IBD,PRD-0117,50,50,0
2025-10-31,WH-ABJ,PRD-0117,35,35,0
2025-10-31,WH-PHC,PRD-0117,40,39,-1
2025-10-31,WH-LAG1,PRD-0118,274,274,0
2025-10-31,WH-LAG2,PRD-0118,23,23,0
2025-10-31,WH-IBD,PRD-0118,42,42,0
2025-10-31,WH-ABJ,PRD-0118,93,93,0
2025-10-31,WH-PHC,PRD-0118,117,117,0
2025-10-31,WH-LAG1,PRD-0119,14,14,0
2025-10-31,WH-LAG2,PRD-0119,25,24,-1
2025-10-31,WH-IBD,PRD-0119,9,9,0
2025-10-31,WH-ABJ,PRD-0119,26,26,0
2025-10-31,WH-PHC,PRD-0119,19,19,0
2025-10-31,WH-LAG1,PRD-0120,174,174,0
2025-10-31,WH-LAG2,PRD-0120,139,139,0
2025-10-31,WH-IBD,PRD-0120,48,48,0
2025-10-31,WH-ABJ,PRD-0120,150,150,0
2025-10-31,WH-PHC,PRD-0120,32,32,0
2025-10-31,WH-LAG1,PRD-0121,1,1,0
2025-10-31,WH-LAG2,PRD-0121,134,134,0
2025-10-31,WH-IBD,PRD-0121,98,98,0
2025-10-31,WH-ABJ,PRD-0121,41,41,0
2025-10-31,WH-PHC,PRD-0121,95,95,0
2025-10-31,WH-LAG1,PRD-0122,244,244,0
2025-10-31,WH-LAG2,PRD-0122,88,88,0
2025-10-31,WH-IBD,PRD-0122,91,91,0
2025-10-31,WH-ABJ,PRD-0122,83,83,0
2025-10-31,WH-PHC,PRD-0122,46,46,0
2025-10-31,WH-LAG1,PRD-0123,122,122,0
2025-10-31,WH-LAG2,PRD-0123,32,32,0
2025-10-31,WH-IBD,PRD-0123,31,31,0
2025-10-31,WH-ABJ,PRD-0123,104,104,0
2025-10-31,WH-PHC,PRD-0123,63,63,0
2025-10-31,WH-LAG1,PRD-0124,1,1,0
2025-10-31,WH-LAG2,PRD-0124,18,17,-1
2025-10-31,WH-IBD,PRD-0124,22,22,0
2025-10-31,WH-ABJ,PRD-0124,78,78,0
2025-10-31,WH-PHC,PRD-0124,66,66,0
2025-10-31,WH-LAG1,PRD-0125,479,468,-11
2025-10-31,WH-LAG2,PRD-0125,127,127,0
2025-10-31,WH-IBD,PRD-0125,312,312,0
2025-10-31,WH-ABJ,PRD-0125,177,175,-2
2025-10-31,WH-PHC,PRD-0125,138,138,0
2025-10-31,WH-LAG1,PRD-0126,91,91,0
2025-10-31,WH-LAG2,PRD-0126,46,46,0
2025-10-31,WH-IBD,PRD-0126,24,24,0
2025-10-31,WH-ABJ,PRD-0126,51,51,0
2025-10-31,WH-PHC,PRD-0126,9,9,0
2025-10-31,WH-LAG1,PRD-0127,58,58,0
2025-10-31,WH-LAG2,PRD-0127,54,54,0
2025-10-31,WH-IBD,PRD-0127,33,33,0
2025-10-31,WH-ABJ,PRD-0127,17,18,1
2025-10-31,WH-PHC,PRD-0127,20,20,0
2025-10-31,WH-LAG1,PRD-0128,122,122,0
2025-10-31,WH-LAG2,PRD-0128,24,24,0
2025-10-31,WH-IBD,PRD-0128,48,48,0
2025-10-31,WH-ABJ,PRD-0128,94,94,0
2025-10-31,WH-PHC,PRD-0128,52,54,2
2025-10-31,WH-LAG1,PRD-0129,26,26,0
2025-10-31,WH-LAG2,PRD-0129,14,14,0
2025-10-31,WH-IBD,PRD-0129,16,16,0
2025-10-31,WH-ABJ,PRD-0129,26,27,1
2025-10-31,WH-PHC,PRD-0129,9,9,0
2025-10-31,WH-LAG1,PRD-0130,87,87,0
2025-10-31,WH-LAG2,PRD-0130,29,29,0
2025-10-31,WH-IBD,PRD-0130,31,31,0
2025-10-31,WH-ABJ,PRD-0130,20,20,0
2025-10-31,WH-PHC,PRD-0130,42,42,0
2025-10-31,WH-LAG1,PRD-0131,19,19,0
2025-10-31,WH-LAG2,PRD-0131,45,45,0
2025-10-31,WH-IBD,PRD-0131,78,78,0
2025-10-31,WH-ABJ,PRD-0131,95,95,0
2025-10-31,WH-PHC,PRD-0131,85,85,0
2025-10-31,WH-LAG1,PRD-0132,73,73,0
2025-10-31,WH-LAG2,PRD-0132,39,39,0
2025-10-31,WH-IBD,PRD-0132,31,31,0
2025-10-31,WH-ABJ,PRD-0132,37,37,0
2025-10-31,WH-PHC,PRD-0132,20,20,0
2025-10-31,WH-LAG1,PRD-0133,13,13,0
2025-10-31,WH-LAG2,PRD-0133,44,44,0
2025-10-31,WH-IBD,PRD-0133,15,15,0
2025-10-31,WH-ABJ,PRD-0133,19,19,0
2025-10-31,WH-PHC,PRD-0133,47,46,-1
2025-10-31,WH-LAG1,PRD-0134,40,40,0
2025-10-31,WH-LAG2,PRD-0134,40,40,0
2025-10-31,WH-IBD,PRD-0134,42,42,0
2025-10-31,WH-ABJ,PRD-0134,41,41,0
2025-10-31,WH-PHC,PRD-0134,23,23,0
2025-10-31,WH-LAG1,PRD-0135,149,149,0
2025-10-31,WH-LAG2,PRD-0135,120,120,0
2025-10-31,WH-IBD,PRD-0135,81,81,0
2025-10-31,WH-ABJ,PRD-0135,126,126,0
2025-10-31,WH-PHC,PRD-0135,193,193,0
2025-10-31,WH-LAG1,PRD-0136,56,56,0
2025-10-31,WH-LAG2,PRD-0136,51,51,0
2025-10-31,WH-IBD,PRD-0136,67,67,0
2025-10-31,WH-ABJ,PRD-0136,57,57,0
2025-10-31,WH-PHC,PRD-0136,60,60,0
2025-10-31,WH-LAG1,PRD-0137,129,124,-5
2025-10-31,WH-LAG2,PRD-0137,23,23,0
2025-10-31,WH-IBD,PRD-0137,82,78,-4
2025-10-31,WH-ABJ,PRD-0137,19,20,1
2025-10-31,WH-PHC,PRD-0137,76,76,0
2025-10-31,WH-LAG1,PRD-0138,117,117,0
2025-10-31,WH-LAG2,PRD-0138,91,91,0
2025-10-31,WH-IBD,PRD-0138,48,48,0
2025-10-31,WH-ABJ,PRD-0138,117,117,0
2025-10-31,WH-PHC,PRD-0138,69,69,0
2025-10-31,WH-LAG1,PRD-0139,114,114,0
2025-10-31,WH-LAG2,PRD-0139,67,68,1
2025-10-31,WH-IBD,PRD-0139,22,21,-1
2025-10-31,WH-ABJ,PRD-0139,21,21,0
2025-10-31,WH-PHC,PRD-0139,16,16,0
2025-10-31,WH-LAG1,PRD-0140,32,32,0
2025-10-31,WH-LAG2,PRD-0140,20,20,0
2025-10-31,WH-IBD,PRD-0140,42,42,0
2025-10-31,WH-ABJ,PRD-0140,50,49,-1
2025-10-31,WH-PHC,PRD-0140,28,28,0
2025-10-31,WH-LAG1,PRD-0141,55,53,-2
2025-10-31,WH-LAG2,PRD-0141,41,41,0
2025-10-31,WH-IBD,PRD-0141,11,11,0
2025-10-31,WH-ABJ,PRD-0141,59,59,0
2025-10-31,WH-PHC,PRD-0141,34,34,0
2025-10-31,WH-LAG1,PRD-0142,311,311,0
2025-10-31,WH-LAG2,PRD-0142,50,50,0
2025-10-31,WH-IBD,PRD-0142,30,30,0
2025-10-31,WH-ABJ,PRD-0142,84,84,0
2025-10-31,WH-PHC,PRD-0142,34,34,0
2025-10-31,WH-LAG1,PRD-0143,0,0,0
2025-10-31,WH-LAG2,PRD-0143,62,62,0
2025-10-31,WH-IBD,PRD-0143,34,34,0
2025-10-31,WH-ABJ,PRD-0143,66,66,0
2025-10-31,WH-PHC,PRD-0143,23,23,0
2025-10-31,WH-LAG1,PRD-0144,89,89,0
2025-10-31,WH-LAG2,PRD-0144,47,47,0
2025-10-31,WH-IBD,PRD-0144,27,26,-1
2025-10-31,WH-ABJ,PRD-0144,46,46,0
2025-10-31,WH-PHC,PRD-0144,17,17,0
2025-10-31,WH-LAG1,PRD-0145,217,217,0
2025-10-31,WH-LAG2,PRD-0145,59,59,0
2025-10-31,WH-IBD,PRD-0145,71,71,0
2025-10-31,WH-ABJ,PRD-0145,93,95,2
2025-10-31,WH-PHC,PRD-0145,111,111,0
2025-10-31,WH-LAG1,PRD-0146,42,42,0
2025-10-31,WH-LAG2,PRD-0146,25,25,0
2025-10-31,WH-IBD,PRD-0146,16,17,1
2025-10-31,WH-ABJ,PRD-0146,22,22,0
2025-10-31,WH-PHC,PRD-0146,13,13,0
2025-10-31,WH-LAG1,PRD-0147,0,0,0
2025-10-31,WH-LAG2,PRD-0147,55,55,0
2025-10-31,WH-IBD,PRD-0147,51,51,0
2025-10-31,WH-ABJ,PRD-0147,50,50,0
2025-10-31,WH-PHC,PRD-0147,21,21,0
2025-10-31,WH-LAG1,PRD-0148,60,60,0
2025-10-31,WH-LAG2,PRD-0148,15,15,0
2025-10-31,WH-IBD,PRD-0148,49,50,1
2025-10-31,WH-ABJ,PRD-0148,54,54,0
2025-10-31,WH-PHC,PRD-0148,15,15,0
2025-10-31,WH-LAG1,PRD-0149,38,37,-1
2025-10-31,WH-LAG2,PRD-0149,19,19,0
2025-10-31,WH-IBD,PRD-0149,10,10,0
2025-10-31,WH-ABJ,PRD-0149,11,11,0
2025-10-31,WH-PHC,PRD-0149,17,17,0
2025-10-31,WH-LAG1,PRD-0150,210,210,0
2025-10-31,WH-LAG2,PRD-0150,25,25,0
2025-10-31,WH-IBD,PRD-0150,82,82,0
2025-10-31,WH-ABJ,PRD-0150,43,43,0
2025-10-31,WH-PHC,PRD-0150,62,62,0
2025-10-31,WH-LAG1,PRD-0151,374,374,0
2025-10-31,WH-LAG2,PRD-0151,844,844,0
2025-10-31,WH-IBD,PRD-0151,223,223,0
2025-10-31,WH-ABJ,PRD-0151,473,473,0
2025-10-31,WH-PHC,PRD-0151,417,417,0
2025-10-31,WH-LAG1,PRD-0152,77,77,0
2025-10-31,WH-LAG2,PRD-0152,14,14,0
2025-10-31,WH-IBD,PRD-0152,48,48,0
2025-10-31,WH-ABJ,PRD-0152,61,61,0
2025-10-31,WH-PHC,PRD-0152,47,47,0
2025-10-31,WH-LAG1,PRD-0153,285,285,0
2025-10-31,WH-LAG2,PRD-0153,167,167,0
2025-10-31,WH-IBD,PRD-0153,145,145,0
2025-10-31,WH-ABJ,PRD-0153,221,221,0
2025-10-31,WH-PHC,PRD-0153,74,74,0
2025-10-31,WH-LAG1,PRD-0154,68,68,0
2025-10-31,WH-LAG2,PRD-0154,41,41,0
2025-10-31,WH-IBD,PRD-0154,0,0,0
2025-10-31,WH-ABJ,PRD-0154,64,61,-3
2025-10-31,WH-PHC,PRD-0154,66,66,0
2025-10-31,WH-LAG1,PRD-0155,43,43,0
2025-10-31,WH-LAG2,PRD-0155,59,59,0
2025-10-31,WH-IBD,PRD-0155,23,23,0
2025-10-31,WH-ABJ,PRD-0155,52,52,0
2025-10-31,WH-PHC,PRD-0155,22,22,0
2025-10-31,WH-LAG1,PRD-0156,179,179,0
2025-10-31,WH-LAG2,PRD-0156,177,177,0
2025-10-31,WH-IBD,PRD-0156,21,20,-1
2025-10-31,WH-ABJ,PRD-0156,258,258,0
2025-10-31,WH-PHC,PRD-0156,56,56,0
2025-10-31,WH-LAG1,PRD-0157,67,67,0
2025-10-31,WH-LAG2,PRD-0157,17,17,0
2025-10-31,WH-IBD,PRD-0157,29,29,0
2025-10-31,WH-ABJ,PRD-0157,96,96,0
2025-10-31,WH-PHC,PRD-0157,26,26,0
2025-10-31,WH-LAG1,PRD-0158,22,22,0
2025-10-31,WH-LAG2,PRD-0158,7,7,0
2025-10-31,WH-IBD,PRD-0158,27,27,0
2025-10-31,WH-ABJ,PRD-0158,28,28,0
2025-10-31,WH-PHC,PRD-0158,31,31,0
2025-10-31,WH-LAG1,PRD-0159,59,59,0
2025-10-31,WH-LAG2,PRD-0159,18,18,0
2025-10-31,WH-IBD,PRD-0159,55,55,0
2025-10-31,WH-ABJ,PRD-0159,66,66,0
2025-10-31,WH-PHC,PRD-0159,49,49,0
2025-10-31,WH-LAG1,PRD-0160,256,256,0
2025-10-31,WH-LAG2,PRD-0160,80,82,2
2025-10-31,WH-IBD,PRD-0160,117,117,0
2025-10-31,WH-ABJ,PRD-0160,233,233,0
2025-10-31,WH-PHC,PRD-0160,63,62,-1
2025-10-31,WH-LAG1,PRD-0161,504,504,0
2025-10-31,WH-LAG2,PRD-0161,182,182,0
2025-10-31,WH-IBD,PRD-0161,100,100,0
2025-10-31,WH-ABJ,PRD-0161,215,215,0
2025-10-31,WH-PHC,PRD-0161,208,204,-4
2025-10-31,WH-LAG1,PRD-0162,29,29,0
2025-10-31,WH-LAG2,PRD-0162,58,58,0
2025-10-31,WH-IBD,PRD-0162,45,45,0
2025-10-31,WH-ABJ,PRD-0162,81,81,0
2025-10-31,WH-PHC,PRD-0162,3,3,0
2025-10-31,WH-LAG1,PRD-0163,8,8,0
2025-10-31,WH-LAG2,PRD-0163,6,6,0
2025-10-31,WH-IBD,PRD-0163,46,46,0
2025-10-31,WH-ABJ,PRD-0163,46,46,0
2025-10-31,WH-PHC,PRD-0163,62,62,0
2025-10-31,WH-LAG1,PRD-0164,106,106,0
2025-10-31,WH-LAG2,PRD-0164,42,42,0
2025-10-31,WH-IBD,PRD-0164,22,22,0
2025-10-31,WH-ABJ,PRD-0164,54,54,0
2025-10-31,WH-PHC,PRD-0164,54,55,1
2025-10-31,WH-LAG1,PRD-0165,157,151,-6
2025-10-31,WH-LAG2,PRD-0165,61,61,0
2025-10-31,WH-IBD,PRD-0165,140,140,0
2025-10-31,WH-ABJ,PRD-0165,124,124,0
2025-10-31,WH-PHC,PRD-0165,172,172,0
2025-10-31,WH-LAG1,PRD-0166,112,109,-3
2025-10-31,WH-LAG2,PRD-0166,76,76,0
2025-10-31,WH-IBD,PRD-0166,47,47,0
2025-10-31,WH-ABJ,PRD-0166,180,180,0
2025-10-31,WH-PHC,PRD-0166,66,66,0
2025-10-31,WH-LAG1,PRD-0167,73,73,0
2025-10-31,WH-LAG2,PRD-0167,28,28,0
2025-10-31,WH-IBD,PRD-0167,29,29,0
2025-10-31,WH-ABJ,PRD-0167,48,48,0
2025-10-31,WH-PHC,PRD-0167,16,16,0
2025-10-31,WH-LAG1,PRD-0168,27,27,0
2025-10-31,WH-LAG2,PRD-0168,15,15,0
2025-10-31,WH-IBD,PRD-0168,28,29,1
2025-10-31,WH-ABJ,PRD-0168,37,37,0
2025-10-31,WH-PHC,PRD-0168,35,35,0
2025-10-31,WH-LAG1,PRD-0169,105,105,0
2025-10-31,WH-LAG2,PRD-0169,51,51,0
2025-10-31,WH-IBD,PRD-0169,11,11,0
2025-10-31,WH-ABJ,PRD-0169,53,53,0
2025-10-31,WH-PHC,PRD-0169,34,34,0
2025-10-31,WH-LAG1,PRD-0170,43,43,0
2025-10-31,WH-LAG2,PRD-0170,61,61,0
2025-10-31,WH-IBD,PRD-0170,39,39,0
2025-10-31,WH-ABJ,PRD-0170,68,68,0
2025-10-31,WH-PHC,PRD-0170,56,56,0
2025-11-30,WH-LAG1,PRD-0001,48,48,0
2025-11-30,WH-LAG2,PRD-0001,0,0,0
2025-11-30,WH-IBD,PRD-0001,18,17,-1
2025-11-30,WH-ABJ,PRD-0001,69,69,0
2025-11-30,WH-PHC,PRD-0001,10,10,0
2025-11-30,WH-LAG1,PRD-0002,39,39,0
2025-11-30,WH-LAG2,PRD-0002,32,32,0
2025-11-30,WH-IBD,PRD-0002,27,27,0
2025-11-30,WH-ABJ,PRD-0002,21,21,0
2025-11-30,WH-PHC,PRD-0002,27,27,0
2025-11-30,WH-LAG1,PRD-0003,15,15,0
2025-11-30,WH-LAG2,PRD-0003,4,4,0
2025-11-30,WH-IBD,PRD-0003,7,7,0
2025-11-30,WH-ABJ,PRD-0003,21,21,0
2025-11-30,WH-PHC,PRD-0003,22,22,0
2025-11-30,WH-LAG1,PRD-0004,431,431,0
2025-11-30,WH-LAG2,PRD-0004,97,100,3
2025-11-30,WH-IBD,PRD-0004,156,156,0
2025-11-30,WH-ABJ,PRD-0004,145,151,6
2025-11-30,WH-PHC,PRD-0004,221,221,0
2025-11-30,WH-LAG1,PRD-0005,44,44,0
2025-11-30,WH-LAG2,PRD-0005,0,0,0
2025-11-30,WH-IBD,PRD-0005,46,46,0
2025-11-30,WH-ABJ,PRD-0005,91,91,0
2025-11-30,WH-PHC,PRD-0005,67,67,0
2025-11-30,WH-LAG1,PRD-0006,48,48,0
2025-11-30,WH-LAG2,PRD-0006,27,27,0
2025-11-30,WH-IBD,PRD-0006,8,8,0
2025-11-30,WH-ABJ,PRD-0006,12,12,0
2025-11-30,WH-PHC,PRD-0006,32,32,0
2025-11-30,WH-LAG1,PRD-0007,107,107,0
2025-11-30,WH-LAG2,PRD-0007,50,49,-1
2025-11-30,WH-IBD,PRD-0007,77,77,0
2025-11-30,WH-ABJ,PRD-0007,71,74,3
2025-11-30,WH-PHC,PRD-0007,86,86,0
2025-11-30,WH-LAG1,PRD-0008,26,26,0
2025-11-30,WH-LAG2,PRD-0008,50,50,0
2025-11-30,WH-IBD,PRD-0008,33,33,0
2025-11-30,WH-ABJ,PRD-0008,50,50,0
2025-11-30,WH-PHC,PRD-0008,21,21,0
2025-11-30,WH-LAG1,PRD-0009,44,44,0
2025-11-30,WH-LAG2,PRD-0009,38,38,0
2025-11-30,WH-IBD,PRD-0009,30,30,0
2025-11-30,WH-ABJ,PRD-0009,30,30,0
2025-11-30,WH-PHC,PRD-0009,18,18,0
2025-11-30,WH-LAG1,PRD-0010,25,25,0
2025-11-30,WH-LAG2,PRD-0010,0,0,-1
2025-11-30,WH-IBD,PRD-0010,23,23,0
2025-11-30,WH-ABJ,PRD-0010,6,6,0
2025-11-30,WH-PHC,PRD-0010,13,13,0
2025-11-30,WH-LAG1,PRD-0011,194,194,0
2025-11-30,WH-LAG2,PRD-0011,53,53,0
2025-11-30,WH-IBD,PRD-0011,95,95,0
2025-11-30,WH-ABJ,PRD-0011,41,41,0
2025-11-30,WH-PHC,PRD-0011,84,86,2
2025-11-30,WH-LAG1,PRD-0012,39,39,0
2025-11-30,WH-LAG2,PRD-0012,21,21,0
2025-11-30,WH-IBD,PRD-0012,42,42,0
2025-11-30,WH-ABJ,PRD-0012,9,9,0
2025-11-30,WH-PHC,PRD-0012,27,27,0
2025-11-30,WH-LAG1,PRD-0013,9,9,0
2025-11-30,WH-LAG2,PRD-0013,19,19,0
2025-11-30,WH-IBD,PRD-0013,25,25,0
2025-11-30,WH-ABJ,PRD-0013,17,17,0
2025-11-30,WH-PHC,PRD-0013,3,3,0
2025-11-30,WH-LAG1,PRD-0014,20,20,0
2025-11-30,WH-LAG2,PRD-0014,15,15,0
2025-11-30,WH-IBD,PRD-0014,6,6,0
2025-11-30,WH-ABJ,PRD-0014,5,5,0
2025-11-30,WH-PHC,PRD-0014,8,8,0
2025-11-30,WH-LAG1,PRD-0015,81,81,0
2025-11-30,WH-LAG2,PRD-0015,29,29,0
2025-11-30,WH-IBD,PRD-0015,32,32,0
2025-11-30,WH-ABJ,PRD-0015,64,63,-1
2025-11-30,WH-PHC,PRD-0015,52,52,0
2025-11-30,WH-LAG1,PRD-0016,199,199,0
2025-11-30,WH-LAG2,PRD-0016,10,10,0
2025-11-30,WH-IBD,PRD-0016,57,57,0
2025-11-30,WH-ABJ,PRD-0016,65,65,0
2025-11-30,WH-PHC,PRD-0016,43,43,0
2025-11-30,WH-LAG1,PRD-0017,16,16,0
2025-11-30,WH-LAG2,PRD-0017,24,24,0
2025-11-30,WH-IBD,PRD-0017,39,39,0
2025-11-30,WH-ABJ,PRD-0017,54,54,0
2025-11-30,WH-PHC,PRD-0017,34,34,0
2025-11-30,WH-LAG1,PRD-0018,63,62,-1
2025-11-30,WH-LAG2,PRD-0018,29,29,0
2025-11-30,WH-IBD,PRD-0018,148,148,0
2025-11-30,WH-ABJ,PRD-0018,119,116,-3
2025-11-30,WH-PHC,PRD-0018,92,92,0
2025-11-30,WH-LAG1,PRD-0019,24,24,0
2025-11-30,WH-LAG2,PRD-0019,46,46,0
2025-11-30,WH-IBD,PRD-0019,79,79,0
2025-11-30,WH-ABJ,PRD-0019,41,41,0
2025-11-30,WH-PHC,PRD-0019,74,74,0
2025-11-30,WH-LAG1,PRD-0020,81,80,-1
2025-11-30,WH-LAG2,PRD-0020,116,116,0
2025-11-30,WH-IBD,PRD-0020,102,102,0
2025-11-30,WH-ABJ,PRD-0020,101,98,-3
2025-11-30,WH-PHC,PRD-0020,94,94,0
2025-11-30,WH-LAG1,PRD-0021,71,68,-3
2025-11-30,WH-LAG2,PRD-0021,55,55,0
2025-11-30,WH-IBD,PRD-0021,39,39,0
2025-11-30,WH-ABJ,PRD-0021,8,8,0
2025-11-30,WH-PHC,PRD-0021,64,64,0
2025-11-30,WH-LAG1,PRD-0022,14,14,0
2025-11-30,WH-LAG2,PRD-0022,16,16,0
2025-11-30,WH-IBD,PRD-0022,6,6,0
2025-11-30,WH-ABJ,PRD-0022,28,28,0
2025-11-30,WH-PHC,PRD-0022,27,27,0
2025-11-30,WH-LAG1,PRD-0023,135,129,-6
2025-11-30,WH-LAG2,PRD-0023,61,61,0
2025-11-30,WH-IBD,PRD-0023,45,45,0
2025-11-30,WH-ABJ,PRD-0023,123,125,2
2025-11-30,WH-PHC,PRD-0023,86,86,0
2025-11-30,WH-LAG1,PRD-0024,73,76,3
2025-11-30,WH-LAG2,PRD-0024,44,44,0
2025-11-30,WH-IBD,PRD-0024,18,18,0
2025-11-30,WH-ABJ,PRD-0024,19,19,0
2025-11-30,WH-PHC,PRD-0024,17,17,0
2025-11-30,WH-LAG1,PRD-0025,43,43,0
2025-11-30,WH-LAG2,PRD-0025,44,44,0
2025-11-30,WH-IBD,PRD-0025,14,14,0
2025-11-30,WH-ABJ,PRD-0025,18,18,0
2025-11-30,WH-PHC,PRD-0025,1,1,0
2025-11-30,WH-LAG1,PRD-0026,74,74,0
2025-11-30,WH-LAG2,PRD-0026,55,55,0
2025-11-30,WH-IBD,PRD-0026,28,28,0
2025-11-30,WH-ABJ,PRD-0026,31,31,0
2025-11-30,WH-PHC,PRD-0026,31,31,0
2025-11-30,WH-LAG1,PRD-0027,16,16,0
2025-11-30,WH-LAG2,PRD-0027,24,24,0
2025-11-30,WH-IBD,PRD-0027,19,19,0
2025-11-30,WH-ABJ,PRD-0027,21,21,0
2025-11-30,WH-PHC,PRD-0027,23,23,0
2025-11-30,WH-LAG1,PRD-0028,96,96,0
2025-11-30,WH-LAG2,PRD-0028,65,65,0
2025-11-30,WH-IBD,PRD-0028,23,24,1
2025-11-30,WH-ABJ,PRD-0028,38,38,0
2025-11-30,WH-PHC,PRD-0028,21,21,0
2025-11-30,WH-LAG1,PRD-0029,29,29,0
2025-11-30,WH-LAG2,PRD-0029,35,35,0
2025-11-30,WH-IBD,PRD-0029,3,3,0
2025-11-30,WH-ABJ,PRD-0029,16,16,0
2025-11-30,WH-PHC,PRD-0029,30,30,0
2025-11-30,WH-LAG1,PRD-0030,21,21,0
2025-11-30,WH-LAG2,PRD-0030,26,26,0
2025-11-30,WH-IBD,PRD-0030,23,23,0
2025-11-30,WH-ABJ,PRD-0030,28,28,0
2025-11-30,WH-PHC,PRD-0030,4,4,0
2025-11-30,WH-LAG1,PRD-0031,235,235,0
2025-11-30,WH-LAG2,PRD-0031,122,122,0
2025-11-30,WH-IBD,PRD-0031,43,43,0
2025-11-30,WH-ABJ,PRD-0031,40,40,0
2025-11-30,WH-PHC,PRD-0031,94,94,0
2025-11-30,WH-LAG1,PRD-0032,21,21,0
2025-11-30,WH-LAG2,PRD-0032,28,27,-1
2025-11-30,WH-IBD,PRD-0032,10,10,0
2025-11-30,WH-ABJ,PRD-0032,12,13,1
2025-11-30,WH-PHC,PRD-0032,0,0,0
2025-11-30,WH-LAG1,PRD-0033,132,132,0
2025-11-30,WH-LAG2,PRD-0033,6,6,0
2025-11-30,WH-IBD,PRD-0033,51,51,0
2025-11-30,WH-ABJ,PRD-0033,53,53,0
2025-11-30,WH-PHC,PRD-0033,74,74,0
2025-11-30,WH-LAG1,PRD-0034,28,27,-1
2025-11-30,WH-LAG2,PRD-0034,12,12,0
2025-11-30,WH-IBD,PRD-0034,31,31,0
2025-11-30,WH-ABJ,PRD-0034,15,15,0
2025-11-30,WH-PHC,PRD-0034,6,6,0
2025-11-30,WH-LAG1,PRD-0035,43,43,0
2025-11-30,WH-LAG2,PRD-0035,53,53,0
2025-11-30,WH-IBD,PRD-0035,52,52,0
2025-11-30,WH-ABJ,PRD-0035,97,97,0
2025-11-30,WH-PHC,PRD-0035,43,43,0
2025-11-30,WH-LAG1,PRD-0036,24,24,0
2025-11-30,WH-LAG2,PRD-0036,51,51,0
2025-11-30,WH-IBD,PRD-0036,0,1,1
2025-11-30,WH-ABJ,PRD-0036,27,27,0
2025-11-30,WH-PHC,PRD-0036,70,70,0
2025-11-30,WH-LAG1,PRD-0037,184,184,0
2025-11-30,WH-LAG2,PRD-0037,58,57,-1
2025-11-30,WH-IBD,PRD-0037,48,48,0
2025-11-30,WH-ABJ,PRD-0037,127,127,0
2025-11-30,WH-PHC,PRD-0037,59,59,0
2025-11-30,WH-LAG1,PRD-0038,14,15,1
2025-11-30,WH-LAG2,PRD-0038,4,4,0
2025-11-30,WH-IBD,PRD-0038,6,6,0
2025-11-30,WH-ABJ,PRD-0038,26,26,0
2025-11-30,WH-PHC,PRD-0038,15,15,0
2025-11-30,WH-LAG1,PRD-0039,306,306,0
2025-11-30,WH-LAG2,PRD-0039,61,59,-2
2025-11-30,WH-IBD,PRD-0039,0,0,0
2025-11-30,WH-ABJ,PRD-0039,137,137,0
2025-11-30,WH-PHC,PRD-0039,147,147,0
2025-11-30,WH-LAG1,PRD-0040,60,60,0
2025-11-30,WH-LAG2,PRD-0040,38,38,0
2025-11-30,WH-IBD,PRD-0040,18,18,0
2025-11-30,WH-ABJ,PRD-0040,42,42,0
2025-11-30,WH-PHC,PRD-0040,21,21,0
2025-11-30,WH-LAG1,PRD-0041,36,36,0
2025-11-30,WH-LAG2,PRD-0041,43,44,1
2025-11-30,WH-IBD,PRD-0041,43,43,0
2025-11-30,WH-ABJ,PRD-0041,30,30,0
2025-11-30,WH-PHC,PRD-0041,24,24,0
2025-11-30,WH-LAG1,PRD-0042,28,28,0
2025-11-30,WH-LAG2,PRD-0042,17,17,0
2025-11-30,WH-IBD,PRD-0042,15,15,0
2025-11-30,WH-ABJ,PRD-0042,22,23,1
2025-11-30,WH-PHC,PRD-0042,18,18,0
2025-11-30,WH-LAG1,PRD-0043,79,79,0
2025-11-30,WH-LAG2,PRD-0043,30,30,0
2025-11-30,WH-IBD,PRD-0043,51,51,0
2025-11-30,WH-ABJ,PRD-0043,53,53,0
2025-11-30,WH-PHC,PRD-0043,42,41,-1
2025-11-30,WH-LAG1,PRD-0044,16,16,0
2025-11-30,WH-LAG2,PRD-0044,15,15,0
2025-11-30,WH-IBD,PRD-0044,8,8,0
2025-11-30,WH-ABJ,PRD-0044,13,13,0
2025-11-30,WH-PHC,PRD-0044,0,0,0
2025-11-30,WH-LAG1,PRD-0045,123,123,0
2025-11-30,WH-LAG2,PRD-0045,0,0,-1
2025-11-30,WH-IBD,PRD-0045,0,0,0
2025-11-30,WH-ABJ,PRD-0045,113,113,0
2025-11-30,WH-PHC,PRD-0045,42,42,0
2025-11-30,WH-LAG1,PRD-0046,49,49,0
2025-11-30,WH-LAG2,PRD-0046,16,16,0
2025-11-30,WH-IBD,PRD-0046,27,27,0
2025-11-30,WH-ABJ,PRD-0046,13,13,0
2025-11-30,WH-PHC,PRD-0046,61,61,0
2025-11-30,WH-LAG1,PRD-0047,79,79,0
2025-11-30,WH-LAG2,PRD-0047,50,50,0
2025-11-30,WH-IBD,PRD-0047,43,43,0
2025-11-30,WH-ABJ,PRD-0047,61,61,0
2025-11-30,WH-PHC,PRD-0047,20,19,-1
2025-11-30,WH-LAG1,PRD-0048,129,129,0
2025-11-30,WH-LAG2,PRD-0048,10,10,0
2025-11-30,WH-IBD,PRD-0048,59,59,0
2025-11-30,WH-ABJ,PRD-0048,41,41,0
2025-11-30,WH-PHC,PRD-0048,41,41,0
2025-11-30,WH-LAG1,PRD-0049,49,48,-1
2025-11-30,WH-LAG2,PRD-0049,8,8,0
2025-11-30,WH-IBD,PRD-0049,46,46,0
2025-11-30,WH-ABJ,PRD-0049,27,28,1
2025-11-30,WH-PHC,PRD-0049,69,69,0
2025-11-30,WH-LAG1,PRD-0050,79,79,0
2025-11-30,WH-LAG2,PRD-0050,18,18,0
2025-11-30,WH-IBD,PRD-0050,6,6,0
2025-11-30,WH-ABJ,PRD-0050,23,23,0
2025-11-30,WH-PHC,PRD-0050,24,24,0
2025-11-30,WH-LAG1,PRD-0051,345,345,0
2025-11-30,WH-LAG2,PRD-0051,51,51,0
2025-11-30,WH-IBD,PRD-0051,38,37,-1
2025-11-30,WH-ABJ,PRD-0051,105,105,0
2025-11-30,WH-PHC,PRD-0051,84,84,0
2025-11-30,WH-LAG1,PRD-0052,28,28,0
2025-11-30,WH-LAG2,PRD-0052,0,1,1
2025-11-30,WH-IBD,PRD-0052,12,12,0
2025-11-30,WH-ABJ,PRD-0052,20,20,0
2025-11-30,WH-PHC,PRD-0052,4,4,0
2025-11-30,WH-LAG1,PRD-0053,32,32,0
2025-11-30,WH-LAG2,PRD-0053,29,29,0
2025-11-30,WH-IBD,PRD-0053,7,7,0
2025-11-30,WH-ABJ,PRD-0053,19,19,0
2025-11-30,WH-PHC,PRD-0053,20,20,0
2025-11-30,WH-LAG1,PRD-0054,59,59,0
2025-11-30,WH-LAG2,PRD-0054,5,5,0
2025-11-30,WH-IBD,PRD-0054,17,17,0
2025-11-30,WH-ABJ,PRD-0054,14,14,0
2025-11-30,WH-PHC,PRD-0054,18,18,0
2025-11-30,WH-LAG1,PRD-0055,51,51,0
2025-11-30,WH-LAG2,PRD-0055,27,27,0
2025-11-30,WH-IBD,PRD-0055,39,39,0
2025-11-30,WH-ABJ,PRD-0055,15,15,0
2025-11-30,WH-PHC,PRD-0055,61,61,0
2025-11-30,WH-LAG1,PRD-0056,42,42,0
2025-11-30,WH-LAG2,PRD-0056,39,40,1
2025-11-30,WH-IBD,PRD-0056,16,15,-1
2025-11-30,WH-ABJ,PRD-0056,30,30,0
2025-11-30,WH-PHC,PRD-0056,13,13,0
2025-11-30,WH-LAG1,PRD-0057,126,126,0
2025-11-30,WH-LAG2,PRD-0057,45,45,0
2025-11-30,WH-IBD,PRD-0057,89,89,0
2025-11-30,WH-ABJ,PRD-0057,62,62,0
2025-11-30,WH-PHC,PRD-0057,91,91,0
2025-11-30,WH-LAG1,PRD-0058,96,97,1
2025-11-30,WH-LAG2,PRD-0058,33,33,0
2025-11-30,WH-IBD,PRD-0058,13,12,-1
2025-11-30,WH-ABJ,PRD-0058,28,28,0
2025-11-30,WH-PHC,PRD-0058,42,43,1
2025-11-30,WH-LAG1,PRD-0059,40,40,0
2025-11-30,WH-LAG2,PRD-0059,75,75,0
2025-11-30,WH-IBD,PRD-0059,22,22,0
2025-11-30,WH-ABJ,PRD-0059,68,68,0
2025-11-30,WH-PHC,PRD-0059,51,51,0
2025-11-30,WH-LAG1,PRD-0060,233,233,0
2025-11-30,WH-LAG2,PRD-0060,43,43,0
2025-11-30,WH-IBD,PRD-0060,154,154,0
2025-11-30,WH-ABJ,PRD-0060,129,129,0
2025-11-30,WH-PHC,PRD-0060,94,94,0
2025-11-30,WH-LAG1,PRD-0061,121,121,0
2025-11-30,WH-LAG2,PRD-0061,195,195,0
2025-11-30,WH-IBD,PRD-0061,85,85,0
2025-11-30,WH-ABJ,PRD-0061,205,205,0
2025-11-30,WH-PHC,PRD-0061,6,6,0
2025-11-30,WH-LAG1,PRD-0062,103,103,0
2025-11-30,WH-LAG2,PRD-0062,95,95,0
2025-11-30,WH-IBD,PRD-0062,31,31,0
2025-11-30,WH-ABJ,PRD-0062,118,118,0
2025-11-30,WH-PHC,PRD-0062,104,100,-4
2025-11-30,WH-LAG1,PRD-0063,16,16,0
2025-11-30,WH-LAG2,PRD-0063,38,38,0
2025-11-30,WH-IBD,PRD-0063,70,70,0
2025-11-30,WH-ABJ,PRD-0063,27,27,0
2025-11-30,WH-PHC,PRD-0063,23,23,0
2025-11-30,WH-LAG1,PRD-0064,133,133,0
2025-11-30,WH-LAG2,PRD-0064,79,79,0
2025-11-30,WH-IBD,PRD-0064,24,24,0
2025-11-30,WH-ABJ,PRD-0064,79,82,3
2025-11-30,WH-PHC,PRD-0064,98,98,0
2025-11-30,WH-LAG1,PRD-0065,41,41,0
2025-11-30,WH-LAG2,PRD-0065,18,17,-1
2025-11-30,WH-IBD,PRD-0065,29,29,0
2025-11-30,WH-ABJ,PRD-0065,64,64,0
2025-11-30,WH-PHC,PRD-0065,107,107,0
2025-11-30,WH-LAG1,PRD-0066,11,11,0
2025-11-30,WH-LAG2,PRD-0066,7,7,0
2025-11-30,WH-IBD,PRD-0066,10,10,0
2025-11-30,WH-ABJ,PRD-0066,8,8,0
2025-11-30,WH-PHC,PRD-0066,11,11,0
2025-11-30,WH-LAG1,PRD-0067,124,124,0
2025-11-30,WH-LAG2,PRD-0067,51,51,0
2025-11-30,WH-IBD,PRD-0067,73,72,-1
2025-11-30,WH-ABJ,PRD-0067,95,95,0
2025-11-30,WH-PHC,PRD-0067,94,95,1
2025-11-30,WH-LAG1,PRD-0068,172,172,0
2025-11-30,WH-LAG2,PRD-0068,95,95,0
2025-11-30,WH-IBD,PRD-0068,97,97,0
2025-11-30,WH-ABJ,PRD-0068,98,98,0
2025-11-30,WH-PHC,PRD-0068,53,54,1
2025-11-30,WH-LAG1,PRD-0069,18,18,0
2025-11-30,WH-LAG2,PRD-0069,22,21,-1
2025-11-30,WH-IBD,PRD-0069,13,13,0
2025-11-30,WH-ABJ,PRD-0069,9,9,0
2025-11-30,WH-PHC,PRD-0069,0,0,0
2025-11-30,WH-LAG1,PRD-0070,102,102,0
2025-11-30,WH-LAG2,PRD-0070,39,40,1
2025-11-30,WH-IBD,PRD-0070,35,35,0
2025-11-30,WH-ABJ,PRD-0070,23,23,0
2025-11-30,WH-PHC,PRD-0070,22,22,0
2025-11-30,WH-LAG1,PRD-0071,10,10,0
2025-11-30,WH-LAG2,PRD-0071,16,15,-1
2025-11-30,WH-IBD,PRD-0071,20,20,0
2025-11-30,WH-ABJ,PRD-0071,20,20,0
2025-11-30,WH-PHC,PRD-0071,11,11,0
2025-11-30,WH-LAG1,PRD-0072,42,42,0
2025-11-30,WH-LAG2,PRD-0072,49,49,0
2025-11-30,WH-IBD,PRD-0072,29,29,0
2025-11-30,WH-ABJ,PRD-0072,31,31,0
2025-11-30,WH-PHC,PRD-0072,33,33,0
2025-11-30,WH-LAG1,PRD-0073,30,30,0
2025-11-30,WH-LAG2,PRD-0073,8,8,0
2025-11-30,WH-IBD,PRD-0073,20,20,0
2025-11-30,WH-ABJ,PRD-0073,28,28,0
2025-11-30,WH-PHC,PRD-0073,0,0,0
2025-11-30,WH-LAG1,PRD-0074,103,103,0
2025-11-30,WH-LAG2,PRD-0074,59,59,0
2025-11-30,WH-IBD,PRD-0074,0,0,0
2025-11-30,WH-ABJ,PRD-0074,91,91,0
2025-11-30,WH-PHC,PRD-0074,86,86,0
2025-11-30,WH-LAG1,PRD-0075,1,1,0
2025-11-30,WH-LAG2,PRD-0075,22,22,0
2025-11-30,WH-IBD,PRD-0075,20,20,0
2025-11-30,WH-ABJ,PRD-0075,14,14,0
2025-11-30,WH-PHC,PRD-0075,0,0,0
2025-11-30,WH-LAG1,PRD-0076,67,67,0
2025-11-30,WH-LAG2,PRD-0076,82,82,0
2025-11-30,WH-IBD,PRD-0076,81,79,-2
2025-11-30,WH-ABJ,PRD-0076,88,92,4
2025-11-30,WH-PHC,PRD-0076,78,78,0
2025-11-30,WH-LAG1,PRD-0077,426,444,18
2025-11-30,WH-LAG2,PRD-0077,130,130,0
2025-11-30,WH-IBD,PRD-0077,153,153,0
2025-11-30,WH-ABJ,PRD-0077,283,283,0
2025-11-30,WH-PHC,PRD-0077,175,175,0
2025-11-30,WH-LAG1,PRD-0078,188,188,0
2025-11-30,WH-LAG2,PRD-0078,85,85,0
2025-11-30,WH-IBD,PRD-0078,42,42,0
2025-11-30,WH-ABJ,PRD-0078,31,31,0
2025-11-30,WH-PHC,PRD-0078,43,43,0
2025-11-30,WH-LAG1,PRD-0079,97,97,0
2025-11-30,WH-LAG2,PRD-0079,62,62,0
2025-11-30,WH-IBD,PRD-0079,12,12,0
2025-11-30,WH-ABJ,PRD-0079,80,80,0
2025-11-30,WH-PHC,PRD-0079,55,55,0
2025-11-30,WH-LAG1,PRD-0080,88,88,0
2025-11-30,WH-LAG2,PRD-0080,21,21,0
2025-11-30,WH-IBD,PRD-0080,26,26,0
2025-11-30,WH-ABJ,PRD-0080,0,0,0
2025-11-30,WH-PHC,PRD-0080,25,26,1
2025-11-30,WH-LAG1,PRD-0081,174,174,0
2025-11-30,WH-LAG2,PRD-0081,78,80,2
2025-11-30,WH-IBD,PRD-0081,53,54,1
2025-11-30,WH-ABJ,PRD-0081,35,35,0
2025-11-30,WH-PHC,PRD-0081,53,52,-1
2025-11-30,WH-LAG1,PRD-0082,168,168,0
2025-11-30,WH-LAG2,PRD-0082,120,120,0
2025-11-30,WH-IBD,PRD-0082,15,16,1
2025-11-30,WH-ABJ,PRD-0082,113,109,-4
2025-11-30,WH-PHC,PRD-0082,103,103,0
2025-11-30,WH-LAG1,PRD-0083,281,281,0
2025-11-30,WH-LAG2,PRD-0083,24,24,0
2025-11-30,WH-IBD,PRD-0083,113,113,0
2025-11-30,WH-ABJ,PRD-0083,8,8,0
2025-11-30,WH-PHC,PRD-0083,62,64,2
2025-11-30,WH-LAG1,PRD-0084,164,164,0
2025-11-30,WH-LAG2,PRD-0084,126,126,0
2025-11-30,WH-IBD,PRD-0084,102,102,0
2025-11-30,WH-ABJ,PRD-0084,66,66,0
2025-11-30,WH-PHC,PRD-0084,92,92,0
2025-11-30,WH-LAG1,PRD-0085,133,133,0
2025-11-30,WH-LAG2,PRD-0085,46,46,0
2025-11-30,WH-IBD,PRD-0085,36,36,0
2025-11-30,WH-ABJ,PRD-0085,113,113,0
2025-11-30,WH-PHC,PRD-0085,113,113,0
2025-11-30,WH-LAG1,PRD-0086,171,171,0
2025-11-30,WH-LAG2,PRD-0086,195,195,0
2025-11-30,WH-IBD,PRD-0086,78,78,0
2025-11-30,WH-ABJ,PRD-0086,315,315,0
2025-11-30,WH-PHC,PRD-0086,143,140,-3
2025-11-30,WH-LAG1,PRD-0087,17,17,0
2025-11-30,WH-LAG2,PRD-0087,26,25,-1
2025-11-30,WH-IBD,PRD-0087,6,6,0
2025-11-30,WH-ABJ,PRD-0087,23,23,0
2025-11-30,WH-PHC,PRD-0087,8,8,0
2025-11-30,WH-LAG1,PRD-0088,59,61,2
2025-11-30,WH-LAG2,PRD-0088,14,14,0
2025-11-30,WH-IBD,PRD-0088,24,24,0
2025-11-30,WH-ABJ,PRD-0088,26,26,0
2025-11-30,WH-PHC,PRD-0088,45,45,0
2025-11-30,WH-LAG1,PRD-0089,49,49,0
2025-11-30,WH-LAG2,PRD-0089,12,12,0
2025-11-30,WH-IBD,PRD-0089,28,28,0
2025-11-30,WH-ABJ,PRD-0089,14,14,0
2025-11-30,WH-PHC,PRD-0089,47,47,0
2025-11-30,WH-LAG1,PRD-0090,688,688,0
2025-11-30,WH-LAG2,PRD-0090,337,337,0
2025-11-30,WH-IBD,PRD-0090,338,338,0
2025-11-30,WH-ABJ,PRD-0090,1265,1265,0
2025-11-30,WH-PHC,PRD-0090,562,562,0
2025-11-30,WH-LAG1,PRD-0091,184,184,0
2025-11-30,WH-LAG2,PRD-0091,413,413,0
2025-11-30,WH-IBD,PRD-0091,49,49,0
2025-11-30,WH-ABJ,PRD-0091,110,110,0
2025-11-30,WH-PHC,PRD-0091,67,67,0
2025-11-30,WH-LAG1,PRD-0092,34,34,0
2025-11-30,WH-LAG2,PRD-0092,126,126,0
2025-11-30,WH-IBD,PRD-0092,15,15,0
2025-11-30,WH-ABJ,PRD-0092,25,25,0
2025-11-30,WH-PHC,PRD-0092,41,41,0
2025-11-30,WH-LAG1,PRD-0093,231,231,0
2025-11-30,WH-LAG2,PRD-0093,523,523,0
2025-11-30,WH-IBD,PRD-0093,48,48,0
2025-11-30,WH-ABJ,PRD-0093,53,53,0
2025-11-30,WH-PHC,PRD-0093,65,65,0
2025-11-30,WH-LAG1,PRD-0094,22,21,-1
2025-11-30,WH-LAG2,PRD-0094,81,81,0
2025-11-30,WH-IBD,PRD-0094,20,21,1
2025-11-30,WH-ABJ,PRD-0094,14,14,0
2025-11-30,WH-PHC,PRD-0094,26,26,0
2025-11-30,WH-LAG1,PRD-0095,48,48,0
2025-11-30,WH-LAG2,PRD-0095,75,75,0
2025-11-30,WH-IBD,PRD-0095,23,23,0
2025-11-30,WH-ABJ,PRD-0095,16,16,0
2025-11-30,WH-PHC,PRD-0095,16,16,0
2025-11-30,WH-LAG1,PRD-0096,36,36,0
2025-11-30,WH-LAG2,PRD-0096,54,54,0
2025-11-30,WH-IBD,PRD-0096,17,17,0
2025-11-30,WH-ABJ,PRD-0096,0,1,1
2025-11-30,WH-PHC,PRD-0096,7,7,0
2025-11-30,WH-LAG1,PRD-0097,50,50,0
2025-11-30,WH-LAG2,PRD-0097,71,71,0
2025-11-30,WH-IBD,PRD-0097,28,28,0
2025-11-30,WH-ABJ,PRD-0097,16,16,0
2025-11-30,WH-PHC,PRD-0097,18,18,0
2025-11-30,WH-LAG1,PRD-0098,250,250,0
2025-11-30,WH-LAG2,PRD-0098,904,904,0
2025-11-30,WH-IBD,PRD-0098,21,21,0
2025-11-30,WH-ABJ,PRD-0098,178,178,0
2025-11-30,WH-PHC,PRD-0098,113,113,0
2025-11-30,WH-LAG1,PRD-0099,25,26,1
2025-11-30,WH-LAG2,PRD-0099,88,88,0
2025-11-30,WH-IBD,PRD-0099,26,26,0
2025-11-30,WH-ABJ,PRD-0099,29,29,0
2025-11-30,WH-PHC,PRD-0099,29,29,0
2025-11-30,WH-LAG1,PRD-0100,423,423,0
2025-11-30,WH-LAG2,PRD-0100,1396,1396,0
2025-11-30,WH-IBD,PRD-0100,125,125,0
2025-11-30,WH-ABJ,PRD-0100,290,290,0
2025-11-30,WH-PHC,PRD-0100,28,28,0
2025-11-30,WH-LAG1,PRD-0101,22,22,0
2025-11-30,WH-LAG2,PRD-0101,100,100,0
2025-11-30,WH-IBD,PRD-0101,14,14,0
2025-11-30,WH-ABJ,PRD-0101,16,16,0
2025-11-30,WH-PHC,PRD-0101,2,2,0
2025-11-30,WH-LAG1,PRD-0102,144,144,0
2025-11-30,WH-LAG2,PRD-0102,350,350,0
2025-11-30,WH-IBD,PRD-0102,42,42,0
2025-11-30,WH-ABJ,PRD-0102,25,25,0
2025-11-30,WH-PHC,PRD-0102,0,0,0
2025-11-30,WH-LAG1,PRD-0103,144,144,0
2025-11-30,WH-LAG2,PRD-0103,327,327,0
2025-11-30,WH-IBD,PRD-0103,83,83,0
2025-11-30,WH-ABJ,PRD-0103,36,36,0
2025-11-30,WH-PHC,PRD-0103,12,12,0
2025-11-30,WH-LAG1,PRD-0104,40,40,0
2025-11-30,WH-LAG2,PRD-0104,89,89,0
2025-11-30,WH-IBD,PRD-0104,8,8,0
2025-11-30,WH-ABJ,PRD-0104,45,44,-1
2025-11-30,WH-PHC,PRD-0104,14,13,-1
2025-11-30,WH-LAG1,PRD-0105,13,13,0
2025-11-30,WH-LAG2,PRD-0105,115,115,0
2025-11-30,WH-IBD,PRD-0105,30,30,0
2025-11-30,WH-ABJ,PRD-0105,28,28,0
2025-11-30,WH-PHC,PRD-0105,33,33,0
2025-11-30,WH-LAG1,PRD-0106,16,16,0
2025-11-30,WH-LAG2,PRD-0106,77,77,0
2025-11-30,WH-IBD,PRD-0106,17,17,0
2025-11-30,WH-ABJ,PRD-0106,25,25,0
2025-11-30,WH-PHC,PRD-0106,13,13,0
2025-11-30,WH-LAG1,PRD-0107,28,28,0
2025-11-30,WH-LAG2,PRD-0107,102,102,0
2025-11-30,WH-IBD,PRD-0107,17,17,0
2025-11-30,WH-ABJ,PRD-0107,21,21,0
2025-11-30,WH-PHC,PRD-0107,27,27,0
2025-11-30,WH-LAG1,PRD-0108,378,378,0
2025-11-30,WH-LAG2,PRD-0108,883,883,0
2025-11-30,WH-IBD,PRD-0108,158,158,0
2025-11-30,WH-ABJ,PRD-0108,114,111,-3
2025-11-30,WH-PHC,PRD-0108,75,75,0
2025-11-30,WH-LAG1,PRD-0109,117,117,0
2025-11-30,WH-LAG2,PRD-0109,48,48,0
2025-11-30,WH-IBD,PRD-0109,61,61,0
2025-11-30,WH-ABJ,PRD-0109,91,94,3
2025-11-30,WH-PHC,PRD-0109,66,66,0
2025-11-30,WH-LAG1,PRD-0110,47,47,0
2025-11-30,WH-LAG2,PRD-0110,31,31,0
2025-11-30,WH-IBD,PRD-0110,15,14,-1
2025-11-30,WH-ABJ,PRD-0110,30,30,0
2025-11-30,WH-PHC,PRD-0110,28,29,1
2025-11-30,WH-LAG1,PRD-0111,119,119,0
2025-11-30,WH-LAG2,PRD-0111,35,35,0
2025-11-30,WH-IBD,PRD-0111,121,121,0
2025-11-30,WH-ABJ,PRD-0111,41,41,0
2025-11-30,WH-PHC,PRD-0111,73,73,0
2025-11-30,WH-LAG1,PRD-0112,31,31,0
2025-11-30,WH-LAG2,PRD-0112,13,13,0
2025-11-30,WH-IBD,PRD-0112,12,12,0
2025-11-30,WH-ABJ,PRD-0112,33,33,0
2025-11-30,WH-PHC,PRD-0112,8,8,0
2025-11-30,WH-LAG1,PRD-0113,194,194,0
2025-11-30,WH-LAG2,PRD-0113,76,76,0
2025-11-30,WH-IBD,PRD-0113,56,56,0
2025-11-30,WH-ABJ,PRD-0113,102,102,0
2025-11-30,WH-PHC,PRD-0113,107,107,0
2025-11-30,WH-LAG1,PRD-0114,0,0,0
2025-11-30,WH-LAG2,PRD-0114,20,20,0
2025-11-30,WH-IBD,PRD-0114,16,16,0
2025-11-30,WH-ABJ,PRD-0114,27,27,0
2025-11-30,WH-PHC,PRD-0114,6,6,0
2025-11-30,WH-LAG1,PRD-0115,103,103,0
2025-11-30,WH-LAG2,PRD-0115,75,75,0
2025-11-30,WH-IBD,PRD-0115,26,26,0
2025-11-30,WH-ABJ,PRD-0115,0,0,0
2025-11-30,WH-PHC,PRD-0115,47,47,0
2025-11-30,WH-LAG1,PRD-0116,19,19,0
2025-11-30,WH-LAG2,PRD-0116,40,40,0
2025-11-30,WH-IBD,PRD-0116,43,43,0
2025-11-30,WH-ABJ,PRD-0116,28,28,0
2025-11-30,WH-PHC,PRD-0116,56,56,0
2025-11-30,WH-LAG1,PRD-0117,80,80,0
2025-11-30,WH-LAG2,PRD-0117,20,20,0
2025-11-30,WH-IBD,PRD-0117,50,50,0
2025-11-30,WH-ABJ,PRD-0117,31,31,0
2025-11-30,WH-PHC,PRD-0117,40,40,0
2025-11-30,WH-LAG1,PRD-0118,246,246,0
2025-11-30,WH-LAG2,PRD-0118,43,43,0
2025-11-30,WH-IBD,PRD-0118,162,162,0
2025-11-30,WH-ABJ,PRD-0118,58,58,0
2025-11-30,WH-PHC,PRD-0118,76,76,0
2025-11-30,WH-LAG1,PRD-0119,14,14,0
2025-11-30,WH-LAG2,PRD-0119,25,25,0
2025-11-30,WH-IBD,PRD-0119,9,9,0
2025-11-30,WH-ABJ,PRD-0119,26,26,0
2025-11-30,WH-PHC,PRD-0119,15,15,0
2025-11-30,WH-LAG1,PRD-0120,58,58,0
2025-11-30,WH-LAG2,PRD-0120,113,113,0
2025-11-30,WH-IBD,PRD-0120,146,146,0
2025-11-30,WH-ABJ,PRD-0120,145,145,0
2025-11-30,WH-PHC,PRD-0120,157,160,3
2025-11-30,WH-LAG1,PRD-0121,216,216,0
2025-11-30,WH-LAG2,PRD-0121,57,57,0
2025-11-30,WH-IBD,PRD-0121,57,57,0
2025-11-30,WH-ABJ,PRD-0121,172,172,0
2025-11-30,WH-PHC,PRD-0121,56,56,0
2025-11-30,WH-LAG1,PRD-0122,200,200,0
2025-11-30,WH-LAG2,PRD-0122,65,65,0
2025-11-30,WH-IBD,PRD-0122,91,91,0
2025-11-30,WH-ABJ,PRD-0122,40,41,1
2025-11-30,WH-PHC,PRD-0122,11,11,0
2025-11-30,WH-LAG1,PRD-0123,101,101,0
2025-11-30,WH-LAG2,PRD-0123,0,0,0
2025-11-30,WH-IBD,PRD-0123,31,31,0
2025-11-30,WH-ABJ,PRD-0123,91,91,0
2025-11-30,WH-PHC,PRD-0123,58,58,0
2025-11-30,WH-LAG1,PRD-0124,72,72,0
2025-11-30,WH-LAG2,PRD-0124,34,34,0
2025-11-30,WH-IBD,PRD-0124,22,22,0
2025-11-30,WH-ABJ,PRD-0124,59,60,1
2025-11-30,WH-PHC,PRD-0124,61,61,0
2025-11-30,WH-LAG1,PRD-0125,1101,1101,0
2025-11-30,WH-LAG2,PRD-0125,395,395,0
2025-11-30,WH-IBD,PRD-0125,149,149,0
2025-11-30,WH-ABJ,PRD-0125,0,0,0
2025-11-30,WH-PHC,PRD-0125,372,372,0
2025-11-30,WH-LAG1,PRD-0126,56,56,0
2025-11-30,WH-LAG2,PRD-0126,37,37,0
2025-11-30,WH-IBD,PRD-0126,24,24,0
2025-11-30,WH-ABJ,PRD-0126,44,44,0
2025-11-30,WH-PHC,PRD-0126,50,51,1
2025-11-30,WH-LAG1,PRD-0127,0,0,0
2025-11-30,WH-LAG2,PRD-0127,54,53,-1
2025-11-30,WH-IBD,PRD-0127,30,30,0
2025-11-30,WH-ABJ,PRD-0127,57,57,0
2025-11-30,WH-PHC,PRD-0127,46,46,0
2025-11-30,WH-LAG1,PRD-0128,77,77,0
2025-11-30,WH-LAG2,PRD-0128,59,59,0
2025-11-30,WH-IBD,PRD-0128,9,9,0
2025-11-30,WH-ABJ,PRD-0128,83,83,0
2025-11-30,WH-PHC,PRD-0128,52,52,0
2025-11-30,WH-LAG1,PRD-0129,21,21,0
2025-11-30,WH-LAG2,PRD-0129,14,14,0
2025-11-30,WH-IBD,PRD-0129,10,10,0
2025-11-30,WH-ABJ,PRD-0129,26,26,0
2025-11-30,WH-PHC,PRD-0129,7,7,0
2025-11-30,WH-LAG1,PRD-0130,87,87,0
2025-11-30,WH-LAG2,PRD-0130,23,23,0
2025-11-30,WH-IBD,PRD-0130,25,25,0
2025-11-30,WH-ABJ,PRD-0130,59,59,0
2025-11-30,WH-PHC,PRD-0130,5,5,0
2025-11-30,WH-LAG1,PRD-0131,188,188,0
2025-11-30,WH-LAG2,PRD-0131,38,38,0
2025-11-30,WH-IBD,PRD-0131,71,71,0
2025-11-30,WH-ABJ,PRD-0131,95,95,0
2025-11-30,WH-PHC,PRD-0131,51,50,-1
2025-11-30,WH-LAG1,PRD-0132,69,69,0
2025-11-30,WH-LAG2,PRD-0132,19,19,0
2025-11-30,WH-IBD,PRD-0132,21,21,0
2025-11-30,WH-ABJ,PRD-0132,37,37,0
2025-11-30,WH-PHC,PRD-0132,20,20,0
2025-11-30,WH-LAG1,PRD-0133,66,66,0
2025-11-30,WH-LAG2,PRD-0133,42,42,0
2025-11-30,WH-IBD,PRD-0133,15,15,0
2025-11-30,WH-ABJ,PRD-0133,14,14,0
2025-11-30,WH-PHC,PRD-0133,47,47,0
2025-11-30,WH-LAG1,PRD-0134,34,34,0
2025-11-30,WH-LAG2,PRD-0134,19,19,0
2025-11-30,WH-IBD,PRD-0134,42,42,0
2025-11-30,WH-ABJ,PRD-0134,41,41,0
2025-11-30,WH-PHC,PRD-0134,23,23,0
2025-11-30,WH-LAG1,PRD-0135,75,75,0
2025-11-30,WH-LAG2,PRD-0135,69,69,0
2025-11-30,WH-IBD,PRD-0135,29,30,1
2025-11-30,WH-ABJ,PRD-0135,68,68,0
2025-11-30,WH-PHC,PRD-0135,151,151,0
2025-11-30,WH-LAG1,PRD-0136,43,43,0
2025-11-30,WH-LAG2,PRD-0136,49,50,1
2025-11-30,WH-IBD,PRD-0136,67,67,0
2025-11-30,WH-ABJ,PRD-0136,57,57,0
2025-11-30,WH-PHC,PRD-0136,60,60,0
2025-11-30,WH-LAG1,PRD-0137,106,106,0
2025-11-30,WH-LAG2,PRD-0137,7,7,0
2025-11-30,WH-IBD,PRD-0137,82,82,0
2025-11-30,WH-ABJ,PRD-0137,84,84,0
2025-11-30,WH-PHC,PRD-0137,76,76,0
2025-11-30,WH-LAG1,PRD-0138,72,72,0
2025-11-30,WH-LAG2,PRD-0138,83,83,0
2025-11-30,WH-IBD,PRD-0138,48,48,0
2025-11-30,WH-ABJ,PRD-0138,108,108,0
2025-11-30,WH-PHC,PRD-0138,58,58,0
2025-11-30,WH-LAG1,PRD-0139,108,108,0
2025-11-30,WH-LAG2,PRD-0139,67,67,0
2025-11-30,WH-IBD,PRD-0139,19,20,1
2025-11-30,WH-ABJ,PRD-0139,4,4,0
2025-11-30,WH-PHC,PRD-0139,91,91,0
2025-11-30,WH-LAG1,PRD-0140,21,21,0
2025-11-30,WH-LAG2,PRD-0140,20,20,0
2025-11-30,WH-IBD,PRD-0140,40,40,0
2025-11-30,WH-ABJ,PRD-0140,37,37,0
2025-11-30,WH-PHC,PRD-0140,28,28,0
2025-11-30,WH-LAG1,PRD-0141,0,0,0
2025-11-30,WH-LAG2,PRD-0141,12,11,-1
2025-11-30,WH-IBD,PRD-0141,60,60,0
2025-11-30,WH-ABJ,PRD-0141,56,56,0
2025-11-30,WH-PHC,PRD-0141,27,27,0
2025-11-30,WH-LAG1,PRD-0142,307,307,0
2025-11-30,WH-LAG2,PRD-0142,189,189,0
2025-11-30,WH-IBD,PRD-0142,85,85,0
2025-11-30,WH-ABJ,PRD-0142,109,109,0
2025-11-30,WH-PHC,PRD-0142,66,66,0
2025-11-30,WH-LAG1,PRD-0143,104,104,0
2025-11-30,WH-LAG2,PRD-0143,40,41,1
2025-11-30,WH-IBD,PRD-0143,34,34,0
2025-11-30,WH-ABJ,PRD-0143,56,57,1
2025-11-30,WH-PHC,PRD-0143,15,15,0
2025-11-30,WH-LAG1,PRD-0144,46,46,0
2025-11-30,WH-LAG2,PRD-0144,47,47,0
2025-11-30,WH-IBD,PRD-0144,17,17,0
2025-11-30,WH-ABJ,PRD-0144,45,45,0
2025-11-30,WH-PHC,PRD-0144,0,0,0
2025-11-30,WH-LAG1,PRD-0145,141,141,0
2025-11-30,WH-LAG2,PRD-0145,59,59,0
2025-11-30,WH-IBD,PRD-0145,49,49,0
2025-11-30,WH-ABJ,PRD-0145,13,13,0
2025-11-30,WH-PHC,PRD-0145,49,49,0
2025-11-30,WH-LAG1,PRD-0146,29,28,-1
2025-11-30,WH-LAG2,PRD-0146,25,25,0
2025-11-30,WH-IBD,PRD-0146,14,14,0
2025-11-30,WH-ABJ,PRD-0146,22,22,0
2025-11-30,WH-PHC,PRD-0146,47,48,1
2025-11-30,WH-LAG1,PRD-0147,63,63,0
2025-11-30,WH-LAG2,PRD-0147,52,52,0
2025-11-30,WH-IBD,PRD-0147,51,51,0
2025-11-30,WH-ABJ,PRD-0147,37,37,0
2025-11-30,WH-PHC,PRD-0147,42,42,0
2025-11-30,WH-LAG1,PRD-0148,45,45,0
2025-11-30,WH-LAG2,PRD-0148,15,15,0
2025-11-30,WH-IBD,PRD-0148,48,48,0
2025-11-30,WH-ABJ,PRD-0148,42,42,0
2025-11-30,WH-PHC,PRD-0148,26,26,0
2025-11-30,WH-LAG1,PRD-0149,48,48,0
2025-11-30,WH-LAG2,PRD-0149,17,17,0
2025-11-30,WH-IBD,PRD-0149,10,11,1
2025-11-30,WH-ABJ,PRD-0149,11,11,0
2025-11-30,WH-PHC,PRD-0149,14,14,0
2025-11-30,WH-LAG1,PRD-0150,139,139,0
2025-11-30,WH-LAG2,PRD-0150,75,75,0
2025-11-30,WH-IBD,PRD-0150,48,48,0
2025-11-30,WH-ABJ,PRD-0150,104,104,0
2025-11-30,WH-PHC,PRD-0150,62,62,0
2025-11-30,WH-LAG1,PRD-0151,1508,1508,0
2025-11-30,WH-LAG2,PRD-0151,578,578,0
2025-11-30,WH-IBD,PRD-0151,499,499,0
2025-11-30,WH-ABJ,PRD-0151,232,232,0
2025-11-30,WH-PHC,PRD-0151,265,272,7
2025-11-30,WH-LAG1,PRD-0152,54,54,0
2025-11-30,WH-LAG2,PRD-0152,32,31,-1
2025-11-30,WH-IBD,PRD-0152,48,48,0
2025-11-30,WH-ABJ,PRD-0152,46,46,0
2025-11-30,WH-PHC,PRD-0152,28,27,-1
2025-11-30,WH-LAG1,PRD-0153,180,180,0
2025-11-30,WH-LAG2,PRD-0153,64,64,0
2025-11-30,WH-IBD,PRD-0153,125,125,0
2025-11-30,WH-ABJ,PRD-0153,121,121,0
2025-11-30,WH-PHC,PRD-0153,241,251,10
2025-11-30,WH-LAG1,PRD-0154,58,59,1
2025-11-30,WH-LAG2,PRD-0154,18,18,0
2025-11-30,WH-IBD,PRD-0154,52,52,0
2025-11-30,WH-ABJ,PRD-0154,59,59,0
2025-11-30,WH-PHC,PRD-0154,40,40,0
2025-11-30,WH-LAG1,PRD-0155,146,146,0
2025-11-30,WH-LAG2,PRD-0155,45,46,1
2025-11-30,WH-IBD,PRD-0155,16,16,0
2025-11-30,WH-ABJ,PRD-0155,19,19,0
2025-11-30,WH-PHC,PRD-0155,29,29,0
2025-11-30,WH-LAG1,PRD-0156,144,144,0
2025-11-30,WH-LAG2,PRD-0156,87,86,-1
2025-11-30,WH-IBD,PRD-0156,87,87,0
2025-11-30,WH-ABJ,PRD-0156,240,240,0
2025-11-30,WH-PHC,PRD-0156,173,173,0
2025-11-30,WH-LAG1,PRD-0157,65,65,0
2025-11-30,WH-LAG2,PRD-0157,80,80,0
2025-11-30,WH-IBD,PRD-0157,10,10,0
2025-11-30,WH-ABJ,PRD-0157,81,81,0
2025-11-30,WH-PHC,PRD-0157,68,68,0
2025-11-30,WH-LAG1,PRD-0158,49,49,0
2025-11-30,WH-LAG2,PRD-0158,7,7,0
2025-11-30,WH-IBD,PRD-0158,27,27,0
2025-11-30,WH-ABJ,PRD-0158,30,30,0
2025-11-30,WH-PHC,PRD-0158,31,31,0
2025-11-30,WH-LAG1,PRD-0159,59,59,0
2025-11-30,WH-LAG2,PRD-0159,16,16,0
2025-11-30,WH-IBD,PRD-0159,55,55,0
2025-11-30,WH-ABJ,PRD-0159,64,64,0
2025-11-30,WH-PHC,PRD-0159,49,49,0
2025-11-30,WH-LAG1,PRD-0160,165,165,0
2025-11-30,WH-LAG2,PRD-0160,45,45,0
2025-11-30,WH-IBD,PRD-0160,93,93,0
2025-11-30,WH-ABJ,PRD-0160,95,95,0
2025-11-30,WH-PHC,PRD-0160,241,245,4
2025-11-30,WH-LAG1,PRD-0161,234,234,0
2025-11-30,WH-LAG2,PRD-0161,15,15,0
2025-11-30,WH-IBD,PRD-0161,247,247,0
2025-11-30,WH-ABJ,PRD-0161,496,496,0
2025-11-30,WH-PHC,PRD-0161,336,336,0
2025-11-30,WH-LAG1,PRD-0162,133,133,0
2025-11-30,WH-LAG2,PRD-0162,43,43,0
2025-11-30,WH-IBD,PRD-0162,30,30,0
2025-11-30,WH-ABJ,PRD-0162,62,62,0
2025-11-30,WH-PHC,PRD-0162,51,51,0
2025-11-30,WH-LAG1,PRD-0163,98,98,0
2025-11-30,WH-LAG2,PRD-0163,22,22,0
2025-11-30,WH-IBD,PRD-0163,34,33,-1
2025-11-30,WH-ABJ,PRD-0163,38,38,0
2025-11-30,WH-PHC,PRD-0163,33,33,0
2025-11-30,WH-LAG1,PRD-0164,99,99,0
2025-11-30,WH-LAG2,PRD-0164,42,41,-1
2025-11-30,WH-IBD,PRD-0164,22,22,0
2025-11-30,WH-ABJ,PRD-0164,53,53,0
2025-11-30,WH-PHC,PRD-0164,54,54,0
2025-11-30,WH-LAG1,PRD-0165,68,68,0
2025-11-30,WH-LAG2,PRD-0165,26,26,0
2025-11-30,WH-IBD,PRD-0165,105,105,0
2025-11-30,WH-ABJ,PRD-0165,118,118,0
2025-11-30,WH-PHC,PRD-0165,129,129,0
2025-11-30,WH-LAG1,PRD-0166,347,347,0
2025-11-30,WH-LAG2,PRD-0166,133,133,0
2025-11-30,WH-IBD,PRD-0166,179,179,0
2025-11-30,WH-ABJ,PRD-0166,137,137,0
2025-11-30,WH-PHC,PRD-0166,65,65,0
2025-11-30,WH-LAG1,PRD-0167,12,12,0
2025-11-30,WH-LAG2,PRD-0167,19,19,0
2025-11-30,WH-IBD,PRD-0167,29,29,0
2025-11-30,WH-ABJ,PRD-0167,30,30,0
2025-11-30,WH-PHC,PRD-0167,33,33,0
2025-11-30,WH-LAG1,PRD-0168,18,18,0
2025-11-30,WH-LAG2,PRD-0168,15,15,0
2025-11-30,WH-IBD,PRD-0168,28,28,0
2025-11-30,WH-ABJ,PRD-0168,37,37,0
2025-11-30,WH-PHC,PRD-0168,16,16,0
2025-11-30,WH-LAG1,PRD-0169,90,90,0
2025-11-30,WH-LAG2,PRD-0169,41,41,0
2025-11-30,WH-IBD,PRD-0169,8,8,0
2025-11-30,WH-ABJ,PRD-0169,42,42,0
2025-11-30,WH-PHC,PRD-0169,79,77,-2
2025-11-30,WH-LAG1,PRD-0170,120,120,0
2025-11-30,WH-LAG2,PRD-0170,59,59,0
2025-11-30,WH-IBD,PRD-0170,36,36,0
2025-11-30,WH-ABJ,PRD-0170,51,51,0
2025-11-30,WH-PHC,PRD-0170,30,30,0
2025-12-31,WH-LAG1,PRD-0001,12,12,0
2025-12-31,WH-LAG2,PRD-0001,22,22,0
2025-12-31,WH-IBD,PRD-0001,10,10,0
2025-12-31,WH-ABJ,PRD-0001,69,69,0
2025-12-31,WH-PHC,PRD-0001,36,36,0
2025-12-31,WH-LAG1,PRD-0002,24,24,0
2025-12-31,WH-LAG2,PRD-0002,32,32,0
2025-12-31,WH-IBD,PRD-0002,15,15,0
2025-12-31,WH-ABJ,PRD-0002,0,0,0
2025-12-31,WH-PHC,PRD-0002,6,6,0
2025-12-31,WH-LAG1,PRD-0003,5,5,0
2025-12-31,WH-LAG2,PRD-0003,4,4,0
2025-12-31,WH-IBD,PRD-0003,6,6,0
2025-12-31,WH-ABJ,PRD-0003,20,20,0
2025-12-31,WH-PHC,PRD-0003,22,22,0
2025-12-31,WH-LAG1,PRD-0004,243,243,0
2025-12-31,WH-LAG2,PRD-0004,207,209,2
2025-12-31,WH-IBD,PRD-0004,115,115,0
2025-12-31,WH-ABJ,PRD-0004,47,47,0
2025-12-31,WH-PHC,PRD-0004,132,132,0
2025-12-31,WH-LAG1,PRD-0005,172,172,0
2025-12-31,WH-LAG2,PRD-0005,76,76,0
2025-12-31,WH-IBD,PRD-0005,39,39,0
2025-12-31,WH-ABJ,PRD-0005,72,72,0
2025-12-31,WH-PHC,PRD-0005,19,19,0
2025-12-31,WH-LAG1,PRD-0006,44,44,0
2025-12-31,WH-LAG2,PRD-0006,14,14,0
2025-12-31,WH-IBD,PRD-0006,29,29,0
2025-12-31,WH-ABJ,PRD-0006,43,43,0
2025-12-31,WH-PHC,PRD-0006,32,32,0
2025-12-31,WH-LAG1,PRD-0007,62,62,0
2025-12-31,WH-LAG2,PRD-0007,22,22,0
2025-12-31,WH-IBD,PRD-0007,47,47,0
2025-12-31,WH-ABJ,PRD-0007,33,33,0
2025-12-31,WH-PHC,PRD-0007,42,42,0
2025-12-31,WH-LAG1,PRD-0008,77,77,0
2025-12-31,WH-LAG2,PRD-0008,30,30,0
2025-12-31,WH-IBD,PRD-0008,19,19,0
2025-12-31,WH-ABJ,PRD-0008,10,9,-1
2025-12-31,WH-PHC,PRD-0008,42,43,1
2025-12-31,WH-LAG1,PRD-0009,44,44,0
2025-12-31,WH-LAG2,PRD-0009,25,25,0
2025-12-31,WH-IBD,PRD-0009,30,30,0
2025-12-31,WH-ABJ,PRD-0009,30,30,0
2025-12-31,WH-PHC,PRD-0009,9,9,0
2025-12-31,WH-LAG1,PRD-0010,25,25,0
2025-12-31,WH-LAG2,PRD-0010,23,23,0
2025-12-31,WH-IBD,PRD-0010,23,23,0
2025-12-31,WH-ABJ,PRD-0010,33,33,0
2025-12-31,WH-PHC,PRD-0010,13,13,0
2025-12-31,WH-LAG1,PRD-0011,135,135,0
2025-12-31,WH-LAG2,PRD-0011,25,25,0
2025-12-31,WH-IBD,PRD-0011,63,64,1
2025-12-31,WH-ABJ,PRD-0011,105,105,0
2025-12-31,WH-PHC,PRD-0011,77,77,0
2025-12-31,WH-LAG1,PRD-0012,22,22,0
2025-12-31,WH-LAG2,PRD-0012,9,9,0
2025-12-31,WH-IBD,PRD-0012,38,38,0
2025-12-31,WH-ABJ,PRD-0012,61,61,0
2025-12-31,WH-PHC,PRD-0012,7,7,0
2025-12-31,WH-LAG1,PRD-0013,36,36,0
2025-12-31,WH-LAG2,PRD-0013,1,1,0
2025-12-31,WH-IBD,PRD-0013,15,15,0
2025-12-31,WH-ABJ,PRD-0013,11,11,0
2025-12-31,WH-PHC,PRD-0013,31,31,0
2025-12-31,WH-LAG1,PRD-0014,20,20,0
2025-12-31,WH-LAG2,PRD-0014,15,15,0
2025-12-31,WH-IBD,PRD-0014,6,6,0
2025-12-31,WH-ABJ,PRD-0014,5,5,0
2025-12-31,WH-PHC,PRD-0014,8,8,0
2025-12-31,WH-LAG1,PRD-0015,73,73,0
2025-12-31,WH-LAG2,PRD-0015,9,8,-1
2025-12-31,WH-IBD,PRD-0015,32,32,0
2025-12-31,WH-ABJ,PRD-0015,51,51,0
2025-12-31,WH-PHC,PRD-0015,52,51,-1
2025-12-31,WH-LAG1,PRD-0016,73,73,0
2025-12-31,WH-LAG2,PRD-0016,152,152,0
2025-12-31,WH-IBD,PRD-0016,101,101,0
2025-12-31,WH-ABJ,PRD-0016,155,155,0
2025-12-31,WH-PHC,PRD-0016,100,100,0
2025-12-31,WH-LAG1,PRD-0017,58,58,0
2025-12-31,WH-LAG2,PRD-0017,2,2,0
2025-12-31,WH-IBD,PRD-0017,38,38,0
2025-12-31,WH-ABJ,PRD-0017,6,6,0
2025-12-31,WH-PHC,PRD-0017,0,0,0
2025-12-31,WH-LAG1,PRD-0018,144,144,0
2025-12-31,WH-LAG2,PRD-0018,94,94,0
2025-12-31,WH-IBD,PRD-0018,82,82,0
2025-12-31,WH-ABJ,PRD-0018,103,103,0
2025-12-31,WH-PHC,PRD-0018,61,61,0
2025-12-31,WH-LAG1,PRD-0019,121,121,0
2025-12-31,WH-LAG2,PRD-0019,24,24,0
2025-12-31,WH-IBD,PRD-0019,70,70,0
2025-12-31,WH-ABJ,PRD-0019,20,20,0
2025-12-31,WH-PHC,PRD-0019,59,59,0
2025-12-31,WH-LAG1,PRD-0020,237,237,0
2025-12-31,WH-LAG2,PRD-0020,66,66,0
2025-12-31,WH-IBD,PRD-0020,68,68,0
2025-12-31,WH-ABJ,PRD-0020,16,16,0
2025-12-31,WH-PHC,PRD-0020,75,76,1
2025-12-31,WH-LAG1,PRD-0021,22,22,0
2025-12-31,WH-LAG2,PRD-0021,50,50,0
2025-12-31,WH-IBD,PRD-0021,39,39,0
2025-12-31,WH-ABJ,PRD-0021,8,8,0
2025-12-31,WH-PHC,PRD-0021,64,64,0
2025-12-31,WH-LAG1,PRD-0022,41,41,0
2025-12-31,WH-LAG2,PRD-0022,20,20,0
2025-12-31,WH-IBD,PRD-0022,6,6,0
2025-12-31,WH-ABJ,PRD-0022,28,28,0
2025-12-31,WH-PHC,PRD-0022,27,27,0
2025-12-31,WH-LAG1,PRD-0023,73,73,0
2025-12-31,WH-LAG2,PRD-0023,38,38,0
2025-12-31,WH-IBD,PRD-0023,26,26,0
2025-12-31,WH-ABJ,PRD-0023,72,72,0
2025-12-31,WH-PHC,PRD-0023,61,61,0
2025-12-31,WH-LAG1,PRD-0024,65,65,0
2025-12-31,WH-LAG2,PRD-0024,6,6,0
2025-12-31,WH-IBD,PRD-0024,37,37,0
2025-12-31,WH-ABJ,PRD-0024,46,46,0
2025-12-31,WH-PHC,PRD-0024,37,37,0
2025-12-31,WH-LAG1,PRD-0025,111,111,0
2025-12-31,WH-LAG2,PRD-0025,32,32,0
2025-12-31,WH-IBD,PRD-0025,14,14,0
2025-12-31,WH-ABJ,PRD-0025,0,0,0
2025-12-31,WH-PHC,PRD-0025,53,53,0
2025-12-31,WH-LAG1,PRD-0026,28,28,0
2025-12-31,WH-LAG2,PRD-0026,31,31,0
2025-12-31,WH-IBD,PRD-0026,0,0,0
2025-12-31,WH-ABJ,PRD-0026,7,7,0
2025-12-31,WH-PHC,PRD-0026,24,24,0
2025-12-31,WH-LAG1,PRD-0027,0,0,0
2025-12-31,WH-LAG2,PRD-0027,24,24,0
2025-12-31,WH-IBD,PRD-0027,19,19,0
2025-12-31,WH-ABJ,PRD-0027,12,12,0
2025-12-31,WH-PHC,PRD-0027,9,9,0
2025-12-31,WH-LAG1,PRD-0028,49,49,0
2025-12-31,WH-LAG2,PRD-0028,41,41,0
2025-12-31,WH-IBD,PRD-0028,0,0,0
2025-12-31,WH-ABJ,PRD-0028,11,11,0
2025-12-31,WH-PHC,PRD-0028,0,0,0
2025-12-31,WH-LAG1,PRD-0029,21,21,0
2025-12-31,WH-LAG2,PRD-0029,35,35,0
2025-12-31,WH-IBD,PRD-0029,43,45,2
2025-12-31,WH-ABJ,PRD-0029,11,11,0
2025-12-31,WH-PHC,PRD-0029,30,31,1
2025-12-31,WH-LAG1,PRD-0030,13,14,1
2025-12-31,WH-LAG2,PRD-0030,26,26,0
2025-12-31,WH-IBD,PRD-0030,23,23,0
2025-12-31,WH-ABJ,PRD-0030,23,23,0
2025-12-31,WH-PHC,PRD-0030,28,28,0
2025-12-31,WH-LAG1,PRD-0031,156,156,0
2025-12-31,WH-LAG2,PRD-0031,66,66,0
2025-12-31,WH-IBD,PRD-0031,95,95,0
2025-12-31,WH-ABJ,PRD-0031,77,77,0
2025-12-31,WH-PHC,PRD-0031,69,69,0
2025-12-31,WH-LAG1,PRD-0032,14,14,0
2025-12-31,WH-LAG2,PRD-0032,19,19,0
2025-12-31,WH-IBD,PRD-0032,10,10,0
2025-12-31,WH-ABJ,PRD-0032,12,12,0
2025-12-31,WH-PHC,PRD-0032,28,28,0
2025-12-31,WH-LAG1,PRD-0033,129,129,0
2025-12-31,WH-LAG2,PRD-0033,65,65,0
2025-12-31,WH-IBD,PRD-0033,38,38,0
2025-12-31,WH-ABJ,PRD-0033,49,49,0
2025-12-31,WH-PHC,PRD-0033,66,66,0
2025-12-31,WH-LAG1,PRD-0034,25,26,1
2025-12-31,WH-LAG2,PRD-0034,10,10,0
2025-12-31,WH-IBD,PRD-0034,31,31,0
2025-12-31,WH-ABJ,PRD-0034,10,10,0
2025-12-31,WH-PHC,PRD-0034,21,21,0
2025-12-31,WH-LAG1,PRD-0035,98,98,0
2025-12-31,WH-LAG2,PRD-0035,37,37,0
2025-12-31,WH-IBD,PRD-0035,88,88,0
2025-12-31,WH-ABJ,PRD-0035,74,74,0
2025-12-31,WH-PHC,PRD-0035,67,67,0
2025-12-31,WH-LAG1,PRD-0036,24,24,0
2025-12-31,WH-LAG2,PRD-0036,47,48,1
2025-12-31,WH-IBD,PRD-0036,46,46,0
2025-12-31,WH-ABJ,PRD-0036,27,27,0
2025-12-31,WH-PHC,PRD-0036,70,72,2
2025-12-31,WH-LAG1,PRD-0037,95,95,0
2025-12-31,WH-LAG2,PRD-0037,53,53,0
2025-12-31,WH-IBD,PRD-0037,25,25,0
2025-12-31,WH-ABJ,PRD-0037,32,32,0
2025-12-31,WH-PHC,PRD-0037,7,7,0
2025-12-31,WH-LAG1,PRD-0038,5,5,0
2025-12-31,WH-LAG2,PRD-0038,28,27,-1
2025-12-31,WH-IBD,PRD-0038,6,6,0
2025-12-31,WH-ABJ,PRD-0038,26,26,0
2025-12-31,WH-PHC,PRD-0038,15,15,0
2025-12-31,WH-LAG1,PRD-0039,155,155,0
2025-12-31,WH-LAG2,PRD-0039,126,126,0
2025-12-31,WH-IBD,PRD-0039,105,105,0
2025-12-31,WH-ABJ,PRD-0039,78,78,0
2025-12-31,WH-PHC,PRD-0039,94,91,-3
2025-12-31,WH-LAG1,PRD-0040,113,117,4
2025-12-31,WH-LAG2,PRD-0040,30,30,0
2025-12-31,WH-IBD,PRD-0040,9,9,0
2025-12-31,WH-ABJ,PRD-0040,28,28,0
2025-12-31,WH-PHC,PRD-0040,0,0,0
2025-12-31,WH-LAG1,PRD-0041,98,98,0
2025-12-31,WH-LAG2,PRD-0041,5,5,0
2025-12-31,WH-IBD,PRD-0041,36,36,0
2025-12-31,WH-ABJ,PRD-0041,49,49,0
2025-12-31,WH-PHC,PRD-0041,68,67,-1
2025-12-31,WH-LAG1,PRD-0042,28,28,0
2025-12-31,WH-LAG2,PRD-0042,5,5,0
2025-12-31,WH-IBD,PRD-0042,15,15,0
2025-12-31,WH-ABJ,PRD-0042,22,22,0
2025-12-31,WH-PHC,PRD-0042,0,0,0
2025-12-31,WH-LAG1,PRD-0043,65,65,0
2025-12-31,WH-LAG2,PRD-0043,30,30,0
2025-12-31,WH-IBD,PRD-0043,51,51,0
2025-12-31,WH-ABJ,PRD-0043,53,53,0
2025-12-31,WH-PHC,PRD-0043,40,40,0
2025-12-31,WH-LAG1,PRD-0044,16,16,0
2025-12-31,WH-LAG2,PRD-0044,15,15,0
2025-12-31,WH-IBD,PRD-0044,8,9,1
2025-12-31,WH-ABJ,PRD-0044,13,13,0
2025-12-31,WH-PHC,PRD-0044,16,17,1
2025-12-31,WH-LAG1,PRD-0045,51,51,0
2025-12-31,WH-LAG2,PRD-0045,1,1,0
2025-12-31,WH-IBD,PRD-0045,32,32,0
2025-12-31,WH-ABJ,PRD-0045,81,81,0
2025-12-31,WH-PHC,PRD-0045,36,36,0
2025-12-31,WH-LAG1,PRD-0046,0,0,0
2025-12-31,WH-LAG2,PRD-0046,75,77,2
2025-12-31,WH-IBD,PRD-0046,10,10,0
2025-12-31,WH-ABJ,PRD-0046,73,73,0
2025-12-31,WH-PHC,PRD-0046,47,48,1
2025-12-31,WH-LAG1,PRD-0047,54,54,0
2025-12-31,WH-LAG2,PRD-0047,50,50,0
2025-12-31,WH-IBD,PRD-0047,30,30,0
2025-12-31,WH-ABJ,PRD-0047,24,24,0
2025-12-31,WH-PHC,PRD-0047,63,63,0
2025-12-31,WH-LAG1,PRD-0048,66,66,0
2025-12-31,WH-LAG2,PRD-0048,53,53,0
2025-12-31,WH-IBD,PRD-0048,59,59,0
2025-12-31,WH-ABJ,PRD-0048,31,31,0
2025-12-31,WH-PHC,PRD-0048,2,2,0
2025-12-31,WH-LAG1,PRD-0049,111,111,0
2025-12-31,WH-LAG2,PRD-0049,38,38,0
2025-12-31,WH-IBD,PRD-0049,45,45,0
2025-12-31,WH-ABJ,PRD-0049,24,24,0
2025-12-31,WH-PHC,PRD-0049,47,47,0
2025-12-31,WH-LAG1,PRD-0050,72,72,0
2025-12-31,WH-LAG2,PRD-0050,18,18,0
2025-12-31,WH-IBD,PRD-0050,6,6,0
2025-12-31,WH-ABJ,PRD-0050,8,8,0
2025-12-31,WH-PHC,PRD-0050,14,13,-1
2025-12-31,WH-LAG1,PRD-0051,248,246,-2
2025-12-31,WH-LAG2,PRD-0051,74,74,0
2025-12-31,WH-IBD,PRD-0051,20,20,0
2025-12-31,WH-ABJ,PRD-0051,55,55,0
2025-12-31,WH-PHC,PRD-0051,52,52,0
2025-12-31,WH-LAG1,PRD-0052,28,28,0
2025-12-31,WH-LAG2,PRD-0052,19,19,0
2025-12-31,WH-IBD,PRD-0052,6,6,0
2025-12-31,WH-ABJ,PRD-0052,17,17,0
2025-12-31,WH-PHC,PRD-0052,22,22,0
2025-12-31,WH-LAG1,PRD-0053,28,27,-1
2025-12-31,WH-LAG2,PRD-0053,29,29,0
2025-12-31,WH-IBD,PRD-0053,7,8,1
2025-12-31,WH-ABJ,PRD-0053,17,17,0
2025-12-31,WH-PHC,PRD-0053,13,13,0
2025-12-31,WH-LAG1,PRD-0054,54,54,0
2025-12-31,WH-LAG2,PRD-0054,5,5,0
2025-12-31,WH-IBD,PRD-0054,49,49,0
2025-12-31,WH-ABJ,PRD-0054,49,49,0
2025-12-31,WH-PHC,PRD-0054,18,18,0
2025-12-31,WH-LAG1,PRD-0055,15,15,0
2025-12-31,WH-LAG2,PRD-0055,27,27,0
2025-12-31,WH-IBD,PRD-0055,39,39,0
2025-12-31,WH-ABJ,PRD-0055,87,87,0
2025-12-31,WH-PHC,PRD-0055,60,60,0
2025-12-31,WH-LAG1,PRD-0056,0,0,0
2025-12-31,WH-LAG2,PRD-0056,36,36,0
2025-12-31,WH-IBD,PRD-0056,10,10,0
2025-12-31,WH-ABJ,PRD-0056,26,26,0
2025-12-31,WH-PHC,PRD-0056,13,13,0
2025-12-31,WH-LAG1,PRD-0057,0,0,0
2025-12-31,WH-LAG2,PRD-0057,152,152,0
2025-12-31,WH-IBD,PRD-0057,166,166,0
2025-12-31,WH-ABJ,PRD-0057,151,151,0
2025-12-31,WH-PHC,PRD-0057,17,17,0
2025-12-31,WH-LAG1,PRD-0058,53,53,0
2025-12-31,WH-LAG2,PRD-0058,10,10,0
2025-12-31,WH-IBD,PRD-0058,42,42,0
2025-12-31,WH-ABJ,PRD-0058,40,41,1
2025-12-31,WH-PHC,PRD-0058,30,31,1
2025-12-31,WH-LAG1,PRD-0059,32,32,0
2025-12-31,WH-LAG2,PRD-0059,55,55,0
2025-12-31,WH-IBD,PRD-0059,15,15,0
2025-12-31,WH-ABJ,PRD-0059,53,53,0
2025-12-31,WH-PHC,PRD-0059,36,36,0
2025-12-31,WH-LAG1,PRD-0060,169,169,0
2025-12-31,WH-LAG2,PRD-0060,119,119,0
2025-12-31,WH-IBD,PRD-0060,120,120,0
2025-12-31,WH-ABJ,PRD-0060,98,102,4
2025-12-31,WH-PHC,PRD-0060,40,40,0
2025-12-31,WH-LAG1,PRD-0061,320,320,0
2025-12-31,WH-LAG2,PRD-0061,125,125,0
2025-12-31,WH-IBD,PRD-0061,29,29,0
2025-12-31,WH-ABJ,PRD-0061,97,97,0
2025-12-31,WH-PHC,PRD-0061,135,135,0
2025-12-31,WH-LAG1,PRD-0062,240,240,0
2025-12-31,WH-LAG2,PRD-0062,54,54,0
2025-12-31,WH-IBD,PRD-0062,0,0,0
2025-12-31,WH-ABJ,PRD-0062,97,97,0
2025-12-31,WH-PHC,PRD-0062,59,59,0
2025-12-31,WH-LAG1,PRD-0063,118,118,0
2025-12-31,WH-LAG2,PRD-0063,33,33,0
2025-12-31,WH-IBD,PRD-0063,70,68,-2
2025-12-31,WH-ABJ,PRD-0063,25,25,0
2025-12-31,WH-PHC,PRD-0063,84,84,0
2025-12-31,WH-LAG1,PRD-0064,65,65,0
2025-12-31,WH-LAG2,PRD-0064,4,3,-1
2025-12-31,WH-IBD,PRD-0064,74,74,0
2025-12-31,WH-ABJ,PRD-0064,44,45,1
2025-12-31,WH-PHC,PRD-0064,43,43,0
2025-12-31,WH-LAG1,PRD-0065,158,164,6
2025-12-31,WH-LAG2,PRD-0065,51,51,0
2025-12-31,WH-IBD,PRD-0065,85,85,0
2025-12-31,WH-ABJ,PRD-0065,122,122,0
2025-12-31,WH-PHC,PRD-0065,57,57,0
2025-12-31,WH-LAG1,PRD-0066,0,0,-1
2025-12-31,WH-LAG2,PRD-0066,7,7,0
2025-12-31,WH-IBD,PRD-0066,10,10,0
2025-12-31,WH-ABJ,PRD-0066,8,8,0
2025-12-31,WH-PHC,PRD-0066,11,11,0
2025-12-31,WH-LAG1,PRD-0067,110,110,0
2025-12-31,WH-LAG2,PRD-0067,25,25,0
2025-12-31,WH-IBD,PRD-0067,73,73,0
2025-12-31,WH-ABJ,PRD-0067,87,86,-1
2025-12-31,WH-PHC,PRD-0067,66,66,0
2025-12-31,WH-LAG1,PRD-0068,174,174,0
2025-12-31,WH-LAG2,PRD-0068,88,88,0
2025-12-31,WH-IBD,PRD-0068,56,56,0
2025-12-31,WH-ABJ,PRD-0068,137,137,0
2025-12-31,WH-PHC,PRD-0068,71,71,0
2025-12-31,WH-LAG1,PRD-0069,14,14,0
2025-12-31,WH-LAG2,PRD-0069,22,21,-1
2025-12-31,WH-IBD,PRD-0069,11,10,-1
2025-12-31,WH-ABJ,PRD-0069,11,11,0
2025-12-31,WH-PHC,PRD-0069,25,25,0
2025-12-31,WH-LAG1,PRD-0070,62,62,0
2025-12-31,WH-LAG2,PRD-0070,34,34,0
2025-12-31,WH-IBD,PRD-0070,11,12,1
2025-12-31,WH-ABJ,PRD-0070,49,49,0
2025-12-31,WH-PHC,PRD-0070,50,49,-1
2025-12-31,WH-LAG1,PRD-0071,0,0,-1
2025-12-31,WH-LAG2,PRD-0071,16,16,0
2025-12-31,WH-IBD,PRD-0071,15,15,0
2025-12-31,WH-ABJ,PRD-0071,17,17,0
2025-12-31,WH-PHC,PRD-0071,11,11,0
2025-12-31,WH-LAG1,PRD-0072,79,78,-1
2025-12-31,WH-LAG2,PRD-0072,43,44,1
2025-12-31,WH-IBD,PRD-0072,51,51,0
2025-12-31,WH-ABJ,PRD-0072,70,70,0
2025-12-31,WH-PHC,PRD-0072,7,7,0
2025-12-31,WH-LAG1,PRD-0073,30,30,0
2025-12-31,WH-LAG2,PRD-0073,8,8,0
2025-12-31,WH-IBD,PRD-0073,20,20,0
2025-12-31,WH-ABJ,PRD-0073,16,16,0
2025-12-31,WH-PHC,PRD-0073,24,24,0
2025-12-31,WH-LAG1,PRD-0074,60,60,0
2025-12-31,WH-LAG2,PRD-0074,41,41,0
2025-12-31,WH-IBD,PRD-0074,52,52,0
2025-12-31,WH-ABJ,PRD-0074,70,70,0
2025-12-31,WH-PHC,PRD-0074,67,67,0
2025-12-31,WH-LAG1,PRD-0075,22,22,0
2025-12-31,WH-LAG2,PRD-0075,19,19,0
2025-12-31,WH-IBD,PRD-0075,11,12,1
2025-12-31,WH-ABJ,PRD-0075,30,30,0
2025-12-31,WH-PHC,PRD-0075,31,31,0
2025-12-31,WH-LAG1,PRD-0076,202,202,0
2025-12-31,WH-LAG2,PRD-0076,61,61,0
2025-12-31,WH-IBD,PRD-0076,17,17,0
2025-12-31,WH-ABJ,PRD-0076,67,67,0
2025-12-31,WH-PHC,PRD-0076,0,0,0
2025-12-31,WH-LAG1,PRD-0077,295,288,-7
2025-12-31,WH-LAG2,PRD-0077,246,246,0
2025-12-31,WH-IBD,PRD-0077,252,252,0
2025-12-31,WH-ABJ,PRD-0077,201,201,0
2025-12-31,WH-PHC,PRD-0077,124,124,0
2025-12-31,WH-LAG1,PRD-0078,49,49,0
2025-12-31,WH-LAG2,PRD-0078,71,70,-1
2025-12-31,WH-IBD,PRD-0078,38,38,0
2025-12-31,WH-ABJ,PRD-0078,79,79,0
2025-12-31,WH-PHC,PRD-0078,20,20,0
2025-12-31,WH-LAG1,PRD-0079,64,64,0
2025-12-31,WH-LAG2,PRD-0079,34,34,0
2025-12-31,WH-IBD,PRD-0079,56,58,2
2025-12-31,WH-ABJ,PRD-0079,0,0,0
2025-12-31,WH-PHC,PRD-0079,37,37,0
2025-12-31,WH-LAG1,PRD-0080,48,48,0
2025-12-31,WH-LAG2,PRD-0080,56,54,-2
2025-12-31,WH-IBD,PRD-0080,21,21,0
2025-12-31,WH-ABJ,PRD-0080,83,83,0
2025-12-31,WH-PHC,PRD-0080,60,60,0
2025-12-31,WH-LAG1,PRD-0081,130,130,0
2025-12-31,WH-LAG2,PRD-0081,21,21,0
2025-12-31,WH-IBD,PRD-0081,13,13,0
2025-12-31,WH-ABJ,PRD-0081,57,57,0
2025-12-31,WH-PHC,PRD-0081,106,106,0
2025-12-31,WH-LAG1,PRD-0082,96,96,0
2025-12-31,WH-LAG2,PRD-0082,91,94,3
2025-12-31,WH-IBD,PRD-0082,13,13,0
2025-12-31,WH-ABJ,PRD-0082,44,44,0
2025-12-31,WH-PHC,PRD-0082,65,65,0
2025-12-31,WH-LAG1,PRD-0083,76,76,0
2025-12-31,WH-LAG2,PRD-0083,125,125,0
2025-12-31,WH-IBD,PRD-0083,63,63,0
2025-12-31,WH-ABJ,PRD-0083,230,230,0
2025-12-31,WH-PHC,PRD-0083,151,151,0
2025-12-31,WH-LAG1,PRD-0084,105,105,0
2025-12-31,WH-LAG2,PRD-0084,101,101,0
2025-12-31,WH-IBD,PRD-0084,39,39,0
2025-12-31,WH-ABJ,PRD-0084,32,32,0
2025-12-31,WH-PHC,PRD-0084,46,46,0
2025-12-31,WH-LAG1,PRD-0085,33,33,0
2025-12-31,WH-LAG2,PRD-0085,12,12,0
2025-12-31,WH-IBD,PRD-0085,23,23,0
2025-12-31,WH-ABJ,PRD-0085,67,67,0
2025-12-31,WH-PHC,PRD-0085,52,52,0
2025-12-31,WH-LAG1,PRD-0086,482,482,0
2025-12-31,WH-LAG2,PRD-0086,80,80,0
2025-12-31,WH-IBD,PRD-0086,169,169,0
2025-12-31,WH-ABJ,PRD-0086,186,186,0
2025-12-31,WH-PHC,PRD-0086,0,0,0
2025-12-31,WH-LAG1,PRD-0087,16,17,1
2025-12-31,WH-LAG2,PRD-0087,26,27,1
2025-12-31,WH-IBD,PRD-0087,6,6,0
2025-12-31,WH-ABJ,PRD-0087,16,16,0
2025-12-31,WH-PHC,PRD-0087,8,9,1
2025-12-31,WH-LAG1,PRD-0088,59,59,0
2025-12-31,WH-LAG2,PRD-0088,4,4,0
2025-12-31,WH-IBD,PRD-0088,24,24,0
2025-12-31,WH-ABJ,PRD-0088,17,17,0
2025-12-31,WH-PHC,PRD-0088,41,41,0
2025-12-31,WH-LAG1,PRD-0089,49,49,0
2025-12-31,WH-LAG2,PRD-0089,12,12,0
2025-12-31,WH-IBD,PRD-0089,12,13,1
2025-12-31,WH-ABJ,PRD-0089,0,0,0
2025-12-31,WH-PHC,PRD-0089,36,36,0
2025-12-31,WH-LAG1,PRD-0090,1743,1666,-77
2025-12-31,WH-LAG2,PRD-0090,1091,1091,0
2025-12-31,WH-IBD,PRD-0090,585,585,0
2025-12-31,WH-ABJ,PRD-0090,966,966,0
2025-12-31,WH-PHC,PRD-0090,326,326,0
2025-12-31,WH-LAG1,PRD-0091,103,103,0
2025-12-31,WH-LAG2,PRD-0091,408,408,0
2025-12-31,WH-IBD,PRD-0091,24,24,0
2025-12-31,WH-ABJ,PRD-0091,91,91,0
2025-12-31,WH-PHC,PRD-0091,37,37,0
2025-12-31,WH-LAG1,PRD-0092,96,96,0
2025-12-31,WH-LAG2,PRD-0092,55,55,0
2025-12-31,WH-IBD,PRD-0092,39,39,0
2025-12-31,WH-ABJ,PRD-0092,15,15,0
2025-12-31,WH-PHC,PRD-0092,36,36,0
2025-12-31,WH-LAG1,PRD-0093,126,126,0
2025-12-31,WH-LAG2,PRD-0093,496,496,0
2025-12-31,WH-IBD,PRD-0093,43,43,0
2025-12-31,WH-ABJ,PRD-0093,43,43,0
2025-12-31,WH-PHC,PRD-0093,133,137,4
2025-12-31,WH-LAG1,PRD-0094,16,16,0
2025-12-31,WH-LAG2,PRD-0094,80,80,0
2025-12-31,WH-IBD,PRD-0094,20,20,0
2025-12-31,WH-ABJ,PRD-0094,7,6,-1
2025-12-31,WH-PHC,PRD-0094,9,9,0
2025-12-31,WH-LAG1,PRD-0095,42,42,0
2025-12-31,WH-LAG2,PRD-0095,75,75,0
2025-12-31,WH-IBD,PRD-0095,21,21,0
2025-12-31,WH-ABJ,PRD-0095,1,1,0
2025-12-31,WH-PHC,PRD-0095,10,9,-1
2025-12-31,WH-LAG1,PRD-0096,18,18,0
2025-12-31,WH-LAG2,PRD-0096,54,54,0
2025-12-31,WH-IBD,PRD-0096,6,6,0
2025-12-31,WH-ABJ,PRD-0096,27,27,0
2025-12-31,WH-PHC,PRD-0096,7,7,0
2025-12-31,WH-LAG1,PRD-0097,41,41,0
2025-12-31,WH-LAG2,PRD-0097,71,71,0
2025-12-31,WH-IBD,PRD-0097,16,16,0
2025-12-31,WH-ABJ,PRD-0097,27,27,0
2025-12-31,WH-PHC,PRD-0097,13,13,0
2025-12-31,WH-LAG1,PRD-0098,97,97,0
2025-12-31,WH-LAG2,PRD-0098,842,842,0
2025-12-31,WH-IBD,PRD-0098,136,136,0
2025-12-31,WH-ABJ,PRD-0098,132,132,0
2025-12-31,WH-PHC,PRD-0098,32,32,0
2025-12-31,WH-LAG1,PRD-0099,0,0,-1
2025-12-31,WH-LAG2,PRD-0099,74,74,0
2025-12-31,WH-IBD,PRD-0099,20,20,0
2025-12-31,WH-ABJ,PRD-0099,19,18,-1
2025-12-31,WH-PHC,PRD-0099,29,30,1
2025-12-31,WH-LAG1,PRD-0100,130,130,0
2025-12-31,WH-LAG2,PRD-0100,1239,1239,0
2025-12-31,WH-IBD,PRD-0100,284,284,0
2025-12-31,WH-ABJ,PRD-0100,98,98,0
2025-12-31,WH-PHC,PRD-0100,92,92,0
2025-12-31,WH-LAG1,PRD-0101,22,22,0
2025-12-31,WH-LAG2,PRD-0101,100,101,1
2025-12-31,WH-IBD,PRD-0101,8,8,0
2025-12-31,WH-ABJ,PRD-0101,36,36,0
2025-12-31,WH-PHC,PRD-0101,26,26,0
2025-12-31,WH-LAG1,PRD-0102,117,117,0
2025-12-31,WH-LAG2,PRD-0102,330,339,9
2025-12-31,WH-IBD,PRD-0102,23,22,-1
2025-12-31,WH-ABJ,PRD-0102,81,81,0
2025-12-31,WH-PHC,PRD-0102,49,49,0
2025-12-31,WH-LAG1,PRD-0103,53,53,0
2025-12-31,WH-LAG2,PRD-0103,310,310,0
2025-12-31,WH-IBD,PRD-0103,74,74,0
2025-12-31,WH-ABJ,PRD-0103,127,127,0
2025-12-31,WH-PHC,PRD-0103,47,47,0
2025-12-31,WH-LAG1,PRD-0104,37,37,0
2025-12-31,WH-LAG2,PRD-0104,89,89,0
2025-12-31,WH-IBD,PRD-0104,30,30,0
2025-12-31,WH-ABJ,PRD-0104,45,45,0
2025-12-31,WH-PHC,PRD-0104,14,14,0
2025-12-31,WH-LAG1,PRD-0105,45,45,0
2025-12-31,WH-LAG2,PRD-0105,115,115,0
2025-12-31,WH-IBD,PRD-0105,30,30,0
2025-12-31,WH-ABJ,PRD-0105,28,28,0
2025-12-31,WH-PHC,PRD-0105,29,29,0
2025-12-31,WH-LAG1,PRD-0106,43,43,0
2025-12-31,WH-LAG2,PRD-0106,75,75,0
2025-12-31,WH-IBD,PRD-0106,17,17,0
2025-12-31,WH-ABJ,PRD-0106,17,17,0
2025-12-31,WH-PHC,PRD-0106,30,30,0
2025-12-31,WH-LAG1,PRD-0107,18,18,0
2025-12-31,WH-LAG2,PRD-0107,64,64,0
2025-12-31,WH-IBD,PRD-0107,16,16,0
2025-12-31,WH-ABJ,PRD-0107,21,21,0
2025-12-31,WH-PHC,PRD-0107,11,11,0
2025-12-31,WH-LAG1,PRD-0108,101,101,0
2025-12-31,WH-LAG2,PRD-0108,852,852,0
2025-12-31,WH-IBD,PRD-0108,100,100,0
2025-12-31,WH-ABJ,PRD-0108,288,300,12
2025-12-31,WH-PHC,PRD-0108,180,180,0
2025-12-31,WH-LAG1,PRD-0109,48,48,0
2025-12-31,WH-LAG2,PRD-0109,48,48,0
2025-12-31,WH-IBD,PRD-0109,36,37,1
2025-12-31,WH-ABJ,PRD-0109,64,64,0
2025-12-31,WH-PHC,PRD-0109,36,36,0
2025-12-31,WH-LAG1,PRD-0110,35,35,0
2025-12-31,WH-LAG2,PRD-0110,29,29,0
2025-12-31,WH-IBD,PRD-0110,5,5,0
2025-12-31,WH-ABJ,PRD-0110,30,31,1
2025-12-31,WH-PHC,PRD-0110,28,28,0
2025-12-31,WH-LAG1,PRD-0111,114,114,0
2025-12-31,WH-LAG2,PRD-0111,12,12,0
2025-12-31,WH-IBD,PRD-0111,72,72,0
2025-12-31,WH-ABJ,PRD-0111,129,129,0
2025-12-31,WH-PHC,PRD-0111,60,59,-1
2025-12-31,WH-LAG1,PRD-0112,25,25,0
2025-12-31,WH-LAG2,PRD-0112,22,22,0
2025-12-31,WH-IBD,PRD-0112,8,8,0
2025-12-31,WH-ABJ,PRD-0112,19,19,0
2025-12-31,WH-PHC,PRD-0112,27,27,0
2025-12-31,WH-LAG1,PRD-0113,113,113,0
2025-12-31,WH-LAG2,PRD-0113,45,45,0
2025-12-31,WH-IBD,PRD-0113,12,13,1
2025-12-31,WH-ABJ,PRD-0113,58,58,0
2025-12-31,WH-PHC,PRD-0113,79,79,0
2025-12-31,WH-LAG1,PRD-0114,33,33,0
2025-12-31,WH-LAG2,PRD-0114,20,20,0
2025-12-31,WH-IBD,PRD-0114,14,14,0
2025-12-31,WH-ABJ,PRD-0114,27,27,0
2025-12-31,WH-PHC,PRD-0114,22,22,0
2025-12-31,WH-LAG1,PRD-0115,24,23,-1
2025-12-31,WH-LAG2,PRD-0115,45,45,0
2025-12-31,WH-IBD,PRD-0115,106,106,0
2025-12-31,WH-ABJ,PRD-0115,94,94,0
2025-12-31,WH-PHC,PRD-0115,87,87,0
2025-12-31,WH-LAG1,PRD-0116,39,39,0
2025-12-31,WH-LAG2,PRD-0116,32,32,0
2025-12-31,WH-IBD,PRD-0116,43,43,0
2025-12-31,WH-ABJ,PRD-0116,14,14,0
2025-12-31,WH-PHC,PRD-0116,24,24,0
2025-12-31,WH-LAG1,PRD-0117,110,110,0
2025-12-31,WH-LAG2,PRD-0117,20,20,0
2025-12-31,WH-IBD,PRD-0117,50,49,-1
2025-12-31,WH-ABJ,PRD-0117,62,62,0
2025-12-31,WH-PHC,PRD-0117,17,17,0
2025-12-31,WH-LAG1,PRD-0118,178,178,0
2025-12-31,WH-LAG2,PRD-0118,103,103,0
2025-12-31,WH-IBD,PRD-0118,86,87,1
2025-12-31,WH-ABJ,PRD-0118,194,194,0
2025-12-31,WH-PHC,PRD-0118,0,0,0
2025-12-31,WH-LAG1,PRD-0119,2,3,1
2025-12-31,WH-LAG2,PRD-0119,5,5,0
2025-12-31,WH-IBD,PRD-0119,5,5,0
2025-12-31,WH-ABJ,PRD-0119,26,26,0
2025-12-31,WH-PHC,PRD-0119,15,15,0
2025-12-31,WH-LAG1,PRD-0120,105,105,0
2025-12-31,WH-LAG2,PRD-0120,79,79,0
2025-12-31,WH-IBD,PRD-0120,124,124,0
2025-12-31,WH-ABJ,PRD-0120,125,125,0
2025-12-31,WH-PHC,PRD-0120,104,104,0
2025-12-31,WH-LAG1,PRD-0121,52,52,0
2025-12-31,WH-LAG2,PRD-0121,147,147,0
2025-12-31,WH-IBD,PRD-0121,165,165,0
2025-12-31,WH-ABJ,PRD-0121,69,69,0
2025-12-31,WH-PHC,PRD-0121,97,98,1
2025-12-31,WH-LAG1,PRD-0122,133,133,0
2025-12-31,WH-LAG2,PRD-0122,12,12,0
2025-12-31,WH-IBD,PRD-0122,100,100,0
2025-12-31,WH-ABJ,PRD-0122,135,135,0
2025-12-31,WH-PHC,PRD-0122,78,78,0
2025-12-31,WH-LAG1,PRD-0123,0,0,0
2025-12-31,WH-LAG2,PRD-0123,65,64,-1
2025-12-31,WH-IBD,PRD-0123,0,0,0
2025-12-31,WH-ABJ,PRD-0123,78,78,0
2025-12-31,WH-PHC,PRD-0123,45,45,0
2025-12-31,WH-LAG1,PRD-0124,0,0,-1
2025-12-31,WH-LAG2,PRD-0124,5,6,1
2025-12-31,WH-IBD,PRD-0124,22,22,0
2025-12-31,WH-ABJ,PRD-0124,57,57,0
2025-12-31,WH-PHC,PRD-0124,54,54,0
2025-12-31,WH-LAG1,PRD-0125,799,799,0
2025-12-31,WH-LAG2,PRD-0125,232,232,0
2025-12-31,WH-IBD,PRD-0125,191,191,0
2025-12-31,WH-ABJ,PRD-0125,286,286,0
2025-12-31,WH-PHC,PRD-0125,214,214,0
2025-12-31,WH-LAG1,PRD-0126,0,0,0
2025-12-31,WH-LAG2,PRD-0126,22,22,0
2025-12-31,WH-IBD,PRD-0126,0,0,0
2025-12-31,WH-ABJ,PRD-0126,44,44,0
2025-12-31,WH-PHC,PRD-0126,10,10,0
2025-12-31,WH-LAG1,PRD-0127,90,90,0
2025-12-31,WH-LAG2,PRD-0127,19,19,0
2025-12-31,WH-IBD,PRD-0127,22,22,0
2025-12-31,WH-ABJ,PRD-0127,51,51,0
2025-12-31,WH-PHC,PRD-0127,35,35,0
2025-12-31,WH-LAG1,PRD-0128,180,180,0
2025-12-31,WH-LAG2,PRD-0128,43,43,0
2025-12-31,WH-IBD,PRD-0128,54,56,2
2025-12-31,WH-ABJ,PRD-0128,85,85,0
2025-12-31,WH-PHC,PRD-0128,34,34,0
2025-12-31,WH-LAG1,PRD-0129,14,14,0
2025-12-31,WH-LAG2,PRD-0129,14,14,0
2025-12-31,WH-IBD,PRD-0129,10,10,0
2025-12-31,WH-ABJ,PRD-0129,26,26,0
2025-12-31,WH-PHC,PRD-0129,19,19,0
2025-12-31,WH-LAG1,PRD-0130,46,46,0
2025-12-31,WH-LAG2,PRD-0130,41,41,0
2025-12-31,WH-IBD,PRD-0130,13,13,0
2025-12-31,WH-ABJ,PRD-0130,41,41,0
2025-12-31,WH-PHC,PRD-0130,45,46,1
2025-12-31,WH-LAG1,PRD-0131,129,129,0
2025-12-31,WH-LAG2,PRD-0131,109,109,0
2025-12-31,WH-IBD,PRD-0131,71,71,0
2025-12-31,WH-ABJ,PRD-0131,59,59,0
2025-12-31,WH-PHC,PRD-0131,11,11,0
2025-12-31,WH-LAG1,PRD-0132,38,38,0
2025-12-31,WH-LAG2,PRD-0132,19,19,0
2025-12-31,WH-IBD,PRD-0132,21,21,0
2025-12-31,WH-ABJ,PRD-0132,29,29,0
2025-12-31,WH-PHC,PRD-0132,20,20,0
2025-12-31,WH-LAG1,PRD-0133,52,50,-2
2025-12-31,WH-LAG2,PRD-0133,42,42,0
2025-12-31,WH-IBD,PRD-0133,6,6,0
2025-12-31,WH-ABJ,PRD-0133,43,45,2
2025-12-31,WH-PHC,PRD-0133,47,47,0
2025-12-31,WH-LAG1,PRD-0134,2,3,1
2025-12-31,WH-LAG2,PRD-0134,19,19,0
2025-12-31,WH-IBD,PRD-0134,33,33,0
2025-12-31,WH-ABJ,PRD-0134,40,39,-1
2025-12-31,WH-PHC,PRD-0134,10,10,0
2025-12-31,WH-LAG1,PRD-0135,226,226,0
2025-12-31,WH-LAG2,PRD-0135,162,165,3
2025-12-31,WH-IBD,PRD-0135,143,143,0
2025-12-31,WH-ABJ,PRD-0135,179,179,0
2025-12-31,WH-PHC,PRD-0135,90,90,0
2025-12-31,WH-LAG1,PRD-0136,35,36,1
2025-12-31,WH-LAG2,PRD-0136,22,22,0
2025-12-31,WH-IBD,PRD-0136,54,54,0
2025-12-31,WH-ABJ,PRD-0136,57,57,0
2025-12-31,WH-PHC,PRD-0136,46,46,0
2025-12-31,WH-LAG1,PRD-0137,15,15,0
2025-12-31,WH-LAG2,PRD-0137,59,59,0
2025-12-31,WH-IBD,PRD-0137,82,82,0
2025-12-31,WH-ABJ,PRD-0137,60,60,0
2025-12-31,WH-PHC,PRD-0137,75,75,0
2025-12-31,WH-LAG1,PRD-0138,161,161,0
2025-12-31,WH-LAG2,PRD-0138,50,50,0
2025-12-31,WH-IBD,PRD-0138,41,41,0
2025-12-31,WH-ABJ,PRD-0138,90,90,0
2025-12-31,WH-PHC,PRD-0138,41,42,1
2025-12-31,WH-LAG1,PRD-0139,39,40,1
2025-12-31,WH-LAG2,PRD-0139,40,41,1
2025-12-31,WH-IBD,PRD-0139,15,15,0
2025-12-31,WH-ABJ,PRD-0139,28,28,0
2025-12-31,WH-PHC,PRD-0139,47,47,0
2025-12-31,WH-LAG1,PRD-0140,7,7,0
2025-12-31,WH-LAG2,PRD-0140,20,20,0
2025-12-31,WH-IBD,PRD-0140,40,40,0
2025-12-31,WH-ABJ,PRD-0140,37,37,0
2025-12-31,WH-PHC,PRD-0140,28,28,0
2025-12-31,WH-LAG1,PRD-0141,73,74,1
2025-12-31,WH-LAG2,PRD-0141,39,39,0
2025-12-31,WH-IBD,PRD-0141,55,55,0
2025-12-31,WH-ABJ,PRD-0141,37,37,0
2025-12-31,WH-PHC,PRD-0141,27,27,0
2025-12-31,WH-LAG1,PRD-0142,208,208,0
2025-12-31,WH-LAG2,PRD-0142,156,156,0
2025-12-31,WH-IBD,PRD-0142,2,1,-1
2025-12-31,WH-ABJ,PRD-0142,36,36,0
2025-12-31,WH-PHC,PRD-0142,64,64,0
2025-12-31,WH-LAG1,PRD-0143,71,71,0
2025-12-31,WH-LAG2,PRD-0143,67,67,0
2025-12-31,WH-IBD,PRD-0143,13,13,0
2025-12-31,WH-ABJ,PRD-0143,56,56,0
2025-12-31,WH-PHC,PRD-0143,58,58,0
2025-12-31,WH-LAG1,PRD-0144,129,129,0
2025-12-31,WH-LAG2,PRD-0144,9,9,0
2025-12-31,WH-IBD,PRD-0144,51,50,-1
2025-12-31,WH-ABJ,PRD-0144,37,38,1
2025-12-31,WH-PHC,PRD-0144,63,63,0
2025-12-31,WH-LAG1,PRD-0145,0,0,0
2025-12-31,WH-LAG2,PRD-0145,0,0,0
2025-12-31,WH-IBD,PRD-0145,31,31,0
2025-12-31,WH-ABJ,PRD-0145,113,113,0
2025-12-31,WH-PHC,PRD-0145,22,22,0
2025-12-31,WH-LAG1,PRD-0146,65,65,0
2025-12-31,WH-LAG2,PRD-0146,50,50,0
2025-12-31,WH-IBD,PRD-0146,0,0,0
2025-12-31,WH-ABJ,PRD-0146,0,0,0
2025-12-31,WH-PHC,PRD-0146,47,47,0
2025-12-31,WH-LAG1,PRD-0147,36,36,0
2025-12-31,WH-LAG2,PRD-0147,32,32,0
2025-12-31,WH-IBD,PRD-0147,25,25,0
2025-12-31,WH-ABJ,PRD-0147,37,37,0
2025-12-31,WH-PHC,PRD-0147,3,3,0
2025-12-31,WH-LAG1,PRD-0148,30,31,1
2025-12-31,WH-LAG2,PRD-0148,15,15,0
2025-12-31,WH-IBD,PRD-0148,32,32,0
2025-12-31,WH-ABJ,PRD-0148,5,5,0
2025-12-31,WH-PHC,PRD-0148,26,26,0
2025-12-31,WH-LAG1,PRD-0149,38,38,0
2025-12-31,WH-LAG2,PRD-0149,22,22,0
2025-12-31,WH-IBD,PRD-0149,9,9,0
2025-12-31,WH-ABJ,PRD-0149,30,30,0
2025-12-31,WH-PHC,PRD-0149,23,23,0
2025-12-31,WH-LAG1,PRD-0150,103,103,0
2025-12-31,WH-LAG2,PRD-0150,8,8,0
2025-12-31,WH-IBD,PRD-0150,36,36,0
2025-12-31,WH-ABJ,PRD-0150,98,98,0
2025-12-31,WH-PHC,PRD-0150,49,49,0
2025-12-31,WH-LAG1,PRD-0151,750,750,0
2025-12-31,WH-LAG2,PRD-0151,495,495,0
2025-12-31,WH-IBD,PRD-0151,278,278,0
2025-12-31,WH-ABJ,PRD-0151,799,821,22
2025-12-31,WH-PHC,PRD-0151,473,473,0
2025-12-31,WH-LAG1,PRD-0152,20,20,0
2025-12-31,WH-LAG2,PRD-0152,20,20,0
2025-12-31,WH-IBD,PRD-0152,36,37,1
2025-12-31,WH-ABJ,PRD-0152,46,46,0
2025-12-31,WH-PHC,PRD-0152,12,12,0
2025-12-31,WH-LAG1,PRD-0153,298,310,12
2025-12-31,WH-LAG2,PRD-0153,115,115,0
2025-12-31,WH-IBD,PRD-0153,100,102,2
2025-12-31,WH-ABJ,PRD-0153,50,50,0
2025-12-31,WH-PHC,PRD-0153,208,208,0
2025-12-31,WH-LAG1,PRD-0154,47,47,0
2025-12-31,WH-LAG2,PRD-0154,52,52,0
2025-12-31,WH-IBD,PRD-0154,47,47,0
2025-12-31,WH-ABJ,PRD-0154,13,13,0
2025-12-31,WH-PHC,PRD-0154,36,36,0
2025-12-31,WH-LAG1,PRD-0155,67,67,0
2025-12-31,WH-LAG2,PRD-0155,21,21,0
2025-12-31,WH-IBD,PRD-0155,57,57,0
2025-12-31,WH-ABJ,PRD-0155,73,75,2
2025-12-31,WH-PHC,PRD-0155,49,49,0
2025-12-31,WH-LAG1,PRD-0156,202,197,-5
2025-12-31,WH-LAG2,PRD-0156,103,103,0
2025-12-31,WH-IBD,PRD-0156,143,143,0
2025-12-31,WH-ABJ,PRD-0156,146,146,0
2025-12-31,WH-PHC,PRD-0156,109,109,0
2025-12-31,WH-LAG1,PRD-0157,90,90,0
2025-12-31,WH-LAG2,PRD-0157,72,73,1
2025-12-31,WH-IBD,PRD-0157,54,54,0
2025-12-31,WH-ABJ,PRD-0157,54,54,0
2025-12-31,WH-PHC,PRD-0157,61,61,0
2025-12-31,WH-LAG1,PRD-0158,30,31,1
2025-12-31,WH-LAG2,PRD-0158,37,37,0
2025-12-31,WH-IBD,PRD-0158,27,27,0
2025-12-31,WH-ABJ,PRD-0158,26,26,0
2025-12-31,WH-PHC,PRD-0158,31,31,0
2025-12-31,WH-LAG1,PRD-0159,59,59,0
2025-12-31,WH-LAG2,PRD-0159,16,16,0
2025-12-31,WH-IBD,PRD-0159,53,53,0
2025-12-31,WH-ABJ,PRD-0159,64,64,0
2025-12-31,WH-PHC,PRD-0159,49,49,0
2025-12-31,WH-LAG1,PRD-0160,443,443,0
2025-12-31,WH-LAG2,PRD-0160,197,197,0
2025-12-31,WH-IBD,PRD-0160,165,165,0
2025-12-31,WH-ABJ,PRD-0160,142,142,0
2025-12-31,WH-PHC,PRD-0160,137,137,0
2025-12-31,WH-LAG1,PRD-0161,448,448,0
2025-12-31,WH-LAG2,PRD-0161,299,292,-7
2025-12-31,WH-IBD,PRD-0161,145,145,0
2025-12-31,WH-ABJ,PRD-0161,377,377,0
2025-12-31,WH-PHC,PRD-0161,161,161,0
2025-12-31,WH-LAG1,PRD-0162,71,71,0
2025-12-31,WH-LAG2,PRD-0162,48,48,0
2025-12-31,WH-IBD,PRD-0162,30,30,0
2025-12-31,WH-ABJ,PRD-0162,61,61,0
2025-12-31,WH-PHC,PRD-0162,51,51,0
2025-12-31,WH-LAG1,PRD-0163,73,73,0
2025-12-31,WH-LAG2,PRD-0163,36,36,0
2025-12-31,WH-IBD,PRD-0163,12,12,0
2025-12-31,WH-ABJ,PRD-0163,59,59,0
2025-12-31,WH-PHC,PRD-0163,2,2,0
2025-12-31,WH-LAG1,PRD-0164,81,81,0
2025-12-31,WH-LAG2,PRD-0164,42,42,0
2025-12-31,WH-IBD,PRD-0164,22,22,0
2025-12-31,WH-ABJ,PRD-0164,25,25,0
2025-12-31,WH-PHC,PRD-0164,54,54,0
2025-12-31,WH-LAG1,PRD-0165,174,174,0
2025-12-31,WH-LAG2,PRD-0165,138,138,0
2025-12-31,WH-IBD,PRD-0165,64,64,0
2025-12-31,WH-ABJ,PRD-0165,46,44,-2
2025-12-31,WH-PHC,PRD-0165,41,40,-1
2025-12-31,WH-LAG1,PRD-0166,270,270,0
2025-12-31,WH-LAG2,PRD-0166,78,78,0
2025-12-31,WH-IBD,PRD-0166,138,138,0
2025-12-31,WH-ABJ,PRD-0166,80,80,0
2025-12-31,WH-PHC,PRD-0166,55,55,0
2025-12-31,WH-LAG1,PRD-0167,116,119,3
2025-12-31,WH-LAG2,PRD-0167,13,13,0
2025-12-31,WH-IBD,PRD-0167,14,14,0
2025-12-31,WH-ABJ,PRD-0167,97,97,0
2025-12-31,WH-PHC,PRD-0167,22,22,0
2025-12-31,WH-LAG1,PRD-0168,46,46,0
2025-12-31,WH-LAG2,PRD-0168,26,27,1
2025-12-31,WH-IBD,PRD-0168,23,23,0
2025-12-31,WH-ABJ,PRD-0168,19,19,0
2025-12-31,WH-PHC,PRD-0168,16,16,0
2025-12-31,WH-LAG1,PRD-0169,62,62,0
2025-12-31,WH-LAG2,PRD-0169,27,27,0
2025-12-31,WH-IBD,PRD-0169,53,53,0
2025-12-31,WH-ABJ,PRD-0169,98,98,0
2025-12-31,WH-PHC,PRD-0169,79,79,0
2025-12-31,WH-LAG1,PRD-0170,90,90,0
2025-12-31,WH-LAG2,PRD-0170,43,43,0
2025-12-31,WH-IBD,PRD-0170,17,17,0
2025-12-31,WH-ABJ,PRD-0170,47,47,0
2025-12-31,WH-PHC,PRD-0170,0,0,0
2026-01-31,WH-LAG1,PRD-0001,45,45,0
2026-01-31,WH-LAG2,PRD-0001,0,0,0
2026-01-31,WH-IBD,PRD-0001,49,49,0
2026-01-31,WH-ABJ,PRD-0001,19,19,0
2026-01-31,WH-PHC,PRD-0001,36,36,0
2026-01-31,WH-LAG1,PRD-0002,10,10,0
2026-01-31,WH-LAG2,PRD-0002,32,32,0
2026-01-31,WH-IBD,PRD-0002,15,16,1
2026-01-31,WH-ABJ,PRD-0002,31,31,0
2026-01-31,WH-PHC,PRD-0002,28,28,0
2026-01-31,WH-LAG1,PRD-0003,41,41,0
2026-01-31,WH-LAG2,PRD-0003,28,28,0
2026-01-31,WH-IBD,PRD-0003,6,5,-1
2026-01-31,WH-ABJ,PRD-0003,20,20,0
2026-01-31,WH-PHC,PRD-0003,22,22,0
2026-01-31,WH-LAG1,PRD-0004,141,141,0
2026-01-31,WH-LAG2,PRD-0004,174,174,0
2026-01-31,WH-IBD,PRD-0004,103,103,0
2026-01-31,WH-ABJ,PRD-0004,237,237,0
2026-01-31,WH-PHC,PRD-0004,99,99,0
2026-01-31,WH-LAG1,PRD-0005,131,131,0
2026-01-31,WH-LAG2,PRD-0005,72,69,-3
2026-01-31,WH-IBD,PRD-0005,39,40,1
2026-01-31,WH-ABJ,PRD-0005,72,72,0
2026-01-31,WH-PHC,PRD-0005,95,91,-4
2026-01-31,WH-LAG1,PRD-0006,36,36,0
2026-01-31,WH-LAG2,PRD-0006,14,14,0
2026-01-31,WH-IBD,PRD-0006,26,27,1
2026-01-31,WH-ABJ,PRD-0006,35,35,0
2026-01-31,WH-PHC,PRD-0006,29,29,0
2026-01-31,WH-LAG1,PRD-0007,140,140,0
2026-01-31,WH-LAG2,PRD-0007,122,122,0
2026-01-31,WH-IBD,PRD-0007,5,4,-1
2026-01-31,WH-ABJ,PRD-0007,160,160,0
2026-01-31,WH-PHC,PRD-0007,117,117,0
2026-01-31,WH-LAG1,PRD-0008,65,65,0
2026-01-31,WH-LAG2,PRD-0008,30,30,0
2026-01-31,WH-IBD,PRD-0008,19,19,0
2026-01-31,WH-ABJ,PRD-0008,45,45,0
2026-01-31,WH-PHC,PRD-0008,49,49,0
2026-01-31,WH-LAG1,PRD-0009,35,35,0
2026-01-31,WH-LAG2,PRD-0009,20,20,0
2026-01-31,WH-IBD,PRD-0009,0,0,0
2026-01-31,WH-ABJ,PRD-0009,0,0,0
2026-01-31,WH-PHC,PRD-0009,9,9,0
2026-01-31,WH-LAG1,PRD-0010,12,12,0
2026-01-31,WH-LAG2,PRD-0010,20,20,0
2026-01-31,WH-IBD,PRD-0010,13,13,0
2026-01-31,WH-ABJ,PRD-0010,33,34,1
2026-01-31,WH-PHC,PRD-0010,13,14,1
2026-01-31,WH-LAG1,PRD-0011,75,73,-2
2026-01-31,WH-LAG2,PRD-0011,67,67,0
2026-01-31,WH-IBD,PRD-0011,96,96,0
2026-01-31,WH-ABJ,PRD-0011,82,82,0
2026-01-31,WH-PHC,PRD-0011,25,25,0
2026-01-31,WH-LAG1,PRD-0012,68,68,0
2026-01-31,WH-LAG2,PRD-0012,61,61,0
2026-01-31,WH-IBD,PRD-0012,33,33,0
2026-01-31,WH-ABJ,PRD-0012,56,56,0
2026-01-31,WH-PHC,PRD-0012,57,57,0
2026-01-31,WH-LAG1,PRD-0013,17,18,1
2026-01-31,WH-LAG2,PRD-0013,13,13,0
2026-01-31,WH-IBD,PRD-0013,15,15,0
2026-01-31,WH-ABJ,PRD-0013,29,28,-1
2026-01-31,WH-PHC,PRD-0013,31,31,0
2026-01-31,WH-LAG1,PRD-0014,7,7,0
2026-01-31,WH-LAG2,PRD-0014,15,15,0
2026-01-31,WH-IBD,PRD-0014,3,3,0
2026-01-31,WH-ABJ,PRD-0014,5,5,0
2026-01-31,WH-PHC,PRD-0014,8,8,0
2026-01-31,WH-LAG1,PRD-0015,24,24,0
2026-01-31,WH-LAG2,PRD-0015,9,9,0
2026-01-31,WH-IBD,PRD-0015,32,32,0
2026-01-31,WH-ABJ,PRD-0015,28,28,0
2026-01-31,WH-PHC,PRD-0015,52,52,0
2026-01-31,WH-LAG1,PRD-0016,199,199,0
2026-01-31,WH-LAG2,PRD-0016,118,118,0
2026-01-31,WH-IBD,PRD-0016,78,78,0
2026-01-31,WH-ABJ,PRD-0016,117,118,1
2026-01-31,WH-PHC,PRD-0016,94,90,-4
2026-01-31,WH-LAG1,PRD-0017,3,3,0
2026-01-31,WH-LAG2,PRD-0017,39,39,0
2026-01-31,WH-IBD,PRD-0017,38,38,0
2026-01-31,WH-ABJ,PRD-0017,58,58,0
2026-01-31,WH-PHC,PRD-0017,0,0,0
2026-01-31,WH-LAG1,PRD-0018,64,66,2
2026-01-31,WH-LAG2,PRD-0018,0,0,0
2026-01-31,WH-IBD,PRD-0018,83,83,0
2026-01-31,WH-ABJ,PRD-0018,60,60,0
2026-01-31,WH-PHC,PRD-0018,56,56,0
2026-01-31,WH-LAG1,PRD-0019,97,97,0
2026-01-31,WH-LAG2,PRD-0019,22,22,0
2026-01-31,WH-IBD,PRD-0019,51,51,0
2026-01-31,WH-ABJ,PRD-0019,0,0,0
2026-01-31,WH-PHC,PRD-0019,29,29,0
2026-01-31,WH-LAG1,PRD-0020,217,210,-7
2026-01-31,WH-LAG2,PRD-0020,66,67,1
2026-01-31,WH-IBD,PRD-0020,63,63,0
2026-01-31,WH-ABJ,PRD-0020,153,153,0
2026-01-31,WH-PHC,PRD-0020,66,66,0
2026-01-31,WH-LAG1,PRD-0021,22,22,0
2026-01-31,WH-LAG2,PRD-0021,50,50,0
2026-01-31,WH-IBD,PRD-0021,39,39,0
2026-01-31,WH-ABJ,PRD-0021,24,24,0
2026-01-31,WH-PHC,PRD-0021,48,48,0
2026-01-31,WH-LAG1,PRD-0022,25,25,0
2026-01-31,WH-LAG2,PRD-0022,0,0,0
2026-01-31,WH-IBD,PRD-0022,0,0,-1
2026-01-31,WH-ABJ,PRD-0022,28,28,0
2026-01-31,WH-PHC,PRD-0022,27,28,1
2026-01-31,WH-LAG1,PRD-0023,222,222,0
2026-01-31,WH-LAG2,PRD-0023,23,23,0
2026-01-31,WH-IBD,PRD-0023,16,15,-1
2026-01-31,WH-ABJ,PRD-0023,30,29,-1
2026-01-31,WH-PHC,PRD-0023,20,20,0
2026-01-31,WH-LAG1,PRD-0024,31,31,0
2026-01-31,WH-LAG2,PRD-0024,42,42,0
2026-01-31,WH-IBD,PRD-0024,37,37,0
2026-01-31,WH-ABJ,PRD-0024,22,22,0
2026-01-31,WH-PHC,PRD-0024,26,26,0
2026-01-31,WH-LAG1,PRD-0025,109,107,-2
2026-01-31,WH-LAG2,PRD-0025,0,0,0
2026-01-31,WH-IBD,PRD-0025,24,24,0
2026-01-31,WH-ABJ,PRD-0025,47,47,0
2026-01-31,WH-PHC,PRD-0025,53,53,0
2026-01-31,WH-LAG1,PRD-0026,80,80,0
2026-01-31,WH-LAG2,PRD-0026,15,15,0
2026-01-31,WH-IBD,PRD-0026,52,52,0
2026-01-31,WH-ABJ,PRD-0026,77,79,2
2026-01-31,WH-PHC,PRD-0026,16,16,0
2026-01-31,WH-LAG1,PRD-0027,35,35,0
2026-01-31,WH-LAG2,PRD-0027,24,24,0
2026-01-31,WH-IBD,PRD-0027,19,18,-1
2026-01-31,WH-ABJ,PRD-0027,0,0,0
2026-01-31,WH-PHC,PRD-0027,9,10,1
2026-01-31,WH-LAG1,PRD-0028,39,39,0
2026-01-31,WH-LAG2,PRD-0028,31,31,0
2026-01-31,WH-IBD,PRD-0028,46,46,0
2026-01-31,WH-ABJ,PRD-0028,0,0,0
2026-01-31,WH-PHC,PRD-0028,60,60,0
2026-01-31,WH-LAG1,PRD-0029,66,64,-2
2026-01-31,WH-LAG2,PRD-0029,35,35,0
2026-01-31,WH-IBD,PRD-0029,43,43,0
2026-01-31,WH-ABJ,PRD-0029,11,12,1
2026-01-31,WH-PHC,PRD-0029,30,30,0
2026-01-31,WH-LAG1,PRD-0030,34,34,0
2026-01-31,WH-LAG2,PRD-0030,22,22,0
2026-01-31,WH-IBD,PRD-0030,23,22,-1
2026-01-31,WH-ABJ,PRD-0030,23,23,0
2026-01-31,WH-PHC,PRD-0030,28,27,-1
2026-01-31,WH-LAG1,PRD-0031,71,71,0
2026-01-31,WH-LAG2,PRD-0031,66,66,0
2026-01-31,WH-IBD,PRD-0031,76,76,0
2026-01-31,WH-ABJ,PRD-0031,48,48,0
2026-01-31,WH-PHC,PRD-0031,58,58,0
2026-01-31,WH-LAG1,PRD-0032,14,14,0
2026-01-31,WH-LAG2,PRD-0032,19,19,0
2026-01-31,WH-IBD,PRD-0032,10,10,0
2026-01-31,WH-ABJ,PRD-0032,7,7,0
2026-01-31,WH-PHC,PRD-0032,28,28,0
2026-01-31,WH-LAG1,PRD-0033,93,93,0
2026-01-31,WH-LAG2,PRD-0033,40,40,0
2026-01-31,WH-IBD,PRD-0033,38,38,0
2026-01-31,WH-ABJ,PRD-0033,49,49,0
2026-01-31,WH-PHC,PRD-0033,65,65,0
2026-01-31,WH-LAG1,PRD-0034,17,16,-1
2026-01-31,WH-LAG2,PRD-0034,10,10,0
2026-01-31,WH-IBD,PRD-0034,16,16,0
2026-01-31,WH-ABJ,PRD-0034,40,41,1
2026-01-31,WH-PHC,PRD-0034,21,21,0
2026-01-31,WH-LAG1,PRD-0035,46,46,0
2026-01-31,WH-LAG2,PRD-0035,2,2,0
2026-01-31,WH-IBD,PRD-0035,78,78,0
2026-01-31,WH-ABJ,PRD-0035,66,64,-2
2026-01-31,WH-PHC,PRD-0035,51,51,0
2026-01-31,WH-LAG1,PRD-0036,24,24,0
2026-01-31,WH-LAG2,PRD-0036,47,47,0
2026-01-31,WH-IBD,PRD-0036,46,46,0
2026-01-31,WH-ABJ,PRD-0036,15,15,0
2026-01-31,WH-PHC,PRD-0036,69,69,0
2026-01-31,WH-LAG1,PRD-0037,223,223,0
2026-01-31,WH-LAG2,PRD-0037,10,11,1
2026-01-31,WH-IBD,PRD-0037,127,127,0
2026-01-31,WH-ABJ,PRD-0037,117,117,0
2026-01-31,WH-PHC,PRD-0037,107,107,0
2026-01-31,WH-LAG1,PRD-0038,40,40,0
2026-01-31,WH-LAG2,PRD-0038,28,28,0
2026-01-31,WH-IBD,PRD-0038,6,6,0
2026-01-31,WH-ABJ,PRD-0038,26,26,0
2026-01-31,WH-PHC,PRD-0038,15,15,0
2026-01-31,WH-LAG1,PRD-0039,135,135,0
2026-01-31,WH-LAG2,PRD-0039,112,112,0
2026-01-31,WH-IBD,PRD-0039,86,83,-3
2026-01-31,WH-ABJ,PRD-0039,243,243,0
2026-01-31,WH-PHC,PRD-0039,179,179,0
2026-01-31,WH-LAG1,PRD-0040,113,109,-4
2026-01-31,WH-LAG2,PRD-0040,30,30,0
2026-01-31,WH-IBD,PRD-0040,64,64,0
2026-01-31,WH-ABJ,PRD-0040,24,24,0
2026-01-31,WH-PHC,PRD-0040,59,59,0
2026-01-31,WH-LAG1,PRD-0041,73,71,-2
2026-01-31,WH-LAG2,PRD-0041,70,70,0
2026-01-31,WH-IBD,PRD-0041,29,29,0
2026-01-31,WH-ABJ,PRD-0041,0,0,0
2026-01-31,WH-PHC,PRD-0041,50,50,0
2026-01-31,WH-LAG1,PRD-0042,19,19,0
2026-01-31,WH-LAG2,PRD-0042,22,22,0
2026-01-31,WH-IBD,PRD-0042,9,9,0
2026-01-31,WH-ABJ,PRD-0042,22,22,0
2026-01-31,WH-PHC,PRD-0042,7,7,0
2026-01-31,WH-LAG1,PRD-0043,87,87,0
2026-01-31,WH-LAG2,PRD-0043,30,30,0
2026-01-31,WH-IBD,PRD-0043,51,51,0
2026-01-31,WH-ABJ,PRD-0043,48,48,0
2026-01-31,WH-PHC,PRD-0043,38,38,0
2026-01-31,WH-LAG1,PRD-0044,16,16,0
2026-01-31,WH-LAG2,PRD-0044,15,15,0
2026-01-31,WH-IBD,PRD-0044,8,8,0
2026-01-31,WH-ABJ,PRD-0044,13,13,0
2026-01-31,WH-PHC,PRD-0044,16,16,0
2026-01-31,WH-LAG1,PRD-0045,132,132,0
2026-01-31,WH-LAG2,PRD-0045,58,57,-1
2026-01-31,WH-IBD,PRD-0045,32,32,0
2026-01-31,WH-ABJ,PRD-0045,76,76,0
2026-01-31,WH-PHC,PRD-0045,20,20,0
2026-01-31,WH-LAG1,PRD-0046,86,86,0
2026-01-31,WH-LAG2,PRD-0046,70,70,0
2026-01-31,WH-IBD,PRD-0046,73,73,0
2026-01-31,WH-ABJ,PRD-0046,65,65,0
2026-01-31,WH-PHC,PRD-0046,42,43,1
2026-01-31,WH-LAG1,PRD-0047,47,46,-1
2026-01-31,WH-LAG2,PRD-0047,49,49,0
2026-01-31,WH-IBD,PRD-0047,28,28,0
2026-01-31,WH-ABJ,PRD-0047,54,54,0
2026-01-31,WH-PHC,PRD-0047,60,60,0
2026-01-31,WH-LAG1,PRD-0048,121,121,0
2026-01-31,WH-LAG2,PRD-0048,24,24,0
2026-01-31,WH-IBD,PRD-0048,58,58,0
2026-01-31,WH-ABJ,PRD-0048,107,108,1
2026-01-31,WH-PHC,PRD-0048,25,25,0
2026-01-31,WH-LAG1,PRD-0049,99,99,0
2026-01-31,WH-LAG2,PRD-0049,27,27,0
2026-01-31,WH-IBD,PRD-0049,32,32,0
2026-01-31,WH-ABJ,PRD-0049,62,62,0
2026-01-31,WH-PHC,PRD-0049,47,47,0
2026-01-31,WH-LAG1,PRD-0050,70,70,0
2026-01-31,WH-LAG2,PRD-0050,4,4,0
2026-01-31,WH-IBD,PRD-0050,46,44,-2
2026-01-31,WH-ABJ,PRD-0050,70,70,0
2026-01-31,WH-PHC,PRD-0050,14,13,-1
2026-01-31,WH-LAG1,PRD-0051,178,178,0
2026-01-31,WH-LAG2,PRD-0051,42,42,0
2026-01-31,WH-IBD,PRD-0051,75,75,0
2026-01-31,WH-ABJ,PRD-0051,154,158,4
2026-01-31,WH-PHC,PRD-0051,99,100,1
2026-01-31,WH-LAG1,PRD-0052,21,21,0
2026-01-31,WH-LAG2,PRD-0052,17,17,0
2026-01-31,WH-IBD,PRD-0052,2,2,0
2026-01-31,WH-ABJ,PRD-0052,0,0,0
2026-01-31,WH-PHC,PRD-0052,18,18,0
2026-01-31,WH-LAG1,PRD-0053,19,19,0
2026-01-31,WH-LAG2,PRD-0053,27,27,0
2026-01-31,WH-IBD,PRD-0053,19,19,0
2026-01-31,WH-ABJ,PRD-0053,17,17,0
2026-01-31,WH-PHC,PRD-0053,23,23,0
2026-01-31,WH-LAG1,PRD-0054,54,54,0
2026-01-31,WH-LAG2,PRD-0054,5,5,0
2026-01-31,WH-IBD,PRD-0054,49,50,1
2026-01-31,WH-ABJ,PRD-0054,49,49,0
2026-01-31,WH-PHC,PRD-0054,8,8,0
2026-01-31,WH-LAG1,PRD-0055,79,79,0
2026-01-31,WH-LAG2,PRD-0055,27,27,0
2026-01-31,WH-IBD,PRD-0055,39,39,0
2026-01-31,WH-ABJ,PRD-0055,87,87,0
2026-01-31,WH-PHC,PRD-0055,33,33,0
2026-01-31,WH-LAG1,PRD-0056,73,73,0
2026-01-31,WH-LAG2,PRD-0056,19,19,0
2026-01-31,WH-IBD,PRD-0056,8,8,0
2026-01-31,WH-ABJ,PRD-0056,17,16,-1
2026-01-31,WH-PHC,PRD-0056,2,2,0
2026-01-31,WH-LAG1,PRD-0057,276,281,5
2026-01-31,WH-LAG2,PRD-0057,106,106,0
2026-01-31,WH-IBD,PRD-0057,57,57,0
2026-01-31,WH-ABJ,PRD-0057,134,134,0
2026-01-31,WH-PHC,PRD-0057,165,165,0
2026-01-31,WH-LAG1,PRD-0058,43,43,0
2026-01-31,WH-LAG2,PRD-0058,44,44,0
2026-01-31,WH-IBD,PRD-0058,42,42,0
2026-01-31,WH-ABJ,PRD-0058,31,31,0
2026-01-31,WH-PHC,PRD-0058,58,58,0
2026-01-31,WH-LAG1,PRD-0059,27,27,0
2026-01-31,WH-LAG2,PRD-0059,55,55,0
2026-01-31,WH-IBD,PRD-0059,12,12,0
2026-01-31,WH-ABJ,PRD-0059,53,53,0
2026-01-31,WH-PHC,PRD-0059,23,23,0
2026-01-31,WH-LAG1,PRD-0060,137,137,0
2026-01-31,WH-LAG2,PRD-0060,100,100,0
2026-01-31,WH-IBD,PRD-0060,93,93,0
2026-01-31,WH-ABJ,PRD-0060,90,90,0
2026-01-31,WH-PHC,PRD-0060,153,153,0
2026-01-31,WH-LAG1,PRD-0061,197,197,0
2026-01-31,WH-LAG2,PRD-0061,105,105,0
2026-01-31,WH-IBD,PRD-0061,152,149,-3
2026-01-31,WH-ABJ,PRD-0061,28,28,0
2026-01-31,WH-PHC,PRD-0061,113,113,0
2026-01-31,WH-LAG1,PRD-0062,168,168,0
2026-01-31,WH-LAG2,PRD-0062,42,42,0
2026-01-31,WH-IBD,PRD-0062,85,85,0
2026-01-31,WH-ABJ,PRD-0062,90,90,0
2026-01-31,WH-PHC,PRD-0062,51,51,0
2026-01-31,WH-LAG1,PRD-0063,110,107,-3
2026-01-31,WH-LAG2,PRD-0063,28,29,1
2026-01-31,WH-IBD,PRD-0063,70,70,0
2026-01-31,WH-ABJ,PRD-0063,25,25,0
2026-01-31,WH-PHC,PRD-0063,81,81,0
2026-01-31,WH-LAG1,PRD-0064,177,177,0
2026-01-31,WH-LAG2,PRD-0064,74,74,0
2026-01-31,WH-IBD,PRD-0064,67,67,0
2026-01-31,WH-ABJ,PRD-0064,148,148,0
2026-01-31,WH-PHC,PRD-0064,89,89,0
2026-01-31,WH-LAG1,PRD-0065,103,103,0
2026-01-31,WH-LAG2,PRD-0065,51,51,0
2026-01-31,WH-IBD,PRD-0065,71,71,0
2026-01-31,WH-ABJ,PRD-0065,106,106,0
2026-01-31,WH-PHC,PRD-0065,27,26,-1
2026-01-31,WH-LAG1,PRD-0066,13,13,0
2026-01-31,WH-LAG2,PRD-0066,7,6,-1
2026-01-31,WH-IBD,PRD-0066,10,10,0
2026-01-31,WH-ABJ,PRD-0066,8,8,0
2026-01-31,WH-PHC,PRD-0066,11,11,0
2026-01-31,WH-LAG1,PRD-0067,99,99,0
2026-01-31,WH-LAG2,PRD-0067,25,25,0
2026-01-31,WH-IBD,PRD-0067,68,68,0
2026-01-31,WH-ABJ,PRD-0067,69,69,0
2026-01-31,WH-PHC,PRD-0067,55,55,0
2026-01-31,WH-LAG1,PRD-0068,138,138,0
2026-01-31,WH-LAG2,PRD-0068,81,81,0
2026-01-31,WH-IBD,PRD-0068,36,36,0
2026-01-31,WH-ABJ,PRD-0068,96,96,0
2026-01-31,WH-PHC,PRD-0068,126,126,0
2026-01-31,WH-LAG1,PRD-0069,14,13,-1
2026-01-31,WH-LAG2,PRD-0069,22,22,0
2026-01-31,WH-IBD,PRD-0069,5,5,0
2026-01-31,WH-ABJ,PRD-0069,11,10,-1
2026-01-31,WH-PHC,PRD-0069,23,23,0
2026-01-31,WH-LAG1,PRD-0070,26,27,1
2026-01-31,WH-LAG2,PRD-0070,28,28,0
2026-01-31,WH-IBD,PRD-0070,62,62,0
2026-01-31,WH-ABJ,PRD-0070,49,49,0
2026-01-31,WH-PHC,PRD-0070,38,38,0
2026-01-31,WH-LAG1,PRD-0071,17,17,0
2026-01-31,WH-LAG2,PRD-0071,16,16,0
2026-01-31,WH-IBD,PRD-0071,15,16,1
2026-01-31,WH-ABJ,PRD-0071,16,16,0
2026-01-31,WH-PHC,PRD-0071,11,11,0
2026-01-31,WH-LAG1,PRD-0072,79,79,0
2026-01-31,WH-LAG2,PRD-0072,39,38,-1
2026-01-31,WH-IBD,PRD-0072,42,42,0
2026-01-31,WH-ABJ,PRD-0072,50,50,0
2026-01-31,WH-PHC,PRD-0072,48,48,0
2026-01-31,WH-LAG1,PRD-0073,30,30,0
2026-01-31,WH-LAG2,PRD-0073,8,7,-1
2026-01-31,WH-IBD,PRD-0073,20,20,0
2026-01-31,WH-ABJ,PRD-0073,16,16,0
2026-01-31,WH-PHC,PRD-0073,24,24,0
2026-01-31,WH-LAG1,PRD-0074,137,137,0
2026-01-31,WH-LAG2,PRD-0074,39,39,0
2026-01-31,WH-IBD,PRD-0074,70,70,0
2026-01-31,WH-ABJ,PRD-0074,65,66,1
2026-01-31,WH-PHC,PRD-0074,39,39,0
2026-01-31,WH-LAG1,PRD-0075,21,21,0
2026-01-31,WH-LAG2,PRD-0075,29,29,0
2026-01-31,WH-IBD,PRD-0075,11,11,0
2026-01-31,WH-ABJ,PRD-0075,30,30,0
2026-01-31,WH-PHC,PRD-0075,31,30,-1
2026-01-31,WH-LAG1,PRD-0076,188,188,0
2026-01-31,WH-LAG2,PRD-0076,0,0,-1
2026-01-31,WH-IBD,PRD-0076,96,96,0
2026-01-31,WH-ABJ,PRD-0076,24,24,0
2026-01-31,WH-PHC,PRD-0076,39,39,0
2026-01-31,WH-LAG1,PRD-0077,156,156,0
2026-01-31,WH-LAG2,PRD-0077,107,107,0
2026-01-31,WH-IBD,PRD-0077,201,201,0
2026-01-31,WH-ABJ,PRD-0077,82,82,0
2026-01-31,WH-PHC,PRD-0077,234,234,0
2026-01-31,WH-LAG1,PRD-0078,166,171,5
2026-01-31,WH-LAG2,PRD-0078,47,47,0
2026-01-31,WH-IBD,PRD-0078,26,26,0
2026-01-31,WH-ABJ,PRD-0078,66,66,0
2026-01-31,WH-PHC,PRD-0078,80,80,0
2026-01-31,WH-LAG1,PRD-0079,56,56,0
2026-01-31,WH-LAG2,PRD-0079,34,34,0
2026-01-31,WH-IBD,PRD-0079,50,50,0
2026-01-31,WH-ABJ,PRD-0079,75,75,0
2026-01-31,WH-PHC,PRD-0079,88,90,2
2026-01-31,WH-LAG1,PRD-0080,165,165,0
2026-01-31,WH-LAG2,PRD-0080,56,56,0
2026-01-31,WH-IBD,PRD-0080,15,15,0
2026-01-31,WH-ABJ,PRD-0080,58,58,0
2026-01-31,WH-PHC,PRD-0080,57,59,2
2026-01-31,WH-LAG1,PRD-0081,64,64,0
2026-01-31,WH-LAG2,PRD-0081,117,117,0
2026-01-31,WH-IBD,PRD-0081,75,75,0
2026-01-31,WH-ABJ,PRD-0081,88,88,0
2026-01-31,WH-PHC,PRD-0081,98,98,0
2026-01-31,WH-LAG1,PRD-0082,71,71,0
2026-01-31,WH-LAG2,PRD-0082,88,88,0
2026-01-31,WH-IBD,PRD-0082,40,40,0
2026-01-31,WH-ABJ,PRD-0082,126,126,0
2026-01-31,WH-PHC,PRD-0082,28,28,0
2026-01-31,WH-LAG1,PRD-0083,337,337,0
2026-01-31,WH-LAG2,PRD-0083,107,107,0
2026-01-31,WH-IBD,PRD-0083,177,177,0
2026-01-31,WH-ABJ,PRD-0083,171,171,0
2026-01-31,WH-PHC,PRD-0083,115,115,0
2026-01-31,WH-LAG1,PRD-0084,240,240,0
2026-01-31,WH-LAG2,PRD-0084,93,90,-3
2026-01-31,WH-IBD,PRD-0084,15,15,0
2026-01-31,WH-ABJ,PRD-0084,121,121,0
2026-01-31,WH-PHC,PRD-0084,75,75,0
2026-01-31,WH-LAG1,PRD-0085,179,179,0
2026-01-31,WH-LAG2,PRD-0085,64,64,0
2026-01-31,WH-IBD,PRD-0085,0,0,-1
2026-01-31,WH-ABJ,PRD-0085,65,65,0
2026-01-31,WH-PHC,PRD-0085,17,18,1
2026-01-31,WH-LAG1,PRD-0086,306,306,0
2026-01-31,WH-LAG2,PRD-0086,234,238,4
2026-01-31,WH-IBD,PRD-0086,121,121,0
2026-01-31,WH-ABJ,PRD-0086,106,106,0
2026-01-31,WH-PHC,PRD-0086,132,132,0
2026-01-31,WH-LAG1,PRD-0087,16,16,0
2026-01-31,WH-LAG2,PRD-0087,26,26,0
2026-01-31,WH-IBD,PRD-0087,6,6,0
2026-01-31,WH-ABJ,PRD-0087,16,16,0
2026-01-31,WH-PHC,PRD-0087,8,8,0
2026-01-31,WH-LAG1,PRD-0088,32,32,0
2026-01-31,WH-LAG2,PRD-0088,57,57,0
2026-01-31,WH-IBD,PRD-0088,24,24,0
2026-01-31,WH-ABJ,PRD-0088,17,18,1
2026-01-31,WH-PHC,PRD-0088,41,41,0
2026-01-31,WH-LAG1,PRD-0089,44,44,0
2026-01-31,WH-LAG2,PRD-0089,57,57,0
2026-01-31,WH-IBD,PRD-0089,12,12,0
2026-01-31,WH-ABJ,PRD-0089,51,51,0
2026-01-31,WH-PHC,PRD-0089,36,36,0
2026-01-31,WH-LAG1,PRD-0090,1246,1246,0
2026-01-31,WH-LAG2,PRD-0090,814,814,0
2026-01-31,WH-IBD,PRD-0090,382,382,0
2026-01-31,WH-ABJ,PRD-0090,720,720,0
2026-01-31,WH-PHC,PRD-0090,1266,1266,0
2026-01-31,WH-LAG1,PRD-0091,38,38,0
2026-01-31,WH-LAG2,PRD-0091,359,342,-17
2026-01-31,WH-IBD,PRD-0091,67,67,0
2026-01-31,WH-ABJ,PRD-0091,42,42,0
2026-01-31,WH-PHC,PRD-0091,10,9,-1
2026-01-31,WH-LAG1,PRD-0092,96,96,0
2026-01-31,WH-LAG2,PRD-0092,51,51,0
2026-01-31,WH-IBD,PRD-0092,39,39,0
2026-01-31,WH-ABJ,PRD-0092,15,15,0
2026-01-31,WH-PHC,PRD-0092,36,36,0
2026-01-31,WH-LAG1,PRD-0093,103,103,0
2026-01-31,WH-LAG2,PRD-0093,492,492,0
2026-01-31,WH-IBD,PRD-0093,34,34,0
2026-01-31,WH-ABJ,PRD-0093,112,112,0
2026-01-31,WH-PHC,PRD-0093,103,103,0
2026-01-31,WH-LAG1,PRD-0094,39,39,0
2026-01-31,WH-LAG2,PRD-0094,80,80,0
2026-01-31,WH-IBD,PRD-0094,18,18,0
2026-01-31,WH-ABJ,PRD-0094,39,39,0
2026-01-31,WH-PHC,PRD-0094,21,21,0
2026-01-31,WH-LAG1,PRD-0095,31,31,0
2026-01-31,WH-LAG2,PRD-0095,67,67,0
2026-01-31,WH-IBD,PRD-0095,11,12,1
2026-01-31,WH-ABJ,PRD-0095,32,32,0
2026-01-31,WH-PHC,PRD-0095,10,10,0
2026-01-31,WH-LAG1,PRD-0096,12,12,0
2026-01-31,WH-LAG2,PRD-0096,51,51,0
2026-01-31,WH-IBD,PRD-0096,6,6,0
2026-01-31,WH-ABJ,PRD-0096,23,23,0
2026-01-31,WH-PHC,PRD-0096,5,5,0
2026-01-31,WH-LAG1,PRD-0097,34,34,0
2026-01-31,WH-LAG2,PRD-0097,66,66,0
2026-01-31,WH-IBD,PRD-0097,16,16,0
2026-01-31,WH-ABJ,PRD-0097,27,27,0
2026-01-31,WH-PHC,PRD-0097,13,13,0
2026-01-31,WH-LAG1,PRD-0098,362,362,0
2026-01-31,WH-LAG2,PRD-0098,834,834,0
2026-01-31,WH-IBD,PRD-0098,94,95,1
2026-01-31,WH-ABJ,PRD-0098,89,89,0
2026-01-31,WH-PHC,PRD-0098,215,215,0
2026-01-31,WH-LAG1,PRD-0099,45,45,0
2026-01-31,WH-LAG2,PRD-0099,74,74,0
2026-01-31,WH-IBD,PRD-0099,20,20,0
2026-01-31,WH-ABJ,PRD-0099,15,15,0
2026-01-31,WH-PHC,PRD-0099,28,28,0
2026-01-31,WH-LAG1,PRD-0100,536,536,0
2026-01-31,WH-LAG2,PRD-0100,1186,1136,-50
2026-01-31,WH-IBD,PRD-0100,182,182,0
2026-01-31,WH-ABJ,PRD-0100,506,506,0
2026-01-31,WH-PHC,PRD-0100,207,207,0
2026-01-31,WH-LAG1,PRD-0101,22,22,0
2026-01-31,WH-LAG2,PRD-0101,93,93,0
2026-01-31,WH-IBD,PRD-0101,8,9,1
2026-01-31,WH-ABJ,PRD-0101,36,36,0
2026-01-31,WH-PHC,PRD-0101,26,26,0
2026-01-31,WH-LAG1,PRD-0102,73,73,0
2026-01-31,WH-LAG2,PRD-0102,330,330,0
2026-01-31,WH-IBD,PRD-0102,3,3,0
2026-01-31,WH-ABJ,PRD-0102,71,71,0
2026-01-31,WH-PHC,PRD-0102,37,37,0
2026-01-31,WH-LAG1,PRD-0103,164,157,-7
2026-01-31,WH-LAG2,PRD-0103,293,293,0
2026-01-31,WH-IBD,PRD-0103,64,64,0
2026-01-31,WH-ABJ,PRD-0103,127,126,-1
2026-01-31,WH-PHC,PRD-0103,6,7,1
2026-01-31,WH-LAG1,PRD-0104,15,15,0
2026-01-31,WH-LAG2,PRD-0104,89,89,0
2026-01-31,WH-IBD,PRD-0104,30,30,0
2026-01-31,WH-ABJ,PRD-0104,40,40,0
2026-01-31,WH-PHC,PRD-0104,14,14,0
2026-01-31,WH-LAG1,PRD-0105,59,59,0
2026-01-31,WH-LAG2,PRD-0105,115,115,0
2026-01-31,WH-IBD,PRD-0105,30,30,0
2026-01-31,WH-ABJ,PRD-0105,28,28,0
2026-01-31,WH-PHC,PRD-0105,29,29,0
2026-01-31,WH-LAG1,PRD-0106,43,43,0
2026-01-31,WH-LAG2,PRD-0106,60,59,-1
2026-01-31,WH-IBD,PRD-0106,7,7,0
2026-01-31,WH-ABJ,PRD-0106,17,17,0
2026-01-31,WH-PHC,PRD-0106,30,30,0
2026-01-31,WH-LAG1,PRD-0107,38,38,0
2026-01-31,WH-LAG2,PRD-0107,64,64,0
2026-01-31,WH-IBD,PRD-0107,16,16,0
2026-01-31,WH-ABJ,PRD-0107,0,0,0
2026-01-31,WH-PHC,PRD-0107,0,0,0
2026-01-31,WH-LAG1,PRD-0108,274,274,0
2026-01-31,WH-LAG2,PRD-0108,833,833,0
2026-01-31,WH-IBD,PRD-0108,72,72,0
2026-01-31,WH-ABJ,PRD-0108,245,245,0
2026-01-31,WH-PHC,PRD-0108,125,125,0
2026-01-31,WH-LAG1,PRD-0109,122,122,0
2026-01-31,WH-LAG2,PRD-0109,32,32,0
2026-01-31,WH-IBD,PRD-0109,108,108,0
2026-01-31,WH-ABJ,PRD-0109,82,82,0
2026-01-31,WH-PHC,PRD-0109,28,28,0
2026-01-31,WH-LAG1,PRD-0110,35,36,1
2026-01-31,WH-LAG2,PRD-0110,20,20,0
2026-01-31,WH-IBD,PRD-0110,23,23,0
2026-01-31,WH-ABJ,PRD-0110,30,30,0
2026-01-31,WH-PHC,PRD-0110,25,25,0
2026-01-31,WH-LAG1,PRD-0111,95,95,0
2026-01-31,WH-LAG2,PRD-0111,120,120,0
2026-01-31,WH-IBD,PRD-0111,49,49,0
2026-01-31,WH-ABJ,PRD-0111,88,86,-2
2026-01-31,WH-PHC,PRD-0111,26,27,1
2026-01-31,WH-LAG1,PRD-0112,45,45,0
2026-01-31,WH-LAG2,PRD-0112,4,4,0
2026-01-31,WH-IBD,PRD-0112,0,0,0
2026-01-31,WH-ABJ,PRD-0112,19,19,0
2026-01-31,WH-PHC,PRD-0112,23,24,1
2026-01-31,WH-LAG1,PRD-0113,100,100,0
2026-01-31,WH-LAG2,PRD-0113,35,34,-1
2026-01-31,WH-IBD,PRD-0113,95,95,0
2026-01-31,WH-ABJ,PRD-0113,40,40,0
2026-01-31,WH-PHC,PRD-0113,76,76,0
2026-01-31,WH-LAG1,PRD-0114,21,21,0
2026-01-31,WH-LAG2,PRD-0114,20,20,0
2026-01-31,WH-IBD,PRD-0114,14,14,0
2026-01-31,WH-ABJ,PRD-0114,27,27,0
2026-01-31,WH-PHC,PRD-0114,22,22,0
2026-01-31,WH-LAG1,PRD-0115,122,122,0
2026-01-31,WH-LAG2,PRD-0115,37,36,-1
2026-01-31,WH-IBD,PRD-0115,102,102,0
2026-01-31,WH-ABJ,PRD-0115,60,60,0
2026-01-31,WH-PHC,PRD-0115,66,66,0
2026-01-31,WH-LAG1,PRD-0116,31,31,0
2026-01-31,WH-LAG2,PRD-0116,30,31,1
2026-01-31,WH-IBD,PRD-0116,42,42,0
2026-01-31,WH-ABJ,PRD-0116,14,14,0
2026-01-31,WH-PHC,PRD-0116,21,21,0
2026-01-31,WH-LAG1,PRD-0117,104,104,0
2026-01-31,WH-LAG2,PRD-0117,19,19,0
2026-01-31,WH-IBD,PRD-0117,50,50,0
2026-01-31,WH-ABJ,PRD-0117,39,39,0
2026-01-31,WH-PHC,PRD-0117,17,17,0
2026-01-31,WH-LAG1,PRD-0118,95,95,0
2026-01-31,WH-LAG2,PRD-0118,43,43,0
2026-01-31,WH-IBD,PRD-0118,73,73,0
2026-01-31,WH-ABJ,PRD-0118,119,119,0
2026-01-31,WH-PHC,PRD-0118,169,169,0
2026-01-31,WH-LAG1,PRD-0119,37,37,0
2026-01-31,WH-LAG2,PRD-0119,5,5,0
2026-01-31,WH-IBD,PRD-0119,5,5,0
2026-01-31,WH-ABJ,PRD-0119,26,26,0
2026-01-31,WH-PHC,PRD-0119,15,15,0
2026-01-31,WH-LAG1,PRD-0120,15,15,0
2026-01-31,WH-LAG2,PRD-0120,10,10,0
2026-01-31,WH-IBD,PRD-0120,93,93,0
2026-01-31,WH-ABJ,PRD-0120,120,120,0
2026-01-31,WH-PHC,PRD-0120,104,104,0
2026-01-31,WH-LAG1,PRD-0121,256,256,0
2026-01-31,WH-LAG2,PRD-0121,114,114,0
2026-01-31,WH-IBD,PRD-0121,164,164,0
2026-01-31,WH-ABJ,PRD-0121,212,212,0
2026-01-31,WH-PHC,PRD-0121,83,83,0
2026-01-31,WH-LAG1,PRD-0122,81,81,0
2026-01-31,WH-LAG2,PRD-0122,49,49,0
2026-01-31,WH-IBD,PRD-0122,68,66,-2
2026-01-31,WH-ABJ,PRD-0122,104,104,0
2026-01-31,WH-PHC,PRD-0122,64,64,0
2026-01-31,WH-LAG1,PRD-0123,78,78,0
2026-01-31,WH-LAG2,PRD-0123,63,63,0
2026-01-31,WH-IBD,PRD-0123,57,57,0
2026-01-31,WH-ABJ,PRD-0123,76,76,0
2026-01-31,WH-PHC,PRD-0123,45,45,0
2026-01-31,WH-LAG1,PRD-0124,68,67,-1
2026-01-31,WH-LAG2,PRD-0124,64,64,0
2026-01-31,WH-IBD,PRD-0124,22,22,0
2026-01-31,WH-ABJ,PRD-0124,57,57,0
2026-01-31,WH-PHC,PRD-0124,38,38,0
2026-01-31,WH-LAG1,PRD-0125,526,526,0
2026-01-31,WH-LAG2,PRD-0125,144,144,0
2026-01-31,WH-IBD,PRD-0125,447,447,0
2026-01-31,WH-ABJ,PRD-0125,202,202,0
2026-01-31,WH-PHC,PRD-0125,371,371,0
2026-01-31,WH-LAG1,PRD-0126,89,89,0
2026-01-31,WH-LAG2,PRD-0126,22,22,0
2026-01-31,WH-IBD,PRD-0126,33,33,0
2026-01-31,WH-ABJ,PRD-0126,44,44,0
2026-01-31,WH-PHC,PRD-0126,66,66,0
2026-01-31,WH-LAG1,PRD-0127,69,69,0
2026-01-31,WH-LAG2,PRD-0127,19,19,0
2026-01-31,WH-IBD,PRD-0127,40,39,-1
2026-01-31,WH-ABJ,PRD-0127,50,50,0
2026-01-31,WH-PHC,PRD-0127,35,35,0
2026-01-31,WH-LAG1,PRD-0128,141,141,0
2026-01-31,WH-LAG2,PRD-0128,43,43,0
2026-01-31,WH-IBD,PRD-0128,2,2,0
2026-01-31,WH-ABJ,PRD-0128,35,36,1
2026-01-31,WH-PHC,PRD-0128,27,27,0
2026-01-31,WH-LAG1,PRD-0129,29,29,0
2026-01-31,WH-LAG2,PRD-0129,14,14,0
2026-01-31,WH-IBD,PRD-0129,10,10,0
2026-01-31,WH-ABJ,PRD-0129,26,26,0
2026-01-31,WH-PHC,PRD-0129,19,20,1
2026-01-31,WH-LAG1,PRD-0130,43,43,0
2026-01-31,WH-LAG2,PRD-0130,40,40,0
2026-01-31,WH-IBD,PRD-0130,0,0,0
2026-01-31,WH-ABJ,PRD-0130,34,35,1
2026-01-31,WH-PHC,PRD-0130,45,45,0
2026-01-31,WH-LAG1,PRD-0131,261,261,0
2026-01-31,WH-LAG2,PRD-0131,75,75,0
2026-01-31,WH-IBD,PRD-0131,56,55,-1
2026-01-31,WH-ABJ,PRD-0131,49,49,0
2026-01-31,WH-PHC,PRD-0131,89,89,0
2026-01-31,WH-LAG1,PRD-0132,25,25,0
2026-01-31,WH-LAG2,PRD-0132,11,11,0
2026-01-31,WH-IBD,PRD-0132,21,21,0
2026-01-31,WH-ABJ,PRD-0132,74,71,-3
2026-01-31,WH-PHC,PRD-0132,20,20,0
2026-01-31,WH-LAG1,PRD-0133,52,52,0
2026-01-31,WH-LAG2,PRD-0133,42,42,0
2026-01-31,WH-IBD,PRD-0133,6,6,0
2026-01-31,WH-ABJ,PRD-0133,43,43,0
2026-01-31,WH-PHC,PRD-0133,47,49,2
2026-01-31,WH-LAG1,PRD-0134,69,69,0
2026-01-31,WH-LAG2,PRD-0134,10,11,1
2026-01-31,WH-IBD,PRD-0134,33,33,0
2026-01-31,WH-ABJ,PRD-0134,40,40,0
2026-01-31,WH-PHC,PRD-0134,52,52,0
2026-01-31,WH-LAG1,PRD-0135,162,162,0
2026-01-31,WH-LAG2,PRD-0135,144,144,0
2026-01-31,WH-IBD,PRD-0135,130,130,0
2026-01-31,WH-ABJ,PRD-0135,125,125,0
2026-01-31,WH-PHC,PRD-0135,49,49,0
2026-01-31,WH-LAG1,PRD-0136,27,27,0
2026-01-31,WH-LAG2,PRD-0136,22,22,0
2026-01-31,WH-IBD,PRD-0136,52,52,0
2026-01-31,WH-ABJ,PRD-0136,41,42,1
2026-01-31,WH-PHC,PRD-0136,46,46,0
2026-01-31,WH-LAG1,PRD-0137,111,111,0
2026-01-31,WH-LAG2,PRD-0137,55,55,0
2026-01-31,WH-IBD,PRD-0137,69,69,0
2026-01-31,WH-ABJ,PRD-0137,44,44,0
2026-01-31,WH-PHC,PRD-0137,75,75,0
2026-01-31,WH-LAG1,PRD-0138,150,157,7
2026-01-31,WH-LAG2,PRD-0138,50,50,0
2026-01-31,WH-IBD,PRD-0138,34,34,0
2026-01-31,WH-ABJ,PRD-0138,61,61,0
2026-01-31,WH-PHC,PRD-0138,5,6,1
2026-01-31,WH-LAG1,PRD-0139,126,126,0
2026-01-31,WH-LAG2,PRD-0139,40,40,0
2026-01-31,WH-IBD,PRD-0139,81,81,0
2026-01-31,WH-ABJ,PRD-0139,28,28,0
2026-01-31,WH-PHC,PRD-0139,46,46,0
2026-01-31,WH-LAG1,PRD-0140,70,70,0
2026-01-31,WH-LAG2,PRD-0140,10,10,0
2026-01-31,WH-IBD,PRD-0140,35,35,0
2026-01-31,WH-ABJ,PRD-0140,19,19,0
2026-01-31,WH-PHC,PRD-0140,27,27,0
2026-01-31,WH-LAG1,PRD-0141,45,45,0
2026-01-31,WH-LAG2,PRD-0141,39,39,0
2026-01-31,WH-IBD,PRD-0141,55,55,0
2026-01-31,WH-ABJ,PRD-0141,37,37,0
2026-01-31,WH-PHC,PRD-0141,27,27,0
2026-01-31,WH-LAG1,PRD-0142,160,160,0
2026-01-31,WH-LAG2,PRD-0142,133,133,0
2026-01-31,WH-IBD,PRD-0142,70,70,0
2026-01-31,WH-ABJ,PRD-0142,142,142,0
2026-01-31,WH-PHC,PRD-0142,178,178,0
2026-01-31,WH-LAG1,PRD-0143,61,61,0
2026-01-31,WH-LAG2,PRD-0143,55,55,0
2026-01-31,WH-IBD,PRD-0143,26,26,0
2026-01-31,WH-ABJ,PRD-0143,51,52,1
2026-01-31,WH-PHC,PRD-0143,40,40,0
2026-01-31,WH-LAG1,PRD-0144,31,31,0
2026-01-31,WH-LAG2,PRD-0144,62,62,0
2026-01-31,WH-IBD,PRD-0144,34,34,0
2026-01-31,WH-ABJ,PRD-0144,3,2,-1
2026-01-31,WH-PHC,PRD-0144,61,61,0
2026-01-31,WH-LAG1,PRD-0145,86,87,1
2026-01-31,WH-LAG2,PRD-0145,71,71,0
2026-01-31,WH-IBD,PRD-0145,67,67,0
2026-01-31,WH-ABJ,PRD-0145,83,83,0
2026-01-31,WH-PHC,PRD-0145,109,109,0
2026-01-31,WH-LAG1,PRD-0146,44,44,0
2026-01-31,WH-LAG2,PRD-0146,50,50,0
2026-01-31,WH-IBD,PRD-0146,41,41,0
2026-01-31,WH-ABJ,PRD-0146,58,58,0
2026-01-31,WH-PHC,PRD-0146,47,48,1
2026-01-31,WH-LAG1,PRD-0147,36,36,0
2026-01-31,WH-LAG2,PRD-0147,32,32,0
2026-01-31,WH-IBD,PRD-0147,25,25,0
2026-01-31,WH-ABJ,PRD-0147,33,33,0
2026-01-31,WH-PHC,PRD-0147,43,43,0
2026-01-31,WH-LAG1,PRD-0148,24,24,0
2026-01-31,WH-LAG2,PRD-0148,15,15,0
2026-01-31,WH-IBD,PRD-0148,28,28,0
2026-01-31,WH-ABJ,PRD-0148,55,55,0
2026-01-31,WH-PHC,PRD-0148,20,20,0
2026-01-31,WH-LAG1,PRD-0149,27,27,0
2026-01-31,WH-LAG2,PRD-0149,22,22,0
2026-01-31,WH-IBD,PRD-0149,0,0,0
2026-01-31,WH-ABJ,PRD-0149,30,30,0
2026-01-31,WH-PHC,PRD-0149,13,13,0
2026-01-31,WH-LAG1,PRD-0150,86,86,0
2026-01-31,WH-LAG2,PRD-0150,54,54,0
2026-01-31,WH-IBD,PRD-0150,36,36,0
2026-01-31,WH-ABJ,PRD-0150,76,76,0
2026-01-31,WH-PHC,PRD-0150,71,71,0
2026-01-31,WH-LAG1,PRD-0151,511,511,0
2026-01-31,WH-LAG2,PRD-0151,325,325,0
2026-01-31,WH-IBD,PRD-0151,710,710,0
2026-01-31,WH-ABJ,PRD-0151,620,620,0
2026-01-31,WH-PHC,PRD-0151,355,355,0
2026-01-31,WH-LAG1,PRD-0152,81,79,-2
2026-01-31,WH-LAG2,PRD-0152,20,20,0
2026-01-31,WH-IBD,PRD-0152,36,36,0
2026-01-31,WH-ABJ,PRD-0152,42,42,0
2026-01-31,WH-PHC,PRD-0152,12,12,0
2026-01-31,WH-LAG1,PRD-0153,261,261,0
2026-01-31,WH-LAG2,PRD-0153,237,237,0
2026-01-31,WH-IBD,PRD-0153,64,66,2
2026-01-31,WH-ABJ,PRD-0153,155,162,7
2026-01-31,WH-PHC,PRD-0153,173,180,7
2026-01-31,WH-LAG1,PRD-0154,37,37,0
2026-01-31,WH-LAG2,PRD-0154,26,26,0
2026-01-31,WH-IBD,PRD-0154,46,46,0
2026-01-31,WH-ABJ,PRD-0154,65,65,0
2026-01-31,WH-PHC,PRD-0154,34,34,0
2026-01-31,WH-LAG1,PRD-0155,58,58,0
2026-01-31,WH-LAG2,PRD-0155,17,17,0
2026-01-31,WH-IBD,PRD-0155,43,43,0
2026-01-31,WH-ABJ,PRD-0155,67,67,0
2026-01-31,WH-PHC,PRD-0155,41,41,0
2026-01-31,WH-LAG1,PRD-0156,254,254,0
2026-01-31,WH-LAG2,PRD-0156,66,68,2
2026-01-31,WH-IBD,PRD-0156,138,138,0
2026-01-31,WH-ABJ,PRD-0156,87,89,2
2026-01-31,WH-PHC,PRD-0156,83,83,0
2026-01-31,WH-LAG1,PRD-0157,80,80,0
2026-01-31,WH-LAG2,PRD-0157,59,59,0
2026-01-31,WH-IBD,PRD-0157,54,54,0
2026-01-31,WH-ABJ,PRD-0157,48,48,0
2026-01-31,WH-PHC,PRD-0157,41,41,0
2026-01-31,WH-LAG1,PRD-0158,30,30,0
2026-01-31,WH-LAG2,PRD-0158,37,37,0
2026-01-31,WH-IBD,PRD-0158,21,21,0
2026-01-31,WH-ABJ,PRD-0158,26,26,0
2026-01-31,WH-PHC,PRD-0158,31,31,0
2026-01-31,WH-LAG1,PRD-0159,55,55,0
2026-01-31,WH-LAG2,PRD-0159,16,16,0
2026-01-31,WH-IBD,PRD-0159,45,46,1
2026-01-31,WH-ABJ,PRD-0159,64,64,0
2026-01-31,WH-PHC,PRD-0159,49,49,0
2026-01-31,WH-LAG1,PRD-0160,355,355,0
2026-01-31,WH-LAG2,PRD-0160,163,163,0
2026-01-31,WH-IBD,PRD-0160,93,93,0
2026-01-31,WH-ABJ,PRD-0160,78,78,0
2026-01-31,WH-PHC,PRD-0160,120,120,0
2026-01-31,WH-LAG1,PRD-0161,326,326,0
2026-01-31,WH-LAG2,PRD-0161,280,280,0
2026-01-31,WH-IBD,PRD-0161,95,95,0
2026-01-31,WH-ABJ,PRD-0161,241,241,0
2026-01-31,WH-PHC,PRD-0161,101,101,0
2026-01-31,WH-LAG1,PRD-0162,7,7,0
2026-01-31,WH-LAG2,PRD-0162,36,36,0
2026-01-31,WH-IBD,PRD-0162,6,6,0
2026-01-31,WH-ABJ,PRD-0162,37,37,0
2026-01-31,WH-PHC,PRD-0162,51,51,0
2026-01-31,WH-LAG1,PRD-0163,11,11,0
2026-01-31,WH-LAG2,PRD-0163,33,32,-1
2026-01-31,WH-IBD,PRD-0163,38,38,0
2026-01-31,WH-ABJ,PRD-0163,25,25,0
2026-01-31,WH-PHC,PRD-0163,73,70,-3
2026-01-31,WH-LAG1,PRD-0164,65,65,0
2026-01-31,WH-LAG2,PRD-0164,33,33,0
2026-01-31,WH-IBD,PRD-0164,66,66,0
2026-01-31,WH-ABJ,PRD-0164,22,22,0
2026-01-31,WH-PHC,PRD-0164,54,54,0
2026-01-31,WH-LAG1,PRD-0165,121,121,0
2026-01-31,WH-LAG2,PRD-0165,93,93,0
2026-01-31,WH-IBD,PRD-0165,46,46,0
2026-01-31,WH-ABJ,PRD-0165,113,113,0
2026-01-31,WH-PHC,PRD-0165,162,162,0
2026-01-31,WH-LAG1,PRD-0166,155,155,0
2026-01-31,WH-LAG2,PRD-0166,111,111,0
2026-01-31,WH-IBD,PRD-0166,117,117,0
2026-01-31,WH-ABJ,PRD-0166,197,197,0
2026-01-31,WH-PHC,PRD-0166,42,43,1
2026-01-31,WH-LAG1,PRD-0167,102,102,0
2026-01-31,WH-LAG2,PRD-0167,92,92,0
2026-01-31,WH-IBD,PRD-0167,3,3,0
2026-01-31,WH-ABJ,PRD-0167,88,88,0
2026-01-31,WH-PHC,PRD-0167,16,16,0
2026-01-31,WH-LAG1,PRD-0168,18,18,0
2026-01-31,WH-LAG2,PRD-0168,26,26,0
2026-01-31,WH-IBD,PRD-0168,23,23,0
2026-01-31,WH-ABJ,PRD-0168,19,19,0
2026-01-31,WH-PHC,PRD-0168,15,15,0
2026-01-31,WH-LAG1,PRD-0169,62,62,0
2026-01-31,WH-LAG2,PRD-0169,27,27,0
2026-01-31,WH-IBD,PRD-0169,53,54,1
2026-01-31,WH-ABJ,PRD-0169,85,85,0
2026-01-31,WH-PHC,PRD-0169,67,67,0
2026-01-31,WH-LAG1,PRD-0170,66,66,0
2026-01-31,WH-LAG2,PRD-0170,43,43,0
2026-01-31,WH-IBD,PRD-0170,62,62,0
2026-01-31,WH-ABJ,PRD-0170,98,98,0
2026-01-31,WH-PHC,PRD-0170,69,69,0
2026-02-28,WH-LAG1,PRD-0001,27,27,0
2026-02-28,WH-LAG2,PRD-0001,41,41,0
2026-02-28,WH-IBD,PRD-0001,49,49,0
2026-02-28,WH-ABJ,PRD-0001,22,23,1
2026-02-28,WH-PHC,PRD-0001,25,25,0
2026-02-28,WH-LAG1,PRD-0002,52,52,0
2026-02-28,WH-LAG2,PRD-0002,32,32,0
2026-02-28,WH-IBD,PRD-0002,11,11,0
2026-02-28,WH-ABJ,PRD-0002,31,31,0
2026-02-28,WH-PHC,PRD-0002,28,28,0
2026-02-28,WH-LAG1,PRD-0003,22,22,0
2026-02-28,WH-LAG2,PRD-0003,28,28,0
2026-02-28,WH-IBD,PRD-0003,1,1,0
2026-02-28,WH-ABJ,PRD-0003,18,18,0
2026-02-28,WH-PHC,PRD-0003,20,20,0
2026-02-28,WH-LAG1,PRD-0004,435,435,0
2026-02-28,WH-LAG2,PRD-0004,135,135,0
2026-02-28,WH-IBD,PRD-0004,101,101,0
2026-02-28,WH-ABJ,PRD-0004,216,216,0
2026-02-28,WH-PHC,PRD-0004,170,170,0
2026-02-28,WH-LAG1,PRD-0005,131,131,0
2026-02-28,WH-LAG2,PRD-0005,71,71,0
2026-02-28,WH-IBD,PRD-0005,39,39,0
2026-02-28,WH-ABJ,PRD-0005,64,64,0
2026-02-28,WH-PHC,PRD-0005,78,78,0
2026-02-28,WH-LAG1,PRD-0006,36,36,0
2026-02-28,WH-LAG2,PRD-0006,5,5,0
2026-02-28,WH-IBD,PRD-0006,10,10,0
2026-02-28,WH-ABJ,PRD-0006,35,35,0
2026-02-28,WH-PHC,PRD-0006,29,29,0
2026-02-28,WH-LAG1,PRD-0007,99,99,0
2026-02-28,WH-LAG2,PRD-0007,122,122,0
2026-02-28,WH-IBD,PRD-0007,64,64,0
2026-02-28,WH-ABJ,PRD-0007,128,128,0
2026-02-28,WH-PHC,PRD-0007,115,115,0
2026-02-28,WH-LAG1,PRD-0008,29,29,0
2026-02-28,WH-LAG2,PRD-0008,30,30,0
2026-02-28,WH-IBD,PRD-0008,27,27,0
2026-02-28,WH-ABJ,PRD-0008,25,25,0
2026-02-28,WH-PHC,PRD-0008,39,39,0
2026-02-28,WH-LAG1,PRD-0009,17,17,0
2026-02-28,WH-LAG2,PRD-0009,16,15,-1
2026-02-28,WH-IBD,PRD-0009,24,24,0
2026-02-28,WH-ABJ,PRD-0009,28,28,0
2026-02-28,WH-PHC,PRD-0009,9,9,0
2026-02-28,WH-LAG1,PRD-0010,12,12,0
2026-02-28,WH-LAG2,PRD-0010,20,21,1
2026-02-28,WH-IBD,PRD-0010,13,13,0
2026-02-28,WH-ABJ,PRD-0010,33,33,0
2026-02-28,WH-PHC,PRD-0010,6,6,0
2026-02-28,WH-LAG1,PRD-0011,54,54,0
2026-02-28,WH-LAG2,PRD-0011,86,86,0
2026-02-28,WH-IBD,PRD-0011,61,61,0
2026-02-28,WH-ABJ,PRD-0011,28,27,-1
2026-02-28,WH-PHC,PRD-0011,86,86,0
2026-02-28,WH-LAG1,PRD-0012,49,49,0
2026-02-28,WH-LAG2,PRD-0012,61,61,0
2026-02-28,WH-IBD,PRD-0012,14,14,0
2026-02-28,WH-ABJ,PRD-0012,56,56,0
2026-02-28,WH-PHC,PRD-0012,51,51,0
2026-02-28,WH-LAG1,PRD-0013,36,35,-1
2026-02-28,WH-LAG2,PRD-0013,13,13,0
2026-02-28,WH-IBD,PRD-0013,13,13,0
2026-02-28,WH-ABJ,PRD-0013,23,23,0
2026-02-28,WH-PHC,PRD-0013,31,31,0
2026-02-28,WH-LAG1,PRD-0014,7,7,0
2026-02-28,WH-LAG2,PRD-0014,9,9,0
2026-02-28,WH-IBD,PRD-0014,3,3,0
2026-02-28,WH-ABJ,PRD-0014,5,5,0
2026-02-28,WH-PHC,PRD-0014,1,1,0
2026-02-28,WH-LAG1,PRD-0015,24,24,0
2026-02-28,WH-LAG2,PRD-0015,13,14,1
2026-02-28,WH-IBD,PRD-0015,32,31,-1
2026-02-28,WH-ABJ,PRD-0015,28,28,0
2026-02-28,WH-PHC,PRD-0015,39,39,0
2026-02-28,WH-LAG1,PRD-0016,178,178,0
2026-02-28,WH-LAG2,PRD-0016,107,107,0
2026-02-28,WH-IBD,PRD-0016,44,43,-1
2026-02-28,WH-ABJ,PRD-0016,100,100,0
2026-02-28,WH-PHC,PRD-0016,90,90,0
2026-02-28,WH-LAG1,PRD-0017,101,101,0
2026-02-28,WH-LAG2,PRD-0017,39,39,0
2026-02-28,WH-IBD,PRD-0017,38,38,0
2026-02-28,WH-ABJ,PRD-0017,35,35,0
2026-02-28,WH-PHC,PRD-0017,39,39,0
2026-02-28,WH-LAG1,PRD-0018,285,285,0
2026-02-28,WH-LAG2,PRD-0018,101,101,0
2026-02-28,WH-IBD,PRD-0018,75,75,0
2026-02-28,WH-ABJ,PRD-0018,45,45,0
2026-02-28,WH-PHC,PRD-0018,52,52,0
2026-02-28,WH-LAG1,PRD-0019,97,97,0
2026-02-28,WH-LAG2,PRD-0019,100,100,0
2026-02-28,WH-IBD,PRD-0019,51,51,0
2026-02-28,WH-ABJ,PRD-0019,65,65,0
2026-02-28,WH-PHC,PRD-0019,29,29,0
2026-02-28,WH-LAG1,PRD-0020,200,200,0
2026-02-28,WH-LAG2,PRD-0020,22,22,0
2026-02-28,WH-IBD,PRD-0020,63,63,0
2026-02-28,WH-ABJ,PRD-0020,139,139,0
2026-02-28,WH-PHC,PRD-0020,66,66,0
2026-02-28,WH-LAG1,PRD-0021,20,20,0
2026-02-28,WH-LAG2,PRD-0021,43,43,0
2026-02-28,WH-IBD,PRD-0021,39,38,-1
2026-02-28,WH-ABJ,PRD-0021,24,24,0
2026-02-28,WH-PHC,PRD-0021,34,34,0
2026-02-28,WH-LAG1,PRD-0022,0,0,0
2026-02-28,WH-LAG2,PRD-0022,24,23,-1
2026-02-28,WH-IBD,PRD-0022,25,25,0
2026-02-28,WH-ABJ,PRD-0022,28,28,0
2026-02-28,WH-PHC,PRD-0022,27,27,0
2026-02-28,WH-LAG1,PRD-0023,183,187,4
2026-02-28,WH-LAG2,PRD-0023,96,96,0
2026-02-28,WH-IBD,PRD-0023,89,89,0
2026-02-28,WH-ABJ,PRD-0023,102,102,0
2026-02-28,WH-PHC,PRD-0023,85,85,0
2026-02-28,WH-LAG1,PRD-0024,31,31,0
2026-02-28,WH-LAG2,PRD-0024,19,19,0
2026-02-28,WH-IBD,PRD-0024,37,36,-1
2026-02-28,WH-ABJ,PRD-0024,22,22,0
2026-02-28,WH-PHC,PRD-0024,26,26,0
2026-02-28,WH-LAG1,PRD-0025,83,83,0
2026-02-28,WH-LAG2,PRD-0025,45,45,0
2026-02-28,WH-IBD,PRD-0025,21,21,0
2026-02-28,WH-ABJ,PRD-0025,38,38,0
2026-02-28,WH-PHC,PRD-0025,48,48,0
2026-02-28,WH-LAG1,PRD-0026,65,65,0
2026-02-28,WH-LAG2,PRD-0026,54,53,-1
2026-02-28,WH-IBD,PRD-0026,52,54,2
2026-02-28,WH-ABJ,PRD-0026,77,77,0
2026-02-28,WH-PHC,PRD-0026,75,75,0
2026-02-28,WH-LAG1,PRD-0027,20,20,0
2026-02-28,WH-LAG2,PRD-0027,24,24,0
2026-02-28,WH-IBD,PRD-0027,19,19,0
2026-02-28,WH-ABJ,PRD-0027,18,18,0
2026-02-28,WH-PHC,PRD-0027,5,5,0
2026-02-28,WH-LAG1,PRD-0028,121,121,0
2026-02-28,WH-LAG2,PRD-0028,9,9,0
2026-02-28,WH-IBD,PRD-0028,44,43,-1
2026-02-28,WH-ABJ,PRD-0028,64,64,0
2026-02-28,WH-PHC,PRD-0028,38,37,-1
2026-02-28,WH-LAG1,PRD-0029,48,48,0
2026-02-28,WH-LAG2,PRD-0029,35,35,0
2026-02-28,WH-IBD,PRD-0029,43,43,0
2026-02-28,WH-ABJ,PRD-0029,49,49,0
2026-02-28,WH-PHC,PRD-0029,30,30,0
2026-02-28,WH-LAG1,PRD-0030,27,28,1
2026-02-28,WH-LAG2,PRD-0030,22,22,0
2026-02-28,WH-IBD,PRD-0030,23,23,0
2026-02-28,WH-ABJ,PRD-0030,23,23,0
2026-02-28,WH-PHC,PRD-0030,28,28,0
2026-02-28,WH-LAG1,PRD-0031,217,217,0
2026-02-28,WH-LAG2,PRD-0031,25,25,0
2026-02-28,WH-IBD,PRD-0031,76,76,0
2026-02-28,WH-ABJ,PRD-0031,165,165,0
2026-02-28,WH-PHC,PRD-0031,32,32,0
2026-02-28,WH-LAG1,PRD-0032,14,14,0
2026-02-28,WH-LAG2,PRD-0032,19,19,0
2026-02-28,WH-IBD,PRD-0032,31,31,0
2026-02-28,WH-ABJ,PRD-0032,7,7,0
2026-02-28,WH-PHC,PRD-0032,28,28,0
2026-02-28,WH-LAG1,PRD-0033,93,93,0
2026-02-28,WH-LAG2,PRD-0033,26,26,0
2026-02-28,WH-IBD,PRD-0033,35,35,0
2026-02-28,WH-ABJ,PRD-0033,84,84,0
2026-02-28,WH-PHC,PRD-0033,65,65,0
2026-02-28,WH-LAG1,PRD-0034,62,62,0
2026-02-28,WH-LAG2,PRD-0034,3,3,0
2026-02-28,WH-IBD,PRD-0034,16,16,0
2026-02-28,WH-ABJ,PRD-0034,40,39,-1
2026-02-28,WH-PHC,PRD-0034,32,32,0
2026-02-28,WH-LAG1,PRD-0035,172,172,0
2026-02-28,WH-LAG2,PRD-0035,86,86,0
2026-02-28,WH-IBD,PRD-0035,63,63,0
2026-02-28,WH-ABJ,PRD-0035,66,66,0
2026-02-28,WH-PHC,PRD-0035,51,51,0
2026-02-28,WH-LAG1,PRD-0036,0,0,0
2026-02-28,WH-LAG2,PRD-0036,47,47,0
2026-02-28,WH-IBD,PRD-0036,38,38,0
2026-02-28,WH-ABJ,PRD-0036,15,15,0
2026-02-28,WH-PHC,PRD-0036,67,67,0
2026-02-28,WH-LAG1,PRD-0037,158,158,0
2026-02-28,WH-LAG2,PRD-0037,125,125,0
2026-02-28,WH-IBD,PRD-0037,66,66,0
2026-02-28,WH-ABJ,PRD-0037,107,107,0
2026-02-28,WH-PHC,PRD-0037,76,76,0
2026-02-28,WH-LAG1,PRD-0038,40,40,0
2026-02-28,WH-LAG2,PRD-0038,12,12,0
2026-02-28,WH-IBD,PRD-0038,6,6,0
2026-02-28,WH-ABJ,PRD-0038,26,26,0
2026-02-28,WH-PHC,PRD-0038,15,15,0
2026-02-28,WH-LAG1,PRD-0039,391,391,0
2026-02-28,WH-LAG2,PRD-0039,51,51,0
2026-02-28,WH-IBD,PRD-0039,80,79,-1
2026-02-28,WH-ABJ,PRD-0039,185,185,0
2026-02-28,WH-PHC,PRD-0039,127,127,0
2026-02-28,WH-LAG1,PRD-0040,113,113,0
2026-02-28,WH-LAG2,PRD-0040,30,30,0
2026-02-28,WH-IBD,PRD-0040,0,0,0
2026-02-28,WH-ABJ,PRD-0040,55,55,0
2026-02-28,WH-PHC,PRD-0040,41,41,0
2026-02-28,WH-LAG1,PRD-0041,51,51,0
2026-02-28,WH-LAG2,PRD-0041,58,58,0
2026-02-28,WH-IBD,PRD-0041,0,0,0
2026-02-28,WH-ABJ,PRD-0041,67,67,0
2026-02-28,WH-PHC,PRD-0041,29,30,1
2026-02-28,WH-LAG1,PRD-0042,19,20,1
2026-02-28,WH-LAG2,PRD-0042,22,22,0
2026-02-28,WH-IBD,PRD-0042,2,3,1
2026-02-28,WH-ABJ,PRD-0042,18,18,0
2026-02-28,WH-PHC,PRD-0042,5,5,0
2026-02-28,WH-LAG1,PRD-0043,66,66,0
2026-02-28,WH-LAG2,PRD-0043,51,51,0
2026-02-28,WH-IBD,PRD-0043,51,51,0
2026-02-28,WH-ABJ,PRD-0043,48,48,0
2026-02-28,WH-PHC,PRD-0043,38,38,0
2026-02-28,WH-LAG1,PRD-0044,16,16,0
2026-02-28,WH-LAG2,PRD-0044,8,9,1
2026-02-28,WH-IBD,PRD-0044,8,8,0
2026-02-28,WH-ABJ,PRD-0044,13,13,0
2026-02-28,WH-PHC,PRD-0044,16,16,0
2026-02-28,WH-LAG1,PRD-0045,96,96,0
2026-02-28,WH-LAG2,PRD-0045,48,48,0
2026-02-28,WH-IBD,PRD-0045,32,32,0
2026-02-28,WH-ABJ,PRD-0045,37,37,0
2026-02-28,WH-PHC,PRD-0045,67,67,0
2026-02-28,WH-LAG1,PRD-0046,86,86,0
2026-02-28,WH-LAG2,PRD-0046,67,67,0
2026-02-28,WH-IBD,PRD-0046,63,63,0
2026-02-28,WH-ABJ,PRD-0046,65,65,0
2026-02-28,WH-PHC,PRD-0046,37,37,0
2026-02-28,WH-LAG1,PRD-0047,95,95,0
2026-02-28,WH-LAG2,PRD-0047,43,43,0
2026-02-28,WH-IBD,PRD-0047,0,0,0
2026-02-28,WH-ABJ,PRD-0047,54,54,0
2026-02-28,WH-PHC,PRD-0047,57,57,0
2026-02-28,WH-LAG1,PRD-0048,73,73,0
2026-02-28,WH-LAG2,PRD-0048,24,24,0
2026-02-28,WH-IBD,PRD-0048,52,52,0
2026-02-28,WH-ABJ,PRD-0048,84,82,-2
2026-02-28,WH-PHC,PRD-0048,0,0,0
2026-02-28,WH-LAG1,PRD-0049,81,81,0
2026-02-28,WH-LAG2,PRD-0049,27,27,0
2026-02-28,WH-IBD,PRD-0049,22,22,0
2026-02-28,WH-ABJ,PRD-0049,54,54,0
2026-02-28,WH-PHC,PRD-0049,47,47,0
2026-02-28,WH-LAG1,PRD-0050,36,36,0
2026-02-28,WH-LAG2,PRD-0050,45,45,0
2026-02-28,WH-IBD,PRD-0050,43,43,0
2026-02-28,WH-ABJ,PRD-0050,67,67,0
2026-02-28,WH-PHC,PRD-0050,14,14,0
2026-02-28,WH-LAG1,PRD-0051,89,89,0
2026-02-28,WH-LAG2,PRD-0051,123,123,0
2026-02-28,WH-IBD,PRD-0051,68,68,0
2026-02-28,WH-ABJ,PRD-0051,141,141,0
2026-02-28,WH-PHC,PRD-0051,63,63,0
2026-02-28,WH-LAG1,PRD-0052,13,13,0
2026-02-28,WH-LAG2,PRD-0052,17,17,0
2026-02-28,WH-IBD,PRD-0052,2,2,0
2026-02-28,WH-ABJ,PRD-0052,15,15,0
2026-02-28,WH-PHC,PRD-0052,18,18,0
2026-02-28,WH-LAG1,PRD-0053,19,19,0
2026-02-28,WH-LAG2,PRD-0053,19,19,0
2026-02-28,WH-IBD,PRD-0053,19,19,0
2026-02-28,WH-ABJ,PRD-0053,17,17,0
2026-02-28,WH-PHC,PRD-0053,23,23,0
2026-02-28,WH-LAG1,PRD-0054,53,53,0
2026-02-28,WH-LAG2,PRD-0054,50,50,0
2026-02-28,WH-IBD,PRD-0054,49,49,0
2026-02-28,WH-ABJ,PRD-0054,49,50,1
2026-02-28,WH-PHC,PRD-0054,8,8,0
2026-02-28,WH-LAG1,PRD-0055,79,79,0
2026-02-28,WH-LAG2,PRD-0055,27,26,-1
2026-02-28,WH-IBD,PRD-0055,39,39,0
2026-02-28,WH-ABJ,PRD-0055,87,87,0
2026-02-28,WH-PHC,PRD-0055,31,31,0
2026-02-28,WH-LAG1,PRD-0056,24,24,0
2026-02-28,WH-LAG2,PRD-0056,9,9,0
2026-02-28,WH-IBD,PRD-0056,53,53,0
2026-02-28,WH-ABJ,PRD-0056,5,5,0
2026-02-28,WH-PHC,PRD-0056,47,46,-1
2026-02-28,WH-LAG1,PRD-0057,198,195,-3
2026-02-28,WH-LAG2,PRD-0057,61,61,0
2026-02-28,WH-IBD,PRD-0057,151,151,0
2026-02-28,WH-ABJ,PRD-0057,89,89,0
2026-02-28,WH-PHC,PRD-0057,135,135,0
2026-02-28,WH-LAG1,PRD-0058,17,17,0
2026-02-28,WH-LAG2,PRD-0058,44,44,0
2026-02-28,WH-IBD,PRD-0058,56,56,0
2026-02-28,WH-ABJ,PRD-0058,31,31,0
2026-02-28,WH-PHC,PRD-0058,58,58,0
2026-02-28,WH-LAG1,PRD-0059,22,22,0
2026-02-28,WH-LAG2,PRD-0059,55,55,0
2026-02-28,WH-IBD,PRD-0059,12,12,0
2026-02-28,WH-ABJ,PRD-0059,48,48,0
2026-02-28,WH-PHC,PRD-0059,22,22,0
2026-02-28,WH-LAG1,PRD-0060,83,83,0
2026-02-28,WH-LAG2,PRD-0060,70,70,0
2026-02-28,WH-IBD,PRD-0060,83,83,0
2026-02-28,WH-ABJ,PRD-0060,73,73,0
2026-02-28,WH-PHC,PRD-0060,102,102,0
2026-02-28,WH-LAG1,PRD-0061,138,138,0
2026-02-28,WH-LAG2,PRD-0061,93,93,0
2026-02-28,WH-IBD,PRD-0061,135,135,0
2026-02-28,WH-ABJ,PRD-0061,167,167,0
2026-02-28,WH-PHC,PRD-0061,93,93,0
2026-02-28,WH-LAG1,PRD-0062,110,110,0
2026-02-28,WH-LAG2,PRD-0062,34,34,0
2026-02-28,WH-IBD,PRD-0062,75,75,0
2026-02-28,WH-ABJ,PRD-0062,43,43,0
2026-02-28,WH-PHC,PRD-0062,51,51,0
2026-02-28,WH-LAG1,PRD-0063,86,86,0
2026-02-28,WH-LAG2,PRD-0063,28,28,0
2026-02-28,WH-IBD,PRD-0063,68,68,0
2026-02-28,WH-ABJ,PRD-0063,0,0,0
2026-02-28,WH-PHC,PRD-0063,81,81,0
2026-02-28,WH-LAG1,PRD-0064,140,140,0
2026-02-28,WH-LAG2,PRD-0064,28,29,1
2026-02-28,WH-IBD,PRD-0064,48,46,-2
2026-02-28,WH-ABJ,PRD-0064,141,141,0
2026-02-28,WH-PHC,PRD-0064,169,169,0
2026-02-28,WH-LAG1,PRD-0065,97,97,0
2026-02-28,WH-LAG2,PRD-0065,39,39,0
2026-02-28,WH-IBD,PRD-0065,56,56,0
2026-02-28,WH-ABJ,PRD-0065,103,104,1
2026-02-28,WH-PHC,PRD-0065,96,96,0
2026-02-28,WH-LAG1,PRD-0066,6,6,0
2026-02-28,WH-LAG2,PRD-0066,1,1,0
2026-02-28,WH-IBD,PRD-0066,10,10,0
2026-02-28,WH-ABJ,PRD-0066,8,8,0
2026-02-28,WH-PHC,PRD-0066,11,11,0
2026-02-28,WH-LAG1,PRD-0067,69,69,0
2026-02-28,WH-LAG2,PRD-0067,84,84,0
2026-02-28,WH-IBD,PRD-0067,61,62,1
2026-02-28,WH-ABJ,PRD-0067,69,69,0
2026-02-28,WH-PHC,PRD-0067,54,54,0
2026-02-28,WH-LAG1,PRD-0068,105,105,0
2026-02-28,WH-LAG2,PRD-0068,47,47,0
2026-02-28,WH-IBD,PRD-0068,105,105,0
2026-02-28,WH-ABJ,PRD-0068,84,84,0
2026-02-28,WH-PHC,PRD-0068,83,83,0
2026-02-28,WH-LAG1,PRD-0069,36,35,-1
2026-02-28,WH-LAG2,PRD-0069,9,9,0
2026-02-28,WH-IBD,PRD-0069,5,4,-1
2026-02-28,WH-ABJ,PRD-0069,6,6,0
2026-02-28,WH-PHC,PRD-0069,23,22,-1
2026-02-28,WH-LAG1,PRD-0070,81,81,0
2026-02-28,WH-LAG2,PRD-0070,8,8,0
2026-02-28,WH-IBD,PRD-0070,54,54,0
2026-02-28,WH-ABJ,PRD-0070,44,44,0
2026-02-28,WH-PHC,PRD-0070,35,35,0
2026-02-28,WH-LAG1,PRD-0071,17,17,0
2026-02-28,WH-LAG2,PRD-0071,16,16,0
2026-02-28,WH-IBD,PRD-0071,11,11,0
2026-02-28,WH-ABJ,PRD-0071,16,16,0
2026-02-28,WH-PHC,PRD-0071,11,11,0
2026-02-28,WH-LAG1,PRD-0072,46,46,0
2026-02-28,WH-LAG2,PRD-0072,25,25,0
2026-02-28,WH-IBD,PRD-0072,42,42,0
2026-02-28,WH-ABJ,PRD-0072,19,19,0
2026-02-28,WH-PHC,PRD-0072,48,48,0
2026-02-28,WH-LAG1,PRD-0073,30,30,0
2026-02-28,WH-LAG2,PRD-0073,8,8,0
2026-02-28,WH-IBD,PRD-0073,3,2,-1
2026-02-28,WH-ABJ,PRD-0073,2,2,0
2026-02-28,WH-PHC,PRD-0073,0,0,0
2026-02-28,WH-LAG1,PRD-0074,151,151,0
2026-02-28,WH-LAG2,PRD-0074,55,55,0
2026-02-28,WH-IBD,PRD-0074,44,44,0
2026-02-28,WH-ABJ,PRD-0074,64,64,0
2026-02-28,WH-PHC,PRD-0074,36,36,0
2026-02-28,WH-LAG1,PRD-0075,51,51,0
2026-02-28,WH-LAG2,PRD-0075,14,14,0
2026-02-28,WH-IBD,PRD-0075,21,21,0
2026-02-28,WH-ABJ,PRD-0075,30,30,0
2026-02-28,WH-PHC,PRD-0075,31,31,0
2026-02-28,WH-LAG1,PRD-0076,177,184,7
2026-02-28,WH-LAG2,PRD-0076,73,72,-1
2026-02-28,WH-IBD,PRD-0076,85,87,2
2026-02-28,WH-ABJ,PRD-0076,75,75,0
2026-02-28,WH-PHC,PRD-0076,14,14,0
2026-02-28,WH-LAG1,PRD-0077,506,506,0
2026-02-28,WH-LAG2,PRD-0077,300,300,0
2026-02-28,WH-IBD,PRD-0077,146,146,0
2026-02-28,WH-ABJ,PRD-0077,357,357,0
2026-02-28,WH-PHC,PRD-0077,196,196,0
2026-02-28,WH-LAG1,PRD-0078,111,111,0
2026-02-28,WH-LAG2,PRD-0078,43,43,0
2026-02-28,WH-IBD,PRD-0078,105,105,0
2026-02-28,WH-ABJ,PRD-0078,53,52,-1
2026-02-28,WH-PHC,PRD-0078,55,55,0
2026-02-28,WH-LAG1,PRD-0079,141,141,0
2026-02-28,WH-LAG2,PRD-0079,80,80,0
2026-02-28,WH-IBD,PRD-0079,50,50,0
2026-02-28,WH-ABJ,PRD-0079,71,71,0
2026-02-28,WH-PHC,PRD-0079,78,78,0
2026-02-28,WH-LAG1,PRD-0080,139,139,0
2026-02-28,WH-LAG2,PRD-0080,48,48,0
2026-02-28,WH-IBD,PRD-0080,51,51,0
2026-02-28,WH-ABJ,PRD-0080,36,36,0
2026-02-28,WH-PHC,PRD-0080,12,12,0
2026-02-28,WH-LAG1,PRD-0081,203,203,0
2026-02-28,WH-LAG2,PRD-0081,65,65,0
2026-02-28,WH-IBD,PRD-0081,75,75,0
2026-02-28,WH-ABJ,PRD-0081,86,86,0
2026-02-28,WH-PHC,PRD-0081,72,72,0
2026-02-28,WH-LAG1,PRD-0082,47,47,0
2026-02-28,WH-LAG2,PRD-0082,47,47,0
2026-02-28,WH-IBD,PRD-0082,24,24,0
2026-02-28,WH-ABJ,PRD-0082,119,119,0
2026-02-28,WH-PHC,PRD-0082,53,53,0
2026-02-28,WH-LAG1,PRD-0083,227,227,0
2026-02-28,WH-LAG2,PRD-0083,71,71,0
2026-02-28,WH-IBD,PRD-0083,133,133,0
2026-02-28,WH-ABJ,PRD-0083,102,102,0
2026-02-28,WH-PHC,PRD-0083,22,22,0
2026-02-28,WH-LAG1,PRD-0084,208,208,0
2026-02-28,WH-LAG2,PRD-0084,83,83,0
2026-02-28,WH-IBD,PRD-0084,103,103,0
2026-02-28,WH-ABJ,PRD-0084,117,117,0
2026-02-28,WH-PHC,PRD-0084,73,73,0
2026-02-28,WH-LAG1,PRD-0085,150,150,0
2026-02-28,WH-LAG2,PRD-0085,27,27,0
2026-02-28,WH-IBD,PRD-0085,58,58,0
2026-02-28,WH-ABJ,PRD-0085,49,49,0
2026-02-28,WH-PHC,PRD-0085,85,85,0
2026-02-28,WH-LAG1,PRD-0086,147,147,0
2026-02-28,WH-LAG2,PRD-0086,208,208,0
2026-02-28,WH-IBD,PRD-0086,89,89,0
2026-02-28,WH-ABJ,PRD-0086,240,240,0
2026-02-28,WH-PHC,PRD-0086,66,66,0
2026-02-28,WH-LAG1,PRD-0087,16,17,1
2026-02-28,WH-LAG2,PRD-0087,26,26,0
2026-02-28,WH-IBD,PRD-0087,6,6,0
2026-02-28,WH-ABJ,PRD-0087,16,16,0
2026-02-28,WH-PHC,PRD-0087,8,8,0
2026-02-28,WH-LAG1,PRD-0088,30,29,-1
2026-02-28,WH-LAG2,PRD-0088,57,57,0
2026-02-28,WH-IBD,PRD-0088,17,17,0
2026-02-28,WH-ABJ,PRD-0088,6,6,0
2026-02-28,WH-PHC,PRD-0088,0,0,0
2026-02-28,WH-LAG1,PRD-0089,40,40,0
2026-02-28,WH-LAG2,PRD-0089,57,57,0
2026-02-28,WH-IBD,PRD-0089,12,12,0
2026-02-28,WH-ABJ,PRD-0089,51,51,0
2026-02-28,WH-PHC,PRD-0089,35,35,0
2026-02-28,WH-LAG1,PRD-0090,751,751,0
2026-02-28,WH-LAG2,PRD-0090,595,595,0
2026-02-28,WH-IBD,PRD-0090,800,800,0
2026-02-28,WH-ABJ,PRD-0090,397,397,0
2026-02-28,WH-PHC,PRD-0090,1034,1034,0
2026-02-28,WH-LAG1,PRD-0091,117,121,4
2026-02-28,WH-LAG2,PRD-0091,330,326,-4
2026-02-28,WH-IBD,PRD-0091,46,46,0
2026-02-28,WH-ABJ,PRD-0091,131,131,0
2026-02-28,WH-PHC,PRD-0091,100,100,0
2026-02-28,WH-LAG1,PRD-0092,75,75,0
2026-02-28,WH-LAG2,PRD-0092,51,51,0
2026-02-28,WH-IBD,PRD-0092,39,39,0
2026-02-28,WH-ABJ,PRD-0092,40,40,0
2026-02-28,WH-PHC,PRD-0092,36,36,0
2026-02-28,WH-LAG1,PRD-0093,265,265,0
2026-02-28,WH-LAG2,PRD-0093,483,483,0
2026-02-28,WH-IBD,PRD-0093,75,75,0
2026-02-28,WH-ABJ,PRD-0093,71,71,0
2026-02-28,WH-PHC,PRD-0093,61,61,0
2026-02-28,WH-LAG1,PRD-0094,36,36,0
2026-02-28,WH-LAG2,PRD-0094,64,64,0
2026-02-28,WH-IBD,PRD-0094,18,18,0
2026-02-28,WH-ABJ,PRD-0094,39,39,0
2026-02-28,WH-PHC,PRD-0094,21,21,0
2026-02-28,WH-LAG1,PRD-0095,25,25,0
2026-02-28,WH-LAG2,PRD-0095,67,67,0
2026-02-28,WH-IBD,PRD-0095,11,10,-1
2026-02-28,WH-ABJ,PRD-0095,27,26,-1
2026-02-28,WH-PHC,PRD-0095,10,9,-1
2026-02-28,WH-LAG1,PRD-0096,12,12,0
2026-02-28,WH-LAG2,PRD-0096,51,51,0
2026-02-28,WH-IBD,PRD-0096,6,7,1
2026-02-28,WH-ABJ,PRD-0096,11,11,0
2026-02-28,WH-PHC,PRD-0096,5,5,0
2026-02-28,WH-LAG1,PRD-0097,34,34,0
2026-02-28,WH-LAG2,PRD-0097,58,58,0
2026-02-28,WH-IBD,PRD-0097,16,16,0
2026-02-28,WH-ABJ,PRD-0097,27,27,0
2026-02-28,WH-PHC,PRD-0097,13,13,0
2026-02-28,WH-LAG1,PRD-0098,297,297,0
2026-02-28,WH-LAG2,PRD-0098,783,783,0
2026-02-28,WH-IBD,PRD-0098,39,39,0
2026-02-28,WH-ABJ,PRD-0098,318,318,0
2026-02-28,WH-PHC,PRD-0098,188,188,0
2026-02-28,WH-LAG1,PRD-0099,45,45,0
2026-02-28,WH-LAG2,PRD-0099,74,74,0
2026-02-28,WH-IBD,PRD-0099,16,16,0
2026-02-28,WH-ABJ,PRD-0099,15,15,0
2026-02-28,WH-PHC,PRD-0099,28,28,0
2026-02-28,WH-LAG1,PRD-0100,375,375,0
2026-02-28,WH-LAG2,PRD-0100,1095,1095,0
2026-02-28,WH-IBD,PRD-0100,153,153,0
2026-02-28,WH-ABJ,PRD-0100,456,463,7
2026-02-28,WH-PHC,PRD-0100,137,137,0
2026-02-28,WH-LAG1,PRD-0101,22,22,0
2026-02-28,WH-LAG2,PRD-0101,93,93,0
2026-02-28,WH-IBD,PRD-0101,8,9,1
2026-02-28,WH-ABJ,PRD-0101,36,37,1
2026-02-28,WH-PHC,PRD-0101,26,26,0
2026-02-28,WH-LAG1,PRD-0102,33,33,0
2026-02-28,WH-LAG2,PRD-0102,330,330,0
2026-02-28,WH-IBD,PRD-0102,45,45,0
2026-02-28,WH-ABJ,PRD-0102,67,67,0
2026-02-28,WH-PHC,PRD-0102,13,13,0
2026-02-28,WH-LAG1,PRD-0103,149,155,6
2026-02-28,WH-LAG2,PRD-0103,273,273,0
2026-02-28,WH-IBD,PRD-0103,41,41,0
2026-02-28,WH-ABJ,PRD-0103,119,119,0
2026-02-28,WH-PHC,PRD-0103,39,39,0
2026-02-28,WH-LAG1,PRD-0104,15,15,0
2026-02-28,WH-LAG2,PRD-0104,87,87,0
2026-02-28,WH-IBD,PRD-0104,28,28,0
2026-02-28,WH-ABJ,PRD-0104,40,40,0
2026-02-28,WH-PHC,PRD-0104,14,14,0
2026-02-28,WH-LAG1,PRD-0105,57,57,0
2026-02-28,WH-LAG2,PRD-0105,108,108,0
2026-02-28,WH-IBD,PRD-0105,30,30,0
2026-02-28,WH-ABJ,PRD-0105,22,22,0
2026-02-28,WH-PHC,PRD-0105,26,26,0
2026-02-28,WH-LAG1,PRD-0106,43,43,0
2026-02-28,WH-LAG2,PRD-0106,60,60,0
2026-02-28,WH-IBD,PRD-0106,7,7,0
2026-02-28,WH-ABJ,PRD-0106,17,17,0
2026-02-28,WH-PHC,PRD-0106,23,23,0
2026-02-28,WH-LAG1,PRD-0107,27,27,0
2026-02-28,WH-LAG2,PRD-0107,48,48,0
2026-02-28,WH-IBD,PRD-0107,16,16,0
2026-02-28,WH-ABJ,PRD-0107,27,27,0
2026-02-28,WH-PHC,PRD-0107,32,31,-1
2026-02-28,WH-LAG1,PRD-0108,178,181,3
2026-02-28,WH-LAG2,PRD-0108,712,712,0
2026-02-28,WH-IBD,PRD-0108,26,26,0
2026-02-28,WH-ABJ,PRD-0108,211,211,0
2026-02-28,WH-PHC,PRD-0108,85,85,0
2026-02-28,WH-LAG1,PRD-0109,71,71,0
2026-02-28,WH-LAG2,PRD-0109,67,67,0
2026-02-28,WH-IBD,PRD-0109,99,99,0
2026-02-28,WH-ABJ,PRD-0109,82,82,0
2026-02-28,WH-PHC,PRD-0109,52,52,0
2026-02-28,WH-LAG1,PRD-0110,3,3,0
2026-02-28,WH-LAG2,PRD-0110,20,20,0
2026-02-28,WH-IBD,PRD-0110,20,20,0
2026-02-28,WH-ABJ,PRD-0110,28,28,0
2026-02-28,WH-PHC,PRD-0110,23,23,0
2026-02-28,WH-LAG1,PRD-0111,210,210,0
2026-02-28,WH-LAG2,PRD-0111,110,110,0
2026-02-28,WH-IBD,PRD-0111,29,29,0
2026-02-28,WH-ABJ,PRD-0111,38,38,0
2026-02-28,WH-PHC,PRD-0111,109,109,0
2026-02-28,WH-LAG1,PRD-0112,42,42,0
2026-02-28,WH-LAG2,PRD-0112,26,26,0
2026-02-28,WH-IBD,PRD-0112,6,6,0
2026-02-28,WH-ABJ,PRD-0112,8,8,0
2026-02-28,WH-PHC,PRD-0112,15,15,0
2026-02-28,WH-LAG1,PRD-0113,53,53,0
2026-02-28,WH-LAG2,PRD-0113,24,24,0
2026-02-28,WH-IBD,PRD-0113,81,81,0
2026-02-28,WH-ABJ,PRD-0113,32,32,0
2026-02-28,WH-PHC,PRD-0113,69,69,0
2026-02-28,WH-LAG1,PRD-0114,19,19,0
2026-02-28,WH-LAG2,PRD-0114,20,20,0
2026-02-28,WH-IBD,PRD-0114,13,13,0
2026-02-28,WH-ABJ,PRD-0114,27,27,0
2026-02-28,WH-PHC,PRD-0114,22,22,0
2026-02-28,WH-LAG1,PRD-0115,93,93,0
2026-02-28,WH-LAG2,PRD-0115,34,34,0
2026-02-28,WH-IBD,PRD-0115,78,78,0
2026-02-28,WH-ABJ,PRD-0115,35,35,0
2026-02-28,WH-PHC,PRD-0115,66,66,0
2026-02-28,WH-LAG1,PRD-0116,27,27,0
2026-02-28,WH-LAG2,PRD-0116,30,30,0
2026-02-28,WH-IBD,PRD-0116,42,42,0
2026-02-28,WH-ABJ,PRD-0116,61,61,0
2026-02-28,WH-PHC,PRD-0116,0,0,0
2026-02-28,WH-LAG1,PRD-0117,82,82,0
2026-02-28,WH-LAG2,PRD-0117,19,19,0
2026-02-28,WH-IBD,PRD-0117,41,41,0
2026-02-28,WH-ABJ,PRD-0117,39,39,0
2026-02-28,WH-PHC,PRD-0117,75,75,0
2026-02-28,WH-LAG1,PRD-0118,349,339,-10
2026-02-28,WH-LAG2,PRD-0118,138,138,0
2026-02-28,WH-IBD,PRD-0118,150,150,0
2026-02-28,WH-ABJ,PRD-0118,82,82,0
2026-02-28,WH-PHC,PRD-0118,160,160,0
2026-02-28,WH-LAG1,PRD-0119,37,37,0
2026-02-28,WH-LAG2,PRD-0119,5,5,0
2026-02-28,WH-IBD,PRD-0119,3,3,0
2026-02-28,WH-ABJ,PRD-0119,10,10,0
2026-02-28,WH-PHC,PRD-0119,15,14,-1
2026-02-28,WH-LAG1,PRD-0120,195,195,0
2026-02-28,WH-LAG2,PRD-0120,103,103,0
2026-02-28,WH-IBD,PRD-0120,93,93,0
2026-02-28,WH-ABJ,PRD-0120,196,196,0
2026-02-28,WH-PHC,PRD-0120,44,44,0
2026-02-28,WH-LAG1,PRD-0121,199,199,0
2026-02-28,WH-LAG2,PRD-0121,102,105,3
2026-02-28,WH-IBD,PRD-0121,119,119,0
2026-02-28,WH-ABJ,PRD-0121,172,172,0
2026-02-28,WH-PHC,PRD-0121,80,80,0
2026-02-28,WH-LAG1,PRD-0122,258,258,0
2026-02-28,WH-LAG2,PRD-0122,37,37,0
2026-02-28,WH-IBD,PRD-0122,68,68,0
2026-02-28,WH-ABJ,PRD-0122,54,54,0
2026-02-28,WH-PHC,PRD-0122,57,57,0
2026-02-28,WH-LAG1,PRD-0123,71,71,0
2026-02-28,WH-LAG2,PRD-0123,61,60,-1
2026-02-28,WH-IBD,PRD-0123,50,49,-1
2026-02-28,WH-ABJ,PRD-0123,69,69,0
2026-02-28,WH-PHC,PRD-0123,40,40,0
2026-02-28,WH-LAG1,PRD-0124,68,66,-2
2026-02-28,WH-LAG2,PRD-0124,64,64,0
2026-02-28,WH-IBD,PRD-0124,22,22,0
2026-02-28,WH-ABJ,PRD-0124,34,33,-1
2026-02-28,WH-PHC,PRD-0124,32,32,0
2026-02-28,WH-LAG1,PRD-0125,338,338,0
2026-02-28,WH-LAG2,PRD-0125,72,72,0
2026-02-28,WH-IBD,PRD-0125,396,396,0
2026-02-28,WH-ABJ,PRD-0125,118,118,0
2026-02-28,WH-PHC,PRD-0125,292,287,-5
2026-02-28,WH-LAG1,PRD-0126,89,89,0
2026-02-28,WH-LAG2,PRD-0126,20,20,0
2026-02-28,WH-IBD,PRD-0126,60,60,0
2026-02-28,WH-ABJ,PRD-0126,37,37,0
2026-02-28,WH-PHC,PRD-0126,64,64,0
2026-02-28,WH-LAG1,PRD-0127,57,57,0
2026-02-28,WH-LAG2,PRD-0127,16,16,0
2026-02-28,WH-IBD,PRD-0127,40,40,0
2026-02-28,WH-ABJ,PRD-0127,32,32,0
2026-02-28,WH-PHC,PRD-0127,35,35,0
2026-02-28,WH-LAG1,PRD-0128,99,99,0
2026-02-28,WH-LAG2,PRD-0128,65,65,0
2026-02-28,WH-IBD,PRD-0128,46,46,0
2026-02-28,WH-ABJ,PRD-0128,84,84,0
2026-02-28,WH-PHC,PRD-0128,77,77,0
2026-02-28,WH-LAG1,PRD-0129,29,29,0
2026-02-28,WH-LAG2,PRD-0129,14,14,0
2026-02-28,WH-IBD,PRD-0129,10,10,0
2026-02-28,WH-ABJ,PRD-0129,22,22,0
2026-02-28,WH-PHC,PRD-0129,9,9,0
2026-02-28,WH-LAG1,PRD-0130,29,29,0
2026-02-28,WH-LAG2,PRD-0130,40,40,0
2026-02-28,WH-IBD,PRD-0130,40,40,0
2026-02-28,WH-ABJ,PRD-0130,34,34,0
2026-02-28,WH-PHC,PRD-0130,45,45,0
2026-02-28,WH-LAG1,PRD-0131,122,122,0
2026-02-28,WH-LAG2,PRD-0131,66,66,0
2026-02-28,WH-IBD,PRD-0131,56,56,0
2026-02-28,WH-ABJ,PRD-0131,152,152,0
2026-02-28,WH-PHC,PRD-0131,89,89,0
2026-02-28,WH-LAG1,PRD-0132,10,10,0
2026-02-28,WH-LAG2,PRD-0132,11,11,0
2026-02-28,WH-IBD,PRD-0132,19,19,0
2026-02-28,WH-ABJ,PRD-0132,74,74,0
2026-02-28,WH-PHC,PRD-0132,20,20,0
2026-02-28,WH-LAG1,PRD-0133,41,41,0
2026-02-28,WH-LAG2,PRD-0133,17,17,0
2026-02-28,WH-IBD,PRD-0133,6,6,0
2026-02-28,WH-ABJ,PRD-0133,43,42,-1
2026-02-28,WH-PHC,PRD-0133,47,46,-1
2026-02-28,WH-LAG1,PRD-0134,69,69,0
2026-02-28,WH-LAG2,PRD-0134,10,10,0
2026-02-28,WH-IBD,PRD-0134,14,14,0
2026-02-28,WH-ABJ,PRD-0134,27,27,0
2026-02-28,WH-PHC,PRD-0134,50,50,0
2026-02-28,WH-LAG1,PRD-0135,111,111,0
2026-02-28,WH-LAG2,PRD-0135,89,89,0
2026-02-28,WH-IBD,PRD-0135,130,130,0
2026-02-28,WH-ABJ,PRD-0135,125,120,-5
2026-02-28,WH-PHC,PRD-0135,4,4,0
2026-02-28,WH-LAG1,PRD-0136,27,26,-1
2026-02-28,WH-LAG2,PRD-0136,32,32,0
2026-02-28,WH-IBD,PRD-0136,39,39,0
2026-02-28,WH-ABJ,PRD-0136,41,41,0
2026-02-28,WH-PHC,PRD-0136,34,34,0
2026-02-28,WH-LAG1,PRD-0137,81,81,0
2026-02-28,WH-LAG2,PRD-0137,55,55,0
2026-02-28,WH-IBD,PRD-0137,68,68,0
2026-02-28,WH-ABJ,PRD-0137,31,31,0
2026-02-28,WH-PHC,PRD-0137,39,39,0
2026-02-28,WH-LAG1,PRD-0138,143,143,0
2026-02-28,WH-LAG2,PRD-0138,37,37,0
2026-02-28,WH-IBD,PRD-0138,29,29,0
2026-02-28,WH-ABJ,PRD-0138,61,61,0
2026-02-28,WH-PHC,PRD-0138,49,49,0
2026-02-28,WH-LAG1,PRD-0139,126,126,0
2026-02-28,WH-LAG2,PRD-0139,40,40,0
2026-02-28,WH-IBD,PRD-0139,81,81,0
2026-02-28,WH-ABJ,PRD-0139,28,28,0
2026-02-28,WH-PHC,PRD-0139,25,24,-1
2026-02-28,WH-LAG1,PRD-0140,53,53,0
2026-02-28,WH-LAG2,PRD-0140,27,28,1
2026-02-28,WH-IBD,PRD-0140,15,15,0
2026-02-28,WH-ABJ,PRD-0140,17,17,0
2026-02-28,WH-PHC,PRD-0140,27,27,0
2026-02-28,WH-LAG1,PRD-0141,26,26,0
2026-02-28,WH-LAG2,PRD-0141,39,39,0
2026-02-28,WH-IBD,PRD-0141,6,6,0
2026-02-28,WH-ABJ,PRD-0141,32,32,0
2026-02-28,WH-PHC,PRD-0141,22,22,0
2026-02-28,WH-LAG1,PRD-0142,137,137,0
2026-02-28,WH-LAG2,PRD-0142,91,91,0
2026-02-28,WH-IBD,PRD-0142,26,26,0
2026-02-28,WH-ABJ,PRD-0142,108,108,0
2026-02-28,WH-PHC,PRD-0142,171,171,0
2026-02-28,WH-LAG1,PRD-0143,51,51,0
2026-02-28,WH-LAG2,PRD-0143,33,33,0
2026-02-28,WH-IBD,PRD-0143,20,20,0
2026-02-28,WH-ABJ,PRD-0143,9,9,0
2026-02-28,WH-PHC,PRD-0143,36,36,0
2026-02-28,WH-LAG1,PRD-0144,159,159,0
2026-02-28,WH-LAG2,PRD-0144,48,48,0
2026-02-28,WH-IBD,PRD-0144,23,23,0
2026-02-28,WH-ABJ,PRD-0144,74,74,0
2026-02-28,WH-PHC,PRD-0144,59,59,0
2026-02-28,WH-LAG1,PRD-0145,236,236,0
2026-02-28,WH-LAG2,PRD-0145,63,63,0
2026-02-28,WH-IBD,PRD-0145,56,56,0
2026-02-28,WH-ABJ,PRD-0145,76,77,1
2026-02-28,WH-PHC,PRD-0145,56,56,0
2026-02-28,WH-LAG1,PRD-0146,40,40,0
2026-02-28,WH-LAG2,PRD-0146,50,50,0
2026-02-28,WH-IBD,PRD-0146,16,16,0
2026-02-28,WH-ABJ,PRD-0146,58,58,0
2026-02-28,WH-PHC,PRD-0146,47,47,0
2026-02-28,WH-LAG1,PRD-0147,0,0,0
2026-02-28,WH-LAG2,PRD-0147,32,32,0
2026-02-28,WH-IBD,PRD-0147,12,12,0
2026-02-28,WH-ABJ,PRD-0147,23,23,0
2026-02-28,WH-PHC,PRD-0147,31,31,0
2026-02-28,WH-LAG1,PRD-0148,9,9,0
2026-02-28,WH-LAG2,PRD-0148,15,15,0
2026-02-28,WH-IBD,PRD-0148,28,28,0
2026-02-28,WH-ABJ,PRD-0148,30,30,0
2026-02-28,WH-PHC,PRD-0148,20,20,0
2026-02-28,WH-LAG1,PRD-0149,24,24,0
2026-02-28,WH-LAG2,PRD-0149,15,15,0
2026-02-28,WH-IBD,PRD-0149,23,23,0
2026-02-28,WH-ABJ,PRD-0149,19,19,0
2026-02-28,WH-PHC,PRD-0149,13,13,0
2026-02-28,WH-LAG1,PRD-0150,63,63,0
2026-02-28,WH-LAG2,PRD-0150,54,54,0
2026-02-28,WH-IBD,PRD-0150,13,13,0
2026-02-28,WH-ABJ,PRD-0150,68,68,0
2026-02-28,WH-PHC,PRD-0150,64,64,0
2026-02-28,WH-LAG1,PRD-0151,1306,1306,0
2026-02-28,WH-LAG2,PRD-0151,203,203,0
2026-02-28,WH-IBD,PRD-0151,621,608,-13
2026-02-28,WH-ABJ,PRD-0151,469,469,0
2026-02-28,WH-PHC,PRD-0151,274,274,0
2026-02-28,WH-LAG1,PRD-0152,69,69,0
2026-02-28,WH-LAG2,PRD-0152,20,20,0
2026-02-28,WH-IBD,PRD-0152,36,36,0
2026-02-28,WH-ABJ,PRD-0152,42,42,0
2026-02-28,WH-PHC,PRD-0152,12,12,0
2026-02-28,WH-LAG1,PRD-0153,184,184,0
2026-02-28,WH-LAG2,PRD-0153,187,187,0
2026-02-28,WH-IBD,PRD-0153,198,198,0
2026-02-28,WH-ABJ,PRD-0153,119,119,0
2026-02-28,WH-PHC,PRD-0153,169,169,0
2026-02-28,WH-LAG1,PRD-0154,122,122,0
2026-02-28,WH-LAG2,PRD-0154,26,26,0
2026-02-28,WH-IBD,PRD-0154,46,46,0
2026-02-28,WH-ABJ,PRD-0154,35,35,0
2026-02-28,WH-PHC,PRD-0154,5,5,0
2026-02-28,WH-LAG1,PRD-0155,98,98,0
2026-02-28,WH-LAG2,PRD-0155,40,40,0
2026-02-28,WH-IBD,PRD-0155,43,43,0
2026-02-28,WH-ABJ,PRD-0155,51,51,0
2026-02-28,WH-PHC,PRD-0155,41,41,0
2026-02-28,WH-LAG1,PRD-0156,202,202,0
2026-02-28,WH-LAG2,PRD-0156,180,180,0
2026-02-28,WH-IBD,PRD-0156,118,118,0
2026-02-28,WH-ABJ,PRD-0156,292,292,0
2026-02-28,WH-PHC,PRD-0156,62,62,0
2026-02-28,WH-LAG1,PRD-0157,45,45,0
2026-02-28,WH-LAG2,PRD-0157,31,31,0
2026-02-28,WH-IBD,PRD-0157,40,40,0
2026-02-28,WH-ABJ,PRD-0157,39,39,0
2026-02-28,WH-PHC,PRD-0157,41,41,0
2026-02-28,WH-LAG1,PRD-0158,30,30,0
2026-02-28,WH-LAG2,PRD-0158,37,37,0
2026-02-28,WH-IBD,PRD-0158,21,21,0
2026-02-28,WH-ABJ,PRD-0158,24,24,0
2026-02-28,WH-PHC,PRD-0158,26,26,0
2026-02-28,WH-LAG1,PRD-0159,55,55,0
2026-02-28,WH-LAG2,PRD-0159,16,16,0
2026-02-28,WH-IBD,PRD-0159,45,45,0
2026-02-28,WH-ABJ,PRD-0159,64,65,1
2026-02-28,WH-PHC,PRD-0159,49,49,0
2026-02-28,WH-LAG1,PRD-0160,312,312,0
2026-02-28,WH-LAG2,PRD-0160,114,114,0
2026-02-28,WH-IBD,PRD-0160,59,59,0
2026-02-28,WH-ABJ,PRD-0160,290,290,0
2026-02-28,WH-PHC,PRD-0160,80,80,0
2026-02-28,WH-LAG1,PRD-0161,557,557,0
2026-02-28,WH-LAG2,PRD-0161,146,146,0
2026-02-28,WH-IBD,PRD-0161,408,408,0
2026-02-28,WH-ABJ,PRD-0161,109,109,0
2026-02-28,WH-PHC,PRD-0161,294,294,0
2026-02-28,WH-LAG1,PRD-0162,76,76,0
2026-02-28,WH-LAG2,PRD-0162,36,36,0
2026-02-28,WH-IBD,PRD-0162,46,46,0
2026-02-28,WH-ABJ,PRD-0162,37,37,0
2026-02-28,WH-PHC,PRD-0162,32,32,0
2026-02-28,WH-LAG1,PRD-0163,138,138,0
2026-02-28,WH-LAG2,PRD-0163,16,16,0
2026-02-28,WH-IBD,PRD-0163,0,0,0
2026-02-28,WH-ABJ,PRD-0163,68,68,0
2026-02-28,WH-PHC,PRD-0163,14,14,0
2026-02-28,WH-LAG1,PRD-0164,51,51,0
2026-02-28,WH-LAG2,PRD-0164,32,32,0
2026-02-28,WH-IBD,PRD-0164,47,47,0
2026-02-28,WH-ABJ,PRD-0164,12,12,0
2026-02-28,WH-PHC,PRD-0164,54,54,0
2026-02-28,WH-LAG1,PRD-0165,237,234,-3
2026-02-28,WH-LAG2,PRD-0165,59,59,0
2026-02-28,WH-IBD,PRD-0165,42,42,0
2026-02-28,WH-ABJ,PRD-0165,43,43,0
2026-02-28,WH-PHC,PRD-0165,134,134,0
2026-02-28,WH-LAG1,PRD-0166,107,107,0
2026-02-28,WH-LAG2,PRD-0166,65,65,0
2026-02-28,WH-IBD,PRD-0166,81,82,1
2026-02-28,WH-ABJ,PRD-0166,157,164,7
2026-02-28,WH-PHC,PRD-0166,109,109,0
2026-02-28,WH-LAG1,PRD-0167,102,102,0
2026-02-28,WH-LAG2,PRD-0167,91,91,0
2026-02-28,WH-IBD,PRD-0167,66,66,0
2026-02-28,WH-ABJ,PRD-0167,79,79,0
2026-02-28,WH-PHC,PRD-0167,14,14,0
2026-02-28,WH-LAG1,PRD-0168,85,85,0
2026-02-28,WH-LAG2,PRD-0168,13,13,0
2026-02-28,WH-IBD,PRD-0168,6,6,0
2026-02-28,WH-ABJ,PRD-0168,19,19,0
2026-02-28,WH-PHC,PRD-0168,15,15,0
2026-02-28,WH-LAG1,PRD-0169,25,25,0
2026-02-28,WH-LAG2,PRD-0169,22,22,0
2026-02-28,WH-IBD,PRD-0169,53,53,0
2026-02-28,WH-ABJ,PRD-0169,74,76,2
2026-02-28,WH-PHC,PRD-0169,51,51,0
2026-02-28,WH-LAG1,PRD-0170,31,31,0
2026-02-28,WH-LAG2,PRD-0170,36,36,0
2026-02-28,WH-IBD,PRD-0170,62,62,0
2026-02-28,WH-ABJ,PRD-0170,98,98,0
2026-02-28,WH-PHC,PRD-0170,69,69,0
2026-03-31,WH-LAG1,PRD-0001,104,104,0
2026-03-31,WH-LAG2,PRD-0001,40,41,1
2026-03-31,WH-IBD,PRD-0001,49,49,0
2026-03-31,WH-ABJ,PRD-0001,22,22,0
2026-03-31,WH-PHC,PRD-0001,25,25,0
2026-03-31,WH-LAG1,PRD-0002,19,19,0
2026-03-31,WH-LAG2,PRD-0002,32,32,0
2026-03-31,WH-IBD,PRD-0002,22,22,0
2026-03-31,WH-ABJ,PRD-0002,31,31,0
2026-03-31,WH-PHC,PRD-0002,28,28,0
2026-03-31,WH-LAG1,PRD-0003,22,22,0
2026-03-31,WH-LAG2,PRD-0003,28,28,0
2026-03-31,WH-IBD,PRD-0003,18,17,-1
2026-03-31,WH-ABJ,PRD-0003,12,12,0
2026-03-31,WH-PHC,PRD-0003,20,20,0
2026-03-31,WH-LAG1,PRD-0004,331,331,0
2026-03-31,WH-LAG2,PRD-0004,95,95,0
2026-03-31,WH-IBD,PRD-0004,73,73,0
2026-03-31,WH-ABJ,PRD-0004,161,159,-2
2026-03-31,WH-PHC,PRD-0004,116,116,0
2026-03-31,WH-LAG1,PRD-0005,41,41,0
2026-03-31,WH-LAG2,PRD-0005,30,30,0
2026-03-31,WH-IBD,PRD-0005,26,26,0
2026-03-31,WH-ABJ,PRD-0005,41,41,0
2026-03-31,WH-PHC,PRD-0005,63,63,0
2026-03-31,WH-LAG1,PRD-0006,32,31,-1
2026-03-31,WH-LAG2,PRD-0006,28,27,-1
2026-03-31,WH-IBD,PRD-0006,10,10,0
2026-03-31,WH-ABJ,PRD-0006,0,0,0
2026-03-31,WH-PHC,PRD-0006,29,30,1
2026-03-31,WH-LAG1,PRD-0007,231,231,0
2026-03-31,WH-LAG2,PRD-0007,108,113,5
2026-03-31,WH-IBD,PRD-0007,58,58,0
2026-03-31,WH-ABJ,PRD-0007,119,119,0
2026-03-31,WH-PHC,PRD-0007,104,104,0
2026-03-31,WH-LAG1,PRD-0008,107,107,0
2026-03-31,WH-LAG2,PRD-0008,54,54,0
2026-03-31,WH-IBD,PRD-0008,27,27,0
2026-03-31,WH-ABJ,PRD-0008,4,4,0
2026-03-31,WH-PHC,PRD-0008,52,52,0
2026-03-31,WH-LAG1,PRD-0009,65,65,0
2026-03-31,WH-LAG2,PRD-0009,37,37,0
2026-03-31,WH-IBD,PRD-0009,9,9,0
2026-03-31,WH-ABJ,PRD-0009,19,19,0
2026-03-31,WH-PHC,PRD-0009,4,4,0
2026-03-31,WH-LAG1,PRD-0010,0,0,0
2026-03-31,WH-LAG2,PRD-0010,14,15,1
2026-03-31,WH-IBD,PRD-0010,13,13,0
2026-03-31,WH-ABJ,PRD-0010,33,33,0
2026-03-31,WH-PHC,PRD-0010,0,0,0
2026-03-31,WH-LAG1,PRD-0011,156,156,0
2026-03-31,WH-LAG2,PRD-0011,73,73,0
2026-03-31,WH-IBD,PRD-0011,34,33,-1
2026-03-31,WH-ABJ,PRD-0011,137,137,0
2026-03-31,WH-PHC,PRD-0011,75,75,0
2026-03-31,WH-LAG1,PRD-0012,49,49,0
2026-03-31,WH-LAG2,PRD-0012,39,39,0
2026-03-31,WH-IBD,PRD-0012,51,51,0
2026-03-31,WH-ABJ,PRD-0012,43,43,0
2026-03-31,WH-PHC,PRD-0012,51,51,0
2026-03-31,WH-LAG1,PRD-0013,36,36,0
2026-03-31,WH-LAG2,PRD-0013,13,13,0
2026-03-31,WH-IBD,PRD-0013,7,7,0
2026-03-31,WH-ABJ,PRD-0013,19,19,0
2026-03-31,WH-PHC,PRD-0013,3,3,0
2026-03-31,WH-LAG1,PRD-0014,7,7,0
2026-03-31,WH-LAG2,PRD-0014,8,8,0
2026-03-31,WH-IBD,PRD-0014,3,2,-1
2026-03-31,WH-ABJ,PRD-0014,16,16,0
2026-03-31,WH-PHC,PRD-0014,4,4,0
2026-03-31,WH-LAG1,PRD-0015,101,101,0
2026-03-31,WH-LAG2,PRD-0015,81,81,0
2026-03-31,WH-IBD,PRD-0015,32,32,0
2026-03-31,WH-ABJ,PRD-0015,28,28,0
2026-03-31,WH-PHC,PRD-0015,39,39,0
2026-03-31,WH-LAG1,PRD-0016,52,52,0
2026-03-31,WH-LAG2,PRD-0016,90,87,-3
2026-03-31,WH-IBD,PRD-0016,129,129,0
2026-03-31,WH-ABJ,PRD-0016,35,35,0
2026-03-31,WH-PHC,PRD-0016,64,64,0
2026-03-31,WH-LAG1,PRD-0017,90,90,0
2026-03-31,WH-LAG2,PRD-0017,39,39,0
2026-03-31,WH-IBD,PRD-0017,26,27,1
2026-03-31,WH-ABJ,PRD-0017,21,21,0
2026-03-31,WH-PHC,PRD-0017,36,36,0
2026-03-31,WH-LAG1,PRD-0018,192,192,0
2026-03-31,WH-LAG2,PRD-0018,95,95,0
2026-03-31,WH-IBD,PRD-0018,13,13,0
2026-03-31,WH-ABJ,PRD-0018,96,96,0
2026-03-31,WH-PHC,PRD-0018,115,120,5
2026-03-31,WH-LAG1,PRD-0019,97,97,0
2026-03-31,WH-LAG2,PRD-0019,100,100,0
2026-03-31,WH-IBD,PRD-0019,46,46,0
2026-03-31,WH-ABJ,PRD-0019,61,61,0
2026-03-31,WH-PHC,PRD-0019,29,29,0
2026-03-31,WH-LAG1,PRD-0020,170,170,0
2026-03-31,WH-LAG2,PRD-0020,84,84,0
2026-03-31,WH-IBD,PRD-0020,39,39,0
2026-03-31,WH-ABJ,PRD-0020,118,118,0
2026-03-31,WH-PHC,PRD-0020,49,49,0
2026-03-31,WH-LAG1,PRD-0021,8,9,1
2026-03-31,WH-LAG2,PRD-0021,43,44,1
2026-03-31,WH-IBD,PRD-0021,39,39,0
2026-03-31,WH-ABJ,PRD-0021,24,24,0
2026-03-31,WH-PHC,PRD-0021,34,34,0
2026-03-31,WH-LAG1,PRD-0022,38,38,0
2026-03-31,WH-LAG2,PRD-0022,16,16,0
2026-03-31,WH-IBD,PRD-0022,25,25,0
2026-03-31,WH-ABJ,PRD-0022,22,22,0
2026-03-31,WH-PHC,PRD-0022,27,26,-1
2026-03-31,WH-LAG1,PRD-0023,107,107,0
2026-03-31,WH-LAG2,PRD-0023,70,70,0
2026-03-31,WH-IBD,PRD-0023,41,41,0
2026-03-31,WH-ABJ,PRD-0023,59,59,0
2026-03-31,WH-PHC,PRD-0023,67,67,0
2026-03-31,WH-LAG1,PRD-0024,0,0,0
2026-03-31,WH-LAG2,PRD-0024,11,11,0
2026-03-31,WH-IBD,PRD-0024,32,32,0
2026-03-31,WH-ABJ,PRD-0024,41,41,0
2026-03-31,WH-PHC,PRD-0024,26,26,0
2026-03-31,WH-LAG1,PRD-0025,75,75,0
2026-03-31,WH-LAG2,PRD-0025,43,43,0
2026-03-31,WH-IBD,PRD-0025,21,21,0
2026-03-31,WH-ABJ,PRD-0025,38,38,0
2026-03-31,WH-PHC,PRD-0025,45,45,0
2026-03-31,WH-LAG1,PRD-0026,61,61,0
2026-03-31,WH-LAG2,PRD-0026,29,30,1
2026-03-31,WH-IBD,PRD-0026,36,36,0
2026-03-31,WH-ABJ,PRD-0026,43,42,-1
2026-03-31,WH-PHC,PRD-0026,51,51,0
2026-03-31,WH-LAG1,PRD-0027,18,18,0
2026-03-31,WH-LAG2,PRD-0027,24,24,0
2026-03-31,WH-IBD,PRD-0027,19,19,0
2026-03-31,WH-ABJ,PRD-0027,18,18,0
2026-03-31,WH-PHC,PRD-0027,8,8,0
2026-03-31,WH-LAG1,PRD-0028,94,94,0
2026-03-31,WH-LAG2,PRD-0028,54,54,0
2026-03-31,WH-IBD,PRD-0028,35,35,0
2026-03-31,WH-ABJ,PRD-0028,34,34,0
2026-03-31,WH-PHC,PRD-0028,6,6,0
2026-03-31,WH-LAG1,PRD-0029,38,38,0
2026-03-31,WH-LAG2,PRD-0029,18,19,1
2026-03-31,WH-IBD,PRD-0029,42,42,0
2026-03-31,WH-ABJ,PRD-0029,42,41,-1
2026-03-31,WH-PHC,PRD-0029,23,22,-1
2026-03-31,WH-LAG1,PRD-0030,14,14,0
2026-03-31,WH-LAG2,PRD-0030,8,7,-1
2026-03-31,WH-IBD,PRD-0030,23,24,1
2026-03-31,WH-ABJ,PRD-0030,23,23,0
2026-03-31,WH-PHC,PRD-0030,28,28,0
2026-03-31,WH-LAG1,PRD-0031,192,192,0
2026-03-31,WH-LAG2,PRD-0031,82,82,0
2026-03-31,WH-IBD,PRD-0031,59,59,0
2026-03-31,WH-ABJ,PRD-0031,112,112,0
2026-03-31,WH-PHC,PRD-0031,68,68,0
2026-03-31,WH-LAG1,PRD-0032,14,14,0
2026-03-31,WH-LAG2,PRD-0032,19,19,0
2026-03-31,WH-IBD,PRD-0032,31,31,0
2026-03-31,WH-ABJ,PRD-0032,7,8,1
2026-03-31,WH-PHC,PRD-0032,26,26,0
2026-03-31,WH-LAG1,PRD-0033,34,34,0
2026-03-31,WH-LAG2,PRD-0033,23,23,0
2026-03-31,WH-IBD,PRD-0033,35,35,0
2026-03-31,WH-ABJ,PRD-0033,84,84,0
2026-03-31,WH-PHC,PRD-0033,65,65,0
2026-03-31,WH-LAG1,PRD-0034,62,62,0
2026-03-31,WH-LAG2,PRD-0034,23,22,-1
2026-03-31,WH-IBD,PRD-0034,16,16,0
2026-03-31,WH-ABJ,PRD-0034,40,39,-1
2026-03-31,WH-PHC,PRD-0034,32,32,0
2026-03-31,WH-LAG1,PRD-0035,123,123,0
2026-03-31,WH-LAG2,PRD-0035,73,73,0
2026-03-31,WH-IBD,PRD-0035,40,40,0
2026-03-31,WH-ABJ,PRD-0035,29,29,0
2026-03-31,WH-PHC,PRD-0035,19,19,0
2026-03-31,WH-LAG1,PRD-0036,67,67,0
2026-03-31,WH-LAG2,PRD-0036,47,47,0
2026-03-31,WH-IBD,PRD-0036,38,38,0
2026-03-31,WH-ABJ,PRD-0036,15,16,1
2026-03-31,WH-PHC,PRD-0036,67,67,0
2026-03-31,WH-LAG1,PRD-0037,91,91,0
2026-03-31,WH-LAG2,PRD-0037,102,102,0
2026-03-31,WH-IBD,PRD-0037,27,27,0
2026-03-31,WH-ABJ,PRD-0037,107,107,0
2026-03-31,WH-PHC,PRD-0037,60,60,0
2026-03-31,WH-LAG1,PRD-0038,40,40,0
2026-03-31,WH-LAG2,PRD-0038,12,12,0
2026-03-31,WH-IBD,PRD-0038,6,6,0
2026-03-31,WH-ABJ,PRD-0038,26,26,0
2026-03-31,WH-PHC,PRD-0038,15,15,0
2026-03-31,WH-LAG1,PRD-0039,306,306,0
2026-03-31,WH-LAG2,PRD-0039,155,155,0
2026-03-31,WH-IBD,PRD-0039,167,167,0
2026-03-31,WH-ABJ,PRD-0039,159,159,0
2026-03-31,WH-PHC,PRD-0039,71,71,0
2026-03-31,WH-LAG1,PRD-0040,104,104,0
2026-03-31,WH-LAG2,PRD-0040,13,13,0
2026-03-31,WH-IBD,PRD-0040,56,56,0
2026-03-31,WH-ABJ,PRD-0040,55,55,0
2026-03-31,WH-PHC,PRD-0040,41,41,0
2026-03-31,WH-LAG1,PRD-0041,146,146,0
2026-03-31,WH-LAG2,PRD-0041,9,9,0
2026-03-31,WH-IBD,PRD-0041,51,51,0
2026-03-31,WH-ABJ,PRD-0041,47,47,0
2026-03-31,WH-PHC,PRD-0041,29,29,0
2026-03-31,WH-LAG1,PRD-0042,10,10,0
2026-03-31,WH-LAG2,PRD-0042,15,15,0
2026-03-31,WH-IBD,PRD-0042,21,22,1
2026-03-31,WH-ABJ,PRD-0042,7,7,0
2026-03-31,WH-PHC,PRD-0042,5,4,-1
2026-03-31,WH-LAG1,PRD-0043,66,64,-2
2026-03-31,WH-LAG2,PRD-0043,51,51,0
2026-03-31,WH-IBD,PRD-0043,51,51,0
2026-03-31,WH-ABJ,PRD-0043,48,48,0
2026-03-31,WH-PHC,PRD-0043,38,38,0
2026-03-31,WH-LAG1,PRD-0044,16,16,0
2026-03-31,WH-LAG2,PRD-0044,8,8,0
2026-03-31,WH-IBD,PRD-0044,8,8,0
2026-03-31,WH-ABJ,PRD-0044,13,13,0
2026-03-31,WH-PHC,PRD-0044,16,16,0
2026-03-31,WH-LAG1,PRD-0045,40,40,0
2026-03-31,WH-LAG2,PRD-0045,45,45,0
2026-03-31,WH-IBD,PRD-0045,32,32,0
2026-03-31,WH-ABJ,PRD-0045,37,37,0
2026-03-31,WH-PHC,PRD-0045,52,52,0
2026-03-31,WH-LAG1,PRD-0046,72,70,-2
2026-03-31,WH-LAG2,PRD-0046,67,65,-2
2026-03-31,WH-IBD,PRD-0046,54,54,0
2026-03-31,WH-ABJ,PRD-0046,40,40,0
2026-03-31,WH-PHC,PRD-0046,24,24,0
2026-03-31,WH-LAG1,PRD-0047,69,69,0
2026-03-31,WH-LAG2,PRD-0047,21,21,0
2026-03-31,WH-IBD,PRD-0047,66,66,0
2026-03-31,WH-ABJ,PRD-0047,44,45,1
2026-03-31,WH-PHC,PRD-0047,57,57,0
2026-03-31,WH-LAG1,PRD-0048,39,39,0
2026-03-31,WH-LAG2,PRD-0048,40,40,0
2026-03-31,WH-IBD,PRD-0048,22,22,0
2026-03-31,WH-ABJ,PRD-0048,68,68,0
2026-03-31,WH-PHC,PRD-0048,45,45,0
2026-03-31,WH-LAG1,PRD-0049,61,61,0
2026-03-31,WH-LAG2,PRD-0049,32,31,-1
2026-03-31,WH-IBD,PRD-0049,22,22,0
2026-03-31,WH-ABJ,PRD-0049,32,32,0
2026-03-31,WH-PHC,PRD-0049,47,47,0
2026-03-31,WH-LAG1,PRD-0050,30,30,0
2026-03-31,WH-LAG2,PRD-0050,36,36,0
2026-03-31,WH-IBD,PRD-0050,43,43,0
2026-03-31,WH-ABJ,PRD-0050,64,64,0
2026-03-31,WH-PHC,PRD-0050,14,14,0
2026-03-31,WH-LAG1,PRD-0051,245,245,0
2026-03-31,WH-LAG2,PRD-0051,93,93,0
2026-03-31,WH-IBD,PRD-0051,49,49,0
2026-03-31,WH-ABJ,PRD-0051,122,122,0
2026-03-31,WH-PHC,PRD-0051,88,86,-2
2026-03-31,WH-LAG1,PRD-0052,29,29,0
2026-03-31,WH-LAG2,PRD-0052,16,16,0
2026-03-31,WH-IBD,PRD-0052,18,18,0
2026-03-31,WH-ABJ,PRD-0052,3,3,0
2026-03-31,WH-PHC,PRD-0052,18,18,0
2026-03-31,WH-LAG1,PRD-0053,49,48,-1
2026-03-31,WH-LAG2,PRD-0053,19,19,0
2026-03-31,WH-IBD,PRD-0053,19,19,0
2026-03-31,WH-ABJ,PRD-0053,8,8,0
2026-03-31,WH-PHC,PRD-0053,19,19,0
2026-03-31,WH-LAG1,PRD-0054,53,53,0
2026-03-31,WH-LAG2,PRD-0054,50,50,0
2026-03-31,WH-IBD,PRD-0054,49,49,0
2026-03-31,WH-ABJ,PRD-0054,37,37,0
2026-03-31,WH-PHC,PRD-0054,8,8,0
2026-03-31,WH-LAG1,PRD-0055,52,52,0
2026-03-31,WH-LAG2,PRD-0055,27,27,0
2026-03-31,WH-IBD,PRD-0055,39,39,0
2026-03-31,WH-ABJ,PRD-0055,87,90,3
2026-03-31,WH-PHC,PRD-0055,11,11,0
2026-03-31,WH-LAG1,PRD-0056,69,69,0
2026-03-31,WH-LAG2,PRD-0056,9,9,0
2026-03-31,WH-IBD,PRD-0056,44,44,0
2026-03-31,WH-ABJ,PRD-0056,68,68,0
2026-03-31,WH-PHC,PRD-0056,0,0,0
2026-03-31,WH-LAG1,PRD-0057,121,121,0
2026-03-31,WH-LAG2,PRD-0057,10,10,0
2026-03-31,WH-IBD,PRD-0057,67,67,0
2026-03-31,WH-ABJ,PRD-0057,246,246,0
2026-03-31,WH-PHC,PRD-0057,38,38,0
2026-03-31,WH-LAG1,PRD-0058,91,93,2
2026-03-31,WH-LAG2,PRD-0058,33,33,0
2026-03-31,WH-IBD,PRD-0058,56,56,0
2026-03-31,WH-ABJ,PRD-0058,61,61,0
2026-03-31,WH-PHC,PRD-0058,47,47,0
2026-03-31,WH-LAG1,PRD-0059,22,22,0
2026-03-31,WH-LAG2,PRD-0059,14,13,-1
2026-03-31,WH-IBD,PRD-0059,12,12,0
2026-03-31,WH-ABJ,PRD-0059,43,43,0
2026-03-31,WH-PHC,PRD-0059,22,22,0
2026-03-31,WH-LAG1,PRD-0060,172,172,0
2026-03-31,WH-LAG2,PRD-0060,34,34,0
2026-03-31,WH-IBD,PRD-0060,76,76,0
2026-03-31,WH-ABJ,PRD-0060,118,118,0
2026-03-31,WH-PHC,PRD-0060,87,87,0
2026-03-31,WH-LAG1,PRD-0061,121,121,0
2026-03-31,WH-LAG2,PRD-0061,70,70,0
2026-03-31,WH-IBD,PRD-0061,131,131,0
2026-03-31,WH-ABJ,PRD-0061,157,157,0
2026-03-31,WH-PHC,PRD-0061,80,80,0
2026-03-31,WH-LAG1,PRD-0062,61,61,0
2026-03-31,WH-LAG2,PRD-0062,135,135,0
2026-03-31,WH-IBD,PRD-0062,73,73,0
2026-03-31,WH-ABJ,PRD-0062,153,153,0
2026-03-31,WH-PHC,PRD-0062,32,32,0
2026-03-31,WH-LAG1,PRD-0063,84,84,0
2026-03-31,WH-LAG2,PRD-0063,28,28,0
2026-03-31,WH-IBD,PRD-0063,68,67,-1
2026-03-31,WH-ABJ,PRD-0063,75,75,0
2026-03-31,WH-PHC,PRD-0063,81,81,0
2026-03-31,WH-LAG1,PRD-0064,83,83,0
2026-03-31,WH-LAG2,PRD-0064,100,100,0
2026-03-31,WH-IBD,PRD-0064,48,48,0
2026-03-31,WH-ABJ,PRD-0064,124,124,0
2026-03-31,WH-PHC,PRD-0064,147,147,0
2026-03-31,WH-LAG1,PRD-0065,177,177,0
2026-03-31,WH-LAG2,PRD-0065,31,31,0
2026-03-31,WH-IBD,PRD-0065,43,43,0
2026-03-31,WH-ABJ,PRD-0065,101,101,0
2026-03-31,WH-PHC,PRD-0065,68,65,-3
2026-03-31,WH-LAG1,PRD-0066,6,6,0
2026-03-31,WH-LAG2,PRD-0066,8,7,-1
2026-03-31,WH-IBD,PRD-0066,10,9,-1
2026-03-31,WH-ABJ,PRD-0066,8,8,0
2026-03-31,WH-PHC,PRD-0066,11,11,0
2026-03-31,WH-LAG1,PRD-0067,176,176,0
2026-03-31,WH-LAG2,PRD-0067,84,84,0
2026-03-31,WH-IBD,PRD-0067,53,53,0
2026-03-31,WH-ABJ,PRD-0067,67,67,0
2026-03-31,WH-PHC,PRD-0067,49,49,0
2026-03-31,WH-LAG1,PRD-0068,336,336,0
2026-03-31,WH-LAG2,PRD-0068,40,40,0
2026-03-31,WH-IBD,PRD-0068,94,94,0
2026-03-31,WH-ABJ,PRD-0068,72,72,0
2026-03-31,WH-PHC,PRD-0068,57,57,0
2026-03-31,WH-LAG1,PRD-0069,20,19,-1
2026-03-31,WH-LAG2,PRD-0069,9,9,0
2026-03-31,WH-IBD,PRD-0069,5,5,0
2026-03-31,WH-ABJ,PRD-0069,26,27,1
2026-03-31,WH-PHC,PRD-0069,21,21,0
2026-03-31,WH-LAG1,PRD-0070,59,59,0
2026-03-31,WH-LAG2,PRD-0070,42,42,0
2026-03-31,WH-IBD,PRD-0070,52,52,0
2026-03-31,WH-ABJ,PRD-0070,44,44,0
2026-03-31,WH-PHC,PRD-0070,24,24,0
2026-03-31,WH-LAG1,PRD-0071,17,17,0
2026-03-31,WH-LAG2,PRD-0071,4,3,-1
2026-03-31,WH-IBD,PRD-0071,11,11,0
2026-03-31,WH-ABJ,PRD-0071,16,16,0
2026-03-31,WH-PHC,PRD-0071,11,11,0
2026-03-31,WH-LAG1,PRD-0072,0,0,0
2026-03-31,WH-LAG2,PRD-0072,25,25,0
2026-03-31,WH-IBD,PRD-0072,42,42,0
2026-03-31,WH-ABJ,PRD-0072,60,60,0
2026-03-31,WH-PHC,PRD-0072,28,28,0
2026-03-31,WH-LAG1,PRD-0073,30,30,0
2026-03-31,WH-LAG2,PRD-0073,0,0,0
2026-03-31,WH-IBD,PRD-0073,10,10,0
2026-03-31,WH-ABJ,PRD-0073,29,29,0
2026-03-31,WH-PHC,PRD-0073,10,10,0
2026-03-31,WH-LAG1,PRD-0074,126,126,0
2026-03-31,WH-LAG2,PRD-0074,44,44,0
2026-03-31,WH-IBD,PRD-0074,18,18,0
2026-03-31,WH-ABJ,PRD-0074,58,58,0
2026-03-31,WH-PHC,PRD-0074,15,14,-1
2026-03-31,WH-LAG1,PRD-0075,30,30,0
2026-03-31,WH-LAG2,PRD-0075,14,14,0
2026-03-31,WH-IBD,PRD-0075,14,15,1
2026-03-31,WH-ABJ,PRD-0075,29,29,0
2026-03-31,WH-PHC,PRD-0075,31,31,0
2026-03-31,WH-LAG1,PRD-0076,158,158,0
2026-03-31,WH-LAG2,PRD-0076,55,55,0
2026-03-31,WH-IBD,PRD-0076,40,39,-1
2026-03-31,WH-ABJ,PRD-0076,64,64,0
2026-03-31,WH-PHC,PRD-0076,100,100,0
2026-03-31,WH-LAG1,PRD-0077,391,399,8
2026-03-31,WH-LAG2,PRD-0077,241,241,0
2026-03-31,WH-IBD,PRD-0077,97,97,0
2026-03-31,WH-ABJ,PRD-0077,288,288,0
2026-03-31,WH-PHC,PRD-0077,143,143,0
2026-03-31,WH-LAG1,PRD-0078,100,100,0
2026-03-31,WH-LAG2,PRD-0078,38,38,0
2026-03-31,WH-IBD,PRD-0078,90,88,-2
2026-03-31,WH-ABJ,PRD-0078,30,30,0
2026-03-31,WH-PHC,PRD-0078,47,47,0
2026-03-31,WH-LAG1,PRD-0079,70,70,0
2026-03-31,WH-LAG2,PRD-0079,80,80,0
2026-03-31,WH-IBD,PRD-0079,49,49,0
2026-03-31,WH-ABJ,PRD-0079,55,55,0
2026-03-31,WH-PHC,PRD-0079,66,66,0
2026-03-31,WH-LAG1,PRD-0080,72,72,0
2026-03-31,WH-LAG2,PRD-0080,48,48,0
2026-03-31,WH-IBD,PRD-0080,25,25,0
2026-03-31,WH-ABJ,PRD-0080,88,88,0
2026-03-31,WH-PHC,PRD-0080,99,103,4
2026-03-31,WH-LAG1,PRD-0081,111,111,0
2026-03-31,WH-LAG2,PRD-0081,58,58,0
2026-03-31,WH-IBD,PRD-0081,75,75,0
2026-03-31,WH-ABJ,PRD-0081,86,88,2
2026-03-31,WH-PHC,PRD-0081,66,66,0
2026-03-31,WH-LAG1,PRD-0082,173,173,0
2026-03-31,WH-LAG2,PRD-0082,43,43,0
2026-03-31,WH-IBD,PRD-0082,43,42,-1
2026-03-31,WH-ABJ,PRD-0082,120,120,0
2026-03-31,WH-PHC,PRD-0082,53,55,2
2026-03-31,WH-LAG1,PRD-0083,194,194,0
2026-03-31,WH-LAG2,PRD-0083,48,48,0
2026-03-31,WH-IBD,PRD-0083,112,112,0
2026-03-31,WH-ABJ,PRD-0083,91,91,0
2026-03-31,WH-PHC,PRD-0083,141,147,6
2026-03-31,WH-LAG1,PRD-0084,174,174,0
2026-03-31,WH-LAG2,PRD-0084,56,56,0
2026-03-31,WH-IBD,PRD-0084,71,71,0
2026-03-31,WH-ABJ,PRD-0084,84,84,0
2026-03-31,WH-PHC,PRD-0084,52,52,0
2026-03-31,WH-LAG1,PRD-0085,98,98,0
2026-03-31,WH-LAG2,PRD-0085,102,102,0
2026-03-31,WH-IBD,PRD-0085,33,33,0
2026-03-31,WH-ABJ,PRD-0085,0,0,0
2026-03-31,WH-PHC,PRD-0085,81,81,0
2026-03-31,WH-LAG1,PRD-0086,647,627,-20
2026-03-31,WH-LAG2,PRD-0086,150,150,0
2026-03-31,WH-IBD,PRD-0086,76,76,0
2026-03-31,WH-ABJ,PRD-0086,166,166,0
2026-03-31,WH-PHC,PRD-0086,212,212,0
2026-03-31,WH-LAG1,PRD-0087,16,16,0
2026-03-31,WH-LAG2,PRD-0087,16,16,0
2026-03-31,WH-IBD,PRD-0087,5,5,0
2026-03-31,WH-ABJ,PRD-0087,16,16,0
2026-03-31,WH-PHC,PRD-0087,8,8,0
2026-03-31,WH-LAG1,PRD-0088,26,26,0
2026-03-31,WH-LAG2,PRD-0088,57,57,0
2026-03-31,WH-IBD,PRD-0088,12,12,0
2026-03-31,WH-ABJ,PRD-0088,60,62,2
2026-03-31,WH-PHC,PRD-0088,56,56,0
2026-03-31,WH-LAG1,PRD-0089,74,74,0
2026-03-31,WH-LAG2,PRD-0089,57,57,0
2026-03-31,WH-IBD,PRD-0089,12,12,0
2026-03-31,WH-ABJ,PRD-0089,51,51,0
2026-03-31,WH-PHC,PRD-0089,35,35,0
2026-03-31,WH-LAG1,PRD-0090,2254,2254,0
2026-03-31,WH-LAG2,PRD-0090,270,270,0
2026-03-31,WH-IBD,PRD-0090,649,634,-15
2026-03-31,WH-ABJ,PRD-0090,291,291,0
2026-03-31,WH-PHC,PRD-0090,555,555,0
2026-03-31,WH-LAG1,PRD-0091,84,84,0
2026-03-31,WH-LAG2,PRD-0091,306,306,0
2026-03-31,WH-IBD,PRD-0091,30,31,1
2026-03-31,WH-ABJ,PRD-0091,67,68,1
2026-03-31,WH-PHC,PRD-0091,56,56,0
2026-03-31,WH-LAG1,PRD-0092,75,75,0
2026-03-31,WH-LAG2,PRD-0092,51,51,0
2026-03-31,WH-IBD,PRD-0092,39,39,0
2026-03-31,WH-ABJ,PRD-0092,37,37,0
2026-03-31,WH-PHC,PRD-0092,36,36,0
2026-03-31,WH-LAG1,PRD-0093,221,221,0
2026-03-31,WH-LAG2,PRD-0093,472,472,0
2026-03-31,WH-IBD,PRD-0093,65,65,0
2026-03-31,WH-ABJ,PRD-0093,54,54,0
2026-03-31,WH-PHC,PRD-0093,40,40,0
2026-03-31,WH-LAG1,PRD-0094,36,36,0
2026-03-31,WH-LAG2,PRD-0094,64,64,0
2026-03-31,WH-IBD,PRD-0094,26,26,0
2026-03-31,WH-ABJ,PRD-0094,39,39,0
2026-03-31,WH-PHC,PRD-0094,21,20,-1
2026-03-31,WH-LAG1,PRD-0095,25,25,0
2026-03-31,WH-LAG2,PRD-0095,63,63,0
2026-03-31,WH-IBD,PRD-0095,11,11,0
2026-03-31,WH-ABJ,PRD-0095,13,13,0
2026-03-31,WH-PHC,PRD-0095,0,0,0
2026-03-31,WH-LAG1,PRD-0096,3,3,0
2026-03-31,WH-LAG2,PRD-0096,51,51,0
2026-03-31,WH-IBD,PRD-0096,6,6,0
2026-03-31,WH-ABJ,PRD-0096,11,11,0
2026-03-31,WH-PHC,PRD-0096,5,4,-1
2026-03-31,WH-LAG1,PRD-0097,34,34,0
2026-03-31,WH-LAG2,PRD-0097,56,58,2
2026-03-31,WH-IBD,PRD-0097,11,11,0
2026-03-31,WH-ABJ,PRD-0097,23,23,0
2026-03-31,WH-PHC,PRD-0097,13,14,1
2026-03-31,WH-LAG1,PRD-0098,163,165,2
2026-03-31,WH-LAG2,PRD-0098,744,744,0
2026-03-31,WH-IBD,PRD-0098,113,113,0
2026-03-31,WH-ABJ,PRD-0098,258,258,0
2026-03-31,WH-PHC,PRD-0098,134,134,0
2026-03-31,WH-LAG1,PRD-0099,45,45,0
2026-03-31,WH-LAG2,PRD-0099,74,74,0
2026-03-31,WH-IBD,PRD-0099,16,16,0
2026-03-31,WH-ABJ,PRD-0099,11,11,0
2026-03-31,WH-PHC,PRD-0099,28,27,-1
2026-03-31,WH-LAG1,PRD-0100,240,240,0
2026-03-31,WH-LAG2,PRD-0100,1031,1031,0
2026-03-31,WH-IBD,PRD-0100,98,101,3
2026-03-31,WH-ABJ,PRD-0100,410,410,0
2026-03-31,WH-PHC,PRD-0100,76,76,0
2026-03-31,WH-LAG1,PRD-0101,16,16,0
2026-03-31,WH-LAG2,PRD-0101,93,93,0
2026-03-31,WH-IBD,PRD-0101,8,8,0
2026-03-31,WH-ABJ,PRD-0101,36,36,0
2026-03-31,WH-PHC,PRD-0101,25,25,0
2026-03-31,WH-LAG1,PRD-0102,156,156,0
2026-03-31,WH-LAG2,PRD-0102,312,312,0
2026-03-31,WH-IBD,PRD-0102,0,0,0
2026-03-31,WH-ABJ,PRD-0102,62,61,-1
2026-03-31,WH-PHC,PRD-0102,79,79,0
2026-03-31,WH-LAG1,PRD-0103,144,141,-3
2026-03-31,WH-LAG2,PRD-0103,237,237,0
2026-03-31,WH-IBD,PRD-0103,41,41,0
2026-03-31,WH-ABJ,PRD-0103,38,38,0
2026-03-31,WH-PHC,PRD-0103,47,47,0
2026-03-31,WH-LAG1,PRD-0104,15,15,0
2026-03-31,WH-LAG2,PRD-0104,80,80,0
2026-03-31,WH-IBD,PRD-0104,28,28,0
2026-03-31,WH-ABJ,PRD-0104,40,40,0
2026-03-31,WH-PHC,PRD-0104,14,15,1
2026-03-31,WH-LAG1,PRD-0105,53,51,-2
2026-03-31,WH-LAG2,PRD-0105,108,108,0
2026-03-31,WH-IBD,PRD-0105,19,19,0
2026-03-31,WH-ABJ,PRD-0105,22,22,0
2026-03-31,WH-PHC,PRD-0105,20,20,0
2026-03-31,WH-LAG1,PRD-0106,34,33,-1
2026-03-31,WH-LAG2,PRD-0106,33,33,0
2026-03-31,WH-IBD,PRD-0106,7,8,1
2026-03-31,WH-ABJ,PRD-0106,35,35,0
2026-03-31,WH-PHC,PRD-0106,23,23,0
2026-03-31,WH-LAG1,PRD-0107,21,21,0
2026-03-31,WH-LAG2,PRD-0107,48,48,0
2026-03-31,WH-IBD,PRD-0107,10,10,0
2026-03-31,WH-ABJ,PRD-0107,25,25,0
2026-03-31,WH-PHC,PRD-0107,32,32,0
2026-03-31,WH-LAG1,PRD-0108,525,525,0
2026-03-31,WH-LAG2,PRD-0108,704,704,0
2026-03-31,WH-IBD,PRD-0108,188,188,0
2026-03-31,WH-ABJ,PRD-0108,173,173,0
2026-03-31,WH-PHC,PRD-0108,219,219,0
2026-03-31,WH-LAG1,PRD-0109,218,218,0
2026-03-31,WH-LAG2,PRD-0109,33,33,0
2026-03-31,WH-IBD,PRD-0109,82,80,-2
2026-03-31,WH-ABJ,PRD-0109,49,49,0
2026-03-31,WH-PHC,PRD-0109,42,43,1
2026-03-31,WH-LAG1,PRD-0110,30,30,0
2026-03-31,WH-LAG2,PRD-0110,17,17,0
2026-03-31,WH-IBD,PRD-0110,20,20,0
2026-03-31,WH-ABJ,PRD-0110,29,29,0
2026-03-31,WH-PHC,PRD-0110,23,23,0
2026-03-31,WH-LAG1,PRD-0111,156,156,0
2026-03-31,WH-LAG2,PRD-0111,92,90,-2
2026-03-31,WH-IBD,PRD-0111,90,90,0
2026-03-31,WH-ABJ,PRD-0111,126,126,0
2026-03-31,WH-PHC,PRD-0111,101,101,0
2026-03-31,WH-LAG1,PRD-0112,29,29,0
2026-03-31,WH-LAG2,PRD-0112,26,26,0
2026-03-31,WH-IBD,PRD-0112,6,7,1
2026-03-31,WH-ABJ,PRD-0112,8,8,0
2026-03-31,WH-PHC,PRD-0112,15,15,0
2026-03-31,WH-LAG1,PRD-0113,0,0,0
2026-03-31,WH-LAG2,PRD-0113,24,24,0
2026-03-31,WH-IBD,PRD-0113,81,81,0
2026-03-31,WH-ABJ,PRD-0113,161,161,0
2026-03-31,WH-PHC,PRD-0113,55,55,0
2026-03-31,WH-LAG1,PRD-0114,19,19,0
2026-03-31,WH-LAG2,PRD-0114,20,20,0
2026-03-31,WH-IBD,PRD-0114,4,4,0
2026-03-31,WH-ABJ,PRD-0114,21,21,0
2026-03-31,WH-PHC,PRD-0114,22,22,0
2026-03-31,WH-LAG1,PRD-0115,76,76,0
2026-03-31,WH-LAG2,PRD-0115,29,29,0
2026-03-31,WH-IBD,PRD-0115,74,73,-1
2026-03-31,WH-ABJ,PRD-0115,74,72,-2
2026-03-31,WH-PHC,PRD-0115,66,66,0
2026-03-31,WH-LAG1,PRD-0116,13,13,0
2026-03-31,WH-LAG2,PRD-0116,30,30,0
2026-03-31,WH-IBD,PRD-0116,27,27,0
2026-03-31,WH-ABJ,PRD-0116,61,61,0
2026-03-31,WH-PHC,PRD-0116,52,52,0
2026-03-31,WH-LAG1,PRD-0117,60,59,-1
2026-03-31,WH-LAG2,PRD-0117,7,7,0
2026-03-31,WH-IBD,PRD-0117,28,28,0
2026-03-31,WH-ABJ,PRD-0117,26,26,0
2026-03-31,WH-PHC,PRD-0117,48,48,0
2026-03-31,WH-LAG1,PRD-0118,298,298,0
2026-03-31,WH-LAG2,PRD-0118,82,82,0
2026-03-31,WH-IBD,PRD-0118,64,64,0
2026-03-31,WH-ABJ,PRD-0118,37,37,0
2026-03-31,WH-PHC,PRD-0118,141,141,0
2026-03-31,WH-LAG1,PRD-0119,25,25,0
2026-03-31,WH-LAG2,PRD-0119,5,5,0
2026-03-31,WH-IBD,PRD-0119,12,12,0
2026-03-31,WH-ABJ,PRD-0119,10,10,0
2026-03-31,WH-PHC,PRD-0119,15,15,0
2026-03-31,WH-LAG1,PRD-0120,134,134,0
2026-03-31,WH-LAG2,PRD-0120,37,37,0
2026-03-31,WH-IBD,PRD-0120,75,75,0
2026-03-31,WH-ABJ,PRD-0120,165,165,0
2026-03-31,WH-PHC,PRD-0120,123,123,0
2026-03-31,WH-LAG1,PRD-0121,0,0,0
2026-03-31,WH-LAG2,PRD-0121,33,33,0
2026-03-31,WH-IBD,PRD-0121,113,113,0
2026-03-31,WH-ABJ,PRD-0121,152,152,0
2026-03-31,WH-PHC,PRD-0121,58,58,0
2026-03-31,WH-LAG1,PRD-0122,217,217,0
2026-03-31,WH-LAG2,PRD-0122,145,145,0
2026-03-31,WH-IBD,PRD-0122,51,52,1
2026-03-31,WH-ABJ,PRD-0122,43,43,0
2026-03-31,WH-PHC,PRD-0122,32,32,0
2026-03-31,WH-LAG1,PRD-0123,32,32,0
2026-03-31,WH-LAG2,PRD-0123,46,46,0
2026-03-31,WH-IBD,PRD-0123,34,34,0
2026-03-31,WH-ABJ,PRD-0123,28,28,0
2026-03-31,WH-PHC,PRD-0123,40,41,1
2026-03-31,WH-LAG1,PRD-0124,51,51,0
2026-03-31,WH-LAG2,PRD-0124,42,42,0
2026-03-31,WH-IBD,PRD-0124,9,9,0
2026-03-31,WH-ABJ,PRD-0124,34,34,0
2026-03-31,WH-PHC,PRD-0124,27,27,0
2026-03-31,WH-LAG1,PRD-0125,87,87,0
2026-03-31,WH-LAG2,PRD-0125,366,351,-15
2026-03-31,WH-IBD,PRD-0125,280,280,0
2026-03-31,WH-ABJ,PRD-0125,336,336,0
2026-03-31,WH-PHC,PRD-0125,171,171,0
2026-03-31,WH-LAG1,PRD-0126,85,85,0
2026-03-31,WH-LAG2,PRD-0126,7,7,0
2026-03-31,WH-IBD,PRD-0126,60,60,0
2026-03-31,WH-ABJ,PRD-0126,29,29,0
2026-03-31,WH-PHC,PRD-0126,47,47,0
2026-03-31,WH-LAG1,PRD-0127,41,41,0
2026-03-31,WH-LAG2,PRD-0127,16,16,0
2026-03-31,WH-IBD,PRD-0127,40,40,0
2026-03-31,WH-ABJ,PRD-0127,32,32,0
2026-03-31,WH-PHC,PRD-0127,45,45,0
2026-03-31,WH-LAG1,PRD-0128,64,64,0
2026-03-31,WH-LAG2,PRD-0128,44,44,0
2026-03-31,WH-IBD,PRD-0128,26,26,0
2026-03-31,WH-ABJ,PRD-0128,48,49,1
2026-03-31,WH-PHC,PRD-0128,4,4,0
2026-03-31,WH-LAG1,PRD-0129,29,29,0
2026-03-31,WH-LAG2,PRD-0129,14,14,0
2026-03-31,WH-IBD,PRD-0129,10,10,0
2026-03-31,WH-ABJ,PRD-0129,22,22,0
2026-03-31,WH-PHC,PRD-0129,9,9,0
2026-03-31,WH-LAG1,PRD-0130,18,18,0
2026-03-31,WH-LAG2,PRD-0130,40,40,0
2026-03-31,WH-IBD,PRD-0130,21,21,0
2026-03-31,WH-ABJ,PRD-0130,26,26,0
2026-03-31,WH-PHC,PRD-0130,45,45,0
2026-03-31,WH-LAG1,PRD-0131,113,113,0
2026-03-31,WH-LAG2,PRD-0131,58,58,0
2026-03-31,WH-IBD,PRD-0131,45,45,0
2026-03-31,WH-ABJ,PRD-0131,77,80,3
2026-03-31,WH-PHC,PRD-0131,48,48,0
2026-03-31,WH-LAG1,PRD-0132,81,81,0
2026-03-31,WH-LAG2,PRD-0132,11,11,0
2026-03-31,WH-IBD,PRD-0132,19,18,-1
2026-03-31,WH-ABJ,PRD-0132,70,70,0
2026-03-31,WH-PHC,PRD-0132,0,0,0
2026-03-31,WH-LAG1,PRD-0133,34,33,-1
2026-03-31,WH-LAG2,PRD-0133,17,17,0
2026-03-31,WH-IBD,PRD-0133,6,6,0
2026-03-31,WH-ABJ,PRD-0133,43,43,0
2026-03-31,WH-PHC,PRD-0133,47,47,0
2026-03-31,WH-LAG1,PRD-0134,52,52,0
2026-03-31,WH-LAG2,PRD-0134,53,53,0
2026-03-31,WH-IBD,PRD-0134,14,14,0
2026-03-31,WH-ABJ,PRD-0134,22,22,0
2026-03-31,WH-PHC,PRD-0134,44,44,0
2026-03-31,WH-LAG1,PRD-0135,68,68,0
2026-03-31,WH-LAG2,PRD-0135,73,73,0
2026-03-31,WH-IBD,PRD-0135,93,92,-1
2026-03-31,WH-ABJ,PRD-0135,58,58,0
2026-03-31,WH-PHC,PRD-0135,110,110,0
2026-03-31,WH-LAG1,PRD-0136,20,20,0
2026-03-31,WH-LAG2,PRD-0136,32,32,0
2026-03-31,WH-IBD,PRD-0136,68,68,0
2026-03-31,WH-ABJ,PRD-0136,41,41,0
2026-03-31,WH-PHC,PRD-0136,18,18,0
2026-03-31,WH-LAG1,PRD-0137,25,24,-1
2026-03-31,WH-LAG2,PRD-0137,37,37,0
2026-03-31,WH-IBD,PRD-0137,62,62,0
2026-03-31,WH-ABJ,PRD-0137,95,95,0
2026-03-31,WH-PHC,PRD-0137,39,39,0
2026-03-31,WH-LAG1,PRD-0138,90,90,0
2026-03-31,WH-LAG2,PRD-0138,25,25,0
2026-03-31,WH-IBD,PRD-0138,29,29,0
2026-03-31,WH-ABJ,PRD-0138,55,55,0
2026-03-31,WH-PHC,PRD-0138,32,32,0
2026-03-31,WH-LAG1,PRD-0139,121,123,2
2026-03-31,WH-LAG2,PRD-0139,40,40,0
2026-03-31,WH-IBD,PRD-0139,65,63,-2
2026-03-31,WH-ABJ,PRD-0139,18,19,1
2026-03-31,WH-PHC,PRD-0139,12,12,0
2026-03-31,WH-LAG1,PRD-0140,50,50,0
2026-03-31,WH-LAG2,PRD-0140,48,48,0
2026-03-31,WH-IBD,PRD-0140,10,10,0
2026-03-31,WH-ABJ,PRD-0140,59,59,0
2026-03-31,WH-PHC,PRD-0140,25,25,0
2026-03-31,WH-LAG1,PRD-0141,89,89,0
2026-03-31,WH-LAG2,PRD-0141,34,34,0
2026-03-31,WH-IBD,PRD-0141,58,58,0
2026-03-31,WH-ABJ,PRD-0141,77,77,0
2026-03-31,WH-PHC,PRD-0141,22,22,0
2026-03-31,WH-LAG1,PRD-0142,14,14,0
2026-03-31,WH-LAG2,PRD-0142,47,47,0
2026-03-31,WH-IBD,PRD-0142,67,67,0
2026-03-31,WH-ABJ,PRD-0142,139,139,0
2026-03-31,WH-PHC,PRD-0142,158,158,0
2026-03-31,WH-LAG1,PRD-0143,33,33,0
2026-03-31,WH-LAG2,PRD-0143,17,17,0
2026-03-31,WH-IBD,PRD-0143,51,51,0
2026-03-31,WH-ABJ,PRD-0143,70,70,0
2026-03-31,WH-PHC,PRD-0143,29,29,0
2026-03-31,WH-LAG1,PRD-0144,137,137,0
2026-03-31,WH-LAG2,PRD-0144,38,38,0
2026-03-31,WH-IBD,PRD-0144,17,17,0
2026-03-31,WH-ABJ,PRD-0144,63,63,0
2026-03-31,WH-PHC,PRD-0144,55,55,0
2026-03-31,WH-LAG1,PRD-0145,183,183,0
2026-03-31,WH-LAG2,PRD-0145,30,30,0
2026-03-31,WH-IBD,PRD-0145,56,56,0
2026-03-31,WH-ABJ,PRD-0145,68,68,0
2026-03-31,WH-PHC,PRD-0145,25,26,1
2026-03-31,WH-LAG1,PRD-0146,34,34,0
2026-03-31,WH-LAG2,PRD-0146,50,50,0
2026-03-31,WH-IBD,PRD-0146,16,16,0
2026-03-31,WH-ABJ,PRD-0146,58,60,2
2026-03-31,WH-PHC,PRD-0146,43,43,0
2026-03-31,WH-LAG1,PRD-0147,65,65,0
2026-03-31,WH-LAG2,PRD-0147,28,28,0
2026-03-31,WH-IBD,PRD-0147,8,8,0
2026-03-31,WH-ABJ,PRD-0147,14,14,0
2026-03-31,WH-PHC,PRD-0147,31,31,0
2026-03-31,WH-LAG1,PRD-0148,82,82,0
2026-03-31,WH-LAG2,PRD-0148,14,14,0
2026-03-31,WH-IBD,PRD-0148,22,22,0
2026-03-31,WH-ABJ,PRD-0148,21,21,0
2026-03-31,WH-PHC,PRD-0148,20,20,0
2026-03-31,WH-LAG1,PRD-0149,15,15,0
2026-03-31,WH-LAG2,PRD-0149,8,9,1
2026-03-31,WH-IBD,PRD-0149,23,23,0
2026-03-31,WH-ABJ,PRD-0149,12,11,-1
2026-03-31,WH-PHC,PRD-0149,11,11,0
2026-03-31,WH-LAG1,PRD-0150,58,59,1
2026-03-31,WH-LAG2,PRD-0150,24,24,0
2026-03-31,WH-IBD,PRD-0150,66,64,-2
2026-03-31,WH-ABJ,PRD-0150,40,40,0
2026-03-31,WH-PHC,PRD-0150,53,53,0
2026-03-31,WH-LAG1,PRD-0151,984,984,0
2026-03-31,WH-LAG2,PRD-0151,680,680,0
2026-03-31,WH-IBD,PRD-0151,400,400,0
2026-03-31,WH-ABJ,PRD-0151,146,146,0
2026-03-31,WH-PHC,PRD-0151,676,685,9
2026-03-31,WH-LAG1,PRD-0152,39,39,0
2026-03-31,WH-LAG2,PRD-0152,20,20,0
2026-03-31,WH-IBD,PRD-0152,36,36,0
2026-03-31,WH-ABJ,PRD-0152,32,32,0
2026-03-31,WH-PHC,PRD-0152,7,7,0
2026-03-31,WH-LAG1,PRD-0153,116,116,0
2026-03-31,WH-LAG2,PRD-0153,126,126,0
2026-03-31,WH-IBD,PRD-0153,149,149,0
2026-03-31,WH-ABJ,PRD-0153,86,86,0
2026-03-31,WH-PHC,PRD-0153,118,118,0
2026-03-31,WH-LAG1,PRD-0154,117,117,0
2026-03-31,WH-LAG2,PRD-0154,23,23,0
2026-03-31,WH-IBD,PRD-0154,34,34,0
2026-03-31,WH-ABJ,PRD-0154,35,35,0
2026-03-31,WH-PHC,PRD-0154,67,67,0
2026-03-31,WH-LAG1,PRD-0155,28,28,0
2026-03-31,WH-LAG2,PRD-0155,39,39,0
2026-03-31,WH-IBD,PRD-0155,37,37,0
2026-03-31,WH-ABJ,PRD-0155,47,47,0
2026-03-31,WH-PHC,PRD-0155,41,41,0
2026-03-31,WH-LAG1,PRD-0156,68,68,0
2026-03-31,WH-LAG2,PRD-0156,145,145,0
2026-03-31,WH-IBD,PRD-0156,87,87,0
2026-03-31,WH-ABJ,PRD-0156,275,275,0
2026-03-31,WH-PHC,PRD-0156,187,187,0
2026-03-31,WH-LAG1,PRD-0157,181,181,0
2026-03-31,WH-LAG2,PRD-0157,17,17,0
2026-03-31,WH-IBD,PRD-0157,37,37,0
2026-03-31,WH-ABJ,PRD-0157,27,27,0
2026-03-31,WH-PHC,PRD-0157,38,38,0
2026-03-31,WH-LAG1,PRD-0158,24,24,0
2026-03-31,WH-LAG2,PRD-0158,37,37,0
2026-03-31,WH-IBD,PRD-0158,21,21,0
2026-03-31,WH-ABJ,PRD-0158,17,17,0
2026-03-31,WH-PHC,PRD-0158,26,27,1
2026-03-31,WH-LAG1,PRD-0159,46,46,0
2026-03-31,WH-LAG2,PRD-0159,16,16,0
2026-03-31,WH-IBD,PRD-0159,38,38,0
2026-03-31,WH-ABJ,PRD-0159,61,63,2
2026-03-31,WH-PHC,PRD-0159,47,47,0
2026-03-31,WH-LAG1,PRD-0160,246,246,0
2026-03-31,WH-LAG2,PRD-0160,78,78,0
2026-03-31,WH-IBD,PRD-0160,260,260,0
2026-03-31,WH-ABJ,PRD-0160,243,243,0
2026-03-31,WH-PHC,PRD-0160,43,43,0
2026-03-31,WH-LAG1,PRD-0161,452,433,-19
2026-03-31,WH-LAG2,PRD-0161,0,0,0
2026-03-31,WH-IBD,PRD-0161,304,304,0
2026-03-31,WH-ABJ,PRD-0161,309,309,0
2026-03-31,WH-PHC,PRD-0161,199,199,0
2026-03-31,WH-LAG1,PRD-0162,22,21,-1
2026-03-31,WH-LAG2,PRD-0162,34,35,1
2026-03-31,WH-IBD,PRD-0162,42,42,0
2026-03-31,WH-ABJ,PRD-0162,0,0,0
2026-03-31,WH-PHC,PRD-0162,27,27,0
2026-03-31,WH-LAG1,PRD-0163,127,127,0
2026-03-31,WH-LAG2,PRD-0163,89,89,0
2026-03-31,WH-IBD,PRD-0163,70,70,0
2026-03-31,WH-ABJ,PRD-0163,61,61,0
2026-03-31,WH-PHC,PRD-0163,35,35,0
2026-03-31,WH-LAG1,PRD-0164,92,92,0
2026-03-31,WH-LAG2,PRD-0164,22,22,0
2026-03-31,WH-IBD,PRD-0164,43,43,0
2026-03-31,WH-ABJ,PRD-0164,44,44,0
2026-03-31,WH-PHC,PRD-0164,28,28,0
2026-03-31,WH-LAG1,PRD-0165,136,136,0
2026-03-31,WH-LAG2,PRD-0165,12,11,-1
2026-03-31,WH-IBD,PRD-0165,119,119,0
2026-03-31,WH-ABJ,PRD-0165,168,168,0
2026-03-31,WH-PHC,PRD-0165,100,100,0
2026-03-31,WH-LAG1,PRD-0166,58,58,0
2026-03-31,WH-LAG2,PRD-0166,32,32,0
2026-03-31,WH-IBD,PRD-0166,197,197,0
2026-03-31,WH-ABJ,PRD-0166,132,132,0
2026-03-31,WH-PHC,PRD-0166,67,67,0
2026-03-31,WH-LAG1,PRD-0167,59,59,0
2026-03-31,WH-LAG2,PRD-0167,83,83,0
2026-03-31,WH-IBD,PRD-0167,66,66,0
2026-03-31,WH-ABJ,PRD-0167,72,72,0
2026-03-31,WH-PHC,PRD-0167,83,83,0
2026-03-31,WH-LAG1,PRD-0168,56,57,1
2026-03-31,WH-LAG2,PRD-0168,13,12,-1
2026-03-31,WH-IBD,PRD-0168,35,35,0
2026-03-31,WH-ABJ,PRD-0168,15,15,0
2026-03-31,WH-PHC,PRD-0168,0,0,0
2026-03-31,WH-LAG1,PRD-0169,120,120,0
2026-03-31,WH-LAG2,PRD-0169,22,22,0
2026-03-31,WH-IBD,PRD-0169,53,53,0
2026-03-31,WH-ABJ,PRD-0169,47,47,0
2026-03-31,WH-PHC,PRD-0169,51,53,2
2026-03-31,WH-LAG1,PRD-0170,143,143,0
2026-03-31,WH-LAG2,PRD-0170,32,32,0
2026-03-31,WH-IBD,PRD-0170,62,65,3
2026-03-31,WH-ABJ,PRD-0170,63,65,2
2026-03-31,WH-PHC,PRD-0170,69,69,0
2026-04-30,WH-LAG1,PRD-0001,78,78,0
2026-04-30,WH-LAG2,PRD-0001,25,24,-1
2026-04-30,WH-IBD,PRD-0001,49,49,0
2026-04-30,WH-ABJ,PRD-0001,22,22,0
2026-04-30,WH-PHC,PRD-0001,47,49,2
2026-04-30,WH-LAG1,PRD-0002,14,14,0
2026-04-30,WH-LAG2,PRD-0002,32,31,-1
2026-04-30,WH-IBD,PRD-0002,22,23,1
2026-04-30,WH-ABJ,PRD-0002,25,26,1
2026-04-30,WH-PHC,PRD-0002,23,23,0
2026-04-30,WH-LAG1,PRD-0003,18,18,0
2026-04-30,WH-LAG2,PRD-0003,28,28,0
2026-04-30,WH-IBD,PRD-0003,18,19,1
2026-04-30,WH-ABJ,PRD-0003,12,12,0
2026-04-30,WH-PHC,PRD-0003,18,18,0
2026-04-30,WH-LAG1,PRD-0004,97,97,0
2026-04-30,WH-LAG2,PRD-0004,220,220,0
2026-04-30,WH-IBD,PRD-0004,235,235,0
2026-04-30,WH-ABJ,PRD-0004,88,88,0
2026-04-30,WH-PHC,PRD-0004,92,92,0
2026-04-30,WH-LAG1,PRD-0005,101,104,3
2026-04-30,WH-LAG2,PRD-0005,15,15,0
2026-04-30,WH-IBD,PRD-0005,0,0,0
2026-04-30,WH-ABJ,PRD-0005,62,62,0
2026-04-30,WH-PHC,PRD-0005,63,63,0
2026-04-30,WH-LAG1,PRD-0006,0,0,0
2026-04-30,WH-LAG2,PRD-0006,28,28,0
2026-04-30,WH-IBD,PRD-0006,10,10,0
2026-04-30,WH-ABJ,PRD-0006,30,30,0
2026-04-30,WH-PHC,PRD-0006,29,30,1
2026-04-30,WH-LAG1,PRD-0007,204,204,0
2026-04-30,WH-LAG2,PRD-0007,63,63,0
2026-04-30,WH-IBD,PRD-0007,54,54,0
2026-04-30,WH-ABJ,PRD-0007,96,96,0
2026-04-30,WH-PHC,PRD-0007,91,91,0
2026-04-30,WH-LAG1,PRD-0008,86,86,0
2026-04-30,WH-LAG2,PRD-0008,54,54,0
2026-04-30,WH-IBD,PRD-0008,16,16,0
2026-04-30,WH-ABJ,PRD-0008,36,36,0
2026-04-30,WH-PHC,PRD-0008,23,23,0
2026-04-30,WH-LAG1,PRD-0009,65,65,0
2026-04-30,WH-LAG2,PRD-0009,30,30,0
2026-04-30,WH-IBD,PRD-0009,9,9,0
2026-04-30,WH-ABJ,PRD-0009,19,19,0
2026-04-30,WH-PHC,PRD-0009,19,19,0
2026-04-30,WH-LAG1,PRD-0010,33,33,0
2026-04-30,WH-LAG2,PRD-0010,0,0,0
2026-04-30,WH-IBD,PRD-0010,10,10,0
2026-04-30,WH-ABJ,PRD-0010,21,21,0
2026-04-30,WH-PHC,PRD-0010,21,22,1
2026-04-30,WH-LAG1,PRD-0011,118,118,0
2026-04-30,WH-LAG2,PRD-0011,54,54,0
2026-04-30,WH-IBD,PRD-0011,95,95,0
2026-04-30,WH-ABJ,PRD-0011,99,99,0
2026-04-30,WH-PHC,PRD-0011,61,61,0
2026-04-30,WH-LAG1,PRD-0012,32,31,-1
2026-04-30,WH-LAG2,PRD-0012,34,35,1
2026-04-30,WH-IBD,PRD-0012,46,46,0
2026-04-30,WH-ABJ,PRD-0012,43,43,0
2026-04-30,WH-PHC,PRD-0012,47,46,-1
2026-04-30,WH-LAG1,PRD-0013,5,5,0
2026-04-30,WH-LAG2,PRD-0013,13,14,1
2026-04-30,WH-IBD,PRD-0013,22,22,0
2026-04-30,WH-ABJ,PRD-0013,19,19,0
2026-04-30,WH-PHC,PRD-0013,25,26,1
2026-04-30,WH-LAG1,PRD-0014,26,27,1
2026-04-30,WH-LAG2,PRD-0014,8,8,0
2026-04-30,WH-IBD,PRD-0014,3,3,0
2026-04-30,WH-ABJ,PRD-0014,14,14,0
2026-04-30,WH-PHC,PRD-0014,4,4,0
2026-04-30,WH-LAG1,PRD-0015,101,101,0
2026-04-30,WH-LAG2,PRD-0015,81,81,0
2026-04-30,WH-IBD,PRD-0015,31,30,-1
2026-04-30,WH-ABJ,PRD-0015,28,28,0
2026-04-30,WH-PHC,PRD-0015,31,31,0
2026-04-30,WH-LAG1,PRD-0016,239,239,0
2026-04-30,WH-LAG2,PRD-0016,78,78,0
2026-04-30,WH-IBD,PRD-0016,88,88,0
2026-04-30,WH-ABJ,PRD-0016,83,84,1
2026-04-30,WH-PHC,PRD-0016,64,64,0
2026-04-30,WH-LAG1,PRD-0017,35,35,0
2026-04-30,WH-LAG2,PRD-0017,24,24,0
2026-04-30,WH-IBD,PRD-0017,25,25,0
2026-04-30,WH-ABJ,PRD-0017,16,16,0
2026-04-30,WH-PHC,PRD-0017,29,29,0
2026-04-30,WH-LAG1,PRD-0018,170,170,0
2026-04-30,WH-LAG2,PRD-0018,52,52,0
2026-04-30,WH-IBD,PRD-0018,79,79,0
2026-04-30,WH-ABJ,PRD-0018,38,37,-1
2026-04-30,WH-PHC,PRD-0018,80,80,0
2026-04-30,WH-LAG1,PRD-0019,67,67,0
2026-04-30,WH-LAG2,PRD-0019,100,100,0
2026-04-30,WH-IBD,PRD-0019,40,40,0
2026-04-30,WH-ABJ,PRD-0019,26,26,0
2026-04-30,WH-PHC,PRD-0019,26,26,0
2026-04-30,WH-LAG1,PRD-0020,140,140,0
2026-04-30,WH-LAG2,PRD-0020,70,70,0
2026-04-30,WH-IBD,PRD-0020,113,113,0
2026-04-30,WH-ABJ,PRD-0020,91,91,0
2026-04-30,WH-PHC,PRD-0020,23,23,0
2026-04-30,WH-LAG1,PRD-0021,83,83,0
2026-04-30,WH-LAG2,PRD-0021,43,43,0
2026-04-30,WH-IBD,PRD-0021,39,39,0
2026-04-30,WH-ABJ,PRD-0021,9,9,0
2026-04-30,WH-PHC,PRD-0021,28,28,0
2026-04-30,WH-LAG1,PRD-0022,38,38,0
2026-04-30,WH-LAG2,PRD-0022,16,16,0
2026-04-30,WH-IBD,PRD-0022,25,25,0
2026-04-30,WH-ABJ,PRD-0022,22,22,0
2026-04-30,WH-PHC,PRD-0022,27,27,0
2026-04-30,WH-LAG1,PRD-0023,84,84,0
2026-04-30,WH-LAG2,PRD-0023,67,65,-2
2026-04-30,WH-IBD,PRD-0023,99,99,0
2026-04-30,WH-ABJ,PRD-0023,35,35,0
2026-04-30,WH-PHC,PRD-0023,59,59,0
2026-04-30,WH-LAG1,PRD-0024,14,14,0
2026-04-30,WH-LAG2,PRD-0024,32,32,0
2026-04-30,WH-IBD,PRD-0024,27,27,0
2026-04-30,WH-ABJ,PRD-0024,13,13,0
2026-04-30,WH-PHC,PRD-0024,26,26,0
2026-04-30,WH-LAG1,PRD-0025,54,54,0
2026-04-30,WH-LAG2,PRD-0025,43,43,0
2026-04-30,WH-IBD,PRD-0025,21,21,0
2026-04-30,WH-ABJ,PRD-0025,27,27,0
2026-04-30,WH-PHC,PRD-0025,34,34,0
2026-04-30,WH-LAG1,PRD-0026,58,58,0
2026-04-30,WH-LAG2,PRD-0026,21,21,0
2026-04-30,WH-IBD,PRD-0026,36,37,1
2026-04-30,WH-ABJ,PRD-0026,77,77,0
2026-04-30,WH-PHC,PRD-0026,38,38,0
2026-04-30,WH-LAG1,PRD-0027,15,15,0
2026-04-30,WH-LAG2,PRD-0027,24,24,0
2026-04-30,WH-IBD,PRD-0027,19,19,0
2026-04-30,WH-ABJ,PRD-0027,11,11,0
2026-04-30,WH-PHC,PRD-0027,5,5,0
2026-04-30,WH-LAG1,PRD-0028,45,45,0
2026-04-30,WH-LAG2,PRD-0028,22,23,1
2026-04-30,WH-IBD,PRD-0028,35,35,0
2026-04-30,WH-ABJ,PRD-0028,49,49,0
2026-04-30,WH-PHC,PRD-0028,63,63,0
2026-04-30,WH-LAG1,PRD-0029,38,39,1
2026-04-30,WH-LAG2,PRD-0029,12,12,0
2026-04-30,WH-IBD,PRD-0029,41,41,0
2026-04-30,WH-ABJ,PRD-0029,28,28,0
2026-04-30,WH-PHC,PRD-0029,9,9,0
2026-04-30,WH-LAG1,PRD-0030,14,14,0
2026-04-30,WH-LAG2,PRD-0030,5,6,1
2026-04-30,WH-IBD,PRD-0030,5,5,0
2026-04-30,WH-ABJ,PRD-0030,23,23,0
2026-04-30,WH-PHC,PRD-0030,28,28,0
2026-04-30,WH-LAG1,PRD-0031,143,143,0
2026-04-30,WH-LAG2,PRD-0031,82,82,0
2026-04-30,WH-IBD,PRD-0031,59,59,0
2026-04-30,WH-ABJ,PRD-0031,47,47,0
2026-04-30,WH-PHC,PRD-0031,42,42,0
2026-04-30,WH-LAG1,PRD-0032,33,33,0
2026-04-30,WH-LAG2,PRD-0032,19,19,0
2026-04-30,WH-IBD,PRD-0032,31,31,0
2026-04-30,WH-ABJ,PRD-0032,7,7,0
2026-04-30,WH-PHC,PRD-0032,20,20,0
2026-04-30,WH-LAG1,PRD-0033,121,121,0
2026-04-30,WH-LAG2,PRD-0033,23,23,0
2026-04-30,WH-IBD,PRD-0033,18,18,0
2026-04-30,WH-ABJ,PRD-0033,53,53,0
2026-04-30,WH-PHC,PRD-0033,58,58,0
2026-04-30,WH-LAG1,PRD-0034,62,62,0
2026-04-30,WH-LAG2,PRD-0034,11,11,0
2026-04-30,WH-IBD,PRD-0034,16,16,0
2026-04-30,WH-ABJ,PRD-0034,23,23,0
2026-04-30,WH-PHC,PRD-0034,32,32,0
2026-04-30,WH-LAG1,PRD-0035,105,105,0
2026-04-30,WH-LAG2,PRD-0035,72,72,0
2026-04-30,WH-IBD,PRD-0035,78,78,0
2026-04-30,WH-ABJ,PRD-0035,113,113,0
2026-04-30,WH-PHC,PRD-0035,74,74,0
2026-04-30,WH-LAG1,PRD-0036,51,51,0
2026-04-30,WH-LAG2,PRD-0036,47,47,0
2026-04-30,WH-IBD,PRD-0036,38,38,0
2026-04-30,WH-ABJ,PRD-0036,12,12,0
2026-04-30,WH-PHC,PRD-0036,67,67,0
2026-04-30,WH-LAG1,PRD-0037,14,14,0
2026-04-30,WH-LAG2,PRD-0037,98,98,0
2026-04-30,WH-IBD,PRD-0037,75,75,0
2026-04-30,WH-ABJ,PRD-0037,54,54,0
2026-04-30,WH-PHC,PRD-0037,31,31,0
2026-04-30,WH-LAG1,PRD-0038,36,36,0
2026-04-30,WH-LAG2,PRD-0038,12,12,0
2026-04-30,WH-IBD,PRD-0038,5,5,0
2026-04-30,WH-ABJ,PRD-0038,25,24,-1
2026-04-30,WH-PHC,PRD-0038,15,16,1
2026-04-30,WH-LAG1,PRD-0039,253,253,0
2026-04-30,WH-LAG2,PRD-0039,97,97,0
2026-04-30,WH-IBD,PRD-0039,159,159,0
2026-04-30,WH-ABJ,PRD-0039,109,109,0
2026-04-30,WH-PHC,PRD-0039,155,155,0
2026-04-30,WH-LAG1,PRD-0040,90,90,0
2026-04-30,WH-LAG2,PRD-0040,45,43,-2
2026-04-30,WH-IBD,PRD-0040,56,56,0
2026-04-30,WH-ABJ,PRD-0040,44,45,1
2026-04-30,WH-PHC,PRD-0040,18,17,-1
2026-04-30,WH-LAG1,PRD-0041,125,125,0
2026-04-30,WH-LAG2,PRD-0041,42,41,-1
2026-04-30,WH-IBD,PRD-0041,51,51,0
2026-04-30,WH-ABJ,PRD-0041,30,30,0
2026-04-30,WH-PHC,PRD-0041,29,29,0
2026-04-30,WH-LAG1,PRD-0042,10,10,0
2026-04-30,WH-LAG2,PRD-0042,19,19,0
2026-04-30,WH-IBD,PRD-0042,21,21,0
2026-04-30,WH-ABJ,PRD-0042,0,0,-1
2026-04-30,WH-PHC,PRD-0042,1,1,0
2026-04-30,WH-LAG1,PRD-0043,66,66,0
2026-04-30,WH-LAG2,PRD-0043,51,51,0
2026-04-30,WH-IBD,PRD-0043,43,43,0
2026-04-30,WH-ABJ,PRD-0043,34,34,0
2026-04-30,WH-PHC,PRD-0043,38,38,0
2026-04-30,WH-LAG1,PRD-0044,9,9,0
2026-04-30,WH-LAG2,PRD-0044,8,8,0
2026-04-30,WH-IBD,PRD-0044,2,2,0
2026-04-30,WH-ABJ,PRD-0044,13,13,0
2026-04-30,WH-PHC,PRD-0044,16,16,0
2026-04-30,WH-LAG1,PRD-0045,141,141,0
2026-04-30,WH-LAG2,PRD-0045,20,20,0
2026-04-30,WH-IBD,PRD-0045,61,61,0
2026-04-30,WH-ABJ,PRD-0045,37,37,0
2026-04-30,WH-PHC,PRD-0045,28,28,0
2026-04-30,WH-LAG1,PRD-0046,39,39,0
2026-04-30,WH-LAG2,PRD-0046,67,67,0
2026-04-30,WH-IBD,PRD-0046,32,32,0
2026-04-30,WH-ABJ,PRD-0046,29,29,0
2026-04-30,WH-PHC,PRD-0046,0,0,0
2026-04-30,WH-LAG1,PRD-0047,112,112,0
2026-04-30,WH-LAG2,PRD-0047,58,58,0
2026-04-30,WH-IBD,PRD-0047,45,45,0
2026-04-30,WH-ABJ,PRD-0047,44,44,0
2026-04-30,WH-PHC,PRD-0047,49,49,0
2026-04-30,WH-LAG1,PRD-0048,150,150,0
2026-04-30,WH-LAG2,PRD-0048,29,29,0
2026-04-30,WH-IBD,PRD-0048,18,18,0
2026-04-30,WH-ABJ,PRD-0048,44,44,0
2026-04-30,WH-PHC,PRD-0048,73,73,0
2026-04-30,WH-LAG1,PRD-0049,23,23,0
2026-04-30,WH-LAG2,PRD-0049,9,9,0
2026-04-30,WH-IBD,PRD-0049,22,22,0
2026-04-30,WH-ABJ,PRD-0049,77,77,0
2026-04-30,WH-PHC,PRD-0049,46,46,0
2026-04-30,WH-LAG1,PRD-0050,2,2,0
2026-04-30,WH-LAG2,PRD-0050,31,31,0
2026-04-30,WH-IBD,PRD-0050,43,43,0
2026-04-30,WH-ABJ,PRD-0050,64,64,0
2026-04-30,WH-PHC,PRD-0050,13,13,0
2026-04-30,WH-LAG1,PRD-0051,68,68,0
2026-04-30,WH-LAG2,PRD-0051,93,93,0
2026-04-30,WH-IBD,PRD-0051,113,113,0
2026-04-30,WH-ABJ,PRD-0051,75,75,0
2026-04-30,WH-PHC,PRD-0051,42,41,-1
2026-04-30,WH-LAG1,PRD-0052,29,29,0
2026-04-30,WH-LAG2,PRD-0052,16,16,0
2026-04-30,WH-IBD,PRD-0052,18,18,0
2026-04-30,WH-ABJ,PRD-0052,21,21,0
2026-04-30,WH-PHC,PRD-0052,18,17,-1
2026-04-30,WH-LAG1,PRD-0053,39,39,0
2026-04-30,WH-LAG2,PRD-0053,19,19,0
2026-04-30,WH-IBD,PRD-0053,19,19,0
2026-04-30,WH-ABJ,PRD-0053,25,25,0
2026-04-30,WH-PHC,PRD-0053,19,19,0
2026-04-30,WH-LAG1,PRD-0054,40,39,-1
2026-04-30,WH-LAG2,PRD-0054,50,51,1
2026-04-30,WH-IBD,PRD-0054,37,37,0
2026-04-30,WH-ABJ,PRD-0054,37,37,0
2026-04-30,WH-PHC,PRD-0054,16,16,0
2026-04-30,WH-LAG1,PRD-0055,45,44,-1
2026-04-30,WH-LAG2,PRD-0055,27,26,-1
2026-04-30,WH-IBD,PRD-0055,39,39,0
2026-04-30,WH-ABJ,PRD-0055,53,53,0
2026-04-30,WH-PHC,PRD-0055,11,11,0
2026-04-30,WH-LAG1,PRD-0056,48,48,0
2026-04-30,WH-LAG2,PRD-0056,59,59,0
2026-04-30,WH-IBD,PRD-0056,44,44,0
2026-04-30,WH-ABJ,PRD-0056,62,62,0
2026-04-30,WH-PHC,PRD-0056,52,52,0
2026-04-30,WH-LAG1,PRD-0057,266,266,0
2026-04-30,WH-LAG2,PRD-0057,86,86,0
2026-04-30,WH-IBD,PRD-0057,18,18,0
2026-04-30,WH-ABJ,PRD-0057,206,197,-9
2026-04-30,WH-PHC,PRD-0057,178,178,0
2026-04-30,WH-LAG1,PRD-0058,81,81,0
2026-04-30,WH-LAG2,PRD-0058,23,23,0
2026-04-30,WH-IBD,PRD-0058,46,46,0
2026-04-30,WH-ABJ,PRD-0058,59,59,0
2026-04-30,WH-PHC,PRD-0058,37,37,0
2026-04-30,WH-LAG1,PRD-0059,22,22,0
2026-04-30,WH-LAG2,PRD-0059,14,14,0
2026-04-30,WH-IBD,PRD-0059,12,12,0
2026-04-30,WH-ABJ,PRD-0059,30,30,0
2026-04-30,WH-PHC,PRD-0059,22,22,0
2026-04-30,WH-LAG1,PRD-0060,122,122,0
2026-04-30,WH-LAG2,PRD-0060,133,132,-1
2026-04-30,WH-IBD,PRD-0060,57,57,0
2026-04-30,WH-ABJ,PRD-0060,113,115,2
2026-04-30,WH-PHC,PRD-0060,48,48,0
2026-04-30,WH-LAG1,PRD-0061,320,320,0
2026-04-30,WH-LAG2,PRD-0061,49,49,0
2026-04-30,WH-IBD,PRD-0061,124,124,0
2026-04-30,WH-ABJ,PRD-0061,107,107,0
2026-04-30,WH-PHC,PRD-0061,40,40,0
2026-04-30,WH-LAG1,PRD-0062,193,193,0
2026-04-30,WH-LAG2,PRD-0062,131,131,0
2026-04-30,WH-IBD,PRD-0062,16,16,0
2026-04-30,WH-ABJ,PRD-0062,137,137,0
2026-04-30,WH-PHC,PRD-0062,17,17,0
2026-04-30,WH-LAG1,PRD-0063,80,80,0
2026-04-30,WH-LAG2,PRD-0063,2,2,0
2026-04-30,WH-IBD,PRD-0063,36,36,0
2026-04-30,WH-ABJ,PRD-0063,75,76,1
2026-04-30,WH-PHC,PRD-0063,63,63,0
2026-04-30,WH-LAG1,PRD-0064,289,289,0
2026-04-30,WH-LAG2,PRD-0064,76,76,0
2026-04-30,WH-IBD,PRD-0064,27,27,0
2026-04-30,WH-ABJ,PRD-0064,108,108,0
2026-04-30,WH-PHC,PRD-0064,134,134,0
2026-04-30,WH-LAG1,PRD-0065,125,125,0
2026-04-30,WH-LAG2,PRD-0065,65,65,0
2026-04-30,WH-IBD,PRD-0065,36,36,0
2026-04-30,WH-ABJ,PRD-0065,54,54,0
2026-04-30,WH-PHC,PRD-0065,66,66,0
2026-04-30,WH-LAG1,PRD-0066,6,6,0
2026-04-30,WH-LAG2,PRD-0066,8,7,-1
2026-04-30,WH-IBD,PRD-0066,8,9,1
2026-04-30,WH-ABJ,PRD-0066,8,8,0
2026-04-30,WH-PHC,PRD-0066,11,11,0
2026-04-30,WH-LAG1,PRD-0067,119,119,0
2026-04-30,WH-LAG2,PRD-0067,69,69,0
2026-04-30,WH-IBD,PRD-0067,45,45,0
2026-04-30,WH-ABJ,PRD-0067,56,54,-2
2026-04-30,WH-PHC,PRD-0067,43,42,-1
2026-04-30,WH-LAG1,PRD-0068,277,277,0
2026-04-30,WH-LAG2,PRD-0068,121,121,0
2026-04-30,WH-IBD,PRD-0068,74,74,0
2026-04-30,WH-ABJ,PRD-0068,16,16,0
2026-04-30,WH-PHC,PRD-0068,131,131,0
2026-04-30,WH-LAG1,PRD-0069,20,21,1
2026-04-30,WH-LAG2,PRD-0069,9,9,0
2026-04-30,WH-IBD,PRD-0069,5,5,0
2026-04-30,WH-ABJ,PRD-0069,21,20,-1
2026-04-30,WH-PHC,PRD-0069,4,4,0
2026-04-30,WH-LAG1,PRD-0070,48,48,0
2026-04-30,WH-LAG2,PRD-0070,21,20,-1
2026-04-30,WH-IBD,PRD-0070,49,49,0
2026-04-30,WH-ABJ,PRD-0070,33,33,0
2026-04-30,WH-PHC,PRD-0070,10,10,0
2026-04-30,WH-LAG1,PRD-0071,33,33,0
2026-04-30,WH-LAG2,PRD-0071,4,4,0
2026-04-30,WH-IBD,PRD-0071,11,11,0
2026-04-30,WH-ABJ,PRD-0071,0,0,0
2026-04-30,WH-PHC,PRD-0071,11,11,0
2026-04-30,WH-LAG1,PRD-0072,79,76,-3
2026-04-30,WH-LAG2,PRD-0072,45,45,0
2026-04-30,WH-IBD,PRD-0072,25,25,0
2026-04-30,WH-ABJ,PRD-0072,45,45,0
2026-04-30,WH-PHC,PRD-0072,24,24,0
2026-04-30,WH-LAG1,PRD-0073,30,30,0
2026-04-30,WH-LAG2,PRD-0073,7,7,0
2026-04-30,WH-IBD,PRD-0073,10,10,0
2026-04-30,WH-ABJ,PRD-0073,23,23,0
2026-04-30,WH-PHC,PRD-0073,10,10,0
2026-04-30,WH-LAG1,PRD-0074,61,61,0
2026-04-30,WH-LAG2,PRD-0074,100,100,0
2026-04-30,WH-IBD,PRD-0074,78,78,0
2026-04-30,WH-ABJ,PRD-0074,32,32,0
2026-04-30,WH-PHC,PRD-0074,94,94,0
2026-04-30,WH-LAG1,PRD-0075,22,22,0
2026-04-30,WH-LAG2,PRD-0075,10,10,0
2026-04-30,WH-IBD,PRD-0075,25,25,0
2026-04-30,WH-ABJ,PRD-0075,29,30,1
2026-04-30,WH-PHC,PRD-0075,31,31,0
2026-04-30,WH-LAG1,PRD-0076,107,107,0
2026-04-30,WH-LAG2,PRD-0076,45,45,0
2026-04-30,WH-IBD,PRD-0076,40,40,0
2026-04-30,WH-ABJ,PRD-0076,35,35,0
2026-04-30,WH-PHC,PRD-0076,81,81,0
2026-04-30,WH-LAG1,PRD-0077,171,171,0
2026-04-30,WH-LAG2,PRD-0077,184,184,0
2026-04-30,WH-IBD,PRD-0077,49,51,2
2026-04-30,WH-ABJ,PRD-0077,226,226,0
2026-04-30,WH-PHC,PRD-0077,82,82,0
2026-04-30,WH-LAG1,PRD-0078,62,62,0
2026-04-30,WH-LAG2,PRD-0078,12,12,0
2026-04-30,WH-IBD,PRD-0078,54,54,0
2026-04-30,WH-ABJ,PRD-0078,18,18,0
2026-04-30,WH-PHC,PRD-0078,25,25,0
2026-04-30,WH-LAG1,PRD-0079,50,50,0
2026-04-30,WH-LAG2,PRD-0079,76,76,0
2026-04-30,WH-IBD,PRD-0079,41,41,0
2026-04-30,WH-ABJ,PRD-0079,32,32,0
2026-04-30,WH-PHC,PRD-0079,47,47,0
2026-04-30,WH-LAG1,PRD-0080,38,38,0
2026-04-30,WH-LAG2,PRD-0080,36,36,0
2026-04-30,WH-IBD,PRD-0080,19,19,0
2026-04-30,WH-ABJ,PRD-0080,78,78,0
2026-04-30,WH-PHC,PRD-0080,61,61,0
2026-04-30,WH-LAG1,PRD-0081,137,137,0
2026-04-30,WH-LAG2,PRD-0081,34,34,0
2026-04-30,WH-IBD,PRD-0081,48,48,0
2026-04-30,WH-ABJ,PRD-0081,84,84,0
2026-04-30,WH-PHC,PRD-0081,57,57,0
2026-04-30,WH-LAG1,PRD-0082,159,159,0
2026-04-30,WH-LAG2,PRD-0082,14,14,0
2026-04-30,WH-IBD,PRD-0082,25,25,0
2026-04-30,WH-ABJ,PRD-0082,68,68,0
2026-04-30,WH-PHC,PRD-0082,84,84,0
2026-04-30,WH-LAG1,PRD-0083,61,61,0
2026-04-30,WH-LAG2,PRD-0083,86,85,-1
2026-04-30,WH-IBD,PRD-0083,90,90,0
2026-04-30,WH-ABJ,PRD-0083,203,203,0
2026-04-30,WH-PHC,PRD-0083,107,107,0
2026-04-30,WH-LAG1,PRD-0084,136,136,0
2026-04-30,WH-LAG2,PRD-0084,56,56,0
2026-04-30,WH-IBD,PRD-0084,46,48,2
2026-04-30,WH-ABJ,PRD-0084,44,44,0
2026-04-30,WH-PHC,PRD-0084,117,117,0
2026-04-30,WH-LAG1,PRD-0085,30,30,0
2026-04-30,WH-LAG2,PRD-0085,86,86,0
2026-04-30,WH-IBD,PRD-0085,42,42,0
2026-04-30,WH-ABJ,PRD-0085,80,80,0
2026-04-30,WH-PHC,PRD-0085,73,73,0
2026-04-30,WH-LAG1,PRD-0086,484,484,0
2026-04-30,WH-LAG2,PRD-0086,111,111,0
2026-04-30,WH-IBD,PRD-0086,300,300,0
2026-04-30,WH-ABJ,PRD-0086,360,360,0
2026-04-30,WH-PHC,PRD-0086,115,115,0
2026-04-30,WH-LAG1,PRD-0087,16,16,0
2026-04-30,WH-LAG2,PRD-0087,16,16,0
2026-04-30,WH-IBD,PRD-0087,5,5,0
2026-04-30,WH-ABJ,PRD-0087,16,15,-1
2026-04-30,WH-PHC,PRD-0087,25,26,1
2026-04-30,WH-LAG1,PRD-0088,67,67,0
2026-04-30,WH-LAG2,PRD-0088,49,49,0
2026-04-30,WH-IBD,PRD-0088,0,0,0
2026-04-30,WH-ABJ,PRD-0088,57,55,-2
2026-04-30,WH-PHC,PRD-0088,56,56,0
2026-04-30,WH-LAG1,PRD-0089,74,74,0
2026-04-30,WH-LAG2,PRD-0089,57,57,0
2026-04-30,WH-IBD,PRD-0089,12,12,0
2026-04-30,WH-ABJ,PRD-0089,51,51,0
2026-04-30,WH-PHC,PRD-0089,50,50,0
2026-04-30,WH-LAG1,PRD-0090,1831,1831,0
2026-04-30,WH-LAG2,PRD-0090,928,928,0
2026-04-30,WH-IBD,PRD-0090,343,340,-3
2026-04-30,WH-ABJ,PRD-0090,1395,1395,0
2026-04-30,WH-PHC,PRD-0090,1354,1354,0
2026-04-30,WH-LAG1,PRD-0091,0,0,0
2026-04-30,WH-LAG2,PRD-0091,298,298,0
2026-04-30,WH-IBD,PRD-0091,116,116,0
2026-04-30,WH-ABJ,PRD-0091,55,55,0
2026-04-30,WH-PHC,PRD-0091,44,44,0
2026-04-30,WH-LAG1,PRD-0092,72,72,0
2026-04-30,WH-LAG2,PRD-0092,51,51,0
2026-04-30,WH-IBD,PRD-0092,39,40,1
2026-04-30,WH-ABJ,PRD-0092,37,37,0
2026-04-30,WH-PHC,PRD-0092,36,36,0
2026-04-30,WH-LAG1,PRD-0093,156,156,0
2026-04-30,WH-LAG2,PRD-0093,424,424,0
2026-04-30,WH-IBD,PRD-0093,39,39,0
2026-04-30,WH-ABJ,PRD-0093,136,136,0
2026-04-30,WH-PHC,PRD-0093,26,25,-1
2026-04-30,WH-LAG1,PRD-0094,36,36,0
2026-04-30,WH-LAG2,PRD-0094,64,64,0
2026-04-30,WH-IBD,PRD-0094,26,26,0
2026-04-30,WH-ABJ,PRD-0094,28,28,0
2026-04-30,WH-PHC,PRD-0094,8,8,0
2026-04-30,WH-LAG1,PRD-0095,0,0,0
2026-04-30,WH-LAG2,PRD-0095,63,63,0
2026-04-30,WH-IBD,PRD-0095,0,0,0
2026-04-30,WH-ABJ,PRD-0095,12,12,0
2026-04-30,WH-PHC,PRD-0095,23,23,0
2026-04-30,WH-LAG1,PRD-0096,29,29,0
2026-04-30,WH-LAG2,PRD-0096,51,51,0
2026-04-30,WH-IBD,PRD-0096,6,6,0
2026-04-30,WH-ABJ,PRD-0096,20,20,0
2026-04-30,WH-PHC,PRD-0096,5,5,0
2026-04-30,WH-LAG1,PRD-0097,33,33,0
2026-04-30,WH-LAG2,PRD-0097,47,47,0
2026-04-30,WH-IBD,PRD-0097,11,11,0
2026-04-30,WH-ABJ,PRD-0097,23,22,-1
2026-04-30,WH-PHC,PRD-0097,9,9,0
2026-04-30,WH-LAG1,PRD-0098,81,81,0
2026-04-30,WH-LAG2,PRD-0098,685,685,0
2026-04-30,WH-IBD,PRD-0098,77,77,0
2026-04-30,WH-ABJ,PRD-0098,169,169,0
2026-04-30,WH-PHC,PRD-0098,50,50,0
2026-04-30,WH-LAG1,PRD-0099,45,45,0
2026-04-30,WH-LAG2,PRD-0099,74,74,0
2026-04-30,WH-IBD,PRD-0099,0,0,0
2026-04-30,WH-ABJ,PRD-0099,11,11,0
2026-04-30,WH-PHC,PRD-0099,15,15,0
2026-04-30,WH-LAG1,PRD-0100,173,173,0
2026-04-30,WH-LAG2,PRD-0100,948,948,0
2026-04-30,WH-IBD,PRD-0100,375,375,0
2026-04-30,WH-ABJ,PRD-0100,332,332,0
2026-04-30,WH-PHC,PRD-0100,353,365,12
2026-04-30,WH-LAG1,PRD-0101,35,35,0
2026-04-30,WH-LAG2,PRD-0101,93,93,0
2026-04-30,WH-IBD,PRD-0101,8,8,0
2026-04-30,WH-ABJ,PRD-0101,36,36,0
2026-04-30,WH-PHC,PRD-0101,25,26,1
2026-04-30,WH-LAG1,PRD-0102,110,110,0
2026-04-30,WH-LAG2,PRD-0102,298,298,0
2026-04-30,WH-IBD,PRD-0102,55,55,0
2026-04-30,WH-ABJ,PRD-0102,12,12,0
2026-04-30,WH-PHC,PRD-0102,72,72,0
2026-04-30,WH-LAG1,PRD-0103,104,104,0
2026-04-30,WH-LAG2,PRD-0103,216,216,0
2026-04-30,WH-IBD,PRD-0103,78,78,0
2026-04-30,WH-ABJ,PRD-0103,35,35,0
2026-04-30,WH-PHC,PRD-0103,16,16,0
2026-04-30,WH-LAG1,PRD-0104,15,16,1
2026-04-30,WH-LAG2,PRD-0104,80,80,0
2026-04-30,WH-IBD,PRD-0104,28,28,0
2026-04-30,WH-ABJ,PRD-0104,23,23,0
2026-04-30,WH-PHC,PRD-0104,10,10,0
2026-04-30,WH-LAG1,PRD-0105,32,32,0
2026-04-30,WH-LAG2,PRD-0105,91,91,0
2026-04-30,WH-IBD,PRD-0105,19,19,0
2026-04-30,WH-ABJ,PRD-0105,20,20,0
2026-04-30,WH-PHC,PRD-0105,13,13,0
2026-04-30,WH-LAG1,PRD-0106,29,29,0
2026-04-30,WH-LAG2,PRD-0106,33,32,-1
2026-04-30,WH-IBD,PRD-0106,7,7,0
2026-04-30,WH-ABJ,PRD-0106,35,35,0
2026-04-30,WH-PHC,PRD-0106,11,11,0
2026-04-30,WH-LAG1,PRD-0107,15,15,0
2026-04-30,WH-LAG2,PRD-0107,35,35,0
2026-04-30,WH-IBD,PRD-0107,9,9,0
2026-04-30,WH-ABJ,PRD-0107,16,16,0
2026-04-30,WH-PHC,PRD-0107,32,32,0
2026-04-30,WH-LAG1,PRD-0108,356,356,0
2026-04-30,WH-LAG2,PRD-0108,624,646,22
2026-04-30,WH-IBD,PRD-0108,182,182,0
2026-04-30,WH-ABJ,PRD-0108,139,139,0
2026-04-30,WH-PHC,PRD-0108,153,153,0
2026-04-30,WH-LAG1,PRD-0109,203,203,0
2026-04-30,WH-LAG2,PRD-0109,85,85,0
2026-04-30,WH-IBD,PRD-0109,62,62,0
2026-04-30,WH-ABJ,PRD-0109,112,112,0
2026-04-30,WH-PHC,PRD-0109,28,28,0
2026-04-30,WH-LAG1,PRD-0110,30,30,0
2026-04-30,WH-LAG2,PRD-0110,9,8,-1
2026-04-30,WH-IBD,PRD-0110,20,19,-1
2026-04-30,WH-ABJ,PRD-0110,29,29,0
2026-04-30,WH-PHC,PRD-0110,23,23,0
2026-04-30,WH-LAG1,PRD-0111,111,111,0
2026-04-30,WH-LAG2,PRD-0111,87,87,0
2026-04-30,WH-IBD,PRD-0111,86,86,0
2026-04-30,WH-ABJ,PRD-0111,118,118,0
2026-04-30,WH-PHC,PRD-0111,78,80,2
2026-04-30,WH-LAG1,PRD-0112,11,11,0
2026-04-30,WH-LAG2,PRD-0112,0,0,-1
2026-04-30,WH-IBD,PRD-0112,1,1,0
2026-04-30,WH-ABJ,PRD-0112,28,28,0
2026-04-30,WH-PHC,PRD-0112,6,6,0
2026-04-30,WH-LAG1,PRD-0113,152,152,0
2026-04-30,WH-LAG2,PRD-0113,12,12,0
2026-04-30,WH-IBD,PRD-0113,77,77,0
2026-04-30,WH-ABJ,PRD-0113,135,135,0
2026-04-30,WH-PHC,PRD-0113,55,55,0
2026-04-30,WH-LAG1,PRD-0114,26,26,0
2026-04-30,WH-LAG2,PRD-0114,20,20,0
2026-04-30,WH-IBD,PRD-0114,4,4,0
2026-04-30,WH-ABJ,PRD-0114,20,20,0
2026-04-30,WH-PHC,PRD-0114,15,14,-1
2026-04-30,WH-LAG1,PRD-0115,51,51,0
2026-04-30,WH-LAG2,PRD-0115,19,19,0
2026-04-30,WH-IBD,PRD-0115,43,43,0
2026-04-30,WH-ABJ,PRD-0115,39,39,0
2026-04-30,WH-PHC,PRD-0115,57,57,0
2026-04-30,WH-LAG1,PRD-0116,92,89,-3
2026-04-30,WH-LAG2,PRD-0116,25,25,0
2026-04-30,WH-IBD,PRD-0116,27,27,0
2026-04-30,WH-ABJ,PRD-0116,61,61,0
2026-04-30,WH-PHC,PRD-0116,52,50,-2
2026-04-30,WH-LAG1,PRD-0117,28,28,0
2026-04-30,WH-LAG2,PRD-0117,78,79,1
2026-04-30,WH-IBD,PRD-0117,25,25,0
2026-04-30,WH-ABJ,PRD-0117,26,26,0
2026-04-30,WH-PHC,PRD-0117,38,38,0
2026-04-30,WH-LAG1,PRD-0118,162,162,0
2026-04-30,WH-LAG2,PRD-0118,41,41,0
2026-04-30,WH-IBD,PRD-0118,62,62,0
2026-04-30,WH-ABJ,PRD-0118,120,120,0
2026-04-30,WH-PHC,PRD-0118,23,22,-1
2026-04-30,WH-LAG1,PRD-0119,25,25,0
2026-04-30,WH-LAG2,PRD-0119,23,23,0
2026-04-30,WH-IBD,PRD-0119,9,9,0
2026-04-30,WH-ABJ,PRD-0119,10,10,0
2026-04-30,WH-PHC,PRD-0119,15,15,0
2026-04-30,WH-LAG1,PRD-0120,100,100,0
2026-04-30,WH-LAG2,PRD-0120,127,127,0
2026-04-30,WH-IBD,PRD-0120,23,23,0
2026-04-30,WH-ABJ,PRD-0120,129,129,0
2026-04-30,WH-PHC,PRD-0120,105,105,0
2026-04-30,WH-LAG1,PRD-0121,197,197,0
2026-04-30,WH-LAG2,PRD-0121,60,60,0
2026-04-30,WH-IBD,PRD-0121,80,83,3
2026-04-30,WH-ABJ,PRD-0121,46,46,0
2026-04-30,WH-PHC,PRD-0121,137,137,0
2026-04-30,WH-LAG1,PRD-0122,173,173,0
2026-04-30,WH-LAG2,PRD-0122,145,145,0
2026-04-30,WH-IBD,PRD-0122,44,44,0
2026-04-30,WH-ABJ,PRD-0122,133,133,0
2026-04-30,WH-PHC,PRD-0122,134,134,0
2026-04-30,WH-LAG1,PRD-0123,100,100,0
2026-04-30,WH-LAG2,PRD-0123,34,34,0
2026-04-30,WH-IBD,PRD-0123,0,0,0
2026-04-30,WH-ABJ,PRD-0123,12,12,0
2026-04-30,WH-PHC,PRD-0123,3,3,0
2026-04-30,WH-LAG1,PRD-0124,51,51,0
2026-04-30,WH-LAG2,PRD-0124,32,32,0
2026-04-30,WH-IBD,PRD-0124,60,60,0
2026-04-30,WH-ABJ,PRD-0124,23,23,0
2026-04-30,WH-PHC,PRD-0124,27,27,0
2026-04-30,WH-LAG1,PRD-0125,526,526,0
2026-04-30,WH-LAG2,PRD-0125,247,247,0
2026-04-30,WH-IBD,PRD-0125,206,206,0
2026-04-30,WH-ABJ,PRD-0125,235,235,0
2026-04-30,WH-PHC,PRD-0125,77,77,0
2026-04-30,WH-LAG1,PRD-0126,58,58,0
2026-04-30,WH-LAG2,PRD-0126,38,37,-1
2026-04-30,WH-IBD,PRD-0126,53,53,0
2026-04-30,WH-ABJ,PRD-0126,16,16,0
2026-04-30,WH-PHC,PRD-0126,33,33,0
2026-04-30,WH-LAG1,PRD-0127,35,35,0
2026-04-30,WH-LAG2,PRD-0127,45,45,0
2026-04-30,WH-IBD,PRD-0127,25,25,0
2026-04-30,WH-ABJ,PRD-0127,32,32,0
2026-04-30,WH-PHC,PRD-0127,45,45,0
2026-04-30,WH-LAG1,PRD-0128,24,24,0
2026-04-30,WH-LAG2,PRD-0128,36,36,0
2026-04-30,WH-IBD,PRD-0128,77,77,0
2026-04-30,WH-ABJ,PRD-0128,69,70,1
2026-04-30,WH-PHC,PRD-0128,39,39,0
2026-04-30,WH-LAG1,PRD-0129,19,19,0
2026-04-30,WH-LAG2,PRD-0129,0,0,0
2026-04-30,WH-IBD,PRD-0129,10,10,0
2026-04-30,WH-ABJ,PRD-0129,22,21,-1
2026-04-30,WH-PHC,PRD-0129,9,9,0
2026-04-30,WH-LAG1,PRD-0130,82,82,0
2026-04-30,WH-LAG2,PRD-0130,40,40,0
2026-04-30,WH-IBD,PRD-0130,21,21,0
2026-04-30,WH-ABJ,PRD-0130,19,19,0
2026-04-30,WH-PHC,PRD-0130,37,38,1
2026-04-30,WH-LAG1,PRD-0131,78,78,0
2026-04-30,WH-LAG2,PRD-0131,49,49,0
2026-04-30,WH-IBD,PRD-0131,35,35,0
2026-04-30,WH-ABJ,PRD-0131,59,59,0
2026-04-30,WH-PHC,PRD-0131,5,5,0
2026-04-30,WH-LAG1,PRD-0132,44,44,0
2026-04-30,WH-LAG2,PRD-0132,63,65,2
2026-04-30,WH-IBD,PRD-0132,37,37,0
2026-04-30,WH-ABJ,PRD-0132,70,70,0
2026-04-30,WH-PHC,PRD-0132,54,54,0
2026-04-30,WH-LAG1,PRD-0133,34,34,0
2026-04-30,WH-LAG2,PRD-0133,17,16,-1
2026-04-30,WH-IBD,PRD-0133,6,6,0
2026-04-30,WH-ABJ,PRD-0133,43,43,0
2026-04-30,WH-PHC,PRD-0133,47,47,0
2026-04-30,WH-LAG1,PRD-0134,52,52,0
2026-04-30,WH-LAG2,PRD-0134,42,42,0
2026-04-30,WH-IBD,PRD-0134,10,10,0
2026-04-30,WH-ABJ,PRD-0134,22,22,0
2026-04-30,WH-PHC,PRD-0134,39,39,0
2026-04-30,WH-LAG1,PRD-0135,191,183,-8
2026-04-30,WH-LAG2,PRD-0135,60,60,0
2026-04-30,WH-IBD,PRD-0135,51,50,-1
2026-04-30,WH-ABJ,PRD-0135,153,153,0
2026-04-30,WH-PHC,PRD-0135,58,58,0
2026-04-30,WH-LAG1,PRD-0136,97,97,0
2026-04-30,WH-LAG2,PRD-0136,21,21,0
2026-04-30,WH-IBD,PRD-0136,68,68,0
2026-04-30,WH-ABJ,PRD-0136,25,25,0
2026-04-30,WH-PHC,PRD-0136,18,17,-1
2026-04-30,WH-LAG1,PRD-0137,139,139,0
2026-04-30,WH-LAG2,PRD-0137,37,37,0
2026-04-30,WH-IBD,PRD-0137,46,46,0
2026-04-30,WH-ABJ,PRD-0137,95,95,0
2026-04-30,WH-PHC,PRD-0137,39,39,0
2026-04-30,WH-LAG1,PRD-0138,35,35,0
2026-04-30,WH-LAG2,PRD-0138,58,57,-1
2026-04-30,WH-IBD,PRD-0138,29,29,0
2026-04-30,WH-ABJ,PRD-0138,27,27,0
2026-04-30,WH-PHC,PRD-0138,114,114,0
2026-04-30,WH-LAG1,PRD-0139,97,94,-3
2026-04-30,WH-LAG2,PRD-0139,0,0,0
2026-04-30,WH-IBD,PRD-0139,57,57,0
2026-04-30,WH-ABJ,PRD-0139,96,96,0
2026-04-30,WH-PHC,PRD-0139,69,69,0
2026-04-30,WH-LAG1,PRD-0140,50,50,0
2026-04-30,WH-LAG2,PRD-0140,40,40,0
2026-04-30,WH-IBD,PRD-0140,10,10,0
2026-04-30,WH-ABJ,PRD-0140,53,53,0
2026-04-30,WH-PHC,PRD-0140,9,9,0
2026-04-30,WH-LAG1,PRD-0141,81,81,0
2026-04-30,WH-LAG2,PRD-0141,31,31,0
2026-04-30,WH-IBD,PRD-0141,53,53,0
2026-04-30,WH-ABJ,PRD-0141,67,67,0
2026-04-30,WH-PHC,PRD-0141,63,63,0
2026-04-30,WH-LAG1,PRD-0142,242,242,0
2026-04-30,WH-LAG2,PRD-0142,124,124,0
2026-04-30,WH-IBD,PRD-0142,85,85,0
2026-04-30,WH-ABJ,PRD-0142,92,92,0
2026-04-30,WH-PHC,PRD-0142,151,151,0
2026-04-30,WH-LAG1,PRD-0143,16,16,0
2026-04-30,WH-LAG2,PRD-0143,55,55,0
2026-04-30,WH-IBD,PRD-0143,25,25,0
2026-04-30,WH-ABJ,PRD-0143,64,64,0
2026-04-30,WH-PHC,PRD-0143,43,43,0
2026-04-30,WH-LAG1,PRD-0144,127,129,2
2026-04-30,WH-LAG2,PRD-0144,23,23,0
2026-04-30,WH-IBD,PRD-0144,51,51,0
2026-04-30,WH-ABJ,PRD-0144,63,63,0
2026-04-30,WH-PHC,PRD-0144,53,53,0
2026-04-30,WH-LAG1,PRD-0145,166,161,-5
2026-04-30,WH-LAG2,PRD-0145,62,62,0
2026-04-30,WH-IBD,PRD-0145,54,54,0
2026-04-30,WH-ABJ,PRD-0145,54,54,0
2026-04-30,WH-PHC,PRD-0145,93,93,0
2026-04-30,WH-LAG1,PRD-0146,0,0,0
2026-04-30,WH-LAG2,PRD-0146,50,50,0
2026-04-30,WH-IBD,PRD-0146,16,16,0
2026-04-30,WH-ABJ,PRD-0146,58,58,0
2026-04-30,WH-PHC,PRD-0146,43,42,-1
2026-04-30,WH-LAG1,PRD-0147,29,29,0
2026-04-30,WH-LAG2,PRD-0147,18,18,0
2026-04-30,WH-IBD,PRD-0147,50,50,0
2026-04-30,WH-ABJ,PRD-0147,62,62,0
2026-04-30,WH-PHC,PRD-0147,56,56,0
2026-04-30,WH-LAG1,PRD-0148,65,65,0
2026-04-30,WH-LAG2,PRD-0148,14,13,-1
2026-04-30,WH-IBD,PRD-0148,9,9,0
2026-04-30,WH-ABJ,PRD-0148,14,14,0
2026-04-30,WH-PHC,PRD-0148,19,19,0
2026-04-30,WH-LAG1,PRD-0149,38,38,0
2026-04-30,WH-LAG2,PRD-0149,8,8,0
2026-04-30,WH-IBD,PRD-0149,15,15,0
2026-04-30,WH-ABJ,PRD-0149,33,33,0
2026-04-30,WH-PHC,PRD-0149,11,11,0
2026-04-30,WH-LAG1,PRD-0150,147,147,0
2026-04-30,WH-LAG2,PRD-0150,12,12,0
2026-04-30,WH-IBD,PRD-0150,45,45,0
2026-04-30,WH-ABJ,PRD-0150,103,103,0
2026-04-30,WH-PHC,PRD-0150,34,34,0
2026-04-30,WH-LAG1,PRD-0151,682,682,0
2026-04-30,WH-LAG2,PRD-0151,495,478,-17
2026-04-30,WH-IBD,PRD-0151,223,223,0
2026-04-30,WH-ABJ,PRD-0151,796,796,0
2026-04-30,WH-PHC,PRD-0151,584,584,0
2026-04-30,WH-LAG1,PRD-0152,39,39,0
2026-04-30,WH-LAG2,PRD-0152,10,10,0
2026-04-30,WH-IBD,PRD-0152,36,37,1
2026-04-30,WH-ABJ,PRD-0152,32,32,0
2026-04-30,WH-PHC,PRD-0152,7,7,0
2026-04-30,WH-LAG1,PRD-0153,315,315,0
2026-04-30,WH-LAG2,PRD-0153,99,99,0
2026-04-30,WH-IBD,PRD-0153,131,131,0
2026-04-30,WH-ABJ,PRD-0153,51,51,0
2026-04-30,WH-PHC,PRD-0153,89,89,0
2026-04-30,WH-LAG1,PRD-0154,97,97,0
2026-04-30,WH-LAG2,PRD-0154,23,23,0
2026-04-30,WH-IBD,PRD-0154,26,26,0
2026-04-30,WH-ABJ,PRD-0154,18,18,0
2026-04-30,WH-PHC,PRD-0154,54,54,0
2026-04-30,WH-LAG1,PRD-0155,110,107,-3
2026-04-30,WH-LAG2,PRD-0155,33,33,0
2026-04-30,WH-IBD,PRD-0155,20,20,0
2026-04-30,WH-ABJ,PRD-0155,21,21,0
2026-04-30,WH-PHC,PRD-0155,41,41,0
2026-04-30,WH-LAG1,PRD-0156,240,240,0
2026-04-30,WH-LAG2,PRD-0156,103,103,0
2026-04-30,WH-IBD,PRD-0156,72,72,0
2026-04-30,WH-ABJ,PRD-0156,214,214,0
2026-04-30,WH-PHC,PRD-0156,135,135,0
2026-04-30,WH-LAG1,PRD-0157,164,164,0
2026-04-30,WH-LAG2,PRD-0157,17,17,0
2026-04-30,WH-IBD,PRD-0157,16,16,0
2026-04-30,WH-ABJ,PRD-0157,88,88,0
2026-04-30,WH-PHC,PRD-0157,64,64,0
2026-04-30,WH-LAG1,PRD-0158,6,5,-1
2026-04-30,WH-LAG2,PRD-0158,20,20,0
2026-04-30,WH-IBD,PRD-0158,17,17,0
2026-04-30,WH-ABJ,PRD-0158,11,11,0
2026-04-30,WH-PHC,PRD-0158,15,15,0
2026-04-30,WH-LAG1,PRD-0159,46,46,0
2026-04-30,WH-LAG2,PRD-0159,16,16,0
2026-04-30,WH-IBD,PRD-0159,38,38,0
2026-04-30,WH-ABJ,PRD-0159,61,61,0
2026-04-30,WH-PHC,PRD-0159,47,47,0
2026-04-30,WH-LAG1,PRD-0160,140,140,0
2026-04-30,WH-LAG2,PRD-0160,29,28,-1
2026-04-30,WH-IBD,PRD-0160,179,179,0
2026-04-30,WH-ABJ,PRD-0160,129,129,0
2026-04-30,WH-PHC,PRD-0160,191,191,0
2026-04-30,WH-LAG1,PRD-0161,310,310,0
2026-04-30,WH-LAG2,PRD-0161,348,348,0
2026-04-30,WH-IBD,PRD-0161,210,210,0
2026-04-30,WH-ABJ,PRD-0161,151,151,0
2026-04-30,WH-PHC,PRD-0161,124,124,0
2026-04-30,WH-LAG1,PRD-0162,90,94,4
2026-04-30,WH-LAG2,PRD-0162,34,34,0
2026-04-30,WH-IBD,PRD-0162,36,36,0
2026-04-30,WH-ABJ,PRD-0162,56,56,0
2026-04-30,WH-PHC,PRD-0162,27,27,0
2026-04-30,WH-LAG1,PRD-0163,99,99,0
2026-04-30,WH-LAG2,PRD-0163,75,75,0
2026-04-30,WH-IBD,PRD-0163,70,72,2
2026-04-30,WH-ABJ,PRD-0163,32,32,0
2026-04-30,WH-PHC,PRD-0163,61,61,0
2026-04-30,WH-LAG1,PRD-0164,81,81,0
2026-04-30,WH-LAG2,PRD-0164,22,22,0
2026-04-30,WH-IBD,PRD-0164,36,36,0
2026-04-30,WH-ABJ,PRD-0164,40,40,0
2026-04-30,WH-PHC,PRD-0164,17,17,0
2026-04-30,WH-LAG1,PRD-0165,90,90,0
2026-04-30,WH-LAG2,PRD-0165,161,167,6
2026-04-30,WH-IBD,PRD-0165,111,111,0
2026-04-30,WH-ABJ,PRD-0165,142,142,0
2026-04-30,WH-PHC,PRD-0165,83,83,0
2026-04-30,WH-LAG1,PRD-0166,211,211,0
2026-04-30,WH-LAG2,PRD-0166,178,178,0
2026-04-30,WH-IBD,PRD-0166,168,168,0
2026-04-30,WH-ABJ,PRD-0166,112,108,-4
2026-04-30,WH-PHC,PRD-0166,19,19,0
2026-04-30,WH-LAG1,PRD-0167,51,51,0
2026-04-30,WH-LAG2,PRD-0167,72,72,0
2026-04-30,WH-IBD,PRD-0167,66,66,0
2026-04-30,WH-ABJ,PRD-0167,72,74,2
2026-04-30,WH-PHC,PRD-0167,68,68,0
2026-04-30,WH-LAG1,PRD-0168,33,33,0
2026-04-30,WH-LAG2,PRD-0168,13,13,0
2026-04-30,WH-IBD,PRD-0168,35,35,0
2026-04-30,WH-ABJ,PRD-0168,15,15,0
2026-04-30,WH-PHC,PRD-0168,15,15,0
2026-04-30,WH-LAG1,PRD-0169,120,121,1
2026-04-30,WH-LAG2,PRD-0169,14,14,0
2026-04-30,WH-IBD,PRD-0169,47,47,0
2026-04-30,WH-ABJ,PRD-0169,36,36,0
2026-04-30,WH-PHC,PRD-0169,0,0,0
2026-04-30,WH-LAG1,PRD-0170,141,141,0
2026-04-30,WH-LAG2,PRD-0170,84,85,1
2026-04-30,WH-IBD,PRD-0170,43,43,0
2026-04-30,WH-ABJ,PRD-0170,63,63,0
2026-04-30,WH-PHC,PRD-0170,59,57,-2
2026-05-31,WH-LAG1,PRD-0001,51,51,0
2026-05-31,WH-LAG2,PRD-0001,27,27,0
2026-05-31,WH-IBD,PRD-0001,36,37,1
2026-05-31,WH-ABJ,PRD-0001,15,15,0
2026-05-31,WH-PHC,PRD-0001,47,47,0
2026-05-31,WH-LAG1,PRD-0002,46,46,0
2026-05-31,WH-LAG2,PRD-0002,32,32,0
2026-05-31,WH-IBD,PRD-0002,22,23,1
2026-05-31,WH-ABJ,PRD-0002,15,15,0
2026-05-31,WH-PHC,PRD-0002,23,23,0
2026-05-31,WH-LAG1,PRD-0003,33,33,0
2026-05-31,WH-LAG2,PRD-0003,28,28,0
2026-05-31,WH-IBD,PRD-0003,18,18,0
2026-05-31,WH-ABJ,PRD-0003,0,0,0
2026-05-31,WH-PHC,PRD-0003,18,18,0
2026-05-31,WH-LAG1,PRD-0004,322,322,0
2026-05-31,WH-LAG2,PRD-0004,199,199,0
2026-05-31,WH-IBD,PRD-0004,165,158,-7
2026-05-31,WH-ABJ,PRD-0004,356,345,-11
2026-05-31,WH-PHC,PRD-0004,231,231,0
2026-05-31,WH-LAG1,PRD-0005,69,69,0
2026-05-31,WH-LAG2,PRD-0005,113,113,0
2026-05-31,WH-IBD,PRD-0005,57,57,0
2026-05-31,WH-ABJ,PRD-0005,56,54,-2
2026-05-31,WH-PHC,PRD-0005,55,55,0
2026-05-31,WH-LAG1,PRD-0006,49,48,-1
2026-05-31,WH-LAG2,PRD-0006,19,19,0
2026-05-31,WH-IBD,PRD-0006,10,10,0
2026-05-31,WH-ABJ,PRD-0006,30,30,0
2026-05-31,WH-PHC,PRD-0006,0,0,0
2026-05-31,WH-LAG1,PRD-0007,177,177,0
2026-05-31,WH-LAG2,PRD-0007,82,82,0
2026-05-31,WH-IBD,PRD-0007,37,37,0
2026-05-31,WH-ABJ,PRD-0007,80,83,3
2026-05-31,WH-PHC,PRD-0007,83,83,0
2026-05-31,WH-LAG1,PRD-0008,44,44,0
2026-05-31,WH-LAG2,PRD-0008,28,29,1
2026-05-31,WH-IBD,PRD-0008,8,8,0
2026-05-31,WH-ABJ,PRD-0008,40,39,-1
2026-05-31,WH-PHC,PRD-0008,23,23,0
2026-05-31,WH-LAG1,PRD-0009,12,12,0
2026-05-31,WH-LAG2,PRD-0009,23,23,0
2026-05-31,WH-IBD,PRD-0009,25,25,0
2026-05-31,WH-ABJ,PRD-0009,0,0,0
2026-05-31,WH-PHC,PRD-0009,14,14,0
2026-05-31,WH-LAG1,PRD-0010,23,23,0
2026-05-31,WH-LAG2,PRD-0010,0,0,0
2026-05-31,WH-IBD,PRD-0010,10,10,0
2026-05-31,WH-ABJ,PRD-0010,26,26,0
2026-05-31,WH-PHC,PRD-0010,21,21,0
2026-05-31,WH-LAG1,PRD-0011,79,82,3
2026-05-31,WH-LAG2,PRD-0011,46,46,0
2026-05-31,WH-IBD,PRD-0011,95,95,0
2026-05-31,WH-ABJ,PRD-0011,33,33,0
2026-05-31,WH-PHC,PRD-0011,12,12,0
2026-05-31,WH-LAG1,PRD-0012,32,32,0
2026-05-31,WH-LAG2,PRD-0012,24,24,0
2026-05-31,WH-IBD,PRD-0012,46,46,0
2026-05-31,WH-ABJ,PRD-0012,32,32,0
2026-05-31,WH-PHC,PRD-0012,47,47,0
2026-05-31,WH-LAG1,PRD-0013,41,41,0
2026-05-31,WH-LAG2,PRD-0013,13,13,0
2026-05-31,WH-IBD,PRD-0013,13,13,0
2026-05-31,WH-ABJ,PRD-0013,5,5,0
2026-05-31,WH-PHC,PRD-0013,14,15,1
2026-05-31,WH-LAG1,PRD-0014,26,26,0
2026-05-31,WH-LAG2,PRD-0014,8,9,1
2026-05-31,WH-IBD,PRD-0014,0,0,0
2026-05-31,WH-ABJ,PRD-0014,12,12,0
2026-05-31,WH-PHC,PRD-0014,4,5,1
2026-05-31,WH-LAG1,PRD-0015,96,96,0
2026-05-31,WH-LAG2,PRD-0015,81,81,0
2026-05-31,WH-IBD,PRD-0015,1,1,0
2026-05-31,WH-ABJ,PRD-0015,12,12,0
2026-05-31,WH-PHC,PRD-0015,7,8,1
2026-05-31,WH-LAG1,PRD-0016,192,192,0
2026-05-31,WH-LAG2,PRD-0016,23,23,0
2026-05-31,WH-IBD,PRD-0016,55,56,1
2026-05-31,WH-ABJ,PRD-0016,57,57,0
2026-05-31,WH-PHC,PRD-0016,43,41,-2
2026-05-31,WH-LAG1,PRD-0017,85,85,0
2026-05-31,WH-LAG2,PRD-0017,18,18,0
2026-05-31,WH-IBD,PRD-0017,18,18,0
2026-05-31,WH-ABJ,PRD-0017,13,12,-1
2026-05-31,WH-PHC,PRD-0017,13,13,0
2026-05-31,WH-LAG1,PRD-0018,3,2,-1
2026-05-31,WH-LAG2,PRD-0018,21,21,0
2026-05-31,WH-IBD,PRD-0018,60,60,0
2026-05-31,WH-ABJ,PRD-0018,118,118,0
2026-05-31,WH-PHC,PRD-0018,54,54,0
2026-05-31,WH-LAG1,PRD-0019,24,24,0
2026-05-31,WH-LAG2,PRD-0019,97,101,4
2026-05-31,WH-IBD,PRD-0019,15,15,0
2026-05-31,WH-ABJ,PRD-0019,7,7,0
2026-05-31,WH-PHC,PRD-0019,26,26,0
2026-05-31,WH-LAG1,PRD-0020,57,57,0
2026-05-31,WH-LAG2,PRD-0020,61,61,0
2026-05-31,WH-IBD,PRD-0020,113,113,0
2026-05-31,WH-ABJ,PRD-0020,76,76,0
2026-05-31,WH-PHC,PRD-0020,97,97,0
2026-05-31,WH-LAG1,PRD-0021,83,83,0
2026-05-31,WH-LAG2,PRD-0021,43,43,0
2026-05-31,WH-IBD,PRD-0021,34,34,0
2026-05-31,WH-ABJ,PRD-0021,9,8,-1
2026-05-31,WH-PHC,PRD-0021,28,28,0
2026-05-31,WH-LAG1,PRD-0022,14,14,0
2026-05-31,WH-LAG2,PRD-0022,26,26,0
2026-05-31,WH-IBD,PRD-0022,25,25,0
2026-05-31,WH-ABJ,PRD-0022,22,22,0
2026-05-31,WH-PHC,PRD-0022,27,27,0
2026-05-31,WH-LAG1,PRD-0023,62,62,0
2026-05-31,WH-LAG2,PRD-0023,61,61,0
2026-05-31,WH-IBD,PRD-0023,53,53,0
2026-05-31,WH-ABJ,PRD-0023,23,24,1
2026-05-31,WH-PHC,PRD-0023,11,11,0
2026-05-31,WH-LAG1,PRD-0024,0,0,0
2026-05-31,WH-LAG2,PRD-0024,0,0,0
2026-05-31,WH-IBD,PRD-0024,27,27,0
2026-05-31,WH-ABJ,PRD-0024,14,15,1
2026-05-31,WH-PHC,PRD-0024,26,26,0
2026-05-31,WH-LAG1,PRD-0025,101,101,0
2026-05-31,WH-LAG2,PRD-0025,4,3,-1
2026-05-31,WH-IBD,PRD-0025,19,19,0
2026-05-31,WH-ABJ,PRD-0025,23,23,0
2026-05-31,WH-PHC,PRD-0025,70,70,0
2026-05-31,WH-LAG1,PRD-0026,58,58,0
2026-05-31,WH-LAG2,PRD-0026,31,31,0
2026-05-31,WH-IBD,PRD-0026,47,47,0
2026-05-31,WH-ABJ,PRD-0026,43,43,0
2026-05-31,WH-PHC,PRD-0026,30,30,0
2026-05-31,WH-LAG1,PRD-0027,6,6,0
2026-05-31,WH-LAG2,PRD-0027,24,24,0
2026-05-31,WH-IBD,PRD-0027,5,4,-1
2026-05-31,WH-ABJ,PRD-0027,0,0,0
2026-05-31,WH-PHC,PRD-0027,31,31,0
2026-05-31,WH-LAG1,PRD-0028,32,32,0
2026-05-31,WH-LAG2,PRD-0028,53,53,0
2026-05-31,WH-IBD,PRD-0028,35,35,0
2026-05-31,WH-ABJ,PRD-0028,32,32,0
2026-05-31,WH-PHC,PRD-0028,60,60,0
2026-05-31,WH-LAG1,PRD-0029,36,36,0
2026-05-31,WH-LAG2,PRD-0029,34,34,0
2026-05-31,WH-IBD,PRD-0029,33,33,0
2026-05-31,WH-ABJ,PRD-0029,28,28,0
2026-05-31,WH-PHC,PRD-0029,0,1,1
2026-05-31,WH-LAG1,PRD-0030,0,0,0
2026-05-31,WH-LAG2,PRD-0030,0,0,0
2026-05-31,WH-IBD,PRD-0030,5,5,0
2026-05-31,WH-ABJ,PRD-0030,23,23,0
2026-05-31,WH-PHC,PRD-0030,23,23,0
2026-05-31,WH-LAG1,PRD-0031,125,125,0
2026-05-31,WH-LAG2,PRD-0031,40,40,0
2026-05-31,WH-IBD,PRD-0031,19,19,0
2026-05-31,WH-ABJ,PRD-0031,25,25,0
2026-05-31,WH-PHC,PRD-0031,39,39,0
2026-05-31,WH-LAG1,PRD-0032,27,27,0
2026-05-31,WH-LAG2,PRD-0032,19,18,-1
2026-05-31,WH-IBD,PRD-0032,30,30,0
2026-05-31,WH-ABJ,PRD-0032,7,7,0
2026-05-31,WH-PHC,PRD-0032,20,20,0
2026-05-31,WH-LAG1,PRD-0033,114,114,0
2026-05-31,WH-LAG2,PRD-0033,10,10,0
2026-05-31,WH-IBD,PRD-0033,10,10,0
2026-05-31,WH-ABJ,PRD-0033,37,37,0
2026-05-31,WH-PHC,PRD-0033,58,58,0
2026-05-31,WH-LAG1,PRD-0034,62,62,0
2026-05-31,WH-LAG2,PRD-0034,32,32,0
2026-05-31,WH-IBD,PRD-0034,3,3,0
2026-05-31,WH-ABJ,PRD-0034,15,16,1
2026-05-31,WH-PHC,PRD-0034,32,32,0
2026-05-31,WH-LAG1,PRD-0035,77,77,0
2026-05-31,WH-LAG2,PRD-0035,72,72,0
2026-05-31,WH-IBD,PRD-0035,78,78,0
2026-05-31,WH-ABJ,PRD-0035,96,96,0
2026-05-31,WH-PHC,PRD-0035,45,45,0
2026-05-31,WH-LAG1,PRD-0036,24,24,0
2026-05-31,WH-LAG2,PRD-0036,42,42,0
2026-05-31,WH-IBD,PRD-0036,29,28,-1
2026-05-31,WH-ABJ,PRD-0036,12,12,0
2026-05-31,WH-PHC,PRD-0036,67,67,0
2026-05-31,WH-LAG1,PRD-0037,126,126,0
2026-05-31,WH-LAG2,PRD-0037,59,59,0
2026-05-31,WH-IBD,PRD-0037,55,55,0
2026-05-31,WH-ABJ,PRD-0037,145,145,0
2026-05-31,WH-PHC,PRD-0037,61,61,0
2026-05-31,WH-LAG1,PRD-0038,1,1,0
2026-05-31,WH-LAG2,PRD-0038,12,12,0
2026-05-31,WH-IBD,PRD-0038,5,5,0
2026-05-31,WH-ABJ,PRD-0038,21,21,0
2026-05-31,WH-PHC,PRD-0038,3,3,0
2026-05-31,WH-LAG1,PRD-0039,185,185,0
2026-05-31,WH-LAG2,PRD-0039,67,67,0
2026-05-31,WH-IBD,PRD-0039,116,116,0
2026-05-31,WH-ABJ,PRD-0039,223,223,0
2026-05-31,WH-PHC,PRD-0039,128,128,0
2026-05-31,WH-LAG1,PRD-0040,54,54,0
2026-05-31,WH-LAG2,PRD-0040,45,45,0
2026-05-31,WH-IBD,PRD-0040,45,45,0
2026-05-31,WH-ABJ,PRD-0040,23,23,0
2026-05-31,WH-PHC,PRD-0040,6,6,0
2026-05-31,WH-LAG1,PRD-0041,63,63,0
2026-05-31,WH-LAG2,PRD-0041,42,42,0
2026-05-31,WH-IBD,PRD-0041,35,35,0
2026-05-31,WH-ABJ,PRD-0041,30,30,0
2026-05-31,WH-PHC,PRD-0041,65,65,0
2026-05-31,WH-LAG1,PRD-0042,10,10,0
2026-05-31,WH-LAG2,PRD-0042,17,17,0
2026-05-31,WH-IBD,PRD-0042,15,15,0
2026-05-31,WH-ABJ,PRD-0042,19,19,0
2026-05-31,WH-PHC,PRD-0042,19,19,0
2026-05-31,WH-LAG1,PRD-0043,66,66,0
2026-05-31,WH-LAG2,PRD-0043,51,51,0
2026-05-31,WH-IBD,PRD-0043,36,36,0
2026-05-31,WH-ABJ,PRD-0043,31,31,0
2026-05-31,WH-PHC,PRD-0043,21,21,0
2026-05-31,WH-LAG1,PRD-0044,9,9,0
2026-05-31,WH-LAG2,PRD-0044,6,6,0
2026-05-31,WH-IBD,PRD-0044,2,2,0
2026-05-31,WH-ABJ,PRD-0044,13,13,0
2026-05-31,WH-PHC,PRD-0044,15,15,0
2026-05-31,WH-LAG1,PRD-0045,123,123,0
2026-05-31,WH-LAG2,PRD-0045,82,82,0
2026-05-31,WH-IBD,PRD-0045,44,44,0
2026-05-31,WH-ABJ,PRD-0045,113,113,0
2026-05-31,WH-PHC,PRD-0045,51,51,0
2026-05-31,WH-LAG1,PRD-0046,115,115,0
2026-05-31,WH-LAG2,PRD-0046,54,54,0
2026-05-31,WH-IBD,PRD-0046,4,4,0
2026-05-31,WH-ABJ,PRD-0046,13,13,0
2026-05-31,WH-PHC,PRD-0046,45,45,0
2026-05-31,WH-LAG1,PRD-0047,100,100,0
2026-05-31,WH-LAG2,PRD-0047,57,57,0
2026-05-31,WH-IBD,PRD-0047,14,14,0
2026-05-31,WH-ABJ,PRD-0047,41,41,0
2026-05-31,WH-PHC,PRD-0047,34,34,0
2026-05-31,WH-LAG1,PRD-0048,126,126,0
2026-05-31,WH-LAG2,PRD-0048,2,2,0
2026-05-31,WH-IBD,PRD-0048,66,66,0
2026-05-31,WH-ABJ,PRD-0048,25,25,0
2026-05-31,WH-PHC,PRD-0048,24,25,1
2026-05-31,WH-LAG1,PRD-0049,92,92,0
2026-05-31,WH-LAG2,PRD-0049,61,61,0
2026-05-31,WH-IBD,PRD-0049,44,44,0
2026-05-31,WH-ABJ,PRD-0049,60,60,0
2026-05-31,WH-PHC,PRD-0049,41,41,0
2026-05-31,WH-LAG1,PRD-0050,52,52,0
2026-05-31,WH-LAG2,PRD-0050,25,25,0
2026-05-31,WH-IBD,PRD-0050,43,44,1
2026-05-31,WH-ABJ,PRD-0050,42,42,0
2026-05-31,WH-PHC,PRD-0050,52,52,0
2026-05-31,WH-LAG1,PRD-0051,261,261,0
2026-05-31,WH-LAG2,PRD-0051,55,55,0
2026-05-31,WH-IBD,PRD-0051,74,74,0
2026-05-31,WH-ABJ,PRD-0051,57,57,0
2026-05-31,WH-PHC,PRD-0051,157,157,0
2026-05-31,WH-LAG1,PRD-0052,40,40,0
2026-05-31,WH-LAG2,PRD-0052,16,16,0
2026-05-31,WH-IBD,PRD-0052,1,1,0
2026-05-31,WH-ABJ,PRD-0052,13,13,0
2026-05-31,WH-PHC,PRD-0052,18,18,0
2026-05-31,WH-LAG1,PRD-0053,39,39,0
2026-05-31,WH-LAG2,PRD-0053,10,10,0
2026-05-31,WH-IBD,PRD-0053,15,15,0
2026-05-31,WH-ABJ,PRD-0053,25,25,0
2026-05-31,WH-PHC,PRD-0053,8,8,0
2026-05-31,WH-LAG1,PRD-0054,40,40,0
2026-05-31,WH-LAG2,PRD-0054,50,50,0
2026-05-31,WH-IBD,PRD-0054,37,37,0
2026-05-31,WH-ABJ,PRD-0054,37,37,0
2026-05-31,WH-PHC,PRD-0054,16,16,0
2026-05-31,WH-LAG1,PRD-0055,26,26,0
2026-05-31,WH-LAG2,PRD-0055,23,23,0
2026-05-31,WH-IBD,PRD-0055,34,34,0
2026-05-31,WH-ABJ,PRD-0055,12,12,0
2026-05-31,WH-PHC,PRD-0055,70,70,0
2026-05-31,WH-LAG1,PRD-0056,42,42,0
2026-05-31,WH-LAG2,PRD-0056,37,37,0
2026-05-31,WH-IBD,PRD-0056,40,41,1
2026-05-31,WH-ABJ,PRD-0056,46,46,0
2026-05-31,WH-PHC,PRD-0056,33,33,0
2026-05-31,WH-LAG1,PRD-0057,185,185,0
2026-05-31,WH-LAG2,PRD-0057,76,76,0
2026-05-31,WH-IBD,PRD-0057,126,126,0
2026-05-31,WH-ABJ,PRD-0057,138,138,0
2026-05-31,WH-PHC,PRD-0057,161,161,0
2026-05-31,WH-LAG1,PRD-0058,32,32,0
2026-05-31,WH-LAG2,PRD-0058,47,47,0
2026-05-31,WH-IBD,PRD-0058,46,46,0
2026-05-31,WH-ABJ,PRD-0058,55,55,0
2026-05-31,WH-PHC,PRD-0058,37,37,0
2026-05-31,WH-LAG1,PRD-0059,97,97,0
2026-05-31,WH-LAG2,PRD-0059,14,14,0
2026-05-31,WH-IBD,PRD-0059,69,67,-2
2026-05-31,WH-ABJ,PRD-0059,0,0,0
2026-05-31,WH-PHC,PRD-0059,15,15,0
2026-05-31,WH-LAG1,PRD-0060,83,83,0
2026-05-31,WH-LAG2,PRD-0060,99,99,0
2026-05-31,WH-IBD,PRD-0060,167,167,0
2026-05-31,WH-ABJ,PRD-0060,76,76,0
2026-05-31,WH-PHC,PRD-0060,134,134,0
2026-05-31,WH-LAG1,PRD-0061,192,185,-7
2026-05-31,WH-LAG2,PRD-0061,36,36,0
2026-05-31,WH-IBD,PRD-0061,107,107,0
2026-05-31,WH-ABJ,PRD-0061,94,94,0
2026-05-31,WH-PHC,PRD-0061,152,152,0
2026-05-31,WH-LAG1,PRD-0062,174,174,0
2026-05-31,WH-LAG2,PRD-0062,100,100,0
2026-05-31,WH-IBD,PRD-0062,103,103,0
2026-05-31,WH-ABJ,PRD-0062,100,100,0
2026-05-31,WH-PHC,PRD-0062,94,93,-1
2026-05-31,WH-LAG1,PRD-0063,80,81,1
2026-05-31,WH-LAG2,PRD-0063,65,65,0
2026-05-31,WH-IBD,PRD-0063,36,36,0
2026-05-31,WH-ABJ,PRD-0063,68,68,0
2026-05-31,WH-PHC,PRD-0063,63,63,0
2026-05-31,WH-LAG1,PRD-0064,282,282,0
2026-05-31,WH-LAG2,PRD-0064,44,44,0
2026-05-31,WH-IBD,PRD-0064,90,90,0
2026-05-31,WH-ABJ,PRD-0064,49,49,0
2026-05-31,WH-PHC,PRD-0064,81,81,0
2026-05-31,WH-LAG1,PRD-0065,98,98,0
2026-05-31,WH-LAG2,PRD-0065,36,36,0
2026-05-31,WH-IBD,PRD-0065,15,15,0
2026-05-31,WH-ABJ,PRD-0065,5,5,0
2026-05-31,WH-PHC,PRD-0065,29,29,0
2026-05-31,WH-LAG1,PRD-0066,6,6,0
2026-05-31,WH-LAG2,PRD-0066,8,8,0
2026-05-31,WH-IBD,PRD-0066,6,6,0
2026-05-31,WH-ABJ,PRD-0066,8,8,0
2026-05-31,WH-PHC,PRD-0066,11,11,0
2026-05-31,WH-LAG1,PRD-0067,81,81,0
2026-05-31,WH-LAG2,PRD-0067,51,51,0
2026-05-31,WH-IBD,PRD-0067,39,38,-1
2026-05-31,WH-ABJ,PRD-0067,41,41,0
2026-05-31,WH-PHC,PRD-0067,40,40,0
2026-05-31,WH-LAG1,PRD-0068,170,170,0
2026-05-31,WH-LAG2,PRD-0068,98,98,0
2026-05-31,WH-IBD,PRD-0068,31,31,0
2026-05-31,WH-ABJ,PRD-0068,67,67,0
2026-05-31,WH-PHC,PRD-0068,108,113,5
2026-05-31,WH-LAG1,PRD-0069,20,20,0
2026-05-31,WH-LAG2,PRD-0069,9,9,0
2026-05-31,WH-IBD,PRD-0069,5,5,0
2026-05-31,WH-ABJ,PRD-0069,21,21,0
2026-05-31,WH-PHC,PRD-0069,22,22,0
2026-05-31,WH-LAG1,PRD-0070,28,28,0
2026-05-31,WH-LAG2,PRD-0070,27,27,0
2026-05-31,WH-IBD,PRD-0070,41,42,1
2026-05-31,WH-ABJ,PRD-0070,16,16,0
2026-05-31,WH-PHC,PRD-0070,45,45,0
2026-05-31,WH-LAG1,PRD-0071,33,33,0
2026-05-31,WH-LAG2,PRD-0071,4,4,0
2026-05-31,WH-IBD,PRD-0071,11,10,-1
2026-05-31,WH-ABJ,PRD-0071,17,17,0
2026-05-31,WH-PHC,PRD-0071,2,2,0
2026-05-31,WH-LAG1,PRD-0072,60,60,0
2026-05-31,WH-LAG2,PRD-0072,45,45,0
2026-05-31,WH-IBD,PRD-0072,18,18,0
2026-05-31,WH-ABJ,PRD-0072,28,28,0
2026-05-31,WH-PHC,PRD-0072,24,23,-1
2026-05-31,WH-LAG1,PRD-0073,15,15,0
2026-05-31,WH-LAG2,PRD-0073,7,7,0
2026-05-31,WH-IBD,PRD-0073,7,7,0
2026-05-31,WH-ABJ,PRD-0073,9,9,0
2026-05-31,WH-PHC,PRD-0073,10,10,0
2026-05-31,WH-LAG1,PRD-0074,120,120,0
2026-05-31,WH-LAG2,PRD-0074,84,84,0
2026-05-31,WH-IBD,PRD-0074,62,62,0
2026-05-31,WH-ABJ,PRD-0074,12,12,0
2026-05-31,WH-PHC,PRD-0074,74,74,0
2026-05-31,WH-LAG1,PRD-0075,67,67,0
2026-05-31,WH-LAG2,PRD-0075,35,36,1
2026-05-31,WH-IBD,PRD-0075,14,14,0
2026-05-31,WH-ABJ,PRD-0075,25,25,0
2026-05-31,WH-PHC,PRD-0075,31,31,0
2026-05-31,WH-LAG1,PRD-0076,44,44,0
2026-05-31,WH-LAG2,PRD-0076,21,21,0
2026-05-31,WH-IBD,PRD-0076,14,14,0
2026-05-31,WH-ABJ,PRD-0076,83,83,0
2026-05-31,WH-PHC,PRD-0076,64,64,0
2026-05-31,WH-LAG1,PRD-0077,454,454,0
2026-05-31,WH-LAG2,PRD-0077,146,146,0
2026-05-31,WH-IBD,PRD-0077,158,158,0
2026-05-31,WH-ABJ,PRD-0077,61,61,0
2026-05-31,WH-PHC,PRD-0077,135,135,0
2026-05-31,WH-LAG1,PRD-0078,187,187,0
2026-05-31,WH-LAG2,PRD-0078,84,84,0
2026-05-31,WH-IBD,PRD-0078,43,43,0
2026-05-31,WH-ABJ,PRD-0078,87,87,0
2026-05-31,WH-PHC,PRD-0078,24,24,0
2026-05-31,WH-LAG1,PRD-0079,127,127,0
2026-05-31,WH-LAG2,PRD-0079,76,76,0
2026-05-31,WH-IBD,PRD-0079,38,38,0
2026-05-31,WH-ABJ,PRD-0079,95,95,0
2026-05-31,WH-PHC,PRD-0079,35,35,0
2026-05-31,WH-LAG1,PRD-0080,144,144,0
2026-05-31,WH-LAG2,PRD-0080,28,28,0
2026-05-31,WH-IBD,PRD-0080,45,45,0
2026-05-31,WH-ABJ,PRD-0080,12,13,1
2026-05-31,WH-PHC,PRD-0080,47,47,0
2026-05-31,WH-LAG1,PRD-0081,84,84,0
2026-05-31,WH-LAG2,PRD-0081,81,81,0
2026-05-31,WH-IBD,PRD-0081,39,39,0
2026-05-31,WH-ABJ,PRD-0081,84,84,0
2026-05-31,WH-PHC,PRD-0081,52,53,1
2026-05-31,WH-LAG1,PRD-0082,146,146,0
2026-05-31,WH-LAG2,PRD-0082,64,64,0
2026-05-31,WH-IBD,PRD-0082,20,20,0
2026-05-31,WH-ABJ,PRD-0082,141,141,0
2026-05-31,WH-PHC,PRD-0082,75,75,0
2026-05-31,WH-LAG1,PRD-0083,222,222,0
2026-05-31,WH-LAG2,PRD-0083,86,86,0
2026-05-31,WH-IBD,PRD-0083,60,60,0
2026-05-31,WH-ABJ,PRD-0083,164,169,5
2026-05-31,WH-PHC,PRD-0083,28,27,-1
2026-05-31,WH-LAG1,PRD-0084,76,76,0
2026-05-31,WH-LAG2,PRD-0084,130,131,1
2026-05-31,WH-IBD,PRD-0084,18,18,0
2026-05-31,WH-ABJ,PRD-0084,132,132,0
2026-05-31,WH-PHC,PRD-0084,111,111,0
2026-05-31,WH-LAG1,PRD-0085,116,116,0
2026-05-31,WH-LAG2,PRD-0085,71,71,0
2026-05-31,WH-IBD,PRD-0085,35,35,0
2026-05-31,WH-ABJ,PRD-0085,76,76,0
2026-05-31,WH-PHC,PRD-0085,35,35,0
2026-05-31,WH-LAG1,PRD-0086,278,278,0
2026-05-31,WH-LAG2,PRD-0086,53,53,0
2026-05-31,WH-IBD,PRD-0086,232,232,0
2026-05-31,WH-ABJ,PRD-0086,286,286,0
2026-05-31,WH-PHC,PRD-0086,55,55,0
2026-05-31,WH-LAG1,PRD-0087,16,16,0
2026-05-31,WH-LAG2,PRD-0087,16,16,0
2026-05-31,WH-IBD,PRD-0087,5,5,0
2026-05-31,WH-ABJ,PRD-0087,15,15,0
2026-05-31,WH-PHC,PRD-0087,25,25,0
2026-05-31,WH-LAG1,PRD-0088,47,47,0
2026-05-31,WH-LAG2,PRD-0088,49,49,0
2026-05-31,WH-IBD,PRD-0088,52,54,2
2026-05-31,WH-ABJ,PRD-0088,57,57,0
2026-05-31,WH-PHC,PRD-0088,56,56,0
2026-05-31,WH-LAG1,PRD-0089,54,54,0
2026-05-31,WH-LAG2,PRD-0089,57,58,1
2026-05-31,WH-IBD,PRD-0089,53,53,0
2026-05-31,WH-ABJ,PRD-0089,51,51,0
2026-05-31,WH-PHC,PRD-0089,67,67,0
2026-05-31,WH-LAG1,PRD-0090,1082,1082,0
2026-05-31,WH-LAG2,PRD-0090,546,546,0
2026-05-31,WH-IBD,PRD-0090,1064,1064,0
2026-05-31,WH-ABJ,PRD-0090,1012,1012,0
2026-05-31,WH-PHC,PRD-0090,923,923,0
2026-05-31,WH-LAG1,PRD-0091,184,180,-4
2026-05-31,WH-LAG2,PRD-0091,260,260,0
2026-05-31,WH-IBD,PRD-0091,0,0,0
2026-05-31,WH-ABJ,PRD-0091,4,4,0
2026-05-31,WH-PHC,PRD-0091,19,19,0
2026-05-31,WH-LAG1,PRD-0092,72,72,0
2026-05-31,WH-LAG2,PRD-0092,33,33,0
2026-05-31,WH-IBD,PRD-0092,33,33,0
2026-05-31,WH-ABJ,PRD-0092,0,0,0
2026-05-31,WH-PHC,PRD-0092,23,23,0
2026-05-31,WH-LAG1,PRD-0093,100,100,0
2026-05-31,WH-LAG2,PRD-0093,415,415,0
2026-05-31,WH-IBD,PRD-0093,29,29,0
2026-05-31,WH-ABJ,PRD-0093,129,129,0
2026-05-31,WH-PHC,PRD-0093,126,125,-1
2026-05-31,WH-LAG1,PRD-0094,36,36,0
2026-05-31,WH-LAG2,PRD-0094,64,64,0
2026-05-31,WH-IBD,PRD-0094,26,26,0
2026-05-31,WH-ABJ,PRD-0094,26,26,0
2026-05-31,WH-PHC,PRD-0094,8,8,0
2026-05-31,WH-LAG1,PRD-0095,34,34,0
2026-05-31,WH-LAG2,PRD-0095,22,22,0
2026-05-31,WH-IBD,PRD-0095,22,21,-1
2026-05-31,WH-ABJ,PRD-0095,1,1,0
2026-05-31,WH-PHC,PRD-0095,15,15,0
2026-05-31,WH-LAG1,PRD-0096,22,22,0
2026-05-31,WH-LAG2,PRD-0096,44,44,0
2026-05-31,WH-IBD,PRD-0096,6,6,0
2026-05-31,WH-ABJ,PRD-0096,16,16,0
2026-05-31,WH-PHC,PRD-0096,20,20,0
2026-05-31,WH-LAG1,PRD-0097,33,33,0
2026-05-31,WH-LAG2,PRD-0097,47,47,0
2026-05-31,WH-IBD,PRD-0097,11,11,0
2026-05-31,WH-ABJ,PRD-0097,9,9,0
2026-05-31,WH-PHC,PRD-0097,9,9,0
2026-05-31,WH-LAG1,PRD-0098,305,305,0
2026-05-31,WH-LAG2,PRD-0098,681,681,0
2026-05-31,WH-IBD,PRD-0098,39,39,0
2026-05-31,WH-ABJ,PRD-0098,85,85,0
2026-05-31,WH-PHC,PRD-0098,197,197,0
2026-05-31,WH-LAG1,PRD-0099,45,45,0
2026-05-31,WH-LAG2,PRD-0099,74,72,-2
2026-05-31,WH-IBD,PRD-0099,36,36,0
2026-05-31,WH-ABJ,PRD-0099,9,9,0
2026-05-31,WH-PHC,PRD-0099,15,15,0
2026-05-31,WH-LAG1,PRD-0100,398,398,0
2026-05-31,WH-LAG2,PRD-0100,864,864,0
2026-05-31,WH-IBD,PRD-0100,269,265,-4
2026-05-31,WH-ABJ,PRD-0100,242,242,0
2026-05-31,WH-PHC,PRD-0100,292,292,0
2026-05-31,WH-LAG1,PRD-0101,14,15,1
2026-05-31,WH-LAG2,PRD-0101,75,77,2
2026-05-31,WH-IBD,PRD-0101,21,21,0
2026-05-31,WH-ABJ,PRD-0101,36,36,0
2026-05-31,WH-PHC,PRD-0101,14,14,0
2026-05-31,WH-LAG1,PRD-0102,41,41,0
2026-05-31,WH-LAG2,PRD-0102,276,276,0
2026-05-31,WH-IBD,PRD-0102,29,29,0
2026-05-31,WH-ABJ,PRD-0102,63,63,0
2026-05-31,WH-PHC,PRD-0102,72,71,-1
2026-05-31,WH-LAG1,PRD-0103,43,44,1
2026-05-31,WH-LAG2,PRD-0103,209,209,0
2026-05-31,WH-IBD,PRD-0103,76,76,0
2026-05-31,WH-ABJ,PRD-0103,29,29,0
2026-05-31,WH-PHC,PRD-0103,77,77,0
2026-05-31,WH-LAG1,PRD-0104,15,15,0
2026-05-31,WH-LAG2,PRD-0104,75,75,0
2026-05-31,WH-IBD,PRD-0104,25,25,0
2026-05-31,WH-ABJ,PRD-0104,23,23,0
2026-05-31,WH-PHC,PRD-0104,10,10,0
2026-05-31,WH-LAG1,PRD-0105,24,24,0
2026-05-31,WH-LAG2,PRD-0105,91,91,0
2026-05-31,WH-IBD,PRD-0105,19,19,0
2026-05-31,WH-ABJ,PRD-0105,9,9,0
2026-05-31,WH-PHC,PRD-0105,7,7,0
2026-05-31,WH-LAG1,PRD-0106,29,29,0
2026-05-31,WH-LAG2,PRD-0106,33,33,0
2026-05-31,WH-IBD,PRD-0106,7,8,1
2026-05-31,WH-ABJ,PRD-0106,35,35,0
2026-05-31,WH-PHC,PRD-0106,11,11,0
2026-05-31,WH-LAG1,PRD-0107,37,37,0
2026-05-31,WH-LAG2,PRD-0107,23,23,0
2026-05-31,WH-IBD,PRD-0107,8,8,0
2026-05-31,WH-ABJ,PRD-0107,12,12,0
2026-05-31,WH-PHC,PRD-0107,32,32,0
2026-05-31,WH-LAG1,PRD-0108,307,307,0
2026-05-31,WH-LAG2,PRD-0108,534,534,0
2026-05-31,WH-IBD,PRD-0108,146,146,0
2026-05-31,WH-ABJ,PRD-0108,82,83,1
2026-05-31,WH-PHC,PRD-0108,126,126,0
2026-05-31,WH-LAG1,PRD-0109,101,101,0
2026-05-31,WH-LAG2,PRD-0109,82,82,0
2026-05-31,WH-IBD,PRD-0109,41,41,0
2026-05-31,WH-ABJ,PRD-0109,65,65,0
2026-05-31,WH-PHC,PRD-0109,83,82,-1
2026-05-31,WH-LAG1,PRD-0110,30,30,0
2026-05-31,WH-LAG2,PRD-0110,33,33,0
2026-05-31,WH-IBD,PRD-0110,20,20,0
2026-05-31,WH-ABJ,PRD-0110,29,29,0
2026-05-31,WH-PHC,PRD-0110,21,21,0
2026-05-31,WH-LAG1,PRD-0111,91,91,0
2026-05-31,WH-LAG2,PRD-0111,71,71,0
2026-05-31,WH-IBD,PRD-0111,75,75,0
2026-05-31,WH-ABJ,PRD-0111,101,101,0
2026-05-31,WH-PHC,PRD-0111,70,70,0
2026-05-31,WH-LAG1,PRD-0112,49,49,0
2026-05-31,WH-LAG2,PRD-0112,4,4,0
2026-05-31,WH-IBD,PRD-0112,21,21,0
2026-05-31,WH-ABJ,PRD-0112,28,28,0
2026-05-31,WH-PHC,PRD-0112,21,21,0
2026-05-31,WH-LAG1,PRD-0113,125,125,0
2026-05-31,WH-LAG2,PRD-0113,120,120,0
2026-05-31,WH-IBD,PRD-0113,62,62,0
2026-05-31,WH-ABJ,PRD-0113,121,121,0
2026-05-31,WH-PHC,PRD-0113,31,30,-1
2026-05-31,WH-LAG1,PRD-0114,26,26,0
2026-05-31,WH-LAG2,PRD-0114,20,20,0
2026-05-31,WH-IBD,PRD-0114,4,4,0
2026-05-31,WH-ABJ,PRD-0114,20,20,0
2026-05-31,WH-PHC,PRD-0114,15,15,0
2026-05-31,WH-LAG1,PRD-0115,34,34,0
2026-05-31,WH-LAG2,PRD-0115,0,0,0
2026-05-31,WH-IBD,PRD-0115,24,24,0
2026-05-31,WH-ABJ,PRD-0115,37,37,0
2026-05-31,WH-PHC,PRD-0115,37,37,0
2026-05-31,WH-LAG1,PRD-0116,85,85,0
2026-05-31,WH-LAG2,PRD-0116,11,11,0
2026-05-31,WH-IBD,PRD-0116,27,27,0
2026-05-31,WH-ABJ,PRD-0116,45,45,0
2026-05-31,WH-PHC,PRD-0116,48,48,0
2026-05-31,WH-LAG1,PRD-0117,92,91,-1
2026-05-31,WH-LAG2,PRD-0117,69,69,0
2026-05-31,WH-IBD,PRD-0117,0,0,0
2026-05-31,WH-ABJ,PRD-0117,85,85,0
2026-05-31,WH-PHC,PRD-0117,74,74,0
2026-05-31,WH-LAG1,PRD-0118,59,59,0
2026-05-31,WH-LAG2,PRD-0118,170,170,0
2026-05-31,WH-IBD,PRD-0118,114,114,0
2026-05-31,WH-ABJ,PRD-0118,83,83,0
2026-05-31,WH-PHC,PRD-0118,160,160,0
2026-05-31,WH-LAG1,PRD-0119,12,12,0
2026-05-31,WH-LAG2,PRD-0119,4,4,0
2026-05-31,WH-IBD,PRD-0119,9,9,0
2026-05-31,WH-ABJ,PRD-0119,10,10,0
2026-05-31,WH-PHC,PRD-0119,15,15,0
2026-05-31,WH-LAG1,PRD-0120,250,250,0
2026-05-31,WH-LAG2,PRD-0120,118,116,-2
2026-05-31,WH-IBD,PRD-0120,131,131,0
2026-05-31,WH-ABJ,PRD-0120,107,107,0
2026-05-31,WH-PHC,PRD-0120,56,56,0
2026-05-31,WH-LAG1,PRD-0121,89,89,0
2026-05-31,WH-LAG2,PRD-0121,38,38,0
2026-05-31,WH-IBD,PRD-0121,44,44,0
2026-05-31,WH-ABJ,PRD-0121,196,196,0
2026-05-31,WH-PHC,PRD-0121,67,67,0
2026-05-31,WH-LAG1,PRD-0122,109,109,0
2026-05-31,WH-LAG2,PRD-0122,130,130,0
2026-05-31,WH-IBD,PRD-0122,37,38,1
2026-05-31,WH-ABJ,PRD-0122,96,96,0
2026-05-31,WH-PHC,PRD-0122,84,84,0
2026-05-31,WH-LAG1,PRD-0123,82,82,0
2026-05-31,WH-LAG2,PRD-0123,0,0,0
2026-05-31,WH-IBD,PRD-0123,78,78,0
2026-05-31,WH-ABJ,PRD-0123,96,98,2
2026-05-31,WH-PHC,PRD-0123,45,44,-1
2026-05-31,WH-LAG1,PRD-0124,51,51,0
2026-05-31,WH-LAG2,PRD-0124,32,32,0
2026-05-31,WH-IBD,PRD-0124,60,60,0
2026-05-31,WH-ABJ,PRD-0124,23,23,0
2026-05-31,WH-PHC,PRD-0124,27,27,0
2026-05-31,WH-LAG1,PRD-0125,307,298,-9
2026-05-31,WH-LAG2,PRD-0125,54,54,0
2026-05-31,WH-IBD,PRD-0125,137,137,0
2026-05-31,WH-ABJ,PRD-0125,73,73,0
2026-05-31,WH-PHC,PRD-0125,394,394,0
2026-05-31,WH-LAG1,PRD-0126,40,40,0
2026-05-31,WH-LAG2,PRD-0126,38,39,1
2026-05-31,WH-IBD,PRD-0126,53,53,0
2026-05-31,WH-ABJ,PRD-0126,5,5,0
2026-05-31,WH-PHC,PRD-0126,23,23,0
2026-05-31,WH-LAG1,PRD-0127,116,116,0
2026-05-31,WH-LAG2,PRD-0127,45,45,0
2026-05-31,WH-IBD,PRD-0127,23,22,-1
2026-05-31,WH-ABJ,PRD-0127,17,17,0
2026-05-31,WH-PHC,PRD-0127,45,45,0
2026-05-31,WH-LAG1,PRD-0128,130,130,0
2026-05-31,WH-LAG2,PRD-0128,98,98,0
2026-05-31,WH-IBD,PRD-0128,65,64,-1
2026-05-31,WH-ABJ,PRD-0128,52,52,0
2026-05-31,WH-PHC,PRD-0128,87,87,0
2026-05-31,WH-LAG1,PRD-0129,19,19,0
2026-05-31,WH-LAG2,PRD-0129,17,17,0
2026-05-31,WH-IBD,PRD-0129,10,10,0
2026-05-31,WH-ABJ,PRD-0129,13,13,0
2026-05-31,WH-PHC,PRD-0129,9,9,0
2026-05-31,WH-LAG1,PRD-0130,70,70,0
2026-05-31,WH-LAG2,PRD-0130,40,40,0
2026-05-31,WH-IBD,PRD-0130,12,12,0
2026-05-31,WH-ABJ,PRD-0130,56,56,0
2026-05-31,WH-PHC,PRD-0130,37,37,0
2026-05-31,WH-LAG1,PRD-0131,141,141,0
2026-05-31,WH-LAG2,PRD-0131,0,0,-1
2026-05-31,WH-IBD,PRD-0131,35,35,0
2026-05-31,WH-ABJ,PRD-0131,55,55,0
2026-05-31,WH-PHC,PRD-0131,103,103,0
2026-05-31,WH-LAG1,PRD-0132,83,80,-3
2026-05-31,WH-LAG2,PRD-0132,63,63,0
2026-05-31,WH-IBD,PRD-0132,37,37,0
2026-05-31,WH-ABJ,PRD-0132,41,41,0
2026-05-31,WH-PHC,PRD-0132,54,54,0
2026-05-31,WH-LAG1,PRD-0133,24,24,0
2026-05-31,WH-LAG2,PRD-0133,13,13,0
2026-05-31,WH-IBD,PRD-0133,6,6,0
2026-05-31,WH-ABJ,PRD-0133,43,43,0
2026-05-31,WH-PHC,PRD-0133,35,35,0
2026-05-31,WH-LAG1,PRD-0134,22,22,0
2026-05-31,WH-LAG2,PRD-0134,32,32,0
2026-05-31,WH-IBD,PRD-0134,10,10,0
2026-05-31,WH-ABJ,PRD-0134,22,22,0
2026-05-31,WH-PHC,PRD-0134,39,39,0
2026-05-31,WH-LAG1,PRD-0135,74,74,0
2026-05-31,WH-LAG2,PRD-0135,41,41,0
2026-05-31,WH-IBD,PRD-0135,39,39,0
2026-05-31,WH-ABJ,PRD-0135,126,126,0
2026-05-31,WH-PHC,PRD-0135,142,137,-5
2026-05-31,WH-LAG1,PRD-0136,84,84,0
2026-05-31,WH-LAG2,PRD-0136,21,21,0
2026-05-31,WH-IBD,PRD-0136,68,68,0
2026-05-31,WH-ABJ,PRD-0136,0,0,0
2026-05-31,WH-PHC,PRD-0136,18,18,0
2026-05-31,WH-LAG1,PRD-0137,120,120,0
2026-05-31,WH-LAG2,PRD-0137,27,26,-1
2026-05-31,WH-IBD,PRD-0137,30,30,0
2026-05-31,WH-ABJ,PRD-0137,88,88,0
2026-05-31,WH-PHC,PRD-0137,29,29,0
2026-05-31,WH-LAG1,PRD-0138,186,186,0
2026-05-31,WH-LAG2,PRD-0138,42,42,0
2026-05-31,WH-IBD,PRD-0138,23,23,0
2026-05-31,WH-ABJ,PRD-0138,125,123,-2
2026-05-31,WH-PHC,PRD-0138,101,102,1
2026-05-31,WH-LAG1,PRD-0139,59,59,0
2026-05-31,WH-LAG2,PRD-0139,67,67,0
2026-05-31,WH-IBD,PRD-0139,56,56,0
2026-05-31,WH-ABJ,PRD-0139,91,88,-3
2026-05-31,WH-PHC,PRD-0139,69,69,0
2026-05-31,WH-LAG1,PRD-0140,50,50,0
2026-05-31,WH-LAG2,PRD-0140,37,37,0
2026-05-31,WH-IBD,PRD-0140,10,10,0
2026-05-31,WH-ABJ,PRD-0140,40,40,0
2026-05-31,WH-PHC,PRD-0140,9,9,0
2026-05-31,WH-LAG1,PRD-0141,74,74,0
2026-05-31,WH-LAG2,PRD-0141,24,24,0
2026-05-31,WH-IBD,PRD-0141,42,42,0
2026-05-31,WH-ABJ,PRD-0141,42,42,0
2026-05-31,WH-PHC,PRD-0141,63,66,3
2026-05-31,WH-LAG1,PRD-0142,127,127,0
2026-05-31,WH-LAG2,PRD-0142,96,96,0
2026-05-31,WH-IBD,PRD-0142,14,15,1
2026-05-31,WH-ABJ,PRD-0142,23,23,0
2026-05-31,WH-PHC,PRD-0142,132,132,0
2026-05-31,WH-LAG1,PRD-0143,75,75,0
2026-05-31,WH-LAG2,PRD-0143,42,42,0
2026-05-31,WH-IBD,PRD-0143,11,11,0
2026-05-31,WH-ABJ,PRD-0143,59,59,0
2026-05-31,WH-PHC,PRD-0143,40,40,0
2026-05-31,WH-LAG1,PRD-0144,106,106,0
2026-05-31,WH-LAG2,PRD-0144,2,2,0
2026-05-31,WH-IBD,PRD-0144,36,36,0
2026-05-31,WH-ABJ,PRD-0144,55,53,-2
2026-05-31,WH-PHC,PRD-0144,53,53,0
2026-05-31,WH-LAG1,PRD-0145,140,140,0
2026-05-31,WH-LAG2,PRD-0145,44,44,0
2026-05-31,WH-IBD,PRD-0145,68,68,0
2026-05-31,WH-ABJ,PRD-0145,37,37,0
2026-05-31,WH-PHC,PRD-0145,70,70,0
2026-05-31,WH-LAG1,PRD-0146,34,34,0
2026-05-31,WH-LAG2,PRD-0146,41,41,0
2026-05-31,WH-IBD,PRD-0146,16,16,0
2026-05-31,WH-ABJ,PRD-0146,58,58,0
2026-05-31,WH-PHC,PRD-0146,38,39,1
2026-05-31,WH-LAG1,PRD-0147,20,20,0
2026-05-31,WH-LAG2,PRD-0147,49,49,0
2026-05-31,WH-IBD,PRD-0147,35,35,0
2026-05-31,WH-ABJ,PRD-0147,62,62,0
2026-05-31,WH-PHC,PRD-0147,50,50,0
2026-05-31,WH-LAG1,PRD-0148,65,65,0
2026-05-31,WH-LAG2,PRD-0148,55,55,0
2026-05-31,WH-IBD,PRD-0148,5,5,0
2026-05-31,WH-ABJ,PRD-0148,14,14,0
2026-05-31,WH-PHC,PRD-0148,45,45,0
2026-05-31,WH-LAG1,PRD-0149,18,18,0
2026-05-31,WH-LAG2,PRD-0149,27,27,0
2026-05-31,WH-IBD,PRD-0149,9,9,0
2026-05-31,WH-ABJ,PRD-0149,12,12,0
2026-05-31,WH-PHC,PRD-0149,23,23,0
2026-05-31,WH-LAG1,PRD-0150,127,127,0
2026-05-31,WH-LAG2,PRD-0150,24,24,0
2026-05-31,WH-IBD,PRD-0150,36,36,0
2026-05-31,WH-ABJ,PRD-0150,71,71,0
2026-05-31,WH-PHC,PRD-0150,83,83,0
2026-05-31,WH-LAG1,PRD-0151,426,426,0
2026-05-31,WH-LAG2,PRD-0151,344,344,0
2026-05-31,WH-IBD,PRD-0151,523,523,0
2026-05-31,WH-ABJ,PRD-0151,650,650,0
2026-05-31,WH-PHC,PRD-0151,355,355,0
2026-05-31,WH-LAG1,PRD-0152,39,40,1
2026-05-31,WH-LAG2,PRD-0152,10,10,0
2026-05-31,WH-IBD,PRD-0152,34,33,-1
2026-05-31,WH-ABJ,PRD-0152,32,32,0
2026-05-31,WH-PHC,PRD-0152,7,7,0
2026-05-31,WH-LAG1,PRD-0153,261,257,-4
2026-05-31,WH-LAG2,PRD-0153,65,65,0
2026-05-31,WH-IBD,PRD-0153,94,96,2
2026-05-31,WH-ABJ,PRD-0153,149,146,-3
2026-05-31,WH-PHC,PRD-0153,170,170,0
2026-05-31,WH-LAG1,PRD-0154,92,92,0
2026-05-31,WH-LAG2,PRD-0154,23,23,0
2026-05-31,WH-IBD,PRD-0154,26,26,0
2026-05-31,WH-ABJ,PRD-0154,67,67,0
2026-05-31,WH-PHC,PRD-0154,50,50,0
2026-05-31,WH-LAG1,PRD-0155,83,84,1
2026-05-31,WH-LAG2,PRD-0155,73,73,0
2026-05-31,WH-IBD,PRD-0155,42,42,0
2026-05-31,WH-ABJ,PRD-0155,39,38,-1
2026-05-31,WH-PHC,PRD-0155,41,41,0
2026-05-31,WH-LAG1,PRD-0156,102,102,0
2026-05-31,WH-LAG2,PRD-0156,51,51,0
2026-05-31,WH-IBD,PRD-0156,43,43,0
2026-05-31,WH-ABJ,PRD-0156,190,190,0
2026-05-31,WH-PHC,PRD-0156,108,104,-4
2026-05-31,WH-LAG1,PRD-0157,139,145,6
2026-05-31,WH-LAG2,PRD-0157,60,60,0
2026-05-31,WH-IBD,PRD-0157,71,71,0
2026-05-31,WH-ABJ,PRD-0157,61,59,-2
2026-05-31,WH-PHC,PRD-0157,48,48,0
2026-05-31,WH-LAG1,PRD-0158,49,49,0
2026-05-31,WH-LAG2,PRD-0158,20,20,0
2026-05-31,WH-IBD,PRD-0158,17,17,0
2026-05-31,WH-ABJ,PRD-0158,11,11,0
2026-05-31,WH-PHC,PRD-0158,15,16,1
2026-05-31,WH-LAG1,PRD-0159,37,38,1
2026-05-31,WH-LAG2,PRD-0159,16,16,0
2026-05-31,WH-IBD,PRD-0159,38,38,0
2026-05-31,WH-ABJ,PRD-0159,61,61,0
2026-05-31,WH-PHC,PRD-0159,47,47,0
2026-05-31,WH-LAG1,PRD-0160,299,299,0
2026-05-31,WH-LAG2,PRD-0160,93,93,0
2026-05-31,WH-IBD,PRD-0160,164,164,0
2026-05-31,WH-ABJ,PRD-0160,71,71,0
2026-05-31,WH-PHC,PRD-0160,115,120,5
2026-05-31,WH-LAG1,PRD-0161,164,164,0
2026-05-31,WH-LAG2,PRD-0161,280,280,0
2026-05-31,WH-IBD,PRD-0161,179,179,0
2026-05-31,WH-ABJ,PRD-0161,370,370,0
2026-05-31,WH-PHC,PRD-0161,387,387,0
2026-05-31,WH-LAG1,PRD-0162,45,46,1
2026-05-31,WH-LAG2,PRD-0162,28,28,0
2026-05-31,WH-IBD,PRD-0162,19,18,-1
2026-05-31,WH-ABJ,PRD-0162,56,56,0
2026-05-31,WH-PHC,PRD-0162,27,27,0
2026-05-31,WH-LAG1,PRD-0163,58,58,0
2026-05-31,WH-LAG2,PRD-0163,69,69,0
2026-05-31,WH-IBD,PRD-0163,70,70,0
2026-05-31,WH-ABJ,PRD-0163,51,51,0
2026-05-31,WH-PHC,PRD-0163,45,46,1
2026-05-31,WH-LAG1,PRD-0164,63,63,0
2026-05-31,WH-LAG2,PRD-0164,12,12,0
2026-05-31,WH-IBD,PRD-0164,20,20,0
2026-05-31,WH-ABJ,PRD-0164,29,29,0
2026-05-31,WH-PHC,PRD-0164,16,16,0
2026-05-31,WH-LAG1,PRD-0165,345,340,-5
2026-05-31,WH-LAG2,PRD-0165,97,97,0
2026-05-31,WH-IBD,PRD-0165,73,73,0
2026-05-31,WH-ABJ,PRD-0165,120,120,0
2026-05-31,WH-PHC,PRD-0165,35,35,0
2026-05-31,WH-LAG1,PRD-0166,158,158,0
2026-05-31,WH-LAG2,PRD-0166,100,100,0
2026-05-31,WH-IBD,PRD-0166,148,153,5
2026-05-31,WH-ABJ,PRD-0166,65,65,0
2026-05-31,WH-PHC,PRD-0166,175,173,-2
2026-05-31,WH-LAG1,PRD-0167,137,137,0
2026-05-31,WH-LAG2,PRD-0167,40,40,0
2026-05-31,WH-IBD,PRD-0167,66,64,-2
2026-05-31,WH-ABJ,PRD-0167,19,19,0
2026-05-31,WH-PHC,PRD-0167,63,63,0
2026-05-31,WH-LAG1,PRD-0168,20,19,-1
2026-05-31,WH-LAG2,PRD-0168,13,13,0
2026-05-31,WH-IBD,PRD-0168,31,31,0
2026-05-31,WH-ABJ,PRD-0168,5,5,0
2026-05-31,WH-PHC,PRD-0168,14,13,-1
2026-05-31,WH-LAG1,PRD-0169,63,63,0
2026-05-31,WH-LAG2,PRD-0169,38,38,0
2026-05-31,WH-IBD,PRD-0169,27,27,0
2026-05-31,WH-ABJ,PRD-0169,31,31,0
2026-05-31,WH-PHC,PRD-0169,60,60,0
2026-05-31,WH-LAG1,PRD-0170,107,107,0
2026-05-31,WH-LAG2,PRD-0170,84,84,0
2026-05-31,WH-IBD,PRD-0170,37,37,0
2026-05-31,WH-ABJ,PRD-0170,51,51,0
2026-05-31,WH-PHC,PRD-0170,42,42,0
2026-06-30,WH-LAG1,PRD-0001,47,47,0
2026-06-30,WH-LAG2,PRD-0001,27,27,0
2026-06-30,WH-IBD,PRD-0001,36,36,0
2026-06-30,WH-ABJ,PRD-0001,46,46,0
2026-06-30,WH-PHC,PRD-0001,29,29,0
2026-06-30,WH-LAG1,PRD-0002,46,46,0
2026-06-30,WH-LAG2,PRD-0002,32,32,0
2026-06-30,WH-IBD,PRD-0002,22,22,0
2026-06-30,WH-ABJ,PRD-0002,5,6,1
2026-06-30,WH-PHC,PRD-0002,23,23,0
2026-06-30,WH-LAG1,PRD-0003,26,26,0
2026-06-30,WH-LAG2,PRD-0003,28,28,0
2026-06-30,WH-IBD,PRD-0003,18,18,0
2026-06-30,WH-ABJ,PRD-0003,19,19,0
2026-06-30,WH-PHC,PRD-0003,18,18,0
2026-06-30,WH-LAG1,PRD-0004,167,167,0
2026-06-30,WH-LAG2,PRD-0004,147,142,-5
2026-06-30,WH-IBD,PRD-0004,130,130,0
2026-06-30,WH-ABJ,PRD-0004,210,210,0
2026-06-30,WH-PHC,PRD-0004,191,191,0
2026-06-30,WH-LAG1,PRD-0005,13,13,0
2026-06-30,WH-LAG2,PRD-0005,95,95,0
2026-06-30,WH-IBD,PRD-0005,56,56,0
2026-06-30,WH-ABJ,PRD-0005,42,42,0
2026-06-30,WH-PHC,PRD-0005,38,39,1
2026-06-30,WH-LAG1,PRD-0006,43,43,0
2026-06-30,WH-LAG2,PRD-0006,19,19,0
2026-06-30,WH-IBD,PRD-0006,30,29,-1
2026-06-30,WH-ABJ,PRD-0006,27,27,0
2026-06-30,WH-PHC,PRD-0006,32,31,-1
2026-06-30,WH-LAG1,PRD-0007,158,158,0
2026-06-30,WH-LAG2,PRD-0007,51,51,0
2026-06-30,WH-IBD,PRD-0007,120,120,0
2026-06-30,WH-ABJ,PRD-0007,59,59,0
2026-06-30,WH-PHC,PRD-0007,77,77,0
2026-06-30,WH-LAG1,PRD-0008,113,112,-1
2026-06-30,WH-LAG2,PRD-0008,28,27,-1
2026-06-30,WH-IBD,PRD-0008,40,40,0
2026-06-30,WH-ABJ,PRD-0008,20,20,0
2026-06-30,WH-PHC,PRD-0008,9,9,0
2026-06-30,WH-LAG1,PRD-0009,43,43,0
2026-06-30,WH-LAG2,PRD-0009,0,0,0
2026-06-30,WH-IBD,PRD-0009,23,23,0
2026-06-30,WH-ABJ,PRD-0009,16,16,0
2026-06-30,WH-PHC,PRD-0009,12,12,0
2026-06-30,WH-LAG1,PRD-0010,18,18,0
2026-06-30,WH-LAG2,PRD-0010,17,18,1
2026-06-30,WH-IBD,PRD-0010,10,10,0
2026-06-30,WH-ABJ,PRD-0010,21,21,0
2026-06-30,WH-PHC,PRD-0010,6,6,0
2026-06-30,WH-LAG1,PRD-0011,69,69,0
2026-06-30,WH-LAG2,PRD-0011,94,94,0
2026-06-30,WH-IBD,PRD-0011,93,93,0
2026-06-30,WH-ABJ,PRD-0011,123,123,0
2026-06-30,WH-PHC,PRD-0011,107,107,0
2026-06-30,WH-LAG1,PRD-0012,93,93,0
2026-06-30,WH-LAG2,PRD-0012,24,24,0
2026-06-30,WH-IBD,PRD-0012,46,46,0
2026-06-30,WH-ABJ,PRD-0012,32,32,0
2026-06-30,WH-PHC,PRD-0012,47,47,0
2026-06-30,WH-LAG1,PRD-0013,36,36,0
2026-06-30,WH-LAG2,PRD-0013,13,13,0
2026-06-30,WH-IBD,PRD-0013,13,13,0
2026-06-30,WH-ABJ,PRD-0013,36,36,0
2026-06-30,WH-PHC,PRD-0013,14,14,0
2026-06-30,WH-LAG1,PRD-0014,20,21,1
2026-06-30,WH-LAG2,PRD-0014,8,8,0
2026-06-30,WH-IBD,PRD-0014,12,12,0
2026-06-30,WH-ABJ,PRD-0014,20,20,0
2026-06-30,WH-PHC,PRD-0014,4,4,0
2026-06-30,WH-LAG1,PRD-0015,79,79,0
2026-06-30,WH-LAG2,PRD-0015,81,81,0
2026-06-30,WH-IBD,PRD-0015,64,64,0
2026-06-30,WH-ABJ,PRD-0015,12,12,0
2026-06-30,WH-PHC,PRD-0015,2,2,0
2026-06-30,WH-LAG1,PRD-0016,146,146,0
2026-06-30,WH-LAG2,PRD-0016,111,111,0
2026-06-30,WH-IBD,PRD-0016,129,129,0
2026-06-30,WH-ABJ,PRD-0016,120,120,0
2026-06-30,WH-PHC,PRD-0016,140,140,0
2026-06-30,WH-LAG1,PRD-0017,79,79,0
2026-06-30,WH-LAG2,PRD-0017,18,18,0
2026-06-30,WH-IBD,PRD-0017,18,18,0
2026-06-30,WH-ABJ,PRD-0017,48,48,0
2026-06-30,WH-PHC,PRD-0017,48,48,0
2026-06-30,WH-LAG1,PRD-0018,154,151,-3
2026-06-30,WH-LAG2,PRD-0018,49,49,0
2026-06-30,WH-IBD,PRD-0018,68,68,0
2026-06-30,WH-ABJ,PRD-0018,101,101,0
2026-06-30,WH-PHC,PRD-0018,44,44,0
2026-06-30,WH-LAG1,PRD-0019,142,142,0
2026-06-30,WH-LAG2,PRD-0019,68,68,0
2026-06-30,WH-IBD,PRD-0019,0,0,0
2026-06-30,WH-ABJ,PRD-0019,83,83,0
2026-06-30,WH-PHC,PRD-0019,16,16,0
2026-06-30,WH-LAG1,PRD-0020,213,213,0
2026-06-30,WH-LAG2,PRD-0020,33,33,0
2026-06-30,WH-IBD,PRD-0020,80,80,0
2026-06-30,WH-ABJ,PRD-0020,62,62,0
2026-06-30,WH-PHC,PRD-0020,97,97,0
2026-06-30,WH-LAG1,PRD-0021,76,76,0
2026-06-30,WH-LAG2,PRD-0021,31,31,0
2026-06-30,WH-IBD,PRD-0021,34,34,0
2026-06-30,WH-ABJ,PRD-0021,9,9,0
2026-06-30,WH-PHC,PRD-0021,22,23,1
2026-06-30,WH-LAG1,PRD-0022,14,14,0
2026-06-30,WH-LAG2,PRD-0022,14,14,0
2026-06-30,WH-IBD,PRD-0022,25,25,0
2026-06-30,WH-ABJ,PRD-0022,22,23,1
2026-06-30,WH-PHC,PRD-0022,27,27,0
2026-06-30,WH-LAG1,PRD-0023,109,109,0
2026-06-30,WH-LAG2,PRD-0023,55,55,0
2026-06-30,WH-IBD,PRD-0023,31,31,0
2026-06-30,WH-ABJ,PRD-0023,109,109,0
2026-06-30,WH-PHC,PRD-0023,69,69,0
2026-06-30,WH-LAG1,PRD-0024,40,40,0
2026-06-30,WH-LAG2,PRD-0024,32,33,1
2026-06-30,WH-IBD,PRD-0024,25,25,0
2026-06-30,WH-ABJ,PRD-0024,46,46,0
2026-06-30,WH-PHC,PRD-0024,26,26,0
2026-06-30,WH-LAG1,PRD-0025,63,63,0
2026-06-30,WH-LAG2,PRD-0025,48,48,0
2026-06-30,WH-IBD,PRD-0025,13,13,0
2026-06-30,WH-ABJ,PRD-0025,68,68,0
2026-06-30,WH-PHC,PRD-0025,70,71,1
2026-06-30,WH-LAG1,PRD-0026,110,110,0
2026-06-30,WH-LAG2,PRD-0026,31,31,0
2026-06-30,WH-IBD,PRD-0026,41,41,0
2026-06-30,WH-ABJ,PRD-0026,23,22,-1
2026-06-30,WH-PHC,PRD-0026,22,23,1
2026-06-30,WH-LAG1,PRD-0027,43,43,0
2026-06-30,WH-LAG2,PRD-0027,24,25,1
2026-06-30,WH-IBD,PRD-0027,17,17,0
2026-06-30,WH-ABJ,PRD-0027,31,31,0
2026-06-30,WH-PHC,PRD-0027,30,30,0
2026-06-30,WH-LAG1,PRD-0028,106,106,0
2026-06-30,WH-LAG2,PRD-0028,16,15,-1
2026-06-30,WH-IBD,PRD-0028,9,8,-1
2026-06-30,WH-ABJ,PRD-0028,77,77,0
2026-06-30,WH-PHC,PRD-0028,33,33,0
2026-06-30,WH-LAG1,PRD-0029,16,16,0
2026-06-30,WH-LAG2,PRD-0029,17,17,0
2026-06-30,WH-IBD,PRD-0029,33,33,0
2026-06-30,WH-ABJ,PRD-0029,27,27,0
2026-06-30,WH-PHC,PRD-0029,28,29,1
2026-06-30,WH-LAG1,PRD-0030,38,38,0
2026-06-30,WH-LAG2,PRD-0030,19,19,0
2026-06-30,WH-IBD,PRD-0030,5,5,0
2026-06-30,WH-ABJ,PRD-0030,18,18,0
2026-06-30,WH-PHC,PRD-0030,23,23,0
2026-06-30,WH-LAG1,PRD-0031,80,80,0
2026-06-30,WH-LAG2,PRD-0031,40,40,0
2026-06-30,WH-IBD,PRD-0031,77,77,0
2026-06-30,WH-ABJ,PRD-0031,116,116,0
2026-06-30,WH-PHC,PRD-0031,113,113,0
2026-06-30,WH-LAG1,PRD-0032,18,18,0
2026-06-30,WH-LAG2,PRD-0032,19,19,0
2026-06-30,WH-IBD,PRD-0032,30,30,0
2026-06-30,WH-ABJ,PRD-0032,7,7,0
2026-06-30,WH-PHC,PRD-0032,17,17,0
2026-06-30,WH-LAG1,PRD-0033,73,73,0
2026-06-30,WH-LAG2,PRD-0033,74,74,0
2026-06-30,WH-IBD,PRD-0033,38,37,-1
2026-06-30,WH-ABJ,PRD-0033,15,15,0
2026-06-30,WH-PHC,PRD-0033,56,56,0
2026-06-30,WH-LAG1,PRD-0034,62,62,0
2026-06-30,WH-LAG2,PRD-0034,32,32,0
2026-06-30,WH-IBD,PRD-0034,29,28,-1
2026-06-30,WH-ABJ,PRD-0034,15,15,0
2026-06-30,WH-PHC,PRD-0034,0,0,0
2026-06-30,WH-LAG1,PRD-0035,120,120,0
2026-06-30,WH-LAG2,PRD-0035,67,66,-1
2026-06-30,WH-IBD,PRD-0035,76,76,0
2026-06-30,WH-ABJ,PRD-0035,93,93,0
2026-06-30,WH-PHC,PRD-0035,60,60,0
2026-06-30,WH-LAG1,PRD-0036,3,2,-1
2026-06-30,WH-LAG2,PRD-0036,41,41,0
2026-06-30,WH-IBD,PRD-0036,29,29,0
2026-06-30,WH-ABJ,PRD-0036,5,6,1
2026-06-30,WH-PHC,PRD-0036,67,68,1
2026-06-30,WH-LAG1,PRD-0037,107,107,0
2026-06-30,WH-LAG2,PRD-0037,47,47,0
2026-06-30,WH-IBD,PRD-0037,6,6,0
2026-06-30,WH-ABJ,PRD-0037,106,106,0
2026-06-30,WH-PHC,PRD-0037,41,41,0
2026-06-30,WH-LAG1,PRD-0038,38,38,0
2026-06-30,WH-LAG2,PRD-0038,12,12,0
2026-06-30,WH-IBD,PRD-0038,29,29,0
2026-06-30,WH-ABJ,PRD-0038,21,22,1
2026-06-30,WH-PHC,PRD-0038,3,3,0
2026-06-30,WH-LAG1,PRD-0039,100,100,0
2026-06-30,WH-LAG2,PRD-0039,44,44,0
2026-06-30,WH-IBD,PRD-0039,44,44,0
2026-06-30,WH-ABJ,PRD-0039,176,176,0
2026-06-30,WH-PHC,PRD-0039,93,93,0
2026-06-30,WH-LAG1,PRD-0040,52,52,0
2026-06-30,WH-LAG2,PRD-0040,18,18,0
2026-06-30,WH-IBD,PRD-0040,31,31,0
2026-06-30,WH-ABJ,PRD-0040,14,14,0
2026-06-30,WH-PHC,PRD-0040,54,54,0
2026-06-30,WH-LAG1,PRD-0041,63,63,0
2026-06-30,WH-LAG2,PRD-0041,40,39,-1
2026-06-30,WH-IBD,PRD-0041,28,28,0
2026-06-30,WH-ABJ,PRD-0041,25,25,0
2026-06-30,WH-PHC,PRD-0041,63,63,0
2026-06-30,WH-LAG1,PRD-0042,10,10,0
2026-06-30,WH-LAG2,PRD-0042,17,17,0
2026-06-30,WH-IBD,PRD-0042,15,15,0
2026-06-30,WH-ABJ,PRD-0042,19,19,0
2026-06-30,WH-PHC,PRD-0042,12,12,0
2026-06-30,WH-LAG1,PRD-0043,66,66,0
2026-06-30,WH-LAG2,PRD-0043,49,49,0
2026-06-30,WH-IBD,PRD-0043,17,17,0
2026-06-30,WH-ABJ,PRD-0043,28,28,0
2026-06-30,WH-PHC,PRD-0043,21,21,0
2026-06-30,WH-LAG1,PRD-0044,9,9,0
2026-06-30,WH-LAG2,PRD-0044,6,5,-1
2026-06-30,WH-IBD,PRD-0044,18,18,0
2026-06-30,WH-ABJ,PRD-0044,13,13,0
2026-06-30,WH-PHC,PRD-0044,15,15,0
2026-06-30,WH-LAG1,PRD-0045,104,104,0
2026-06-30,WH-LAG2,PRD-0045,51,51,0
2026-06-30,WH-IBD,PRD-0045,89,89,0
2026-06-30,WH-ABJ,PRD-0045,98,98,0
2026-06-30,WH-PHC,PRD-0045,42,42,0
2026-06-30,WH-LAG1,PRD-0046,78,78,0
2026-06-30,WH-LAG2,PRD-0046,49,49,0
2026-06-30,WH-IBD,PRD-0046,44,45,1
2026-06-30,WH-ABJ,PRD-0046,51,51,0
2026-06-30,WH-PHC,PRD-0046,37,37,0
2026-06-30,WH-LAG1,PRD-0047,30,30,0
2026-06-30,WH-LAG2,PRD-0047,57,57,0
2026-06-30,WH-IBD,PRD-0047,73,73,0
2026-06-30,WH-ABJ,PRD-0047,88,88,0
2026-06-30,WH-PHC,PRD-0047,61,61,0
2026-06-30,WH-LAG1,PRD-0048,48,48,0
2026-06-30,WH-LAG2,PRD-0048,24,24,0
2026-06-30,WH-IBD,PRD-0048,66,66,0
2026-06-30,WH-ABJ,PRD-0048,43,43,0
2026-06-30,WH-PHC,PRD-0048,13,13,0
2026-06-30,WH-LAG1,PRD-0049,64,64,0
2026-06-30,WH-LAG2,PRD-0049,43,43,0
2026-06-30,WH-IBD,PRD-0049,18,18,0
2026-06-30,WH-ABJ,PRD-0049,51,51,0
2026-06-30,WH-PHC,PRD-0049,41,41,0
2026-06-30,WH-LAG1,PRD-0050,15,15,0
2026-06-30,WH-LAG2,PRD-0050,14,14,0
2026-06-30,WH-IBD,PRD-0050,43,43,0
2026-06-30,WH-ABJ,PRD-0050,16,16,0
2026-06-30,WH-PHC,PRD-0050,27,27,0
2026-06-30,WH-LAG1,PRD-0051,219,219,0
2026-06-30,WH-LAG2,PRD-0051,35,35,0
2026-06-30,WH-IBD,PRD-0051,74,76,2
2026-06-30,WH-ABJ,PRD-0051,191,189,-2
2026-06-30,WH-PHC,PRD-0051,153,153,0
2026-06-30,WH-LAG1,PRD-0052,40,40,0
2026-06-30,WH-LAG2,PRD-0052,16,16,0
2026-06-30,WH-IBD,PRD-0052,18,18,0
2026-06-30,WH-ABJ,PRD-0052,13,13,0
2026-06-30,WH-PHC,PRD-0052,18,18,0
2026-06-30,WH-LAG1,PRD-0053,36,36,0
2026-06-30,WH-LAG2,PRD-0053,10,10,0
2026-06-30,WH-IBD,PRD-0053,15,15,0
2026-06-30,WH-ABJ,PRD-0053,25,25,0
2026-06-30,WH-PHC,PRD-0053,8,8,0
2026-06-30,WH-LAG1,PRD-0054,40,40,0
2026-06-30,WH-LAG2,PRD-0054,50,50,0
2026-06-30,WH-IBD,PRD-0054,37,37,0
2026-06-30,WH-ABJ,PRD-0054,37,37,0
2026-06-30,WH-PHC,PRD-0054,11,10,-1
2026-06-30,WH-LAG1,PRD-0055,26,26,0
2026-06-30,WH-LAG2,PRD-0055,20,20,0
2026-06-30,WH-IBD,PRD-0055,34,34,0
2026-06-30,WH-ABJ,PRD-0055,0,0,0
2026-06-30,WH-PHC,PRD-0055,66,66,0
2026-06-30,WH-LAG1,PRD-0056,3,3,0
2026-06-30,WH-LAG2,PRD-0056,37,37,0
2026-06-30,WH-IBD,PRD-0056,40,40,0
2026-06-30,WH-ABJ,PRD-0056,46,46,0
2026-06-30,WH-PHC,PRD-0056,33,33,0
2026-06-30,WH-LAG1,PRD-0057,38,39,1
2026-06-30,WH-LAG2,PRD-0057,64,67,3
2026-06-30,WH-IBD,PRD-0057,76,76,0
2026-06-30,WH-ABJ,PRD-0057,93,94,1
2026-06-30,WH-PHC,PRD-0057,120,120,0
2026-06-30,WH-LAG1,PRD-0058,104,102,-2
2026-06-30,WH-LAG2,PRD-0058,31,31,0
2026-06-30,WH-IBD,PRD-0058,36,36,0
2026-06-30,WH-ABJ,PRD-0058,41,41,0
2026-06-30,WH-PHC,PRD-0058,37,37,0
2026-06-30,WH-LAG1,PRD-0059,97,97,0
2026-06-30,WH-LAG2,PRD-0059,14,14,0
2026-06-30,WH-IBD,PRD-0059,69,69,0
2026-06-30,WH-ABJ,PRD-0059,69,69,0
2026-06-30,WH-PHC,PRD-0059,13,13,0
2026-06-30,WH-LAG1,PRD-0060,282,282,0
2026-06-30,WH-LAG2,PRD-0060,82,82,0
2026-06-30,WH-IBD,PRD-0060,164,164,0
2026-06-30,WH-ABJ,PRD-0060,58,58,0
2026-06-30,WH-PHC,PRD-0060,107,107,0
2026-06-30,WH-LAG1,PRD-0061,172,172,0
2026-06-30,WH-LAG2,PRD-0061,26,26,0
2026-06-30,WH-IBD,PRD-0061,90,90,0
2026-06-30,WH-ABJ,PRD-0061,33,34,1
2026-06-30,WH-PHC,PRD-0061,134,134,0
2026-06-30,WH-LAG1,PRD-0062,127,127,0
2026-06-30,WH-LAG2,PRD-0062,31,31,0
2026-06-30,WH-IBD,PRD-0062,78,78,0
2026-06-30,WH-ABJ,PRD-0062,96,96,0
2026-06-30,WH-PHC,PRD-0062,67,67,0
2026-06-30,WH-LAG1,PRD-0063,62,62,0
2026-06-30,WH-LAG2,PRD-0063,65,65,0
2026-06-30,WH-IBD,PRD-0063,36,36,0
2026-06-30,WH-ABJ,PRD-0063,34,34,0
2026-06-30,WH-PHC,PRD-0063,63,63,0
2026-06-30,WH-LAG1,PRD-0064,154,154,0
2026-06-30,WH-LAG2,PRD-0064,41,41,0
2026-06-30,WH-IBD,PRD-0064,10,10,0
2026-06-30,WH-ABJ,PRD-0064,115,115,0
2026-06-30,WH-PHC,PRD-0064,43,43,0
2026-06-30,WH-LAG1,PRD-0065,34,34,0
2026-06-30,WH-LAG2,PRD-0065,27,28,1
2026-06-30,WH-IBD,PRD-0065,74,74,0
2026-06-30,WH-ABJ,PRD-0065,73,73,0
2026-06-30,WH-PHC,PRD-0065,131,131,0
2026-06-30,WH-LAG1,PRD-0066,6,6,0
2026-06-30,WH-LAG2,PRD-0066,8,8,0
2026-06-30,WH-IBD,PRD-0066,6,6,0
2026-06-30,WH-ABJ,PRD-0066,8,8,0
2026-06-30,WH-PHC,PRD-0066,11,11,0
2026-06-30,WH-LAG1,PRD-0067,64,64,0
2026-06-30,WH-LAG2,PRD-0067,36,36,0
2026-06-30,WH-IBD,PRD-0067,72,72,0
2026-06-30,WH-ABJ,PRD-0067,41,41,0
2026-06-30,WH-PHC,PRD-0067,34,34,0
2026-06-30,WH-LAG1,PRD-0068,147,140,-7
2026-06-30,WH-LAG2,PRD-0068,52,52,0
2026-06-30,WH-IBD,PRD-0068,74,74,0
2026-06-30,WH-ABJ,PRD-0068,14,14,0
2026-06-30,WH-PHC,PRD-0068,87,87,0
2026-06-30,WH-LAG1,PRD-0069,20,20,0
2026-06-30,WH-LAG2,PRD-0069,23,22,-1
2026-06-30,WH-IBD,PRD-0069,5,5,0
2026-06-30,WH-ABJ,PRD-0069,10,11,1
2026-06-30,WH-PHC,PRD-0069,22,22,0
2026-06-30,WH-LAG1,PRD-0070,101,101,0
2026-06-30,WH-LAG2,PRD-0070,10,10,0
2026-06-30,WH-IBD,PRD-0070,41,41,0
2026-06-30,WH-ABJ,PRD-0070,80,83,3
2026-06-30,WH-PHC,PRD-0070,41,41,0
2026-06-30,WH-LAG1,PRD-0071,22,22,0
2026-06-30,WH-LAG2,PRD-0071,1,1,0
2026-06-30,WH-IBD,PRD-0071,11,11,0
2026-06-30,WH-ABJ,PRD-0071,17,17,0
2026-06-30,WH-PHC,PRD-0071,18,18,0
2026-06-30,WH-LAG1,PRD-0072,17,17,0
2026-06-30,WH-LAG2,PRD-0072,45,45,0
2026-06-30,WH-IBD,PRD-0072,6,6,0
2026-06-30,WH-ABJ,PRD-0072,27,28,1
2026-06-30,WH-PHC,PRD-0072,0,0,0
2026-06-30,WH-LAG1,PRD-0073,7,8,1
2026-06-30,WH-LAG2,PRD-0073,19,19,0
2026-06-30,WH-IBD,PRD-0073,26,26,0
2026-06-30,WH-ABJ,PRD-0073,9,9,0
2026-06-30,WH-PHC,PRD-0073,5,5,0
2026-06-30,WH-LAG1,PRD-0074,76,76,0
2026-06-30,WH-LAG2,PRD-0074,61,61,0
2026-06-30,WH-IBD,PRD-0074,43,43,0
2026-06-30,WH-ABJ,PRD-0074,71,71,0
2026-06-30,WH-PHC,PRD-0074,66,66,0
2026-06-30,WH-LAG1,PRD-0075,54,54,0
2026-06-30,WH-LAG2,PRD-0075,35,35,0
2026-06-30,WH-IBD,PRD-0075,11,11,0
2026-06-30,WH-ABJ,PRD-0075,38,38,0
2026-06-30,WH-PHC,PRD-0075,31,31,0
2026-06-30,WH-LAG1,PRD-0076,200,200,0
2026-06-30,WH-LAG2,PRD-0076,117,117,0
2026-06-30,WH-IBD,PRD-0076,81,81,0
2026-06-30,WH-ABJ,PRD-0076,57,58,1
2026-06-30,WH-PHC,PRD-0076,53,51,-2
2026-06-30,WH-LAG1,PRD-0077,282,282,0
2026-06-30,WH-LAG2,PRD-0077,104,104,0
2026-06-30,WH-IBD,PRD-0077,119,119,0
2026-06-30,WH-ABJ,PRD-0077,229,233,4
2026-06-30,WH-PHC,PRD-0077,172,172,0
2026-06-30,WH-LAG1,PRD-0078,147,147,0
2026-06-30,WH-LAG2,PRD-0078,84,84,0
2026-06-30,WH-IBD,PRD-0078,18,18,0
2026-06-30,WH-ABJ,PRD-0078,34,34,0
2026-06-30,WH-PHC,PRD-0078,103,103,0
2026-06-30,WH-LAG1,PRD-0079,80,80,0
2026-06-30,WH-LAG2,PRD-0079,64,64,0
2026-06-30,WH-IBD,PRD-0079,31,31,0
2026-06-30,WH-ABJ,PRD-0079,61,61,0
2026-06-30,WH-PHC,PRD-0079,66,66,0
2026-06-30,WH-LAG1,PRD-0080,121,121,0
2026-06-30,WH-LAG2,PRD-0080,75,75,0
2026-06-30,WH-IBD,PRD-0080,36,36,0
2026-06-30,WH-ABJ,PRD-0080,80,80,0
2026-06-30,WH-PHC,PRD-0080,21,21,0
2026-06-30,WH-LAG1,PRD-0081,72,72,0
2026-06-30,WH-LAG2,PRD-0081,77,75,-2
2026-06-30,WH-IBD,PRD-0081,39,40,1
2026-06-30,WH-ABJ,PRD-0081,35,35,0
2026-06-30,WH-PHC,PRD-0081,98,95,-3
2026-06-30,WH-LAG1,PRD-0082,113,113,0
2026-06-30,WH-LAG2,PRD-0082,59,59,0
2026-06-30,WH-IBD,PRD-0082,82,82,0
2026-06-30,WH-ABJ,PRD-0082,116,116,0
2026-06-30,WH-PHC,PRD-0082,63,63,0
2026-06-30,WH-LAG1,PRD-0083,127,127,0
2026-06-30,WH-LAG2,PRD-0083,154,154,0
2026-06-30,WH-IBD,PRD-0083,159,159,0
2026-06-30,WH-ABJ,PRD-0083,105,105,0
2026-06-30,WH-PHC,PRD-0083,179,179,0
2026-06-30,WH-LAG1,PRD-0084,242,242,0
2026-06-30,WH-LAG2,PRD-0084,119,119,0
2026-06-30,WH-IBD,PRD-0084,109,109,0
2026-06-30,WH-ABJ,PRD-0084,105,105,0
2026-06-30,WH-PHC,PRD-0084,80,80,0
2026-06-30,WH-LAG1,PRD-0085,79,79,0
2026-06-30,WH-LAG2,PRD-0085,46,46,0
2026-06-30,WH-IBD,PRD-0085,28,28,0
2026-06-30,WH-ABJ,PRD-0085,61,59,-2
2026-06-30,WH-PHC,PRD-0085,35,35,0
2026-06-30,WH-LAG1,PRD-0086,135,135,0
2026-06-30,WH-LAG2,PRD-0086,268,268,0
2026-06-30,WH-IBD,PRD-0086,183,183,0
2026-06-30,WH-ABJ,PRD-0086,233,233,0
2026-06-30,WH-PHC,PRD-0086,204,207,3
2026-06-30,WH-LAG1,PRD-0087,16,16,0
2026-06-30,WH-LAG2,PRD-0087,16,16,0
2026-06-30,WH-IBD,PRD-0087,5,5,0
2026-06-30,WH-ABJ,PRD-0087,15,15,0
2026-06-30,WH-PHC,PRD-0087,21,21,0
2026-06-30,WH-LAG1,PRD-0088,30,30,0
2026-06-30,WH-LAG2,PRD-0088,49,49,0
2026-06-30,WH-IBD,PRD-0088,49,49,0
2026-06-30,WH-ABJ,PRD-0088,57,57,0
2026-06-30,WH-PHC,PRD-0088,54,54,0
2026-06-30,WH-LAG1,PRD-0089,54,54,0
2026-06-30,WH-LAG2,PRD-0089,57,57,0
2026-06-30,WH-IBD,PRD-0089,50,50,0
2026-06-30,WH-ABJ,PRD-0089,51,51,0
2026-06-30,WH-PHC,PRD-0089,67,67,0
2026-06-30,WH-LAG1,PRD-0090,449,449,0
2026-06-30,WH-LAG2,PRD-0090,563,583,20
2026-06-30,WH-IBD,PRD-0090,618,618,0
2026-06-30,WH-ABJ,PRD-0090,618,618,0
2026-06-30,WH-PHC,PRD-0090,680,692,12
2026-06-30,WH-LAG1,PRD-0091,110,110,0
2026-06-30,WH-LAG2,PRD-0091,245,245,0
2026-06-30,WH-IBD,PRD-0091,67,67,0
2026-06-30,WH-ABJ,PRD-0091,100,100,0
2026-06-30,WH-PHC,PRD-0091,68,68,0
2026-06-30,WH-LAG1,PRD-0092,44,44,0
2026-06-30,WH-LAG2,PRD-0092,22,22,0
2026-06-30,WH-IBD,PRD-0092,18,18,0
2026-06-30,WH-ABJ,PRD-0092,32,32,0
2026-06-30,WH-PHC,PRD-0092,23,23,0
2026-06-30,WH-LAG1,PRD-0093,87,87,0
2026-06-30,WH-LAG2,PRD-0093,412,417,5
2026-06-30,WH-IBD,PRD-0093,83,83,0
2026-06-30,WH-ABJ,PRD-0093,110,109,-1
2026-06-30,WH-PHC,PRD-0093,106,106,0
2026-06-30,WH-LAG1,PRD-0094,27,27,0
2026-06-30,WH-LAG2,PRD-0094,41,41,0
2026-06-30,WH-IBD,PRD-0094,26,26,0
2026-06-30,WH-ABJ,PRD-0094,26,26,0
2026-06-30,WH-PHC,PRD-0094,8,8,0
2026-06-30,WH-LAG1,PRD-0095,34,34,0
2026-06-30,WH-LAG2,PRD-0095,22,22,0
2026-06-30,WH-IBD,PRD-0095,22,22,0
2026-06-30,WH-ABJ,PRD-0095,20,20,0
2026-06-30,WH-PHC,PRD-0095,15,15,0
2026-06-30,WH-LAG1,PRD-0096,22,22,0
2026-06-30,WH-LAG2,PRD-0096,30,30,0
2026-06-30,WH-IBD,PRD-0096,6,6,0
2026-06-30,WH-ABJ,PRD-0096,5,5,0
2026-06-30,WH-PHC,PRD-0096,20,20,0
2026-06-30,WH-LAG1,PRD-0097,21,21,0
2026-06-30,WH-LAG2,PRD-0097,42,42,0
2026-06-30,WH-IBD,PRD-0097,11,11,0
2026-06-30,WH-ABJ,PRD-0097,39,39,0
2026-06-30,WH-PHC,PRD-0097,9,9,0
2026-06-30,WH-LAG1,PRD-0098,184,184,0
2026-06-30,WH-LAG2,PRD-0098,661,661,0
2026-06-30,WH-IBD,PRD-0098,130,130,0
2026-06-30,WH-ABJ,PRD-0098,223,223,0
2026-06-30,WH-PHC,PRD-0098,140,140,0
2026-06-30,WH-LAG1,PRD-0099,7,7,0
2026-06-30,WH-LAG2,PRD-0099,60,60,0
2026-06-30,WH-IBD,PRD-0099,36,36,0
2026-06-30,WH-ABJ,PRD-0099,9,9,0
2026-06-30,WH-PHC,PRD-0099,15,14,-1
2026-06-30,WH-LAG1,PRD-0100,300,300,0
2026-06-30,WH-LAG2,PRD-0100,820,820,0
2026-06-30,WH-IBD,PRD-0100,176,176,0
2026-06-30,WH-ABJ,PRD-0100,148,148,0
2026-06-30,WH-PHC,PRD-0100,175,175,0
2026-06-30,WH-LAG1,PRD-0101,55,55,0
2026-06-30,WH-LAG2,PRD-0101,61,61,0
2026-06-30,WH-IBD,PRD-0101,21,21,0
2026-06-30,WH-ABJ,PRD-0101,32,32,0
2026-06-30,WH-PHC,PRD-0101,14,14,0
2026-06-30,WH-LAG1,PRD-0102,112,114,2
2026-06-30,WH-LAG2,PRD-0102,276,276,0
2026-06-30,WH-IBD,PRD-0102,7,7,0
2026-06-30,WH-ABJ,PRD-0102,60,60,0
2026-06-30,WH-PHC,PRD-0102,43,43,0
2026-06-30,WH-LAG1,PRD-0103,188,188,0
2026-06-30,WH-LAG2,PRD-0103,168,168,0
2026-06-30,WH-IBD,PRD-0103,76,76,0
2026-06-30,WH-ABJ,PRD-0103,99,99,0
2026-06-30,WH-PHC,PRD-0103,54,52,-2
2026-06-30,WH-LAG1,PRD-0104,49,49,0
2026-06-30,WH-LAG2,PRD-0104,75,75,0
2026-06-30,WH-IBD,PRD-0104,25,25,0
2026-06-30,WH-ABJ,PRD-0104,23,23,0
2026-06-30,WH-PHC,PRD-0104,39,39,0
2026-06-30,WH-LAG1,PRD-0105,22,22,0
2026-06-30,WH-LAG2,PRD-0105,80,78,-2
2026-06-30,WH-IBD,PRD-0105,19,19,0
2026-06-30,WH-ABJ,PRD-0105,36,37,1
2026-06-30,WH-PHC,PRD-0105,29,29,0
2026-06-30,WH-LAG1,PRD-0106,29,29,0
2026-06-30,WH-LAG2,PRD-0106,30,30,0
2026-06-30,WH-IBD,PRD-0106,7,7,0
2026-06-30,WH-ABJ,PRD-0106,35,35,0
2026-06-30,WH-PHC,PRD-0106,10,10,0
2026-06-30,WH-LAG1,PRD-0107,30,30,0
2026-06-30,WH-LAG2,PRD-0107,9,9,0
2026-06-30,WH-IBD,PRD-0107,8,8,0
2026-06-30,WH-ABJ,PRD-0107,12,12,0
2026-06-30,WH-PHC,PRD-0107,27,27,0
2026-06-30,WH-LAG1,PRD-0108,137,137,0
2026-06-30,WH-LAG2,PRD-0108,505,505,0
2026-06-30,WH-IBD,PRD-0108,122,122,0
2026-06-30,WH-ABJ,PRD-0108,2,2,0
2026-06-30,WH-PHC,PRD-0108,117,117,0
2026-06-30,WH-LAG1,PRD-0109,50,50,0
2026-06-30,WH-LAG2,PRD-0109,58,58,0
2026-06-30,WH-IBD,PRD-0109,33,32,-1
2026-06-30,WH-ABJ,PRD-0109,17,18,1
2026-06-30,WH-PHC,PRD-0109,83,86,3
2026-06-30,WH-LAG1,PRD-0110,30,30,0
2026-06-30,WH-LAG2,PRD-0110,33,33,0
2026-06-30,WH-IBD,PRD-0110,20,20,0
2026-06-30,WH-ABJ,PRD-0110,29,28,-1
2026-06-30,WH-PHC,PRD-0110,17,17,0
2026-06-30,WH-LAG1,PRD-0111,55,55,0
2026-06-30,WH-LAG2,PRD-0111,71,74,3
2026-06-30,WH-IBD,PRD-0111,55,55,0
2026-06-30,WH-ABJ,PRD-0111,72,72,0
2026-06-30,WH-PHC,PRD-0111,70,70,0
2026-06-30,WH-LAG1,PRD-0112,49,49,0
2026-06-30,WH-LAG2,PRD-0112,15,15,0
2026-06-30,WH-IBD,PRD-0112,21,21,0
2026-06-30,WH-ABJ,PRD-0112,28,28,0
2026-06-30,WH-PHC,PRD-0112,21,21,0
2026-06-30,WH-LAG1,PRD-0113,100,100,0
2026-06-30,WH-LAG2,PRD-0113,118,118,0
2026-06-30,WH-IBD,PRD-0113,62,62,0
2026-06-30,WH-ABJ,PRD-0113,121,121,0
2026-06-30,WH-PHC,PRD-0113,95,95,0
2026-06-30,WH-LAG1,PRD-0114,26,26,0
2026-06-30,WH-LAG2,PRD-0114,20,20,0
2026-06-30,WH-IBD,PRD-0114,4,4,0
2026-06-30,WH-ABJ,PRD-0114,20,20,0
2026-06-30,WH-PHC,PRD-0114,15,15,0
2026-06-30,WH-LAG1,PRD-0115,138,138,0
2026-06-30,WH-LAG2,PRD-0115,82,82,0
2026-06-30,WH-IBD,PRD-0115,93,91,-2
2026-06-30,WH-ABJ,PRD-0115,29,28,-1
2026-06-30,WH-PHC,PRD-0115,37,37,0
2026-06-30,WH-LAG1,PRD-0116,79,79,0
2026-06-30,WH-LAG2,PRD-0116,11,11,0
2026-06-30,WH-IBD,PRD-0116,23,23,0
2026-06-30,WH-ABJ,PRD-0116,19,19,0
2026-06-30,WH-PHC,PRD-0116,48,48,0
2026-06-30,WH-LAG1,PRD-0117,82,82,0
2026-06-30,WH-LAG2,PRD-0117,69,67,-2
2026-06-30,WH-IBD,PRD-0117,74,74,0
2026-06-30,WH-ABJ,PRD-0117,60,60,0
2026-06-30,WH-PHC,PRD-0117,74,74,0
2026-06-30,WH-LAG1,PRD-0118,348,348,0
2026-06-30,WH-LAG2,PRD-0118,103,104,1
2026-06-30,WH-IBD,PRD-0118,59,59,0
2026-06-30,WH-ABJ,PRD-0118,19,19,0
2026-06-30,WH-PHC,PRD-0118,119,119,0
2026-06-30,WH-LAG1,PRD-0119,0,0,0
2026-06-30,WH-LAG2,PRD-0119,14,14,0
2026-06-30,WH-IBD,PRD-0119,9,9,0
2026-06-30,WH-ABJ,PRD-0119,10,10,0
2026-06-30,WH-PHC,PRD-0119,15,15,0
2026-06-30,WH-LAG1,PRD-0120,75,75,0
2026-06-30,WH-LAG2,PRD-0120,51,51,0
2026-06-30,WH-IBD,PRD-0120,101,101,0
2026-06-30,WH-ABJ,PRD-0120,74,74,0
2026-06-30,WH-PHC,PRD-0120,183,183,0
2026-06-30,WH-LAG1,PRD-0121,218,218,0
2026-06-30,WH-LAG2,PRD-0121,161,161,0
2026-06-30,WH-IBD,PRD-0121,130,131,1
2026-06-30,WH-ABJ,PRD-0121,184,184,0
2026-06-30,WH-PHC,PRD-0121,46,47,1
2026-06-30,WH-LAG1,PRD-0122,196,196,0
2026-06-30,WH-LAG2,PRD-0122,111,111,0
2026-06-30,WH-IBD,PRD-0122,107,107,0
2026-06-30,WH-ABJ,PRD-0122,93,93,0
2026-06-30,WH-PHC,PRD-0122,64,64,0
2026-06-30,WH-LAG1,PRD-0123,7,7,0
2026-06-30,WH-LAG2,PRD-0123,66,66,0
2026-06-30,WH-IBD,PRD-0123,54,54,0
2026-06-30,WH-ABJ,PRD-0123,88,88,0
2026-06-30,WH-PHC,PRD-0123,0,0,0
2026-06-30,WH-LAG1,PRD-0124,51,51,0
2026-06-30,WH-LAG2,PRD-0124,32,32,0
2026-06-30,WH-IBD,PRD-0124,57,57,0
2026-06-30,WH-ABJ,PRD-0124,9,9,0
2026-06-30,WH-PHC,PRD-0124,27,27,0
2026-06-30,WH-LAG1,PRD-0125,566,566,0
2026-06-30,WH-LAG2,PRD-0125,295,295,0
2026-06-30,WH-IBD,PRD-0125,398,398,0
2026-06-30,WH-ABJ,PRD-0125,398,398,0
2026-06-30,WH-PHC,PRD-0125,270,270,0
2026-06-30,WH-LAG1,PRD-0126,35,35,0
2026-06-30,WH-LAG2,PRD-0126,33,33,0
2026-06-30,WH-IBD,PRD-0126,46,46,0
2026-06-30,WH-ABJ,PRD-0126,11,11,0
2026-06-30,WH-PHC,PRD-0126,78,79,1
2026-06-30,WH-LAG1,PRD-0127,83,83,0
2026-06-30,WH-LAG2,PRD-0127,45,45,0
2026-06-30,WH-IBD,PRD-0127,50,50,0
2026-06-30,WH-ABJ,PRD-0127,49,49,0
2026-06-30,WH-PHC,PRD-0127,45,45,0
2026-06-30,WH-LAG1,PRD-0128,98,98,0
2026-06-30,WH-LAG2,PRD-0128,78,78,0
2026-06-30,WH-IBD,PRD-0128,30,30,0
2026-06-30,WH-ABJ,PRD-0128,87,87,0
2026-06-30,WH-PHC,PRD-0128,82,82,0
2026-06-30,WH-LAG1,PRD-0129,19,19,0
2026-06-30,WH-LAG2,PRD-0129,17,17,0
2026-06-30,WH-IBD,PRD-0129,10,10,0
2026-06-30,WH-ABJ,PRD-0129,11,10,-1
2026-06-30,WH-PHC,PRD-0129,8,8,0
2026-06-30,WH-LAG1,PRD-0130,36,36,0
2026-06-30,WH-LAG2,PRD-0130,39,39,0
2026-06-30,WH-IBD,PRD-0130,12,12,0
2026-06-30,WH-ABJ,PRD-0130,56,56,0
2026-06-30,WH-PHC,PRD-0130,37,38,1
2026-06-30,WH-LAG1,PRD-0131,116,116,0
2026-06-30,WH-LAG2,PRD-0131,65,65,0
2026-06-30,WH-IBD,PRD-0131,104,104,0
2026-06-30,WH-ABJ,PRD-0131,52,54,2
2026-06-30,WH-PHC,PRD-0131,73,73,0
2026-06-30,WH-LAG1,PRD-0132,72,72,0
2026-06-30,WH-LAG2,PRD-0132,55,55,0
2026-06-30,WH-IBD,PRD-0132,37,36,-1
2026-06-30,WH-ABJ,PRD-0132,41,42,1
2026-06-30,WH-PHC,PRD-0132,54,54,0
2026-06-30,WH-LAG1,PRD-0133,24,23,-1
2026-06-30,WH-LAG2,PRD-0133,13,13,0
2026-06-30,WH-IBD,PRD-0133,6,6,0
2026-06-30,WH-ABJ,PRD-0133,43,43,0
2026-06-30,WH-PHC,PRD-0133,35,35,0
2026-06-30,WH-LAG1,PRD-0134,14,15,1
2026-06-30,WH-LAG2,PRD-0134,22,22,0
2026-06-30,WH-IBD,PRD-0134,5,5,0
2026-06-30,WH-ABJ,PRD-0134,22,23,1
2026-06-30,WH-PHC,PRD-0134,37,37,0
2026-06-30,WH-LAG1,PRD-0135,344,344,0
2026-06-30,WH-LAG2,PRD-0135,205,205,0
2026-06-30,WH-IBD,PRD-0135,118,118,0
2026-06-30,WH-ABJ,PRD-0135,107,107,0
2026-06-30,WH-PHC,PRD-0135,122,122,0
2026-06-30,WH-LAG1,PRD-0136,59,59,0
2026-06-30,WH-LAG2,PRD-0136,21,21,0
2026-06-30,WH-IBD,PRD-0136,68,68,0
2026-06-30,WH-ABJ,PRD-0136,64,64,0
2026-06-30,WH-PHC,PRD-0136,18,18,0
2026-06-30,WH-LAG1,PRD-0137,116,116,0
2026-06-30,WH-LAG2,PRD-0137,13,13,0
2026-06-30,WH-IBD,PRD-0137,0,0,0
2026-06-30,WH-ABJ,PRD-0137,78,78,0
2026-06-30,WH-PHC,PRD-0137,15,15,0
2026-06-30,WH-LAG1,PRD-0138,155,155,0
2026-06-30,WH-LAG2,PRD-0138,31,31,0
2026-06-30,WH-IBD,PRD-0138,15,15,0
2026-06-30,WH-ABJ,PRD-0138,120,120,0
2026-06-30,WH-PHC,PRD-0138,45,45,0
2026-06-30,WH-LAG1,PRD-0139,44,44,0
2026-06-30,WH-LAG2,PRD-0139,66,66,0
2026-06-30,WH-IBD,PRD-0139,47,47,0
2026-06-30,WH-ABJ,PRD-0139,72,72,0
2026-06-30,WH-PHC,PRD-0139,68,69,1
2026-06-30,WH-LAG1,PRD-0140,50,50,0
2026-06-30,WH-LAG2,PRD-0140,34,34,0
2026-06-30,WH-IBD,PRD-0140,10,10,0
2026-06-30,WH-ABJ,PRD-0140,40,40,0
2026-06-30,WH-PHC,PRD-0140,9,9,0
2026-06-30,WH-LAG1,PRD-0141,61,61,0
2026-06-30,WH-LAG2,PRD-0141,11,12,1
2026-06-30,WH-IBD,PRD-0141,42,42,0
2026-06-30,WH-ABJ,PRD-0141,22,22,0
2026-06-30,WH-PHC,PRD-0141,63,63,0
2026-06-30,WH-LAG1,PRD-0142,101,102,1
2026-06-30,WH-LAG2,PRD-0142,71,71,0
2026-06-30,WH-IBD,PRD-0142,116,116,0
2026-06-30,WH-ABJ,PRD-0142,160,160,0
2026-06-30,WH-PHC,PRD-0142,99,99,0
2026-06-30,WH-LAG1,PRD-0143,39,39,0
2026-06-30,WH-LAG2,PRD-0143,24,24,0
2026-06-30,WH-IBD,PRD-0143,45,45,0
2026-06-30,WH-ABJ,PRD-0143,30,30,0
2026-06-30,WH-PHC,PRD-0143,26,26,0
2026-06-30,WH-LAG1,PRD-0144,73,73,0
2026-06-30,WH-LAG2,PRD-0144,72,72,0
2026-06-30,WH-IBD,PRD-0144,3,3,0
2026-06-30,WH-ABJ,PRD-0144,33,33,0
2026-06-30,WH-PHC,PRD-0144,50,50,0
2026-06-30,WH-LAG1,PRD-0145,115,110,-5
2026-06-30,WH-LAG2,PRD-0145,12,12,0
2026-06-30,WH-IBD,PRD-0145,64,64,0
2026-06-30,WH-ABJ,PRD-0145,78,78,0
2026-06-30,WH-PHC,PRD-0145,33,33,0
2026-06-30,WH-LAG1,PRD-0146,2,2,0
2026-06-30,WH-LAG2,PRD-0146,41,42,1
2026-06-30,WH-IBD,PRD-0146,43,44,1
2026-06-30,WH-ABJ,PRD-0146,58,58,0
2026-06-30,WH-PHC,PRD-0146,38,38,0
2026-06-30,WH-LAG1,PRD-0147,66,66,0
2026-06-30,WH-LAG2,PRD-0147,49,49,0
2026-06-30,WH-IBD,PRD-0147,34,34,0
2026-06-30,WH-ABJ,PRD-0147,59,59,0
2026-06-30,WH-PHC,PRD-0147,18,18,0
2026-06-30,WH-LAG1,PRD-0148,32,32,0
2026-06-30,WH-LAG2,PRD-0148,55,55,0
2026-06-30,WH-IBD,PRD-0148,44,44,0
2026-06-30,WH-ABJ,PRD-0148,14,14,0
2026-06-30,WH-PHC,PRD-0148,44,44,0
2026-06-30,WH-LAG1,PRD-0149,63,63,0
2026-06-30,WH-LAG2,PRD-0149,21,21,0
2026-06-30,WH-IBD,PRD-0149,9,9,0
2026-06-30,WH-ABJ,PRD-0149,8,7,-1
2026-06-30,WH-PHC,PRD-0149,18,18,0
2026-06-30,WH-LAG1,PRD-0150,95,95,0
2026-06-30,WH-LAG2,PRD-0150,98,99,1
2026-06-30,WH-IBD,PRD-0150,15,15,0
2026-06-30,WH-ABJ,PRD-0150,51,51,0
2026-06-30,WH-PHC,PRD-0150,22,22,0
2026-06-30,WH-LAG1,PRD-0151,1466,1466,0
2026-06-30,WH-LAG2,PRD-0151,189,189,0
2026-06-30,WH-IBD,PRD-0151,399,399,0
2026-06-30,WH-ABJ,PRD-0151,483,483,0
2026-06-30,WH-PHC,PRD-0151,157,157,0
2026-06-30,WH-LAG1,PRD-0152,39,40,1
2026-06-30,WH-LAG2,PRD-0152,70,70,0
2026-06-30,WH-IBD,PRD-0152,34,33,-1
2026-06-30,WH-ABJ,PRD-0152,32,33,1
2026-06-30,WH-PHC,PRD-0152,70,70,0
2026-06-30,WH-LAG1,PRD-0153,162,162,0
2026-06-30,WH-LAG2,PRD-0153,177,177,0
2026-06-30,WH-IBD,PRD-0153,50,50,0
2026-06-30,WH-ABJ,PRD-0153,149,149,0
2026-06-30,WH-PHC,PRD-0153,115,115,0
2026-06-30,WH-LAG1,PRD-0154,86,86,0
2026-06-30,WH-LAG2,PRD-0154,56,56,0
2026-06-30,WH-IBD,PRD-0154,26,27,1
2026-06-30,WH-ABJ,PRD-0154,23,22,-1
2026-06-30,WH-PHC,PRD-0154,27,27,0
2026-06-30,WH-LAG1,PRD-0155,83,85,2
2026-06-30,WH-LAG2,PRD-0155,69,69,0
2026-06-30,WH-IBD,PRD-0155,31,31,0
2026-06-30,WH-ABJ,PRD-0155,85,85,0
2026-06-30,WH-PHC,PRD-0155,41,41,0
2026-06-30,WH-LAG1,PRD-0156,158,158,0
2026-06-30,WH-LAG2,PRD-0156,150,150,0
2026-06-30,WH-IBD,PRD-0156,115,115,0
2026-06-30,WH-ABJ,PRD-0156,152,152,0
2026-06-30,WH-PHC,PRD-0156,39,40,1
2026-06-30,WH-LAG1,PRD-0157,100,100,0
2026-06-30,WH-LAG2,PRD-0157,46,46,0
2026-06-30,WH-IBD,PRD-0157,54,54,0
2026-06-30,WH-ABJ,PRD-0157,56,56,0
2026-06-30,WH-PHC,PRD-0157,23,23,0
2026-06-30,WH-LAG1,PRD-0158,49,51,2
2026-06-30,WH-LAG2,PRD-0158,11,11,0
2026-06-30,WH-IBD,PRD-0158,17,17,0
2026-06-30,WH-ABJ,PRD-0158,11,11,0
2026-06-30,WH-PHC,PRD-0158,15,15,0
2026-06-30,WH-LAG1,PRD-0159,37,37,0
2026-06-30,WH-LAG2,PRD-0159,0,0,0
2026-06-30,WH-IBD,PRD-0159,38,38,0
2026-06-30,WH-ABJ,PRD-0159,57,57,0
2026-06-30,WH-PHC,PRD-0159,47,47,0
2026-06-30,WH-LAG1,PRD-0160,254,254,0
2026-06-30,WH-LAG2,PRD-0160,64,64,0
2026-06-30,WH-IBD,PRD-0160,85,85,0
2026-06-30,WH-ABJ,PRD-0160,215,215,0
2026-06-30,WH-PHC,PRD-0160,74,74,0
2026-06-30,WH-LAG1,PRD-0161,673,673,0
2026-06-30,WH-LAG2,PRD-0161,140,140,0
2026-06-30,WH-IBD,PRD-0161,114,114,0
2026-06-30,WH-ABJ,PRD-0161,296,296,0
2026-06-30,WH-PHC,PRD-0161,180,180,0
2026-06-30,WH-LAG1,PRD-0162,22,22,0
2026-06-30,WH-LAG2,PRD-0162,15,15,0
2026-06-30,WH-IBD,PRD-0162,33,33,0
2026-06-30,WH-ABJ,PRD-0162,42,42,0
2026-06-30,WH-PHC,PRD-0162,62,63,1
2026-06-30,WH-LAG1,PRD-0163,35,35,0
2026-06-30,WH-LAG2,PRD-0163,42,42,0
2026-06-30,WH-IBD,PRD-0163,67,67,0
2026-06-30,WH-ABJ,PRD-0163,84,84,0
2026-06-30,WH-PHC,PRD-0163,41,41,0
2026-06-30,WH-LAG1,PRD-0164,37,37,0
2026-06-30,WH-LAG2,PRD-0164,45,45,0
2026-06-30,WH-IBD,PRD-0164,58,58,0
2026-06-30,WH-ABJ,PRD-0164,21,21,0
2026-06-30,WH-PHC,PRD-0164,7,7,0
2026-06-30,WH-LAG1,PRD-0165,300,300,0
2026-06-30,WH-LAG2,PRD-0165,57,56,-1
2026-06-30,WH-IBD,PRD-0165,40,40,0
2026-06-30,WH-ABJ,PRD-0165,50,50,0
2026-06-30,WH-PHC,PRD-0165,183,183,0
2026-06-30,WH-LAG1,PRD-0166,131,131,0
2026-06-30,WH-LAG2,PRD-0166,54,54,0
2026-06-30,WH-IBD,PRD-0166,134,131,-3
2026-06-30,WH-ABJ,PRD-0166,215,215,0
2026-06-30,WH-PHC,PRD-0166,130,130,0
2026-06-30,WH-LAG1,PRD-0167,125,125,0
2026-06-30,WH-LAG2,PRD-0167,40,39,-1
2026-06-30,WH-IBD,PRD-0167,61,61,0
2026-06-30,WH-ABJ,PRD-0167,19,19,0
2026-06-30,WH-PHC,PRD-0167,30,30,0
2026-06-30,WH-LAG1,PRD-0168,12,12,0
2026-06-30,WH-LAG2,PRD-0168,13,13,0
2026-06-30,WH-IBD,PRD-0168,13,12,-1
2026-06-30,WH-ABJ,PRD-0168,15,15,0
2026-06-30,WH-PHC,PRD-0168,35,35,0
2026-06-30,WH-LAG1,PRD-0169,40,40,0
2026-06-30,WH-LAG2,PRD-0169,38,38,0
2026-06-30,WH-IBD,PRD-0169,22,23,1
2026-06-30,WH-ABJ,PRD-0169,31,31,0
2026-06-30,WH-PHC,PRD-0169,43,43,0
2026-06-30,WH-LAG1,PRD-0170,64,64,0
2026-06-30,WH-LAG2,PRD-0170,84,84,0
2026-06-30,WH-IBD,PRD-0170,35,35,0
2026-06-30,WH-ABJ,PRD-0170,51,51,0
2026-06-30,WH-PHC,PRD-0170,18,18,0
